invocation,candidate,label,t_us,overflow
0,1,0,6989362,0
0,1,1,6995452,0
0,1,2,6996906,0
0,1,3,6998328,0
0,1,8,6999966,0
1,1,0,7029615,0
1,1,1,7035705,0
1,1,2,7037158,0
1,1,3,7038581,0
1,1,8,7040218,0
2,1,0,7069476,0
2,1,1,7075566,0
2,1,4,7077015,0
2,2,0,7077016,0
2,2,1,7083050,0
2,2,2,7084504,0
2,2,3,7085926,0
2,2,8,7087564,0
3,1,0,7122811,0
3,1,1,7128896,0
3,1,2,7130350,0
3,1,3,7131773,0
3,1,8,7133414,0
4,1,0,7162683,0
4,1,1,7168773,0
4,1,2,7170227,0
4,1,3,7171653,0
4,1,5,7171676,0
4,2,0,7171677,0
4,2,1,7177711,0
4,2,4,7179141,0
4,3,0,7179142,0
4,3,1,7185176,0
4,3,2,7186630,0
4,3,3,7188045,0
4,3,5,7188047,0
4,4,0,7188048,0
4,4,1,7194083,0
4,4,4,7195519,0
4,5,0,7195520,0
4,5,1,7201550,0
4,5,2,7203008,0
4,5,3,7204423,0
4,5,8,7206060,0
5,1,0,7267257,0
5,1,1,7273347,0
5,1,2,7274800,0
5,1,3,7276223,0
5,1,5,7276249,0
5,2,0,7276250,0
5,2,1,7282281,0
5,2,2,7283738,0
5,2,3,7285153,0
5,2,8,7286790,0
6,1,0,7326026,0
6,1,1,7332112,0
6,1,2,7333569,0
6,1,3,7334992,0
6,1,8,7336629,0
7,1,0,7365882,0
7,1,1,7371968,0
7,1,2,7373426,0
7,1,3,7374848,0
7,1,8,7376486,0
8,1,0,7405750,0
8,1,1,7411848,0
8,1,4,7413273,0
8,2,0,7413274,0
8,2,1,7419304,0
8,2,2,7420758,0
8,2,3,7422180,0
8,2,5,7422190,0
8,3,0,7422190,0
8,3,1,7428225,0
8,3,4,7429660,0
8,4,0,7429661,0
8,4,1,7435696,0
8,4,4,7437134,0
8,5,0,7437135,0
8,5,1,7443169,0
8,5,2,7444623,0
8,5,3,7446037,0
8,5,5,7446040,0
8,6,0,7446040,0
8,6,1,7452071,0
8,6,2,7453528,0
8,6,3,7454943,0
8,6,5,7454981,0
8,7,0,7454982,0
8,7,1,7461013,0
8,7,4,7462440,0
8,8,0,7462441,0
8,8,1,7468475,0
8,8,4,7469896,0
8,9,0,7469897,0
8,9,1,7475932,0
8,9,4,7477385,0
8,10,0,7477386,0
8,10,1,7483420,0
8,10,4,7484857,0
8,11,0,7484858,0
8,11,1,7490889,0
8,11,2,7492342,0
8,11,3,7493761,0
8,11,5,7493787,0
8,12,0,7493788,0
8,12,1,7499819,0
8,12,4,7501235,0
8,13,0,7501236,0
8,13,1,7507271,0
8,13,4,7508697,0
8,14,0,7508698,0
8,14,1,7514732,0
8,14,4,7516159,0
8,15,0,7516160,0
8,15,1,7522191,0
8,15,2,7523648,0
8,15,3,7525063,0
8,15,8,7526700,0
9,1,0,7657973,0
9,1,1,7664063,0
9,1,2,7665517,0
9,1,3,7666939,0
9,1,5,7666966,0
9,2,0,7666967,0
9,2,1,7673001,0
9,2,2,7674455,0
9,2,3,7675870,0
9,2,5,7675905,0
9,3,0,7675906,0
9,3,1,7681936,0
9,3,4,7683383,0
9,4,0,7683384,0
9,4,1,7689414,0
9,4,4,7690837,0
9,5,0,7690838,0
9,5,1,7696873,0
9,5,2,7698326,0
9,5,3,7699741,0
9,5,5,7699764,0
9,6,0,7699764,0
9,6,1,7705799,0
9,6,2,7707253,0
9,6,3,7708667,0
9,6,5,7708692,0
9,7,0,7708693,0
9,7,1,7714727,0
9,7,4,7716149,0
9,8,0,7716150,0
9,8,1,7722181,0
9,8,2,7723638,0
9,8,3,7725053,0
9,8,5,7725074,0
9,9,0,7725074,0
9,9,1,7731105,0
9,9,2,7732559,0
9,9,3,7733978,0
9,9,8,7735615,0
10,1,0,7832766,0
10,1,1,7838863,0
10,1,4,7840293,0
10,2,0,7840294,0
10,2,1,7846328,0
10,2,4,7847749,0
10,3,0,7847750,0
10,3,1,7853784,0
10,3,2,7855237,0
10,3,3,7856660,0
10,3,5,7856672,0
10,4,0,7856673,0
10,4,1,7862708,0
10,4,4,7864152,0
10,5,0,7864153,0
10,5,1,7870184,0
10,5,4,7871616,0
10,6,0,7871617,0
10,6,1,7877652,0
10,6,2,7879105,0
10,6,3,7880520,0
10,6,5,7880523,0
10,7,0,7880523,0
10,7,1,7886558,0
10,7,4,7887988,0
10,8,0,7887989,0
10,8,1,7894024,0
10,8,4,7895470,0
10,9,0,7895471,0
10,9,1,7901502,0
10,9,4,7902942,0
10,10,0,7902943,0
10,10,1,7908973,0
10,10,2,7910426,0
10,10,3,7911841,0
10,10,5,7911865,0
10,11,0,7911866,0
10,11,1,7917900,0
10,11,2,7919353,0
10,11,3,7920768,0
10,11,5,7920789,0
10,12,0,7920790,0
10,12,1,7926825,0
10,12,4,7928243,0
10,13,0,7928244,0
10,13,1,7934279,0
10,13,2,7935732,0
10,13,3,7937147,0
10,13,5,7937186,0
10,14,0,7937187,0
10,14,1,7943221,0
10,14,2,7944675,0
10,14,3,7946090,0
10,14,8,7947727,0
11,1,0,8081854,0
11,1,1,8087943,0
11,1,2,8089397,0
11,1,3,8090820,0
11,1,8,8092457,0
12,1,0,8122335,0
12,1,1,8128437,0
12,1,2,8129890,0
12,1,3,8131313,0
12,1,5,8131322,0
12,2,0,8131323,0
12,2,1,8137357,0
12,2,4,8138789,0
12,3,0,8138789,0
12,3,1,8144824,0
12,3,4,8146266,0
12,4,0,8146267,0
12,4,1,8152297,0
12,4,4,8153752,0
12,5,0,8153752,0
12,5,1,8159783,0
12,5,2,8161236,0
12,5,3,8162651,0
12,5,8,8164292,0
13,1,0,8223337,0
13,1,1,8229423,0
13,1,4,8230862,0
13,2,0,8230863,0
13,2,1,8236897,0
13,2,4,8238326,0
13,3,0,8238327,0
13,3,1,8244362,0
13,3,2,8245815,0
13,3,3,8247238,0
13,3,8,8248875,0
14,1,0,8291253,0
14,1,1,8297355,0
14,1,4,8298773,0
14,2,0,8298774,0
14,2,1,8304809,0
14,2,2,8306262,0
14,2,3,8307685,0
14,2,5,8307689,0
14,3,0,8307690,0
14,3,1,8313724,0
14,3,4,8315144,0
14,4,0,8315145,0
14,4,1,8321175,0
14,4,2,8322629,0
14,4,3,8324047,0
14,4,8,8325685,0
15,1,0,8378475,0
15,1,1,8384565,0
15,1,2,8386019,0
15,1,3,8387441,0
15,1,8,8389079,0
16,1,0,8418945,0
16,1,1,8425035,0
16,1,2,8426488,0
16,1,3,8427911,0
16,1,5,8427920,0
16,2,0,8427920,0
16,2,1,8433955,0
16,2,4,8435406,0
16,3,0,8435407,0
16,3,1,8441437,0
16,3,4,8442893,0
16,4,0,8442893,0
16,4,1,8448924,0
16,4,2,8450377,0
16,4,3,8451792,0
16,4,5,8451794,0
16,5,0,8451794,0
16,5,1,8457829,0
16,5,4,8459277,0
16,6,0,8459277,0
16,6,1,8465312,0
16,6,2,8466766,0
16,6,3,8468180,0
16,6,8,8469818,0
17,1,0,8539267,0
17,1,1,8545357,0
17,1,2,8546811,0
17,1,3,8548233,0
17,1,5,8548253,0
17,2,0,8548254,0
17,2,1,8554289,0
17,2,2,8555742,0
17,2,3,8557157,0
17,2,5,8557167,0
17,3,0,8557168,0
17,3,1,8563202,0
17,3,2,8564656,0
17,3,3,8566070,0
17,3,5,8566082,0
17,4,0,8566083,0
17,4,1,8572113,0
17,4,2,8573571,0
17,4,3,8574986,0
17,4,5,8574989,0
17,5,0,8574990,0
17,5,1,8581020,0
17,5,2,8582474,0
17,5,3,8583893,0
17,5,8,8585530,0
18,1,0,8657070,0
18,1,1,8663172,0
18,1,2,8664626,0
18,1,3,8666048,0
18,1,5,8666075,0
18,2,0,8666076,0
18,2,1,8672106,0
18,2,4,8673558,0
18,3,0,8673559,0
18,3,1,8679589,0
18,3,4,8681019,0
18,4,0,8681019,0
18,4,1,8687054,0
18,4,2,8688508,0
18,4,3,8689922,0
18,4,8,8691560,0
19,1,0,8744355,0
19,1,1,8750441,0
19,1,2,8751894,0
19,1,3,8753321,0
19,1,5,8753346,0
19,2,0,8753347,0
19,2,1,8759378,0
19,2,2,8760831,0
19,2,3,8762246,0
19,2,8,8763888,0
20,1,0,8804167,0
20,1,1,8810252,0
20,1,2,8811706,0
20,1,3,8813133,0
20,1,8,8814770,0
21,1,0,8844632,0
21,1,1,8850718,0
21,1,2,8852172,0
21,1,3,8853598,0
21,1,5,8853625,0
21,2,0,8853626,0
21,2,1,8859656,0
21,2,2,8861110,0
21,2,3,8862525,0
21,2,5,8862538,0
21,3,0,8862539,0
21,3,1,8868573,0
21,3,4,8870011,0
21,4,0,8870012,0
21,4,1,8876046,0
21,4,2,8877500,0
21,4,3,8878915,0
21,4,5,8878929,0
21,5,0,8878930,0
21,5,1,8884965,0
21,5,4,8886389,0
21,6,0,8886390,0
21,6,1,8892420,0
21,6,2,8893878,0
21,6,3,8895293,0
21,6,5,8895322,0
21,7,0,8895323,0
21,7,1,8901354,0
21,7,4,8902773,0
21,8,0,8902773,0
21,8,1,8908804,0
21,8,2,8910257,0
21,8,3,8911672,0
21,8,5,8911674,0
21,9,0,8911675,0
21,9,1,8917710,0
21,9,2,8919163,0
21,9,3,8920578,0
21,9,5,8920587,0
21,10,0,8920588,0
21,10,1,8926622,0
21,10,4,8928042,0
21,11,0,8928043,0
21,11,1,8934078,0
21,11,2,8935532,0
21,11,3,8936946,0
21,11,5,8936956,0
21,12,0,8936957,0
21,12,1,8942992,0
21,12,2,8944445,0
21,12,3,8945860,0
21,12,8,8947497,0
22,1,0,9076577,0
22,1,1,9082663,0
22,1,4,9084112,0
22,2,0,9084113,0
22,2,1,9090143,0
22,2,2,9091597,0
22,2,3,9093024,0
22,2,5,9093053,0
22,3,0,9093054,0
22,3,1,9099084,0
22,3,2,9100538,0
22,3,3,9101953,0
22,3,5,9101990,0
22,4,0,9101991,0
22,4,1,9108026,0
22,4,4,9109445,0
22,5,0,9109446,0
22,5,1,9115480,0
22,5,2,9116933,0
22,5,3,9118348,0
22,5,8,9119985,0
23,1,0,9183189,0
23,1,1,9189274,0
23,1,2,9190728,0
23,1,3,9192150,0
23,1,8,9193792,0
24,1,0,9223662,0
24,1,1,9229748,0
24,1,4,9231186,0
24,2,0,9231187,0
24,2,1,9237222,0
24,2,2,9238676,0
24,2,3,9240098,0
24,2,5,9240106,0
24,3,0,9240107,0
24,3,1,9246141,0
24,3,2,9247595,0
24,3,3,9249009,0
24,3,5,9249026,0
24,4,0,9249027,0
24,4,1,9255062,0
24,4,4,9256486,0
24,5,0,9256487,0
24,5,1,9262517,0
24,5,2,9263975,0
24,5,3,9265389,0
24,5,8,9267027,0
25,1,0,9330234,0
25,1,1,9336336,0
25,1,2,9337789,0
25,1,3,9339212,0
25,1,8,9340849,0
26,1,0,9370728,0
26,1,1,9376818,0
26,1,2,9378271,0
26,1,3,9379694,0
26,1,8,9381331,0
27,1,0,9411198,0
27,1,1,9417287,0
27,1,4,9418710,0
27,2,0,9418710,0
27,2,1,9424745,0
27,2,4,9426189,0
27,3,0,9426190,0
27,3,1,9432220,0
27,3,4,9433670,0
27,4,0,9433671,0
27,4,1,9439701,0
27,4,2,9441155,0
27,4,3,9442578,0
27,4,5,9442617,0
27,5,0,9442618,0
27,5,1,9448652,0
27,5,2,9450106,0
27,5,3,9451521,0
27,5,5,9451545,0
27,6,0,9451545,0
27,6,1,9457580,0
27,6,2,9459033,0
27,6,3,9460448,0
27,6,8,9462085,0
28,1,0,9531546,0
28,1,1,9537648,0
28,1,2,9539101,0
28,1,3,9540524,0
28,1,5,9540561,0
28,2,0,9540562,0
28,2,1,9546597,0
28,2,4,9548020,0
28,3,0,9548021,0
28,3,1,9554055,0
28,3,2,9555509,0
28,3,3,9556923,0
28,3,8,9558561,0
29,1,0,9605105,0
29,1,1,9611191,0
29,1,2,9612644,0
29,1,3,9614071,0
29,1,5,9614085,0
29,2,0,9614086,0
29,2,1,9620117,0
29,2,4,9621552,0
29,3,0,9621553,0
29,3,1,9627588,0
29,3,4,9629032,0
29,4,0,9629033,0
29,4,1,9635068,0
29,4,4,9636505,0
29,5,0,9636506,0
29,5,1,9642536,0
29,5,4,9643955,0
29,6,0,9643956,0
29,6,1,9649987,0
29,6,2,9651440,0
29,6,3,9652859,0
29,6,5,9652874,0
29,7,0,9652875,0
29,7,1,9658906,0
29,7,2,9660359,0
29,7,3,9661774,0
29,7,8,9663415,0
30,1,0,9739111,0
30,1,1,9745201,0
30,1,2,9746654,0
30,1,3,9748077,0
30,1,8,9749714,0
31,1,0,9779581,0
31,1,1,9785671,0
31,1,2,9787124,0
31,1,3,9788547,0
31,1,8,9790184,0
32,1,0,9820064,0
32,1,1,9826165,0
32,1,4,9827615,0
32,2,0,9827616,0
32,2,1,9833650,0
32,2,2,9835103,0
32,2,3,9836526,0
32,2,8,9838163,0
33,1,0,9874288,0
33,1,1,9880374,0
33,1,2,9881827,0
33,1,3,9883254,0
33,1,5,9883276,0
33,2,0,9883277,0
33,2,1,9889307,0
33,2,2,9890761,0
33,2,3,9892175,0
33,2,5,9892211,0
33,3,0,9892211,0
33,3,1,9898246,0
33,3,4,9899683,0
33,4,0,9899683,0
33,4,1,9905718,0
33,4,2,9907171,0
33,4,3,9908586,0
33,4,5,9908598,0
33,5,0,9908599,0
33,5,1,9914634,0
33,5,4,9916070,0
33,6,0,9916071,0
33,6,1,9922102,0
33,6,2,9923559,0
33,6,3,9924974,0
33,6,8,9926611,0
34,1,0,10000223,0
34,1,1,10006313,0
34,1,4,10007745,0
34,2,0,10007746,0
34,2,1,10013780,0
34,2,2,10015234,0
34,2,3,10016656,0
34,2,5,10016670,0
34,3,0,10016671,0
34,3,1,10022705,0
34,3,2,10024159,0
34,3,3,10025574,0
34,3,5,10025593,0
34,4,0,10025594,0
34,4,1,10031624,0
34,4,2,10033082,0
34,4,3,10034497,0
34,4,7,10036134,0
34,5,0,10036135,0
34,5,1,10042165,0
34,5,4,10043598,0
34,6,0,10043599,0
34,6,1,10049630,0
34,6,2,10051083,0
34,6,3,10052498,0
34,6,8,10054135,0
35,1,0,10130091,0
35,1,1,10136180,0
35,1,4,10137606,0
35,2,0,10137607,0
35,2,1,10143641,0
35,2,2,10145094,0
35,2,3,10146517,0
35,2,5,10146525,0
35,3,0,10146526,0
35,3,1,10152556,0
35,3,2,10154014,0
35,3,3,10155429,0
35,3,5,10155438,0
35,4,0,10155438,0
35,4,1,10161469,0
35,4,4,10162906,0
35,5,0,10162907,0
35,5,1,10168938,0
35,5,4,10170360,0
35,6,0,10170360,0
35,6,1,10176395,0
35,6,2,10177848,0
35,6,3,10179263,0
35,6,5,10179269,0
35,7,0,10179269,0
35,7,1,10185304,0
35,7,4,10186745,0
35,8,0,10186746,0
35,8,1,10192780,0
35,8,2,10194234,0
35,8,3,10195648,0
35,8,5,10195669,0
35,9,0,10195670,0
35,9,1,10201700,0
35,9,2,10203158,0
35,9,3,10204573,0
35,9,5,10204601,0
35,10,0,10204601,0
35,10,1,10210632,0
35,10,4,10212054,0
35,11,0,10212054,0
35,11,1,10218089,0
35,11,2,10219542,0
35,11,3,10220957,0
35,11,5,10220968,0
35,12,0,10220969,0
35,12,1,10227003,0
35,12,2,10228457,0
35,12,3,10229872,0
35,12,8,10231509,0
36,1,0,10360940,0
36,1,1,10367030,0
36,1,4,10368449,0
36,2,0,10368450,0
36,2,1,10374485,0
36,2,2,10375939,0
36,2,3,10377361,0
36,2,5,10377375,0
36,3,0,10377376,0
36,3,1,10383410,0
36,3,2,10384864,0
36,3,3,10386278,0
36,3,5,10386290,0
36,4,0,10386291,0
36,4,1,10392322,0
36,4,2,10393779,0
36,4,3,10395194,0
36,4,5,10395220,0
36,5,0,10395221,0
36,5,1,10401251,0
36,5,2,10402709,0
36,5,3,10404123,0
36,5,8,10405761,0
37,1,0,10475293,0
37,1,1,10481379,0
37,1,2,10482836,0
37,1,3,10484259,0
37,1,5,10484294,0
37,2,0,10484295,0
37,2,1,10490325,0
37,2,2,10491779,0
37,2,3,10493198,0
37,2,5,10493202,0
37,3,0,10493203,0
37,3,1,10499233,0
37,3,4,10500650,0
37,4,0,10500651,0
37,4,1,10506686,0
37,4,2,10508139,0
37,4,3,10509554,0
37,4,5,10509581,0
37,5,0,10509581,0
37,5,1,10515616,0
37,5,2,10517070,0
37,5,3,10518484,0
37,5,5,10518501,0
37,6,0,10518502,0
37,6,1,10524537,0
37,6,2,10525990,0
37,6,3,10527405,0
37,6,8,10529042,0
38,1,0,10609429,0
38,1,1,10615519,0
38,1,4,10616943,0
38,2,0,10616944,0
38,2,1,10622979,0
38,2,4,10624411,0
38,3,0,10624412,0
38,3,1,10630442,0
38,3,4,10631887,0
38,4,0,10631887,0
38,4,1,10637922,0
38,4,4,10639339,0
38,5,0,10639340,0
38,5,1,10645374,0
38,5,4,10646822,0
38,6,0,10646823,0
38,6,1,10652857,0
38,6,4,10654308,0
38,7,0,10654309,0
38,7,1,10660339,0
38,7,2,10661793,0
38,7,3,10663220,0
38,7,5,10663245,0
38,8,0,10663245,0
38,8,1,10669276,0
38,8,4,10670727,0
38,9,0,10670727,0
38,9,1,10676762,0
38,9,4,10678188,0
38,10,0,10678189,0
38,10,1,10684224,0
38,10,4,10685653,0
38,11,0,10685654,0
38,11,1,10691685,0
38,11,4,10693123,0
38,12,0,10693124,0
38,12,1,10699154,0
38,12,4,10700592,0
38,13,0,10700593,0
38,13,1,10706627,0
38,13,4,10708079,0
38,14,0,10708079,0
38,14,1,10714114,0
38,14,2,10715568,0
38,14,3,10716982,0
38,14,5,10717017,0
38,15,0,10717017,0
38,15,1,10723052,0
38,15,2,10724506,0
38,15,3,10725920,0
38,15,5,10725931,0
38,16,0,10725932,0
38,16,1,10731963,0
38,16,2,10733420,0
38,16,3,10734835,0
38,16,5,10734847,0
38,17,0,10734848,0
38,17,1,10740878,0
38,17,2,10742332,0
38,17,3,10743751,0
38,17,5,10743786,0
38,18,0,10743786,0
38,18,1,10749817,0
38,18,4,10751262,0
38,19,0,10751263,0
38,19,1,10757297,0
38,19,2,10758751,0
38,19,3,10760165,0
38,19,8,10761803,0
39,1,0,10934897,0
39,1,1,10940983,0
39,1,4,10942407,0
39,2,0,10942407,0
39,2,1,10948442,0
39,2,4,10949868,0
39,3,0,10949869,0
39,3,1,10955904,0
39,3,2,10957357,0
39,3,3,10958780,0
39,3,8,10960417,0
40,1,0,11003913,0
40,1,1,11009999,0
40,1,2,11011452,0
40,1,3,11012879,0
40,1,8,11014516,0
41,1,0,11044987,0
41,1,1,11051073,0
41,1,2,11052527,0
41,1,3,11053954,0
41,1,5,11053968,0
41,2,0,11053969,0
41,2,1,11059999,0
41,2,2,11061453,0
41,2,3,11062872,0
41,2,8,11064509,0
42,1,0,11105842,0
42,1,1,11111940,0
42,1,4,11113385,0
42,2,0,11113386,0
42,2,1,11119416,0
42,2,2,11120870,0
42,2,3,11122292,0
42,2,5,11122315,0
42,3,0,11122316,0
42,3,1,11128350,0
42,3,2,11129804,0
42,3,3,11131218,0
42,3,8,11132860,0
43,1,0,11180704,0
43,1,1,11186794,0
43,1,2,11188247,0
43,1,3,11189670,0
43,1,5,11189691,0
43,2,0,11189692,0
43,2,1,11195726,0
43,2,2,11197180,0
43,2,3,11198594,0
43,2,8,11200232,0
44,1,0,11241557,0
44,1,1,11247647,0
44,1,2,11249101,0
44,1,3,11250523,0
44,1,8,11252160,0
45,1,0,11282635,0
45,1,1,11288725,0
45,1,4,11290158,0
45,2,0,11290158,0
45,2,1,11296193,0
45,2,4,11297635,0
45,3,0,11297636,0
45,3,1,11303670,0
45,3,4,11305102,0
45,4,0,11305103,0
45,4,1,11311134,0
45,4,2,11312587,0
45,4,3,11314014,0
45,4,5,11314017,0
45,5,0,11314018,0
45,5,1,11320049,0
45,5,4,11321479,0
45,6,0,11321480,0
45,6,1,11327515,0
45,6,2,11328968,0
45,6,3,11330383,0
45,6,5,11330416,0
45,7,0,11330417,0
45,7,1,11336452,0
45,7,2,11337905,0
45,7,3,11339320,0
45,7,8,11340957,0
46,1,0,11419175,0
46,1,1,11425265,0
46,1,2,11426719,0
46,1,3,11428141,0
46,1,8,11429779,0
47,1,0,11460254,0
47,1,1,11466344,0
47,1,4,11467782,0
47,2,0,11467783,0
47,2,1,11473817,0
47,2,2,11475271,0
47,2,3,11476693,0
47,2,5,11476718,0
47,3,0,11476719,0
47,3,1,11482753,0
47,3,4,11484203,0
47,4,0,11484204,0
47,4,1,11490234,0
47,4,2,11491688,0
47,4,3,11493107,0
47,4,5,11493113,0
47,5,0,11493114,0
47,5,1,11499145,0
47,5,2,11500598,0
47,5,3,11502013,0
47,5,5,11502014,0
47,6,0,11502015,0
47,6,1,11508050,0
47,6,4,11509480,0
47,7,0,11509481,0
47,7,1,11515515,0
47,7,2,11516969,0
47,7,3,11518384,0
47,7,8,11520021,0
48,1,0,11602579,0
48,1,1,11608668,0
48,1,2,11610122,0
48,1,3,11611545,0
48,1,8,11613186,0
49,1,0,11643661,0
49,1,1,11649747,0
49,1,2,11651200,0
49,1,3,11652623,0
49,1,5,11652631,0
49,2,0,11652632,0
49,2,1,11658666,0
49,2,4,11660105,0
49,3,0,11660106,0
49,3,1,11666140,0
49,3,4,11667561,0
49,4,0,11667562,0
49,4,1,11673597,0
49,4,4,11675015,0
49,5,0,11675016,0
49,5,1,11681046,0
49,5,4,11682472,0
49,6,0,11682472,0
49,6,1,11688507,0
49,6,2,11689960,0
49,6,3,11691375,0
49,6,5,11691405,0
49,7,0,11691406,0
49,7,1,11697440,0
49,7,4,11698862,0
49,8,0,11698863,0
49,8,1,11704898,0
49,8,2,11706351,0
49,8,3,11707766,0
49,8,5,11707776,0
49,9,0,11707777,0
49,9,1,11713812,0
49,9,2,11715265,0
49,9,3,11716680,0
49,9,5,11716691,0
49,10,0,11716692,0
49,10,1,11722726,0
49,10,2,11724180,0
49,10,3,11725594,0
49,10,5,11725601,0
49,11,0,11725602,0
49,11,1,11731632,0
49,11,2,11733089,0
49,11,3,11734504,0
49,11,5,11734522,0
49,12,0,11734523,0
49,12,1,11740554,0
49,12,2,11742007,0
49,12,3,11743426,0
49,12,5,11743449,0
49,13,0,11743450,0
49,13,1,11749480,0
49,13,4,11750914,0
49,14,0,11750914,0
49,14,1,11756949,0
49,14,2,11758402,0
49,14,3,11759817,0
49,14,5,11759842,0
49,15,0,11759843,0
49,15,1,11765877,0
49,15,4,11767292,0
49,16,0,11767293,0
49,16,1,11773328,0
49,16,2,11774781,0
49,16,3,11776196,0
49,16,8,11777833,0
50,1,0,11943550,0
50,1,1,11949636,0
50,1,4,11951069,0
50,2,0,11951070,0
50,2,1,11957104,0
50,2,4,11958523,0
50,3,0,11958524,0
50,3,1,11964559,0
50,3,4,11965981,0
50,4,0,11965982,0
50,4,1,11972012,0
50,4,2,11973470,0
50,4,3,11974892,0
50,4,5,11974911,0
50,5,0,11974912,0
50,5,1,11980943,0
50,5,2,11982396,0
50,5,3,11983815,0
50,5,5,11983820,0
50,6,0,11983821,0
50,6,1,11989852,0
50,6,4,11991274,0
50,7,0,11991275,0
50,7,1,11997310,0
50,7,4,11998743,0
50,8,0,11998744,0
50,8,1,12004779,0
50,8,2,12006232,0
50,8,3,12007647,0
50,8,5,12007671,0
50,9,0,12007672,0
50,9,1,12013706,0
50,9,4,12015127,0
50,10,0,12015128,0
50,10,1,12021159,0
50,10,4,12022599,0
50,11,0,12022600,0
50,11,1,12028634,0
50,11,2,12030087,0
50,11,3,12031502,0
50,11,8,12033143,0
51,1,0,12142607,0
51,1,1,12148696,0
51,1,4,12150135,0
51,2,0,12150136,0
51,2,1,12156170,0
51,2,4,12157590,0
51,3,0,12157591,0
51,3,1,12163625,0
51,3,4,12165068,0
51,4,0,12165068,0
51,4,1,12171099,0
51,4,4,12172526,0
51,5,0,12172527,0
51,5,1,12178561,0
51,5,2,12180015,0
51,5,3,12181437,0
51,5,5,12181462,0
51,6,0,12181463,0
51,6,1,12187497,0
51,6,4,12188931,0
51,7,0,12188931,0
51,7,1,12194966,0
51,7,2,12196420,0
51,7,3,12197834,0
51,7,5,12197837,0
51,8,0,12197838,0
51,8,1,12203872,0
51,8,2,12205326,0
51,8,3,12206740,0
51,8,5,12206747,0
51,9,0,12206748,0
51,9,1,12212783,0
51,9,2,12214236,0
51,9,3,12215651,0
51,9,8,12217288,0
52,1,0,12312866,0
52,1,1,12318952,0
52,1,2,12320406,0
52,1,3,12321828,0
52,1,5,12321835,0
52,2,0,12321836,0
52,2,1,12327871,0
52,2,2,12329325,0
52,2,3,12330739,0
52,2,5,12330750,0
52,3,0,12330751,0
52,3,1,12336786,0
52,3,2,12338240,0
52,3,3,12339654,0
52,3,5,12339671,0
52,4,0,12339672,0
52,4,1,12345706,0
52,4,2,12347160,0
52,4,3,12348575,0
52,4,5,12348609,0
52,5,0,12348610,0
52,5,1,12354645,0
52,5,4,12356091,0
52,6,0,12356091,0
52,6,1,12362122,0
52,6,2,12363580,0
52,6,3,12364994,0
52,6,8,12366632,0
53,1,0,12447015,0
53,1,1,12453105,0
53,1,2,12454558,0
53,1,3,12455981,0
53,1,8,12457618,0
54,1,0,12488089,0
54,1,1,12494178,0
54,1,2,12495632,0
54,1,3,12497055,0
54,1,8,12498692,0
55,1,0,12529166,0
55,1,1,12535256,0
55,1,4,12536678,0
55,2,0,12536679,0
55,2,1,12542713,0
55,2,2,12544167,0
55,2,3,12545589,0
55,2,5,12545595,0
55,3,0,12545596,0
55,3,1,12551627,0
55,3,2,12553084,0
55,3,3,12554499,0
55,3,5,12554508,0
55,4,0,12554509,0
55,4,1,12560539,0
55,4,2,12561993,0
55,4,3,12563412,0
55,4,5,12563443,0
55,5,0,12563444,0
55,5,1,12569475,0
55,5,4,12570899,0
55,6,0,12570899,0
55,6,1,12576933,0
55,6,2,12578387,0
55,6,3,12579802,0
55,6,5,12579837,0
55,7,0,12579838,0
55,7,1,12585872,0
55,7,2,12587326,0
55,7,3,12588740,0
55,7,5,12588751,0
55,8,0,12588752,0
55,8,1,12594786,0
55,8,2,12596240,0
55,8,3,12597655,0
55,8,7,12599292,0
55,9,0,12599293,0
55,9,1,12605327,0
55,9,2,12606781,0
55,9,3,12608195,0
55,9,8,12609829,0
56,1,0,12718431,0
56,1,1,12724521,0
56,1,2,12725975,0
56,1,3,12727398,0
56,1,8,12729035,0
57,1,0,12759509,0
57,1,1,12765599,0
57,1,2,12767052,0
57,1,3,12768475,0
57,1,8,12770112,0
58,1,0,12800587,0
58,1,1,12806677,0
58,1,2,12808130,0
58,1,3,12809553,0
58,1,7,12811190,0
58,2,0,12811191,0
58,2,1,12817226,0
58,2,4,12818656,0
58,3,0,12818657,0
58,3,1,12824692,0
58,3,4,12826113,0
58,4,0,12826114,0
58,4,1,12832145,0
58,4,2,12833602,0
58,4,3,12835017,0
58,4,5,12835031,0
58,5,0,12835032,0
58,5,1,12841062,0
58,5,4,12842502,0
58,6,0,12842503,0
58,6,1,12848538,0
58,6,2,12849991,0
58,6,3,12851406,0
58,6,5,12851429,0
58,7,0,12851430,0
58,7,1,12857465,0
58,7,2,12858918,0
58,7,3,12860333,0
58,7,5,12860341,0
58,8,0,12860342,0
58,8,1,12866377,0
58,8,4,12867795,0
58,9,0,12867796,0
58,9,1,12873830,0
58,9,4,12875245,0
58,10,0,12875246,0
58,10,1,12881276,0
58,10,2,12882734,0
58,10,3,12884148,0
58,10,5,12884150,0
58,11,0,12884151,0
58,11,1,12890182,0
58,11,2,12891635,0
58,11,3,12893054,0
58,11,5,12893075,0
58,12,0,12893076,0
58,12,1,12899107,0
58,12,2,12900560,0
58,12,3,12901975,0
58,12,8,12903613,0
59,1,0,13033218,0
59,1,1,13039304,0
59,1,2,13040758,0
59,1,3,13042180,0
59,1,8,13043822,0
60,1,0,13074293,0
60,1,1,13080379,0
60,1,4,13081796,0
60,2,0,13081797,0
60,2,1,13087831,0
60,2,4,13089265,0
60,3,0,13089265,0
60,3,1,13095300,0
60,3,2,13096754,0
60,3,3,13098176,0
60,3,5,13098185,0
60,4,0,13098186,0
60,4,1,13104221,0
60,4,4,13105654,0
60,5,0,13105655,0
60,5,1,13111686,0
60,5,4,13113129,0
60,6,0,13113130,0
60,6,1,13119160,0
60,6,2,13120614,0
60,6,3,13122029,0
60,6,5,13122045,0
60,7,0,13122046,0
60,7,1,13128080,0
60,7,2,13129533,0
60,7,3,13130948,0
60,7,5,13130976,0
60,8,0,13130977,0
60,8,1,13137012,0
60,8,2,13138465,0
60,8,3,13139880,0
60,8,5,13139882,0
60,9,0,13139883,0
60,9,1,13145918,0
60,9,4,13147335,0
60,10,0,13147336,0
60,10,1,13153370,0
60,10,2,13154823,0
60,10,3,13156238,0
60,10,8,13157876,0
61,1,0,13264821,0
61,1,1,13270907,0
61,1,4,13272347,0
61,2,0,13272348,0
61,2,1,13278382,0
61,2,2,13279836,0
61,2,3,13281258,0
61,2,5,13281265,0
61,3,0,13281266,0
61,3,1,13287300,0
61,3,2,13288754,0
61,3,3,13290168,0
61,3,8,13291806,0
62,1,0,13339641,0
62,1,1,13345731,0
62,1,2,13347184,0
62,1,3,13348607,0
62,1,5,13348621,0
62,2,0,13348622,0
62,2,1,13354657,0
62,2,4,13356075,0
62,3,0,13356076,0
62,3,1,13362106,0
62,3,2,13363564,0
62,3,3,13364978,0
62,3,5,13365017,0
62,4,0,13365018,0
62,4,1,13371049,0
62,4,2,13372502,0
62,4,3,13373921,0
62,4,8,13375558,0
63,1,0,13434241,0
63,1,1,13440327,0
63,1,4,13441771,0
63,2,0,13441772,0
63,2,1,13447806,0
63,2,4,13449223,0
63,3,0,13449224,0
63,3,1,13455258,0
63,3,4,13456685,0
63,4,0,13456685,0
63,4,1,13462720,0
63,4,4,13464135,0
63,5,0,13464136,0
63,5,1,13470167,0
63,5,4,13471589,0
63,6,0,13471590,0
63,6,1,13477624,0
63,6,4,13479075,0
63,7,0,13479076,0
63,7,1,13485111,0
63,7,4,13486540,0
63,8,0,13486541,0
63,8,1,13492571,0
63,8,2,13494029,0
63,8,3,13495451,0
63,8,5,13495455,0
63,9,0,13495456,0
63,9,1,13501486,0
63,9,4,13502926,0
63,10,0,13502927,0
63,10,1,13508958,0
63,10,4,13510388,0
63,11,0,13510389,0
63,11,1,13516424,0
63,11,4,13517858,0
63,12,0,13517859,0
63,12,1,13523893,0
63,12,2,13525347,0
63,12,3,13526761,0
63,12,5,13526769,0
63,13,0,13526769,0
63,13,1,13532804,0
63,13,4,13534240,0
63,14,0,13534241,0
63,14,1,13540271,0
63,14,2,13541725,0
63,14,3,13543144,0
63,14,5,13543145,0
63,15,0,13543146,0
63,15,1,13549176,0
63,15,2,13550630,0
63,15,3,13552044,0
63,15,5,13552062,0
63,16,0,13552063,0
63,16,1,13558097,0
63,16,2,13559551,0
63,16,3,13560966,0
63,16,5,13561004,0
63,17,0,13561005,0
63,17,1,13567040,0
63,17,2,13568493,0
63,17,3,13569908,0
63,17,5,13569934,0
63,18,0,13569934,0
63,18,1,13575969,0
63,18,2,13577422,0
63,18,3,13578837,0
63,18,5,13578867,0
63,19,0,13578868,0
63,19,1,13584903,0
63,19,2,13586356,0
63,19,3,13587771,0
63,19,8,13589408,0
64,1,0,13771542,0
64,1,1,13777644,0
64,1,2,13779098,0
64,1,3,13780520,0
64,1,5,13780525,0
64,2,0,13780526,0
64,2,1,13786561,0
64,2,2,13788014,0
64,2,3,13789429,0
64,2,8,13791066,0
65,1,0,13832415,0
65,1,1,13838517,0
65,1,2,13839971,0
65,1,3,13841393,0
65,1,5,13841428,0
65,2,0,13841429,0
65,2,1,13847463,0
65,2,4,13848906,0
65,3,0,13848907,0
65,3,1,13854941,0
65,3,4,13856371,0
65,4,0,13856372,0
65,4,1,13862403,0
65,4,4,13863857,0
65,5,0,13863857,0
65,5,1,13869888,0
65,5,2,13871341,0
65,5,3,13872760,0
65,5,8,13874397,0
66,1,0,13935262,0
66,1,1,13941348,0
66,1,2,13942805,0
66,1,3,13944228,0
66,1,5,13944243,0
66,2,0,13944243,0
66,2,1,13950274,0
66,2,4,13951691,0
66,3,0,13951691,0
66,3,1,13957726,0
66,3,2,13959180,0
66,3,3,13960595,0
66,3,8,13962232,0
67,1,0,14010067,0
67,1,1,14016157,0
67,1,4,14017609,0
67,2,0,14017610,0
67,2,1,14023644,0
67,2,4,14025094,0
67,3,0,14025095,0
67,3,1,14031126,0
67,3,2,14032579,0
67,3,3,14034006,0
67,3,5,14034015,0
67,4,0,14034016,0
67,4,1,14040046,0
67,4,4,14041491,0
67,5,0,14041492,0
67,5,1,14047527,0
67,5,4,14048967,0
67,6,0,14048968,0
67,6,1,14055003,0
67,6,2,14056457,0
67,6,3,14057871,0
67,6,5,14057887,0
67,7,0,14057888,0
67,7,1,14063922,0
67,7,2,14065375,0
67,7,3,14066790,0
67,7,5,14066804,0
67,8,0,14066804,0
67,8,1,14072839,0
67,8,2,14074292,0
67,8,3,14075707,0
67,8,5,14075721,0
67,9,0,14075722,0
67,9,1,14081753,0
67,9,4,14083196,0
67,10,0,14083196,0
67,10,1,14089227,0
67,10,2,14090680,0
67,10,3,14092095,0
67,10,5,14092097,0
67,11,0,14092098,0
67,11,1,14098132,0
67,11,2,14099586,0
67,11,3,14101001,0
67,11,5,14101008,0
67,12,0,14101009,0
67,12,1,14107044,0
67,12,2,14108497,0
67,12,3,14109912,0
67,12,5,14109922,0
67,13,0,14109923,0
67,13,1,14115958,0
67,13,2,14117411,0
67,13,3,14118826,0
67,13,8,14120463,0
68,1,0,14261354,0
68,1,1,14267444,0
68,1,2,14268898,0
68,1,3,14270320,0
68,1,5,14270331,0
68,2,0,14270332,0
68,2,1,14276367,0
68,2,2,14277820,0
68,2,3,14279235,0
68,2,8,14280872,0
69,1,0,14322198,0
69,1,1,14328288,0
69,1,2,14329741,0
69,1,3,14331164,0
69,1,5,14331174,0
69,2,0,14331175,0
69,2,1,14337209,0
69,2,2,14338663,0
69,2,3,14340077,0
69,2,5,14340100,0
69,3,0,14340101,0
69,3,1,14346136,0
69,3,4,14347576,0
69,4,0,14347577,0
69,4,1,14353611,0
69,4,2,14355065,0
69,4,3,14356480,0
69,4,5,14356503,0
69,5,0,14356503,0
69,5,1,14362534,0
69,5,4,14363955,0
69,6,0,14363956,0
69,6,1,14369987,0
69,6,4,14371416,0
69,7,0,14371417,0
69,7,1,14377451,0
69,7,2,14378905,0
69,7,3,14380320,0
69,7,8,14381957,0
70,1,0,14464514,0
70,1,1,14470600,0
70,1,4,14472023,0
70,2,0,14472023,0
70,2,1,14478058,0
70,2,2,14479511,0
70,2,3,14480934,0
70,2,5,14480961,0
70,3,0,14480961,0
70,3,1,14486996,0
70,3,4,14488422,0
70,4,0,14488422,0
70,4,1,14494457,0
70,4,2,14495911,0
70,4,3,14497325,0
70,4,8,14498963,0
71,1,0,14553312,0
71,1,1,14559398,0
71,1,4,14560824,0
71,2,0,14560825,0
71,2,1,14566860,0
71,2,4,14568275,0
71,3,0,14568276,0
71,3,1,14574311,0
71,3,2,14575764,0
71,3,3,14577187,0
71,3,8,14578824,0
72,1,0,14622320,0
72,1,1,14628409,0
72,1,2,14629863,0
72,1,3,14631285,0
72,1,8,14632927,0
73,1,0,14663414,0
73,1,1,14669512,0
73,1,4,14670933,0
73,2,0,14670934,0
73,2,1,14676969,0
73,2,2,14678422,0
73,2,3,14679845,0
73,2,5,14679869,0
73,3,0,14679869,0
73,3,1,14685904,0
73,3,4,14687353,0
73,4,0,14687354,0
73,4,1,14693388,0
73,4,4,14694814,0
73,5,0,14694815,0
73,5,1,14700846,0
73,5,4,14702273,0
73,6,0,14702274,0
73,6,1,14708308,0
73,6,4,14709744,0
73,7,0,14709745,0
73,7,1,14715779,0
73,7,4,14717194,0
73,8,0,14717195,0
73,8,1,14723229,0
73,8,4,14724652,0
73,9,0,14724653,0
73,9,1,14730684,0
73,9,4,14732112,0
73,10,0,14732113,0
73,10,1,14738147,0
73,10,2,14739601,0
73,10,3,14741016,0
73,10,8,14742653,0
74,1,0,14836594,0
74,1,1,14842679,0
74,1,4,14844104,0
74,2,0,14844105,0
74,2,1,14850135,0
74,2,2,14851589,0
74,2,3,14853016,0
74,2,5,14853053,0
74,3,0,14853054,0
74,3,1,14859084,0
74,3,2,14860538,0
74,3,3,14861952,0
74,3,5,14861960,0
74,4,0,14861961,0
74,4,1,14867996,0
74,4,4,14869411,0
74,5,0,14869412,0
74,5,1,14875446,0
74,5,2,14876900,0
74,5,3,14878315,0
74,5,8,14879952,0
75,1,0,14945161,0
75,1,1,14951258,0
75,1,4,14952712,0
75,2,0,14952713,0
75,2,1,14958744,0
75,2,2,14960197,0
75,2,3,14961620,0
75,2,5,14961622,0
75,3,0,14961623,0
75,3,1,14967658,0
75,3,4,14969108,0
75,4,0,14969109,0
75,4,1,14975143,0
75,4,2,14976597,0
75,4,3,14978012,0
75,4,8,14979649,0
76,1,0,15034020,0
76,1,1,15040117,0
76,1,2,15041571,0
76,1,3,15042998,0
76,1,8,15044635,0
77,1,0,15075118,0
77,1,1,15081203,0
77,1,2,15082657,0
77,1,3,15084083,0
77,1,5,15084092,0
77,2,0,15084092,0
77,2,1,15090123,0
77,2,4,15091551,0
77,3,0,15091552,0
77,3,1,15097586,0
77,3,2,15099040,0
77,3,3,15100454,0
77,3,5,15100490,0
77,4,0,15100491,0
77,4,1,15106525,0
77,4,4,15107949,0
77,5,0,15107950,0
77,5,1,15113984,0
77,5,2,15115438,0
77,5,3,15116853,0
77,5,5,15116855,0
77,6,0,15116856,0
77,6,1,15122890,0
77,6,2,15124343,0
77,6,3,15125758,0
77,6,8,15127395,0
78,1,0,15203442,0
78,1,1,15209528,0
78,1,2,15210982,0
78,1,3,15212404,0
78,1,5,15212408,0
78,2,0,15212409,0
78,2,1,15218444,0
78,2,4,15219893,0
78,3,0,15219893,0
78,3,1,15225928,0
78,3,2,15227382,0
78,3,3,15228796,0
78,3,8,15230434,0
79,1,0,15278270,0
79,1,1,15284360,0
79,1,2,15285814,0
79,1,3,15287236,0
79,1,8,15288874,0
80,1,0,15319347,0
80,1,1,15325437,0
80,1,4,15326859,0
80,2,0,15326859,0
80,2,1,15332894,0
80,2,4,15334317,0
80,3,0,15334317,0
80,3,1,15340348,0
80,3,4,15341780,0
80,4,0,15341780,0
80,4,1,15347815,0
80,4,4,15349231,0
80,5,0,15349232,0
80,5,1,15355267,0
80,5,2,15356720,0
80,5,3,15358143,0
80,5,8,15359780,0
81,1,0,15416308,0
81,1,1,15422406,0
81,1,4,15423846,0
81,2,0,15423847,0
81,2,1,15429878,0
81,2,4,15431297,0
81,3,0,15431298,0
81,3,1,15437333,0
81,3,2,15438786,0
81,3,3,15440209,0
81,3,5,15440230,0
81,4,0,15440231,0
81,4,1,15446265,0
81,4,2,15447719,0
81,4,3,15449133,0
81,4,8,15450771,0
82,1,0,15505142,0
82,1,1,15511239,0
82,1,4,15512666,0
82,2,0,15512667,0
82,2,1,15518702,0
82,2,4,15520139,0
82,3,0,15520140,0
82,3,1,15526174,0
82,3,2,15527628,0
82,3,3,15529051,0
82,3,8,15530688,0
83,1,0,15574195,0
83,1,1,15580281,0
83,1,4,15581720,0
83,2,0,15581721,0
83,2,1,15587755,0
83,2,2,15589209,0
83,2,3,15590631,0
83,2,5,15590660,0
83,3,0,15590661,0
83,3,1,15596695,0
83,3,2,15598149,0
83,3,3,15599563,0
83,3,5,15599602,0
83,4,0,15599603,0
83,4,1,15605638,0
83,4,2,15607091,0
83,4,3,15608506,0
83,4,5,15608512,0
83,5,0,15608513,0
83,5,1,15614548,0
83,5,2,15616002,0
83,5,3,15617416,0
83,5,5,15617418,0
83,6,0,15617418,0
83,6,1,15623453,0
83,6,2,15624906,0
83,6,3,15626321,0
83,6,8,15627958,0
84,1,0,15708342,0
84,1,1,15714432,0
84,1,2,15715886,0
84,1,3,15717308,0
84,1,5,15717326,0
84,2,0,15717327,0
84,2,1,15723361,0
84,2,4,15724785,0
84,3,0,15724786,0
84,3,1,15730816,0
84,3,2,15732270,0
84,3,3,15733689,0
84,3,5,15733708,0
84,4,0,15733709,0
84,4,1,15739739,0
84,4,2,15741192,0
84,4,3,15742607,0
84,4,8,15744249,0
85,1,0,15802935,0
85,1,1,15809021,0
85,1,2,15810474,0
85,1,3,15811897,0
85,1,8,15813538,0
86,1,0,15844009,0
86,1,1,15850095,0
86,1,2,15851548,0
86,1,3,15852975,0
86,1,8,15854613,0
87,1,0,15885083,0
87,1,1,15891168,0
87,1,4,15892592,0
87,2,0,15892593,0
87,2,1,15898628,0
87,2,2,15900081,0
87,2,3,15901504,0
87,2,8,15903145,0
88,1,0,15940131,0
88,1,1,15946221,0
88,1,2,15947674,0
88,1,3,15949097,0
88,1,8,15950734,0
89,1,0,15981209,0
89,1,1,15987298,0
89,1,2,15988752,0
89,1,3,15990174,0
89,1,5,15990182,0
89,2,0,15990183,0
89,2,1,15996218,0
89,2,4,15997645,0
89,3,0,15997645,0
89,3,1,16003680,0
89,3,2,16005133,0
89,3,3,16006548,0
89,3,5,16006557,0
89,4,0,16006558,0
89,4,1,16012588,0
89,4,2,16014046,0
89,4,3,16015460,0
89,4,5,16015489,0
89,5,0,16015490,0
89,5,1,16021520,0
89,5,2,16022978,0
89,5,3,16024392,0
89,5,5,16024409,0
89,6,0,16024410,0
89,6,1,16030441,0
89,6,4,16031876,0
89,7,0,16031877,0
89,7,1,16037911,0
89,7,4,16039342,0
89,8,0,16039343,0
89,8,1,16045378,0
89,8,2,16046831,0
89,8,3,16048246,0
89,8,8,16049883,0
90,1,0,16143296,0
90,1,1,16149382,0
90,1,4,16150807,0
90,2,0,16150808,0
90,2,1,16156843,0
90,2,2,16158297,0
90,2,3,16159719,0
90,2,5,16159743,0
90,3,0,16159743,0
90,3,1,16165778,0
90,3,4,16167213,0
90,4,0,16167213,0
90,4,1,16173248,0
90,4,2,16174702,0
90,4,3,16176116,0
90,4,5,16176118,0
90,5,0,16176119,0
90,5,1,16182149,0
90,5,4,16183586,0
90,6,0,16183587,0
90,6,1,16189617,0
90,6,2,16191071,0
90,6,3,16192485,0
90,6,5,16192491,0
90,7,0,16192492,0
90,7,1,16198526,0
90,7,2,16199980,0
90,7,3,16201395,0
90,7,5,16201429,0
90,8,0,16201430,0
90,8,1,16207464,0
90,8,4,16208906,0
90,9,0,16208907,0
90,9,1,16214942,0
90,9,4,16216377,0
90,10,0,16216378,0
90,10,1,16222408,0
90,10,2,16223866,0
90,10,3,16225280,0
90,10,8,16226918,0
91,1,0,16333864,0
91,1,1,16339949,0
91,1,4,16341394,0
91,2,0,16341394,0
91,2,1,16347429,0
91,2,2,16348882,0
91,2,3,16350305,0
91,2,5,16350313,0
91,3,0,16350314,0
91,3,1,16356348,0
91,3,2,16357802,0
91,3,3,16359216,0
91,3,8,16360854,0
92,1,0,16408689,0
92,1,1,16414779,0
92,1,4,16416231,0
92,2,0,16416232,0
92,2,1,16422262,0
92,2,2,16423720,0
92,2,3,16425142,0
92,2,8,16426780,0
93,1,0,16463761,0
93,1,1,16469847,0
93,1,2,16471300,0
93,1,3,16472727,0
93,1,5,16472732,0
93,2,0,16472733,0
93,2,1,16478764,0
93,2,2,16480217,0
93,2,3,16481632,0
93,2,8,16483273,0
94,1,0,16524595,0
94,1,1,16530681,0
94,1,2,16532134,0
94,1,3,16533561,0
94,1,8,16535199,0
95,1,0,16565681,0
95,1,1,16571779,0
95,1,2,16573236,0
95,1,3,16574659,0
95,1,5,16574661,0
95,2,0,16574662,0
95,2,1,16580692,0
95,2,2,16582146,0
95,2,3,16583565,0
95,2,8,16585202,0
96,1,0,16626535,0
96,1,1,16632621,0
96,1,2,16634078,0
96,1,3,16635501,0
96,1,8,16637138,0
97,1,0,16667609,0
97,1,1,16673699,0
97,1,4,16675128,0
97,2,0,16675129,0
97,2,1,16681160,0
97,2,2,16682613,0
97,2,3,16684040,0
97,2,5,16684044,0
97,3,0,16684044,0
97,3,1,16690075,0
97,3,2,16691529,0
97,3,3,16692947,0
97,3,8,16694585,0
98,1,0,16742417,0
98,1,1,16748507,0
98,1,2,16749960,0
98,1,3,16751383,0
98,1,8,16753024,0
99,1,0,16783511,0
99,1,1,16789609,0
99,1,2,16791062,0
99,1,3,16792485,0
99,1,5,16792499,0
99,2,0,16792500,0
99,2,1,16798535,0
99,2,2,16799988,0
99,2,3,16801403,0
99,2,5,16801440,0
99,3,0,16801441,0
99,3,1,16807475,0
99,3,4,16808900,0
99,4,0,16808900,0
99,4,1,16814935,0
99,4,2,16816389,0
99,4,3,16817803,0
99,4,8,16819441,0
100,1,0,16878151,0
100,1,1,16884253,0
100,1,2,16885706,0
100,1,3,16887129,0
100,1,8,16888766,0
101,1,0,16919862,0
101,1,1,16925952,0
101,1,2,16927405,0
101,1,3,16928828,0
101,1,5,16928847,0
101,2,0,16928848,0
101,2,1,16934882,0
101,2,2,16936336,0
101,2,3,16937751,0
101,2,8,16939388,0
102,1,0,16981756,0
102,1,1,16987846,0
102,1,4,16989284,0
102,2,0,16989284,0
102,2,1,16995319,0
102,2,4,16996752,0
102,3,0,16996753,0
102,3,1,17002787,0
102,3,4,17004226,0
102,4,0,17004226,0
102,4,1,17010257,0
102,4,4,17011686,0
102,5,0,17011687,0
102,5,1,17017722,0
102,5,4,17019166,0
102,6,0,17019167,0
102,6,1,17025201,0
102,6,2,17026655,0
102,6,3,17028077,0
102,6,8,17029715,0
103,1,0,17094652,0
103,1,1,17100738,0
103,1,2,17102191,0
103,1,3,17103618,0
103,1,5,17103626,0
103,2,0,17103627,0
103,2,1,17109658,0
103,2,2,17111111,0
103,2,3,17112526,0
103,2,8,17114167,0
104,1,0,17156530,0
104,1,1,17162616,0
104,1,4,17164051,0
104,2,0,17164052,0
104,2,1,17170082,0
104,2,4,17171527,0
104,3,0,17171528,0
104,3,1,17177563,0
104,3,2,17179016,0
104,3,3,17180439,0
104,3,8,17182076,0
105,1,0,17226701,0
105,1,1,17232790,0
105,1,2,17234244,0
105,1,3,17235667,0
105,1,8,17237304,0
106,1,0,17268383,0
106,1,1,17274473,0
106,1,2,17275926,0
106,1,3,17277349,0
106,1,7,17278986,0
106,2,0,17278987,0
106,2,1,17285021,0
106,2,4,17286458,0
106,3,0,17286459,0
106,3,1,17292490,0
106,3,4,17293912,0
106,4,0,17293913,0
106,4,1,17299944,0
106,4,4,17301376,0
106,5,0,17301377,0
106,5,1,17307411,0
106,5,2,17308865,0
106,5,3,17310279,0
106,5,5,17310281,0
106,6,0,17310282,0
106,6,1,17316316,0
106,6,2,17317770,0
106,6,3,17319185,0
106,6,8,17320818,0
107,1,0,17394783,0
107,1,1,17400869,0
107,1,2,17402322,0
107,1,3,17403749,0
107,1,8,17405386,0
108,1,0,17436466,0
108,1,1,17442552,0
108,1,4,17443992,0
108,2,0,17443992,0
108,2,1,17450023,0
108,2,2,17451476,0
108,2,3,17452903,0
108,2,5,17452919,0
108,3,0,17452920,0
108,3,1,17458950,0
108,3,2,17460404,0
108,3,3,17461819,0
108,3,5,17461841,0
108,4,0,17461842,0
108,4,1,17467876,0
108,4,4,17469307,0
108,5,0,17469308,0
108,5,1,17475342,0
108,5,2,17476796,0
108,5,3,17478210,0
108,5,5,17478227,0
108,6,0,17478228,0
108,6,1,17484262,0
108,6,2,17485716,0
108,6,3,17487130,0
108,6,8,17488768,0
109,1,0,17567246,0
109,1,1,17573336,0
109,1,2,17574790,0
109,1,3,17576212,0
109,1,5,17576218,0
109,2,0,17576219,0
109,2,1,17582250,0
109,2,4,17583686,0
109,3,0,17583687,0
109,3,1,17589717,0
109,3,4,17591166,0
109,4,0,17591167,0
109,4,1,17597201,0
109,4,4,17598621,0
109,5,0,17598622,0
109,5,1,17604656,0
109,5,2,17606110,0
109,5,3,17607525,0
109,5,5,17607556,0
109,6,0,17607556,0
109,6,1,17613591,0
109,6,2,17615044,0
109,6,3,17616459,0
109,6,5,17616486,0
109,7,0,17616487,0
109,7,1,17622517,0
109,7,2,17623975,0
109,7,3,17625390,0
109,7,8,17627027,0
110,1,0,17712272,0
110,1,1,17718362,0
110,1,4,17719780,0
110,2,0,17719781,0
110,2,1,17725816,0
110,2,4,17727241,0
110,3,0,17727242,0
110,3,1,17733276,0
110,3,4,17734704,0
110,4,0,17734705,0
110,4,1,17740735,0
110,4,2,17742189,0
110,4,3,17743616,0
110,4,5,17743637,0
110,5,0,17743638,0
110,5,1,17749668,0
110,5,2,17751122,0
110,5,3,17752536,0
110,5,8,17754178,0
111,1,0,17816853,0
111,1,1,17822943,0
111,1,4,17824367,0
111,2,0,17824368,0
111,2,1,17830398,0
111,2,2,17831852,0
111,2,3,17833279,0
111,2,8,17834916,0
112,1,0,17872770,0
112,1,1,17878856,0
112,1,2,17880310,0
112,1,3,17881732,0
112,1,5,17881760,0
112,2,0,17881760,0
112,2,1,17887795,0
112,2,2,17889248,0
112,2,3,17890663,0
112,2,5,17890670,0
112,3,0,17890671,0
112,3,1,17896706,0
112,3,4,17898148,0
112,4,0,17898149,0
112,4,1,17904183,0
112,4,2,17905637,0
112,4,3,17907052,0
112,4,5,17907056,0
112,5,0,17907057,0
112,5,1,17913092,0
112,5,4,17914528,0
112,6,0,17914529,0
112,6,1,17920560,0
112,6,4,17921992,0
112,7,0,17921993,0
112,7,1,17928027,0
112,7,4,17929452,0
112,8,0,17929453,0
112,8,1,17935487,0
112,8,2,17936941,0
112,8,3,17938355,0
112,8,8,17939993,0
113,1,0,18032025,0
113,1,1,18038126,0
113,1,4,18039548,0
113,2,0,18039548,0
113,2,1,18045583,0
113,2,4,18046998,0
113,3,0,18046999,0
113,3,1,18053033,0
113,3,2,18054486,0
113,3,3,18055909,0
113,3,5,18055912,0
113,4,0,18055913,0
113,4,1,18061944,0
113,4,2,18063401,0
113,4,3,18064816,0
113,4,5,18064847,0
113,5,0,18064848,0
113,5,1,18070878,0
113,5,2,18072332,0
113,5,3,18073751,0
113,5,5,18073765,0
113,6,0,18073766,0
113,6,1,18079796,0
113,6,2,18081250,0
113,6,3,18082664,0
113,6,5,18082675,0
113,7,0,18082676,0
113,7,1,18088711,0
113,7,2,18090164,0
113,7,3,18091579,0
113,7,5,18091595,0
113,8,0,18091596,0
113,8,1,18097631,0
113,8,4,18099055,0
113,9,0,18099056,0
113,9,1,18105090,0
113,9,2,18106544,0
113,9,3,18107958,0
113,9,5,18107987,0
113,10,0,18107988,0
113,10,1,18114022,0
113,10,2,18115476,0
113,10,3,18116890,0
113,10,8,18118528,0
114,1,0,18238175,0
114,1,1,18244277,0
114,1,4,18245711,0
114,2,0,18245712,0
114,2,1,18251743,0
114,2,2,18253200,0
114,2,3,18254623,0
114,2,8,18256260,0
115,1,0,18294122,0
115,1,1,18300208,0
115,1,4,18301649,0
115,2,0,18301649,0
115,2,1,18307684,0
115,2,2,18309138,0
115,2,3,18310560,0
115,2,8,18312198,0
116,1,0,18350051,0
116,1,1,18356142,0
116,1,2,18357595,0
116,1,3,18359018,0
116,1,8,18360655,0
117,1,0,18391739,0
117,1,1,18397829,0
117,1,2,18399283,0
117,1,3,18400705,0
117,1,8,18402343,0
118,1,0,18433430,0
118,1,1,18439515,0
118,1,2,18440969,0
118,1,3,18442392,0
118,1,8,18444033,0
119,1,0,18475113,0
119,1,1,18481199,0
119,1,4,18482617,0
119,2,0,18482618,0
119,2,1,18488652,0
119,2,2,18490105,0
119,2,3,18491528,0
119,2,8,18493170,0
120,1,0,18531035,0
120,1,1,18537137,0
120,1,2,18538590,0
120,1,3,18540013,0
120,1,5,18540026,0
120,2,0,18540026,0
120,2,1,18546061,0
120,2,2,18547514,0
120,2,3,18548929,0
120,2,5,18548963,0
120,3,0,18548964,0
120,3,1,18554999,0
120,3,2,18556453,0
120,3,3,18557867,0
120,3,8,18559505,0
121,1,0,18613175,0
121,1,1,18619261,0
121,1,2,18620715,0
121,1,3,18622137,0
121,1,5,18622144,0
121,2,0,18622145,0
121,2,1,18628179,0
121,2,4,18629596,0
121,3,0,18629597,0
121,3,1,18635632,0
121,3,4,18637057,0
121,4,0,18637058,0
121,4,1,18643093,0
121,4,2,18644546,0
121,4,3,18645961,0
121,4,8,18647598,0
122,1,0,18703507,0
122,1,1,18709593,0
122,1,2,18711046,0
122,1,3,18712469,0
122,1,5,18712504,0
122,2,0,18712505,0
122,2,1,18718540,0
122,2,4,18719976,0
122,3,0,18719977,0
122,3,1,18726011,0
122,3,2,18727465,0
122,3,3,18728879,0
122,3,8,18730517,0
123,1,0,18779656,0
123,1,1,18785746,0
123,1,4,18787162,0
123,2,0,18787163,0
123,2,1,18793197,0
123,2,2,18794650,0
123,2,3,18796073,0
123,2,5,18796076,0
123,3,0,18796077,0
123,3,1,18802107,0
123,3,2,18803565,0
123,3,3,18804980,0
123,3,8,18806617,0
124,1,0,18855751,0
124,1,1,18861837,0
124,1,2,18863295,0
124,1,3,18864717,0
124,1,5,18864748,0
124,2,0,18864749,0
124,2,1,18870779,0
124,2,2,18872233,0
124,2,3,18873652,0
124,2,8,18875289,0
125,1,0,18917652,0
125,1,1,18923742,0
125,1,2,18925196,0
125,1,3,18926618,0
125,1,5,18926647,0
125,2,0,18926648,0
125,2,1,18932678,0
125,2,4,18934124,0
125,3,0,18934125,0
125,3,1,18940155,0
125,3,4,18941599,0
125,4,0,18941599,0
125,4,1,18947634,0
125,4,2,18949088,0
125,4,3,18950502,0
125,4,5,18950533,0
125,5,0,18950534,0
125,5,1,18956569,0
125,5,4,18958015,0
125,6,0,18958016,0
125,6,1,18964051,0
125,6,2,18965504,0
125,6,3,18966919,0
125,6,8,18968556,0
126,1,0,19042521,0
126,1,1,19048611,0
126,1,2,19050065,0
126,1,3,19051487,0
126,1,8,19053129,0
127,1,0,19084208,0
127,1,1,19090294,0
127,1,4,19091730,0
127,2,0,19091730,0
127,2,1,19097765,0
127,2,2,19099218,0
127,2,3,19100641,0
127,2,8,19102278,0
128,1,0,19140132,0
128,1,1,19146222,0
128,1,2,19147675,0
128,1,3,19149098,0
128,1,8,19150735,0
129,1,0,19181818,0
129,1,1,19187908,0
129,1,2,19189361,0
129,1,3,19190784,0
129,1,8,19192421,0
130,1,0,19223519,0
130,1,1,19229617,0
130,1,4,19231042,0
130,2,0,19231043,0
130,2,1,19237077,0
130,2,2,19238531,0
130,2,3,19239953,0
130,2,8,19241591,0
131,1,0,19279456,0
131,1,1,19285546,0
131,1,2,19287000,0
131,1,3,19288422,0
131,1,8,19290059,0
132,1,0,19321155,0
132,1,1,19327256,0
132,1,2,19328710,0
132,1,3,19330132,0
132,1,8,19331770,0
133,1,0,19362881,0
133,1,1,19368978,0
133,1,2,19370432,0
133,1,3,19371854,0
133,1,5,19371883,0
133,2,0,19371884,0
133,2,1,19377919,0
133,2,4,19379344,0
133,3,0,19379345,0
133,3,1,19385379,0
133,3,4,19386814,0
133,4,0,19386815,0
133,4,1,19392849,0
133,4,4,19394284,0
133,5,0,19394285,0
133,5,1,19400315,0
133,5,2,19401769,0
133,5,3,19403187,0
133,5,8,19404825,0
134,1,0,19467513,0
134,1,1,19473602,0
134,1,2,19475056,0
134,1,3,19476479,0
134,1,8,19478116,0
135,1,0,19509195,0
135,1,1,19515285,0
135,1,2,19516738,0
135,1,3,19518161,0
135,1,5,19518191,0
135,2,0,19518191,0
135,2,1,19524227,0
135,2,4,19525668,0
135,3,0,19525668,0
135,3,1,19531699,0
135,3,2,19533156,0
135,3,3,19534571,0
135,3,8,19536208,0
136,1,0,19585354,0
136,1,1,19591452,0
136,1,4,19592908,0
136,2,0,19592909,0
136,2,1,19598939,0
136,2,4,19600390,0
136,3,0,19600391,0
136,3,1,19606425,0
136,3,2,19607879,0
136,3,3,19609301,0
136,3,8,19610939,0
137,1,0,19655576,0
137,1,1,19661661,0
137,1,2,19663119,0
137,1,3,19664542,0
137,1,5,19664577,0
137,2,0,19664578,0
137,2,1,19670608,0
137,2,2,19672062,0
137,2,3,19673481,0
137,2,8,19675118,0
138,1,0,19717493,0
138,1,1,19723595,0
138,1,2,19725048,0
138,1,3,19726471,0
138,1,5,19726479,0
138,2,0,19726480,0
138,2,1,19732511,0
138,2,4,19733940,0
138,3,0,19733941,0
138,3,1,19739971,0
138,3,2,19741425,0
138,3,3,19742843,0
138,3,8,19744481,0
139,1,0,19793631,0
139,1,1,19799717,0
139,1,4,19801166,0
139,2,0,19801167,0
139,2,1,19807202,0
139,2,2,19808655,0
139,2,3,19810078,0
139,2,8,19811715,0
140,1,0,19849568,0
140,1,1,19855658,0
140,1,4,19857095,0
140,2,0,19857096,0
140,2,1,19863130,0
140,2,2,19864584,0
140,2,3,19866006,0
140,2,5,19866037,0
140,3,0,19866038,0
140,3,1,19872068,0
140,3,2,19873526,0
140,3,3,19874941,0
140,3,8,19876578,0
141,1,0,19925712,0
141,1,1,19931797,0
141,1,2,19933255,0
141,1,3,19934678,0
141,1,5,19934709,0
141,2,0,19934710,0
141,2,1,19940741,0
141,2,4,19942167,0
141,3,0,19942168,0
141,3,1,19948203,0
141,3,2,19949656,0
141,3,3,19951071,0
141,3,8,19952712,0
142,1,0,20001847,0
142,1,1,20007937,0
142,1,4,20009384,0
142,2,0,20009384,0
142,2,1,20015419,0
142,2,2,20016872,0
142,2,3,20018295,0
142,2,5,20018318,0
142,3,0,20018319,0
142,3,1,20024353,0
142,3,4,20025771,0
142,4,0,20025771,0
142,4,1,20031802,0
142,4,2,20033260,0
142,4,3,20034674,0
142,4,5,20034709,0
142,5,0,20034709,0
142,5,1,20040740,0
142,5,4,20042168,0
142,6,0,20042169,0
142,6,1,20048203,0
142,6,4,20049645,0
142,7,0,20049646,0
142,7,1,20055681,0
142,7,2,20057134,0
142,7,3,20058549,0
142,7,5,20058572,0
142,8,0,20058573,0
142,8,1,20064608,0
142,8,2,20066061,0
142,8,3,20067476,0
142,8,8,20069113,0
143,1,0,20161133,0
143,1,1,20167223,0
143,1,4,20168652,0
143,2,0,20168653,0
143,2,1,20174688,0
143,2,2,20176141,0
143,2,3,20177564,0
143,2,5,20177569,0
143,3,0,20177569,0
143,3,1,20183604,0
143,3,2,20185057,0
143,3,3,20186472,0
143,3,8,20188109,0
144,1,0,20237256,0
144,1,1,20243358,0
144,1,2,20244811,0
144,1,3,20246234,0
144,1,8,20247871,0
145,1,0,20278974,0
145,1,1,20285076,0
145,1,4,20286520,0
145,2,0,20286521,0
145,2,1,20292551,0
145,2,4,20294007,0
145,3,0,20294008,0
145,3,1,20300039,0
145,3,4,20301462,0
145,4,0,20301463,0
145,4,1,20307497,0
145,4,2,20308951,0
145,4,3,20310373,0
145,4,5,20310390,0
145,5,0,20310391,0
145,5,1,20316425,0
145,5,4,20317870,0
145,6,0,20317871,0
145,6,1,20323905,0
145,6,4,20325356,0
145,7,0,20325357,0
145,7,1,20331387,0
145,7,2,20332845,0
145,7,3,20334259,0
145,7,8,20335897,0
146,1,0,20412138,0
146,1,1,20418240,0
146,1,2,20419693,0
146,1,3,20421116,0
146,1,8,20422757,0
147,1,0,20453848,0
147,1,1,20459934,0
147,1,2,20461387,0
147,1,3,20462814,0
147,1,5,20462849,0
147,2,0,20462850,0
147,2,1,20468880,0
147,2,4,20470322,0
147,3,0,20470323,0
147,3,1,20476358,0
147,3,4,20477790,0
147,4,0,20477791,0
147,4,1,20483826,0
147,4,2,20485279,0
147,4,3,20486694,0
147,4,8,20488331,0
148,1,0,20544250,0
148,1,1,20550348,0
148,1,2,20551801,0
148,1,3,20553228,0
148,1,8,20554865,0
149,1,0,20585957,0
149,1,1,20592042,0
149,1,4,20593477,0
149,2,0,20593478,0
149,2,1,20599509,0
149,2,2,20600962,0
149,2,3,20602385,0
149,2,8,20604027,0
150,1,0,20641889,0
150,1,1,20647990,0
150,1,2,20649444,0
150,1,3,20650866,0
150,1,5,20650887,0
150,2,0,20650888,0
150,2,1,20656922,0
150,2,4,20658349,0
150,3,0,20658350,0
150,3,1,20664385,0
150,3,4,20665802,0
150,4,0,20665803,0
150,4,1,20671833,0
150,4,2,20673291,0
150,4,3,20674706,0
150,4,5,20674740,0
150,5,0,20674740,0
150,5,1,20680771,0
150,5,2,20682224,0
150,5,3,20683643,0
150,5,5,20683654,0
150,6,0,20683654,0
150,6,1,20689685,0
150,6,2,20691138,0
150,6,3,20692553,0
150,6,5,20692558,0
150,7,0,20692558,0
150,7,1,20698593,0
150,7,2,20700047,0
150,7,3,20701461,0
150,7,8,20703103,0
151,1,0,20792878,0
151,1,1,20798964,0
151,1,4,20800406,0
151,2,0,20800407,0
151,2,1,20806442,0
151,2,4,20807884,0
151,3,0,20807884,0
151,3,1,20813919,0
151,3,2,20815372,0
151,3,3,20816795,0
151,3,8,20818432,0
152,1,0,20863064,0
152,1,1,20869150,0
152,1,4,20870589,0
152,2,0,20870589,0
152,2,1,20876624,0
152,2,4,20878067,0
152,3,0,20878067,0
152,3,1,20884102,0
152,3,4,20885521,0
152,4,0,20885521,0
152,4,1,20891552,0
152,4,2,20893009,0
152,4,3,20894432,0
152,4,5,20894464,0
152,5,0,20894464,0
152,5,1,20900495,0
152,5,2,20901949,0
152,5,3,20903368,0
152,5,8,20905005,0
153,1,0,20967682,0
153,1,1,20973771,0
153,1,2,20975225,0
153,1,3,20976648,0
153,1,8,20978285,0
154,1,0,21009368,0
154,1,1,21015458,0
154,1,4,21016905,0
154,2,0,21016906,0
154,2,1,21022940,0
154,2,2,21024394,0
154,2,3,21025816,0
154,2,8,21027453,0
155,1,0,21065303,0
155,1,1,21071389,0
155,1,4,21072834,0
155,2,0,21072834,0
155,2,1,21078865,0
155,2,2,21080318,0
155,2,3,21081741,0
155,2,5,21081744,0
155,3,0,21081745,0
155,3,1,21087780,0
155,3,2,21089233,0
155,3,3,21090648,0
155,3,5,21090662,0
155,4,0,21090662,0
155,4,1,21096697,0
155,4,2,21098151,0
155,4,3,21099565,0
155,4,8,21101203,0
156,1,0,21161626,0
156,1,1,21167716,0
156,1,4,21169162,0
156,2,0,21169163,0
156,2,1,21175197,0
156,2,2,21176651,0
156,2,3,21178074,0
156,2,5,21178081,0
156,3,0,21178082,0
156,3,1,21184116,0
156,3,2,21185570,0
156,3,3,21186984,0
156,3,8,21188622,0
157,1,0,21237760,0
157,1,1,21243850,0
157,1,4,21245293,0
157,2,0,21245294,0
157,2,1,21251325,0
157,2,2,21252782,0
157,2,3,21254205,0
157,2,5,21254244,0
157,3,0,21254245,0
157,3,1,21260275,0
157,3,2,21261729,0
157,3,3,21263148,0
157,3,8,21264785,0
158,1,0,21313920,0
158,1,1,21320005,0
158,1,2,21321459,0
158,1,3,21322886,0
158,1,5,21322904,0
158,2,0,21322905,0
158,2,1,21328935,0
158,2,2,21330389,0
158,2,3,21331804,0
158,2,5,21331808,0
158,3,0,21331808,0
158,3,1,21337843,0
158,3,2,21339296,0
158,3,3,21340711,0
158,3,5,21340749,0
158,4,0,21340750,0
158,4,1,21346785,0
158,4,2,21348239,0
158,4,3,21349653,0
158,4,8,21351291,0
159,1,0,21416228,0
159,1,1,21422314,0
159,1,2,21423771,0
159,1,3,21425194,0
159,1,8,21426831,0
160,1,0,21457910,0
160,1,1,21464000,0
160,1,2,21465453,0
160,1,3,21466876,0
160,1,8,21468513,0
161,1,0,21499596,0
161,1,1,21505686,0
161,1,4,21507128,0
161,2,0,21507128,0
161,2,1,21513163,0
161,2,4,21514615,0
161,3,0,21514616,0
161,3,1,21520646,0
161,3,4,21522084,0
161,4,0,21522084,0
161,4,1,21528119,0
161,4,2,21529573,0
161,4,3,21530995,0
161,4,8,21532632,0
162,1,0,21584028,0
162,1,1,21590114,0
162,1,4,21591543,0
162,2,0,21591544,0
162,2,1,21597578,0
162,2,2,21599032,0
162,2,3,21600454,0
162,2,5,21600475,0
162,3,0,21600475,0
162,3,1,21606510,0
162,3,4,21607929,0
162,4,0,21607930,0
162,4,1,21613964,0
162,4,4,21615391,0
162,5,0,21615392,0
162,5,1,21621423,0
162,5,2,21622880,0
162,5,3,21624295,0
162,5,8,21625932,0
163,1,0,21688608,0
163,1,1,21694698,0
163,1,4,21696116,0
163,2,0,21696117,0
163,2,1,21702147,0
163,2,2,21703605,0
163,2,3,21705027,0
163,2,5,21705064,0
163,3,0,21705065,0
163,3,1,21711096,0
163,3,4,21712537,0
163,4,0,21712538,0
163,4,1,21718573,0
163,4,4,21719994,0
163,5,0,21719994,0
163,5,1,21726029,0
163,5,4,21727454,0
163,6,0,21727454,0
163,6,1,21733489,0
163,6,2,21734943,0
163,6,3,21736357,0
163,6,8,21737995,0
164,1,0,21807441,0
164,1,1,21813531,0
164,1,4,21814957,0
164,2,0,21814958,0
164,2,1,21820989,0
164,2,2,21822442,0
164,2,3,21823869,0
164,2,5,21823884,0
164,3,0,21823885,0
164,3,1,21829915,0
164,3,2,21831369,0
164,3,3,21832788,0
164,3,8,21834425,0
165,1,0,21883576,0
165,1,1,21889673,0
165,1,4,21891117,0
165,2,0,21891118,0
165,2,1,21897152,0
165,2,2,21898606,0
165,2,3,21900028,0
165,2,8,21901666,0
166,1,0,21939532,0
166,1,1,21945621,0
166,1,4,21947037,0
166,2,0,21947038,0
166,2,1,21953073,0
166,2,2,21954526,0
166,2,3,21955949,0
166,2,8,21957586,0
167,1,0,21995436,0
167,1,1,22001522,0
167,1,2,22002980,0
167,1,3,22004402,0
167,1,8,22006040,0
168,1,0,22037118,0
168,1,1,22043208,0
168,1,2,22044661,0
168,1,3,22046084,0
168,1,8,22047721,0
169,1,0,22078800,0
169,1,1,22084890,0
169,1,2,22086344,0
169,1,3,22087766,0
169,1,8,22089404,0
170,1,0,22120487,0
170,1,1,22126577,0
170,1,4,22128015,0
170,2,0,22128015,0
170,2,1,22134050,0
170,2,2,22135504,0
170,2,3,22136926,0
170,2,8,22138563,0
171,1,0,22176417,0
171,1,1,22182503,0
171,1,2,22183961,0
171,1,3,22185383,0
171,1,8,22187021,0
172,1,0,22218112,0
172,1,1,22224214,0
172,1,4,22225663,0
172,2,0,22225664,0
172,2,1,22231694,0
172,2,2,22233152,0
172,2,3,22234574,0
172,2,8,22236212,0
173,1,0,22274073,0
173,1,1,22280159,0
173,1,2,22281612,0
173,1,3,22283039,0
173,1,8,22284676,0
174,1,0,22315755,0
174,1,1,22321841,0
174,1,4,22323270,0
174,2,0,22323271,0
174,2,1,22329301,0
174,2,4,22330753,0
174,3,0,22330753,0
174,3,1,22336789,0
174,3,4,22338224,0
174,4,0,22338225,0
174,4,1,22344260,0
174,4,4,22345705,0
174,5,0,22345706,0
174,5,1,22351737,0
174,5,4,22353171,0
174,6,0,22353172,0
174,6,1,22359203,0
174,6,4,22360624,0
174,7,0,22360625,0
174,7,1,22366659,0
174,7,2,22368113,0
174,7,3,22369535,0
174,7,5,22369543,0
174,8,0,22369544,0
174,8,1,22375579,0
174,8,4,22377029,0
174,9,0,22377030,0
174,9,1,22383065,0
174,9,4,22384493,0
174,10,0,22384494,0
174,10,1,22390524,0
174,10,2,22391978,0
174,10,3,22393397,0
174,10,8,22395034,0
175,1,0,22492086,0
175,1,1,22498175,0
175,1,2,22499629,0
175,1,3,22501052,0
175,1,5,22501083,0
175,2,0,22501084,0
175,2,1,22507119,0
175,2,2,22508572,0
175,2,3,22509987,0
175,2,8,22511625,0
176,1,0,22553992,0
176,1,1,22560078,0
176,1,4,22561511,0
176,2,0,22561512,0
176,2,1,22567547,0
176,2,2,22569000,0
176,2,3,22570423,0
176,2,5,22570448,0
176,3,0,22570449,0
176,3,1,22576483,0
176,3,2,22577937,0
176,3,3,22579352,0
176,3,8,22580989,0
177,1,0,22630128,0
177,1,1,22636218,0
177,1,4,22637642,0
177,2,0,22637643,0
177,2,1,22643677,0
177,2,2,22645131,0
177,2,3,22646553,0
177,2,5,22646557,0
177,3,0,22646558,0
177,3,1,22652589,0
177,3,2,22654046,0
177,3,3,22655461,0
177,3,8,22657098,0
178,1,0,22706232,0
178,1,1,22712318,0
178,1,4,22713753,0
178,2,0,22713753,0
178,2,1,22719784,0
178,2,2,22721237,0
178,2,3,22722660,0
178,2,5,22722669,0
178,3,0,22722670,0
178,3,1,22728704,0
178,3,2,22730158,0
178,3,3,22731572,0
178,3,5,22731589,0
178,4,0,22731590,0
178,4,1,22737625,0
178,4,4,22739047,0
178,5,0,22739048,0
178,5,1,22745082,0
178,5,2,22746536,0
178,5,3,22747950,0
178,5,5,22747952,0
178,6,0,22747952,0
178,6,1,22753987,0
178,6,4,22755403,0
178,7,0,22755404,0
178,7,1,22761434,0
178,7,4,22762861,0
178,8,0,22762862,0
178,8,1,22768892,0
178,8,4,22770320,0
178,9,0,22770321,0
178,9,1,22776356,0
178,9,2,22777810,0
178,9,3,22779225,0
178,9,5,22779234,0
178,10,0,22779234,0
178,10,1,22785269,0
178,10,2,22786722,0
178,10,3,22788137,0
178,10,8,22789774,0
179,1,0,22900371,0
179,1,1,22906461,0
179,1,2,22907915,0
179,1,3,22909337,0
179,1,8,22910975,0
180,1,0,22942058,0
180,1,1,22948148,0
180,1,4,22949564,0
180,2,0,22949565,0
180,2,1,22955599,0
180,2,2,22957053,0
180,2,3,22958475,0
180,2,5,22958498,0
180,3,0,22958499,0
180,3,1,22964533,0
180,3,2,22965987,0
180,3,3,22967402,0
180,3,5,22967432,0
180,4,0,22967433,0
180,4,1,22973467,0
180,4,2,22974921,0
180,4,3,22976335,0
180,4,8,22977973,0
181,1,0,23038391,0
181,1,1,23044482,0
181,1,2,23045935,0
181,1,3,23047358,0
181,1,5,23047376,0
181,2,0,23047377,0
181,2,1,23053412,0
181,2,4,23054853,0
181,3,0,23054854,0
181,3,1,23060884,0
181,3,2,23062338,0
181,3,3,23063757,0
181,3,5,23063783,0
181,4,0,23063784,0
181,4,1,23069814,0
181,4,4,23071242,0
181,5,0,23071242,0
181,5,1,23077277,0
181,5,2,23078730,0
181,5,3,23080145,0
181,5,5,23080168,0
181,6,0,23080169,0
181,6,1,23086204,0
181,6,2,23087657,0
181,6,3,23089072,0
181,6,8,23090709,0
182,1,0,23169188,0
182,1,1,23175278,0
182,1,4,23176722,0
182,2,0,23176723,0
182,2,1,23182757,0
182,2,2,23184211,0
182,2,3,23185634,0
182,2,5,23185641,0
182,3,0,23185641,0
182,3,1,23191672,0
182,3,4,23193121,0
182,4,0,23193121,0
182,4,1,23199152,0
182,4,2,23200605,0
182,4,3,23202020,0
182,4,5,23202060,0
182,5,0,23202061,0
182,5,1,23208095,0
182,5,4,23209523,0
182,6,0,23209524,0
182,6,1,23215559,0
182,6,4,23216993,0
182,7,0,23216994,0
182,7,1,23223028,0
182,7,4,23224461,0
182,8,0,23224462,0
182,8,1,23230492,0
182,8,4,23231927,0
182,9,0,23231928,0
182,9,1,23237963,0
182,9,4,23239378,0
182,10,0,23239379,0
182,10,1,23245414,0
182,10,4,23246866,0
182,11,0,23246867,0
182,11,1,23252902,0
182,11,2,23254355,0
182,11,3,23255770,0
182,11,5,23255807,0
182,12,0,23255808,0
182,12,1,23261839,0
182,12,2,23263296,0
182,12,3,23264711,0
182,12,8,23266348,0
183,1,0,23386761,0
183,1,1,23392863,0
183,1,4,23394285,0
183,2,0,23394286,0
183,2,1,23400316,0
183,2,4,23401731,0
183,3,0,23401732,0
183,3,1,23407766,0
183,3,2,23409220,0
183,3,3,23410642,0
183,3,5,23410675,0
183,4,0,23410676,0
183,4,1,23416710,0
183,4,2,23418164,0
183,4,3,23419578,0
183,4,8,23421216,0
184,1,0,23477141,0
184,1,1,23483230,0
184,1,2,23484684,0
184,1,3,23486107,0
184,1,8,23487744,0
185,1,0,23518826,0
185,1,1,23524916,0
185,1,2,23526369,0
185,1,3,23527792,0
185,1,5,23527797,0
185,2,0,23527798,0
185,2,1,23533832,0
185,2,2,23535286,0
185,2,3,23536701,0
185,2,5,23536705,0
185,3,0,23536706,0
185,3,1,23542740,0
185,3,4,23544164,0
185,4,0,23544165,0
185,4,1,23550196,0
185,4,2,23551649,0
185,4,3,23553068,0
185,4,5,23553084,0
185,5,0,23553085,0
185,5,1,23559116,0
185,5,2,23560569,0
185,5,3,23561984,0
185,5,5,23561994,0
185,6,0,23561995,0
185,6,1,23568029,0
185,6,2,23569483,0
185,6,3,23570897,0
185,6,8,23572535,0
186,1,0,23655538,0
186,1,1,23661636,0
186,1,4,23663074,0
186,2,0,23663075,0
186,2,1,23669106,0
186,2,2,23670559,0
186,2,3,23671982,0
186,2,5,23671985,0
186,3,0,23671986,0
186,3,1,23678020,0
186,3,2,23679474,0
186,3,3,23680889,0
186,3,5,23680895,0
186,4,0,23680895,0
186,4,1,23686930,0
186,4,2,23688384,0
186,4,3,23689799,0
186,4,5,23689838,0
186,5,0,23689839,0
186,5,1,23695873,0
186,5,2,23697327,0
186,5,3,23698741,0
186,5,8,23700379,0
187,1,0,23772110,0
187,1,1,23778213,0
187,1,4,23779630,0
187,2,0,23779631,0
187,2,1,23785666,0
187,2,2,23787120,0
187,2,3,23788542,0
187,2,5,23788556,0
187,3,0,23788557,0
187,3,1,23794591,0
187,3,2,23796045,0
187,3,3,23797460,0
187,3,8,23799097,0
188,1,0,23848247,0
188,1,1,23854338,0
188,1,4,23855755,0
188,2,0,23855756,0
188,2,1,23861787,0
188,2,2,23863244,0
188,2,3,23864667,0
188,2,5,23864681,0
188,3,0,23864682,0
188,3,1,23870713,0
188,3,4,23872131,0
188,4,0,23872132,0
188,4,1,23878167,0
188,4,4,23879618,0
188,5,0,23879619,0
188,5,1,23885654,0
188,5,2,23887107,0
188,5,3,23888522,0
188,5,5,23888541,0
188,6,0,23888542,0
188,6,1,23894577,0
188,6,4,23895992,0
188,7,0,23895993,0
188,7,1,23902024,0
188,7,2,23903481,0
188,7,3,23904896,0
188,7,5,23904904,0
188,8,0,23904905,0
188,8,1,23910936,0
188,8,2,23912389,0
188,8,3,23913808,0
188,8,5,23913825,0
188,9,0,23913825,0
188,9,1,23919856,0
188,9,4,23921288,0
188,10,0,23921289,0
188,10,1,23927323,0
188,10,2,23928777,0
188,10,3,23930192,0
188,10,8,23931829,0
189,1,0,24042425,0
189,1,1,24048515,0
189,1,4,24049932,0
189,2,0,24049933,0
189,2,1,24055967,0
189,2,2,24057421,0
189,2,3,24058843,0
189,2,5,24058863,0
189,3,0,24058864,0
189,3,1,24064899,0
189,3,2,24066352,0
189,3,3,24067767,0
189,3,8,24069404,0
190,1,0,24118544,0
190,1,1,24124633,0
190,1,2,24126087,0
190,1,3,24127509,0
190,1,5,24127526,0
190,2,0,24127527,0
190,2,1,24133561,0
190,2,2,24135015,0
190,2,3,24136430,0
190,2,8,24138067,0
191,1,0,24180442,0
191,1,1,24186544,0
191,1,2,24187997,0
191,1,3,24189420,0
191,1,8,24191057,0
192,1,0,24222152,0
192,1,1,24228242,0
192,1,4,24229663,0
192,2,0,24229664,0
192,2,1,24235699,0
192,2,4,24237119,0
192,3,0,24237120,0
192,3,1,24243155,0
192,3,2,24244608,0
192,3,3,24246031,0
192,3,8,24247668,0
193,1,0,24292289,0
193,1,1,24298378,0
193,1,2,24299832,0
193,1,3,24301254,0
193,1,8,24302896,0
194,1,0,24333975,0
194,1,1,24340061,0
194,1,2,24341515,0
194,1,3,24342941,0
194,1,5,24342951,0
194,2,0,24342951,0
194,2,1,24348982,0
194,2,2,24350435,0
194,2,3,24351850,0
194,2,8,24353492,0
195,1,0,24395856,0
195,1,1,24401941,0
195,1,4,24403371,0
195,2,0,24403372,0
195,2,1,24409403,0
195,2,4,24410834,0
195,3,0,24410835,0
195,3,1,24416870,0
195,3,4,24418294,0
195,4,0,24418295,0
195,4,1,24424330,0
195,4,4,24425758,0
195,5,0,24425759,0
195,5,1,24431789,0
195,5,2,24433247,0
195,5,3,24434670,0
195,5,5,24434705,0
195,6,0,24434706,0
195,6,1,24440737,0
195,6,4,24442180,0
195,7,0,24442181,0
195,7,1,24448216,0
195,7,4,24449667,0
195,8,0,24449668,0
195,8,1,24455703,0
195,8,2,24457156,0
195,8,3,24458571,0
195,8,5,24458584,0
195,9,0,24458584,0
195,9,1,24464619,0
195,9,2,24466073,0
195,9,3,24467487,0
195,9,8,24469125,0
196,1,0,24563418,0
196,1,1,24569516,0
196,1,4,24570941,0
196,2,0,24570941,0
196,2,1,24576976,0
196,2,4,24578391,0
196,3,0,24578392,0
196,3,1,24584427,0
196,3,4,24585855,0
196,4,0,24585856,0
196,4,1,24591886,0
196,4,2,24593344,0
196,4,3,24594766,0
196,4,8,24596404,0
197,1,0,24647806,0
197,1,1,24653896,0
197,1,2,24655350,0
197,1,3,24656772,0
197,1,5,24656808,0
197,2,0,24656809,0
197,2,1,24662843,0
197,2,2,24664297,0
197,2,3,24665711,0
197,2,5,24665733,0
197,3,0,24665734,0
197,3,1,24671764,0
197,3,4,24673191,0
197,4,0,24673192,0
197,4,1,24679223,0
197,4,4,24680675,0
197,5,0,24680676,0
197,5,1,24686711,0
197,5,2,24688164,0
197,5,3,24689579,0
197,5,5,24689582,0
197,6,0,24689583,0
197,6,1,24695618,0
197,6,4,24697047,0
197,7,0,24697048,0
197,7,1,24703083,0
197,7,4,24704531,0
197,8,0,24704532,0
197,8,1,24710562,0
197,8,2,24712016,0
197,8,3,24713435,0
197,8,8,24715072,0
198,1,0,24807089,0
198,1,1,24813179,0
198,1,4,24814616,0
198,2,0,24814617,0
198,2,1,24820647,0
198,2,2,24822101,0
198,2,3,24823528,0
198,2,5,24823552,0
198,3,0,24823553,0
198,3,1,24829583,0
198,3,2,24831037,0
198,3,3,24832452,0
198,3,5,24832457,0
198,4,0,24832457,0
198,4,1,24838492,0
198,4,4,24839935,0
198,5,0,24839936,0
198,5,1,24845970,0
198,5,2,24847424,0
198,5,3,24848838,0
198,5,8,24850476,0
199,1,0,24917670,0
199,1,1,24923759,0
199,1,4,24925181,0
199,2,0,24925182,0
199,2,1,24931212,0
199,2,2,24932666,0
199,2,3,24934092,0
199,2,8,24935730,0
200,1,0,24973584,0
200,1,1,24979669,0
200,1,2,24981123,0
200,1,3,24982545,0
200,1,5,24982569,0
200,2,0,24982570,0
200,2,1,24988604,0
200,2,4,24990024,0
200,3,0,24990025,0
200,3,1,24996059,0
200,3,4,24997502,0
200,4,0,24997502,0
200,4,1,25003537,0
200,4,4,25004967,0
200,5,0,25004968,0
200,5,1,25010999,0
200,5,2,25012452,0
200,5,3,25013871,0
200,5,8,25015509,0
201,1,0,25078185,0
201,1,1,25084275,0
201,1,2,25085728,0
201,1,3,25087151,0
201,1,8,25088788,0
202,1,0,25119871,0
202,1,1,25125960,0
202,1,2,25127414,0
202,1,3,25128837,0
202,1,5,25128872,0
202,2,0,25128872,0
202,2,1,25134907,0
202,2,2,25136361,0
202,2,3,25137775,0
202,2,5,25137805,0
202,3,0,25137806,0
202,3,1,25143841,0
202,3,2,25145294,0
202,3,3,25146709,0
202,3,5,25146724,0
202,4,0,25146725,0
202,4,1,25152759,0
202,4,2,25154213,0
202,4,3,25155627,0
202,4,5,25155645,0
202,5,0,25155646,0
202,5,1,25161677,0
202,5,2,25163134,0
202,5,3,25164549,0
202,5,8,25166186,0
203,1,0,25242403,0
203,1,1,25248493,0
203,1,4,25249909,0
203,2,0,25249910,0
203,2,1,25255944,0
203,2,2,25257398,0
203,2,3,25258820,0
203,2,8,25260458,0
204,1,0,25298312,0
204,1,1,25304402,0
204,1,4,25305827,0
204,2,0,25305828,0
204,2,1,25311858,0
204,2,4,25313285,0
204,3,0,25313286,0
204,3,1,25319317,0
204,3,2,25320770,0
204,3,3,25322193,0
204,3,8,25323834,0
205,1,0,25368466,0
205,1,1,25374568,0
205,1,4,25376001,0
205,2,0,25376002,0
205,2,1,25382032,0
205,2,4,25383455,0
205,3,0,25383456,0
205,3,1,25389487,0
205,3,4,25390937,0
205,4,0,25390938,0
205,4,1,25396973,0
205,4,2,25398426,0
205,4,3,25399849,0
205,4,8,25401486,0
206,1,0,25452898,0
206,1,1,25458984,0
206,1,4,25460402,0
206,2,0,25460403,0
206,2,1,25466437,0
206,2,2,25467891,0
206,2,3,25469313,0
206,2,8,25470950,0
207,1,0,25508806,0
207,1,1,25514896,0
207,1,2,25516349,0
207,1,3,25517772,0
207,1,5,25517779,0
207,2,0,25517779,0
207,2,1,25523814,0
207,2,2,25525267,0
207,2,3,25526682,0
207,2,8,25528319,0
208,1,0,25570684,0
208,1,1,25576774,0
208,1,4,25578212,0
208,2,0,25578212,0
208,2,1,25584247,0
208,2,4,25585675,0
208,3,0,25585676,0
208,3,1,25591707,0
208,3,2,25593164,0
208,3,3,25594587,0
208,3,5,25594616,0
208,4,0,25594616,0
208,4,1,25600647,0
208,4,4,25602063,0
208,5,0,25602064,0
208,5,1,25608098,0
208,5,4,25609536,0
208,6,0,25609537,0
208,6,1,25615572,0
208,6,2,25617025,0
208,6,3,25618440,0
208,6,8,25620077,0
209,1,0,25689528,0
209,1,1,25695618,0
209,1,2,25697071,0
209,1,3,25698494,0
209,1,5,25698511,0
209,2,0,25698512,0
209,2,1,25704547,0
209,2,2,25706000,0
209,2,3,25707415,0
209,2,5,25707436,0
209,3,0,25707437,0
209,3,1,25713471,0
209,3,4,25714889,0
209,4,0,25714890,0
209,4,1,25720920,0
209,4,2,25722374,0
209,4,3,25723793,0
209,4,5,25723826,0
209,5,0,25723827,0
209,5,1,25729858,0
209,5,4,25731281,0
209,6,0,25731282,0
209,6,1,25737316,0
209,6,4,25738756,0
209,7,0,25738757,0
209,7,1,25744792,0
209,7,4,25746217,0
209,8,0,25746218,0
209,8,1,25752249,0
209,8,2,25753706,0
209,8,3,25755121,0
209,8,8,25756758,0
210,1,0,25848787,0
210,1,1,25854889,0
210,1,2,25856342,0
210,1,3,25857765,0
210,1,5,25857775,0
210,2,0,25857776,0
210,2,1,25863810,0
210,2,4,25865247,0
210,3,0,25865247,0
210,3,1,25871278,0
210,3,2,25872735,0
210,3,3,25874150,0
210,3,5,25874185,0
210,4,0,25874186,0
210,4,1,25880216,0
210,4,2,25881670,0
210,4,3,25883089,0
210,4,8,25884727,0
211,1,0,25945157,0
211,1,1,25951243,0
211,1,4,25952666,0
211,2,0,25952667,0
211,2,1,25958701,0
211,2,4,25960121,0
211,3,0,25960122,0
211,3,1,25966157,0
211,3,4,25967580,0
211,4,0,25967581,0
211,4,1,25973616,0
211,4,2,25975069,0
211,4,3,25976492,0
211,4,8,25978129,0
212,1,0,26029520,0
212,1,1,26035610,0
212,1,4,26037034,0
212,2,0,26037034,0
212,2,1,26043069,0
212,2,2,26044522,0
212,2,3,26045945,0
212,2,5,26045974,0
212,3,0,26045975,0
212,3,1,26052005,0
212,3,4,26053446,0
212,4,0,26053447,0
212,4,1,26059477,0
212,4,4,26060900,0
212,5,0,26060901,0
212,5,1,26066935,0
212,5,2,26068389,0
212,5,3,26069804,0
212,5,5,26069819,0
212,6,0,26069820,0
212,6,1,26075854,0
212,6,4,26077296,0
212,7,0,26077296,0
212,7,1,26083331,0
212,7,2,26084784,0
212,7,3,26086199,0
212,7,5,26086212,0
212,8,0,26086213,0
212,8,1,26092243,0
212,8,4,26093667,0
212,9,0,26093667,0
212,9,1,26099698,0
212,9,2,26101151,0
212,9,3,26102566,0
212,9,5,26102581,0
212,10,0,26102582,0
212,10,1,26108616,0
212,10,4,26110054,0
212,11,0,26110055,0
212,11,1,26116090,0
212,11,4,26117516,0
212,12,0,26117516,0
212,12,1,26123551,0
212,12,4,26124990,0
212,13,0,26124991,0
212,13,1,26131022,0
212,13,4,26132470,0
212,14,0,26132471,0
212,14,1,26138506,0
212,14,4,26139924,0
212,15,0,26139924,0
212,15,1,26145959,0
212,15,4,26147390,0
212,16,0,26147391,0
212,16,1,26153426,0
212,16,2,26154879,0
212,16,3,26156294,0
212,16,8,26157931,0
213,1,0,26310884,0
213,1,1,26316973,0
213,1,4,26318389,0
213,2,0,26318390,0
213,2,1,26324425,0
213,2,4,26325849,0
213,3,0,26325850,0
213,3,1,26331881,0
213,3,4,26333317,0
213,4,0,26333318,0
213,4,1,26339348,0
213,4,2,26340802,0
213,4,3,26342224,0
213,4,8,26343866,0
214,1,0,26395257,0
214,1,1,26401343,0
214,1,2,26402801,0
214,1,3,26404223,0
214,1,8,26405860,0
215,1,0,26436951,0
215,1,1,26443053,0
215,1,4,26444474,0
215,2,0,26444475,0
215,2,1,26450506,0
215,2,2,26451959,0
215,2,3,26453386,0
215,2,5,26453406,0
215,3,0,26453406,0
215,3,1,26459437,0
215,3,4,26460870,0
215,4,0,26460871,0
215,4,1,26466905,0
215,4,4,26468326,0
215,5,0,26468327,0
215,5,1,26474362,0
215,5,4,26475812,0
215,6,0,26475813,0
215,6,1,26481844,0
215,6,4,26483265,0
215,7,0,26483266,0
215,7,1,26489296,0
215,7,2,26490750,0
215,7,3,26492165,0
215,7,5,26492169,0
215,8,0,26492170,0
215,8,1,26498204,0
215,8,2,26499658,0
215,8,3,26501072,0
215,8,5,26501101,0
215,9,0,26501102,0
215,9,1,26507136,0
215,9,2,26508590,0
215,9,3,26510004,0
215,9,5,26510014,0
215,10,0,26510015,0
215,10,1,26516049,0
215,10,4,26517494,0
215,11,0,26517494,0
215,11,1,26523529,0
215,11,2,26524982,0
215,11,3,26526397,0
215,11,8,26528034,0
216,1,0,26645772,0
216,1,1,26651870,0
216,1,2,26653327,0
216,1,3,26654750,0
216,1,8,26656387,0
217,1,0,26687490,0
217,1,1,26693592,0
217,1,4,26695031,0
217,2,0,26695032,0
217,2,1,26701063,0
217,2,4,26702483,0
217,3,0,26702484,0
217,3,1,26708518,0
217,3,2,26709972,0
217,3,3,26711394,0
217,3,8,26713036,0
218,1,0,26757669,0
218,1,1,26763759,0
218,1,2,26765212,0
218,1,3,26766635,0
218,1,5,26766661,0
218,2,0,26766662,0
218,2,1,26772692,0
218,2,4,26774124,0
218,3,0,26774124,0
218,3,1,26780155,0
218,3,2,26781608,0
218,3,3,26783027,0
218,3,5,26783031,0
218,4,0,26783032,0
218,4,1,26789063,0
218,4,4,26790508,0
218,5,0,26790508,0
218,5,1,26796543,0
218,5,4,26797967,0
218,6,0,26797968,0
218,6,1,26804003,0
218,6,4,26805429,0
218,7,0,26805430,0
218,7,1,26811461,0
218,7,4,26812910,0
218,8,0,26812911,0
218,8,1,26818942,0
218,8,4,26820375,0
218,9,0,26820375,0
218,9,1,26826410,0
218,9,2,26827863,0
218,9,3,26829278,0
218,9,8,26830915,0
219,1,0,26925192,0
219,1,1,26931278,0
219,1,2,26932736,0
219,1,3,26934158,0
219,1,5,26934175,0
219,2,0,26934176,0
219,2,1,26940206,0
219,2,2,26941660,0
219,2,3,26943079,0
219,2,8,26944716,0
220,1,0,26987080,0
220,1,1,26993169,0
220,1,2,26994623,0
220,1,3,26996045,0
220,1,8,26997683,0
221,1,0,27028762,0
221,1,1,27034852,0
221,1,4,27036287,0
221,2,0,27036288,0
221,2,1,27042319,0
221,2,4,27043741,0
221,3,0,27043741,0
221,3,1,27049772,0
221,3,2,27051225,0
221,3,3,27052648,0
221,3,5,27052662,0
221,4,0,27052662,0
221,4,1,27058697,0
221,4,2,27060150,0
221,4,3,27061565,0
221,4,8,27063207,0
222,1,0,27119112,0
222,1,1,27125202,0
222,1,4,27126649,0
222,2,0,27126650,0
222,2,1,27132681,0
222,2,2,27134138,0
222,2,3,27135561,0
222,2,8,27137198,0
223,1,0,27175048,0
223,1,1,27181133,0
223,1,4,27182554,0
223,2,0,27182554,0
223,2,1,27188589,0
223,2,2,27190042,0
223,2,3,27191465,0
223,2,8,27193106,0
224,1,0,27230956,0
224,1,1,27237046,0
224,1,2,27238499,0
224,1,3,27239922,0
224,1,5,27239946,0
224,2,0,27239947,0
224,2,1,27245981,0
224,2,4,27247426,0
224,3,0,27247427,0
224,3,1,27253461,0
224,3,4,27254882,0
224,4,0,27254883,0
224,4,1,27260914,0
224,4,2,27262367,0
224,4,3,27263786,0
224,4,5,27263791,0
224,5,0,27263792,0
224,5,1,27269822,0
224,5,2,27271276,0
224,5,3,27272690,0
224,5,5,27272712,0
224,6,0,27272713,0
224,6,1,27278743,0
224,6,4,27280159,0
224,7,0,27280160,0
224,7,1,27286194,0
224,7,2,27287648,0
224,7,3,27289062,0
224,7,5,27289092,0
224,8,0,27289093,0
224,8,1,27295128,0
224,8,4,27296576,0
224,9,0,27296577,0
224,9,1,27302608,0
224,9,4,27304055,0
224,10,0,27304056,0
224,10,1,27310086,0
224,10,2,27311540,0
224,10,3,27312959,0
224,10,8,27314596,0
225,1,0,27425188,0
225,1,1,27431274,0
225,1,2,27432731,0
225,1,3,27434154,0
225,1,8,27435791,0
226,1,0,27466882,0
226,1,1,27472984,0
226,1,4,27474437,0
226,2,0,27474438,0
226,2,1,27480468,0
226,2,2,27481922,0
226,2,3,27483349,0
226,2,8,27484986,0
227,1,0,27522852,0
227,1,1,27528938,0
227,1,2,27530391,0
227,1,3,27531814,0
227,1,5,27531818,0
227,2,0,27531819,0
227,2,1,27537853,0
227,2,4,27539272,0
227,3,0,27539273,0
227,3,1,27545308,0
227,3,2,27546761,0
227,3,3,27548176,0
227,3,8,27549813,0
228,1,0,27598963,0
228,1,1,27605065,0
228,1,4,27606486,0
228,2,0,27606487,0
228,2,1,27612517,0
228,2,2,27613975,0
228,2,3,27615397,0
228,2,5,27615402,0
228,3,0,27615402,0
228,3,1,27621433,0
228,3,2,27622890,0
228,3,3,27624305,0
228,3,8,27625942,0
229,1,0,27675100,0
229,1,1,27681198,0
229,1,2,27682651,0
229,1,3,27684078,0
229,1,8,27685715,0
230,1,0,27716806,0
230,1,1,27722896,0
230,1,2,27724349,0
230,1,3,27725772,0
230,1,8,27727409,0
231,1,0,27758500,0
231,1,1,27764602,0
231,1,2,27766056,0
231,1,3,27767478,0
231,1,8,27769115,0
232,1,0,27800210,0
232,1,1,27806300,0
232,1,2,27807754,0
232,1,3,27809177,0
232,1,8,27810814,0
233,1,0,27841897,0
233,1,1,27847987,0
233,1,4,27849403,0
233,2,0,27849404,0
233,2,1,27855438,0
233,2,4,27856886,0
233,3,0,27856887,0
233,3,1,27862921,0
233,3,2,27864375,0
233,3,3,27865797,0
233,3,5,27865804,0
233,4,0,27865805,0
233,4,1,27871835,0
233,4,2,27873293,0
233,4,3,27874708,0
233,4,8,27876345,0
234,1,0,27932262,0
234,1,1,27938364,0
234,1,2,27939817,0
234,1,3,27941240,0
234,1,8,27942881,0
235,1,0,27973973,0
235,1,1,27980058,0
235,1,2,27981512,0
235,1,3,27982939,0
235,1,5,27982977,0
235,2,0,27982977,0
235,2,1,27989008,0
235,2,4,27990425,0
235,3,0,27990426,0
235,3,1,27996460,0
235,3,2,27997914,0
235,3,3,27999328,0
235,3,5,27999348,0
235,4,0,27999349,0
235,4,1,28005383,0
235,4,4,28006809,0
235,5,0,28006810,0
235,5,1,28012844,0
235,5,4,28014266,0
235,6,0,28014267,0
235,6,1,28020298,0
235,6,2,28021751,0
235,6,3,28023170,0
235,6,5,28023201,0
235,7,0,28023202,0
235,7,1,28029233,0
235,7,2,28030686,0
235,7,3,28032101,0
235,7,8,28033743,0
236,1,0,28118988,0
236,1,1,28125078,0
236,1,2,28126531,0
236,1,3,28127954,0
236,1,8,28129591,0
237,1,0,28160674,0
237,1,1,28166764,0
237,1,2,28168217,0
237,1,3,28169640,0
237,1,8,28171277,0
238,1,0,28202372,0
238,1,1,28208474,0
238,1,2,28209927,0
238,1,3,28211350,0
238,1,8,28212991,0
239,1,0,28244082,0
239,1,1,28250168,0
239,1,4,28251595,0
239,2,0,28251596,0
239,2,1,28257630,0
239,2,4,28259077,0
239,3,0,28259078,0
239,3,1,28265112,0
239,3,2,28266566,0
239,3,3,28267988,0
239,3,8,28269626,0
240,1,0,28314251,0
240,1,1,28320337,0
240,1,2,28321790,0
240,1,3,28323217,0
240,1,8,28324854,0
241,1,0,28355933,0
241,1,1,28362019,0
241,1,2,28363477,0
241,1,3,28364899,0
241,1,8,28366537,0
242,1,0,28397627,0
242,1,1,28403729,0
242,1,2,28405182,0
242,1,3,28406605,0
242,1,5,28406612,0
242,2,0,28406613,0
242,2,1,28412643,0
242,2,4,28414077,0
242,3,0,28414077,0
242,3,1,28420108,0
242,3,2,28421562,0
242,3,3,28422981,0
242,3,8,28424618,0
243,1,0,28473777,0
243,1,1,28479874,0
243,1,4,28481290,0
243,2,0,28481291,0
243,2,1,28487325,0
243,2,2,28488779,0
243,2,3,28490201,0
243,2,8,28491839,0
244,1,0,28529704,0
244,1,1,28535794,0
244,1,4,28537220,0
244,2,0,28537221,0
244,2,1,28543255,0
244,2,2,28544709,0
244,2,3,28546131,0
244,2,5,28546158,0
244,3,0,28546159,0
244,3,1,28552189,0
244,3,2,28553647,0
244,3,3,28555062,0
244,3,5,28555077,0
244,4,0,28555078,0
244,4,1,28561108,0
244,4,4,28562528,0
244,5,0,28562529,0
244,5,1,28568563,0
244,5,4,28569987,0
244,6,0,28569988,0
244,6,1,28576022,0
244,6,2,28577476,0
244,6,3,28578891,0
244,6,5,28578922,0
244,7,0,28578923,0
244,7,1,28584958,0
244,7,2,28586411,0
244,7,3,28587826,0
244,7,5,28587830,0
244,8,0,28587831,0
244,8,1,28593865,0
244,8,4,28595281,0
244,9,0,28595282,0
244,9,1,28601312,0
244,9,2,28602770,0
244,9,3,28604184,0
244,9,8,28605822,0
245,1,0,28709122,0
245,1,1,28715212,0
245,1,4,28716662,0
245,2,0,28716662,0
245,2,1,28722693,0
245,2,4,28724145,0
245,3,0,28724145,0
245,3,1,28730176,0
245,3,2,28731629,0
245,3,3,28733056,0
245,3,5,28733076,0
245,4,0,28733077,0
245,4,1,28739108,0
245,4,2,28740561,0
245,4,3,28741976,0
245,4,5,28742005,0
245,5,0,28742006,0
245,5,1,28748040,0
245,5,4,28749457,0
245,6,0,28749457,0
245,6,1,28755492,0
245,6,2,28756946,0
245,6,3,28758360,0
245,6,8,28759998,0
246,1,0,28833962,0
246,1,1,28840048,0
246,1,2,28841502,0
246,1,3,28842929,0
246,1,8,28844566,0
247,1,0,28875645,0
247,1,1,28881731,0
247,1,4,28883166,0
247,2,0,28883167,0
247,2,1,28889197,0
247,2,2,28890651,0
247,2,3,28892073,0
247,2,8,28893715,0
248,1,0,28931569,0
248,1,1,28937658,0
248,1,2,28939112,0
248,1,3,28940535,0
248,1,5,28940537,0
248,2,0,28940538,0
248,2,1,28946573,0
248,2,4,28948022,0
248,3,0,28948022,0
248,3,1,28954057,0
248,3,2,28955510,0
248,3,3,28956925,0
248,3,5,28956946,0
248,4,0,28956947,0
248,4,1,28962982,0
248,4,2,28964435,0
248,4,3,28965850,0
248,4,5,28965852,0
248,5,0,28965853,0
248,5,1,28971883,0
248,5,4,28973320,0
248,6,0,28973321,0
248,6,1,28979351,0
248,6,2,28980805,0
248,6,3,28982219,0
248,6,5,28982229,0
248,7,0,28982230,0
248,7,1,28988264,0
248,7,4,28989715,0
248,8,0,28989716,0
248,8,1,28995751,0
248,8,4,28997168,0
248,9,0,28997169,0
248,9,1,29003203,0
248,9,2,29004657,0
248,9,3,29006071,0
248,9,8,29007708,0
249,1,0,29111021,0
249,1,1,29117123,0
249,1,4,29118567,0
249,2,0,29118568,0
249,2,1,29124603,0
249,2,2,29126056,0
249,2,3,29127479,0
249,2,5,29127514,0
249,3,0,29127514,0
249,3,1,29133549,0
249,3,2,29135002,0
249,3,3,29136417,0
249,3,5,29136451,0
249,4,0,29136452,0
249,4,1,29142483,0
249,4,2,29143940,0
249,4,3,29145355,0
249,4,8,29146992,0
250,1,0,29207423,0
250,1,1,29213512,0
250,1,4,29214945,0
250,2,0,29214946,0
250,2,1,29220976,0
250,2,4,29222426,0
250,3,0,29222427,0
250,3,1,29228461,0
250,3,2,29229915,0
250,3,3,29231337,0
250,3,5,29231355,0
250,4,0,29231356,0
250,4,1,29237390,0
250,4,2,29238843,0
250,4,3,29240258,0
250,4,5,29240293,0
250,5,0,29240294,0
250,5,1,29246329,0
250,5,4,29247763,0
250,6,0,29247764,0
250,6,1,29253798,0
250,6,2,29255252,0
250,6,3,29256667,0
250,6,5,29256683,0
250,7,0,29256684,0
250,7,1,29262718,0
250,7,2,29264172,0
250,7,3,29265586,0
250,7,8,29267224,0
251,1,0,29352469,0
251,1,1,29358559,0
251,1,4,29359983,0
251,2,0,29359984,0
251,2,1,29366018,0
251,2,2,29367472,0
251,2,3,29368894,0
251,2,5,29368904,0
251,3,0,29368905,0
251,3,1,29374940,0
251,3,4,29376361,0
251,4,0,29376362,0
251,4,1,29382393,0
251,4,4,29383829,0
251,5,0,29383830,0
251,5,1,29389860,0
251,5,2,29391314,0
251,5,3,29392733,0
251,5,5,29392736,0
251,6,0,29392737,0
251,6,1,29398768,0
251,6,4,29400184,0
251,7,0,29400184,0
251,7,1,29406219,0
251,7,2,29407673,0
251,7,3,29409087,0
251,7,5,29409097,0
251,8,0,29409098,0
251,8,1,29415133,0
251,8,2,29416586,0
251,8,3,29418001,0
251,8,5,29418015,0
251,9,0,29418015,0
251,9,1,29424050,0
251,9,2,29425503,0
251,9,3,29426918,0
251,9,5,29426924,0
251,10,0,29426925,0
251,10,1,29432959,0
251,10,2,29434413,0
251,10,3,29435828,0
251,10,5,29435842,0
251,11,0,29435843,0
251,11,1,29441874,0
251,11,4,29443319,0
251,12,0,29443320,0
251,12,1,29449351,0
251,12,4,29450770,0
251,13,0,29450771,0
251,13,1,29456806,0
251,13,4,29458232,0
251,14,0,29458233,0
251,14,1,29464267,0
251,14,2,29465721,0
251,14,3,29467135,0
251,14,5,29467148,0
251,15,0,29467149,0
251,15,1,29473184,0
251,15,4,29474610,0
251,16,0,29474611,0
251,16,1,29480642,0
251,16,2,29482095,0
251,16,3,29483514,0
251,16,8,29485151,0
252,1,0,29651907,0
252,1,1,29657997,0
252,1,4,29659419,0
252,2,0,29659420,0
252,2,1,29665455,0
252,2,4,29666874,0
252,3,0,29666875,0
252,3,1,29672910,0
252,3,4,29674337,0
252,4,0,29674338,0
252,4,1,29680368,0
252,4,4,29681790,0
252,5,0,29681791,0
252,5,1,29687825,0
252,5,2,29689279,0
252,5,3,29690701,0
252,5,5,29690732,0
252,6,0,29690733,0
252,6,1,29696768,0
252,6,2,29698221,0
252,6,3,29699636,0
252,6,8,29701273,0
253,1,0,29770724,0
253,1,1,29776814,0
253,1,4,29778230,0
253,2,0,29778231,0
253,2,1,29784265,0
253,2,2,29785719,0
253,2,3,29787141,0
253,2,5,29787148,0
253,3,0,29787149,0
253,3,1,29793183,0
253,3,2,29794637,0
253,3,3,29796052,0
253,3,8,29797689,0
254,1,0,29846836,0
254,1,1,29852937,0
254,1,2,29854390,0
254,1,3,29855813,0
254,1,8,29857450,0
255,1,0,29888553,0
255,1,1,29894655,0
255,1,4,29896072,0
255,2,0,29896073,0
255,2,1,29902104,0
255,2,4,29903526,0
255,3,0,29903527,0
255,3,1,29909558,0
255,3,2,29911011,0
255,3,3,29912434,0
255,3,5,29912471,0
255,4,0,29912472,0
255,4,1,29918506,0
255,4,4,29919949,0
255,5,0,29919950,0
255,5,1,29925985,0
255,5,2,29927438,0
255,5,3,29928853,0
255,5,8,29930491,0
256,1,0,29993186,0
256,1,1,29999272,0
256,1,2,30000725,0
256,1,3,30002148,0
256,1,5,30002152,0
256,2,0,30002152,0
256,2,1,30008187,0
256,2,2,30009640,0
256,2,3,30011055,0
256,2,8,30012692,0
257,1,0,30055061,0
257,1,1,30061146,0
257,1,4,30062597,0
257,2,0,30062598,0
257,2,1,30068632,0
257,2,2,30070085,0
257,2,3,30071508,0
257,2,5,30071536,0
257,3,0,30071537,0
257,3,1,30077571,0
257,3,2,30079025,0
257,3,3,30080439,0
257,3,5,30080471,0
257,4,0,30080472,0
257,4,1,30086506,0
257,4,4,30087953,0
257,5,0,30087954,0
257,5,1,30093988,0
257,5,2,30095442,0
257,5,3,30096856,0
257,5,5,30096895,0
257,6,0,30096896,0
257,6,1,30102930,0
257,6,4,30104376,0
257,7,0,30104377,0
257,7,1,30110408,0
257,7,2,30111861,0
257,7,3,30113280,0
257,7,5,30113294,0
257,8,0,30113295,0
257,8,1,30119325,0
257,8,4,30120757,0
257,9,0,30120758,0
257,9,1,30126793,0
257,9,2,30128247,0
257,9,3,30129661,0
257,9,8,30131299,0
258,1,0,30234603,0
258,1,1,30240689,0
258,1,2,30242143,0
258,1,3,30243570,0
258,1,5,30243601,0
258,2,0,30243602,0
258,2,1,30249632,0
258,2,2,30251086,0
258,2,3,30252501,0
258,2,8,30254142,0
259,1,0,30296517,0
259,1,1,30302615,0
259,1,2,30304073,0
259,1,3,30305495,0
259,1,5,30305532,0
259,2,0,30305533,0
259,2,1,30311563,0
259,2,4,30312993,0
259,3,0,30312993,0
259,3,1,30319024,0
259,3,2,30320477,0
259,3,3,30321892,0
259,3,5,30321895,0
259,4,0,30321896,0
259,4,1,30327930,0
259,4,2,30329383,0
259,4,3,30330798,0
259,4,8,30332435,0
260,1,0,30392875,0
260,1,1,30398961,0
260,1,2,30400414,0
260,1,3,30401837,0
260,1,8,30403478,0
261,1,0,30434557,0
261,1,1,30440643,0
261,1,2,30442096,0
261,1,3,30443523,0
261,1,8,30445161,0
262,1,0,30476239,0
262,1,1,30482325,0
262,1,2,30483783,0
262,1,3,30485205,0
262,1,8,30486842,0
263,1,0,30517922,0
263,1,1,30524012,0
263,1,4,30525458,0
263,2,0,30525459,0
263,2,1,30531490,0
263,2,4,30532914,0
263,3,0,30532915,0
263,3,1,30538945,0
263,3,2,30540399,0
263,3,3,30541821,0
263,3,5,30541829,0
263,4,0,30541830,0
263,4,1,30547864,0
263,4,2,30549318,0
263,4,3,30550732,0
263,4,8,30552370,0
264,1,0,30608279,0
264,1,1,30614369,0
264,1,4,30615815,0
264,2,0,30615816,0
264,2,1,30621846,0
264,2,2,30623304,0
264,2,3,30624727,0
264,2,8,30626364,0
265,1,0,30664226,0
265,1,1,30670323,0
265,1,2,30671777,0
265,1,3,30673204,0
265,1,5,30673220,0
265,2,0,30673220,0
265,2,1,30679251,0
265,2,4,30680669,0
265,3,0,30680670,0
265,3,1,30686704,0
265,3,4,30688153,0
265,4,0,30688154,0
265,4,1,30694188,0
265,4,2,30695642,0
265,4,3,30697057,0
265,4,5,30697058,0
265,5,0,30697059,0
265,5,1,30703094,0
265,5,2,30704548,0
265,5,3,30705962,0
265,5,5,30705990,0
265,6,0,30705991,0
265,6,1,30712021,0
265,6,2,30713479,0
265,6,3,30714893,0
265,6,8,30716531,0
266,1,0,30795029,0
266,1,1,30801127,0
266,1,4,30802556,0
266,2,0,30802557,0
266,2,1,30808591,0
266,2,2,30810045,0
266,2,3,30811467,0
266,2,8,30813109,0
267,1,0,30850983,0
267,1,1,30857084,0
267,1,2,30858538,0
267,1,3,30859961,0
267,1,8,30861598,0
268,1,0,30892693,0
268,1,1,30898783,0
268,1,2,30900237,0
268,1,3,30901660,0
268,1,5,30901682,0
268,2,0,30901683,0
268,2,1,30907717,0
268,2,4,30909156,0
268,3,0,30909157,0
268,3,1,30915191,0
268,3,2,30916645,0
268,3,3,30918059,0
268,3,8,30919697,0
269,1,0,30968835,0
269,1,1,30974925,0
269,1,4,30976362,0
269,2,0,30976363,0
269,2,1,30982394,0
269,2,2,30983851,0
269,2,3,30985274,0
269,2,5,30985279,0
269,3,0,30985280,0
269,3,1,30991311,0
269,3,2,30992768,0
269,3,3,30994183,0
269,3,8,30995820,0
270,1,0,31044956,0
270,1,1,31051041,0
270,1,4,31052472,0
270,2,0,31052473,0
270,2,1,31058507,0
270,2,4,31059953,0
270,3,0,31059954,0
270,3,1,31065988,0
270,3,2,31067442,0
270,3,3,31068864,0
270,3,5,31068872,0
270,4,0,31068873,0
270,4,1,31074908,0
270,4,2,31076361,0
270,4,3,31077776,0
270,4,8,31079413,0
271,1,0,31135319,0
271,1,1,31141405,0
271,1,2,31142862,0
271,1,3,31144285,0
271,1,5,31144307,0
271,2,0,31144307,0
271,2,1,31150338,0
271,2,4,31151757,0
271,3,0,31151758,0
271,3,1,31157792,0
271,3,4,31159207,0
271,4,0,31159208,0
271,4,1,31165242,0
271,4,2,31166696,0
271,4,3,31168111,0
271,4,8,31169748,0
272,1,0,31225658,0
272,1,1,31231743,0
272,1,4,31233200,0
272,2,0,31233201,0
272,2,1,31239232,0
272,2,2,31240685,0
272,2,3,31242108,0
272,2,5,31242143,0
272,3,0,31242143,0
272,3,1,31248178,0
272,3,4,31249610,0
272,4,0,31249611,0
272,4,1,31255645,0
272,4,2,31257099,0
272,4,3,31258513,0
272,4,8,31260151,0
273,1,0,31316061,0
273,1,1,31322146,0
273,1,2,31323604,0
273,1,3,31325027,0
273,1,8,31326664,0
274,1,0,31357755,0
274,1,1,31363857,0
274,1,2,31365310,0
274,1,3,31366733,0
274,1,8,31368370,0
275,1,0,31399466,0
275,1,1,31405555,0
275,1,4,31406996,0
275,2,0,31406997,0
275,2,1,31413032,0
275,2,2,31414485,0
275,2,3,31415908,0
275,2,5,31415910,0
275,3,0,31415911,0
275,3,1,31421941,0
275,3,2,31423399,0
275,3,3,31424813,0
275,3,8,31426451,0
276,1,0,31475585,0
276,1,1,31481671,0
276,1,4,31483114,0
276,2,0,31483115,0
276,2,1,31489145,0
276,2,4,31490597,0
276,3,0,31490598,0
276,3,1,31496632,0
276,3,4,31498052,0
276,4,0,31498053,0
276,4,1,31504088,0
276,4,4,31505536,0
276,5,0,31505537,0
276,5,1,31511568,0
276,5,2,31513025,0
276,5,3,31514448,0
276,5,5,31514472,0
276,6,0,31514473,0
276,6,1,31520504,0
276,6,4,31521950,0
276,7,0,31521951,0
276,7,1,31527986,0
276,7,4,31529412,0
276,8,0,31529413,0
276,8,1,31535448,0
276,8,2,31536901,0
276,8,3,31538316,0
276,8,8,31539953,0
277,1,0,31622962,0
277,1,1,31629060,0
277,1,2,31630514,0
277,1,3,31631936,0
277,1,8,31633578,0
278,1,0,31664668,0
278,1,1,31670754,0
278,1,4,31672170,0
278,2,0,31672170,0
278,2,1,31678205,0
278,2,2,31679658,0
278,2,3,31681081,0
278,2,5,31681106,0
278,3,0,31681107,0
278,3,1,31687141,0
278,3,2,31688595,0
278,3,3,31690010,0
278,3,8,31691647,0
279,1,0,31740797,0
279,1,1,31746899,0
279,1,4,31748323,0
279,2,0,31748323,0
279,2,1,31754358,0
279,2,2,31755812,0
279,2,3,31757234,0
279,2,5,31757262,0
279,3,0,31757262,0
279,3,1,31763297,0
279,3,4,31764716,0
279,4,0,31764717,0
279,4,1,31770747,0
279,4,4,31772193,0
279,5,0,31772194,0
279,5,1,31778228,0
279,5,4,31779681,0
279,6,0,31779682,0
279,6,1,31785717,0
279,6,4,31787143,0
279,7,0,31787144,0
279,7,1,31793178,0
279,7,2,31794632,0
279,7,3,31796047,0
279,7,5,31796070,0
279,8,0,31796071,0
279,8,1,31802102,0
279,8,2,31803559,0
279,8,3,31804974,0
279,8,8,31806611,0
280,1,0,31894129,0
280,1,1,31900215,0
280,1,2,31901668,0
280,1,3,31903095,0
280,1,5,31903099,0
280,2,0,31903100,0
280,2,1,31909130,0
280,2,4,31910554,0
280,3,0,31910555,0
280,3,1,31916590,0
280,3,2,31918043,0
280,3,3,31919458,0
280,3,8,31921095,0
281,1,0,31970238,0
281,1,1,31976328,0
281,1,2,31977782,0
281,1,3,31979204,0
281,1,5,31979221,0
281,2,0,31979222,0
281,2,1,31985256,0
281,2,4,31986674,0
281,3,0,31986675,0
281,3,1,31992709,0
281,3,4,31994128,0
281,4,0,31994129,0
281,4,1,32000160,0
281,4,2,32001613,0
281,4,3,32003032,0
281,4,8,32004670,0
282,1,0,32060583,0
282,1,1,32066673,0
282,1,4,32068096,0
282,2,0,32068097,0
282,2,1,32074132,0
282,2,2,32075585,0
282,2,3,32077008,0
282,2,5,32077014,0
282,3,0,32077015,0
282,3,1,32083049,0
282,3,2,32084503,0
282,3,3,32085917,0
282,3,5,32085949,0
282,4,0,32085950,0
282,4,1,32091981,0
282,4,2,32093438,0
282,4,3,32094853,0
282,4,8,32096491,0
283,1,0,32156925,0
283,1,1,32163027,0
283,1,2,32164480,0
283,1,3,32165903,0
283,1,5,32165919,0
283,2,0,32165920,0
283,2,1,32171951,0
283,2,4,32173387,0
283,3,0,32173388,0
283,3,1,32179418,0
283,3,2,32180872,0
283,3,3,32182287,0
283,3,5,32182291,0
283,4,0,32182292,0
283,4,1,32188326,0
283,4,2,32189780,0
283,4,3,32191195,0
283,4,8,32192836,0
284,1,0,32253279,0
284,1,1,32259365,0
284,1,4,32260794,0
284,2,0,32260794,0
284,2,1,32266829,0
284,2,4,32268248,0
284,3,0,32268249,0
284,3,1,32274284,0
284,3,2,32275738,0
284,3,3,32277160,0
284,3,5,32277166,0
284,4,0,32277167,0
284,4,1,32283201,0
284,4,4,32284650,0
284,5,0,32284650,0
284,5,1,32290681,0
284,5,2,32292134,0
284,5,3,32293554,0
284,5,5,32293559,0
284,6,0,32293560,0
284,6,1,32299591,0
284,6,4,32301042,0
284,7,0,32301043,0
284,7,1,32307078,0
284,7,2,32308531,0
284,7,3,32309946,0
284,7,5,32309971,0
284,8,0,32309972,0
284,8,1,32316006,0
284,8,4,32317449,0
284,9,0,32317450,0
284,9,1,32323484,0
284,9,2,32324938,0
284,9,3,32326353,0
284,9,5,32326368,0
284,10,0,32326369,0
284,10,1,32332399,0
284,10,4,32333838,0
284,11,0,32333839,0
284,11,1,32339869,0
284,11,4,32341291,0
284,12,0,32341292,0
284,12,1,32347326,0
284,12,2,32348779,0
284,12,3,32350194,0
284,12,5,32350216,0
284,13,0,32350216,0
284,13,1,32356251,0
284,13,4,32357674,0
284,14,0,32357675,0
284,14,1,32363710,0
284,14,2,32365163,0
284,14,3,32366578,0
284,14,5,32366605,0
284,15,0,32366606,0
284,15,1,32372636,0
284,15,4,32374069,0
284,16,0,32374070,0
284,16,1,32380100,0
284,16,2,32381554,0
284,16,3,32382973,0
284,16,5,32382991,0
284,17,0,32382992,0
284,17,1,32389022,0
284,17,4,32390444,0
284,18,0,32390445,0
284,18,1,32396479,0
284,18,2,32397933,0
284,18,3,32399347,0
284,18,5,32399358,0
284,19,0,32399358,0
284,19,1,32405393,0
284,19,2,32406846,0
284,19,3,32408261,0
284,19,5,32408277,0
284,20,0,32408277,0
284,20,1,32414312,0
284,20,2,32415766,0
284,20,3,32417180,0
284,20,5,32417184,0
284,21,0,32417185,0
284,21,1,32423220,0
284,21,2,32424673,0
284,21,3,32426088,0
284,21,8,32427725,0
285,1,0,32644049,0
285,1,1,32650135,0
285,1,4,32651560,0
285,2,0,32651561,0
285,2,1,32657595,0
285,2,4,32659041,0
285,3,0,32659042,0
285,3,1,32665076,0
285,3,2,32666530,0
285,3,3,32667953,0
285,3,8,32669590,0
286,1,0,32714235,0
286,1,1,32720333,0
286,1,4,32721760,0
286,2,0,32721761,0
286,2,1,32727796,0
286,2,4,32729235,0
286,3,0,32729236,0
286,3,1,32735271,0
286,3,4,32736699,0
286,4,0,32736700,0
286,4,1,32742735,0
286,4,4,32744152,0
286,5,0,32744153,0
286,5,1,32750184,0
286,5,2,32751637,0
286,5,3,32753064,0
286,5,8,32754702,0
287,1,0,32812883,0
287,1,1,32818969,0
287,1,4,32820393,0
287,2,0,32820393,0
287,2,1,32826428,0
287,2,4,32827869,0
287,3,0,32827870,0
287,3,1,32833904,0
287,3,4,32835321,0
287,4,0,32835322,0
287,4,1,32841353,0
287,4,2,32842810,0
287,4,3,32844233,0
287,4,8,32845870,0
288,1,0,32897269,0
288,1,1,32903359,0
288,1,4,32904803,0
288,2,0,32904804,0
288,2,1,32910834,0
288,2,2,32912288,0
288,2,3,32913715,0
288,2,5,32913752,0
288,3,0,32913753,0
288,3,1,32919784,0
288,3,2,32921237,0
288,3,3,32922652,0
288,3,8,32924293,0
289,1,0,32973435,0
289,1,1,32979521,0
289,1,4,32980937,0
289,2,0,32980938,0
289,2,1,32986972,0
289,2,4,32988389,0
289,3,0,32988390,0
289,3,1,32994425,0
289,3,2,32995878,0
289,3,3,32997301,0
289,3,7,32998938,0
289,4,0,32998939,0
289,4,1,33004974,0
289,4,2,33006427,0
289,4,3,33007842,0
289,4,5,33007879,0
289,5,0,33007880,0
289,5,1,33013914,0
289,5,2,33015368,0
289,5,3,33016782,0
289,5,5,33016807,0
289,6,0,33016808,0
289,6,1,33022842,0
289,6,4,33024264,0
289,7,0,33024265,0
289,7,1,33030296,0
289,7,4,33031713,0
289,8,0,33031714,0
289,8,1,33037749,0
289,8,2,33039202,0
289,8,3,33040617,0
289,8,8,33042250,0
290,1,0,33134291,0
290,1,1,33140388,0
290,1,2,33141842,0
290,1,3,33143269,0
290,1,8,33144906,0
291,1,0,33176013,0
291,1,1,33182110,0
291,1,2,33183568,0
291,1,3,33184991,0
291,1,8,33186628,0
292,1,0,33217727,0
292,1,1,33223816,0
292,1,2,33225270,0
292,1,3,33226692,0
292,1,8,33228330,0
293,1,0,33259415,0
293,1,1,33265506,0
293,1,2,33266959,0
293,1,3,33268382,0
293,1,8,33270019,0
294,1,0,33301122,0
294,1,1,33307224,0
294,1,4,33308647,0
294,2,0,33308648,0
294,2,1,33314683,0
294,2,4,33316106,0
294,3,0,33316106,0
294,3,1,33322137,0
294,3,4,33323585,0
294,4,0,33323586,0
294,4,1,33329617,0
294,4,2,33331070,0
294,4,3,33332493,0
294,4,8,33334134,0
295,1,0,33385541,0
295,1,1,33391627,0
295,1,2,33393084,0
295,1,3,33394507,0
295,1,8,33396144,0
296,1,0,33427231,0
296,1,1,33433321,0
296,1,2,33434774,0
296,1,3,33436197,0
296,1,5,33436207,0
296,2,0,33436207,0
296,2,1,33442238,0
296,2,4,33443677,0
296,3,0,33443678,0
296,3,1,33449708,0
296,3,2,33451162,0
296,3,3,33452576,0
296,3,5,33452605,0
296,4,0,33452606,0
296,4,1,33458640,0
296,4,2,33460094,0
296,4,3,33461508,0
296,4,5,33461543,0
296,5,0,33461543,0
296,5,1,33467578,0
296,5,2,33469032,0
296,5,3,33470446,0
296,5,5,33470482,0
296,6,0,33470483,0
296,6,1,33476518,0
296,6,2,33477971,0
296,6,3,33479386,0
296,6,8,33481023,0
297,1,0,33564020,0
297,1,1,33570106,0
297,1,2,33571559,0
297,1,3,33572986,0
297,1,8,33574623,0
298,1,0,33605722,0
298,1,1,33611819,0
298,1,2,33613277,0
298,1,3,33614700,0
298,1,5,33614703,0
298,2,0,33614704,0
298,2,1,33620734,0
298,2,4,33622151,0
298,3,0,33622152,0
298,3,1,33628186,0
298,3,2,33629640,0
298,3,3,33631054,0
298,3,8,33632692,0
299,1,0,33681846,0
299,1,1,33687936,0
299,1,2,33689390,0
299,1,3,33690812,0
299,1,5,33690827,0
299,2,0,33690828,0
299,2,1,33696863,0
299,2,4,33698295,0
299,3,0,33698296,0
299,3,1,33704331,0
299,3,4,33705770,0
299,4,0,33705771,0
299,4,1,33711801,0
299,4,2,33713259,0
299,4,3,33714673,0
299,4,5,33714701,0
299,5,0,33714702,0
299,5,1,33720732,0
299,5,2,33722186,0
299,5,3,33723605,0
299,5,5,33723610,0
299,6,0,33723611,0
299,6,1,33729642,0
299,6,2,33731095,0
299,6,3,33732510,0
299,6,5,33732540,0
299,7,0,33732541,0
299,7,1,33738576,0
299,7,4,33740001,0
299,8,0,33740001,0
299,8,1,33746036,0
299,8,4,33747481,0
299,9,0,33747482,0
299,9,1,33753516,0
299,9,2,33754970,0
299,9,3,33756384,0
299,9,8,33758022,0
300,1,0,33861330,0
300,1,1,33867420,0
300,1,2,33868874,0
300,1,3,33870297,0
300,1,5,33870302,0
300,2,0,33870303,0
300,2,1,33876338,0
300,2,4,33877754,0
300,3,0,33877755,0
300,3,1,33883789,0
300,3,4,33885228,0
300,4,0,33885229,0
300,4,1,33891259,0
300,4,2,33892717,0
300,4,3,33894131,0
300,4,5,33894153,0
300,5,0,33894154,0
300,5,1,33900185,0
300,5,2,33901638,0
300,5,3,33903057,0
300,5,5,33903092,0
300,6,0,33903093,0
300,6,1,33909123,0
300,6,2,33910577,0
300,6,3,33911991,0
300,6,8,33913633,0
301,1,0,33992111,0
301,1,1,33998201,0
301,1,2,33999655,0
301,1,3,34001077,0
301,1,5,34001100,0
301,2,0,34001101,0
301,2,1,34007136,0
301,2,2,34008589,0
301,2,3,34010004,0
301,2,5,34010034,0
301,3,0,34010035,0
301,3,1,34016070,0
301,3,2,34017523,0
301,3,3,34018938,0
301,3,5,34018947,0
301,4,0,34018947,0
301,4,1,34024982,0
301,4,4,34026429,0
301,5,0,34026430,0
301,5,1,34032461,0
301,5,2,34033919,0
301,5,3,34035333,0
301,5,5,34035341,0
301,6,0,34035342,0
301,6,1,34041373,0
301,6,4,34042823,0
301,7,0,34042824,0
301,7,1,34048854,0
301,7,2,34050308,0
301,7,3,34051723,0
301,7,8,34053364,0
302,1,0,34143135,0
302,1,1,34149220,0
302,1,2,34150674,0
302,1,3,34152096,0
302,1,8,34153738,0
303,1,0,34184821,0
303,1,1,34190907,0
303,1,2,34192360,0
303,1,3,34193787,0
303,1,5,34193810,0
303,2,0,34193811,0
303,2,1,34199841,0
303,2,2,34201295,0
303,2,3,34202713,0
303,2,8,34204351,0
304,1,0,34246722,0
304,1,1,34252812,0
304,1,4,34254251,0
304,2,0,34254252,0
304,2,1,34260283,0
304,2,4,34261705,0
304,3,0,34261706,0
304,3,1,34267740,0
304,3,2,34269194,0
304,3,3,34270616,0
304,3,5,34270622,0
304,4,0,34270623,0
304,4,1,34276658,0
304,4,2,34278111,0
304,4,3,34279526,0
304,4,7,34281163,0
304,5,0,34281164,0
304,5,1,34287198,0
304,5,2,34288652,0
304,5,3,34290067,0
304,5,8,34291700,0
305,1,0,34358898,0
305,1,1,34364988,0
305,1,2,34366441,0
305,1,3,34367864,0
305,1,8,34369501,0
306,1,0,34400592,0
306,1,1,34406682,0
306,1,2,34408136,0
306,1,3,34409558,0
306,1,8,34411196,0
307,1,0,34442282,0
307,1,1,34448372,0
307,1,2,34449826,0
307,1,3,34451248,0
307,1,8,34452889,0
308,1,0,34483977,0
308,1,1,34490063,0
308,1,4,34491495,0
308,2,0,34491496,0
308,2,1,34497531,0
308,2,4,34498954,0
308,3,0,34498955,0
308,3,1,34504989,0
308,3,2,34506443,0
308,3,3,34507865,0
308,3,5,34507900,0
308,4,0,34507901,0
308,4,1,34513935,0
308,4,4,34515365,0
308,5,0,34515366,0
308,5,1,34521397,0
308,5,4,34522838,0
308,6,0,34522839,0
308,6,1,34528869,0
308,6,2,34530323,0
308,6,3,34531737,0
308,6,5,34531765,0
308,7,0,34531766,0
308,7,1,34537801,0
308,7,2,34539255,0
308,7,3,34540669,0
308,7,5,34540695,0
308,8,0,34540696,0
308,8,1,34546730,0
308,8,2,34548184,0
308,8,3,34549598,0
308,8,8,34551236,0
309,1,0,34643263,0
309,1,1,34649349,0
309,1,2,34650803,0
309,1,3,34652225,0
309,1,5,34652232,0
309,2,0,34652233,0
309,2,1,34658267,0
309,2,4,34659718,0
309,3,0,34659719,0
309,3,1,34665753,0
309,3,4,34667171,0
309,4,0,34667172,0
309,4,1,34673206,0
309,4,4,34674624,0
309,5,0,34674625,0
309,5,1,34680655,0
309,5,2,34682108,0
309,5,3,34683527,0
309,5,5,34683537,0
309,6,0,34683538,0
309,6,1,34689569,0
309,6,2,34691022,0
309,6,3,34692437,0
309,6,8,34694079,0
310,1,0,34768047,0
310,1,1,34774137,0
310,1,4,34775560,0
310,2,0,34775560,0
310,2,1,34781591,0
310,2,4,34783016,0
310,3,0,34783017,0
310,3,1,34789048,0
310,3,4,34790482,0
310,4,0,34790483,0
310,4,1,34796518,0
310,4,2,34797971,0
310,4,3,34799394,0
310,4,5,34799395,0
310,5,0,34799396,0
310,5,1,34805430,0
310,5,2,34806884,0
310,5,3,34808299,0
310,5,5,34808312,0
310,6,0,34808313,0
310,6,1,34814348,0
310,6,2,34815801,0
310,6,3,34817216,0
310,6,8,34818853,0
311,1,0,34892826,0
311,1,1,34898911,0
311,1,2,34900365,0
311,1,3,34901788,0
311,1,5,34901815,0
311,2,0,34901816,0
311,2,1,34907850,0
311,2,2,34909304,0
311,2,3,34910719,0
311,2,5,34910753,0
311,3,0,34910754,0
311,3,1,34916789,0
311,3,4,34918210,0
311,4,0,34918211,0
311,4,1,34924246,0
311,4,4,34925676,0
311,5,0,34925677,0
311,5,1,34931708,0
311,5,2,34933165,0
311,5,3,34934580,0
311,5,8,34936217,0
312,1,0,35003419,0
312,1,1,35009505,0
312,1,4,35010946,0
312,2,0,35010946,0
312,2,1,35016981,0
312,2,2,35018435,0
312,2,3,35019857,0
312,2,5,35019884,0
312,3,0,35019885,0
312,3,1,35025920,0
312,3,4,35027343,0
312,4,0,35027344,0
312,4,1,35033378,0
312,4,2,35034832,0
312,4,3,35036246,0
312,4,5,35036257,0
312,5,0,35036258,0
312,5,1,35042288,0
312,5,4,35043720,0
312,6,0,35043721,0
312,6,1,35049751,0
312,6,2,35051205,0
312,6,3,35052619,0
312,6,5,35052625,0
312,7,0,35052625,0
312,7,1,35058660,0
312,7,2,35060114,0
312,7,3,35061528,0
312,7,5,35061537,0
312,8,0,35061538,0
312,8,1,35067572,0
312,8,2,35069026,0
312,8,3,35070440,0
312,8,8,35072078,0
313,1,0,35168619,0
313,1,1,35174709,0
313,1,4,35176139,0
313,2,0,35176140,0
313,2,1,35182170,0
313,2,4,35183610,0
313,3,0,35183611,0
313,3,1,35189641,0
313,3,4,35191077,0
313,4,0,35191078,0
313,4,1,35197113,0
313,4,2,35198567,0
313,4,3,35199989,0
313,4,5,35200003,0
313,5,0,35200004,0
313,5,1,35206038,0
313,5,4,35207471,0
313,6,0,35207472,0
313,6,1,35213507,0
313,6,4,35214924,0
313,7,0,35214925,0
313,7,1,35220956,0
313,7,4,35222373,0
313,8,0,35222373,0
313,8,1,35228408,0
313,8,2,35229862,0
313,8,3,35231276,0
313,8,5,35231307,0
313,9,0,35231308,0
313,9,1,35237342,0
313,9,4,35238770,0
313,10,0,35238770,0
313,10,1,35244805,0
313,10,2,35246259,0
313,10,3,35247674,0
313,10,8,35249311,0
314,1,0,35350883,0
314,1,1,35356973,0
314,1,4,35358403,0
314,2,0,35358403,0
314,2,1,35364438,0
314,2,4,35365868,0
314,3,0,35365869,0
314,3,1,35371900,0
314,3,2,35373357,0
314,3,3,35374780,0
314,3,5,35374798,0
314,4,0,35374799,0
314,4,1,35380830,0
314,4,2,35382283,0
314,4,3,35383702,0
314,4,8,35385340,0
315,1,0,35441253,0
315,1,1,35447343,0
315,1,4,35448767,0
315,2,0,35448768,0
315,2,1,35454802,0
315,2,4,35456245,0
315,3,0,35456246,0
315,3,1,35462277,0
315,3,2,35463734,0
315,3,3,35465157,0
315,3,8,35466794,0
316,1,0,35511419,0
316,1,1,35517508,0
316,1,2,35518962,0
316,1,3,35520384,0
316,1,8,35522022,0
317,1,0,35553117,0
317,1,1,35559203,0
317,1,4,35560640,0
317,2,0,35560641,0
317,2,1,35566676,0
317,2,4,35568123,0
317,3,0,35568123,0
317,3,1,35574158,0
317,3,2,35575612,0
317,3,3,35577034,0
317,3,5,35577068,0
317,4,0,35577069,0
317,4,1,35583103,0
317,4,2,35584557,0
317,4,3,35585972,0
317,4,5,35585989,0
317,5,0,35585990,0
317,5,1,35592020,0
317,5,4,35593454,0
317,6,0,35593455,0
317,6,1,35599486,0
317,6,2,35600939,0
317,6,3,35602354,0
317,6,5,35602376,0
317,7,0,35602376,0
317,7,1,35608411,0
317,7,2,35609865,0
317,7,3,35611279,0
317,7,5,35611302,0
317,8,0,35611303,0
317,8,1,35617337,0
317,8,4,35618760,0
317,9,0,35618761,0
317,9,1,35624796,0
317,9,4,35626225,0
317,10,0,35626226,0
317,10,1,35632256,0
317,10,4,35633686,0
317,11,0,35633687,0
317,11,1,35639717,0
317,11,4,35641154,0
317,12,0,35641155,0
317,12,1,35647190,0
317,12,4,35648633,0
317,13,0,35648634,0
317,13,1,35654669,0
317,13,2,35656123,0
317,13,3,35657537,0
317,13,5,35657573,0
317,14,0,35657574,0
317,14,1,35663608,0
317,14,4,35665043,0
317,15,0,35665044,0
317,15,1,35671074,0
317,15,2,35672528,0
317,15,3,35673947,0
317,15,5,35673971,0
317,16,0,35673971,0
317,16,1,35680002,0
317,16,2,35681455,0
317,16,3,35682874,0
317,16,5,35682907,0
317,17,0,35682908,0
317,17,1,35688938,0
317,17,4,35690353,0
317,18,0,35690354,0
317,18,1,35696389,0
317,18,2,35697842,0
317,18,3,35699257,0
317,18,8,35700894,0
318,1,0,35881992,0
318,1,1,35888094,0
318,1,4,35889515,0
318,2,0,35889516,0
318,2,1,35895550,0
318,2,2,35897004,0
318,2,3,35898426,0
318,2,8,35900064,0
319,1,0,35937938,0
319,1,1,35944028,0
319,1,4,35945451,0
319,2,0,35945451,0
319,2,1,35951482,0
319,2,2,35952939,0
319,2,3,35954362,0
319,2,8,35955999,0
320,1,0,35993853,0
320,1,1,35999939,0
320,1,2,36001392,0
320,1,3,36002819,0
320,1,8,36004456,0
321,1,0,36035555,0
321,1,1,36041653,0
321,1,2,36043110,0
321,1,3,36044533,0
321,1,5,36044567,0
321,2,0,36044568,0
321,2,1,36050598,0
321,2,2,36052052,0
321,2,3,36053471,0
321,2,8,36055108,0
322,1,0,36097488,0
322,1,1,36103578,0
322,1,2,36105031,0
322,1,3,36106454,0
322,1,5,36106484,0
322,2,0,36106485,0
322,2,1,36112515,0
322,2,4,36113953,0
322,3,0,36113954,0
322,3,1,36119985,0
322,3,2,36121438,0
322,3,3,36122857,0
322,3,8,36124494,0
323,1,0,36173650,0
323,1,1,36179748,0
323,1,4,36181170,0
323,2,0,36181171,0
323,2,1,36187205,0
323,2,2,36188659,0
323,2,3,36190081,0
323,2,8,36191719,0
324,1,0,36229588,0
324,1,1,36235678,0
324,1,2,36237131,0
324,1,3,36238554,0
324,1,5,36238577,0
324,2,0,36238578,0
324,2,1,36244612,0
324,2,4,36246054,0
324,3,0,36246054,0
324,3,1,36252085,0
324,3,4,36253504,0
324,4,0,36253505,0
324,4,1,36259535,0
324,4,2,36260989,0
324,4,3,36262404,0
324,4,5,36262431,0
324,5,0,36262432,0
324,5,1,36268466,0
324,5,4,36269907,0
324,6,0,36269908,0
324,6,1,36275943,0
324,6,2,36277397,0
324,6,3,36278811,0
324,6,8,36280449,0
325,1,0,36354422,0
325,1,1,36360508,0
325,1,4,36361929,0
325,2,0,36361930,0
325,2,1,36367965,0
325,2,4,36369400,0
325,3,0,36369401,0
325,3,1,36375436,0
325,3,4,36376888,0
325,4,0,36376889,0
325,4,1,36382923,0
325,4,4,36384370,0
325,5,0,36384371,0
325,5,1,36390401,0
325,5,4,36391818,0
325,6,0,36391819,0
325,6,1,36397853,0
325,6,2,36399307,0
325,6,3,36400729,0
325,6,5,36400756,0
325,7,0,36400757,0
325,7,1,36406792,0
325,7,2,36408246,0
325,7,3,36409660,0
325,7,5,36409667,0
325,8,0,36409668,0
325,8,1,36415703,0
325,8,4,36417121,0
325,9,0,36417122,0
325,9,1,36423157,0
325,9,4,36424606,0
325,10,0,36424606,0
325,10,1,36430637,0
325,10,2,36432090,0
325,10,3,36433509,0
325,10,8,36435147,0
326,1,0,36536715,0
326,1,1,36542805,0
326,1,4,36544232,0
326,2,0,36544233,0
326,2,1,36550263,0
326,2,4,36551700,0
326,3,0,36551701,0
326,3,1,36557735,0
326,3,2,36559189,0
326,3,3,36560611,0
326,3,8,36562249,0
327,1,0,36606893,0
327,1,1,36612995,0
327,1,4,36614419,0
327,2,0,36614420,0
327,2,1,36620451,0
327,2,4,36621866,0
327,3,0,36621867,0
327,3,1,36627902,0
327,3,2,36629355,0
327,3,3,36630778,0
327,3,8,36632415,0
328,1,0,36677056,0
328,1,1,36683145,0
328,1,2,36684599,0
328,1,3,36686021,0
328,1,5,36686023,0
328,2,0,36686024,0
328,2,1,36692054,0
328,2,4,36693497,0
328,3,0,36693498,0
328,3,1,36699529,0
328,3,2,36700982,0
328,3,3,36702397,0
328,3,5,36702410,0
328,4,0,36702411,0
328,4,1,36708445,0
328,4,2,36709899,0
328,4,3,36711314,0
328,4,5,36711336,0
328,5,0,36711336,0
328,5,1,36717371,0
328,5,2,36718824,0
328,5,3,36720239,0
328,5,8,36721876,0
329,1,0,36793595,0
329,1,1,36799681,0
329,1,2,36801134,0
329,1,3,36802557,0
329,1,8,36804198,0
330,1,0,36835281,0
330,1,1,36841367,0
330,1,4,36842802,0
330,2,0,36842803,0
330,2,1,36848833,0
330,2,2,36850287,0
330,2,3,36851710,0
330,2,8,36853351,0
331,1,0,36891209,0
331,1,1,36897299,0
331,1,4,36898753,0
331,2,0,36898753,0
331,2,1,36904788,0
331,2,2,36906242,0
331,2,3,36907664,0
331,2,5,36907677,0
331,3,0,36907678,0
331,3,1,36913712,0
331,3,4,36915152,0
331,4,0,36915152,0
331,4,1,36921183,0
331,4,2,36922636,0
331,4,3,36924055,0
331,4,7,36925692,0
331,5,0,36925693,0
331,5,1,36931724,0
331,5,2,36933181,0
331,5,3,36934596,0
331,5,5,36934617,0
331,6,0,36934618,0
331,6,1,36940649,0
331,6,4,36942064,0
331,7,0,36942064,0
331,7,1,36948099,0
331,7,2,36949552,0
331,7,3,36950967,0
331,7,8,36952600,0
332,1,0,37037854,0
332,1,1,37043944,0
332,1,2,37045397,0
332,1,3,37046820,0
332,1,5,37046822,0
332,2,0,37046822,0
332,2,1,37052857,0
332,2,2,37054311,0
332,2,3,37055725,0
332,2,8,37057363,0
333,1,0,37099734,0
333,1,1,37105824,0
333,1,2,37107278,0
333,1,3,37108700,0
333,1,8,37110337,0
334,1,0,37141425,0
334,1,1,37147514,0
334,1,2,37148968,0
334,1,3,37150390,0
334,1,8,37152028,0
335,1,0,37183123,0
335,1,1,37189209,0
335,1,2,37190662,0
335,1,3,37192085,0
335,1,5,37192120,0
335,2,0,37192121,0
335,2,1,37198156,0
335,2,2,37199610,0
335,2,3,37201024,0
335,2,8,37202662,0
336,1,0,37245034,0
336,1,1,37251119,0
336,1,4,37252562,0
336,2,0,37252563,0
336,2,1,37258598,0
336,2,4,37260020,0
336,3,0,37260021,0
336,3,1,37266055,0
336,3,2,37267509,0
336,3,3,37268931,0
336,3,8,37270569,0
337,1,0,37315213,0
337,1,1,37321311,0
337,1,4,37322765,0
337,2,0,37322766,0
337,2,1,37328796,0
337,2,4,37330239,0
337,3,0,37330240,0
337,3,1,37336274,0
337,3,4,37337713,0
337,4,0,37337713,0
337,4,1,37343748,0
337,4,4,37345166,0
337,5,0,37345167,0
337,5,1,37351197,0
337,5,4,37352648,0
337,6,0,37352649,0
337,6,1,37358684,0
337,6,4,37360123,0
337,7,0,37360123,0
337,7,1,37366158,0
337,7,2,37367611,0
337,7,3,37369034,0
337,7,5,37369038,0
337,8,0,37369039,0
337,8,1,37375073,0
337,8,2,37376527,0
337,8,3,37377941,0
337,8,5,37377969,0
337,9,0,37377969,0
337,9,1,37384004,0
337,9,2,37385458,0
337,9,3,37386872,0
337,9,8,37388510,0
338,1,0,37482806,0
338,1,1,37488892,0
338,1,4,37490313,0
338,2,0,37490314,0
338,2,1,37496348,0
338,2,4,37497786,0
338,3,0,37497787,0
338,3,1,37503821,0
338,3,2,37505275,0
338,3,3,37506698,0
338,3,8,37508335,0
339,1,0,37552983,0
339,1,1,37559081,0
339,1,4,37560514,0
339,2,0,37560515,0
339,2,1,37566549,0
339,2,2,37568003,0
339,2,3,37569426,0
339,2,8,37571063,0
340,1,0,37608933,0
340,1,1,37615023,0
340,1,4,37616477,0
340,2,0,37616477,0
340,2,1,37622508,0
340,2,2,37623965,0
340,2,3,37625388,0
340,2,5,37625426,0
340,3,0,37625426,0
340,3,1,37631457,0
340,3,2,37632915,0
340,3,3,37634330,0
340,3,8,37635967,0
341,1,0,37685109,0
341,1,1,37691195,0
341,1,2,37692649,0
341,1,3,37694075,0
341,1,5,37694084,0
341,2,0,37694085,0
341,2,1,37700115,0
341,2,4,37701549,0
341,3,0,37701550,0
341,3,1,37707585,0
341,3,2,37709038,0
341,3,3,37710453,0
341,3,8,37712090,0
342,1,0,37761244,0
342,1,1,37767346,0
342,1,2,37768799,0
342,1,3,37770222,0
342,1,5,37770246,0
342,2,0,37770247,0
342,2,1,37776282,0
342,2,4,37777734,0
342,3,0,37777734,0
342,3,1,37783769,0
342,3,2,37785223,0
342,3,3,37786637,0
342,3,8,37788275,0
343,1,0,37837443,0
343,1,1,37843544,0
343,1,4,37844972,0
343,2,0,37844973,0
343,2,1,37851004,0
343,2,2,37852457,0
343,2,3,37853884,0
343,2,5,37853887,0
343,3,0,37853887,0
343,3,1,37859918,0
343,3,4,37861367,0
343,4,0,37861368,0
343,4,1,37867402,0
343,4,2,37868855,0
343,4,3,37870270,0
343,4,5,37870299,0
343,5,0,37870299,0
343,5,1,37876334,0
343,5,2,37877788,0
343,5,3,37879202,0
343,5,8,37880840,0
344,1,0,37948061,0
344,1,1,37954163,0
344,1,2,37955617,0
344,1,3,37957039,0
344,1,8,37958677,0
345,1,0,37989771,0
345,1,1,37995861,0
345,1,2,37997314,0
345,1,3,37998737,0
345,1,5,37998749,0
345,2,0,37998750,0
345,2,1,38004785,0
345,2,4,38006207,0
345,3,0,38006208,0
345,3,1,38012239,0
345,3,4,38013671,0
345,4,0,38013672,0
345,4,1,38019702,0
345,4,4,38021155,0
345,5,0,38021156,0
345,5,1,38027190,0
345,5,2,38028644,0
345,5,3,38030059,0
345,5,5,38030065,0
345,6,0,38030066,0
345,6,1,38036100,0
345,6,4,38037550,0
345,7,0,38037551,0
345,7,1,38043585,0
345,7,2,38045039,0
345,7,3,38046454,0
345,7,8,38048091,0
346,1,0,38128822,0
346,1,1,38134912,0
346,1,4,38136329,0
346,2,0,38136330,0
346,2,1,38142361,0
346,2,2,38143818,0
346,2,3,38145241,0
346,2,5,38145248,0
346,3,0,38145249,0
346,3,1,38151279,0
346,3,4,38152726,0
346,4,0,38152726,0
346,4,1,38158757,0
346,4,2,38160210,0
346,4,3,38161625,0
346,4,8,38163267,0
347,1,0,38219184,0
347,1,1,38225286,0
347,1,2,38226739,0
347,1,3,38228162,0
347,1,8,38229799,0
348,1,0,38260894,0
348,1,1,38266984,0
348,1,4,38268423,0
348,2,0,38268424,0
348,2,1,38274459,0
348,2,4,38275901,0
348,3,0,38275902,0
348,3,1,38281932,0
348,3,4,38283362,0
348,4,0,38283363,0
348,4,1,38289393,0
348,4,4,38290828,0
348,5,0,38290828,0
348,5,1,38296863,0
348,5,2,38298317,0
348,5,3,38299739,0
348,5,8,38301377,0
349,1,0,38359543,0
349,1,1,38365633,0
349,1,2,38367087,0
349,1,3,38368509,0
349,1,5,38368544,0
349,2,0,38368545,0
349,2,1,38374580,0
349,2,2,38376033,0
349,2,3,38377448,0
349,2,5,38377456,0
349,3,0,38377457,0
349,3,1,38383491,0
349,3,4,38384938,0
349,4,0,38384939,0
349,4,1,38390970,0
349,4,2,38392423,0
349,4,3,38393842,0
349,4,5,38393872,0
349,5,0,38393872,0
349,5,1,38399903,0
349,5,4,38401356,0
349,6,0,38401357,0
349,6,1,38407391,0
349,6,4,38408817,0
349,7,0,38408818,0
349,7,1,38414852,0
349,7,2,38416306,0
349,7,3,38417720,0
349,7,5,38417736,0
349,8,0,38417736,0
349,8,1,38423771,0
349,8,4,38425190,0
349,9,0,38425191,0
349,9,1,38431221,0
349,9,4,38432642,0
349,10,0,38432643,0
349,10,1,38438677,0
349,10,2,38440130,0
349,10,3,38441545,0
349,10,5,38441580,0
349,11,0,38441580,0
349,11,1,38447615,0
349,11,2,38449068,0
349,11,3,38450483,0
349,11,8,38452120,0
350,1,0,38574522,0
350,1,1,38580608,0
350,1,2,38582062,0
350,1,3,38583489,0
350,1,8,38585126,0
351,1,0,38616205,0
351,1,1,38622291,0
351,1,2,38623749,0
351,1,3,38625171,0
351,1,5,38625176,0
351,2,0,38625176,0
351,2,1,38631207,0
351,2,2,38632661,0
351,2,3,38634079,0
351,2,5,38634089,0
351,3,0,38634090,0
351,3,1,38640120,0
351,3,4,38641558,0
351,4,0,38641559,0
351,4,1,38647594,0
351,4,2,38649047,0
351,4,3,38650462,0
351,4,5,38650466,0
351,5,0,38650467,0
351,5,1,38656502,0
351,5,2,38657955,0
351,5,3,38659370,0
351,5,5,38659403,0
351,6,0,38659404,0
351,6,1,38665439,0
351,6,2,38666892,0
351,6,3,38668307,0
351,6,5,38668325,0
351,7,0,38668326,0
351,7,1,38674360,0
351,7,4,38675798,0
351,8,0,38675799,0
351,8,1,38681830,0
351,8,2,38683288,0
351,8,3,38684702,0
351,8,8,38686340,0
352,1,0,38787383,0
352,1,1,38793473,0
352,1,2,38794927,0
352,1,3,38796349,0
352,1,8,38797987,0
353,1,0,38829065,0
353,1,1,38835155,0
353,1,2,38836609,0
353,1,3,38838032,0
353,1,8,38839669,0
354,1,0,38870752,0
354,1,1,38876842,0
354,1,2,38878296,0
354,1,3,38879718,0
354,1,5,38879738,0
354,2,0,38879739,0
354,2,1,38885774,0
354,2,2,38887227,0
354,2,3,38888642,0
354,2,8,38890279,0
355,1,0,38932647,0
355,1,1,38938737,0
355,1,4,38940155,0
355,2,0,38940156,0
355,2,1,38946190,0
355,2,2,38947644,0
355,2,3,38949067,0
355,2,8,38950704,0
356,1,0,38988558,0
356,1,1,38994648,0
356,1,2,38996102,0
356,1,3,38997524,0
356,1,5,38997535,0
356,2,0,38997536,0
356,2,1,39003570,0
356,2,4,39005000,0
356,3,0,39005001,0
356,3,1,39011032,0
356,3,2,39012485,0
356,3,3,39013904,0
356,3,5,39013935,0
356,4,0,39013936,0
356,4,1,39019966,0
356,4,2,39021420,0
356,4,3,39022838,0
356,4,5,39022861,0
356,5,0,39022861,0
356,5,1,39028892,0
356,5,2,39030345,0
356,5,3,39031760,0
356,5,8,39033401,0
357,1,0,39105105,0
357,1,1,39111191,0
357,1,4,39112610,0
357,2,0,39112611,0
357,2,1,39118645,0
357,2,2,39120099,0
357,2,3,39121522,0
357,2,5,39121531,0
357,3,0,39121532,0
357,3,1,39127566,0
357,3,4,39129011,0
357,4,0,39129012,0
357,4,1,39135047,0
357,4,2,39136500,0
357,4,3,39137915,0
357,4,8,39139552,0
358,1,0,39195474,0
358,1,1,39201571,0
358,1,2,39203029,0
358,1,3,39204452,0
358,1,5,39204464,0
358,2,0,39204465,0
358,2,1,39210495,0
358,2,2,39211949,0
358,2,3,39213368,0
358,2,5,39213372,0
358,3,0,39213372,0
358,3,1,39219403,0
358,3,4,39220820,0
358,4,0,39220821,0
358,4,1,39226855,0
358,4,2,39228309,0
358,4,3,39229724,0
358,4,8,39231361,0
359,1,0,39291795,0
359,1,1,39297885,0
359,1,4,39299325,0
359,2,0,39299326,0
359,2,1,39305360,0
359,2,4,39306793,0
359,3,0,39306793,0
359,3,1,39312828,0
359,3,2,39314281,0
359,3,3,39315704,0
359,3,8,39317341,0
360,1,0,39361962,0
360,1,1,39368052,0
360,1,2,39369506,0
360,1,3,39370928,0
360,1,5,39370947,0
360,2,0,39370948,0
360,2,1,39376982,0
360,2,2,39378436,0
360,2,3,39379850,0
360,2,5,39379852,0
360,3,0,39379853,0
360,3,1,39385887,0
360,3,4,39387324,0
360,4,0,39387325,0
360,4,1,39393359,0
360,4,4,39394787,0
360,5,0,39394788,0
360,5,1,39400818,0
360,5,2,39402272,0
360,5,3,39403690,0
360,5,8,39405328,0
361,1,0,39472518,0
361,1,1,39478607,0
361,1,2,39480061,0
361,1,3,39481484,0
361,1,8,39483125,0
362,1,0,39514204,0
362,1,1,39520290,0
362,1,4,39521723,0
362,2,0,39521724,0
362,2,1,39527759,0
362,2,4,39529190,0
362,3,0,39529191,0
362,3,1,39535226,0
362,3,4,39536647,0
362,4,0,39536648,0
362,4,1,39542678,0
362,4,2,39544135,0
362,4,3,39545558,0
362,4,5,39545585,0
362,5,0,39545586,0
362,5,1,39551617,0
362,5,4,39553039,0
362,6,0,39553040,0
362,6,1,39559070,0
362,6,4,39560513,0
362,7,0,39560514,0
362,7,1,39566549,0
362,7,4,39567980,0
362,8,0,39567981,0
362,8,1,39574016,0
362,8,4,39575432,0
362,9,0,39575432,0
362,9,1,39581463,0
362,9,4,39582883,0
362,10,0,39582884,0
362,10,1,39588914,0
362,10,2,39590367,0
362,10,3,39591782,0
362,10,5,39591794,0
362,11,0,39591795,0
362,11,1,39597829,0
362,11,2,39599282,0
362,11,3,39600697,0
362,11,8,39602334,0
363,1,0,39711108,0
363,1,1,39717198,0
363,1,2,39718652,0
363,1,3,39720074,0
363,1,5,39720105,0
363,2,0,39720105,0
363,2,1,39726140,0
363,2,2,39727593,0
363,2,3,39729008,0
363,2,8,39730645,0
364,1,0,39773017,0
364,1,1,39779103,0
364,1,4,39780546,0
364,2,0,39780547,0
364,2,1,39786582,0
364,2,4,39788035,0
364,3,0,39788036,0
364,3,1,39794071,0
364,3,2,39795524,0
364,3,3,39796947,0
364,3,5,39796976,0
364,4,0,39796977,0
364,4,1,39803012,0
364,4,2,39804465,0
364,4,3,39805880,0
364,4,5,39805906,0
364,5,0,39805907,0
364,5,1,39811938,0
364,5,2,39813395,0
364,5,3,39814810,0
364,5,5,39814844,0
364,6,0,39814845,0
364,6,1,39820876,0
364,6,2,39822329,0
364,6,3,39823748,0
364,6,8,39825385,0
365,1,0,39903871,0
365,1,1,39909969,0
365,1,2,39911422,0
365,1,3,39912846,0
365,1,8,39914484,0
366,1,0,39945575,0
366,1,1,39951661,0
366,1,4,39953089,0
366,2,0,39953089,0
366,2,1,39959120,0
366,2,4,39960537,0
366,3,0,39960538,0
366,3,1,39966572,0
366,3,4,39967993,0
366,4,0,39967994,0
366,4,1,39974029,0
366,4,4,39975457,0
366,5,0,39975458,0
366,5,1,39981488,0
366,5,2,39982946,0
366,5,3,39984368,0
366,5,5,39984386,0
366,6,0,39984387,0
366,6,1,39990417,0
366,6,4,39991855,0
366,7,0,39991856,0
366,7,1,39997890,0
366,7,4,39999337,0
366,8,0,39999338,0
366,8,1,40005372,0
366,8,2,40006826,0
366,8,3,40008240,0
366,8,5,40008266,0
366,9,0,40008267,0
366,9,1,40014302,0
366,9,4,40015747,0
366,10,0,40015748,0
366,10,1,40021779,0
366,10,2,40023236,0
366,10,3,40024651,0
366,10,8,40026288,0
367,1,0,40127853,0
367,1,1,40133942,0
367,1,2,40135396,0
367,1,3,40136818,0
367,1,8,40138456,0
368,1,0,40169539,0
368,1,1,40175629,0
368,1,2,40177082,0
368,1,3,40178505,0
368,1,5,40178518,0
368,2,0,40178519,0
368,2,1,40184553,0
368,2,4,40185977,0
368,3,0,40185978,0
368,3,1,40192008,0
368,3,4,40193428,0
368,4,0,40193429,0
368,4,1,40199459,0
368,4,4,40200902,0
368,5,0,40200903,0
368,5,1,40206937,0
368,5,2,40208391,0
368,5,3,40209806,0
368,5,8,40211443,0
369,1,0,40274123,0
369,1,1,40280209,0
369,1,4,40281625,0
369,2,0,40281626,0
369,2,1,40287660,0
369,2,2,40289114,0
369,2,3,40290537,0
369,2,5,40290558,0
369,3,0,40290559,0
369,3,1,40296594,0
369,3,2,40298047,0
369,3,3,40299462,0
369,3,8,40301099,0
370,1,0,40350238,0
370,1,1,40356328,0
370,1,2,40357781,0
370,1,3,40359204,0
370,1,8,40360841,0
371,1,0,40391925,0
371,1,1,40398015,0
371,1,4,40399455,0
371,2,0,40399456,0
371,2,1,40405490,0
371,2,4,40406934,0
371,3,0,40406935,0
371,3,1,40412969,0
371,3,2,40414423,0
371,3,3,40415845,0
371,3,5,40415883,0
371,4,0,40415884,0
371,4,1,40421915,0
371,4,2,40423372,0
371,4,3,40424787,0
371,4,8,40426424,0
372,1,0,40482330,0
372,1,1,40488420,0
372,1,2,40489873,0
372,1,3,40491296,0
372,1,8,40492937,0
373,1,0,40524017,0
373,1,1,40530102,0
373,1,2,40531556,0
373,1,3,40532983,0
373,1,5,40532988,0
373,2,0,40532989,0
373,2,1,40539019,0
373,2,4,40540446,0
373,3,0,40540447,0
373,3,1,40546481,0
373,3,4,40547898,0
373,4,0,40547899,0
373,4,1,40553933,0
373,4,4,40555374,0
373,5,0,40555375,0
373,5,1,40561405,0
373,5,2,40562863,0
373,5,3,40564277,0
373,5,8,40565915,0
374,1,0,40628591,0
374,1,1,40634681,0
374,1,4,40636112,0
374,2,0,40636113,0
374,2,1,40642143,0
374,2,4,40643568,0
374,3,0,40643569,0
374,3,1,40649599,0
374,3,2,40651053,0
374,3,3,40652476,0
374,3,8,40654117,0
375,1,0,40698739,0
375,1,1,40704829,0
375,1,2,40706283,0
375,1,3,40707705,0
375,1,8,40709343,0
376,1,0,40740429,0
376,1,1,40746519,0
376,1,4,40747967,0
376,2,0,40747968,0
376,2,1,40754003,0
376,2,2,40755456,0
376,2,3,40756879,0
376,2,8,40758516,0
377,1,0,40796371,0
377,1,1,40802457,0
377,1,4,40803879,0
377,2,0,40803880,0
377,2,1,40809910,0
377,2,2,40811364,0
377,2,3,40812790,0
377,2,8,40814428,0
378,1,0,40852277,0
378,1,1,40858367,0
378,1,2,40859821,0
378,1,3,40861243,0
378,1,5,40861253,0
378,2,0,40861253,0
378,2,1,40867288,0
378,2,4,40868715,0
378,3,0,40868716,0
378,3,1,40874751,0
378,3,4,40876179,0
378,4,0,40876180,0
378,4,1,40882210,0
378,4,4,40883644,0
378,5,0,40883645,0
378,5,1,40889675,0
378,5,2,40891129,0
378,5,3,40892544,0
378,5,5,40892566,0
378,6,0,40892567,0
378,6,1,40898602,0
378,6,4,40900019,0
378,7,0,40900020,0
378,7,1,40906055,0
378,7,4,40907487,0
378,8,0,40907488,0
378,8,1,40913522,0
378,8,4,40914970,0
378,9,0,40914971,0
378,9,1,40921001,0
378,9,2,40922455,0
378,9,3,40923874,0
378,9,8,40925511,0
379,1,0,41019784,0
379,1,1,41025874,0
379,1,2,41027327,0
379,1,3,41028750,0
379,1,5,41028762,0
379,2,0,41028763,0
379,2,1,41034798,0
379,2,2,41036252,0
379,2,3,41037666,0
379,2,5,41037673,0
379,3,0,41037674,0
379,3,1,41043709,0
379,3,4,41045157,0
379,4,0,41045158,0
379,4,1,41051189,0
379,4,4,41052636,0
379,5,0,41052637,0
379,5,1,41058671,0
379,5,2,41060125,0
379,5,3,41061539,0
379,5,5,41061544,0
379,6,0,41061545,0
379,6,1,41067580,0
379,6,2,41069033,0
379,6,3,41070448,0
379,6,8,41072085,0
380,1,0,41150564,0
380,1,1,41156654,0
380,1,4,41158090,0
380,2,0,41158091,0
380,2,1,41164125,0
380,2,2,41165579,0
380,2,3,41167001,0
380,2,8,41168639,0
381,1,0,41206492,0
381,1,1,41212578,0
381,1,2,41214035,0
381,1,3,41215458,0
381,1,5,41215466,0
381,2,0,41215466,0
381,2,1,41221497,0
381,2,4,41222930,0
381,3,0,41222930,0
381,3,1,41228961,0
381,3,2,41230414,0
381,3,3,41231829,0
381,3,7,41233471,0
381,4,0,41233471,0
381,4,1,41239502,0
381,4,2,41240955,0
381,4,3,41242370,0
381,4,8,41244008,0
382,1,0,41304427,0
382,1,1,41310513,0
382,1,4,41311939,0
382,2,0,41311940,0
382,2,1,41317974,0
382,2,4,41319405,0
382,3,0,41319406,0
382,3,1,41325441,0
382,3,2,41326894,0
382,3,3,41328317,0
382,3,8,41329954,0
383,1,0,41374579,0
383,1,1,41380664,0
383,1,4,41382093,0
383,2,0,41382094,0
383,2,1,41388128,0
383,2,4,41389548,0
383,3,0,41389549,0
383,3,1,41395583,0
383,3,4,41397011,0
383,4,0,41397011,0
383,4,1,41403046,0
383,4,4,41404474,0
383,5,0,41404475,0
383,5,1,41410506,0
383,5,4,41411944,0
383,6,0,41411945,0
383,6,1,41417980,0
383,6,4,41419399,0
383,7,0,41419400,0
383,7,1,41425435,0
383,7,2,41426888,0
383,7,3,41428311,0
383,7,8,41429948,0
384,1,0,41501656,0
384,1,1,41507746,0
384,1,2,41509199,0
384,1,3,41510622,0
384,1,5,41510634,0
384,2,0,41510635,0
384,2,1,41516670,0
384,2,4,41518089,0
384,3,0,41518090,0
384,3,1,41524124,0
384,3,2,41525578,0
384,3,3,41526993,0
384,3,5,41526998,0
384,4,0,41526999,0
384,4,1,41533033,0
384,4,4,41534452,0
384,5,0,41534452,0
384,5,1,41540483,0
384,5,4,41541925,0
384,6,0,41541926,0
384,6,1,41547961,0
384,6,4,41549410,0
384,7,0,41549411,0
384,7,1,41555445,0
384,7,2,41556899,0
384,7,3,41558314,0
384,7,8,41559951,0
385,1,0,41640698,0
385,1,1,41646800,0
385,1,4,41648238,0
385,2,0,41648239,0
385,2,1,41654274,0
385,2,2,41655727,0
385,2,3,41657150,0
385,2,8,41658787,0
386,1,0,41696653,0
386,1,1,41702743,0
386,1,2,41704196,0
386,1,3,41705619,0
386,1,8,41707256,0
387,1,0,41738335,0
387,1,1,41744426,0
387,1,2,41745879,0
387,1,3,41747302,0
387,1,8,41748939,0
388,1,0,41780022,0
388,1,1,41786112,0
388,1,2,41787566,0
388,1,3,41788988,0
388,1,5,41788995,0
388,2,0,41788995,0
388,2,1,41795030,0
388,2,2,41796484,0
388,2,3,41797898,0
388,2,5,41797909,0
388,3,0,41797909,0
388,3,1,41803944,0
388,3,2,41805397,0
388,3,3,41806812,0
388,3,8,41808449,0
389,1,0,41862102,0
389,1,1,41868191,0
389,1,4,41869632,0
389,2,0,41869632,0
389,2,1,41875667,0
389,2,4,41877107,0
389,3,0,41877108,0
389,3,1,41883143,0
389,3,2,41884596,0
389,3,3,41886019,0
389,3,5,41886038,0
389,4,0,41886039,0
389,4,1,41892070,0
389,4,2,41893527,0
389,4,3,41894942,0
389,4,8,41896579,0
390,1,0,41952484,0
390,1,1,41958574,0
390,1,4,41960006,0
390,2,0,41960007,0
390,2,1,41966042,0
390,2,2,41967495,0
390,2,3,41968918,0
390,2,8,41970555,0
391,1,0,42008409,0
391,1,1,42014499,0
391,1,2,42015953,0
391,1,3,42017375,0
391,1,5,42017381,0
391,2,0,42017382,0
391,2,1,42023417,0
391,2,2,42024870,0
391,2,3,42026285,0
391,2,5,42026323,0
391,3,0,42026324,0
391,3,1,42032355,0
391,3,2,42033812,0
391,3,3,42035227,0
391,3,8,42036864,0
392,1,0,42090525,0
392,1,1,42096627,0
392,1,4,42098079,0
392,2,0,42098080,0
392,2,1,42104115,0
392,2,4,42105530,0
392,3,0,42105531,0
392,3,1,42111562,0
392,3,2,42113019,0
392,3,3,42114442,0
392,3,5,42114450,0
392,4,0,42114451,0
392,4,1,42120482,0
392,4,2,42121935,0
392,4,3,42123354,0
392,4,5,42123373,0
392,5,0,42123373,0
392,5,1,42129404,0
392,5,2,42130857,0
392,5,3,42132272,0
392,5,8,42133914,0
393,1,0,42201116,0
393,1,1,42207205,0
393,1,2,42208659,0
393,1,3,42210081,0
393,1,8,42211719,0
394,1,0,42242806,0
394,1,1,42248892,0
394,1,2,42250345,0
394,1,3,42251768,0
394,1,8,42253409,0
395,1,0,42284489,0
395,1,1,42290575,0
395,1,2,42292028,0
395,1,3,42293455,0
395,1,8,42295092,0
396,1,0,42326171,0
396,1,1,42332257,0
396,1,4,42333679,0
396,2,0,42333680,0
396,2,1,42339710,0
396,2,2,42341164,0
396,2,3,42342586,0
396,2,5,42342606,0
396,3,0,42342607,0
396,3,1,42348641,0
396,3,2,42350095,0
396,3,3,42351509,0
396,3,5,42351534,0
396,4,0,42351535,0
396,4,1,42357569,0
396,4,4,42359017,0
396,5,0,42359018,0
396,5,1,42365052,0
396,5,2,42366506,0
396,5,3,42367920,0
396,5,8,42369558,0
397,1,0,42436752,0
397,1,1,42442841,0
397,1,4,42444263,0
397,2,0,42444263,0
397,2,1,42450294,0
397,2,4,42451715,0
397,3,0,42451716,0
397,3,1,42457751,0
397,3,2,42459204,0
397,3,3,42460627,0
397,3,5,42460661,0
397,4,0,42460662,0
397,4,1,42466696,0
397,4,2,42468150,0
397,4,3,42469565,0
397,4,5,42469595,0
397,5,0,42469595,0
397,5,1,42475630,0
397,5,4,42477046,0
397,6,0,42477047,0
397,6,1,42483081,0
397,6,2,42484535,0
397,6,3,42485950,0
397,6,5,42485985,0
397,7,0,42485986,0
397,7,1,42492016,0
397,7,2,42493474,0
397,7,3,42494889,0
397,7,8,42496526,0
398,1,0,42581771,0
398,1,1,42587860,0
398,1,2,42589314,0
398,1,3,42590737,0
398,1,8,42592374,0
399,1,0,42623462,0
399,1,1,42629548,0
399,1,4,42630973,0
399,2,0,42630974,0
399,2,1,42637009,0
399,2,4,42638435,0
399,3,0,42638436,0
399,3,1,42644471,0
399,3,2,42645925,0
399,3,3,42647347,0
399,3,8,42648984,0
400,1,0,42693624,0
400,1,1,42699722,0
400,1,2,42701176,0
400,1,3,42702598,0
400,1,5,42702627,0
400,2,0,42702628,0
400,2,1,42708662,0
400,2,2,42710116,0
400,2,3,42711531,0
400,2,5,42711551,0
400,3,0,42711552,0
400,3,1,42717587,0
400,3,4,42719008,0
400,4,0,42719009,0
400,4,1,42725044,0
400,4,2,42726497,0
400,4,3,42727912,0
400,4,5,42727943,0
400,5,0,42727944,0
400,5,1,42733978,0
400,5,2,42735432,0
400,5,3,42736847,0
400,5,5,42736852,0
400,6,0,42736853,0
400,6,1,42742887,0
400,6,2,42744341,0
400,6,3,42745755,0
400,6,5,42745772,0
400,7,0,42745773,0
400,7,1,42751804,0
400,7,2,42753261,0
400,7,3,42754676,0
400,7,8,42756313,0
401,1,0,42850610,0
401,1,1,42856711,0
401,1,4,42858133,0
401,2,0,42858134,0
401,2,1,42864169,0
401,2,2,42865623,0
401,2,3,42867045,0
401,2,5,42867073,0
401,3,0,42867074,0
401,3,1,42873108,0
401,3,2,42874562,0
401,3,3,42875976,0
401,3,8,42877614,0
402,1,0,42926761,0
402,1,1,42932850,0
402,1,2,42934304,0
402,1,3,42935726,0
402,1,5,42935736,0
402,2,0,42935737,0
402,2,1,42941767,0
402,2,2,42943225,0
402,2,3,42944640,0
402,2,8,42946277,0
403,1,0,42988653,0
403,1,1,42994755,0
403,1,4,42996188,0
403,2,0,42996189,0
403,2,1,43002219,0
403,2,2,43003677,0
403,2,3,43005099,0
403,2,5,43005122,0
403,3,0,43005123,0
403,3,1,43011154,0
403,3,2,43012607,0
403,3,3,43014026,0
403,3,8,43015663,0
404,1,0,43064810,0
404,1,1,43070895,0
404,1,2,43072349,0
404,1,3,43073776,0
404,1,5,43073780,0
404,2,0,43073780,0
404,2,1,43079811,0
404,2,2,43081264,0
404,2,3,43082679,0
404,2,8,43084320,0
405,1,0,43126684,0
405,1,1,43132774,0
405,1,2,43134228,0
405,1,3,43135650,0
405,1,8,43137288,0
406,1,0,43168366,0
406,1,1,43174456,0
406,1,4,43175873,0
406,2,0,43175874,0
406,2,1,43181905,0
406,2,4,43183346,0
406,3,0,43183347,0
406,3,1,43189377,0
406,3,4,43190828,0
406,4,0,43190829,0
406,4,1,43196863,0
406,4,2,43198316,0
406,4,3,43199739,0
406,4,5,43199742,0
406,5,0,43199743,0
406,5,1,43205778,0
406,5,4,43207223,0
406,6,0,43207224,0
406,6,1,43213258,0
406,6,4,43214710,0
406,7,0,43214711,0
406,7,1,43220741,0
406,7,2,43222195,0
406,7,3,43223614,0
406,7,5,43223641,0
406,8,0,43223642,0
406,8,1,43229672,0
406,8,4,43231090,0
406,9,0,43231091,0
406,9,1,43237126,0
406,9,2,43238579,0
406,9,3,43239994,0
406,9,8,43241631,0
407,1,0,43335920,0
407,1,1,43342017,0
407,1,2,43343475,0
407,1,3,43344898,0
407,1,5,43344902,0
407,2,0,43344903,0
407,2,1,43350933,0
407,2,4,43352368,0
407,3,0,43352369,0
407,3,1,43358404,0
407,3,2,43359857,0
407,3,3,43361272,0
407,3,5,43361312,0
407,4,0,43361312,0
407,4,1,43367347,0
407,4,2,43368800,0
407,4,3,43370215,0
407,4,8,43371852,0
408,1,0,43432291,0
408,1,1,43438381,0
408,1,2,43439835,0
408,1,3,43441257,0
408,1,8,43442898,0
409,1,0,43473978,0
409,1,1,43480064,0
409,1,2,43481518,0
409,1,3,43482944,0
409,1,8,43484582,0
410,1,0,43515661,0
410,1,1,43521747,0
410,1,2,43523205,0
410,1,3,43524627,0
410,1,5,43524657,0
410,2,0,43524658,0
410,2,1,43530689,0
410,2,2,43532142,0
410,2,3,43533561,0
410,2,5,43533568,0
410,3,0,43533569,0
410,3,1,43539600,0
410,3,4,43541026,0
410,4,0,43541027,0
410,4,1,43547061,0
410,4,2,43548515,0
410,4,3,43549929,0
410,4,5,43549961,0
410,5,0,43549962,0
410,5,1,43555996,0
410,5,2,43557450,0
410,5,3,43558865,0
410,5,5,43558866,0
410,6,0,43558867,0
410,6,1,43564901,0
410,6,4,43566317,0
410,7,0,43566317,0
410,7,1,43572348,0
410,7,4,43573795,0
410,8,0,43573796,0
410,8,1,43579827,0
410,8,2,43581280,0
410,8,3,43582699,0
410,8,8,43584337,0
411,1,0,43680866,0
411,1,1,43686956,0
411,1,2,43688409,0
411,1,3,43689832,0
411,1,8,43691469,0
412,1,0,43722552,0
412,1,1,43728642,0
412,1,4,43730083,0
412,2,0,43730084,0
412,2,1,43736119,0
412,2,2,43737572,0
412,2,3,43738995,0
412,2,5,43739009,0
412,3,0,43739010,0
412,3,1,43745044,0
412,3,2,43746498,0
412,3,3,43747913,0
412,3,5,43747914,0
412,4,0,43747915,0
412,4,1,43753949,0
412,4,2,43755403,0
412,4,3,43756818,0
412,4,5,43756819,0
412,5,0,43756820,0
412,5,1,43762854,0
412,5,4,43764283,0
412,6,0,43764284,0
412,6,1,43770314,0
412,6,4,43771741,0
412,7,0,43771742,0
412,7,1,43777776,0
412,7,2,43779230,0
412,7,3,43780644,0
412,7,8,43782282,0
413,1,0,43867530,0
413,1,1,43873620,0
413,1,2,43875074,0
413,1,3,43876496,0
413,1,5,43876528,0
413,2,0,43876529,0
413,2,1,43882559,0
413,2,2,43884016,0
413,2,3,43885431,0
413,2,8,43887068,0
414,1,0,43929444,0
414,1,1,43935546,0
414,1,2,43936999,0
414,1,3,43938422,0
414,1,5,43938424,0
414,2,0,43938425,0
414,2,1,43944460,0
414,2,2,43945913,0
414,2,3,43947328,0
414,2,5,43947347,0
414,3,0,43947348,0
414,3,1,43953382,0
414,3,2,43954835,0
414,3,3,43956250,0
414,3,5,43956251,0
414,4,0,43956252,0
414,4,1,43962283,0
414,4,2,43963740,0
414,4,3,43965155,0
414,4,5,43965178,0
414,5,0,43965179,0
414,5,1,43971209,0
414,5,4,43972634,0
414,6,0,43972634,0
414,6,1,43978669,0
414,6,2,43980122,0
414,6,3,43981537,0
414,6,5,43981543,0
414,7,0,43981544,0
414,7,1,43987579,0
414,7,4,43988995,0
414,8,0,43988996,0
414,8,1,43995031,0
414,8,4,43996446,0
414,9,0,43996447,0
414,9,1,44002478,0
414,9,4,44003929,0
414,10,0,44003930,0
414,10,1,44009960,0
414,10,4,44011404,0
414,11,0,44011405,0
414,11,1,44017440,0
414,11,2,44018893,0
414,11,3,44020308,0
414,11,8,44021945,0
415,1,0,44144185,0
415,1,1,44150271,0
415,1,4,44151690,0
415,2,0,44151691,0
415,2,1,44157725,0
415,2,2,44159179,0
415,2,3,44160601,0
415,2,5,44160617,0
415,3,0,44160617,0
415,3,1,44166652,0
415,3,4,44168094,0
415,4,0,44168095,0
415,4,1,44174130,0
415,4,2,44175583,0
415,4,3,44176998,0
415,4,8,44178635,0
416,1,0,44234545,0
416,1,1,44240631,0
416,1,2,44242084,0
416,1,3,44243511,0
416,1,5,44243523,0
416,2,0,44243524,0
416,2,1,44249554,0
416,2,4,44250976,0
416,3,0,44250977,0
416,3,1,44257011,0
416,3,2,44258464,0
416,3,3,44259879,0
416,3,8,44261516,0
417,1,0,44310655,0
417,1,1,44316745,0
417,1,2,44318199,0
417,1,3,44319621,0
417,1,8,44321259,0
418,1,0,44352354,0
418,1,1,44358455,0
418,1,2,44359909,0
418,1,3,44361331,0
418,1,8,44362973,0
419,1,0,44394064,0
419,1,1,44400150,0
419,1,2,44401604,0
419,1,3,44403030,0
419,1,8,44404668,0
420,1,0,44435759,0
420,1,1,44441856,0
420,1,2,44443314,0
420,1,3,44444737,0
420,1,5,44444774,0
420,2,0,44444774,0
420,2,1,44450805,0
420,2,2,44452258,0
420,2,3,44453677,0
420,2,8,44455314,0
421,1,0,44497691,0
421,1,1,44503781,0
421,1,2,44505234,0
421,1,3,44506657,0
421,1,5,44506673,0
421,2,0,44506674,0
421,2,1,44512709,0
421,2,4,44514157,0
421,3,0,44514158,0
421,3,1,44520189,0
421,3,4,44521615,0
421,4,0,44521616,0
421,4,1,44527650,0
421,4,2,44529104,0
421,4,3,44530519,0
421,4,5,44530522,0
421,5,0,44530522,0
421,5,1,44536557,0
421,5,4,44538008,0
421,6,0,44538009,0
421,6,1,44544044,0
421,6,2,44545497,0
421,6,3,44546912,0
421,6,5,44546937,0
421,7,0,44546938,0
421,7,1,44552972,0
421,7,2,44554426,0
421,7,3,44555841,0
421,7,5,44555848,0
421,8,0,44555849,0
421,8,1,44561879,0
421,8,4,44563312,0
421,9,0,44563313,0
421,9,1,44569344,0
421,9,2,44570797,0
421,9,3,44572212,0
421,9,8,44573854,0
422,1,0,44677155,0
422,1,1,44683244,0
422,1,2,44684698,0
422,1,3,44686121,0
422,1,5,44686134,0
422,2,0,44686135,0
422,2,1,44692166,0
422,2,4,44693618,0
422,3,0,44693619,0
422,3,1,44699649,0
422,3,2,44701103,0
422,3,3,44702518,0
422,3,5,44702521,0
422,4,0,44702522,0
422,4,1,44708556,0
422,4,2,44710010,0
422,4,3,44711425,0
422,4,7,44713066,0
422,5,0,44713067,0
422,5,1,44719097,0
422,5,4,44720534,0
422,6,0,44720535,0
422,6,1,44726569,0
422,6,2,44728023,0
422,6,3,44729437,0
422,6,5,44729476,0
422,7,0,44729477,0
422,7,1,44735511,0
422,7,2,44736965,0
422,7,3,44738379,0
422,7,5,44738387,0
422,8,0,44738388,0
422,8,1,44744423,0
422,8,4,44745876,0
422,9,0,44745877,0
422,9,1,44751907,0
422,9,4,44753330,0
422,10,0,44753331,0
422,10,1,44759361,0
422,10,2,44760815,0
422,10,3,44762229,0
422,10,8,44763867,0
423,1,0,44878973,0
423,1,1,44885063,0
423,1,2,44886517,0
423,1,3,44887940,0
423,1,5,44887952,0
423,2,0,44887953,0
423,2,1,44893987,0
423,2,4,44895416,0
423,3,0,44895417,0
423,3,1,44901447,0
423,3,2,44902905,0
423,3,3,44904320,0
423,3,5,44904331,0
423,4,0,44904332,0
423,4,1,44910362,0
423,4,2,44911816,0
423,4,3,44913235,0
423,4,5,44913245,0
423,5,0,44913246,0
423,5,1,44919276,0
423,5,2,44920730,0
423,5,3,44922144,0
423,5,8,44923786,0
424,1,0,44995489,0
424,1,1,45001575,0
424,1,4,45003005,0
424,2,0,45003006,0
424,2,1,45009037,0
424,2,2,45010490,0
424,2,3,45011913,0
424,2,5,45011942,0
424,3,0,45011943,0
424,3,1,45017977,0
424,3,4,45019401,0
424,4,0,45019402,0
424,4,1,45025436,0
424,4,4,45026858,0
424,5,0,45026859,0
424,5,1,45032894,0
424,5,2,45034347,0
424,5,3,45035762,0
424,5,5,45035778,0
424,6,0,45035779,0
424,6,1,45041810,0
424,6,4,45043242,0
424,7,0,45043243,0
424,7,1,45049273,0
424,7,2,45050727,0
424,7,3,45052142,0
424,7,5,45052145,0
424,8,0,45052146,0
424,8,1,45058181,0
424,8,4,45059601,0
424,9,0,45059602,0
424,9,1,45065637,0
424,9,2,45067090,0
424,9,3,45068505,0
424,9,5,45068516,0
424,10,0,45068517,0
424,10,1,45074552,0
424,10,2,45076005,0
424,10,3,45077420,0
424,10,5,45077445,0
424,11,0,45077445,0
424,11,1,45083480,0
424,11,4,45084899,0
424,12,0,45084899,0
424,12,1,45090930,0
424,12,4,45092383,0
424,13,0,45092384,0
424,13,1,45098419,0
424,13,2,45099872,0
424,13,3,45101287,0
424,13,5,45101314,0
424,14,0,45101314,0
424,14,1,45107349,0
424,14,2,45108802,0
424,14,3,45110217,0
424,14,5,45110232,0
424,15,0,45110233,0
424,15,1,45116267,0
424,15,2,45117721,0
424,15,3,45119135,0
424,15,5,45119143,0
424,16,0,45119144,0
424,16,1,45125178,0
424,16,4,45126617,0
424,17,0,45126618,0
424,17,1,45132649,0
424,17,2,45134106,0
424,17,3,45135521,0
424,17,8,45137158,0
425,1,0,45315806,0
425,1,1,45321892,0
425,1,2,45323349,0
425,1,3,45324772,0
425,1,8,45326409,0
426,1,0,45357489,0
426,1,1,45363578,0
426,1,4,45365029,0
426,2,0,45365030,0
426,2,1,45371061,0
426,2,4,45372505,0
426,3,0,45372506,0
426,3,1,45378540,0
426,3,4,45379991,0
426,4,0,45379992,0
426,4,1,45386027,0
426,4,2,45387480,0
426,4,3,45388903,0
426,4,8,45390540,0
427,1,0,45441936,0
427,1,1,45448025,0
427,1,4,45449467,0
427,2,0,45449468,0
427,2,1,45455502,0
427,2,2,45456956,0
427,2,3,45458378,0
427,2,5,45458394,0
427,3,0,45458394,0
427,3,1,45464429,0
427,3,2,45465883,0
427,3,3,45467297,0
427,3,8,45468935,0
428,1,0,45518085,0
428,1,1,45524187,0
428,1,4,45525633,0
428,2,0,45525634,0
428,2,1,45531665,0
428,2,2,45533122,0
428,2,3,45534545,0
428,2,5,45534564,0
428,3,0,45534564,0
428,3,1,45540595,0
428,3,2,45542048,0
428,3,3,45543467,0
428,3,8,45545105,0
429,1,0,45594251,0
429,1,1,45600337,0
429,1,2,45601790,0
429,1,3,45603217,0
429,1,5,45603228,0
429,2,0,45603229,0
429,2,1,45609259,0
429,2,2,45610713,0
429,2,3,45612127,0
429,2,5,45612158,0
429,3,0,45612159,0
429,3,1,45618193,0
429,3,4,45619619,0
429,4,0,45619620,0
429,4,1,45625655,0
429,4,2,45627108,0
429,4,3,45628523,0
429,4,5,45628541,0
429,5,0,45628542,0
429,5,1,45634577,0
429,5,2,45636030,0
429,5,3,45637445,0
429,5,8,45639082,0
430,1,0,45710790,0
430,1,1,45716879,0
430,1,2,45718333,0
430,1,3,45719755,0
430,1,5,45719775,0
430,2,0,45719775,0
430,2,1,45725810,0
430,2,4,45727244,0
430,3,0,45727245,0
430,3,1,45733279,0
430,3,2,45734733,0
430,3,3,45736147,0
430,3,5,45736164,0
430,4,0,45736165,0
430,4,1,45742195,0
430,4,2,45743653,0
430,4,3,45745067,0
430,4,8,45746705,0
431,1,0,45807124,0
431,1,1,45813214,0
431,1,2,45814667,0
431,1,3,45816090,0
431,1,5,45816128,0
431,2,0,45816129,0
431,2,1,45822159,0
431,2,2,45823617,0
431,2,3,45825032,0
431,2,5,45825038,0
431,3,0,45825039,0
431,3,1,45831069,0
431,3,2,45832523,0
431,3,3,45833942,0
431,3,8,45835579,0
432,1,0,45889227,0
432,1,1,45895317,0
432,1,2,45896771,0
432,1,3,45898193,0
432,1,8,45899831,0
433,1,0,45930914,0
433,1,1,45937004,0
433,1,4,45938437,0
433,2,0,45938438,0
433,2,1,45944473,0
433,2,2,45945926,0
433,2,3,45947349,0
433,2,8,45948986,0
434,1,0,45986852,0
434,1,1,45992952,0
434,1,4,45994369,0
434,2,0,45994370,0
434,2,1,46000400,0
434,2,2,46001854,0
434,2,3,46003281,0
434,2,5,46003285,0
434,3,0,46003285,0
434,3,1,46009316,0
434,3,2,46010769,0
434,3,3,46012184,0
434,3,5,46012223,0
434,4,0,46012224,0
434,4,1,46018258,0
434,4,2,46019711,0
434,4,3,46021126,0
434,4,5,46021161,0
434,5,0,46021162,0
434,5,1,46027197,0
434,5,2,46028650,0
434,5,3,46030065,0
434,5,8,46031702,0
435,1,0,46103426,0
435,1,1,46109512,0
435,1,4,46110932,0
435,2,0,46110933,0
435,2,1,46116967,0
435,2,4,46118398,0
435,3,0,46118399,0
435,3,1,46124433,0
435,3,2,46125887,0
435,3,3,46127309,0
435,3,5,46127340,0
435,4,0,46127341,0
435,4,1,46133375,0
435,4,2,46134829,0
435,4,3,46136244,0
435,4,5,46136277,0
435,5,0,46136278,0
435,5,1,46142308,0
435,5,4,46143746,0
435,6,0,46143747,0
435,6,1,46149777,0
435,6,2,46151231,0
435,6,3,46152646,0
435,6,5,46152649,0
435,7,0,46152650,0
435,7,1,46158685,0
435,7,4,46160131,0
435,8,0,46160132,0
435,8,1,46166167,0
435,8,4,46167616,0
435,9,0,46167617,0
435,9,1,46173651,0
435,9,4,46175088,0
435,10,0,46175089,0
435,10,1,46181120,0
435,10,2,46182573,0
435,10,3,46183992,0
435,10,8,46185629,0
436,1,0,46291708,0
436,1,1,46297797,0
436,1,2,46299251,0
436,1,3,46300674,0
436,1,5,46300701,0
436,2,0,46300701,0
436,2,1,46306736,0
436,2,2,46308189,0
436,2,3,46309604,0
436,2,5,46309627,0
436,3,0,46309627,0
436,3,1,46315662,0
436,3,2,46317115,0
436,3,3,46318530,0
436,3,8,46320167,0
437,1,0,46373832,0
437,1,1,46379930,0
437,1,4,46381361,0
437,2,0,46381362,0
437,2,1,46387396,0
437,2,4,46388818,0
437,3,0,46388819,0
437,3,1,46394853,0
437,3,4,46396295,0
437,4,0,46396296,0
437,4,1,46402326,0
437,4,4,46403760,0
437,5,0,46403761,0
437,5,1,46409792,0
437,5,4,46411223,0
437,6,0,46411224,0
437,6,1,46417258,0
437,6,4,46418705,0
437,7,0,46418706,0
437,7,1,46424741,0
437,7,2,46426195,0
437,7,3,46427617,0
437,7,5,46427633,0
437,8,0,46427634,0
437,8,1,46433668,0
437,8,2,46435122,0
437,8,3,46436537,0
437,8,5,46436568,0
437,9,0,46436569,0
437,9,1,46442600,0
437,9,2,46444057,0
437,9,3,46445472,0
437,9,5,46445496,0
437,10,0,46445497,0
437,10,1,46451527,0
437,10,4,46452956,0
437,11,0,46452957,0
437,11,1,46458988,0
437,11,2,46460441,0
437,11,3,46461856,0
437,11,5,46461888,0
437,12,0,46461889,0
437,12,1,46467924,0
437,12,4,46469356,0
437,13,0,46469357,0
437,13,1,46475391,0
437,13,2,46476845,0
437,13,3,46478260,0
437,13,5,46478297,0
437,14,0,46478298,0
437,14,1,46484332,0
437,14,4,46485759,0
437,15,0,46485760,0
437,15,1,46491790,0
437,15,4,46493229,0
437,16,0,46493230,0
437,16,1,46499260,0
437,16,2,46500714,0
437,16,3,46502128,0
437,16,5,46502132,0
437,17,0,46502133,0
437,17,1,46508167,0
437,17,4,46509589,0
437,18,0,46509590,0
437,18,1,46515625,0
437,18,2,46517078,0
437,18,3,46518493,0
437,18,5,46518516,0
437,19,0,46518517,0
437,19,1,46524552,0
437,19,4,46525996,0
437,20,0,46525997,0
437,20,1,46532028,0
437,20,2,46533485,0
437,20,3,46534900,0
437,20,8,46536537,0
438,1,0,46731863,0
438,1,1,46737952,0
438,1,2,46739406,0
438,1,3,46740829,0
438,1,5,46740835,0
438,2,0,46740836,0
438,2,1,46746870,0
438,2,2,46748324,0
438,2,3,46749738,0
438,2,5,46749740,0
438,3,0,46749741,0
438,3,1,46755776,0
438,3,2,46757229,0
438,3,3,46758644,0
438,3,7,46760281,0
438,4,0,46760282,0
438,4,1,46766316,0
438,4,2,46767770,0
438,4,3,46769185,0
438,4,5,46769188,0
438,5,0,46769189,0
438,5,1,46775223,0
438,5,2,46776677,0
438,5,3,46778091,0
438,5,5,46778103,0
438,6,0,46778104,0
438,6,1,46784138,0
438,6,4,46785559,0
438,7,0,46785560,0
438,7,1,46791590,0
438,7,4,46793047,0
438,8,0,46793048,0
438,8,1,46799078,0
438,8,4,46800505,0
438,9,0,46800505,0
438,9,1,46806540,0
438,9,2,46807994,0
438,9,3,46809408,0
438,9,5,46809416,0
438,10,0,46809416,0
438,10,1,46815451,0
438,10,2,46816905,0
438,10,3,46818319,0
438,10,5,46818329,0
438,11,0,46818329,0
438,11,1,46824364,0
438,11,2,46825817,0
438,11,3,46827232,0
438,11,5,46827239,0
438,12,0,46827240,0
438,12,1,46833274,0
438,12,4,46834691,0
438,13,0,46834692,0
438,13,1,46840723,0
438,13,2,46842176,0
438,13,3,46843595,0
438,13,8,46845229,0
439,1,0,46995404,0
439,1,1,47001489,0
439,1,2,47002947,0
439,1,3,47004369,0
439,1,8,47006007,0
440,1,0,47037090,0
440,1,1,47043179,0
440,1,2,47044633,0
440,1,3,47046055,0
440,1,5,47046064,0
440,2,0,47046065,0
440,2,1,47052095,0
440,2,2,47053553,0
440,2,3,47054968,0
440,2,5,47054999,0
440,3,0,47055000,0
440,3,1,47061031,0
440,3,2,47062484,0
440,3,3,47063903,0
440,3,5,47063940,0
440,4,0,47063941,0
440,4,1,47069971,0
440,4,2,47071425,0
440,4,3,47072843,0
440,4,8,47074480,0
441,1,0,47139421,0
441,1,1,47145511,0
441,1,2,47146965,0
441,1,3,47148387,0
441,1,5,47148425,0
441,2,0,47148425,0
441,2,1,47154460,0
441,2,2,47155914,0
441,2,3,47157328,0
441,2,8,47158966,0
442,1,0,47201336,0
442,1,1,47207426,0
442,1,4,47208871,0
442,2,0,47208872,0
442,2,1,47214907,0
442,2,4,47216339,0
442,3,0,47216340,0
442,3,1,47222370,0
442,3,2,47223828,0
442,3,3,47225251,0
442,3,5,47225280,0
442,4,0,47225280,0
442,4,1,47231311,0
442,4,2,47232768,0
442,4,3,47234183,0
442,4,8,47235820,0
443,1,0,47291745,0
443,1,1,47297846,0
443,1,4,47299273,0
443,2,0,47299274,0
443,2,1,47305308,0
443,2,2,47306762,0
443,2,3,47308185,0
443,2,8,47309822,0
444,1,0,47347691,0
444,1,1,47353781,0
444,1,4,47355215,0
444,2,0,47355216,0
444,2,1,47361247,0
444,2,2,47362704,0
444,2,3,47364127,0
444,2,5,47364164,0
444,3,0,47364165,0
444,3,1,47370196,0
444,3,4,47371630,0
444,4,0,47371631,0
444,4,1,47377665,0
444,4,2,47379119,0
444,4,3,47380533,0
444,4,8,47382171,0
445,1,0,47438088,0
445,1,1,47444178,0
445,1,4,47445598,0
445,2,0,47445599,0
445,2,1,47451630,0
445,2,2,47453087,0
445,2,3,47454510,0
445,2,5,47454519,0
445,3,0,47454520,0
445,3,1,47460550,0
445,3,2,47462004,0
445,3,3,47463423,0
445,3,8,47465060,0
446,1,0,47514211,0
446,1,1,47520308,0
446,1,2,47521762,0
446,1,3,47523189,0
446,1,5,47523208,0
446,2,0,47523209,0
446,2,1,47529240,0
446,2,2,47530693,0
446,2,3,47532108,0
446,2,5,47532122,0
446,3,0,47532123,0
446,3,1,47538158,0
446,3,2,47539612,0
446,3,3,47541026,0
446,3,5,47541056,0
446,4,0,47541057,0
446,4,1,47547092,0
446,4,2,47548545,0
446,4,3,47549960,0
446,4,8,47551597,0
447,1,0,47616567,0
447,1,1,47622664,0
447,1,2,47624122,0
447,1,3,47625544,0
447,1,8,47627182,0
448,1,0,47658276,0
448,1,1,47664366,0
448,1,2,47665820,0
448,1,3,47667243,0
448,1,5,47667254,0
448,2,0,47667255,0
448,2,1,47673290,0
448,2,2,47674743,0
448,2,3,47676158,0
448,2,8,47677795,0
449,1,0,47720167,0
449,1,1,47726256,0
449,1,2,47727710,0
449,1,3,47729133,0
449,1,5,47729169,0
449,2,0,47729170,0
449,2,1,47735205,0
449,2,2,47736658,0
449,2,3,47738073,0
449,2,5,47738084,0
449,3,0,47738084,0
449,3,1,47744119,0
449,3,4,47745554,0
449,4,0,47745555,0
449,4,1,47751585,0
449,4,2,47753043,0
449,4,3,47754457,0
449,4,8,47756095,0
450,1,0,47816518,0
450,1,1,47822604,0
450,1,2,47824061,0
450,1,3,47825484,0
450,1,8,47827121,0
451,1,0,47858209,0
451,1,1,47864298,0
451,1,2,47865752,0
451,1,3,47867175,0
451,1,5,47867184,0
451,2,0,47867185,0
451,2,1,47873220,0
451,2,2,47874673,0
451,2,3,47876088,0
451,2,8,47877725,0
452,1,0,47920093,0
452,1,1,47926183,0
452,1,4,47927611,0
452,2,0,47927612,0
452,2,1,47933646,0
452,2,2,47935100,0
452,2,3,47936522,0
452,2,8,47938159,0
453,1,0,47976017,0
453,1,1,47982103,0
453,1,2,47983560,0
453,1,3,47984983,0
453,1,8,47986620,0
454,1,0,48017703,0
454,1,1,48023793,0
454,1,4,48025214,0
454,2,0,48025215,0
454,2,1,48031245,0
454,2,2,48032702,0
454,2,3,48034125,0
454,2,8,48035762,0
455,1,0,48073636,0
455,1,1,48079733,0
455,1,4,48081153,0
455,2,0,48081154,0
455,2,1,48087189,0
455,2,2,48088642,0
455,2,3,48090065,0
455,2,5,48090081,0
455,3,0,48090082,0
455,3,1,48096116,0
455,3,2,48097570,0
455,3,3,48098985,0
455,3,5,48099017,0
455,4,0,48099017,0
455,4,1,48105052,0
455,4,4,48106480,0
455,5,0,48106481,0
455,5,1,48112511,0
455,5,2,48113969,0
455,5,3,48115384,0
455,5,5,48115401,0
455,6,0,48115402,0
455,6,1,48121432,0
455,6,4,48122863,0
455,7,0,48122864,0
455,7,1,48128894,0
455,7,2,48130347,0
455,7,3,48131762,0
455,7,8,48133404,0
456,1,0,48218677,0
456,1,1,48224778,0
456,1,4,48226194,0
456,2,0,48226195,0
456,2,1,48232225,0
456,2,4,48233670,0
456,3,0,48233671,0
456,3,1,48239701,0
456,3,2,48241155,0
456,3,3,48242577,0
456,3,8,48244219,0
457,1,0,48288859,0
457,1,1,48294949,0
457,1,4,48296375,0
457,2,0,48296376,0
457,2,1,48302406,0
457,2,4,48303837,0
457,3,0,48303837,0
457,3,1,48309868,0
457,3,4,48311292,0
457,4,0,48311293,0
457,4,1,48317327,0
457,4,4,48318779,0
457,5,0,48318779,0
457,5,1,48324814,0
457,5,2,48326268,0
457,5,3,48327690,0
457,5,5,48327692,0
457,6,0,48327693,0
457,6,1,48333727,0
457,6,4,48335174,0
457,7,0,48335175,0
457,7,1,48341205,0
457,7,4,48342639,0
457,8,0,48342640,0
457,8,1,48348675,0
457,8,4,48350124,0
457,9,0,48350125,0
457,9,1,48356159,0
457,9,4,48357612,0
457,10,0,48357613,0
457,10,1,48363647,0
457,10,4,48365067,0
457,11,0,48365068,0
457,11,1,48371098,0
457,11,4,48372522,0
457,12,0,48372523,0
457,12,1,48378557,0
457,12,2,48380011,0
457,12,3,48381425,0
457,12,5,48381448,0
457,13,0,48381449,0
457,13,1,48387484,0
457,13,4,48388915,0
457,14,0,48388916,0
457,14,1,48394951,0
457,14,2,48396404,0
457,14,3,48397819,0
457,14,8,48399456,0
458,1,0,48529512,0
458,1,1,48535614,0
458,1,4,48537045,0
458,2,0,48537046,0
458,2,1,48543080,0
458,2,2,48544534,0
458,2,3,48545956,0
458,2,5,48545966,0
458,3,0,48545967,0
458,3,1,48551997,0
458,3,4,48553437,0
458,4,0,48553438,0
458,4,1,48559468,0
458,4,2,48560922,0
458,4,3,48562337,0
458,4,5,48562365,0
458,5,0,48562365,0
458,5,1,48568400,0
458,5,2,48569853,0
458,5,3,48571268,0
458,5,5,48571302,0
458,6,0,48571303,0
458,6,1,48577337,0
458,6,2,48578791,0
458,6,3,48580206,0
458,6,5,48580224,0
458,7,0,48580224,0
458,7,1,48586259,0
458,7,4,48587712,0
458,8,0,48587713,0
458,8,1,48593747,0
458,8,2,48595201,0
458,8,3,48596615,0
458,8,8,48598253,0
459,1,0,48694803,0
459,1,1,48700888,0
459,1,4,48702328,0
459,2,0,48702329,0
459,2,1,48708364,0
459,2,4,48709779,0
459,3,0,48709780,0
459,3,1,48715815,0
459,3,2,48717268,0
459,3,3,48718691,0
459,3,5,48718720,0
459,4,0,48718721,0
459,4,1,48724756,0
459,4,2,48726209,0
459,4,3,48727624,0
459,4,5,48727644,0
459,5,0,48727645,0
459,5,1,48733679,0
459,5,4,48735103,0
459,6,0,48735104,0
459,6,1,48741134,0
459,6,2,48742588,0
459,6,3,48744007,0
459,6,5,48744027,0
459,7,0,48744027,0
459,7,1,48750058,0
459,7,4,48751479,0
459,8,0,48751480,0
459,8,1,48757515,0
459,8,4,48758946,0
459,9,0,48758947,0
459,9,1,48764982,0
459,9,2,48766436,0
459,9,3,48767850,0
459,9,8,48769488,0
460,1,0,48868282,0
460,1,1,48874372,0
460,1,4,48875822,0
460,2,0,48875823,0
460,2,1,48881853,0
460,2,2,48883311,0
460,2,3,48884733,0
460,2,8,48886371,0
461,1,0,48924229,0
461,1,1,48930315,0
461,1,4,48931766,0
461,2,0,48931766,0
461,2,1,48937801,0
461,2,4,48939229,0
461,3,0,48939230,0
461,3,1,48945265,0
461,3,4,48946702,0
461,4,0,48946703,0
461,4,1,48952737,0
461,4,4,48954162,0
461,5,0,48954163,0
461,5,1,48960193,0
461,5,2,48961647,0
461,5,3,48963073,0
461,5,5,48963103,0
461,6,0,48963104,0
461,6,1,48969134,0
461,6,2,48970588,0
461,6,3,48972003,0
461,6,5,48972014,0
461,7,0,48972014,0
461,7,1,48978049,0
461,7,4,48979471,0
461,8,0,48979471,0
461,8,1,48985506,0
461,8,2,48986959,0
461,8,3,48988374,0
461,8,8,48990011,0
462,1,0,49077522,0
462,1,1,49083612,0
462,1,2,49085065,0
462,1,3,49086488,0
462,1,8,49088125,0
463,1,0,49119213,0
463,1,1,49125303,0
463,1,2,49126757,0
463,1,3,49128179,0
463,1,8,49129816,0
464,1,0,49160904,0
464,1,1,49166993,0
464,1,4,49168409,0
464,2,0,49168410,0
464,2,1,49174445,0
464,2,4,49175864,0
464,3,0,49175865,0
464,3,1,49181895,0
464,3,2,49183353,0
464,3,3,49184775,0
464,3,5,49184787,0
464,4,0,49184788,0
464,4,1,49190818,0
464,4,4,49192236,0
464,5,0,49192237,0
464,5,1,49198272,0
464,5,2,49199725,0
464,5,3,49201140,0
464,5,8,49202781,0
465,1,0,49265465,0
465,1,1,49271551,0
465,1,4,49272975,0
465,2,0,49272976,0
465,2,1,49279006,0
465,2,4,49280446,0
465,3,0,49280447,0
465,3,1,49286481,0
465,3,2,49287935,0
465,3,3,49289357,0
465,3,8,49290995,0
466,1,0,49335623,0
466,1,1,49341709,0
466,1,4,49343134,0
466,2,0,49343135,0
466,2,1,49349166,0
466,2,4,49350594,0
466,3,0,49350595,0
466,3,1,49356629,0
466,3,2,49358083,0
466,3,3,49359506,0
466,3,5,49359517,0
466,4,0,49359518,0
466,4,1,49365552,0
466,4,2,49367006,0
466,4,3,49368420,0
466,4,5,49368435,0
466,5,0,49368436,0
466,5,1,49374471,0
466,5,2,49375924,0
466,5,3,49377339,0
466,5,5,49377358,0
466,6,0,49377359,0
466,6,1,49383393,0
466,6,4,49384814,0
466,7,0,49384814,0
466,7,1,49390845,0
466,7,4,49392271,0
466,8,0,49392271,0
466,8,1,49398306,0
466,8,4,49399724,0
466,9,0,49399725,0
466,9,1,49405760,0
466,9,4,49407183,0
466,10,0,49407184,0
466,10,1,49413218,0
466,10,2,49414672,0
466,10,3,49416087,0
466,10,8,49417724,0
467,1,0,49523810,0
467,1,1,49529896,0
467,1,2,49531349,0
467,1,3,49532776,0
467,1,5,49532795,0
467,2,0,49532796,0
467,2,1,49538826,0
467,2,2,49540280,0
467,2,3,49541695,0
467,2,5,49541723,0
467,3,0,49541724,0
467,3,1,49547758,0
467,3,4,49549191,0
467,4,0,49549192,0
467,4,1,49555226,0
467,4,2,49556680,0
467,4,3,49558095,0
467,4,8,49559732,0
468,1,0,49620160,0
468,1,1,49626250,0
468,1,2,49627704,0
468,1,3,49629126,0
468,1,5,49629141,0
468,2,0,49629142,0
468,2,1,49635176,0
468,2,2,49636630,0
468,2,3,49638044,0
468,2,8,49639682,0
469,1,0,49682069,0
469,1,1,49688171,0
469,1,2,49689624,0
469,1,3,49691047,0
469,1,5,49691065,0
469,2,0,49691066,0
469,2,1,49697101,0
469,2,2,49698554,0
469,2,3,49699969,0
469,2,5,49700008,0
469,3,0,49700009,0
469,3,1,49706044,0
469,3,2,49707498,0
469,3,3,49708912,0
469,3,5,49708929,0
469,4,0,49708929,0
469,4,1,49714964,0
469,4,4,49716390,0
469,5,0,49716391,0
469,5,1,49722421,0
469,5,2,49723878,0
469,5,3,49725293,0
469,5,8,49726931,0
470,1,0,49798649,0
470,1,1,49804739,0
470,1,4,49806179,0
470,2,0,49806179,0
470,2,1,49812210,0
470,2,2,49813668,0
470,2,3,49815090,0
470,2,5,49815122,0
470,3,0,49815123,0
470,3,1,49821153,0
470,3,4,49822595,0
470,4,0,49822596,0
470,4,1,49828630,0
470,4,2,49830083,0
470,4,3,49831498,0
470,4,5,49831515,0
470,5,0,49831516,0
470,5,1,49837550,0
470,5,4,49838982,0
470,6,0,49838982,0
470,6,1,49845017,0
470,6,2,49846471,0
470,6,3,49847885,0
470,6,5,49847915,0
470,7,0,49847916,0
470,7,1,49853950,0
470,7,2,49855404,0
470,7,3,49856818,0
470,7,8,49858456,0
471,1,0,49943717,0
471,1,1,49949803,0
471,1,4,49951238,0
471,2,0,49951239,0
471,2,1,49957273,0
471,2,2,49958727,0
471,2,3,49960149,0
471,2,8,49961787,0
472,1,0,49999656,0
472,1,1,50005757,0
472,1,4,50007203,0
472,2,0,50007204,0
472,2,1,50013238,0
472,2,2,50014692,0
472,2,3,50016114,0
472,2,5,50016129,0
472,3,0,50016130,0
472,3,1,50022160,0
472,3,2,50023618,0
472,3,3,50025033,0
472,3,5,50025039,0
472,4,0,50025039,0
472,4,1,50031070,0
472,4,2,50032524,0
472,4,3,50033943,0
472,4,7,50035580,0
472,5,0,50035581,0
472,5,1,50041611,0
472,5,4,50043048,0
472,6,0,50043049,0
472,6,1,50049079,0
472,6,2,50050533,0
472,6,3,50051948,0
472,6,5,50051973,0
472,7,0,50051974,0
472,7,1,50058009,0
472,7,2,50059462,0
472,7,3,50060877,0
472,7,8,50062510,0
473,1,0,50152293,0
473,1,1,50158383,0
473,1,4,50159803,0
473,2,0,50159804,0
473,2,1,50165839,0
473,2,4,50167274,0
473,3,0,50167275,0
473,3,1,50173310,0
473,3,2,50174763,0
473,3,3,50176186,0
473,3,5,50176225,0
473,4,0,50176226,0
473,4,1,50182256,0
473,4,2,50183714,0
473,4,3,50185129,0
473,4,8,50186766,0
474,1,0,50242675,0
474,1,1,50248764,0
474,1,2,50250218,0
474,1,3,50251641,0
474,1,5,50251645,0
474,2,0,50251646,0
474,2,1,50257681,0
474,2,4,50259114,0
474,3,0,50259114,0
474,3,1,50265149,0
474,3,4,50266578,0
474,4,0,50266579,0
474,4,1,50272609,0
474,4,2,50274067,0
474,4,3,50275482,0
474,4,8,50277119,0
475,1,0,50333037,0
475,1,1,50339123,0
475,1,2,50340576,0
475,1,3,50341999,0
475,1,8,50343641,0
476,1,0,50374736,0
476,1,1,50380833,0
476,1,2,50382287,0
476,1,3,50383714,0
476,1,5,50383731,0
476,2,0,50383731,0
476,2,1,50389762,0
476,2,4,50391181,0
476,3,0,50391181,0
476,3,1,50397216,0
476,3,2,50398669,0
476,3,3,50400084,0
476,3,8,50401721,0
477,1,0,50450891,0
477,1,1,50456993,0
477,1,2,50458446,0
477,1,3,50459869,0
477,1,8,50461506,0
478,1,0,50492617,0
478,1,1,50498719,0
478,1,4,50500146,0
478,2,0,50500147,0
478,2,1,50506182,0
478,2,4,50507617,0
478,3,0,50507618,0
478,3,1,50513653,0
478,3,4,50515084,0
478,4,0,50515085,0
478,4,1,50521116,0
478,4,2,50522569,0
478,4,3,50523996,0
478,4,8,50525633,0
479,1,0,50577045,0
479,1,1,50583135,0
479,1,2,50584588,0
479,1,3,50586011,0
479,1,5,50586030,0
479,2,0,50586031,0
479,2,1,50592061,0
479,2,4,50593495,0
479,3,0,50593495,0
479,3,1,50599526,0
479,3,2,50600979,0
479,3,3,50602394,0
479,3,5,50602408,0
479,4,0,50602409,0
479,4,1,50608444,0
479,4,2,50609897,0
479,4,3,50611312,0
479,4,5,50611338,0
479,5,0,50611339,0
479,5,1,50617373,0
479,5,4,50618805,0
479,6,0,50618806,0
479,6,1,50624841,0
479,6,2,50626295,0
479,6,3,50627709,0
479,6,8,50629347,0
480,1,0,50707829,0
480,1,1,50713918,0
480,1,2,50715372,0
480,1,3,50716795,0
480,1,8,50718432,0
481,1,0,50749522,0
481,1,1,50755612,0
481,1,4,50757057,0
481,2,0,50757058,0
481,2,1,50763093,0
481,2,2,50764547,0
481,2,3,50765969,0
481,2,5,50765979,0
481,3,0,50765980,0
481,3,1,50772010,0
481,3,2,50773468,0
481,3,3,50774883,0
481,3,5,50774890,0
481,4,0,50774891,0
481,4,1,50780921,0
481,4,2,50782375,0
481,4,3,50783794,0
481,4,8,50785431,0
482,1,0,50845867,0
482,1,1,50851964,0
482,1,2,50853422,0
482,1,3,50854845,0
482,1,8,50856482,0
483,1,0,50887582,0
483,1,1,50893671,0
483,1,4,50895112,0
483,2,0,50895113,0
483,2,1,50901144,0
483,2,4,50902559,0
483,3,0,50902560,0
483,3,1,50908595,0
483,3,4,50910047,0
483,4,0,50910047,0
483,4,1,50916082,0
483,4,4,50917501,0
483,5,0,50917501,0
483,5,1,50923536,0
483,5,2,50924989,0
483,5,3,50926412,0
483,5,5,50926419,0
483,6,0,50926420,0
483,6,1,50932450,0
483,6,4,50933883,0
483,7,0,50933884,0
483,7,1,50939914,0
483,7,2,50941367,0
483,7,3,50942786,0
483,7,5,50942819,0
483,8,0,50942820,0
483,8,1,50948850,0
483,8,2,50950303,0
483,8,3,50951718,0
483,8,8,50953360,0
484,1,0,51040866,0
484,1,1,51046955,0
484,1,2,51048409,0
484,1,3,51049832,0
484,1,8,51051469,0
485,1,0,51082561,0
485,1,1,51088651,0
485,1,2,51090104,0
485,1,3,51091527,0
485,1,8,51093169,0
486,1,0,51124252,0
486,1,1,51130339,0
486,1,2,51131792,0
486,1,3,51133219,0
486,1,8,51134856,0
487,1,0,51165944,0
487,1,1,51172030,0
487,1,4,51173460,0
487,2,0,51173461,0
487,2,1,51179491,0
487,2,4,51180926,0
487,3,0,51180927,0
487,3,1,51186961,0
487,3,4,51188408,0
487,4,0,51188409,0
487,4,1,51194443,0
487,4,2,51195897,0
487,4,3,51197319,0
487,4,5,51197334,0
487,5,0,51197334,0
487,5,1,51203369,0
487,5,2,51204822,0
487,5,3,51206237,0
487,5,5,51206259,0
487,6,0,51206260,0
487,6,1,51212290,0
487,6,2,51213748,0
487,6,3,51215163,0
487,6,8,51216800,0
488,1,0,51290764,0
488,1,1,51296854,0
488,1,2,51298307,0
488,1,3,51299730,0
488,1,5,51299750,0
488,2,0,51299751,0
488,2,1,51305786,0
488,2,4,51307226,0
488,3,0,51307227,0
488,3,1,51313261,0
488,3,4,51314688,0
488,4,0,51314689,0
488,4,1,51320720,0
488,4,2,51322173,0
488,4,3,51323592,0
488,4,8,51325229,0
489,1,0,51381143,0
489,1,1,51387232,0
489,1,4,51388647,0
489,2,0,51388648,0
489,2,1,51394683,0
489,2,2,51396136,0
489,2,3,51397559,0
489,2,5,51397591,0
489,3,0,51397591,0
489,3,1,51403626,0
489,3,2,51405079,0
489,3,3,51406494,0
489,3,8,51408131,0
490,1,0,51457270,0
490,1,1,51463359,0
490,1,2,51464813,0
490,1,3,51466235,0
490,1,8,51467873,0
491,1,0,51498959,0
491,1,1,51505050,0
491,1,2,51506503,0
491,1,3,51507926,0
491,1,5,51507958,0
491,2,0,51507959,0
491,2,1,51513993,0
491,2,2,51515447,0
491,2,3,51516862,0
491,2,5,51516868,0
491,3,0,51516869,0
491,3,1,51522903,0
491,3,2,51524357,0
491,3,3,51525771,0
491,3,8,51527409,0
492,1,0,51581061,0
492,1,1,51587151,0
492,1,4,51588586,0
492,2,0,51588587,0
492,2,1,51594622,0
492,2,2,51596075,0
492,2,3,51597498,0
492,2,8,51599135,0
493,1,0,51636996,0
493,1,1,51643086,0
493,1,4,51644524,0
493,2,0,51644525,0
493,2,1,51650556,0
493,2,2,51652009,0
493,2,3,51653436,0
493,2,8,51655073,0
494,1,0,51692931,0
494,1,1,51699017,0
494,1,4,51700450,0
494,2,0,51700450,0
494,2,1,51706485,0
494,2,2,51707939,0
494,2,3,51709361,0
494,2,5,51709390,0
494,3,0,51709391,0
494,3,1,51715425,0
494,3,4,51716868,0
494,4,0,51716869,0
494,4,1,51722903,0
494,4,2,51724357,0
494,4,3,51725771,0
494,4,5,51725776,0
494,5,0,51725776,0
494,5,1,51731807,0
494,5,4,51733262,0
494,6,0,51733262,0
494,6,1,51739293,0
494,6,2,51740747,0
494,6,3,51742161,0
494,6,8,51743803,0
495,1,0,51817771,0
495,1,1,51823859,0
495,1,4,51825277,0
495,2,0,51825277,0
495,2,1,51831308,0
495,2,2,51832765,0
495,2,3,51834188,0
495,2,8,51835825,0
496,1,0,51873683,0
496,1,1,51879769,0
496,1,4,51881189,0
496,2,0,51881190,0
496,2,1,51887224,0
496,2,2,51888678,0
496,2,3,51890100,0
496,2,5,51890132,0
496,3,0,51890133,0
496,3,1,51896167,0
496,3,2,51897621,0
496,3,3,51899035,0
496,3,8,51900673,0
497,1,0,51949819,0
497,1,1,51955909,0
497,1,2,51957362,0
497,1,3,51958785,0
497,1,5,51958793,0
497,2,0,51958794,0
497,2,1,51964829,0
497,2,4,51966266,0
497,3,0,51966266,0
497,3,1,51972297,0
497,3,4,51973728,0
497,4,0,51973729,0
497,4,1,51979760,0
497,4,4,51981180,0
497,5,0,51981181,0
497,5,1,51987215,0
497,5,4,51988634,0
497,6,0,51988635,0
497,6,1,51994669,0
497,6,2,51996123,0
497,6,3,51997537,0
497,6,8,51999175,0
498,1,0,52068630,0
498,1,1,52074720,0
498,1,2,52076174,0
498,1,3,52077596,0
498,1,5,52077609,0
498,2,0,52077610,0
498,2,1,52083644,0
498,2,4,52085086,0
498,3,0,52085087,0
498,3,1,52091117,0
498,3,4,52092541,0
498,4,0,52092542,0
498,4,1,52098576,0
498,4,2,52100030,0
498,4,3,52101445,0
498,4,8,52103086,0
499,1,0,52159000,0
499,1,1,52165090,0
499,1,4,52166512,0
499,2,0,52166513,0
499,2,1,52172543,0
499,2,2,52174001,0
499,2,3,52175424,0
499,2,5,52175433,0
499,3,0,52175434,0
499,3,1,52181465,0
499,3,2,52182922,0
499,3,3,52184337,0
499,3,8,52185974,0
500,1,0,52235113,0
500,1,1,52241199,0
500,1,2,52242652,0
500,1,3,52244079,0
500,1,5,52244113,0
500,2,0,52244114,0
500,2,1,52250144,0
500,2,2,52251598,0
500,2,3,52253016,0
500,2,5,52253022,0
500,3,0,52253023,0
500,3,1,52259054,0
500,3,2,52260507,0
500,3,3,52261922,0
500,3,5,52261956,0
500,4,0,52261957,0
500,4,1,52267992,0
500,4,4,52269440,0
500,5,0,52269441,0
500,5,1,52275475,0
500,5,2,52276929,0
500,5,3,52278343,0
500,5,5,52278369,0
500,6,0,52278370,0
500,6,1,52284405,0
500,6,2,52285858,0
500,6,3,52287273,0
500,6,5,52287291,0
500,7,0,52287292,0
500,7,1,52293327,0
500,7,4,52294764,0
500,8,0,52294764,0
500,8,1,52300795,0
500,8,4,52302223,0
500,9,0,52302224,0
500,9,1,52308258,0
500,9,2,52309712,0
500,9,3,52311126,0
500,9,8,52312768,0
501,1,0,52420590,0
501,1,1,52426680,0
501,1,2,52428134,0
501,1,3,52429556,0
501,1,5,52429572,0
501,2,0,52429573,0
501,2,1,52435607,0
501,2,4,52437033,0
501,3,0,52437034,0
501,3,1,52443069,0
501,3,2,52444522,0
501,3,3,52445937,0
501,3,8,52447574,0
502,1,0,52496712,0
502,1,1,52502802,0
502,1,4,52504249,0
502,2,0,52504250,0
502,2,1,52510280,0
502,2,4,52511715,0
502,3,0,52511716,0
502,3,1,52517750,0
502,3,4,52519189,0
502,4,0,52519190,0
502,4,1,52525225,0
502,4,4,52526670,0
502,5,0,52526671,0
502,5,1,52532705,0
502,5,2,52534159,0
502,5,3,52535581,0
502,5,5,52535598,0
502,6,0,52535599,0
502,6,1,52541630,0
502,6,4,52543050,0
502,7,0,52543051,0
502,7,1,52549081,0
502,7,2,52550535,0
502,7,3,52551949,0
502,7,5,52551952,0
502,8,0,52551953,0
502,8,1,52557987,0
502,8,2,52559441,0
502,8,3,52560855,0
502,8,5,52560872,0
502,9,0,52560872,0
502,9,1,52566907,0
502,9,2,52568360,0
502,9,3,52569775,0
502,9,8,52571412,0
503,1,0,52670223,0
503,1,1,52676324,0
503,1,4,52677769,0
503,2,0,52677770,0
503,2,1,52683804,0
503,2,2,52685258,0
503,2,3,52686680,0
503,2,8,52688317,0
504,1,0,52726198,0
504,1,1,52732295,0
504,1,2,52733753,0
504,1,3,52735176,0
504,1,5,52735183,0
504,2,0,52735184,0
504,2,1,52741215,0
504,2,4,52742643,0
504,3,0,52742644,0
504,3,1,52748679,0
504,3,2,52750133,0
504,3,3,52751547,0
504,3,7,52753189,0
504,4,0,52753190,0
504,4,1,52759220,0
504,4,4,52760648,0
504,5,0,52760649,0
504,5,1,52766683,0
504,5,2,52768137,0
504,5,3,52769551,0
504,5,5,52769562,0
504,6,0,52769563,0
504,6,1,52775598,0
504,6,4,52777027,0
504,7,0,52777028,0
504,7,1,52783062,0
504,7,4,52784512,0
504,8,0,52784513,0
504,8,1,52790544,0
504,8,2,52791997,0
504,8,3,52793416,0
504,8,5,52793435,0
504,9,0,52793436,0
504,9,1,52799466,0
504,9,4,52800885,0
504,10,0,52800886,0
504,10,1,52806920,0
504,10,4,52808337,0
504,11,0,52808338,0
504,11,1,52814372,0
504,11,4,52815793,0
504,12,0,52815794,0
504,12,1,52821824,0
504,12,2,52823282,0
504,12,3,52824697,0
504,12,5,52824728,0
504,13,0,52824729,0
504,13,1,52830759,0
504,13,2,52832212,0
504,13,3,52833631,0
504,13,5,52833661,0
504,14,0,52833662,0
504,14,1,52839692,0
504,14,4,52841113,0
504,15,0,52841114,0
504,15,1,52847149,0
504,15,4,52848579,0
504,16,0,52848580,0
504,16,1,52854615,0
504,16,4,52856039,0
504,17,0,52856040,0
504,17,1,52862070,0
504,17,2,52863528,0
504,17,3,52864943,0
504,17,8,52866576,0
505,1,0,53035955,0
505,1,1,53042041,0
505,1,4,53043485,0
505,2,0,53043486,0
505,2,1,53049516,0
505,2,4,53050932,0
505,3,0,53050933,0
505,3,1,53056968,0
505,3,2,53058422,0
505,3,3,53059844,0
505,3,5,53059853,0
505,4,0,53059853,0
505,4,1,53065888,0
505,4,2,53067342,0
505,4,3,53068756,0
505,4,8,53070394,0
506,1,0,53126319,0
506,1,1,53132416,0
506,1,4,53133863,0
506,2,0,53133864,0
506,2,1,53139894,0
506,2,2,53141348,0
506,2,3,53142774,0
506,2,5,53142783,0
506,3,0,53142783,0
506,3,1,53148814,0
506,3,2,53150267,0
506,3,3,53151682,0
506,3,8,53153324,0
507,1,0,53202478,0
507,1,1,53208568,0
507,1,4,53209989,0
507,2,0,53209989,0
507,2,1,53216024,0
507,2,2,53217477,0
507,2,3,53218900,0
507,2,8,53220537,0
508,1,0,53258395,0
508,1,1,53264485,0
508,1,2,53265938,0
508,1,3,53267361,0
508,1,5,53267393,0
508,2,0,53267394,0
508,2,1,53273428,0
508,2,2,53274882,0
508,2,3,53276297,0
508,2,5,53276301,0
508,3,0,53276302,0
508,3,1,53282332,0
508,3,4,53283752,0
508,4,0,53283753,0
508,4,1,53289783,0
508,4,2,53291237,0
508,4,3,53292651,0
508,4,8,53294293,0
509,1,0,53354720,0
509,1,1,53360806,0
509,1,4,53362225,0
509,2,0,53362226,0
509,2,1,53368260,0
509,2,4,53369700,0
509,3,0,53369701,0
509,3,1,53375736,0
509,3,2,53377189,0
509,3,3,53378612,0
509,3,5,53378633,0
509,4,0,53378634,0
509,4,1,53384669,0
509,4,4,53386105,0
509,5,0,53386105,0
509,5,1,53392136,0
509,5,2,53393594,0
509,5,3,53395008,0
509,5,8,53396646,0
510,1,0,53459337,0
510,1,1,53465439,0
510,1,2,53466892,0
510,1,3,53468315,0
510,1,8,53469952,0
511,1,0,53501056,0
511,1,1,53507145,0
511,1,2,53508599,0
511,1,3,53510021,0
511,1,8,53511659,0
512,1,0,53542762,0
512,1,1,53548860,0
512,1,2,53550313,0
512,1,3,53551736,0
512,1,5,53551739,0
512,2,0,53551740,0
512,2,1,53557775,0
512,2,4,53559198,0
512,3,0,53559198,0
512,3,1,53565233,0
512,3,2,53566686,0
512,3,3,53568101,0
512,3,5,53568107,0
512,4,0,53568108,0
512,4,1,53574142,0
512,4,4,53575585,0
512,5,0,53575585,0
512,5,1,53581616,0
512,5,4,53583072,0
512,6,0,53583073,0
512,6,1,53589103,0
512,6,2,53590557,0
512,6,3,53591972,0
512,6,8,53593613,0
513,1,0,53667594,0
513,1,1,53673683,0
513,1,4,53675113,0
513,2,0,53675114,0
513,2,1,53681144,0
513,2,4,53682593,0
513,3,0,53682593,0
513,3,1,53688628,0
513,3,2,53690081,0
513,3,3,53691504,0
513,3,5,53691513,0
513,4,0,53691514,0
513,4,1,53697548,0
513,4,4,53699001,0
513,5,0,53699001,0
513,5,1,53705036,0
513,5,4,53706453,0
513,6,0,53706454,0
513,6,1,53712485,0
513,6,2,53713943,0
513,6,3,53715357,0
513,6,5,53715385,0
513,7,0,53715386,0
513,7,1,53721417,0
513,7,4,53722841,0
513,8,0,53722842,0
513,8,1,53728873,0
513,8,4,53730291,0
513,9,0,53730292,0
513,9,1,53736326,0
513,9,2,53737780,0
513,9,3,53739195,0
513,9,5,53739217,0
513,10,0,53739218,0
513,10,1,53745253,0
513,10,2,53746706,0
513,10,3,53748121,0
513,10,5,53748159,0
513,11,0,53748160,0
513,11,1,53754194,0
513,11,4,53755640,0
513,12,0,53755641,0
513,12,1,53761671,0
513,12,4,53763103,0
513,13,0,53763104,0
513,13,1,53769134,0
513,13,4,53770550,0
513,14,0,53770551,0
513,14,1,53776586,0
513,14,4,53778028,0
513,15,0,53778029,0
513,15,1,53784063,0
513,15,2,53785517,0
513,15,3,53786931,0
513,15,5,53786961,0
513,16,0,53786962,0
513,16,1,53792996,0
513,16,4,53794441,0
513,17,0,53794442,0
513,17,1,53800473,0
513,17,4,53801903,0
513,18,0,53801904,0
513,18,1,53807938,0
513,18,4,53809370,0
513,19,0,53809371,0
513,19,1,53815406,0
513,19,4,53816835,0
513,20,0,53816835,0
513,20,1,53822870,0
513,20,2,53824323,0
513,20,3,53825738,0
513,20,8,53827375,0
514,1,0,54013322,0
514,1,1,54019408,0
514,1,2,54020861,0
514,1,3,54022284,0
514,1,5,54022318,0
514,2,0,54022319,0
514,2,1,54028353,0
514,2,2,54029807,0
514,2,3,54031222,0
514,2,5,54031239,0
514,3,0,54031240,0
514,3,1,54037274,0
514,3,2,54038728,0
514,3,3,54040143,0
514,3,8,54041780,0
515,1,0,54095441,0
515,1,1,54101526,0
515,1,4,54102964,0
515,2,0,54102965,0
515,2,1,54108995,0
515,2,4,54110419,0
515,3,0,54110420,0
515,3,1,54116454,0
515,3,2,54117908,0
515,3,3,54119330,0
515,3,8,54120968,0
516,1,0,54165608,0
516,1,1,54171706,0
516,1,2,54173163,0
516,1,3,54174586,0
516,1,5,54174622,0
516,2,0,54174622,0
516,2,1,54180653,0
516,2,4,54182098,0
516,3,0,54182099,0
516,3,1,54188134,0
516,3,4,54189558,0
516,4,0,54189558,0
516,4,1,54195593,0
516,4,2,54197047,0
516,4,3,54198461,0
516,4,8,54200098,0
517,1,0,54256028,0
517,1,1,54262114,0
517,1,2,54263572,0
517,1,3,54264994,0
517,1,5,54265011,0
517,2,0,54265012,0
517,2,1,54271043,0
517,2,2,54272496,0
517,2,3,54273915,0
517,2,5,54273936,0
517,3,0,54273937,0
517,3,1,54279968,0
517,3,2,54281421,0
517,3,3,54282840,0
517,3,5,54282870,0
517,4,0,54282871,0
517,4,1,54288901,0
517,4,4,54290318,0
517,5,0,54290319,0
517,5,1,54296353,0
517,5,4,54297771,0
517,6,0,54297772,0
517,6,1,54303807,0
517,6,2,54305260,0
517,6,3,54306675,0
517,6,8,54308312,0
518,1,0,54386806,0
518,1,1,54392908,0
518,1,4,54394328,0
518,2,0,54394329,0
518,2,1,54400360,0
518,2,4,54401795,0
518,3,0,54401795,0
518,3,1,54407829,0
518,3,4,54409265,0
518,4,0,54409266,0
518,4,1,54415301,0
518,4,4,54416739,0
518,5,0,54416740,0
518,5,1,54422774,0
518,5,2,54424228,0
518,5,3,54425650,0
518,5,5,54425669,0
518,6,0,54425670,0
518,6,1,54431701,0
518,6,2,54433158,0
518,6,3,54434573,0
518,6,8,54436210,0
519,1,0,54505677,0
519,1,1,54511763,0
519,1,2,54513220,0
519,1,3,54514643,0
519,1,5,54514679,0
519,2,0,54514680,0
519,2,1,54520710,0
519,2,4,54522160,0
519,3,0,54522161,0
519,3,1,54528195,0
519,3,2,54529649,0
519,3,3,54531064,0
519,3,8,54532705,0
520,1,0,54581844,0
520,1,1,54587933,0
520,1,2,54589387,0
520,1,3,54590810,0
520,1,5,54590826,0
520,2,0,54590826,0
520,2,1,54596861,0
520,2,2,54598314,0
520,2,3,54599729,0
520,2,8,54601366,0
521,1,0,54643759,0
521,1,1,54649857,0
521,1,2,54651310,0
521,1,3,54652737,0
521,1,8,54654374,0
522,1,0,54685469,0
522,1,1,54691554,0
522,1,2,54693012,0
522,1,3,54694435,0
522,1,5,54694446,0
522,2,0,54694446,0
522,2,1,54700477,0
522,2,2,54701930,0
522,2,3,54703349,0
522,2,5,54703367,0
522,3,0,54703368,0
522,3,1,54709399,0
522,3,2,54710852,0
522,3,3,54712267,0
522,3,5,54712283,0
522,4,0,54712283,0
522,4,1,54718318,0
522,4,2,54719771,0
522,4,3,54721186,0
522,4,5,54721224,0
522,5,0,54721224,0
522,5,1,54727259,0
522,5,2,54728712,0
522,5,3,54730127,0
522,5,5,54730150,0
522,6,0,54730151,0
522,6,1,54736185,0
522,6,2,54737639,0
522,6,3,54739053,0
522,6,5,54739071,0
522,7,0,54739072,0
522,7,1,54745107,0
522,7,2,54746560,0
522,7,3,54747975,0
522,7,5,54747985,0
522,8,0,54747986,0
522,8,1,54754021,0
522,8,4,54755473,0
522,9,0,54755474,0
522,9,1,54761504,0
522,9,2,54762962,0
522,9,3,54764377,0
522,9,8,54766014,0
523,1,0,54882868,0
523,1,1,54888953,0
523,1,4,54890389,0
523,2,0,54890390,0
523,2,1,54896424,0
523,2,2,54897878,0
523,2,3,54899300,0
523,2,8,54900937,0
524,1,0,54938796,0
524,1,1,54944886,0
524,1,2,54946340,0
524,1,3,54947762,0
524,1,5,54947797,0
524,2,0,54947798,0
524,2,1,54953832,0
524,2,2,54955286,0
524,2,3,54956701,0
524,2,5,54956721,0
524,3,0,54956722,0
524,3,1,54962756,0
524,3,4,54964182,0
524,4,0,54964183,0
524,4,1,54970214,0
524,4,2,54971667,0
524,4,3,54973086,0
524,4,5,54973090,0
524,5,0,54973091,0
524,5,1,54979121,0
524,5,2,54980575,0
524,5,3,54981989,0
524,5,5,54981999,0
524,6,0,54981999,0
524,6,1,54988034,0
524,6,2,54989487,0
524,6,3,54990902,0
524,6,8,54992539,0
525,1,0,55075540,0
525,1,1,55081625,0
525,1,4,55083056,0
525,2,0,55083057,0
525,2,1,55089088,0
525,2,2,55090542,0
525,2,3,55091964,0
525,2,5,55091968,0
525,3,0,55091968,0
525,3,1,55098003,0
525,3,2,55099457,0
525,3,3,55100871,0
525,3,8,55102508,0
526,1,0,55151663,0
526,1,1,55157765,0
526,1,4,55159205,0
526,2,0,55159206,0
526,2,1,55165240,0
526,2,4,55166670,0
526,3,0,55166671,0
526,3,1,55172706,0
526,3,2,55174159,0
526,3,3,55175582,0
526,3,8,55177219,0
527,1,0,55221860,0
527,1,1,55227950,0
527,1,2,55229403,0
527,1,3,55230826,0
527,1,8,55232463,0
528,1,0,55263554,0
528,1,1,55269640,0
528,1,2,55271093,0
528,1,3,55272516,0
528,1,5,55272523,0
528,2,0,55272524,0
528,2,1,55278559,0
528,2,2,55280012,0
528,2,3,55281427,0
528,2,8,55283068,0
529,1,0,55325440,0
529,1,1,55331526,0
529,1,4,55332952,0
529,2,0,55332953,0
529,2,1,55338983,0
529,2,4,55340431,0
529,3,0,55340432,0
529,3,1,55346466,0
529,3,2,55347920,0
529,3,3,55349343,0
529,3,5,55349355,0
529,4,0,55349356,0
529,4,1,55355391,0
529,4,4,55356820,0
529,5,0,55356821,0
529,5,1,55362856,0
529,5,2,55364309,0
529,5,3,55365724,0
529,5,5,55365734,0
529,6,0,55365734,0
529,6,1,55371765,0
529,6,4,55373210,0
529,7,0,55373211,0
529,7,1,55379241,0
529,7,4,55380662,0
529,8,0,55380663,0
529,8,1,55386697,0
529,8,4,55388143,0
529,9,0,55388143,0
529,9,1,55394178,0
529,9,4,55395601,0
529,10,0,55395602,0
529,10,1,55401633,0
529,10,2,55403090,0
529,10,3,55404505,0
529,10,5,55404514,0
529,11,0,55404515,0
529,11,1,55410546,0
529,11,2,55411999,0
529,11,3,55413418,0
529,11,5,55413447,0
529,12,0,55413448,0
529,12,1,55419478,0
529,12,2,55420932,0
529,12,3,55422346,0
529,12,5,55422382,0
529,13,0,55422383,0
529,13,1,55428417,0
529,13,4,55429859,0
529,14,0,55429860,0
529,14,1,55435894,0
529,14,4,55437328,0
529,15,0,55437329,0
529,15,1,55443363,0
529,15,4,55444816,0
529,16,0,55444817,0
529,16,1,55450847,0
529,16,2,55452301,0
529,16,3,55453720,0
529,16,5,55453751,0
529,17,0,55453752,0
529,17,1,55459782,0
529,17,4,55461217,0
529,18,0,55461218,0
529,18,1,55467253,0
529,18,2,55468706,0
529,18,3,55470121,0
529,18,5,55470122,0
529,19,0,55470123,0
529,19,1,55476158,0
529,19,2,55477611,0
529,19,3,55479026,0
529,19,5,55479032,0
529,20,0,55479033,0
529,20,1,55485068,0
529,20,2,55486521,0
529,20,3,55487936,0
529,20,5,55487959,0
529,21,0,55487960,0
529,21,1,55493994,0
529,21,4,55495440,0
529,22,0,55495441,0
529,22,1,55501471,0
529,22,4,55502914,0
529,23,0,55502915,0
529,23,1,55508945,0
529,23,2,55510399,0
529,23,3,55511813,0
529,23,5,55511826,0
529,24,0,55511827,0
529,24,1,55517861,0
529,24,4,55519276,0
529,25,0,55519277,0
529,25,1,55525312,0
529,25,2,55526765,0
529,25,3,55528180,0
529,25,8,55529817,0
530,1,0,55774629,0
530,1,1,55780727,0
530,1,2,55782180,0
530,1,3,55783607,0
530,1,8,55785244,0
531,1,0,55816355,0
531,1,1,55822452,0
531,1,4,55823874,0
531,2,0,55823875,0
531,2,1,55829906,0
531,2,2,55831359,0
531,2,3,55832786,0
531,2,5,55832805,0
531,3,0,55832806,0
531,3,1,55838837,0
531,3,4,55840256,0
531,4,0,55840257,0
531,4,1,55846292,0
531,4,2,55847745,0
531,4,3,55849160,0
531,4,5,55849181,0
531,5,0,55849182,0
531,5,1,55855217,0
531,5,2,55856670,0
531,5,3,55858085,0
531,5,8,55859722,0
532,1,0,55926932,0
532,1,1,55933022,0
532,1,4,55934463,0
532,2,0,55934464,0
532,2,1,55940495,0
532,2,2,55941948,0
532,2,3,55943375,0
532,2,5,55943379,0
532,3,0,55943380,0
532,3,1,55949410,0
532,3,2,55950864,0
532,3,3,55952278,0
532,3,8,55953920,0
533,1,0,56003066,0
533,1,1,56009152,0
533,1,4,56010585,0
533,2,0,56010585,0
533,2,1,56016620,0
533,2,4,56018065,0
533,3,0,56018066,0
533,3,1,56024100,0
533,3,4,56025530,0
533,4,0,56025530,0
533,4,1,56031561,0
533,4,2,56033019,0
533,4,3,56034441,0
533,4,5,56034458,0
533,5,0,56034459,0
533,5,1,56040490,0
533,5,2,56041943,0
533,5,3,56043362,0
533,5,5,56043378,0
533,6,0,56043379,0
533,6,1,56049410,0
533,6,4,56050835,0
533,7,0,56050836,0
533,7,1,56056870,0
533,7,2,56058324,0
533,7,3,56059738,0
533,7,8,56061376,0
534,1,0,56142115,0
534,1,1,56148206,0
534,1,4,56149625,0
534,2,0,56149626,0
534,2,1,56155660,0
534,2,4,56157104,0
534,3,0,56157105,0
534,3,1,56163139,0
534,3,2,56164593,0
534,3,3,56166015,0
534,3,5,56166053,0
534,4,0,56166054,0
534,4,1,56172085,0
534,4,4,56173510,0
534,5,0,56173511,0
534,5,1,56179542,0
534,5,4,56180987,0
534,6,0,56180988,0
534,6,1,56187022,0
534,6,2,56188476,0
534,6,3,56189890,0
534,6,5,56189920,0
534,7,0,56189920,0
534,7,1,56195955,0
534,7,2,56197408,0
534,7,3,56198823,0
534,7,8,56200460,0
535,1,0,56281204,0
535,1,1,56287294,0
535,1,4,56288710,0
535,2,0,56288711,0
535,2,1,56294745,0
535,2,2,56296199,0
535,2,3,56297621,0
535,2,5,56297640,0
535,3,0,56297641,0
535,3,1,56303675,0
535,3,2,56305129,0
535,3,3,56306543,0
535,3,8,56308181,0
536,1,0,56357320,0
536,1,1,56363410,0
536,1,2,56364863,0
536,1,3,56366286,0
536,1,5,56366288,0
536,2,0,56366289,0
536,2,1,56372320,0
536,2,2,56373777,0
536,2,3,56375192,0
536,2,8,56376829,0
537,1,0,56419201,0
537,1,1,56425291,0
537,1,4,56426742,0
537,2,0,56426743,0
537,2,1,56432777,0
537,2,4,56434195,0
537,3,0,56434196,0
537,3,1,56440226,0
537,3,2,56441680,0
537,3,3,56443106,0
537,3,5,56443115,0
537,4,0,56443116,0
537,4,1,56449147,0
537,4,4,56450589,0
537,5,0,56450590,0
537,5,1,56456625,0
537,5,4,56458044,0
537,6,0,56458045,0
537,6,1,56464080,0
537,6,2,56465534,0
537,6,3,56466948,0
537,6,8,56468586,0
538,1,0,56538040,0
538,1,1,56544130,0
538,1,2,56545584,0
538,1,3,56547006,0
538,1,5,56547020,0
538,2,0,56547021,0
538,2,1,56553055,0
538,2,2,56554509,0
538,2,3,56555924,0
538,2,5,56555961,0
538,3,0,56555962,0
538,3,1,56561993,0
538,3,2,56563450,0
538,3,3,56564865,0
538,3,5,56564872,0
538,4,0,56564873,0
538,4,1,56570903,0
538,4,4,56572323,0
538,5,0,56572323,0
538,5,1,56578358,0
538,5,2,56579811,0
538,5,3,56581226,0
538,5,5,56581234,0
538,6,0,56581235,0
538,6,1,56587270,0
538,6,2,56588724,0
538,6,3,56590138,0
538,6,5,56590149,0
538,7,0,56590150,0
538,7,1,56596184,0
538,7,2,56597638,0
538,7,3,56599053,0
538,7,5,56599068,0
538,8,0,56599069,0
538,8,1,56605104,0
538,8,2,56606557,0
538,8,3,56607972,0
538,8,8,56609609,0
539,1,0,56715179,0
539,1,1,56721265,0
539,1,2,56722722,0
539,1,3,56724145,0
539,1,8,56725782,0
540,1,0,56756877,0
540,1,1,56762978,0
540,1,4,56764412,0
540,2,0,56764413,0
540,2,1,56770443,0
540,2,4,56771867,0
540,3,0,56771868,0
540,3,1,56777902,0
540,3,4,56779338,0
540,4,0,56779339,0
540,4,1,56785373,0
540,4,2,56786827,0
540,4,3,56788250,0
540,4,5,56788275,0
540,5,0,56788276,0
540,5,1,56794311,0
540,5,4,56795728,0
540,6,0,56795728,0
540,6,1,56801759,0
540,6,2,56803216,0
540,6,3,56804631,0
540,6,8,56806268,0
541,1,0,56875747,0
541,1,1,56881845,0
541,1,4,56883265,0
541,2,0,56883266,0
541,2,1,56889296,0
541,2,2,56890750,0
541,2,3,56892172,0
541,2,8,56893814,0
542,1,0,56931679,0
542,1,1,56937769,0
542,1,2,56939223,0
542,1,3,56940645,0
542,1,5,56940668,0
542,2,0,56940669,0
542,2,1,56946704,0
542,2,2,56948157,0
542,2,3,56949572,0
542,2,8,56951209,0
543,1,0,56993600,0
543,1,1,56999697,0
543,1,4,57001147,0
543,2,0,57001147,0
543,2,1,57007182,0
543,2,4,57008598,0
543,3,0,57008599,0
543,3,1,57014634,0
543,3,2,57016087,0
543,3,3,57017510,0
543,3,5,57017525,0
543,4,0,57017526,0
543,4,1,57023560,0
543,4,4,57025010,0
543,5,0,57025011,0
543,5,1,57031041,0
543,5,2,57032495,0
543,5,3,57033914,0
543,5,8,57035551,0
544,1,0,57098255,0
544,1,1,57104357,0
544,1,2,57105811,0
544,1,3,57107233,0
544,1,8,57108871,0
545,1,0,57139973,0
545,1,1,57146063,0
545,1,4,57147498,0
545,2,0,57147499,0
545,2,1,57153533,0
545,2,2,57154987,0
545,2,3,57156410,0
545,2,8,57158047,0
546,1,0,57195901,0
546,1,1,57201987,0
546,1,2,57203444,0
546,1,3,57204867,0
546,1,5,57204899,0
546,2,0,57204899,0
546,2,1,57210930,0
546,2,4,57212373,0
546,3,0,57212374,0
546,3,1,57218408,0
546,3,4,57219829,0
546,4,0,57219830,0
546,4,1,57225865,0
546,4,2,57227318,0
546,4,3,57228733,0
546,4,5,57228744,0
546,5,0,57228745,0
546,5,1,57234780,0
546,5,4,57236207,0
546,6,0,57236208,0
546,6,1,57242239,0
546,6,4,57243659,0
546,7,0,57243660,0
546,7,1,57249690,0
546,7,2,57251143,0
546,7,3,57252558,0
546,7,8,57254199,0
547,1,0,57334951,0
547,1,1,57341049,0
547,1,2,57342502,0
547,1,3,57343929,0
547,1,8,57345566,0
548,1,0,57376661,0
548,1,1,57382751,0
548,1,2,57384204,0
548,1,3,57385627,0
548,1,5,57385647,0
548,2,0,57385648,0
548,2,1,57391678,0
548,2,4,57393113,0
548,3,0,57393114,0
548,3,1,57399145,0
548,3,2,57400598,0
548,3,3,57402013,0
548,3,8,57403655,0
549,1,0,57452802,0
549,1,1,57458888,0
549,1,2,57460341,0
549,1,3,57461764,0
549,1,5,57461772,0
549,2,0,57461773,0
549,2,1,57467807,0
549,2,2,57469261,0
549,2,3,57470676,0
549,2,5,57470684,0
549,3,0,57470685,0
549,3,1,57476719,0
549,3,2,57478173,0
549,3,3,57479588,0
549,3,5,57479623,0
549,4,0,57479624,0
549,4,1,57485659,0
549,4,2,57487112,0
549,4,3,57488527,0
549,4,5,57488541,0
549,5,0,57488541,0
549,5,1,57494576,0
549,5,4,57496009,0
549,6,0,57496010,0
549,6,1,57502040,0
549,6,2,57503498,0
549,6,3,57504913,0
549,6,8,57506550,0
550,1,0,57589542,0
550,1,1,57595632,0
550,1,2,57597086,0
550,1,3,57598508,0
550,1,8,57600146,0
551,1,0,57631238,0
551,1,1,57637328,0
551,1,2,57638781,0
551,1,3,57640204,0
551,1,5,57640210,0
551,2,0,57640211,0
551,2,1,57646245,0
551,2,2,57647699,0
551,2,3,57649113,0
551,2,5,57649148,0
551,3,0,57649148,0
551,3,1,57655183,0
551,3,2,57656637,0
551,3,3,57658051,0
551,3,5,57658079,0
551,4,0,57658080,0
551,4,1,57664115,0
551,4,4,57665545,0
551,5,0,57665546,0
551,5,1,57671577,0
551,5,4,57673012,0
551,6,0,57673013,0
551,6,1,57679043,0
551,6,2,57680497,0
551,6,3,57681912,0
551,6,8,57683553,0
552,1,0,57762033,0
552,1,1,57768123,0
552,1,2,57769576,0
552,1,3,57770999,0
552,1,5,57771022,0
552,2,0,57771023,0
552,2,1,57777057,0
552,2,4,57778477,0
552,3,0,57778478,0
552,3,1,57784513,0
552,3,4,57785949,0
552,4,0,57785949,0
552,4,1,57791980,0
552,4,2,57793437,0
552,4,3,57794852,0
552,4,5,57794870,0
552,5,0,57794871,0
552,5,1,57800901,0
552,5,2,57802355,0
552,5,3,57803774,0
552,5,5,57803782,0
552,6,0,57803783,0
552,6,1,57809814,0
552,6,2,57811267,0
552,6,3,57812682,0
552,6,5,57812690,0
552,7,0,57812691,0
552,7,1,57818726,0
552,7,4,57820168,0
552,8,0,57820169,0
552,8,1,57826203,0
552,8,4,57827618,0
552,9,0,57827619,0
552,9,1,57833653,0
552,9,2,57835107,0
552,9,3,57836522,0
552,9,8,57838159,0
553,1,0,57941467,0
553,1,1,57947557,0
553,1,2,57949011,0
553,1,3,57950433,0
553,1,5,57950441,0
553,2,0,57950442,0
553,2,1,57956476,0
553,2,2,57957930,0
553,2,3,57959344,0
553,2,5,57959348,0
553,3,0,57959349,0
553,3,1,57965383,0
553,3,4,57966812,0
553,4,0,57966813,0
553,4,1,57972847,0
553,4,2,57974301,0
553,4,3,57975715,0
553,4,8,57977353,0
554,1,0,58037776,0
554,1,1,58043865,0
554,1,4,58045315,0
554,2,0,58045316,0
554,2,1,58051346,0
554,2,2,58052804,0
554,2,3,58054227,0
554,2,5,58054234,0
554,3,0,58054235,0
554,3,1,58060265,0
554,3,4,58061697,0
554,4,0,58061698,0
554,4,1,58067733,0
554,4,4,58069169,0
554,5,0,58069170,0
554,5,1,58075205,0
554,5,2,58076658,0
554,5,3,58078073,0
554,5,5,58078075,0
554,6,0,58078076,0
554,6,1,58084110,0
554,6,4,58085531,0
554,7,0,58085531,0
554,7,1,58091562,0
554,7,2,58093020,0
554,7,3,58094434,0
554,7,5,58094437,0
554,8,0,58094438,0
554,8,1,58100468,0
554,8,4,58101886,0
554,9,0,58101886,0
554,9,1,58107921,0
554,9,4,58109364,0
554,10,0,58109365,0
554,10,1,58115400,0
554,10,2,58116853,0
554,10,3,58118268,0
554,10,5,58118278,0
554,11,0,58118278,0
554,11,1,58124313,0
554,11,4,58125761,0
554,12,0,58125762,0
554,12,1,58131793,0
554,12,4,58133218,0
554,13,0,58133219,0
554,13,1,58139249,0
554,13,4,58140703,0
554,14,0,58140703,0
554,14,1,58146738,0
554,14,4,58148163,0
554,15,0,58148164,0
554,15,1,58154199,0
554,15,4,58155614,0
554,16,0,58155614,0
554,16,1,58161645,0
554,16,2,58163102,0
554,16,3,58164517,0
554,16,8,58166154,0
555,1,0,58319289,0
555,1,1,58325379,0
555,1,4,58326808,0
555,2,0,58326809,0
555,2,1,58332844,0
555,2,2,58334297,0
555,2,3,58335720,0
555,2,5,58335721,0
555,3,0,58335722,0
555,3,1,58341752,0
555,3,2,58343210,0
555,3,3,58344625,0
555,3,8,58346262,0
556,1,0,58395401,0
556,1,1,58401487,0
556,1,2,58402944,0
556,1,3,58404367,0
556,1,8,58406004,0
557,1,0,58437103,0
557,1,1,58443205,0
557,1,2,58444658,0
557,1,3,58446081,0
557,1,5,58446110,0
557,2,0,58446111,0
557,2,1,58452141,0
557,2,2,58453599,0
557,2,3,58455014,0
557,2,8,58456651,0
558,1,0,58499031,0
558,1,1,58505117,0
558,1,4,58506535,0
558,2,0,58506535,0
558,2,1,58512566,0
558,2,4,58513986,0
558,3,0,58513987,0
558,3,1,58520017,0
558,3,4,58521461,0
558,4,0,58521461,0
558,4,1,58527496,0
558,4,2,58528949,0
558,4,3,58530372,0
558,4,5,58530405,0
558,5,0,58530406,0
558,5,1,58536440,0
558,5,2,58537894,0
558,5,3,58539309,0
558,5,8,58540946,0
559,1,0,58603638,0
559,1,1,58609724,0
559,1,2,58611178,0
559,1,3,58612600,0
559,1,8,58614241,0
560,1,0,58645325,0
560,1,1,58651410,0
560,1,2,58652868,0
560,1,3,58654290,0
560,1,5,58654296,0
560,2,0,58654297,0
560,2,1,58660327,0
560,2,2,58661781,0
560,2,3,58663200,0
560,2,8,58664837,0
561,1,0,58707220,0
561,1,1,58713322,0
561,1,2,58714776,0
561,1,3,58716198,0
561,1,8,58717835,0
562,1,0,58748930,0
562,1,1,58755020,0
562,1,2,58756474,0
562,1,3,58757896,0
562,1,5,58757911,0
562,2,0,58757911,0
562,2,1,58763946,0
562,2,4,58765386,0
562,3,0,58765386,0
562,3,1,58771417,0
562,3,4,58772874,0
562,4,0,58772875,0
562,4,1,58778905,0
562,4,2,58780359,0
562,4,3,58781773,0
562,4,5,58781800,0
562,5,0,58781801,0
562,5,1,58787835,0
562,5,4,58789277,0
562,6,0,58789278,0
562,6,1,58795312,0
562,6,4,58796754,0
562,7,0,58796755,0
562,7,1,58802789,0
562,7,4,58804239,0
562,8,0,58804240,0
562,8,1,58810271,0
562,8,2,58811724,0
562,8,3,58813143,0
562,8,8,58814780,0
563,1,0,58902291,0
563,1,1,58908380,0
563,1,2,58909834,0
563,1,3,58911256,0
563,1,8,58912898,0
564,1,0,58943981,0
564,1,1,58950066,0
564,1,2,58951520,0
564,1,3,58952947,0
564,1,8,58954584,0
565,1,0,58985671,0
565,1,1,58991757,0
565,1,4,58993198,0
565,2,0,58993198,0
565,2,1,58999229,0
565,2,4,59000649,0
565,3,0,59000650,0
565,3,1,59006684,0
565,3,4,59008132,0
565,4,0,59008133,0
565,4,1,59014168,0
565,4,4,59015602,0
565,5,0,59015602,0
565,5,1,59021633,0
565,5,2,59023090,0
565,5,3,59024513,0
565,5,5,59024523,0
565,6,0,59024524,0
565,6,1,59030554,0
565,6,2,59032008,0
565,6,3,59033427,0
565,6,8,59035064,0
566,1,0,59104515,0
566,1,1,59110600,0
566,1,2,59112054,0
566,1,3,59113481,0
566,1,5,59113503,0
566,2,0,59113504,0
566,2,1,59119534,0
566,2,4,59120967,0
566,3,0,59120968,0
566,3,1,59127002,0
566,3,4,59128431,0
566,4,0,59128432,0
566,4,1,59134466,0
566,4,4,59135886,0
566,5,0,59135887,0
566,5,1,59141917,0
566,5,4,59143366,0
566,6,0,59143367,0
566,6,1,59149398,0
566,6,4,59150825,0
566,7,0,59150826,0
566,7,1,59156861,0
566,7,2,59158314,0
566,7,3,59159729,0
566,7,5,59159735,0
566,8,0,59159736,0
566,8,1,59165771,0
566,8,4,59167192,0
566,9,0,59167193,0
566,9,1,59173227,0
566,9,4,59174663,0
566,10,0,59174664,0
566,10,1,59180694,0
566,10,2,59182147,0
566,10,3,59183566,0
566,10,5,59183568,0
566,11,0,59183568,0
566,11,1,59189599,0
566,11,4,59191017,0
566,12,0,59191017,0
566,12,1,59197052,0
566,12,4,59198504,0
566,13,0,59198505,0
566,13,1,59204539,0
566,13,2,59205993,0
566,13,3,59207408,0
566,13,8,59209045,0
567,1,0,59336490,0
567,1,1,59342576,0
567,1,4,59344015,0
567,2,0,59344016,0
567,2,1,59350046,0
567,2,2,59351500,0
567,2,3,59352927,0
567,2,8,59354564,0
568,1,0,59392418,0
568,1,1,59398508,0
568,1,4,59399957,0
568,2,0,59399958,0
568,2,1,59405992,0
568,2,4,59407413,0
568,3,0,59407414,0
568,3,1,59413449,0
568,3,2,59414902,0
568,3,3,59416325,0
568,3,8,59417962,0
569,1,0,59462587,0
569,1,1,59468677,0
569,1,2,59470130,0
569,1,3,59471553,0
569,1,5,59471571,0
569,2,0,59471572,0
569,2,1,59477606,0
569,2,2,59479060,0
569,2,3,59480474,0
569,2,5,59480482,0
569,3,0,59480482,0
569,3,1,59486517,0
569,3,4,59487964,0
569,4,0,59487965,0
569,4,1,59493999,0
569,4,4,59495415,0
569,5,0,59495416,0
569,5,1,59501446,0
569,5,2,59502904,0
569,5,3,59504318,0
569,5,5,59504330,0
569,6,0,59504331,0
569,6,1,59510361,0
569,6,4,59511789,0
569,7,0,59511790,0
569,7,1,59517824,0
569,7,2,59519278,0
569,7,3,59520692,0
569,7,8,59522329,0
570,1,0,59607583,0
570,1,1,59613673,0
570,1,2,59615127,0
570,1,3,59616549,0
570,1,5,59616572,0
570,2,0,59616573,0
570,2,1,59622603,0
570,2,4,59624048,0
570,3,0,59624049,0
570,3,1,59630079,0
570,3,2,59631533,0
570,3,3,59632952,0
570,3,8,59634589,0
571,1,0,59683731,0
571,1,1,59689817,0
571,1,2,59691270,0
571,1,3,59692693,0
571,1,8,59694334,0
572,1,0,59725418,0
572,1,1,59731504,0
572,1,2,59732962,0
572,1,3,59734384,0
572,1,8,59736021,0
573,1,0,59767105,0
573,1,1,59773195,0
573,1,2,59774649,0
573,1,3,59776071,0
573,1,5,59776080,0
573,2,0,59776081,0
573,2,1,59782111,0
573,2,4,59783544,0
573,3,0,59783544,0
573,3,1,59789575,0
573,3,4,59790993,0
573,4,0,59790994,0
573,4,1,59797028,0
573,4,2,59798482,0
573,4,3,59799896,0
573,4,8,59801534,0
574,1,0,59857447,0
574,1,1,59863536,0
574,1,4,59864952,0
574,2,0,59864953,0
574,2,1,59870983,0
574,2,4,59872434,0
574,3,0,59872435,0
574,3,1,59878469,0
574,3,2,59879923,0
574,3,3,59881345,0
574,3,5,59881351,0
574,4,0,59881352,0
574,4,1,59887387,0
574,4,2,59888840,0
574,4,3,59890255,0
574,4,5,59890260,0
574,5,0,59890261,0
574,5,1,59896295,0
574,5,4,59897746,0
574,6,0,59897747,0
574,6,1,59903781,0
574,6,4,59905197,0
574,7,0,59905198,0
574,7,1,59911228,0
574,7,4,59912673,0
574,8,0,59912673,0
574,8,1,59918708,0
574,8,4,59920143,0
574,9,0,59920144,0
574,9,1,59926178,0
574,9,2,59927632,0
574,9,3,59929046,0
574,9,5,59929069,0
574,10,0,59929070,0
574,10,1,59935105,0
574,10,4,59936542,0
574,11,0,59936543,0
574,11,1,59942573,0
574,11,2,59944031,0
574,11,3,59945446,0
574,11,5,59945458,0
574,12,0,59945459,0
574,12,1,59951489,0
574,12,2,59952947,0
574,12,3,59954361,0
574,12,8,59955999,0
575,1,0,60080918,0
575,1,1,60087008,0
575,1,2,60088461,0
575,1,3,60089884,0
575,1,5,60089901,0
575,2,0,60089902,0
575,2,1,60095937,0
575,2,2,60097390,0
575,2,3,60098805,0
575,2,5,60098835,0
575,3,0,60098835,0
575,3,1,60104870,0
575,3,2,60106324,0
575,3,3,60107738,0
575,3,5,60107760,0
575,4,0,60107761,0
575,4,1,60113795,0
575,4,2,60115249,0
575,4,3,60116663,0
575,4,5,60116675,0
575,5,0,60116675,0
575,5,1,60122710,0
575,5,4,60124146,0
575,6,0,60124147,0
575,6,1,60130177,0
575,6,2,60131631,0
575,6,3,60133050,0
575,6,5,60133066,0
575,7,0,60133066,0
575,7,1,60139097,0
575,7,4,60140531,0
575,8,0,60140532,0
575,8,1,60146566,0
575,8,2,60148020,0
575,8,3,60149435,0
575,8,5,60149467,0
575,9,0,60149468,0
575,9,1,60155502,0
575,9,4,60156930,0
575,10,0,60156930,0
575,10,1,60162965,0
575,10,2,60164418,0
575,10,3,60165833,0
575,10,5,60165872,0
575,11,0,60165873,0
575,11,1,60171903,0
575,11,2,60173361,0
575,11,3,60174775,0
575,11,8,60176413,0
576,1,0,60307842,0
576,1,1,60313931,0
576,1,4,60315374,0
576,2,0,60315374,0
576,2,1,60321405,0
576,2,2,60322862,0
576,2,3,60324285,0
576,2,8,60325922,0
577,1,0,60363778,0
577,1,1,60369863,0
577,1,2,60371317,0
577,1,3,60372743,0
577,1,5,60372762,0
577,2,0,60372763,0
577,2,1,60378794,0
577,2,4,60380218,0
577,3,0,60380219,0
577,3,1,60386254,0
577,3,2,60387707,0
577,3,3,60389122,0
577,3,5,60389138,0
577,4,0,60389139,0
577,4,1,60395173,0
577,4,2,60396627,0
577,4,3,60398042,0
577,4,8,60399679,0
578,1,0,60460106,0
578,1,1,60466196,0
578,1,4,60467628,0
578,2,0,60467629,0
578,2,1,60473663,0
578,2,4,60475109,0
578,3,0,60475110,0
578,3,1,60481140,0
578,3,2,60482594,0
578,3,3,60484021,0
578,3,5,60484046,0
578,4,0,60484047,0
578,4,1,60490077,0
578,4,2,60491530,0
578,4,3,60492949,0
578,4,5,60492968,0
578,5,0,60492969,0
578,5,1,60499000,0
578,5,2,60500453,0
578,5,3,60501868,0
578,5,8,60503509,0
579,1,0,60570704,0
579,1,1,60576794,0
579,1,2,60578248,0
579,1,3,60579670,0
579,1,5,60579678,0
579,2,0,60579679,0
579,2,1,60585714,0
579,2,4,60587144,0
579,3,0,60587144,0
579,3,1,60593179,0
579,3,4,60594609,0
579,4,0,60594610,0
579,4,1,60600640,0
579,4,2,60602094,0
579,4,3,60603513,0
579,4,5,60603523,0
579,5,0,60603524,0
579,5,1,60609555,0
579,5,4,60610974,0
579,6,0,60610975,0
579,6,1,60617009,0
579,6,4,60618431,0
579,7,0,60618432,0
579,7,1,60624467,0
579,7,4,60625900,0
579,8,0,60625900,0
579,8,1,60631931,0
579,8,4,60633354,0
579,9,0,60633354,0
579,9,1,60639385,0
579,9,4,60640820,0
579,10,0,60640821,0
579,10,1,60646855,0
579,10,2,60648309,0
579,10,3,60649724,0
579,10,5,60649751,0
579,11,0,60649752,0
579,11,1,60655786,0
579,11,4,60657209,0
579,12,0,60657210,0
579,12,1,60663245,0
579,12,2,60664698,0
579,12,3,60666113,0
579,12,8,60667750,0
580,1,0,60788155,0
580,1,1,60794245,0
580,1,4,60795681,0
580,2,0,60795681,0
580,2,1,60801712,0
580,2,2,60803170,0
580,2,3,60804592,0
580,2,8,60806230,0
581,1,0,60844084,0
581,1,1,60850170,0
581,1,2,60851623,0
581,1,3,60853050,0
581,1,5,60853072,0
581,2,0,60853073,0
581,2,1,60859104,0
581,2,4,60860532,0
581,3,0,60860533,0
581,3,1,60866567,0
581,3,4,60868018,0
581,4,0,60868019,0
581,4,1,60874054,0
581,4,2,60875507,0
581,4,3,60876922,0
581,4,8,60878559,0
582,1,0,60934473,0
582,1,1,60940558,0
582,1,4,60941989,0
582,2,0,60941990,0
582,2,1,60948025,0
582,2,4,60949463,0
582,3,0,60949464,0
582,3,1,60955498,0
582,3,2,60956952,0
582,3,3,60958374,0
582,3,5,60958414,0
582,4,0,60958414,0
582,4,1,60964449,0
582,4,2,60965903,0
582,4,3,60967317,0
582,4,5,60967323,0
582,5,0,60967323,0
582,5,1,60973358,0
582,5,2,60974812,0
582,5,3,60976226,0
582,5,8,60977864,0
583,1,0,61045057,0
583,1,1,61051143,0
583,1,2,61052596,0
583,1,3,61054023,0
583,1,5,61054051,0
583,2,0,61054052,0
583,2,1,61060082,0
583,2,4,61061502,0
583,3,0,61061502,0
583,3,1,61067537,0
583,3,2,61068990,0
583,3,3,61070405,0
583,3,5,61070409,0
583,4,0,61070410,0
583,4,1,61076444,0
583,4,2,61077898,0
583,4,3,61079312,0
583,4,8,61080950,0
584,1,0,61141378,0
584,1,1,61147468,0
584,1,4,61148897,0
584,2,0,61148898,0
584,2,1,61154932,0
584,2,4,61156373,0
584,3,0,61156373,0
584,3,1,61162404,0
584,3,4,61163854,0
584,4,0,61163855,0
584,4,1,61169886,0
584,4,2,61171339,0
584,4,3,61172766,0
584,4,8,61174403,0
585,1,0,61225798,0
585,1,1,61231884,0
585,1,2,61233342,0
585,1,3,61234764,0
585,1,5,61234784,0
585,2,0,61234785,0
585,2,1,61240815,0
585,2,2,61242269,0
585,2,3,61243688,0
585,2,5,61243709,0
585,3,0,61243710,0
585,3,1,61249740,0
585,3,2,61251194,0
585,3,3,61252608,0
585,3,8,61254250,0
586,1,0,61307902,0
586,1,1,61313991,0
586,1,4,61315429,0
586,2,0,61315430,0
586,2,1,61321460,0
586,2,2,61322918,0
586,2,3,61324340,0
586,2,5,61324375,0
586,3,0,61324375,0
586,3,1,61330406,0
586,3,2,61331859,0
586,3,3,61333278,0
586,3,8,61334916,0
587,1,0,61384054,0
587,1,1,61390140,0
587,1,2,61391593,0
587,1,3,61393020,0
587,1,5,61393041,0
587,2,0,61393042,0
587,2,1,61399072,0
587,2,4,61400510,0
587,3,0,61400511,0
587,3,1,61406546,0
587,3,4,61407969,0
587,4,0,61407969,0
587,4,1,61414004,0
587,4,4,61415424,0
587,5,0,61415425,0
587,5,1,61421456,0
587,5,2,61422913,0
587,5,3,61424328,0
587,5,8,61425965,0
588,1,0,61488645,0
588,1,1,61494735,0
588,1,4,61496168,0
588,2,0,61496169,0
588,2,1,61502199,0
588,2,2,61503657,0
588,2,3,61505079,0
588,2,8,61506717,0
589,1,0,61544571,0
589,1,1,61550657,0
589,1,2,61552110,0
589,1,3,61553537,0
589,1,5,61553541,0
589,2,0,61553542,0
589,2,1,61559573,0
589,2,2,61561026,0
589,2,3,61562441,0
589,2,5,61562479,0
589,3,0,61562480,0
589,3,1,61568514,0
589,3,2,61569968,0
589,3,3,61571383,0
589,3,5,61571400,0
589,4,0,61571401,0
589,4,1,61577435,0
589,4,2,61578889,0
589,4,3,61580303,0
589,4,8,61581941,0
590,1,0,61646881,0
590,1,1,61652971,0
590,1,4,61654410,0
590,2,0,61654411,0
590,2,1,61660442,0
590,2,2,61661896,0
590,2,3,61663322,0
590,2,8,61664960,0
591,1,0,61702830,0
591,1,1,61708927,0
591,1,2,61710381,0
591,1,3,61711803,0
591,1,8,61713445,0
592,1,0,61744540,0
592,1,1,61750626,0
592,1,2,61752080,0
592,1,3,61753507,0
592,1,5,61753539,0
592,2,0,61753540,0
592,2,1,61759570,0
592,2,2,61761024,0
592,2,3,61762438,0
592,2,5,61762449,0
592,3,0,61762450,0
592,3,1,61768485,0
592,3,4,61769937,0
592,4,0,61769938,0
592,4,1,61775973,0
592,4,2,61777426,0
592,4,3,61778841,0
592,4,5,61778872,0
592,5,0,61778873,0
592,5,1,61784908,0
592,5,2,61786361,0
592,5,3,61787776,0
592,5,8,61789413,0
593,1,0,61861125,0
593,1,1,61867215,0
593,1,4,61868658,0
593,2,0,61868659,0
593,2,1,61874694,0
593,2,2,61876148,0
593,2,3,61877570,0
593,2,8,61879207,0
594,1,0,61917065,0
594,1,1,61923155,0
594,1,2,61924608,0
594,1,3,61926031,0
594,1,5,61926045,0
594,2,0,61926046,0
594,2,1,61932076,0
594,2,2,61933534,0
594,2,3,61934949,0
594,2,5,61934983,0
594,3,0,61934984,0
594,3,1,61941014,0
594,3,4,61942439,0
594,4,0,61942440,0
594,4,1,61948474,0
594,4,2,61949928,0
594,4,3,61951342,0
594,4,8,61952984,0
595,1,0,62013412,0
595,1,1,62019498,0
595,1,2,62020951,0
595,1,3,62022374,0
595,1,8,62024015,0
596,1,0,62055098,0
596,1,1,62061184,0
596,1,2,62062638,0
596,1,3,62064065,0
596,1,8,62065702,0
597,1,0,62096785,0
597,1,1,62102875,0
597,1,2,62104329,0
597,1,3,62105751,0
597,1,5,62105765,0
597,2,0,62105766,0
597,2,1,62111797,0
597,2,4,62113246,0
597,3,0,62113247,0
597,3,1,62119277,0
597,3,2,62120731,0
597,3,3,62122146,0
597,3,5,62122150,0
597,4,0,62122151,0
597,4,1,62128185,0
597,4,4,62129630,0
597,5,0,62129631,0
597,5,1,62135665,0
597,5,4,62137086,0
597,6,0,62137086,0
597,6,1,62143121,0
597,6,4,62144555,0
597,7,0,62144556,0
597,7,1,62150586,0
597,7,4,62152026,0
597,8,0,62152027,0
597,8,1,62158062,0
597,8,2,62159515,0
597,8,3,62160930,0
597,8,5,62160959,0
597,9,0,62160960,0
597,9,1,62166994,0
597,9,2,62168448,0
597,9,3,62169862,0
597,9,8,62171500,0
598,1,0,62270295,0
598,1,1,62276385,0
598,1,4,62277832,0
598,2,0,62277833,0
598,2,1,62283867,0
598,2,2,62285321,0
598,2,3,62286743,0
598,2,8,62288381,0
599,1,0,62326238,0
599,1,1,62332324,0
599,1,4,62333745,0
599,2,0,62333746,0
599,2,1,62339776,0
599,2,2,62341230,0
599,2,3,62342652,0
599,2,8,62344294,0
600,1,0,62382148,0
600,1,1,62388238,0
600,1,2,62389692,0
600,1,3,62391114,0
600,1,5,62391135,0
600,2,0,62391136,0
600,2,1,62397171,0
600,2,4,62398591,0
600,3,0,62398592,0
600,3,1,62404627,0
600,3,4,62406042,0
600,4,0,62406043,0
600,4,1,62412073,0
600,4,2,62413531,0
600,4,3,62414945,0
600,4,8,62416583,0
601,1,0,62472492,0
601,1,1,62478582,0
601,1,4,62480020,0
601,2,0,62480021,0
601,2,1,62486055,0
601,2,4,62487479,0
601,3,0,62487479,0
601,3,1,62493514,0
601,3,2,62494967,0
601,3,3,62496390,0
601,3,8,62498027,0
602,1,0,62542653,0
602,1,1,62548743,0
602,1,4,62550162,0
602,2,0,62550163,0
602,2,1,62556197,0
602,2,2,62557651,0
602,2,3,62559074,0
602,2,8,62560711,0
603,1,0,62598569,0
603,1,1,62604659,0
603,1,4,62606111,0
603,2,0,62606112,0
603,2,1,62612143,0
603,2,4,62613588,0
603,3,0,62613589,0
603,3,1,62619619,0
603,3,2,62621073,0
603,3,3,62622495,0
603,3,5,62622498,0
603,4,0,62622499,0
603,4,1,62628534,0
603,4,4,62629980,0
603,5,0,62629980,0
603,5,1,62636015,0
603,5,4,62637454,0
603,6,0,62637455,0
603,6,1,62643489,0
603,6,2,62644943,0
603,6,3,62646358,0
603,6,5,62646360,0
603,7,0,62646361,0
603,7,1,62652391,0
603,7,4,62653827,0
603,8,0,62653828,0
603,8,1,62659858,0
603,8,4,62661309,0
603,9,0,62661310,0
603,9,1,62667344,0
603,9,2,62668798,0
603,9,3,62670212,0
603,9,5,62670224,0
603,10,0,62670225,0
603,10,1,62676259,0
603,10,2,62677713,0
603,10,3,62679127,0
603,10,8,62680765,0
604,1,0,62786851,0
604,1,1,62792938,0
604,1,2,62794392,0
604,1,3,62795814,0
604,1,5,62795837,0
604,2,0,62795838,0
604,2,1,62801868,0
604,2,2,62803326,0
604,2,3,62804741,0
604,2,5,62804776,0
604,3,0,62804777,0
604,3,1,62810807,0
604,3,2,62812260,0
604,3,3,62813679,0
604,3,5,62813706,0
604,4,0,62813707,0
604,4,1,62819737,0
604,4,2,62821190,0
604,4,3,62822605,0
604,4,5,62822640,0
604,5,0,62822641,0
604,5,1,62828676,0
604,5,4,62830128,0
604,6,0,62830129,0
604,6,1,62836163,0
604,6,2,62837617,0
604,6,3,62839031,0
604,6,5,62839042,0
604,7,0,62839042,0
604,7,1,62845077,0
604,7,4,62846526,0
604,8,0,62846527,0
604,8,1,62852558,0
604,8,2,62854015,0
604,8,3,62855430,0
604,8,5,62855432,0
604,9,0,62855433,0
604,9,1,62861463,0
604,9,2,62862921,0
604,9,3,62864335,0
604,9,8,62865972,0
605,1,0,62978305,0
605,1,1,62984395,0
605,1,2,62985849,0
605,1,3,62987271,0
605,1,5,62987311,0
605,2,0,62987312,0
605,2,1,62993346,0
605,2,2,62994800,0
605,2,3,62996214,0
605,2,8,62997852,0
606,1,0,63040219,0
606,1,1,63046309,0
606,1,4,63047759,0
606,2,0,63047760,0
606,2,1,63053794,0
606,2,2,63055248,0
606,2,3,63056671,0
606,2,5,63056684,0
606,3,0,63056685,0
606,3,1,63062719,0
606,3,2,63064173,0
606,3,3,63065588,0
606,3,5,63065627,0
606,4,0,63065627,0
606,4,1,63071658,0
606,4,4,63073092,0
606,5,0,63073093,0
606,5,1,63079124,0
606,5,2,63080577,0
606,5,3,63081992,0
606,5,5,63082011,0
606,6,0,63082012,0
606,6,1,63088047,0
606,6,2,63089500,0
606,6,3,63090915,0
606,6,8,63092552,0
607,1,0,63171034,0
607,1,1,63177124,0
607,1,4,63178549,0
607,2,0,63178549,0
607,2,1,63184584,0
607,2,4,63186010,0
607,3,0,63186011,0
607,3,1,63192042,0
607,3,4,63193477,0
607,4,0,63193478,0
607,4,1,63199509,0
607,4,4,63200940,0
607,5,0,63200941,0
607,5,1,63206976,0
607,5,4,63208414,0
607,6,0,63208414,0
607,6,1,63214449,0
607,6,4,63215894,0
607,7,0,63215895,0
607,7,1,63221925,0
607,7,4,63223346,0
607,8,0,63223347,0
607,8,1,63229377,0
607,8,2,63230831,0
607,8,3,63232253,0
607,8,5,63232268,0
607,9,0,63232269,0
607,9,1,63238303,0
607,9,2,63239757,0
607,9,3,63241171,0
607,9,8,63242812,0
608,1,0,63332576,0
608,1,1,63338666,0
608,1,4,63340081,0
608,2,0,63340082,0
608,2,1,63346117,0
608,2,2,63347570,0
608,2,3,63348993,0
608,2,8,63350630,0
609,1,0,63388488,0
609,1,1,63394578,0
609,1,4,63395999,0
609,2,0,63396000,0
609,2,1,63402031,0
609,2,2,63403488,0
609,2,3,63404911,0
609,2,8,63406548,0
610,1,0,63444403,0
610,1,1,63450489,0
610,1,2,63451942,0
610,1,3,63453369,0
610,1,5,63453389,0
610,2,0,63453389,0
610,2,1,63459420,0
610,2,4,63460846,0
610,3,0,63460847,0
610,3,1,63466882,0
610,3,4,63468306,0
610,4,0,63468307,0
610,4,1,63474342,0
610,4,4,63475773,0
610,5,0,63475773,0
610,5,1,63481804,0
610,5,2,63483262,0
610,5,3,63484676,0
610,5,8,63486314,0
611,1,0,63548994,0
611,1,1,63555084,0
611,1,2,63556537,0
611,1,3,63557960,0
611,1,8,63559597,0
612,1,0,63590685,0
612,1,1,63596774,0
612,1,2,63598228,0
612,1,3,63599651,0
612,1,8,63601288,0
613,1,0,63632375,0
613,1,1,63638464,0
613,1,2,63639918,0
613,1,3,63641341,0
613,1,8,63642982,0
614,1,0,63674065,0
614,1,1,63680151,0
614,1,2,63681605,0
614,1,3,63683032,0
614,1,5,63683064,0
614,2,0,63683064,0
614,2,1,63689095,0
614,2,2,63690549,0
614,2,3,63691963,0
614,2,8,63693605,0
615,1,0,63735973,0
615,1,1,63742059,0
615,1,2,63743517,0
615,1,3,63744939,0
615,1,5,63744977,0
615,2,0,63744978,0
615,2,1,63751008,0
615,2,4,63752433,0
615,3,0,63752434,0
615,3,1,63758468,0
615,3,2,63759922,0
615,3,3,63761336,0
615,3,5,63761338,0
615,4,0,63761339,0
615,4,1,63767373,0
615,4,4,63768811,0
615,5,0,63768812,0
615,5,1,63774847,0
615,5,4,63776275,0
615,6,0,63776276,0
615,6,1,63782306,0
615,6,2,63783764,0
615,6,3,63785179,0
615,6,5,63785187,0
615,7,0,63785188,0
615,7,1,63791218,0
615,7,2,63792672,0
615,7,3,63794091,0
615,7,5,63794099,0
615,8,0,63794100,0
615,8,1,63800130,0
615,8,2,63801584,0
615,8,3,63803003,0
615,8,5,63803005,0
615,9,0,63803005,0
615,9,1,63809036,0
615,9,2,63810489,0
615,9,3,63811904,0
615,9,8,63813546,0
616,1,0,63921364,0
616,1,1,63927454,0
616,1,4,63928895,0
616,2,0,63928896,0
616,2,1,63934930,0
616,2,4,63936374,0
616,3,0,63936375,0
616,3,1,63942406,0
616,3,4,63943857,0
616,4,0,63943858,0
616,4,1,63949888,0
616,4,2,63951342,0
616,4,3,63952769,0
616,4,5,63952790,0
616,5,0,63952791,0
616,5,1,63958821,0
616,5,4,63960248,0
616,6,0,63960249,0
616,6,1,63966283,0
616,6,4,63967710,0
616,7,0,63967711,0
616,7,1,63973745,0
616,7,4,63975163,0
616,8,0,63975164,0
616,8,1,63981194,0
616,8,2,63982648,0
616,8,3,63984067,0
616,8,5,63984078,0
616,9,0,63984079,0
616,9,1,63990110,0
616,9,2,63991563,0
616,9,3,63992982,0
616,9,8,63994619,0
617,1,0,64088897,0
617,1,1,64094987,0
617,1,2,64096440,0
617,1,3,64097863,0
617,1,5,64097884,0
617,2,0,64097885,0
617,2,1,64103919,0
617,2,2,64105373,0
617,2,3,64106787,0
617,2,8,64108425,0
618,1,0,64150796,0
618,1,1,64156886,0
618,1,2,64158339,0
618,1,3,64159762,0
618,1,8,64161399,0
619,1,0,64192486,0
619,1,1,64198576,0
619,1,4,64200021,0
619,2,0,64200022,0
619,2,1,64206056,0
619,2,2,64207510,0
619,2,3,64208932,0
619,2,8,64210570,0
620,1,0,64248428,0
620,1,1,64254518,0
620,1,2,64255971,0
620,1,3,64257394,0
620,1,8,64259031,0
621,1,0,64290118,0
621,1,1,64296208,0
621,1,2,64297662,0
621,1,3,64299085,0
621,1,8,64300722,0
622,1,0,64331809,0
622,1,1,64337899,0
622,1,2,64339353,0
622,1,3,64340775,0
622,1,8,64342413,0
623,1,0,64373502,0
623,1,1,64379588,0
623,1,2,64381041,0
623,1,3,64382464,0
623,1,8,64384105,0
624,1,0,64415188,0
624,1,1,64421274,0
624,1,2,64422731,0
624,1,3,64424154,0
624,1,8,64425791,0
625,1,0,64456886,0
625,1,1,64462988,0
625,1,4,64464427,0
625,2,0,64464428,0
625,2,1,64470458,0
625,2,4,64471877,0
625,3,0,64471878,0
625,3,1,64477913,0
625,3,2,64479366,0
625,3,3,64480789,0
625,3,5,64480824,0
625,4,0,64480825,0
625,4,1,64486860,0
625,4,2,64488313,0
625,4,3,64489728,0
625,4,5,64489755,0
625,5,0,64489756,0
625,5,1,64495790,0
625,5,2,64497244,0
625,5,3,64498659,0
625,5,5,64498671,0
625,6,0,64498672,0
625,6,1,64504706,0
625,6,2,64506160,0
625,6,3,64507574,0
625,6,5,64507596,0
625,7,0,64507597,0
625,7,1,64513632,0
625,7,4,64515075,0
625,8,0,64515076,0
625,8,1,64521106,0
625,8,2,64522560,0
625,8,3,64523978,0
625,8,8,64525616,0
626,1,0,64622161,0
626,1,1,64628251,0
626,1,2,64629705,0
626,1,3,64631127,0
626,1,5,64631156,0
626,2,0,64631157,0
626,2,1,64637192,0
626,2,4,64638607,0
626,3,0,64638608,0
626,3,1,64644643,0
626,3,2,64646096,0
626,3,3,64647511,0
626,3,5,64647540,0
626,4,0,64647541,0
626,4,1,64653575,0
626,4,2,64655029,0
626,4,3,64656444,0
626,4,8,64658081,0
627,1,0,64718504,0
627,1,1,64724594,0
627,1,2,64726048,0
627,1,3,64727470,0
627,1,8,64729108,0
628,1,0,64760195,0
628,1,1,64766285,0
628,1,2,64767738,0
628,1,3,64769161,0
628,1,8,64770798,0
629,1,0,64801885,0
629,1,1,64807975,0
629,1,4,64809412,0
629,2,0,64809413,0
629,2,1,64815448,0
629,2,2,64816901,0
629,2,3,64818324,0
629,2,8,64819961,0
630,1,0,64857819,0
630,1,1,64863909,0
630,1,2,64865362,0
630,1,3,64866785,0
630,1,8,64868422,0
631,1,0,64899520,0
631,1,1,64905622,0
631,1,4,64907048,0
631,2,0,64907048,0
631,2,1,64913083,0
631,2,2,64914537,0
631,2,3,64915959,0
631,2,8,64917596,0
632,1,0,64955462,0
632,1,1,64961548,0
632,1,2,64963006,0
632,1,3,64964428,0
632,1,5,64964448,0
632,2,0,64964449,0
632,2,1,64970479,0
632,2,4,64971896,0
632,3,0,64971897,0
632,3,1,64977931,0
632,3,4,64979363,0
632,4,0,64979364,0
632,4,1,64985398,0
632,4,2,64986852,0
632,4,3,64988266,0
632,4,5,64988280,0
632,5,0,64988281,0
632,5,1,64994315,0
632,5,4,64995748,0
632,6,0,64995749,0
632,6,1,65001779,0
632,6,4,65003224,0
632,7,0,65003225,0
632,7,1,65009256,0
632,7,4,65010689,0
632,8,0,65010690,0
632,8,1,65016725,0
632,8,4,65018178,0
632,9,0,65018178,0
632,9,1,65024213,0
632,9,2,65025667,0
632,9,3,65027081,0
632,9,8,65028719,0
633,1,0,65123003,0
633,1,1,65129089,0
633,1,4,65130507,0
633,2,0,65130507,0
633,2,1,65136542,0
633,2,2,65137995,0
633,2,3,65139418,0
633,2,8,65141055,0
634,1,0,65178917,0
634,1,1,65185007,0
634,1,2,65186460,0
634,1,3,65187883,0
634,1,8,65189520,0
635,1,0,65220608,0
635,1,1,65226698,0
635,1,4,65228119,0
635,2,0,65228120,0
635,2,1,65234155,0
635,2,4,65235570,0
635,3,0,65235570,0
635,3,1,65241601,0
635,3,4,65243031,0
635,4,0,65243031,0
635,4,1,65249062,0
635,4,2,65250515,0
635,4,3,65251938,0
635,4,8,65253579,0
636,1,0,65304978,0
636,1,1,65311064,0
636,1,4,65312497,0
636,2,0,65312498,0
636,2,1,65318532,0
636,2,2,65319986,0
636,2,3,65321409,0
636,2,5,65321412,0
636,3,0,65321412,0
636,3,1,65327447,0
636,3,2,65328900,0
636,3,3,65330315,0
636,3,8,65331952,0
637,1,0,65381094,0
637,1,1,65387184,0
637,1,4,65388602,0
637,2,0,65388603,0
637,2,1,65394638,0
637,2,4,65396085,0
637,3,0,65396086,0
637,3,1,65402116,0
637,3,2,65403574,0
637,3,3,65404996,0
637,3,8,65406634,0
638,1,0,65451262,0
638,1,1,65457351,0
638,1,2,65458805,0
638,1,3,65460227,0
638,1,5,65460266,0
638,2,0,65460266,0
638,2,1,65466301,0
638,2,4,65467749,0
638,3,0,65467750,0
638,3,1,65473784,0
638,3,4,65475217,0
638,4,0,65475218,0
638,4,1,65481248,0
638,4,4,65482684,0
638,5,0,65482685,0
638,5,1,65488719,0
638,5,4,65490150,0
638,6,0,65490151,0
638,6,1,65496185,0
638,6,2,65497638,0
638,6,3,65499053,0
638,6,5,65499087,0
638,7,0,65499088,0
638,7,1,65505122,0
638,7,4,65506566,0
638,8,0,65506567,0
638,8,1,65512597,0
638,8,4,65514032,0
638,9,0,65514033,0
638,9,1,65520063,0
638,9,4,65521481,0
638,10,0,65521482,0
638,10,1,65527516,0
638,10,4,65528962,0
638,11,0,65528962,0
638,11,1,65534997,0
638,11,4,65536431,0
638,12,0,65536432,0
638,12,1,65542463,0
638,12,2,65543921,0
638,12,3,65545335,0
638,12,5,65545343,0
638,13,0,65545344,0
638,13,1,65551374,0
638,13,4,65552795,0
638,14,0,65552796,0
638,14,1,65558826,0
638,14,2,65560280,0
638,14,3,65561694,0
638,14,5,65561716,0
638,15,0,65561717,0
638,15,1,65567751,0
638,15,2,65569205,0
638,15,3,65570619,0
638,15,8,65572257,0
639,1,0,65718533,0
639,1,1,65724623,0
639,1,2,65726077,0
639,1,3,65727499,0
639,1,5,65727533,0
639,2,0,65727534,0
639,2,1,65733568,0
639,2,2,65735022,0
639,2,3,65736436,0
639,2,5,65736464,0
639,3,0,65736465,0
639,3,1,65742495,0
639,3,2,65743953,0
639,3,3,65745368,0
639,3,5,65745373,0
639,4,0,65745374,0
639,4,1,65751405,0
639,4,4,65752846,0
639,5,0,65752847,0
639,5,1,65758878,0
639,5,2,65760331,0
639,5,3,65761746,0
639,5,5,65761747,0
639,6,0,65761748,0
639,6,1,65767783,0
639,6,4,65769218,0
639,7,0,65769219,0
639,7,1,65775253,0
639,7,2,65776707,0
639,7,3,65778122,0
639,7,5,65778126,0
639,8,0,65778127,0
639,8,1,65784162,0
639,8,2,65785615,0
639,8,3,65787030,0
639,8,5,65787058,0
639,9,0,65787059,0
639,9,1,65793094,0
639,9,4,65794535,0
639,10,0,65794536,0
639,10,1,65800567,0
639,10,2,65802020,0
639,10,3,65803439,0
639,10,8,65805077,0
640,1,0,65924704,0
640,1,1,65930789,0
640,1,4,65932211,0
640,2,0,65932212,0
640,2,1,65938246,0
640,2,2,65939700,0
640,2,3,65941122,0
640,2,5,65941139,0
640,3,0,65941140,0
640,3,1,65947175,0
640,3,2,65948629,0
640,3,3,65950043,0
640,3,8,65951681,0
641,1,0,66000835,0
641,1,1,66006937,0
641,1,2,66008391,0
641,1,3,66009813,0
641,1,5,66009836,0
641,2,0,66009836,0
641,2,1,66015871,0
641,2,2,66017324,0
641,2,3,66018739,0
641,2,5,66018761,0
641,3,0,66018761,0
641,3,1,66024796,0
641,3,4,66026244,0
641,4,0,66026245,0
641,4,1,66032275,0
641,4,2,66033733,0
641,4,3,66035148,0
641,4,8,66036785,0
642,1,0,66097224,0
642,1,1,66103314,0
642,1,2,66104767,0
642,1,3,66106190,0
642,1,5,66106229,0
642,2,0,66106230,0
642,2,1,66112260,0
642,2,4,66113701,0
642,3,0,66113702,0
642,3,1,66119732,0
642,3,4,66121169,0
642,4,0,66121170,0
642,4,1,66127204,0
642,4,2,66128658,0
642,4,3,66130072,0
642,4,5,66130086,0
642,5,0,66130087,0
642,5,1,66136121,0
642,5,4,66137543,0
642,6,0,66137543,0
642,6,1,66143578,0
642,6,2,66145032,0
642,6,3,66146446,0
642,6,8,66148084,0
643,1,0,66222049,0
643,1,1,66228139,0
643,1,4,66229564,0
643,2,0,66229565,0
643,2,1,66235600,0
643,2,2,66237053,0
643,2,3,66238476,0
643,2,8,66240113,0
644,1,0,66277975,0
644,1,1,66284065,0
644,1,2,66285519,0
644,1,3,66286941,0
644,1,8,66288579,0
645,1,0,66319665,0
645,1,1,66325755,0
645,1,2,66327209,0
645,1,3,66328631,0
645,1,5,66328633,0
645,2,0,66328634,0
645,2,1,66334669,0
645,2,4,66336086,0
645,3,0,66336087,0
645,3,1,66342118,0
645,3,4,66343538,0
645,4,0,66343539,0
645,4,1,66349569,0
645,4,4,66350999,0
645,5,0,66351000,0
645,5,1,66357035,0
645,5,2,66358488,0
645,5,3,66359903,0
645,5,8,66361540,0
646,1,0,66424229,0
646,1,1,66430315,0
646,1,4,66431761,0
646,2,0,66431761,0
646,2,1,66437796,0
646,2,2,66439249,0
646,2,3,66440672,0
646,2,8,66442309,0
647,1,0,66480179,0
647,1,1,66486281,0
647,1,2,66487735,0
647,1,3,66489157,0
647,1,5,66489177,0
647,2,0,66489177,0
647,2,1,66495212,0
647,2,2,66496666,0
647,2,3,66498081,0
647,2,5,66498086,0
647,3,0,66498087,0
647,3,1,66504122,0
647,3,4,66505568,0
647,4,0,66505568,0
647,4,1,66511599,0
647,4,2,66513056,0
647,4,3,66514471,0
647,4,5,66514486,0
647,5,0,66514487,0
647,5,1,66520517,0
647,5,4,66521942,0
647,6,0,66521943,0
647,6,1,66527977,0
647,6,2,66529431,0
647,6,3,66530845,0
647,6,5,66530882,0
647,7,0,66530883,0
647,7,1,66536917,0
647,7,4,66538344,0
647,8,0,66538345,0
647,8,1,66544380,0
647,8,2,66545833,0
647,8,3,66547248,0
647,8,8,66548885,0
648,1,0,66645438,0
648,1,1,66651524,0
648,1,2,66652982,0
648,1,3,66654404,0
648,1,5,66654423,0
648,2,0,66654424,0
648,2,1,66660454,0
648,2,2,66661908,0
648,2,3,66663327,0
648,2,5,66663348,0
648,3,0,66663349,0
648,3,1,66669379,0
648,3,2,66670833,0
648,3,3,66672248,0
648,3,8,66673889,0
649,1,0,66727541,0
649,1,1,66733631,0
649,1,2,66735085,0
649,1,3,66736507,0
649,1,5,66736529,0
649,2,0,66736530,0
649,2,1,66742560,0
649,2,4,66744006,0
649,3,0,66744007,0
649,3,1,66750038,0
649,3,4,66751461,0
649,4,0,66751462,0
649,4,1,66757497,0
649,4,4,66758946,0
649,5,0,66758947,0
649,5,1,66764981,0
649,5,2,66766435,0
649,5,3,66767849,0
649,5,5,66767859,0
649,6,0,66767860,0
649,6,1,66773894,0
649,6,4,66775318,0
649,7,0,66775319,0
649,7,1,66781350,0
649,7,4,66782801,0
649,8,0,66782802,0
649,8,1,66788833,0
649,8,4,66790264,0
649,9,0,66790265,0
649,9,1,66796299,0
649,9,4,66797725,0
649,10,0,66797726,0
649,10,1,66803761,0
649,10,4,66805178,0
649,11,0,66805178,0
649,11,1,66811209,0
649,11,2,66812662,0
649,11,3,66814081,0
649,11,5,66814089,0
649,12,0,66814090,0
649,12,1,66820120,0
649,12,4,66821551,0
649,13,0,66821552,0
649,13,1,66827587,0
649,13,2,66829040,0
649,13,3,66830455,0
649,13,5,66830476,0
649,14,0,66830477,0
649,14,1,66836511,0
649,14,4,66837933,0
649,15,0,66837934,0
649,15,1,66843968,0
649,15,4,66845386,0
649,16,0,66845386,0
649,16,1,66851417,0
649,16,4,66852864,0
649,17,0,66852865,0
649,17,1,66858896,0
649,17,2,66860349,0
649,17,3,66861764,0
649,17,5,66861768,0
649,18,0,66861769,0
649,18,1,66867803,0
649,18,2,66869257,0
649,18,3,66870672,0
649,18,8,66872309,0
650,1,0,67044371,0
650,1,1,67050456,0
650,1,2,67051910,0
650,1,3,67053336,0
650,1,8,67054974,0
651,1,0,67086058,0
651,1,1,67092144,0
651,1,4,67093582,0
651,2,0,67093583,0
651,2,1,67099613,0
651,2,4,67101061,0
651,3,0,67101062,0
651,3,1,67107096,0
651,3,2,67108550,0
651,3,3,67109973,0
651,3,5,67109977,0
651,4,0,67109978,0
651,4,1,67116013,0
651,4,4,67117462,0
651,5,0,67117463,0
651,5,1,67123498,0
651,5,4,67124922,0
651,6,0,67124923,0
651,6,1,67130953,0
651,6,4,67132386,0
651,7,0,67132386,0
651,7,1,67138421,0
651,7,2,67139875,0
651,7,3,67141289,0
651,7,8,67142930,0
652,1,0,67219157,0
652,1,1,67225247,0
652,1,2,67226700,0
652,1,3,67228123,0
652,1,5,67228158,0
652,2,0,67228159,0
652,2,1,67234194,0
652,2,4,67235634,0
652,3,0,67235635,0
652,3,1,67241665,0
652,3,2,67243123,0
652,3,3,67244538,0
652,3,5,67244549,0
652,4,0,67244550,0
652,4,1,67250580,0
652,4,4,67252029,0
652,5,0,67252029,0
652,5,1,67258064,0
652,5,4,67259498,0
652,6,0,67259499,0
652,6,1,67265534,0
652,6,4,67266950,0
652,7,0,67266951,0
652,7,1,67272985,0
652,7,4,67274416,0
652,8,0,67274417,0
652,8,1,67280447,0
652,8,2,67281901,0
652,8,3,67283320,0
652,8,5,67283336,0
652,9,0,67283337,0
652,9,1,67289368,0
652,9,2,67290821,0
652,9,3,67292236,0
652,9,8,67293877,0
653,1,0,67392668,0
653,1,1,67398758,0
653,1,2,67400212,0
653,1,3,67401634,0
653,1,5,67401656,0
653,2,0,67401657,0
653,2,1,67407692,0
653,2,4,67409114,0
653,3,0,67409114,0
653,3,1,67415149,0
653,3,4,67416591,0
653,4,0,67416591,0
653,4,1,67422622,0
653,4,2,67424079,0
653,4,3,67425494,0
653,4,5,67425517,0
653,5,0,67425518,0
653,5,1,67431549,0
653,5,4,67432970,0
653,6,0,67432971,0
653,6,1,67439002,0
653,6,2,67440455,0
653,6,3,67441870,0
653,6,5,67441874,0
653,7,0,67441875,0
653,7,1,67447909,0
653,7,2,67449363,0
653,7,3,67450778,0
653,7,5,67450781,0
653,8,0,67450782,0
653,8,1,67456817,0
653,8,2,67458271,0
653,8,3,67459686,0
653,8,8,67461323,0
654,1,0,67557865,0
654,1,1,67563955,0
654,1,2,67565408,0
654,1,3,67566831,0
654,1,5,67566869,0
654,2,0,67566870,0
654,2,1,67572905,0
654,2,4,67574349,0
654,3,0,67574349,0
654,3,1,67580380,0
654,3,2,67581834,0
654,3,3,67583253,0
654,3,5,67583287,0
654,4,0,67583288,0
654,4,1,67589319,0
654,4,2,67590772,0
654,4,3,67592187,0
654,4,8,67593829,0
655,1,0,67654264,0
655,1,1,67660362,0
655,1,2,67661816,0
655,1,3,67663242,0
655,1,5,67663279,0
655,2,0,67663280,0
655,2,1,67669310,0
655,2,2,67670764,0
655,2,3,67672178,0
655,2,5,67672181,0
655,3,0,67672182,0
655,3,1,67678216,0
655,3,4,67679661,0
655,4,0,67679662,0
655,4,1,67685696,0
655,4,2,67687150,0
655,4,3,67688565,0
655,4,8,67690202,0
656,1,0,67750656,0
656,1,1,67756758,0
656,1,2,67758212,0
656,1,3,67759634,0
656,1,8,67761271,0
657,1,0,67792371,0
657,1,1,67798461,0
657,1,4,67799882,0
657,2,0,67799882,0
657,2,1,67805917,0
657,2,2,67807371,0
657,2,3,67808793,0
657,2,8,67810431,0
658,1,0,67848293,0
658,1,1,67854383,0
658,1,2,67855837,0
658,1,3,67857259,0
658,1,5,67857273,0
658,2,0,67857274,0
658,2,1,67863308,0
658,2,2,67864762,0
658,2,3,67866176,0
658,2,8,67867814,0
659,1,0,67910182,0
659,1,1,67916272,0
659,1,2,67917725,0
659,1,3,67919148,0
659,1,5,67919150,0
659,2,0,67919150,0
659,2,1,67925185,0
659,2,2,67926638,0
659,2,3,67928053,0
659,2,8,67929690,0
660,1,0,67972066,0
660,1,1,67978156,0
660,1,2,67979609,0
660,1,3,67981032,0
660,1,5,67981065,0
660,2,0,67981065,0
660,2,1,67987100,0
660,2,4,67988536,0
660,3,0,67988537,0
660,3,1,67994571,0
660,3,2,67996025,0
660,3,3,67997439,0
660,3,5,67997441,0
660,4,0,67997442,0
660,4,1,68003476,0
660,4,2,68004930,0
660,4,3,68006345,0
660,4,8,68007982,0
661,1,0,68068417,0
661,1,1,68074519,0
661,1,2,68075972,0
661,1,3,68077395,0
661,1,5,68077422,0
661,2,0,68077423,0
661,2,1,68083458,0
661,2,4,68084883,0
661,3,0,68084883,0
661,3,1,68090914,0
661,3,4,68092334,0
661,4,0,68092335,0
661,4,1,68098369,0
661,4,4,68099814,0
661,5,0,68099815,0
661,5,1,68105849,0
661,5,4,68107265,0
661,6,0,68107266,0
661,6,1,68113300,0
661,6,2,68114754,0
661,6,3,68116168,0
661,6,8,68117806,0
662,1,0,68187273,0
662,1,1,68193362,0
662,1,4,68194815,0
662,2,0,68194816,0
662,2,1,68200846,0
662,2,2,68202300,0
662,2,3,68203727,0
662,2,5,68203757,0
662,3,0,68203758,0
662,3,1,68209788,0
662,3,4,68211222,0
662,4,0,68211223,0
662,4,1,68217258,0
662,4,4,68218683,0
662,5,0,68218684,0
662,5,1,68224719,0
662,5,4,68226160,0
662,6,0,68226161,0
662,6,1,68232191,0
662,6,4,68233637,0
662,7,0,68233638,0
662,7,1,68239669,0
662,7,4,68241084,0
662,8,0,68241085,0
662,8,1,68247119,0
662,8,4,68248536,0
662,9,0,68248537,0
662,9,1,68254572,0
662,9,2,68256026,0
662,9,3,68257440,0
662,9,8,68259078,0
663,1,0,68348856,0
663,1,1,68354958,0
663,1,4,68356399,0
663,2,0,68356400,0
663,2,1,68362431,0
663,2,4,68363873,0
663,3,0,68363874,0
663,3,1,68369905,0
663,3,4,68371353,0
663,4,0,68371354,0
663,4,1,68377388,0
663,4,4,68378804,0
663,5,0,68378805,0
663,5,1,68384840,0
663,5,2,68386293,0
663,5,3,68387716,0
663,5,8,68389353,0
664,1,0,68447551,0
664,1,1,68453652,0
664,1,4,68455079,0
664,2,0,68455080,0
664,2,1,68461110,0
664,2,2,68462564,0
664,2,3,68463991,0
664,2,5,68464004,0
664,3,0,68464005,0
664,3,1,68470035,0
664,3,4,68471457,0
664,4,0,68471458,0
664,4,1,68477493,0
664,4,2,68478946,0
664,4,3,68480361,0
664,4,8,68481998,0
665,1,0,68537923,0
665,1,1,68544013,0
665,1,2,68545466,0
665,1,3,68546889,0
665,1,5,68546897,0
665,2,0,68546898,0
665,2,1,68552933,0
665,2,2,68554386,0
665,2,3,68555801,0
665,2,8,68557438,0
666,1,0,68599809,0
666,1,1,68605899,0
666,1,2,68607353,0
666,1,3,68608776,0
666,1,8,68610413,0
667,1,0,68641512,0
667,1,1,68647613,0
667,1,2,68649067,0
667,1,3,68650489,0
667,1,8,68652127,0
668,1,0,68683233,0
668,1,1,68689319,0
668,1,4,68690770,0
668,2,0,68690771,0
668,2,1,68696806,0
668,2,4,68698240,0
668,3,0,68698241,0
668,3,1,68704276,0
668,3,2,68705729,0
668,3,3,68707152,0
668,3,8,68708789,0
669,1,0,68753422,0
669,1,1,68759508,0
669,1,2,68760961,0
669,1,3,68762384,0
669,1,5,68762423,0
669,2,0,68762424,0
669,2,1,68768458,0
669,2,2,68769912,0
669,2,3,68771327,0
669,2,5,68771341,0
669,3,0,68771342,0
669,3,1,68777376,0
669,3,2,68778830,0
669,3,3,68780244,0
669,3,5,68780252,0
669,4,0,68780253,0
669,4,1,68786287,0
669,4,2,68787741,0
669,4,3,68789156,0
669,4,8,68790793,0
670,1,0,68855738,0
670,1,1,68861824,0
670,1,4,68863246,0
670,2,0,68863247,0
670,2,1,68869278,0
670,2,4,68870717,0
670,3,0,68870718,0
670,3,1,68876752,0
670,3,2,68878206,0
670,3,3,68879628,0
670,3,8,68881266,0
671,1,0,68925895,0
671,1,1,68931981,0
671,1,4,68933402,0
671,2,0,68933403,0
671,2,1,68939434,0
671,2,4,68940854,0
671,3,0,68940854,0
671,3,1,68946889,0
671,3,4,68948333,0
671,4,0,68948334,0
671,4,1,68954369,0
671,4,4,68955796,0
671,5,0,68955796,0
671,5,1,68961827,0
671,5,2,68963284,0
671,5,3,68964707,0
671,5,8,68966344,0
672,1,0,69024514,0
672,1,1,69030600,0
672,1,2,69032054,0
672,1,3,69033480,0
672,1,5,69033510,0
672,2,0,69033511,0
672,2,1,69039541,0
672,2,2,69040995,0
672,2,3,69042410,0
672,2,8,69044051,0
673,1,0,69086419,0
673,1,1,69092505,0
673,1,2,69093962,0
673,1,3,69095385,0
673,1,5,69095390,0
673,2,0,69095391,0
673,2,1,69101421,0
673,2,2,69102879,0
673,2,3,69104293,0
673,2,5,69104305,0
673,3,0,69104306,0
673,3,1,69110337,0
673,3,4,69111776,0
673,4,0,69111777,0
673,4,1,69117811,0
673,4,4,69119227,0
673,5,0,69119228,0
673,5,1,69125262,0
673,5,4,69126699,0
673,6,0,69126699,0
673,6,1,69132734,0
673,6,2,69134188,0
673,6,3,69135602,0
673,6,8,69137239,0
674,1,0,69211208,0
674,1,1,69217298,0
674,1,4,69218716,0
674,2,0,69218717,0
674,2,1,69224752,0
674,2,4,69226188,0
674,3,0,69226188,0
674,3,1,69232219,0
674,3,2,69233676,0
674,3,3,69235099,0
674,3,8,69236736,0
675,1,0,69281361,0
675,1,1,69287451,0
675,1,4,69288867,0
675,2,0,69288868,0
675,2,1,69294903,0
675,2,2,69296357,0
675,2,3,69297779,0
675,2,8,69299416,0
676,1,0,69337279,0
676,1,1,69343368,0
676,1,2,69344822,0
676,1,3,69346245,0
676,1,8,69347882,0
677,1,0,69378976,0
677,1,1,69385078,0
677,1,4,69386504,0
677,2,0,69386505,0
677,2,1,69392536,0
677,2,2,69393993,0
677,2,3,69395416,0
677,2,8,69397053,0
678,1,0,69434923,0
678,1,1,69441009,0
678,1,4,69442432,0
678,2,0,69442433,0
678,2,1,69448467,0
678,2,4,69449885,0
678,3,0,69449886,0
678,3,1,69455921,0
678,3,4,69457340,0
678,4,0,69457340,0
678,4,1,69463375,0
678,4,4,69464796,0
678,5,0,69464797,0
678,5,1,69470827,0
678,5,4,69472247,0
678,6,0,69472248,0
678,6,1,69478282,0
678,6,2,69479735,0
678,6,3,69481158,0
678,6,8,69482799,0
679,1,0,69547736,0
679,1,1,69553826,0
679,1,2,69555280,0
679,1,3,69556702,0
679,1,5,69556710,0
679,2,0,69556711,0
679,2,1,69562745,0
679,2,2,69564199,0
679,2,3,69565614,0
679,2,8,69567251,0
680,1,0,69609623,0
680,1,1,69615712,0
680,1,2,69617166,0
680,1,3,69618589,0
680,1,5,69618609,0
680,2,0,69618610,0
680,2,1,69624645,0
680,2,2,69626099,0
680,2,3,69627513,0
680,2,8,69629151,0
681,1,0,69671522,0
681,1,1,69677612,0
681,1,2,69679065,0
681,1,3,69680488,0
681,1,5,69680502,0
681,2,0,69680502,0
681,2,1,69686537,0
681,2,2,69687990,0
681,2,3,69689405,0
681,2,8,69691042,0
682,1,0,69733421,0
682,1,1,69739507,0
682,1,2,69740961,0
682,1,3,69742383,0
682,1,5,69742398,0
682,2,0,69742399,0
682,2,1,69748433,0
682,2,4,69749868,0
682,3,0,69749869,0
682,3,1,69755904,0
682,3,4,69757354,0
682,4,0,69757355,0
682,4,1,69763389,0
682,4,4,69764807,0
682,5,0,69764808,0
682,5,1,69770838,0
682,5,4,69772283,0
682,6,0,69772284,0
682,6,1,69778318,0
682,6,2,69779772,0
682,6,3,69781186,0
682,6,5,69781191,0
682,7,0,69781192,0
682,7,1,69787226,0
682,7,4,69788661,0
682,8,0,69788662,0
682,8,1,69794697,0
682,8,2,69796150,0
682,8,3,69797565,0
682,8,5,69797568,0
682,9,0,69797569,0
682,9,1,69803603,0
682,9,2,69805056,0
682,9,3,69806471,0
682,9,8,69808108,0
683,1,0,69906899,0
683,1,1,69912989,0
683,1,2,69914443,0
683,1,3,69915865,0
683,1,8,69917503,0
684,1,0,69948589,0
684,1,1,69954680,0
684,1,2,69956133,0
684,1,3,69957556,0
684,1,8,69959193,0
685,1,0,69990280,0
685,1,1,69996370,0
685,1,2,69997823,0
685,1,3,69999246,0
685,1,5,69999249,0
685,2,0,69999250,0
685,2,1,70005285,0
685,2,2,70006738,0
685,2,3,70008153,0
685,2,8,70009790,0
686,1,0,70052165,0
686,1,1,70058255,0
686,1,4,70059686,0
686,2,0,70059686,0
686,2,1,70065721,0
686,2,4,70067137,0
686,3,0,70067138,0
686,3,1,70073173,0
686,3,4,70074612,0
686,4,0,70074612,0
686,4,1,70080643,0
686,4,2,70082096,0
686,4,3,70083523,0
686,4,5,70083527,0
686,5,0,70083527,0
686,5,1,70089558,0
686,5,2,70091012,0
686,5,3,70092426,0
686,5,5,70092435,0
686,6,0,70092435,0
686,6,1,70098470,0
686,6,4,70099889,0
686,7,0,70099890,0
686,7,1,70105924,0
686,7,2,70107378,0
686,7,3,70108792,0
686,7,5,70108815,0
686,8,0,70108816,0
686,8,1,70114851,0
686,8,2,70116305,0
686,8,3,70117719,0
686,8,5,70117722,0
686,9,0,70117723,0
686,9,1,70123757,0
686,9,4,70125172,0
686,10,0,70125173,0
686,10,1,70131204,0
686,10,4,70132645,0
686,11,0,70132646,0
686,11,1,70138681,0
686,11,4,70140097,0
686,12,0,70140098,0
686,12,1,70146133,0
686,12,4,70147556,0
686,13,0,70147557,0
686,13,1,70153591,0
686,13,4,70155031,0
686,14,0,70155032,0
686,14,1,70161062,0
686,14,2,70162516,0
686,14,3,70163934,0
686,14,5,70163965,0
686,15,0,70163966,0
686,15,1,70169996,0
686,15,2,70171450,0
686,15,3,70172869,0
686,15,8,70174506,0
687,1,0,70325045,0
687,1,1,70331143,0
687,1,2,70332596,0
687,1,3,70334023,0
687,1,5,70334030,0
687,2,0,70334031,0
687,2,1,70340062,0
687,2,2,70341515,0
687,2,3,70342934,0
687,2,5,70342952,0
687,3,0,70342952,0
687,3,1,70348983,0
687,3,4,70350412,0
687,4,0,70350413,0
687,4,1,70356448,0
687,4,2,70357901,0
687,4,3,70359316,0
687,4,8,70360953,0
688,1,0,70421397,0
688,1,1,70427488,0
688,1,4,70428914,0
688,2,0,70428915,0
688,2,1,70434950,0
688,2,4,70436384,0
688,3,0,70436384,0
688,3,1,70442415,0
688,3,2,70443872,0
688,3,3,70445295,0
688,3,8,70446932,0
689,1,0,70491557,0
689,1,1,70497647,0
689,1,2,70499100,0
689,1,3,70500523,0
689,1,8,70502160,0
690,1,0,70533267,0
690,1,1,70539365,0
690,1,2,70540818,0
690,1,3,70542241,0
690,1,8,70543882,0
691,1,0,70574977,0
691,1,1,70581063,0
691,1,2,70582517,0
691,1,3,70583943,0
691,1,8,70585581,0
692,1,0,70616668,0
692,1,1,70622758,0
692,1,4,70624189,0
692,2,0,70624189,0
692,2,1,70630220,0
692,2,2,70631673,0
692,2,3,70633100,0
692,2,8,70634737,0
693,1,0,70672591,0
693,1,1,70678681,0
693,1,2,70680134,0
693,1,3,70681557,0
693,1,5,70681559,0
693,2,0,70681560,0
693,2,1,70687594,0
693,2,4,70689021,0
693,3,0,70689022,0
693,3,1,70695057,0
693,3,4,70696477,0
693,4,0,70696478,0
693,4,1,70702509,0
693,4,4,70703942,0
693,5,0,70703942,0
693,5,1,70709973,0
693,5,4,70711400,0
693,6,0,70711401,0
693,6,1,70717435,0
693,6,4,70718878,0
693,7,0,70718878,0
693,7,1,70724913,0
693,7,4,70726334,0
693,8,0,70726335,0
693,8,1,70732365,0
693,8,4,70733810,0
693,9,0,70733811,0
693,9,1,70739842,0
693,9,2,70741295,0
693,9,3,70742714,0
693,9,5,70742731,0
693,10,0,70742732,0
693,10,1,70748763,0
693,10,4,70750210,0
693,11,0,70750210,0
693,11,1,70756245,0
693,11,4,70757682,0
693,12,0,70757683,0
693,12,1,70763718,0
693,12,4,70765162,0
693,13,0,70765163,0
693,13,1,70771194,0
693,13,4,70772627,0
693,14,0,70772628,0
693,14,1,70778662,0
693,14,2,70780116,0
693,14,3,70781530,0
693,14,8,70783172,0
694,1,0,70913046,0
694,1,1,70919132,0
694,1,2,70920586,0
694,1,3,70922008,0
694,1,8,70923650,0
695,1,0,70954733,0
695,1,1,70960819,0
695,1,4,70962248,0
695,2,0,70962249,0
695,2,1,70968283,0
695,2,2,70969737,0
695,2,3,70971159,0
695,2,5,70971181,0
695,3,0,70971182,0
695,3,1,70977216,0
695,3,4,70978650,0
695,4,0,70978651,0
695,4,1,70984686,0
695,4,2,70986139,0
695,4,3,70987554,0
695,4,8,70989191,0
696,1,0,71045109,0
696,1,1,71051195,0
696,1,4,71052623,0
696,2,0,71052624,0
696,2,1,71058659,0
696,2,2,71060112,0
696,2,3,71061535,0
696,2,8,71063177,0
697,1,0,71101026,0
697,1,1,71107116,0
697,1,2,71108570,0
697,1,3,71109992,0
697,1,5,71110000,0
697,2,0,71110001,0
697,2,1,71116035,0
697,2,2,71117489,0
697,2,3,71118904,0
697,2,8,71120541,0
698,1,0,71162913,0
698,1,1,71168999,0
698,1,4,71170431,0
698,2,0,71170432,0
698,2,1,71176467,0
698,2,2,71177920,0
698,2,3,71179343,0
698,2,5,71179354,0
698,3,0,71179355,0
698,3,1,71185390,0
698,3,2,71186843,0
698,3,3,71188258,0
698,3,5,71188272,0
698,4,0,71188273,0
698,4,1,71194307,0
698,4,4,71195735,0
698,5,0,71195736,0
698,5,1,71201767,0
698,5,4,71203197,0
698,6,0,71203198,0
698,6,1,71209228,0
698,6,4,71210666,0
698,7,0,71210667,0
698,7,1,71216701,0
698,7,2,71218154,0
698,7,3,71219569,0
698,7,8,71221206,0
699,1,0,71301942,0
699,1,1,71308032,0
699,1,4,71309462,0
699,2,0,71309463,0
699,2,1,71315497,0
699,2,2,71316951,0
699,2,3,71318373,0
699,2,8,71320011,0
700,1,0,71357876,0
700,1,1,71363978,0
700,1,2,71365431,0
700,1,3,71366854,0
700,1,5,71366891,0
700,2,0,71366892,0
700,2,1,71372926,0
700,2,4,71374352,0
700,3,0,71374353,0
700,3,1,71380383,0
700,3,4,71381806,0
700,4,0,71381807,0
700,4,1,71387841,0
700,4,4,71389261,0
700,5,0,71389261,0
700,5,1,71395296,0
700,5,2,71396749,0
700,5,3,71398164,0
700,5,5,71398165,0
700,6,0,71398166,0
700,6,1,71404201,0
700,6,2,71405655,0
700,6,3,71407069,0
700,6,8,71408707,0
701,1,0,71482683,0
701,1,1,71488773,0
701,1,2,71490226,0
701,1,3,71491649,0
701,1,8,71493290,0
702,1,0,71524370,0
702,1,1,71530456,0
702,1,4,71531878,0
702,2,0,71531878,0
702,2,1,71537913,0
702,2,4,71539366,0
702,3,0,71539367,0
702,3,1,71545402,0
702,3,2,71546855,0
702,3,3,71548278,0
702,3,5,71548286,0
702,4,0,71548287,0
702,4,1,71554322,0
702,4,4,71555757,0
702,5,0,71555758,0
702,5,1,71561789,0
702,5,2,71563246,0
702,5,3,71564661,0
702,5,8,71566298,0
703,1,0,71628975,0
703,1,1,71635065,0
703,1,2,71636518,0
703,1,3,71637941,0
703,1,5,71637957,0
703,2,0,71637957,0
703,2,1,71643992,0
703,2,2,71645445,0
703,2,3,71646860,0
703,2,5,71646872,0
703,3,0,71646873,0
703,3,1,71652907,0
703,3,2,71654361,0
703,3,3,71655776,0
703,3,5,71655788,0
703,4,0,71655789,0
703,4,1,71661819,0
703,4,2,71663277,0
703,4,3,71664691,0
703,4,5,71664729,0
703,5,0,71664730,0
703,5,1,71670760,0
703,5,4,71672205,0
703,6,0,71672206,0
703,6,1,71678240,0
703,6,4,71679692,0
703,7,0,71679692,0
703,7,1,71685727,0
703,7,2,71687181,0
703,7,3,71688595,0
703,7,8,71690233,0
704,1,0,71779996,0
704,1,1,71786086,0
704,1,4,71787524,0
704,2,0,71787524,0
704,2,1,71793559,0
704,2,4,71794976,0
704,3,0,71794976,0
704,3,1,71801007,0
704,3,2,71802460,0
704,3,3,71803887,0
704,3,5,71803906,0
704,4,0,71803907,0
704,4,1,71809938,0
704,4,2,71811391,0
704,4,3,71812810,0
704,4,5,71812821,0
704,5,0,71812822,0
704,5,1,71818852,0
704,5,4,71820304,0
704,6,0,71820304,0
704,6,1,71826339,0
704,6,2,71827792,0
704,6,3,71829207,0
704,6,5,71829212,0
704,7,0,71829212,0
704,7,1,71835247,0
704,7,4,71836678,0
704,8,0,71836679,0
704,8,1,71842713,0
704,8,4,71844156,0
704,9,0,71844156,0
704,9,1,71850187,0
704,9,4,71851639,0
704,10,0,71851640,0
704,10,1,71857675,0
704,10,4,71859123,0
704,11,0,71859124,0
704,11,1,71865158,0
704,11,4,71866605,0
704,12,0,71866605,0
704,12,1,71872636,0
704,12,4,71874084,0
704,13,0,71874085,0
704,13,1,71880116,0
704,13,4,71881535,0
704,14,0,71881536,0
704,14,1,71887570,0
704,14,2,71889024,0
704,14,3,71890438,0
704,14,8,71892076,0
705,1,0,72026456,0
705,1,1,72032542,0
705,1,2,72033999,0
705,1,3,72035422,0
705,1,8,72037059,0
706,1,0,72068151,0
706,1,1,72074253,0
706,1,4,72075690,0
706,2,0,72075691,0
706,2,1,72081722,0
706,2,2,72083179,0
706,2,3,72084602,0
706,2,5,72084615,0
706,3,0,72084616,0
706,3,1,72090647,0
706,3,4,72092088,0
706,4,0,72092089,0
706,4,1,72098123,0
706,4,2,72099577,0
706,4,3,72100991,0
706,4,5,72100994,0
706,5,0,72100995,0
706,5,1,72107029,0
706,5,2,72108483,0
706,5,3,72109898,0
706,5,5,72109922,0
706,6,0,72109923,0
706,6,1,72115958,0
706,6,2,72117412,0
706,6,3,72118826,0
706,6,5,72118858,0
706,7,0,72118859,0
706,7,1,72124893,0
706,7,4,72126316,0
706,8,0,72126316,0
706,8,1,72132347,0
706,8,4,72133775,0
706,9,0,72133776,0
706,9,1,72139806,0
706,9,4,72141236,0
706,10,0,72141237,0
706,10,1,72147272,0
706,10,2,72148725,0
706,10,3,72150140,0
706,10,5,72150160,0
706,11,0,72150161,0
706,11,1,72156195,0
706,11,4,72157627,0
706,12,0,72157628,0
706,12,1,72163663,0
706,12,2,72165116,0
706,12,3,72166531,0
706,12,8,72168168,0
707,1,0,72297621,0
707,1,1,72303722,0
707,1,2,72305176,0
707,1,3,72306599,0
707,1,8,72308236,0
708,1,0,72339327,0
708,1,1,72345417,0
708,1,4,72346867,0
708,2,0,72346867,0
708,2,1,72352902,0
708,2,4,72354319,0
708,3,0,72354319,0
708,3,1,72360350,0
708,3,4,72361774,0
708,4,0,72361775,0
708,4,1,72367809,0
708,4,2,72369263,0
708,4,3,72370685,0
708,4,5,72370716,0
708,5,0,72370717,0
708,5,1,72376751,0
708,5,2,72378205,0
708,5,3,72379619,0
708,5,5,72379627,0
708,6,0,72379628,0
708,6,1,72385663,0
708,6,4,72387084,0
708,7,0,72387085,0
708,7,1,72393120,0
708,7,4,72394547,0
708,8,0,72394548,0
708,8,1,72400579,0
708,8,2,72402032,0
708,8,3,72403451,0
708,8,5,72403471,0
708,9,0,72403472,0
708,9,1,72409502,0
708,9,4,72410938,0
708,10,0,72410939,0
708,10,1,72416974,0
708,10,2,72418427,0
708,10,3,72419842,0
708,10,5,72419865,0
708,11,0,72419866,0
708,11,1,72425901,0
708,11,2,72427355,0
708,11,3,72428769,0
708,11,5,72428782,0
708,12,0,72428783,0
708,12,1,72434817,0
708,12,2,72436271,0
708,12,3,72437685,0
708,12,7,72439323,0
708,13,0,72439323,0
708,13,1,72445358,0
708,13,4,72446802,0
708,14,0,72446803,0
708,14,1,72452837,0
708,14,2,72454291,0
708,14,3,72455705,0
708,14,8,72457339,0
709,1,0,72605691,0
709,1,1,72611777,0
709,1,2,72613235,0
709,1,3,72614657,0
709,1,8,72616294,0
710,1,0,72647374,0
710,1,1,72653464,0
710,1,2,72654917,0
710,1,3,72656340,0
710,1,5,72656361,0
710,2,0,72656361,0
710,2,1,72662392,0
710,2,4,72663848,0
710,3,0,72663849,0
710,3,1,72669879,0
710,3,2,72671333,0
710,3,3,72672751,0
710,3,5,72672753,0
710,4,0,72672754,0
710,4,1,72678784,0
710,4,4,72680219,0
710,5,0,72680220,0
710,5,1,72686254,0
710,5,2,72687708,0
710,5,3,72689122,0
710,5,8,72690760,0
711,1,0,72757954,0
711,1,1,72764044,0
711,1,4,72765469,0
711,2,0,72765470,0
711,2,1,72771501,0
711,2,2,72772958,0
711,2,3,72774381,0
711,2,8,72776018,0
712,1,0,72813867,0
712,1,1,72819953,0
712,1,2,72821407,0
712,1,3,72822833,0
712,1,5,72822873,0
712,2,0,72822873,0
712,2,1,72828904,0
712,2,2,72830357,0
712,2,3,72831772,0
712,2,5,72831803,0
712,3,0,72831804,0
712,3,1,72837838,0
712,3,4,72839270,0
712,4,0,72839271,0
712,4,1,72845305,0
712,4,4,72846753,0
712,5,0,72846754,0
712,5,1,72852788,0
712,5,2,72854241,0
712,5,3,72855656,0
712,5,5,72855691,0
712,6,0,72855692,0
712,6,1,72861722,0
712,6,4,72863173,0
712,7,0,72863174,0
712,7,1,72869204,0
712,7,2,72870657,0
712,7,3,72872072,0
712,7,5,72872079,0
712,8,0,72872079,0
712,8,1,72878114,0
712,8,4,72879566,0
712,9,0,72879567,0
712,9,1,72885601,0
712,9,2,72887055,0
712,9,3,72888469,0
712,9,8,72890107,0
713,1,0,72993415,0
713,1,1,72999501,0
713,1,2,73000955,0
713,1,3,73002377,0
713,1,8,73004019,0
714,1,0,73035110,0
714,1,1,73041208,0
714,1,2,73042662,0
714,1,3,73044088,0
714,1,5,73044124,0
714,2,0,73044125,0
714,2,1,73050156,0
714,2,2,73051609,0
714,2,3,73053028,0
714,2,8,73054666,0
715,1,0,73097041,0
715,1,1,73103131,0
715,1,4,73104566,0
715,2,0,73104567,0
715,2,1,73110598,0
715,2,2,73112051,0
715,2,3,73113478,0
715,2,5,73113487,0
715,3,0,73113488,0
715,3,1,73119519,0
715,3,2,73120972,0
715,3,3,73122387,0
715,3,8,73124028,0
716,1,0,73173169,0
716,1,1,73179255,0
716,1,2,73180709,0
716,1,3,73182131,0
716,1,8,73183773,0
717,1,0,73214852,0
717,1,1,73220938,0
717,1,4,73222379,0
717,2,0,73222380,0
717,2,1,73228415,0
717,2,4,73229841,0
717,3,0,73229842,0
717,3,1,73235877,0
717,3,2,73237330,0
717,3,3,73238753,0
717,3,5,73238755,0
717,4,0,73238756,0
717,4,1,73244791,0
717,4,2,73246245,0
717,4,3,73247659,0
717,4,5,73247664,0
717,5,0,73247665,0
717,5,1,73253699,0
717,5,2,73255153,0
717,5,3,73256567,0
717,5,5,73256575,0
717,6,0,73256576,0
717,6,1,73262606,0
717,6,2,73264064,0
717,6,3,73265478,0
717,6,8,73267116,0
718,1,0,73345590,0
718,1,1,73351676,0
718,1,2,73353133,0
718,1,3,73354556,0
718,1,5,73354558,0
718,2,0,73354559,0
718,2,1,73360589,0
718,2,4,73362040,0
718,3,0,73362041,0
718,3,1,73368076,0
718,3,4,73369524,0
718,4,0,73369525,0
718,4,1,73375559,0
718,4,2,73377013,0
718,4,3,73378427,0
718,4,8,73380065,0
719,1,0,73435975,0
719,1,1,73442060,0
719,1,4,73443518,0
719,2,0,73443518,0
719,2,1,73449549,0
719,2,2,73451002,0
719,2,3,73452425,0
719,2,5,73452464,0
719,3,0,73452465,0
719,3,1,73458499,0
719,3,4,73459927,0
719,4,0,73459928,0
719,4,1,73465962,0
719,4,2,73467416,0
719,4,3,73468831,0
719,4,8,73470468,0
720,1,0,73526377,0
720,1,1,73532463,0
720,1,2,73533920,0
720,1,3,73535343,0
720,1,5,73535366,0
720,2,0,73535367,0
720,2,1,73541397,0
720,2,2,73542855,0
720,2,3,73544269,0
720,2,8,73545907,0
721,1,0,73588271,0
721,1,1,73594360,0
721,1,2,73595814,0
721,1,3,73597237,0
721,1,5,73597240,0
721,2,0,73597241,0
721,2,1,73603275,0
721,2,4,73604716,0
721,3,0,73604717,0
721,3,1,73610747,0
721,3,4,73612173,0
721,4,0,73612174,0
721,4,1,73618208,0
721,4,4,73619633,0
721,5,0,73619634,0
721,5,1,73625668,0
721,5,2,73627122,0
721,5,3,73628536,0
721,5,5,73628547,0
721,6,0,73628548,0
721,6,1,73634582,0
721,6,4,73636005,0
721,7,0,73636006,0
721,7,1,73642036,0
721,7,2,73643494,0
721,7,3,73644909,0
721,7,5,73644921,0
721,8,0,73644922,0
721,8,1,73650952,0
721,8,2,73652406,0
721,8,3,73653825,0
721,8,5,73653829,0
721,9,0,73653830,0
721,9,1,73659860,0
721,9,2,73661314,0
721,9,3,73662732,0
721,9,5,73662760,0
721,10,0,73662761,0
721,10,1,73668791,0
721,10,4,73670228,0
721,11,0,73670229,0
721,11,1,73676263,0
721,11,4,73677716,0
721,12,0,73677717,0
721,12,1,73683752,0
721,12,4,73685168,0
721,13,0,73685168,0
721,13,1,73691199,0
721,13,2,73692653,0
721,13,3,73694072,0
721,13,5,73694081,0
721,14,0,73694082,0
721,14,1,73700112,0
721,14,2,73701566,0
721,14,3,73702985,0
721,14,5,73702990,0
721,15,0,73702990,0
721,15,1,73709021,0
721,15,2,73710475,0
721,15,3,73711889,0
721,15,8,73713531,0
722,1,0,73873259,0
722,1,1,73879345,0
722,1,2,73880798,0
722,1,3,73882221,0
722,1,5,73882232,0
722,2,0,73882233,0
722,2,1,73888267,0
722,2,2,73889721,0
722,2,3,73891135,0
722,2,8,73892777,0
723,1,0,73935153,0
723,1,1,73941250,0
723,1,4,73942669,0
723,2,0,73942670,0
723,2,1,73948705,0
723,2,4,73950156,0
723,3,0,73950157,0
723,3,1,73956191,0
723,3,2,73957645,0
723,3,3,73959068,0
723,3,8,73960705,0
724,1,0,74005354,0
724,1,1,74011452,0
724,1,2,74012909,0
724,1,3,74014332,0
724,1,5,74014363,0
724,2,0,74014364,0
724,2,1,74020394,0
724,2,2,74021848,0
724,2,3,74023267,0
724,2,5,74023275,0
724,3,0,74023276,0
724,3,1,74029306,0
724,3,4,74030742,0
724,4,0,74030743,0
724,4,1,74036777,0
724,4,4,74038208,0
724,5,0,74038209,0
724,5,1,74044244,0
724,5,4,74045659,0
724,6,0,74045660,0
724,6,1,74051691,0
724,6,2,74053148,0
724,6,3,74054563,0
724,6,5,74054571,0
724,7,0,74054572,0
724,7,1,74060603,0
724,7,4,74062050,0
724,8,0,74062051,0
724,8,1,74068085,0
724,8,4,74069508,0
724,9,0,74069509,0
724,9,1,74075544,0
724,9,4,74076959,0
724,10,0,74076960,0
724,10,1,74082994,0
724,10,4,74084434,0
724,11,0,74084435,0
724,11,1,74090466,0
724,11,2,74091919,0
724,11,3,74093338,0
724,11,8,74094975,0
725,1,0,74208184,0
725,1,1,74214275,0
725,1,4,74215726,0
725,2,0,74215726,0
725,2,1,74221757,0
725,2,4,74223205,0
725,3,0,74223206,0
725,3,1,74229236,0
725,3,2,74230690,0
725,3,3,74232112,0
725,3,5,74232145,0
725,4,0,74232146,0
725,4,1,74238180,0
725,4,4,74239621,0
725,5,0,74239622,0
725,5,1,74245657,0
725,5,2,74247110,0
725,5,3,74248525,0
725,5,7,74250162,0
725,6,0,74250163,0
725,6,1,74256198,0
725,6,4,74257641,0
725,7,0,74257642,0
725,7,1,74263677,0
725,7,2,74265130,0
725,7,3,74266545,0
725,7,8,74268178,0
726,1,0,74348922,0
726,1,1,74355024,0
726,1,4,74356466,0
726,2,0,74356467,0
726,2,1,74362497,0
726,2,2,74363955,0
726,2,3,74365377,0
726,2,8,74367015,0
727,1,0,74404877,0
727,1,1,74410963,0
727,1,2,74412416,0
727,1,3,74413843,0
727,1,5,74413871,0
727,2,0,74413872,0
727,2,1,74419902,0
727,2,4,74421323,0
727,3,0,74421324,0
727,3,1,74427358,0
727,3,2,74428812,0
727,3,3,74430227,0
727,3,8,74431864,0
728,1,0,74481006,0
728,1,1,74487096,0
728,1,4,74488520,0
728,2,0,74488521,0
728,2,1,74494556,0
728,2,2,74496009,0
728,2,3,74497432,0
728,2,8,74499069,0
729,1,0,74536924,0
729,1,1,74543014,0
729,1,4,74544435,0
729,2,0,74544436,0
729,2,1,74550466,0
729,2,2,74551920,0
729,2,3,74553347,0
729,2,5,74553356,0
729,3,0,74553357,0
729,3,1,74559387,0
729,3,2,74560841,0
729,3,3,74562255,0
729,3,8,74563897,0
730,1,0,74613036,0
730,1,1,74619121,0
730,1,4,74620542,0
730,2,0,74620543,0
730,2,1,74626577,0
730,2,2,74628031,0
730,2,3,74629453,0
730,2,8,74631091,0
731,1,0,74668944,0
731,1,1,74675034,0
731,1,2,74676488,0
731,1,3,74677910,0
731,1,5,74677936,0
731,2,0,74677937,0
731,2,1,74683972,0
731,2,4,74685389,0
731,3,0,74685389,0
731,3,1,74691420,0
731,3,2,74692877,0
731,3,3,74694292,0
731,3,5,74694314,0
731,4,0,74694315,0
731,4,1,74700346,0
731,4,2,74701799,0
731,4,3,74703218,0
731,4,8,74704856,0
732,1,0,74765275,0
732,1,1,74771361,0
732,1,4,74772805,0
732,2,0,74772805,0
732,2,1,74778836,0
732,2,4,74780283,0
732,3,0,74780284,0
732,3,1,74786318,0
732,3,2,74787772,0
732,3,3,74789194,0
732,3,5,74789215,0
732,4,0,74789216,0
732,4,1,74795251,0
732,4,4,74796675,0
732,5,0,74796676,0
732,5,1,74802711,0
732,5,2,74804164,0
732,5,3,74805579,0
732,5,5,74805589,0
732,6,0,74805590,0
732,6,1,74811621,0
732,6,4,74813060,0
732,7,0,74813061,0
732,7,1,74819091,0
732,7,4,74820521,0
732,8,0,74820522,0
732,8,1,74826556,0
732,8,2,74828010,0
732,8,3,74829425,0
732,8,5,74829445,0
732,9,0,74829446,0
732,9,1,74835480,0
732,9,4,74836912,0
732,10,0,74836912,0
732,10,1,74842946,0
732,10,4,74844389,0
732,11,0,74844390,0
732,11,1,74850420,0
732,11,2,74851874,0
732,11,3,74853292,0
732,11,5,74853307,0
732,12,0,74853307,0
732,12,1,74859338,0
732,12,4,74860753,0
732,13,0,74860754,0
732,13,1,74866789,0
732,13,4,74868236,0
732,14,0,74868237,0
732,14,1,74874271,0
732,14,4,74875693,0
732,15,0,74875693,0
732,15,1,74881724,0
732,15,2,74883182,0
732,15,3,74884596,0
732,15,8,74886234,0
733,1,0,75032329,0
733,1,1,75038419,0
733,1,2,75039872,0
733,1,3,75041295,0
733,1,5,75041302,0
733,2,0,75041303,0
733,2,1,75047338,0
733,2,4,75048791,0
733,3,0,75048792,0
733,3,1,75054826,0
733,3,4,75056273,0
733,4,0,75056274,0
733,4,1,75062304,0
733,4,2,75063762,0
733,4,3,75065177,0
733,4,5,75065186,0
733,5,0,75065187,0
733,5,1,75071217,0
733,5,2,75072671,0
733,5,3,75074089,0
733,5,5,75074109,0
733,6,0,75074109,0
733,6,1,75080140,0
733,6,4,75081593,0
733,7,0,75081594,0
733,7,1,75087628,0
733,7,2,75089082,0
733,7,3,75090496,0
733,7,8,75092134,0
734,1,0,75177395,0
734,1,1,75183497,0
734,1,2,75184950,0
734,1,3,75186373,0
734,1,5,75186391,0
734,2,0,75186391,0
734,2,1,75192422,0
734,2,4,75193872,0
734,3,0,75193873,0
734,3,1,75199903,0
734,3,2,75201356,0
734,3,3,75202775,0
734,3,5,75202798,0
734,4,0,75202799,0
734,4,1,75208829,0
734,4,4,75210244,0
734,5,0,75210245,0
734,5,1,75216280,0
734,5,2,75217733,0
734,5,3,75219148,0
734,5,5,75219161,0
734,6,0,75219161,0
734,6,1,75225196,0
734,6,4,75226612,0
734,7,0,75226613,0
734,7,1,75232643,0
734,7,4,75234077,0
734,8,0,75234078,0
734,8,1,75240108,0
734,8,4,75241559,0
734,9,0,75241559,0
734,9,1,75247594,0
734,9,2,75249048,0
734,9,3,75250462,0
734,9,5,75250486,0
734,10,0,75250487,0
734,10,1,75256521,0
734,10,2,75257975,0
734,10,3,75259389,0
734,10,5,75259410,0
734,11,0,75259410,0
734,11,1,75265445,0
734,11,2,75266898,0
734,11,3,75268313,0
734,11,8,75269950,0
735,1,0,75392364,0
735,1,1,75398454,0
735,1,2,75399908,0
735,1,3,75401330,0
735,1,5,75401361,0
735,2,0,75401362,0
735,2,1,75407396,0
735,2,2,75408850,0
735,2,3,75410264,0
735,2,5,75410293,0
735,3,0,75410294,0
735,3,1,75416329,0
735,3,2,75417782,0
735,3,3,75419197,0
735,3,8,75420834,0
736,1,0,75474487,0
736,1,1,75480573,0
736,1,2,75482027,0
736,1,3,75483454,0
736,1,5,75483486,0
736,2,0,75483487,0
736,2,1,75489517,0
736,2,2,75490971,0
736,2,3,75492385,0
736,2,8,75494027,0
737,1,0,75536391,0
737,1,1,75542478,0
737,1,2,75543935,0
737,1,3,75545358,0
737,1,8,75546995,0
738,1,0,75578074,0
738,1,1,75584164,0
738,1,2,75585618,0
738,1,3,75587041,0
738,1,8,75588678,0
739,1,0,75619761,0
739,1,1,75625851,0
739,1,2,75627304,0
739,1,3,75628727,0
739,1,5,75628761,0
739,2,0,75628762,0
739,2,1,75634797,0
739,2,2,75636250,0
739,2,3,75637665,0
739,2,5,75637670,0
739,3,0,75637670,0
739,3,1,75643705,0
739,3,2,75645158,0
739,3,3,75646573,0
739,3,5,75646595,0
739,4,0,75646596,0
739,4,1,75652626,0
739,4,4,75654077,0
739,5,0,75654078,0
739,5,1,75660108,0
739,5,4,75661537,0
739,6,0,75661538,0
739,6,1,75667572,0
739,6,2,75669026,0
739,6,3,75670441,0
739,6,5,75670448,0
739,7,0,75670449,0
739,7,1,75676484,0
739,7,4,75677922,0
739,8,0,75677923,0
739,8,1,75683957,0
739,8,4,75685398,0
739,9,0,75685399,0
739,9,1,75691429,0
739,9,2,75692887,0
739,9,3,75694301,0
739,9,5,75694309,0
739,10,0,75694310,0
739,10,1,75700340,0
739,10,4,75701770,0
739,11,0,75701771,0
739,11,1,75707806,0
739,11,2,75709259,0
739,11,3,75710674,0
739,11,8,75712311,0
740,1,0,75834539,0
740,1,1,75840625,0
740,1,2,75842078,0
740,1,3,75843505,0
740,1,5,75843506,0
740,2,0,75843507,0
740,2,1,75849538,0
740,2,2,75850991,0
740,2,3,75852406,0
740,2,8,75854048,0
741,1,0,75896412,0
741,1,1,75902497,0
741,1,4,75903921,0
741,2,0,75903922,0
741,2,1,75909952,0
741,2,2,75911406,0
741,2,3,75912832,0
741,2,5,75912851,0
741,3,0,75912852,0
741,3,1,75918883,0
741,3,2,75920336,0
741,3,3,75921751,0
741,3,5,75921753,0
741,4,0,75921754,0
741,4,1,75927788,0
741,4,4,75929217,0
741,5,0,75929217,0
741,5,1,75935252,0
741,5,2,75936705,0
741,5,3,75938120,0
741,5,8,75939757,0
742,1,0,76006951,0
742,1,1,76013041,0
742,1,4,76014457,0
742,2,0,76014458,0
742,2,1,76020489,0
742,2,4,76021928,0
742,3,0,76021928,0
742,3,1,76027963,0
742,3,2,76029417,0
742,3,3,76030839,0
742,3,5,76030871,0
742,4,0,76030872,0
742,4,1,76036906,0
742,4,2,76038360,0
742,4,3,76039774,0
742,4,5,76039778,0
742,5,0,76039779,0
742,5,1,76045814,0
742,5,2,76047267,0
742,5,3,76048682,0
742,5,8,76050319,0
743,1,0,76117525,0
743,1,1,76123627,0
743,1,4,76125048,0
743,2,0,76125049,0
743,2,1,76131079,0
743,2,2,76132533,0
743,2,3,76133960,0
743,2,5,76133985,0
743,3,0,76133986,0
743,3,1,76140017,0
743,3,4,76141469,0
743,4,0,76141470,0
743,4,1,76147504,0
743,4,2,76148958,0
743,4,3,76150373,0
743,4,8,76152010,0
744,1,0,76207931,0
744,1,1,76214021,0
744,1,2,76215474,0
744,1,3,76216897,0
744,1,5,76216900,0
744,2,0,76216901,0
744,2,1,76222935,0
744,2,4,76224364,0
744,3,0,76224365,0
744,3,1,76230396,0
744,3,4,76231818,0
744,4,0,76231819,0
744,4,1,76237853,0
744,4,4,76239290,0
744,5,0,76239291,0
744,5,1,76245326,0
744,5,2,76246779,0
744,5,3,76248194,0
744,5,5,76248198,0
744,6,0,76248199,0
744,6,1,76254234,0
744,6,2,76255687,0
744,6,3,76257102,0
744,6,5,76257117,0
744,7,0,76257118,0
744,7,1,76263152,0
744,7,4,76264579,0
744,8,0,76264580,0
744,8,1,76270610,0
744,8,2,76272064,0
744,8,3,76273483,0
744,8,5,76273499,0
744,9,0,76273499,0
744,9,1,76279530,0
744,9,4,76280967,0
744,10,0,76280968,0
744,10,1,76287003,0
744,10,4,76288424,0
744,11,0,76288425,0
744,11,1,76294460,0
744,11,4,76295881,0
744,12,0,76295882,0
744,12,1,76301913,0
744,12,4,76303336,0
744,13,0,76303337,0
744,13,1,76309367,0
744,13,2,76310820,0
744,13,3,76312235,0
744,13,8,76313877,0
745,1,0,76445649,0
745,1,1,76451735,0
745,1,2,76453193,0
745,1,3,76454615,0
745,1,5,76454627,0
745,2,0,76454628,0
745,2,1,76460658,0
745,2,2,76462112,0
745,2,3,76463531,0
745,2,5,76463545,0
745,3,0,76463546,0
745,3,1,76469576,0
745,3,4,76471000,0
745,4,0,76471001,0
745,4,1,76477035,0
745,4,2,76478489,0
745,4,3,76479903,0
745,4,5,76479925,0
745,5,0,76479926,0
745,5,1,76485961,0
745,5,2,76487414,0
745,5,3,76488829,0
745,5,5,76488861,0
745,6,0,76488862,0
745,6,1,76494897,0
745,6,2,76496350,0
745,6,3,76497765,0
745,6,5,76497766,0
745,7,0,76497767,0
745,7,1,76503802,0
745,7,4,76505225,0
745,8,0,76505225,0
745,8,1,76511256,0
745,8,4,76512686,0
745,9,0,76512687,0
745,9,1,76518721,0
745,9,4,76520163,0
745,10,0,76520164,0
745,10,1,76526198,0
745,10,4,76527618,0
745,11,0,76527619,0
745,11,1,76533654,0
745,11,2,76535107,0
745,11,3,76536522,0
745,11,5,76536540,0
745,12,0,76536541,0
745,12,1,76542572,0
745,12,2,76544029,0
745,12,3,76545444,0
745,12,5,76545467,0
745,13,0,76545467,0
745,13,1,76551498,0
745,13,2,76552956,0
745,13,3,76554370,0
745,13,5,76554390,0
745,14,0,76554391,0
745,14,1,76560422,0
745,14,2,76561875,0
745,14,3,76563294,0
745,14,5,76563325,0
745,15,0,76563325,0
745,15,1,76569356,0
745,15,2,76570809,0
745,15,3,76572224,0
745,15,8,76573866,0
746,1,0,76742980,0
746,1,1,76749078,0
746,1,4,76750509,0
746,2,0,76750510,0
746,2,1,76756544,0
746,2,2,76757998,0
746,2,3,76759420,0
746,2,5,76759428,0
746,3,0,76759429,0
746,3,1,76765464,0
746,3,2,76766917,0
746,3,3,76768332,0
746,3,8,76769969,0
747,1,0,76819120,0
747,1,1,76825210,0
747,1,2,76826664,0
747,1,3,76828086,0
747,1,8,76829724,0
748,1,0,76860806,0
748,1,1,76866896,0
748,1,2,76868350,0
748,1,3,76869772,0
748,1,8,76871410,0
749,1,0,76902493,0
749,1,1,76908582,0
749,1,4,76910017,0
749,2,0,76910018,0
749,2,1,76916052,0
749,2,2,76917506,0
749,2,3,76918928,0
749,2,8,76920566,0
750,1,0,76958420,0
750,1,1,76964510,0
750,1,2,76965964,0
750,1,3,76967386,0
750,1,8,76969023,0
751,1,0,77000107,0
751,1,1,77006197,0
751,1,2,77007650,0
751,1,3,77009073,0
751,1,5,77009094,0
751,2,0,77009094,0
751,2,1,77015129,0
751,2,2,77016582,0
751,2,3,77017997,0
751,2,8,77019635,0
752,1,0,77062002,0
752,1,1,77068092,0
752,1,2,77069546,0
752,1,3,77070968,0
752,1,5,77070974,0
752,2,0,77070975,0
752,2,1,77077009,0
752,2,2,77078463,0
752,2,3,77079877,0
752,2,5,77079888,0
752,3,0,77079889,0
752,3,1,77085924,0
752,3,4,77087368,0
752,4,0,77087369,0
752,4,1,77093403,0
752,4,2,77094857,0
752,4,3,77096272,0
752,4,8,77097909,0
753,1,0,77158328,0
753,1,1,77164418,0
753,1,2,77165872,0
753,1,3,77167294,0
753,1,5,77167305,0
753,2,0,77167306,0
753,2,1,77173341,0
753,2,4,77174783,0
753,3,0,77174784,0
753,3,1,77180814,0
753,3,2,77182268,0
753,3,3,77183687,0
753,3,8,77185324,0
754,1,0,77234471,0
754,1,1,77240569,0
754,1,2,77242022,0
754,1,3,77243449,0
754,1,8,77245087,0
755,1,0,77276189,0
755,1,1,77282287,0
755,1,2,77283745,0
755,1,3,77285167,0
755,1,8,77286804,0
756,1,0,77317895,0
756,1,1,77323985,0
756,1,4,77325430,0
756,2,0,77325431,0
756,2,1,77331461,0
756,2,2,77332919,0
756,2,3,77334341,0
756,2,5,77334360,0
756,3,0,77334361,0
756,3,1,77340391,0
756,3,4,77341811,0
756,4,0,77341812,0
756,4,1,77347846,0
756,4,4,77349296,0
756,5,0,77349297,0
756,5,1,77355331,0
756,5,4,77356750,0
756,6,0,77356750,0
756,6,1,77362785,0
756,6,2,77364239,0
756,6,3,77365653,0
756,6,5,77365658,0
756,7,0,77365659,0
756,7,1,77371689,0
756,7,2,77373147,0
756,7,3,77374562,0
756,7,8,77376199,0
757,1,0,77456931,0
757,1,1,77463020,0
757,1,4,77464440,0
757,2,0,77464441,0
757,2,1,77470471,0
757,2,2,77471925,0
757,2,3,77473352,0
757,2,8,77474989,0
758,1,0,77512843,0
758,1,1,77518929,0
758,1,2,77520382,0
758,1,3,77521805,0
758,1,5,77521845,0
758,2,0,77521846,0
758,2,1,77527880,0
758,2,4,77529333,0
758,3,0,77529334,0
758,3,1,77535369,0
758,3,4,77536803,0
758,4,0,77536804,0
758,4,1,77542839,0
758,4,4,77544264,0
758,5,0,77544265,0
758,5,1,77550295,0
758,5,2,77551749,0
758,5,3,77553168,0
758,5,8,77554805,0
759,1,0,77617481,0
759,1,1,77623570,0
759,1,4,77624994,0
759,2,0,77624995,0
759,2,1,77631026,0
759,2,2,77632479,0
759,2,3,77633906,0
759,2,5,77633909,0
759,3,0,77633910,0
759,3,1,77639940,0
759,3,4,77641380,0
759,4,0,77641381,0
759,4,1,77647416,0
759,4,4,77648837,0
759,5,0,77648838,0
759,5,1,77654873,0
759,5,2,77656326,0
759,5,3,77657741,0
759,5,5,77657759,0
759,6,0,77657760,0
759,6,1,77663795,0
759,6,4,77665232,0
759,7,0,77665232,0
759,7,1,77671263,0
759,7,4,77672715,0
759,8,0,77672716,0
759,8,1,77678746,0
759,8,2,77680200,0
759,8,3,77681614,0
759,8,5,77681653,0
759,9,0,77681654,0
759,9,1,77687689,0
759,9,2,77689142,0
759,9,3,77690557,0
759,9,5,77690560,0
759,10,0,77690561,0
759,10,1,77696595,0
759,10,2,77698049,0
759,10,3,77699463,0
759,10,5,77699481,0
759,11,0,77699482,0
759,11,1,77705517,0
759,11,2,77706970,0
759,11,3,77708385,0
759,11,8,77710022,0
760,1,0,77832427,0
760,1,1,77838517,0
760,1,2,77839971,0
760,1,3,77841393,0
760,1,5,77841421,0
760,2,0,77841422,0
760,2,1,77847456,0
760,2,4,77848886,0
760,3,0,77848887,0
760,3,1,77854922,0
760,3,2,77856375,0
760,3,3,77857790,0
760,3,8,77859427,0
761,1,0,77908566,0
761,1,1,77914656,0
761,1,2,77916110,0
761,1,3,77917532,0
761,1,5,77917535,0
761,2,0,77917536,0
761,2,1,77923570,0
761,2,4,77924994,0
761,3,0,77924994,0
761,3,1,77931025,0
761,3,2,77932478,0
761,3,3,77933897,0
761,3,5,77933933,0
761,4,0,77933933,0
761,4,1,77939964,0
761,4,2,77941417,0
761,4,3,77942836,0
761,4,8,77944473,0
762,1,0,78004892,0
762,1,1,78010978,0
762,1,4,78012419,0
762,2,0,78012420,0
762,2,1,78018455,0
762,2,4,78019880,0
762,3,0,78019881,0
762,3,1,78025916,0
762,3,4,78027360,0
762,4,0,78027361,0
762,4,1,78033395,0
762,4,2,78034849,0
762,4,3,78036272,0
762,4,5,78036300,0
762,5,0,78036301,0
762,5,1,78042331,0
762,5,4,78043754,0
762,6,0,78043755,0
762,6,1,78049785,0
762,6,2,78051238,0
762,6,3,78052653,0
762,6,5,78052689,0
762,7,0,78052690,0
762,7,1,78058725,0
762,7,4,78060155,0
762,8,0,78060156,0
762,8,1,78066191,0
762,8,4,78067633,0
762,9,0,78067634,0
762,9,1,78073668,0
762,9,2,78075121,0
762,9,3,78076536,0
762,9,8,78078173,0
763,1,0,78172447,0
763,1,1,78178536,0
763,1,4,78179984,0
763,2,0,78179985,0
763,2,1,78186020,0
763,2,2,78187473,0
763,2,3,78188896,0
763,2,8,78190533,0
764,1,0,78228388,0
764,1,1,78234478,0
764,1,2,78235932,0
764,1,3,78237354,0
764,1,5,78237391,0
764,2,0,78237392,0
764,2,1,78243427,0
764,2,2,78244880,0
764,2,3,78246295,0
764,2,8,78247932,0
765,1,0,78290295,0
765,1,1,78296385,0
765,1,2,78297839,0
765,1,3,78299261,0
765,1,5,78299286,0
765,2,0,78299287,0
765,2,1,78305322,0
765,2,2,78306775,0
765,2,3,78308190,0
765,2,5,78308205,0
765,3,0,78308206,0
765,3,1,78314241,0
765,3,2,78315694,0
765,3,3,78317109,0
765,3,5,78317117,0
765,4,0,78317118,0
765,4,1,78323153,0
765,4,2,78324606,0
765,4,3,78326021,0
765,4,8,78327658,0
766,1,0,78392591,0
766,1,1,78398681,0
766,1,4,78400130,0
766,2,0,78400131,0
766,2,1,78406165,0
766,2,2,78407619,0
766,2,3,78409042,0
766,2,8,78410679,0
767,1,0,78448533,0
767,1,1,78454623,0
767,1,2,78456077,0
767,1,3,78457499,0
767,1,5,78457514,0
767,2,0,78457515,0
767,2,1,78463549,0
767,2,2,78465003,0
767,2,3,78466418,0
767,2,5,78466440,0
767,3,0,78466441,0
767,3,1,78472472,0
767,3,2,78473929,0
767,3,3,78475344,0
767,3,5,78475355,0
767,4,0,78475356,0
767,4,1,78481386,0
767,4,4,78482830,0
767,5,0,78482831,0
767,5,1,78488861,0
767,5,4,78490313,0
767,6,0,78490313,0
767,6,1,78496348,0
767,6,2,78497802,0
767,6,3,78499216,0
767,6,5,78499220,0
767,7,0,78499221,0
767,7,1,78505255,0
767,7,2,78506708,0
767,7,3,78508123,0
767,7,5,78508137,0
767,8,0,78508138,0
767,8,1,78514173,0
767,8,4,78515590,0
767,9,0,78515591,0
767,9,1,78521621,0
767,9,4,78523046,0
767,10,0,78523047,0
767,10,1,78529077,0
767,10,2,78530531,0
767,10,3,78531945,0
767,10,5,78531978,0
767,11,0,78531979,0
767,11,1,78538013,0
767,11,4,78539439,0
767,12,0,78539440,0
767,12,1,78545474,0
767,12,2,78546928,0
767,12,3,78548343,0
767,12,5,78548376,0
767,13,0,78548377,0
767,13,1,78554411,0
767,13,2,78555865,0
767,13,3,78557280,0
767,13,5,78557294,0
767,14,0,78557295,0
767,14,1,78563329,0
767,14,4,78564761,0
767,15,0,78564762,0
767,15,1,78570792,0
767,15,4,78572242,0
767,16,0,78572243,0
767,16,1,78578277,0
767,16,4,78579701,0
767,17,0,78579702,0
767,17,1,78585737,0
767,17,4,78587179,0
767,18,0,78587180,0
767,18,1,78593214,0
767,18,4,78594633,0
767,19,0,78594634,0
767,19,1,78600664,0
767,19,2,78602118,0
767,19,3,78603536,0
767,19,8,78605174,0
768,1,0,78797797,0
768,1,1,78803887,0
768,1,2,78805340,0
768,1,3,78806763,0
768,1,8,78808400,0
769,1,0,78839484,0
769,1,1,78845573,0
769,1,4,78847024,0
769,2,0,78847025,0
769,2,1,78853059,0
769,2,2,78854513,0
769,2,3,78855935,0
769,2,8,78857573,0
770,1,0,78895424,0
770,1,1,78901510,0
770,1,2,78902967,0
770,1,3,78904390,0
770,1,5,78904396,0
770,2,0,78904397,0
770,2,1,78910428,0
770,2,4,78911865,0
770,3,0,78911866,0
770,3,1,78917900,0
770,3,4,78919332,0
770,4,0,78919333,0
770,4,1,78925367,0
770,4,2,78926821,0
770,4,3,78928235,0
770,4,8,78929873,0
771,1,0,78985782,0
771,1,1,78991868,0
771,1,2,78993326,0
771,1,3,78994748,0
771,1,5,78994754,0
771,2,0,78994755,0
771,2,1,79000786,0
771,2,2,79002239,0
771,2,3,79003658,0
771,2,8,79005295,0
772,1,0,79047659,0
772,1,1,79053749,0
772,1,2,79055202,0
772,1,3,79056625,0
772,1,5,79056659,0
772,2,0,79056659,0
772,2,1,79062690,0
772,2,2,79064147,0
772,2,3,79065562,0
772,2,5,79065570,0
772,3,0,79065571,0
772,3,1,79071601,0
772,3,2,79073059,0
772,3,3,79074473,0
772,3,8,79076111,0
773,1,0,79129759,0
773,1,1,79135849,0
773,1,4,79137300,0
773,2,0,79137301,0
773,2,1,79143336,0
773,2,2,79144789,0
773,2,3,79146212,0
773,2,5,79146246,0
773,3,0,79146247,0
773,3,1,79152277,0
773,3,4,79153713,0
773,4,0,79153714,0
773,4,1,79159744,0
773,4,2,79161198,0
773,4,3,79162613,0
773,4,8,79164254,0
774,1,0,79220160,0
774,1,1,79226250,0
774,1,2,79227703,0
774,1,3,79229126,0
774,1,5,79229137,0
774,2,0,79229138,0
774,2,1,79235173,0
774,2,4,79236600,0
774,3,0,79236601,0
774,3,1,79242631,0
774,3,2,79244088,0
774,3,3,79245503,0
774,3,8,79247140,0
775,1,0,79296275,0
775,1,1,79302361,0
775,1,4,79303817,0
775,2,0,79303818,0
775,2,1,79309848,0
775,2,2,79311302,0
775,2,3,79312728,0
775,2,5,79312754,0
775,3,0,79312755,0
775,3,1,79318786,0
775,3,4,79320217,0
775,4,0,79320218,0
775,4,1,79326252,0
775,4,4,79327700,0
775,5,0,79327700,0
775,5,1,79333735,0
775,5,2,79335188,0
775,5,3,79336603,0
775,5,5,79336605,0
775,6,0,79336606,0
775,6,1,79342636,0
775,6,4,79344088,0
775,7,0,79344089,0
775,7,1,79350120,0
775,7,4,79351554,0
775,8,0,79351554,0
775,8,1,79357589,0
775,8,4,79359016,0
775,9,0,79359016,0
775,9,1,79365051,0
775,9,2,79366505,0
775,9,3,79367919,0
775,9,8,79369557,0
776,1,0,79463834,0
776,1,1,79469920,0
776,1,4,79471365,0
776,2,0,79471365,0
776,2,1,79477400,0
776,2,2,79478853,0
776,2,3,79480276,0
776,2,8,79481913,0
777,1,0,79519767,0
777,1,1,79525857,0
777,1,4,79527300,0
777,2,0,79527301,0
777,2,1,79533335,0
777,2,2,79534789,0
777,2,3,79536211,0
777,2,8,79537849,0
778,1,0,79575698,0
778,1,1,79581784,0
778,1,2,79583242,0
778,1,3,79584664,0
778,1,5,79584679,0
778,2,0,79584680,0
778,2,1,79590710,0
778,2,2,79592164,0
778,2,3,79593583,0
778,2,8,79595220,0
779,1,0,79637584,0
779,1,1,79643673,0
779,1,4,79645088,0
779,2,0,79645089,0
779,2,1,79651120,0
779,2,2,79652573,0
779,2,3,79654000,0
779,2,5,79654026,0
779,3,0,79654027,0
779,3,1,79660057,0
779,3,2,79661511,0
779,3,3,79662930,0
779,3,8,79664567,0
780,1,0,79713717,0
780,1,1,79719815,0
780,1,2,79721268,0
780,1,3,79722691,0
780,1,8,79724332,0
781,1,0,79755424,0
781,1,1,79761510,0
781,1,2,79762968,0
781,1,3,79764390,0
781,1,8,79766028,0
782,1,0,79797106,0
782,1,1,79803196,0
782,1,2,79804649,0
782,1,3,79806072,0
782,1,5,79806089,0
782,2,0,79806090,0
782,2,1,79812121,0
782,2,4,79813541,0
782,3,0,79813542,0
782,3,1,79819573,0
782,3,4,79821015,0
782,4,0,79821016,0
782,4,1,79827050,0
782,4,4,79828489,0
782,5,0,79828490,0
782,5,1,79834524,0
782,5,2,79835978,0
782,5,3,79837393,0
782,5,5,79837429,0
782,6,0,79837430,0
782,6,1,79843465,0
782,6,4,79844883,0
782,7,0,79844883,0
782,7,1,79850914,0
782,7,4,79852335,0
782,8,0,79852336,0
782,8,1,79858370,0
782,8,4,79859805,0
782,9,0,79859806,0
782,9,1,79865841,0
782,9,2,79867294,0
782,9,3,79868709,0
782,9,5,79868725,0
782,10,0,79868726,0
782,10,1,79874760,0
782,10,4,79876188,0
782,11,0,79876189,0
782,11,1,79882220,0
782,11,2,79883677,0
782,11,3,79885092,0
782,11,8,79886729,0
783,1,0,79999927,0
783,1,1,80006016,0
783,1,2,80007470,0
783,1,3,80008892,0
783,1,5,80008908,0
783,2,0,80008909,0
783,2,1,80014944,0
783,2,2,80016397,0
783,2,3,80017812,0
783,2,8,80019449,0
784,1,0,80061817,0
784,1,1,80067907,0
784,1,2,80069360,0
784,1,3,80070783,0
784,1,5,80070788,0
784,2,0,80070789,0
784,2,1,80076824,0
784,2,4,80078265,0
784,3,0,80078265,0
784,3,1,80084300,0
784,3,4,80085739,0
784,4,0,80085740,0
784,4,1,80091771,0
784,4,2,80093228,0
784,4,3,80094643,0
784,4,5,80094658,0
784,5,0,80094659,0
784,5,1,80100689,0
784,5,4,80102138,0
784,6,0,80102139,0
784,6,1,80108173,0
784,6,2,80109627,0
784,6,3,80111041,0
784,6,5,80111046,0
784,7,0,80111046,0
784,7,1,80117081,0
784,7,2,80118534,0
784,7,3,80119949,0
784,7,5,80119968,0
784,8,0,80119969,0
784,8,1,80126003,0
784,8,2,80127457,0
784,8,3,80128871,0
784,8,8,80130509,0
785,1,0,80227043,0
785,1,1,80233133,0
785,1,4,80234557,0
785,2,0,80234557,0
785,2,1,80240588,0
785,2,4,80242034,0
785,3,0,80242035,0
785,3,1,80248069,0
785,3,2,80249523,0
785,3,3,80250945,0
785,3,5,80250949,0
785,4,0,80250950,0
785,4,1,80256984,0
785,4,2,80258438,0
785,4,3,80259853,0
785,4,5,80259872,0
785,5,0,80259873,0
785,5,1,80265908,0
785,5,4,80267361,0
785,6,0,80267362,0
785,6,1,80273396,0
785,6,4,80274840,0
785,7,0,80274841,0
785,7,1,80280871,0
785,7,4,80282304,0
785,8,0,80282304,0
785,8,1,80288339,0
785,8,2,80289792,0
785,8,3,80291207,0
785,8,5,80291230,0
785,9,0,80291231,0
785,9,1,80297266,0
785,9,2,80298720,0
785,9,3,80300134,0
785,9,5,80300152,0
785,10,0,80300153,0
785,10,1,80306187,0
785,10,4,80307605,0
785,11,0,80307606,0
785,11,1,80313640,0
785,11,2,80315093,0
785,11,3,80316508,0
785,11,8,80318145,0
786,1,0,80435855,0
786,1,1,80441941,0
786,1,2,80443399,0
786,1,3,80444821,0
786,1,5,80444826,0
786,2,0,80444826,0
786,2,1,80450857,0
786,2,4,80452300,0
786,3,0,80452301,0
786,3,1,80458336,0
786,3,4,80459752,0
786,4,0,80459753,0
786,4,1,80465788,0
786,4,4,80467208,0
786,5,0,80467209,0
786,5,1,80473243,0
786,5,2,80474697,0
786,5,3,80476111,0
786,5,5,80476122,0
786,6,0,80476123,0
786,6,1,80482153,0
786,6,4,80483587,0
786,7,0,80483587,0
786,7,1,80489618,0
786,7,4,80491071,0
786,8,0,80491072,0
786,8,1,80497106,0
786,8,2,80498559,0
786,8,3,80499974,0
786,8,5,80500004,0
786,9,0,80500005,0
786,9,1,80506040,0
786,9,2,80507494,0
786,9,3,80508908,0
786,9,8,80510546,0
787,1,0,80609336,0
787,1,1,80615425,0
787,1,2,80616879,0
787,1,3,80618302,0
787,1,5,80618332,0
787,2,0,80618333,0
787,2,1,80624367,0
787,2,4,80625817,0
787,3,0,80625818,0
787,3,1,80631849,0
787,3,2,80633306,0
787,3,3,80634721,0
787,3,5,80634740,0
787,4,0,80634741,0
787,4,1,80640771,0
787,4,4,80642190,0
787,5,0,80642191,0
787,5,1,80648225,0
787,5,2,80649679,0
787,5,3,80651094,0
787,5,5,80651096,0
787,6,0,80651097,0
787,6,1,80657132,0
787,6,2,80658585,0
787,6,3,80660000,0
787,6,5,80660019,0
787,7,0,80660020,0
787,7,1,80666055,0
787,7,2,80667509,0
787,7,3,80668923,0
787,7,5,80668926,0
787,8,0,80668927,0
787,8,1,80674962,0
787,8,4,80676395,0
787,9,0,80676396,0
787,9,1,80682427,0
787,9,2,80683885,0
787,9,3,80685299,0
787,9,8,80686937,0
788,1,0,80794751,0
788,1,1,80800837,0
788,1,4,80802277,0
788,2,0,80802278,0
788,2,1,80808313,0
788,2,2,80809766,0
788,2,3,80811189,0
788,2,8,80812830,0
789,1,0,80850680,0
789,1,1,80856770,0
789,1,2,80858223,0
789,1,3,80859646,0
789,1,5,80859649,0
789,2,0,80859650,0
789,2,1,80865685,0
789,2,4,80867135,0
789,3,0,80867136,0
789,3,1,80873170,0
789,3,4,80874620,0
789,4,0,80874621,0
789,4,1,80880652,0
789,4,2,80882105,0
789,4,3,80883524,0
789,4,8,80885161,0
790,1,0,80941078,0
790,1,1,80947180,0
790,1,2,80948634,0
790,1,3,80950056,0
790,1,8,80951694,0
791,1,0,80982804,0
791,1,1,80988902,0
791,1,2,80990356,0
791,1,3,80991778,0
791,1,8,80993420,0
792,1,0,81024515,0
792,1,1,81030601,0
792,1,4,81032036,0
792,2,0,81032037,0
792,2,1,81038071,0
792,2,2,81039525,0
792,2,3,81040947,0
792,2,5,81040983,0
792,3,0,81040984,0
792,3,1,81047018,0
792,3,4,81048437,0
792,4,0,81048438,0
792,4,1,81054473,0
792,4,4,81055894,0
792,5,0,81055895,0
792,5,1,81061925,0
792,5,4,81063375,0
792,6,0,81063376,0
792,6,1,81069407,0
792,6,2,81070860,0
792,6,3,81072275,0
792,6,8,81073916,0
793,1,0,81143368,0
793,1,1,81149454,0
793,1,4,81150895,0
793,2,0,81150896,0
793,2,1,81156931,0
793,2,4,81158379,0
793,3,0,81158379,0
793,3,1,81164414,0
793,3,2,81165868,0
793,3,3,81167290,0
793,3,7,81168927,0
793,4,0,81168928,0
793,4,1,81174963,0
793,4,4,81176413,0
793,5,0,81176414,0
793,5,1,81182444,0
793,5,2,81183902,0
793,5,3,81185316,0
793,5,5,81185334,0
793,6,0,81185335,0
793,6,1,81191366,0
793,6,2,81192823,0
793,6,3,81194238,0
793,6,5,81194273,0
793,7,0,81194274,0
793,7,1,81200305,0
793,7,2,81201758,0
793,7,3,81203177,0
793,7,8,81204810,0
794,1,0,81290055,0
794,1,1,81296145,0
794,1,4,81297567,0
794,2,0,81297568,0
794,2,1,81303602,0
794,2,2,81305056,0
794,2,3,81306478,0
794,2,5,81306515,0
794,3,0,81306515,0
794,3,1,81312546,0
794,3,2,81314003,0
794,3,3,81315418,0
794,3,8,81317055,0
795,1,0,81366190,0
795,1,1,81372276,0
795,1,4,81373723,0
795,2,0,81373724,0
795,2,1,81379754,0
795,2,2,81381208,0
795,2,3,81382630,0
795,2,8,81384272,0
796,1,0,81422121,0
796,1,1,81428211,0
796,1,2,81429665,0
796,1,3,81431087,0
796,1,8,81432728,0
797,1,0,81463808,0
797,1,1,81469894,0
797,1,4,81471334,0
797,2,0,81471335,0
797,2,1,81477369,0
797,2,4,81478808,0
797,3,0,81478809,0
797,3,1,81484844,0
797,3,2,81486297,0
797,3,3,81487720,0
797,3,5,81487721,0
797,4,0,81487722,0
797,4,1,81493757,0
797,4,4,81495179,0
797,5,0,81495180,0
797,5,1,81501210,0
797,5,4,81502629,0
797,6,0,81502630,0
797,6,1,81508664,0
797,6,2,81510118,0
797,6,3,81511533,0
797,6,5,81511551,0
797,7,0,81511552,0
797,7,1,81517586,0
797,7,2,81519039,0
797,7,3,81520454,0
797,7,5,81520461,0
797,8,0,81520461,0
797,8,1,81526496,0
797,8,2,81527949,0
797,8,3,81529364,0
797,8,5,81529380,0
797,9,0,81529381,0
797,9,1,81535415,0
797,9,4,81536838,0
797,10,0,81536838,0
797,10,1,81542873,0
797,10,4,81544305,0
797,11,0,81544306,0
797,11,1,81550336,0
797,11,4,81551761,0
797,12,0,81551762,0
797,12,1,81557797,0
797,12,2,81559250,0
797,12,3,81560665,0
797,12,8,81562302,0
798,1,0,81687048,0
798,1,1,81693137,0
798,1,2,81694591,0
798,1,3,81696013,0
798,1,8,81697651,0
799,1,0,81728742,0
799,1,1,81734844,0
799,1,2,81736297,0
799,1,3,81737720,0
799,1,8,81739357,0
800,1,0,81770452,0
800,1,1,81776542,0
800,1,4,81777991,0
800,2,0,81777992,0
800,2,1,81784027,0
800,2,2,81785481,0
800,2,3,81786903,0
800,2,8,81788540,0
801,1,0,81826406,0
801,1,1,81832504,0
801,1,4,81833947,0
801,2,0,81833948,0
801,2,1,81839978,0
801,2,2,81841432,0
801,2,3,81842858,0
801,2,8,81844496,0
802,1,0,81882357,0
802,1,1,81888447,0
802,1,2,81889901,0
802,1,3,81891323,0
802,1,8,81892964,0
803,1,0,81924044,0
803,1,1,81930130,0
803,1,2,81931583,0
803,1,3,81933010,0
803,1,8,81934648,0
804,1,0,81965738,0
804,1,1,81971836,0
804,1,2,81973294,0
804,1,3,81974716,0
804,1,8,81976353,0
805,1,0,82007444,0
805,1,1,82013534,0
805,1,4,82014967,0
805,2,0,82014968,0
805,2,1,82020999,0
805,2,2,82022452,0
805,2,3,82023879,0
805,2,5,82023881,0
805,3,0,82023882,0
805,3,1,82029912,0
805,3,4,82031341,0
805,4,0,82031342,0
805,4,1,82037376,0
805,4,2,82038830,0
805,4,3,82040244,0
805,4,8,82041882,0
806,1,0,82097792,0
806,1,1,82103881,0
806,1,2,82105335,0
806,1,3,82106757,0
806,1,5,82106784,0
806,2,0,82106784,0
806,2,1,82112819,0
806,2,4,82114261,0
806,3,0,82114262,0
806,3,1,82120292,0
806,3,4,82121740,0
806,4,0,82121741,0
806,4,1,82127775,0
806,4,4,82129225,0
806,5,0,82129226,0
806,5,1,82135261,0
806,5,2,82136714,0
806,5,3,82138129,0
806,5,5,82138158,0
806,6,0,82138159,0
806,6,1,82144194,0
806,6,2,82145647,0
806,6,3,82147062,0
806,6,8,82148699,0
807,1,0,82222663,0
807,1,1,82228753,0
807,1,2,82230207,0
807,1,3,82231629,0
807,1,5,82231642,0
807,2,0,82231643,0
807,2,1,82237677,0
807,2,2,82239131,0
807,2,3,82240546,0
807,2,8,82242183,0
808,1,0,82284551,0
808,1,1,82290637,0
808,1,2,82292090,0
808,1,3,82293517,0
808,1,5,82293531,0
808,2,0,82293532,0
808,2,1,82299562,0
808,2,2,82301016,0
808,2,3,82302430,0
808,2,5,82302454,0
808,3,0,82302454,0
808,3,1,82308489,0
808,3,4,82309917,0
808,4,0,82309918,0
808,4,1,82315953,0
808,4,4,82317375,0
808,5,0,82317376,0
808,5,1,82323411,0
808,5,2,82324864,0
808,5,3,82326279,0
808,5,5,82326285,0
808,6,0,82326285,0
808,6,1,82332316,0
808,6,2,82333773,0
808,6,3,82335188,0
808,6,5,82335209,0
808,7,0,82335210,0
808,7,1,82341240,0
808,7,4,82342667,0
808,8,0,82342668,0
808,8,1,82348703,0
808,8,4,82350118,0
808,9,0,82350119,0
808,9,1,82356153,0
808,9,4,82357604,0
808,10,0,82357605,0
808,10,1,82363639,0
808,10,4,82365069,0
808,11,0,82365070,0
808,11,1,82371100,0
808,11,2,82372554,0
808,11,3,82373972,0
808,11,5,82373989,0
808,12,0,82373990,0
808,12,1,82380020,0
808,12,2,82381474,0
808,12,3,82382893,0
808,12,8,82384530,0
809,1,0,82513959,0
809,1,1,82520045,0
809,1,2,82521499,0
809,1,3,82522926,0
809,1,8,82524563,0
810,1,0,82555642,0
810,1,1,82561728,0
810,1,4,82563156,0
810,2,0,82563156,0
810,2,1,82569187,0
810,2,2,82570641,0
810,2,3,82572063,0
810,2,5,82572069,0
810,3,0,82572070,0
810,3,1,82578104,0
810,3,4,82579541,0
810,4,0,82579542,0
810,4,1,82585577,0
810,4,2,82587030,0
810,4,3,82588445,0
810,4,5,82588476,0
810,5,0,82588476,0
810,5,1,82594511,0
810,5,2,82595965,0
810,5,3,82597380,0
810,5,8,82599017,0
811,1,0,82666211,0
811,1,1,82672297,0
811,1,2,82673755,0
811,1,3,82675177,0
811,1,5,82675180,0
811,2,0,82675181,0
811,2,1,82681212,0
811,2,2,82682665,0
811,2,3,82684084,0
811,2,5,82684092,0
811,3,0,82684093,0
811,3,1,82690123,0
811,3,2,82691577,0
811,3,3,82692996,0
811,3,5,82693004,0
811,4,0,82693005,0
811,4,1,82699035,0
811,4,2,82700489,0
811,4,3,82701904,0
811,4,5,82701918,0
811,5,0,82701919,0
811,5,1,82707954,0
811,5,4,82709397,0
811,6,0,82709398,0
811,6,1,82715432,0
811,6,2,82716886,0
811,6,3,82718301,0
811,6,5,82718305,0
811,7,0,82718306,0
811,7,1,82724341,0
811,7,2,82725794,0
811,7,3,82727209,0
811,7,8,82728846,0
812,1,0,82823128,0
812,1,1,82829214,0
812,1,2,82830667,0
812,1,3,82832090,0
812,1,5,82832108,0
812,2,0,82832109,0
812,2,1,82838144,0
812,2,2,82839597,0
812,2,3,82841012,0
812,2,8,82842649,0
813,1,0,82885017,0
813,1,1,82891103,0
813,1,4,82892530,0
813,2,0,82892531,0
813,2,1,82898565,0
813,2,4,82899984,0
813,3,0,82899985,0
813,3,1,82906020,0
813,3,2,82907473,0
813,3,3,82908896,0
813,3,8,82910533,0
814,1,0,82955158,0
814,1,1,82961244,0
814,1,2,82962701,0
814,1,3,82964124,0
814,1,8,82965761,0
815,1,0,82996842,0
815,1,1,83002932,0
815,1,4,83004360,0
815,2,0,83004360,0
815,2,1,83010391,0
815,2,4,83011824,0
815,3,0,83011824,0
815,3,1,83017859,0
815,3,4,83019275,0
815,4,0,83019276,0
815,4,1,83025311,0
815,4,4,83026743,0
815,5,0,83026744,0
815,5,1,83032778,0
815,5,2,83034232,0
815,5,3,83035655,0
815,5,5,83035669,0
815,6,0,83035670,0
815,6,1,83041700,0
815,6,4,83043122,0
815,7,0,83043123,0
815,7,1,83049153,0
815,7,2,83050607,0
815,7,3,83052022,0
815,7,8,83053664,0
816,1,0,83129880,0
816,1,1,83135970,0
816,1,2,83137424,0
816,1,3,83138846,0
816,1,5,83138874,0
816,2,0,83138875,0
816,2,1,83144910,0
816,2,4,83146353,0
816,3,0,83146353,0
816,3,1,83152384,0
816,3,2,83153841,0
816,3,3,83155256,0
816,3,8,83156893,0
817,1,0,83206028,0
817,1,1,83212113,0
817,1,4,83213540,0
817,2,0,83213541,0
817,2,1,83219571,0
817,2,2,83221025,0
817,2,3,83222448,0
817,2,8,83224089,0
818,1,0,83261939,0
818,1,1,83268029,0
818,1,4,83269468,0
818,2,0,83269468,0
818,2,1,83275503,0
818,2,2,83276957,0
818,2,3,83278379,0
818,2,5,83278395,0
818,3,0,83278396,0
818,3,1,83284431,0
818,3,2,83285884,0
818,3,3,83287299,0
818,3,8,83288936,0
819,1,0,83338075,0
819,1,1,83344165,0
819,1,2,83345618,0
819,1,3,83347041,0
819,1,5,83347060,0
819,2,0,83347061,0
819,2,1,83353095,0
819,2,2,83354549,0
819,2,3,83355964,0
819,2,5,83355968,0
819,3,0,83355969,0
819,3,1,83361999,0
819,3,4,83363448,0
819,4,0,83363449,0
819,4,1,83369479,0
819,4,2,83370933,0
819,4,3,83372347,0
819,4,5,83372350,0
819,5,0,83372351,0
819,5,1,83378385,0
819,5,2,83379839,0
819,5,3,83381253,0
819,5,5,83381257,0
819,6,0,83381258,0
819,6,1,83387292,0
819,6,2,83388746,0
819,6,3,83390161,0
819,6,8,83391798,0
820,1,0,83474790,0
820,1,1,83480876,0
820,1,4,83482315,0
820,2,0,83482316,0
820,2,1,83488350,0
820,2,4,83489783,0
820,3,0,83489784,0
820,3,1,83495818,0
820,3,4,83497264,0
820,4,0,83497265,0
820,4,1,83503299,0
820,4,4,83504732,0
820,5,0,83504733,0
820,5,1,83510763,0
820,5,4,83512188,0
820,6,0,83512189,0
820,6,1,83518224,0
820,6,4,83519639,0
820,7,0,83519640,0
820,7,1,83525674,0
820,7,2,83527128,0
820,7,3,83528550,0
820,7,5,83528569,0
820,8,0,83528570,0
820,8,1,83534605,0
820,8,2,83536058,0
820,8,3,83537473,0
820,8,5,83537477,0
820,9,0,83537478,0
820,9,1,83543512,0
820,9,2,83544965,0
820,9,3,83546380,0
820,9,5,83546399,0
820,10,0,83546400,0
820,10,1,83552431,0
820,10,4,83553850,0
820,11,0,83553851,0
820,11,1,83559882,0
820,11,2,83561335,0
820,11,3,83562754,0
820,11,5,83562769,0
820,12,0,83562770,0
820,12,1,83568801,0
820,12,2,83570254,0
820,12,3,83571669,0
820,12,5,83571688,0
820,13,0,83571689,0
820,13,1,83577723,0
820,13,2,83579177,0
820,13,3,83580592,0
820,13,8,83582229,0
821,1,0,83718866,0
821,1,1,83724956,0
821,1,2,83726409,0
821,1,3,83727832,0
821,1,5,83727847,0
821,2,0,83727848,0
821,2,1,83733883,0
821,2,4,83735314,0
821,3,0,83735315,0
821,3,1,83741345,0
821,3,4,83742770,0
821,4,0,83742771,0
821,4,1,83748801,0
821,4,2,83750255,0
821,4,3,83751670,0
821,4,5,83751694,0
821,5,0,83751695,0
821,5,1,83757729,0
821,5,4,83759181,0
821,6,0,83759182,0
821,6,1,83765216,0
821,6,2,83766670,0
821,6,3,83768085,0
821,6,8,83769722,0
822,1,0,83843691,0
822,1,1,83849777,0
822,1,2,83851230,0
822,1,3,83852653,0
822,1,5,83852671,0
822,2,0,83852672,0
822,2,1,83858707,0
822,2,2,83860160,0
822,2,3,83861575,0
822,2,8,83863216,0
823,1,0,83905580,0
823,1,1,83911666,0
823,1,2,83913124,0
823,1,3,83914546,0
823,1,5,83914579,0
823,2,0,83914580,0
823,2,1,83920611,0
823,2,4,83922027,0
823,3,0,83922028,0
823,3,1,83928062,0
823,3,4,83929486,0
823,4,0,83929486,0
823,4,1,83935521,0
823,4,2,83936974,0
823,4,3,83938389,0
823,4,8,83940026,0
824,1,0,83995952,0
824,1,1,84002050,0
824,1,2,84003507,0
824,1,3,84004930,0
824,1,8,84006567,0
825,1,0,84037659,0
825,1,1,84043749,0
825,1,4,84045198,0
825,2,0,84045198,0
825,2,1,84051229,0
825,2,2,84052682,0
825,2,3,84054109,0
825,2,5,84054128,0
825,3,0,84054129,0
825,3,1,84060159,0
825,3,2,84061613,0
825,3,3,84063032,0
825,3,8,84064669,0
826,1,0,84113816,0
826,1,1,84119914,0
826,1,2,84121367,0
826,1,3,84122794,0
826,1,5,84122808,0
826,2,0,84122809,0
826,2,1,84128839,0
826,2,2,84130293,0
826,2,3,84131707,0
826,2,5,84131710,0
826,3,0,84131711,0
826,3,1,84137745,0
826,3,2,84139199,0
826,3,3,84140613,0
826,3,8,84142251,0
827,1,0,84195927,0
827,1,1,84202025,0
827,1,4,84203480,0
827,2,0,84203481,0
827,2,1,84209512,0
827,2,2,84210965,0
827,2,3,84212388,0
827,2,5,84212421,0
827,3,0,84212422,0
827,3,1,84218456,0
827,3,4,84219892,0
827,4,0,84219893,0
827,4,1,84225928,0
827,4,2,84227381,0
827,4,3,84228796,0
827,4,5,84228813,0
827,5,0,84228814,0
827,5,1,84234849,0
827,5,2,84236302,0
827,5,3,84237717,0
827,5,8,84239354,0
828,1,0,84306560,0
828,1,1,84312645,0
828,1,4,84314077,0
828,2,0,84314078,0
828,2,1,84320109,0
828,2,4,84321538,0
828,3,0,84321539,0
828,3,1,84327573,0
828,3,2,84329027,0
828,3,3,84330449,0
828,3,8,84332087,0
829,1,0,84376711,0
829,1,1,84382801,0
829,1,2,84384254,0
829,1,3,84385677,0
829,1,5,84385682,0
829,2,0,84385683,0
829,2,1,84391713,0
829,2,2,84393171,0
829,2,3,84394586,0
829,2,8,84396223,0
830,1,0,84438599,0
830,1,1,84444701,0
830,1,2,84446155,0
830,1,3,84447577,0
830,1,5,84447593,0
830,2,0,84447593,0
830,2,1,84453628,0
830,2,4,84455047,0
830,3,0,84455048,0
830,3,1,84461079,0
830,3,4,84462524,0
830,4,0,84462525,0
830,4,1,84468559,0
830,4,2,84470012,0
830,4,3,84471427,0
830,4,8,84473069,0
831,1,0,84528986,0
831,1,1,84535076,0
831,1,4,84536512,0
831,2,0,84536513,0
831,2,1,84542543,0
831,2,4,84543988,0
831,3,0,84543989,0
831,3,1,84550020,0
831,3,4,84551470,0
831,4,0,84551471,0
831,4,1,84557505,0
831,4,4,84558920,0
831,5,0,84558921,0
831,5,1,84564955,0
831,5,2,84566409,0
831,5,3,84567832,0
831,5,8,84569469,0
832,1,0,84627635,0
832,1,1,84633725,0
832,1,4,84635146,0
832,2,0,84635146,0
832,2,1,84641177,0
832,2,4,84642616,0
832,3,0,84642617,0
832,3,1,84648651,0
832,3,4,84650084,0
832,4,0,84650085,0
832,4,1,84656120,0
832,4,2,84657573,0
832,4,3,84658996,0
832,4,5,84659003,0
832,5,0,84659004,0
832,5,1,84665038,0
832,5,4,84666467,0
832,6,0,84666468,0
832,6,1,84672498,0
832,6,2,84673956,0
832,6,3,84675370,0
832,6,8,84677008,0
833,1,0,84746455,0
833,1,1,84752540,0
833,1,2,84753998,0
833,1,3,84755420,0
833,1,5,84755424,0
833,2,0,84755425,0
833,2,1,84761456,0
833,2,2,84762913,0
833,2,3,84764328,0
833,2,8,84765965,0
834,1,0,84808329,0
834,1,1,84814419,0
834,1,4,84815871,0
834,2,0,84815872,0
834,2,1,84821903,0
834,2,4,84823353,0
834,3,0,84823354,0
834,3,1,84829384,0
834,3,4,84830838,0
834,4,0,84830838,0
834,4,1,84836873,0
834,4,4,84838296,0
834,5,0,84838297,0
834,5,1,84844332,0
834,5,4,84845750,0
834,6,0,84845751,0
834,6,1,84851782,0
834,6,2,84853239,0
834,6,3,84854662,0
834,6,8,84856299,0
835,1,0,84921232,0
835,1,1,84927322,0
835,1,2,84928775,0
835,1,3,84930198,0
835,1,8,84931835,0
836,1,0,84962923,0
836,1,1,84969008,0
836,1,4,84970425,0
836,2,0,84970426,0
836,2,1,84976460,0
836,2,4,84977886,0
836,3,0,84977887,0
836,3,1,84983921,0
836,3,2,84985375,0
836,3,3,84986797,0
836,3,8,84988434,0
837,1,0,85033075,0
837,1,1,85039173,0
837,1,4,85040611,0
837,2,0,85040612,0
837,2,1,85046647,0
837,2,4,85048086,0
837,3,0,85048087,0
837,3,1,85054122,0
837,3,4,85055570,0
837,4,0,85055571,0
837,4,1,85061602,0
837,4,2,85063059,0
837,4,3,85064482,0
837,4,5,85064492,0
837,5,0,85064492,0
837,5,1,85070523,0
837,5,2,85071976,0
837,5,3,85073395,0
837,5,8,85075033,0
838,1,0,85137720,0
838,1,1,85143810,0
838,1,2,85145264,0
838,1,3,85146686,0
838,1,5,85146718,0
838,2,0,85146719,0
838,2,1,85152753,0
838,2,2,85154207,0
838,2,3,85155622,0
838,2,5,85155656,0
838,3,0,85155657,0
838,3,1,85161687,0
838,3,2,85163145,0
838,3,3,85164560,0
838,3,8,85166197,0
839,1,0,85219846,0
839,1,1,85225936,0
839,1,2,85227389,0
839,1,3,85228812,0
839,1,8,85230449,0
840,1,0,85261533,0
840,1,1,85267623,0
840,1,4,85269067,0
840,2,0,85269068,0
840,2,1,85275103,0
840,2,2,85276556,0
840,2,3,85277979,0
840,2,5,85278016,0
840,3,0,85278016,0
840,3,1,85284052,0
840,3,4,85285485,0
840,4,0,85285485,0
840,4,1,85291516,0
840,4,2,85292974,0
840,4,3,85294388,0
840,4,5,85294421,0
840,5,0,85294421,0
840,5,1,85300452,0
840,5,4,85301899,0
840,6,0,85301900,0
840,6,1,85307934,0
840,6,2,85309388,0
840,6,3,85310802,0
840,6,5,85310830,0
840,7,0,85310830,0
840,7,1,85316865,0
840,7,4,85318307,0
840,8,0,85318308,0
840,8,1,85324342,0
840,8,4,85325759,0
840,9,0,85325760,0
840,9,1,85331790,0
840,9,2,85333248,0
840,9,3,85334663,0
840,9,5,85334691,0
840,10,0,85334692,0
840,10,1,85340722,0
840,10,2,85342176,0
840,10,3,85343595,0
840,10,5,85343627,0
840,11,0,85343628,0
840,11,1,85349658,0
840,11,2,85351112,0
840,11,3,85352526,0
840,11,8,85354168,0
841,1,0,85476566,0
841,1,1,85482652,0
841,1,2,85484109,0
841,1,3,85485532,0
841,1,5,85485537,0
841,2,0,85485538,0
841,2,1,85491568,0
841,2,2,85493026,0
841,2,3,85494440,0
841,2,5,85494455,0
841,3,0,85494456,0
841,3,1,85500486,0
841,3,2,85501940,0
841,3,3,85503359,0
841,3,5,85503363,0
841,4,0,85503364,0
841,4,1,85509394,0
841,4,2,85510848,0
841,4,3,85512262,0
841,4,8,85513904,0
842,1,0,85578838,0
842,1,1,85584927,0
842,1,4,85586349,0
842,2,0,85586349,0
842,2,1,85592380,0
842,2,2,85593837,0
842,2,3,85595260,0
842,2,5,85595284,0
842,3,0,85595285,0
842,3,1,85601315,0
842,3,4,85602764,0
842,4,0,85602765,0
842,4,1,85608795,0
842,4,2,85610249,0
842,4,3,85611664,0
842,4,8,85613305,0
843,1,0,85669211,0
843,1,1,85675301,0
843,1,2,85676755,0
843,1,3,85678177,0
843,1,5,85678201,0
843,2,0,85678202,0
843,2,1,85684236,0
843,2,4,85685672,0
843,3,0,85685673,0
843,3,1,85691704,0
843,3,4,85693158,0
843,4,0,85693159,0
843,4,1,85699190,0
843,4,2,85700643,0
843,4,3,85702058,0
843,4,5,85702068,0
843,5,0,85702069,0
843,5,1,85708103,0
843,5,2,85709557,0
843,5,3,85710972,0
843,5,5,85710978,0
843,6,0,85710979,0
843,6,1,85717014,0
843,6,2,85718467,0
843,6,3,85719882,0
843,6,5,85719887,0
843,7,0,85719888,0
843,7,1,85725922,0
843,7,2,85727376,0
843,7,3,85728791,0
843,7,8,85730428,0
844,1,0,85820203,0
844,1,1,85826305,0
844,1,4,85827726,0
844,2,0,85827727,0
844,2,1,85833762,0
844,2,4,85835203,0
844,3,0,85835203,0
844,3,1,85841234,0
844,3,2,85842687,0
844,3,3,85844114,0
844,3,8,85845751,0
845,1,0,85890384,0
845,1,1,85896474,0
845,1,2,85897927,0
845,1,3,85899350,0
845,1,5,85899366,0
845,2,0,85899367,0
845,2,1,85905402,0
845,2,4,85906828,0
845,3,0,85906828,0
845,3,1,85912863,0
845,3,2,85914316,0
845,3,3,85915731,0
845,3,5,85915756,0
845,4,0,85915757,0
845,4,1,85921788,0
845,4,4,85923218,0
845,5,0,85923219,0
845,5,1,85929249,0
845,5,2,85930703,0
845,5,3,85932118,0
845,5,5,85932137,0
845,6,0,85932138,0
845,6,1,85938172,0
845,6,4,85939595,0
845,7,0,85939595,0
845,7,1,85945630,0
845,7,4,85947049,0
845,8,0,85947050,0
845,8,1,85953085,0
845,8,4,85954513,0
845,9,0,85954514,0
845,9,1,85960544,0
845,9,4,85961995,0
845,10,0,85961996,0
845,10,1,85968031,0
845,10,2,85969484,0
845,10,3,85970899,0
845,10,5,85970935,0
845,11,0,85970936,0
845,11,1,85976970,0
845,11,2,85978424,0
845,11,3,85979839,0
845,11,5,85979862,0
845,12,0,85979863,0
845,12,1,85985898,0
845,12,2,85987351,0
845,12,3,85988766,0
845,12,8,85990403,0
846,1,0,86120022,0
846,1,1,86126124,0
846,1,4,86127539,0
846,2,0,86127540,0
846,2,1,86133575,0
846,2,2,86135028,0
846,2,3,86136451,0
846,2,5,86136453,0
846,3,0,86136454,0
846,3,1,86142484,0
846,3,2,86143942,0
846,3,3,86145356,0
846,3,5,86145388,0
846,4,0,86145389,0
846,4,1,86151420,0
846,4,2,86152877,0
846,4,3,86154292,0
846,4,5,86154301,0
846,5,0,86154302,0
846,5,1,86160332,0
846,5,2,86161786,0
846,5,3,86163205,0
846,5,5,86163216,0
846,6,0,86163217,0
846,6,1,86169248,0
846,6,4,86170670,0
846,7,0,86170671,0
846,7,1,86176705,0
846,7,2,86178159,0
846,7,3,86179573,0
846,7,5,86179586,0
846,8,0,86179587,0
846,8,1,86185622,0
846,8,2,86187075,0
846,8,3,86188490,0
846,8,5,86188505,0
846,9,0,86188506,0
846,9,1,86194541,0
846,9,4,86195986,0
846,10,0,86195987,0
846,10,1,86202018,0
846,10,2,86203475,0
846,10,3,86204890,0
846,10,5,86204897,0
846,11,0,86204898,0
846,11,1,86210928,0
846,11,4,86212344,0
846,12,0,86212345,0
846,12,1,86218379,0
846,12,2,86219832,0
846,12,3,86221247,0
846,12,5,86221255,0
846,13,0,86221255,0
846,13,1,86227290,0
846,13,4,86228740,0
846,14,0,86228741,0
846,14,1,86234776,0
846,14,4,86236224,0
846,15,0,86236225,0
846,15,1,86242255,0
846,15,2,86243713,0
846,15,3,86245127,0
846,15,8,86246765,0
847,1,0,86411027,0
847,1,1,86417128,0
847,1,2,86418582,0
847,1,3,86420004,0
847,1,8,86421642,0
848,1,0,86452741,0
848,1,1,86458827,0
848,1,4,86460251,0
848,2,0,86460252,0
848,2,1,86466286,0
848,2,4,86467739,0
848,3,0,86467740,0
848,3,1,86473774,0
848,3,2,86475227,0
848,3,3,86476650,0
848,3,8,86478287,0
849,1,0,86522926,0
849,1,1,86529023,0
849,1,2,86530477,0
849,1,3,86531899,0
849,1,5,86531918,0
849,2,0,86531919,0
849,2,1,86537953,0
849,2,2,86539407,0
849,2,3,86540822,0
849,2,8,86542459,0
850,1,0,86584850,0
850,1,1,86590948,0
850,1,2,86592401,0
850,1,3,86593828,0
850,1,5,86593859,0
850,2,0,86593859,0
850,2,1,86599890,0
850,2,4,86601325,0
850,3,0,86601326,0
850,3,1,86607361,0
850,3,4,86608787,0
850,4,0,86608788,0
850,4,1,86614823,0
850,4,4,86616241,0
850,5,0,86616242,0
850,5,1,86622272,0
850,5,4,86623695,0
850,6,0,86623696,0
850,6,1,86629726,0
850,6,4,86631147,0
850,7,0,86631147,0
850,7,1,86637182,0
850,7,2,86638635,0
850,7,3,86640050,0
850,7,5,86640073,0
850,8,0,86640074,0
850,8,1,86646109,0
850,8,2,86647562,0
850,8,3,86648977,0
850,8,8,86650614,0
851,1,0,86738132,0
851,1,1,86744222,0
851,1,2,86745675,0
851,1,3,86747098,0
851,1,5,86747110,0
851,2,0,86747111,0
851,2,1,86753145,0
851,2,2,86754599,0
851,2,3,86756013,0
851,2,5,86756016,0
851,3,0,86756016,0
851,3,1,86762047,0
851,3,2,86763505,0
851,3,3,86764919,0
851,3,8,86766557,0
852,1,0,86820205,0
852,1,1,86826295,0
852,1,4,86827711,0
852,2,0,86827712,0
852,2,1,86833746,0
852,2,4,86835196,0
852,3,0,86835197,0
852,3,1,86841228,0
852,3,4,86842676,0
852,4,0,86842677,0
852,4,1,86848711,0
852,4,2,86850164,0
852,4,3,86851587,0
852,4,8,86853229,0
853,1,0,86904620,0
853,1,1,86910706,0
853,1,2,86912159,0
853,1,3,86913586,0
853,1,5,86913594,0
853,2,0,86913595,0
853,2,1,86919625,0
853,2,2,86921079,0
853,2,3,86922493,0
853,2,5,86922508,0
853,3,0,86922508,0
853,3,1,86928543,0
853,3,4,86929996,0
853,4,0,86929997,0
853,4,1,86936031,0
853,4,2,86937485,0
853,4,3,86938899,0
853,4,5,86938920,0
853,5,0,86938921,0
853,5,1,86944956,0
853,5,2,86946410,0
853,5,3,86947824,0
853,5,5,86947830,0
853,6,0,86947831,0
853,6,1,86953866,0
853,6,4,86955309,0
853,7,0,86955310,0
853,7,1,86961340,0
853,7,4,86962782,0
853,8,0,86962783,0
853,8,1,86968813,0
853,8,4,86970257,0
853,9,0,86970258,0
853,9,1,86976293,0
853,9,2,86977746,0
853,9,3,86979161,0
853,9,5,86979187,0
853,10,0,86979188,0
853,10,1,86985223,0
853,10,2,86986676,0
853,10,3,86988091,0
853,10,8,86989728,0
854,1,0,87104851,0
854,1,1,87110948,0
854,1,4,87112370,0
854,2,0,87112370,0
854,2,1,87118405,0
854,2,2,87119858,0
854,2,3,87121281,0
854,2,8,87122922,0
855,1,0,87160785,0
855,1,1,87166875,0
855,1,2,87168328,0
855,1,3,87169751,0
855,1,5,87169772,0
855,2,0,87169773,0
855,2,1,87175807,0
855,2,2,87177261,0
855,2,3,87178676,0
855,2,5,87178686,0
855,3,0,87178686,0
855,3,1,87184721,0
855,3,2,87186175,0
855,3,3,87187589,0
855,3,5,87187609,0
855,4,0,87187610,0
855,4,1,87193644,0
855,4,4,87195078,0
855,5,0,87195079,0
855,5,1,87201110,0
855,5,4,87202539,0
855,6,0,87202540,0
855,6,1,87208575,0
855,6,2,87210028,0
855,6,3,87211443,0
855,6,5,87211477,0
855,7,0,87211478,0
855,7,1,87217513,0
855,7,4,87218949,0
855,8,0,87218950,0
855,8,1,87224985,0
855,8,2,87226438,0
855,8,3,87227853,0
855,8,5,87227883,0
855,9,0,87227883,0
855,9,1,87233918,0
855,9,2,87235371,0
855,9,3,87236786,0
855,9,8,87238423,0
856,1,0,87346258,0
856,1,1,87352356,0
856,1,2,87353814,0
856,1,3,87355237,0
856,1,5,87355262,0
856,2,0,87355263,0
856,2,1,87361293,0
856,2,4,87362724,0
856,3,0,87362725,0
856,3,1,87368755,0
856,3,4,87370174,0
856,4,0,87370175,0
856,4,1,87376209,0
856,4,4,87377627,0
856,5,0,87377628,0
856,5,1,87383663,0
856,5,4,87385108,0
856,6,0,87385109,0
856,6,1,87391139,0
856,6,2,87392593,0
856,6,3,87394011,0
856,6,5,87394024,0
856,7,0,87394025,0
856,7,1,87400055,0
856,7,4,87401472,0
856,8,0,87401473,0
856,8,1,87407507,0
856,8,2,87408961,0
856,8,3,87410375,0
856,8,8,87412013,0
857,1,0,87499530,0
857,1,1,87505620,0
857,1,4,87507066,0
857,2,0,87507067,0
857,2,1,87513102,0
857,2,4,87514542,0
857,3,0,87514543,0
857,3,1,87520573,0
857,3,2,87522027,0
857,3,3,87523454,0
857,3,5,87523476,0
857,4,0,87523477,0
857,4,1,87529508,0
857,4,2,87530961,0
857,4,3,87532376,0
857,4,5,87532380,0
857,5,0,87532381,0
857,5,1,87538415,0
857,5,4,87539835,0
857,6,0,87539836,0
857,6,1,87545870,0
857,6,4,87547289,0
857,7,0,87547290,0
857,7,1,87553324,0
857,7,2,87554778,0
857,7,3,87556192,0
857,7,8,87557830,0
858,1,0,87638561,0
858,1,1,87644651,0
858,1,2,87646105,0
858,1,3,87647527,0
858,1,8,87649165,0
859,1,0,87680248,0
859,1,1,87686338,0
859,1,2,87687792,0
859,1,3,87689214,0
859,1,8,87690851,0
860,1,0,87721935,0
860,1,1,87728025,0
860,1,4,87729446,0
860,2,0,87729447,0
860,2,1,87735482,0
860,2,2,87736936,0
860,2,3,87738358,0
860,2,5,87738362,0
860,3,0,87738363,0
860,3,1,87744398,0
860,3,4,87745833,0
860,4,0,87745834,0
860,4,1,87751865,0
860,4,2,87753322,0
860,4,3,87754737,0
860,4,8,87756374,0
861,1,0,87812280,0
861,1,1,87818370,0
861,1,4,87819785,0
861,2,0,87819786,0
861,2,1,87825821,0
861,2,4,87827239,0
861,3,0,87827240,0
861,3,1,87833275,0
861,3,2,87834728,0
861,3,3,87836151,0
861,3,8,87837788,0
862,1,0,87882409,0
862,1,1,87888499,0
862,1,4,87889914,0
862,2,0,87889915,0
862,2,1,87895949,0
862,2,2,87897403,0
862,2,3,87898825,0
862,2,8,87900462,0
863,1,0,87938317,0
863,1,1,87944407,0
863,1,4,87945854,0
863,2,0,87945855,0
863,2,1,87951885,0
863,2,4,87953305,0
863,3,0,87953306,0
863,3,1,87959336,0
863,3,2,87960790,0
863,3,3,87962212,0
863,3,5,87962249,0
863,4,0,87962250,0
863,4,1,87968284,0
863,4,4,87969720,0
863,5,0,87969720,0
863,5,1,87975755,0
863,5,2,87977209,0
863,5,3,87978623,0
863,5,5,87978650,0
863,6,0,87978651,0
863,6,1,87984686,0
863,6,4,87986138,0
863,7,0,87986138,0
863,7,1,87992169,0
863,7,4,87993610,0
863,8,0,87993611,0
863,8,1,87999641,0
863,8,2,88001095,0
863,8,3,88002509,0
863,8,5,88002543,0
863,9,0,88002544,0
863,9,1,88008578,0
863,9,2,88010032,0
863,9,3,88011446,0
863,9,5,88011470,0
863,10,0,88011471,0
863,10,1,88017506,0
863,10,2,88018959,0
863,10,3,88020374,0
863,10,8,88022011,0
864,1,0,88132608,0
864,1,1,88138697,0
864,1,2,88140151,0
864,1,3,88141573,0
864,1,5,88141611,0
864,2,0,88141612,0
864,2,1,88147647,0
864,2,4,88149074,0
864,3,0,88149075,0
864,3,1,88155110,0
864,3,4,88156538,0
864,4,0,88156539,0
864,4,1,88162569,0
864,4,4,88163995,0
864,5,0,88163996,0
864,5,1,88170027,0
864,5,2,88171480,0
864,5,3,88172899,0
864,5,8,88174536,0
865,1,0,88237212,0
865,1,1,88243302,0
865,1,2,88244756,0
865,1,3,88246178,0
865,1,5,88246201,0
865,2,0,88246202,0
865,2,1,88252233,0
865,2,2,88253690,0
865,2,3,88255105,0
865,2,8,88256742,0
866,1,0,88299106,0
866,1,1,88305196,0
866,1,2,88306649,0
866,1,3,88308072,0
866,1,5,88308074,0
866,2,0,88308075,0
866,2,1,88314110,0
866,2,2,88315563,0
866,2,3,88316978,0
866,2,8,88318615,0
867,1,0,88360983,0
867,1,1,88367072,0
867,1,2,88368526,0
867,1,3,88369949,0
867,1,8,88371586,0
868,1,0,88402681,0
868,1,1,88408782,0
868,1,4,88410233,0
868,2,0,88410234,0
868,2,1,88416269,0
868,2,4,88417716,0
868,3,0,88417716,0
868,3,1,88423751,0
868,3,4,88425193,0
868,4,0,88425194,0
868,4,1,88431224,0
868,4,4,88432671,0
868,5,0,88432672,0
868,5,1,88438706,0
868,5,2,88440160,0
868,5,3,88441582,0
868,5,8,88443224,0
869,1,0,88501409,0
869,1,1,88507511,0
869,1,2,88508965,0
869,1,3,88510387,0
869,1,8,88512025,0
870,1,0,88543124,0
870,1,1,88549209,0
870,1,2,88550663,0
870,1,3,88552086,0
870,1,8,88553727,0
871,1,0,88584806,0
871,1,1,88590892,0
871,1,4,88592320,0
871,2,0,88592321,0
871,2,1,88598355,0
871,2,4,88599801,0
871,3,0,88599802,0
871,3,1,88605836,0
871,3,2,88607290,0
871,3,3,88608712,0
871,3,8,88610350,0
872,1,0,88654975,0
872,1,1,88661061,0
872,1,2,88662514,0
872,1,3,88663941,0
872,1,5,88663954,0
872,2,0,88663955,0
872,2,1,88669985,0
872,2,4,88671427,0
872,3,0,88671428,0
872,3,1,88677463,0
872,3,4,88678887,0
872,4,0,88678888,0
872,4,1,88684923,0
872,4,2,88686376,0
872,4,3,88687791,0
872,4,8,88689428,0
873,1,0,88745338,0
873,1,1,88751423,0
873,1,4,88752842,0
873,2,0,88752843,0
873,2,1,88758874,0
873,2,4,88760303,0
873,3,0,88760304,0
873,3,1,88766339,0
873,3,4,88767768,0
873,4,0,88767769,0
873,4,1,88773803,0
873,4,4,88775239,0
873,5,0,88775240,0
873,5,1,88781271,0
873,5,4,88782699,0
873,6,0,88782700,0
873,6,1,88788731,0
873,6,4,88790163,0
873,7,0,88790164,0
873,7,1,88796199,0
873,7,4,88797622,0
873,8,0,88797623,0
873,8,1,88803657,0
873,8,4,88805104,0
873,9,0,88805105,0
873,9,1,88811136,0
873,9,4,88812587,0
873,10,0,88812588,0
873,10,1,88818623,0
873,10,2,88820076,0
873,10,3,88821499,0
873,10,8,88823140,0
874,1,0,88915677,0
874,1,1,88921763,0
874,1,2,88923220,0
874,1,3,88924643,0
874,1,5,88924672,0
874,2,0,88924673,0
874,2,1,88930703,0
874,2,4,88932132,0
874,3,0,88932133,0
874,3,1,88938167,0
874,3,4,88939611,0
874,4,0,88939612,0
874,4,1,88945646,0
874,4,4,88947094,0
874,5,0,88947094,0
874,5,1,88953129,0
874,5,4,88954567,0
874,6,0,88954568,0
874,6,1,88960599,0
874,6,4,88962037,0
874,7,0,88962037,0
874,7,1,88968072,0
874,7,4,88969488,0
874,8,0,88969489,0
874,8,1,88975523,0
874,8,2,88976977,0
874,8,3,88978392,0
874,8,5,88978397,0
874,9,0,88978398,0
874,9,1,88984433,0
874,9,4,88985861,0
874,10,0,88985862,0
874,10,1,88991892,0
874,10,2,88993350,0
874,10,3,88994765,0
874,10,5,88994797,0
874,11,0,88994798,0
874,11,1,89000829,0
874,11,4,89002282,0
874,12,0,89002282,0
874,12,1,89008317,0
874,12,2,89009770,0
874,12,3,89011185,0
874,12,8,89012826,0
875,1,0,89133232,0
875,1,1,89139318,0
875,1,4,89140744,0
875,2,0,89140745,0
875,2,1,89146780,0
875,2,2,89148233,0
875,2,3,89149656,0
875,2,5,89149684,0
875,3,0,89149685,0
875,3,1,89155719,0
875,3,2,89157173,0
875,3,3,89158587,0
875,3,5,89158598,0
875,4,0,89158599,0
875,4,1,89164634,0
875,4,4,89166055,0
875,5,0,89166056,0
875,5,1,89172086,0
875,5,2,89173544,0
875,5,3,89174959,0
875,5,8,89176596,0
876,1,0,89243786,0
876,1,1,89249872,0
876,1,2,89251326,0
876,1,3,89252752,0
876,1,5,89252762,0
876,2,0,89252763,0
876,2,1,89258794,0
876,2,4,89260239,0
876,3,0,89260239,0
876,3,1,89266274,0
876,3,4,89267695,0
876,4,0,89267696,0
876,4,1,89273731,0
876,4,2,89275184,0
876,4,3,89276599,0
876,4,8,89278236,0
877,1,0,89334145,0
877,1,1,89340231,0
877,1,4,89341661,0
877,2,0,89341662,0
877,2,1,89347697,0
877,2,2,89349151,0
877,2,3,89350573,0
877,2,5,89350609,0
877,3,0,89350609,0
877,3,1,89356644,0
877,3,4,89358075,0
877,4,0,89358076,0
877,4,1,89364111,0
877,4,4,89365538,0
877,5,0,89365539,0
877,5,1,89371569,0
877,5,2,89373027,0
877,5,3,89374441,0
877,5,5,89374467,0
877,6,0,89374468,0
877,6,1,89380498,0
877,6,2,89381952,0
877,6,3,89383371,0
877,6,8,89385008,0
878,1,0,89458969,0
878,1,1,89465058,0
878,1,2,89466512,0
878,1,3,89467935,0
878,1,5,89467970,0
878,2,0,89467971,0
878,2,1,89474006,0
878,2,4,89475458,0
878,3,0,89475459,0
878,3,1,89481489,0
878,3,4,89482914,0
878,4,0,89482915,0
878,4,1,89488946,0
878,4,2,89490399,0
878,4,3,89491814,0
878,4,8,89493455,0
879,1,0,89549361,0
879,1,1,89555451,0
879,1,2,89556904,0
879,1,3,89558327,0
879,1,5,89558361,0
879,2,0,89558362,0
879,2,1,89564396,0
879,2,2,89565850,0
879,2,3,89567265,0
879,2,5,89567285,0
879,3,0,89567286,0
879,3,1,89573320,0
879,3,2,89574774,0
879,3,3,89576188,0
879,3,5,89576200,0
879,4,0,89576201,0
879,4,1,89582231,0
879,4,2,89583689,0
879,4,3,89585104,0
879,4,5,89585118,0
879,5,0,89585119,0
879,5,1,89591149,0
879,5,2,89592603,0
879,5,3,89594022,0
879,5,5,89594043,0
879,6,0,89594044,0
879,6,1,89600075,0
879,6,2,89601528,0
879,6,3,89602947,0
879,6,8,89604585,0
880,1,0,89692098,0
880,1,1,89698200,0
880,1,4,89699620,0
880,2,0,89699621,0
880,2,1,89705655,0
880,2,2,89707109,0
880,2,3,89708531,0
880,2,5,89708543,0
880,3,0,89708543,0
880,3,1,89714578,0
880,3,4,89716025,0
880,4,0,89716025,0
880,4,1,89722056,0
880,4,2,89723513,0
880,4,3,89724928,0
880,4,5,89724950,0
880,5,0,89724951,0
880,5,1,89730981,0
880,5,2,89732434,0
880,5,3,89733854,0
880,5,5,89733858,0
880,6,0,89733859,0
880,6,1,89739889,0
880,6,2,89741343,0
880,6,3,89742762,0
880,6,8,89744399,0
881,1,0,89822890,0
881,1,1,89828975,0
881,1,2,89830429,0
881,1,3,89831851,0
881,1,5,89831880,0
881,2,0,89831881,0
881,2,1,89837916,0
881,2,4,89839360,0
881,3,0,89839360,0
881,3,1,89845395,0
881,3,4,89846828,0
881,4,0,89846829,0
881,4,1,89852864,0
881,4,2,89854317,0
881,4,3,89855732,0
881,4,8,89857369,0
882,1,0,89913279,0
882,1,1,89919365,0
882,1,2,89920818,0
882,1,3,89922241,0
882,1,5,89922267,0
882,2,0,89922268,0
882,2,1,89928302,0
882,2,2,89929755,0
882,2,3,89931170,0
882,2,5,89931172,0
882,3,0,89931173,0
882,3,1,89937207,0
882,3,4,89938637,0
882,4,0,89938638,0
882,4,1,89944673,0
882,4,4,89946114,0
882,5,0,89946115,0
882,5,1,89952146,0
882,5,4,89953568,0
882,6,0,89953569,0
882,6,1,89959599,0
882,6,2,89961053,0
882,6,3,89962468,0
882,6,5,89962497,0
882,7,0,89962498,0
882,7,1,89968533,0
882,7,2,89969986,0
882,7,3,89971401,0
882,7,8,89973043,0
883,1,0,90058288,0
883,1,1,90064378,0
883,1,4,90065804,0
883,2,0,90065805,0
883,2,1,90071835,0
883,2,4,90073288,0
883,3,0,90073289,0
883,3,1,90079320,0
883,3,4,90080739,0
883,4,0,90080740,0
883,4,1,90086774,0
883,4,4,90088203,0
883,5,0,90088204,0
883,5,1,90094239,0
883,5,2,90095692,0
883,5,3,90097115,0
883,5,5,90097138,0
883,6,0,90097139,0
883,6,1,90103174,0
883,6,2,90104627,0
883,6,3,90106042,0
883,6,8,90107679,0
884,1,0,90177126,0
884,1,1,90183216,0
884,1,2,90184669,0
884,1,3,90186092,0
884,1,5,90186114,0
884,2,0,90186115,0
884,2,1,90192146,0
884,2,4,90193593,0
884,3,0,90193594,0
884,3,1,90199624,0
884,3,4,90201051,0
884,4,0,90201052,0
884,4,1,90207087,0
884,4,4,90208502,0
884,5,0,90208503,0
884,5,1,90214538,0
884,5,2,90215991,0
884,5,3,90217406,0
884,5,5,90217446,0
884,6,0,90217447,0
884,6,1,90223481,0
884,6,2,90224935,0
884,6,3,90226349,0
884,6,5,90226350,0
884,7,0,90226351,0
884,7,1,90232382,0
884,7,2,90233839,0
884,7,3,90235254,0
884,7,5,90235275,0
884,8,0,90235276,0
884,8,1,90241307,0
884,8,4,90242738,0
884,9,0,90242739,0
884,9,1,90248769,0
884,9,2,90250223,0
884,9,3,90251637,0
884,9,5,90251642,0
884,10,0,90251642,0
884,10,1,90257677,0
884,10,2,90259130,0
884,10,3,90260545,0
884,10,5,90260563,0
884,11,0,90260564,0
884,11,1,90266598,0
884,11,2,90268052,0
884,11,3,90269466,0
884,11,8,90271104,0
885,1,0,90398020,0
885,1,1,90404110,0
885,1,2,90405563,0
885,1,3,90406986,0
885,1,5,90406988,0
885,2,0,90406989,0
885,2,1,90413023,0
885,2,4,90414439,0
885,3,0,90414440,0
885,3,1,90420471,0
885,3,2,90421924,0
885,3,3,90423343,0
885,3,5,90423353,0
885,4,0,90423354,0
885,4,1,90429384,0
885,4,4,90430810,0
885,5,0,90430811,0
885,5,1,90436845,0
885,5,2,90438299,0
885,5,3,90439713,0
885,5,8,90441351,0
886,1,0,90508545,0
886,1,1,90514635,0
886,1,4,90516077,0
886,2,0,90516078,0
886,2,1,90522108,0
886,2,4,90523548,0
886,3,0,90523548,0
886,3,1,90529579,0
886,3,4,90531018,0
886,4,0,90531019,0
886,4,1,90537053,0
886,4,4,90538487,0
886,5,0,90538488,0
886,5,1,90544522,0
886,5,2,90545976,0
886,5,3,90547398,0
886,5,5,90547425,0
886,6,0,90547426,0
886,6,1,90553460,0
886,6,4,90554906,0
886,7,0,90554907,0
886,7,1,90560937,0
886,7,2,90562391,0
886,7,3,90563810,0
886,7,5,90563847,0
886,8,0,90563848,0
886,8,1,90569879,0
886,8,4,90571308,0
886,9,0,90571309,0
886,9,1,90577343,0
886,9,2,90578797,0
886,9,3,90580211,0
886,9,5,90580223,0
886,10,0,90580223,0
886,10,1,90586258,0
886,10,4,90587707,0
886,11,0,90587708,0
886,11,1,90593743,0
886,11,2,90595196,0
886,11,3,90596611,0
886,11,5,90596641,0
886,12,0,90596641,0
886,12,1,90602672,0
886,12,4,90604111,0
886,13,0,90604112,0
886,13,1,90610142,0
886,13,4,90611579,0
886,14,0,90611580,0
886,14,1,90617614,0
886,14,2,90619068,0
886,14,3,90620482,0
886,14,5,90620517,0
886,15,0,90620518,0
886,15,1,90626553,0
886,15,2,90628006,0
886,15,3,90629421,0
886,15,5,90629432,0
886,16,0,90629433,0
886,16,1,90635467,0
886,16,4,90636882,0
886,17,0,90636883,0
886,17,1,90642917,0
886,17,4,90644335,0
886,18,0,90644336,0
886,18,1,90650366,0
886,18,4,90651793,0
886,19,0,90651794,0
886,19,1,90657829,0
886,19,2,90659282,0
886,19,3,90660697,0
886,19,8,90662334,0
887,1,0,90845945,0
887,1,1,90852043,0
887,1,4,90853475,0
887,2,0,90853476,0
887,2,1,90859506,0
887,2,4,90860934,0
887,3,0,90860935,0
887,3,1,90866970,0
887,3,4,90868390,0
887,4,0,90868391,0
887,4,1,90874426,0
887,4,2,90875879,0
887,4,3,90877302,0
887,4,5,90877329,0
887,5,0,90877330,0
887,5,1,90883365,0
887,5,2,90884818,0
887,5,3,90886233,0
887,5,5,90886237,0
887,6,0,90886238,0
887,6,1,90892268,0
887,6,2,90893726,0
887,6,3,90895140,0
887,6,8,90896778,0
888,1,0,90970770,0
888,1,1,90976871,0
888,1,2,90978325,0
888,1,3,90979747,0
888,1,5,90979777,0
888,2,0,90979778,0
888,2,1,90985812,0
888,2,4,90987249,0
888,3,0,90987250,0
888,3,1,90993285,0
888,3,2,90994738,0
888,3,3,90996153,0
888,3,5,90996184,0
888,4,0,90996185,0
888,4,1,91002215,0
888,4,2,91003673,0
888,4,3,91005088,0
888,4,5,91005112,0
888,5,0,91005113,0
888,5,1,91011144,0
888,5,2,91012597,0
888,5,3,91014016,0
888,5,5,91014048,0
888,6,0,91014049,0
888,6,1,91020079,0
888,6,2,91021533,0
888,6,3,91022951,0
888,6,5,91022962,0
888,7,0,91022963,0
888,7,1,91028993,0
888,7,2,91030447,0
888,7,3,91031861,0
888,7,8,91033503,0
889,1,0,91127800,0
889,1,1,91133890,0
889,1,2,91135343,0
889,1,3,91136766,0
889,1,5,91136785,0
889,2,0,91136786,0
889,2,1,91142820,0
889,2,4,91144271,0
889,3,0,91144272,0
889,3,1,91150303,0
889,3,2,91151756,0
889,3,3,91153175,0
889,3,5,91153194,0
889,4,0,91153195,0
889,4,1,91159225,0
889,4,4,91160644,0
889,5,0,91160644,0
889,5,1,91166679,0
889,5,2,91168133,0
889,5,3,91169547,0
889,5,8,91171185,0
890,1,0,91238390,0
890,1,1,91244480,0
890,1,4,91245904,0
890,2,0,91245905,0
890,2,1,91251935,0
890,2,2,91253393,0
890,2,3,91254815,0
890,2,5,91254818,0
890,3,0,91254819,0
890,3,1,91260849,0
890,3,4,91262300,0
890,4,0,91262301,0
890,4,1,91268335,0
890,4,4,91269754,0
890,5,0,91269755,0
890,5,1,91275789,0
890,5,2,91277243,0
890,5,3,91278658,0
890,5,5,91278663,0
890,6,0,91278664,0
890,6,1,91284699,0
890,6,2,91286152,0
890,6,3,91287567,0
890,6,5,91287577,0
890,7,0,91287578,0
890,7,1,91293612,0
890,7,4,91295043,0
890,8,0,91295044,0
890,8,1,91301075,0
890,8,4,91302524,0
890,9,0,91302525,0
890,9,1,91308559,0
890,9,4,91309981,0
890,10,0,91309982,0
890,10,1,91316016,0
890,10,4,91317443,0
890,11,0,91317444,0
890,11,1,91323479,0
890,11,4,91324904,0
890,12,0,91324905,0
890,12,1,91330935,0
890,12,4,91332375,0
890,13,0,91332376,0
890,13,1,91338410,0
890,13,4,91339839,0
890,14,0,91339840,0
890,14,1,91345874,0
890,14,4,91347298,0
890,15,0,91347299,0
890,15,1,91353333,0
890,15,2,91354787,0
890,15,3,91356201,0
890,15,5,91356214,0
890,16,0,91356215,0
890,16,1,91362245,0
890,16,4,91363700,0
890,17,0,91363701,0
890,17,1,91369732,0
890,17,2,91371185,0
890,17,3,91372600,0
890,17,5,91372613,0
890,18,0,91372614,0
890,18,1,91378649,0
890,18,4,91380069,0
890,19,0,91380070,0
890,19,1,91386105,0
890,19,2,91387559,0
890,19,3,91388973,0
890,19,5,91388996,0
890,20,0,91388996,0
890,20,1,91395031,0
890,20,2,91396485,0
890,20,3,91397899,0
890,20,8,91399537,0
891,1,0,91590178,0
891,1,1,91596268,0
891,1,4,91597708,0
891,2,0,91597709,0
891,2,1,91603743,0
891,2,2,91605197,0
891,2,3,91606619,0
891,2,8,91608257,0
892,1,0,91646118,0
892,1,1,91652204,0
892,1,2,91653662,0
892,1,3,91655084,0
892,1,8,91656721,0
893,1,0,91687813,0
893,1,1,91693902,0
893,1,4,91695317,0
893,2,0,91695318,0
893,2,1,91701349,0
893,2,2,91702806,0
893,2,3,91704229,0
893,2,8,91705866,0
894,1,0,91743732,0
894,1,1,91749817,0
894,1,2,91751271,0
894,1,3,91752694,0
894,1,5,91752718,0
894,2,0,91752719,0
894,2,1,91758749,0
894,2,2,91760203,0
894,2,3,91761618,0
894,2,5,91761644,0
894,3,0,91761645,0
894,3,1,91767680,0
894,3,4,91769127,0
894,4,0,91769128,0
894,4,1,91775162,0
894,4,4,91776589,0
894,5,0,91776590,0
894,5,1,91782621,0
894,5,2,91784078,0
894,5,3,91785493,0
894,5,5,91785525,0
894,6,0,91785526,0
894,6,1,91791557,0
894,6,4,91793003,0
894,7,0,91793003,0
894,7,1,91799034,0
894,7,2,91800488,0
894,7,3,91801902,0
894,7,5,91801911,0
894,8,0,91801912,0
894,8,1,91807947,0
894,8,4,91809378,0
894,9,0,91809379,0
894,9,1,91815414,0
894,9,2,91816867,0
894,9,3,91818282,0
894,9,5,91818302,0
894,10,0,91818302,0
894,10,1,91824337,0
894,10,2,91825791,0
894,10,3,91827205,0
894,10,5,91827245,0
894,11,0,91827246,0
894,11,1,91833280,0
894,11,2,91834733,0
894,11,3,91836148,0
894,11,5,91836168,0
894,12,0,91836168,0
894,12,1,91842199,0
894,12,4,91843625,0
894,13,0,91843626,0
894,13,1,91849657,0
894,13,2,91851110,0
894,13,3,91852525,0
894,13,8,91854166,0
895,1,0,91999839,0
895,1,1,92005929,0
895,1,2,92007382,0
895,1,3,92008805,0
895,1,5,92008809,0
895,2,0,92008810,0
895,2,1,92014845,0
895,2,2,92016298,0
895,2,3,92017713,0
895,2,8,92019350,0
896,1,0,92061729,0
896,1,1,92067819,0
896,1,2,92069272,0
896,1,3,92070695,0
896,1,8,92072332,0
897,1,0,92103431,0
897,1,1,92109517,0
897,1,4,92110937,0
897,2,0,92110938,0
897,2,1,92116973,0
897,2,4,92118411,0
897,3,0,92118412,0
897,3,1,92124446,0
897,3,4,92125873,0
897,4,0,92125874,0
897,4,1,92131904,0
897,4,4,92133328,0
897,5,0,92133329,0
897,5,1,92139360,0
897,5,4,92140782,0
897,6,0,92140783,0
897,6,1,92146817,0
897,6,2,92148271,0
897,6,3,92149693,0
897,6,5,92149695,0
897,7,0,92149696,0
897,7,1,92155730,0
897,7,2,92157184,0
897,7,3,92158598,0
897,7,8,92160236,0
898,1,0,92236481,0
898,1,1,92242578,0
898,1,4,92244011,0
898,2,0,92244012,0
898,2,1,92250042,0
898,2,2,92251496,0
898,2,3,92252923,0
898,2,5,92252960,0
898,3,0,92252961,0
898,3,1,92258992,0
898,3,4,92260431,0
898,4,0,92260432,0
898,4,1,92266467,0
898,4,2,92267920,0
898,4,3,92269335,0
898,4,5,92269347,0
898,5,0,92269348,0
898,5,1,92275383,0
898,5,4,92276819,0
898,6,0,92276820,0
898,6,1,92282854,0
898,6,2,92284307,0
898,6,3,92285722,0
898,6,8,92287360,0
899,1,0,92361343,0
899,1,1,92367433,0
899,1,4,92368872,0
899,2,0,92368873,0
899,2,1,92374908,0
899,2,4,92376332,0
899,3,0,92376333,0
899,3,1,92382364,0
899,3,2,92383821,0
899,3,3,92385244,0
899,3,8,92386881,0
900,1,0,92431526,0
900,1,1,92437628,0
900,1,2,92439081,0
900,1,3,92440504,0
900,1,8,92442141,0
901,1,0,92473252,0
901,1,1,92479337,0
901,1,2,92480791,0
901,1,3,92482213,0
901,1,8,92483855,0
902,1,0,92514958,0
902,1,1,92521055,0
902,1,2,92522509,0
902,1,3,92523936,0
902,1,8,92525573,0
903,1,0,92556676,0
903,1,1,92562766,0
903,1,4,92564216,0
903,2,0,92564217,0
903,2,1,92570248,0
903,2,2,92571701,0
903,2,3,92573128,0
903,2,8,92574765,0
904,1,0,92612627,0
904,1,1,92618717,0
904,1,2,92620171,0
904,1,3,92621593,0
904,1,8,92623235,0
905,1,0,92654326,0
905,1,1,92660412,0
905,1,2,92661865,0
905,1,3,92663292,0
905,1,8,92664930,0
906,1,0,92696020,0
906,1,1,92702106,0
906,1,2,92703563,0
906,1,3,92704986,0
906,1,5,92704990,0
906,2,0,92704991,0
906,2,1,92711022,0
906,2,4,92712449,0
906,3,0,92712449,0
906,3,1,92718484,0
906,3,4,92719922,0
906,4,0,92719923,0
906,4,1,92725957,0
906,4,4,92727406,0
906,5,0,92727407,0
906,5,1,92733441,0
906,5,2,92734895,0
906,5,3,92736309,0
906,5,5,92736327,0
906,6,0,92736328,0
906,6,1,92742359,0
906,6,2,92743816,0
906,6,3,92745231,0
906,6,5,92745240,0
906,7,0,92745241,0
906,7,1,92751272,0
906,7,4,92752701,0
906,8,0,92752702,0
906,8,1,92758732,0
906,8,2,92760186,0
906,8,3,92761601,0
906,8,8,92763242,0
907,1,0,92855270,0
907,1,1,92861356,0
907,1,4,92862778,0
907,2,0,92862779,0
907,2,1,92868809,0
907,2,4,92870257,0
907,3,0,92870258,0
907,3,1,92876293,0
907,3,2,92877746,0
907,3,3,92879169,0
907,3,8,92880806,0
908,1,0,92925443,0
908,1,1,92931529,0
908,1,2,92932986,0
908,1,3,92934409,0
908,1,5,92934421,0
908,2,0,92934422,0
908,2,1,92940452,0
908,2,4,92941897,0
908,3,0,92941898,0
908,3,1,92947932,0
908,3,2,92949386,0
908,3,3,92950800,0
908,3,5,92950808,0
908,4,0,92950809,0
908,4,1,92956844,0
908,4,2,92958297,0
908,4,3,92959712,0
908,4,5,92959715,0
908,5,0,92959716,0
908,5,1,92965751,0
908,5,4,92967190,0
908,6,0,92967191,0
908,6,1,92973226,0
908,6,2,92974679,0
908,6,3,92976094,0
908,6,5,92976106,0
908,7,0,92976107,0
908,7,1,92982138,0
908,7,4,92983594,0
908,8,0,92983595,0
908,8,1,92989626,0
908,8,2,92991079,0
908,8,3,92992494,0
908,8,5,92992525,0
908,9,0,92992526,0
908,9,1,92998560,0
908,9,2,93000014,0
908,9,3,93001429,0
908,9,8,93003071,0
909,1,0,93110896,0
909,1,1,93116986,0
909,1,4,93118402,0
909,2,0,93118403,0
909,2,1,93124437,0
909,2,4,93125881,0
909,3,0,93125882,0
909,3,1,93131912,0
909,3,2,93133370,0
909,3,3,93134792,0
909,3,8,93136430,0
910,1,0,93181062,0
910,1,1,93187152,0
910,1,2,93188606,0
910,1,3,93190028,0
910,1,5,93190065,0
910,2,0,93190066,0
910,2,1,93196101,0
910,2,2,93197554,0
910,2,3,93198969,0
910,2,8,93200606,0
911,1,0,93243002,0
911,1,1,93249099,0
911,1,4,93250546,0
911,2,0,93250547,0
911,2,1,93256581,0
911,2,4,93258006,0
911,3,0,93258007,0
911,3,1,93264041,0
911,3,2,93265495,0
911,3,3,93266917,0
911,3,8,93268555,0
912,1,0,93313219,0
912,1,1,93319317,0
912,1,4,93320732,0
912,2,0,93320733,0
912,2,1,93326768,0
912,2,4,93328188,0
912,3,0,93328189,0
912,3,1,93334224,0
912,3,4,93335654,0
912,4,0,93335654,0
912,4,1,93341685,0
912,4,4,93343125,0
912,5,0,93343125,0
912,5,1,93349156,0
912,5,2,93350610,0
912,5,3,93352032,0
912,5,8,93353674,0
913,1,0,93411859,0
913,1,1,93417949,0
913,1,4,93419385,0
913,2,0,93419386,0
913,2,1,93425421,0
913,2,2,93426874,0
913,2,3,93428297,0
913,2,8,93429934,0
914,1,0,93467811,0
914,1,1,93473913,0
914,1,2,93475367,0
914,1,3,93476789,0
914,1,8,93478426,0
915,1,0,93509533,0
915,1,1,93515623,0
915,1,2,93517077,0
915,1,3,93518499,0
915,1,8,93520137,0
916,1,0,93551233,0
916,1,1,93557322,0
916,1,4,93558750,0
916,2,0,93558751,0
916,2,1,93564785,0
916,2,4,93566203,0
916,3,0,93566204,0
916,3,1,93572234,0
916,3,2,93573692,0
916,3,3,93575114,0
916,3,8,93576752,0
917,1,0,93621383,0
917,1,1,93627473,0
917,1,2,93628927,0
917,1,3,93630349,0
917,1,5,93630359,0
917,2,0,93630360,0
917,2,1,93636395,0
917,2,2,93637848,0
917,2,3,93639263,0
917,2,5,93639302,0
917,3,0,93639303,0
917,3,1,93645338,0
917,3,2,93646791,0
917,3,3,93648206,0
917,3,5,93648209,0
917,4,0,93648210,0
917,4,1,93654245,0
917,4,4,93655694,0
917,5,0,93655695,0
917,5,1,93661726,0
917,5,4,93663148,0
917,6,0,93663149,0
917,6,1,93669179,0
917,6,2,93670633,0
917,6,3,93672048,0
917,6,8,93673689,0
918,1,0,93752175,0
918,1,1,93758265,0
918,1,4,93759684,0
918,2,0,93759684,0
918,2,1,93765719,0
918,2,4,93767142,0
918,3,0,93767143,0
918,3,1,93773178,0
918,3,4,93774600,0
918,4,0,93774601,0
918,4,1,93780631,0
918,4,4,93782082,0
918,5,0,93782083,0
918,5,1,93788117,0
918,5,4,93789534,0
918,6,0,93789535,0
918,6,1,93795569,0
918,6,2,93797023,0
918,6,3,93798446,0
918,6,5,93798475,0
918,7,0,93798476,0
918,7,1,93804511,0
918,7,4,93805956,0
918,8,0,93805957,0
918,8,1,93811987,0
918,8,2,93813445,0
918,8,3,93814860,0
918,8,5,93814874,0
918,9,0,93814874,0
918,9,1,93820905,0
918,9,2,93822359,0
918,9,3,93823778,0
918,9,8,93825415,0
919,1,0,93919700,0
919,1,1,93925790,0
919,1,4,93927212,0
919,2,0,93927213,0
919,2,1,93933247,0
919,2,2,93934701,0
919,2,3,93936123,0
919,2,5,93936125,0
919,3,0,93936125,0
919,3,1,93942156,0
919,3,2,93943614,0
919,3,3,93945028,0
919,3,8,93946666,0
920,1,0,93995824,0
920,1,1,94001926,0
920,1,2,94003383,0
920,1,3,94004806,0
920,1,8,94006443,0
921,1,0,94037542,0
921,1,1,94043636,0
921,1,4,94045052,0
921,2,0,94045053,0
921,2,1,94051083,0
921,2,2,94052537,0
921,2,3,94053964,0
921,2,8,94055601,0
922,1,0,94093473,0
922,1,1,94099574,0
922,1,4,94101015,0
922,2,0,94101015,0
922,2,1,94107050,0
922,2,2,94108504,0
922,2,3,94109926,0
922,2,8,94111563,0
923,1,0,94149449,0
923,1,1,94155555,0
923,1,2,94157009,0
923,1,3,94158431,0
923,1,8,94160069,0
924,1,0,94191172,0
924,1,1,94197266,0
924,1,2,94198720,0
924,1,3,94200142,0
924,1,8,94201779,0
925,1,0,94232886,0
925,1,1,94238988,0
925,1,2,94240442,0
925,1,3,94241864,0
925,1,8,94243506,0
926,1,0,94274605,0
926,1,1,94280695,0
926,1,2,94282149,0
926,1,3,94283575,0
926,1,5,94283577,0
926,2,0,94283578,0
926,2,1,94289608,0
926,2,2,94291062,0
926,2,3,94292477,0
926,2,8,94294118,0
927,1,0,94336489,0
927,1,1,94342579,0
927,1,4,94344019,0
927,2,0,94344020,0
927,2,1,94350050,0
927,2,2,94351504,0
927,2,3,94352930,0
927,2,8,94354568,0
928,1,0,94392438,0
928,1,1,94398543,0
928,1,2,94399997,0
928,1,3,94401419,0
928,1,5,94401455,0
928,2,0,94401456,0
928,2,1,94407490,0
928,2,2,94408944,0
928,2,3,94410358,0
928,2,5,94410369,0
928,3,0,94410370,0
928,3,1,94416404,0
928,3,4,94417823,0
928,4,0,94417824,0
928,4,1,94423858,0
928,4,2,94425312,0
928,4,3,94426727,0
928,4,8,94428364,0
929,1,0,94488807,0
929,1,1,94494901,0
929,1,2,94496355,0
929,1,3,94497777,0
929,1,8,94499414,0
930,1,0,94530506,0
930,1,1,94536600,0
930,1,4,94538018,0
930,2,0,94538019,0
930,2,1,94544054,0
930,2,2,94545508,0
930,2,3,94546930,0
930,2,5,94546936,0
930,3,0,94546937,0
930,3,1,94552971,0
930,3,2,94554425,0
930,3,3,94555840,0
930,3,8,94557477,0
931,1,0,94606620,0
931,1,1,94612713,0
931,1,2,94614167,0
931,1,3,94615589,0
931,1,8,94617227,0
932,1,0,94648314,0
932,1,1,94654408,0
932,1,2,94655861,0
932,1,3,94657284,0
932,1,8,94658921,0
933,1,0,94690012,0
933,1,1,94696106,0
933,1,4,94697524,0
933,2,0,94697525,0
933,2,1,94703559,0
933,2,2,94705012,0
933,2,3,94706435,0
933,2,5,94706467,0
933,3,0,94706467,0
933,3,1,94712498,0
933,3,4,94713943,0
933,4,0,94713944,0
933,4,1,94719975,0
933,4,2,94721428,0
933,4,3,94722846,0
933,4,5,94722869,0
933,5,0,94722870,0
933,5,1,94728901,0
933,5,2,94730354,0
933,5,3,94731769,0
933,5,8,94733410,0
934,1,0,94800608,0
934,1,1,94806702,0
934,1,2,94808155,0
934,1,3,94809578,0
934,1,5,94809586,0
934,2,0,94809587,0
934,2,1,94815621,0
934,2,4,94817055,0
934,3,0,94817056,0
934,3,1,94823091,0
934,3,4,94824513,0
934,4,0,94824514,0
934,4,1,94830545,0
934,4,2,94831998,0
934,4,3,94833417,0
934,4,5,94833455,0
934,5,0,94833456,0
934,5,1,94839487,0
934,5,2,94840941,0
934,5,3,94842355,0
934,5,5,94842364,0
934,6,0,94842364,0
934,6,1,94848399,0
934,6,2,94849852,0
934,6,3,94851267,0
934,6,5,94851276,0
934,7,0,94851276,0
934,7,1,94857311,0
934,7,4,94858738,0
934,8,0,94858739,0
934,8,1,94864773,0
934,8,4,94866223,0
934,9,0,94866224,0
934,9,1,94872255,0
934,9,2,94873712,0
934,9,3,94875127,0
934,9,8,94876765,0
935,1,0,94980085,0
935,1,1,94986190,0
935,1,2,94987644,0
935,1,3,94989067,0
935,1,8,94990704,0
936,1,0,95021807,0
936,1,1,95027901,0
936,1,4,95029317,0
936,2,0,95029318,0
936,2,1,95035352,0
936,2,2,95036806,0
936,2,3,95038228,0
936,2,8,95039866,0
937,1,0,95077728,0
937,1,1,95083822,0
937,1,4,95085257,0
937,2,0,95085258,0
937,2,1,95091288,0
937,2,2,95092745,0
937,2,3,95094168,0
937,2,8,95095805,0
938,1,0,95133667,0
938,1,1,95139757,0
938,1,4,95141172,0
938,2,0,95141173,0
938,2,1,95147207,0
938,2,2,95148661,0
938,2,3,95150084,0
938,2,8,95151721,0
939,1,0,95189582,0
939,1,1,95195676,0
939,1,4,95197093,0
939,2,0,95197093,0
939,2,1,95203128,0
939,2,4,95204558,0
939,3,0,95204559,0
939,3,1,95210590,0
939,3,4,95212013,0
939,4,0,95212013,0
939,4,1,95218048,0
939,4,2,95219501,0
939,4,3,95220924,0
939,4,8,95222561,0
940,1,0,95273965,0
940,1,1,95280055,0
940,1,4,95281488,0
940,2,0,95281489,0
940,2,1,95287524,0
940,2,4,95288969,0
940,3,0,95288970,0
940,3,1,95295005,0
940,3,4,95296442,0
940,4,0,95296443,0
940,4,1,95302473,0
940,4,4,95303920,0
940,5,0,95303920,0
940,5,1,95309951,0
940,5,4,95311399,0
940,6,0,95311399,0
940,6,1,95317434,0
940,6,2,95318888,0
940,6,3,95320310,0
940,6,5,95320334,0
940,7,0,95320335,0
940,7,1,95326370,0
940,7,4,95327823,0
940,8,0,95327824,0
940,8,1,95333858,0
940,8,2,95335312,0
940,8,3,95336726,0
940,8,5,95336737,0
940,9,0,95336737,0
940,9,1,95342772,0
940,9,4,95344197,0
940,10,0,95344198,0
940,10,1,95350228,0
940,10,4,95351644,0
940,11,0,95351645,0
940,11,1,95357679,0
940,11,2,95359133,0
940,11,3,95360547,0
940,11,8,95362185,0
941,1,0,95470792,0
941,1,1,95476886,0
941,1,4,95478336,0
941,2,0,95478336,0
941,2,1,95484371,0
941,2,4,95485821,0
941,3,0,95485822,0
941,3,1,95491853,0
941,3,4,95493298,0
941,4,0,95493298,0
941,4,1,95499329,0
941,4,2,95500782,0
941,4,3,95502205,0
941,4,8,95503846,0
942,1,0,95555246,0
942,1,1,95561335,0
942,1,2,95562793,0
942,1,3,95564215,0
942,1,5,95564232,0
942,2,0,95564233,0
942,2,1,95570263,0
942,2,2,95571717,0
942,2,3,95573136,0
942,2,5,95573174,0
942,3,0,95573175,0
942,3,1,95579206,0
942,3,2,95580659,0
942,3,3,95582074,0
942,3,5,95582087,0
942,4,0,95582088,0
942,4,1,95588122,0
942,4,2,95589576,0
942,4,3,95590990,0
942,4,8,95592628,0
943,1,0,95657573,0
943,1,1,95663666,0
943,1,4,95665083,0
943,2,0,95665083,0
943,2,1,95671114,0
943,2,4,95672560,0
943,3,0,95672561,0
943,3,1,95678595,0
943,3,4,95680019,0
943,4,0,95680020,0
943,4,1,95686055,0
943,4,2,95687508,0
943,4,3,95688931,0
943,4,5,95688957,0
943,5,0,95688958,0
943,5,1,95694993,0
943,5,2,95696447,0
943,5,3,95697861,0
943,5,8,95699499,0
944,1,0,95762187,0
944,1,1,95768280,0
944,1,4,95769710,0
944,2,0,95769710,0
944,2,1,95775745,0
944,2,2,95777199,0
944,2,3,95778621,0
944,2,5,95778625,0
944,3,0,95778626,0
944,3,1,95784661,0
944,3,4,95786085,0
944,4,0,95786086,0
944,4,1,95792116,0
944,4,4,95793557,0
944,5,0,95793558,0
944,5,1,95799588,0
944,5,2,95801042,0
944,5,3,95802456,0
944,5,8,95804098,0
945,1,0,95866782,0
945,1,1,95872876,0
945,1,2,95874330,0
945,1,3,95875752,0
945,1,5,95875779,0
945,2,0,95875779,0
945,2,1,95881810,0
945,2,2,95883267,0
945,2,3,95884682,0
945,2,5,95884719,0
945,3,0,95884720,0
945,3,1,95890751,0
945,3,4,95892170,0
945,4,0,95892171,0
945,4,1,95898206,0
945,4,2,95899660,0
945,4,3,95901074,0
945,4,8,95902716,0
946,1,0,95963159,0
946,1,1,95969261,0
946,1,4,95970699,0
946,2,0,95970700,0
946,2,1,95976735,0
946,2,4,95978166,0
946,3,0,95978167,0
946,3,1,95984202,0
946,3,4,95985653,0
946,4,0,95985653,0
946,4,1,95991684,0
946,4,4,95993141,0
946,5,0,95993142,0
946,5,1,95999172,0
946,5,4,96000596,0
946,6,0,96000597,0
946,6,1,96006632,0
946,6,4,96008055,0
946,7,0,96008056,0
946,7,1,96014090,0
946,7,4,96015506,0
946,8,0,96015507,0
946,8,1,96021537,0
946,8,4,96022958,0
946,9,0,96022959,0
946,9,1,96028989,0
946,9,2,96030443,0
946,9,3,96031865,0
946,9,5,96031870,0
946,10,0,96031870,0
946,10,1,96037905,0
946,10,2,96039358,0
946,10,3,96040773,0
946,10,5,96040785,0
946,11,0,96040786,0
946,11,1,96046821,0
946,11,2,96048274,0
946,11,3,96049689,0
946,11,8,96051326,0
947,1,0,96160119,0
947,1,1,96166213,0
947,1,2,96167667,0
947,1,3,96169089,0
947,1,8,96170727,0
948,1,0,96201818,0
948,1,1,96207912,0
948,1,2,96209366,0
948,1,3,96210788,0
948,1,5,96210794,0
948,2,0,96210795,0
948,2,1,96216829,0
948,2,2,96218283,0
948,2,3,96219698,0
948,2,5,96219736,0
948,3,0,96219737,0
948,3,1,96225772,0
948,3,4,96227210,0
948,4,0,96227211,0
948,4,1,96233246,0
948,4,2,96234699,0
948,4,3,96236114,0
948,4,8,96237751,0
949,1,0,96298178,0
949,1,1,96304272,0
949,1,4,96305694,0
949,2,0,96305695,0
949,2,1,96311725,0
949,2,4,96313159,0
949,3,0,96313160,0
949,3,1,96319190,0
949,3,4,96320633,0
949,4,0,96320634,0
949,4,1,96326668,0
949,4,4,96328085,0
949,5,0,96328086,0
949,5,1,96334120,0
949,5,4,96335535,0
949,6,0,96335536,0
949,6,1,96341567,0
949,6,2,96343024,0
949,6,3,96344447,0
949,6,8,96346084,0
950,1,0,96411037,0
950,1,1,96417142,0
950,1,4,96418558,0
950,2,0,96418559,0
950,2,1,96424594,0
950,2,2,96426047,0
950,2,3,96427470,0
950,2,5,96427487,0
950,3,0,96427488,0
950,3,1,96433522,0
950,3,2,96434976,0
950,3,3,96436391,0
950,3,8,96438028,0
951,1,0,96487182,0
951,1,1,96493276,0
951,1,2,96494729,0
951,1,3,96496152,0
951,1,5,96496180,0
951,2,0,96496181,0
951,2,1,96502212,0
951,2,4,96503666,0
951,3,0,96503667,0
951,3,1,96509698,0
951,3,4,96511140,0
951,4,0,96511141,0
951,4,1,96517175,0
951,4,4,96518611,0
951,5,0,96518612,0
951,5,1,96524647,0
951,5,4,96526080,0
951,6,0,96526081,0
951,6,1,96532111,0
951,6,4,96533545,0
951,7,0,96533546,0
951,7,1,96539576,0
951,7,2,96541030,0
951,7,3,96542444,0
951,7,5,96542465,0
951,8,0,96542466,0
951,8,1,96548501,0
951,8,4,96549922,0
951,9,0,96549923,0
951,9,1,96555957,0
951,9,4,96557382,0
951,10,0,96557383,0
951,10,1,96563417,0
951,10,2,96564871,0
951,10,3,96566286,0
951,10,8,96567923,0
952,1,0,96669495,0
952,1,1,96675589,0
952,1,4,96677026,0
952,2,0,96677027,0
952,2,1,96683062,0
952,2,2,96684515,0
952,2,3,96685938,0
952,2,8,96687575,0
953,1,0,96725444,0
953,1,1,96731546,0
953,1,4,96732980,0
953,2,0,96732980,0
953,2,1,96739011,0
953,2,2,96740464,0
953,2,3,96741887,0
953,2,5,96741905,0
953,3,0,96741906,0
953,3,1,96747941,0
953,3,4,96749363,0
953,4,0,96749364,0
953,4,1,96755398,0
953,4,4,96756828,0
953,5,0,96756828,0
953,5,1,96762863,0
953,5,2,96764316,0
953,5,3,96765731,0
953,5,5,96765748,0
953,6,0,96765749,0
953,6,1,96771780,0
953,6,2,96773237,0
953,6,3,96774652,0
953,6,8,96776290,0
954,1,0,96850270,0
954,1,1,96856364,0
954,1,2,96857817,0
954,1,3,96859240,0
954,1,5,96859249,0
954,2,0,96859249,0
954,2,1,96865284,0
954,2,4,96866714,0
954,3,0,96866715,0
954,3,1,96872750,0
954,3,2,96874203,0
954,3,3,96875618,0
954,3,8,96877255,0
955,1,0,96926398,0
955,1,1,96932488,0
955,1,2,96933946,0
955,1,3,96935368,0
955,1,5,96935391,0
955,2,0,96935392,0
955,2,1,96941422,0
955,2,4,96942852,0
955,3,0,96942853,0
955,3,1,96948883,0
955,3,2,96950337,0
955,3,3,96951752,0
955,3,5,96951781,0
955,4,0,96951782,0
955,4,1,96957817,0
955,4,2,96959271,0
955,4,3,96960685,0
955,4,8,96962323,0
956,1,0,97022757,0
956,1,1,97028847,0
956,1,2,97030301,0
956,1,3,97031723,0
956,1,5,97031729,0
956,2,0,97031730,0
956,2,1,97037764,0
956,2,4,97039183,0
956,3,0,97039184,0
956,3,1,97045219,0
956,3,2,97046672,0
956,3,3,97048087,0
956,3,8,97049724,0
957,1,0,97098883,0
957,1,1,97104989,0
957,1,4,97106426,0
957,2,0,97106427,0
957,2,1,97112458,0
957,2,2,97113915,0
957,2,3,97115338,0
957,2,8,97116975,0
958,1,0,97154845,0
958,1,1,97160935,0
958,1,2,97162388,0
958,1,3,97163815,0
958,1,5,97163841,0
958,2,0,97163842,0
958,2,1,97169872,0
958,2,4,97171326,0
958,3,0,97171326,0
958,3,1,97177361,0
958,3,2,97178815,0
958,3,3,97180230,0
958,3,8,97181867,0
959,1,0,97231025,0
959,1,1,97237130,0
959,1,2,97238584,0
959,1,3,97240007,0
959,1,5,97240029,0
959,2,0,97240030,0
959,2,1,97246064,0
959,2,2,97247518,0
959,2,3,97248933,0
959,2,5,97248950,0
959,3,0,97248951,0
959,3,1,97254986,0
959,3,2,97256439,0
959,3,3,97257854,0
959,3,8,97259491,0
960,1,0,97313168,0
960,1,1,97319258,0
960,1,2,97320711,0
960,1,3,97322134,0
960,1,5,97322155,0
960,2,0,97322155,0
960,2,1,97328190,0
960,2,2,97329643,0
960,2,3,97331058,0
960,2,5,97331062,0
960,3,0,97331063,0
960,3,1,97337097,0
960,3,2,97338551,0
960,3,3,97339966,0
960,3,8,97341603,0
961,1,0,97395264,0
961,1,1,97401353,0
961,1,4,97402775,0
961,2,0,97402776,0
961,2,1,97408806,0
961,2,2,97410260,0
961,2,3,97411682,0
961,2,5,97411688,0
961,3,0,97411689,0
961,3,1,97417724,0
961,3,2,97419177,0
961,3,3,97420592,0
961,3,5,97420620,0
961,4,0,97420620,0
961,4,1,97426655,0
961,4,4,97428074,0
961,5,0,97428074,0
961,5,1,97434109,0
961,5,2,97435563,0
961,5,3,97436977,0
961,5,8,97438615,0
962,1,0,97505816,0
962,1,1,97511906,0
962,1,2,97513363,0
962,1,3,97514786,0
962,1,8,97516423,0
963,1,0,97547511,0
963,1,1,97553604,0
963,1,4,97555053,0
963,2,0,97555054,0
963,2,1,97561084,0
963,2,4,97562525,0
963,3,0,97562525,0
963,3,1,97568560,0
963,3,4,97570004,0
963,4,0,97570005,0
963,4,1,97576040,0
963,4,4,97577476,0
963,5,0,97577477,0
963,5,1,97583511,0
963,5,2,97584965,0
963,5,3,97586388,0
963,5,8,97588025,0
964,1,0,97646207,0
964,1,1,97652308,0
964,1,4,97653729,0
964,2,0,97653729,0
964,2,1,97659760,0
964,2,4,97661206,0
964,3,0,97661207,0
964,3,1,97667242,0
964,3,4,97668674,0
964,4,0,97668675,0
964,4,1,97674709,0
964,4,4,97676143,0
964,5,0,97676144,0
964,5,1,97682174,0
964,5,4,97683628,0
964,6,0,97683629,0
964,6,1,97689659,0
964,6,4,97691085,0
964,7,0,97691085,0
964,7,1,97697120,0
964,7,4,97698566,0
964,8,0,97698567,0
964,8,1,97704602,0
964,8,4,97706028,0
964,9,0,97706029,0
964,9,1,97712059,0
964,9,4,97713480,0
964,10,0,97713481,0
964,10,1,97719511,0
964,10,4,97720961,0
964,11,0,97720962,0
964,11,1,97726996,0
964,11,4,97728428,0
964,12,0,97728428,0
964,12,1,97734463,0
964,12,4,97735884,0
964,13,0,97735885,0
964,13,1,97741916,0
964,13,4,97743343,0
964,14,0,97743343,0
964,14,1,97749374,0
964,14,2,97750828,0
964,14,3,97752250,0
964,14,5,97752278,0
964,15,0,97752278,0
964,15,1,97758313,0
964,15,4,97759734,0
964,16,0,97759734,0
964,16,1,97765769,0
964,16,4,97767216,0
964,17,0,97767217,0
964,17,1,97773252,0
964,17,2,97774705,0
964,17,3,97776120,0
964,17,8,97777757,0
965,1,0,97924406,0
965,1,1,97930508,0
965,1,4,97931924,0
965,2,0,97931925,0
965,2,1,97937959,0
965,2,2,97939413,0
965,2,3,97940835,0
965,2,8,97942473,0
966,1,0,97980346,0
966,1,1,97986440,0
966,1,4,97987867,0
966,2,0,97987868,0
966,2,1,97993902,0
966,2,2,97995356,0
966,2,3,97996779,0
966,2,8,97998416,0
967,1,0,98036278,0
967,1,1,98042367,0
967,1,2,98043825,0
967,1,3,98045248,0
967,1,5,98045258,0
967,2,0,98045259,0
967,2,1,98051289,0
967,2,2,98052747,0
967,2,3,98054161,0
967,2,5,98054186,0
967,3,0,98054187,0
967,3,1,98060218,0
967,3,2,98061671,0
967,3,3,98063090,0
967,3,5,98063104,0
967,4,0,98063105,0
967,4,1,98069135,0
967,4,2,98070589,0
967,4,3,98072003,0
967,4,5,98072036,0
967,5,0,98072037,0
967,5,1,98078071,0
967,5,4,98079510,0
967,6,0,98079510,0
967,6,1,98085545,0
967,6,2,98086998,0
967,6,3,98088413,0
967,6,5,98088440,0
967,7,0,98088440,0
967,7,1,98094475,0
967,7,2,98095929,0
967,7,3,98097343,0
967,7,8,98098981,0
968,1,0,98193281,0
968,1,1,98199383,0
968,1,2,98200837,0
968,1,3,98202259,0
968,1,5,98202274,0
968,2,0,98202275,0
968,2,1,98208309,0
968,2,4,98209756,0
968,3,0,98209757,0
968,3,1,98215791,0
968,3,4,98217234,0
968,4,0,98217235,0
968,4,1,98223269,0
968,4,2,98224723,0
968,4,3,98226138,0
968,4,5,98226141,0
968,5,0,98226142,0
968,5,1,98232172,0
968,5,2,98233629,0
968,5,3,98235044,0
968,5,5,98235052,0
968,6,0,98235053,0
968,6,1,98241083,0
968,6,4,98242509,0
968,7,0,98242510,0
968,7,1,98248545,0
968,7,2,98249998,0
968,7,3,98251413,0
968,7,8,98253055,0
969,1,0,98338331,0
969,1,1,98344437,0
969,1,4,98345859,0
969,2,0,98345860,0
969,2,1,98351890,0
969,2,2,98353348,0
969,2,3,98354771,0
969,2,5,98354773,0
969,3,0,98354774,0
969,3,1,98360804,0
969,3,4,98362248,0
969,4,0,98362249,0
969,4,1,98368283,0
969,4,2,98369736,0
969,4,3,98371151,0
969,4,8,98372792,0
970,1,0,98428729,0
970,1,1,98434835,0
970,1,2,98436289,0
970,1,3,98437711,0
970,1,8,98439348,0
971,1,0,98470451,0
971,1,1,98476545,0
971,1,4,98477986,0
971,2,0,98477987,0
971,2,1,98484022,0
971,2,2,98485475,0
971,2,3,98486898,0
971,2,8,98488535,0
972,1,0,98526410,0
972,1,1,98532511,0
972,1,4,98533938,0
972,2,0,98533939,0
972,2,1,98539969,0
972,2,2,98541423,0
972,2,3,98542846,0
972,2,5,98542859,0
972,3,0,98542860,0
972,3,1,98548891,0
972,3,2,98550344,0
972,3,3,98551759,0
972,3,5,98551779,0
972,4,0,98551780,0
972,4,1,98557815,0
972,4,4,98559265,0
972,5,0,98559266,0
972,5,1,98565300,0
972,5,4,98566728,0
972,6,0,98566729,0
972,6,1,98572764,0
972,6,4,98574197,0
972,7,0,98574197,0
972,7,1,98580228,0
972,7,4,98581657,0
972,8,0,98581658,0
972,8,1,98587692,0
972,8,2,98589146,0
972,8,3,98590561,0
972,8,5,98590594,0
972,9,0,98590594,0
972,9,1,98596629,0
972,9,2,98598083,0
972,9,3,98599497,0
972,9,5,98599529,0
972,10,0,98599530,0
972,10,1,98605565,0
972,10,4,98606992,0
972,11,0,98606993,0
972,11,1,98613027,0
972,11,2,98614481,0
972,11,3,98615896,0
972,11,5,98615912,0
972,12,0,98615913,0
972,12,1,98621944,0
972,12,2,98623401,0
972,12,3,98624816,0
972,12,8,98626453,0
973,1,0,98755913,0
973,1,1,98762015,0
973,1,4,98763470,0
973,2,0,98763470,0
973,2,1,98769501,0
973,2,4,98770925,0
973,3,0,98770926,0
973,3,1,98776960,0
973,3,2,98778414,0
973,3,3,98779836,0
973,3,5,98779837,0
973,4,0,98779838,0
973,4,1,98785873,0
973,4,2,98787327,0
973,4,3,98788741,0
973,4,5,98788767,0
973,5,0,98788768,0
973,5,1,98794803,0
973,5,4,98796225,0
973,6,0,98796226,0
973,6,1,98802257,0
973,6,2,98803714,0
973,6,3,98805129,0
973,6,8,98806766,0
974,1,0,98880758,0
974,1,1,98886864,0
974,1,2,98888318,0
974,1,3,98889740,0
974,1,8,98891377,0
975,1,0,98922493,0
975,1,1,98928599,0
975,1,2,98930053,0
975,1,3,98931475,0
975,1,5,98931509,0
975,2,0,98931510,0
975,2,1,98937544,0
975,2,2,98938998,0
975,2,3,98940412,0
975,2,5,98940418,0
975,3,0,98940419,0
975,3,1,98946453,0
975,3,2,98947907,0
975,3,3,98949322,0
975,3,8,98950959,0
976,1,0,99004632,0
976,1,1,99010722,0
976,1,2,99012175,0
976,1,3,99013602,0
976,1,5,99013626,0
976,2,0,99013627,0
976,2,1,99019657,0
976,2,4,99021109,0
976,3,0,99021110,0
976,3,1,99027144,0
976,3,4,99028567,0
976,4,0,99028568,0
976,4,1,99034602,0
976,4,4,99036021,0
976,5,0,99036021,0
976,5,1,99042052,0
976,5,4,99043474,0
976,6,0,99043475,0
976,6,1,99049506,0
976,6,2,99050959,0
976,6,3,99052374,0
976,6,5,99052379,0
976,7,0,99052380,0
976,7,1,99058415,0
976,7,2,99059868,0
976,7,3,99061283,0
976,7,8,99062924,0
977,1,0,99143667,0
977,1,1,99149756,0
977,1,2,99151210,0
977,1,3,99152632,0
977,1,5,99152672,0
977,2,0,99152673,0
977,2,1,99158707,0
977,2,2,99160160,0
977,2,3,99161575,0
977,2,5,99161591,0
977,3,0,99161592,0
977,3,1,99167626,0
977,3,2,99169080,0
977,3,3,99170494,0
977,3,5,99170496,0
977,4,0,99170497,0
977,4,1,99176532,0
977,4,4,99177984,0
977,5,0,99177985,0
977,5,1,99184020,0
977,5,4,99185437,0
977,6,0,99185438,0
977,6,1,99191468,0
977,6,2,99192926,0
977,6,3,99194341,0
977,6,8,99195978,0
978,1,0,99274460,0
978,1,1,99280550,0
978,1,4,99281985,0
978,2,0,99281986,0
978,2,1,99288020,0
978,2,4,99289448,0
978,3,0,99289448,0
978,3,1,99295483,0
978,3,4,99296912,0
978,4,0,99296913,0
978,4,1,99302947,0
978,4,2,99304401,0
978,4,3,99305823,0
978,4,5,99305835,0
978,5,0,99305836,0
978,5,1,99311866,0
978,5,4,99313300,0
978,6,0,99313301,0
978,6,1,99319332,0
978,6,4,99320764,0
978,7,0,99320765,0
978,7,1,99326800,0
978,7,2,99328253,0
978,7,3,99329668,0
978,7,8,99331305,0
979,1,0,99407535,0
979,1,1,99413628,0
979,1,4,99415047,0
979,2,0,99415048,0
979,2,1,99421079,0
979,2,4,99422494,0
979,3,0,99422495,0
979,3,1,99428529,0
979,3,4,99429952,0
979,4,0,99429953,0
979,4,1,99435987,0
979,4,2,99437441,0
979,4,3,99438863,0
979,4,5,99438880,0
979,5,0,99438881,0
979,5,1,99444915,0
979,5,4,99446338,0
979,6,0,99446339,0
979,6,1,99452369,0
979,6,2,99453827,0
979,6,3,99455241,0
979,6,5,99455269,0
979,7,0,99455270,0
979,7,1,99461300,0
979,7,4,99462724,0
979,8,0,99462725,0
979,8,1,99468756,0
979,8,2,99470209,0
979,8,3,99471624,0
979,8,5,99471645,0
979,9,0,99471646,0
979,9,1,99477680,0
979,9,2,99479134,0
979,9,3,99480549,0
979,9,5,99480553,0
979,10,0,99480553,0
979,10,1,99486588,0
979,10,2,99488041,0
979,10,3,99489456,0
979,10,5,99489475,0
979,11,0,99489476,0
979,11,1,99495510,0
979,11,2,99496964,0
979,11,3,99498379,0
979,11,5,99498400,0
979,12,0,99498401,0
979,12,1,99504435,0
979,12,4,99505856,0
979,13,0,99505857,0
979,13,1,99511887,0
979,13,2,99513345,0
979,13,3,99514760,0
979,13,5,99514782,0
979,14,0,99514782,0
979,14,1,99520813,0
979,14,4,99522244,0
979,15,0,99522245,0
979,15,1,99528279,0
979,15,4,99529731,0
979,16,0,99529732,0
979,16,1,99535767,0
979,16,4,99537206,0
979,17,0,99537206,0
979,17,1,99543241,0
979,17,2,99544695,0
979,17,3,99546109,0
979,17,5,99546113,0
979,18,0,99546114,0
979,18,1,99552145,0
979,18,2,99553602,0
979,18,3,99555017,0
979,18,5,99555039,0
979,19,0,99555040,0
979,19,1,99561070,0
979,19,4,99562497,0
979,20,0,99562498,0
979,20,1,99568532,0
979,20,2,99569986,0
979,20,3,99571400,0
979,20,5,99571429,0
979,21,0,99571430,0
979,21,1,99577464,0
979,21,2,99578918,0
979,21,3,99580333,0
979,21,5,99580336,0
979,22,0,99580337,0
979,22,1,99586371,0
979,22,4,99587803,0
979,23,0,99587804,0
979,23,1,99593839,0
979,23,2,99595292,0
979,23,3,99596707,0
979,23,5,99596725,0
979,24,0,99596726,0
979,24,1,99602760,0
979,24,4,99604175,0
979,25,0,99604176,0
979,25,1,99610207,0
979,25,2,99611660,0
979,25,3,99613079,0
979,25,8,99614717,0
980,1,0,99868544,0
980,1,1,99874639,0
980,1,4,99876077,0
980,2,0,99876078,0
980,2,1,99882108,0
980,2,2,99883566,0
980,2,3,99884988,0
980,2,8,99886626,0
981,1,0,99924483,0
981,1,1,99930573,0
981,1,2,99932027,0
981,1,3,99933454,0
981,1,8,99935091,0
982,1,0,99966178,0
982,1,1,99972268,0
982,1,4,99973689,0
982,2,0,99973690,0
982,2,1,99979721,0
982,2,2,99981174,0
982,2,3,99982597,0
982,2,5,99982614,0
982,3,0,99982615,0
982,3,1,99988650,0
982,3,2,99990103,0
982,3,3,99991518,0
982,3,8,99993160,0
983,1,0,100042314,0
983,1,1,100048419,0
983,1,4,100049865,0
983,2,0,100049866,0
983,2,1,100055900,0
983,2,2,100057354,0
983,2,3,100058777,0
983,2,5,100058792,0
983,3,0,100058793,0
983,3,1,100064828,0
983,3,4,100066260,0
983,4,0,100066261,0
983,4,1,100072292,0
983,4,2,100073749,0
983,4,3,100075164,0
983,4,8,100076801,0
984,1,0,100134294,0
984,1,1,100140380,0
984,1,2,100141834,0
984,1,3,100143260,0
984,1,8,100144898,0
985,1,0,100176597,0
985,1,1,100182682,0
985,1,2,100184140,0
985,1,3,100185562,0
985,1,8,100187199,0
986,1,0,100218899,0
986,1,1,100224989,0
986,1,4,100226410,0
986,2,0,100226411,0
986,2,1,100232441,0
986,2,2,100233899,0
986,2,3,100235321,0
986,2,8,100236959,0
987,1,0,100275689,0
987,1,1,100281775,0
987,1,2,100283232,0
987,1,3,100284655,0
987,1,5,100284671,0
987,2,0,100284672,0
987,2,1,100290702,0
987,2,4,100292123,0
987,3,0,100292124,0
987,3,1,100298158,0
987,3,4,100299577,0
987,4,0,100299577,0
987,4,1,100305612,0
987,4,2,100307065,0
987,4,3,100308480,0
987,4,8,100310117,0
988,1,0,100367602,0
988,1,1,100373692,0
988,1,2,100375145,0
988,1,3,100376568,0
988,1,8,100378205,0
989,1,0,100409905,0
989,1,1,100415994,0
989,1,2,100417447,0
989,1,3,100418870,0
989,1,5,100418874,0
989,2,0,100418875,0
989,2,1,100424909,0
989,2,4,100426354,0
989,3,0,100426355,0
989,3,1,100432385,0
989,3,2,100433843,0
989,3,3,100435258,0
989,3,5,100435260,0
989,4,0,100435261,0
989,4,1,100441291,0
989,4,4,100442735,0
989,5,0,100442736,0
989,5,1,100448767,0
989,5,4,100450183,0
989,6,0,100450184,0
989,6,1,100456218,0
989,6,4,100457644,0
989,7,0,100457644,0
989,7,1,100463679,0
989,7,2,100465132,0
989,7,3,100466547,0
989,7,8,100468184,0
990,1,0,100551447,0
990,1,1,100557537,0
990,1,2,100558990,0
990,1,3,100560413,0
990,1,8,100562050,0
991,1,0,100593758,0
991,1,1,100599844,0
991,1,2,100601297,0
991,1,3,100602724,0
991,1,5,100602749,0
991,2,0,100602750,0
991,2,1,100608781,0
991,2,2,100610234,0
991,2,3,100611649,0
991,2,8,100613290,0
992,1,0,100656708,0
992,1,1,100662798,0
992,1,4,100664242,0
992,2,0,100664243,0
992,2,1,100670274,0
992,2,4,100671714,0
992,3,0,100671715,0
992,3,1,100677749,0
992,3,2,100679203,0
992,3,3,100680626,0
992,3,8,100682263,0
993,1,0,100728041,0
993,1,1,100734143,0
993,1,4,100735573,0
993,2,0,100735574,0
993,2,1,100741604,0
993,2,2,100743061,0
993,2,3,100744484,0
993,2,5,100744511,0
993,3,0,100744512,0
993,3,1,100750543,0
993,3,4,100751960,0
993,4,0,100751961,0
993,4,1,100757995,0
993,4,4,100759428,0
993,5,0,100759429,0
993,5,1,100765464,0
993,5,2,100766917,0
993,5,3,100768332,0
993,5,8,100769969,0
994,1,0,100834497,0
994,1,1,100840583,0
994,1,2,100842037,0
994,1,3,100843463,0
994,1,8,100845101,0
995,1,0,100876800,0
995,1,1,100882890,0
995,1,2,100884343,0
995,1,3,100885766,0
995,1,8,100887403,0
996,1,0,100919114,0
996,1,1,100925216,0
996,1,4,100926635,0
996,2,0,100926635,0
996,2,1,100932666,0
996,2,2,100934123,0
996,2,3,100935546,0
996,2,5,100935554,0
996,3,0,100935555,0
996,3,1,100941585,0
996,3,4,100943006,0
996,4,0,100943007,0
996,4,1,100949037,0
996,4,2,100950491,0
996,4,3,100951906,0
996,4,5,100951912,0
996,5,0,100951913,0
996,5,1,100957948,0
996,5,4,100959371,0
996,6,0,100959372,0
996,6,1,100965406,0
996,6,4,100966849,0
996,7,0,100966850,0
996,7,1,100972884,0
996,7,4,100974303,0
996,8,0,100974304,0
996,8,1,100980334,0
996,8,2,100981788,0
996,8,3,100983207,0
996,8,5,100983239,0
996,9,0,100983240,0
996,9,1,100989270,0
996,9,4,100990721,0
996,10,0,100990722,0
996,10,1,100996756,0
996,10,2,100998210,0
996,10,3,100999624,0
996,10,5,100999644,0
996,11,0,100999645,0
996,11,1,101005680,0
996,11,4,101007097,0
996,12,0,101007098,0
996,12,1,101013132,0
996,12,4,101014559,0
996,13,0,101014560,0
996,13,1,101020590,0
996,13,2,101022043,0
996,13,3,101023462,0
996,13,5,101023473,0
996,14,0,101023473,0
996,14,1,101029504,0
996,14,4,101030934,0
996,15,0,101030935,0
996,15,1,101036970,0
996,15,4,101038396,0
996,16,0,101038397,0
996,16,1,101044432,0
996,16,4,101045877,0
996,17,0,101045878,0
996,17,1,101051908,0
996,17,2,101053366,0
996,17,3,101054781,0
996,17,8,101056418,0
997,1,0,101226930,0
997,1,1,101233020,0
997,1,4,101234441,0
997,2,0,101234442,0
997,2,1,101240472,0
997,2,2,101241926,0
997,2,3,101243353,0
997,2,5,101243363,0
997,3,0,101243364,0
997,3,1,101249394,0
997,3,2,101250847,0
997,3,3,101252262,0
997,3,5,101252263,0
997,4,0,101252264,0
997,4,1,101258299,0
997,4,4,101259731,0
997,5,0,101259732,0
997,5,1,101265766,0
997,5,2,101267220,0
997,5,3,101268634,0
997,5,8,101270272,0
998,1,0,101339475,0
998,1,1,101345565,0
998,1,2,101347018,0
998,1,3,101348441,0
998,1,8,101350078,0
999,1,0,101381782,0
999,1,1,101387871,0
999,1,4,101389314,0
999,2,0,101389315,0
999,2,1,101395349,0
999,2,2,101396803,0
999,2,3,101398225,0
999,2,8,101399863,0
