board,set,invocation,key,message,partition,attempt,reason,entry_us,z_check_us,w0_check_us,ct0_check_us,hint_check_us,exit_us,attempt_us
rp2040_2,65,0,0,0,diagnostic_calibration,1,1,56956,91476,0,0,0,91592,34636
rp2040_2,65,0,0,0,diagnostic_calibration,2,0,91597,125956,134029,141980,142667,142670,51073
rp2040_2,65,1,1,0,diagnostic_calibration,1,0,56976,91498,99582,107532,108220,108226,51250
rp2040_2,65,2,2,0,diagnostic_calibration,1,1,56982,91508,0,0,0,91571,34589
rp2040_2,65,2,2,0,diagnostic_calibration,2,1,91577,125942,0,0,0,125952,34375
rp2040_2,65,2,2,0,diagnostic_calibration,3,2,125956,160289,168361,0,0,168414,42458
rp2040_2,65,2,2,0,diagnostic_calibration,4,1,168416,202747,0,0,0,202755,34339
rp2040_2,65,2,2,0,diagnostic_calibration,5,2,202756,237059,245120,0,0,245156,42400
rp2040_2,65,2,2,0,diagnostic_calibration,6,2,245156,279492,287553,0,0,287558,42402
rp2040_2,65,2,2,0,diagnostic_calibration,7,2,287558,321888,329949,0,0,329995,42437
rp2040_2,65,2,2,0,diagnostic_calibration,8,2,329995,364339,372400,0,0,372512,42517
rp2040_2,65,2,2,0,diagnostic_calibration,9,2,372513,406833,414894,0,0,415021,42508
rp2040_2,65,2,2,0,diagnostic_calibration,10,2,415022,449356,457417,0,0,457471,42449
rp2040_2,65,2,2,0,diagnostic_calibration,11,1,457471,491797,0,0,0,491861,34390
rp2040_2,65,2,2,0,diagnostic_calibration,12,1,491862,526167,0,0,0,526281,34419
rp2040_2,65,2,2,0,diagnostic_calibration,13,0,526281,560587,568648,576594,577280,577283,51002
rp2040_2,65,3,3,0,diagnostic_calibration,1,1,57007,91520,0,0,0,91541,34534
rp2040_2,65,3,3,0,diagnostic_calibration,2,1,91547,125905,0,0,0,125956,34409
rp2040_2,65,3,3,0,diagnostic_calibration,3,0,125957,160271,168345,176295,176981,176984,51027
rp2040_2,65,4,4,0,diagnostic_calibration,1,1,56961,91469,0,0,0,91541,34580
rp2040_2,65,4,4,0,diagnostic_calibration,2,2,91547,125895,133970,0,0,133999,42452
rp2040_2,65,4,4,0,diagnostic_calibration,3,2,134002,168341,176404,0,0,176420,42418
rp2040_2,65,4,4,0,diagnostic_calibration,4,2,176421,210748,218809,0,0,218958,42537
rp2040_2,65,4,4,0,diagnostic_calibration,5,1,218958,253282,0,0,0,253385,34427
rp2040_2,65,4,4,0,diagnostic_calibration,6,2,253385,287698,295759,0,0,295889,42504
rp2040_2,65,4,4,0,diagnostic_calibration,7,2,295890,330220,338281,0,0,338307,42417
rp2040_2,65,4,4,0,diagnostic_calibration,8,0,338308,372645,380706,388652,389338,389341,51033
rp2040_2,65,5,5,0,diagnostic_holdout,1,0,56986,91518,99602,107552,108238,108244,51258
rp2040_2,65,6,6,0,diagnostic_holdout,1,1,56960,91477,0,0,0,91524,34564
rp2040_2,65,6,6,0,diagnostic_holdout,2,0,91529,125878,133952,141903,142588,142591,51062
rp2040_2,65,7,7,0,diagnostic_holdout,1,2,56984,91505,99588,0,0,99652,42668
rp2040_2,65,7,7,0,diagnostic_holdout,2,1,99658,134056,0,0,0,134147,34489
rp2040_2,65,7,7,0,diagnostic_holdout,3,1,134150,168474,0,0,0,168557,34407
rp2040_2,65,7,7,0,diagnostic_holdout,4,1,168558,202866,0,0,0,202970,34412
rp2040_2,65,7,7,0,diagnostic_holdout,5,1,202970,237287,0,0,0,237357,34387
rp2040_2,65,7,7,0,diagnostic_holdout,6,1,237358,271667,0,0,0,271733,34375
rp2040_2,65,7,7,0,diagnostic_holdout,7,2,271733,306046,314109,0,0,314141,42408
rp2040_2,65,7,7,0,diagnostic_holdout,8,0,314142,348473,356534,364481,365167,365170,51028
rp2040_2,65,8,8,0,diagnostic_holdout,1,0,56983,91508,99592,107542,108229,108235,51252
rp2040_2,65,9,9,0,diagnostic_holdout,1,1,56996,91524,0,0,0,91568,34572
rp2040_2,65,9,9,0,diagnostic_holdout,2,2,91574,125940,134013,0,0,134109,42535
rp2040_2,65,9,9,0,diagnostic_holdout,3,1,134112,168449,0,0,0,168496,34384
rp2040_2,65,9,9,0,diagnostic_holdout,4,0,168497,202812,210875,218822,219508,219511,51014
rp2040_2,65,10,0,1,diagnostic_calibration,1,2,56960,91478,99561,0,0,99651,42691
rp2040_2,65,10,0,1,diagnostic_calibration,2,2,99657,134040,142104,0,0,142176,42519
rp2040_2,65,10,0,1,diagnostic_calibration,3,1,142178,176521,0,0,0,176639,34461
rp2040_2,65,10,0,1,diagnostic_calibration,4,0,176640,210953,219014,226960,227647,227651,51011
rp2040_2,65,11,1,1,diagnostic_calibration,1,1,56966,91478,0,0,0,91599,34633
rp2040_2,65,11,1,1,diagnostic_calibration,2,1,91604,125951,0,0,0,125961,34357
rp2040_2,65,11,1,1,diagnostic_calibration,3,1,125964,160286,0,0,0,160379,34415
rp2040_2,65,11,1,1,diagnostic_calibration,4,1,160380,194698,0,0,0,194705,34325
rp2040_2,65,11,1,1,diagnostic_calibration,5,0,194706,229015,237086,245036,245722,245725,51019
rp2040_2,65,12,2,1,diagnostic_calibration,1,2,57000,91527,99610,0,0,99699,42699
rp2040_2,65,12,2,1,diagnostic_calibration,2,0,99704,134085,142151,150097,150783,150786,51082
rp2040_2,65,13,3,1,diagnostic_calibration,1,2,56973,91488,99571,0,0,99633,42660
rp2040_2,65,13,3,1,diagnostic_calibration,2,0,99637,134026,142090,150037,150723,150726,51089
rp2040_2,65,14,4,1,diagnostic_calibration,1,1,56968,91468,0,0,0,91490,34522
rp2040_2,65,14,4,1,diagnostic_calibration,2,1,91494,125865,0,0,0,125888,34394
rp2040_2,65,14,4,1,diagnostic_calibration,3,1,125891,160212,0,0,0,160263,34372
rp2040_2,65,14,4,1,diagnostic_calibration,4,2,160264,194577,202648,0,0,202694,42430
rp2040_2,65,14,4,1,diagnostic_calibration,5,0,202695,237034,245098,253045,253730,253734,51039
rp2040_2,65,15,5,1,diagnostic_holdout,1,2,56975,91506,99589,0,0,99651,42676
rp2040_2,65,15,5,1,diagnostic_holdout,2,2,99656,134045,142112,0,0,142173,42517
rp2040_2,65,15,5,1,diagnostic_holdout,3,2,142174,176515,184578,0,0,184597,42423
rp2040_2,65,15,5,1,diagnostic_holdout,4,2,184598,218944,227005,0,0,227011,42413
rp2040_2,65,15,5,1,diagnostic_holdout,5,1,227011,261339,0,0,0,261449,34438
rp2040_2,65,15,5,1,diagnostic_holdout,6,2,261449,295763,303824,0,0,303895,42446
rp2040_2,65,15,5,1,diagnostic_holdout,7,2,303895,338226,346287,0,0,346290,42395
rp2040_2,65,15,5,1,diagnostic_holdout,8,2,346291,380622,388683,0,0,388754,42463
rp2040_2,65,15,5,1,diagnostic_holdout,9,0,388754,423078,431139,439085,439771,439774,51020
rp2040_2,65,16,6,1,diagnostic_holdout,1,0,56961,91481,99565,107516,108202,108208,51247
rp2040_2,65,17,7,1,diagnostic_holdout,1,1,56976,91506,0,0,0,91549,34573
rp2040_2,65,17,7,1,diagnostic_holdout,2,1,91554,125909,0,0,0,125926,34372
rp2040_2,65,17,7,1,diagnostic_holdout,3,0,125927,160252,168324,176274,176961,176964,51037
rp2040_2,65,18,8,1,diagnostic_holdout,1,1,56953,91478,0,0,0,91572,34619
rp2040_2,65,18,8,1,diagnostic_holdout,2,1,91576,125934,0,0,0,126062,34486
rp2040_2,65,18,8,1,diagnostic_holdout,3,2,126063,160389,168459,0,0,168518,42455
rp2040_2,65,18,8,1,diagnostic_holdout,4,1,168519,202857,0,0,0,202975,34456
rp2040_2,65,18,8,1,diagnostic_holdout,5,1,202976,237289,0,0,0,237335,34359
rp2040_2,65,18,8,1,diagnostic_holdout,6,1,237336,271643,0,0,0,271684,34348
rp2040_2,65,18,8,1,diagnostic_holdout,7,0,271685,306000,314062,322009,322695,322698,51013
rp2040_2,65,19,9,1,diagnostic_holdout,1,1,56970,91501,0,0,0,91608,34638
rp2040_2,65,19,9,1,diagnostic_holdout,2,2,91613,125986,134058,0,0,134101,42488
rp2040_2,65,19,9,1,diagnostic_holdout,3,2,134103,168458,176522,0,0,176542,42439
rp2040_2,65,19,9,1,diagnostic_holdout,4,2,176543,210876,218937,0,0,218984,42441
rp2040_2,65,19,9,1,diagnostic_holdout,5,0,218985,253316,261377,269323,270010,270013,51028
rp2040_2,65,20,0,2,diagnostic_calibration,1,2,56982,91518,99601,0,0,99656,42674
rp2040_2,65,20,0,2,diagnostic_calibration,2,2,99662,134047,142113,0,0,142182,42520
rp2040_2,65,20,0,2,diagnostic_calibration,3,1,142184,176523,0,0,0,176606,34422
rp2040_2,65,20,0,2,diagnostic_calibration,4,1,176608,210920,0,0,0,210953,34345
rp2040_2,65,20,0,2,diagnostic_calibration,5,1,210953,245265,0,0,0,245311,34358
rp2040_2,65,20,0,2,diagnostic_calibration,6,1,245312,279619,0,0,0,279681,34369
rp2040_2,65,20,0,2,diagnostic_calibration,7,1,279681,313992,0,0,0,314106,34425
rp2040_2,65,20,0,2,diagnostic_calibration,8,2,314107,348416,356477,0,0,356596,42489
rp2040_2,65,20,0,2,diagnostic_calibration,9,2,356597,390926,398987,0,0,399111,42514
rp2040_2,65,20,0,2,diagnostic_calibration,10,0,399112,433444,441505,449452,450137,450140,51028
rp2040_2,65,21,1,2,diagnostic_calibration,1,0,56967,91487,99570,107521,108206,108213,51246
rp2040_2,65,22,2,2,diagnostic_calibration,1,2,56984,91515,99598,0,0,99625,42641
rp2040_2,65,22,2,2,diagnostic_calibration,2,2,99630,134008,142073,0,0,142089,42459
rp2040_2,65,22,2,2,diagnostic_calibration,3,2,142091,176428,184491,0,0,184563,42472
rp2040_2,65,22,2,2,diagnostic_calibration,4,0,184565,218906,226967,234914,235599,235602,51037
rp2040_2,65,23,3,2,diagnostic_calibration,1,2,56972,91494,99578,0,0,99632,42660
rp2040_2,65,23,3,2,diagnostic_calibration,2,1,99637,134017,0,0,0,134087,34450
rp2040_2,65,23,3,2,diagnostic_calibration,3,2,134088,168409,176474,0,0,176501,42413
rp2040_2,65,23,3,2,diagnostic_calibration,4,2,176501,210847,218909,0,0,218919,42418
rp2040_2,65,23,3,2,diagnostic_calibration,5,2,218919,253247,261308,0,0,261357,42438
rp2040_2,65,23,3,2,diagnostic_calibration,6,0,261357,295687,303748,311694,312381,312384,51027
rp2040_2,65,24,4,2,diagnostic_calibration,1,1,56965,91466,0,0,0,91509,34544
rp2040_2,65,24,4,2,diagnostic_calibration,2,1,91513,125867,0,0,0,125981,34468
rp2040_2,65,24,4,2,diagnostic_calibration,3,1,125981,160296,0,0,0,160401,34420
rp2040_2,65,24,4,2,diagnostic_calibration,4,1,160402,194710,0,0,0,194718,34316
rp2040_2,65,24,4,2,diagnostic_calibration,5,2,194718,229023,237094,0,0,237190,42472
rp2040_2,65,24,4,2,diagnostic_calibration,6,2,237191,271536,279599,0,0,279681,42490
rp2040_2,65,24,4,2,diagnostic_calibration,7,2,279682,314020,322081,0,0,322139,42457
rp2040_2,65,24,4,2,diagnostic_calibration,8,0,322139,356467,364528,372474,373160,373164,51025
rp2040_2,65,25,5,2,diagnostic_holdout,1,0,56968,91488,99572,107523,108209,108215,51247
rp2040_2,65,26,6,2,diagnostic_holdout,1,2,56999,91521,99604,0,0,99762,42763
rp2040_2,65,26,6,2,diagnostic_holdout,2,0,99767,134153,142217,150164,150851,150855,51088
rp2040_2,65,27,7,2,diagnostic_holdout,1,1,56988,91506,0,0,0,91543,34555
rp2040_2,65,27,7,2,diagnostic_holdout,2,1,91548,125916,0,0,0,126039,34491
rp2040_2,65,27,7,2,diagnostic_holdout,3,2,126040,160356,168427,0,0,168439,42399
rp2040_2,65,27,7,2,diagnostic_holdout,4,1,168440,202780,0,0,0,202838,34398
rp2040_2,65,27,7,2,diagnostic_holdout,5,2,202838,237156,245220,0,0,245344,42506
rp2040_2,65,27,7,2,diagnostic_holdout,6,0,245344,279676,287737,295683,296369,296372,51028
rp2040_2,65,28,8,2,diagnostic_holdout,1,1,56967,91495,0,0,0,91555,34588
rp2040_2,65,28,8,2,diagnostic_holdout,2,2,91560,125911,133984,0,0,134058,42498
rp2040_2,65,28,8,2,diagnostic_holdout,3,1,134060,168401,0,0,0,168436,34376
rp2040_2,65,28,8,2,diagnostic_holdout,4,0,168436,202753,210817,218765,219451,219454,51018
rp2040_2,65,29,9,2,diagnostic_holdout,1,1,56997,91541,0,0,0,91579,34582
rp2040_2,65,29,9,2,diagnostic_holdout,2,2,91586,125958,134032,0,0,134166,42580
rp2040_2,65,29,9,2,diagnostic_holdout,3,1,134169,168513,0,0,0,168638,34469
rp2040_2,65,29,9,2,diagnostic_holdout,4,2,168640,202947,211010,0,0,211060,42420
rp2040_2,65,29,9,2,diagnostic_holdout,5,1,211060,245390,0,0,0,245511,34451
rp2040_2,65,29,9,2,diagnostic_holdout,6,2,245511,279825,287886,0,0,288014,42503
rp2040_2,65,29,9,2,diagnostic_holdout,7,2,288015,322340,330401,0,0,330432,42417
rp2040_2,65,29,9,2,diagnostic_holdout,8,1,330433,364763,0,0,0,364773,34340
rp2040_2,65,29,9,2,diagnostic_holdout,9,2,364774,399086,407147,0,0,407156,42382
rp2040_2,65,29,9,2,diagnostic_holdout,10,1,407157,441482,0,0,0,441528,34371
rp2040_2,65,29,9,2,diagnostic_holdout,11,2,441528,475837,483898,0,0,483994,42466
rp2040_2,65,29,9,2,diagnostic_holdout,12,2,483995,518323,526384,0,0,526404,42409
rp2040_2,65,29,9,2,diagnostic_holdout,13,0,526405,560726,568787,576733,577420,577423,51018
rp2040_2,65,30,0,3,diagnostic_calibration,1,2,56995,91533,99616,0,0,99753,42758
rp2040_2,65,30,0,3,diagnostic_calibration,2,0,99759,134153,142220,150166,150851,150856,51097
rp2040_2,65,31,1,3,diagnostic_calibration,1,1,56989,91521,0,0,0,91629,34640
rp2040_2,65,31,1,3,diagnostic_calibration,2,2,91634,125991,134065,0,0,134098,42464
rp2040_2,65,31,1,3,diagnostic_calibration,3,2,134100,168449,176515,0,0,176660,42560
rp2040_2,65,31,1,3,diagnostic_calibration,4,2,176661,210992,219054,0,0,219162,42501
rp2040_2,65,31,1,3,diagnostic_calibration,5,2,219163,253494,261555,0,0,261610,42447
rp2040_2,65,31,1,3,diagnostic_calibration,6,2,261611,295938,303999,0,0,304017,42406
rp2040_2,65,31,1,3,diagnostic_calibration,7,2,304018,338339,346400,0,0,346403,42385
rp2040_2,65,31,1,3,diagnostic_calibration,8,2,346404,380727,388788,0,0,388811,42407
rp2040_2,65,31,1,3,diagnostic_calibration,9,2,388812,423141,431202,0,0,431227,42415
rp2040_2,65,31,1,3,diagnostic_calibration,10,1,431227,465556,0,0,0,465564,34337
rp2040_2,65,31,1,3,diagnostic_calibration,11,2,465565,499876,507937,0,0,507992,42427
rp2040_2,65,31,1,3,diagnostic_calibration,12,2,507993,542322,550383,0,0,550507,42514
rp2040_2,65,31,1,3,diagnostic_calibration,13,0,550507,584837,592898,600844,601530,601533,51026
rp2040_2,65,32,2,3,diagnostic_calibration,1,1,56980,91498,0,0,0,91557,34577
rp2040_2,65,32,2,3,diagnostic_calibration,2,2,91563,125927,134000,0,0,134030,42467
rp2040_2,65,32,2,3,diagnostic_calibration,3,2,134031,168375,176438,0,0,176507,42476
rp2040_2,65,32,2,3,diagnostic_calibration,4,2,176507,210840,218903,0,0,218975,42468
rp2040_2,65,32,2,3,diagnostic_calibration,5,0,218976,253303,261365,269312,269998,270001,51025
rp2040_2,65,33,3,3,diagnostic_calibration,1,0,56971,91498,99582,107532,108219,108225,51254
rp2040_2,65,34,4,3,diagnostic_calibration,1,0,56962,91482,99565,107516,108202,108208,51246
rp2040_2,65,35,5,3,diagnostic_holdout,1,2,56976,91509,99593,0,0,99692,42716
rp2040_2,65,35,5,3,diagnostic_holdout,2,1,99697,134083,0,0,0,134129,34432
rp2040_2,65,35,5,3,diagnostic_holdout,3,2,134130,168454,176518,0,0,176533,42403
rp2040_2,65,35,5,3,diagnostic_holdout,4,2,176534,210867,218928,0,0,218947,42413
rp2040_2,65,35,5,3,diagnostic_holdout,5,0,218947,253274,261335,269281,269967,269969,51022
rp2040_2,65,36,6,3,diagnostic_holdout,1,1,56973,91499,0,0,0,91609,34636
rp2040_2,65,36,6,3,diagnostic_holdout,2,2,91613,125963,134036,0,0,134087,42474
rp2040_2,65,36,6,3,diagnostic_holdout,3,1,134089,168433,0,0,0,168465,34376
rp2040_2,65,36,6,3,diagnostic_holdout,4,2,168466,202776,210838,0,0,210912,42446
rp2040_2,65,36,6,3,diagnostic_holdout,5,2,210913,245242,253302,0,0,253330,42417
rp2040_2,65,36,6,3,diagnostic_holdout,6,1,253331,287660,0,0,0,287690,34359
rp2040_2,65,36,6,3,diagnostic_holdout,7,2,287690,322002,330063,0,0,330128,42438
rp2040_2,65,36,6,3,diagnostic_holdout,8,1,330128,364458,0,0,0,364536,34408
rp2040_2,65,36,6,3,diagnostic_holdout,9,1,364537,398851,0,0,0,398861,34324
rp2040_2,65,36,6,3,diagnostic_holdout,10,2,398862,433165,441226,0,0,441267,42405
rp2040_2,65,36,6,3,diagnostic_holdout,11,2,441268,475595,483655,0,0,483751,42483
rp2040_2,65,36,6,3,diagnostic_holdout,12,0,483752,518088,526149,534095,534782,534785,51033
rp2040_2,65,37,7,3,diagnostic_holdout,1,2,57004,91537,99620,0,0,99668,42664
rp2040_2,65,37,7,3,diagnostic_holdout,2,2,99673,134057,142121,0,0,142148,42475
rp2040_2,65,37,7,3,diagnostic_holdout,3,0,142150,176497,184559,192505,193191,193194,51044
rp2040_2,65,38,8,3,diagnostic_holdout,1,2,56976,91503,99586,0,0,99618,42642
rp2040_2,65,38,8,3,diagnostic_holdout,2,0,99623,134013,142078,150025,150711,150714,51091
rp2040_2,65,39,9,3,diagnostic_holdout,1,1,56974,91486,0,0,0,91608,34634
rp2040_2,65,39,9,3,diagnostic_holdout,2,1,91613,125971,0,0,0,126081,34468
rp2040_2,65,39,9,3,diagnostic_holdout,3,1,126083,160402,0,0,0,160416,34333
rp2040_2,65,39,9,3,diagnostic_holdout,4,2,160416,194730,202801,0,0,202875,42459
rp2040_2,65,39,9,3,diagnostic_holdout,5,1,202876,237220,0,0,0,237232,34356
rp2040_2,65,39,9,3,diagnostic_holdout,6,0,237233,271544,279607,287554,288240,288243,51010
rp2040_2,65,40,0,4,diagnostic_calibration,1,1,56979,91508,0,0,0,91551,34572
rp2040_2,65,40,0,4,diagnostic_calibration,2,2,91556,125909,133983,0,0,134111,42555
rp2040_2,65,40,0,4,diagnostic_calibration,3,1,134113,168456,0,0,0,168513,34400
rp2040_2,65,40,0,4,diagnostic_calibration,4,1,168513,202829,0,0,0,202886,34373
rp2040_2,65,40,0,4,diagnostic_calibration,5,2,202886,237192,245255,0,0,245389,42503
rp2040_2,65,40,0,4,diagnostic_calibration,6,1,245389,279719,0,0,0,279788,34399
rp2040_2,65,40,0,4,diagnostic_calibration,7,2,279789,314094,322157,0,0,322224,42435
rp2040_2,65,40,0,4,diagnostic_calibration,8,0,322224,356549,364610,372556,373242,373245,51021
rp2040_2,65,41,1,4,diagnostic_calibration,1,2,56970,91495,99579,0,0,99629,42659
rp2040_2,65,41,1,4,diagnostic_calibration,2,1,99635,134024,0,0,0,134092,34457
rp2040_2,65,41,1,4,diagnostic_calibration,3,2,134093,168421,176483,0,0,176522,42429
rp2040_2,65,41,1,4,diagnostic_calibration,4,0,176523,210859,218921,226868,227554,227557,51034
rp2040_2,65,42,2,4,diagnostic_calibration,1,1,56990,91520,0,0,0,91563,34573
rp2040_2,65,42,2,4,diagnostic_calibration,2,1,91568,125932,0,0,0,125989,34421
rp2040_2,65,42,2,4,diagnostic_calibration,3,1,125990,160312,0,0,0,160401,34411
rp2040_2,65,42,2,4,diagnostic_calibration,4,1,160402,194716,0,0,0,194763,34361
rp2040_2,65,42,2,4,diagnostic_calibration,5,2,194764,229075,237146,0,0,237184,42420
rp2040_2,65,42,2,4,diagnostic_calibration,6,0,237185,271520,279585,287531,288217,288220,51035
rp2040_2,65,43,3,4,diagnostic_calibration,1,2,56978,91495,99578,0,0,99660,42682
rp2040_2,65,43,3,4,diagnostic_calibration,2,1,99666,134046,0,0,0,134083,34417
rp2040_2,65,43,3,4,diagnostic_calibration,3,2,134085,168398,176462,0,0,176506,42421
rp2040_2,65,43,3,4,diagnostic_calibration,4,1,176507,210836,0,0,0,210922,34415
rp2040_2,65,43,3,4,diagnostic_calibration,5,0,210923,245241,253304,261250,261936,261939,51016
rp2040_2,65,44,4,4,diagnostic_calibration,1,1,57003,91528,0,0,0,91600,34597
rp2040_2,65,44,4,4,diagnostic_calibration,2,1,91605,125977,0,0,0,126059,34454
rp2040_2,65,44,4,4,diagnostic_calibration,3,1,126061,160387,0,0,0,160452,34391
rp2040_2,65,44,4,4,diagnostic_calibration,4,2,160454,194767,202838,0,0,202883,42429
rp2040_2,65,44,4,4,diagnostic_calibration,5,0,202884,237228,245290,253236,253922,253925,51041
rp2040_2,65,45,5,4,diagnostic_holdout,1,1,56992,91515,0,0,0,91565,34573
rp2040_2,65,45,5,4,diagnostic_holdout,2,1,91571,125937,0,0,0,125992,34421
rp2040_2,65,45,5,4,diagnostic_holdout,3,0,125994,160324,168396,176347,177033,177035,51041
rp2040_2,65,46,6,4,diagnostic_holdout,1,1,56992,91504,0,0,0,91639,34647
rp2040_2,65,46,6,4,diagnostic_holdout,2,1,91644,125994,0,0,0,126089,34445
rp2040_2,65,46,6,4,diagnostic_holdout,3,2,126091,160408,168478,0,0,168634,42543
rp2040_2,65,46,6,4,diagnostic_holdout,4,1,168636,202973,0,0,0,203008,34372
rp2040_2,65,46,6,4,diagnostic_holdout,5,2,203009,237327,245389,0,0,245434,42425
rp2040_2,65,46,6,4,diagnostic_holdout,6,2,245435,279763,287825,0,0,287919,42484
rp2040_2,65,46,6,4,diagnostic_holdout,7,2,287920,322253,330314,0,0,330407,42487
rp2040_2,65,46,6,4,diagnostic_holdout,8,0,330408,364741,372802,380749,381436,381439,51031
rp2040_2,65,47,7,4,diagnostic_holdout,1,1,57025,91553,0,0,0,91574,34549
rp2040_2,65,47,7,4,diagnostic_holdout,2,2,91578,125940,134015,0,0,134078,42500
rp2040_2,65,47,7,4,diagnostic_holdout,3,1,134080,168432,0,0,0,168554,34474
rp2040_2,65,47,7,4,diagnostic_holdout,4,2,168554,202875,210940,0,0,210944,42390
rp2040_2,65,47,7,4,diagnostic_holdout,5,0,210945,245281,253343,261290,261976,261979,51034
rp2040_2,65,48,8,4,diagnostic_holdout,1,1,56971,91494,0,0,0,91607,34636
rp2040_2,65,48,8,4,diagnostic_holdout,2,1,91612,125976,0,0,0,126005,34393
rp2040_2,65,48,8,4,diagnostic_holdout,3,1,126007,160325,0,0,0,160433,34426
rp2040_2,65,48,8,4,diagnostic_holdout,4,1,160433,194751,0,0,0,194843,34410
rp2040_2,65,48,8,4,diagnostic_holdout,5,1,194844,229162,0,0,0,229184,34340
rp2040_2,65,48,8,4,diagnostic_holdout,6,2,229185,263494,271565,0,0,271584,42399
rp2040_2,65,48,8,4,diagnostic_holdout,7,1,271585,305924,0,0,0,305933,34348
rp2040_2,65,48,8,4,diagnostic_holdout,8,1,305934,340243,0,0,0,340339,34405
rp2040_2,65,48,8,4,diagnostic_holdout,9,2,340339,374653,382715,0,0,382776,42437
rp2040_2,65,48,8,4,diagnostic_holdout,10,2,382777,417105,425166,0,0,425171,42394
rp2040_2,65,48,8,4,diagnostic_holdout,11,1,425172,459497,0,0,0,459607,34435
rp2040_2,65,48,8,4,diagnostic_holdout,12,1,459607,493923,0,0,0,494027,34420
rp2040_2,65,48,8,4,diagnostic_holdout,13,1,494027,528337,0,0,0,528458,34431
rp2040_2,65,48,8,4,diagnostic_holdout,14,0,528459,562775,570836,578783,579469,579472,51013
rp2040_2,65,49,9,4,diagnostic_holdout,1,2,56985,91506,99590,0,0,99725,42740
rp2040_2,65,49,9,4,diagnostic_holdout,2,2,99729,134108,142172,0,0,142222,42493
rp2040_2,65,49,9,4,diagnostic_holdout,3,0,142224,176553,184614,192560,193246,193248,51024
rp2040_2,65,50,0,0,diagnostic_calibration,1,2,56984,91508,99593,0,0,99749,42765
rp2040_2,65,50,0,0,diagnostic_calibration,2,0,99755,134134,142199,150147,150833,150837,51082
rp2040_2,65,51,1,0,diagnostic_calibration,1,1,56993,91524,0,0,0,91627,34634
rp2040_2,65,51,1,0,diagnostic_calibration,2,1,91634,126001,0,0,0,126052,34418
rp2040_2,65,51,1,0,diagnostic_calibration,3,0,126056,160378,168449,176400,177086,177089,51033
rp2040_2,65,52,2,0,diagnostic_calibration,1,2,57011,91533,99616,0,0,99735,42724
rp2040_2,65,52,2,0,diagnostic_calibration,2,1,99740,134143,0,0,0,134160,34420
rp2040_2,65,52,2,0,diagnostic_calibration,3,2,134161,168483,176547,0,0,176563,42402
rp2040_2,65,52,2,0,diagnostic_calibration,4,1,176564,210890,0,0,0,210984,34420
rp2040_2,65,52,2,0,diagnostic_calibration,5,1,210984,245290,0,0,0,245405,34421
rp2040_2,65,52,2,0,diagnostic_calibration,6,1,245406,279712,0,0,0,279796,34390
rp2040_2,65,52,2,0,diagnostic_calibration,7,1,279797,314107,0,0,0,314156,34359
rp2040_2,65,52,2,0,diagnostic_calibration,8,2,314156,348456,356517,0,0,356570,42414
rp2040_2,65,52,2,0,diagnostic_calibration,9,2,356571,390898,398959,0,0,398988,42417
rp2040_2,65,52,2,0,diagnostic_calibration,10,2,398988,433319,441380,0,0,441490,42502
rp2040_2,65,52,2,0,diagnostic_calibration,11,2,441490,475826,483887,0,0,483982,42492
rp2040_2,65,52,2,0,diagnostic_calibration,12,1,483983,518315,0,0,0,518336,34353
rp2040_2,65,52,2,0,diagnostic_calibration,13,1,518336,552646,0,0,0,552679,34343
rp2040_2,65,52,2,0,diagnostic_calibration,14,0,552679,586990,595051,602997,603684,603687,51008
rp2040_2,65,53,3,0,diagnostic_calibration,1,1,56981,91507,0,0,0,91613,34632
rp2040_2,65,53,3,0,diagnostic_calibration,2,1,91618,125986,0,0,0,126047,34429
rp2040_2,65,53,3,0,diagnostic_calibration,3,0,126048,160372,168443,176394,177080,177083,51035
rp2040_2,65,54,4,0,diagnostic_calibration,1,0,56974,91496,99579,107530,108215,108221,51247
rp2040_2,65,55,5,0,diagnostic_holdout,1,1,56990,91515,0,0,0,91557,34567
rp2040_2,65,55,5,0,diagnostic_holdout,2,1,91562,125922,0,0,0,125996,34434
rp2040_2,65,55,5,0,diagnostic_holdout,3,0,125997,160328,168398,176349,177035,177038,51041
rp2040_2,65,56,6,0,diagnostic_holdout,1,1,56994,91523,0,0,0,91586,34592
rp2040_2,65,56,6,0,diagnostic_holdout,2,0,91592,125953,134027,141978,142663,142667,51075
rp2040_2,65,57,7,0,diagnostic_holdout,1,0,56990,91514,99597,107548,108234,108240,51250
rp2040_2,65,58,8,0,diagnostic_holdout,1,1,56977,91495,0,0,0,91538,34561
rp2040_2,65,58,8,0,diagnostic_holdout,2,1,91544,125914,0,0,0,125944,34400
rp2040_2,65,58,8,0,diagnostic_holdout,3,2,125947,160278,168351,0,0,168471,42524
rp2040_2,65,58,8,0,diagnostic_holdout,4,1,168473,202807,0,0,0,202892,34419
rp2040_2,65,58,8,0,diagnostic_holdout,5,1,202893,237202,0,0,0,237207,34314
rp2040_2,65,58,8,0,diagnostic_holdout,6,2,237208,271518,279579,0,0,279681,42473
rp2040_2,65,58,8,0,diagnostic_holdout,7,2,279682,314015,322076,0,0,322084,42402
rp2040_2,65,58,8,0,diagnostic_holdout,8,0,322085,356416,364477,372424,373109,373111,51026
rp2040_2,65,59,9,0,diagnostic_holdout,1,0,56992,91521,99604,107555,108242,108248,51256
rp2040_2,65,60,0,1,diagnostic_calibration,1,1,56986,91513,0,0,0,91582,34596
rp2040_2,65,60,0,1,diagnostic_calibration,2,0,91587,125952,134026,141977,142663,142666,51079
rp2040_2,65,61,1,1,diagnostic_calibration,1,1,56962,91486,0,0,0,91511,34549
rp2040_2,65,61,1,1,diagnostic_calibration,2,2,91516,125883,133958,0,0,134035,42519
rp2040_2,65,61,1,1,diagnostic_calibration,3,0,134036,168379,176444,184391,185077,185081,51045
rp2040_2,65,62,2,1,diagnostic_calibration,1,2,57018,91532,99614,0,0,99664,42646
rp2040_2,65,62,2,1,diagnostic_calibration,2,2,99670,134062,142128,0,0,142229,42559
rp2040_2,65,62,2,1,diagnostic_calibration,3,2,142232,176587,184649,0,0,184663,42431
rp2040_2,65,62,2,1,diagnostic_calibration,4,1,184664,218996,0,0,0,219002,34338
rp2040_2,65,62,2,1,diagnostic_calibration,5,1,219004,253316,0,0,0,253421,34417
rp2040_2,65,62,2,1,diagnostic_calibration,6,2,253422,287732,295793,0,0,295841,42419
rp2040_2,65,62,2,1,diagnostic_calibration,7,1,295842,330164,0,0,0,330289,34447
rp2040_2,65,62,2,1,diagnostic_calibration,8,1,330289,364608,0,0,0,364674,34385
rp2040_2,65,62,2,1,diagnostic_calibration,9,0,364675,398989,407050,414996,415682,415685,51010
rp2040_2,65,63,3,1,diagnostic_calibration,1,2,56987,91500,99585,0,0,99742,42755
rp2040_2,65,63,3,1,diagnostic_calibration,2,0,99746,134129,142194,150141,150827,150831,51085
rp2040_2,65,64,4,1,diagnostic_calibration,1,1,56983,91513,0,0,0,91537,34554
rp2040_2,65,64,4,1,diagnostic_calibration,2,0,91542,125899,133972,141923,142609,142613,51071
rp2040_2,65,65,5,1,diagnostic_holdout,1,2,56997,91520,99603,0,0,99702,42705
rp2040_2,65,65,5,1,diagnostic_holdout,2,1,99708,134083,0,0,0,134194,34486
rp2040_2,65,65,5,1,diagnostic_holdout,3,0,134195,168506,176570,184516,185202,185205,51010
rp2040_2,65,66,6,1,diagnostic_holdout,1,2,56998,91510,99594,0,0,99677,42679
rp2040_2,65,66,6,1,diagnostic_holdout,2,1,99683,134056,0,0,0,134145,34462
rp2040_2,65,66,6,1,diagnostic_holdout,3,1,134147,168461,0,0,0,168509,34362
rp2040_2,65,66,6,1,diagnostic_holdout,4,1,168509,202828,0,0,0,202852,34343
rp2040_2,65,66,6,1,diagnostic_holdout,5,2,202852,237162,245225,0,0,245231,42379
rp2040_2,65,66,6,1,diagnostic_holdout,6,2,245232,279562,287624,0,0,287743,42511
rp2040_2,65,66,6,1,diagnostic_holdout,7,2,287744,322073,330134,0,0,330220,42476
rp2040_2,65,66,6,1,diagnostic_holdout,8,2,330220,364556,372616,0,0,372729,42509
rp2040_2,65,66,6,1,diagnostic_holdout,9,2,372729,407060,415121,0,0,415188,42459
rp2040_2,65,66,6,1,diagnostic_holdout,10,2,415189,449530,457591,0,0,457636,42447
rp2040_2,65,66,6,1,diagnostic_holdout,11,0,457637,491964,500025,507971,508657,508660,51023
rp2040_2,65,67,7,1,diagnostic_holdout,1,0,56988,91523,99606,107557,108244,108250,51262
rp2040_2,65,68,8,1,diagnostic_holdout,1,2,56970,91485,99568,0,0,99587,42617
rp2040_2,65,68,8,1,diagnostic_holdout,2,2,99592,133964,142032,0,0,142132,42540
rp2040_2,65,68,8,1,diagnostic_holdout,3,0,142135,176465,184526,192472,193158,193160,51025
rp2040_2,65,69,9,1,diagnostic_holdout,1,1,56976,91500,0,0,0,91555,34579
rp2040_2,65,69,9,1,diagnostic_holdout,2,1,91560,125935,0,0,0,126033,34473
rp2040_2,65,69,9,1,diagnostic_holdout,3,2,126036,160355,168427,0,0,168568,42532
rp2040_2,65,69,9,1,diagnostic_holdout,4,2,168570,202911,210974,0,0,211041,42471
rp2040_2,65,69,9,1,diagnostic_holdout,5,2,211041,245373,253435,0,0,253484,42443
rp2040_2,65,69,9,1,diagnostic_holdout,6,1,253485,287813,0,0,0,287822,34337
rp2040_2,65,69,9,1,diagnostic_holdout,7,2,287822,322137,330198,0,0,330281,42459
rp2040_2,65,69,9,1,diagnostic_holdout,8,2,330282,364608,372668,0,0,372759,42477
rp2040_2,65,69,9,1,diagnostic_holdout,9,2,372760,407077,415138,0,0,415192,42432
rp2040_2,65,69,9,1,diagnostic_holdout,10,1,415193,449519,0,0,0,449535,34342
rp2040_2,65,69,9,1,diagnostic_holdout,11,2,449536,483842,491903,0,0,491956,42420
rp2040_2,65,69,9,1,diagnostic_holdout,12,1,491957,526282,0,0,0,526301,34344
rp2040_2,65,69,9,1,diagnostic_holdout,13,1,526302,560612,0,0,0,560626,34324
rp2040_2,65,69,9,1,diagnostic_holdout,14,0,560627,594934,602995,610941,611627,611630,51003
rp2040_2,65,70,0,2,diagnostic_calibration,1,2,56974,91490,99572,0,0,99650,42676
rp2040_2,65,70,0,2,diagnostic_calibration,2,2,99655,134017,142082,0,0,142104,42449
rp2040_2,65,70,0,2,diagnostic_calibration,3,2,142105,176448,184510,0,0,184561,42456
rp2040_2,65,70,0,2,diagnostic_calibration,4,2,184561,218899,226960,0,0,227096,42535
rp2040_2,65,70,0,2,diagnostic_calibration,5,0,227097,261423,269485,277431,278117,278120,51023
rp2040_2,65,71,1,2,diagnostic_calibration,1,2,56969,91493,99576,0,0,99679,42710
rp2040_2,65,71,1,2,diagnostic_calibration,2,2,99684,134074,142138,0,0,142195,42511
rp2040_2,65,71,1,2,diagnostic_calibration,3,1,142196,176540,0,0,0,176642,34446
rp2040_2,65,71,1,2,diagnostic_calibration,4,0,176643,210961,219022,226969,227654,227656,51013
rp2040_2,65,72,2,2,diagnostic_calibration,1,0,56988,91501,99584,107535,108221,108227,51239
rp2040_2,65,73,3,2,diagnostic_calibration,1,0,56986,91513,99597,107548,108235,108241,51255
rp2040_2,65,74,4,2,diagnostic_calibration,1,2,56969,91492,99576,0,0,99601,42632
rp2040_2,65,74,4,2,diagnostic_calibration,2,1,99607,133976,0,0,0,134013,34406
rp2040_2,65,74,4,2,diagnostic_calibration,3,1,134015,168328,0,0,0,168363,34348
rp2040_2,65,74,4,2,diagnostic_calibration,4,1,168363,202676,0,0,0,202731,34368
rp2040_2,65,74,4,2,diagnostic_calibration,5,2,202732,237042,245106,0,0,245183,42451
rp2040_2,65,74,4,2,diagnostic_calibration,6,1,245183,279508,0,0,0,279592,34409
rp2040_2,65,74,4,2,diagnostic_calibration,7,0,279593,313912,321974,329920,330606,330609,51016
rp2040_2,65,75,5,2,diagnostic_holdout,1,1,56977,91501,0,0,0,91572,34595
rp2040_2,65,75,5,2,diagnostic_holdout,2,2,91577,125930,134002,0,0,134024,42447
rp2040_2,65,75,5,2,diagnostic_holdout,3,2,134027,168375,176438,0,0,176449,42422
rp2040_2,65,75,5,2,diagnostic_holdout,4,2,176450,210772,218833,0,0,218864,42414
rp2040_2,65,75,5,2,diagnostic_holdout,5,1,218865,253195,0,0,0,253261,34396
rp2040_2,65,75,5,2,diagnostic_holdout,6,2,253261,287571,295632,0,0,295671,42410
rp2040_2,65,75,5,2,diagnostic_holdout,7,1,295672,330014,0,0,0,330072,34400
rp2040_2,65,75,5,2,diagnostic_holdout,8,0,330072,364387,372448,380394,381080,381083,51011
rp2040_2,65,76,6,2,diagnostic_holdout,1,2,56987,91519,99602,0,0,99706,42719
rp2040_2,65,76,6,2,diagnostic_holdout,2,1,99710,134088,0,0,0,134160,34450
rp2040_2,65,76,6,2,diagnostic_holdout,3,0,134160,168490,176554,184502,185188,185191,51031
rp2040_2,65,77,7,2,diagnostic_holdout,1,2,57010,91525,99608,0,0,99671,42661
rp2040_2,65,77,7,2,diagnostic_holdout,2,1,99677,134055,0,0,0,134132,34455
rp2040_2,65,77,7,2,diagnostic_holdout,3,2,134133,168457,176520,0,0,176614,42481
rp2040_2,65,77,7,2,diagnostic_holdout,4,1,176615,210945,0,0,0,210989,34374
rp2040_2,65,77,7,2,diagnostic_holdout,5,2,210990,245302,253363,0,0,253482,42492
rp2040_2,65,77,7,2,diagnostic_holdout,6,1,253483,287812,0,0,0,287815,34332
rp2040_2,65,77,7,2,diagnostic_holdout,7,2,287816,322123,330184,0,0,330240,42424
rp2040_2,65,77,7,2,diagnostic_holdout,8,2,330240,364573,372634,0,0,372685,42445
rp2040_2,65,77,7,2,diagnostic_holdout,9,2,372686,407010,415071,0,0,415094,42408
rp2040_2,65,77,7,2,diagnostic_holdout,10,2,415095,449422,457483,0,0,457488,42393
rp2040_2,65,77,7,2,diagnostic_holdout,11,1,457488,491816,0,0,0,491892,34404
rp2040_2,65,77,7,2,diagnostic_holdout,12,1,491893,526201,0,0,0,526211,34318
rp2040_2,65,77,7,2,diagnostic_holdout,13,0,526211,560528,568589,576535,577221,577224,51013
rp2040_2,65,78,8,2,diagnostic_holdout,1,2,56958,91473,99555,0,0,99618,42660
rp2040_2,65,78,8,2,diagnostic_holdout,2,2,99623,134013,142079,0,0,142178,42555
rp2040_2,65,78,8,2,diagnostic_holdout,3,1,142181,176518,0,0,0,176600,34419
rp2040_2,65,78,8,2,diagnostic_holdout,4,2,176601,210920,218983,0,0,219034,42433
rp2040_2,65,78,8,2,diagnostic_holdout,5,1,219034,253370,0,0,0,253473,34439
rp2040_2,65,78,8,2,diagnostic_holdout,6,2,253473,287784,295845,0,0,295862,42389
rp2040_2,65,78,8,2,diagnostic_holdout,7,0,295862,330197,338258,346205,346890,346893,51031
rp2040_2,65,79,9,2,diagnostic_holdout,1,2,56976,91496,99579,0,0,99627,42651
rp2040_2,65,79,9,2,diagnostic_holdout,2,2,99633,134010,142074,0,0,142179,42546
rp2040_2,65,79,9,2,diagnostic_holdout,3,1,142181,176528,0,0,0,176657,34476
rp2040_2,65,79,9,2,diagnostic_holdout,4,2,176657,210969,219029,0,0,219161,42504
rp2040_2,65,79,9,2,diagnostic_holdout,5,2,219161,253489,261550,0,0,261569,42408
rp2040_2,65,79,9,2,diagnostic_holdout,6,2,261570,295900,303961,0,0,304017,42447
rp2040_2,65,79,9,2,diagnostic_holdout,7,1,304017,338349,0,0,0,338394,34377
rp2040_2,65,79,9,2,diagnostic_holdout,8,1,338395,372706,0,0,0,372827,34432
rp2040_2,65,79,9,2,diagnostic_holdout,9,2,372827,407142,415203,0,0,415268,42441
rp2040_2,65,79,9,2,diagnostic_holdout,10,2,415269,449598,457659,0,0,457747,42478
rp2040_2,65,79,9,2,diagnostic_holdout,11,1,457748,492077,0,0,0,492121,34373
rp2040_2,65,79,9,2,diagnostic_holdout,12,2,492121,526426,534487,0,0,534547,42426
rp2040_2,65,79,9,2,diagnostic_holdout,13,1,534548,568884,0,0,0,568890,34342
rp2040_2,65,79,9,2,diagnostic_holdout,14,2,568891,603198,611259,0,0,611343,42452
rp2040_2,65,79,9,2,diagnostic_holdout,15,1,611343,645673,0,0,0,645727,34384
rp2040_2,65,79,9,2,diagnostic_holdout,16,1,645727,680042,0,0,0,680119,34392
rp2040_2,65,79,9,2,diagnostic_holdout,17,0,680119,714440,722501,730447,731134,731136,51017
rp2040_2,65,80,0,3,diagnostic_calibration,1,1,56993,91523,0,0,0,91607,34614
rp2040_2,65,80,0,3,diagnostic_calibration,2,2,91612,125974,134047,0,0,134104,42492
rp2040_2,65,80,0,3,diagnostic_calibration,3,2,134106,168448,176512,0,0,176552,42446
rp2040_2,65,80,0,3,diagnostic_calibration,4,1,176553,210881,0,0,0,210944,34391
rp2040_2,65,80,0,3,diagnostic_calibration,5,2,210945,245258,253318,0,0,253333,42388
rp2040_2,65,80,0,3,diagnostic_calibration,6,1,253334,287658,0,0,0,287685,34351
rp2040_2,65,80,0,3,diagnostic_calibration,7,2,287686,321998,330059,0,0,330138,42452
rp2040_2,65,80,0,3,diagnostic_calibration,8,0,330139,364471,372532,380479,381166,381169,51030
rp2040_2,65,81,1,3,diagnostic_calibration,1,0,56978,91518,99601,107552,108237,108243,51265
rp2040_2,65,82,2,3,diagnostic_calibration,1,1,57011,91550,0,0,0,91611,34600
rp2040_2,65,82,2,3,diagnostic_calibration,2,1,91617,125990,0,0,0,126099,34482
rp2040_2,65,82,2,3,diagnostic_calibration,3,0,126100,160426,168498,176449,177135,177138,51038
rp2040_2,65,83,3,3,diagnostic_calibration,1,1,56972,91478,0,0,0,91556,34584
rp2040_2,65,83,3,3,diagnostic_calibration,2,1,91560,125931,0,0,0,126056,34496
rp2040_2,65,83,3,3,diagnostic_calibration,3,1,126057,160381,0,0,0,160480,34423
rp2040_2,65,83,3,3,diagnostic_calibration,4,2,160481,194791,202862,0,0,202891,42410
rp2040_2,65,83,3,3,diagnostic_calibration,5,1,202892,237222,0,0,0,237241,34349
rp2040_2,65,83,3,3,diagnostic_calibration,6,1,237241,271553,0,0,0,271655,34414
rp2040_2,65,83,3,3,diagnostic_calibration,7,0,271656,305959,314022,321969,322656,322658,51002
rp2040_2,65,84,4,3,diagnostic_calibration,1,1,56967,91485,0,0,0,91617,34650
rp2040_2,65,84,4,3,diagnostic_calibration,2,2,91623,125980,134056,0,0,134122,42499
rp2040_2,65,84,4,3,diagnostic_calibration,3,1,134126,168472,0,0,0,168526,34400
rp2040_2,65,84,4,3,diagnostic_calibration,4,1,168527,202842,0,0,0,202951,34424
rp2040_2,65,84,4,3,diagnostic_calibration,5,1,202951,237253,0,0,0,237329,34378
rp2040_2,65,84,4,3,diagnostic_calibration,6,1,237329,271636,0,0,0,271641,34312
rp2040_2,65,84,4,3,diagnostic_calibration,7,1,271641,305946,0,0,0,305993,34352
rp2040_2,65,84,4,3,diagnostic_calibration,8,2,305994,340305,348367,0,0,348397,42403
rp2040_2,65,84,4,3,diagnostic_calibration,9,2,348397,382732,390793,0,0,390845,42448
rp2040_2,65,84,4,3,diagnostic_calibration,10,2,390846,425180,433241,0,0,433257,42411
rp2040_2,65,84,4,3,diagnostic_calibration,11,0,433258,467581,475642,483588,484274,484277,51019
rp2040_2,65,85,5,3,diagnostic_holdout,1,1,56966,91479,0,0,0,91536,34570
rp2040_2,65,85,5,3,diagnostic_holdout,2,2,91541,125896,133970,0,0,134023,42482
rp2040_2,65,85,5,3,diagnostic_holdout,3,0,134024,168377,176440,184386,185073,185076,51052
rp2040_2,65,86,6,3,diagnostic_holdout,1,0,56966,91491,99573,107524,108209,108215,51249
rp2040_2,65,87,7,3,diagnostic_holdout,1,2,56987,91501,99585,0,0,99627,42640
rp2040_2,65,87,7,3,diagnostic_holdout,2,1,99632,134021,0,0,0,134122,34490
rp2040_2,65,87,7,3,diagnostic_holdout,3,2,134124,168442,176506,0,0,176610,42486
rp2040_2,65,87,7,3,diagnostic_holdout,4,2,176611,210942,219005,0,0,219050,42439
rp2040_2,65,87,7,3,diagnostic_holdout,5,1,219051,253390,0,0,0,253465,34414
rp2040_2,65,87,7,3,diagnostic_holdout,6,2,253466,287786,295847,0,0,295853,42387
rp2040_2,65,87,7,3,diagnostic_holdout,7,2,295853,330183,338244,0,0,338296,42443
rp2040_2,65,87,7,3,diagnostic_holdout,8,1,338297,372622,0,0,0,372687,34390
rp2040_2,65,87,7,3,diagnostic_holdout,9,1,372687,407006,0,0,0,407076,34389
rp2040_2,65,87,7,3,diagnostic_holdout,10,0,407076,441382,449443,457390,458075,458078,51002
rp2040_2,65,88,8,3,diagnostic_holdout,1,2,56968,91483,99566,0,0,99679,42711
rp2040_2,65,88,8,3,diagnostic_holdout,2,1,99684,134082,0,0,0,134193,34509
rp2040_2,65,88,8,3,diagnostic_holdout,3,2,134195,168522,176585,0,0,176605,42410
rp2040_2,65,88,8,3,diagnostic_holdout,4,2,176605,210932,218993,0,0,219030,42425
rp2040_2,65,88,8,3,diagnostic_holdout,5,0,219030,253364,261425,269371,270057,270060,51030
rp2040_2,65,89,9,3,diagnostic_holdout,1,1,56991,91521,0,0,0,91637,34646
rp2040_2,65,89,9,3,diagnostic_holdout,2,1,91642,125988,0,0,0,126011,34369
rp2040_2,65,89,9,3,diagnostic_holdout,3,1,126012,160326,0,0,0,160357,34345
rp2040_2,65,89,9,3,diagnostic_holdout,4,1,160358,194678,0,0,0,194708,34350
rp2040_2,65,89,9,3,diagnostic_holdout,5,2,194709,229016,237087,0,0,237108,42399
rp2040_2,65,89,9,3,diagnostic_holdout,6,1,237109,271450,0,0,0,271559,34450
rp2040_2,65,89,9,3,diagnostic_holdout,7,1,271560,305882,0,0,0,305886,34326
rp2040_2,65,89,9,3,diagnostic_holdout,8,2,305886,340197,348260,0,0,348288,42402
rp2040_2,65,89,9,3,diagnostic_holdout,9,1,348289,382621,0,0,0,382692,34403
rp2040_2,65,89,9,3,diagnostic_holdout,10,1,382693,417003,0,0,0,417106,34413
rp2040_2,65,89,9,3,diagnostic_holdout,11,0,417107,451409,459471,467418,468105,468108,51001
rp2040_2,65,90,0,4,diagnostic_calibration,1,1,56959,91478,0,0,0,91573,34614
rp2040_2,65,90,0,4,diagnostic_calibration,2,2,91578,125934,134009,0,0,134021,42443
rp2040_2,65,90,0,4,diagnostic_calibration,3,1,134022,168364,0,0,0,168400,34378
rp2040_2,65,90,0,4,diagnostic_calibration,4,2,168400,202707,210770,0,0,210823,42423
rp2040_2,65,90,0,4,diagnostic_calibration,5,0,210824,245149,253211,261157,261843,261846,51022
rp2040_2,65,91,1,4,diagnostic_calibration,1,2,56981,91518,99601,0,0,99619,42638
rp2040_2,65,91,1,4,diagnostic_calibration,2,1,99624,134005,0,0,0,134133,34509
rp2040_2,65,91,1,4,diagnostic_calibration,3,2,134135,168467,176530,0,0,176663,42528
rp2040_2,65,91,1,4,diagnostic_calibration,4,2,176664,211013,219075,0,0,219110,42446
rp2040_2,65,91,1,4,diagnostic_calibration,5,2,219111,253443,261506,0,0,261544,42433
rp2040_2,65,91,1,4,diagnostic_calibration,6,2,261545,295877,303938,0,0,304013,42468
rp2040_2,65,91,1,4,diagnostic_calibration,7,2,304014,338341,346402,0,0,346467,42453
rp2040_2,65,91,1,4,diagnostic_calibration,8,2,346468,380796,388857,0,0,388928,42460
rp2040_2,65,91,1,4,diagnostic_calibration,9,1,388929,423265,0,0,0,423270,34341
rp2040_2,65,91,1,4,diagnostic_calibration,10,2,423270,457585,465646,0,0,465714,42444
rp2040_2,65,91,1,4,diagnostic_calibration,11,2,465714,500038,508099,0,0,508181,42467
rp2040_2,65,91,1,4,diagnostic_calibration,12,2,508182,542503,550564,0,0,550711,42529
rp2040_2,65,91,1,4,diagnostic_calibration,13,1,550711,585037,0,0,0,585094,34383
rp2040_2,65,91,1,4,diagnostic_calibration,14,1,585095,619407,0,0,0,619413,34318
rp2040_2,65,91,1,4,diagnostic_calibration,15,1,619414,653720,0,0,0,653745,34331
rp2040_2,65,91,1,4,diagnostic_calibration,16,0,653746,688062,696123,704069,704755,704758,51012
rp2040_2,65,92,2,4,diagnostic_calibration,1,2,57005,91531,99614,0,0,99724,42719
rp2040_2,65,92,2,4,diagnostic_calibration,2,2,99731,134123,142191,0,0,142270,42539
rp2040_2,65,92,2,4,diagnostic_calibration,3,0,142271,176621,184684,192630,193317,193320,51049
rp2040_2,65,93,3,4,diagnostic_calibration,1,2,56994,91517,99599,0,0,99632,42638
rp2040_2,65,93,3,4,diagnostic_calibration,2,1,99638,134040,0,0,0,134130,34492
rp2040_2,65,93,3,4,diagnostic_calibration,3,2,134131,168457,176523,0,0,176550,42419
rp2040_2,65,93,3,4,diagnostic_calibration,4,2,176551,210887,218949,0,0,219000,42449
rp2040_2,65,93,3,4,diagnostic_calibration,5,1,219001,253331,0,0,0,253444,34443
rp2040_2,65,93,3,4,diagnostic_calibration,6,0,253445,287755,295817,303763,304449,304451,51006
rp2040_2,65,94,4,4,diagnostic_calibration,1,1,56978,91505,0,0,0,91608,34630
rp2040_2,65,94,4,4,diagnostic_calibration,2,0,91612,125961,134034,141985,142672,142676,51064
rp2040_2,65,95,5,4,diagnostic_holdout,1,1,56979,91506,0,0,0,91546,34567
rp2040_2,65,95,5,4,diagnostic_holdout,2,1,91551,125913,0,0,0,125942,34391
rp2040_2,65,95,5,4,diagnostic_holdout,3,1,125943,160263,0,0,0,160366,34423
rp2040_2,65,95,5,4,diagnostic_holdout,4,0,160367,194675,202746,210697,211382,211385,51018
rp2040_2,65,96,6,4,diagnostic_holdout,1,2,56995,91499,99583,0,0,99657,42662
rp2040_2,65,96,6,4,diagnostic_holdout,2,1,99662,134046,0,0,0,134118,34456
rp2040_2,65,96,6,4,diagnostic_holdout,3,0,134121,168443,176505,184452,185139,185141,51020
rp2040_2,65,97,7,4,diagnostic_holdout,1,0,57012,91547,99630,107581,108267,108273,51261
rp2040_2,65,98,8,4,diagnostic_holdout,1,0,56945,91469,99554,107504,108191,108197,51252
rp2040_2,65,99,9,4,diagnostic_holdout,1,1,56995,91510,0,0,0,91644,34649
rp2040_2,65,99,9,4,diagnostic_holdout,2,2,91649,125998,134073,0,0,134095,42446
rp2040_2,65,99,9,4,diagnostic_holdout,3,0,134098,168444,176506,184453,185139,185142,51044
rp2040_2,65,100,0,0,diagnostic_calibration,1,0,56969,91507,99592,107542,108230,108236,51267
rp2040_2,65,101,1,0,diagnostic_calibration,1,2,56962,91481,99565,0,0,99713,42751
rp2040_2,65,101,1,0,diagnostic_calibration,2,0,99718,134086,142149,150097,150783,150786,51068
rp2040_2,65,102,2,0,diagnostic_calibration,1,1,56987,91514,0,0,0,91563,34576
rp2040_2,65,102,2,0,diagnostic_calibration,2,0,91568,125913,133986,141936,142623,142628,51060
rp2040_2,65,103,3,0,diagnostic_calibration,1,2,56995,91522,99605,0,0,99705,42710
rp2040_2,65,103,3,0,diagnostic_calibration,2,0,99711,134091,142160,150107,150792,150796,51085
rp2040_2,65,104,4,0,diagnostic_calibration,1,2,56961,91476,99559,0,0,99721,42760
rp2040_2,65,104,4,0,diagnostic_calibration,2,2,99726,134103,142170,0,0,142193,42467
rp2040_2,65,104,4,0,diagnostic_calibration,3,2,142195,176531,184592,0,0,184632,42437
rp2040_2,65,104,4,0,diagnostic_calibration,4,0,184633,218961,227022,234968,235655,235658,51025
rp2040_2,65,105,5,0,diagnostic_holdout,1,1,56994,91523,0,0,0,91586,34592
rp2040_2,65,105,5,0,diagnostic_holdout,2,2,91591,125960,134033,0,0,134133,42542
rp2040_2,65,105,5,0,diagnostic_holdout,3,2,134135,168476,176539,0,0,176565,42430
rp2040_2,65,105,5,0,diagnostic_holdout,4,2,176566,210894,218957,0,0,219027,42461
rp2040_2,65,105,5,0,diagnostic_holdout,5,2,219027,253362,261423,0,0,261439,42412
rp2040_2,65,105,5,0,diagnostic_holdout,6,2,261439,295765,303826,0,0,303974,42535
rp2040_2,65,105,5,0,diagnostic_holdout,7,1,303975,338308,0,0,0,338346,34371
rp2040_2,65,105,5,0,diagnostic_holdout,8,2,338347,372662,380723,0,0,380777,42430
rp2040_2,65,105,5,0,diagnostic_holdout,9,2,380778,415114,423175,0,0,423200,42422
rp2040_2,65,105,5,0,diagnostic_holdout,10,1,423200,457528,0,0,0,457618,34418
rp2040_2,65,105,5,0,diagnostic_holdout,11,2,457618,491942,500002,0,0,500067,42449
rp2040_2,65,105,5,0,diagnostic_holdout,12,1,500067,534399,0,0,0,534412,34345
rp2040_2,65,105,5,0,diagnostic_holdout,13,2,534413,568730,576791,0,0,576923,42510
rp2040_2,65,105,5,0,diagnostic_holdout,14,2,576924,611268,619329,0,0,619397,42473
rp2040_2,65,105,5,0,diagnostic_holdout,15,2,619398,653734,661795,0,0,661828,42430
rp2040_2,65,105,5,0,diagnostic_holdout,16,0,661828,696153,704214,712160,712846,712849,51021
rp2040_2,65,106,6,0,diagnostic_holdout,1,2,57014,91539,99622,0,0,99780,42766
rp2040_2,65,106,6,0,diagnostic_holdout,2,1,99786,134158,0,0,0,134236,34450
rp2040_2,65,106,6,0,diagnostic_holdout,3,2,134237,168560,176625,0,0,176674,42437
rp2040_2,65,106,6,0,diagnostic_holdout,4,0,176675,211006,219067,227013,227699,227701,51026
rp2040_2,65,107,7,0,diagnostic_holdout,1,0,57006,91527,99611,107561,108248,108254,51248
rp2040_2,65,108,8,0,diagnostic_holdout,1,0,56999,91529,99611,107562,108247,108253,51254
rp2040_2,65,109,9,0,diagnostic_holdout,1,1,56976,91511,0,0,0,91545,34569
rp2040_2,65,109,9,0,diagnostic_holdout,2,1,91550,125910,0,0,0,125990,34440
rp2040_2,65,109,9,0,diagnostic_holdout,3,1,125992,160320,0,0,0,160328,34336
rp2040_2,65,109,9,0,diagnostic_holdout,4,1,160328,194634,0,0,0,194728,34400
rp2040_2,65,109,9,0,diagnostic_holdout,5,1,194729,229045,0,0,0,229116,34387
rp2040_2,65,109,9,0,diagnostic_holdout,6,2,229117,263422,271493,0,0,271511,42394
rp2040_2,65,109,9,0,diagnostic_holdout,7,0,271512,305844,313906,321853,322540,322543,51031
rp2040_2,65,110,0,1,diagnostic_calibration,1,2,56975,91508,99591,0,0,99663,42688
rp2040_2,65,110,0,1,diagnostic_calibration,2,1,99667,134061,0,0,0,134079,34412
rp2040_2,65,110,0,1,diagnostic_calibration,3,1,134082,168414,0,0,0,168480,34398
rp2040_2,65,110,0,1,diagnostic_calibration,4,0,168480,202792,210855,218801,219487,219489,51009
rp2040_2,65,111,1,1,diagnostic_calibration,1,2,56960,91484,99568,0,0,99646,42686
rp2040_2,65,111,1,1,diagnostic_calibration,2,2,99652,134042,142107,0,0,142228,42576
rp2040_2,65,111,1,1,diagnostic_calibration,3,1,142229,176559,0,0,0,176682,34453
rp2040_2,65,111,1,1,diagnostic_calibration,4,1,176683,210991,0,0,0,211117,34434
rp2040_2,65,111,1,1,diagnostic_calibration,5,0,211118,245430,253491,261438,262124,262127,51009
rp2040_2,65,112,2,1,diagnostic_calibration,1,2,56977,91504,99587,0,0,99727,42750
rp2040_2,65,112,2,1,diagnostic_calibration,2,2,99732,134107,142174,0,0,142294,42562
rp2040_2,65,112,2,1,diagnostic_calibration,3,2,142294,176629,184692,0,0,184828,42534
rp2040_2,65,112,2,1,diagnostic_calibration,4,1,184828,219162,0,0,0,219261,34433
rp2040_2,65,112,2,1,diagnostic_calibration,5,1,219261,253572,0,0,0,253653,34392
rp2040_2,65,112,2,1,diagnostic_calibration,6,0,253654,287970,296031,303977,304662,304664,51010
rp2040_2,65,113,3,1,diagnostic_calibration,1,2,56994,91517,99600,0,0,99617,42623
rp2040_2,65,113,3,1,diagnostic_calibration,2,1,99623,134010,0,0,0,134080,34457
rp2040_2,65,113,3,1,diagnostic_calibration,3,2,134082,168403,176464,0,0,176480,42398
rp2040_2,65,113,3,1,diagnostic_calibration,4,2,176481,210814,218875,0,0,218878,42397
rp2040_2,65,113,3,1,diagnostic_calibration,5,1,218879,253206,0,0,0,253223,34344
rp2040_2,65,113,3,1,diagnostic_calibration,6,1,253223,287534,0,0,0,287561,34338
rp2040_2,65,113,3,1,diagnostic_calibration,7,1,287562,321870,0,0,0,321944,34382
rp2040_2,65,113,3,1,diagnostic_calibration,8,1,321944,356261,0,0,0,356351,34407
rp2040_2,65,113,3,1,diagnostic_calibration,9,2,356352,390656,398717,0,0,398771,42419
rp2040_2,65,113,3,1,diagnostic_calibration,10,1,398771,433104,0,0,0,433141,34370
rp2040_2,65,113,3,1,diagnostic_calibration,11,0,433142,467458,475519,483465,484151,484153,51011
rp2040_2,65,114,4,1,diagnostic_calibration,1,1,56948,91465,0,0,0,91609,34661
rp2040_2,65,114,4,1,diagnostic_calibration,2,0,91615,125979,134053,142004,142690,142693,51078
rp2040_2,65,115,5,1,diagnostic_holdout,1,1,56977,91500,0,0,0,91563,34586
rp2040_2,65,115,5,1,diagnostic_holdout,2,2,91568,125931,134005,0,0,134068,42500
rp2040_2,65,115,5,1,diagnostic_holdout,3,1,134070,168426,0,0,0,168506,34436
rp2040_2,65,115,5,1,diagnostic_holdout,4,2,168507,202822,210884,0,0,210897,42390
rp2040_2,65,115,5,1,diagnostic_holdout,5,1,210897,245231,0,0,0,245255,34358
rp2040_2,65,115,5,1,diagnostic_holdout,6,2,245256,279573,287635,0,0,287730,42474
rp2040_2,65,115,5,1,diagnostic_holdout,7,1,287731,322064,0,0,0,322074,34343
rp2040_2,65,115,5,1,diagnostic_holdout,8,1,322074,356387,0,0,0,356500,34426
rp2040_2,65,115,5,1,diagnostic_holdout,9,1,356501,390816,0,0,0,390939,34438
rp2040_2,65,115,5,1,diagnostic_holdout,10,0,390940,425256,433317,441263,441950,441952,51012
rp2040_2,65,116,6,1,diagnostic_holdout,1,2,57001,91512,99595,0,0,99662,42661
rp2040_2,65,116,6,1,diagnostic_holdout,2,2,99667,134039,142102,0,0,142243,42576
rp2040_2,65,116,6,1,diagnostic_holdout,3,0,142244,176576,184638,192584,193269,193271,51027
rp2040_2,65,117,7,1,diagnostic_holdout,1,2,56988,91519,99603,0,0,99628,42640
rp2040_2,65,117,7,1,diagnostic_holdout,2,2,99633,134021,142089,0,0,142159,42526
rp2040_2,65,117,7,1,diagnostic_holdout,3,2,142162,176503,184567,0,0,184686,42524
rp2040_2,65,117,7,1,diagnostic_holdout,4,2,184686,219022,227083,0,0,227110,42424
rp2040_2,65,117,7,1,diagnostic_holdout,5,1,227111,261459,0,0,0,261582,34471
rp2040_2,65,117,7,1,diagnostic_holdout,6,1,261583,295890,0,0,0,295911,34328
rp2040_2,65,117,7,1,diagnostic_holdout,7,2,295912,330222,338283,0,0,338295,42383
rp2040_2,65,117,7,1,diagnostic_holdout,8,0,338296,372624,380685,388631,389317,389320,51024
rp2040_2,65,118,8,1,diagnostic_holdout,1,2,56975,91493,99576,0,0,99718,42743
rp2040_2,65,118,8,1,diagnostic_holdout,2,2,99723,134122,142187,0,0,142214,42491
rp2040_2,65,118,8,1,diagnostic_holdout,3,1,142217,176555,0,0,0,176625,34408
rp2040_2,65,118,8,1,diagnostic_holdout,4,2,176626,210938,219000,0,0,219020,42394
rp2040_2,65,118,8,1,diagnostic_holdout,5,1,219021,253346,0,0,0,253451,34430
rp2040_2,65,118,8,1,diagnostic_holdout,6,2,253452,287765,295826,0,0,295895,42443
rp2040_2,65,118,8,1,diagnostic_holdout,7,1,295895,330221,0,0,0,330247,34352
rp2040_2,65,118,8,1,diagnostic_holdout,8,1,330248,364556,0,0,0,364617,34369
rp2040_2,65,118,8,1,diagnostic_holdout,9,1,364618,398927,0,0,0,398930,34312
rp2040_2,65,118,8,1,diagnostic_holdout,10,2,398931,433242,441303,0,0,441388,42457
rp2040_2,65,118,8,1,diagnostic_holdout,11,2,441388,475713,483774,0,0,483781,42393
rp2040_2,65,118,8,1,diagnostic_holdout,12,2,483781,518107,526168,0,0,526177,42396
rp2040_2,65,118,8,1,diagnostic_holdout,13,2,526177,560504,568565,0,0,568651,42474
rp2040_2,65,118,8,1,diagnostic_holdout,14,0,568652,602982,611043,618989,619675,619678,51026
rp2040_2,65,119,9,1,diagnostic_holdout,1,2,56974,91509,99593,0,0,99686,42712
rp2040_2,65,119,9,1,diagnostic_holdout,2,1,99692,134082,0,0,0,134110,34418
rp2040_2,65,119,9,1,diagnostic_holdout,3,0,134112,168433,176496,184443,185128,185131,51019
rp2040_2,65,120,0,2,diagnostic_calibration,1,0,56987,91516,99599,107550,108235,108241,51254
rp2040_2,65,121,1,2,diagnostic_calibration,1,2,56958,91481,99565,0,0,99677,42719
rp2040_2,65,121,1,2,diagnostic_calibration,2,2,99682,134068,142134,0,0,142186,42504
rp2040_2,65,121,1,2,diagnostic_calibration,3,1,142187,176517,0,0,0,176568,34381
rp2040_2,65,121,1,2,diagnostic_calibration,4,1,176569,210891,0,0,0,211015,34446
rp2040_2,65,121,1,2,diagnostic_calibration,5,2,211016,245338,253399,0,0,253415,42399
rp2040_2,65,121,1,2,diagnostic_calibration,6,2,253416,287747,295808,0,0,295841,42425
rp2040_2,65,121,1,2,diagnostic_calibration,7,1,295841,330178,0,0,0,330189,34348
rp2040_2,65,121,1,2,diagnostic_calibration,8,1,330190,364496,0,0,0,364578,34388
rp2040_2,65,121,1,2,diagnostic_calibration,9,2,364578,398891,406952,0,0,406978,42400
rp2040_2,65,121,1,2,diagnostic_calibration,10,0,406979,441303,449363,457310,457996,457999,51020
rp2040_2,65,122,2,2,diagnostic_calibration,1,1,56988,91520,0,0,0,91651,34663
rp2040_2,65,122,2,2,diagnostic_calibration,2,0,91657,126019,134091,142041,142728,142732,51075
rp2040_2,65,123,3,2,diagnostic_calibration,1,2,56990,91516,99600,0,0,99673,42683
rp2040_2,65,123,3,2,diagnostic_calibration,2,0,99679,134071,142138,150085,150771,150774,51095
rp2040_2,65,124,4,2,diagnostic_calibration,1,1,56957,91474,0,0,0,91590,34633
rp2040_2,65,124,4,2,diagnostic_calibration,2,0,91595,125965,134037,141988,142674,142678,51083
rp2040_2,65,125,5,2,diagnostic_holdout,1,0,56979,91511,99594,107544,108230,108236,51257
rp2040_2,65,126,6,2,diagnostic_holdout,1,1,57002,91527,0,0,0,91565,34563
rp2040_2,65,126,6,2,diagnostic_holdout,2,0,91570,125936,134010,141960,142646,142650,51080
rp2040_2,65,127,7,2,diagnostic_holdout,1,0,56968,91483,99567,107518,108204,108210,51242
rp2040_2,65,128,8,2,diagnostic_holdout,1,1,56962,91482,0,0,0,91516,34554
rp2040_2,65,128,8,2,diagnostic_holdout,2,0,91520,125886,133961,141911,142598,142602,51082
rp2040_2,65,129,9,2,diagnostic_holdout,1,2,56976,91496,99580,0,0,99595,42619
rp2040_2,65,129,9,2,diagnostic_holdout,2,1,99599,134007,0,0,0,134087,34488
rp2040_2,65,129,9,2,diagnostic_holdout,3,0,134088,168413,176479,184427,185113,185116,51028
rp2040_2,65,130,0,3,diagnostic_calibration,1,2,56984,91500,99583,0,0,99623,42639
rp2040_2,65,130,0,3,diagnostic_calibration,2,2,99629,134003,142068,0,0,142149,42520
rp2040_2,65,130,0,3,diagnostic_calibration,3,1,142150,176496,0,0,0,176502,34352
rp2040_2,65,130,0,3,diagnostic_calibration,4,2,176503,210815,218877,0,0,218975,42472
rp2040_2,65,130,0,3,diagnostic_calibration,5,2,218975,253306,261367,0,0,261409,42434
rp2040_2,65,130,0,3,diagnostic_calibration,6,2,261410,295752,303813,0,0,303870,42460
rp2040_2,65,130,0,3,diagnostic_calibration,7,2,303871,338193,346254,0,0,346334,42463
rp2040_2,65,130,0,3,diagnostic_calibration,8,1,346335,380660,0,0,0,380749,34414
rp2040_2,65,130,0,3,diagnostic_calibration,9,2,380749,415051,423112,0,0,423194,42445
rp2040_2,65,130,0,3,diagnostic_calibration,10,2,423195,457514,465575,0,0,465693,42498
rp2040_2,65,130,0,3,diagnostic_calibration,11,1,465694,500039,0,0,0,500110,34416
rp2040_2,65,130,0,3,diagnostic_calibration,12,1,500111,534413,0,0,0,534479,34368
rp2040_2,65,130,0,3,diagnostic_calibration,13,1,534480,568792,0,0,0,568805,34325
rp2040_2,65,130,0,3,diagnostic_calibration,14,2,568806,603119,611180,0,0,611289,42483
rp2040_2,65,130,0,3,diagnostic_calibration,15,2,611289,645628,653689,0,0,653726,42437
rp2040_2,65,130,0,3,diagnostic_calibration,16,0,653727,688052,696113,704059,704745,704747,51020
rp2040_2,65,131,1,3,diagnostic_calibration,1,2,56982,91498,99581,0,0,99671,42689
rp2040_2,65,131,1,3,diagnostic_calibration,2,1,99676,134055,0,0,0,134182,34506
rp2040_2,65,131,1,3,diagnostic_calibration,3,2,134183,168499,176562,0,0,176667,42484
rp2040_2,65,131,1,3,diagnostic_calibration,4,0,176667,210996,219058,227005,227690,227693,51026
rp2040_2,65,132,2,3,diagnostic_calibration,1,1,56981,91507,0,0,0,91560,34579
rp2040_2,65,132,2,3,diagnostic_calibration,2,1,91565,125934,0,0,0,125990,34425
rp2040_2,65,132,2,3,diagnostic_calibration,3,1,125992,160319,0,0,0,160351,34359
rp2040_2,65,132,2,3,diagnostic_calibration,4,0,160354,194670,202740,210691,211377,211379,51025
rp2040_2,65,133,3,3,diagnostic_calibration,1,1,56997,91519,0,0,0,91544,34547
rp2040_2,65,133,3,3,diagnostic_calibration,2,1,91549,125908,0,0,0,125971,34422
rp2040_2,65,133,3,3,diagnostic_calibration,3,2,125971,160294,168366,0,0,168403,42432
rp2040_2,65,133,3,3,diagnostic_calibration,4,0,168404,202740,210803,218749,219436,219439,51035
rp2040_2,65,134,4,3,diagnostic_calibration,1,1,56989,91518,0,0,0,91583,34594
rp2040_2,65,134,4,3,diagnostic_calibration,2,1,91589,125956,0,0,0,126008,34419
rp2040_2,65,134,4,3,diagnostic_calibration,3,0,126009,160323,168395,176346,177032,177036,51027
rp2040_2,65,135,5,3,diagnostic_holdout,1,2,56978,91507,99591,0,0,99641,42663
rp2040_2,65,135,5,3,diagnostic_holdout,2,0,99647,134059,142125,150072,150758,150762,51115
rp2040_2,65,136,6,3,diagnostic_holdout,1,0,56978,91503,99587,107538,108224,108230,51252
rp2040_2,65,137,7,3,diagnostic_holdout,1,2,57000,91528,99611,0,0,99692,42692
rp2040_2,65,137,7,3,diagnostic_holdout,2,1,99698,134080,0,0,0,134119,34421
rp2040_2,65,137,7,3,diagnostic_holdout,3,0,134121,168440,176502,184450,185137,185140,51019
rp2040_2,65,138,8,3,diagnostic_holdout,1,0,56978,91506,99588,107539,108225,108231,51253
rp2040_2,65,139,9,3,diagnostic_holdout,1,1,56984,91517,0,0,0,91541,34557
rp2040_2,65,139,9,3,diagnostic_holdout,2,2,91547,125907,133981,0,0,134035,42488
rp2040_2,65,139,9,3,diagnostic_holdout,3,2,134038,168405,176468,0,0,176494,42456
rp2040_2,65,139,9,3,diagnostic_holdout,4,1,176495,210823,0,0,0,210889,34394
rp2040_2,65,139,9,3,diagnostic_holdout,5,0,210890,245196,253257,261204,261889,261892,51002
rp2040_2,65,140,0,4,diagnostic_calibration,1,0,56994,91508,99591,107541,108227,108233,51239
rp2040_2,65,141,1,4,diagnostic_calibration,1,0,56972,91493,99577,107528,108216,108222,51250
rp2040_2,65,142,2,4,diagnostic_calibration,1,0,56981,91522,99606,107556,108242,108248,51267
rp2040_2,65,143,3,4,diagnostic_calibration,1,0,56980,91509,99592,107543,108228,108234,51254
rp2040_2,65,144,4,4,diagnostic_calibration,1,1,56957,91489,0,0,0,91561,34604
rp2040_2,65,144,4,4,diagnostic_calibration,2,1,91567,125924,0,0,0,125979,34412
rp2040_2,65,144,4,4,diagnostic_calibration,3,1,125982,160321,0,0,0,160369,34387
rp2040_2,65,144,4,4,diagnostic_calibration,4,1,160372,194690,0,0,0,194699,34327
rp2040_2,65,144,4,4,diagnostic_calibration,5,2,194701,229021,237091,0,0,237215,42514
rp2040_2,65,144,4,4,diagnostic_calibration,6,1,237217,271548,0,0,0,271641,34424
rp2040_2,65,144,4,4,diagnostic_calibration,7,0,271643,305949,314012,321959,322645,322647,51004
rp2040_2,65,145,5,4,diagnostic_holdout,1,0,56983,91496,99580,107530,108217,108222,51239
rp2040_2,65,146,6,4,diagnostic_holdout,1,1,57002,91525,0,0,0,91622,34620
rp2040_2,65,146,6,4,diagnostic_holdout,2,1,91628,125980,0,0,0,126072,34444
rp2040_2,65,146,6,4,diagnostic_holdout,3,2,126074,160390,168462,0,0,168603,42529
rp2040_2,65,146,6,4,diagnostic_holdout,4,2,168604,202939,211001,0,0,211128,42524
rp2040_2,65,146,6,4,diagnostic_holdout,5,0,211128,245461,253523,261470,262156,262158,51030
rp2040_2,65,147,7,4,diagnostic_holdout,1,2,56987,91515,99600,0,0,99761,42774
rp2040_2,65,147,7,4,diagnostic_holdout,2,2,99766,134152,142217,0,0,142359,42593
rp2040_2,65,147,7,4,diagnostic_holdout,3,0,142361,176701,184763,192709,193395,193398,51037
rp2040_2,65,148,8,4,diagnostic_holdout,1,0,56967,91489,99571,107522,108209,108215,51248
rp2040_2,65,149,9,4,diagnostic_holdout,1,1,56995,91515,0,0,0,91630,34635
rp2040_2,65,149,9,4,diagnostic_holdout,2,0,91634,125993,134065,142016,142701,142705,51071
rp2040_2,65,150,0,0,diagnostic_calibration,1,2,56966,91483,99567,0,0,99629,42663
rp2040_2,65,150,0,0,diagnostic_calibration,2,0,99633,134012,142081,150028,150714,150718,51085
rp2040_2,65,151,1,0,diagnostic_calibration,1,0,56979,91504,99587,107538,108224,108230,51251
rp2040_2,65,152,2,0,diagnostic_calibration,1,1,56972,91499,0,0,0,91614,34642
rp2040_2,65,152,2,0,diagnostic_calibration,2,0,91619,125968,134041,141992,142678,142681,51062
rp2040_2,65,153,3,0,diagnostic_calibration,1,2,56986,91522,99606,0,0,99701,42715
rp2040_2,65,153,3,0,diagnostic_calibration,2,1,99705,134081,0,0,0,134124,34419
rp2040_2,65,153,3,0,diagnostic_calibration,3,1,134125,168450,0,0,0,168504,34379
rp2040_2,65,153,3,0,diagnostic_calibration,4,1,168505,202807,0,0,0,202843,34338
rp2040_2,65,153,3,0,diagnostic_calibration,5,1,202844,237155,0,0,0,237215,34371
rp2040_2,65,153,3,0,diagnostic_calibration,6,1,237215,271522,0,0,0,271620,34405
rp2040_2,65,153,3,0,diagnostic_calibration,7,2,271621,305936,314000,0,0,314024,42403
rp2040_2,65,153,3,0,diagnostic_calibration,8,2,314025,348354,356415,0,0,356423,42398
rp2040_2,65,153,3,0,diagnostic_calibration,9,1,356423,390749,0,0,0,390755,34332
rp2040_2,65,153,3,0,diagnostic_calibration,10,1,390756,425065,0,0,0,425190,34434
rp2040_2,65,153,3,0,diagnostic_calibration,11,1,425191,459498,0,0,0,459619,34428
rp2040_2,65,153,3,0,diagnostic_calibration,12,2,459620,493919,501980,0,0,502103,42483
rp2040_2,65,153,3,0,diagnostic_calibration,13,1,502104,536436,0,0,0,536450,34346
rp2040_2,65,153,3,0,diagnostic_calibration,14,2,536451,570760,578821,0,0,578860,42409
rp2040_2,65,153,3,0,diagnostic_calibration,15,2,578861,613190,621251,0,0,621341,42480
rp2040_2,65,153,3,0,diagnostic_calibration,16,2,621342,655665,663726,0,0,663776,42434
rp2040_2,65,153,3,0,diagnostic_calibration,17,0,663777,698105,706166,714112,714799,714802,51025
rp2040_2,65,154,4,0,diagnostic_calibration,1,0,56958,91484,99567,107518,108204,108210,51252
rp2040_2,65,155,5,0,diagnostic_holdout,1,0,56990,91515,99598,107549,108236,108242,51252
rp2040_2,65,156,6,0,diagnostic_holdout,1,0,56978,91496,99579,107529,108216,108222,51244
rp2040_2,65,157,7,0,diagnostic_holdout,1,1,56992,91516,0,0,0,91630,34638
rp2040_2,65,157,7,0,diagnostic_holdout,2,2,91636,125994,134065,0,0,134150,42514
rp2040_2,65,157,7,0,diagnostic_holdout,3,1,134153,168497,0,0,0,168580,34427
rp2040_2,65,157,7,0,diagnostic_holdout,4,2,168582,202900,210962,0,0,211004,42422
rp2040_2,65,157,7,0,diagnostic_holdout,5,0,211005,245340,253401,261348,262035,262038,51033
rp2040_2,65,158,8,0,diagnostic_holdout,1,1,56964,91492,0,0,0,91615,34651
rp2040_2,65,158,8,0,diagnostic_holdout,2,1,91619,125985,0,0,0,126056,34437
rp2040_2,65,158,8,0,diagnostic_holdout,3,1,126057,160385,0,0,0,160480,34423
rp2040_2,65,158,8,0,diagnostic_holdout,4,0,160481,194795,202867,210817,211502,211505,51024
rp2040_2,65,159,9,0,diagnostic_holdout,1,1,56980,91502,0,0,0,91541,34561
rp2040_2,65,159,9,0,diagnostic_holdout,2,2,91547,125916,133991,0,0,134043,42496
rp2040_2,65,159,9,0,diagnostic_holdout,3,0,134046,168399,176463,184411,185097,185100,51054
rp2040_2,65,160,0,1,diagnostic_calibration,1,0,56980,91500,99584,107534,108221,108228,51248
rp2040_2,65,161,1,1,diagnostic_calibration,1,2,56984,91506,99590,0,0,99653,42669
rp2040_2,65,161,1,1,diagnostic_calibration,2,2,99657,134042,142106,0,0,142192,42535
rp2040_2,65,161,1,1,diagnostic_calibration,3,1,142194,176537,0,0,0,176593,34399
rp2040_2,65,161,1,1,diagnostic_calibration,4,2,176594,210907,218968,0,0,219002,42408
rp2040_2,65,161,1,1,diagnostic_calibration,5,0,219003,253329,261390,269336,270022,270025,51022
rp2040_2,65,162,2,1,diagnostic_calibration,1,1,56990,91499,0,0,0,91593,34603
rp2040_2,65,162,2,1,diagnostic_calibration,2,2,91597,125957,134031,0,0,134144,42547
rp2040_2,65,162,2,1,diagnostic_calibration,3,1,134145,168494,0,0,0,168520,34375
rp2040_2,65,162,2,1,diagnostic_calibration,4,2,168521,202832,210894,0,0,210903,42382
rp2040_2,65,162,2,1,diagnostic_calibration,5,0,210904,245223,253284,261231,261915,261919,51015
rp2040_2,65,163,3,1,diagnostic_calibration,1,0,56995,91520,99603,107554,108241,108247,51252
rp2040_2,65,164,4,1,diagnostic_calibration,1,0,56963,91474,99558,107508,108194,108201,51238
rp2040_2,65,165,5,1,diagnostic_holdout,1,2,56985,91496,99579,0,0,99599,42614
rp2040_2,65,165,5,1,diagnostic_holdout,2,1,99604,133981,0,0,0,134003,34399
rp2040_2,65,165,5,1,diagnostic_holdout,3,2,134004,168329,176392,0,0,176457,42453
rp2040_2,65,165,5,1,diagnostic_holdout,4,2,176458,210792,218853,0,0,218956,42498
rp2040_2,65,165,5,1,diagnostic_holdout,5,1,218956,253290,0,0,0,253370,34414
rp2040_2,65,165,5,1,diagnostic_holdout,6,2,253371,287684,295745,0,0,295815,42444
rp2040_2,65,165,5,1,diagnostic_holdout,7,2,295815,330135,338196,0,0,338220,42405
rp2040_2,65,165,5,1,diagnostic_holdout,8,1,338221,372548,0,0,0,372565,34344
rp2040_2,65,165,5,1,diagnostic_holdout,9,0,372566,406880,414941,422887,423572,423575,51009
rp2040_2,65,166,6,1,diagnostic_holdout,1,1,56986,91510,0,0,0,91592,34606
rp2040_2,65,166,6,1,diagnostic_holdout,2,1,91598,125941,0,0,0,125980,34382
rp2040_2,65,166,6,1,diagnostic_holdout,3,1,125982,160296,0,0,0,160326,34344
rp2040_2,65,166,6,1,diagnostic_holdout,4,1,160326,194632,0,0,0,194703,34377
rp2040_2,65,166,6,1,diagnostic_holdout,5,2,194704,229018,237088,0,0,237176,42472
rp2040_2,65,166,6,1,diagnostic_holdout,6,2,237177,271509,279573,0,0,279711,42534
rp2040_2,65,166,6,1,diagnostic_holdout,7,0,279712,314034,322096,330042,330729,330732,51020
rp2040_2,65,167,7,1,diagnostic_holdout,1,2,56978,91497,99580,0,0,99600,42622
rp2040_2,65,167,7,1,diagnostic_holdout,2,2,99606,133995,142058,0,0,142138,42532
rp2040_2,65,167,7,1,diagnostic_holdout,3,2,142140,176473,184534,0,0,184666,42526
rp2040_2,65,167,7,1,diagnostic_holdout,4,1,184667,218998,0,0,0,219071,34404
rp2040_2,65,167,7,1,diagnostic_holdout,5,1,219071,253384,0,0,0,253446,34375
rp2040_2,65,167,7,1,diagnostic_holdout,6,0,253447,287755,295816,303762,304448,304451,51004
rp2040_2,65,168,8,1,diagnostic_holdout,1,2,56968,91491,99575,0,0,99708,42740
rp2040_2,65,168,8,1,diagnostic_holdout,2,0,99713,134094,142160,150107,150792,150796,51083
rp2040_2,65,169,9,1,diagnostic_holdout,1,1,56976,91506,0,0,0,91651,34675
rp2040_2,65,169,9,1,diagnostic_holdout,2,1,91656,126022,0,0,0,126032,34376
rp2040_2,65,169,9,1,diagnostic_holdout,3,1,126033,160358,0,0,0,160415,34382
rp2040_2,65,169,9,1,diagnostic_holdout,4,1,160416,194733,0,0,0,194756,34340
rp2040_2,65,169,9,1,diagnostic_holdout,5,1,194756,229075,0,0,0,229123,34367
rp2040_2,65,169,9,1,diagnostic_holdout,6,2,229124,263440,271510,0,0,271537,42413
rp2040_2,65,169,9,1,diagnostic_holdout,7,2,271538,305874,313936,0,0,314001,42463
rp2040_2,65,169,9,1,diagnostic_holdout,8,2,314001,348332,356393,0,0,356400,42399
rp2040_2,65,169,9,1,diagnostic_holdout,9,0,356401,390730,398791,406738,407425,407428,51027
rp2040_2,65,170,0,2,diagnostic_calibration,1,0,56995,91505,99588,107538,108225,108231,51236
rp2040_2,65,171,1,2,diagnostic_calibration,1,1,56983,91508,0,0,0,91534,34551
rp2040_2,65,171,1,2,diagnostic_calibration,2,1,91540,125900,0,0,0,126004,34464
rp2040_2,65,171,1,2,diagnostic_calibration,3,1,126005,160324,0,0,0,160385,34380
rp2040_2,65,171,1,2,diagnostic_calibration,4,1,160386,194700,0,0,0,194814,34428
rp2040_2,65,171,1,2,diagnostic_calibration,5,1,194815,229130,0,0,0,229176,34361
rp2040_2,65,171,1,2,diagnostic_calibration,6,2,229177,263489,271560,0,0,271592,42415
rp2040_2,65,171,1,2,diagnostic_calibration,7,0,271593,305920,313984,321931,322618,322622,51029
rp2040_2,65,172,2,2,diagnostic_calibration,1,1,56991,91525,0,0,0,91652,34661
rp2040_2,65,172,2,2,diagnostic_calibration,2,1,91659,126040,0,0,0,126111,34452
rp2040_2,65,172,2,2,diagnostic_calibration,3,0,126112,160441,168513,176463,177150,177154,51042
rp2040_2,65,173,3,2,diagnostic_calibration,1,0,56995,91522,99606,107556,108242,108248,51253
rp2040_2,65,174,4,2,diagnostic_calibration,1,0,56964,91485,99570,107520,108207,108213,51249
rp2040_2,65,175,5,2,diagnostic_holdout,1,1,56984,91508,0,0,0,91634,34650
rp2040_2,65,175,5,2,diagnostic_holdout,2,1,91640,126005,0,0,0,126043,34403
rp2040_2,65,175,5,2,diagnostic_holdout,3,0,126045,160374,168446,176397,177083,177086,51041
rp2040_2,65,176,6,2,diagnostic_holdout,1,2,56966,91497,99582,0,0,99596,42630
rp2040_2,65,176,6,2,diagnostic_holdout,2,2,99602,134001,142068,0,0,142077,42475
rp2040_2,65,176,6,2,diagnostic_holdout,3,1,142077,176426,0,0,0,176555,34478
rp2040_2,65,176,6,2,diagnostic_holdout,4,2,176556,210871,218932,0,0,218978,42422
rp2040_2,65,176,6,2,diagnostic_holdout,5,1,218979,253310,0,0,0,253380,34401
rp2040_2,65,176,6,2,diagnostic_holdout,6,0,253381,287693,295754,303700,304387,304390,51009
rp2040_2,65,177,7,2,diagnostic_holdout,1,1,56999,91528,0,0,0,91660,34661
rp2040_2,65,177,7,2,diagnostic_holdout,2,2,91665,126022,134095,0,0,134244,42579
rp2040_2,65,177,7,2,diagnostic_holdout,3,1,134248,168590,0,0,0,168656,34408
rp2040_2,65,177,7,2,diagnostic_holdout,4,2,168657,202964,211026,0,0,211033,42376
rp2040_2,65,177,7,2,diagnostic_holdout,5,1,211033,245354,0,0,0,245396,34363
rp2040_2,65,177,7,2,diagnostic_holdout,6,2,245396,279715,287776,0,0,287913,42517
rp2040_2,65,177,7,2,diagnostic_holdout,7,2,287914,322238,330300,0,0,330346,42432
rp2040_2,65,177,7,2,diagnostic_holdout,8,2,330346,364678,372739,0,0,372803,42457
rp2040_2,65,177,7,2,diagnostic_holdout,9,1,372803,407128,0,0,0,407170,34367
rp2040_2,65,177,7,2,diagnostic_holdout,10,0,407170,441484,449545,457491,458177,458180,51010
rp2040_2,65,178,8,2,diagnostic_holdout,1,2,56953,91475,99559,0,0,99657,42704
rp2040_2,65,178,8,2,diagnostic_holdout,2,0,99663,134059,142123,150070,150755,150758,51095
rp2040_2,65,179,9,2,diagnostic_holdout,1,2,56968,91508,99592,0,0,99698,42730
rp2040_2,65,179,9,2,diagnostic_holdout,2,2,99704,134099,142166,0,0,142226,42522
rp2040_2,65,179,9,2,diagnostic_holdout,3,1,142227,176563,0,0,0,176602,34375
rp2040_2,65,179,9,2,diagnostic_holdout,4,1,176603,210917,0,0,0,211018,34415
rp2040_2,65,179,9,2,diagnostic_holdout,5,1,211019,245327,0,0,0,245405,34386
rp2040_2,65,179,9,2,diagnostic_holdout,6,2,245406,279713,287775,0,0,287783,42377
rp2040_2,65,179,9,2,diagnostic_holdout,7,2,287784,322124,330185,0,0,330222,42438
rp2040_2,65,179,9,2,diagnostic_holdout,8,2,330222,364551,372612,0,0,372724,42502
rp2040_2,65,179,9,2,diagnostic_holdout,9,0,372725,407061,415122,423068,423754,423757,51032
rp2040_2,65,180,0,3,diagnostic_calibration,1,1,56986,91502,0,0,0,91593,34607
rp2040_2,65,180,0,3,diagnostic_calibration,2,0,91599,125965,134039,141989,142675,142678,51079
rp2040_2,65,181,1,3,diagnostic_calibration,1,1,56992,91524,0,0,0,91646,34654
rp2040_2,65,181,1,3,diagnostic_calibration,2,0,91651,126015,134088,142039,142725,142729,51078
rp2040_2,65,182,2,3,diagnostic_calibration,1,2,56992,91521,99604,0,0,99689,42697
rp2040_2,65,182,2,3,diagnostic_calibration,2,1,99694,134081,0,0,0,134154,34460
rp2040_2,65,182,2,3,diagnostic_calibration,3,2,134155,168483,176548,0,0,176619,42464
rp2040_2,65,182,2,3,diagnostic_calibration,4,1,176620,210959,0,0,0,211022,34402
rp2040_2,65,182,2,3,diagnostic_calibration,5,2,211023,245328,253389,0,0,253471,42448
rp2040_2,65,182,2,3,diagnostic_calibration,6,1,253471,287799,0,0,0,287920,34449
rp2040_2,65,182,2,3,diagnostic_calibration,7,2,287920,322230,330291,0,0,330354,42434
rp2040_2,65,182,2,3,diagnostic_calibration,8,1,330355,364690,0,0,0,364812,34457
rp2040_2,65,182,2,3,diagnostic_calibration,9,2,364812,399119,407180,0,0,407196,42384
rp2040_2,65,182,2,3,diagnostic_calibration,10,1,407197,441522,0,0,0,441574,34377
rp2040_2,65,182,2,3,diagnostic_calibration,11,2,441575,475881,483942,0,0,484034,42459
rp2040_2,65,182,2,3,diagnostic_calibration,12,1,484035,518363,0,0,0,518414,34379
rp2040_2,65,182,2,3,diagnostic_calibration,13,1,518415,552717,0,0,0,552724,34309
rp2040_2,65,182,2,3,diagnostic_calibration,14,2,552725,587030,595091,0,0,595194,42469
rp2040_2,65,182,2,3,diagnostic_calibration,15,2,595195,629539,637600,0,0,637629,42434
rp2040_2,65,182,2,3,diagnostic_calibration,16,1,637629,671955,0,0,0,672047,34418
rp2040_2,65,182,2,3,diagnostic_calibration,17,1,672047,706362,0,0,0,706386,34339
rp2040_2,65,182,2,3,diagnostic_calibration,18,2,706386,740694,748755,0,0,748864,42478
rp2040_2,65,182,2,3,diagnostic_calibration,19,2,748864,783204,791264,0,0,791288,42424
rp2040_2,65,182,2,3,diagnostic_calibration,20,2,791288,825611,833672,0,0,833784,42496
rp2040_2,65,182,2,3,diagnostic_calibration,21,2,833784,868120,876181,0,0,876203,42419
rp2040_2,65,182,2,3,diagnostic_calibration,22,1,876203,910541,0,0,0,910571,34368
rp2040_2,65,182,2,3,diagnostic_calibration,23,2,910572,944876,952937,0,0,953010,42438
rp2040_2,65,182,2,3,diagnostic_calibration,24,1,953011,987334,0,0,0,987383,34372
rp2040_2,65,182,2,3,diagnostic_calibration,25,1,987383,1021694,0,0,0,1021715,34332
rp2040_2,65,182,2,3,diagnostic_calibration,26,2,1021716,1056021,1064082,0,0,1064175,42459
rp2040_2,65,182,2,3,diagnostic_calibration,27,1,1064175,1098503,0,0,0,1098597,34422
rp2040_2,65,182,2,3,diagnostic_calibration,28,0,1098597,1132908,1140969,1148916,1149601,1149604,51007
rp2040_2,65,183,3,3,diagnostic_calibration,1,1,56998,91515,0,0,0,91631,34633
rp2040_2,65,183,3,3,diagnostic_calibration,2,1,91636,125995,0,0,0,126005,34369
rp2040_2,65,183,3,3,diagnostic_calibration,3,1,126007,160332,0,0,0,160346,34339
rp2040_2,65,183,3,3,diagnostic_calibration,4,1,160346,194665,0,0,0,194738,34392
rp2040_2,65,183,3,3,diagnostic_calibration,5,0,194739,229056,237127,245078,245764,245767,51028
rp2040_2,65,184,4,3,diagnostic_calibration,1,1,56978,91505,0,0,0,91631,34653
rp2040_2,65,184,4,3,diagnostic_calibration,2,2,91635,125993,134071,0,0,134123,42488
rp2040_2,65,184,4,3,diagnostic_calibration,3,2,134125,168468,176533,0,0,176571,42446
rp2040_2,65,184,4,3,diagnostic_calibration,4,2,176571,210906,218970,0,0,219024,42453
rp2040_2,65,184,4,3,diagnostic_calibration,5,2,219025,253352,261413,0,0,261439,42414
rp2040_2,65,184,4,3,diagnostic_calibration,6,1,261440,295763,0,0,0,295847,34407
rp2040_2,65,184,4,3,diagnostic_calibration,7,1,295848,330159,0,0,0,330200,34352
rp2040_2,65,184,4,3,diagnostic_calibration,8,2,330201,364514,372575,0,0,372640,42439
rp2040_2,65,184,4,3,diagnostic_calibration,9,2,372641,406969,415030,0,0,415126,42485
rp2040_2,65,184,4,3,diagnostic_calibration,10,2,415126,449461,457522,0,0,457535,42409
rp2040_2,65,184,4,3,diagnostic_calibration,11,2,457536,491869,499930,0,0,500036,42500
rp2040_2,65,184,4,3,diagnostic_calibration,12,2,500037,534367,542428,0,0,542433,42396
rp2040_2,65,184,4,3,diagnostic_calibration,13,2,542433,576756,584817,0,0,584845,42412
rp2040_2,65,184,4,3,diagnostic_calibration,14,2,584846,619182,627243,0,0,627280,42434
rp2040_2,65,184,4,3,diagnostic_calibration,15,2,627281,661607,669668,0,0,669719,42438
rp2040_2,65,184,4,3,diagnostic_calibration,16,1,669720,704051,0,0,0,704146,34426
rp2040_2,65,184,4,3,diagnostic_calibration,17,0,704147,738451,746511,754458,755144,755147,51000
rp2040_2,65,185,5,3,diagnostic_holdout,1,1,56989,91520,0,0,0,91649,34660
rp2040_2,65,185,5,3,diagnostic_holdout,2,2,91654,126022,134096,0,0,134111,42457
rp2040_2,65,185,5,3,diagnostic_holdout,3,2,134113,168457,176519,0,0,176530,42417
rp2040_2,65,185,5,3,diagnostic_holdout,4,1,176531,210863,0,0,0,210889,34358
rp2040_2,65,185,5,3,diagnostic_holdout,5,2,210890,245197,253258,0,0,253324,42434
rp2040_2,65,185,5,3,diagnostic_holdout,6,0,253325,287649,295710,303656,304342,304345,51020
rp2040_2,65,186,6,3,diagnostic_holdout,1,2,56968,91488,99571,0,0,99609,42641
rp2040_2,65,186,6,3,diagnostic_holdout,2,2,99615,134011,142077,0,0,142193,42578
rp2040_2,65,186,6,3,diagnostic_holdout,3,2,142195,176534,184597,0,0,184627,42432
rp2040_2,65,186,6,3,diagnostic_holdout,4,2,184628,218958,227021,0,0,227037,42409
rp2040_2,65,186,6,3,diagnostic_holdout,5,1,227038,261365,0,0,0,261447,34409
rp2040_2,65,186,6,3,diagnostic_holdout,6,1,261448,295768,0,0,0,295827,34379
rp2040_2,65,186,6,3,diagnostic_holdout,7,2,295828,330140,338201,0,0,338217,42389
rp2040_2,65,186,6,3,diagnostic_holdout,8,1,338218,372551,0,0,0,372616,34398
rp2040_2,65,186,6,3,diagnostic_holdout,9,2,372617,406927,414988,0,0,415049,42432
rp2040_2,65,186,6,3,diagnostic_holdout,10,2,415049,449368,457429,0,0,457455,42406
rp2040_2,65,186,6,3,diagnostic_holdout,11,1,457456,491787,0,0,0,491914,34458
rp2040_2,65,186,6,3,diagnostic_holdout,12,0,491915,526222,534283,542229,542915,542918,51003
rp2040_2,65,187,7,3,diagnostic_holdout,1,0,56965,91504,99587,107537,108222,108228,51263
rp2040_2,65,188,8,3,diagnostic_holdout,1,1,56955,91470,0,0,0,91601,34646
rp2040_2,65,188,8,3,diagnostic_holdout,2,2,91607,125975,134046,0,0,134184,42577
rp2040_2,65,188,8,3,diagnostic_holdout,3,2,134186,168532,176595,0,0,176695,42509
rp2040_2,65,188,8,3,diagnostic_holdout,4,1,176696,211040,0,0,0,211074,34378
rp2040_2,65,188,8,3,diagnostic_holdout,5,2,211074,245397,253459,0,0,253576,42502
rp2040_2,65,188,8,3,diagnostic_holdout,6,2,253577,287903,295964,0,0,296056,42479
rp2040_2,65,188,8,3,diagnostic_holdout,7,1,296056,330388,0,0,0,330506,34450
rp2040_2,65,188,8,3,diagnostic_holdout,8,1,330507,364817,0,0,0,364875,34368
rp2040_2,65,188,8,3,diagnostic_holdout,9,1,364875,399184,0,0,0,399222,34347
rp2040_2,65,188,8,3,diagnostic_holdout,10,0,399222,433531,441592,449538,450224,450226,51004
rp2040_2,65,189,9,3,diagnostic_holdout,1,1,56989,91508,0,0,0,91644,34655
rp2040_2,65,189,9,3,diagnostic_holdout,2,1,91649,125999,0,0,0,126010,34361
rp2040_2,65,189,9,3,diagnostic_holdout,3,0,126012,160330,168401,176352,177037,177040,51028
rp2040_2,65,190,0,4,diagnostic_calibration,1,1,56983,91512,0,0,0,91637,34654
rp2040_2,65,190,0,4,diagnostic_calibration,2,0,91641,125993,134066,142017,142703,142708,51067
rp2040_2,65,191,1,4,diagnostic_calibration,1,2,56979,91503,99585,0,0,99668,42689
rp2040_2,65,191,1,4,diagnostic_calibration,2,1,99673,134064,0,0,0,134141,34468
rp2040_2,65,191,1,4,diagnostic_calibration,3,2,134142,168471,176535,0,0,176540,42398
rp2040_2,65,191,1,4,diagnostic_calibration,4,0,176541,210869,218931,226877,227564,227567,51026
rp2040_2,65,192,2,4,diagnostic_calibration,1,2,57001,91528,99611,0,0,99723,42722
rp2040_2,65,192,2,4,diagnostic_calibration,2,2,99729,134123,142189,0,0,142295,42566
rp2040_2,65,192,2,4,diagnostic_calibration,3,1,142297,176640,0,0,0,176747,34450
rp2040_2,65,192,2,4,diagnostic_calibration,4,1,176748,211063,0,0,0,211170,34422
rp2040_2,65,192,2,4,diagnostic_calibration,5,1,211171,245485,0,0,0,245600,34429
rp2040_2,65,192,2,4,diagnostic_calibration,6,0,245601,279916,287977,295923,296610,296613,51012
rp2040_2,65,193,3,4,diagnostic_calibration,1,0,56976,91496,99579,107529,108215,108221,51245
rp2040_2,65,194,4,4,diagnostic_calibration,1,2,56951,91467,99551,0,0,99671,42720
rp2040_2,65,194,4,4,diagnostic_calibration,2,0,99675,134055,142121,150067,150753,150756,51081
rp2040_2,65,195,5,4,diagnostic_holdout,1,2,56994,91525,99608,0,0,99683,42689
rp2040_2,65,195,5,4,diagnostic_holdout,2,1,99690,134074,0,0,0,134149,34459
rp2040_2,65,195,5,4,diagnostic_holdout,3,2,134153,168475,176539,0,0,176691,42538
rp2040_2,65,195,5,4,diagnostic_holdout,4,2,176692,211027,219090,0,0,219129,42437
rp2040_2,65,195,5,4,diagnostic_holdout,5,1,219130,253469,0,0,0,253482,34352
rp2040_2,65,195,5,4,diagnostic_holdout,6,2,253483,287788,295850,0,0,295910,42427
rp2040_2,65,195,5,4,diagnostic_holdout,7,1,295910,330236,0,0,0,330306,34396
rp2040_2,65,195,5,4,diagnostic_holdout,8,2,330306,364617,372678,0,0,372764,42458
rp2040_2,65,195,5,4,diagnostic_holdout,9,2,372765,407110,415171,0,0,415226,42461
rp2040_2,65,195,5,4,diagnostic_holdout,10,1,415227,449552,0,0,0,449641,34414
rp2040_2,65,195,5,4,diagnostic_holdout,11,1,449642,483949,0,0,0,484066,34424
rp2040_2,65,195,5,4,diagnostic_holdout,12,2,484067,518382,526443,0,0,526476,42409
rp2040_2,65,195,5,4,diagnostic_holdout,13,1,526477,560804,0,0,0,560841,34364
rp2040_2,65,195,5,4,diagnostic_holdout,14,1,560842,595153,0,0,0,595268,34426
rp2040_2,65,195,5,4,diagnostic_holdout,15,2,595269,629580,637641,0,0,637732,42463
rp2040_2,65,195,5,4,diagnostic_holdout,16,1,637733,672053,0,0,0,672155,34422
rp2040_2,65,195,5,4,diagnostic_holdout,17,1,672156,706467,0,0,0,706482,34326
rp2040_2,65,195,5,4,diagnostic_holdout,18,1,706482,740793,0,0,0,740811,34329
rp2040_2,65,195,5,4,diagnostic_holdout,19,1,740812,775119,0,0,0,775126,34314
rp2040_2,65,195,5,4,diagnostic_holdout,20,0,775127,809452,817513,825459,826145,826149,51022
rp2040_2,65,196,6,4,diagnostic_holdout,1,2,56976,91503,99585,0,0,99601,42625
rp2040_2,65,196,6,4,diagnostic_holdout,2,1,99606,133993,0,0,0,134046,34440
rp2040_2,65,196,6,4,diagnostic_holdout,3,0,134049,168378,176440,184387,185074,185077,51028
rp2040_2,65,197,7,4,diagnostic_holdout,1,1,56988,91509,0,0,0,91616,34628
rp2040_2,65,197,7,4,diagnostic_holdout,2,1,91620,125976,0,0,0,126011,34391
rp2040_2,65,197,7,4,diagnostic_holdout,3,1,126011,160329,0,0,0,160360,34349
rp2040_2,65,197,7,4,diagnostic_holdout,4,2,160361,194668,202738,0,0,202749,42388
rp2040_2,65,197,7,4,diagnostic_holdout,5,0,202750,237077,245142,253089,253776,253780,51030
rp2040_2,65,198,8,4,diagnostic_holdout,1,2,56962,91489,99573,0,0,99701,42739
rp2040_2,65,198,8,4,diagnostic_holdout,2,2,99706,134108,142172,0,0,142239,42533
rp2040_2,65,198,8,4,diagnostic_holdout,3,2,142240,176584,184647,0,0,184716,42476
rp2040_2,65,198,8,4,diagnostic_holdout,4,2,184716,219055,227116,0,0,227127,42411
rp2040_2,65,198,8,4,diagnostic_holdout,5,1,227128,261451,0,0,0,261474,34346
rp2040_2,65,198,8,4,diagnostic_holdout,6,1,261474,295792,0,0,0,295874,34400
rp2040_2,65,198,8,4,diagnostic_holdout,7,2,295875,330183,338244,0,0,338337,42462
rp2040_2,65,198,8,4,diagnostic_holdout,8,1,338338,372669,0,0,0,372721,34383
rp2040_2,65,198,8,4,diagnostic_holdout,9,0,372721,407028,415089,423035,423721,423724,51003
rp2040_2,65,199,9,4,diagnostic_holdout,1,2,57009,91533,99615,0,0,99658,42649
rp2040_2,65,199,9,4,diagnostic_holdout,2,2,99664,134050,142113,0,0,142149,42485
rp2040_2,65,199,9,4,diagnostic_holdout,3,1,142151,176491,0,0,0,176609,34458
rp2040_2,65,199,9,4,diagnostic_holdout,4,0,176610,210917,218978,226924,227610,227613,51003
rp2040_2,65,200,0,0,diagnostic_calibration,1,2,56977,91502,99586,0,0,99708,42731
rp2040_2,65,200,0,0,diagnostic_calibration,2,0,99713,134093,142160,150106,150793,150796,51083
rp2040_2,65,201,1,0,diagnostic_calibration,1,2,57001,91528,99613,0,0,99671,42670
rp2040_2,65,201,1,0,diagnostic_calibration,2,2,99675,134063,142128,0,0,142215,42540
rp2040_2,65,201,1,0,diagnostic_calibration,3,0,142218,176562,184624,192570,193256,193259,51041
rp2040_2,65,202,2,0,diagnostic_calibration,1,1,56972,91507,0,0,0,91609,34637
rp2040_2,65,202,2,0,diagnostic_calibration,2,2,91613,125998,134072,0,0,134080,42467
rp2040_2,65,202,2,0,diagnostic_calibration,3,2,134084,168433,176498,0,0,176502,42418
rp2040_2,65,202,2,0,diagnostic_calibration,4,2,176504,210829,218890,0,0,218942,42438
rp2040_2,65,202,2,0,diagnostic_calibration,5,1,218943,253280,0,0,0,253352,34409
rp2040_2,65,202,2,0,diagnostic_calibration,6,0,253353,287660,295721,303667,304352,304354,51001
rp2040_2,65,203,3,0,diagnostic_calibration,1,2,56974,91499,99582,0,0,99624,42650
rp2040_2,65,203,3,0,diagnostic_calibration,2,2,99629,134017,142078,0,0,142184,42555
rp2040_2,65,203,3,0,diagnostic_calibration,3,2,142186,176541,184602,0,0,184737,42551
rp2040_2,65,203,3,0,diagnostic_calibration,4,2,184739,219069,227130,0,0,227167,42428
rp2040_2,65,203,3,0,diagnostic_calibration,5,2,227167,261499,269560,0,0,269579,42412
rp2040_2,65,203,3,0,diagnostic_calibration,6,0,269579,303915,311975,319922,320609,320612,51033
rp2040_2,65,204,4,0,diagnostic_calibration,1,2,56972,91485,99568,0,0,99631,42659
rp2040_2,65,204,4,0,diagnostic_calibration,2,2,99635,134020,142088,0,0,142151,42516
rp2040_2,65,204,4,0,diagnostic_calibration,3,0,142153,176502,184564,192510,193197,193201,51048
rp2040_2,65,205,5,0,diagnostic_holdout,1,0,56966,91488,99571,107521,108209,108215,51249
rp2040_2,65,206,6,0,diagnostic_holdout,1,1,56976,91495,0,0,0,91535,34559
rp2040_2,65,206,6,0,diagnostic_holdout,2,0,91539,125901,133974,141925,142611,142615,51076
rp2040_2,65,207,7,0,diagnostic_holdout,1,1,56989,91518,0,0,0,91598,34609
rp2040_2,65,207,7,0,diagnostic_holdout,2,1,91603,125973,0,0,0,125986,34383
rp2040_2,65,207,7,0,diagnostic_holdout,3,1,125988,160312,0,0,0,160436,34448
rp2040_2,65,207,7,0,diagnostic_holdout,4,2,160437,194752,202823,0,0,202885,42448
rp2040_2,65,207,7,0,diagnostic_holdout,5,1,202886,237220,0,0,0,237255,34369
rp2040_2,65,207,7,0,diagnostic_holdout,6,2,237256,271568,279630,0,0,279690,42434
rp2040_2,65,207,7,0,diagnostic_holdout,7,0,279690,314031,322092,330038,330724,330727,51037
rp2040_2,65,208,8,0,diagnostic_holdout,1,2,56998,91517,99600,0,0,99688,42690
rp2040_2,65,208,8,0,diagnostic_holdout,2,1,99693,134081,0,0,0,134176,34483
rp2040_2,65,208,8,0,diagnostic_holdout,3,2,134177,168503,176564,0,0,176594,42417
rp2040_2,65,208,8,0,diagnostic_holdout,4,2,176594,210919,218980,0,0,219105,42511
rp2040_2,65,208,8,0,diagnostic_holdout,5,1,219106,253450,0,0,0,253460,34354
rp2040_2,65,208,8,0,diagnostic_holdout,6,2,253461,287771,295832,0,0,295847,42386
rp2040_2,65,208,8,0,diagnostic_holdout,7,1,295847,330182,0,0,0,330218,34371
rp2040_2,65,208,8,0,diagnostic_holdout,8,1,330219,364521,0,0,0,364598,34379
rp2040_2,65,208,8,0,diagnostic_holdout,9,1,364599,398912,0,0,0,398931,34332
rp2040_2,65,208,8,0,diagnostic_holdout,10,0,398932,433241,441302,449248,449934,449937,51005
rp2040_2,65,209,9,0,diagnostic_holdout,1,1,56998,91529,0,0,0,91552,34554
rp2040_2,65,209,9,0,diagnostic_holdout,2,1,91559,125929,0,0,0,125940,34381
rp2040_2,65,209,9,0,diagnostic_holdout,3,2,125942,160271,168343,0,0,168434,42492
rp2040_2,65,209,9,0,diagnostic_holdout,4,2,168435,202781,210846,0,0,210940,42505
rp2040_2,65,209,9,0,diagnostic_holdout,5,1,210941,245272,0,0,0,245309,34368
rp2040_2,65,209,9,0,diagnostic_holdout,6,2,245310,279626,287687,0,0,287781,42471
rp2040_2,65,209,9,0,diagnostic_holdout,7,2,287782,322108,330169,0,0,330177,42395
rp2040_2,65,209,9,0,diagnostic_holdout,8,2,330178,364512,372573,0,0,372632,42454
rp2040_2,65,209,9,0,diagnostic_holdout,9,2,372633,406951,415012,0,0,415019,42386
rp2040_2,65,209,9,0,diagnostic_holdout,10,0,415019,449360,457421,465367,466053,466057,51038
rp2040_2,65,210,0,1,diagnostic_calibration,1,2,56977,91500,99583,0,0,99651,42674
rp2040_2,65,210,0,1,diagnostic_calibration,2,1,99656,134038,0,0,0,134163,34507
rp2040_2,65,210,0,1,diagnostic_calibration,3,1,134165,168496,0,0,0,168533,34368
rp2040_2,65,210,0,1,diagnostic_calibration,4,2,168534,202849,210912,0,0,210995,42461
rp2040_2,65,210,0,1,diagnostic_calibration,5,2,210996,245318,253379,0,0,253504,42508
rp2040_2,65,210,0,1,diagnostic_calibration,6,2,253505,287827,295888,0,0,295931,42426
rp2040_2,65,210,0,1,diagnostic_calibration,7,1,295932,330257,0,0,0,330366,34434
rp2040_2,65,210,0,1,diagnostic_calibration,8,2,330366,364682,372743,0,0,372861,42495
rp2040_2,65,210,0,1,diagnostic_calibration,9,1,372861,407198,0,0,0,407205,34344
rp2040_2,65,210,0,1,diagnostic_calibration,10,2,407206,441525,449586,0,0,449593,42387
rp2040_2,65,210,0,1,diagnostic_calibration,11,2,449593,483925,491986,0,0,492038,42445
rp2040_2,65,210,0,1,diagnostic_calibration,12,0,492039,526359,534420,542366,543052,543055,51016
rp2040_2,65,211,1,1,diagnostic_calibration,1,2,56988,91517,99601,0,0,99615,42627
rp2040_2,65,211,1,1,diagnostic_calibration,2,2,99620,134017,142083,0,0,142116,42496
rp2040_2,65,211,1,1,diagnostic_calibration,3,1,142118,176453,0,0,0,176547,34429
rp2040_2,65,211,1,1,diagnostic_calibration,4,2,176549,210860,218921,0,0,219067,42518
rp2040_2,65,211,1,1,diagnostic_calibration,5,0,219068,253401,261463,269409,270095,270098,51030
rp2040_2,65,212,2,1,diagnostic_calibration,1,2,56989,91513,99597,0,0,99619,42630
rp2040_2,65,212,2,1,diagnostic_calibration,2,0,99625,133990,142054,150002,150689,150692,51067
rp2040_2,65,213,3,1,diagnostic_calibration,1,0,56978,91502,99585,107536,108221,108227,51249
rp2040_2,65,214,4,1,diagnostic_calibration,1,2,56958,91471,99554,0,0,99668,42710
rp2040_2,65,214,4,1,diagnostic_calibration,2,0,99674,134069,142134,150080,150767,150771,51097
rp2040_2,65,215,5,1,diagnostic_holdout,1,2,56997,91516,99601,0,0,99654,42657
rp2040_2,65,215,5,1,diagnostic_holdout,2,2,99658,134035,142099,0,0,142120,42462
rp2040_2,65,215,5,1,diagnostic_holdout,3,2,142121,176450,184512,0,0,184550,42429
rp2040_2,65,215,5,1,diagnostic_holdout,4,1,184550,218886,0,0,0,218922,34372
rp2040_2,65,215,5,1,diagnostic_holdout,5,2,218923,253238,261300,0,0,261366,42443
rp2040_2,65,215,5,1,diagnostic_holdout,6,0,261367,295703,303764,311710,312396,312399,51032
rp2040_2,65,216,6,1,diagnostic_holdout,1,2,56978,91502,99586,0,0,99649,42671
rp2040_2,65,216,6,1,diagnostic_holdout,2,0,99654,134038,142104,150051,150737,150740,51086
rp2040_2,65,217,7,1,diagnostic_holdout,1,1,56987,91502,0,0,0,91574,34587
rp2040_2,65,217,7,1,diagnostic_holdout,2,2,91579,125946,134020,0,0,134149,42570
rp2040_2,65,217,7,1,diagnostic_holdout,3,0,134150,168496,176561,184509,185195,185198,51048
rp2040_2,65,218,8,1,diagnostic_holdout,1,2,56976,91498,99581,0,0,99690,42714
rp2040_2,65,218,8,1,diagnostic_holdout,2,0,99697,134080,142144,150091,150777,150781,51084
rp2040_2,65,219,9,1,diagnostic_holdout,1,1,57004,91529,0,0,0,91646,34642
rp2040_2,65,219,9,1,diagnostic_holdout,2,1,91651,126018,0,0,0,126103,34452
rp2040_2,65,219,9,1,diagnostic_holdout,3,1,126105,160430,0,0,0,160466,34361
rp2040_2,65,219,9,1,diagnostic_holdout,4,0,160466,194785,202855,210806,211492,211495,51029
rp2040_2,65,220,0,2,diagnostic_calibration,1,1,56971,91493,0,0,0,91535,34564
rp2040_2,65,220,0,2,diagnostic_calibration,2,1,91540,125891,0,0,0,125931,34391
rp2040_2,65,220,0,2,diagnostic_calibration,3,1,125933,160271,0,0,0,160318,34385
rp2040_2,65,220,0,2,diagnostic_calibration,4,0,160319,194624,202696,210647,211334,211337,51018
rp2040_2,65,221,1,2,diagnostic_calibration,1,2,56981,91516,99599,0,0,99675,42694
rp2040_2,65,221,1,2,diagnostic_calibration,2,2,99681,134054,142118,0,0,142245,42564
rp2040_2,65,221,1,2,diagnostic_calibration,3,2,142245,176587,184649,0,0,184731,42486
rp2040_2,65,221,1,2,diagnostic_calibration,4,2,184731,219056,227117,0,0,227246,42515
rp2040_2,65,221,1,2,diagnostic_calibration,5,1,227247,261572,0,0,0,261692,34445
rp2040_2,65,221,1,2,diagnostic_calibration,6,2,261693,296002,304063,0,0,304121,42428
rp2040_2,65,221,1,2,diagnostic_calibration,7,1,304122,338450,0,0,0,338500,34378
rp2040_2,65,221,1,2,diagnostic_calibration,8,2,338500,372822,380883,0,0,380940,42440
rp2040_2,65,221,1,2,diagnostic_calibration,9,1,380941,415274,0,0,0,415337,34396
rp2040_2,65,221,1,2,diagnostic_calibration,10,2,415337,449651,457712,0,0,457816,42479
rp2040_2,65,221,1,2,diagnostic_calibration,11,1,457817,492134,0,0,0,492230,34413
rp2040_2,65,221,1,2,diagnostic_calibration,12,2,492231,526541,534602,0,0,534663,42432
rp2040_2,65,221,1,2,diagnostic_calibration,13,2,534664,568990,577051,0,0,577158,42494
rp2040_2,65,221,1,2,diagnostic_calibration,14,1,577158,611491,0,0,0,611531,34373
rp2040_2,65,221,1,2,diagnostic_calibration,15,2,611532,645843,653904,0,0,653974,42442
rp2040_2,65,221,1,2,diagnostic_calibration,16,0,653975,688304,696365,704311,704996,704999,51024
rp2040_2,65,222,2,2,diagnostic_calibration,1,2,56975,91504,99587,0,0,99652,42677
rp2040_2,65,222,2,2,diagnostic_calibration,2,0,99657,134049,142115,150062,150748,150752,51095
rp2040_2,65,223,3,2,diagnostic_calibration,1,2,56981,91505,99590,0,0,99606,42625
rp2040_2,65,223,3,2,diagnostic_calibration,2,1,99611,134002,0,0,0,134029,34418
rp2040_2,65,223,3,2,diagnostic_calibration,3,2,134030,168348,176410,0,0,176462,42432
rp2040_2,65,223,3,2,diagnostic_calibration,4,0,176463,210800,218861,226807,227494,227496,51033
rp2040_2,65,224,4,2,diagnostic_calibration,1,2,56966,91479,99561,0,0,99697,42731
rp2040_2,65,224,4,2,diagnostic_calibration,2,2,99703,134093,142156,0,0,142265,42562
rp2040_2,65,224,4,2,diagnostic_calibration,3,1,142266,176601,0,0,0,176674,34408
rp2040_2,65,224,4,2,diagnostic_calibration,4,0,176675,210995,219057,227003,227690,227693,51018
rp2040_2,65,225,5,2,diagnostic_holdout,1,1,57001,91534,0,0,0,91588,34587
rp2040_2,65,225,5,2,diagnostic_holdout,2,2,91592,125967,134041,0,0,134133,42541
rp2040_2,65,225,5,2,diagnostic_holdout,3,0,134134,168473,176535,184482,185168,185172,51038
rp2040_2,65,226,6,2,diagnostic_holdout,1,1,56977,91505,0,0,0,91591,34614
rp2040_2,65,226,6,2,diagnostic_holdout,2,2,91596,125964,134039,0,0,134107,42511
rp2040_2,65,226,6,2,diagnostic_holdout,3,1,134110,168449,0,0,0,168522,34412
rp2040_2,65,226,6,2,diagnostic_holdout,4,1,168522,202847,0,0,0,202913,34391
rp2040_2,65,226,6,2,diagnostic_holdout,5,1,202914,237224,0,0,0,237307,34393
rp2040_2,65,226,6,2,diagnostic_holdout,6,2,237308,271614,279676,0,0,279776,42468
rp2040_2,65,226,6,2,diagnostic_holdout,7,1,279777,314105,0,0,0,314205,34428
rp2040_2,65,226,6,2,diagnostic_holdout,8,1,314206,348519,0,0,0,348644,34438
rp2040_2,65,226,6,2,diagnostic_holdout,9,2,348644,382958,391019,0,0,391050,42406
rp2040_2,65,226,6,2,diagnostic_holdout,10,2,391051,425389,433450,0,0,433586,42535
rp2040_2,65,226,6,2,diagnostic_holdout,11,2,433587,467910,475971,0,0,476041,42454
rp2040_2,65,226,6,2,diagnostic_holdout,12,1,476041,510376,0,0,0,510430,34389
rp2040_2,65,226,6,2,diagnostic_holdout,13,1,510431,544733,0,0,0,544843,34412
rp2040_2,65,226,6,2,diagnostic_holdout,14,2,544844,579149,587210,0,0,587232,42388
rp2040_2,65,226,6,2,diagnostic_holdout,15,2,587233,621562,629623,0,0,629719,42486
rp2040_2,65,226,6,2,diagnostic_holdout,16,2,629719,664044,672105,0,0,672112,42393
rp2040_2,65,226,6,2,diagnostic_holdout,17,1,672113,706448,0,0,0,706461,34348
rp2040_2,65,226,6,2,diagnostic_holdout,18,1,706462,740774,0,0,0,740797,34335
rp2040_2,65,226,6,2,diagnostic_holdout,19,0,740798,775113,783174,791120,791806,791809,51011
rp2040_2,65,227,7,2,diagnostic_holdout,1,1,56990,91509,0,0,0,91625,34635
rp2040_2,65,227,7,2,diagnostic_holdout,2,1,91631,126002,0,0,0,126070,34439
rp2040_2,65,227,7,2,diagnostic_holdout,3,1,126072,160390,0,0,0,160420,34348
rp2040_2,65,227,7,2,diagnostic_holdout,4,1,160420,194730,0,0,0,194846,34426
rp2040_2,65,227,7,2,diagnostic_holdout,5,0,194846,229155,237226,245177,245863,245866,51020
rp2040_2,65,228,8,2,diagnostic_holdout,1,1,56963,91486,0,0,0,91605,34642
rp2040_2,65,228,8,2,diagnostic_holdout,2,0,91610,125970,134044,141994,142680,142683,51073
rp2040_2,65,229,9,2,diagnostic_holdout,1,0,56980,91514,99597,107547,108234,108240,51260
rp2040_2,65,230,0,3,diagnostic_calibration,1,0,56959,91486,99570,107521,108206,108212,51253
rp2040_2,65,231,1,3,diagnostic_calibration,1,2,56989,91508,99591,0,0,99729,42740
rp2040_2,65,231,1,3,diagnostic_calibration,2,1,99733,134116,0,0,0,134186,34453
rp2040_2,65,231,1,3,diagnostic_calibration,3,0,134188,168513,176575,184521,185207,185210,51022
rp2040_2,65,232,2,3,diagnostic_calibration,1,2,57000,91518,99602,0,0,99648,42648
rp2040_2,65,232,2,3,diagnostic_calibration,2,1,99653,134039,0,0,0,134117,34464
rp2040_2,65,232,2,3,diagnostic_calibration,3,1,134118,168438,0,0,0,168550,34432
rp2040_2,65,232,2,3,diagnostic_calibration,4,2,168552,202865,210928,0,0,210936,42384
rp2040_2,65,232,2,3,diagnostic_calibration,5,2,210936,245267,253329,0,0,253401,42465
rp2040_2,65,232,2,3,diagnostic_calibration,6,1,253402,287731,0,0,0,287753,34351
rp2040_2,65,232,2,3,diagnostic_calibration,7,1,287753,322063,0,0,0,322108,34355
rp2040_2,65,232,2,3,diagnostic_calibration,8,1,322109,356420,0,0,0,356434,34325
rp2040_2,65,232,2,3,diagnostic_calibration,9,2,356435,390747,398808,0,0,398900,42465
rp2040_2,65,232,2,3,diagnostic_calibration,10,2,398900,433226,441287,0,0,441306,42406
rp2040_2,65,232,2,3,diagnostic_calibration,11,1,441307,475637,0,0,0,475667,34360
rp2040_2,65,232,2,3,diagnostic_calibration,12,2,475668,509981,518042,0,0,518094,42426
rp2040_2,65,232,2,3,diagnostic_calibration,13,2,518095,552418,560478,0,0,560541,42446
rp2040_2,65,232,2,3,diagnostic_calibration,14,2,560542,594872,602933,0,0,603021,42479
rp2040_2,65,232,2,3,diagnostic_calibration,15,1,603022,637356,0,0,0,637425,34403
rp2040_2,65,232,2,3,diagnostic_calibration,16,1,637426,671734,0,0,0,671744,34318
rp2040_2,65,232,2,3,diagnostic_calibration,17,0,671745,706047,714108,722054,722741,722744,50999
rp2040_2,65,233,3,3,diagnostic_calibration,1,0,56980,91505,99589,107539,108225,108231,51251
rp2040_2,65,234,4,3,diagnostic_calibration,1,2,56974,91505,99589,0,0,99615,42641
rp2040_2,65,234,4,3,diagnostic_calibration,2,2,99620,134006,142071,0,0,142119,42499
rp2040_2,65,234,4,3,diagnostic_calibration,3,1,142120,176470,0,0,0,176538,34418
rp2040_2,65,234,4,3,diagnostic_calibration,4,1,176539,210871,0,0,0,210950,34411
rp2040_2,65,234,4,3,diagnostic_calibration,5,1,210951,245258,0,0,0,245342,34391
rp2040_2,65,234,4,3,diagnostic_calibration,6,1,245343,279656,0,0,0,279731,34388
rp2040_2,65,234,4,3,diagnostic_calibration,7,0,279732,314035,322096,330043,330729,330732,51000
rp2040_2,65,235,5,3,diagnostic_holdout,1,1,56975,91492,0,0,0,91556,34581
rp2040_2,65,235,5,3,diagnostic_holdout,2,0,91561,125921,133993,141944,142630,142634,51073
rp2040_2,65,236,6,3,diagnostic_holdout,1,2,56984,91504,99586,0,0,99706,42722
rp2040_2,65,236,6,3,diagnostic_holdout,2,0,99711,134084,142149,150095,150781,150785,51074
rp2040_2,65,237,7,3,diagnostic_holdout,1,1,56990,91517,0,0,0,91640,34650
rp2040_2,65,237,7,3,diagnostic_holdout,2,2,91645,126016,134087,0,0,134100,42455
rp2040_2,65,237,7,3,diagnostic_holdout,3,1,134102,168443,0,0,0,168488,34386
rp2040_2,65,237,7,3,diagnostic_holdout,4,1,168488,202809,0,0,0,202919,34431
rp2040_2,65,237,7,3,diagnostic_holdout,5,2,202919,237228,245289,0,0,245357,42438
rp2040_2,65,237,7,3,diagnostic_holdout,6,1,245357,279688,0,0,0,279694,34337
rp2040_2,65,237,7,3,diagnostic_holdout,7,2,279694,313997,322058,0,0,322123,42429
rp2040_2,65,237,7,3,diagnostic_holdout,8,2,322123,356457,364518,0,0,364594,42471
rp2040_2,65,237,7,3,diagnostic_holdout,9,2,364594,398917,406978,0,0,407003,42409
rp2040_2,65,237,7,3,diagnostic_holdout,10,2,407003,441334,449395,0,0,449467,42464
rp2040_2,65,237,7,3,diagnostic_holdout,11,0,449467,483785,491846,499792,500479,500481,51014
rp2040_2,65,238,8,3,diagnostic_holdout,1,2,56969,91488,99571,0,0,99723,42754
rp2040_2,65,238,8,3,diagnostic_holdout,2,2,99728,134121,142186,0,0,142233,42505
rp2040_2,65,238,8,3,diagnostic_holdout,3,2,142235,176583,184645,0,0,184719,42484
rp2040_2,65,238,8,3,diagnostic_holdout,4,1,184720,219045,0,0,0,219051,34331
rp2040_2,65,238,8,3,diagnostic_holdout,5,2,219051,253361,261423,0,0,261565,42514
rp2040_2,65,238,8,3,diagnostic_holdout,6,2,261566,295900,303961,0,0,304059,42493
rp2040_2,65,238,8,3,diagnostic_holdout,7,1,304060,338396,0,0,0,338413,34353
rp2040_2,65,238,8,3,diagnostic_holdout,8,0,338414,372725,380786,388732,389418,389420,51006
rp2040_2,65,239,9,3,diagnostic_holdout,1,1,56981,91508,0,0,0,91566,34585
rp2040_2,65,239,9,3,diagnostic_holdout,2,1,91571,125937,0,0,0,125946,34375
rp2040_2,65,239,9,3,diagnostic_holdout,3,2,125947,160272,168347,0,0,168452,42505
rp2040_2,65,239,9,3,diagnostic_holdout,4,2,168454,202781,210844,0,0,210955,42501
rp2040_2,65,239,9,3,diagnostic_holdout,5,2,210956,245292,253353,0,0,253369,42413
rp2040_2,65,239,9,3,diagnostic_holdout,6,1,253370,287692,0,0,0,287747,34377
rp2040_2,65,239,9,3,diagnostic_holdout,7,2,287748,322055,330116,0,0,330186,42438
rp2040_2,65,239,9,3,diagnostic_holdout,8,1,330187,364518,0,0,0,364579,34392
rp2040_2,65,239,9,3,diagnostic_holdout,9,1,364580,398894,0,0,0,398909,34329
rp2040_2,65,239,9,3,diagnostic_holdout,10,0,398910,433218,441279,449225,449911,449914,51004
rp2040_2,65,240,0,4,diagnostic_calibration,1,0,56966,91484,99567,107517,108203,108209,51243
rp2040_2,65,241,1,4,diagnostic_calibration,1,2,57003,91522,99607,0,0,99682,42679
rp2040_2,65,241,1,4,diagnostic_calibration,2,2,99687,134082,142146,0,0,142190,42503
rp2040_2,65,241,1,4,diagnostic_calibration,3,2,142192,176541,184601,0,0,184635,42443
rp2040_2,65,241,1,4,diagnostic_calibration,4,1,184636,218962,0,0,0,219036,34400
rp2040_2,65,241,1,4,diagnostic_calibration,5,2,219036,253347,261408,0,0,261438,42402
rp2040_2,65,241,1,4,diagnostic_calibration,6,0,261439,295767,303828,311775,312461,312464,51025
rp2040_2,65,242,2,4,diagnostic_calibration,1,2,56984,91519,99603,0,0,99681,42697
rp2040_2,65,242,2,4,diagnostic_calibration,2,1,99686,134071,0,0,0,134197,34511
rp2040_2,65,242,2,4,diagnostic_calibration,3,2,134199,168522,176585,0,0,176697,42498
rp2040_2,65,242,2,4,diagnostic_calibration,4,0,176698,211042,219103,227049,227735,227737,51039
rp2040_2,65,243,3,4,diagnostic_calibration,1,0,56989,91521,99605,107556,108242,108249,51260
rp2040_2,65,244,4,4,diagnostic_calibration,1,1,56981,91498,0,0,0,91584,34603
rp2040_2,65,244,4,4,diagnostic_calibration,2,1,91589,125947,0,0,0,126041,34452
rp2040_2,65,244,4,4,diagnostic_calibration,3,2,126043,160362,168432,0,0,168583,42540
rp2040_2,65,244,4,4,diagnostic_calibration,4,2,168584,202924,210988,0,0,211027,42443
rp2040_2,65,244,4,4,diagnostic_calibration,5,1,211028,245364,0,0,0,245439,34411
rp2040_2,65,244,4,4,diagnostic_calibration,6,2,245440,279743,287805,0,0,287830,42390
rp2040_2,65,244,4,4,diagnostic_calibration,7,2,287831,322161,330223,0,0,330318,42487
rp2040_2,65,244,4,4,diagnostic_calibration,8,2,330319,364650,372712,0,0,372752,42433
rp2040_2,65,244,4,4,diagnostic_calibration,9,0,372753,407084,415145,423092,423777,423780,51027
rp2040_2,65,245,5,4,diagnostic_holdout,1,1,56984,91499,0,0,0,91583,34599
rp2040_2,65,245,5,4,diagnostic_holdout,2,1,91589,125959,0,0,0,126067,34478
rp2040_2,65,245,5,4,diagnostic_holdout,3,0,126068,160388,168459,176410,177096,177100,51032
rp2040_2,65,246,6,4,diagnostic_holdout,1,2,57002,91514,99597,0,0,99704,42702
rp2040_2,65,246,6,4,diagnostic_holdout,2,2,99708,134095,142160,0,0,142174,42466
rp2040_2,65,246,6,4,diagnostic_holdout,3,0,142175,176525,184588,192534,193221,193223,51048
rp2040_2,65,247,7,4,diagnostic_holdout,1,1,57000,91524,0,0,0,91590,34590
rp2040_2,65,247,7,4,diagnostic_holdout,2,2,91595,125952,134025,0,0,134103,42508
rp2040_2,65,247,7,4,diagnostic_holdout,3,0,134104,168453,176519,184466,185152,185155,51051
rp2040_2,65,248,8,4,diagnostic_holdout,1,1,56972,91491,0,0,0,91610,34638
rp2040_2,65,248,8,4,diagnostic_holdout,2,2,91616,125975,134049,0,0,134082,42466
rp2040_2,65,248,8,4,diagnostic_holdout,3,1,134084,168435,0,0,0,168540,34456
rp2040_2,65,248,8,4,diagnostic_holdout,4,2,168542,202860,210925,0,0,210971,42429
rp2040_2,65,248,8,4,diagnostic_holdout,5,1,210972,245305,0,0,0,245408,34436
rp2040_2,65,248,8,4,diagnostic_holdout,6,1,245408,279722,0,0,0,279745,34337
rp2040_2,65,248,8,4,diagnostic_holdout,7,0,279745,314056,322119,330065,330750,330753,51008
rp2040_2,65,249,9,4,diagnostic_holdout,1,0,56962,91477,99560,107511,108197,108202,51240
rp2040_2,65,250,0,0,diagnostic_calibration,1,2,56974,91495,99578,0,0,99636,42662
rp2040_2,65,250,0,0,diagnostic_calibration,2,1,99641,134009,0,0,0,134052,34411
rp2040_2,65,250,0,0,diagnostic_calibration,3,2,134054,168373,176435,0,0,176550,42496
rp2040_2,65,250,0,0,diagnostic_calibration,4,0,176551,210893,218954,226901,227587,227590,51039
rp2040_2,65,251,1,0,diagnostic_calibration,1,1,56990,91517,0,0,0,91629,34639
rp2040_2,65,251,1,0,diagnostic_calibration,2,0,91634,125996,134068,142019,142705,142709,51075
rp2040_2,65,252,2,0,diagnostic_calibration,1,1,56973,91503,0,0,0,91599,34626
rp2040_2,65,252,2,0,diagnostic_calibration,2,1,91604,125979,0,0,0,126020,34416
rp2040_2,65,252,2,0,diagnostic_calibration,3,1,126024,160352,0,0,0,160384,34360
rp2040_2,65,252,2,0,diagnostic_calibration,4,0,160385,194702,202773,210724,211410,211413,51028
rp2040_2,65,253,3,0,diagnostic_calibration,1,2,56994,91521,99604,0,0,99691,42697
rp2040_2,65,253,3,0,diagnostic_calibration,2,0,99696,134072,142137,150083,150768,150774,51078
rp2040_2,65,254,4,0,diagnostic_calibration,1,2,56978,91507,99590,0,0,99697,42719
rp2040_2,65,254,4,0,diagnostic_calibration,2,1,99702,134090,0,0,0,134130,34428
rp2040_2,65,254,4,0,diagnostic_calibration,3,2,134133,168447,176511,0,0,176592,42459
rp2040_2,65,254,4,0,diagnostic_calibration,4,1,176593,210922,0,0,0,210927,34334
rp2040_2,65,254,4,0,diagnostic_calibration,5,1,210927,245237,0,0,0,245260,34333
rp2040_2,65,254,4,0,diagnostic_calibration,6,1,245261,279568,0,0,0,279578,34317
rp2040_2,65,254,4,0,diagnostic_calibration,7,0,279578,313885,321947,329893,330579,330582,51004
rp2040_2,65,255,5,0,diagnostic_holdout,1,0,56973,91490,99573,107523,108210,108216,51243
rp2040_2,65,256,6,0,diagnostic_holdout,1,1,56995,91521,0,0,0,91544,34549
rp2040_2,65,256,6,0,diagnostic_holdout,2,2,91549,125913,133988,0,0,133998,42449
rp2040_2,65,256,6,0,diagnostic_holdout,3,2,133999,168341,176405,0,0,176541,42542
rp2040_2,65,256,6,0,diagnostic_holdout,4,2,176542,210877,218938,0,0,218965,42423
rp2040_2,65,256,6,0,diagnostic_holdout,5,1,218966,253290,0,0,0,253414,34448
rp2040_2,65,256,6,0,diagnostic_holdout,6,2,253415,287725,295786,0,0,295810,42395
rp2040_2,65,256,6,0,diagnostic_holdout,7,0,295810,330153,338214,346160,346845,346848,51038
rp2040_2,65,257,7,0,diagnostic_holdout,1,0,56993,91524,99608,107558,108245,108251,51258
rp2040_2,65,258,8,0,diagnostic_holdout,1,1,56956,91462,0,0,0,91571,34615
rp2040_2,65,258,8,0,diagnostic_holdout,2,2,91576,125938,134012,0,0,134060,42484
rp2040_2,65,258,8,0,diagnostic_holdout,3,0,134062,168415,176480,184427,185113,185116,51054
rp2040_2,65,259,9,0,diagnostic_holdout,1,1,57014,91530,0,0,0,91566,34552
rp2040_2,65,259,9,0,diagnostic_holdout,2,1,91571,125938,0,0,0,126047,34476
rp2040_2,65,259,9,0,diagnostic_holdout,3,1,126048,160368,0,0,0,160385,34337
rp2040_2,65,259,9,0,diagnostic_holdout,4,1,160386,194701,0,0,0,194706,34320
rp2040_2,65,259,9,0,diagnostic_holdout,5,2,194706,229017,237088,0,0,237145,42439
rp2040_2,65,259,9,0,diagnostic_holdout,6,1,237147,271476,0,0,0,271545,34398
rp2040_2,65,259,9,0,diagnostic_holdout,7,2,271546,305858,313923,0,0,313975,42429
rp2040_2,65,259,9,0,diagnostic_holdout,8,0,313976,348307,356369,364316,365002,365005,51029
rp2040_2,65,260,0,1,diagnostic_calibration,1,1,56977,91502,0,0,0,91546,34569
rp2040_2,65,260,0,1,diagnostic_calibration,2,2,91552,125926,134001,0,0,134099,42547
rp2040_2,65,260,0,1,diagnostic_calibration,3,1,134101,168464,0,0,0,168488,34387
rp2040_2,65,260,0,1,diagnostic_calibration,4,2,168489,202802,210866,0,0,210977,42488
rp2040_2,65,260,0,1,diagnostic_calibration,5,2,210978,245307,253368,0,0,253442,42464
rp2040_2,65,260,0,1,diagnostic_calibration,6,2,253442,287774,295835,0,0,295950,42508
rp2040_2,65,260,0,1,diagnostic_calibration,7,0,295951,330295,338356,346302,346988,346991,51040
rp2040_2,65,261,1,1,diagnostic_calibration,1,2,56974,91482,99565,0,0,99721,42747
rp2040_2,65,261,1,1,diagnostic_calibration,2,2,99727,134102,142168,0,0,142183,42456
rp2040_2,65,261,1,1,diagnostic_calibration,3,1,142184,176533,0,0,0,176577,34393
rp2040_2,65,261,1,1,diagnostic_calibration,4,0,176577,210893,218954,226900,227586,227589,51012
rp2040_2,65,262,2,1,diagnostic_calibration,1,0,57001,91516,99599,107550,108236,108242,51241
rp2040_2,65,263,3,1,diagnostic_calibration,1,1,56978,91499,0,0,0,91600,34622
rp2040_2,65,263,3,1,diagnostic_calibration,2,1,91606,125975,0,0,0,126018,34412
rp2040_2,65,263,3,1,diagnostic_calibration,3,1,126021,160340,0,0,0,160458,34437
rp2040_2,65,263,3,1,diagnostic_calibration,4,2,160460,194774,202844,0,0,202993,42533
rp2040_2,65,263,3,1,diagnostic_calibration,5,1,202995,237333,0,0,0,237421,34426
rp2040_2,65,263,3,1,diagnostic_calibration,6,0,237421,271735,279797,287744,288431,288435,51014
rp2040_2,65,264,4,1,diagnostic_calibration,1,2,56962,91488,99570,0,0,99648,42686
rp2040_2,65,264,4,1,diagnostic_calibration,2,1,99654,134038,0,0,0,134100,34446
rp2040_2,65,264,4,1,diagnostic_calibration,3,2,134103,168431,176494,0,0,176518,42415
rp2040_2,65,264,4,1,diagnostic_calibration,4,2,176518,210859,218920,0,0,218943,42425
rp2040_2,65,264,4,1,diagnostic_calibration,5,0,218943,253280,261341,269287,269974,269977,51034
rp2040_2,65,265,5,1,diagnostic_holdout,1,2,56979,91500,99583,0,0,99598,42619
rp2040_2,65,265,5,1,diagnostic_holdout,2,2,99603,133987,142054,0,0,142099,42496
rp2040_2,65,265,5,1,diagnostic_holdout,3,0,142100,176451,184513,192459,193146,193150,51050
rp2040_2,65,266,6,1,diagnostic_holdout,1,1,56997,91527,0,0,0,91604,34607
rp2040_2,65,266,6,1,diagnostic_holdout,2,2,91609,125969,134044,0,0,134069,42460
rp2040_2,65,266,6,1,diagnostic_holdout,3,2,134072,168422,176487,0,0,176611,42539
rp2040_2,65,266,6,1,diagnostic_holdout,4,2,176613,210960,219021,0,0,219030,42417
rp2040_2,65,266,6,1,diagnostic_holdout,5,0,219031,253372,261433,269379,270066,270069,51038
rp2040_2,65,267,7,1,diagnostic_holdout,1,0,56989,91513,99597,107547,108233,108239,51250
rp2040_2,65,268,8,1,diagnostic_holdout,1,0,56952,91466,99549,107500,108186,108192,51240
rp2040_2,65,269,9,1,diagnostic_holdout,1,2,56975,91510,99592,0,0,99625,42650
rp2040_2,65,269,9,1,diagnostic_holdout,2,2,99630,134016,142080,0,0,142086,42456
rp2040_2,65,269,9,1,diagnostic_holdout,3,2,142088,176429,184491,0,0,184610,42522
rp2040_2,65,269,9,1,diagnostic_holdout,4,0,184611,218941,227002,234949,235634,235637,51026
rp2040_2,65,270,0,2,diagnostic_calibration,1,0,56964,91488,99572,107523,108209,108215,51251
rp2040_2,65,271,1,2,diagnostic_calibration,1,2,56984,91512,99594,0,0,99654,42670
rp2040_2,65,271,1,2,diagnostic_calibration,2,2,99660,134040,142109,0,0,142234,42574
rp2040_2,65,271,1,2,diagnostic_calibration,3,1,142236,176596,0,0,0,176607,34371
rp2040_2,65,271,1,2,diagnostic_calibration,4,1,176607,210922,0,0,0,210936,34329
rp2040_2,65,271,1,2,diagnostic_calibration,5,1,210937,245253,0,0,0,245300,34363
rp2040_2,65,271,1,2,diagnostic_calibration,6,2,245300,279613,287676,0,0,287776,42476
rp2040_2,65,271,1,2,diagnostic_calibration,7,4,287777,322108,330170,338116,338803,338805,51028
rp2040_2,65,271,1,2,diagnostic_calibration,8,1,338806,373160,0,0,0,373215,34409
rp2040_2,65,271,1,2,diagnostic_calibration,9,1,373216,407523,0,0,0,407635,34419
rp2040_2,65,271,1,2,diagnostic_calibration,10,1,407636,441947,0,0,0,441973,34337
rp2040_2,65,271,1,2,diagnostic_calibration,11,1,441974,476285,0,0,0,476315,34341
rp2040_2,65,271,1,2,diagnostic_calibration,12,0,476316,510623,518683,526630,527298,527300,50984
rp2040_2,65,272,2,2,diagnostic_calibration,1,1,56994,91517,0,0,0,91657,34663
rp2040_2,65,272,2,2,diagnostic_calibration,2,2,91662,126017,134089,0,0,134160,42498
rp2040_2,65,272,2,2,diagnostic_calibration,3,1,134161,168499,0,0,0,168554,34393
rp2040_2,65,272,2,2,diagnostic_calibration,4,2,168555,202874,210938,0,0,210948,42393
rp2040_2,65,272,2,2,diagnostic_calibration,5,2,210949,245281,253342,0,0,253385,42436
rp2040_2,65,272,2,2,diagnostic_calibration,6,2,253386,287716,295777,0,0,295846,42460
rp2040_2,65,272,2,2,diagnostic_calibration,7,1,295847,330177,0,0,0,330191,34344
rp2040_2,65,272,2,2,diagnostic_calibration,8,2,330192,364498,372559,0,0,372562,42370
rp2040_2,65,272,2,2,diagnostic_calibration,9,1,372563,406884,0,0,0,406962,34399
rp2040_2,65,272,2,2,diagnostic_calibration,10,2,406963,441267,449328,0,0,449352,42389
rp2040_2,65,272,2,2,diagnostic_calibration,11,2,449353,483696,491756,0,0,491765,42412
rp2040_2,65,272,2,2,diagnostic_calibration,12,2,491766,526090,534151,0,0,534277,42511
rp2040_2,65,272,2,2,diagnostic_calibration,13,2,534278,568611,576672,0,0,576728,42450
rp2040_2,65,272,2,2,diagnostic_calibration,14,1,576728,611053,0,0,0,611069,34341
rp2040_2,65,272,2,2,diagnostic_calibration,15,2,611070,645383,653444,0,0,653510,42440
rp2040_2,65,272,2,2,diagnostic_calibration,16,2,653511,687844,695905,0,0,695956,42445
rp2040_2,65,272,2,2,diagnostic_calibration,17,0,695956,730285,738346,746292,746978,746981,51025
rp2040_2,65,273,3,2,diagnostic_calibration,1,2,56998,91513,99596,0,0,99660,42662
rp2040_2,65,273,3,2,diagnostic_calibration,2,1,99666,134053,0,0,0,134099,34433
rp2040_2,65,273,3,2,diagnostic_calibration,3,1,134100,168421,0,0,0,168544,34444
rp2040_2,65,273,3,2,diagnostic_calibration,4,0,168545,202855,210918,218865,219551,219554,51009
rp2040_2,65,274,4,2,diagnostic_calibration,1,1,56970,91486,0,0,0,91554,34584
rp2040_2,65,274,4,2,diagnostic_calibration,2,1,91558,125920,0,0,0,125981,34423
rp2040_2,65,274,4,2,diagnostic_calibration,3,1,125982,160296,0,0,0,160340,34358
rp2040_2,65,274,4,2,diagnostic_calibration,4,1,160341,194655,0,0,0,194770,34429
rp2040_2,65,274,4,2,diagnostic_calibration,5,2,194771,229079,237150,0,0,237280,42509
rp2040_2,65,274,4,2,diagnostic_calibration,6,2,237282,271611,279673,0,0,279697,42415
rp2040_2,65,274,4,2,diagnostic_calibration,7,1,279697,314020,0,0,0,314132,34435
rp2040_2,65,274,4,2,diagnostic_calibration,8,2,314133,348437,356498,0,0,356557,42424
rp2040_2,65,274,4,2,diagnostic_calibration,9,2,356558,390892,398953,0,0,399028,42470
rp2040_2,65,274,4,2,diagnostic_calibration,10,2,399029,433354,441415,0,0,441431,42402
rp2040_2,65,274,4,2,diagnostic_calibration,11,1,441431,475766,0,0,0,475808,34377
rp2040_2,65,274,4,2,diagnostic_calibration,12,2,475809,510114,518175,0,0,518197,42388
rp2040_2,65,274,4,2,diagnostic_calibration,13,0,518197,552530,560591,568537,569223,569226,51029
rp2040_2,65,275,5,2,diagnostic_holdout,1,1,56991,91513,0,0,0,91633,34642
rp2040_2,65,275,5,2,diagnostic_holdout,2,2,91638,126012,134085,0,0,134116,42478
rp2040_2,65,275,5,2,diagnostic_holdout,3,0,134118,168465,176529,184478,185164,185167,51049
rp2040_2,65,276,6,2,diagnostic_holdout,1,1,56990,91512,0,0,0,91655,34665
rp2040_2,65,276,6,2,diagnostic_holdout,2,1,91660,126024,0,0,0,126048,34388
rp2040_2,65,276,6,2,diagnostic_holdout,3,1,126049,160367,0,0,0,160450,34401
rp2040_2,65,276,6,2,diagnostic_holdout,4,1,160451,194758,0,0,0,194779,34328
rp2040_2,65,276,6,2,diagnostic_holdout,5,1,194780,229093,0,0,0,229116,34336
rp2040_2,65,276,6,2,diagnostic_holdout,6,1,229117,263421,0,0,0,263470,34353
rp2040_2,65,276,6,2,diagnostic_holdout,7,1,263470,297779,0,0,0,297823,34353
rp2040_2,65,276,6,2,diagnostic_holdout,8,1,297823,332127,0,0,0,332147,34324
rp2040_2,65,276,6,2,diagnostic_holdout,9,0,332147,366457,374527,382478,383164,383167,51020
rp2040_2,65,277,7,2,diagnostic_holdout,1,2,56977,91509,99593,0,0,99742,42765
rp2040_2,65,277,7,2,diagnostic_holdout,2,1,99747,134146,0,0,0,134266,34519
rp2040_2,65,277,7,2,diagnostic_holdout,3,1,134268,168581,0,0,0,168634,34366
rp2040_2,65,277,7,2,diagnostic_holdout,4,2,168635,202941,211003,0,0,211143,42508
rp2040_2,65,277,7,2,diagnostic_holdout,5,0,211144,245475,253537,261483,262170,262173,51029
rp2040_2,65,278,8,2,diagnostic_holdout,1,1,56973,91502,0,0,0,91625,34652
rp2040_2,65,278,8,2,diagnostic_holdout,2,2,91630,125984,134057,0,0,134084,42454
rp2040_2,65,278,8,2,diagnostic_holdout,3,2,134087,168420,176484,0,0,176499,42412
rp2040_2,65,278,8,2,diagnostic_holdout,4,1,176501,210839,0,0,0,210947,34446
rp2040_2,65,278,8,2,diagnostic_holdout,5,2,210948,245265,253326,0,0,253402,42454
rp2040_2,65,278,8,2,diagnostic_holdout,6,2,253403,287736,295796,0,0,295903,42500
rp2040_2,65,278,8,2,diagnostic_holdout,7,2,295904,330237,338298,0,0,338317,42413
rp2040_2,65,278,8,2,diagnostic_holdout,8,1,338318,372647,0,0,0,372735,34417
rp2040_2,65,278,8,2,diagnostic_holdout,9,0,372736,407048,415108,423055,423740,423743,51007
rp2040_2,65,279,9,2,diagnostic_holdout,1,2,56976,91495,99578,0,0,99613,42637
rp2040_2,65,279,9,2,diagnostic_holdout,2,0,99619,134001,142064,150012,150698,150702,51083
rp2040_2,65,280,0,3,diagnostic_calibration,1,1,56980,91503,0,0,0,91608,34628
rp2040_2,65,280,0,3,diagnostic_calibration,2,0,91613,125978,134051,142002,142688,142692,51079
rp2040_2,65,281,1,3,diagnostic_calibration,1,1,56996,91522,0,0,0,91609,34613
rp2040_2,65,281,1,3,diagnostic_calibration,2,2,91614,125984,134058,0,0,134144,42530
rp2040_2,65,281,1,3,diagnostic_calibration,3,1,134145,168494,0,0,0,168545,34400
rp2040_2,65,281,1,3,diagnostic_calibration,4,2,168546,202851,210914,0,0,210987,42441
rp2040_2,65,281,1,3,diagnostic_calibration,5,1,210987,245327,0,0,0,245382,34395
rp2040_2,65,281,1,3,diagnostic_calibration,6,1,245383,279695,0,0,0,279737,34354
rp2040_2,65,281,1,3,diagnostic_calibration,7,1,279738,314054,0,0,0,314093,34355
rp2040_2,65,281,1,3,diagnostic_calibration,8,2,314094,348410,356471,0,0,356477,42383
rp2040_2,65,281,1,3,diagnostic_calibration,9,1,356478,390803,0,0,0,390816,34338
rp2040_2,65,281,1,3,diagnostic_calibration,10,2,390817,425131,433191,0,0,433251,42434
rp2040_2,65,281,1,3,diagnostic_calibration,11,2,433251,467582,475643,0,0,475675,42424
rp2040_2,65,281,1,3,diagnostic_calibration,12,2,475675,510001,518062,0,0,518123,42448
rp2040_2,65,281,1,3,diagnostic_calibration,13,0,518124,552451,560512,568458,569144,569146,51022
rp2040_2,65,282,2,3,diagnostic_calibration,1,2,57005,91532,99616,0,0,99684,42679
rp2040_2,65,282,2,3,diagnostic_calibration,2,1,99688,134078,0,0,0,134124,34436
rp2040_2,65,282,2,3,diagnostic_calibration,3,0,134126,168455,176518,184465,185151,185154,51028
rp2040_2,65,283,3,3,diagnostic_calibration,1,0,56985,91509,99593,107543,108230,108237,51252
rp2040_2,65,284,4,3,diagnostic_calibration,1,1,56956,91487,0,0,0,91536,34580
rp2040_2,65,284,4,3,diagnostic_calibration,2,2,91542,125905,133979,0,0,134131,42589
rp2040_2,65,284,4,3,diagnostic_calibration,3,0,134134,168491,176556,184502,185188,185191,51057
rp2040_2,65,285,5,3,diagnostic_holdout,1,1,56975,91498,0,0,0,91575,34600
rp2040_2,65,285,5,3,diagnostic_holdout,2,0,91581,125949,134025,141976,142661,142666,51085
rp2040_2,65,286,6,3,diagnostic_holdout,1,0,56989,91513,99596,107547,108232,108238,51249
rp2040_2,65,287,7,3,diagnostic_holdout,1,2,56992,91520,99603,0,0,99672,42680
rp2040_2,65,287,7,3,diagnostic_holdout,2,1,99677,134068,0,0,0,134083,34406
rp2040_2,65,287,7,3,diagnostic_holdout,3,1,134085,168409,0,0,0,168477,34392
rp2040_2,65,287,7,3,diagnostic_holdout,4,1,168477,202797,0,0,0,202829,34352
rp2040_2,65,287,7,3,diagnostic_holdout,5,0,202829,237147,245211,253158,253844,253846,51017
rp2040_2,65,288,8,3,diagnostic_holdout,1,0,56971,91485,99568,107518,108204,108210,51239
rp2040_2,65,289,9,3,diagnostic_holdout,1,1,56975,91496,0,0,0,91539,34564
rp2040_2,65,289,9,3,diagnostic_holdout,2,2,91545,125903,133978,0,0,134098,42553
rp2040_2,65,289,9,3,diagnostic_holdout,3,1,134100,168447,0,0,0,168518,34418
rp2040_2,65,289,9,3,diagnostic_holdout,4,0,168519,202830,210893,218840,219527,219529,51010
rp2040_2,65,290,0,4,diagnostic_calibration,1,2,56977,91489,99572,0,0,99650,42673
rp2040_2,65,290,0,4,diagnostic_calibration,2,0,99655,134058,142124,150070,150757,150760,51105
rp2040_2,65,291,1,4,diagnostic_calibration,1,2,56982,91508,99593,0,0,99751,42769
rp2040_2,65,291,1,4,diagnostic_calibration,2,1,99756,134136,0,0,0,134164,34408
rp2040_2,65,291,1,4,diagnostic_calibration,3,1,134166,168488,0,0,0,168560,34394
rp2040_2,65,291,1,4,diagnostic_calibration,4,2,168562,202872,210935,0,0,211035,42473
rp2040_2,65,291,1,4,diagnostic_calibration,5,0,211036,245365,253426,261372,262057,262060,51024
rp2040_2,65,292,2,4,diagnostic_calibration,1,1,56988,91507,0,0,0,91623,34635
rp2040_2,65,292,2,4,diagnostic_calibration,2,2,91627,125983,134057,0,0,134176,42549
rp2040_2,65,292,2,4,diagnostic_calibration,3,2,134178,168533,176597,0,0,176617,42439
rp2040_2,65,292,2,4,diagnostic_calibration,4,1,176618,210964,0,0,0,210990,34372
rp2040_2,65,292,2,4,diagnostic_calibration,5,1,210990,245305,0,0,0,245327,34337
rp2040_2,65,292,2,4,diagnostic_calibration,6,2,245327,279632,287693,0,0,287722,42395
rp2040_2,65,292,2,4,diagnostic_calibration,7,2,287722,322063,330124,0,0,330151,42429
rp2040_2,65,292,2,4,diagnostic_calibration,8,2,330152,364483,372543,0,0,372620,42468
rp2040_2,65,292,2,4,diagnostic_calibration,9,0,372621,406949,415010,422956,423643,423645,51024
rp2040_2,65,293,3,4,diagnostic_calibration,1,1,57001,91532,0,0,0,91580,34579
rp2040_2,65,293,3,4,diagnostic_calibration,2,2,91585,125945,134018,0,0,134056,42471
rp2040_2,65,293,3,4,diagnostic_calibration,3,1,134058,168414,0,0,0,168444,34386
rp2040_2,65,293,3,4,diagnostic_calibration,4,1,168444,202759,0,0,0,202848,34404
rp2040_2,65,293,3,4,diagnostic_calibration,5,2,202848,237164,245226,0,0,245253,42405
rp2040_2,65,293,3,4,diagnostic_calibration,6,2,245254,279589,287650,0,0,287724,42470
rp2040_2,65,293,3,4,diagnostic_calibration,7,2,287724,322046,330107,0,0,330151,42427
rp2040_2,65,293,3,4,diagnostic_calibration,8,0,330151,364473,372534,380481,381166,381169,51018
rp2040_2,65,294,4,4,diagnostic_calibration,1,1,56967,91501,0,0,0,91562,34595
rp2040_2,65,294,4,4,diagnostic_calibration,2,1,91567,125950,0,0,0,125976,34409
rp2040_2,65,294,4,4,diagnostic_calibration,3,2,125977,160316,168388,0,0,168531,42554
rp2040_2,65,294,4,4,diagnostic_calibration,4,1,168532,202877,0,0,0,203000,34468
rp2040_2,65,294,4,4,diagnostic_calibration,5,0,203001,237316,245378,253324,254010,254013,51012
rp2040_2,65,295,5,4,diagnostic_holdout,1,1,56999,91525,0,0,0,91553,34554
rp2040_2,65,295,5,4,diagnostic_holdout,2,2,91558,125930,134006,0,0,134017,42459
rp2040_2,65,295,5,4,diagnostic_holdout,3,0,134020,168382,176444,184391,185077,185079,51059
rp2040_2,65,296,6,4,diagnostic_holdout,1,2,56985,91518,99601,0,0,99763,42778
rp2040_2,65,296,6,4,diagnostic_holdout,2,2,99768,134161,142228,0,0,142357,42589
rp2040_2,65,296,6,4,diagnostic_holdout,3,1,142358,176707,0,0,0,176731,34373
rp2040_2,65,296,6,4,diagnostic_holdout,4,0,176732,211051,219112,227059,227744,227747,51015
rp2040_2,65,297,7,4,diagnostic_holdout,1,1,56969,91497,0,0,0,91602,34633
rp2040_2,65,297,7,4,diagnostic_holdout,2,2,91606,125959,134031,0,0,134167,42561
rp2040_2,65,297,7,4,diagnostic_holdout,3,2,134170,168521,176585,0,0,176683,42513
rp2040_2,65,297,7,4,diagnostic_holdout,4,0,176683,211009,219071,227017,227703,227706,51023
rp2040_2,65,298,8,4,diagnostic_holdout,1,0,56948,91475,99558,107508,108194,108200,51252
rp2040_2,65,299,9,4,diagnostic_holdout,1,2,56998,91516,99600,0,0,99644,42646
rp2040_2,65,299,9,4,diagnostic_holdout,2,0,99649,134028,142095,150042,150729,150732,51083
rp2040_2,65,300,0,0,diagnostic_calibration,1,2,56984,91515,99598,0,0,99721,42737
rp2040_2,65,300,0,0,diagnostic_calibration,2,1,99728,134118,0,0,0,134190,34462
rp2040_2,65,300,0,0,diagnostic_calibration,3,0,134192,168514,176578,184524,185209,185212,51020
rp2040_2,65,301,1,0,diagnostic_calibration,1,0,56990,91508,99593,107544,108231,108237,51247
rp2040_2,65,302,2,0,diagnostic_calibration,1,0,56985,91514,99597,107548,108234,108240,51255
rp2040_2,65,303,3,0,diagnostic_calibration,1,2,56970,91502,99586,0,0,99611,42641
rp2040_2,65,303,3,0,diagnostic_calibration,2,0,99615,134003,142068,150016,150702,150705,51090
rp2040_2,65,304,4,0,diagnostic_calibration,1,0,56972,91490,99574,107524,108211,108217,51245
rp2040_2,65,305,5,0,diagnostic_holdout,1,2,56977,91492,99575,0,0,99617,42640
rp2040_2,65,305,5,0,diagnostic_holdout,2,1,99622,133999,0,0,0,134127,34505
rp2040_2,65,305,5,0,diagnostic_holdout,3,1,134129,168452,0,0,0,168562,34433
rp2040_2,65,305,5,0,diagnostic_holdout,4,2,168563,202875,210940,0,0,211006,42443
rp2040_2,65,305,5,0,diagnostic_holdout,5,2,211007,245337,253399,0,0,253449,42442
rp2040_2,65,305,5,0,diagnostic_holdout,6,0,253450,287786,295847,303793,304480,304483,51033
rp2040_2,65,306,6,0,diagnostic_holdout,1,2,56978,91494,99577,0,0,99595,42617
rp2040_2,65,306,6,0,diagnostic_holdout,2,1,99600,133992,0,0,0,134041,34441
rp2040_2,65,306,6,0,diagnostic_holdout,3,2,134044,168370,176434,0,0,176532,42488
rp2040_2,65,306,6,0,diagnostic_holdout,4,2,176534,210864,218926,0,0,218985,42451
rp2040_2,65,306,6,0,diagnostic_holdout,5,2,218986,253324,261385,0,0,261408,42422
rp2040_2,65,306,6,0,diagnostic_holdout,6,2,261409,295737,303798,0,0,303868,42459
rp2040_2,65,306,6,0,diagnostic_holdout,7,1,303869,338202,0,0,0,338266,34397
rp2040_2,65,306,6,0,diagnostic_holdout,8,0,338267,372580,380641,388588,389273,389276,51009
rp2040_2,65,307,7,0,diagnostic_holdout,1,2,56992,91513,99598,0,0,99648,42656
rp2040_2,65,307,7,0,diagnostic_holdout,2,2,99653,134032,142097,0,0,142200,42547
rp2040_2,65,307,7,0,diagnostic_holdout,3,1,142202,176558,0,0,0,176660,34458
rp2040_2,65,307,7,0,diagnostic_holdout,4,0,176662,210982,219043,226990,227675,227678,51016
rp2040_2,65,308,8,0,diagnostic_holdout,1,1,56966,91489,0,0,0,91564,34598
rp2040_2,65,308,8,0,diagnostic_holdout,2,0,91569,125925,133997,141948,142635,142638,51069
rp2040_2,65,309,9,0,diagnostic_holdout,1,0,56985,91499,99583,107533,108220,108226,51241
rp2040_2,65,310,0,1,diagnostic_calibration,1,0,56978,91504,99587,107538,108224,108230,51252
rp2040_2,65,311,1,1,diagnostic_calibration,1,2,56985,91509,99592,0,0,99672,42687
rp2040_2,65,311,1,1,diagnostic_calibration,2,2,99677,134059,142124,0,0,142259,42582
rp2040_2,65,311,1,1,diagnostic_calibration,3,0,142261,176605,184667,192613,193299,193301,51040
rp2040_2,65,312,2,1,diagnostic_calibration,1,0,56972,91495,99578,107529,108215,108221,51249
rp2040_2,65,313,3,1,diagnostic_calibration,1,1,56981,91505,0,0,0,91538,34557
rp2040_2,65,313,3,1,diagnostic_calibration,2,2,91543,125904,133979,0,0,134036,42493
rp2040_2,65,313,3,1,diagnostic_calibration,3,2,134038,168387,176450,0,0,176470,42432
rp2040_2,65,313,3,1,diagnostic_calibration,4,2,176471,210797,218858,0,0,218884,42413
rp2040_2,65,313,3,1,diagnostic_calibration,5,1,218885,253210,0,0,0,253216,34331
rp2040_2,65,313,3,1,diagnostic_calibration,6,1,253217,287529,0,0,0,287611,34394
rp2040_2,65,313,3,1,diagnostic_calibration,7,2,287611,321920,329981,0,0,330112,42501
rp2040_2,65,313,3,1,diagnostic_calibration,8,1,330113,364442,0,0,0,364524,34411
rp2040_2,65,313,3,1,diagnostic_calibration,9,1,364524,398838,0,0,0,398879,34355
rp2040_2,65,313,3,1,diagnostic_calibration,10,2,398879,433184,441245,0,0,441384,42505
rp2040_2,65,313,3,1,diagnostic_calibration,11,2,441384,475710,483771,0,0,483778,42394
rp2040_2,65,313,3,1,diagnostic_calibration,12,1,483779,518099,0,0,0,518225,34446
rp2040_2,65,313,3,1,diagnostic_calibration,13,1,518226,552533,0,0,0,552585,34359
rp2040_2,65,313,3,1,diagnostic_calibration,14,1,552586,586901,0,0,0,586925,34339
rp2040_2,65,313,3,1,diagnostic_calibration,15,2,586926,621240,629301,0,0,629344,42418
rp2040_2,65,313,3,1,diagnostic_calibration,16,2,629344,663678,671739,0,0,671765,42421
rp2040_2,65,313,3,1,diagnostic_calibration,17,2,671766,706103,714164,0,0,714185,42419
rp2040_2,65,313,3,1,diagnostic_calibration,18,0,714186,748522,756583,764529,765216,765219,51033
rp2040_2,65,314,4,1,diagnostic_calibration,1,1,56969,91482,0,0,0,91518,34549
rp2040_2,65,314,4,1,diagnostic_calibration,2,1,91523,125875,0,0,0,125941,34418
rp2040_2,65,314,4,1,diagnostic_calibration,3,1,125942,160264,0,0,0,160297,34355
rp2040_2,65,314,4,1,diagnostic_calibration,4,2,160297,194600,202671,0,0,202682,42385
rp2040_2,65,314,4,1,diagnostic_calibration,5,0,202683,237006,245068,253017,253704,253707,51024
rp2040_2,65,315,5,1,diagnostic_holdout,1,0,56998,91521,99605,107555,108241,108247,51249
rp2040_2,65,316,6,1,diagnostic_holdout,1,2,56977,91495,99579,0,0,99734,42757
rp2040_2,65,316,6,1,diagnostic_holdout,2,2,99740,134128,142195,0,0,142218,42478
rp2040_2,65,316,6,1,diagnostic_holdout,3,0,142220,176567,184628,192574,193261,193264,51044
rp2040_2,65,317,7,1,diagnostic_holdout,1,1,56995,91524,0,0,0,91618,34623
rp2040_2,65,317,7,1,diagnostic_holdout,2,1,91623,125983,0,0,0,126110,34487
rp2040_2,65,317,7,1,diagnostic_holdout,3,2,126111,160428,168500,0,0,168523,42412
rp2040_2,65,317,7,1,diagnostic_holdout,4,2,168524,202866,210929,0,0,211082,42558
rp2040_2,65,317,7,1,diagnostic_holdout,5,0,211083,245411,253472,261419,262104,262107,51024
rp2040_2,65,318,8,1,diagnostic_holdout,1,1,56958,91474,0,0,0,91583,34625
rp2040_2,65,318,8,1,diagnostic_holdout,2,1,91589,125951,0,0,0,125981,34392
rp2040_2,65,318,8,1,diagnostic_holdout,3,1,125982,160294,0,0,0,160364,34382
rp2040_2,65,318,8,1,diagnostic_holdout,4,1,160364,194680,0,0,0,194767,34403
rp2040_2,65,318,8,1,diagnostic_holdout,5,2,194768,229090,237161,0,0,237205,42437
rp2040_2,65,318,8,1,diagnostic_holdout,6,1,237206,271541,0,0,0,271609,34403
rp2040_2,65,318,8,1,diagnostic_holdout,7,2,271610,305924,313986,0,0,314064,42454
rp2040_2,65,318,8,1,diagnostic_holdout,8,1,314065,348398,0,0,0,348497,34432
rp2040_2,65,318,8,1,diagnostic_holdout,9,2,348498,382807,390869,0,0,390958,42460
rp2040_2,65,318,8,1,diagnostic_holdout,10,1,390959,425290,0,0,0,425301,34342
rp2040_2,65,318,8,1,diagnostic_holdout,11,0,425301,459617,467678,475625,476311,476314,51013
rp2040_2,65,319,9,1,diagnostic_holdout,1,2,56994,91510,99593,0,0,99617,42623
rp2040_2,65,319,9,1,diagnostic_holdout,2,1,99622,133993,0,0,0,134081,34459
rp2040_2,65,319,9,1,diagnostic_holdout,3,1,134082,168393,0,0,0,168406,34324
rp2040_2,65,319,9,1,diagnostic_holdout,4,2,168407,202721,210784,0,0,210877,42470
rp2040_2,65,319,9,1,diagnostic_holdout,5,1,210879,245208,0,0,0,245239,34360
rp2040_2,65,319,9,1,diagnostic_holdout,6,2,245239,279561,287622,0,0,287743,42504
rp2040_2,65,319,9,1,diagnostic_holdout,7,2,287744,322076,330137,0,0,330253,42509
rp2040_2,65,319,9,1,diagnostic_holdout,8,2,330253,364581,372642,0,0,372766,42513
rp2040_2,65,319,9,1,diagnostic_holdout,9,0,372767,407096,415157,423104,423789,423792,51025
rp2040_2,65,320,0,2,diagnostic_calibration,1,1,56976,91506,0,0,0,91557,34581
rp2040_2,65,320,0,2,diagnostic_calibration,2,2,91562,125932,134008,0,0,134083,42521
rp2040_2,65,320,0,2,diagnostic_calibration,3,1,134085,168448,0,0,0,168503,34418
rp2040_2,65,320,0,2,diagnostic_calibration,4,1,168504,202821,0,0,0,202834,34330
rp2040_2,65,320,0,2,diagnostic_calibration,5,2,202835,237150,245213,0,0,245235,42400
rp2040_2,65,320,0,2,diagnostic_calibration,6,0,245236,279572,287633,295579,296265,296267,51031
rp2040_2,65,321,1,2,diagnostic_calibration,1,2,56996,91531,99614,0,0,99640,42644
rp2040_2,65,321,1,2,diagnostic_calibration,2,1,99645,134039,0,0,0,134062,34417
rp2040_2,65,321,1,2,diagnostic_calibration,3,2,134063,168394,176457,0,0,176561,42498
rp2040_2,65,321,1,2,diagnostic_calibration,4,1,176562,210904,0,0,0,211015,34453
rp2040_2,65,321,1,2,diagnostic_calibration,5,1,211015,245328,0,0,0,245426,34411
rp2040_2,65,321,1,2,diagnostic_calibration,6,2,245427,279734,287795,0,0,287934,42507
rp2040_2,65,321,1,2,diagnostic_calibration,7,2,287934,322268,330329,0,0,330341,42407
rp2040_2,65,321,1,2,diagnostic_calibration,8,1,330342,364678,0,0,0,364699,34357
rp2040_2,65,321,1,2,diagnostic_calibration,9,0,364700,399021,407082,415029,415714,415717,51017
rp2040_2,65,322,2,2,diagnostic_calibration,1,2,57001,91529,99612,0,0,99658,42657
rp2040_2,65,322,2,2,diagnostic_calibration,2,1,99663,134047,0,0,0,134120,34457
rp2040_2,65,322,2,2,diagnostic_calibration,3,2,134122,168448,176511,0,0,176551,42429
rp2040_2,65,322,2,2,diagnostic_calibration,4,2,176551,210885,218946,0,0,218962,42411
rp2040_2,65,322,2,2,diagnostic_calibration,5,2,218963,253294,261355,0,0,261366,42403
rp2040_2,65,322,2,2,diagnostic_calibration,6,2,261367,295687,303748,0,0,303828,42461
rp2040_2,65,322,2,2,diagnostic_calibration,7,2,303829,338159,346220,0,0,346274,42445
rp2040_2,65,322,2,2,diagnostic_calibration,8,0,346275,380605,388666,396612,397298,397302,51027
rp2040_2,65,323,3,2,diagnostic_calibration,1,2,57010,91539,99623,0,0,99732,42722
rp2040_2,65,323,3,2,diagnostic_calibration,2,0,99737,134116,142181,150127,150813,150817,51080
rp2040_2,65,324,4,2,diagnostic_calibration,1,1,56975,91501,0,0,0,91580,34605
rp2040_2,65,324,4,2,diagnostic_calibration,2,1,91584,125964,0,0,0,126051,34467
rp2040_2,65,324,4,2,diagnostic_calibration,3,2,126052,160380,168451,0,0,168506,42454
rp2040_2,65,324,4,2,diagnostic_calibration,4,2,168507,202847,210909,0,0,210914,42407
rp2040_2,65,324,4,2,diagnostic_calibration,5,1,210914,245245,0,0,0,245325,34411
rp2040_2,65,324,4,2,diagnostic_calibration,6,2,245326,279638,287699,0,0,287845,42519
rp2040_2,65,324,4,2,diagnostic_calibration,7,1,287846,322171,0,0,0,322271,34425
rp2040_2,65,324,4,2,diagnostic_calibration,8,2,322272,356586,364647,0,0,364731,42459
rp2040_2,65,324,4,2,diagnostic_calibration,9,1,364732,399057,0,0,0,399179,34447
rp2040_2,65,324,4,2,diagnostic_calibration,10,1,399180,433485,0,0,0,433600,34420
rp2040_2,65,324,4,2,diagnostic_calibration,11,1,433601,467920,0,0,0,467930,34329
rp2040_2,65,324,4,2,diagnostic_calibration,12,2,467930,502239,510300,0,0,510311,42381
rp2040_2,65,324,4,2,diagnostic_calibration,13,1,510312,544634,0,0,0,544724,34412
rp2040_2,65,324,4,2,diagnostic_calibration,14,2,544725,579035,587096,0,0,587143,42418
rp2040_2,65,324,4,2,diagnostic_calibration,15,1,587144,621485,0,0,0,621496,34352
rp2040_2,65,324,4,2,diagnostic_calibration,16,2,621497,655808,663869,0,0,663883,42386
rp2040_2,65,324,4,2,diagnostic_calibration,17,2,663884,698219,706280,0,0,706425,42541
rp2040_2,65,324,4,2,diagnostic_calibration,18,1,706426,740754,0,0,0,740819,34393
rp2040_2,65,324,4,2,diagnostic_calibration,19,0,740820,775125,783186,791132,791819,791821,51001
rp2040_2,65,325,5,2,diagnostic_holdout,1,0,56983,91502,99585,107536,108223,108229,51246
rp2040_2,65,326,6,2,diagnostic_holdout,1,2,56966,91486,99569,0,0,99619,42653
rp2040_2,65,326,6,2,diagnostic_holdout,2,2,99624,134015,142080,0,0,142126,42502
rp2040_2,65,326,6,2,diagnostic_holdout,3,1,142127,176455,0,0,0,176557,34430
rp2040_2,65,326,6,2,diagnostic_holdout,4,0,176557,210873,218933,226880,227567,227570,51013
rp2040_2,65,327,7,2,diagnostic_holdout,1,2,56991,91516,99599,0,0,99626,42635
rp2040_2,65,327,7,2,diagnostic_holdout,2,0,99631,134017,142085,150033,150719,150722,51091
rp2040_2,65,328,8,2,diagnostic_holdout,1,2,56944,91455,99539,0,0,99654,42710
rp2040_2,65,328,8,2,diagnostic_holdout,2,2,99659,134037,142105,0,0,142198,42539
rp2040_2,65,328,8,2,diagnostic_holdout,3,1,142200,176544,0,0,0,176604,34404
rp2040_2,65,328,8,2,diagnostic_holdout,4,2,176605,210920,218982,0,0,219020,42415
rp2040_2,65,328,8,2,diagnostic_holdout,5,1,219021,253349,0,0,0,253387,34366
rp2040_2,65,328,8,2,diagnostic_holdout,6,2,253388,287701,295762,0,0,295862,42474
rp2040_2,65,328,8,2,diagnostic_holdout,7,2,295862,330182,338243,0,0,338268,42406
rp2040_2,65,328,8,2,diagnostic_holdout,8,0,338269,372599,380660,388606,389292,389295,51026
rp2040_2,65,329,9,2,diagnostic_holdout,1,1,56987,91515,0,0,0,91588,34601
rp2040_2,65,329,9,2,diagnostic_holdout,2,2,91593,125938,134010,0,0,134120,42527
rp2040_2,65,329,9,2,diagnostic_holdout,3,2,134122,168471,176534,0,0,176568,42446
rp2040_2,65,329,9,2,diagnostic_holdout,4,2,176568,210900,218961,0,0,218975,42407
rp2040_2,65,329,9,2,diagnostic_holdout,5,1,218976,253314,0,0,0,253407,34431
rp2040_2,65,329,9,2,diagnostic_holdout,6,2,253408,287717,295778,0,0,295876,42468
rp2040_2,65,329,9,2,diagnostic_holdout,7,1,295876,330203,0,0,0,330222,34346
rp2040_2,65,329,9,2,diagnostic_holdout,8,1,330222,364533,0,0,0,364585,34363
rp2040_2,65,329,9,2,diagnostic_holdout,9,2,364585,398901,406962,0,0,406981,42396
rp2040_2,65,329,9,2,diagnostic_holdout,10,1,406981,441309,0,0,0,441376,34395
rp2040_2,65,329,9,2,diagnostic_holdout,11,0,441377,475688,483748,491695,492381,492384,51007
rp2040_2,65,330,0,3,diagnostic_calibration,1,0,56949,91473,99557,107508,108195,108201,51252
rp2040_2,65,331,1,3,diagnostic_calibration,1,2,56996,91522,99606,0,0,99643,42647
rp2040_2,65,331,1,3,diagnostic_calibration,2,2,99649,134036,142102,0,0,142176,42527
rp2040_2,65,331,1,3,diagnostic_calibration,3,0,142178,176522,184584,192530,193216,193219,51041
rp2040_2,65,332,2,3,diagnostic_calibration,1,1,56982,91510,0,0,0,91594,34612
rp2040_2,65,332,2,3,diagnostic_calibration,2,2,91600,125973,134048,0,0,134144,42544
rp2040_2,65,332,2,3,diagnostic_calibration,3,1,134146,168496,0,0,0,168578,34432
rp2040_2,65,332,2,3,diagnostic_calibration,4,1,168579,202891,0,0,0,202912,34333
rp2040_2,65,332,2,3,diagnostic_calibration,5,2,202912,237226,245291,0,0,245341,42429
rp2040_2,65,332,2,3,diagnostic_calibration,6,1,245341,279672,0,0,0,279798,34457
rp2040_2,65,332,2,3,diagnostic_calibration,7,2,279798,314100,322162,0,0,322204,42406
rp2040_2,65,332,2,3,diagnostic_calibration,8,2,322204,356538,364599,0,0,364642,42438
rp2040_2,65,332,2,3,diagnostic_calibration,9,1,364643,398968,0,0,0,399060,34417
rp2040_2,65,332,2,3,diagnostic_calibration,10,2,399061,433366,441427,0,0,441432,42371
rp2040_2,65,332,2,3,diagnostic_calibration,11,0,441433,475768,483829,491775,492462,492465,51032
rp2040_2,65,333,3,3,diagnostic_calibration,1,2,56981,91515,99598,0,0,99612,42631
rp2040_2,65,333,3,3,diagnostic_calibration,2,2,99616,134008,142075,0,0,142181,42565
rp2040_2,65,333,3,3,diagnostic_calibration,3,2,142183,176525,184588,0,0,184621,42438
rp2040_2,65,333,3,3,diagnostic_calibration,4,2,184623,218957,227018,0,0,227091,42468
rp2040_2,65,333,3,3,diagnostic_calibration,5,0,227091,261423,269484,277430,278117,278120,51029
rp2040_2,65,334,4,3,diagnostic_calibration,1,2,56948,91461,99545,0,0,99563,42615
rp2040_2,65,334,4,3,diagnostic_calibration,2,2,99567,133951,142015,0,0,142053,42486
rp2040_2,65,334,4,3,diagnostic_calibration,3,1,142054,176392,0,0,0,176495,34441
rp2040_2,65,334,4,3,diagnostic_calibration,4,1,176495,210801,0,0,0,210849,34354
rp2040_2,65,334,4,3,diagnostic_calibration,5,0,210850,245166,253227,261173,261860,261863,51013
rp2040_2,65,335,5,3,diagnostic_holdout,1,1,56997,91533,0,0,0,91604,34607
rp2040_2,65,335,5,3,diagnostic_holdout,2,1,91610,125971,0,0,0,126005,34395
rp2040_2,65,335,5,3,diagnostic_holdout,3,1,126007,160335,0,0,0,160422,34415
rp2040_2,65,335,5,3,diagnostic_holdout,4,2,160423,194731,202802,0,0,202818,42395
rp2040_2,65,335,5,3,diagnostic_holdout,5,2,202819,237157,245218,0,0,245231,42412
rp2040_2,65,335,5,3,diagnostic_holdout,6,0,245231,279559,287620,295567,296253,296256,51025
rp2040_2,65,336,6,3,diagnostic_holdout,1,0,56996,91523,99608,107558,108244,108250,51254
rp2040_2,65,337,7,3,diagnostic_holdout,1,2,57016,91547,99630,0,0,99714,42698
rp2040_2,65,337,7,3,diagnostic_holdout,2,1,99719,134092,0,0,0,134103,34384
rp2040_2,65,337,7,3,diagnostic_holdout,3,1,134105,168434,0,0,0,168518,34413
rp2040_2,65,337,7,3,diagnostic_holdout,4,2,168519,202832,210894,0,0,210921,42402
rp2040_2,65,337,7,3,diagnostic_holdout,5,1,210922,245244,0,0,0,245284,34362
rp2040_2,65,337,7,3,diagnostic_holdout,6,2,245284,279601,287662,0,0,287696,42412
rp2040_2,65,337,7,3,diagnostic_holdout,7,1,287696,322036,0,0,0,322140,34444
rp2040_2,65,337,7,3,diagnostic_holdout,8,0,322140,356449,364510,372456,373142,373145,51005
rp2040_2,65,338,8,3,diagnostic_holdout,1,2,56962,91477,99560,0,0,99626,42664
rp2040_2,65,338,8,3,diagnostic_holdout,2,1,99631,134006,0,0,0,134040,34409
rp2040_2,65,338,8,3,diagnostic_holdout,3,1,134041,168365,0,0,0,168411,34370
rp2040_2,65,338,8,3,diagnostic_holdout,4,1,168411,202722,0,0,0,202846,34435
rp2040_2,65,338,8,3,diagnostic_holdout,5,1,202846,237162,0,0,0,237251,34405
rp2040_2,65,338,8,3,diagnostic_holdout,6,1,237251,271568,0,0,0,271634,34383
rp2040_2,65,338,8,3,diagnostic_holdout,7,0,271635,305942,314004,321951,322637,322639,51004
rp2040_2,65,339,9,3,diagnostic_holdout,1,1,56992,91530,0,0,0,91563,34571
rp2040_2,65,339,9,3,diagnostic_holdout,2,1,91569,125925,0,0,0,126017,34448
rp2040_2,65,339,9,3,diagnostic_holdout,3,1,126018,160343,0,0,0,160467,34449
rp2040_2,65,339,9,3,diagnostic_holdout,4,2,160468,194780,202851,0,0,202872,42404
rp2040_2,65,339,9,3,diagnostic_holdout,5,2,202873,237214,245277,0,0,245382,42509
rp2040_2,65,339,9,3,diagnostic_holdout,6,1,245382,279712,0,0,0,279812,34430
rp2040_2,65,339,9,3,diagnostic_holdout,7,1,279812,314128,0,0,0,314178,34366
rp2040_2,65,339,9,3,diagnostic_holdout,8,0,314179,348492,356553,364499,365186,365189,51010
rp2040_2,65,340,0,4,diagnostic_calibration,1,1,56966,91478,0,0,0,91500,34534
rp2040_2,65,340,0,4,diagnostic_calibration,2,0,91505,125862,133938,141889,142576,142581,51076
rp2040_2,65,341,1,4,diagnostic_calibration,1,1,56990,91521,0,0,0,91578,34588
rp2040_2,65,341,1,4,diagnostic_calibration,2,1,91584,125953,0,0,0,125996,34412
rp2040_2,65,341,1,4,diagnostic_calibration,3,0,126000,160318,168388,176339,177025,177028,51028
rp2040_2,65,342,2,4,diagnostic_calibration,1,1,56980,91511,0,0,0,91541,34561
rp2040_2,65,342,2,4,diagnostic_calibration,2,2,91546,125909,133984,0,0,134089,42543
rp2040_2,65,342,2,4,diagnostic_calibration,3,2,134090,168432,176495,0,0,176580,42490
rp2040_2,65,342,2,4,diagnostic_calibration,4,1,176580,210903,0,0,0,210941,34361
rp2040_2,65,342,2,4,diagnostic_calibration,5,1,210941,245255,0,0,0,245331,34390
rp2040_2,65,342,2,4,diagnostic_calibration,6,2,245332,279648,287710,0,0,287720,42388
rp2040_2,65,342,2,4,diagnostic_calibration,7,1,287721,322053,0,0,0,322076,34355
rp2040_2,65,342,2,4,diagnostic_calibration,8,2,322076,356391,364452,0,0,364534,42458
rp2040_2,65,342,2,4,diagnostic_calibration,9,0,364534,398864,406925,414871,415557,415560,51026
rp2040_2,65,343,3,4,diagnostic_calibration,1,0,57007,91524,99609,107560,108246,108252,51245
rp2040_2,65,344,4,4,diagnostic_calibration,1,2,56947,91477,99561,0,0,99577,42630
rp2040_2,65,344,4,4,diagnostic_calibration,2,1,99581,133966,0,0,0,133974,34393
rp2040_2,65,344,4,4,diagnostic_calibration,3,1,133975,168287,0,0,0,168389,34414
rp2040_2,65,344,4,4,diagnostic_calibration,4,1,168390,202704,0,0,0,202712,34322
rp2040_2,65,344,4,4,diagnostic_calibration,5,0,202712,237029,245090,253037,253723,253726,51014
rp2040_2,65,345,5,4,diagnostic_holdout,1,2,56978,91496,99580,0,0,99736,42758
rp2040_2,65,345,5,4,diagnostic_holdout,2,2,99741,134128,142196,0,0,142305,42564
rp2040_2,65,345,5,4,diagnostic_holdout,3,2,142306,176647,184709,0,0,184798,42492
rp2040_2,65,345,5,4,diagnostic_holdout,4,0,184800,219121,227183,235129,235815,235818,51018
rp2040_2,65,346,6,4,diagnostic_holdout,1,1,56969,91495,0,0,0,91575,34606
rp2040_2,65,346,6,4,diagnostic_holdout,2,0,91581,125943,134018,141969,142655,142660,51079
rp2040_2,65,347,7,4,diagnostic_holdout,1,2,56975,91499,99584,0,0,99722,42747
rp2040_2,65,347,7,4,diagnostic_holdout,2,0,99728,134104,142172,150119,150805,150809,51081
rp2040_2,65,348,8,4,diagnostic_holdout,1,2,56984,91506,99589,0,0,99657,42673
rp2040_2,65,348,8,4,diagnostic_holdout,2,2,99663,134043,142110,0,0,142236,42573
rp2040_2,65,348,8,4,diagnostic_holdout,3,2,142237,176569,184631,0,0,184686,42449
rp2040_2,65,348,8,4,diagnostic_holdout,4,0,184687,219025,227087,235033,235720,235722,51035
rp2040_2,65,349,9,4,diagnostic_holdout,1,2,56992,91525,99610,0,0,99669,42677
rp2040_2,65,349,9,4,diagnostic_holdout,2,1,99674,134054,0,0,0,134114,34440
rp2040_2,65,349,9,4,diagnostic_holdout,3,1,134117,168430,0,0,0,168482,34365
rp2040_2,65,349,9,4,diagnostic_holdout,4,2,168483,202795,210858,0,0,210875,42392
rp2040_2,65,349,9,4,diagnostic_holdout,5,2,210875,245215,253277,0,0,253295,42420
rp2040_2,65,349,9,4,diagnostic_holdout,6,1,253296,287626,0,0,0,287684,34388
rp2040_2,65,349,9,4,diagnostic_holdout,7,0,287685,321987,330049,337995,338682,338685,51000
rp2040_2,65,350,0,0,diagnostic_calibration,1,1,56988,91508,0,0,0,91618,34630
rp2040_2,65,350,0,0,diagnostic_calibration,2,2,91623,126000,134073,0,0,134201,42578
rp2040_2,65,350,0,0,diagnostic_calibration,3,1,134202,168554,0,0,0,168572,34370
rp2040_2,65,350,0,0,diagnostic_calibration,4,1,168572,202886,0,0,0,202984,34412
rp2040_2,65,350,0,0,diagnostic_calibration,5,1,202984,237297,0,0,0,237399,34415
rp2040_2,65,350,0,0,diagnostic_calibration,6,0,237400,271712,279774,287720,288407,288410,51010
rp2040_2,65,351,1,0,diagnostic_calibration,1,0,56982,91510,99593,107543,108231,108237,51255
rp2040_2,65,352,2,0,diagnostic_calibration,1,2,57011,91533,99616,0,0,99630,42619
rp2040_2,65,352,2,0,diagnostic_calibration,2,2,99635,134011,142078,0,0,142174,42539
rp2040_2,65,352,2,0,diagnostic_calibration,3,2,142175,176497,184559,0,0,184572,42397
rp2040_2,65,352,2,0,diagnostic_calibration,4,0,184573,218906,226968,234914,235601,235604,51031
rp2040_2,65,353,3,0,diagnostic_calibration,1,1,56977,91493,0,0,0,91541,34564
rp2040_2,65,353,3,0,diagnostic_calibration,2,1,91546,125894,0,0,0,125933,34387
rp2040_2,65,353,3,0,diagnostic_calibration,3,0,125934,160260,168332,176282,176969,176972,51038
rp2040_2,65,354,4,0,diagnostic_calibration,1,0,56979,91513,99596,107547,108233,108240,51261
rp2040_2,65,355,5,0,diagnostic_holdout,1,0,56987,91519,99603,107554,108241,108247,51260
rp2040_2,65,356,6,0,diagnostic_holdout,1,2,56981,91502,99585,0,0,99599,42618
rp2040_2,65,356,6,0,diagnostic_holdout,2,0,99605,133986,142053,150002,150687,150691,51086
rp2040_2,65,357,7,0,diagnostic_holdout,1,0,56980,91506,99589,107539,108226,108232,51252
rp2040_2,65,358,8,0,diagnostic_holdout,1,0,56979,91502,99585,107535,108221,108228,51249
rp2040_2,65,359,9,0,diagnostic_holdout,1,0,56980,91497,99580,107531,108217,108223,51243
rp2040_2,65,360,0,1,diagnostic_calibration,1,2,56966,91480,99563,0,0,99635,42669
rp2040_2,65,360,0,1,diagnostic_calibration,2,1,99639,134005,0,0,0,134064,34425
rp2040_2,65,360,0,1,diagnostic_calibration,3,1,134065,168382,0,0,0,168393,34328
rp2040_2,65,360,0,1,diagnostic_calibration,4,2,168393,202714,210776,0,0,210785,42392
rp2040_2,65,360,0,1,diagnostic_calibration,5,2,210785,245119,253180,0,0,253197,42412
rp2040_2,65,360,0,1,diagnostic_calibration,6,1,253198,287529,0,0,0,287606,34408
rp2040_2,65,360,0,1,diagnostic_calibration,7,2,287606,321923,329984,0,0,330067,42461
rp2040_2,65,360,0,1,diagnostic_calibration,8,2,330068,364392,372453,0,0,372545,42477
rp2040_2,65,360,0,1,diagnostic_calibration,9,1,372546,406886,0,0,0,407009,34463
rp2040_2,65,360,0,1,diagnostic_calibration,10,1,407010,441322,0,0,0,441396,34386
rp2040_2,65,360,0,1,diagnostic_calibration,11,1,441397,475713,0,0,0,475751,34354
rp2040_2,65,360,0,1,diagnostic_calibration,12,2,475752,510058,518119,0,0,518177,42425
rp2040_2,65,360,0,1,diagnostic_calibration,13,0,518177,552498,560559,568505,569192,569195,51018
rp2040_2,65,361,1,1,diagnostic_calibration,1,0,56988,91515,99599,107549,108236,108242,51254
rp2040_2,65,362,2,1,diagnostic_calibration,1,2,56992,91512,99596,0,0,99704,42712
rp2040_2,65,362,2,1,diagnostic_calibration,2,1,99709,134097,0,0,0,134109,34400
rp2040_2,65,362,2,1,diagnostic_calibration,3,0,134112,168430,176492,184439,185126,185129,51017
rp2040_2,65,363,3,1,diagnostic_calibration,1,1,56992,91519,0,0,0,91603,34611
rp2040_2,65,363,3,1,diagnostic_calibration,2,2,91609,125975,134046,0,0,134057,42448
rp2040_2,65,363,3,1,diagnostic_calibration,3,1,134062,168399,0,0,0,168435,34373
rp2040_2,65,363,3,1,diagnostic_calibration,4,0,168437,202755,210818,218765,219452,219456,51019
rp2040_2,65,364,4,1,diagnostic_calibration,1,0,56971,91480,99564,107514,108201,108208,51237
rp2040_2,65,365,5,1,diagnostic_holdout,1,0,57001,91524,99608,107559,108246,108252,51251
rp2040_2,65,366,6,1,diagnostic_holdout,1,0,56987,91498,99582,107532,108218,108224,51237
rp2040_2,65,367,7,1,diagnostic_holdout,1,2,56993,91519,99603,0,0,99663,42670
rp2040_2,65,367,7,1,diagnostic_holdout,2,0,99668,134049,142115,150061,150747,150751,51083
rp2040_2,65,368,8,1,diagnostic_holdout,1,1,56966,91482,0,0,0,91572,34606
rp2040_2,65,368,8,1,diagnostic_holdout,2,2,91578,125933,134006,0,0,134132,42554
rp2040_2,65,368,8,1,diagnostic_holdout,3,2,134134,168480,176545,0,0,176595,42461
rp2040_2,65,368,8,1,diagnostic_holdout,4,0,176596,210940,219002,226948,227633,227636,51040
rp2040_2,65,369,9,1,diagnostic_holdout,1,2,56968,91492,99575,0,0,99695,42727
rp2040_2,65,369,9,1,diagnostic_holdout,2,2,99700,134088,142155,0,0,142175,42475
rp2040_2,65,369,9,1,diagnostic_holdout,3,1,142177,176516,0,0,0,176628,34451
rp2040_2,65,369,9,1,diagnostic_holdout,4,0,176628,210940,219002,226949,227634,227637,51009
rp2040_2,65,370,0,2,diagnostic_calibration,1,1,56963,91488,0,0,0,91632,34669
rp2040_2,65,370,0,2,diagnostic_calibration,2,1,91637,125998,0,0,0,126032,34395
rp2040_2,65,370,0,2,diagnostic_calibration,3,1,126033,160360,0,0,0,160462,34429
rp2040_2,65,370,0,2,diagnostic_calibration,4,2,160463,194778,202849,0,0,202878,42415
rp2040_2,65,370,0,2,diagnostic_calibration,5,1,202879,237214,0,0,0,237272,34393
rp2040_2,65,370,0,2,diagnostic_calibration,6,1,237273,271582,0,0,0,271668,34395
rp2040_2,65,370,0,2,diagnostic_calibration,7,2,271669,305980,314043,0,0,314160,42491
rp2040_2,65,370,0,2,diagnostic_calibration,8,2,314161,348486,356548,0,0,356657,42496
rp2040_2,65,370,0,2,diagnostic_calibration,9,0,356658,391001,399062,407008,407695,407698,51040
rp2040_2,65,371,1,2,diagnostic_calibration,1,2,56982,91512,99595,0,0,99750,42768
rp2040_2,65,371,1,2,diagnostic_calibration,2,1,99755,134157,0,0,0,134241,34486
rp2040_2,65,371,1,2,diagnostic_calibration,3,1,134243,168570,0,0,0,168602,34359
rp2040_2,65,371,1,2,diagnostic_calibration,4,2,168605,202924,210985,0,0,211003,42398
rp2040_2,65,371,1,2,diagnostic_calibration,5,0,211004,245333,253394,261341,262026,262029,51025
rp2040_2,65,372,2,2,diagnostic_calibration,1,1,56969,91488,0,0,0,91577,34608
rp2040_2,65,372,2,2,diagnostic_calibration,2,0,91582,125950,134022,141973,142659,142663,51081
rp2040_2,65,373,3,2,diagnostic_calibration,1,2,57003,91532,99615,0,0,99658,42655
rp2040_2,65,373,3,2,diagnostic_calibration,2,1,99663,134052,0,0,0,134111,34448
rp2040_2,65,373,3,2,diagnostic_calibration,3,1,134113,168434,0,0,0,168511,34398
rp2040_2,65,373,3,2,diagnostic_calibration,4,2,168513,202830,210893,0,0,210910,42397
rp2040_2,65,373,3,2,diagnostic_calibration,5,2,210911,245251,253312,0,0,253450,42539
rp2040_2,65,373,3,2,diagnostic_calibration,6,2,253451,287789,295849,0,0,295943,42492
rp2040_2,65,373,3,2,diagnostic_calibration,7,0,295944,330277,338338,346284,346970,346973,51029
rp2040_2,65,374,4,2,diagnostic_calibration,1,2,56969,91497,99580,0,0,99611,42642
rp2040_2,65,374,4,2,diagnostic_calibration,2,2,99617,134020,142087,0,0,142141,42524
rp2040_2,65,374,4,2,diagnostic_calibration,3,0,142143,176495,184557,192503,193188,193191,51048
rp2040_2,65,375,5,2,diagnostic_holdout,1,2,56998,91514,99598,0,0,99682,42684
rp2040_2,65,375,5,2,diagnostic_holdout,2,2,99688,134064,142131,0,0,142172,42484
rp2040_2,65,375,5,2,diagnostic_holdout,3,2,142176,176516,184582,0,0,184713,42537
rp2040_2,65,375,5,2,diagnostic_holdout,4,1,184715,219049,0,0,0,219146,34431
rp2040_2,65,375,5,2,diagnostic_holdout,5,1,219147,253472,0,0,0,253580,34433
rp2040_2,65,375,5,2,diagnostic_holdout,6,1,253581,287889,0,0,0,287930,34349
rp2040_2,65,375,5,2,diagnostic_holdout,7,1,287931,322249,0,0,0,322283,34352
rp2040_2,65,375,5,2,diagnostic_holdout,8,1,322284,356594,0,0,0,356681,34397
rp2040_2,65,375,5,2,diagnostic_holdout,9,2,356681,390998,399060,0,0,399076,42395
rp2040_2,65,375,5,2,diagnostic_holdout,10,2,399076,433400,441461,0,0,441501,42425
rp2040_2,65,375,5,2,diagnostic_holdout,11,1,441501,475828,0,0,0,475923,34422
rp2040_2,65,375,5,2,diagnostic_holdout,12,0,475923,510231,518292,526238,526924,526928,51005
rp2040_2,65,376,6,2,diagnostic_holdout,1,1,57006,91522,0,0,0,91620,34614
rp2040_2,65,376,6,2,diagnostic_holdout,2,1,91625,125980,0,0,0,126105,34480
rp2040_2,65,376,6,2,diagnostic_holdout,3,1,126106,160424,0,0,0,160544,34438
rp2040_2,65,376,6,2,diagnostic_holdout,4,1,160546,194861,0,0,0,194919,34373
rp2040_2,65,376,6,2,diagnostic_holdout,5,1,194920,229232,0,0,0,229285,34365
rp2040_2,65,376,6,2,diagnostic_holdout,6,1,229285,263594,0,0,0,263617,34332
rp2040_2,65,376,6,2,diagnostic_holdout,7,1,263618,297930,0,0,0,298014,34396
rp2040_2,65,376,6,2,diagnostic_holdout,8,1,298014,332322,0,0,0,332429,34415
rp2040_2,65,376,6,2,diagnostic_holdout,9,2,332429,366736,374807,0,0,374936,42507
rp2040_2,65,376,6,2,diagnostic_holdout,10,1,374937,409278,0,0,0,409321,34384
rp2040_2,65,376,6,2,diagnostic_holdout,11,2,409322,443634,451696,0,0,451831,42509
rp2040_2,65,376,6,2,diagnostic_holdout,12,1,451831,486149,0,0,0,486238,34407
rp2040_2,65,376,6,2,diagnostic_holdout,13,2,486239,520543,528605,0,0,528673,42434
rp2040_2,65,376,6,2,diagnostic_holdout,14,2,528673,563002,571063,0,0,571159,42486
rp2040_2,65,376,6,2,diagnostic_holdout,15,0,571159,605487,613548,621495,622182,622185,51026
rp2040_2,65,377,7,2,diagnostic_holdout,1,2,56997,91511,99594,0,0,99682,42685
rp2040_2,65,377,7,2,diagnostic_holdout,2,2,99688,134066,142133,0,0,142170,42482
rp2040_2,65,377,7,2,diagnostic_holdout,3,2,142173,176515,184576,0,0,184715,42542
rp2040_2,65,377,7,2,diagnostic_holdout,4,0,184716,219055,227116,235062,235748,235751,51035
rp2040_2,65,378,8,2,diagnostic_holdout,1,1,56965,91486,0,0,0,91559,34594
rp2040_2,65,378,8,2,diagnostic_holdout,2,2,91564,125927,134001,0,0,134062,42498
rp2040_2,65,378,8,2,diagnostic_holdout,3,2,134063,168415,176478,0,0,176623,42560
rp2040_2,65,378,8,2,diagnostic_holdout,4,1,176624,210961,0,0,0,211055,34431
rp2040_2,65,378,8,2,diagnostic_holdout,5,1,211055,245370,0,0,0,245392,34337
rp2040_2,65,378,8,2,diagnostic_holdout,6,1,245392,279705,0,0,0,279780,34388
rp2040_2,65,378,8,2,diagnostic_holdout,7,1,279781,314093,0,0,0,314116,34335
rp2040_2,65,378,8,2,diagnostic_holdout,8,1,314117,348425,0,0,0,348544,34427
rp2040_2,65,378,8,2,diagnostic_holdout,9,2,348545,382864,390925,0,0,390930,42385
rp2040_2,65,378,8,2,diagnostic_holdout,10,2,390931,425256,433317,0,0,433388,42457
rp2040_2,65,378,8,2,diagnostic_holdout,11,0,433388,467710,475771,483717,484404,484407,51019
rp2040_2,65,379,9,2,diagnostic_holdout,1,1,56974,91510,0,0,0,91595,34621
rp2040_2,65,379,9,2,diagnostic_holdout,2,2,91600,125973,134047,0,0,134203,42603
rp2040_2,65,379,9,2,diagnostic_holdout,3,2,134205,168555,176617,0,0,176623,42418
rp2040_2,65,379,9,2,diagnostic_holdout,4,1,176625,210950,0,0,0,211013,34388
rp2040_2,65,379,9,2,diagnostic_holdout,5,1,211013,245319,0,0,0,245357,34344
rp2040_2,65,379,9,2,diagnostic_holdout,6,0,245358,279669,287729,295676,296363,296366,51008
rp2040_2,65,380,0,3,diagnostic_calibration,1,1,56982,91497,0,0,0,91599,34617
rp2040_2,65,380,0,3,diagnostic_calibration,2,2,91604,125962,134038,0,0,134053,42449
rp2040_2,65,380,0,3,diagnostic_calibration,3,0,134054,168404,176469,184416,185101,185104,51050
rp2040_2,65,381,1,3,diagnostic_calibration,1,2,56966,91482,99565,0,0,99644,42678
rp2040_2,65,381,1,3,diagnostic_calibration,2,2,99649,134023,142087,0,0,142110,42461
rp2040_2,65,381,1,3,diagnostic_calibration,3,2,142111,176454,184515,0,0,184600,42489
rp2040_2,65,381,1,3,diagnostic_calibration,4,2,184600,218933,226994,0,0,227045,42445
rp2040_2,65,381,1,3,diagnostic_calibration,5,1,227046,261370,0,0,0,261485,34439
rp2040_2,65,381,1,3,diagnostic_calibration,6,2,261485,295795,303856,0,0,304004,42519
rp2040_2,65,381,1,3,diagnostic_calibration,7,2,304005,338337,346398,0,0,346515,42510
rp2040_2,65,381,1,3,diagnostic_calibration,8,0,346516,380859,388920,396866,397552,397555,51039
rp2040_2,65,382,2,3,diagnostic_calibration,1,0,56980,91503,99586,107537,108224,108231,51251
rp2040_2,65,383,3,3,diagnostic_calibration,1,0,56991,91516,99599,107550,108236,108242,51251
rp2040_2,65,384,4,3,diagnostic_calibration,1,1,56978,91501,0,0,0,91641,34663
rp2040_2,65,384,4,3,diagnostic_calibration,2,2,91647,126001,134076,0,0,134197,42550
rp2040_2,65,384,4,3,diagnostic_calibration,3,0,134200,168540,176607,184554,185240,185243,51043
rp2040_2,65,385,5,3,diagnostic_holdout,1,0,56978,91501,99585,107536,108222,108228,51250
rp2040_2,65,386,6,3,diagnostic_holdout,1,0,56975,91512,99596,107546,108233,108239,51264
rp2040_2,65,387,7,3,diagnostic_holdout,1,1,56988,91512,0,0,0,91655,34667
rp2040_2,65,387,7,3,diagnostic_holdout,2,2,91660,126019,134094,0,0,134199,42539
rp2040_2,65,387,7,3,diagnostic_holdout,3,1,134201,168545,0,0,0,168583,34382
rp2040_2,65,387,7,3,diagnostic_holdout,4,1,168583,202901,0,0,0,203011,34428
rp2040_2,65,387,7,3,diagnostic_holdout,5,2,203011,237319,245381,0,0,245394,42383
rp2040_2,65,387,7,3,diagnostic_holdout,6,1,245395,279721,0,0,0,279828,34433
rp2040_2,65,387,7,3,diagnostic_holdout,7,2,279828,314134,322195,0,0,322260,42432
rp2040_2,65,387,7,3,diagnostic_holdout,8,1,322260,356588,0,0,0,356693,34433
rp2040_2,65,387,7,3,diagnostic_holdout,9,0,356694,391006,399067,407013,407700,407703,51009
rp2040_2,65,388,8,3,diagnostic_holdout,1,1,56975,91506,0,0,0,91628,34653
rp2040_2,65,388,8,3,diagnostic_holdout,2,1,91633,126004,0,0,0,126039,34406
rp2040_2,65,388,8,3,diagnostic_holdout,3,1,126041,160363,0,0,0,160426,34385
rp2040_2,65,388,8,3,diagnostic_holdout,4,1,160427,194739,0,0,0,194776,34349
rp2040_2,65,388,8,3,diagnostic_holdout,5,2,194777,229078,237149,0,0,237294,42517
rp2040_2,65,388,8,3,diagnostic_holdout,6,1,237295,271634,0,0,0,271754,34459
rp2040_2,65,388,8,3,diagnostic_holdout,7,1,271755,306066,0,0,0,306160,34405
rp2040_2,65,388,8,3,diagnostic_holdout,8,2,306161,340472,348534,0,0,348541,42380
rp2040_2,65,388,8,3,diagnostic_holdout,9,1,348542,382865,0,0,0,382910,34368
rp2040_2,65,388,8,3,diagnostic_holdout,10,0,382911,417218,425279,433226,433912,433915,51004
rp2040_2,65,389,9,3,diagnostic_holdout,1,1,56997,91523,0,0,0,91649,34652
rp2040_2,65,389,9,3,diagnostic_holdout,2,0,91655,126017,134091,142042,142729,142732,51077
rp2040_2,65,390,0,4,diagnostic_calibration,1,2,56960,91479,99562,0,0,99652,42692
rp2040_2,65,390,0,4,diagnostic_calibration,2,0,99657,134047,142111,150057,150743,150746,51089
rp2040_2,65,391,1,4,diagnostic_calibration,1,1,56975,91496,0,0,0,91526,34551
rp2040_2,65,391,1,4,diagnostic_calibration,2,1,91531,125879,0,0,0,126004,34473
rp2040_2,65,391,1,4,diagnostic_calibration,3,1,126005,160325,0,0,0,160409,34404
rp2040_2,65,391,1,4,diagnostic_calibration,4,2,160410,194723,202793,0,0,202901,42491
rp2040_2,65,391,1,4,diagnostic_calibration,5,1,202902,237235,0,0,0,237342,34440
rp2040_2,65,391,1,4,diagnostic_calibration,6,2,237343,271660,279723,0,0,279805,42462
rp2040_2,65,391,1,4,diagnostic_calibration,7,1,279806,314129,0,0,0,314171,34365
rp2040_2,65,391,1,4,diagnostic_calibration,8,2,314172,348481,356542,0,0,356688,42516
rp2040_2,65,391,1,4,diagnostic_calibration,9,2,356689,391019,399079,0,0,399115,42426
rp2040_2,65,391,1,4,diagnostic_calibration,10,1,399116,433438,0,0,0,433564,34448
rp2040_2,65,391,1,4,diagnostic_calibration,11,2,433564,467871,475932,0,0,475956,42392
rp2040_2,65,391,1,4,diagnostic_calibration,12,2,475957,510293,518353,0,0,518367,42410
rp2040_2,65,391,1,4,diagnostic_calibration,13,1,518368,552703,0,0,0,552736,34368
rp2040_2,65,391,1,4,diagnostic_calibration,14,1,552737,587044,0,0,0,587116,34379
rp2040_2,65,391,1,4,diagnostic_calibration,15,1,587116,621420,0,0,0,621429,34313
rp2040_2,65,391,1,4,diagnostic_calibration,16,2,621429,655734,663795,0,0,663844,42415
rp2040_2,65,391,1,4,diagnostic_calibration,17,2,663845,698171,706232,0,0,706305,42460
rp2040_2,65,391,1,4,diagnostic_calibration,18,2,706306,740632,748692,0,0,748739,42433
rp2040_2,65,391,1,4,diagnostic_calibration,19,1,748740,783067,0,0,0,783082,34342
rp2040_2,65,391,1,4,diagnostic_calibration,20,1,783083,817388,0,0,0,817510,34427
rp2040_2,65,391,1,4,diagnostic_calibration,21,1,817511,851821,0,0,0,851905,34394
rp2040_2,65,391,1,4,diagnostic_calibration,22,0,851906,886213,894274,902220,902906,902909,51003
rp2040_2,65,392,2,4,diagnostic_calibration,1,2,56979,91498,99580,0,0,99709,42730
rp2040_2,65,392,2,4,diagnostic_calibration,2,2,99714,134101,142165,0,0,142236,42522
rp2040_2,65,392,2,4,diagnostic_calibration,3,0,142237,176574,184636,192582,193269,193272,51035
rp2040_2,65,393,3,4,diagnostic_calibration,1,2,56989,91510,99593,0,0,99716,42727
rp2040_2,65,393,3,4,diagnostic_calibration,2,2,99721,134114,142183,0,0,142290,42569
rp2040_2,65,393,3,4,diagnostic_calibration,3,2,142292,176632,184693,0,0,184839,42547
rp2040_2,65,393,3,4,diagnostic_calibration,4,2,184840,219170,227231,0,0,227251,42411
rp2040_2,65,393,3,4,diagnostic_calibration,5,2,227251,261579,269640,0,0,269761,42510
rp2040_2,65,393,3,4,diagnostic_calibration,6,2,269762,304090,312151,0,0,312240,42478
rp2040_2,65,393,3,4,diagnostic_calibration,7,1,312241,346565,0,0,0,346623,34382
rp2040_2,65,393,3,4,diagnostic_calibration,8,2,346624,380940,389001,0,0,389059,42435
rp2040_2,65,393,3,4,diagnostic_calibration,9,1,389060,423392,0,0,0,423517,34457
rp2040_2,65,393,3,4,diagnostic_calibration,10,1,423518,457821,0,0,0,457825,34307
rp2040_2,65,393,3,4,diagnostic_calibration,11,0,457826,492135,500196,508143,508830,508833,51007
rp2040_2,65,394,4,4,diagnostic_calibration,1,1,56968,91497,0,0,0,91604,34636
rp2040_2,65,394,4,4,diagnostic_calibration,2,2,91608,125974,134047,0,0,134155,42547
rp2040_2,65,394,4,4,diagnostic_calibration,3,1,134157,168501,0,0,0,168572,34415
rp2040_2,65,394,4,4,diagnostic_calibration,4,2,168573,202893,210955,0,0,211090,42517
rp2040_2,65,394,4,4,diagnostic_calibration,5,0,211091,245429,253490,261437,262121,262124,51033
rp2040_2,65,395,5,4,diagnostic_holdout,1,1,56969,91501,0,0,0,91624,34655
rp2040_2,65,395,5,4,diagnostic_holdout,2,1,91629,125987,0,0,0,126068,34439
rp2040_2,65,395,5,4,diagnostic_holdout,3,2,126070,160394,168466,0,0,168594,42524
rp2040_2,65,395,5,4,diagnostic_holdout,4,0,168595,202926,210989,218936,219623,219626,51031
rp2040_2,65,396,6,4,diagnostic_holdout,1,1,56998,91524,0,0,0,91617,34619
rp2040_2,65,396,6,4,diagnostic_holdout,2,1,91621,125982,0,0,0,126008,34387
rp2040_2,65,396,6,4,diagnostic_holdout,3,1,126009,160342,0,0,0,160360,34351
rp2040_2,65,396,6,4,diagnostic_holdout,4,0,160361,194670,202742,210692,211378,211380,51019
rp2040_2,65,397,7,4,diagnostic_holdout,1,1,56964,91494,0,0,0,91582,34618
rp2040_2,65,397,7,4,diagnostic_holdout,2,1,91587,125942,0,0,0,126038,34451
rp2040_2,65,397,7,4,diagnostic_holdout,3,2,126039,160366,168437,0,0,168571,42532
rp2040_2,65,397,7,4,diagnostic_holdout,4,2,168572,202901,210963,0,0,210978,42406
rp2040_2,65,397,7,4,diagnostic_holdout,5,2,210979,245300,253361,0,0,253368,42389
rp2040_2,65,397,7,4,diagnostic_holdout,6,1,253369,287691,0,0,0,287816,34447
rp2040_2,65,397,7,4,diagnostic_holdout,7,2,287817,322124,330185,0,0,330196,42379
rp2040_2,65,397,7,4,diagnostic_holdout,8,1,330197,364522,0,0,0,364637,34440
rp2040_2,65,397,7,4,diagnostic_holdout,9,2,364637,398953,407014,0,0,407088,42451
rp2040_2,65,397,7,4,diagnostic_holdout,10,2,407088,441421,449482,0,0,449530,42442
rp2040_2,65,397,7,4,diagnostic_holdout,11,2,449530,483863,491924,0,0,491942,42412
rp2040_2,65,397,7,4,diagnostic_holdout,12,0,491943,526275,534336,542282,542968,542971,51028
rp2040_2,65,398,8,4,diagnostic_holdout,1,1,56987,91521,0,0,0,91637,34650
rp2040_2,65,398,8,4,diagnostic_holdout,2,1,91642,126001,0,0,0,126047,34405
rp2040_2,65,398,8,4,diagnostic_holdout,3,0,126048,160370,168441,176391,177077,177081,51033
rp2040_2,65,399,9,4,diagnostic_holdout,1,0,56974,91486,99570,107521,108207,108213,51239
rp2040_2,65,400,0,0,diagnostic_calibration,1,0,56980,91514,99597,107548,108233,108239,51259
rp2040_2,65,401,1,0,diagnostic_calibration,1,2,56996,91515,99599,0,0,99646,42650
rp2040_2,65,401,1,0,diagnostic_calibration,2,2,99651,134030,142095,0,0,142204,42553
rp2040_2,65,401,1,0,diagnostic_calibration,3,0,142205,176544,184607,192553,193240,193244,51039
rp2040_2,65,402,2,0,diagnostic_calibration,1,2,56970,91496,99580,0,0,99619,42649
rp2040_2,65,402,2,0,diagnostic_calibration,2,1,99625,133996,0,0,0,134035,34410
rp2040_2,65,402,2,0,diagnostic_calibration,3,2,134038,168360,176423,0,0,176451,42413
rp2040_2,65,402,2,0,diagnostic_calibration,4,1,176452,210780,0,0,0,210823,34371
rp2040_2,65,402,2,0,diagnostic_calibration,5,2,210824,245133,253195,0,0,253209,42385
rp2040_2,65,402,2,0,diagnostic_calibration,6,2,253210,287547,295608,0,0,295735,42525
rp2040_2,65,402,2,0,diagnostic_calibration,7,1,295735,330069,0,0,0,330171,34436
rp2040_2,65,402,2,0,diagnostic_calibration,8,0,330172,364477,372538,380484,381170,381173,51001
rp2040_2,65,403,3,0,diagnostic_calibration,1,1,56969,91479,0,0,0,91573,34604
rp2040_2,65,403,3,0,diagnostic_calibration,2,2,91579,125942,134014,0,0,134030,42451
rp2040_2,65,403,3,0,diagnostic_calibration,3,2,134032,168364,176426,0,0,176455,42423
rp2040_2,65,403,3,0,diagnostic_calibration,4,1,176455,210778,0,0,0,210897,34442
rp2040_2,65,403,3,0,diagnostic_calibration,5,2,210898,245202,253263,0,0,253373,42475
rp2040_2,65,403,3,0,diagnostic_calibration,6,2,253374,287707,295768,0,0,295877,42503
rp2040_2,65,403,3,0,diagnostic_calibration,7,2,295878,330201,338262,0,0,338270,42392
rp2040_2,65,403,3,0,diagnostic_calibration,8,2,338270,372600,380661,0,0,380664,42394
rp2040_2,65,403,3,0,diagnostic_calibration,9,2,380665,414993,423054,0,0,423083,42418
rp2040_2,65,403,3,0,diagnostic_calibration,10,1,423084,457419,0,0,0,457540,34456
rp2040_2,65,403,3,0,diagnostic_calibration,11,2,457541,491842,499903,0,0,499907,42366
rp2040_2,65,403,3,0,diagnostic_calibration,12,1,499907,534249,0,0,0,534293,34386
rp2040_2,65,403,3,0,diagnostic_calibration,13,2,534294,568610,576671,0,0,576807,42513
rp2040_2,65,403,3,0,diagnostic_calibration,14,1,576808,611140,0,0,0,611238,34430
rp2040_2,65,403,3,0,diagnostic_calibration,15,1,611238,645551,0,0,0,645576,34338
rp2040_2,65,403,3,0,diagnostic_calibration,16,2,645577,679888,687949,0,0,687987,42410
rp2040_2,65,403,3,0,diagnostic_calibration,17,1,687988,722314,0,0,0,722423,34435
rp2040_2,65,403,3,0,diagnostic_calibration,18,0,722424,756737,764798,772744,773431,773434,51010
rp2040_2,65,404,4,0,diagnostic_calibration,1,2,56954,91473,99556,0,0,99587,42633
rp2040_2,65,404,4,0,diagnostic_calibration,2,2,99591,133971,142035,0,0,142138,42547
rp2040_2,65,404,4,0,diagnostic_calibration,3,2,142139,176476,184538,0,0,184619,42480
rp2040_2,65,404,4,0,diagnostic_calibration,4,2,184620,218946,227008,0,0,227057,42437
rp2040_2,65,404,4,0,diagnostic_calibration,5,2,227057,261384,269445,0,0,269556,42499
rp2040_2,65,404,4,0,diagnostic_calibration,6,2,269556,303882,311943,0,0,311971,42415
rp2040_2,65,404,4,0,diagnostic_calibration,7,1,311971,346298,0,0,0,346383,34412
rp2040_2,65,404,4,0,diagnostic_calibration,8,2,346383,380691,388752,0,0,388796,42413
rp2040_2,65,404,4,0,diagnostic_calibration,9,2,388797,423129,431190,0,0,431230,42433
rp2040_2,65,404,4,0,diagnostic_calibration,10,2,431231,465563,473624,0,0,473663,42432
rp2040_2,65,404,4,0,diagnostic_calibration,11,2,473664,508004,516065,0,0,516181,42517
rp2040_2,65,404,4,0,diagnostic_calibration,12,0,516181,550515,558576,566522,567208,567210,51029
rp2040_2,65,405,5,0,diagnostic_holdout,1,2,56998,91513,99595,0,0,99667,42669
rp2040_2,65,405,5,0,diagnostic_holdout,2,1,99671,134049,0,0,0,134056,34385
rp2040_2,65,405,5,0,diagnostic_holdout,3,0,134057,168375,176438,184386,185071,185074,51017
rp2040_2,65,406,6,0,diagnostic_holdout,1,2,56977,91513,99596,0,0,99694,42717
rp2040_2,65,406,6,0,diagnostic_holdout,2,0,99698,134084,142148,150095,150781,150786,51088
rp2040_2,65,407,7,0,diagnostic_holdout,1,1,56995,91520,0,0,0,91570,34575
rp2040_2,65,407,7,0,diagnostic_holdout,2,1,91575,125935,0,0,0,125960,34385
rp2040_2,65,407,7,0,diagnostic_holdout,3,0,125964,160289,168359,176310,176996,176999,51035
rp2040_2,65,408,8,0,diagnostic_holdout,1,2,56955,91481,99565,0,0,99579,42624
rp2040_2,65,408,8,0,diagnostic_holdout,2,2,99583,133961,142027,0,0,142100,42517
rp2040_2,65,408,8,0,diagnostic_holdout,3,1,142102,176444,0,0,0,176538,34436
rp2040_2,65,408,8,0,diagnostic_holdout,4,0,176538,210852,218916,226862,227549,227551,51013
rp2040_2,65,409,9,0,diagnostic_holdout,1,2,57006,91525,99609,0,0,99671,42665
rp2040_2,65,409,9,0,diagnostic_holdout,2,2,99677,134051,142113,0,0,142195,42518
rp2040_2,65,409,9,0,diagnostic_holdout,3,2,142199,176535,184596,0,0,184658,42459
rp2040_2,65,409,9,0,diagnostic_holdout,4,2,184659,218987,227048,0,0,227190,42531
rp2040_2,65,409,9,0,diagnostic_holdout,5,2,227190,261518,269579,0,0,269649,42459
rp2040_2,65,409,9,0,diagnostic_holdout,6,0,269649,303973,312034,319980,320667,320671,51022
rp2040_2,65,410,0,1,diagnostic_calibration,1,1,56978,91490,0,0,0,91587,34609
rp2040_2,65,410,0,1,diagnostic_calibration,2,2,91593,125950,134024,0,0,134039,42446
rp2040_2,65,410,0,1,diagnostic_calibration,3,0,134041,168383,176446,184394,185079,185082,51041
rp2040_2,65,411,1,1,diagnostic_calibration,1,1,56986,91512,0,0,0,91555,34569
rp2040_2,65,411,1,1,diagnostic_calibration,2,2,91560,125922,133996,0,0,134005,42445
rp2040_2,65,411,1,1,diagnostic_calibration,3,0,134008,168370,176435,184382,185069,185072,51064
rp2040_2,65,412,2,1,diagnostic_calibration,1,1,57004,91524,0,0,0,91584,34580
rp2040_2,65,412,2,1,diagnostic_calibration,2,1,91590,125956,0,0,0,126018,34428
rp2040_2,65,412,2,1,diagnostic_calibration,3,2,126020,160341,168412,0,0,168545,42525
rp2040_2,65,412,2,1,diagnostic_calibration,4,2,168547,202879,210941,0,0,210999,42452
rp2040_2,65,412,2,1,diagnostic_calibration,5,2,211001,245327,253388,0,0,253447,42446
rp2040_2,65,412,2,1,diagnostic_calibration,6,1,253447,287788,0,0,0,287892,34445
rp2040_2,65,412,2,1,diagnostic_calibration,7,2,287893,322211,330272,0,0,330283,42390
rp2040_2,65,412,2,1,diagnostic_calibration,8,2,330284,364612,372673,0,0,372753,42469
rp2040_2,65,412,2,1,diagnostic_calibration,9,1,372754,407087,0,0,0,407129,34375
rp2040_2,65,412,2,1,diagnostic_calibration,10,2,407130,441437,449498,0,0,449631,42501
rp2040_2,65,412,2,1,diagnostic_calibration,11,1,449632,483950,0,0,0,484065,34433
rp2040_2,65,412,2,1,diagnostic_calibration,12,0,484066,518377,526438,534384,535070,535073,51007
rp2040_2,65,413,3,1,diagnostic_calibration,1,1,56989,91521,0,0,0,91596,34607
rp2040_2,65,413,3,1,diagnostic_calibration,2,0,91601,125969,134043,141994,142681,142685,51084
rp2040_2,65,414,4,1,diagnostic_calibration,1,0,56989,91508,99591,107542,108228,108234,51245
rp2040_2,65,415,5,1,diagnostic_holdout,1,1,56987,91513,0,0,0,91564,34577
rp2040_2,65,415,5,1,diagnostic_holdout,2,2,91569,125923,133999,0,0,134157,42588
rp2040_2,65,415,5,1,diagnostic_holdout,3,0,134160,168498,176563,184509,185197,185200,51040
rp2040_2,65,416,6,1,diagnostic_holdout,1,2,56976,91505,99589,0,0,99673,42697
rp2040_2,65,416,6,1,diagnostic_holdout,2,2,99677,134070,142136,0,0,142244,42567
rp2040_2,65,416,6,1,diagnostic_holdout,3,0,142246,176592,184655,192602,193287,193291,51045
rp2040_2,65,417,7,1,diagnostic_holdout,1,2,56984,91506,99589,0,0,99646,42662
rp2040_2,65,417,7,1,diagnostic_holdout,2,2,99651,134031,142097,0,0,142177,42526
rp2040_2,65,417,7,1,diagnostic_holdout,3,0,142179,176506,184568,192515,193201,193205,51026
rp2040_2,65,418,8,1,diagnostic_holdout,1,1,56975,91499,0,0,0,91535,34560
rp2040_2,65,418,8,1,diagnostic_holdout,2,2,91542,125904,133979,0,0,134074,42532
rp2040_2,65,418,8,1,diagnostic_holdout,3,1,134076,168423,0,0,0,168459,34383
rp2040_2,65,418,8,1,diagnostic_holdout,4,1,168460,202770,0,0,0,202833,34373
rp2040_2,65,418,8,1,diagnostic_holdout,5,1,202833,237140,0,0,0,237241,34408
rp2040_2,65,418,8,1,diagnostic_holdout,6,0,237241,271548,279610,287559,288244,288247,51006
rp2040_2,65,419,9,1,diagnostic_holdout,1,2,57001,91519,99602,0,0,99685,42684
rp2040_2,65,419,9,1,diagnostic_holdout,2,2,99689,134071,142135,0,0,142153,42464
rp2040_2,65,419,9,1,diagnostic_holdout,3,0,142154,176481,184542,192489,193176,193179,51025
rp2040_2,65,420,0,2,diagnostic_calibration,1,2,56987,91504,99587,0,0,99725,42738
rp2040_2,65,420,0,2,diagnostic_calibration,2,2,99730,134110,142177,0,0,142204,42474
rp2040_2,65,420,0,2,diagnostic_calibration,3,1,142205,176539,0,0,0,176613,34408
rp2040_2,65,420,0,2,diagnostic_calibration,4,2,176614,210928,218990,0,0,218997,42383
rp2040_2,65,420,0,2,diagnostic_calibration,5,1,218998,253330,0,0,0,253392,34394
rp2040_2,65,420,0,2,diagnostic_calibration,6,0,253393,287703,295764,303711,304397,304400,51007
rp2040_2,65,421,1,2,diagnostic_calibration,1,1,56997,91524,0,0,0,91548,34551
rp2040_2,65,421,1,2,diagnostic_calibration,2,0,91553,125917,133993,141944,142630,142635,51082
rp2040_2,65,422,2,2,diagnostic_calibration,1,2,56993,91509,99591,0,0,99730,42737
rp2040_2,65,422,2,2,diagnostic_calibration,2,2,99735,134122,142187,0,0,142247,42512
rp2040_2,65,422,2,2,diagnostic_calibration,3,2,142249,176585,184647,0,0,184704,42455
rp2040_2,65,422,2,2,diagnostic_calibration,4,2,184705,219034,227095,0,0,227104,42399
rp2040_2,65,422,2,2,diagnostic_calibration,5,2,227105,261434,269495,0,0,269539,42434
rp2040_2,65,422,2,2,diagnostic_calibration,6,1,269539,303872,0,0,0,303946,34407
rp2040_2,65,422,2,2,diagnostic_calibration,7,2,303946,338251,346312,0,0,346395,42449
rp2040_2,65,422,2,2,diagnostic_calibration,8,2,346395,380720,388781,0,0,388788,42393
rp2040_2,65,422,2,2,diagnostic_calibration,9,1,388789,423107,0,0,0,423132,34343
rp2040_2,65,422,2,2,diagnostic_calibration,10,1,423132,457443,0,0,0,457462,34330
rp2040_2,65,422,2,2,diagnostic_calibration,11,1,457463,491770,0,0,0,491820,34357
rp2040_2,65,422,2,2,diagnostic_calibration,12,1,491820,526129,0,0,0,526149,34329
rp2040_2,65,422,2,2,diagnostic_calibration,13,0,526149,560461,568522,576469,577155,577158,51009
rp2040_2,65,423,3,2,diagnostic_calibration,1,2,56967,91505,99589,0,0,99741,42774
rp2040_2,65,423,3,2,diagnostic_calibration,2,1,99746,134141,0,0,0,134261,34515
rp2040_2,65,423,3,2,diagnostic_calibration,3,2,134262,168579,176641,0,0,176773,42511
rp2040_2,65,423,3,2,diagnostic_calibration,4,2,176774,211103,219164,0,0,219259,42485
rp2040_2,65,423,3,2,diagnostic_calibration,5,1,219260,253596,0,0,0,253648,34388
rp2040_2,65,423,3,2,diagnostic_calibration,6,0,253648,287963,296024,303971,304657,304660,51012
rp2040_2,65,424,4,2,diagnostic_calibration,1,2,56961,91484,99568,0,0,99658,42697
rp2040_2,65,424,4,2,diagnostic_calibration,2,1,99663,134042,0,0,0,134131,34468
rp2040_2,65,424,4,2,diagnostic_calibration,3,2,134134,168459,176521,0,0,176583,42449
rp2040_2,65,424,4,2,diagnostic_calibration,4,1,176584,210917,0,0,0,210941,34357
rp2040_2,65,424,4,2,diagnostic_calibration,5,2,210941,245251,253313,0,0,253375,42434
rp2040_2,65,424,4,2,diagnostic_calibration,6,2,253376,287715,295776,0,0,295790,42414
rp2040_2,65,424,4,2,diagnostic_calibration,7,2,295790,330117,338178,0,0,338253,42463
rp2040_2,65,424,4,2,diagnostic_calibration,8,1,338254,372578,0,0,0,372603,34349
rp2040_2,65,424,4,2,diagnostic_calibration,9,0,372604,406913,414974,422920,423607,423610,51006
rp2040_2,65,425,5,2,diagnostic_holdout,1,1,56992,91520,0,0,0,91617,34625
rp2040_2,65,425,5,2,diagnostic_holdout,2,2,91623,125977,134050,0,0,134120,42497
rp2040_2,65,425,5,2,diagnostic_holdout,3,1,134122,168469,0,0,0,168562,34440
rp2040_2,65,425,5,2,diagnostic_holdout,4,1,168563,202893,0,0,0,203019,34456
rp2040_2,65,425,5,2,diagnostic_holdout,5,1,203019,237326,0,0,0,237361,34342
rp2040_2,65,425,5,2,diagnostic_holdout,6,2,237361,271671,279734,0,0,279761,42400
rp2040_2,65,425,5,2,diagnostic_holdout,7,1,279761,314084,0,0,0,314110,34349
rp2040_2,65,425,5,2,diagnostic_holdout,8,1,314111,348425,0,0,0,348439,34328
rp2040_2,65,425,5,2,diagnostic_holdout,9,2,348440,382749,390810,0,0,390912,42472
rp2040_2,65,425,5,2,diagnostic_holdout,10,2,390913,425245,433306,0,0,433423,42510
rp2040_2,65,425,5,2,diagnostic_holdout,11,1,433424,467759,0,0,0,467806,34382
rp2040_2,65,425,5,2,diagnostic_holdout,12,0,467807,502112,510173,518119,518805,518808,51001
rp2040_2,65,426,6,2,diagnostic_holdout,1,1,56958,91477,0,0,0,91501,34543
rp2040_2,65,426,6,2,diagnostic_holdout,2,2,91506,125875,133950,0,0,133973,42467
rp2040_2,65,426,6,2,diagnostic_holdout,3,2,133974,168312,176375,0,0,176395,42421
rp2040_2,65,426,6,2,diagnostic_holdout,4,2,176396,210718,218780,0,0,218912,42516
rp2040_2,65,426,6,2,diagnostic_holdout,5,1,218913,253256,0,0,0,253315,34402
rp2040_2,65,426,6,2,diagnostic_holdout,6,1,253316,287626,0,0,0,287694,34378
rp2040_2,65,426,6,2,diagnostic_holdout,7,1,287695,322005,0,0,0,322100,34405
rp2040_2,65,426,6,2,diagnostic_holdout,8,2,322101,356408,364469,0,0,364508,42407
rp2040_2,65,426,6,2,diagnostic_holdout,9,0,364508,398846,406907,414853,415538,415541,51033
rp2040_2,65,427,7,2,diagnostic_holdout,1,1,57015,91532,0,0,0,91618,34603
rp2040_2,65,427,7,2,diagnostic_holdout,2,0,91623,125983,134058,142009,142694,142697,51074
rp2040_2,65,428,8,2,diagnostic_holdout,1,2,56966,91486,99570,0,0,99601,42635
rp2040_2,65,428,8,2,diagnostic_holdout,2,2,99606,133976,142044,0,0,142166,42560
rp2040_2,65,428,8,2,diagnostic_holdout,3,0,142167,176503,184564,192510,193197,193200,51033
rp2040_2,65,429,9,2,diagnostic_holdout,1,2,56986,91510,99593,0,0,99632,42646
rp2040_2,65,429,9,2,diagnostic_holdout,2,2,99637,134013,142080,0,0,142137,42500
rp2040_2,65,429,9,2,diagnostic_holdout,3,2,142139,176476,184539,0,0,184626,42487
rp2040_2,65,429,9,2,diagnostic_holdout,4,2,184627,218967,227028,0,0,227050,42423
rp2040_2,65,429,9,2,diagnostic_holdout,5,2,227050,261388,269449,0,0,269515,42465
rp2040_2,65,429,9,2,diagnostic_holdout,6,2,269515,303846,311907,0,0,311973,42458
rp2040_2,65,429,9,2,diagnostic_holdout,7,1,311974,346303,0,0,0,346407,34433
rp2040_2,65,429,9,2,diagnostic_holdout,8,1,346408,380727,0,0,0,380746,34338
rp2040_2,65,429,9,2,diagnostic_holdout,9,2,380746,415059,423119,0,0,423259,42513
rp2040_2,65,429,9,2,diagnostic_holdout,10,2,423260,457590,465651,0,0,465789,42529
rp2040_2,65,429,9,2,diagnostic_holdout,11,1,465789,500120,0,0,0,500212,34423
rp2040_2,65,429,9,2,diagnostic_holdout,12,2,500213,534528,542589,0,0,542650,42437
rp2040_2,65,429,9,2,diagnostic_holdout,13,2,542651,576968,585029,0,0,585065,42414
rp2040_2,65,429,9,2,diagnostic_holdout,14,0,585066,619400,627461,635408,636094,636097,51031
rp2040_2,65,430,0,3,diagnostic_calibration,1,1,56968,91486,0,0,0,91567,34599
rp2040_2,65,430,0,3,diagnostic_calibration,2,2,91573,125942,134019,0,0,134143,42570
rp2040_2,65,430,0,3,diagnostic_calibration,3,1,134146,168497,0,0,0,168583,34437
rp2040_2,65,430,0,3,diagnostic_calibration,4,2,168584,202904,210965,0,0,211079,42495
rp2040_2,65,430,0,3,diagnostic_calibration,5,1,211080,245418,0,0,0,245503,34423
rp2040_2,65,430,0,3,diagnostic_calibration,6,1,245503,279811,0,0,0,279843,34340
rp2040_2,65,430,0,3,diagnostic_calibration,7,1,279843,314158,0,0,0,314174,34331
rp2040_2,65,430,0,3,diagnostic_calibration,8,0,314175,348483,356544,364490,365176,365179,51004
rp2040_2,65,431,1,3,diagnostic_calibration,1,2,56975,91506,99589,0,0,99737,42762
rp2040_2,65,431,1,3,diagnostic_calibration,2,0,99742,134115,142180,150127,150813,150817,51075
rp2040_2,65,432,2,3,diagnostic_calibration,1,2,56987,91515,99598,0,0,99709,42722
rp2040_2,65,432,2,3,diagnostic_calibration,2,1,99716,134112,0,0,0,134128,34412
rp2040_2,65,432,2,3,diagnostic_calibration,3,2,134129,168458,176522,0,0,176548,42419
rp2040_2,65,432,2,3,diagnostic_calibration,4,1,176549,210880,0,0,0,210974,34425
rp2040_2,65,432,2,3,diagnostic_calibration,5,2,210975,245292,253354,0,0,253383,42408
rp2040_2,65,432,2,3,diagnostic_calibration,6,2,253384,287713,295774,0,0,295785,42401
rp2040_2,65,432,2,3,diagnostic_calibration,7,1,295786,330119,0,0,0,330205,34419
rp2040_2,65,432,2,3,diagnostic_calibration,8,2,330206,364518,372578,0,0,372700,42494
rp2040_2,65,432,2,3,diagnostic_calibration,9,0,372701,407030,415091,423037,423723,423726,51025
rp2040_2,65,433,3,3,diagnostic_calibration,1,0,56995,91522,99605,107555,108242,108248,51253
rp2040_2,65,434,4,3,diagnostic_calibration,1,2,56981,91501,99585,0,0,99604,42623
rp2040_2,65,434,4,3,diagnostic_calibration,2,2,99609,133979,142045,0,0,142154,42545
rp2040_2,65,434,4,3,diagnostic_calibration,3,0,142155,176482,184545,192491,193177,193179,51024
rp2040_2,65,435,5,3,diagnostic_holdout,1,2,56961,91494,99577,0,0,99611,42650
rp2040_2,65,435,5,3,diagnostic_holdout,2,1,99616,134006,0,0,0,134127,34511
rp2040_2,65,435,5,3,diagnostic_holdout,3,2,134130,168456,176519,0,0,176525,42395
rp2040_2,65,435,5,3,diagnostic_holdout,4,1,176527,210853,0,0,0,210921,34394
rp2040_2,65,435,5,3,diagnostic_holdout,5,1,210922,245231,0,0,0,245289,34367
rp2040_2,65,435,5,3,diagnostic_holdout,6,2,245290,279601,287662,0,0,287779,42489
rp2040_2,65,435,5,3,diagnostic_holdout,7,1,287780,322109,0,0,0,322126,34346
rp2040_2,65,435,5,3,diagnostic_holdout,8,2,322126,356436,364497,0,0,364578,42452
rp2040_2,65,435,5,3,diagnostic_holdout,9,2,364579,398909,406970,0,0,406979,42400
rp2040_2,65,435,5,3,diagnostic_holdout,10,2,406979,441310,449371,0,0,449396,42417
rp2040_2,65,435,5,3,diagnostic_holdout,11,1,449397,483741,0,0,0,483848,34451
rp2040_2,65,435,5,3,diagnostic_holdout,12,2,483848,518152,526213,0,0,526340,42492
rp2040_2,65,435,5,3,diagnostic_holdout,13,2,526341,560660,568721,0,0,568819,42478
rp2040_2,65,435,5,3,diagnostic_holdout,14,0,568820,603156,611217,619163,619849,619852,51032
rp2040_2,65,436,6,3,diagnostic_holdout,1,1,56964,91506,0,0,0,91528,34564
rp2040_2,65,436,6,3,diagnostic_holdout,2,1,91534,125906,0,0,0,125967,34433
rp2040_2,65,436,6,3,diagnostic_holdout,3,1,125969,160291,0,0,0,160396,34427
rp2040_2,65,436,6,3,diagnostic_holdout,4,0,160396,194709,202779,210730,211416,211419,51023
rp2040_2,65,437,7,3,diagnostic_holdout,1,1,56998,91526,0,0,0,91605,34607
rp2040_2,65,437,7,3,diagnostic_holdout,2,1,91611,125967,0,0,0,126080,34469
rp2040_2,65,437,7,3,diagnostic_holdout,3,0,126081,160413,168486,176436,177122,177125,51044
rp2040_2,65,438,8,3,diagnostic_holdout,1,1,56982,91512,0,0,0,91640,34658
rp2040_2,65,438,8,3,diagnostic_holdout,2,0,91645,126016,134091,142042,142728,142732,51087
rp2040_2,65,439,9,3,diagnostic_holdout,1,1,57001,91514,0,0,0,91628,34627
rp2040_2,65,439,9,3,diagnostic_holdout,2,2,91634,125985,134058,0,0,134129,42495
rp2040_2,65,439,9,3,diagnostic_holdout,3,0,134131,168471,176534,184480,185166,185169,51038
rp2040_2,65,440,0,4,diagnostic_calibration,1,0,56996,91506,99589,107540,108226,108232,51236
rp2040_2,65,441,1,4,diagnostic_calibration,1,0,56978,91509,99593,107543,108229,108236,51258
rp2040_2,65,442,2,4,diagnostic_calibration,1,2,56996,91532,99615,0,0,99751,42755
rp2040_2,65,442,2,4,diagnostic_calibration,2,1,99757,134145,0,0,0,134209,34452
rp2040_2,65,442,2,4,diagnostic_calibration,3,1,134212,168542,0,0,0,168650,34438
rp2040_2,65,442,2,4,diagnostic_calibration,4,1,168651,202963,0,0,0,202975,34324
rp2040_2,65,442,2,4,diagnostic_calibration,5,2,202975,237288,245350,0,0,245354,42379
rp2040_2,65,442,2,4,diagnostic_calibration,6,0,245354,279692,287752,295699,296384,296387,51033
rp2040_2,65,443,3,4,diagnostic_calibration,1,2,56993,91521,99604,0,0,99631,42638
rp2040_2,65,443,3,4,diagnostic_calibration,2,0,99637,134012,142075,150022,150708,150712,51075
rp2040_2,65,444,4,4,diagnostic_calibration,1,0,56982,91512,99594,107545,108232,108238,51256
rp2040_2,65,445,5,4,diagnostic_holdout,1,1,56961,91483,0,0,0,91616,34655
rp2040_2,65,445,5,4,diagnostic_holdout,2,0,91621,125984,134059,142010,142696,142702,51081
rp2040_2,65,446,6,4,diagnostic_holdout,1,1,56999,91525,0,0,0,91569,34570
rp2040_2,65,446,6,4,diagnostic_holdout,2,2,91573,125933,134007,0,0,134152,42579
rp2040_2,65,446,6,4,diagnostic_holdout,3,0,134154,168511,176574,184522,185209,185212,51058
rp2040_2,65,447,7,4,diagnostic_holdout,1,0,56996,91520,99603,107553,108240,108246,51250
rp2040_2,65,448,8,4,diagnostic_holdout,1,2,56951,91473,99556,0,0,99699,42748
rp2040_2,65,448,8,4,diagnostic_holdout,2,1,99704,134102,0,0,0,134158,34454
rp2040_2,65,448,8,4,diagnostic_holdout,3,2,134160,168485,176549,0,0,176644,42484
rp2040_2,65,448,8,4,diagnostic_holdout,4,2,176645,210985,219046,0,0,219101,42456
rp2040_2,65,448,8,4,diagnostic_holdout,5,1,219102,253432,0,0,0,253477,34375
rp2040_2,65,448,8,4,diagnostic_holdout,6,1,253477,287788,0,0,0,287816,34339
rp2040_2,65,448,8,4,diagnostic_holdout,7,0,287816,322127,330189,338135,338820,338823,51007
rp2040_2,65,449,9,4,diagnostic_holdout,1,2,56978,91503,99585,0,0,99664,42686
rp2040_2,65,449,9,4,diagnostic_holdout,2,1,99670,134045,0,0,0,134164,34494
rp2040_2,65,449,9,4,diagnostic_holdout,3,2,134167,168494,176558,0,0,176695,42528
rp2040_2,65,449,9,4,diagnostic_holdout,4,0,176696,211023,219084,227031,227717,227720,51024
rp2040_2,65,450,0,0,diagnostic_calibration,1,1,56986,91507,0,0,0,91596,34610
rp2040_2,65,450,0,0,diagnostic_calibration,2,1,91602,125968,0,0,0,126032,34430
rp2040_2,65,450,0,0,diagnostic_calibration,3,2,126035,160356,168426,0,0,168446,42411
rp2040_2,65,450,0,0,diagnostic_calibration,4,1,168448,202777,0,0,0,202902,34454
rp2040_2,65,450,0,0,diagnostic_calibration,5,1,202902,237213,0,0,0,237266,34364
rp2040_2,65,450,0,0,diagnostic_calibration,6,2,237267,271577,279639,0,0,279739,42472
rp2040_2,65,450,0,0,diagnostic_calibration,7,1,279740,314071,0,0,0,314136,34396
rp2040_2,65,450,0,0,diagnostic_calibration,8,1,314136,348449,0,0,0,348458,34322
rp2040_2,65,450,0,0,diagnostic_calibration,9,2,348458,382775,390836,0,0,390917,42459
rp2040_2,65,450,0,0,diagnostic_calibration,10,2,390917,425240,433301,0,0,433340,42423
rp2040_2,65,450,0,0,diagnostic_calibration,11,2,433340,467676,475737,0,0,475849,42509
rp2040_2,65,450,0,0,diagnostic_calibration,12,2,475850,510174,518234,0,0,518265,42415
rp2040_2,65,450,0,0,diagnostic_calibration,13,1,518265,552598,0,0,0,552609,34344
rp2040_2,65,450,0,0,diagnostic_calibration,14,1,552610,586924,0,0,0,587008,34398
rp2040_2,65,450,0,0,diagnostic_calibration,15,2,587008,621319,629379,0,0,629440,42432
rp2040_2,65,450,0,0,diagnostic_calibration,16,1,629441,663769,0,0,0,663813,34372
rp2040_2,65,450,0,0,diagnostic_calibration,17,1,663813,698128,0,0,0,698230,34417
rp2040_2,65,450,0,0,diagnostic_calibration,18,0,698231,732536,740597,748544,749231,749234,51003
rp2040_2,65,451,1,0,diagnostic_calibration,1,2,56973,91499,99582,0,0,99699,42726
rp2040_2,65,451,1,0,diagnostic_calibration,2,2,99704,134071,142135,0,0,142207,42503
rp2040_2,65,451,1,0,diagnostic_calibration,3,2,142208,176550,184612,0,0,184751,42543
rp2040_2,65,451,1,0,diagnostic_calibration,4,0,184752,219078,227139,235086,235772,235774,51022
rp2040_2,65,452,2,0,diagnostic_calibration,1,0,56957,91466,99550,107501,108188,108194,51237
rp2040_2,65,453,3,0,diagnostic_calibration,1,2,56966,91485,99569,0,0,99649,42683
rp2040_2,65,453,3,0,diagnostic_calibration,2,1,99655,134030,0,0,0,134153,34498
rp2040_2,65,453,3,0,diagnostic_calibration,3,0,134157,168481,176544,184490,185176,185179,51022
rp2040_2,65,454,4,0,diagnostic_calibration,1,1,56958,91482,0,0,0,91545,34587
rp2040_2,65,454,4,0,diagnostic_calibration,2,2,91549,125920,133992,0,0,134060,42511
rp2040_2,65,454,4,0,diagnostic_calibration,3,0,134063,168398,176461,184408,185093,185096,51033
rp2040_2,65,455,5,0,diagnostic_holdout,1,1,56973,91501,0,0,0,91567,34594
rp2040_2,65,455,5,0,diagnostic_holdout,2,0,91573,125925,133997,141948,142634,142639,51066
rp2040_2,65,456,6,0,diagnostic_holdout,1,2,56982,91499,99583,0,0,99674,42692
rp2040_2,65,456,6,0,diagnostic_holdout,2,1,99679,134071,0,0,0,134131,34452
rp2040_2,65,456,6,0,diagnostic_holdout,3,1,134133,168455,0,0,0,168509,34376
rp2040_2,65,456,6,0,diagnostic_holdout,4,0,168511,202822,210885,218832,219518,219520,51009
rp2040_2,65,457,7,0,diagnostic_holdout,1,2,56981,91493,99576,0,0,99733,42752
rp2040_2,65,457,7,0,diagnostic_holdout,2,0,99737,134117,142181,150127,150814,150819,51082
rp2040_2,65,458,8,0,diagnostic_holdout,1,2,56949,91457,99541,0,0,99693,42744
rp2040_2,65,458,8,0,diagnostic_holdout,2,2,99698,134091,142157,0,0,142187,42489
rp2040_2,65,458,8,0,diagnostic_holdout,3,2,142189,176536,184598,0,0,184709,42520
rp2040_2,65,458,8,0,diagnostic_holdout,4,1,184710,219046,0,0,0,219150,34440
rp2040_2,65,458,8,0,diagnostic_holdout,5,1,219150,253468,0,0,0,253577,34427
rp2040_2,65,458,8,0,diagnostic_holdout,6,1,253577,287889,0,0,0,287896,34319
rp2040_2,65,458,8,0,diagnostic_holdout,7,2,287897,322207,330268,0,0,330363,42466
rp2040_2,65,458,8,0,diagnostic_holdout,8,0,330363,364688,372748,380695,381380,381383,51020
rp2040_2,65,459,9,0,diagnostic_holdout,1,1,56984,91498,0,0,0,91608,34624
rp2040_2,65,459,9,0,diagnostic_holdout,2,1,91614,125983,0,0,0,126043,34429
rp2040_2,65,459,9,0,diagnostic_holdout,3,1,126044,160372,0,0,0,160437,34393
rp2040_2,65,459,9,0,diagnostic_holdout,4,2,160437,194755,202826,0,0,202974,42537
rp2040_2,65,459,9,0,diagnostic_holdout,5,1,202975,237308,0,0,0,237416,34441
rp2040_2,65,459,9,0,diagnostic_holdout,6,2,237417,271726,279789,0,0,279865,42448
rp2040_2,65,459,9,0,diagnostic_holdout,7,2,279866,314198,322261,0,0,322326,42460
rp2040_2,65,459,9,0,diagnostic_holdout,8,2,322327,356659,364720,0,0,364807,42480
rp2040_2,65,459,9,0,diagnostic_holdout,9,2,364807,399128,407189,0,0,407247,42440
rp2040_2,65,459,9,0,diagnostic_holdout,10,2,407248,441577,449638,0,0,449767,42519
rp2040_2,65,459,9,0,diagnostic_holdout,11,1,449767,484096,0,0,0,484165,34398
rp2040_2,65,459,9,0,diagnostic_holdout,12,1,484165,518477,0,0,0,518514,34349
rp2040_2,65,459,9,0,diagnostic_holdout,13,0,518515,552833,560894,568840,569526,569529,51014
rp2040_2,65,460,0,1,diagnostic_calibration,1,0,56990,91514,99598,107548,108234,108240,51250
rp2040_2,65,461,1,1,diagnostic_calibration,1,2,56960,91483,99567,0,0,99592,42632
rp2040_2,65,461,1,1,diagnostic_calibration,2,2,99596,133975,142041,0,0,142117,42521
rp2040_2,65,461,1,1,diagnostic_calibration,3,2,142118,176460,184522,0,0,184626,42508
rp2040_2,65,461,1,1,diagnostic_calibration,4,0,184628,218967,227028,234974,235660,235663,51035
rp2040_2,65,462,2,1,diagnostic_calibration,1,2,57007,91536,99619,0,0,99703,42696
rp2040_2,65,462,2,1,diagnostic_calibration,2,1,99708,134100,0,0,0,134157,34449
rp2040_2,65,462,2,1,diagnostic_calibration,3,2,134158,168478,176544,0,0,176549,42391
rp2040_2,65,462,2,1,diagnostic_calibration,4,1,176550,210882,0,0,0,210965,34415
rp2040_2,65,462,2,1,diagnostic_calibration,5,1,210966,245285,0,0,0,245335,34369
rp2040_2,65,462,2,1,diagnostic_calibration,6,0,245336,279662,287723,295669,296356,296359,51023
rp2040_2,65,463,3,1,diagnostic_calibration,1,1,56986,91507,0,0,0,91591,34605
rp2040_2,65,463,3,1,diagnostic_calibration,2,1,91596,125959,0,0,0,126006,34410
rp2040_2,65,463,3,1,diagnostic_calibration,3,2,126007,160329,168400,0,0,168540,42533
rp2040_2,65,463,3,1,diagnostic_calibration,4,1,168541,202884,0,0,0,202946,34405
rp2040_2,65,463,3,1,diagnostic_calibration,5,2,202947,237249,245310,0,0,245343,42396
rp2040_2,65,463,3,1,diagnostic_calibration,6,2,245344,279673,287734,0,0,287810,42466
rp2040_2,65,463,3,1,diagnostic_calibration,7,1,287811,322149,0,0,0,322274,34463
rp2040_2,65,463,3,1,diagnostic_calibration,8,2,322275,356587,364648,0,0,364794,42519
rp2040_2,65,463,3,1,diagnostic_calibration,9,2,364795,399130,407190,0,0,407234,42439
rp2040_2,65,463,3,1,diagnostic_calibration,10,2,407234,441560,449620,0,0,449673,42439
rp2040_2,65,463,3,1,diagnostic_calibration,11,2,449673,484011,492072,0,0,492100,42427
rp2040_2,65,463,3,1,diagnostic_calibration,12,1,492100,526444,0,0,0,526508,34408
rp2040_2,65,463,3,1,diagnostic_calibration,13,0,526509,560818,568879,576825,577512,577515,51006
rp2040_2,65,464,4,1,diagnostic_calibration,1,2,56998,91522,99607,0,0,99674,42676
rp2040_2,65,464,4,1,diagnostic_calibration,2,1,99680,134073,0,0,0,134149,34469
rp2040_2,65,464,4,1,diagnostic_calibration,3,2,134151,168467,176530,0,0,176560,42409
rp2040_2,65,464,4,1,diagnostic_calibration,4,0,176560,210902,218964,226910,227597,227599,51039
rp2040_2,65,465,5,1,diagnostic_holdout,1,1,56991,91528,0,0,0,91576,34585
rp2040_2,65,465,5,1,diagnostic_holdout,2,1,91582,125957,0,0,0,126047,34465
rp2040_2,65,465,5,1,diagnostic_holdout,3,2,126050,160382,168453,0,0,168472,42422
rp2040_2,65,465,5,1,diagnostic_holdout,4,1,168473,202808,0,0,0,202829,34356
rp2040_2,65,465,5,1,diagnostic_holdout,5,0,202830,237147,245210,253157,253843,253846,51016
rp2040_2,65,466,6,1,diagnostic_holdout,1,1,56978,91508,0,0,0,91603,34625
rp2040_2,65,466,6,1,diagnostic_holdout,2,2,91608,125955,134027,0,0,134067,42459
rp2040_2,65,466,6,1,diagnostic_holdout,3,1,134069,168419,0,0,0,168535,34466
rp2040_2,65,466,6,1,diagnostic_holdout,4,0,168536,202856,210918,218864,219550,219553,51017
rp2040_2,65,467,7,1,diagnostic_holdout,1,0,56996,91529,99613,107564,108251,108257,51261
rp2040_2,65,468,8,1,diagnostic_holdout,1,1,56928,91444,0,0,0,91539,34611
rp2040_2,65,468,8,1,diagnostic_holdout,2,1,91544,125913,0,0,0,125959,34415
rp2040_2,65,468,8,1,diagnostic_holdout,3,0,125961,160304,168375,176326,177011,177014,51053
rp2040_2,65,469,9,1,diagnostic_holdout,1,2,56984,91497,99579,0,0,99656,42672
rp2040_2,65,469,9,1,diagnostic_holdout,2,2,99661,134065,142131,0,0,142160,42499
rp2040_2,65,469,9,1,diagnostic_holdout,3,1,142162,176510,0,0,0,176608,34446
rp2040_2,65,469,9,1,diagnostic_holdout,4,1,176609,210920,0,0,0,211032,34423
rp2040_2,65,469,9,1,diagnostic_holdout,5,0,211032,245343,253406,261353,262038,262041,51009
rp2040_2,65,470,0,2,diagnostic_calibration,1,2,56963,91481,99564,0,0,99639,42676
rp2040_2,65,470,0,2,diagnostic_calibration,2,1,99644,134026,0,0,0,134074,34430
rp2040_2,65,470,0,2,diagnostic_calibration,3,1,134075,168394,0,0,0,168465,34390
rp2040_2,65,470,0,2,diagnostic_calibration,4,0,168466,202777,210838,218785,219471,219474,51008
rp2040_2,65,471,1,2,diagnostic_calibration,1,2,56987,91513,99596,0,0,99659,42672
rp2040_2,65,471,1,2,diagnostic_calibration,2,2,99664,134068,142136,0,0,142145,42481
rp2040_2,65,471,1,2,diagnostic_calibration,3,0,142147,176479,184542,192488,193174,193177,51030
rp2040_2,65,472,2,2,diagnostic_calibration,1,1,56985,91496,0,0,0,91594,34609
rp2040_2,65,472,2,2,diagnostic_calibration,2,0,91598,125959,134033,141984,142670,142676,51078
rp2040_2,65,473,3,2,diagnostic_calibration,1,2,56973,91486,99570,0,0,99667,42694
rp2040_2,65,473,3,2,diagnostic_calibration,2,1,99672,134052,0,0,0,134137,34465
rp2040_2,65,473,3,2,diagnostic_calibration,3,2,134138,168460,176525,0,0,176572,42434
rp2040_2,65,473,3,2,diagnostic_calibration,4,1,176572,210905,0,0,0,210921,34349
rp2040_2,65,473,3,2,diagnostic_calibration,5,0,210921,245234,253295,261242,261928,261931,51010
rp2040_2,65,474,4,2,diagnostic_calibration,1,1,56990,91513,0,0,0,91564,34574
rp2040_2,65,474,4,2,diagnostic_calibration,2,2,91569,125922,133995,0,0,134111,42542
rp2040_2,65,474,4,2,diagnostic_calibration,3,0,134112,168466,176530,184476,185161,185164,51052
rp2040_2,65,475,5,2,diagnostic_holdout,1,1,56984,91501,0,0,0,91523,34539
rp2040_2,65,475,5,2,diagnostic_holdout,2,1,91529,125886,0,0,0,125894,34365
rp2040_2,65,475,5,2,diagnostic_holdout,3,1,125896,160214,0,0,0,160263,34367
rp2040_2,65,475,5,2,diagnostic_holdout,4,0,160264,194575,202645,210596,211282,211286,51022
rp2040_2,65,476,6,2,diagnostic_holdout,1,0,56977,91505,99588,107539,108225,108230,51253
rp2040_2,65,477,7,2,diagnostic_holdout,1,0,56977,91505,99588,107539,108225,108231,51254
rp2040_2,65,478,8,2,diagnostic_holdout,1,2,56975,91509,99593,0,0,99698,42723
rp2040_2,65,478,8,2,diagnostic_holdout,2,1,99704,134090,0,0,0,134192,34488
rp2040_2,65,478,8,2,diagnostic_holdout,3,0,134193,168522,176585,184532,185219,185222,51029
rp2040_2,65,479,9,2,diagnostic_holdout,1,0,56979,91502,99586,107537,108223,108229,51250
rp2040_2,65,480,0,3,diagnostic_calibration,1,0,56978,91497,99581,107532,108219,108225,51247
rp2040_2,65,481,1,3,diagnostic_calibration,1,1,56998,91540,0,0,0,91599,34601
rp2040_2,65,481,1,3,diagnostic_calibration,2,2,91605,125963,134034,0,0,134174,42569
rp2040_2,65,481,1,3,diagnostic_calibration,3,2,134176,168528,176591,0,0,176635,42459
rp2040_2,65,481,1,3,diagnostic_calibration,4,2,176637,210975,219037,0,0,219185,42548
rp2040_2,65,481,1,3,diagnostic_calibration,5,1,219186,253526,0,0,0,253622,34436
rp2040_2,65,481,1,3,diagnostic_calibration,6,1,253623,287927,0,0,0,287998,34375
rp2040_2,65,481,1,3,diagnostic_calibration,7,2,287999,322306,330366,0,0,330435,42436
rp2040_2,65,481,1,3,diagnostic_calibration,8,2,330436,364770,372831,0,0,372926,42490
rp2040_2,65,481,1,3,diagnostic_calibration,9,2,372927,407268,415329,0,0,415349,42422
rp2040_2,65,481,1,3,diagnostic_calibration,10,1,415350,449684,0,0,0,449737,34387
rp2040_2,65,481,1,3,diagnostic_calibration,11,2,449738,484052,492113,0,0,492165,42427
rp2040_2,65,481,1,3,diagnostic_calibration,12,0,492165,526493,534554,542500,543187,543189,51024
rp2040_2,65,482,2,3,diagnostic_calibration,1,1,56977,91492,0,0,0,91516,34539
rp2040_2,65,482,2,3,diagnostic_calibration,2,2,91521,125887,133963,0,0,133984,42463
rp2040_2,65,482,2,3,diagnostic_calibration,3,1,133986,168343,0,0,0,168407,34421
rp2040_2,65,482,2,3,diagnostic_calibration,4,1,168408,202727,0,0,0,202775,34367
rp2040_2,65,482,2,3,diagnostic_calibration,5,2,202776,237091,245152,0,0,245201,42425
rp2040_2,65,482,2,3,diagnostic_calibration,6,2,245201,279532,287593,0,0,287622,42421
rp2040_2,65,482,2,3,diagnostic_calibration,7,0,287623,321952,330013,337959,338645,338647,51024
rp2040_2,65,483,3,3,diagnostic_calibration,1,0,56992,91507,99590,107540,108226,108232,51240
rp2040_2,65,484,4,3,diagnostic_calibration,1,2,56963,91482,99564,0,0,99585,42622
rp2040_2,65,484,4,3,diagnostic_calibration,2,2,99590,133967,142035,0,0,142097,42507
rp2040_2,65,484,4,3,diagnostic_calibration,3,1,142098,176444,0,0,0,176485,34387
rp2040_2,65,484,4,3,diagnostic_calibration,4,2,176485,210799,218861,0,0,218899,42414
rp2040_2,65,484,4,3,diagnostic_calibration,5,2,218900,253225,261286,0,0,261393,42493
rp2040_2,65,484,4,3,diagnostic_calibration,6,2,261394,295726,303787,0,0,303877,42483
rp2040_2,65,484,4,3,diagnostic_calibration,7,1,303878,338202,0,0,0,338232,34354
rp2040_2,65,484,4,3,diagnostic_calibration,8,1,338233,372542,0,0,0,372607,34374
rp2040_2,65,484,4,3,diagnostic_calibration,9,1,372608,406916,0,0,0,406946,34338
rp2040_2,65,484,4,3,diagnostic_calibration,10,0,406946,441262,449323,457269,457955,457958,51012
rp2040_2,65,485,5,3,diagnostic_holdout,1,0,56984,91511,99596,107546,108233,108239,51255
rp2040_2,65,486,6,3,diagnostic_holdout,1,2,56991,91520,99604,0,0,99693,42702
rp2040_2,65,486,6,3,diagnostic_holdout,2,2,99698,134076,142141,0,0,142239,42541
rp2040_2,65,486,6,3,diagnostic_holdout,3,0,142241,176581,184644,192591,193277,193280,51039
rp2040_2,65,487,7,3,diagnostic_holdout,1,2,56986,91508,99592,0,0,99656,42670
rp2040_2,65,487,7,3,diagnostic_holdout,2,1,99661,134041,0,0,0,134102,34441
rp2040_2,65,487,7,3,diagnostic_holdout,3,1,134103,168436,0,0,0,168516,34413
rp2040_2,65,487,7,3,diagnostic_holdout,4,1,168517,202829,0,0,0,202939,34422
rp2040_2,65,487,7,3,diagnostic_holdout,5,2,202940,237248,245310,0,0,245338,42398
rp2040_2,65,487,7,3,diagnostic_holdout,6,0,245339,279676,287737,295683,296369,296371,51032
rp2040_2,65,488,8,3,diagnostic_holdout,1,1,56948,91462,0,0,0,91515,34567
rp2040_2,65,488,8,3,diagnostic_holdout,2,2,91521,125893,133968,0,0,133996,42475
rp2040_2,65,488,8,3,diagnostic_holdout,3,2,133997,168354,176419,0,0,176487,42490
rp2040_2,65,488,8,3,diagnostic_holdout,4,2,176488,210816,218879,0,0,218983,42495
rp2040_2,65,488,8,3,diagnostic_holdout,5,0,218984,253321,261383,269330,270015,270018,51034
rp2040_2,65,489,9,3,diagnostic_holdout,1,2,57011,91539,99622,0,0,99668,42657
rp2040_2,65,489,9,3,diagnostic_holdout,2,0,99673,134045,142111,150058,150744,150747,51074
rp2040_2,65,490,0,4,diagnostic_calibration,1,2,56989,91510,99593,0,0,99640,42651
rp2040_2,65,490,0,4,diagnostic_calibration,2,2,99646,134016,142080,0,0,142086,42440
rp2040_2,65,490,0,4,diagnostic_calibration,3,0,142090,176419,184482,192428,193114,193117,51027
rp2040_2,65,491,1,4,diagnostic_calibration,1,1,56993,91514,0,0,0,91576,34583
rp2040_2,65,491,1,4,diagnostic_calibration,2,1,91581,125931,0,0,0,125951,34370
rp2040_2,65,491,1,4,diagnostic_calibration,3,2,125953,160269,168341,0,0,168466,42513
rp2040_2,65,491,1,4,diagnostic_calibration,4,2,168467,202814,210876,0,0,210995,42528
rp2040_2,65,491,1,4,diagnostic_calibration,5,1,210996,245319,0,0,0,245327,34331
rp2040_2,65,491,1,4,diagnostic_calibration,6,0,245328,279636,287697,295643,296330,296333,51005
rp2040_2,65,492,2,4,diagnostic_calibration,1,1,56988,91523,0,0,0,91627,34639
rp2040_2,65,492,2,4,diagnostic_calibration,2,2,91632,125982,134057,0,0,134142,42510
rp2040_2,65,492,2,4,diagnostic_calibration,3,2,134144,168494,176559,0,0,176636,42492
rp2040_2,65,492,2,4,diagnostic_calibration,4,1,176638,210975,0,0,0,210985,34347
rp2040_2,65,492,2,4,diagnostic_calibration,5,0,210985,245302,253364,261311,261997,262000,51015
rp2040_2,65,493,3,4,diagnostic_calibration,1,0,56981,91496,99580,107531,108218,108224,51243
rp2040_2,65,494,4,4,diagnostic_calibration,1,1,56989,91517,0,0,0,91578,34589
rp2040_2,65,494,4,4,diagnostic_calibration,2,2,91584,125944,134015,0,0,134148,42564
rp2040_2,65,494,4,4,diagnostic_calibration,3,0,134151,168479,176543,184490,185177,185180,51029
rp2040_2,65,495,5,4,diagnostic_holdout,1,2,57002,91530,99613,0,0,99699,42697
rp2040_2,65,495,5,4,diagnostic_holdout,2,2,99706,134090,142156,0,0,142250,42544
rp2040_2,65,495,5,4,diagnostic_holdout,3,2,142251,176602,184665,0,0,184724,42473
rp2040_2,65,495,5,4,diagnostic_holdout,4,2,184725,219067,227129,0,0,227174,42449
rp2040_2,65,495,5,4,diagnostic_holdout,5,1,227175,261502,0,0,0,261515,34340
rp2040_2,65,495,5,4,diagnostic_holdout,6,0,261516,295828,303889,311835,312521,312524,51008
rp2040_2,65,496,6,4,diagnostic_holdout,1,0,56981,91506,99589,107540,108227,108233,51252
rp2040_2,65,497,7,4,diagnostic_holdout,1,2,56984,91504,99588,0,0,99609,42625
rp2040_2,65,497,7,4,diagnostic_holdout,2,1,99615,134008,0,0,0,134059,34444
rp2040_2,65,497,7,4,diagnostic_holdout,3,0,134061,168391,176456,184404,185090,185093,51032
rp2040_2,65,498,8,4,diagnostic_holdout,1,1,56967,91484,0,0,0,91524,34557
rp2040_2,65,498,8,4,diagnostic_holdout,2,2,91529,125884,133959,0,0,134091,42562
rp2040_2,65,498,8,4,diagnostic_holdout,3,2,134093,168437,176500,0,0,176556,42463
rp2040_2,65,498,8,4,diagnostic_holdout,4,1,176557,210888,0,0,0,210930,34373
rp2040_2,65,498,8,4,diagnostic_holdout,5,1,210931,245246,0,0,0,245367,34436
rp2040_2,65,498,8,4,diagnostic_holdout,6,2,245368,279676,287738,0,0,287753,42385
rp2040_2,65,498,8,4,diagnostic_holdout,7,2,287754,322093,330154,0,0,330193,42439
rp2040_2,65,498,8,4,diagnostic_holdout,8,2,330194,364535,372596,0,0,372659,42465
rp2040_2,65,498,8,4,diagnostic_holdout,9,2,372659,406984,415045,0,0,415069,42410
rp2040_2,65,498,8,4,diagnostic_holdout,10,1,415069,449392,0,0,0,449395,34326
rp2040_2,65,498,8,4,diagnostic_holdout,11,2,449396,483706,491767,0,0,491798,42402
rp2040_2,65,498,8,4,diagnostic_holdout,12,0,491799,526136,534197,542144,542830,542833,51034
rp2040_2,65,499,9,4,diagnostic_holdout,1,2,56982,91510,99593,0,0,99696,42714
rp2040_2,65,499,9,4,diagnostic_holdout,2,1,99701,134091,0,0,0,134170,34469
rp2040_2,65,499,9,4,diagnostic_holdout,3,1,134172,168486,0,0,0,168532,34360
rp2040_2,65,499,9,4,diagnostic_holdout,4,1,168533,202847,0,0,0,202959,34426
rp2040_2,65,499,9,4,diagnostic_holdout,5,1,202959,237265,0,0,0,237273,34314
rp2040_2,65,499,9,4,diagnostic_holdout,6,2,237274,271589,279654,0,0,279749,42475
rp2040_2,65,499,9,4,diagnostic_holdout,7,2,279750,314078,322140,0,0,322147,42397
rp2040_2,65,499,9,4,diagnostic_holdout,8,2,322148,356470,364531,0,0,364541,42393
rp2040_2,65,499,9,4,diagnostic_holdout,9,0,364541,398875,406936,414882,415568,415571,51030
rp2040_2,65,500,0,0,diagnostic_calibration,1,2,56972,91496,99579,0,0,99649,42677
rp2040_2,65,500,0,0,diagnostic_calibration,2,2,99653,134029,142095,0,0,142127,42474
rp2040_2,65,500,0,0,diagnostic_calibration,3,1,142129,176467,0,0,0,176516,34387
rp2040_2,65,500,0,0,diagnostic_calibration,4,1,176517,210837,0,0,0,210846,34329
rp2040_2,65,500,0,0,diagnostic_calibration,5,2,210847,245148,253208,0,0,253356,42509
rp2040_2,65,500,0,0,diagnostic_calibration,6,2,253357,287702,295763,0,0,295829,42472
rp2040_2,65,500,0,0,diagnostic_calibration,7,0,295830,330161,338222,346168,346854,346857,51027
rp2040_2,65,501,1,0,diagnostic_calibration,1,2,56991,91507,99590,0,0,99604,42613
rp2040_2,65,501,1,0,diagnostic_calibration,2,2,99608,133985,142050,0,0,142093,42485
rp2040_2,65,501,1,0,diagnostic_calibration,3,1,142093,176433,0,0,0,176473,34380
rp2040_2,65,501,1,0,diagnostic_calibration,4,1,176474,210791,0,0,0,210803,34329
rp2040_2,65,501,1,0,diagnostic_calibration,5,1,210804,245120,0,0,0,245142,34338
rp2040_2,65,501,1,0,diagnostic_calibration,6,2,245143,279457,287519,0,0,287540,42397
rp2040_2,65,501,1,0,diagnostic_calibration,7,1,287541,321868,0,0,0,321991,34450
rp2040_2,65,501,1,0,diagnostic_calibration,8,2,321992,356303,364364,0,0,364393,42401
rp2040_2,65,501,1,0,diagnostic_calibration,9,2,364394,398713,406774,0,0,406793,42399
rp2040_2,65,501,1,0,diagnostic_calibration,10,2,406794,441121,449182,0,0,449209,42415
rp2040_2,65,501,1,0,diagnostic_calibration,11,2,449210,483534,491595,0,0,491725,42515
rp2040_2,65,501,1,0,diagnostic_calibration,12,2,491725,526056,534117,0,0,534214,42489
rp2040_2,65,501,1,0,diagnostic_calibration,13,0,534215,568548,576609,584555,585241,585244,51029
rp2040_2,65,502,2,0,diagnostic_calibration,1,2,56976,91497,99580,0,0,99623,42647
rp2040_2,65,502,2,0,diagnostic_calibration,2,2,99630,134000,142069,0,0,142138,42508
rp2040_2,65,502,2,0,diagnostic_calibration,3,2,142142,176487,184550,0,0,184618,42476
rp2040_2,65,502,2,0,diagnostic_calibration,4,0,184619,218953,227014,234961,235647,235650,51031
rp2040_2,65,503,3,0,diagnostic_calibration,1,2,56977,91487,99570,0,0,99593,42616
rp2040_2,65,503,3,0,diagnostic_calibration,2,1,99598,133984,0,0,0,134039,34441
rp2040_2,65,503,3,0,diagnostic_calibration,3,2,134040,168367,176429,0,0,176515,42475
rp2040_2,65,503,3,0,diagnostic_calibration,4,0,176516,210843,218904,226850,227537,227541,51025
rp2040_2,65,504,4,0,diagnostic_calibration,1,2,56955,91482,99565,0,0,99613,42658
rp2040_2,65,504,4,0,diagnostic_calibration,2,1,99619,134004,0,0,0,134087,34468
rp2040_2,65,504,4,0,diagnostic_calibration,3,2,134089,168414,176476,0,0,176626,42537
rp2040_2,65,504,4,0,diagnostic_calibration,4,1,176628,210958,0,0,0,210974,34346
rp2040_2,65,504,4,0,diagnostic_calibration,5,2,210976,245283,253344,0,0,253402,42426
rp2040_2,65,504,4,0,diagnostic_calibration,6,2,253403,287732,295793,0,0,295821,42418
rp2040_2,65,504,4,0,diagnostic_calibration,7,0,295821,330149,338210,346156,346842,346844,51023
rp2040_2,65,505,5,0,diagnostic_holdout,1,2,56984,91508,99592,0,0,99674,42690
rp2040_2,65,505,5,0,diagnostic_holdout,2,2,99680,134066,142131,0,0,142220,42540
rp2040_2,65,505,5,0,diagnostic_holdout,3,1,142222,176556,0,0,0,176583,34361
rp2040_2,65,505,5,0,diagnostic_holdout,4,2,176584,210891,218952,0,0,218996,42412
rp2040_2,65,505,5,0,diagnostic_holdout,5,1,218997,253320,0,0,0,253355,34358
rp2040_2,65,505,5,0,diagnostic_holdout,6,1,253355,287675,0,0,0,287761,34406
rp2040_2,65,505,5,0,diagnostic_holdout,7,1,287762,322082,0,0,0,322111,34349
rp2040_2,65,505,5,0,diagnostic_holdout,8,1,322111,356433,0,0,0,356532,34421
rp2040_2,65,505,5,0,diagnostic_holdout,9,2,356533,390838,398899,0,0,399032,42499
rp2040_2,65,505,5,0,diagnostic_holdout,10,2,399033,433357,441418,0,0,441465,42432
rp2040_2,65,505,5,0,diagnostic_holdout,11,2,441466,475785,483846,0,0,483858,42392
rp2040_2,65,505,5,0,diagnostic_holdout,12,2,483859,518178,526239,0,0,526354,42495
rp2040_2,65,505,5,0,diagnostic_holdout,13,2,526355,560682,568743,0,0,568797,42442
rp2040_2,65,505,5,0,diagnostic_holdout,14,0,568798,603119,611180,619127,619814,619817,51019
rp2040_2,65,506,6,0,diagnostic_holdout,1,2,57021,91552,99635,0,0,99708,42687
rp2040_2,65,506,6,0,diagnostic_holdout,2,1,99713,134100,0,0,0,134218,34505
rp2040_2,65,506,6,0,diagnostic_holdout,3,2,134219,168538,176603,0,0,176716,42497
rp2040_2,65,506,6,0,diagnostic_holdout,4,1,176717,211053,0,0,0,211096,34379
rp2040_2,65,506,6,0,diagnostic_holdout,5,1,211096,245404,0,0,0,245454,34358
rp2040_2,65,506,6,0,diagnostic_holdout,6,1,245455,279759,0,0,0,279826,34371
rp2040_2,65,506,6,0,diagnostic_holdout,7,2,279827,314142,322203,0,0,322215,42388
rp2040_2,65,506,6,0,diagnostic_holdout,8,2,322216,356550,364612,0,0,364619,42403
rp2040_2,65,506,6,0,diagnostic_holdout,9,1,364620,398944,0,0,0,399064,34444
rp2040_2,65,506,6,0,diagnostic_holdout,10,2,399064,433373,441435,0,0,441508,42444
rp2040_2,65,506,6,0,diagnostic_holdout,11,1,441508,475832,0,0,0,475870,34362
rp2040_2,65,506,6,0,diagnostic_holdout,12,0,475870,510182,518243,526190,526876,526879,51009
rp2040_2,65,507,7,0,diagnostic_holdout,1,0,56997,91521,99604,107555,108241,108247,51250
rp2040_2,65,508,8,0,diagnostic_holdout,1,0,56954,91480,99563,107513,108199,108205,51251
rp2040_2,65,509,9,0,diagnostic_holdout,1,0,56999,91527,99609,107560,108246,108251,51252
rp2040_2,65,510,0,1,diagnostic_calibration,1,2,56976,91496,99579,0,0,99603,42627
rp2040_2,65,510,0,1,diagnostic_calibration,2,2,99608,133996,142064,0,0,142077,42469
rp2040_2,65,510,0,1,diagnostic_calibration,3,1,142078,176416,0,0,0,176494,34416
rp2040_2,65,510,0,1,diagnostic_calibration,4,2,176495,210807,218868,0,0,218906,42411
rp2040_2,65,510,0,1,diagnostic_calibration,5,2,218907,253238,261299,0,0,261346,42439
rp2040_2,65,510,0,1,diagnostic_calibration,6,0,261347,295669,303730,311676,312362,312365,51018
rp2040_2,65,511,1,1,diagnostic_calibration,1,0,56976,91503,99586,107537,108223,108229,51253
rp2040_2,65,512,2,1,diagnostic_calibration,1,2,56996,91520,99606,0,0,99664,42668
rp2040_2,65,512,2,1,diagnostic_calibration,2,0,99668,134036,142098,150045,150732,150736,51068
rp2040_2,65,513,3,1,diagnostic_calibration,1,1,57004,91521,0,0,0,91551,34547
rp2040_2,65,513,3,1,diagnostic_calibration,2,2,91556,125921,133995,0,0,134087,42531
rp2040_2,65,513,3,1,diagnostic_calibration,3,1,134090,168432,0,0,0,168523,34433
rp2040_2,65,513,3,1,diagnostic_calibration,4,2,168524,202847,210909,0,0,211061,42537
rp2040_2,65,513,3,1,diagnostic_calibration,5,1,211062,245394,0,0,0,245424,34362
rp2040_2,65,513,3,1,diagnostic_calibration,6,0,245424,279730,287791,295737,296424,296426,51002
rp2040_2,65,514,4,1,diagnostic_calibration,1,0,56959,91484,99568,107518,108204,108211,51252
rp2040_2,65,515,5,1,diagnostic_holdout,1,2,56990,91514,99596,0,0,99727,42737
rp2040_2,65,515,5,1,diagnostic_holdout,2,0,99732,134111,142178,150125,150810,150815,51083
rp2040_2,65,516,6,1,diagnostic_holdout,1,1,56977,91500,0,0,0,91578,34601
rp2040_2,65,516,6,1,diagnostic_holdout,2,1,91582,125944,0,0,0,126041,34459
rp2040_2,65,516,6,1,diagnostic_holdout,3,1,126043,160371,0,0,0,160443,34400
rp2040_2,65,516,6,1,diagnostic_holdout,4,0,160444,194756,202826,210777,211464,211467,51023
rp2040_2,65,517,7,1,diagnostic_holdout,1,2,56978,91495,99578,0,0,99636,42658
rp2040_2,65,517,7,1,diagnostic_holdout,2,1,99640,134028,0,0,0,134070,34430
rp2040_2,65,517,7,1,diagnostic_holdout,3,1,134070,168386,0,0,0,168400,34330
rp2040_2,65,517,7,1,diagnostic_holdout,4,2,168401,202715,210777,0,0,210850,42449
rp2040_2,65,517,7,1,diagnostic_holdout,5,0,210851,245183,253244,261190,261877,261881,51030
rp2040_2,65,518,8,1,diagnostic_holdout,1,1,56957,91470,0,0,0,91493,34536
rp2040_2,65,518,8,1,diagnostic_holdout,2,1,91498,125870,0,0,0,125939,34441
rp2040_2,65,518,8,1,diagnostic_holdout,3,1,125942,160279,0,0,0,160333,34391
rp2040_2,65,518,8,1,diagnostic_holdout,4,1,160336,194644,0,0,0,194673,34337
rp2040_2,65,518,8,1,diagnostic_holdout,5,2,194675,228977,237048,0,0,237182,42507
rp2040_2,65,518,8,1,diagnostic_holdout,6,1,237183,271514,0,0,0,271529,34346
rp2040_2,65,518,8,1,diagnostic_holdout,7,0,271529,305838,313901,321848,322533,322536,51007
rp2040_2,65,519,9,1,diagnostic_holdout,1,1,56976,91504,0,0,0,91574,34598
rp2040_2,65,519,9,1,diagnostic_holdout,2,2,91579,125966,134041,0,0,134123,42544
rp2040_2,65,519,9,1,diagnostic_holdout,3,2,134125,168471,176537,0,0,176587,42462
rp2040_2,65,519,9,1,diagnostic_holdout,4,2,176588,210920,218982,0,0,219009,42421
rp2040_2,65,519,9,1,diagnostic_holdout,5,2,219011,253339,261400,0,0,261404,42393
rp2040_2,65,519,9,1,diagnostic_holdout,6,2,261405,295730,303791,0,0,303869,42464
rp2040_2,65,519,9,1,diagnostic_holdout,7,1,303870,338196,0,0,0,338275,34405
rp2040_2,65,519,9,1,diagnostic_holdout,8,1,338276,372584,0,0,0,372707,34431
rp2040_2,65,519,9,1,diagnostic_holdout,9,1,372708,407012,0,0,0,407045,34337
rp2040_2,65,519,9,1,diagnostic_holdout,10,2,407045,441356,449417,0,0,449433,42388
rp2040_2,65,519,9,1,diagnostic_holdout,11,2,449433,483765,491826,0,0,491894,42461
rp2040_2,65,519,9,1,diagnostic_holdout,12,2,491895,526222,534283,0,0,534333,42438
rp2040_2,65,519,9,1,diagnostic_holdout,13,2,534334,568651,576712,0,0,576720,42386
rp2040_2,65,519,9,1,diagnostic_holdout,14,1,576721,611053,0,0,0,611119,34398
rp2040_2,65,519,9,1,diagnostic_holdout,15,1,611119,645432,0,0,0,645516,34397
rp2040_2,65,519,9,1,diagnostic_holdout,16,2,645516,679833,687894,0,0,687961,42445
rp2040_2,65,519,9,1,diagnostic_holdout,17,2,687961,722281,730341,0,0,730355,42394
rp2040_2,65,519,9,1,diagnostic_holdout,18,2,730356,764693,772754,0,0,772868,42512
rp2040_2,65,519,9,1,diagnostic_holdout,19,1,772869,807190,0,0,0,807281,34412
rp2040_2,65,519,9,1,diagnostic_holdout,20,1,807282,841584,0,0,0,841639,34357
rp2040_2,65,519,9,1,diagnostic_holdout,21,2,841639,875951,884012,0,0,884043,42404
rp2040_2,65,519,9,1,diagnostic_holdout,22,0,884043,918375,926436,934382,935069,935072,51029
rp2040_2,65,520,0,2,diagnostic_calibration,1,0,56968,91511,99593,107544,108230,108236,51268
rp2040_2,65,521,1,2,diagnostic_calibration,1,0,56972,91495,99578,107529,108215,108221,51249
rp2040_2,65,522,2,2,diagnostic_calibration,1,1,56995,91524,0,0,0,91624,34629
rp2040_2,65,522,2,2,diagnostic_calibration,2,0,91630,125986,134060,142010,142696,142701,51071
rp2040_2,65,523,3,2,diagnostic_calibration,1,2,56982,91497,99579,0,0,99600,42618
rp2040_2,65,523,3,2,diagnostic_calibration,2,0,99605,133983,142049,149996,150683,150687,51082
rp2040_2,65,524,4,2,diagnostic_calibration,1,0,56971,91501,99584,107535,108222,108228,51257
rp2040_2,65,525,5,2,diagnostic_holdout,1,1,56996,91521,0,0,0,91640,34644
rp2040_2,65,525,5,2,diagnostic_holdout,2,2,91646,126017,134093,0,0,134224,42578
rp2040_2,65,525,5,2,diagnostic_holdout,3,2,134226,168566,176628,0,0,176702,42476
rp2040_2,65,525,5,2,diagnostic_holdout,4,1,176704,211042,0,0,0,211064,34360
rp2040_2,65,525,5,2,diagnostic_holdout,5,2,211065,245381,253442,0,0,253520,42455
rp2040_2,65,525,5,2,diagnostic_holdout,6,0,253520,287846,295907,303853,304539,304542,51022
rp2040_2,65,526,6,2,diagnostic_holdout,1,2,56965,91480,99563,0,0,99685,42720
rp2040_2,65,526,6,2,diagnostic_holdout,2,1,99690,134070,0,0,0,134164,34474
rp2040_2,65,526,6,2,diagnostic_holdout,3,2,134165,168482,176545,0,0,176599,42434
rp2040_2,65,526,6,2,diagnostic_holdout,4,1,176601,210934,0,0,0,210985,34384
rp2040_2,65,526,6,2,diagnostic_holdout,5,1,210985,245288,0,0,0,245350,34365
rp2040_2,65,526,6,2,diagnostic_holdout,6,2,245351,279668,287730,0,0,287823,42472
rp2040_2,65,526,6,2,diagnostic_holdout,7,2,287823,322153,330214,0,0,330340,42517
rp2040_2,65,526,6,2,diagnostic_holdout,8,1,330341,364668,0,0,0,364773,34432
rp2040_2,65,526,6,2,diagnostic_holdout,9,1,364774,399085,0,0,0,399116,34342
rp2040_2,65,526,6,2,diagnostic_holdout,10,1,399117,433427,0,0,0,433440,34323
rp2040_2,65,526,6,2,diagnostic_holdout,11,2,433440,467755,475816,0,0,475920,42480
rp2040_2,65,526,6,2,diagnostic_holdout,12,1,475921,510241,0,0,0,510258,34337
rp2040_2,65,526,6,2,diagnostic_holdout,13,0,510259,544564,552625,560571,561257,561260,51001
rp2040_2,65,527,7,2,diagnostic_holdout,1,2,56995,91519,99602,0,0,99658,42663
rp2040_2,65,527,7,2,diagnostic_holdout,2,1,99663,134056,0,0,0,134180,34517
rp2040_2,65,527,7,2,diagnostic_holdout,3,0,134181,168501,176567,184514,185200,185203,51022
rp2040_2,65,528,8,2,diagnostic_holdout,1,2,56960,91488,99572,0,0,99618,42658
rp2040_2,65,528,8,2,diagnostic_holdout,2,0,99623,134000,142069,150016,150702,150706,51083
rp2040_2,65,529,9,2,diagnostic_holdout,1,2,56988,91499,99581,0,0,99641,42653
rp2040_2,65,529,9,2,diagnostic_holdout,2,0,99646,134026,142093,150040,150727,150730,51084
rp2040_2,65,530,0,3,diagnostic_calibration,1,0,57003,91523,99606,107556,108243,108249,51246
rp2040_2,65,531,1,3,diagnostic_calibration,1,0,56986,91510,99593,107544,108230,108237,51251
rp2040_2,65,532,2,3,diagnostic_calibration,1,0,56975,91489,99572,107523,108209,108215,51240
rp2040_2,65,533,3,3,diagnostic_calibration,1,1,56992,91519,0,0,0,91591,34599
rp2040_2,65,533,3,3,diagnostic_calibration,2,0,91595,125963,134037,141988,142675,142678,51083
rp2040_2,65,534,4,3,diagnostic_calibration,1,1,56961,91484,0,0,0,91512,34551
rp2040_2,65,534,4,3,diagnostic_calibration,2,1,91517,125890,0,0,0,125931,34414
rp2040_2,65,534,4,3,diagnostic_calibration,3,2,125932,160263,168334,0,0,168394,42462
rp2040_2,65,534,4,3,diagnostic_calibration,4,0,168395,202729,210792,218739,219425,219428,51033
rp2040_2,65,535,5,3,diagnostic_holdout,1,2,57000,91532,99615,0,0,99694,42694
rp2040_2,65,535,5,3,diagnostic_holdout,2,2,99701,134088,142151,0,0,142184,42483
rp2040_2,65,535,5,3,diagnostic_holdout,3,1,142187,176537,0,0,0,176582,34395
rp2040_2,65,535,5,3,diagnostic_holdout,4,2,176583,210896,218958,0,0,219105,42522
rp2040_2,65,535,5,3,diagnostic_holdout,5,1,219105,253436,0,0,0,253480,34375
rp2040_2,65,535,5,3,diagnostic_holdout,6,1,253481,287794,0,0,0,287852,34371
rp2040_2,65,535,5,3,diagnostic_holdout,7,2,287852,322161,330223,0,0,330227,42375
rp2040_2,65,535,5,3,diagnostic_holdout,8,2,330228,364555,372616,0,0,372763,42535
rp2040_2,65,535,5,3,diagnostic_holdout,9,0,372764,407104,415165,423111,423797,423800,51036
rp2040_2,65,536,6,3,diagnostic_holdout,1,2,56976,91517,99600,0,0,99685,42709
rp2040_2,65,536,6,3,diagnostic_holdout,2,2,99690,134076,142142,0,0,142166,42476
rp2040_2,65,536,6,3,diagnostic_holdout,3,1,142169,176521,0,0,0,176567,34398
rp2040_2,65,536,6,3,diagnostic_holdout,4,1,176568,210881,0,0,0,211008,34440
rp2040_2,65,536,6,3,diagnostic_holdout,5,1,211008,245332,0,0,0,245423,34415
rp2040_2,65,536,6,3,diagnostic_holdout,6,1,245423,279731,0,0,0,279845,34422
rp2040_2,65,536,6,3,diagnostic_holdout,7,2,279846,314155,322216,0,0,322322,42476
rp2040_2,65,536,6,3,diagnostic_holdout,8,1,322323,356651,0,0,0,356682,34359
rp2040_2,65,536,6,3,diagnostic_holdout,9,1,356683,390988,0,0,0,391024,34341
rp2040_2,65,536,6,3,diagnostic_holdout,10,2,391024,425333,433394,0,0,433445,42421
rp2040_2,65,536,6,3,diagnostic_holdout,11,1,433446,467773,0,0,0,467809,34363
rp2040_2,65,536,6,3,diagnostic_holdout,12,1,467809,502120,0,0,0,502177,34368
rp2040_2,65,536,6,3,diagnostic_holdout,13,2,502178,536478,544539,0,0,544568,42390
rp2040_2,65,536,6,3,diagnostic_holdout,14,1,544569,578906,0,0,0,578961,34392
rp2040_2,65,536,6,3,diagnostic_holdout,15,1,578962,613277,0,0,0,613314,34352
rp2040_2,65,536,6,3,diagnostic_holdout,16,1,613314,647632,0,0,0,647755,34441
rp2040_2,65,536,6,3,diagnostic_holdout,17,0,647755,682064,690125,698072,698758,698761,51006
rp2040_2,65,537,7,3,diagnostic_holdout,1,2,57003,91525,99609,0,0,99737,42734
rp2040_2,65,537,7,3,diagnostic_holdout,2,0,99742,134129,142192,150140,150826,150831,51089
rp2040_2,65,538,8,3,diagnostic_holdout,1,0,56958,91476,99559,107510,108196,108202,51244
rp2040_2,65,539,9,3,diagnostic_holdout,1,1,57006,91526,0,0,0,91625,34619
rp2040_2,65,539,9,3,diagnostic_holdout,2,1,91629,125996,0,0,0,126065,34436
rp2040_2,65,539,9,3,diagnostic_holdout,3,2,126067,160391,168462,0,0,168525,42458
rp2040_2,65,539,9,3,diagnostic_holdout,4,0,168527,202867,210929,218876,219562,219565,51038
rp2040_2,65,540,0,4,diagnostic_calibration,1,2,56968,91492,99575,0,0,99602,42634
rp2040_2,65,540,0,4,diagnostic_calibration,2,1,99607,133985,0,0,0,134040,34433
rp2040_2,65,540,0,4,diagnostic_calibration,3,1,134042,168363,0,0,0,168420,34378
rp2040_2,65,540,0,4,diagnostic_calibration,4,0,168421,202736,210800,218748,219434,219437,51016
rp2040_2,65,541,1,4,diagnostic_calibration,1,0,56988,91523,99605,107556,108242,108249,51261
rp2040_2,65,542,2,4,diagnostic_calibration,1,2,56989,91512,99596,0,0,99705,42716
rp2040_2,65,542,2,4,diagnostic_calibration,2,1,99711,134103,0,0,0,134212,34501
rp2040_2,65,542,2,4,diagnostic_calibration,3,0,134216,168550,176615,184562,185248,185252,51036
rp2040_2,65,543,3,4,diagnostic_calibration,1,2,56981,91515,99599,0,0,99620,42639
rp2040_2,65,543,3,4,diagnostic_calibration,2,1,99624,133999,0,0,0,134042,34418
rp2040_2,65,543,3,4,diagnostic_calibration,3,0,134044,168366,176430,184379,185065,185068,51024
rp2040_2,65,544,4,4,diagnostic_calibration,1,1,56978,91499,0,0,0,91596,34618
rp2040_2,65,544,4,4,diagnostic_calibration,2,0,91602,125973,134048,141998,142685,142688,51086
rp2040_2,65,545,5,4,diagnostic_holdout,1,2,56978,91503,99586,0,0,99708,42730
rp2040_2,65,545,5,4,diagnostic_holdout,2,2,99713,134099,142166,0,0,142191,42478
rp2040_2,65,545,5,4,diagnostic_holdout,3,1,142192,176538,0,0,0,176576,34384
rp2040_2,65,545,5,4,diagnostic_holdout,4,2,176577,210896,218958,0,0,219026,42449
rp2040_2,65,545,5,4,diagnostic_holdout,5,1,219027,253351,0,0,0,253371,34344
rp2040_2,65,545,5,4,diagnostic_holdout,6,0,253371,287680,295741,303688,304374,304378,51007
rp2040_2,65,546,6,4,diagnostic_holdout,1,2,56972,91487,99570,0,0,99673,42701
rp2040_2,65,546,6,4,diagnostic_holdout,2,1,99678,134056,0,0,0,134094,34416
rp2040_2,65,546,6,4,diagnostic_holdout,3,1,134096,168412,0,0,0,168478,34382
rp2040_2,65,546,6,4,diagnostic_holdout,4,1,168480,202794,0,0,0,202818,34338
rp2040_2,65,546,6,4,diagnostic_holdout,5,2,202818,237128,245189,0,0,245316,42498
rp2040_2,65,546,6,4,diagnostic_holdout,6,0,245317,279647,287708,295654,296341,296344,51027
rp2040_2,65,547,7,4,diagnostic_holdout,1,1,56969,91491,0,0,0,91597,34628
rp2040_2,65,547,7,4,diagnostic_holdout,2,2,91603,125972,134047,0,0,134139,42536
rp2040_2,65,547,7,4,diagnostic_holdout,3,2,134141,168487,176552,0,0,176596,42455
rp2040_2,65,547,7,4,diagnostic_holdout,4,0,176597,210928,218989,226935,227621,227624,51027
rp2040_2,65,548,8,4,diagnostic_holdout,1,1,56967,91497,0,0,0,91616,34649
rp2040_2,65,548,8,4,diagnostic_holdout,2,2,91622,125981,134055,0,0,134124,42502
rp2040_2,65,548,8,4,diagnostic_holdout,3,1,134126,168478,0,0,0,168550,34424
rp2040_2,65,548,8,4,diagnostic_holdout,4,2,168550,202863,210927,0,0,210988,42438
rp2040_2,65,548,8,4,diagnostic_holdout,5,1,210989,245310,0,0,0,245368,34379
rp2040_2,65,548,8,4,diagnostic_holdout,6,2,245369,279675,287736,0,0,287822,42453
rp2040_2,65,548,8,4,diagnostic_holdout,7,2,287822,322147,330208,0,0,330254,42432
rp2040_2,65,548,8,4,diagnostic_holdout,8,2,330255,364574,372635,0,0,372757,42502
rp2040_2,65,548,8,4,diagnostic_holdout,9,2,372758,407081,415141,0,0,415239,42481
rp2040_2,65,548,8,4,diagnostic_holdout,10,1,415240,449572,0,0,0,449668,34428
rp2040_2,65,548,8,4,diagnostic_holdout,11,0,449669,483980,492041,499987,500673,500676,51007
rp2040_2,65,549,9,4,diagnostic_holdout,1,1,56991,91506,0,0,0,91580,34589
rp2040_2,65,549,9,4,diagnostic_holdout,2,1,91585,125951,0,0,0,126062,34477
rp2040_2,65,549,9,4,diagnostic_holdout,3,1,126065,160391,0,0,0,160450,34385
rp2040_2,65,549,9,4,diagnostic_holdout,4,1,160452,194771,0,0,0,194843,34391
rp2040_2,65,549,9,4,diagnostic_holdout,5,1,194843,229149,0,0,0,229218,34375
rp2040_2,65,549,9,4,diagnostic_holdout,6,0,229219,263529,271600,279550,280237,280239,51020
rp2040_2,65,550,0,0,diagnostic_calibration,1,1,56993,91531,0,0,0,91579,34586
rp2040_2,65,550,0,0,diagnostic_calibration,2,1,91584,125948,0,0,0,126055,34471
rp2040_2,65,550,0,0,diagnostic_calibration,3,2,126055,160366,168437,0,0,168531,42476
rp2040_2,65,550,0,0,diagnostic_calibration,4,0,168532,202878,210939,218886,219571,219574,51042
rp2040_2,65,551,1,0,diagnostic_calibration,1,2,56970,91504,99588,0,0,99719,42749
rp2040_2,65,551,1,0,diagnostic_calibration,2,0,99725,134104,142171,150117,150802,150805,51080
rp2040_2,65,552,2,0,diagnostic_calibration,1,2,56976,91512,99597,0,0,99617,42641
rp2040_2,65,552,2,0,diagnostic_calibration,2,1,99622,133994,0,0,0,134069,34447
rp2040_2,65,552,2,0,diagnostic_calibration,3,0,134070,168387,176451,184399,185086,185089,51019
rp2040_2,65,553,3,0,diagnostic_calibration,1,1,56975,91502,0,0,0,91587,34612
rp2040_2,65,553,3,0,diagnostic_calibration,2,2,91593,125954,134028,0,0,134055,42462
rp2040_2,65,553,3,0,diagnostic_calibration,3,2,134060,168408,176471,0,0,176479,42419
rp2040_2,65,553,3,0,diagnostic_calibration,4,2,176480,210809,218871,0,0,218878,42398
rp2040_2,65,553,3,0,diagnostic_calibration,5,1,218879,253206,0,0,0,253282,34403
rp2040_2,65,553,3,0,diagnostic_calibration,6,2,253283,287603,295664,0,0,295685,42402
rp2040_2,65,553,3,0,diagnostic_calibration,7,1,295686,330031,0,0,0,330070,34384
rp2040_2,65,553,3,0,diagnostic_calibration,8,1,330070,364384,0,0,0,364489,34419
rp2040_2,65,553,3,0,diagnostic_calibration,9,0,364490,398793,406854,414801,415486,415489,50999
rp2040_2,65,554,4,0,diagnostic_calibration,1,1,56970,91485,0,0,0,91613,34643
rp2040_2,65,554,4,0,diagnostic_calibration,2,1,91618,125979,0,0,0,125995,34377
rp2040_2,65,554,4,0,diagnostic_calibration,3,1,125996,160330,0,0,0,160433,34437
rp2040_2,65,554,4,0,diagnostic_calibration,4,2,160433,194745,202816,0,0,202933,42500
rp2040_2,65,554,4,0,diagnostic_calibration,5,1,202934,237271,0,0,0,237308,34374
rp2040_2,65,554,4,0,diagnostic_calibration,6,1,237308,271618,0,0,0,271712,34404
rp2040_2,65,554,4,0,diagnostic_calibration,7,2,271712,306025,314087,0,0,314129,42417
rp2040_2,65,554,4,0,diagnostic_calibration,8,0,314130,348462,356523,364469,365156,365158,51028
rp2040_2,65,555,5,0,diagnostic_holdout,1,0,56982,91503,99586,107537,108222,108229,51247
rp2040_2,65,556,6,0,diagnostic_holdout,1,1,56993,91512,0,0,0,91623,34630
rp2040_2,65,556,6,0,diagnostic_holdout,2,2,91629,125992,134065,0,0,134125,42496
rp2040_2,65,556,6,0,diagnostic_holdout,3,1,134126,168468,0,0,0,168485,34359
rp2040_2,65,556,6,0,diagnostic_holdout,4,0,168485,202796,210858,218804,219490,219493,51008
rp2040_2,65,557,7,0,diagnostic_holdout,1,1,56984,91506,0,0,0,91615,34631
rp2040_2,65,557,7,0,diagnostic_holdout,2,2,91620,125990,134063,0,0,134125,42505
rp2040_2,65,557,7,0,diagnostic_holdout,3,1,134127,168472,0,0,0,168561,34434
rp2040_2,65,557,7,0,diagnostic_holdout,4,1,168562,202869,0,0,0,202904,34342
rp2040_2,65,557,7,0,diagnostic_holdout,5,1,202905,237211,0,0,0,237330,34425
rp2040_2,65,557,7,0,diagnostic_holdout,6,0,237331,271639,279701,287648,288333,288336,51005
rp2040_2,65,558,8,0,diagnostic_holdout,1,2,56966,91496,99580,0,0,99596,42630
rp2040_2,65,558,8,0,diagnostic_holdout,2,2,99601,133978,142044,0,0,142146,42545
rp2040_2,65,558,8,0,diagnostic_holdout,3,2,142147,176489,184551,0,0,184605,42458
rp2040_2,65,558,8,0,diagnostic_holdout,4,1,184606,218937,0,0,0,219026,34420
rp2040_2,65,558,8,0,diagnostic_holdout,5,2,219026,253343,261404,0,0,261422,42396
rp2040_2,65,558,8,0,diagnostic_holdout,6,0,261422,295764,303825,311771,312456,312459,51037
rp2040_2,65,559,9,0,diagnostic_holdout,1,1,56971,91496,0,0,0,91548,34577
rp2040_2,65,559,9,0,diagnostic_holdout,2,2,91554,125913,133987,0,0,134112,42558
rp2040_2,65,559,9,0,diagnostic_holdout,3,2,134114,168469,176534,0,0,176582,42468
rp2040_2,65,559,9,0,diagnostic_holdout,4,0,176583,210907,218969,226915,227602,227605,51022
rp2040_2,65,560,0,1,diagnostic_calibration,1,0,56977,91505,99588,107539,108224,108231,51254
rp2040_2,65,561,1,1,diagnostic_calibration,1,2,56996,91518,99600,0,0,99656,42660
rp2040_2,65,561,1,1,diagnostic_calibration,2,2,99660,134029,142092,0,0,142126,42466
rp2040_2,65,561,1,1,diagnostic_calibration,3,1,142128,176475,0,0,0,176497,34369
rp2040_2,65,561,1,1,diagnostic_calibration,4,1,176497,210816,0,0,0,210847,34350
rp2040_2,65,561,1,1,diagnostic_calibration,5,2,210848,245153,253215,0,0,253265,42417
rp2040_2,65,561,1,1,diagnostic_calibration,6,2,253266,287595,295657,0,0,295667,42401
rp2040_2,65,561,1,1,diagnostic_calibration,7,2,295667,330002,338063,0,0,338091,42424
rp2040_2,65,561,1,1,diagnostic_calibration,8,2,338092,372415,380476,0,0,380567,42475
rp2040_2,65,561,1,1,diagnostic_calibration,9,2,380567,414903,422964,0,0,423039,42472
rp2040_2,65,561,1,1,diagnostic_calibration,10,2,423040,457369,465430,0,0,465528,42488
rp2040_2,65,561,1,1,diagnostic_calibration,11,2,465529,499871,507931,0,0,507944,42415
rp2040_2,65,561,1,1,diagnostic_calibration,12,1,507945,542279,0,0,0,542351,34406
rp2040_2,65,561,1,1,diagnostic_calibration,13,2,542352,576661,584722,0,0,584791,42439
rp2040_2,65,561,1,1,diagnostic_calibration,14,0,584792,619117,627178,635125,635812,635815,51023
rp2040_2,65,562,2,1,diagnostic_calibration,1,0,56983,91501,99584,107534,108221,108227,51244
rp2040_2,65,563,3,1,diagnostic_calibration,1,0,56967,91486,99569,107519,108205,108211,51244
rp2040_2,65,564,4,1,diagnostic_calibration,1,1,56984,91515,0,0,0,91607,34623
rp2040_2,65,564,4,1,diagnostic_calibration,2,1,91613,125970,0,0,0,126008,34395
rp2040_2,65,564,4,1,diagnostic_calibration,3,2,126008,160331,168403,0,0,168427,42419
rp2040_2,65,564,4,1,diagnostic_calibration,4,1,168428,202756,0,0,0,202776,34348
rp2040_2,65,564,4,1,diagnostic_calibration,5,1,202777,237090,0,0,0,237171,34394
rp2040_2,65,564,4,1,diagnostic_calibration,6,2,237172,271481,279542,0,0,279557,42385
rp2040_2,65,564,4,1,diagnostic_calibration,7,0,279558,313903,321964,329911,330597,330601,51043
rp2040_2,65,565,5,1,diagnostic_holdout,1,1,56986,91508,0,0,0,91575,34589
rp2040_2,65,565,5,1,diagnostic_holdout,2,1,91579,125939,0,0,0,125946,34367
rp2040_2,65,565,5,1,diagnostic_holdout,3,2,125947,160266,168337,0,0,168462,42515
rp2040_2,65,565,5,1,diagnostic_holdout,4,2,168463,202796,210859,0,0,210879,42416
rp2040_2,65,565,5,1,diagnostic_holdout,5,2,210879,245214,253276,0,0,253286,42407
rp2040_2,65,565,5,1,diagnostic_holdout,6,1,253287,287621,0,0,0,287671,34384
rp2040_2,65,565,5,1,diagnostic_holdout,7,2,287672,321983,330044,0,0,330079,42407
rp2040_2,65,565,5,1,diagnostic_holdout,8,1,330079,364406,0,0,0,364424,34345
rp2040_2,65,565,5,1,diagnostic_holdout,9,2,364425,398730,406792,0,0,406903,42478
rp2040_2,65,565,5,1,diagnostic_holdout,10,1,406903,441239,0,0,0,441256,34353
rp2040_2,65,565,5,1,diagnostic_holdout,11,1,441257,475562,0,0,0,475602,34345
rp2040_2,65,565,5,1,diagnostic_holdout,12,2,475602,509925,517986,0,0,518106,42504
rp2040_2,65,565,5,1,diagnostic_holdout,13,0,518107,552448,560509,568456,569143,569146,51039
rp2040_2,65,566,6,1,diagnostic_holdout,1,1,56962,91478,0,0,0,91553,34591
rp2040_2,65,566,6,1,diagnostic_holdout,2,2,91557,125927,133999,0,0,134046,42489
rp2040_2,65,566,6,1,diagnostic_holdout,3,2,134049,168405,176466,0,0,176475,42426
rp2040_2,65,566,6,1,diagnostic_holdout,4,1,176476,210808,0,0,0,210855,34379
rp2040_2,65,566,6,1,diagnostic_holdout,5,0,210856,245171,253232,261179,261865,261868,51012
rp2040_2,65,567,7,1,diagnostic_holdout,1,1,56990,91527,0,0,0,91620,34630
rp2040_2,65,567,7,1,diagnostic_holdout,2,2,91625,125984,134058,0,0,134073,42448
rp2040_2,65,567,7,1,diagnostic_holdout,3,1,134075,168432,0,0,0,168550,34475
rp2040_2,65,567,7,1,diagnostic_holdout,4,2,168551,202867,210931,0,0,211043,42492
rp2040_2,65,567,7,1,diagnostic_holdout,5,2,211044,245369,253431,0,0,253449,42405
rp2040_2,65,567,7,1,diagnostic_holdout,6,2,253450,287784,295845,0,0,295854,42404
rp2040_2,65,567,7,1,diagnostic_holdout,7,1,295854,330185,0,0,0,330264,34410
rp2040_2,65,567,7,1,diagnostic_holdout,8,2,330265,364573,372634,0,0,372703,42438
rp2040_2,65,567,7,1,diagnostic_holdout,9,0,372704,407024,415085,423031,423718,423720,51016
rp2040_2,65,568,8,1,diagnostic_holdout,1,2,56973,91508,99591,0,0,99644,42671
rp2040_2,65,568,8,1,diagnostic_holdout,2,0,99648,134033,142097,150043,150729,150733,51085
rp2040_2,65,569,9,1,diagnostic_holdout,1,2,56990,91524,99607,0,0,99695,42705
rp2040_2,65,569,9,1,diagnostic_holdout,2,1,99701,134102,0,0,0,134122,34421
rp2040_2,65,569,9,1,diagnostic_holdout,3,2,134123,168446,176509,0,0,176637,42514
rp2040_2,65,569,9,1,diagnostic_holdout,4,2,176638,210983,219044,0,0,219060,42422
rp2040_2,65,569,9,1,diagnostic_holdout,5,0,219061,253392,261453,269399,270085,270088,51027
rp2040_2,65,570,0,2,diagnostic_calibration,1,2,57007,91529,99613,0,0,99631,42624
rp2040_2,65,570,0,2,diagnostic_calibration,2,2,99636,134036,142101,0,0,142179,42543
rp2040_2,65,570,0,2,diagnostic_calibration,3,2,142180,176521,184583,0,0,184714,42534
rp2040_2,65,570,0,2,diagnostic_calibration,4,2,184715,219044,227105,0,0,227136,42421
rp2040_2,65,570,0,2,diagnostic_calibration,5,2,227137,261465,269525,0,0,269571,42434
rp2040_2,65,570,0,2,diagnostic_calibration,6,0,269571,303897,311958,319904,320591,320594,51023
rp2040_2,65,571,1,2,diagnostic_calibration,1,2,56995,91515,99598,0,0,99632,42637
rp2040_2,65,571,1,2,diagnostic_calibration,2,0,99637,134027,142093,150040,150726,150730,51093
rp2040_2,65,572,2,2,diagnostic_calibration,1,0,56990,91516,99599,107549,108236,108242,51252
rp2040_2,65,573,3,2,diagnostic_calibration,1,0,56992,91505,99589,107540,108227,108232,51240
rp2040_2,65,574,4,2,diagnostic_calibration,1,2,56966,91485,99568,0,0,99668,42702
rp2040_2,65,574,4,2,diagnostic_calibration,2,1,99673,134054,0,0,0,134182,34509
rp2040_2,65,574,4,2,diagnostic_calibration,3,0,134186,168509,176572,184518,185204,185207,51021
rp2040_2,65,575,5,2,diagnostic_holdout,1,0,56978,91499,99583,107533,108220,108227,51249
rp2040_2,65,576,6,2,diagnostic_holdout,1,2,56981,91504,99587,0,0,99680,42699
rp2040_2,65,576,6,2,diagnostic_holdout,2,2,99685,134062,142127,0,0,142197,42512
rp2040_2,65,576,6,2,diagnostic_holdout,3,1,142200,176537,0,0,0,176637,34437
rp2040_2,65,576,6,2,diagnostic_holdout,4,2,176639,210948,219010,0,0,219074,42435
rp2040_2,65,576,6,2,diagnostic_holdout,5,2,219075,253403,261464,0,0,261504,42429
rp2040_2,65,576,6,2,diagnostic_holdout,6,2,261505,295828,303889,0,0,303933,42428
rp2040_2,65,576,6,2,diagnostic_holdout,7,1,303934,338268,0,0,0,338315,34381
rp2040_2,65,576,6,2,diagnostic_holdout,8,2,338316,372631,380692,0,0,380772,42456
rp2040_2,65,576,6,2,diagnostic_holdout,9,2,380773,415109,423170,0,0,423213,42440
rp2040_2,65,576,6,2,diagnostic_holdout,10,0,423213,457530,465591,473537,474224,474226,51013
rp2040_2,65,577,7,2,diagnostic_holdout,1,1,56973,91494,0,0,0,91577,34604
rp2040_2,65,577,7,2,diagnostic_holdout,2,1,91584,125941,0,0,0,126046,34462
rp2040_2,65,577,7,2,diagnostic_holdout,3,1,126047,160367,0,0,0,160425,34378
rp2040_2,65,577,7,2,diagnostic_holdout,4,2,160425,194739,202810,0,0,202823,42398
rp2040_2,65,577,7,2,diagnostic_holdout,5,2,202824,237172,245234,0,0,245357,42533
rp2040_2,65,577,7,2,diagnostic_holdout,6,1,245358,279691,0,0,0,279705,34347
rp2040_2,65,577,7,2,diagnostic_holdout,7,1,279706,314017,0,0,0,314078,34372
rp2040_2,65,577,7,2,diagnostic_holdout,8,2,314078,348387,356449,0,0,356536,42458
rp2040_2,65,577,7,2,diagnostic_holdout,9,1,356537,390871,0,0,0,390897,34360
rp2040_2,65,577,7,2,diagnostic_holdout,10,1,390898,425207,0,0,0,425325,34427
rp2040_2,65,577,7,2,diagnostic_holdout,11,2,425326,459629,467691,0,0,467747,42421
rp2040_2,65,577,7,2,diagnostic_holdout,12,0,467748,502073,510134,518081,518766,518769,51021
rp2040_2,65,578,8,2,diagnostic_holdout,1,1,56971,91496,0,0,0,91629,34658
rp2040_2,65,578,8,2,diagnostic_holdout,2,1,91635,126006,0,0,0,126044,34409
rp2040_2,65,578,8,2,diagnostic_holdout,3,1,126046,160372,0,0,0,160405,34359
rp2040_2,65,578,8,2,diagnostic_holdout,4,2,160407,194726,202797,0,0,202859,42452
rp2040_2,65,578,8,2,diagnostic_holdout,5,2,202860,237192,245254,0,0,245324,42464
rp2040_2,65,578,8,2,diagnostic_holdout,6,2,245325,279657,287718,0,0,287749,42424
rp2040_2,65,578,8,2,diagnostic_holdout,7,0,287750,322082,330143,338089,338774,338777,51027
rp2040_2,65,579,9,2,diagnostic_holdout,1,1,56954,91487,0,0,0,91528,34574
rp2040_2,65,579,9,2,diagnostic_holdout,2,2,91534,125891,133966,0,0,134035,42501
rp2040_2,65,579,9,2,diagnostic_holdout,3,0,134037,168381,176443,184390,185076,185080,51043
rp2040_2,65,580,0,3,diagnostic_calibration,1,2,56984,91498,99583,0,0,99632,42648
rp2040_2,65,580,0,3,diagnostic_calibration,2,1,99636,134031,0,0,0,134059,34423
rp2040_2,65,580,0,3,diagnostic_calibration,3,1,134060,168386,0,0,0,168441,34381
rp2040_2,65,580,0,3,diagnostic_calibration,4,1,168442,202765,0,0,0,202874,34432
rp2040_2,65,580,0,3,diagnostic_calibration,5,1,202875,237184,0,0,0,237192,34317
rp2040_2,65,580,0,3,diagnostic_calibration,6,1,237193,271509,0,0,0,271512,34319
rp2040_2,65,580,0,3,diagnostic_calibration,7,1,271512,305822,0,0,0,305869,34357
rp2040_2,65,580,0,3,diagnostic_calibration,8,1,305869,340177,0,0,0,340216,34347
rp2040_2,65,580,0,3,diagnostic_calibration,9,0,340217,374535,382598,390544,391231,391233,51016
rp2040_2,65,581,1,3,diagnostic_calibration,1,1,56974,91493,0,0,0,91593,34619
rp2040_2,65,581,1,3,diagnostic_calibration,2,1,91598,125958,0,0,0,126028,34430
rp2040_2,65,581,1,3,diagnostic_calibration,3,2,126029,160350,168421,0,0,168538,42509
rp2040_2,65,581,1,3,diagnostic_calibration,4,1,168540,202878,0,0,0,203001,34461
rp2040_2,65,581,1,3,diagnostic_calibration,5,0,203003,237318,245380,253327,254012,254015,51012
rp2040_2,65,582,2,3,diagnostic_calibration,1,1,56979,91507,0,0,0,91627,34648
rp2040_2,65,582,2,3,diagnostic_calibration,2,1,91632,125986,0,0,0,126057,34425
rp2040_2,65,582,2,3,diagnostic_calibration,3,2,126059,160385,168456,0,0,168470,42411
rp2040_2,65,582,2,3,diagnostic_calibration,4,2,168471,202809,210872,0,0,210888,42417
rp2040_2,65,582,2,3,diagnostic_calibration,5,2,210888,245230,253292,0,0,253328,42440
rp2040_2,65,582,2,3,diagnostic_calibration,6,1,253329,287660,0,0,0,287731,34402
rp2040_2,65,582,2,3,diagnostic_calibration,7,2,287731,322040,330101,0,0,330123,42392
rp2040_2,65,582,2,3,diagnostic_calibration,8,2,330123,364451,372512,0,0,372623,42500
rp2040_2,65,582,2,3,diagnostic_calibration,9,2,372624,406949,415010,0,0,415075,42451
rp2040_2,65,582,2,3,diagnostic_calibration,10,0,415076,449399,457460,465406,466093,466096,51020
rp2040_2,65,583,3,3,diagnostic_calibration,1,2,56979,91506,99589,0,0,99616,42637
rp2040_2,65,583,3,3,diagnostic_calibration,2,2,99621,133991,142055,0,0,142091,42470
rp2040_2,65,583,3,3,diagnostic_calibration,3,2,142093,176427,184488,0,0,184537,42444
rp2040_2,65,583,3,3,diagnostic_calibration,4,1,184538,218870,0,0,0,218894,34356
rp2040_2,65,583,3,3,diagnostic_calibration,5,2,218895,253204,261265,0,0,261289,42394
rp2040_2,65,583,3,3,diagnostic_calibration,6,2,261289,295619,303680,0,0,303746,42457
rp2040_2,65,583,3,3,diagnostic_calibration,7,1,303747,338076,0,0,0,338144,34397
rp2040_2,65,583,3,3,diagnostic_calibration,8,1,338145,372453,0,0,0,372467,34322
rp2040_2,65,583,3,3,diagnostic_calibration,9,0,372468,406784,414845,422791,423477,423479,51011
rp2040_2,65,584,4,3,diagnostic_calibration,1,2,56958,91486,99569,0,0,99586,42628
rp2040_2,65,584,4,3,diagnostic_calibration,2,2,99591,133981,142045,0,0,142130,42539
rp2040_2,65,584,4,3,diagnostic_calibration,3,0,142132,176462,184523,192469,193155,193158,51026
rp2040_2,65,585,5,3,diagnostic_holdout,1,1,56999,91529,0,0,0,91577,34578
rp2040_2,65,585,5,3,diagnostic_holdout,2,2,91582,125944,134017,0,0,134099,42517
rp2040_2,65,585,5,3,diagnostic_holdout,3,1,134101,168442,0,0,0,168558,34457
rp2040_2,65,585,5,3,diagnostic_holdout,4,2,168560,202874,210936,0,0,210990,42430
rp2040_2,65,585,5,3,diagnostic_holdout,5,2,210991,245329,253391,0,0,253399,42408
rp2040_2,65,585,5,3,diagnostic_holdout,6,1,253399,287730,0,0,0,287785,34386
rp2040_2,65,585,5,3,diagnostic_holdout,7,1,287786,322093,0,0,0,322152,34366
rp2040_2,65,585,5,3,diagnostic_holdout,8,2,322153,356470,364532,0,0,364599,42446
rp2040_2,65,585,5,3,diagnostic_holdout,9,0,364600,398925,406986,414933,415620,415623,51023
rp2040_2,65,586,6,3,diagnostic_holdout,1,0,56985,91502,99585,107536,108221,108227,51242
rp2040_2,65,587,7,3,diagnostic_holdout,1,2,56989,91513,99597,0,0,99653,42664
rp2040_2,65,587,7,3,diagnostic_holdout,2,1,99658,134039,0,0,0,134135,34477
rp2040_2,65,587,7,3,diagnostic_holdout,3,2,134137,168460,176523,0,0,176656,42519
rp2040_2,65,587,7,3,diagnostic_holdout,4,2,176656,210986,219048,0,0,219055,42399
rp2040_2,65,587,7,3,diagnostic_holdout,5,1,219055,253389,0,0,0,253452,34397
rp2040_2,65,587,7,3,diagnostic_holdout,6,1,253452,287762,0,0,0,287829,34377
rp2040_2,65,587,7,3,diagnostic_holdout,7,0,287830,322144,330205,338151,338837,338840,51010
rp2040_2,65,588,8,3,diagnostic_holdout,1,2,56959,91486,99569,0,0,99635,42676
rp2040_2,65,588,8,3,diagnostic_holdout,2,2,99641,134034,142098,0,0,142252,42611
rp2040_2,65,588,8,3,diagnostic_holdout,3,2,142254,176603,184665,0,0,184683,42429
rp2040_2,65,588,8,3,diagnostic_holdout,4,1,184684,219014,0,0,0,219091,34407
rp2040_2,65,588,8,3,diagnostic_holdout,5,0,219091,253401,261462,269408,270094,270097,51006
rp2040_2,65,589,9,3,diagnostic_holdout,1,2,56982,91514,99597,0,0,99618,42636
rp2040_2,65,589,9,3,diagnostic_holdout,2,1,99625,134017,0,0,0,134091,34466
rp2040_2,65,589,9,3,diagnostic_holdout,3,2,134094,168421,176484,0,0,176540,42446
rp2040_2,65,589,9,3,diagnostic_holdout,4,2,176542,210886,218947,0,0,219091,42549
rp2040_2,65,589,9,3,diagnostic_holdout,5,1,219092,253421,0,0,0,253465,34373
rp2040_2,65,589,9,3,diagnostic_holdout,6,1,253466,287774,0,0,0,287895,34429
rp2040_2,65,589,9,3,diagnostic_holdout,7,2,287896,322203,330264,0,0,330321,42425
rp2040_2,65,589,9,3,diagnostic_holdout,8,1,330322,364656,0,0,0,364677,34355
rp2040_2,65,589,9,3,diagnostic_holdout,9,0,364677,398992,407053,414999,415685,415688,51011
rp2040_2,65,590,0,4,diagnostic_calibration,1,1,56975,91492,0,0,0,91555,34580
rp2040_2,65,590,0,4,diagnostic_calibration,2,0,91560,125913,133985,141936,142621,142624,51064
rp2040_2,65,591,1,4,diagnostic_calibration,1,2,56959,91479,99562,0,0,99703,42744
rp2040_2,65,591,1,4,diagnostic_calibration,2,0,99709,134087,142153,150100,150785,150788,51079
rp2040_2,65,592,2,4,diagnostic_calibration,1,2,56963,91491,99574,0,0,99598,42635
rp2040_2,65,592,2,4,diagnostic_calibration,2,1,99603,133982,0,0,0,134062,34459
rp2040_2,65,592,2,4,diagnostic_calibration,3,1,134063,168398,0,0,0,168445,34382
rp2040_2,65,592,2,4,diagnostic_calibration,4,2,168446,202754,210817,0,0,210886,42440
rp2040_2,65,592,2,4,diagnostic_calibration,5,2,210887,245224,253286,0,0,253366,42479
rp2040_2,65,592,2,4,diagnostic_calibration,6,1,253366,287701,0,0,0,287739,34373
rp2040_2,65,592,2,4,diagnostic_calibration,7,0,287739,322045,330106,338052,338738,338741,51002
rp2040_2,65,593,3,4,diagnostic_calibration,1,2,56966,91486,99570,0,0,99664,42698
rp2040_2,65,593,3,4,diagnostic_calibration,2,2,99669,134056,142123,0,0,142210,42541
rp2040_2,65,593,3,4,diagnostic_calibration,3,0,142211,176551,184613,192559,193246,193249,51038
rp2040_2,65,594,4,4,diagnostic_calibration,1,2,56959,91478,99561,0,0,99683,42724
rp2040_2,65,594,4,4,diagnostic_calibration,2,1,99688,134071,0,0,0,134084,34396
rp2040_2,65,594,4,4,diagnostic_calibration,3,1,134087,168408,0,0,0,168444,34357
rp2040_2,65,594,4,4,diagnostic_calibration,4,1,168445,202759,0,0,0,202878,34433
rp2040_2,65,594,4,4,diagnostic_calibration,5,1,202879,237189,0,0,0,237226,34347
rp2040_2,65,594,4,4,diagnostic_calibration,6,1,237226,271536,0,0,0,271578,34352
rp2040_2,65,594,4,4,diagnostic_calibration,7,1,271578,305887,0,0,0,305965,34387
rp2040_2,65,594,4,4,diagnostic_calibration,8,1,305965,340277,0,0,0,340296,34331
rp2040_2,65,594,4,4,diagnostic_calibration,9,0,340297,374602,382664,390611,391297,391300,51003
rp2040_2,65,595,5,4,diagnostic_holdout,1,0,56996,91517,99601,107552,108237,108244,51248
rp2040_2,65,596,6,4,diagnostic_holdout,1,0,56985,91515,99599,107550,108237,108243,51258
rp2040_2,65,597,7,4,diagnostic_holdout,1,1,56977,91501,0,0,0,91561,34584
rp2040_2,65,597,7,4,diagnostic_holdout,2,0,91567,125930,134005,141956,142642,142648,51081
rp2040_2,65,598,8,4,diagnostic_holdout,1,1,56955,91489,0,0,0,91608,34653
rp2040_2,65,598,8,4,diagnostic_holdout,2,0,91613,125976,134050,142001,142687,142691,51078
rp2040_2,65,599,9,4,diagnostic_holdout,1,2,56975,91502,99585,0,0,99639,42664
rp2040_2,65,599,9,4,diagnostic_holdout,2,2,99644,134036,142100,0,0,142244,42600
rp2040_2,65,599,9,4,diagnostic_holdout,3,1,142246,176586,0,0,0,176617,34371
rp2040_2,65,599,9,4,diagnostic_holdout,4,1,176618,210934,0,0,0,211023,34405
rp2040_2,65,599,9,4,diagnostic_holdout,5,1,211024,245342,0,0,0,245434,34410
rp2040_2,65,599,9,4,diagnostic_holdout,6,0,245435,279748,287809,295757,296444,296446,51011
rp2040_2,65,600,0,0,diagnostic_calibration,1,1,56975,91494,0,0,0,91632,34657
rp2040_2,65,600,0,0,diagnostic_calibration,2,1,91637,126003,0,0,0,126043,34406
rp2040_2,65,600,0,0,diagnostic_calibration,3,2,126046,160374,168446,0,0,168504,42458
rp2040_2,65,600,0,0,diagnostic_calibration,4,2,168505,202847,210910,0,0,211027,42522
rp2040_2,65,600,0,0,diagnostic_calibration,5,1,211028,245364,0,0,0,245416,34388
rp2040_2,65,600,0,0,diagnostic_calibration,6,2,245417,279725,287787,0,0,287809,42392
rp2040_2,65,600,0,0,diagnostic_calibration,7,1,287810,322146,0,0,0,322217,34407
rp2040_2,65,600,0,0,diagnostic_calibration,8,1,322218,356531,0,0,0,356552,34334
rp2040_2,65,600,0,0,diagnostic_calibration,9,2,356552,390868,398929,0,0,399036,42484
rp2040_2,65,600,0,0,diagnostic_calibration,10,2,399037,433359,441420,0,0,441502,42465
rp2040_2,65,600,0,0,diagnostic_calibration,11,1,441502,475833,0,0,0,475902,34400
rp2040_2,65,600,0,0,diagnostic_calibration,12,0,475903,510210,518271,526217,526902,526905,51002
rp2040_2,65,601,1,0,diagnostic_calibration,1,2,57001,91517,99601,0,0,99637,42636
rp2040_2,65,601,1,0,diagnostic_calibration,2,0,99643,134020,142083,150031,150717,150720,51077
rp2040_2,65,602,2,0,diagnostic_calibration,1,1,56979,91487,0,0,0,91527,34548
rp2040_2,65,602,2,0,diagnostic_calibration,2,1,91531,125895,0,0,0,125938,34407
rp2040_2,65,602,2,0,diagnostic_calibration,3,1,125940,160269,0,0,0,160375,34435
rp2040_2,65,602,2,0,diagnostic_calibration,4,1,160377,194694,0,0,0,194709,34332
rp2040_2,65,602,2,0,diagnostic_calibration,5,1,194710,229026,0,0,0,229133,34423
rp2040_2,65,602,2,0,diagnostic_calibration,6,2,229134,263446,271516,0,0,271637,42503
rp2040_2,65,602,2,0,diagnostic_calibration,7,0,271638,305980,314046,321993,322680,322682,51044
rp2040_2,65,603,3,0,diagnostic_calibration,1,0,56975,91498,99580,107531,108218,108224,51249
rp2040_2,65,604,4,0,diagnostic_calibration,1,2,56949,91476,99561,0,0,99680,42731
rp2040_2,65,604,4,0,diagnostic_calibration,2,2,99686,134081,142148,0,0,142254,42568
rp2040_2,65,604,4,0,diagnostic_calibration,3,0,142257,176604,184666,192612,193298,193301,51044
rp2040_2,65,605,5,0,diagnostic_holdout,1,2,56964,91480,99564,0,0,99716,42752
rp2040_2,65,605,5,0,diagnostic_holdout,2,1,99721,134098,0,0,0,134180,34459
rp2040_2,65,605,5,0,diagnostic_holdout,3,1,134182,168501,0,0,0,168538,34356
rp2040_2,65,605,5,0,diagnostic_holdout,4,1,168539,202857,0,0,0,202890,34351
rp2040_2,65,605,5,0,diagnostic_holdout,5,2,202891,237200,245263,0,0,245309,42418
rp2040_2,65,605,5,0,diagnostic_holdout,6,1,245310,279632,0,0,0,279727,34417
rp2040_2,65,605,5,0,diagnostic_holdout,7,0,279728,314045,322106,330052,330739,330742,51014
rp2040_2,65,606,6,0,diagnostic_holdout,1,1,56983,91509,0,0,0,91592,34609
rp2040_2,65,606,6,0,diagnostic_holdout,2,1,91597,125949,0,0,0,126022,34425
rp2040_2,65,606,6,0,diagnostic_holdout,3,2,126025,160344,168416,0,0,168446,42421
rp2040_2,65,606,6,0,diagnostic_holdout,4,2,168448,202788,210851,0,0,210939,42491
rp2040_2,65,606,6,0,diagnostic_holdout,5,2,210939,245282,253344,0,0,253351,42412
rp2040_2,65,606,6,0,diagnostic_holdout,6,1,253352,287682,0,0,0,287798,34446
rp2040_2,65,606,6,0,diagnostic_holdout,7,2,287799,322120,330181,0,0,330293,42494
rp2040_2,65,606,6,0,diagnostic_holdout,8,0,330293,364616,372677,380624,381310,381313,51020
rp2040_2,65,607,7,0,diagnostic_holdout,1,2,56999,91533,99616,0,0,99751,42752
rp2040_2,65,607,7,0,diagnostic_holdout,2,2,99756,134140,142206,0,0,142228,42472
rp2040_2,65,607,7,0,diagnostic_holdout,3,2,142229,176575,184638,0,0,184674,42445
rp2040_2,65,607,7,0,diagnostic_holdout,4,2,184674,219009,227070,0,0,227087,42413
rp2040_2,65,607,7,0,diagnostic_holdout,5,1,227088,261421,0,0,0,261429,34341
rp2040_2,65,607,7,0,diagnostic_holdout,6,1,261430,295733,0,0,0,295800,34370
rp2040_2,65,607,7,0,diagnostic_holdout,7,2,295801,330115,338176,0,0,338256,42455
rp2040_2,65,607,7,0,diagnostic_holdout,8,0,338257,372605,380666,388613,389299,389302,51045
rp2040_2,65,608,8,0,diagnostic_holdout,1,1,56964,91484,0,0,0,91615,34651
rp2040_2,65,608,8,0,diagnostic_holdout,2,1,91620,125992,0,0,0,126100,34480
rp2040_2,65,608,8,0,diagnostic_holdout,3,0,126103,160427,168498,176449,177135,177139,51036
rp2040_2,65,609,9,0,diagnostic_holdout,1,2,56979,91514,99597,0,0,99610,42631
rp2040_2,65,609,9,0,diagnostic_holdout,2,2,99615,133991,142056,0,0,142186,42571
rp2040_2,65,609,9,0,diagnostic_holdout,3,1,142187,176532,0,0,0,176652,34465
rp2040_2,65,609,9,0,diagnostic_holdout,4,0,176653,210970,219032,226978,227664,227666,51013
rp2040_2,65,610,0,1,diagnostic_calibration,1,0,56964,91478,99562,107513,108199,108205,51241
rp2040_2,65,611,1,1,diagnostic_calibration,1,2,56959,91483,99566,0,0,99699,42740
rp2040_2,65,611,1,1,diagnostic_calibration,2,2,99703,134088,142155,0,0,142289,42586
rp2040_2,65,611,1,1,diagnostic_calibration,3,1,142291,176617,0,0,0,176742,34451
rp2040_2,65,611,1,1,diagnostic_calibration,4,0,176743,211053,219114,227060,227746,227749,51006
rp2040_2,65,612,2,1,diagnostic_calibration,1,1,56992,91508,0,0,0,91570,34578
rp2040_2,65,612,2,1,diagnostic_calibration,2,2,91574,125939,134010,0,0,134153,42579
rp2040_2,65,612,2,1,diagnostic_calibration,3,2,134154,168504,176565,0,0,176572,42418
rp2040_2,65,612,2,1,diagnostic_calibration,4,1,176573,210902,0,0,0,210940,34367
rp2040_2,65,612,2,1,diagnostic_calibration,5,1,210941,245242,0,0,0,245264,34323
rp2040_2,65,612,2,1,diagnostic_calibration,6,2,245264,279569,287630,0,0,287712,42448
rp2040_2,65,612,2,1,diagnostic_calibration,7,0,287712,322046,330107,338053,338739,338742,51030
rp2040_2,65,613,3,1,diagnostic_calibration,1,2,56987,91524,99607,0,0,99651,42664
rp2040_2,65,613,3,1,diagnostic_calibration,2,1,99657,134041,0,0,0,134133,34476
rp2040_2,65,613,3,1,diagnostic_calibration,3,2,134134,168459,176522,0,0,176651,42517
rp2040_2,65,613,3,1,diagnostic_calibration,4,2,176652,210987,219049,0,0,219165,42513
rp2040_2,65,613,3,1,diagnostic_calibration,5,2,219165,253493,261554,0,0,261584,42419
rp2040_2,65,613,3,1,diagnostic_calibration,6,1,261585,295910,0,0,0,296023,34438
rp2040_2,65,613,3,1,diagnostic_calibration,7,2,296023,330325,338386,0,0,338511,42488
rp2040_2,65,613,3,1,diagnostic_calibration,8,1,338512,372853,0,0,0,372913,34401
rp2040_2,65,613,3,1,diagnostic_calibration,9,1,372914,407224,0,0,0,407296,34382
rp2040_2,65,613,3,1,diagnostic_calibration,10,0,407297,441606,449667,457614,458299,458302,51005
rp2040_2,65,614,4,1,diagnostic_calibration,1,2,56985,91508,99591,0,0,99694,42709
rp2040_2,65,614,4,1,diagnostic_calibration,2,1,99699,134087,0,0,0,134167,34468
rp2040_2,65,614,4,1,diagnostic_calibration,3,1,134168,168491,0,0,0,168567,34399
rp2040_2,65,614,4,1,diagnostic_calibration,4,1,168568,202882,0,0,0,202896,34328
rp2040_2,65,614,4,1,diagnostic_calibration,5,1,202896,237202,0,0,0,237237,34341
rp2040_2,65,614,4,1,diagnostic_calibration,6,1,237237,271549,0,0,0,271587,34350
rp2040_2,65,614,4,1,diagnostic_calibration,7,2,271588,305901,313965,0,0,314101,42513
rp2040_2,65,614,4,1,diagnostic_calibration,8,2,314102,348431,356492,0,0,356635,42533
rp2040_2,65,614,4,1,diagnostic_calibration,9,1,356636,390962,0,0,0,391078,34442
rp2040_2,65,614,4,1,diagnostic_calibration,10,0,391079,425392,433453,441400,442085,442088,51009
rp2040_2,65,615,5,1,diagnostic_holdout,1,0,56982,91502,99585,107536,108222,108228,51246
rp2040_2,65,616,6,1,diagnostic_holdout,1,2,56984,91518,99600,0,0,99664,42680
rp2040_2,65,616,6,1,diagnostic_holdout,2,1,99670,134053,0,0,0,134141,34471
rp2040_2,65,616,6,1,diagnostic_holdout,3,1,134142,168456,0,0,0,168497,34355
rp2040_2,65,616,6,1,diagnostic_holdout,4,1,168498,202814,0,0,0,202938,34440
rp2040_2,65,616,6,1,diagnostic_holdout,5,2,202939,237253,245316,0,0,245333,42394
rp2040_2,65,616,6,1,diagnostic_holdout,6,2,245334,279670,287731,0,0,287737,42403
rp2040_2,65,616,6,1,diagnostic_holdout,7,2,287737,322070,330131,0,0,330160,42423
rp2040_2,65,616,6,1,diagnostic_holdout,8,1,330161,364496,0,0,0,364592,34431
rp2040_2,65,616,6,1,diagnostic_holdout,9,2,364593,398908,406969,0,0,407109,42516
rp2040_2,65,616,6,1,diagnostic_holdout,10,1,407110,441442,0,0,0,441556,34446
rp2040_2,65,616,6,1,diagnostic_holdout,11,0,441556,475864,483925,491871,492558,492562,51006
rp2040_2,65,617,7,1,diagnostic_holdout,1,1,56980,91505,0,0,0,91528,34548
rp2040_2,65,617,7,1,diagnostic_holdout,2,0,91532,125902,133975,141925,142611,142614,51082
rp2040_2,65,618,8,1,diagnostic_holdout,1,1,56968,91482,0,0,0,91522,34554
rp2040_2,65,618,8,1,diagnostic_holdout,2,1,91526,125878,0,0,0,125888,34362
rp2040_2,65,618,8,1,diagnostic_holdout,3,1,125889,160213,0,0,0,160312,34423
rp2040_2,65,618,8,1,diagnostic_holdout,4,0,160313,194624,202695,210646,211331,211334,51021
rp2040_2,65,619,9,1,diagnostic_holdout,1,0,56998,91529,99613,107564,108250,108256,51258
rp2040_2,65,620,0,2,diagnostic_calibration,1,2,56994,91512,99598,0,0,99689,42695
rp2040_2,65,620,0,2,diagnostic_calibration,2,1,99694,134077,0,0,0,134183,34489
rp2040_2,65,620,0,2,diagnostic_calibration,3,0,134185,168509,176574,184521,185207,185210,51025
rp2040_2,65,621,1,2,diagnostic_calibration,1,1,57005,91534,0,0,0,91581,34576
rp2040_2,65,621,1,2,diagnostic_calibration,2,2,91587,125954,134028,0,0,134071,42484
rp2040_2,65,621,1,2,diagnostic_calibration,3,1,134074,168421,0,0,0,168466,34392
rp2040_2,65,621,1,2,diagnostic_calibration,4,2,168468,202785,210846,0,0,210910,42442
rp2040_2,65,621,1,2,diagnostic_calibration,5,2,210912,245243,253304,0,0,253391,42479
rp2040_2,65,621,1,2,diagnostic_calibration,6,0,253391,287729,295790,303736,304422,304425,51034
rp2040_2,65,622,2,2,diagnostic_calibration,1,2,56991,91527,99610,0,0,99632,42641
rp2040_2,65,622,2,2,diagnostic_calibration,2,2,99638,134018,142083,0,0,142137,42499
rp2040_2,65,622,2,2,diagnostic_calibration,3,0,142140,176476,184539,192485,193172,193175,51035
rp2040_2,65,623,3,2,diagnostic_calibration,1,0,56994,91533,99617,107567,108253,108259,51265
rp2040_2,65,624,4,2,diagnostic_calibration,1,1,56974,91491,0,0,0,91547,34573
rp2040_2,65,624,4,2,diagnostic_calibration,2,0,91552,125918,133993,141944,142631,142635,51083
rp2040_2,65,625,5,2,diagnostic_holdout,1,2,56995,91510,99595,0,0,99735,42740
rp2040_2,65,625,5,2,diagnostic_holdout,2,2,99741,134117,142183,0,0,142220,42479
rp2040_2,65,625,5,2,diagnostic_holdout,3,2,142223,176567,184630,0,0,184723,42500
rp2040_2,65,625,5,2,diagnostic_holdout,4,0,184724,219058,227118,235065,235752,235755,51031
rp2040_2,65,626,6,2,diagnostic_holdout,1,2,56988,91514,99597,0,0,99632,42644
rp2040_2,65,626,6,2,diagnostic_holdout,2,1,99637,134019,0,0,0,134057,34420
rp2040_2,65,626,6,2,diagnostic_holdout,3,2,134060,168384,176447,0,0,176462,42402
rp2040_2,65,626,6,2,diagnostic_holdout,4,0,176463,210796,218858,226805,227491,227495,51032
rp2040_2,65,627,7,2,diagnostic_holdout,1,0,56990,91511,99595,107545,108231,108237,51247
rp2040_2,65,628,8,2,diagnostic_holdout,1,0,56961,91495,99578,107529,108215,108221,51260
rp2040_2,65,629,9,2,diagnostic_holdout,1,0,57007,91533,99617,107568,108254,108261,51254
rp2040_2,65,630,0,3,diagnostic_calibration,1,0,56957,91479,99562,107513,108199,108206,51249
rp2040_2,65,631,1,3,diagnostic_calibration,1,2,56983,91522,99606,0,0,99693,42710
rp2040_2,65,631,1,3,diagnostic_calibration,2,2,99698,134084,142148,0,0,142193,42495
rp2040_2,65,631,1,3,diagnostic_calibration,3,1,142194,176544,0,0,0,176591,34397
rp2040_2,65,631,1,3,diagnostic_calibration,4,2,176592,210905,218966,0,0,219060,42468
rp2040_2,65,631,1,3,diagnostic_calibration,5,1,219061,253385,0,0,0,253497,34436
rp2040_2,65,631,1,3,diagnostic_calibration,6,2,253497,287807,295867,0,0,295895,42398
rp2040_2,65,631,1,3,diagnostic_calibration,7,0,295896,330226,338287,346233,346918,346921,51025
rp2040_2,65,632,2,3,diagnostic_calibration,1,1,56980,91513,0,0,0,91550,34570
rp2040_2,65,632,2,3,diagnostic_calibration,2,0,91555,125937,134013,141963,142650,142654,51099
rp2040_2,65,633,3,3,diagnostic_calibration,1,2,56985,91507,99591,0,0,99695,42710
rp2040_2,65,633,3,3,diagnostic_calibration,2,1,99699,134076,0,0,0,134096,34397
rp2040_2,65,633,3,3,diagnostic_calibration,3,1,134097,168419,0,0,0,168533,34436
rp2040_2,65,633,3,3,diagnostic_calibration,4,1,168533,202846,0,0,0,202850,34317
rp2040_2,65,633,3,3,diagnostic_calibration,5,2,202850,237163,245224,0,0,245240,42390
rp2040_2,65,633,3,3,diagnostic_calibration,6,1,245241,279564,0,0,0,279600,34359
rp2040_2,65,633,3,3,diagnostic_calibration,7,2,279601,313912,321973,0,0,322098,42497
rp2040_2,65,633,3,3,diagnostic_calibration,8,2,322099,356424,364485,0,0,364535,42436
rp2040_2,65,633,3,3,diagnostic_calibration,9,2,364535,398864,406925,0,0,406977,42442
rp2040_2,65,633,3,3,diagnostic_calibration,10,2,406978,441306,449367,0,0,449422,42444
rp2040_2,65,633,3,3,diagnostic_calibration,11,0,449422,483758,491819,499765,500452,500455,51033
rp2040_2,65,634,4,3,diagnostic_calibration,1,0,56960,91472,99556,107506,108192,108198,51238
rp2040_2,65,635,5,3,diagnostic_holdout,1,1,56978,91505,0,0,0,91556,34578
rp2040_2,65,635,5,3,diagnostic_holdout,2,2,91561,125924,133997,0,0,134017,42456
rp2040_2,65,635,5,3,diagnostic_holdout,3,2,134020,168371,176433,0,0,176478,42458
rp2040_2,65,635,5,3,diagnostic_holdout,4,2,176479,210813,218874,0,0,218897,42418
rp2040_2,65,635,5,3,diagnostic_holdout,5,1,218897,253226,0,0,0,253233,34336
rp2040_2,65,635,5,3,diagnostic_holdout,6,0,253234,287552,295613,303559,304245,304248,51014
rp2040_2,65,636,6,3,diagnostic_holdout,1,2,56984,91505,99589,0,0,99693,42709
rp2040_2,65,636,6,3,diagnostic_holdout,2,2,99698,134086,142153,0,0,142186,42488
rp2040_2,65,636,6,3,diagnostic_holdout,3,2,142187,176539,184601,0,0,184637,42450
rp2040_2,65,636,6,3,diagnostic_holdout,4,1,184638,218975,0,0,0,219067,34429
rp2040_2,65,636,6,3,diagnostic_holdout,5,1,219068,253374,0,0,0,253493,34425
rp2040_2,65,636,6,3,diagnostic_holdout,6,2,253493,287799,295860,0,0,295918,42425
rp2040_2,65,636,6,3,diagnostic_holdout,7,1,295919,330249,0,0,0,330342,34423
rp2040_2,65,636,6,3,diagnostic_holdout,8,2,330343,364648,372708,0,0,372763,42420
rp2040_2,65,636,6,3,diagnostic_holdout,9,2,372764,407092,415153,0,0,415298,42534
rp2040_2,65,636,6,3,diagnostic_holdout,10,0,415299,449629,457690,465636,466321,466324,51025
rp2040_2,65,637,7,3,diagnostic_holdout,1,1,56993,91517,0,0,0,91620,34627
rp2040_2,65,637,7,3,diagnostic_holdout,2,1,91625,125984,0,0,0,126003,34378
rp2040_2,65,637,7,3,diagnostic_holdout,3,0,126004,160321,168392,176342,177029,177032,51028
rp2040_2,65,638,8,3,diagnostic_holdout,1,1,56976,91497,0,0,0,91601,34625
rp2040_2,65,638,8,3,diagnostic_holdout,2,1,91606,125968,0,0,0,125993,34387
rp2040_2,65,638,8,3,diagnostic_holdout,3,2,125995,160311,168381,0,0,168418,42423
rp2040_2,65,638,8,3,diagnostic_holdout,4,2,168419,202755,210817,0,0,210832,42413
rp2040_2,65,638,8,3,diagnostic_holdout,5,1,210833,245164,0,0,0,245210,34377
rp2040_2,65,638,8,3,diagnostic_holdout,6,1,245211,279522,0,0,0,279613,34402
rp2040_2,65,638,8,3,diagnostic_holdout,7,1,279614,313930,0,0,0,314022,34408
rp2040_2,65,638,8,3,diagnostic_holdout,8,2,314023,348331,356392,0,0,356513,42490
rp2040_2,65,638,8,3,diagnostic_holdout,9,1,356513,390839,0,0,0,390887,34374
rp2040_2,65,638,8,3,diagnostic_holdout,10,2,390887,425206,433267,0,0,433331,42444
rp2040_2,65,638,8,3,diagnostic_holdout,11,2,433331,467658,475719,0,0,475819,42488
rp2040_2,65,638,8,3,diagnostic_holdout,12,0,475820,510149,518210,526156,526843,526845,51025
rp2040_2,65,639,9,3,diagnostic_holdout,1,0,56979,91495,99579,107530,108216,108222,51243
rp2040_2,65,640,0,4,diagnostic_calibration,1,1,56984,91508,0,0,0,91549,34565
rp2040_2,65,640,0,4,diagnostic_calibration,2,2,91554,125917,133992,0,0,134010,42456
rp2040_2,65,640,0,4,diagnostic_calibration,3,2,134011,168357,176420,0,0,176428,42417
rp2040_2,65,640,0,4,diagnostic_calibration,4,2,176428,210767,218828,0,0,218868,42440
rp2040_2,65,640,0,4,diagnostic_calibration,5,2,218869,253199,261260,0,0,261374,42505
rp2040_2,65,640,0,4,diagnostic_calibration,6,1,261374,295712,0,0,0,295819,34445
rp2040_2,65,640,0,4,diagnostic_calibration,7,1,295820,330126,0,0,0,330206,34386
rp2040_2,65,640,0,4,diagnostic_calibration,8,1,330207,364510,0,0,0,364556,34349
rp2040_2,65,640,0,4,diagnostic_calibration,9,2,364557,398873,406934,0,0,406944,42387
rp2040_2,65,640,0,4,diagnostic_calibration,10,0,406945,441280,449341,457287,457973,457976,51031
rp2040_2,65,641,1,4,diagnostic_calibration,1,2,56972,91496,99580,0,0,99627,42655
rp2040_2,65,641,1,4,diagnostic_calibration,2,2,99632,134007,142073,0,0,142100,42468
rp2040_2,65,641,1,4,diagnostic_calibration,3,2,142102,176439,184500,0,0,184600,42498
rp2040_2,65,641,1,4,diagnostic_calibration,4,1,184601,218934,0,0,0,218991,34390
rp2040_2,65,641,1,4,diagnostic_calibration,5,2,218992,253297,261358,0,0,261427,42435
rp2040_2,65,641,1,4,diagnostic_calibration,6,2,261428,295755,303816,0,0,303886,42458
rp2040_2,65,641,1,4,diagnostic_calibration,7,2,303886,338207,346268,0,0,346345,42459
rp2040_2,65,641,1,4,diagnostic_calibration,8,2,346346,380669,388730,0,0,388826,42480
rp2040_2,65,641,1,4,diagnostic_calibration,9,2,388827,423156,431217,0,0,431247,42420
rp2040_2,65,641,1,4,diagnostic_calibration,10,1,431247,465578,0,0,0,465681,34434
rp2040_2,65,641,1,4,diagnostic_calibration,11,1,465682,499998,0,0,0,500115,34433
rp2040_2,65,641,1,4,diagnostic_calibration,12,2,500115,534425,542486,0,0,542578,42463
rp2040_2,65,641,1,4,diagnostic_calibration,13,1,542579,576909,0,0,0,576989,34410
rp2040_2,65,641,1,4,diagnostic_calibration,14,2,576989,611302,619363,0,0,619413,42424
rp2040_2,65,641,1,4,diagnostic_calibration,15,2,619414,653733,661794,0,0,661835,42421
rp2040_2,65,641,1,4,diagnostic_calibration,16,2,661835,696176,704237,0,0,704258,42423
rp2040_2,65,641,1,4,diagnostic_calibration,17,1,704259,738595,0,0,0,738629,34370
rp2040_2,65,641,1,4,diagnostic_calibration,18,1,738629,772943,0,0,0,772983,34354
rp2040_2,65,641,1,4,diagnostic_calibration,19,1,772984,807295,0,0,0,807338,34354
rp2040_2,65,641,1,4,diagnostic_calibration,20,2,807339,841648,849709,0,0,849723,42384
rp2040_2,65,641,1,4,diagnostic_calibration,21,2,849723,884045,892106,0,0,892198,42475
rp2040_2,65,641,1,4,diagnostic_calibration,22,1,892199,926523,0,0,0,926628,34429
rp2040_2,65,641,1,4,diagnostic_calibration,23,1,926629,960942,0,0,0,961004,34375
rp2040_2,65,641,1,4,diagnostic_calibration,24,2,961005,995315,1003376,0,0,1003442,42437
rp2040_2,65,641,1,4,diagnostic_calibration,25,1,1003443,1037769,0,0,0,1037774,34331
rp2040_2,65,641,1,4,diagnostic_calibration,26,0,1037775,1072083,1080144,1088091,1088777,1088779,51004
rp2040_2,65,642,2,4,diagnostic_calibration,1,1,57015,91547,0,0,0,91640,34625
rp2040_2,65,642,2,4,diagnostic_calibration,2,1,91647,126012,0,0,0,126068,34421
rp2040_2,65,642,2,4,diagnostic_calibration,3,0,126071,160402,168473,176424,177111,177113,51042
rp2040_2,65,643,3,4,diagnostic_calibration,1,1,56959,91472,0,0,0,91506,34547
rp2040_2,65,643,3,4,diagnostic_calibration,2,1,91512,125860,0,0,0,125887,34375
rp2040_2,65,643,3,4,diagnostic_calibration,3,2,125889,160213,168285,0,0,168311,42422
rp2040_2,65,643,3,4,diagnostic_calibration,4,2,168313,202651,210715,0,0,210801,42488
rp2040_2,65,643,3,4,diagnostic_calibration,5,0,210802,245125,253187,261133,261820,261823,51021
rp2040_2,65,644,4,4,diagnostic_calibration,1,2,56988,91506,99590,0,0,99679,42691
rp2040_2,65,644,4,4,diagnostic_calibration,2,1,99684,134066,0,0,0,134154,34470
rp2040_2,65,644,4,4,diagnostic_calibration,3,0,134157,168483,176544,184491,185178,185181,51024
rp2040_2,65,645,5,4,diagnostic_holdout,1,1,56995,91523,0,0,0,91612,34617
rp2040_2,65,645,5,4,diagnostic_holdout,2,1,91617,125973,0,0,0,126025,34408
rp2040_2,65,645,5,4,diagnostic_holdout,3,0,126027,160349,168421,176372,177058,177061,51034
rp2040_2,65,646,6,4,diagnostic_holdout,1,2,56980,91492,99575,0,0,99708,42728
rp2040_2,65,646,6,4,diagnostic_holdout,2,1,99712,134093,0,0,0,134104,34392
rp2040_2,65,646,6,4,diagnostic_holdout,3,2,134106,168431,176494,0,0,176592,42486
rp2040_2,65,646,6,4,diagnostic_holdout,4,2,176594,210936,218997,0,0,219029,42435
rp2040_2,65,646,6,4,diagnostic_holdout,5,2,219030,253356,261417,0,0,261563,42533
rp2040_2,65,646,6,4,diagnostic_holdout,6,0,261563,295890,303951,311897,312583,312586,51023
rp2040_2,65,647,7,4,diagnostic_holdout,1,2,56979,91508,99591,0,0,99637,42658
rp2040_2,65,647,7,4,diagnostic_holdout,2,0,99642,134030,142094,150041,150727,150731,51089
rp2040_2,65,648,8,4,diagnostic_holdout,1,2,56982,91494,99577,0,0,99620,42638
rp2040_2,65,648,8,4,diagnostic_holdout,2,2,99624,134016,142081,0,0,142089,42465
rp2040_2,65,648,8,4,diagnostic_holdout,3,2,142091,176433,184495,0,0,184522,42431
rp2040_2,65,648,8,4,diagnostic_holdout,4,1,184523,218854,0,0,0,218925,34402
rp2040_2,65,648,8,4,diagnostic_holdout,5,2,218926,253239,261300,0,0,261382,42456
rp2040_2,65,648,8,4,diagnostic_holdout,6,1,261383,295708,0,0,0,295740,34357
rp2040_2,65,648,8,4,diagnostic_holdout,7,2,295740,330049,338110,0,0,338155,42415
rp2040_2,65,648,8,4,diagnostic_holdout,8,1,338155,372481,0,0,0,372533,34378
rp2040_2,65,648,8,4,diagnostic_holdout,9,0,372533,406844,414905,422851,423536,423539,51006
rp2040_2,65,649,9,4,diagnostic_holdout,1,1,56996,91528,0,0,0,91609,34613
rp2040_2,65,649,9,4,diagnostic_holdout,2,2,91615,125977,134050,0,0,134120,42505
rp2040_2,65,649,9,4,diagnostic_holdout,3,0,134122,168470,176533,184479,185165,185168,51046
rp2040_2,65,650,0,0,diagnostic_calibration,1,2,56975,91501,99586,0,0,99647,42672
rp2040_2,65,650,0,0,diagnostic_calibration,2,1,99653,134041,0,0,0,134123,34470
rp2040_2,65,650,0,0,diagnostic_calibration,3,1,134124,168463,0,0,0,168526,34402
rp2040_2,65,650,0,0,diagnostic_calibration,4,2,168526,202852,210916,0,0,211025,42499
rp2040_2,65,650,0,0,diagnostic_calibration,5,2,211025,245354,253415,0,0,253442,42417
rp2040_2,65,650,0,0,diagnostic_calibration,6,2,253443,287777,295838,0,0,295895,42452
rp2040_2,65,650,0,0,diagnostic_calibration,7,1,295896,330230,0,0,0,330255,34359
rp2040_2,65,650,0,0,diagnostic_calibration,8,2,330256,364572,372633,0,0,372716,42460
rp2040_2,65,650,0,0,diagnostic_calibration,9,2,372716,407048,415109,0,0,415171,42455
rp2040_2,65,650,0,0,diagnostic_calibration,10,1,415171,449502,0,0,0,449562,34391
rp2040_2,65,650,0,0,diagnostic_calibration,11,1,449562,483876,0,0,0,483904,34342
rp2040_2,65,650,0,0,diagnostic_calibration,12,0,483905,518213,526274,534220,534906,534909,51004
rp2040_2,65,651,1,0,diagnostic_calibration,1,1,56963,91498,0,0,0,91550,34587
rp2040_2,65,651,1,0,diagnostic_calibration,2,1,91555,125915,0,0,0,125944,34389
rp2040_2,65,651,1,0,diagnostic_calibration,3,1,125945,160255,0,0,0,160269,34324
rp2040_2,65,651,1,0,diagnostic_calibration,4,2,160270,194582,202653,0,0,202664,42394
rp2040_2,65,651,1,0,diagnostic_calibration,5,1,202665,236991,0,0,0,237031,34366
rp2040_2,65,651,1,0,diagnostic_calibration,6,1,237032,271345,0,0,0,271449,34417
rp2040_2,65,651,1,0,diagnostic_calibration,7,0,271450,305766,313828,321775,322463,322466,51016
rp2040_2,65,652,2,0,diagnostic_calibration,1,2,57006,91530,99614,0,0,99715,42709
rp2040_2,65,652,2,0,diagnostic_calibration,2,0,99719,134114,142183,150129,150815,150819,51100
rp2040_2,65,653,3,0,diagnostic_calibration,1,1,56983,91500,0,0,0,91597,34614
rp2040_2,65,653,3,0,diagnostic_calibration,2,2,91602,125953,134027,0,0,134070,42468
rp2040_2,65,653,3,0,diagnostic_calibration,3,1,134072,168410,0,0,0,168447,34375
rp2040_2,65,653,3,0,diagnostic_calibration,4,0,168447,202760,210822,218768,219454,219457,51010
rp2040_2,65,654,4,0,diagnostic_calibration,1,2,56979,91499,99583,0,0,99686,42707
rp2040_2,65,654,4,0,diagnostic_calibration,2,1,99692,134079,0,0,0,134120,34428
rp2040_2,65,654,4,0,diagnostic_calibration,3,2,134121,168452,176517,0,0,176620,42499
rp2040_2,65,654,4,0,diagnostic_calibration,4,2,176622,210952,219013,0,0,219020,42398
rp2040_2,65,654,4,0,diagnostic_calibration,5,2,219020,253358,261419,0,0,261455,42435
rp2040_2,65,654,4,0,diagnostic_calibration,6,2,261456,295793,303854,0,0,303893,42437
rp2040_2,65,654,4,0,diagnostic_calibration,7,2,303893,338241,346301,0,0,346366,42473
rp2040_2,65,654,4,0,diagnostic_calibration,8,2,346367,380686,388747,0,0,388769,42402
rp2040_2,65,654,4,0,diagnostic_calibration,9,0,388769,423100,431161,439107,439793,439796,51027
rp2040_2,65,655,5,0,diagnostic_holdout,1,1,56982,91500,0,0,0,91551,34569
rp2040_2,65,655,5,0,diagnostic_holdout,2,2,91556,125909,133982,0,0,134060,42504
rp2040_2,65,655,5,0,diagnostic_holdout,3,2,134061,168411,176475,0,0,176585,42524
rp2040_2,65,655,5,0,diagnostic_holdout,4,2,176585,210912,218973,0,0,218989,42404
rp2040_2,65,655,5,0,diagnostic_holdout,5,2,218990,253320,261381,0,0,261476,42486
rp2040_2,65,655,5,0,diagnostic_holdout,6,2,261477,295796,303857,0,0,303937,42460
rp2040_2,65,655,5,0,diagnostic_holdout,7,1,303937,338271,0,0,0,338330,34393
rp2040_2,65,655,5,0,diagnostic_holdout,8,2,338330,372645,380706,0,0,380791,42461
rp2040_2,65,655,5,0,diagnostic_holdout,9,2,380791,415118,423179,0,0,423229,42438
rp2040_2,65,655,5,0,diagnostic_holdout,10,1,423229,457553,0,0,0,457583,34354
rp2040_2,65,655,5,0,diagnostic_holdout,11,2,457584,491888,499949,0,0,500093,42509
rp2040_2,65,655,5,0,diagnostic_holdout,12,0,500094,534422,542483,550429,551115,551119,51025
rp2040_2,65,656,6,0,diagnostic_holdout,1,0,57000,91533,99619,107569,108256,108262,51262
rp2040_2,65,657,7,0,diagnostic_holdout,1,0,56995,91521,99604,107555,108241,108248,51253
rp2040_2,65,658,8,0,diagnostic_holdout,1,2,56966,91479,99563,0,0,99586,42620
rp2040_2,65,658,8,0,diagnostic_holdout,2,2,99591,133965,142033,0,0,142046,42455
rp2040_2,65,658,8,0,diagnostic_holdout,3,1,142047,176381,0,0,0,176458,34411
rp2040_2,65,658,8,0,diagnostic_holdout,4,1,176459,210772,0,0,0,210830,34371
rp2040_2,65,658,8,0,diagnostic_holdout,5,1,210831,245145,0,0,0,245195,34364
rp2040_2,65,658,8,0,diagnostic_holdout,6,1,245196,279514,0,0,0,279619,34423
rp2040_2,65,658,8,0,diagnostic_holdout,7,2,279620,313925,321987,0,0,322061,42441
rp2040_2,65,658,8,0,diagnostic_holdout,8,0,322061,356391,364452,372398,373083,373086,51025
rp2040_2,65,659,9,0,diagnostic_holdout,1,2,56962,91479,99563,0,0,99584,42622
rp2040_2,65,659,9,0,diagnostic_holdout,2,2,99588,133974,142038,0,0,142124,42536
rp2040_2,65,659,9,0,diagnostic_holdout,3,1,142127,176473,0,0,0,176594,34467
rp2040_2,65,659,9,0,diagnostic_holdout,4,1,176594,210905,0,0,0,210908,34314
rp2040_2,65,659,9,0,diagnostic_holdout,5,0,210909,245221,253282,261228,261915,261918,51009
rp2040_2,65,660,0,1,diagnostic_calibration,1,2,56973,91506,99590,0,0,99720,42747
rp2040_2,65,660,0,1,diagnostic_calibration,2,2,99726,134105,142171,0,0,142232,42506
rp2040_2,65,660,0,1,diagnostic_calibration,3,0,142232,176586,184650,192596,193283,193286,51054
rp2040_2,65,661,1,1,diagnostic_calibration,1,1,56985,91506,0,0,0,91568,34583
rp2040_2,65,661,1,1,diagnostic_calibration,2,2,91573,125932,134008,0,0,134052,42479
rp2040_2,65,661,1,1,diagnostic_calibration,3,1,134053,168400,0,0,0,168421,34368
rp2040_2,65,661,1,1,diagnostic_calibration,4,0,168421,202729,210792,218738,219425,219428,51007
rp2040_2,65,662,2,1,diagnostic_calibration,1,2,56988,91511,99594,0,0,99679,42691
rp2040_2,65,662,2,1,diagnostic_calibration,2,0,99685,134072,142138,150086,150772,150776,51091
rp2040_2,65,663,3,1,diagnostic_calibration,1,2,56994,91517,99601,0,0,99634,42640
rp2040_2,65,663,3,1,diagnostic_calibration,2,2,99640,134020,142086,0,0,142124,42484
rp2040_2,65,663,3,1,diagnostic_calibration,3,1,142127,176474,0,0,0,176567,34440
rp2040_2,65,663,3,1,diagnostic_calibration,4,0,176568,210888,218949,226896,227581,227584,51016
rp2040_2,65,664,4,1,diagnostic_calibration,1,2,56983,91492,99575,0,0,99617,42634
rp2040_2,65,664,4,1,diagnostic_calibration,2,0,99622,133998,142066,150013,150699,150702,51080
rp2040_2,65,665,5,1,diagnostic_holdout,1,0,56969,91499,99583,107533,108220,108225,51256
rp2040_2,65,666,6,1,diagnostic_holdout,1,1,56993,91518,0,0,0,91601,34608
rp2040_2,65,666,6,1,diagnostic_holdout,2,2,91605,125962,134035,0,0,134088,42483
rp2040_2,65,666,6,1,diagnostic_holdout,3,0,134090,168433,176496,184443,185129,185133,51043
rp2040_2,65,667,7,1,diagnostic_holdout,1,2,56991,91515,99600,0,0,99698,42707
rp2040_2,65,667,7,1,diagnostic_holdout,2,1,99702,134075,0,0,0,134088,34386
rp2040_2,65,667,7,1,diagnostic_holdout,3,0,134090,168407,176470,184417,185103,185105,51015
rp2040_2,65,668,8,1,diagnostic_holdout,1,1,56966,91484,0,0,0,91564,34598
rp2040_2,65,668,8,1,diagnostic_holdout,2,1,91568,125927,0,0,0,125957,34389
rp2040_2,65,668,8,1,diagnostic_holdout,3,1,125960,160285,0,0,0,160306,34346
rp2040_2,65,668,8,1,diagnostic_holdout,4,1,160307,194614,0,0,0,194659,34352
rp2040_2,65,668,8,1,diagnostic_holdout,5,2,194660,228981,237051,0,0,237108,42448
rp2040_2,65,668,8,1,diagnostic_holdout,6,0,237110,271456,279520,287467,288154,288157,51047
rp2040_2,65,669,9,1,diagnostic_holdout,1,1,56955,91487,0,0,0,91510,34555
rp2040_2,65,669,9,1,diagnostic_holdout,2,2,91515,125885,133960,0,0,134016,42501
rp2040_2,65,669,9,1,diagnostic_holdout,3,2,134019,168362,176423,0,0,176437,42418
rp2040_2,65,669,9,1,diagnostic_holdout,4,2,176439,210773,218835,0,0,218934,42495
rp2040_2,65,669,9,1,diagnostic_holdout,5,2,218935,253275,261336,0,0,261401,42466
rp2040_2,65,669,9,1,diagnostic_holdout,6,1,261402,295731,0,0,0,295756,34354
rp2040_2,65,669,9,1,diagnostic_holdout,7,1,295757,330059,0,0,0,330115,34358
rp2040_2,65,669,9,1,diagnostic_holdout,8,2,330115,364432,372493,0,0,372550,42435
rp2040_2,65,669,9,1,diagnostic_holdout,9,1,372550,406874,0,0,0,406914,34364
rp2040_2,65,669,9,1,diagnostic_holdout,10,1,406915,441222,0,0,0,441295,34380
rp2040_2,65,669,9,1,diagnostic_holdout,11,0,441295,475603,483664,491610,492296,492298,51003
rp2040_2,65,670,0,2,diagnostic_calibration,1,1,56966,91497,0,0,0,91535,34569
rp2040_2,65,670,0,2,diagnostic_calibration,2,2,91540,125905,133979,0,0,134090,42550
rp2040_2,65,670,0,2,diagnostic_calibration,3,1,134092,168440,0,0,0,168473,34381
rp2040_2,65,670,0,2,diagnostic_calibration,4,2,168474,202785,210850,0,0,210883,42409
rp2040_2,65,670,0,2,diagnostic_calibration,5,2,210884,245212,253273,0,0,253284,42400
rp2040_2,65,670,0,2,diagnostic_calibration,6,2,253285,287611,295673,0,0,295696,42411
rp2040_2,65,670,0,2,diagnostic_calibration,7,2,295696,330044,338105,0,0,338109,42413
rp2040_2,65,670,0,2,diagnostic_calibration,8,2,338110,372444,380505,0,0,380509,42399
rp2040_2,65,670,0,2,diagnostic_calibration,9,1,380509,414834,0,0,0,414888,34379
rp2040_2,65,670,0,2,diagnostic_calibration,10,1,414889,449199,0,0,0,449285,34396
rp2040_2,65,670,0,2,diagnostic_calibration,11,2,449286,483593,491654,0,0,491778,42492
rp2040_2,65,670,0,2,diagnostic_calibration,12,2,491779,526110,534171,0,0,534235,42456
rp2040_2,65,670,0,2,diagnostic_calibration,13,2,534235,568566,576627,0,0,576642,42407
rp2040_2,65,670,0,2,diagnostic_calibration,14,1,576643,610969,0,0,0,611044,34401
rp2040_2,65,670,0,2,diagnostic_calibration,15,2,611045,645352,653413,0,0,653479,42434
rp2040_2,65,670,0,2,diagnostic_calibration,16,0,653480,687802,695863,703809,704495,704498,51018
rp2040_2,65,671,1,2,diagnostic_calibration,1,1,56996,91518,0,0,0,91543,34547
rp2040_2,65,671,1,2,diagnostic_calibration,2,0,91548,125897,133970,141921,142606,142611,51063
rp2040_2,65,672,2,2,diagnostic_calibration,1,1,56986,91502,0,0,0,91633,34647
rp2040_2,65,672,2,2,diagnostic_calibration,2,1,91638,125993,0,0,0,126053,34415
rp2040_2,65,672,2,2,diagnostic_calibration,3,2,126054,160372,168444,0,0,168475,42421
rp2040_2,65,672,2,2,diagnostic_calibration,4,1,168476,202814,0,0,0,202843,34367
rp2040_2,65,672,2,2,diagnostic_calibration,5,2,202844,237150,245213,0,0,245288,42444
rp2040_2,65,672,2,2,diagnostic_calibration,6,0,245288,279628,287690,295637,296322,296325,51037
rp2040_2,65,673,3,2,diagnostic_calibration,1,1,56997,91518,0,0,0,91612,34615
rp2040_2,65,673,3,2,diagnostic_calibration,2,0,91617,125977,134050,142001,142686,142690,51073
rp2040_2,65,674,4,2,diagnostic_calibration,1,2,56969,91487,99570,0,0,99603,42634
rp2040_2,65,674,4,2,diagnostic_calibration,2,2,99607,133988,142052,0,0,142065,42458
rp2040_2,65,674,4,2,diagnostic_calibration,3,0,142066,176398,184459,192406,193092,193096,51030
rp2040_2,65,675,5,2,diagnostic_holdout,1,2,56968,91492,99577,0,0,99591,42623
rp2040_2,65,675,5,2,diagnostic_holdout,2,0,99596,133987,142052,149999,150686,150690,51094
rp2040_2,65,676,6,2,diagnostic_holdout,1,0,56990,91521,99605,107556,108242,108248,51258
rp2040_2,65,677,7,2,diagnostic_holdout,1,1,56985,91528,0,0,0,91560,34575
rp2040_2,65,677,7,2,diagnostic_holdout,2,0,91565,125927,134001,141952,142639,142643,51078
rp2040_2,65,678,8,2,diagnostic_holdout,1,1,56980,91506,0,0,0,91528,34548
rp2040_2,65,678,8,2,diagnostic_holdout,2,2,91532,125909,133984,0,0,134027,42495
rp2040_2,65,678,8,2,diagnostic_holdout,3,0,134029,168371,176435,184382,185068,185071,51042
rp2040_2,65,679,9,2,diagnostic_holdout,1,1,56989,91512,0,0,0,91600,34611
rp2040_2,65,679,9,2,diagnostic_holdout,2,2,91605,125972,134046,0,0,134094,42489
rp2040_2,65,679,9,2,diagnostic_holdout,3,2,134097,168443,176505,0,0,176552,42455
rp2040_2,65,679,9,2,diagnostic_holdout,4,2,176554,210896,218957,0,0,219074,42520
rp2040_2,65,679,9,2,diagnostic_holdout,5,2,219075,253394,261455,0,0,261590,42515
rp2040_2,65,679,9,2,diagnostic_holdout,6,2,261591,295930,303990,0,0,304027,42436
rp2040_2,65,679,9,2,diagnostic_holdout,7,0,304028,338349,346410,354356,355043,355046,51018
rp2040_2,65,680,0,3,diagnostic_calibration,1,1,56990,91516,0,0,0,91563,34573
rp2040_2,65,680,0,3,diagnostic_calibration,2,1,91569,125918,0,0,0,126014,34445
rp2040_2,65,680,0,3,diagnostic_calibration,3,1,126016,160328,0,0,0,160341,34325
rp2040_2,65,680,0,3,diagnostic_calibration,4,2,160342,194648,202719,0,0,202798,42456
rp2040_2,65,680,0,3,diagnostic_calibration,5,0,202799,237149,245212,253158,253844,253847,51048
rp2040_2,65,681,1,3,diagnostic_calibration,1,2,56987,91512,99596,0,0,99647,42660
rp2040_2,65,681,1,3,diagnostic_calibration,2,0,99651,134036,142102,150048,150734,150738,51087
rp2040_2,65,682,2,3,diagnostic_calibration,1,1,56990,91503,0,0,0,91627,34637
rp2040_2,65,682,2,3,diagnostic_calibration,2,2,91633,125990,134061,0,0,134126,42493
rp2040_2,65,682,2,3,diagnostic_calibration,3,2,134127,168472,176534,0,0,176667,42540
rp2040_2,65,682,2,3,diagnostic_calibration,4,2,176668,210998,219060,0,0,219066,42398
rp2040_2,65,682,2,3,diagnostic_calibration,5,1,219066,253404,0,0,0,253435,34369
rp2040_2,65,682,2,3,diagnostic_calibration,6,1,253435,287738,0,0,0,287832,34397
rp2040_2,65,682,2,3,diagnostic_calibration,7,2,287833,322146,330207,0,0,330352,42519
rp2040_2,65,682,2,3,diagnostic_calibration,8,1,330352,364692,0,0,0,364754,34402
rp2040_2,65,682,2,3,diagnostic_calibration,9,1,364755,399075,0,0,0,399193,34438
rp2040_2,65,682,2,3,diagnostic_calibration,10,2,399194,433503,441564,0,0,441601,42407
rp2040_2,65,682,2,3,diagnostic_calibration,11,1,441601,475927,0,0,0,475964,34363
rp2040_2,65,682,2,3,diagnostic_calibration,12,0,475964,510274,518335,526281,526966,526969,51005
rp2040_2,65,683,3,3,diagnostic_calibration,1,0,56981,91508,99591,107542,108228,108234,51253
rp2040_2,65,684,4,3,diagnostic_calibration,1,0,56979,91495,99579,107530,108217,108223,51244
rp2040_2,65,685,5,3,diagnostic_holdout,1,2,56974,91498,99581,0,0,99601,42627
rp2040_2,65,685,5,3,diagnostic_holdout,2,0,99605,133981,142045,149993,150678,150682,51077
rp2040_2,65,686,6,3,diagnostic_holdout,1,2,57001,91523,99607,0,0,99706,42705
rp2040_2,65,686,6,3,diagnostic_holdout,2,0,99711,134116,142182,150128,150813,150817,51106
rp2040_2,65,687,7,3,diagnostic_holdout,1,2,56981,91516,99599,0,0,99701,42720
rp2040_2,65,687,7,3,diagnostic_holdout,2,2,99706,134093,142156,0,0,142209,42503
rp2040_2,65,687,7,3,diagnostic_holdout,3,2,142211,176551,184612,0,0,184704,42493
rp2040_2,65,687,7,3,diagnostic_holdout,4,0,184706,219038,227099,235045,235732,235735,51029
rp2040_2,65,688,8,3,diagnostic_holdout,1,1,56962,91476,0,0,0,91543,34581
rp2040_2,65,688,8,3,diagnostic_holdout,2,1,91548,125906,0,0,0,125974,34426
rp2040_2,65,688,8,3,diagnostic_holdout,3,2,125975,160295,168367,0,0,168436,42461
rp2040_2,65,688,8,3,diagnostic_holdout,4,2,168437,202780,210844,0,0,210981,42544
rp2040_2,65,688,8,3,diagnostic_holdout,5,0,210981,245309,253372,261318,262004,262006,51025
rp2040_2,65,689,9,3,diagnostic_holdout,1,1,57004,91528,0,0,0,91649,34645
rp2040_2,65,689,9,3,diagnostic_holdout,2,1,91653,126016,0,0,0,126142,34489
rp2040_2,65,689,9,3,diagnostic_holdout,3,0,126144,160465,168536,176486,177172,177174,51030
rp2040_2,65,690,0,4,diagnostic_calibration,1,0,56968,91491,99574,107525,108211,108217,51249
rp2040_2,65,691,1,4,diagnostic_calibration,1,1,56985,91517,0,0,0,91601,34616
rp2040_2,65,691,1,4,diagnostic_calibration,2,0,91606,125976,134050,142001,142687,142691,51085
rp2040_2,65,692,2,4,diagnostic_calibration,1,0,57000,91528,99611,107562,108247,108253,51253
rp2040_2,65,693,3,4,diagnostic_calibration,1,1,56982,91498,0,0,0,91601,34619
rp2040_2,65,693,3,4,diagnostic_calibration,2,1,91606,125955,0,0,0,125989,34383
rp2040_2,65,693,3,4,diagnostic_calibration,3,2,125991,160310,168381,0,0,168427,42436
rp2040_2,65,693,3,4,diagnostic_calibration,4,1,168429,202764,0,0,0,202793,34364
rp2040_2,65,693,3,4,diagnostic_calibration,5,1,202794,237101,0,0,0,237105,34311
rp2040_2,65,693,3,4,diagnostic_calibration,6,1,237106,271415,0,0,0,271423,34317
rp2040_2,65,693,3,4,diagnostic_calibration,7,1,271423,305731,0,0,0,305814,34391
rp2040_2,65,693,3,4,diagnostic_calibration,8,0,305814,340131,348194,356141,356827,356830,51016
rp2040_2,65,694,4,4,diagnostic_calibration,1,2,56978,91490,99574,0,0,99616,42638
rp2040_2,65,694,4,4,diagnostic_calibration,2,1,99621,134008,0,0,0,134098,34477
rp2040_2,65,694,4,4,diagnostic_calibration,3,2,134101,168438,176502,0,0,176556,42455
rp2040_2,65,694,4,4,diagnostic_calibration,4,1,176556,210894,0,0,0,210912,34356
rp2040_2,65,694,4,4,diagnostic_calibration,5,2,210913,245226,253288,0,0,253298,42385
rp2040_2,65,694,4,4,diagnostic_calibration,6,2,253299,287631,295692,0,0,295786,42487
rp2040_2,65,694,4,4,diagnostic_calibration,7,0,295787,330114,338175,346121,346807,346810,51023
rp2040_2,65,695,5,4,diagnostic_holdout,1,2,56993,91510,99594,0,0,99628,42635
rp2040_2,65,695,5,4,diagnostic_holdout,2,2,99633,134009,142073,0,0,142080,42447
rp2040_2,65,695,5,4,diagnostic_holdout,3,2,142082,176426,184489,0,0,184547,42465
rp2040_2,65,695,5,4,diagnostic_holdout,4,1,184548,218883,0,0,0,218991,34443
rp2040_2,65,695,5,4,diagnostic_holdout,5,2,218992,253307,261368,0,0,261439,42447
rp2040_2,65,695,5,4,diagnostic_holdout,6,0,261440,295771,303832,311779,312465,312468,51028
rp2040_2,65,696,6,4,diagnostic_holdout,1,1,56978,91508,0,0,0,91613,34635
rp2040_2,65,696,6,4,diagnostic_holdout,2,2,91618,125973,134048,0,0,134100,42482
rp2040_2,65,696,6,4,diagnostic_holdout,3,2,134103,168449,176511,0,0,176560,42457
rp2040_2,65,696,6,4,diagnostic_holdout,4,1,176562,210906,0,0,0,210998,34436
rp2040_2,65,696,6,4,diagnostic_holdout,5,2,210999,245309,253371,0,0,253386,42387
rp2040_2,65,696,6,4,diagnostic_holdout,6,2,253387,287707,295768,0,0,295771,42384
rp2040_2,65,696,6,4,diagnostic_holdout,7,2,295772,330092,338153,0,0,338287,42515
rp2040_2,65,696,6,4,diagnostic_holdout,8,2,338287,372620,380681,0,0,380809,42522
rp2040_2,65,696,6,4,diagnostic_holdout,9,2,380810,415139,423200,0,0,423232,42422
rp2040_2,65,696,6,4,diagnostic_holdout,10,2,423233,457549,465609,0,0,465685,42452
rp2040_2,65,696,6,4,diagnostic_holdout,11,2,465686,500027,508088,0,0,508132,42446
rp2040_2,65,696,6,4,diagnostic_holdout,12,2,508132,542461,550522,0,0,550578,42446
rp2040_2,65,696,6,4,diagnostic_holdout,13,0,550579,584906,592967,600913,601600,601603,51024
rp2040_2,65,697,7,4,diagnostic_holdout,1,2,56997,91517,99601,0,0,99675,42678
rp2040_2,65,697,7,4,diagnostic_holdout,2,1,99680,134070,0,0,0,134088,34408
rp2040_2,65,697,7,4,diagnostic_holdout,3,0,134089,168411,176474,184421,185107,185110,51021
rp2040_2,65,698,8,4,diagnostic_holdout,1,1,56955,91476,0,0,0,91531,34576
rp2040_2,65,698,8,4,diagnostic_holdout,2,2,91536,125896,133967,0,0,133993,42457
rp2040_2,65,698,8,4,diagnostic_holdout,3,2,133995,168344,176406,0,0,176446,42451
rp2040_2,65,698,8,4,diagnostic_holdout,4,0,176447,210774,218835,226781,227468,227471,51024
rp2040_2,65,699,9,4,diagnostic_holdout,1,2,56975,91509,99591,0,0,99640,42665
rp2040_2,65,699,9,4,diagnostic_holdout,2,2,99645,134026,142092,0,0,142140,42495
rp2040_2,65,699,9,4,diagnostic_holdout,3,0,142141,176479,184541,192487,193173,193177,51036
rp2040_2,65,700,0,0,diagnostic_calibration,1,1,56967,91473,0,0,0,91562,34595
rp2040_2,65,700,0,0,diagnostic_calibration,2,1,91568,125926,0,0,0,125949,34381
rp2040_2,65,700,0,0,diagnostic_calibration,3,2,125949,160270,168341,0,0,168493,42544
rp2040_2,65,700,0,0,diagnostic_calibration,4,0,168494,202832,210895,218841,219526,219529,51035
rp2040_2,65,701,1,0,diagnostic_calibration,1,1,57005,91530,0,0,0,91661,34656
rp2040_2,65,701,1,0,diagnostic_calibration,2,1,91666,126041,0,0,0,126069,34403
rp2040_2,65,701,1,0,diagnostic_calibration,3,0,126070,160393,168465,176416,177101,177105,51035
rp2040_2,65,702,2,0,diagnostic_calibration,1,0,57002,91529,99612,107563,108250,108256,51254
rp2040_2,65,703,3,0,diagnostic_calibration,1,0,56998,91525,99608,107558,108245,108251,51253
rp2040_2,65,704,4,0,diagnostic_calibration,1,1,56948,91475,0,0,0,91542,34594
rp2040_2,65,704,4,0,diagnostic_calibration,2,2,91548,125908,133981,0,0,134045,42497
rp2040_2,65,704,4,0,diagnostic_calibration,3,2,134048,168398,176461,0,0,176477,42429
rp2040_2,65,704,4,0,diagnostic_calibration,4,2,176478,210807,218870,0,0,218983,42505
rp2040_2,65,704,4,0,diagnostic_calibration,5,2,218983,253299,261362,0,0,261381,42398
rp2040_2,65,704,4,0,diagnostic_calibration,6,0,261382,295707,303768,311715,312400,312404,51022
rp2040_2,65,705,5,0,diagnostic_holdout,1,0,56963,91497,99580,107530,108217,108224,51261
rp2040_2,65,706,6,0,diagnostic_holdout,1,1,57002,91529,0,0,0,91595,34593
rp2040_2,65,706,6,0,diagnostic_holdout,2,0,91600,125953,134027,141977,142663,142666,51066
rp2040_2,65,707,7,0,diagnostic_holdout,1,1,57004,91528,0,0,0,91665,34661
rp2040_2,65,707,7,0,diagnostic_holdout,2,0,91669,126026,134101,142052,142738,142741,51072
rp2040_2,65,708,8,0,diagnostic_holdout,1,2,56992,91516,99599,0,0,99743,42751
rp2040_2,65,708,8,0,diagnostic_holdout,2,2,99749,134144,142209,0,0,142291,42542
rp2040_2,65,708,8,0,diagnostic_holdout,3,2,142292,176642,184705,0,0,184714,42422
rp2040_2,65,708,8,0,diagnostic_holdout,4,2,184715,219057,227119,0,0,227142,42427
rp2040_2,65,708,8,0,diagnostic_holdout,5,0,227143,261469,269530,277476,278162,278165,51022
rp2040_2,65,709,9,0,diagnostic_holdout,1,2,56985,91513,99597,0,0,99695,42710
rp2040_2,65,709,9,0,diagnostic_holdout,2,2,99700,134093,142159,0,0,142266,42566
rp2040_2,65,709,9,0,diagnostic_holdout,3,0,142266,176630,184693,192640,193326,193329,51063
rp2040_2,65,710,0,1,diagnostic_calibration,1,2,57002,91523,99607,0,0,99677,42675
rp2040_2,65,710,0,1,diagnostic_calibration,2,1,99683,134076,0,0,0,134156,34473
rp2040_2,65,710,0,1,diagnostic_calibration,3,0,134157,168490,176553,184500,185187,185189,51032
rp2040_2,65,711,1,1,diagnostic_calibration,1,1,56977,91513,0,0,0,91631,34654
rp2040_2,65,711,1,1,diagnostic_calibration,2,0,91636,125996,134069,142019,142705,142709,51073
rp2040_2,65,712,2,1,diagnostic_calibration,1,1,56991,91518,0,0,0,91636,34645
rp2040_2,65,712,2,1,diagnostic_calibration,2,2,91641,126013,134086,0,0,134135,42494
rp2040_2,65,712,2,1,diagnostic_calibration,3,0,134137,168479,176543,184489,185175,185178,51041
rp2040_2,65,713,3,1,diagnostic_calibration,1,1,56990,91528,0,0,0,91651,34661
rp2040_2,65,713,3,1,diagnostic_calibration,2,1,91657,126011,0,0,0,126051,34394
rp2040_2,65,713,3,1,diagnostic_calibration,3,0,126052,160372,168444,176394,177080,177083,51031
rp2040_2,65,714,4,1,diagnostic_calibration,1,1,56968,91500,0,0,0,91523,34555
rp2040_2,65,714,4,1,diagnostic_calibration,2,0,91529,125887,133962,141913,142599,142602,51073
rp2040_2,65,715,5,1,diagnostic_holdout,1,2,56974,91503,99586,0,0,99664,42690
rp2040_2,65,715,5,1,diagnostic_holdout,2,2,99668,134049,142116,0,0,142211,42543
rp2040_2,65,715,5,1,diagnostic_holdout,3,1,142212,176559,0,0,0,176648,34436
rp2040_2,65,715,5,1,diagnostic_holdout,4,1,176649,210968,0,0,0,210990,34341
rp2040_2,65,715,5,1,diagnostic_holdout,5,0,210991,245303,253366,261312,261997,262001,51010
rp2040_2,65,716,6,1,diagnostic_holdout,1,1,56994,91517,0,0,0,91570,34576
rp2040_2,65,716,6,1,diagnostic_holdout,2,2,91576,125943,134016,0,0,134077,42501
rp2040_2,65,716,6,1,diagnostic_holdout,3,0,134080,168417,176479,184427,185113,185115,51035
rp2040_2,65,717,7,1,diagnostic_holdout,1,1,56984,91513,0,0,0,91609,34625
rp2040_2,65,717,7,1,diagnostic_holdout,2,0,91614,125978,134051,142001,142687,142692,51078
rp2040_2,65,718,8,1,diagnostic_holdout,1,1,56953,91463,0,0,0,91490,34537
rp2040_2,65,718,8,1,diagnostic_holdout,2,1,91494,125850,0,0,0,125886,34392
rp2040_2,65,718,8,1,diagnostic_holdout,3,0,125889,160214,168285,176236,176922,176925,51036
rp2040_2,65,719,9,1,diagnostic_holdout,1,2,56990,91509,99594,0,0,99647,42657
rp2040_2,65,719,9,1,diagnostic_holdout,2,1,99651,134046,0,0,0,134160,34509
rp2040_2,65,719,9,1,diagnostic_holdout,3,0,134161,168485,176551,184497,185183,185186,51025
rp2040_2,65,720,0,2,diagnostic_calibration,1,2,56979,91497,99581,0,0,99628,42649
rp2040_2,65,720,0,2,diagnostic_calibration,2,1,99633,134024,0,0,0,134058,34425
rp2040_2,65,720,0,2,diagnostic_calibration,3,1,134060,168388,0,0,0,168450,34390
rp2040_2,65,720,0,2,diagnostic_calibration,4,1,168451,202764,0,0,0,202816,34365
rp2040_2,65,720,0,2,diagnostic_calibration,5,1,202817,237129,0,0,0,237176,34359
rp2040_2,65,720,0,2,diagnostic_calibration,6,2,237177,271480,279544,0,0,279642,42465
rp2040_2,65,720,0,2,diagnostic_calibration,7,1,279643,313978,0,0,0,314004,34361
rp2040_2,65,720,0,2,diagnostic_calibration,8,2,314004,348319,356380,0,0,356389,42385
rp2040_2,65,720,0,2,diagnostic_calibration,9,1,356390,390737,0,0,0,390761,34371
rp2040_2,65,720,0,2,diagnostic_calibration,10,2,390762,425066,433127,0,0,433161,42399
rp2040_2,65,720,0,2,diagnostic_calibration,11,0,433162,467490,475551,483497,484184,484187,51025
rp2040_2,65,721,1,2,diagnostic_calibration,1,1,56981,91497,0,0,0,91528,34547
rp2040_2,65,721,1,2,diagnostic_calibration,2,0,91533,125890,133964,141915,142600,142604,51071
rp2040_2,65,722,2,2,diagnostic_calibration,1,1,57015,91541,0,0,0,91640,34625
rp2040_2,65,722,2,2,diagnostic_calibration,2,1,91646,126005,0,0,0,126021,34375
rp2040_2,65,722,2,2,diagnostic_calibration,3,2,126022,160347,168417,0,0,168504,42482
rp2040_2,65,722,2,2,diagnostic_calibration,4,1,168505,202843,0,0,0,202930,34425
rp2040_2,65,722,2,2,diagnostic_calibration,5,0,202931,237247,245309,253257,253942,253946,51015
rp2040_2,65,723,3,2,diagnostic_calibration,1,2,56978,91499,99582,0,0,99657,42679
rp2040_2,65,723,3,2,diagnostic_calibration,2,1,99663,134040,0,0,0,134114,34451
rp2040_2,65,723,3,2,diagnostic_calibration,3,1,134116,168434,0,0,0,168509,34393
rp2040_2,65,723,3,2,diagnostic_calibration,4,2,168510,202816,210880,0,0,211004,42494
rp2040_2,65,723,3,2,diagnostic_calibration,5,1,211005,245338,0,0,0,245445,34440
rp2040_2,65,723,3,2,diagnostic_calibration,6,2,245445,279749,287810,0,0,287857,42412
rp2040_2,65,723,3,2,diagnostic_calibration,7,0,287857,322186,330247,338194,338879,338882,51025
rp2040_2,65,724,4,2,diagnostic_calibration,1,2,56960,91495,99578,0,0,99597,42637
rp2040_2,65,724,4,2,diagnostic_calibration,2,1,99602,133974,0,0,0,134042,34440
rp2040_2,65,724,4,2,diagnostic_calibration,3,2,134043,168370,176434,0,0,176495,42452
rp2040_2,65,724,4,2,diagnostic_calibration,4,2,176496,210820,218882,0,0,218943,42447
rp2040_2,65,724,4,2,diagnostic_calibration,5,1,218944,253274,0,0,0,253287,34343
rp2040_2,65,724,4,2,diagnostic_calibration,6,0,253288,287602,295663,303609,304295,304298,51010
rp2040_2,65,725,5,2,diagnostic_holdout,1,1,56995,91517,0,0,0,91629,34634
rp2040_2,65,725,5,2,diagnostic_holdout,2,2,91634,126000,134073,0,0,134109,42475
rp2040_2,65,725,5,2,diagnostic_holdout,3,2,134111,168470,176532,0,0,176658,42547
rp2040_2,65,725,5,2,diagnostic_holdout,4,1,176659,211003,0,0,0,211014,34355
rp2040_2,65,725,5,2,diagnostic_holdout,5,2,211015,245333,253394,0,0,253425,42410
rp2040_2,65,725,5,2,diagnostic_holdout,6,2,253425,287763,295824,0,0,295846,42421
rp2040_2,65,725,5,2,diagnostic_holdout,7,1,295847,330183,0,0,0,330305,34458
rp2040_2,65,725,5,2,diagnostic_holdout,8,2,330305,364617,372678,0,0,372739,42434
rp2040_2,65,725,5,2,diagnostic_holdout,9,0,372740,407058,415119,423066,423751,423754,51014
rp2040_2,65,726,6,2,diagnostic_holdout,1,1,57003,91527,0,0,0,91660,34657
rp2040_2,65,726,6,2,diagnostic_holdout,2,1,91666,126022,0,0,0,126149,34483
rp2040_2,65,726,6,2,diagnostic_holdout,3,0,126151,160481,168552,176503,177189,177191,51040
rp2040_2,65,727,7,2,diagnostic_holdout,1,2,56978,91496,99580,0,0,99622,42644
rp2040_2,65,727,7,2,diagnostic_holdout,2,1,99627,134003,0,0,0,134044,34417
rp2040_2,65,727,7,2,diagnostic_holdout,3,2,134045,168367,176431,0,0,176446,42401
rp2040_2,65,727,7,2,diagnostic_holdout,4,2,176447,210773,218835,0,0,218941,42494
rp2040_2,65,727,7,2,diagnostic_holdout,5,2,218942,253272,261333,0,0,261369,42427
rp2040_2,65,727,7,2,diagnostic_holdout,6,0,261370,295705,303766,311712,312398,312401,51031
rp2040_2,65,728,8,2,diagnostic_holdout,1,1,56958,91486,0,0,0,91599,34641
rp2040_2,65,728,8,2,diagnostic_holdout,2,0,91605,125974,134048,141998,142685,142688,51083
rp2040_2,65,729,9,2,diagnostic_holdout,1,2,57003,91533,99616,0,0,99641,42638
rp2040_2,65,729,9,2,diagnostic_holdout,2,1,99647,134019,0,0,0,134096,34449
rp2040_2,65,729,9,2,diagnostic_holdout,3,2,134097,168422,176484,0,0,176625,42528
rp2040_2,65,729,9,2,diagnostic_holdout,4,1,176625,210956,0,0,0,210983,34358
rp2040_2,65,729,9,2,diagnostic_holdout,5,1,210984,245293,0,0,0,245347,34363
rp2040_2,65,729,9,2,diagnostic_holdout,6,2,245347,279664,287724,0,0,287800,42453
rp2040_2,65,729,9,2,diagnostic_holdout,7,1,287801,322126,0,0,0,322159,34358
rp2040_2,65,729,9,2,diagnostic_holdout,8,2,322160,356476,364537,0,0,364551,42391
rp2040_2,65,729,9,2,diagnostic_holdout,9,2,364552,398877,406938,0,0,407009,42457
rp2040_2,65,729,9,2,diagnostic_holdout,10,2,407009,441345,449406,0,0,449511,42502
rp2040_2,65,729,9,2,diagnostic_holdout,11,2,449512,483839,491900,0,0,491946,42434
rp2040_2,65,729,9,2,diagnostic_holdout,12,1,491947,526280,0,0,0,526363,34416
rp2040_2,65,729,9,2,diagnostic_holdout,13,1,526364,560668,0,0,0,560688,34324
rp2040_2,65,729,9,2,diagnostic_holdout,14,2,560689,595002,603063,0,0,603137,42448
rp2040_2,65,729,9,2,diagnostic_holdout,15,0,603137,637468,645529,653476,654162,654165,51028
rp2040_2,65,730,0,3,diagnostic_calibration,1,0,56970,91499,99582,107533,108220,108226,51256
rp2040_2,65,731,1,3,diagnostic_calibration,1,2,56979,91499,99583,0,0,99615,42636
rp2040_2,65,731,1,3,diagnostic_calibration,2,2,99621,134007,142073,0,0,142083,42462
rp2040_2,65,731,1,3,diagnostic_calibration,3,2,142084,176414,184478,0,0,184587,42503
rp2040_2,65,731,1,3,diagnostic_calibration,4,2,184589,218913,226975,0,0,227027,42438
rp2040_2,65,731,1,3,diagnostic_calibration,5,1,227028,261354,0,0,0,261383,34355
rp2040_2,65,731,1,3,diagnostic_calibration,6,2,261384,295693,303754,0,0,303760,42376
rp2040_2,65,731,1,3,diagnostic_calibration,7,1,303761,338085,0,0,0,338151,34390
rp2040_2,65,731,1,3,diagnostic_calibration,8,0,338151,372461,380522,388468,389155,389158,51007
rp2040_2,65,732,2,3,diagnostic_calibration,1,0,56996,91530,99615,107566,108253,108259,51263
rp2040_2,65,733,3,3,diagnostic_calibration,1,1,56992,91517,0,0,0,91616,34624
rp2040_2,65,733,3,3,diagnostic_calibration,2,0,91621,125973,134047,141998,142684,142688,51067
rp2040_2,65,734,4,3,diagnostic_calibration,1,1,56956,91484,0,0,0,91524,34568
rp2040_2,65,734,4,3,diagnostic_calibration,2,2,91529,125884,133961,0,0,134116,42587
rp2040_2,65,734,4,3,diagnostic_calibration,3,2,134118,168470,176533,0,0,176582,42464
rp2040_2,65,734,4,3,diagnostic_calibration,4,2,176583,210916,218977,0,0,218995,42412
rp2040_2,65,734,4,3,diagnostic_calibration,5,1,218995,253319,0,0,0,253429,34434
rp2040_2,65,734,4,3,diagnostic_calibration,6,2,253430,287739,295800,0,0,295880,42450
rp2040_2,65,734,4,3,diagnostic_calibration,7,1,295881,330219,0,0,0,330241,34360
rp2040_2,65,734,4,3,diagnostic_calibration,8,2,330241,364560,372621,0,0,372712,42471
rp2040_2,65,734,4,3,diagnostic_calibration,9,1,372713,407037,0,0,0,407079,34366
rp2040_2,65,734,4,3,diagnostic_calibration,10,0,407080,441399,449460,457407,458094,458097,51017
rp2040_2,65,735,5,3,diagnostic_holdout,1,2,56962,91484,99567,0,0,99677,42715
rp2040_2,65,735,5,3,diagnostic_holdout,2,1,99681,134058,0,0,0,134110,34429
rp2040_2,65,735,5,3,diagnostic_holdout,3,2,134111,168431,176494,0,0,176503,42392
rp2040_2,65,735,5,3,diagnostic_holdout,4,0,176504,210847,218907,226854,227541,227544,51040
rp2040_2,65,736,6,3,diagnostic_holdout,1,2,57004,91521,99604,0,0,99631,42627
rp2040_2,65,736,6,3,diagnostic_holdout,2,2,99635,134010,142074,0,0,142139,42504
rp2040_2,65,736,6,3,diagnostic_holdout,3,2,142141,176492,184555,0,0,184603,42462
rp2040_2,65,736,6,3,diagnostic_holdout,4,1,184604,218950,0,0,0,219054,34450
rp2040_2,65,736,6,3,diagnostic_holdout,5,1,219055,253369,0,0,0,253411,34356
rp2040_2,65,736,6,3,diagnostic_holdout,6,1,253411,287722,0,0,0,287843,34432
rp2040_2,65,736,6,3,diagnostic_holdout,7,2,287844,322150,330212,0,0,330313,42469
rp2040_2,65,736,6,3,diagnostic_holdout,8,1,330314,364652,0,0,0,364689,34375
rp2040_2,65,736,6,3,diagnostic_holdout,9,0,364690,399002,407063,415010,415696,415699,51009
rp2040_2,65,737,7,3,diagnostic_holdout,1,2,56996,91509,99593,0,0,99743,42747
rp2040_2,65,737,7,3,diagnostic_holdout,2,1,99747,134131,0,0,0,134255,34508
rp2040_2,65,737,7,3,diagnostic_holdout,3,2,134256,168583,176647,0,0,176675,42419
rp2040_2,65,737,7,3,diagnostic_holdout,4,2,176676,211022,219084,0,0,219089,42413
rp2040_2,65,737,7,3,diagnostic_holdout,5,2,219089,253413,261473,0,0,261479,42390
rp2040_2,65,737,7,3,diagnostic_holdout,6,0,261480,295822,303883,311829,312515,312517,51037
rp2040_2,65,738,8,3,diagnostic_holdout,1,1,56981,91496,0,0,0,91615,34634
rp2040_2,65,738,8,3,diagnostic_holdout,2,2,91621,125979,134053,0,0,134115,42494
rp2040_2,65,738,8,3,diagnostic_holdout,3,1,134117,168463,0,0,0,168555,34438
rp2040_2,65,738,8,3,diagnostic_holdout,4,1,168556,202872,0,0,0,202921,34365
rp2040_2,65,738,8,3,diagnostic_holdout,5,0,202922,237228,245290,253237,253923,253926,51004
rp2040_2,65,739,9,3,diagnostic_holdout,1,1,56985,91499,0,0,0,91578,34593
rp2040_2,65,739,9,3,diagnostic_holdout,2,1,91584,125932,0,0,0,126018,34434
rp2040_2,65,739,9,3,diagnostic_holdout,3,2,126020,160336,168407,0,0,168432,42412
rp2040_2,65,739,9,3,diagnostic_holdout,4,2,168433,202759,210820,0,0,210886,42453
rp2040_2,65,739,9,3,diagnostic_holdout,5,1,210887,245228,0,0,0,245308,34421
rp2040_2,65,739,9,3,diagnostic_holdout,6,2,245309,279620,287681,0,0,287781,42472
rp2040_2,65,739,9,3,diagnostic_holdout,7,2,287782,322122,330183,0,0,330206,42424
rp2040_2,65,739,9,3,diagnostic_holdout,8,1,330207,364526,0,0,0,364595,34388
rp2040_2,65,739,9,3,diagnostic_holdout,9,1,364596,398903,0,0,0,398944,34348
rp2040_2,65,739,9,3,diagnostic_holdout,10,2,398944,433249,441310,0,0,441447,42503
rp2040_2,65,739,9,3,diagnostic_holdout,11,2,441448,475782,483843,0,0,483975,42527
rp2040_2,65,739,9,3,diagnostic_holdout,12,0,483976,518301,526362,534308,534994,534997,51021
rp2040_2,65,740,0,4,diagnostic_calibration,1,2,56959,91481,99564,0,0,99640,42681
rp2040_2,65,740,0,4,diagnostic_calibration,2,2,99646,134038,142103,0,0,142116,42470
rp2040_2,65,740,0,4,diagnostic_calibration,3,1,142119,176454,0,0,0,176569,34450
rp2040_2,65,740,0,4,diagnostic_calibration,4,2,176570,210877,218938,0,0,218987,42417
rp2040_2,65,740,0,4,diagnostic_calibration,5,0,218988,253314,261375,269321,270007,270009,51021
rp2040_2,65,741,1,4,diagnostic_calibration,1,1,56976,91510,0,0,0,91626,34650
rp2040_2,65,741,1,4,diagnostic_calibration,2,1,91631,125985,0,0,0,126009,34378
rp2040_2,65,741,1,4,diagnostic_calibration,3,0,126012,160339,168411,176362,177048,177052,51040
rp2040_2,65,742,2,4,diagnostic_calibration,1,2,56987,91513,99597,0,0,99737,42750
rp2040_2,65,742,2,4,diagnostic_calibration,2,2,99743,134127,142193,0,0,142239,42496
rp2040_2,65,742,2,4,diagnostic_calibration,3,2,142239,176584,184646,0,0,184784,42545
rp2040_2,65,742,2,4,diagnostic_calibration,4,2,184785,219123,227185,0,0,227250,42465
rp2040_2,65,742,2,4,diagnostic_calibration,5,2,227251,261579,269641,0,0,269678,42427
rp2040_2,65,742,2,4,diagnostic_calibration,6,1,269679,304000,0,0,0,304045,34366
rp2040_2,65,742,2,4,diagnostic_calibration,7,2,304046,338358,346419,0,0,346520,42474
rp2040_2,65,742,2,4,diagnostic_calibration,8,2,346520,380849,388910,0,0,388935,42415
rp2040_2,65,742,2,4,diagnostic_calibration,9,1,388935,423260,0,0,0,423267,34332
rp2040_2,65,742,2,4,diagnostic_calibration,10,2,423267,457578,465639,0,0,465756,42489
rp2040_2,65,742,2,4,diagnostic_calibration,11,1,465757,500080,0,0,0,500188,34431
rp2040_2,65,742,2,4,diagnostic_calibration,12,1,500189,534500,0,0,0,534505,34316
rp2040_2,65,742,2,4,diagnostic_calibration,13,0,534506,568813,576874,584820,585507,585510,51004
rp2040_2,65,743,3,4,diagnostic_calibration,1,0,56996,91520,99603,107554,108240,108246,51250
rp2040_2,65,744,4,4,diagnostic_calibration,1,1,56968,91500,0,0,0,91643,34675
rp2040_2,65,744,4,4,diagnostic_calibration,2,1,91649,126011,0,0,0,126024,34375
rp2040_2,65,744,4,4,diagnostic_calibration,3,0,126027,160352,168423,176373,177058,177061,51034
rp2040_2,65,745,5,4,diagnostic_holdout,1,2,56980,91505,99588,0,0,99665,42685
rp2040_2,65,745,5,4,diagnostic_holdout,2,0,99669,134048,142114,150060,150747,150751,51082
rp2040_2,65,746,6,4,diagnostic_holdout,1,1,56970,91485,0,0,0,91534,34564
rp2040_2,65,746,6,4,diagnostic_holdout,2,1,91540,125911,0,0,0,125977,34437
rp2040_2,65,746,6,4,diagnostic_holdout,3,0,125980,160302,168374,176325,177011,177014,51034
rp2040_2,65,747,7,4,diagnostic_holdout,1,2,57011,91525,99608,0,0,99657,42646
rp2040_2,65,747,7,4,diagnostic_holdout,2,2,99662,134039,142105,0,0,142209,42547
rp2040_2,65,747,7,4,diagnostic_holdout,3,2,142211,176553,184614,0,0,184623,42412
rp2040_2,65,747,7,4,diagnostic_holdout,4,1,184625,218955,0,0,0,219044,34419
rp2040_2,65,747,7,4,diagnostic_holdout,5,0,219045,253362,261423,269369,270055,270058,51013
rp2040_2,65,748,8,4,diagnostic_holdout,1,1,56966,91492,0,0,0,91571,34605
rp2040_2,65,748,8,4,diagnostic_holdout,2,2,91576,125945,134020,0,0,134044,42468
rp2040_2,65,748,8,4,diagnostic_holdout,3,1,134045,168402,0,0,0,168418,34373
rp2040_2,65,748,8,4,diagnostic_holdout,4,2,168419,202731,210794,0,0,210866,42447
rp2040_2,65,748,8,4,diagnostic_holdout,5,2,210867,245202,253264,0,0,253404,42537
rp2040_2,65,748,8,4,diagnostic_holdout,6,0,253404,287736,295797,303743,304428,304430,51026
rp2040_2,65,749,9,4,diagnostic_holdout,1,2,56994,91523,99606,0,0,99687,42693
rp2040_2,65,749,9,4,diagnostic_holdout,2,0,99693,134082,142149,150095,150781,150784,51091
rp2040_2,65,750,0,0,diagnostic_calibration,1,2,56975,91508,99591,0,0,99686,42711
rp2040_2,65,750,0,0,diagnostic_calibration,2,1,99693,134081,0,0,0,134130,34437
rp2040_2,65,750,0,0,diagnostic_calibration,3,2,134133,168450,176515,0,0,176558,42425
rp2040_2,65,750,0,0,diagnostic_calibration,4,2,176559,210896,218957,0,0,219065,42506
rp2040_2,65,750,0,0,diagnostic_calibration,5,2,219066,253401,261462,0,0,261498,42432
rp2040_2,65,750,0,0,diagnostic_calibration,6,1,261499,295828,0,0,0,295903,34404
rp2040_2,65,750,0,0,diagnostic_calibration,7,2,295904,330219,338280,0,0,338293,42389
rp2040_2,65,750,0,0,diagnostic_calibration,8,0,338293,372617,380678,388624,389311,389314,51021
rp2040_2,65,751,1,0,diagnostic_calibration,1,2,56990,91514,99598,0,0,99670,42680
rp2040_2,65,751,1,0,diagnostic_calibration,2,1,99675,134056,0,0,0,134071,34396
rp2040_2,65,751,1,0,diagnostic_calibration,3,2,134074,168404,176467,0,0,176519,42445
rp2040_2,65,751,1,0,diagnostic_calibration,4,1,176520,210847,0,0,0,210890,34370
rp2040_2,65,751,1,0,diagnostic_calibration,5,1,210891,245203,0,0,0,245285,34394
rp2040_2,65,751,1,0,diagnostic_calibration,6,0,245285,279596,287657,295604,296290,296293,51008
rp2040_2,65,752,2,0,diagnostic_calibration,1,2,56994,91519,99603,0,0,99760,42766
rp2040_2,65,752,2,0,diagnostic_calibration,2,1,99766,134148,0,0,0,134220,34454
rp2040_2,65,752,2,0,diagnostic_calibration,3,2,134222,168551,176614,0,0,176652,42430
rp2040_2,65,752,2,0,diagnostic_calibration,4,0,176654,210990,219052,226999,227685,227688,51034
rp2040_2,65,753,3,0,diagnostic_calibration,1,0,56985,91519,99602,107553,108239,108245,51260
rp2040_2,65,754,4,0,diagnostic_calibration,1,2,56993,91514,99597,0,0,99689,42696
rp2040_2,65,754,4,0,diagnostic_calibration,2,0,99695,134082,142146,150092,150779,150783,51088
rp2040_2,65,755,5,0,diagnostic_holdout,1,1,57002,91525,0,0,0,91665,34663
rp2040_2,65,755,5,0,diagnostic_holdout,2,2,91670,126029,134103,0,0,134123,42453
rp2040_2,65,755,5,0,diagnostic_holdout,3,0,134124,168479,176541,184488,185174,185177,51053
rp2040_2,65,756,6,0,diagnostic_holdout,1,2,57003,91529,99612,0,0,99647,42644
rp2040_2,65,756,6,0,diagnostic_holdout,2,1,99653,134027,0,0,0,134103,34450
rp2040_2,65,756,6,0,diagnostic_holdout,3,2,134103,168421,176484,0,0,176506,42403
rp2040_2,65,756,6,0,diagnostic_holdout,4,2,176506,210838,218899,0,0,219031,42525
rp2040_2,65,756,6,0,diagnostic_holdout,5,1,219031,253350,0,0,0,253420,34389
rp2040_2,65,756,6,0,diagnostic_holdout,6,0,253421,287737,295798,303744,304430,304433,51012
rp2040_2,65,757,7,0,diagnostic_holdout,1,1,56976,91503,0,0,0,91628,34652
rp2040_2,65,757,7,0,diagnostic_holdout,2,1,91632,125986,0,0,0,126014,34382
rp2040_2,65,757,7,0,diagnostic_holdout,3,2,126015,160343,168414,0,0,168465,42450
rp2040_2,65,757,7,0,diagnostic_holdout,4,1,168466,202798,0,0,0,202848,34382
rp2040_2,65,757,7,0,diagnostic_holdout,5,0,202848,237152,245215,253161,253847,253849,51001
rp2040_2,65,758,8,0,diagnostic_holdout,1,0,56958,91484,99568,107519,108204,108210,51252
rp2040_2,65,759,9,0,diagnostic_holdout,1,2,56992,91511,99594,0,0,99628,42636
rp2040_2,65,759,9,0,diagnostic_holdout,2,1,99634,134021,0,0,0,134100,34466
rp2040_2,65,759,9,0,diagnostic_holdout,3,1,134103,168426,0,0,0,168491,34388
rp2040_2,65,759,9,0,diagnostic_holdout,4,0,168492,202810,210872,218819,219506,219509,51017
rp2040_2,65,760,0,1,diagnostic_calibration,1,2,56986,91505,99589,0,0,99735,42749
rp2040_2,65,760,0,1,diagnostic_calibration,2,0,99740,134126,142192,150139,150825,150829,51089
rp2040_2,65,761,1,1,diagnostic_calibration,1,2,57001,91539,99623,0,0,99658,42657
rp2040_2,65,761,1,1,diagnostic_calibration,2,1,99664,134066,0,0,0,134183,34519
rp2040_2,65,761,1,1,diagnostic_calibration,3,0,134184,168517,176581,184528,185214,185217,51033
rp2040_2,65,762,2,1,diagnostic_calibration,1,1,56982,91518,0,0,0,91555,34573
rp2040_2,65,762,2,1,diagnostic_calibration,2,1,91562,125920,0,0,0,125977,34415
rp2040_2,65,762,2,1,diagnostic_calibration,3,2,125979,160299,168369,0,0,168504,42525
rp2040_2,65,762,2,1,diagnostic_calibration,4,2,168505,202852,210915,0,0,211063,42558
rp2040_2,65,762,2,1,diagnostic_calibration,5,1,211063,245388,0,0,0,245400,34337
rp2040_2,65,762,2,1,diagnostic_calibration,6,1,245400,279720,0,0,0,279731,34331
rp2040_2,65,762,2,1,diagnostic_calibration,7,1,279731,314044,0,0,0,314117,34386
rp2040_2,65,762,2,1,diagnostic_calibration,8,1,314118,348420,0,0,0,348524,34406
rp2040_2,65,762,2,1,diagnostic_calibration,9,0,348525,382839,390900,398846,399533,399536,51011
rp2040_2,65,763,3,1,diagnostic_calibration,1,1,56986,91507,0,0,0,91638,34652
rp2040_2,65,763,3,1,diagnostic_calibration,2,1,91643,126005,0,0,0,126121,34478
rp2040_2,65,763,3,1,diagnostic_calibration,3,0,126122,160440,168512,176463,177150,177154,51032
rp2040_2,65,764,4,1,diagnostic_calibration,1,1,56966,91497,0,0,0,91592,34626
rp2040_2,65,764,4,1,diagnostic_calibration,2,2,91597,125959,134034,0,0,134049,42452
rp2040_2,65,764,4,1,diagnostic_calibration,3,0,134051,168400,176464,184411,185098,185101,51050
rp2040_2,65,765,5,1,diagnostic_holdout,1,2,56998,91519,99602,0,0,99617,42619
rp2040_2,65,765,5,1,diagnostic_holdout,2,1,99622,133999,0,0,0,134041,34419
rp2040_2,65,765,5,1,diagnostic_holdout,3,2,134042,168363,176425,0,0,176562,42520
rp2040_2,65,765,5,1,diagnostic_holdout,4,2,176563,210896,218957,0,0,219083,42520
rp2040_2,65,765,5,1,diagnostic_holdout,5,2,219083,253421,261482,0,0,261540,42457
rp2040_2,65,765,5,1,diagnostic_holdout,6,2,261541,295868,303929,0,0,304004,42463
rp2040_2,65,765,5,1,diagnostic_holdout,7,2,304005,338347,346408,0,0,346467,42462
rp2040_2,65,765,5,1,diagnostic_holdout,8,1,346468,380787,0,0,0,380828,34360
rp2040_2,65,765,5,1,diagnostic_holdout,9,1,380829,415138,0,0,0,415215,34386
rp2040_2,65,765,5,1,diagnostic_holdout,10,0,415215,449522,457583,465529,466215,466218,51003
rp2040_2,65,766,6,1,diagnostic_holdout,1,1,56983,91506,0,0,0,91622,34639
rp2040_2,65,766,6,1,diagnostic_holdout,2,0,91627,125983,134056,142007,142692,142696,51069
rp2040_2,65,767,7,1,diagnostic_holdout,1,1,56999,91515,0,0,0,91538,34539
rp2040_2,65,767,7,1,diagnostic_holdout,2,2,91543,125892,133970,0,0,134017,42474
rp2040_2,65,767,7,1,diagnostic_holdout,3,1,134020,168360,0,0,0,168443,34423
rp2040_2,65,767,7,1,diagnostic_holdout,4,1,168443,202754,0,0,0,202778,34335
rp2040_2,65,767,7,1,diagnostic_holdout,5,2,202778,237086,245148,0,0,245227,42449
rp2040_2,65,767,7,1,diagnostic_holdout,6,2,245227,279557,287619,0,0,287632,42405
rp2040_2,65,767,7,1,diagnostic_holdout,7,1,287633,321962,0,0,0,322074,34441
rp2040_2,65,767,7,1,diagnostic_holdout,8,2,322074,356386,364447,0,0,364598,42524
rp2040_2,65,767,7,1,diagnostic_holdout,9,2,364599,398929,406990,0,0,407081,42482
rp2040_2,65,767,7,1,diagnostic_holdout,10,0,407081,441409,449470,457416,458102,458104,51023
rp2040_2,65,768,8,1,diagnostic_holdout,1,1,56964,91487,0,0,0,91528,34564
rp2040_2,65,768,8,1,diagnostic_holdout,2,0,91533,125883,133956,141906,142592,142595,51062
rp2040_2,65,769,9,1,diagnostic_holdout,1,1,56987,91508,0,0,0,91591,34604
rp2040_2,65,769,9,1,diagnostic_holdout,2,0,91596,125954,134026,141976,142662,142665,51069
rp2040_2,65,770,0,2,diagnostic_calibration,1,0,56975,91489,99572,107522,108210,108216,51241
rp2040_2,65,771,1,2,diagnostic_calibration,1,1,56979,91498,0,0,0,91560,34581
rp2040_2,65,771,1,2,diagnostic_calibration,2,1,91565,125923,0,0,0,125946,34381
rp2040_2,65,771,1,2,diagnostic_calibration,3,1,125948,160267,0,0,0,160329,34381
rp2040_2,65,771,1,2,diagnostic_calibration,4,2,160330,194645,202715,0,0,202760,42430
rp2040_2,65,771,1,2,diagnostic_calibration,5,2,202761,237099,245161,0,0,245286,42525
rp2040_2,65,771,1,2,diagnostic_calibration,6,2,245287,279613,287675,0,0,287731,42444
rp2040_2,65,771,1,2,diagnostic_calibration,7,0,287731,322058,330119,338065,338752,338755,51024
rp2040_2,65,772,2,2,diagnostic_calibration,1,2,56996,91522,99605,0,0,99652,42656
rp2040_2,65,772,2,2,diagnostic_calibration,2,2,99657,134029,142095,0,0,142236,42579
rp2040_2,65,772,2,2,diagnostic_calibration,3,2,142237,176562,184624,0,0,184733,42496
rp2040_2,65,772,2,2,diagnostic_calibration,4,2,184733,219065,227127,0,0,227214,42481
rp2040_2,65,772,2,2,diagnostic_calibration,5,2,227215,261541,269602,0,0,269628,42413
rp2040_2,65,772,2,2,diagnostic_calibration,6,1,269629,303953,0,0,0,304029,34400
rp2040_2,65,772,2,2,diagnostic_calibration,7,2,304029,338345,346406,0,0,346511,42482
rp2040_2,65,772,2,2,diagnostic_calibration,8,1,346512,380843,0,0,0,380895,34383
rp2040_2,65,772,2,2,diagnostic_calibration,9,2,380896,415202,423263,0,0,423382,42486
rp2040_2,65,772,2,2,diagnostic_calibration,10,2,423382,457704,465765,0,0,465906,42524
rp2040_2,65,772,2,2,diagnostic_calibration,11,2,465906,500232,508293,0,0,508419,42513
rp2040_2,65,772,2,2,diagnostic_calibration,12,0,508420,542746,550807,558754,559440,559442,51022
rp2040_2,65,773,3,2,diagnostic_calibration,1,1,56987,91499,0,0,0,91592,34605
rp2040_2,65,773,3,2,diagnostic_calibration,2,2,91598,125965,134038,0,0,134097,42499
rp2040_2,65,773,3,2,diagnostic_calibration,3,2,134098,168446,176512,0,0,176580,42482
rp2040_2,65,773,3,2,diagnostic_calibration,4,1,176580,210916,0,0,0,210937,34357
rp2040_2,65,773,3,2,diagnostic_calibration,5,1,210937,245245,0,0,0,245319,34382
rp2040_2,65,773,3,2,diagnostic_calibration,6,1,245320,279627,0,0,0,279656,34336
rp2040_2,65,773,3,2,diagnostic_calibration,7,2,279656,313963,322024,0,0,322142,42486
rp2040_2,65,773,3,2,diagnostic_calibration,8,1,322142,356466,0,0,0,356556,34414
rp2040_2,65,773,3,2,diagnostic_calibration,9,2,356556,390869,398929,0,0,398937,42381
rp2040_2,65,773,3,2,diagnostic_calibration,10,1,398938,433255,0,0,0,433325,34387
rp2040_2,65,773,3,2,diagnostic_calibration,11,2,433326,467636,475697,0,0,475757,42431
rp2040_2,65,773,3,2,diagnostic_calibration,12,2,475758,510098,518159,0,0,518171,42413
rp2040_2,65,773,3,2,diagnostic_calibration,13,1,518171,552508,0,0,0,552609,34438
rp2040_2,65,773,3,2,diagnostic_calibration,14,2,552610,586920,594981,0,0,595080,42470
rp2040_2,65,773,3,2,diagnostic_calibration,15,2,595081,629417,637478,0,0,637562,42481
rp2040_2,65,773,3,2,diagnostic_calibration,16,0,637563,671895,679956,687902,688589,688592,51029
rp2040_2,65,774,4,2,diagnostic_calibration,1,1,56954,91465,0,0,0,91503,34549
rp2040_2,65,774,4,2,diagnostic_calibration,2,2,91508,125857,133932,0,0,133967,42459
rp2040_2,65,774,4,2,diagnostic_calibration,3,0,133969,168319,176380,184327,185013,185016,51047
rp2040_2,65,775,5,2,diagnostic_holdout,1,1,56968,91493,0,0,0,91543,34575
rp2040_2,65,775,5,2,diagnostic_holdout,2,1,91548,125912,0,0,0,125965,34417
rp2040_2,65,775,5,2,diagnostic_holdout,3,1,125967,160297,0,0,0,160336,34369
rp2040_2,65,775,5,2,diagnostic_holdout,4,2,160338,194646,202717,0,0,202785,42447
rp2040_2,65,775,5,2,diagnostic_holdout,5,2,202786,237118,245179,0,0,245187,42401
rp2040_2,65,775,5,2,diagnostic_holdout,6,1,245187,279518,0,0,0,279599,34412
rp2040_2,65,775,5,2,diagnostic_holdout,7,1,279600,313918,0,0,0,314011,34411
rp2040_2,65,775,5,2,diagnostic_holdout,8,2,314012,348322,356383,0,0,356405,42393
rp2040_2,65,775,5,2,diagnostic_holdout,9,2,356406,390737,398798,0,0,398860,42454
rp2040_2,65,775,5,2,diagnostic_holdout,10,1,398861,433193,0,0,0,433256,34395
rp2040_2,65,775,5,2,diagnostic_holdout,11,2,433256,467564,475625,0,0,475651,42395
rp2040_2,65,775,5,2,diagnostic_holdout,12,2,475652,509987,518048,0,0,518160,42508
rp2040_2,65,775,5,2,diagnostic_holdout,13,1,518161,552496,0,0,0,552583,34422
rp2040_2,65,775,5,2,diagnostic_holdout,14,2,552584,586889,594950,0,0,595082,42498
rp2040_2,65,775,5,2,diagnostic_holdout,15,2,595083,629418,637479,0,0,637511,42428
rp2040_2,65,775,5,2,diagnostic_holdout,16,1,637512,671834,0,0,0,671856,34344
rp2040_2,65,775,5,2,diagnostic_holdout,17,2,671857,706164,714225,0,0,714233,42376
rp2040_2,65,775,5,2,diagnostic_holdout,18,2,714234,748576,756637,0,0,756643,42409
rp2040_2,65,775,5,2,diagnostic_holdout,19,1,756643,790967,0,0,0,791007,34364
rp2040_2,65,775,5,2,diagnostic_holdout,20,2,791008,825320,833380,0,0,833502,42494
rp2040_2,65,775,5,2,diagnostic_holdout,21,0,833503,867826,875887,883833,884520,884523,51020
rp2040_2,65,776,6,2,diagnostic_holdout,1,2,56961,91492,99575,0,0,99618,42657
rp2040_2,65,776,6,2,diagnostic_holdout,2,2,99623,133992,142055,0,0,142158,42535
rp2040_2,65,776,6,2,diagnostic_holdout,3,2,142161,176498,184561,0,0,184708,42547
rp2040_2,65,776,6,2,diagnostic_holdout,4,1,184709,219056,0,0,0,219118,34409
rp2040_2,65,776,6,2,diagnostic_holdout,5,2,219118,253425,261487,0,0,261507,42389
rp2040_2,65,776,6,2,diagnostic_holdout,6,2,261508,295838,303899,0,0,303915,42407
rp2040_2,65,776,6,2,diagnostic_holdout,7,2,303915,338245,346306,0,0,346352,42437
rp2040_2,65,776,6,2,diagnostic_holdout,8,2,346353,380682,388743,0,0,388774,42421
rp2040_2,65,776,6,2,diagnostic_holdout,9,1,388775,423105,0,0,0,423156,34381
rp2040_2,65,776,6,2,diagnostic_holdout,10,2,423157,457470,465531,0,0,465569,42412
rp2040_2,65,776,6,2,diagnostic_holdout,11,0,465569,499901,507962,515908,516595,516597,51028
rp2040_2,65,777,7,2,diagnostic_holdout,1,2,56986,91502,99585,0,0,99684,42698
rp2040_2,65,777,7,2,diagnostic_holdout,2,2,99689,134067,142131,0,0,142159,42470
rp2040_2,65,777,7,2,diagnostic_holdout,3,1,142161,176506,0,0,0,176587,34426
rp2040_2,65,777,7,2,diagnostic_holdout,4,1,176588,210903,0,0,0,210935,34347
rp2040_2,65,777,7,2,diagnostic_holdout,5,0,210936,245248,253310,261257,261942,261946,51010
rp2040_2,65,778,8,2,diagnostic_holdout,1,1,56980,91511,0,0,0,91538,34558
rp2040_2,65,778,8,2,diagnostic_holdout,2,1,91543,125903,0,0,0,125981,34438
rp2040_2,65,778,8,2,diagnostic_holdout,3,0,125981,160304,168374,176325,177011,177014,51033
rp2040_2,65,779,9,2,diagnostic_holdout,1,1,56979,91493,0,0,0,91563,34584
rp2040_2,65,779,9,2,diagnostic_holdout,2,0,91569,125935,134008,141959,142644,142647,51078
rp2040_2,65,780,0,3,diagnostic_calibration,1,0,56987,91499,99582,107532,108218,108224,51237
rp2040_2,65,781,1,3,diagnostic_calibration,1,2,56979,91505,99588,0,0,99618,42639
rp2040_2,65,781,1,3,diagnostic_calibration,2,2,99623,134009,142074,0,0,142110,42487
rp2040_2,65,781,1,3,diagnostic_calibration,3,1,142114,176467,0,0,0,176481,34367
rp2040_2,65,781,1,3,diagnostic_calibration,4,1,176482,210799,0,0,0,210909,34427
rp2040_2,65,781,1,3,diagnostic_calibration,5,2,210910,245219,253281,0,0,253332,42422
rp2040_2,65,781,1,3,diagnostic_calibration,6,1,253333,287656,0,0,0,287698,34365
rp2040_2,65,781,1,3,diagnostic_calibration,7,0,287699,322009,330070,338016,338701,338704,51005
rp2040_2,65,782,2,3,diagnostic_calibration,1,2,57017,91534,99617,0,0,99760,42743
rp2040_2,65,782,2,3,diagnostic_calibration,2,1,99766,134150,0,0,0,134219,34453
rp2040_2,65,782,2,3,diagnostic_calibration,3,2,134223,168547,176608,0,0,176682,42459
rp2040_2,65,782,2,3,diagnostic_calibration,4,2,176683,211014,219076,0,0,219087,42404
rp2040_2,65,782,2,3,diagnostic_calibration,5,1,219087,253413,0,0,0,253487,34400
rp2040_2,65,782,2,3,diagnostic_calibration,6,2,253488,287803,295864,0,0,295993,42505
rp2040_2,65,782,2,3,diagnostic_calibration,7,1,295994,330324,0,0,0,330401,34407
rp2040_2,65,782,2,3,diagnostic_calibration,8,2,330402,364717,372778,0,0,372908,42506
rp2040_2,65,782,2,3,diagnostic_calibration,9,0,372908,407232,415293,423239,423925,423929,51021
rp2040_2,65,783,3,3,diagnostic_calibration,1,2,56983,91508,99592,0,0,99689,42706
rp2040_2,65,783,3,3,diagnostic_calibration,2,2,99695,134067,142130,0,0,142199,42504
rp2040_2,65,783,3,3,diagnostic_calibration,3,0,142202,176541,184602,192549,193235,193239,51037
rp2040_2,65,784,4,3,diagnostic_calibration,1,1,56973,91491,0,0,0,91550,34577
rp2040_2,65,784,4,3,diagnostic_calibration,2,2,91555,125910,133984,0,0,134126,42571
rp2040_2,65,784,4,3,diagnostic_calibration,3,1,134128,168467,0,0,0,168493,34365
rp2040_2,65,784,4,3,diagnostic_calibration,4,1,168494,202810,0,0,0,202885,34391
rp2040_2,65,784,4,3,diagnostic_calibration,5,2,202886,237198,245260,0,0,245289,42403
rp2040_2,65,784,4,3,diagnostic_calibration,6,0,245289,279617,287678,295625,296310,296314,51025
rp2040_2,65,785,5,3,diagnostic_holdout,1,0,57001,91528,99611,107562,108248,108254,51253
rp2040_2,65,786,6,3,diagnostic_holdout,1,0,56978,91497,99581,107531,108218,108224,51246
rp2040_2,65,787,7,3,diagnostic_holdout,1,0,57009,91530,99613,107564,108250,108256,51247
rp2040_2,65,788,8,3,diagnostic_holdout,1,2,56968,91489,99571,0,0,99601,42633
rp2040_2,65,788,8,3,diagnostic_holdout,2,0,99605,133992,142056,150005,150690,150694,51089
rp2040_2,65,789,9,3,diagnostic_holdout,1,2,56990,91506,99589,0,0,99669,42679
rp2040_2,65,789,9,3,diagnostic_holdout,2,2,99674,134071,142138,0,0,142170,42496
rp2040_2,65,789,9,3,diagnostic_holdout,3,0,142170,176520,184584,192530,193216,193219,51049
rp2040_2,65,790,0,4,diagnostic_calibration,1,0,56961,91479,99563,107513,108199,108205,51244
rp2040_2,65,791,1,4,diagnostic_calibration,1,0,56960,91484,99567,107518,108204,108211,51251
rp2040_2,65,792,2,4,diagnostic_calibration,1,1,56984,91522,0,0,0,91590,34606
rp2040_2,65,792,2,4,diagnostic_calibration,2,1,91595,125967,0,0,0,126035,34440
rp2040_2,65,792,2,4,diagnostic_calibration,3,2,126037,160364,168436,0,0,168476,42439
rp2040_2,65,792,2,4,diagnostic_calibration,4,1,168478,202816,0,0,0,202943,34465
rp2040_2,65,792,2,4,diagnostic_calibration,5,1,202944,237253,0,0,0,237260,34316
rp2040_2,65,792,2,4,diagnostic_calibration,6,2,237260,271577,279640,0,0,279737,42477
rp2040_2,65,792,2,4,diagnostic_calibration,7,2,279738,314060,322121,0,0,322164,42426
rp2040_2,65,792,2,4,diagnostic_calibration,8,0,322164,356492,364553,372499,373186,373189,51025
rp2040_2,65,793,3,4,diagnostic_calibration,1,1,57000,91528,0,0,0,91657,34657
rp2040_2,65,793,3,4,diagnostic_calibration,2,1,91663,126028,0,0,0,126147,34484
rp2040_2,65,793,3,4,diagnostic_calibration,3,2,126149,160467,168538,0,0,168559,42410
rp2040_2,65,793,3,4,diagnostic_calibration,4,0,168561,202898,210961,218908,219595,219597,51036
rp2040_2,65,794,4,4,diagnostic_calibration,1,1,56967,91489,0,0,0,91607,34640
rp2040_2,65,794,4,4,diagnostic_calibration,2,1,91611,125967,0,0,0,126052,34441
rp2040_2,65,794,4,4,diagnostic_calibration,3,1,126054,160383,0,0,0,160397,34343
rp2040_2,65,794,4,4,diagnostic_calibration,4,0,160397,194706,202777,210727,211412,211415,51018
rp2040_2,65,795,5,4,diagnostic_holdout,1,2,56990,91516,99601,0,0,99691,42701
rp2040_2,65,795,5,4,diagnostic_holdout,2,2,99696,134081,142145,0,0,142213,42517
rp2040_2,65,795,5,4,diagnostic_holdout,3,2,142214,176564,184626,0,0,184745,42531
rp2040_2,65,795,5,4,diagnostic_holdout,4,1,184746,219089,0,0,0,219181,34435
rp2040_2,65,795,5,4,diagnostic_holdout,5,1,219181,253491,0,0,0,253496,34315
rp2040_2,65,795,5,4,diagnostic_holdout,6,1,253497,287818,0,0,0,287934,34437
rp2040_2,65,795,5,4,diagnostic_holdout,7,0,287934,322242,330303,338249,338936,338939,51005
rp2040_2,65,796,6,4,diagnostic_holdout,1,0,56984,91505,99588,107539,108225,108232,51248
rp2040_2,65,797,7,4,diagnostic_holdout,1,2,56992,91524,99607,0,0,99637,42645
rp2040_2,65,797,7,4,diagnostic_holdout,2,2,99642,134033,142099,0,0,142111,42469
rp2040_2,65,797,7,4,diagnostic_holdout,3,2,142112,176460,184522,0,0,184538,42426
rp2040_2,65,797,7,4,diagnostic_holdout,4,1,184538,218872,0,0,0,218937,34399
rp2040_2,65,797,7,4,diagnostic_holdout,5,1,218938,253249,0,0,0,253304,34366
rp2040_2,65,797,7,4,diagnostic_holdout,6,2,253305,287615,295676,0,0,295697,42392
rp2040_2,65,797,7,4,diagnostic_holdout,7,0,295698,330025,338086,346034,346720,346722,51024
rp2040_2,65,798,8,4,diagnostic_holdout,1,0,56969,91492,99577,107527,108213,108220,51251
rp2040_2,65,799,9,4,diagnostic_holdout,1,1,56993,91516,0,0,0,91548,34555
rp2040_2,65,799,9,4,diagnostic_holdout,2,0,91553,125924,133999,141949,142636,142641,51088
rp2040_2,65,800,0,0,diagnostic_calibration,1,1,56969,91485,0,0,0,91561,34592
rp2040_2,65,800,0,0,diagnostic_calibration,2,0,91566,125918,133992,141942,142629,142633,51067
rp2040_2,65,801,1,0,diagnostic_calibration,1,1,56988,91510,0,0,0,91531,34543
rp2040_2,65,801,1,0,diagnostic_calibration,2,2,91536,125898,133974,0,0,134066,42530
rp2040_2,65,801,1,0,diagnostic_calibration,3,1,134069,168416,0,0,0,168510,34441
rp2040_2,65,801,1,0,diagnostic_calibration,4,2,168510,202818,210882,0,0,210941,42431
rp2040_2,65,801,1,0,diagnostic_calibration,5,2,210942,245271,253332,0,0,253440,42498
rp2040_2,65,801,1,0,diagnostic_calibration,6,0,253441,287770,295831,303778,304463,304466,51025
rp2040_2,65,802,2,0,diagnostic_calibration,1,2,56980,91502,99585,0,0,99663,42683
rp2040_2,65,802,2,0,diagnostic_calibration,2,1,99668,134051,0,0,0,134115,34447
rp2040_2,65,802,2,0,diagnostic_calibration,3,1,134117,168434,0,0,0,168471,34354
rp2040_2,65,802,2,0,diagnostic_calibration,4,1,168472,202785,0,0,0,202810,34338
rp2040_2,65,802,2,0,diagnostic_calibration,5,1,202810,237122,0,0,0,237137,34327
rp2040_2,65,802,2,0,diagnostic_calibration,6,1,237138,271438,0,0,0,271469,34331
rp2040_2,65,802,2,0,diagnostic_calibration,7,0,271470,305782,313845,321791,322478,322480,51010
rp2040_2,65,803,3,0,diagnostic_calibration,1,1,56996,91518,0,0,0,91644,34648
rp2040_2,65,803,3,0,diagnostic_calibration,2,2,91650,126015,134089,0,0,134242,42592
rp2040_2,65,803,3,0,diagnostic_calibration,3,0,134244,168584,176649,184596,185283,185286,51042
rp2040_2,65,804,4,0,diagnostic_calibration,1,1,56986,91494,0,0,0,91588,34602
rp2040_2,65,804,4,0,diagnostic_calibration,2,0,91594,125947,134020,141971,142657,142660,51066
rp2040_2,65,805,5,0,diagnostic_holdout,1,1,56966,91490,0,0,0,91555,34589
rp2040_2,65,805,5,0,diagnostic_holdout,2,1,91560,125917,0,0,0,126045,34485
rp2040_2,65,805,5,0,diagnostic_holdout,3,2,126046,160364,168434,0,0,168585,42539
rp2040_2,65,805,5,0,diagnostic_holdout,4,1,168586,202922,0,0,0,202935,34349
rp2040_2,65,805,5,0,diagnostic_holdout,5,2,202936,237258,245319,0,0,245339,42403
rp2040_2,65,805,5,0,diagnostic_holdout,6,2,245340,279666,287728,0,0,287751,42411
rp2040_2,65,805,5,0,diagnostic_holdout,7,1,287751,322082,0,0,0,322186,34435
rp2040_2,65,805,5,0,diagnostic_holdout,8,1,322186,356498,0,0,0,356525,34339
rp2040_2,65,805,5,0,diagnostic_holdout,9,1,356526,390841,0,0,0,390937,34411
rp2040_2,65,805,5,0,diagnostic_holdout,10,0,390938,425253,433314,441260,441946,441948,51010
rp2040_2,65,806,6,0,diagnostic_holdout,1,1,56972,91492,0,0,0,91613,34641
rp2040_2,65,806,6,0,diagnostic_holdout,2,2,91619,125973,134046,0,0,134201,42582
rp2040_2,65,806,6,0,diagnostic_holdout,3,2,134204,168547,176611,0,0,176700,42496
rp2040_2,65,806,6,0,diagnostic_holdout,4,1,176702,211039,0,0,0,211132,34430
rp2040_2,65,806,6,0,diagnostic_holdout,5,2,211133,245444,253506,0,0,253527,42394
rp2040_2,65,806,6,0,diagnostic_holdout,6,0,253529,287852,295913,303859,304546,304549,51020
rp2040_2,65,807,7,0,diagnostic_holdout,1,2,56987,91525,99609,0,0,99665,42678
rp2040_2,65,807,7,0,diagnostic_holdout,2,1,99670,134067,0,0,0,134166,34496
rp2040_2,65,807,7,0,diagnostic_holdout,3,1,134167,168494,0,0,0,168580,34413
rp2040_2,65,807,7,0,diagnostic_holdout,4,2,168580,202903,210965,0,0,211089,42509
rp2040_2,65,807,7,0,diagnostic_holdout,5,2,211090,245425,253486,0,0,253589,42499
rp2040_2,65,807,7,0,diagnostic_holdout,6,1,253589,287936,0,0,0,288039,34450
rp2040_2,65,807,7,0,diagnostic_holdout,7,1,288040,322348,0,0,0,322377,34337
rp2040_2,65,807,7,0,diagnostic_holdout,8,2,322377,356684,364745,0,0,364776,42399
rp2040_2,65,807,7,0,diagnostic_holdout,9,1,364776,399101,0,0,0,399131,34355
rp2040_2,65,807,7,0,diagnostic_holdout,10,2,399131,433446,441507,0,0,441521,42390
rp2040_2,65,807,7,0,diagnostic_holdout,11,1,441522,475843,0,0,0,475860,34338
rp2040_2,65,807,7,0,diagnostic_holdout,12,2,475861,510176,518237,0,0,518305,42444
rp2040_2,65,807,7,0,diagnostic_holdout,13,1,518305,552638,0,0,0,552753,34448
rp2040_2,65,807,7,0,diagnostic_holdout,14,2,552753,587054,595115,0,0,595170,42417
rp2040_2,65,807,7,0,diagnostic_holdout,15,2,595171,629501,637562,0,0,637685,42514
rp2040_2,65,807,7,0,diagnostic_holdout,16,2,637685,672016,680077,0,0,680157,42472
rp2040_2,65,807,7,0,diagnostic_holdout,17,2,680157,714481,722542,0,0,722684,42527
rp2040_2,65,807,7,0,diagnostic_holdout,18,2,722684,757015,765076,0,0,765156,42472
rp2040_2,65,807,7,0,diagnostic_holdout,19,1,765156,799486,0,0,0,799493,34337
rp2040_2,65,807,7,0,diagnostic_holdout,20,2,799494,833809,841870,0,0,841917,42423
rp2040_2,65,807,7,0,diagnostic_holdout,21,1,841918,876243,0,0,0,876255,34337
rp2040_2,65,807,7,0,diagnostic_holdout,22,2,876256,910559,918620,0,0,918663,42407
rp2040_2,65,807,7,0,diagnostic_holdout,23,1,918664,952993,0,0,0,953048,34384
rp2040_2,65,807,7,0,diagnostic_holdout,24,0,953049,987360,995421,1003367,1004053,1004056,51007
rp2040_2,65,808,8,0,diagnostic_holdout,1,1,56954,91487,0,0,0,91600,34646
rp2040_2,65,808,8,0,diagnostic_holdout,2,0,91605,125973,134046,141997,142683,142686,51081
rp2040_2,65,809,9,0,diagnostic_holdout,1,0,56980,91495,99579,107529,108215,108222,51242
rp2040_2,65,810,0,1,diagnostic_calibration,1,2,57006,91518,99601,0,0,99716,42710
rp2040_2,65,810,0,1,diagnostic_calibration,2,1,99722,134095,0,0,0,134183,34461
rp2040_2,65,810,0,1,diagnostic_calibration,3,0,134186,168511,176575,184522,185208,185212,51026
rp2040_2,65,811,1,1,diagnostic_calibration,1,1,56985,91513,0,0,0,91571,34586
rp2040_2,65,811,1,1,diagnostic_calibration,2,1,91576,125921,0,0,0,125984,34408
rp2040_2,65,811,1,1,diagnostic_calibration,3,1,125987,160302,0,0,0,160360,34373
rp2040_2,65,811,1,1,diagnostic_calibration,4,1,160360,194677,0,0,0,194688,34328
rp2040_2,65,811,1,1,diagnostic_calibration,5,1,194689,229004,0,0,0,229091,34402
rp2040_2,65,811,1,1,diagnostic_calibration,6,0,229091,263406,271477,279428,280114,280116,51025
rp2040_2,65,812,2,1,diagnostic_calibration,1,0,56981,91497,99580,107531,108216,108222,51241
rp2040_2,65,813,3,1,diagnostic_calibration,1,0,56987,91522,99605,107556,108243,108249,51262
rp2040_2,65,814,4,1,diagnostic_calibration,1,2,56958,91482,99566,0,0,99627,42669
rp2040_2,65,814,4,1,diagnostic_calibration,2,2,99632,134016,142080,0,0,142127,42495
rp2040_2,65,814,4,1,diagnostic_calibration,3,0,142128,176468,184530,192476,193162,193166,51038
rp2040_2,65,815,5,1,diagnostic_holdout,1,1,56974,91499,0,0,0,91580,34606
rp2040_2,65,815,5,1,diagnostic_holdout,2,2,91585,125967,134041,0,0,134114,42529
rp2040_2,65,815,5,1,diagnostic_holdout,3,1,134116,168473,0,0,0,168535,34419
rp2040_2,65,815,5,1,diagnostic_holdout,4,0,168536,202845,210906,218853,219540,219543,51007
rp2040_2,65,816,6,1,diagnostic_holdout,1,1,56981,91499,0,0,0,91540,34559
rp2040_2,65,816,6,1,diagnostic_holdout,2,1,91546,125908,0,0,0,125980,34434
rp2040_2,65,816,6,1,diagnostic_holdout,3,2,125982,160302,168375,0,0,168389,42407
rp2040_2,65,816,6,1,diagnostic_holdout,4,1,168390,202714,0,0,0,202738,34348
rp2040_2,65,816,6,1,diagnostic_holdout,5,2,202739,237060,245124,0,0,245168,42429
rp2040_2,65,816,6,1,diagnostic_holdout,6,1,245169,279510,0,0,0,279617,34448
rp2040_2,65,816,6,1,diagnostic_holdout,7,2,279618,313926,321988,0,0,322074,42456
rp2040_2,65,816,6,1,diagnostic_holdout,8,2,322074,356416,364477,0,0,364622,42548
rp2040_2,65,816,6,1,diagnostic_holdout,9,0,364622,398960,407021,414967,415654,415657,51035
rp2040_2,65,817,7,1,diagnostic_holdout,1,2,56991,91533,99616,0,0,99723,42732
rp2040_2,65,817,7,1,diagnostic_holdout,2,2,99728,134118,142183,0,0,142271,42543
rp2040_2,65,817,7,1,diagnostic_holdout,3,0,142275,176624,184685,192632,193317,193321,51046
rp2040_2,65,818,8,1,diagnostic_holdout,1,1,56972,91497,0,0,0,91537,34565
rp2040_2,65,818,8,1,diagnostic_holdout,2,1,91542,125905,0,0,0,126004,34462
rp2040_2,65,818,8,1,diagnostic_holdout,3,1,126006,160331,0,0,0,160386,34380
rp2040_2,65,818,8,1,diagnostic_holdout,4,2,160387,194698,202768,0,0,202823,42436
rp2040_2,65,818,8,1,diagnostic_holdout,5,2,202824,237149,245210,0,0,245258,42434
rp2040_2,65,818,8,1,diagnostic_holdout,6,1,245259,279596,0,0,0,279643,34384
rp2040_2,65,818,8,1,diagnostic_holdout,7,2,279644,313959,322020,0,0,322150,42506
rp2040_2,65,818,8,1,diagnostic_holdout,8,1,322151,356485,0,0,0,356549,34398
rp2040_2,65,818,8,1,diagnostic_holdout,9,2,356549,390859,398920,0,0,398982,42433
rp2040_2,65,818,8,1,diagnostic_holdout,10,2,398983,433319,441380,0,0,441425,42442
rp2040_2,65,818,8,1,diagnostic_holdout,11,1,441426,475755,0,0,0,475800,34374
rp2040_2,65,818,8,1,diagnostic_holdout,12,2,475801,510109,518170,0,0,518322,42521
rp2040_2,65,818,8,1,diagnostic_holdout,13,2,518323,552655,560716,0,0,560745,42422
rp2040_2,65,818,8,1,diagnostic_holdout,14,1,560745,595082,0,0,0,595091,34346
rp2040_2,65,818,8,1,diagnostic_holdout,15,2,595091,629396,637457,0,0,637494,42403
rp2040_2,65,818,8,1,diagnostic_holdout,16,0,637494,671830,679891,687837,688523,688525,51031
rp2040_2,65,819,9,1,diagnostic_holdout,1,1,56994,91512,0,0,0,91538,34544
rp2040_2,65,819,9,1,diagnostic_holdout,2,0,91542,125892,133968,141918,142605,142610,51068
rp2040_2,65,820,0,2,diagnostic_calibration,1,2,56964,91493,99575,0,0,99628,42664
rp2040_2,65,820,0,2,diagnostic_calibration,2,2,99633,134010,142075,0,0,142084,42451
rp2040_2,65,820,0,2,diagnostic_calibration,3,2,142085,176421,184483,0,0,184524,42439
rp2040_2,65,820,0,2,diagnostic_calibration,4,2,184525,218863,226924,0,0,226956,42431
rp2040_2,65,820,0,2,diagnostic_calibration,5,1,226957,261284,0,0,0,261386,34429
rp2040_2,65,820,0,2,diagnostic_calibration,6,2,261387,295699,303760,0,0,303784,42397
rp2040_2,65,820,0,2,diagnostic_calibration,7,1,303785,338121,0,0,0,338235,34450
rp2040_2,65,820,0,2,diagnostic_calibration,8,2,338235,372549,380610,0,0,380624,42389
rp2040_2,65,820,0,2,diagnostic_calibration,9,2,380624,414956,423017,0,0,423054,42430
rp2040_2,65,820,0,2,diagnostic_calibration,10,2,423055,457383,465444,0,0,465459,42404
rp2040_2,65,820,0,2,diagnostic_calibration,11,2,465460,499786,507847,0,0,507955,42495
rp2040_2,65,820,0,2,diagnostic_calibration,12,1,507955,542286,0,0,0,542408,34453
rp2040_2,65,820,0,2,diagnostic_calibration,13,1,542409,576726,0,0,0,576743,34334
rp2040_2,65,820,0,2,diagnostic_calibration,14,2,576744,611052,619113,0,0,619165,42421
rp2040_2,65,820,0,2,diagnostic_calibration,15,0,619165,653499,661560,669507,670194,670197,51032
rp2040_2,65,821,1,2,diagnostic_calibration,1,2,56978,91499,99583,0,0,99605,42627
rp2040_2,65,821,1,2,diagnostic_calibration,2,2,99611,133999,142065,0,0,142077,42466
rp2040_2,65,821,1,2,diagnostic_calibration,3,0,142079,176430,184492,192439,193125,193128,51049
rp2040_2,65,822,2,2,diagnostic_calibration,1,1,56974,91490,0,0,0,91540,34566
rp2040_2,65,822,2,2,diagnostic_calibration,2,0,91546,125905,133978,141929,142615,142619,51073
rp2040_2,65,823,3,2,diagnostic_calibration,1,1,56983,91505,0,0,0,91543,34560
rp2040_2,65,823,3,2,diagnostic_calibration,2,1,91547,125910,0,0,0,125981,34434
rp2040_2,65,823,3,2,diagnostic_calibration,3,2,125983,160308,168381,0,0,168467,42484
rp2040_2,65,823,3,2,diagnostic_calibration,4,1,168468,202805,0,0,0,202863,34395
rp2040_2,65,823,3,2,diagnostic_calibration,5,1,202864,237181,0,0,0,237191,34327
rp2040_2,65,823,3,2,diagnostic_calibration,6,2,237192,271507,279568,0,0,279637,42445
rp2040_2,65,823,3,2,diagnostic_calibration,7,1,279638,313962,0,0,0,314069,34431
rp2040_2,65,823,3,2,diagnostic_calibration,8,1,314070,348375,0,0,0,348440,34370
rp2040_2,65,823,3,2,diagnostic_calibration,9,2,348440,382750,390811,0,0,390842,42402
rp2040_2,65,823,3,2,diagnostic_calibration,10,1,390843,425165,0,0,0,425226,34383
rp2040_2,65,823,3,2,diagnostic_calibration,11,1,425226,459535,0,0,0,459638,34412
rp2040_2,65,823,3,2,diagnostic_calibration,12,2,459639,493951,502012,0,0,502060,42421
rp2040_2,65,823,3,2,diagnostic_calibration,13,2,502060,536394,544455,0,0,544536,42476
rp2040_2,65,823,3,2,diagnostic_calibration,14,2,544536,578867,586928,0,0,587000,42464
rp2040_2,65,823,3,2,diagnostic_calibration,15,2,587001,621334,629395,0,0,629452,42451
rp2040_2,65,823,3,2,diagnostic_calibration,16,1,629453,663784,0,0,0,663818,34365
rp2040_2,65,823,3,2,diagnostic_calibration,17,2,663818,698125,706186,0,0,706284,42466
rp2040_2,65,823,3,2,diagnostic_calibration,18,2,706285,740619,748680,0,0,748693,42408
rp2040_2,65,823,3,2,diagnostic_calibration,19,2,748694,783030,791091,0,0,791210,42516
rp2040_2,65,823,3,2,diagnostic_calibration,20,0,791211,825539,833600,841546,842232,842236,51025
rp2040_2,65,824,4,2,diagnostic_calibration,1,2,56997,91526,99610,0,0,99734,42737
rp2040_2,65,824,4,2,diagnostic_calibration,2,2,99738,134119,142189,0,0,142281,42543
rp2040_2,65,824,4,2,diagnostic_calibration,3,2,142283,176634,184697,0,0,184727,42444
rp2040_2,65,824,4,2,diagnostic_calibration,4,0,184727,219062,227124,235071,235757,235760,51033
rp2040_2,65,825,5,2,diagnostic_holdout,1,0,56990,91526,99610,107560,108247,108253,51263
rp2040_2,65,826,6,2,diagnostic_holdout,1,1,56997,91518,0,0,0,91548,34551
rp2040_2,65,826,6,2,diagnostic_holdout,2,1,91553,125913,0,0,0,125956,34403
rp2040_2,65,826,6,2,diagnostic_holdout,3,1,125957,160285,0,0,0,160327,34370
rp2040_2,65,826,6,2,diagnostic_holdout,4,0,160327,194637,202708,210659,211345,211348,51021
rp2040_2,65,827,7,2,diagnostic_holdout,1,2,56964,91486,99569,0,0,99621,42657
rp2040_2,65,827,7,2,diagnostic_holdout,2,1,99626,134011,0,0,0,134122,34496
rp2040_2,65,827,7,2,diagnostic_holdout,3,0,134123,168450,176513,184460,185146,185149,51026
rp2040_2,65,828,8,2,diagnostic_holdout,1,1,56949,91467,0,0,0,91593,34644
rp2040_2,65,828,8,2,diagnostic_holdout,2,2,91598,125953,134026,0,0,134140,42542
rp2040_2,65,828,8,2,diagnostic_holdout,3,0,134142,168492,176554,184502,185188,185191,51049
rp2040_2,65,829,9,2,diagnostic_holdout,1,2,57021,91535,99618,0,0,99667,42646
rp2040_2,65,829,9,2,diagnostic_holdout,2,0,99673,134064,142131,150078,150765,150769,51096
rp2040_2,65,830,0,3,diagnostic_calibration,1,0,56958,91482,99567,107517,108202,108209,51251
rp2040_2,65,831,1,3,diagnostic_calibration,1,0,56988,91510,99593,107544,108229,108235,51247
rp2040_2,65,832,2,3,diagnostic_calibration,1,2,56991,91525,99609,0,0,99629,42638
rp2040_2,65,832,2,3,diagnostic_calibration,2,2,99635,134011,142077,0,0,142145,42510
rp2040_2,65,832,2,3,diagnostic_calibration,3,1,142147,176502,0,0,0,176611,34464
rp2040_2,65,832,2,3,diagnostic_calibration,4,1,176612,210921,0,0,0,210971,34359
rp2040_2,65,832,2,3,diagnostic_calibration,5,0,210971,245281,253343,261289,261976,261979,51008
rp2040_2,65,833,3,3,diagnostic_calibration,1,1,56958,91479,0,0,0,91558,34600
rp2040_2,65,833,3,3,diagnostic_calibration,2,0,91563,125932,134005,141956,142642,142645,51082
rp2040_2,65,834,4,3,diagnostic_calibration,1,2,56975,91511,99594,0,0,99716,42741
rp2040_2,65,834,4,3,diagnostic_calibration,2,2,99722,134133,142199,0,0,142276,42554
rp2040_2,65,834,4,3,diagnostic_calibration,3,1,142278,176619,0,0,0,176639,34361
rp2040_2,65,834,4,3,diagnostic_calibration,4,0,176640,210948,219009,226955,227641,227645,51005
rp2040_2,65,835,5,3,diagnostic_holdout,1,1,57001,91520,0,0,0,91610,34609
rp2040_2,65,835,5,3,diagnostic_holdout,2,0,91616,125973,134046,141997,142683,142687,51071
rp2040_2,65,836,6,3,diagnostic_holdout,1,0,56980,91508,99591,107542,108228,108234,51254
rp2040_2,65,837,7,3,diagnostic_holdout,1,2,56965,91490,99573,0,0,99628,42663
rp2040_2,65,837,7,3,diagnostic_holdout,2,1,99633,134018,0,0,0,134089,34456
rp2040_2,65,837,7,3,diagnostic_holdout,3,1,134090,168408,0,0,0,168490,34400
rp2040_2,65,837,7,3,diagnostic_holdout,4,0,168490,202802,210864,218811,219497,219500,51010
rp2040_2,65,838,8,3,diagnostic_holdout,1,1,56961,91478,0,0,0,91515,34554
rp2040_2,65,838,8,3,diagnostic_holdout,2,1,91521,125880,0,0,0,125895,34374
rp2040_2,65,838,8,3,diagnostic_holdout,3,2,125898,160221,168294,0,0,168439,42541
rp2040_2,65,838,8,3,diagnostic_holdout,4,2,168440,202788,210849,0,0,210894,42454
rp2040_2,65,838,8,3,diagnostic_holdout,5,2,210895,245219,253280,0,0,253290,42395
rp2040_2,65,838,8,3,diagnostic_holdout,6,2,253291,287625,295686,0,0,295810,42519
rp2040_2,65,838,8,3,diagnostic_holdout,7,2,295811,330134,338195,0,0,338267,42456
rp2040_2,65,838,8,3,diagnostic_holdout,8,0,338267,372593,380654,388600,389287,389290,51023
rp2040_2,65,839,9,3,diagnostic_holdout,1,1,56983,91505,0,0,0,91540,34557
rp2040_2,65,839,9,3,diagnostic_holdout,2,2,91547,125912,133984,0,0,134063,42516
rp2040_2,65,839,9,3,diagnostic_holdout,3,2,134067,168419,176481,0,0,176542,42475
rp2040_2,65,839,9,3,diagnostic_holdout,4,1,176543,210872,0,0,0,210905,34362
rp2040_2,65,839,9,3,diagnostic_holdout,5,2,210906,245219,253280,0,0,253286,42380
rp2040_2,65,839,9,3,diagnostic_holdout,6,0,253287,287616,295677,303623,304309,304312,51025
rp2040_2,65,840,0,4,diagnostic_calibration,1,2,56962,91484,99568,0,0,99716,42754
rp2040_2,65,840,0,4,diagnostic_calibration,2,2,99722,134094,142159,0,0,142279,42557
rp2040_2,65,840,0,4,diagnostic_calibration,3,0,142281,176620,184683,192630,193316,193319,51038
rp2040_2,65,841,1,4,diagnostic_calibration,1,2,57017,91542,99625,0,0,99720,42703
rp2040_2,65,841,1,4,diagnostic_calibration,2,1,99725,134115,0,0,0,134247,34522
rp2040_2,65,841,1,4,diagnostic_calibration,3,2,134249,168567,176631,0,0,176738,42489
rp2040_2,65,841,1,4,diagnostic_calibration,4,1,176740,211079,0,0,0,211151,34411
rp2040_2,65,841,1,4,diagnostic_calibration,5,2,211151,245461,253523,0,0,253662,42511
rp2040_2,65,841,1,4,diagnostic_calibration,6,1,253663,287999,0,0,0,288016,34353
rp2040_2,65,841,1,4,diagnostic_calibration,7,1,288017,322326,0,0,0,322409,34392
rp2040_2,65,841,1,4,diagnostic_calibration,8,1,322410,356716,0,0,0,356740,34330
rp2040_2,65,841,1,4,diagnostic_calibration,9,0,356740,391049,399110,407056,407743,407746,51006
rp2040_2,65,842,2,4,diagnostic_calibration,1,1,56999,91516,0,0,0,91609,34610
rp2040_2,65,842,2,4,diagnostic_calibration,2,0,91614,125985,134059,142010,142696,142699,51085
rp2040_2,65,843,3,4,diagnostic_calibration,1,2,56979,91501,99585,0,0,99617,42638
rp2040_2,65,843,3,4,diagnostic_calibration,2,0,99622,134001,142068,150016,150701,150704,51082
rp2040_2,65,844,4,4,diagnostic_calibration,1,1,56978,91501,0,0,0,91536,34558
rp2040_2,65,844,4,4,diagnostic_calibration,2,0,91541,125913,133986,141937,142623,142627,51086
rp2040_2,65,845,5,4,diagnostic_holdout,1,1,56996,91528,0,0,0,91557,34561
rp2040_2,65,845,5,4,diagnostic_holdout,2,0,91562,125934,134008,141959,142645,142650,51088
rp2040_2,65,846,6,4,diagnostic_holdout,1,2,56961,91481,99565,0,0,99719,42758
rp2040_2,65,846,6,4,diagnostic_holdout,2,2,99724,134100,142162,0,0,142263,42539
rp2040_2,65,846,6,4,diagnostic_holdout,3,1,142265,176615,0,0,0,176681,34416
rp2040_2,65,846,6,4,diagnostic_holdout,4,2,176682,210998,219060,0,0,219170,42488
rp2040_2,65,846,6,4,diagnostic_holdout,5,2,219171,253496,261557,0,0,261616,42445
rp2040_2,65,846,6,4,diagnostic_holdout,6,0,261617,295946,304007,311953,312638,312641,51024
rp2040_2,65,847,7,4,diagnostic_holdout,1,1,56981,91503,0,0,0,91565,34584
rp2040_2,65,847,7,4,diagnostic_holdout,2,1,91570,125931,0,0,0,126061,34491
rp2040_2,65,847,7,4,diagnostic_holdout,3,2,126063,160385,168455,0,0,168528,42465
rp2040_2,65,847,7,4,diagnostic_holdout,4,2,168529,202864,210925,0,0,210942,42413
rp2040_2,65,847,7,4,diagnostic_holdout,5,2,210942,245270,253331,0,0,253466,42524
rp2040_2,65,847,7,4,diagnostic_holdout,6,1,253467,287801,0,0,0,287918,34451
rp2040_2,65,847,7,4,diagnostic_holdout,7,0,287919,322227,330288,338234,338920,338923,51004
rp2040_2,65,848,8,4,diagnostic_holdout,1,1,56981,91503,0,0,0,91626,34645
rp2040_2,65,848,8,4,diagnostic_holdout,2,0,91630,126000,134072,142023,142709,142714,51084
rp2040_2,65,849,9,4,diagnostic_holdout,1,2,56989,91507,99592,0,0,99660,42671
rp2040_2,65,849,9,4,diagnostic_holdout,2,1,99664,134039,0,0,0,134131,34467
rp2040_2,65,849,9,4,diagnostic_holdout,3,1,134133,168462,0,0,0,168571,34438
rp2040_2,65,849,9,4,diagnostic_holdout,4,2,168571,202886,210950,0,0,211070,42499
rp2040_2,65,849,9,4,diagnostic_holdout,5,1,211070,245392,0,0,0,245444,34374
rp2040_2,65,849,9,4,diagnostic_holdout,6,1,245444,279753,0,0,0,279760,34316
rp2040_2,65,849,9,4,diagnostic_holdout,7,1,279760,314073,0,0,0,314093,34333
rp2040_2,65,849,9,4,diagnostic_holdout,8,2,314094,348407,356468,0,0,356506,42412
rp2040_2,65,849,9,4,diagnostic_holdout,9,1,356507,390835,0,0,0,390897,34390
rp2040_2,65,849,9,4,diagnostic_holdout,10,2,390897,425212,433273,0,0,433297,42400
rp2040_2,65,849,9,4,diagnostic_holdout,11,1,433298,467619,0,0,0,467639,34341
rp2040_2,65,849,9,4,diagnostic_holdout,12,2,467639,501953,510014,0,0,510098,42459
rp2040_2,65,849,9,4,diagnostic_holdout,13,0,510098,544433,552494,560440,561127,561130,51032
rp2040_2,65,850,0,0,diagnostic_calibration,1,0,56993,91504,99587,107537,108223,108229,51236
rp2040_2,65,851,1,0,diagnostic_calibration,1,0,56998,91520,99603,107553,108239,108245,51247
rp2040_2,65,852,2,0,diagnostic_calibration,1,0,56982,91494,99577,107528,108214,108220,51238
rp2040_2,65,853,3,0,diagnostic_calibration,1,2,56975,91497,99580,0,0,99629,42654
rp2040_2,65,853,3,0,diagnostic_calibration,2,2,99634,134024,142089,0,0,142150,42516
rp2040_2,65,853,3,0,diagnostic_calibration,3,2,142151,176489,184550,0,0,184702,42551
rp2040_2,65,853,3,0,diagnostic_calibration,4,1,184704,219035,0,0,0,219075,34371
rp2040_2,65,853,3,0,diagnostic_calibration,5,1,219076,253393,0,0,0,253420,34344
rp2040_2,65,853,3,0,diagnostic_calibration,6,2,253421,287734,295794,0,0,295895,42474
rp2040_2,65,853,3,0,diagnostic_calibration,7,2,295896,330220,338281,0,0,338414,42518
rp2040_2,65,853,3,0,diagnostic_calibration,8,0,338415,372756,380817,388763,389450,389453,51038
rp2040_2,65,854,4,0,diagnostic_calibration,1,1,56967,91492,0,0,0,91590,34623
rp2040_2,65,854,4,0,diagnostic_calibration,2,2,91597,125965,134042,0,0,134061,42464
rp2040_2,65,854,4,0,diagnostic_calibration,3,2,134063,168411,176476,0,0,176490,42427
rp2040_2,65,854,4,0,diagnostic_calibration,4,2,176491,210823,218886,0,0,218934,42443
rp2040_2,65,854,4,0,diagnostic_calibration,5,1,218935,253273,0,0,0,253302,34367
rp2040_2,65,854,4,0,diagnostic_calibration,6,2,253303,287618,295679,0,0,295764,42461
rp2040_2,65,854,4,0,diagnostic_calibration,7,2,295765,330100,338161,0,0,338306,42541
rp2040_2,65,854,4,0,diagnostic_calibration,8,2,338306,372644,380705,0,0,380719,42413
rp2040_2,65,854,4,0,diagnostic_calibration,9,0,380719,415050,423111,431058,431743,431745,51026
rp2040_2,65,855,5,0,diagnostic_holdout,1,0,57006,91526,99611,107561,108248,108255,51249
rp2040_2,65,856,6,0,diagnostic_holdout,1,1,56979,91497,0,0,0,91609,34630
rp2040_2,65,856,6,0,diagnostic_holdout,2,2,91615,125977,134051,0,0,134153,42538
rp2040_2,65,856,6,0,diagnostic_holdout,3,1,134155,168509,0,0,0,168563,34408
rp2040_2,65,856,6,0,diagnostic_holdout,4,2,168564,202878,210942,0,0,211039,42475
rp2040_2,65,856,6,0,diagnostic_holdout,5,1,211039,245378,0,0,0,245382,34343
rp2040_2,65,856,6,0,diagnostic_holdout,6,1,245383,279692,0,0,0,279810,34427
rp2040_2,65,856,6,0,diagnostic_holdout,7,1,279810,314126,0,0,0,314187,34377
rp2040_2,65,856,6,0,diagnostic_holdout,8,2,314188,348491,356552,0,0,356667,42479
rp2040_2,65,856,6,0,diagnostic_holdout,9,2,356668,391001,399062,0,0,399166,42498
rp2040_2,65,856,6,0,diagnostic_holdout,10,2,399167,433495,441556,0,0,441664,42497
rp2040_2,65,856,6,0,diagnostic_holdout,11,1,441664,475993,0,0,0,476103,34439
rp2040_2,65,856,6,0,diagnostic_holdout,12,2,476104,510414,518475,0,0,518483,42379
rp2040_2,65,856,6,0,diagnostic_holdout,13,2,518483,552812,560873,0,0,560946,42463
rp2040_2,65,856,6,0,diagnostic_holdout,14,0,560947,595272,603333,611279,611965,611967,51020
rp2040_2,65,857,7,0,diagnostic_holdout,1,2,57009,91527,99610,0,0,99771,42762
rp2040_2,65,857,7,0,diagnostic_holdout,2,1,99776,134165,0,0,0,134254,34478
rp2040_2,65,857,7,0,diagnostic_holdout,3,2,134256,168588,176652,0,0,176659,42403
rp2040_2,65,857,7,0,diagnostic_holdout,4,2,176660,210982,219044,0,0,219154,42494
rp2040_2,65,857,7,0,diagnostic_holdout,5,1,219154,253482,0,0,0,253529,34375
rp2040_2,65,857,7,0,diagnostic_holdout,6,2,253530,287842,295903,0,0,295932,42402
rp2040_2,65,857,7,0,diagnostic_holdout,7,1,295933,330260,0,0,0,330376,34443
rp2040_2,65,857,7,0,diagnostic_holdout,8,0,330377,364684,372745,380691,381378,381381,51004
rp2040_2,65,858,8,0,diagnostic_holdout,1,2,56954,91486,99571,0,0,99671,42717
rp2040_2,65,858,8,0,diagnostic_holdout,2,1,99676,134080,0,0,0,134117,34441
rp2040_2,65,858,8,0,diagnostic_holdout,3,2,134119,168448,176509,0,0,176547,42428
rp2040_2,65,858,8,0,diagnostic_holdout,4,1,176548,210868,0,0,0,210974,34426
rp2040_2,65,858,8,0,diagnostic_holdout,5,1,210975,245276,0,0,0,245350,34375
rp2040_2,65,858,8,0,diagnostic_holdout,6,0,245350,279656,287717,295663,296350,296353,51003
rp2040_2,65,859,9,0,diagnostic_holdout,1,2,57001,91525,99608,0,0,99656,42655
rp2040_2,65,859,9,0,diagnostic_holdout,2,2,99660,134054,142117,0,0,142190,42530
rp2040_2,65,859,9,0,diagnostic_holdout,3,1,142191,176535,0,0,0,176557,34366
rp2040_2,65,859,9,0,diagnostic_holdout,4,0,176558,210875,218936,226882,227569,227572,51014
rp2040_2,65,860,0,1,diagnostic_calibration,1,1,56982,91511,0,0,0,91577,34595
rp2040_2,65,860,0,1,diagnostic_calibration,2,0,91583,125932,134005,141956,142642,142645,51062
rp2040_2,65,861,1,1,diagnostic_calibration,1,0,56999,91533,99617,107568,108253,108259,51260
rp2040_2,65,862,2,1,diagnostic_calibration,1,2,57000,91524,99608,0,0,99759,42759
rp2040_2,65,862,2,1,diagnostic_calibration,2,2,99765,134145,142212,0,0,142236,42471
rp2040_2,65,862,2,1,diagnostic_calibration,3,1,142237,176571,0,0,0,176633,34396
rp2040_2,65,862,2,1,diagnostic_calibration,4,1,176634,210950,0,0,0,211068,34434
rp2040_2,65,862,2,1,diagnostic_calibration,5,1,211069,245379,0,0,0,245408,34339
rp2040_2,65,862,2,1,diagnostic_calibration,6,1,245409,279719,0,0,0,279733,34324
rp2040_2,65,862,2,1,diagnostic_calibration,7,0,279733,314051,322112,330059,330744,330747,51014
rp2040_2,65,863,3,1,diagnostic_calibration,1,0,56999,91525,99608,107559,108246,108252,51253
rp2040_2,65,864,4,1,diagnostic_calibration,1,2,56959,91480,99563,0,0,99609,42650
rp2040_2,65,864,4,1,diagnostic_calibration,2,1,99613,134004,0,0,0,134051,34438
rp2040_2,65,864,4,1,diagnostic_calibration,3,2,134052,168377,176440,0,0,176559,42507
rp2040_2,65,864,4,1,diagnostic_calibration,4,1,176559,210887,0,0,0,210927,34368
rp2040_2,65,864,4,1,diagnostic_calibration,5,0,210927,245236,253297,261243,261930,261933,51006
rp2040_2,65,865,5,1,diagnostic_holdout,1,1,56988,91520,0,0,0,91661,34673
rp2040_2,65,865,5,1,diagnostic_holdout,2,2,91665,126031,134105,0,0,134242,42577
rp2040_2,65,865,5,1,diagnostic_holdout,3,1,134245,168587,0,0,0,168654,34409
rp2040_2,65,865,5,1,diagnostic_holdout,4,1,168655,202970,0,0,0,203012,34357
rp2040_2,65,865,5,1,diagnostic_holdout,5,1,203013,237323,0,0,0,237422,34409
rp2040_2,65,865,5,1,diagnostic_holdout,6,0,237423,271738,279801,287748,288434,288437,51014
rp2040_2,65,866,6,1,diagnostic_holdout,1,1,56980,91505,0,0,0,91635,34655
rp2040_2,65,866,6,1,diagnostic_holdout,2,0,91640,125990,134065,142015,142702,142706,51066
rp2040_2,65,867,7,1,diagnostic_holdout,1,2,56987,91503,99586,0,0,99612,42625
rp2040_2,65,867,7,1,diagnostic_holdout,2,1,99617,134001,0,0,0,134088,34471
rp2040_2,65,867,7,1,diagnostic_holdout,3,1,134089,168409,0,0,0,168505,34416
rp2040_2,65,867,7,1,diagnostic_holdout,4,2,168506,202812,210875,0,0,210883,42377
rp2040_2,65,867,7,1,diagnostic_holdout,5,1,210884,245210,0,0,0,245215,34331
rp2040_2,65,867,7,1,diagnostic_holdout,6,2,245216,279524,287587,0,0,287728,42512
rp2040_2,65,867,7,1,diagnostic_holdout,7,1,287729,322064,0,0,0,322177,34448
rp2040_2,65,867,7,1,diagnostic_holdout,8,1,322177,356495,0,0,0,356501,34324
rp2040_2,65,867,7,1,diagnostic_holdout,9,1,356501,390811,0,0,0,390909,34408
rp2040_2,65,867,7,1,diagnostic_holdout,10,2,390910,425221,433282,0,0,433433,42523
rp2040_2,65,867,7,1,diagnostic_holdout,11,2,433434,467772,475833,0,0,475982,42548
rp2040_2,65,867,7,1,diagnostic_holdout,12,1,475983,510328,0,0,0,510414,34431
rp2040_2,65,867,7,1,diagnostic_holdout,13,2,510414,544725,552785,0,0,552793,42379
rp2040_2,65,867,7,1,diagnostic_holdout,14,1,552794,587132,0,0,0,587180,34386
rp2040_2,65,867,7,1,diagnostic_holdout,15,2,587181,621497,629558,0,0,629674,42493
rp2040_2,65,867,7,1,diagnostic_holdout,16,1,629675,664003,0,0,0,664045,34370
rp2040_2,65,867,7,1,diagnostic_holdout,17,2,664045,698354,706415,0,0,706481,42436
rp2040_2,65,867,7,1,diagnostic_holdout,18,0,706482,740821,748882,756828,757513,757516,51034
rp2040_2,65,868,8,1,diagnostic_holdout,1,1,56955,91476,0,0,0,91557,34602
rp2040_2,65,868,8,1,diagnostic_holdout,2,1,91561,125915,0,0,0,125987,34426
rp2040_2,65,868,8,1,diagnostic_holdout,3,0,125988,160306,168378,176328,177014,177016,51028
rp2040_2,65,869,9,1,diagnostic_holdout,1,0,56997,91516,99599,107550,108236,108242,51245
rp2040_2,65,870,0,2,diagnostic_calibration,1,0,56991,91514,99597,107548,108235,108241,51250
rp2040_2,65,871,1,2,diagnostic_calibration,1,1,56986,91505,0,0,0,91552,34566
rp2040_2,65,871,1,2,diagnostic_calibration,2,2,91556,125921,133995,0,0,134025,42469
rp2040_2,65,871,1,2,diagnostic_calibration,3,0,134027,168371,176433,184380,185066,185070,51043
rp2040_2,65,872,2,2,diagnostic_calibration,1,2,56979,91501,99585,0,0,99621,42642
rp2040_2,65,872,2,2,diagnostic_calibration,2,1,99627,134001,0,0,0,134045,34418
rp2040_2,65,872,2,2,diagnostic_calibration,3,0,134047,168374,176436,184384,185069,185072,51025
rp2040_2,65,873,3,2,diagnostic_calibration,1,2,56986,91505,99589,0,0,99660,42674
rp2040_2,65,873,3,2,diagnostic_calibration,2,2,99665,134033,142098,0,0,142153,42488
rp2040_2,65,873,3,2,diagnostic_calibration,3,1,142154,176488,0,0,0,176497,34343
rp2040_2,65,873,3,2,diagnostic_calibration,4,2,176498,210820,218882,0,0,219008,42510
rp2040_2,65,873,3,2,diagnostic_calibration,5,2,219009,253335,261397,0,0,261542,42533
rp2040_2,65,873,3,2,diagnostic_calibration,6,2,261543,295875,303937,0,0,303970,42427
rp2040_2,65,873,3,2,diagnostic_calibration,7,1,303971,338300,0,0,0,338351,34380
rp2040_2,65,873,3,2,diagnostic_calibration,8,2,338352,372657,380718,0,0,380749,42397
rp2040_2,65,873,3,2,diagnostic_calibration,9,1,380750,415079,0,0,0,415115,34365
rp2040_2,65,873,3,2,diagnostic_calibration,10,2,415116,449427,457488,0,0,457601,42485
rp2040_2,65,873,3,2,diagnostic_calibration,11,2,457601,491939,500000,0,0,500022,42421
rp2040_2,65,873,3,2,diagnostic_calibration,12,2,500023,534350,542411,0,0,542437,42414
rp2040_2,65,873,3,2,diagnostic_calibration,13,0,542438,576767,584828,592774,593460,593463,51025
rp2040_2,65,874,4,2,diagnostic_calibration,1,2,56995,91530,99613,0,0,99641,42646
rp2040_2,65,874,4,2,diagnostic_calibration,2,2,99646,134046,142111,0,0,142160,42514
rp2040_2,65,874,4,2,diagnostic_calibration,3,1,142161,176521,0,0,0,176572,34411
rp2040_2,65,874,4,2,diagnostic_calibration,4,2,176573,210895,218957,0,0,219098,42525
rp2040_2,65,874,4,2,diagnostic_calibration,5,1,219098,253432,0,0,0,253505,34407
rp2040_2,65,874,4,2,diagnostic_calibration,6,2,253506,287818,295878,0,0,295970,42464
rp2040_2,65,874,4,2,diagnostic_calibration,7,2,295971,330300,338361,0,0,338500,42529
rp2040_2,65,874,4,2,diagnostic_calibration,8,0,338501,372832,380893,388840,389526,389529,51028
rp2040_2,65,875,5,2,diagnostic_holdout,1,2,56966,91488,99572,0,0,99603,42637
rp2040_2,65,875,5,2,diagnostic_holdout,2,2,99608,133991,142058,0,0,142082,42474
rp2040_2,65,875,5,2,diagnostic_holdout,3,1,142082,176429,0,0,0,176503,34421
rp2040_2,65,875,5,2,diagnostic_holdout,4,0,176503,210828,218890,226837,227523,227526,51023
rp2040_2,65,876,6,2,diagnostic_holdout,1,2,56997,91527,99610,0,0,99692,42695
rp2040_2,65,876,6,2,diagnostic_holdout,2,2,99698,134072,142136,0,0,142155,42457
rp2040_2,65,876,6,2,diagnostic_holdout,3,1,142157,176502,0,0,0,176569,34412
rp2040_2,65,876,6,2,diagnostic_holdout,4,2,176570,210877,218938,0,0,219052,42482
rp2040_2,65,876,6,2,diagnostic_holdout,5,2,219053,253385,261446,0,0,261482,42429
rp2040_2,65,876,6,2,diagnostic_holdout,6,2,261483,295810,303871,0,0,303972,42489
rp2040_2,65,876,6,2,diagnostic_holdout,7,2,303972,338294,346355,0,0,346386,42414
rp2040_2,65,876,6,2,diagnostic_holdout,8,1,346387,380722,0,0,0,380778,34391
rp2040_2,65,876,6,2,diagnostic_holdout,9,2,380779,415083,423144,0,0,423264,42485
rp2040_2,65,876,6,2,diagnostic_holdout,10,1,423265,457586,0,0,0,457593,34328
rp2040_2,65,876,6,2,diagnostic_holdout,11,1,457594,491905,0,0,0,491928,34334
rp2040_2,65,876,6,2,diagnostic_holdout,12,1,491929,526240,0,0,0,526360,34431
rp2040_2,65,876,6,2,diagnostic_holdout,13,2,526361,560674,568735,0,0,568756,42395
rp2040_2,65,876,6,2,diagnostic_holdout,14,2,568757,603083,611144,0,0,611242,42485
rp2040_2,65,876,6,2,diagnostic_holdout,15,0,611243,645572,653633,661579,662265,662268,51025
rp2040_2,65,877,7,2,diagnostic_holdout,1,1,57002,91529,0,0,0,91674,34672
rp2040_2,65,877,7,2,diagnostic_holdout,2,2,91679,126050,134124,0,0,134142,42463
rp2040_2,65,877,7,2,diagnostic_holdout,3,2,134144,168484,176547,0,0,176664,42520
rp2040_2,65,877,7,2,diagnostic_holdout,4,1,176665,210993,0,0,0,211052,34387
rp2040_2,65,877,7,2,diagnostic_holdout,5,0,211053,245355,253417,261363,262049,262052,50999
rp2040_2,65,878,8,2,diagnostic_holdout,1,1,56967,91495,0,0,0,91622,34655
rp2040_2,65,878,8,2,diagnostic_holdout,2,2,91626,125987,134059,0,0,134080,42454
rp2040_2,65,878,8,2,diagnostic_holdout,3,1,134082,168416,0,0,0,168509,34427
rp2040_2,65,878,8,2,diagnostic_holdout,4,2,168510,202820,210882,0,0,210928,42418
rp2040_2,65,878,8,2,diagnostic_holdout,5,1,210929,245263,0,0,0,245319,34390
rp2040_2,65,878,8,2,diagnostic_holdout,6,2,245320,279641,287702,0,0,287785,42465
rp2040_2,65,878,8,2,diagnostic_holdout,7,1,287786,322128,0,0,0,322188,34402
rp2040_2,65,878,8,2,diagnostic_holdout,8,0,322189,356505,364566,372512,373197,373200,51011
rp2040_2,65,879,9,2,diagnostic_holdout,1,0,56981,91511,99596,107546,108232,108238,51257
rp2040_2,65,880,0,3,diagnostic_calibration,1,1,56971,91499,0,0,0,91561,34590
rp2040_2,65,880,0,3,diagnostic_calibration,2,1,91566,125931,0,0,0,125998,34432
rp2040_2,65,880,0,3,diagnostic_calibration,3,2,125999,160318,168391,0,0,168400,42401
rp2040_2,65,880,0,3,diagnostic_calibration,4,2,168402,202751,210817,0,0,210902,42500
rp2040_2,65,880,0,3,diagnostic_calibration,5,1,210903,245234,0,0,0,245318,34415
rp2040_2,65,880,0,3,diagnostic_calibration,6,1,245318,279629,0,0,0,279640,34322
rp2040_2,65,880,0,3,diagnostic_calibration,7,2,279640,313949,322012,0,0,322033,42393
rp2040_2,65,880,0,3,diagnostic_calibration,8,0,322034,356357,364418,372364,373050,373053,51019
rp2040_2,65,881,1,3,diagnostic_calibration,1,1,56978,91505,0,0,0,91540,34562
rp2040_2,65,881,1,3,diagnostic_calibration,2,2,91545,125898,133973,0,0,134077,42532
rp2040_2,65,881,1,3,diagnostic_calibration,3,2,134080,168415,176477,0,0,176485,42405
rp2040_2,65,881,1,3,diagnostic_calibration,4,1,176486,210819,0,0,0,210850,34364
rp2040_2,65,881,1,3,diagnostic_calibration,5,2,210850,245160,253221,0,0,253272,42422
rp2040_2,65,881,1,3,diagnostic_calibration,6,2,253273,287597,295658,0,0,295765,42492
rp2040_2,65,881,1,3,diagnostic_calibration,7,2,295766,330093,338154,0,0,338171,42405
rp2040_2,65,881,1,3,diagnostic_calibration,8,1,338172,372496,0,0,0,372525,34353
rp2040_2,65,881,1,3,diagnostic_calibration,9,1,372526,406838,0,0,0,406851,34325
rp2040_2,65,881,1,3,diagnostic_calibration,10,2,406851,441174,449235,0,0,449254,42403
rp2040_2,65,881,1,3,diagnostic_calibration,11,2,449255,483587,491647,0,0,491728,42473
rp2040_2,65,881,1,3,diagnostic_calibration,12,2,491729,526050,534110,0,0,534191,42462
rp2040_2,65,881,1,3,diagnostic_calibration,13,1,534191,568517,0,0,0,568636,34445
rp2040_2,65,881,1,3,diagnostic_calibration,14,0,568636,602947,611008,618954,619640,619643,51007
rp2040_2,65,882,2,3,diagnostic_calibration,1,1,56960,91492,0,0,0,91623,34663
rp2040_2,65,882,2,3,diagnostic_calibration,2,2,91629,125998,134070,0,0,134102,42473
rp2040_2,65,882,2,3,diagnostic_calibration,3,2,134104,168450,176514,0,0,176624,42520
rp2040_2,65,882,2,3,diagnostic_calibration,4,0,176624,210947,219008,226955,227641,227644,51020
rp2040_2,65,883,3,3,diagnostic_calibration,1,2,56981,91508,99591,0,0,99610,42629
rp2040_2,65,883,3,3,diagnostic_calibration,2,0,99615,133996,142062,150010,150696,150699,51084
rp2040_2,65,884,4,3,diagnostic_calibration,1,1,56951,91478,0,0,0,91557,34606
rp2040_2,65,884,4,3,diagnostic_calibration,2,1,91563,125918,0,0,0,125969,34406
rp2040_2,65,884,4,3,diagnostic_calibration,3,2,125973,160291,168362,0,0,168469,42496
rp2040_2,65,884,4,3,diagnostic_calibration,4,0,168471,202801,210864,218811,219496,219499,51028
rp2040_2,65,885,5,3,diagnostic_holdout,1,2,56978,91510,99594,0,0,99668,42690
rp2040_2,65,885,5,3,diagnostic_holdout,2,2,99673,134071,142135,0,0,142216,42543
rp2040_2,65,885,5,3,diagnostic_holdout,3,1,142218,176565,0,0,0,176673,34455
rp2040_2,65,885,5,3,diagnostic_holdout,4,1,176673,210992,0,0,0,211098,34425
rp2040_2,65,885,5,3,diagnostic_holdout,5,2,211099,245424,253484,0,0,253530,42431
rp2040_2,65,885,5,3,diagnostic_holdout,6,2,253531,287867,295928,0,0,296039,42508
rp2040_2,65,885,5,3,diagnostic_holdout,7,2,296039,330379,338440,0,0,338462,42423
rp2040_2,65,885,5,3,diagnostic_holdout,8,2,338462,372786,380847,0,0,380852,42390
rp2040_2,65,885,5,3,diagnostic_holdout,9,1,380852,415180,0,0,0,415255,34403
rp2040_2,65,885,5,3,diagnostic_holdout,10,1,415256,449576,0,0,0,449620,34364
rp2040_2,65,885,5,3,diagnostic_holdout,11,2,449620,483927,491988,0,0,492047,42427
rp2040_2,65,885,5,3,diagnostic_holdout,12,1,492048,526367,0,0,0,526414,34366
rp2040_2,65,885,5,3,diagnostic_holdout,13,0,526414,560724,568785,576731,577417,577420,51006
rp2040_2,65,886,6,3,diagnostic_holdout,1,2,56976,91500,99584,0,0,99679,42703
rp2040_2,65,886,6,3,diagnostic_holdout,2,1,99684,134063,0,0,0,134071,34387
rp2040_2,65,886,6,3,diagnostic_holdout,3,0,134073,168395,176459,184406,185093,185096,51023
rp2040_2,65,887,7,3,diagnostic_holdout,1,2,56987,91506,99588,0,0,99732,42745
rp2040_2,65,887,7,3,diagnostic_holdout,2,2,99737,134121,142187,0,0,142252,42515
rp2040_2,65,887,7,3,diagnostic_holdout,3,1,142254,176599,0,0,0,176700,34446
rp2040_2,65,887,7,3,diagnostic_holdout,4,2,176701,211018,219079,0,0,219173,42472
rp2040_2,65,887,7,3,diagnostic_holdout,5,0,219174,253504,261565,269511,270197,270199,51025
rp2040_2,65,888,8,3,diagnostic_holdout,1,2,56961,91483,99567,0,0,99625,42664
rp2040_2,65,888,8,3,diagnostic_holdout,2,2,99630,134006,142073,0,0,142093,42463
rp2040_2,65,888,8,3,diagnostic_holdout,3,2,142094,176438,184499,0,0,184555,42461
rp2040_2,65,888,8,3,diagnostic_holdout,4,2,184556,218899,226960,0,0,226981,42425
rp2040_2,65,888,8,3,diagnostic_holdout,5,0,226982,261324,269385,277332,278017,278020,51038
rp2040_2,65,889,9,3,diagnostic_holdout,1,0,56978,91510,99594,107544,108231,108237,51259
rp2040_2,65,890,0,4,diagnostic_calibration,1,1,56977,91504,0,0,0,91610,34633
rp2040_2,65,890,0,4,diagnostic_calibration,2,1,91614,125968,0,0,0,126092,34478
rp2040_2,65,890,0,4,diagnostic_calibration,3,0,126093,160410,168483,176433,177120,177123,51030
rp2040_2,65,891,1,4,diagnostic_calibration,1,2,56954,91484,99567,0,0,99640,42686
rp2040_2,65,891,1,4,diagnostic_calibration,2,2,99645,134026,142091,0,0,142181,42536
rp2040_2,65,891,1,4,diagnostic_calibration,3,0,142182,176518,184580,192526,193213,193216,51034
rp2040_2,65,892,2,4,diagnostic_calibration,1,1,56984,91503,0,0,0,91589,34605
rp2040_2,65,892,2,4,diagnostic_calibration,2,1,91593,125961,0,0,0,126078,34485
rp2040_2,65,892,2,4,diagnostic_calibration,3,2,126079,160400,168471,0,0,168557,42478
rp2040_2,65,892,2,4,diagnostic_calibration,4,1,168558,202893,0,0,0,202935,34377
rp2040_2,65,892,2,4,diagnostic_calibration,5,1,202936,237241,0,0,0,237324,34388
rp2040_2,65,892,2,4,diagnostic_calibration,6,2,237324,271638,279699,0,0,279808,42484
rp2040_2,65,892,2,4,diagnostic_calibration,7,2,279809,314142,322203,0,0,322278,42469
rp2040_2,65,892,2,4,diagnostic_calibration,8,1,322279,356610,0,0,0,356688,34409
rp2040_2,65,892,2,4,diagnostic_calibration,9,1,356688,391003,0,0,0,391011,34323
rp2040_2,65,892,2,4,diagnostic_calibration,10,0,391012,425326,433386,441333,442018,442021,51009
rp2040_2,65,893,3,4,diagnostic_calibration,1,1,56994,91520,0,0,0,91602,34608
rp2040_2,65,893,3,4,diagnostic_calibration,2,2,91606,125988,134064,0,0,134078,42472
rp2040_2,65,893,3,4,diagnostic_calibration,3,0,134080,168425,176487,184435,185122,185125,51045
rp2040_2,65,894,4,4,diagnostic_calibration,1,0,56977,91497,99580,107530,108216,108223,51246
rp2040_2,65,895,5,4,diagnostic_holdout,1,2,56987,91510,99594,0,0,99639,42652
rp2040_2,65,895,5,4,diagnostic_holdout,2,1,99644,134034,0,0,0,134068,34424
rp2040_2,65,895,5,4,diagnostic_holdout,3,1,134069,168399,0,0,0,168524,34455
rp2040_2,65,895,5,4,diagnostic_holdout,4,2,168525,202844,210906,0,0,210926,42401
rp2040_2,65,895,5,4,diagnostic_holdout,5,0,210927,245257,253318,261264,261950,261953,51026
rp2040_2,65,896,6,4,diagnostic_holdout,1,1,57006,91522,0,0,0,91649,34643
rp2040_2,65,896,6,4,diagnostic_holdout,2,1,91655,126017,0,0,0,126116,34461
rp2040_2,65,896,6,4,diagnostic_holdout,3,2,126118,160436,168507,0,0,168568,42450
rp2040_2,65,896,6,4,diagnostic_holdout,4,1,168569,202905,0,0,0,202975,34406
rp2040_2,65,896,6,4,diagnostic_holdout,5,2,202976,237296,245357,0,0,245464,42488
rp2040_2,65,896,6,4,diagnostic_holdout,6,2,245464,279802,287863,0,0,288011,42547
rp2040_2,65,896,6,4,diagnostic_holdout,7,2,288012,322342,330404,0,0,330451,42439
rp2040_2,65,896,6,4,diagnostic_holdout,8,2,330452,364782,372843,0,0,372931,42479
rp2040_2,65,896,6,4,diagnostic_holdout,9,0,372932,407262,415323,423269,423955,423958,51026
rp2040_2,65,897,7,4,diagnostic_holdout,1,2,56973,91497,99581,0,0,99602,42629
rp2040_2,65,897,7,4,diagnostic_holdout,2,0,99607,133996,142061,150009,150696,150699,51092
rp2040_2,65,898,8,4,diagnostic_holdout,1,2,56974,91496,99579,0,0,99603,42629
rp2040_2,65,898,8,4,diagnostic_holdout,2,1,99608,133988,0,0,0,133998,34390
rp2040_2,65,898,8,4,diagnostic_holdout,3,1,133999,168323,0,0,0,168330,34331
rp2040_2,65,898,8,4,diagnostic_holdout,4,2,168331,202643,210704,0,0,210712,42381
rp2040_2,65,898,8,4,diagnostic_holdout,5,2,210713,245043,253104,0,0,253176,42463
rp2040_2,65,898,8,4,diagnostic_holdout,6,2,253176,287506,295567,0,0,295653,42477
rp2040_2,65,898,8,4,diagnostic_holdout,7,1,295654,329979,0,0,0,330051,34397
rp2040_2,65,898,8,4,diagnostic_holdout,8,0,330052,364350,372411,380358,381044,381047,50995
rp2040_2,65,899,9,4,diagnostic_holdout,1,2,56970,91493,99577,0,0,99665,42695
rp2040_2,65,899,9,4,diagnostic_holdout,2,1,99670,134055,0,0,0,134108,34438
rp2040_2,65,899,9,4,diagnostic_holdout,3,1,134111,168430,0,0,0,168483,34372
rp2040_2,65,899,9,4,diagnostic_holdout,4,2,168483,202801,210863,0,0,210911,42428
rp2040_2,65,899,9,4,diagnostic_holdout,5,2,210912,245241,253303,0,0,253374,42462
rp2040_2,65,899,9,4,diagnostic_holdout,6,2,253374,287698,295759,0,0,295855,42481
rp2040_2,65,899,9,4,diagnostic_holdout,7,0,295855,330184,338245,346192,346878,346881,51026
rp2040_2,65,900,0,0,diagnostic_calibration,1,2,57002,91536,99619,0,0,99644,42642
rp2040_2,65,900,0,0,diagnostic_calibration,2,2,99649,134035,142101,0,0,142109,42460
rp2040_2,65,900,0,0,diagnostic_calibration,3,2,142110,176454,184517,0,0,184584,42474
rp2040_2,65,900,0,0,diagnostic_calibration,4,2,184585,218919,226981,0,0,227061,42476
rp2040_2,65,900,0,0,diagnostic_calibration,5,0,227063,261390,269451,277397,278084,278087,51024
rp2040_2,65,901,1,0,diagnostic_calibration,1,1,56983,91504,0,0,0,91584,34601
rp2040_2,65,901,1,0,diagnostic_calibration,2,2,91588,125940,134015,0,0,134160,42572
rp2040_2,65,901,1,0,diagnostic_calibration,3,2,134161,168508,176571,0,0,176717,42556
rp2040_2,65,901,1,0,diagnostic_calibration,4,0,176717,211045,219108,227054,227739,227743,51026
rp2040_2,65,902,2,0,diagnostic_calibration,1,2,56980,91509,99592,0,0,99634,42654
rp2040_2,65,902,2,0,diagnostic_calibration,2,1,99640,134033,0,0,0,134045,34405
rp2040_2,65,902,2,0,diagnostic_calibration,3,0,134046,168368,176431,184378,185064,185067,51021
rp2040_2,65,903,3,0,diagnostic_calibration,1,2,56994,91514,99598,0,0,99632,42638
rp2040_2,65,903,3,0,diagnostic_calibration,2,2,99637,134031,142096,0,0,142172,42535
rp2040_2,65,903,3,0,diagnostic_calibration,3,2,142173,176516,184577,0,0,184625,42452
rp2040_2,65,903,3,0,diagnostic_calibration,4,2,184625,218965,227026,0,0,227098,42473
rp2040_2,65,903,3,0,diagnostic_calibration,5,2,227098,261436,269497,0,0,269616,42518
rp2040_2,65,903,3,0,diagnostic_calibration,6,1,269616,303940,0,0,0,304019,34403
rp2040_2,65,903,3,0,diagnostic_calibration,7,1,304020,338326,0,0,0,338367,34347
rp2040_2,65,903,3,0,diagnostic_calibration,8,2,338367,372676,380736,0,0,380883,42516
rp2040_2,65,903,3,0,diagnostic_calibration,9,1,380883,415215,0,0,0,415279,34396
rp2040_2,65,903,3,0,diagnostic_calibration,10,0,415280,449593,457654,465600,466286,466289,51009
rp2040_2,65,904,4,0,diagnostic_calibration,1,0,56965,91488,99572,107522,108208,108214,51249
rp2040_2,65,905,5,0,diagnostic_holdout,1,1,56985,91508,0,0,0,91648,34663
rp2040_2,65,905,5,0,diagnostic_holdout,2,2,91652,125999,134071,0,0,134192,42540
rp2040_2,65,905,5,0,diagnostic_holdout,3,2,134193,168531,176595,0,0,176599,42406
rp2040_2,65,905,5,0,diagnostic_holdout,4,2,176600,210930,218992,0,0,219000,42400
rp2040_2,65,905,5,0,diagnostic_holdout,5,0,219001,253327,261388,269335,270021,270024,51023
rp2040_2,65,906,6,0,diagnostic_holdout,1,0,56994,91527,99610,107561,108248,108254,51260
rp2040_2,65,907,7,0,diagnostic_holdout,1,2,56968,91492,99576,0,0,99591,42623
rp2040_2,65,907,7,0,diagnostic_holdout,2,1,99596,133963,0,0,0,134020,34424
rp2040_2,65,907,7,0,diagnostic_holdout,3,2,134021,168344,176407,0,0,176431,42410
rp2040_2,65,907,7,0,diagnostic_holdout,4,2,176431,210757,218818,0,0,218841,42410
rp2040_2,65,907,7,0,diagnostic_holdout,5,1,218842,253181,0,0,0,253304,34462
rp2040_2,65,907,7,0,diagnostic_holdout,6,1,253305,287618,0,0,0,287655,34350
rp2040_2,65,907,7,0,diagnostic_holdout,7,0,287656,321967,330027,337975,338662,338665,51009
rp2040_2,65,908,8,0,diagnostic_holdout,1,1,56963,91483,0,0,0,91547,34584
rp2040_2,65,908,8,0,diagnostic_holdout,2,2,91552,125927,134000,0,0,134067,42515
rp2040_2,65,908,8,0,diagnostic_holdout,3,2,134068,168413,176476,0,0,176517,42449
rp2040_2,65,908,8,0,diagnostic_holdout,4,1,176518,210856,0,0,0,210890,34372
rp2040_2,65,908,8,0,diagnostic_holdout,5,1,210891,245196,0,0,0,245323,34432
rp2040_2,65,908,8,0,diagnostic_holdout,6,2,245323,279634,287695,0,0,287746,42423
rp2040_2,65,908,8,0,diagnostic_holdout,7,0,287747,322081,330142,338088,338774,338777,51030
rp2040_2,65,909,9,0,diagnostic_holdout,1,2,56982,91514,99599,0,0,99673,42691
rp2040_2,65,909,9,0,diagnostic_holdout,2,0,99678,134081,142146,150093,150779,150783,51105
rp2040_2,65,910,0,1,diagnostic_calibration,1,2,56974,91492,99576,0,0,99700,42726
rp2040_2,65,910,0,1,diagnostic_calibration,2,0,99706,134085,142152,150099,150785,150789,51083
rp2040_2,65,911,1,1,diagnostic_calibration,1,0,56960,91479,99563,107513,108199,108206,51246
rp2040_2,65,912,2,1,diagnostic_calibration,1,2,57006,91531,99615,0,0,99675,42669
rp2040_2,65,912,2,1,diagnostic_calibration,2,2,99680,134061,142125,0,0,142219,42539
rp2040_2,65,912,2,1,diagnostic_calibration,3,1,142220,176565,0,0,0,176589,34369
rp2040_2,65,912,2,1,diagnostic_calibration,4,1,176590,210895,0,0,0,210949,34359
rp2040_2,65,912,2,1,diagnostic_calibration,5,1,210950,245258,0,0,0,245349,34399
rp2040_2,65,912,2,1,diagnostic_calibration,6,0,245350,279666,287728,295674,296361,296364,51014
rp2040_2,65,913,3,1,diagnostic_calibration,1,2,56984,91505,99589,0,0,99624,42640
rp2040_2,65,913,3,1,diagnostic_calibration,2,2,99629,134006,142071,0,0,142103,42474
rp2040_2,65,913,3,1,diagnostic_calibration,3,1,142104,176445,0,0,0,176495,34391
rp2040_2,65,913,3,1,diagnostic_calibration,4,1,176496,210804,0,0,0,210847,34351
rp2040_2,65,913,3,1,diagnostic_calibration,5,1,210848,245155,0,0,0,245207,34359
rp2040_2,65,913,3,1,diagnostic_calibration,6,0,245208,279513,287574,295520,296207,296210,51002
rp2040_2,65,914,4,1,diagnostic_calibration,1,1,56979,91490,0,0,0,91550,34571
rp2040_2,65,914,4,1,diagnostic_calibration,2,0,91554,125909,133985,141935,142622,142626,51072
rp2040_2,65,915,5,1,diagnostic_holdout,1,2,56983,91498,99582,0,0,99725,42742
rp2040_2,65,915,5,1,diagnostic_holdout,2,1,99731,134119,0,0,0,134229,34498
rp2040_2,65,915,5,1,diagnostic_holdout,3,1,134233,168563,0,0,0,168591,34358
rp2040_2,65,915,5,1,diagnostic_holdout,4,1,168591,202902,0,0,0,202924,34333
rp2040_2,65,915,5,1,diagnostic_holdout,5,0,202925,237241,245305,253252,253937,253940,51015
rp2040_2,65,916,6,1,diagnostic_holdout,1,1,56983,91498,0,0,0,91558,34575
rp2040_2,65,916,6,1,diagnostic_holdout,2,1,91564,125915,0,0,0,125996,34432
rp2040_2,65,916,6,1,diagnostic_holdout,3,1,125997,160323,0,0,0,160397,34400
rp2040_2,65,916,6,1,diagnostic_holdout,4,1,160397,194713,0,0,0,194812,34415
rp2040_2,65,916,6,1,diagnostic_holdout,5,0,194812,229120,237191,245141,245828,245830,51018
rp2040_2,65,917,7,1,diagnostic_holdout,1,2,56998,91524,99609,0,0,99735,42737
rp2040_2,65,917,7,1,diagnostic_holdout,2,1,99740,134123,0,0,0,134195,34455
rp2040_2,65,917,7,1,diagnostic_holdout,3,2,134197,168520,176582,0,0,176708,42511
rp2040_2,65,917,7,1,diagnostic_holdout,4,0,176709,211045,219107,227053,227739,227742,51033
rp2040_2,65,918,8,1,diagnostic_holdout,1,1,56961,91478,0,0,0,91522,34561
rp2040_2,65,918,8,1,diagnostic_holdout,2,2,91527,125891,133967,0,0,134031,42504
rp2040_2,65,918,8,1,diagnostic_holdout,3,1,134033,168379,0,0,0,168403,34370
rp2040_2,65,918,8,1,diagnostic_holdout,4,0,168403,202714,210777,218725,219411,219415,51012
rp2040_2,65,919,9,1,diagnostic_holdout,1,1,56970,91488,0,0,0,91514,34544
rp2040_2,65,919,9,1,diagnostic_holdout,2,2,91519,125877,133953,0,0,133996,42477
rp2040_2,65,919,9,1,diagnostic_holdout,3,1,133998,168347,0,0,0,168473,34475
rp2040_2,65,919,9,1,diagnostic_holdout,4,2,168473,202786,210850,0,0,210892,42419
rp2040_2,65,919,9,1,diagnostic_holdout,5,1,210893,245238,0,0,0,245299,34406
rp2040_2,65,919,9,1,diagnostic_holdout,6,1,245300,279607,0,0,0,279625,34325
rp2040_2,65,919,9,1,diagnostic_holdout,7,1,279626,313940,0,0,0,313983,34357
rp2040_2,65,919,9,1,diagnostic_holdout,8,1,313983,348295,0,0,0,348411,34428
rp2040_2,65,919,9,1,diagnostic_holdout,9,0,348411,382722,390783,398730,399416,399419,51008
rp2040_2,65,920,0,2,diagnostic_calibration,1,2,56997,91520,99603,0,0,99651,42654
rp2040_2,65,920,0,2,diagnostic_calibration,2,0,99655,134027,142092,150039,150724,150727,51072
rp2040_2,65,921,1,2,diagnostic_calibration,1,0,56973,91513,99597,107548,108234,108241,51268
rp2040_2,65,922,2,2,diagnostic_calibration,1,1,57018,91548,0,0,0,91605,34587
rp2040_2,65,922,2,2,diagnostic_calibration,2,2,91610,125977,134049,0,0,134099,42489
rp2040_2,65,922,2,2,diagnostic_calibration,3,2,134101,168456,176519,0,0,176646,42545
rp2040_2,65,922,2,2,diagnostic_calibration,4,1,176647,210985,0,0,0,211029,34382
rp2040_2,65,922,2,2,diagnostic_calibration,5,0,211029,245334,253395,261342,262027,262030,51001
rp2040_2,65,923,3,2,diagnostic_calibration,1,2,56976,91495,99578,0,0,99593,42617
rp2040_2,65,923,3,2,diagnostic_calibration,2,2,99598,133973,142039,0,0,142081,42483
rp2040_2,65,923,3,2,diagnostic_calibration,3,2,142084,176429,184493,0,0,184541,42457
rp2040_2,65,923,3,2,diagnostic_calibration,4,2,184544,218870,226932,0,0,226941,42397
rp2040_2,65,923,3,2,diagnostic_calibration,5,2,226942,261273,269335,0,0,269371,42429
rp2040_2,65,923,3,2,diagnostic_calibration,6,0,269372,303704,311765,319711,320398,320401,51029
rp2040_2,65,924,4,2,diagnostic_calibration,1,1,56973,91489,0,0,0,91522,34549
rp2040_2,65,924,4,2,diagnostic_calibration,2,2,91527,125884,133958,0,0,134042,42515
rp2040_2,65,924,4,2,diagnostic_calibration,3,2,134044,168383,176447,0,0,176479,42435
rp2040_2,65,924,4,2,diagnostic_calibration,4,1,176480,210814,0,0,0,210864,34384
rp2040_2,65,924,4,2,diagnostic_calibration,5,2,210864,245171,253232,0,0,253245,42381
rp2040_2,65,924,4,2,diagnostic_calibration,6,2,253246,287579,295640,0,0,295791,42545
rp2040_2,65,924,4,2,diagnostic_calibration,7,1,295792,330119,0,0,0,330164,34372
rp2040_2,65,924,4,2,diagnostic_calibration,8,2,330165,364477,372538,0,0,372604,42439
rp2040_2,65,924,4,2,diagnostic_calibration,9,1,372605,406929,0,0,0,406978,34373
rp2040_2,65,924,4,2,diagnostic_calibration,10,1,406979,441289,0,0,0,441334,34355
rp2040_2,65,924,4,2,diagnostic_calibration,11,2,441335,475640,483701,0,0,483726,42391
rp2040_2,65,924,4,2,diagnostic_calibration,12,1,483727,518051,0,0,0,518058,34331
rp2040_2,65,924,4,2,diagnostic_calibration,13,0,518059,552367,560428,568374,569060,569062,51003
rp2040_2,65,925,5,2,diagnostic_holdout,1,0,56982,91499,99583,107534,108220,108227,51245
rp2040_2,65,926,6,2,diagnostic_holdout,1,2,57003,91524,99607,0,0,99765,42762
rp2040_2,65,926,6,2,diagnostic_holdout,2,1,99771,134157,0,0,0,134219,34448
rp2040_2,65,926,6,2,diagnostic_holdout,3,0,134221,168538,176603,184550,185236,185239,51018
rp2040_2,65,927,7,2,diagnostic_holdout,1,0,56979,91513,99597,107548,108234,108240,51261
rp2040_2,65,928,8,2,diagnostic_holdout,1,1,56957,91478,0,0,0,91512,34555
rp2040_2,65,928,8,2,diagnostic_holdout,2,2,91518,125882,133959,0,0,134033,42515
rp2040_2,65,928,8,2,diagnostic_holdout,3,1,134035,168380,0,0,0,168457,34422
rp2040_2,65,928,8,2,diagnostic_holdout,4,1,168457,202768,0,0,0,202813,34356
rp2040_2,65,928,8,2,diagnostic_holdout,5,2,202814,237123,245185,0,0,245192,42378
rp2040_2,65,928,8,2,diagnostic_holdout,6,1,245193,279535,0,0,0,279601,34408
rp2040_2,65,928,8,2,diagnostic_holdout,7,2,279601,313911,321972,0,0,322080,42479
rp2040_2,65,928,8,2,diagnostic_holdout,8,0,322081,356400,364461,372407,373093,373095,51014
rp2040_2,65,929,9,2,diagnostic_holdout,1,2,56989,91499,99582,0,0,99643,42654
rp2040_2,65,929,9,2,diagnostic_holdout,2,0,99649,134024,142088,150036,150721,150725,51076
rp2040_2,65,930,0,3,diagnostic_calibration,1,0,56980,91496,99580,107530,108217,108223,51243
rp2040_2,65,931,1,3,diagnostic_calibration,1,0,56966,91479,99563,107513,108200,108206,51240
rp2040_2,65,932,2,3,diagnostic_calibration,1,2,56991,91510,99594,0,0,99610,42619
rp2040_2,65,932,2,3,diagnostic_calibration,2,2,99616,134006,142074,0,0,142223,42607
rp2040_2,65,932,2,3,diagnostic_calibration,3,2,142226,176572,184635,0,0,184666,42440
rp2040_2,65,932,2,3,diagnostic_calibration,4,1,184669,219000,0,0,0,219064,34395
rp2040_2,65,932,2,3,diagnostic_calibration,5,2,219064,253373,261434,0,0,261568,42504
rp2040_2,65,932,2,3,diagnostic_calibration,6,1,261568,295898,0,0,0,295903,34335
rp2040_2,65,932,2,3,diagnostic_calibration,7,2,295903,330213,338274,0,0,338283,42380
rp2040_2,65,932,2,3,diagnostic_calibration,8,1,338283,372614,0,0,0,372682,34399
rp2040_2,65,932,2,3,diagnostic_calibration,9,2,372683,407000,415061,0,0,415183,42500
rp2040_2,65,932,2,3,diagnostic_calibration,10,2,415184,449506,457567,0,0,457651,42467
rp2040_2,65,932,2,3,diagnostic_calibration,11,0,457651,491977,500038,507984,508671,508674,51023
rp2040_2,65,933,3,3,diagnostic_calibration,1,2,56983,91492,99575,0,0,99602,42619
rp2040_2,65,933,3,3,diagnostic_calibration,2,2,99608,133980,142047,0,0,142079,42471
rp2040_2,65,933,3,3,diagnostic_calibration,3,1,142080,176418,0,0,0,176456,34376
rp2040_2,65,933,3,3,diagnostic_calibration,4,1,176457,210767,0,0,0,210856,34399
rp2040_2,65,933,3,3,diagnostic_calibration,5,0,210857,245164,253227,261173,261860,261863,51006
rp2040_2,65,934,4,3,diagnostic_calibration,1,1,56963,91479,0,0,0,91614,34651
rp2040_2,65,934,4,3,diagnostic_calibration,2,2,91619,125989,134062,0,0,134076,42457
rp2040_2,65,934,4,3,diagnostic_calibration,3,1,134078,168421,0,0,0,168521,34443
rp2040_2,65,934,4,3,diagnostic_calibration,4,2,168521,202840,210902,0,0,210934,42413
rp2040_2,65,934,4,3,diagnostic_calibration,5,2,210935,245270,253331,0,0,253434,42499
rp2040_2,65,934,4,3,diagnostic_calibration,6,1,253435,287756,0,0,0,287814,34379
rp2040_2,65,934,4,3,diagnostic_calibration,7,1,287815,322122,0,0,0,322190,34375
rp2040_2,65,934,4,3,diagnostic_calibration,8,1,322191,356502,0,0,0,356596,34405
rp2040_2,65,934,4,3,diagnostic_calibration,9,1,356596,390908,0,0,0,390923,34327
rp2040_2,65,934,4,3,diagnostic_calibration,10,1,390924,425243,0,0,0,425347,34423
rp2040_2,65,934,4,3,diagnostic_calibration,11,1,425347,459652,0,0,0,459740,34393
rp2040_2,65,934,4,3,diagnostic_calibration,12,1,459740,494055,0,0,0,494177,34437
rp2040_2,65,934,4,3,diagnostic_calibration,13,2,494178,528488,536549,0,0,536612,42434
rp2040_2,65,934,4,3,diagnostic_calibration,14,2,536613,570941,579002,0,0,579075,42462
rp2040_2,65,934,4,3,diagnostic_calibration,15,2,579076,613402,621463,0,0,621571,42495
rp2040_2,65,934,4,3,diagnostic_calibration,16,0,621572,655901,663961,671908,672593,672596,51024
rp2040_2,65,935,5,3,diagnostic_holdout,1,0,56978,91502,99586,107537,108224,108230,51252
rp2040_2,65,936,6,3,diagnostic_holdout,1,2,56981,91511,99597,0,0,99679,42698
rp2040_2,65,936,6,3,diagnostic_holdout,2,1,99683,134067,0,0,0,134116,34433
rp2040_2,65,936,6,3,diagnostic_holdout,3,0,134117,168445,176508,184454,185140,185144,51027
rp2040_2,65,937,7,3,diagnostic_holdout,1,0,56976,91494,99579,107529,108216,108223,51247
rp2040_2,65,938,8,3,diagnostic_holdout,1,1,56963,91491,0,0,0,91615,34652
rp2040_2,65,938,8,3,diagnostic_holdout,2,2,91620,125994,134071,0,0,134221,42601
rp2040_2,65,938,8,3,diagnostic_holdout,3,0,134222,168566,176632,184579,185265,185268,51046
rp2040_2,65,939,9,3,diagnostic_holdout,1,1,56974,91496,0,0,0,91621,34647
rp2040_2,65,939,9,3,diagnostic_holdout,2,0,91625,125986,134059,142010,142696,142700,51075
rp2040_2,65,940,0,4,diagnostic_calibration,1,2,56985,91518,99601,0,0,99757,42772
rp2040_2,65,940,0,4,diagnostic_calibration,2,1,99764,134146,0,0,0,134155,34391
rp2040_2,65,940,0,4,diagnostic_calibration,3,2,134156,168473,176536,0,0,176583,42427
rp2040_2,65,940,0,4,diagnostic_calibration,4,1,176583,210919,0,0,0,210968,34385
rp2040_2,65,940,0,4,diagnostic_calibration,5,1,210968,245279,0,0,0,245329,34361
rp2040_2,65,940,0,4,diagnostic_calibration,6,0,245330,279636,287697,295643,296329,296332,51002
rp2040_2,65,941,1,4,diagnostic_calibration,1,2,56985,91514,99598,0,0,99692,42707
rp2040_2,65,941,1,4,diagnostic_calibration,2,1,99697,134068,0,0,0,134112,34415
rp2040_2,65,941,1,4,diagnostic_calibration,3,2,134114,168438,176500,0,0,176529,42415
rp2040_2,65,941,1,4,diagnostic_calibration,4,2,176530,210866,218926,0,0,219019,42489
rp2040_2,65,941,1,4,diagnostic_calibration,5,1,219020,253351,0,0,0,253402,34382
rp2040_2,65,941,1,4,diagnostic_calibration,6,2,253403,287711,295771,0,0,295816,42413
rp2040_2,65,941,1,4,diagnostic_calibration,7,1,295817,330142,0,0,0,330184,34367
rp2040_2,65,941,1,4,diagnostic_calibration,8,2,330185,364494,372555,0,0,372576,42391
rp2040_2,65,941,1,4,diagnostic_calibration,9,2,372577,406905,414966,0,0,414988,42411
rp2040_2,65,941,1,4,diagnostic_calibration,10,2,414988,449329,457389,0,0,457472,42484
rp2040_2,65,941,1,4,diagnostic_calibration,11,0,457472,491803,499864,507811,508497,508500,51028
rp2040_2,65,942,2,4,diagnostic_calibration,1,2,56983,91512,99595,0,0,99655,42672
rp2040_2,65,942,2,4,diagnostic_calibration,2,2,99660,134046,142110,0,0,142171,42511
rp2040_2,65,942,2,4,diagnostic_calibration,3,0,142173,176496,184558,192505,193192,193195,51022
rp2040_2,65,943,3,4,diagnostic_calibration,1,2,56989,91511,99594,0,0,99666,42677
rp2040_2,65,943,3,4,diagnostic_calibration,2,2,99670,134065,142131,0,0,142266,42596
rp2040_2,65,943,3,4,diagnostic_calibration,3,2,142268,176624,184685,0,0,184822,42554
rp2040_2,65,943,3,4,diagnostic_calibration,4,1,184823,219158,0,0,0,219273,34450
rp2040_2,65,943,3,4,diagnostic_calibration,5,0,219274,253586,261647,269593,270279,270282,51008
rp2040_2,65,944,4,4,diagnostic_calibration,1,0,56964,91480,99563,107514,108200,108206,51242
rp2040_2,65,945,5,4,diagnostic_holdout,1,0,56968,91499,99582,107533,108220,108226,51258
rp2040_2,65,946,6,4,diagnostic_holdout,1,1,56975,91489,0,0,0,91531,34556
rp2040_2,65,946,6,4,diagnostic_holdout,2,0,91535,125890,133966,141917,142602,142605,51070
rp2040_2,65,947,7,4,diagnostic_holdout,1,1,56994,91517,0,0,0,91553,34559
rp2040_2,65,947,7,4,diagnostic_holdout,2,2,91559,125920,133995,0,0,134105,42546
rp2040_2,65,947,7,4,diagnostic_holdout,3,2,134108,168443,176509,0,0,176626,42518
rp2040_2,65,947,7,4,diagnostic_holdout,4,1,176627,210959,0,0,0,211008,34381
rp2040_2,65,947,7,4,diagnostic_holdout,5,2,211008,245312,253374,0,0,253427,42419
rp2040_2,65,947,7,4,diagnostic_holdout,6,2,253428,287755,295816,0,0,295950,42522
rp2040_2,65,947,7,4,diagnostic_holdout,7,2,295951,330284,338345,0,0,338395,42444
rp2040_2,65,947,7,4,diagnostic_holdout,8,2,338396,372720,380781,0,0,380860,42464
rp2040_2,65,947,7,4,diagnostic_holdout,9,1,380861,415177,0,0,0,415299,34438
rp2040_2,65,947,7,4,diagnostic_holdout,10,2,415299,449612,457673,0,0,457721,42422
rp2040_2,65,947,7,4,diagnostic_holdout,11,2,457722,492056,500117,0,0,500151,42429
rp2040_2,65,947,7,4,diagnostic_holdout,12,2,500151,534476,542536,0,0,542543,42392
rp2040_2,65,947,7,4,diagnostic_holdout,13,1,542544,576872,0,0,0,576944,34400
rp2040_2,65,947,7,4,diagnostic_holdout,14,1,576945,611248,0,0,0,611347,34402
rp2040_2,65,947,7,4,diagnostic_holdout,15,1,611347,645667,0,0,0,645750,34403
rp2040_2,65,947,7,4,diagnostic_holdout,16,1,645751,680059,0,0,0,680127,34376
rp2040_2,65,947,7,4,diagnostic_holdout,17,2,680127,714447,722508,0,0,722550,42423
rp2040_2,65,947,7,4,diagnostic_holdout,18,2,722551,756883,764944,0,0,765045,42494
rp2040_2,65,947,7,4,diagnostic_holdout,19,1,765046,799374,0,0,0,799469,34423
rp2040_2,65,947,7,4,diagnostic_holdout,20,1,799470,833777,0,0,0,833787,34317
rp2040_2,65,947,7,4,diagnostic_holdout,21,0,833787,868093,876154,884100,884787,884790,51003
rp2040_2,65,948,8,4,diagnostic_holdout,1,0,56966,91483,99566,107517,108202,108208,51242
rp2040_2,65,949,9,4,diagnostic_holdout,1,2,57003,91525,99608,0,0,99682,42679
rp2040_2,65,949,9,4,diagnostic_holdout,2,1,99687,134074,0,0,0,134114,34427
rp2040_2,65,949,9,4,diagnostic_holdout,3,1,134116,168432,0,0,0,168469,34353
rp2040_2,65,949,9,4,diagnostic_holdout,4,2,168470,202782,210845,0,0,210858,42388
rp2040_2,65,949,9,4,diagnostic_holdout,5,0,210859,245194,253255,261201,261887,261890,51031
rp2040_2,65,950,0,0,diagnostic_calibration,1,2,56947,91468,99551,0,0,99596,42649
rp2040_2,65,950,0,0,diagnostic_calibration,2,2,99601,133983,142048,0,0,142164,42563
rp2040_2,65,950,0,0,diagnostic_calibration,3,1,142165,176511,0,0,0,176561,34396
rp2040_2,65,950,0,0,diagnostic_calibration,4,2,176562,210872,218934,0,0,219049,42487
rp2040_2,65,950,0,0,diagnostic_calibration,5,2,219050,253380,261441,0,0,261493,42443
rp2040_2,65,950,0,0,diagnostic_calibration,6,1,261494,295827,0,0,0,295836,34342
rp2040_2,65,950,0,0,diagnostic_calibration,7,2,295836,330148,338209,0,0,338279,42443
rp2040_2,65,950,0,0,diagnostic_calibration,8,2,338280,372608,380669,0,0,380756,42476
rp2040_2,65,950,0,0,diagnostic_calibration,9,1,380757,415078,0,0,0,415122,34365
rp2040_2,65,950,0,0,diagnostic_calibration,10,1,415122,449440,0,0,0,449498,34376
rp2040_2,65,950,0,0,diagnostic_calibration,11,1,449499,483808,0,0,0,483902,34403
rp2040_2,65,950,0,0,diagnostic_calibration,12,0,483903,518210,526271,534218,534904,534907,51004
rp2040_2,65,951,1,0,diagnostic_calibration,1,2,57004,91532,99614,0,0,99718,42714
rp2040_2,65,951,1,0,diagnostic_calibration,2,1,99723,134130,0,0,0,134190,34467
rp2040_2,65,951,1,0,diagnostic_calibration,3,2,134192,168522,176584,0,0,176674,42482
rp2040_2,65,951,1,0,diagnostic_calibration,4,1,176675,211008,0,0,0,211041,34366
rp2040_2,65,951,1,0,diagnostic_calibration,5,2,211042,245348,253410,0,0,253556,42514
rp2040_2,65,951,1,0,diagnostic_calibration,6,2,253557,287894,295956,0,0,295983,42426
rp2040_2,65,951,1,0,diagnostic_calibration,7,0,295984,330318,338379,346326,347012,347015,51031
rp2040_2,65,952,2,0,diagnostic_calibration,1,2,56997,91524,99607,0,0,99728,42731
rp2040_2,65,952,2,0,diagnostic_calibration,2,0,99734,134120,142186,150134,150820,150823,51089
rp2040_2,65,953,3,0,diagnostic_calibration,1,1,56995,91533,0,0,0,91589,34594
rp2040_2,65,953,3,0,diagnostic_calibration,2,2,91595,125962,134035,0,0,134068,42473
rp2040_2,65,953,3,0,diagnostic_calibration,3,2,134070,168416,176479,0,0,176617,42547
rp2040_2,65,953,3,0,diagnostic_calibration,4,2,176618,210955,219016,0,0,219085,42467
rp2040_2,65,953,3,0,diagnostic_calibration,5,1,219086,253434,0,0,0,253558,34472
rp2040_2,65,953,3,0,diagnostic_calibration,6,2,253559,287870,295931,0,0,295955,42396
rp2040_2,65,953,3,0,diagnostic_calibration,7,1,295955,330280,0,0,0,330309,34354
rp2040_2,65,953,3,0,diagnostic_calibration,8,1,330309,364622,0,0,0,364694,34385
rp2040_2,65,953,3,0,diagnostic_calibration,9,0,364695,399009,407070,415016,415701,415704,51009
rp2040_2,65,954,4,0,diagnostic_calibration,1,2,56980,91513,99596,0,0,99612,42632
rp2040_2,65,954,4,0,diagnostic_calibration,2,1,99618,134018,0,0,0,134026,34408
rp2040_2,65,954,4,0,diagnostic_calibration,3,2,134028,168360,176423,0,0,176564,42536
rp2040_2,65,954,4,0,diagnostic_calibration,4,1,176565,210900,0,0,0,210937,34372
rp2040_2,65,954,4,0,diagnostic_calibration,5,1,210938,245253,0,0,0,245377,34439
rp2040_2,65,954,4,0,diagnostic_calibration,6,2,245377,279681,287743,0,0,287807,42430
rp2040_2,65,954,4,0,diagnostic_calibration,7,0,287807,322133,330194,338141,338826,338829,51022
rp2040_2,65,955,5,0,diagnostic_holdout,1,0,56979,91502,99584,107535,108222,108228,51249
rp2040_2,65,956,6,0,diagnostic_holdout,1,2,56981,91509,99592,0,0,99717,42736
rp2040_2,65,956,6,0,diagnostic_holdout,2,2,99721,134119,142186,0,0,142258,42537
rp2040_2,65,956,6,0,diagnostic_holdout,3,2,142259,176618,184680,0,0,184700,42441
rp2040_2,65,956,6,0,diagnostic_holdout,4,2,184701,219031,227092,0,0,227173,42472
rp2040_2,65,956,6,0,diagnostic_holdout,5,0,227173,261502,269563,277509,278195,278198,51025
rp2040_2,65,957,7,0,diagnostic_holdout,1,1,56984,91512,0,0,0,91611,34627
rp2040_2,65,957,7,0,diagnostic_holdout,2,0,91615,125979,134054,142005,142690,142694,51079
rp2040_2,65,958,8,0,diagnostic_holdout,1,2,56969,91477,99561,0,0,99620,42651
rp2040_2,65,958,8,0,diagnostic_holdout,2,2,99624,134022,142087,0,0,142226,42602
rp2040_2,65,958,8,0,diagnostic_holdout,3,1,142227,176576,0,0,0,176647,34420
rp2040_2,65,958,8,0,diagnostic_holdout,4,2,176648,210961,219022,0,0,219086,42438
rp2040_2,65,958,8,0,diagnostic_holdout,5,0,219087,253427,261489,269435,270121,270124,51037
rp2040_2,65,959,9,0,diagnostic_holdout,1,0,56999,91525,99609,107559,108246,108252,51253
rp2040_2,65,960,0,1,diagnostic_calibration,1,1,56972,91498,0,0,0,91594,34622
rp2040_2,65,960,0,1,diagnostic_calibration,2,1,91600,125973,0,0,0,126066,34466
rp2040_2,65,960,0,1,diagnostic_calibration,3,1,126069,160394,0,0,0,160521,34452
rp2040_2,65,960,0,1,diagnostic_calibration,4,1,160522,194831,0,0,0,194872,34350
rp2040_2,65,960,0,1,diagnostic_calibration,5,0,194873,229189,237260,245210,245897,245900,51027
rp2040_2,65,961,1,1,diagnostic_calibration,1,2,56981,91502,99586,0,0,99688,42707
rp2040_2,65,961,1,1,diagnostic_calibration,2,1,99694,134075,0,0,0,134114,34420
rp2040_2,65,961,1,1,diagnostic_calibration,3,2,134116,168437,176502,0,0,176540,42424
rp2040_2,65,961,1,1,diagnostic_calibration,4,2,176540,210875,218936,0,0,219011,42471
rp2040_2,65,961,1,1,diagnostic_calibration,5,2,219012,253341,261403,0,0,261418,42406
rp2040_2,65,961,1,1,diagnostic_calibration,6,2,261418,295750,303811,0,0,303906,42488
rp2040_2,65,961,1,1,diagnostic_calibration,7,2,303907,338254,346315,0,0,346349,42442
rp2040_2,65,961,1,1,diagnostic_calibration,8,1,346350,380673,0,0,0,380697,34347
rp2040_2,65,961,1,1,diagnostic_calibration,9,2,380698,415011,423072,0,0,423137,42439
rp2040_2,65,961,1,1,diagnostic_calibration,10,2,423138,457472,465533,0,0,465658,42520
rp2040_2,65,961,1,1,diagnostic_calibration,11,0,465659,499983,508044,515991,516677,516680,51021
rp2040_2,65,962,2,1,diagnostic_calibration,1,1,57009,91527,0,0,0,91599,34590
rp2040_2,65,962,2,1,diagnostic_calibration,2,2,91604,125968,134040,0,0,134069,42465
rp2040_2,65,962,2,1,diagnostic_calibration,3,2,134072,168410,176473,0,0,176559,42487
rp2040_2,65,962,2,1,diagnostic_calibration,4,2,176560,210892,218953,0,0,219079,42519
rp2040_2,65,962,2,1,diagnostic_calibration,5,0,219080,253401,261462,269408,270095,270097,51017
rp2040_2,65,963,3,1,diagnostic_calibration,1,2,56972,91497,99580,0,0,99657,42685
rp2040_2,65,963,3,1,diagnostic_calibration,2,2,99662,134043,142110,0,0,142129,42467
rp2040_2,65,963,3,1,diagnostic_calibration,3,1,142130,176470,0,0,0,176544,34414
rp2040_2,65,963,3,1,diagnostic_calibration,4,2,176545,210860,218921,0,0,218944,42399
rp2040_2,65,963,3,1,diagnostic_calibration,5,2,218945,253273,261334,0,0,261442,42497
rp2040_2,65,963,3,1,diagnostic_calibration,6,1,261442,295773,0,0,0,295871,34429
rp2040_2,65,963,3,1,diagnostic_calibration,7,1,295871,330188,0,0,0,330222,34351
rp2040_2,65,963,3,1,diagnostic_calibration,8,1,330223,364538,0,0,0,364567,34344
rp2040_2,65,963,3,1,diagnostic_calibration,9,0,364567,398882,406943,414889,415574,415577,51010
rp2040_2,65,964,4,1,diagnostic_calibration,1,2,56964,91490,99573,0,0,99620,42656
rp2040_2,65,964,4,1,diagnostic_calibration,2,2,99624,134016,142079,0,0,142146,42522
rp2040_2,65,964,4,1,diagnostic_calibration,3,2,142148,176486,184548,0,0,184567,42419
rp2040_2,65,964,4,1,diagnostic_calibration,4,2,184568,218900,226961,0,0,227030,42462
rp2040_2,65,964,4,1,diagnostic_calibration,5,1,227030,261356,0,0,0,261415,34385
rp2040_2,65,964,4,1,diagnostic_calibration,6,1,261416,295725,0,0,0,295798,34382
rp2040_2,65,964,4,1,diagnostic_calibration,7,2,295799,330109,338170,0,0,338189,42390
rp2040_2,65,964,4,1,diagnostic_calibration,8,1,338189,372518,0,0,0,372573,34384
rp2040_2,65,964,4,1,diagnostic_calibration,9,2,372573,406887,414948,0,0,414986,42413
rp2040_2,65,964,4,1,diagnostic_calibration,10,1,414987,449319,0,0,0,449445,34458
rp2040_2,65,964,4,1,diagnostic_calibration,11,0,449445,483759,491820,499766,500451,500454,51009
rp2040_2,65,965,5,1,diagnostic_holdout,1,0,56985,91518,99601,107552,108237,108243,51258
rp2040_2,65,966,6,1,diagnostic_holdout,1,0,57002,91533,99617,107567,108254,108260,51258
rp2040_2,65,967,7,1,diagnostic_holdout,1,2,56995,91511,99595,0,0,99747,42752
rp2040_2,65,967,7,1,diagnostic_holdout,2,0,99751,134127,142193,150139,150825,150829,51078
rp2040_2,65,968,8,1,diagnostic_holdout,1,2,56958,91482,99565,0,0,99608,42650
rp2040_2,65,968,8,1,diagnostic_holdout,2,1,99613,134015,0,0,0,134048,34435
rp2040_2,65,968,8,1,diagnostic_holdout,3,0,134050,168365,176427,184373,185059,185062,51012
rp2040_2,65,969,9,1,diagnostic_holdout,1,2,56980,91506,99589,0,0,99637,42657
rp2040_2,65,969,9,1,diagnostic_holdout,2,2,99643,134037,142101,0,0,142121,42478
rp2040_2,65,969,9,1,diagnostic_holdout,3,1,142123,176471,0,0,0,176540,34417
rp2040_2,65,969,9,1,diagnostic_holdout,4,2,176542,210862,218923,0,0,219073,42531
rp2040_2,65,969,9,1,diagnostic_holdout,5,2,219074,253401,261462,0,0,261587,42513
rp2040_2,65,969,9,1,diagnostic_holdout,6,2,261589,295916,303977,0,0,304093,42504
rp2040_2,65,969,9,1,diagnostic_holdout,7,1,304093,338422,0,0,0,338537,34444
rp2040_2,65,969,9,1,diagnostic_holdout,8,2,338538,372842,380903,0,0,380911,42373
rp2040_2,65,969,9,1,diagnostic_holdout,9,0,380911,415240,423301,431247,431934,431937,51026
rp2040_2,65,970,0,2,diagnostic_calibration,1,1,56968,91497,0,0,0,91577,34609
rp2040_2,65,970,0,2,diagnostic_calibration,2,1,91581,125948,0,0,0,126012,34431
rp2040_2,65,970,0,2,diagnostic_calibration,3,2,126014,160335,168406,0,0,168502,42488
rp2040_2,65,970,0,2,diagnostic_calibration,4,2,168503,202831,210892,0,0,210943,42440
rp2040_2,65,970,0,2,diagnostic_calibration,5,2,210944,245273,253335,0,0,253455,42511
rp2040_2,65,970,0,2,diagnostic_calibration,6,2,253456,287787,295848,0,0,295861,42405
rp2040_2,65,970,0,2,diagnostic_calibration,7,1,295862,330187,0,0,0,330296,34434
rp2040_2,65,970,0,2,diagnostic_calibration,8,1,330297,364604,0,0,0,364629,34332
rp2040_2,65,970,0,2,diagnostic_calibration,9,2,364630,398938,406999,0,0,407031,42401
rp2040_2,65,970,0,2,diagnostic_calibration,10,0,407032,441363,449424,457370,458057,458060,51028
rp2040_2,65,971,1,2,diagnostic_calibration,1,1,56986,91509,0,0,0,91652,34666
rp2040_2,65,971,1,2,diagnostic_calibration,2,2,91657,126020,134092,0,0,134200,42543
rp2040_2,65,971,1,2,diagnostic_calibration,3,2,134202,168539,176602,0,0,176663,42461
rp2040_2,65,971,1,2,diagnostic_calibration,4,0,176664,210986,219047,226994,227679,227682,51018
rp2040_2,65,972,2,2,diagnostic_calibration,1,0,57006,91540,99624,107575,108261,108268,51262
rp2040_2,65,973,3,2,diagnostic_calibration,1,2,57001,91524,99608,0,0,99696,42695
rp2040_2,65,973,3,2,diagnostic_calibration,2,2,99700,134091,142156,0,0,142203,42503
rp2040_2,65,973,3,2,diagnostic_calibration,3,2,142205,176539,184600,0,0,184685,42480
rp2040_2,65,973,3,2,diagnostic_calibration,4,1,184686,219020,0,0,0,219104,34418
rp2040_2,65,973,3,2,diagnostic_calibration,5,0,219106,253420,261481,269427,270113,270117,51011
rp2040_2,65,974,4,2,diagnostic_calibration,1,2,56976,91502,99587,0,0,99666,42690
rp2040_2,65,974,4,2,diagnostic_calibration,2,2,99672,134042,142109,0,0,142127,42455
rp2040_2,65,974,4,2,diagnostic_calibration,3,1,142129,176467,0,0,0,176485,34356
rp2040_2,65,974,4,2,diagnostic_calibration,4,0,176486,210795,218857,226804,227489,227492,51006
rp2040_2,65,975,5,2,diagnostic_holdout,1,0,56975,91498,99582,107533,108220,108226,51251
rp2040_2,65,976,6,2,diagnostic_holdout,1,0,57002,91526,99610,107560,108247,108253,51251
rp2040_2,65,977,7,2,diagnostic_holdout,1,2,56988,91518,99601,0,0,99707,42719
rp2040_2,65,977,7,2,diagnostic_holdout,2,1,99713,134087,0,0,0,134168,34455
rp2040_2,65,977,7,2,diagnostic_holdout,3,2,134170,168489,176552,0,0,176703,42533
rp2040_2,65,977,7,2,diagnostic_holdout,4,1,176704,211036,0,0,0,211130,34426
rp2040_2,65,977,7,2,diagnostic_holdout,5,1,211131,245448,0,0,0,245526,34395
rp2040_2,65,977,7,2,diagnostic_holdout,6,1,245527,279834,0,0,0,279900,34373
rp2040_2,65,977,7,2,diagnostic_holdout,7,2,279901,314210,322271,0,0,322361,42460
rp2040_2,65,977,7,2,diagnostic_holdout,8,2,322362,356692,364753,0,0,364872,42510
rp2040_2,65,977,7,2,diagnostic_holdout,9,1,364873,399207,0,0,0,399230,34357
rp2040_2,65,977,7,2,diagnostic_holdout,10,2,399231,433538,441599,0,0,441712,42481
rp2040_2,65,977,7,2,diagnostic_holdout,11,2,441712,476041,484102,0,0,484234,42522
rp2040_2,65,977,7,2,diagnostic_holdout,12,2,484235,518566,526627,0,0,526657,42422
rp2040_2,65,977,7,2,diagnostic_holdout,13,0,526657,560995,569056,577002,577688,577692,51035
rp2040_2,65,978,8,2,diagnostic_holdout,1,2,56980,91508,99592,0,0,99634,42654
rp2040_2,65,978,8,2,diagnostic_holdout,2,2,99639,134026,142090,0,0,142168,42529
rp2040_2,65,978,8,2,diagnostic_holdout,3,1,142170,176509,0,0,0,176611,34441
rp2040_2,65,978,8,2,diagnostic_holdout,4,2,176612,210926,218988,0,0,219118,42506
rp2040_2,65,978,8,2,diagnostic_holdout,5,1,219118,253452,0,0,0,253469,34351
rp2040_2,65,978,8,2,diagnostic_holdout,6,1,253470,287790,0,0,0,287914,34444
rp2040_2,65,978,8,2,diagnostic_holdout,7,0,287914,322219,330280,338226,338911,338914,51000
rp2040_2,65,979,9,2,diagnostic_holdout,1,2,56994,91526,99609,0,0,99650,42656
rp2040_2,65,979,9,2,diagnostic_holdout,2,2,99655,134038,142104,0,0,142134,42479
rp2040_2,65,979,9,2,diagnostic_holdout,3,2,142138,176478,184541,0,0,184691,42553
rp2040_2,65,979,9,2,diagnostic_holdout,4,2,184692,219016,227077,0,0,227219,42527
rp2040_2,65,979,9,2,diagnostic_holdout,5,2,227220,261549,269610,0,0,269677,42457
rp2040_2,65,979,9,2,diagnostic_holdout,6,1,269678,304006,0,0,0,304067,34389
rp2040_2,65,979,9,2,diagnostic_holdout,7,1,304068,338380,0,0,0,338427,34359
rp2040_2,65,979,9,2,diagnostic_holdout,8,0,338427,372732,380793,388739,389425,389428,51001
rp2040_2,65,980,0,3,diagnostic_calibration,1,1,56990,91513,0,0,0,91583,34593
rp2040_2,65,980,0,3,diagnostic_calibration,2,2,91588,125947,134021,0,0,134111,42523
rp2040_2,65,980,0,3,diagnostic_calibration,3,1,134114,168449,0,0,0,168458,34344
rp2040_2,65,980,0,3,diagnostic_calibration,4,1,168458,202776,0,0,0,202809,34351
rp2040_2,65,980,0,3,diagnostic_calibration,5,2,202810,237127,245188,0,0,245193,42383
rp2040_2,65,980,0,3,diagnostic_calibration,6,2,245194,279540,287601,0,0,287631,42437
rp2040_2,65,980,0,3,diagnostic_calibration,7,2,287632,321962,330023,0,0,330112,42480
rp2040_2,65,980,0,3,diagnostic_calibration,8,2,330113,364444,372505,0,0,372621,42508
rp2040_2,65,980,0,3,diagnostic_calibration,9,0,372621,406948,415009,422956,423641,423644,51023
rp2040_2,65,981,1,3,diagnostic_calibration,1,1,57000,91527,0,0,0,91672,34672
rp2040_2,65,981,1,3,diagnostic_calibration,2,1,91676,126042,0,0,0,126165,34489
rp2040_2,65,981,1,3,diagnostic_calibration,3,1,126167,160495,0,0,0,160574,34407
rp2040_2,65,981,1,3,diagnostic_calibration,4,0,160574,194895,202966,210917,211604,211607,51033
rp2040_2,65,982,2,3,diagnostic_calibration,1,2,56986,91504,99587,0,0,99602,42616
rp2040_2,65,982,2,3,diagnostic_calibration,2,1,99607,133993,0,0,0,134028,34421
rp2040_2,65,982,2,3,diagnostic_calibration,3,1,134029,168339,0,0,0,168361,34332
rp2040_2,65,982,2,3,diagnostic_calibration,4,0,168362,202674,210739,218687,219374,219377,51015
rp2040_2,65,983,3,3,diagnostic_calibration,1,0,56968,91488,99572,107523,108208,108214,51246
rp2040_2,65,984,4,3,diagnostic_calibration,1,2,56989,91514,99598,0,0,99623,42634
rp2040_2,65,984,4,3,diagnostic_calibration,2,1,99628,134001,0,0,0,134125,34497
rp2040_2,65,984,4,3,diagnostic_calibration,3,1,134127,168440,0,0,0,168494,34367
rp2040_2,65,984,4,3,diagnostic_calibration,4,1,168495,202802,0,0,0,202875,34380
rp2040_2,65,984,4,3,diagnostic_calibration,5,2,202875,237181,245245,0,0,245356,42481
rp2040_2,65,984,4,3,diagnostic_calibration,6,1,245357,279688,0,0,0,279710,34353
rp2040_2,65,984,4,3,diagnostic_calibration,7,2,279711,314023,322085,0,0,322118,42407
rp2040_2,65,984,4,3,diagnostic_calibration,8,1,322118,356454,0,0,0,356476,34358
rp2040_2,65,984,4,3,diagnostic_calibration,9,2,356477,390784,398846,0,0,398901,42424
rp2040_2,65,984,4,3,diagnostic_calibration,10,0,398902,433239,441300,449247,449934,449936,51034
rp2040_2,65,985,5,3,diagnostic_holdout,1,2,56981,91509,99593,0,0,99692,42711
rp2040_2,65,985,5,3,diagnostic_holdout,2,0,99697,134080,142144,150091,150776,150780,51083
rp2040_2,65,986,6,3,diagnostic_holdout,1,2,56990,91499,99582,0,0,99697,42707
rp2040_2,65,986,6,3,diagnostic_holdout,2,2,99702,134085,142149,0,0,142287,42585
rp2040_2,65,986,6,3,diagnostic_holdout,3,1,142289,176627,0,0,0,176651,34362
rp2040_2,65,986,6,3,diagnostic_holdout,4,2,176651,210961,219022,0,0,219104,42453
rp2040_2,65,986,6,3,diagnostic_holdout,5,1,219105,253433,0,0,0,253446,34341
rp2040_2,65,986,6,3,diagnostic_holdout,6,2,253446,287759,295820,0,0,295923,42477
rp2040_2,65,986,6,3,diagnostic_holdout,7,2,295924,330254,338315,0,0,338396,42472
rp2040_2,65,986,6,3,diagnostic_holdout,8,2,338396,372726,380787,0,0,380848,42452
rp2040_2,65,986,6,3,diagnostic_holdout,9,2,380849,415165,423226,0,0,423315,42466
rp2040_2,65,986,6,3,diagnostic_holdout,10,1,423316,457638,0,0,0,457669,34353
rp2040_2,65,986,6,3,diagnostic_holdout,11,1,457670,491988,0,0,0,492025,34355
rp2040_2,65,986,6,3,diagnostic_holdout,12,2,492025,526339,534400,0,0,534528,42503
rp2040_2,65,986,6,3,diagnostic_holdout,13,2,534528,568851,576912,0,0,577016,42488
rp2040_2,65,986,6,3,diagnostic_holdout,14,1,577016,611360,0,0,0,611427,34411
rp2040_2,65,986,6,3,diagnostic_holdout,15,2,611427,645735,653796,0,0,653907,42480
rp2040_2,65,986,6,3,diagnostic_holdout,16,2,653908,688230,696291,0,0,696305,42397
rp2040_2,65,986,6,3,diagnostic_holdout,17,2,696306,730634,738695,0,0,738718,42412
rp2040_2,65,986,6,3,diagnostic_holdout,18,2,738718,773048,781109,0,0,781129,42411
rp2040_2,65,986,6,3,diagnostic_holdout,19,2,781130,815469,823530,0,0,823642,42512
rp2040_2,65,986,6,3,diagnostic_holdout,20,2,823643,857977,866038,0,0,866179,42536
rp2040_2,65,986,6,3,diagnostic_holdout,21,0,866180,900504,908565,916511,917197,917200,51020
rp2040_2,65,987,7,3,diagnostic_holdout,1,1,57001,91534,0,0,0,91656,34655
rp2040_2,65,987,7,3,diagnostic_holdout,2,1,91660,126018,0,0,0,126087,34427
rp2040_2,65,987,7,3,diagnostic_holdout,3,0,126088,160410,168481,176431,177118,177121,51033
rp2040_2,65,988,8,3,diagnostic_holdout,1,1,56995,91511,0,0,0,91653,34658
rp2040_2,65,988,8,3,diagnostic_holdout,2,0,91658,126009,134081,142032,142718,142721,51063
rp2040_2,65,989,9,3,diagnostic_holdout,1,2,56976,91506,99590,0,0,99747,42771
rp2040_2,65,989,9,3,diagnostic_holdout,2,1,99753,134135,0,0,0,134178,34425
rp2040_2,65,989,9,3,diagnostic_holdout,3,2,134180,168515,176581,0,0,176614,42434
rp2040_2,65,989,9,3,diagnostic_holdout,4,1,176615,210938,0,0,0,210941,34326
rp2040_2,65,989,9,3,diagnostic_holdout,5,1,210942,245254,0,0,0,245276,34334
rp2040_2,65,989,9,3,diagnostic_holdout,6,1,245277,279587,0,0,0,279694,34417
rp2040_2,65,989,9,3,diagnostic_holdout,7,2,279694,314012,322074,0,0,322102,42408
rp2040_2,65,989,9,3,diagnostic_holdout,8,2,322104,356437,364498,0,0,364539,42435
rp2040_2,65,989,9,3,diagnostic_holdout,9,1,364540,398862,0,0,0,398941,34401
rp2040_2,65,989,9,3,diagnostic_holdout,10,2,398942,433263,441324,0,0,441331,42389
rp2040_2,65,989,9,3,diagnostic_holdout,11,1,441332,475654,0,0,0,475726,34394
rp2040_2,65,989,9,3,diagnostic_holdout,12,2,475727,510040,518100,0,0,518161,42434
rp2040_2,65,989,9,3,diagnostic_holdout,13,1,518161,552498,0,0,0,552511,34350
rp2040_2,65,989,9,3,diagnostic_holdout,14,0,552512,586823,594884,602830,603517,603520,51008
rp2040_2,65,990,0,4,diagnostic_calibration,1,2,56977,91519,99602,0,0,99669,42692
rp2040_2,65,990,0,4,diagnostic_calibration,2,0,99674,134059,142124,150070,150756,150760,51086
rp2040_2,65,991,1,4,diagnostic_calibration,1,1,56985,91509,0,0,0,91589,34604
rp2040_2,65,991,1,4,diagnostic_calibration,2,2,91593,125947,134023,0,0,134071,42478
rp2040_2,65,991,1,4,diagnostic_calibration,3,1,134074,168416,0,0,0,168444,34370
rp2040_2,65,991,1,4,diagnostic_calibration,4,2,168445,202755,210816,0,0,210877,42432
rp2040_2,65,991,1,4,diagnostic_calibration,5,2,210877,245207,253268,0,0,253286,42409
rp2040_2,65,991,1,4,diagnostic_calibration,6,1,253287,287620,0,0,0,287623,34336
rp2040_2,65,991,1,4,diagnostic_calibration,7,2,287624,321933,329994,0,0,330108,42484
rp2040_2,65,991,1,4,diagnostic_calibration,8,2,330109,364438,372499,0,0,372642,42533
rp2040_2,65,991,1,4,diagnostic_calibration,9,2,372642,406980,415041,0,0,415125,42483
rp2040_2,65,991,1,4,diagnostic_calibration,10,2,415125,449457,457518,0,0,457655,42530
rp2040_2,65,991,1,4,diagnostic_calibration,11,1,457655,491975,0,0,0,492067,34412
rp2040_2,65,991,1,4,diagnostic_calibration,12,1,492067,526372,0,0,0,526446,34379
rp2040_2,65,991,1,4,diagnostic_calibration,13,1,526447,560761,0,0,0,560783,34336
rp2040_2,65,991,1,4,diagnostic_calibration,14,2,560783,595106,603167,0,0,603185,42402
rp2040_2,65,991,1,4,diagnostic_calibration,15,0,603186,637508,645569,653515,654201,654204,51018
rp2040_2,65,992,2,4,diagnostic_calibration,1,2,56994,91510,99593,0,0,99625,42631
rp2040_2,65,992,2,4,diagnostic_calibration,2,1,99630,134014,0,0,0,134070,34440
rp2040_2,65,992,2,4,diagnostic_calibration,3,1,134071,168386,0,0,0,168478,34407
rp2040_2,65,992,2,4,diagnostic_calibration,4,0,168479,202794,210857,218805,219491,219494,51015
rp2040_2,65,993,3,4,diagnostic_calibration,1,0,56974,91501,99586,107536,108223,108229,51255
rp2040_2,65,994,4,4,diagnostic_calibration,1,2,56972,91486,99569,0,0,99656,42684
rp2040_2,65,994,4,4,diagnostic_calibration,2,1,99661,134034,0,0,0,134147,34486
rp2040_2,65,994,4,4,diagnostic_calibration,3,2,134149,168471,176534,0,0,176662,42513
rp2040_2,65,994,4,4,diagnostic_calibration,4,0,176662,210993,219055,227001,227688,227691,51029
rp2040_2,65,995,5,4,diagnostic_holdout,1,2,56991,91518,99601,0,0,99619,42628
rp2040_2,65,995,5,4,diagnostic_holdout,2,2,99625,134018,142081,0,0,142113,42488
rp2040_2,65,995,5,4,diagnostic_holdout,3,1,142114,176441,0,0,0,176532,34418
rp2040_2,65,995,5,4,diagnostic_holdout,4,1,176533,210848,0,0,0,210916,34383
rp2040_2,65,995,5,4,diagnostic_holdout,5,1,210917,245219,0,0,0,245258,34341
rp2040_2,65,995,5,4,diagnostic_holdout,6,2,245258,279564,287625,0,0,287635,42377
rp2040_2,65,995,5,4,diagnostic_holdout,7,1,287635,321965,0,0,0,321999,34364
rp2040_2,65,995,5,4,diagnostic_holdout,8,2,322000,356313,364374,0,0,364427,42427
rp2040_2,65,995,5,4,diagnostic_holdout,9,2,364428,398761,406821,0,0,406885,42457
rp2040_2,65,995,5,4,diagnostic_holdout,10,0,406885,441223,449284,457230,457917,457919,51034
rp2040_2,65,996,6,4,diagnostic_holdout,1,2,56994,91513,99596,0,0,99683,42689
rp2040_2,65,996,6,4,diagnostic_holdout,2,2,99688,134066,142133,0,0,142144,42456
rp2040_2,65,996,6,4,diagnostic_holdout,3,2,142145,176487,184549,0,0,184559,42414
rp2040_2,65,996,6,4,diagnostic_holdout,4,1,184560,218886,0,0,0,218994,34434
rp2040_2,65,996,6,4,diagnostic_holdout,5,1,218995,253313,0,0,0,253374,34379
rp2040_2,65,996,6,4,diagnostic_holdout,6,2,253375,287689,295750,0,0,295757,42382
rp2040_2,65,996,6,4,diagnostic_holdout,7,2,295758,330088,338149,0,0,338248,42490
rp2040_2,65,996,6,4,diagnostic_holdout,8,1,338249,372573,0,0,0,372661,34412
rp2040_2,65,996,6,4,diagnostic_holdout,9,2,372661,406974,415035,0,0,415122,42461
rp2040_2,65,996,6,4,diagnostic_holdout,10,2,415123,449451,457511,0,0,457635,42512
rp2040_2,65,996,6,4,diagnostic_holdout,11,0,457636,491979,500040,507986,508672,508675,51039
rp2040_2,65,997,7,4,diagnostic_holdout,1,2,57008,91527,99610,0,0,99641,42633
rp2040_2,65,997,7,4,diagnostic_holdout,2,1,99646,134014,0,0,0,134039,34393
rp2040_2,65,997,7,4,diagnostic_holdout,3,1,134041,168360,0,0,0,168395,34354
rp2040_2,65,997,7,4,diagnostic_holdout,4,1,168396,202711,0,0,0,202769,34373
rp2040_2,65,997,7,4,diagnostic_holdout,5,1,202770,237084,0,0,0,237102,34332
rp2040_2,65,997,7,4,diagnostic_holdout,6,1,237102,271410,0,0,0,271472,34370
rp2040_2,65,997,7,4,diagnostic_holdout,7,1,271473,305782,0,0,0,305843,34370
rp2040_2,65,997,7,4,diagnostic_holdout,8,1,305844,340154,0,0,0,340278,34434
rp2040_2,65,997,7,4,diagnostic_holdout,9,2,340278,374588,382649,0,0,382765,42487
rp2040_2,65,997,7,4,diagnostic_holdout,10,2,382766,417099,425160,0,0,425220,42454
rp2040_2,65,997,7,4,diagnostic_holdout,11,1,425221,459540,0,0,0,459648,34427
rp2040_2,65,997,7,4,diagnostic_holdout,12,2,459648,493960,502021,0,0,502039,42391
rp2040_2,65,997,7,4,diagnostic_holdout,13,2,502040,536361,544422,0,0,544568,42528
rp2040_2,65,997,7,4,diagnostic_holdout,14,1,544569,578901,0,0,0,578933,34364
rp2040_2,65,997,7,4,diagnostic_holdout,15,0,578933,613235,621296,629242,629930,629933,51000
rp2040_2,65,998,8,4,diagnostic_holdout,1,1,56970,91489,0,0,0,91584,34614
rp2040_2,65,998,8,4,diagnostic_holdout,2,2,91589,125954,134028,0,0,134099,42510
rp2040_2,65,998,8,4,diagnostic_holdout,3,1,134101,168452,0,0,0,168481,34380
rp2040_2,65,998,8,4,diagnostic_holdout,4,1,168482,202793,0,0,0,202849,34367
rp2040_2,65,998,8,4,diagnostic_holdout,5,1,202849,237160,0,0,0,237224,34375
rp2040_2,65,998,8,4,diagnostic_holdout,6,1,237225,271535,0,0,0,271547,34322
rp2040_2,65,998,8,4,diagnostic_holdout,7,2,271548,305860,313921,0,0,313945,42397
rp2040_2,65,998,8,4,diagnostic_holdout,8,0,313946,348273,356334,364280,364966,364969,51023
rp2040_2,65,999,9,4,diagnostic_holdout,1,2,56975,91500,99584,0,0,99670,42695
rp2040_2,65,999,9,4,diagnostic_holdout,2,2,99675,134059,142121,0,0,142197,42522
rp2040_2,65,999,9,4,diagnostic_holdout,3,0,142198,176527,184588,192535,193221,193224,51026
