board,set,invocation,key,message,partition,attempt,reason,entry_us,z_check_us,w0_check_us,ct0_check_us,hint_check_us,exit_us,attempt_us
rp2040_1,65,0,0,0,diagnostic_calibration,1,0,56954,91484,99568,107518,108205,108211,51257
rp2040_1,65,1,1,0,diagnostic_calibration,1,2,56977,91487,99571,0,0,99669,42692
rp2040_1,65,1,1,0,diagnostic_calibration,2,0,99674,134050,142113,150059,150746,150750,51076
rp2040_1,65,2,2,0,diagnostic_calibration,1,0,56992,91525,99609,107559,108246,108252,51260
rp2040_1,65,3,3,0,diagnostic_calibration,1,0,56997,91515,99598,107548,108234,108240,51243
rp2040_1,65,4,4,0,diagnostic_calibration,1,2,56968,91478,99561,0,0,99686,42718
rp2040_1,65,4,4,0,diagnostic_calibration,2,2,99690,134076,142141,0,0,142146,42456
rp2040_1,65,4,4,0,diagnostic_calibration,3,0,142147,176488,184551,192498,193184,193187,51040
rp2040_1,65,5,5,0,diagnostic_holdout,1,0,56991,91527,99610,107561,108248,108254,51263
rp2040_1,65,6,6,0,diagnostic_holdout,1,2,56978,91498,99581,0,0,99706,42728
rp2040_1,65,6,6,0,diagnostic_holdout,2,1,99711,134099,0,0,0,134120,34409
rp2040_1,65,6,6,0,diagnostic_holdout,3,0,134122,168437,176499,184446,185133,185136,51014
rp2040_1,65,7,7,0,diagnostic_holdout,1,1,56993,91513,0,0,0,91560,34567
rp2040_1,65,7,7,0,diagnostic_holdout,2,1,91566,125927,0,0,0,126033,34467
rp2040_1,65,7,7,0,diagnostic_holdout,3,2,126037,160376,168447,0,0,168545,42508
rp2040_1,65,7,7,0,diagnostic_holdout,4,2,168548,202888,210950,0,0,211017,42469
rp2040_1,65,7,7,0,diagnostic_holdout,5,0,211018,245348,253409,261356,262041,262044,51026
rp2040_1,65,8,8,0,diagnostic_holdout,1,1,56965,91476,0,0,0,91552,34587
rp2040_1,65,8,8,0,diagnostic_holdout,2,1,91557,125924,0,0,0,125961,34404
rp2040_1,65,8,8,0,diagnostic_holdout,3,2,125963,160285,168356,0,0,168494,42531
rp2040_1,65,8,8,0,diagnostic_holdout,4,2,168495,202828,210889,0,0,210991,42496
rp2040_1,65,8,8,0,diagnostic_holdout,5,1,210992,245316,0,0,0,245351,34359
rp2040_1,65,8,8,0,diagnostic_holdout,6,1,245351,279665,0,0,0,279772,34421
rp2040_1,65,8,8,0,diagnostic_holdout,7,0,279773,314081,322141,330088,330774,330777,51004
rp2040_1,65,9,9,0,diagnostic_holdout,1,1,56999,91531,0,0,0,91619,34620
rp2040_1,65,9,9,0,diagnostic_holdout,2,2,91624,125984,134056,0,0,134180,42556
rp2040_1,65,9,9,0,diagnostic_holdout,3,1,134182,168526,0,0,0,168597,34415
rp2040_1,65,9,9,0,diagnostic_holdout,4,1,168598,202907,0,0,0,202914,34316
rp2040_1,65,9,9,0,diagnostic_holdout,5,0,202915,237229,245291,253239,253925,253928,51013
rp2040_1,65,10,0,1,diagnostic_calibration,1,1,56967,91486,0,0,0,91507,34540
rp2040_1,65,10,0,1,diagnostic_calibration,2,1,91511,125862,0,0,0,125955,34444
rp2040_1,65,10,0,1,diagnostic_calibration,3,2,125956,160274,168344,0,0,168370,42414
rp2040_1,65,10,0,1,diagnostic_calibration,4,0,168371,202700,210765,218713,219400,219403,51032
rp2040_1,65,11,1,1,diagnostic_calibration,1,1,56968,91506,0,0,0,91534,34566
rp2040_1,65,11,1,1,diagnostic_calibration,2,2,91539,125908,133981,0,0,134029,42490
rp2040_1,65,11,1,1,diagnostic_calibration,3,2,134031,168366,176428,0,0,176523,42492
rp2040_1,65,11,1,1,diagnostic_calibration,4,1,176524,210850,0,0,0,210903,34379
rp2040_1,65,11,1,1,diagnostic_calibration,5,1,210904,245215,0,0,0,245246,34342
rp2040_1,65,11,1,1,diagnostic_calibration,6,2,245247,279565,287626,0,0,287642,42395
rp2040_1,65,11,1,1,diagnostic_calibration,7,1,287643,321969,0,0,0,322003,34360
rp2040_1,65,11,1,1,diagnostic_calibration,8,1,322003,356314,0,0,0,356345,34342
rp2040_1,65,11,1,1,diagnostic_calibration,9,1,356346,390657,0,0,0,390669,34323
rp2040_1,65,11,1,1,diagnostic_calibration,10,2,390669,424977,433038,0,0,433042,42373
rp2040_1,65,11,1,1,diagnostic_calibration,11,1,433043,467378,0,0,0,467389,34346
rp2040_1,65,11,1,1,diagnostic_calibration,12,2,467390,501698,509759,0,0,509787,42397
rp2040_1,65,11,1,1,diagnostic_calibration,13,2,509788,544114,552175,0,0,552228,42440
rp2040_1,65,11,1,1,diagnostic_calibration,14,0,552228,586560,594621,602568,603254,603258,51030
rp2040_1,65,12,2,1,diagnostic_calibration,1,1,56983,91501,0,0,0,91555,34572
rp2040_1,65,12,2,1,diagnostic_calibration,2,2,91560,125913,133987,0,0,133996,42436
rp2040_1,65,12,2,1,diagnostic_calibration,3,1,133998,168330,0,0,0,168411,34413
rp2040_1,65,12,2,1,diagnostic_calibration,4,1,168412,202723,0,0,0,202803,34391
rp2040_1,65,12,2,1,diagnostic_calibration,5,0,202803,237106,245169,253116,253802,253805,51002
rp2040_1,65,13,3,1,diagnostic_calibration,1,1,56987,91514,0,0,0,91594,34607
rp2040_1,65,13,3,1,diagnostic_calibration,2,2,91600,125957,134030,0,0,134110,42510
rp2040_1,65,13,3,1,diagnostic_calibration,3,2,134113,168462,176525,0,0,176574,42461
rp2040_1,65,13,3,1,diagnostic_calibration,4,2,176576,210913,218975,0,0,219009,42433
rp2040_1,65,13,3,1,diagnostic_calibration,5,1,219011,253349,0,0,0,253427,34416
rp2040_1,65,13,3,1,diagnostic_calibration,6,0,253428,287732,295793,303739,304425,304428,51000
rp2040_1,65,14,4,1,diagnostic_calibration,1,1,56962,91494,0,0,0,91514,34552
rp2040_1,65,14,4,1,diagnostic_calibration,2,2,91520,125878,133953,0,0,134092,42572
rp2040_1,65,14,4,1,diagnostic_calibration,3,2,134093,168429,176494,0,0,176590,42497
rp2040_1,65,14,4,1,diagnostic_calibration,4,1,176591,210933,0,0,0,211011,34420
rp2040_1,65,14,4,1,diagnostic_calibration,5,0,211011,245326,253388,261334,262021,262023,51012
rp2040_1,65,15,5,1,diagnostic_holdout,1,2,57003,91523,99606,0,0,99717,42714
rp2040_1,65,15,5,1,diagnostic_holdout,2,1,99722,134105,0,0,0,134191,34469
rp2040_1,65,15,5,1,diagnostic_holdout,3,2,134192,168520,176584,0,0,176695,42503
rp2040_1,65,15,5,1,diagnostic_holdout,4,0,176696,211034,219095,227042,227727,227730,51034
rp2040_1,65,16,6,1,diagnostic_holdout,1,1,56990,91500,0,0,0,91579,34589
rp2040_1,65,16,6,1,diagnostic_holdout,2,2,91584,125934,134007,0,0,134048,42464
rp2040_1,65,16,6,1,diagnostic_holdout,3,1,134050,168393,0,0,0,168472,34422
rp2040_1,65,16,6,1,diagnostic_holdout,4,0,168473,202786,210849,218796,219480,219483,51010
rp2040_1,65,17,7,1,diagnostic_holdout,1,1,56987,91511,0,0,0,91586,34599
rp2040_1,65,17,7,1,diagnostic_holdout,2,2,91592,125964,134039,0,0,134137,42545
rp2040_1,65,17,7,1,diagnostic_holdout,3,2,134138,168493,176557,0,0,176575,42437
rp2040_1,65,17,7,1,diagnostic_holdout,4,0,176576,210909,218971,226918,227603,227607,51031
rp2040_1,65,18,8,1,diagnostic_holdout,1,2,56963,91486,99571,0,0,99588,42625
rp2040_1,65,18,8,1,diagnostic_holdout,2,2,99593,133980,142045,0,0,142096,42503
rp2040_1,65,18,8,1,diagnostic_holdout,3,2,142097,176420,184482,0,0,184534,42437
rp2040_1,65,18,8,1,diagnostic_holdout,4,2,184535,218860,226921,0,0,227006,42471
rp2040_1,65,18,8,1,diagnostic_holdout,5,1,227007,261337,0,0,0,261401,34394
rp2040_1,65,18,8,1,diagnostic_holdout,6,2,261402,295721,303782,0,0,303847,42445
rp2040_1,65,18,8,1,diagnostic_holdout,7,2,303847,338181,346242,0,0,346312,42465
rp2040_1,65,18,8,1,diagnostic_holdout,8,1,346313,380642,0,0,0,380716,34403
rp2040_1,65,18,8,1,diagnostic_holdout,9,2,380716,415025,423086,0,0,423181,42465
rp2040_1,65,18,8,1,diagnostic_holdout,10,1,423182,457514,0,0,0,457607,34425
rp2040_1,65,18,8,1,diagnostic_holdout,11,1,457608,491932,0,0,0,492037,34429
rp2040_1,65,18,8,1,diagnostic_holdout,12,2,492038,526339,534400,0,0,534457,42419
rp2040_1,65,18,8,1,diagnostic_holdout,13,0,534458,568785,576846,584793,585480,585483,51025
rp2040_1,65,19,9,1,diagnostic_holdout,1,1,56960,91477,0,0,0,91607,34647
rp2040_1,65,19,9,1,diagnostic_holdout,2,0,91613,125975,134048,141999,142685,142689,51076
rp2040_1,65,20,0,2,diagnostic_calibration,1,2,56969,91488,99571,0,0,99602,42633
rp2040_1,65,20,0,2,diagnostic_calibration,2,2,99607,133993,142060,0,0,142078,42471
rp2040_1,65,20,0,2,diagnostic_calibration,3,0,142081,176439,184501,192448,193133,193136,51055
rp2040_1,65,21,1,2,diagnostic_calibration,1,0,56990,91521,99604,107555,108241,108247,51257
rp2040_1,65,22,2,2,diagnostic_calibration,1,2,56976,91495,99578,0,0,99665,42689
rp2040_1,65,22,2,2,diagnostic_calibration,2,0,99671,134059,142125,150073,150760,150765,51094
rp2040_1,65,23,3,2,diagnostic_calibration,1,2,56985,91507,99590,0,0,99653,42668
rp2040_1,65,23,3,2,diagnostic_calibration,2,1,99657,134041,0,0,0,134134,34477
rp2040_1,65,23,3,2,diagnostic_calibration,3,2,134135,168457,176521,0,0,176630,42495
rp2040_1,65,23,3,2,diagnostic_calibration,4,0,176630,210967,219028,226974,227660,227662,51032
rp2040_1,65,24,4,2,diagnostic_calibration,1,1,56983,91510,0,0,0,91628,34645
rp2040_1,65,24,4,2,diagnostic_calibration,2,1,91633,126005,0,0,0,126100,34467
rp2040_1,65,24,4,2,diagnostic_calibration,3,0,126102,160416,168486,176437,177123,177126,51024
rp2040_1,65,25,5,2,diagnostic_holdout,1,1,56983,91508,0,0,0,91533,34550
rp2040_1,65,25,5,2,diagnostic_holdout,2,2,91538,125904,133978,0,0,134006,42468
rp2040_1,65,25,5,2,diagnostic_holdout,3,2,134010,168345,176407,0,0,176479,42469
rp2040_1,65,25,5,2,diagnostic_holdout,4,0,176480,210813,218874,226820,227507,227509,51029
rp2040_1,65,26,6,2,diagnostic_holdout,1,1,56974,91504,0,0,0,91560,34586
rp2040_1,65,26,6,2,diagnostic_holdout,2,2,91566,125928,134004,0,0,134078,42512
rp2040_1,65,26,6,2,diagnostic_holdout,3,1,134080,168431,0,0,0,168489,34409
rp2040_1,65,26,6,2,diagnostic_holdout,4,1,168490,202799,0,0,0,202883,34393
rp2040_1,65,26,6,2,diagnostic_holdout,5,2,202884,237191,245254,0,0,245283,42399
rp2040_1,65,26,6,2,diagnostic_holdout,6,2,245284,279612,287673,0,0,287814,42530
rp2040_1,65,26,6,2,diagnostic_holdout,7,2,287815,322151,330212,0,0,330337,42522
rp2040_1,65,26,6,2,diagnostic_holdout,8,2,330338,364669,372730,0,0,372817,42479
rp2040_1,65,26,6,2,diagnostic_holdout,9,2,372818,407142,415203,0,0,415249,42431
rp2040_1,65,26,6,2,diagnostic_holdout,10,2,415250,449588,457649,0,0,457679,42429
rp2040_1,65,26,6,2,diagnostic_holdout,11,1,457680,492009,0,0,0,492046,34366
rp2040_1,65,26,6,2,diagnostic_holdout,12,1,492047,526357,0,0,0,526404,34357
rp2040_1,65,26,6,2,diagnostic_holdout,13,1,526404,560728,0,0,0,560817,34413
rp2040_1,65,26,6,2,diagnostic_holdout,14,1,560818,595127,0,0,0,595237,34419
rp2040_1,65,26,6,2,diagnostic_holdout,15,1,595238,629543,0,0,0,629613,34375
rp2040_1,65,26,6,2,diagnostic_holdout,16,2,629614,663921,671982,0,0,672017,42403
rp2040_1,65,26,6,2,diagnostic_holdout,17,1,672017,706344,0,0,0,706352,34335
rp2040_1,65,26,6,2,diagnostic_holdout,18,1,706353,740662,0,0,0,740776,34423
rp2040_1,65,26,6,2,diagnostic_holdout,19,2,740777,775084,783145,0,0,783167,42390
rp2040_1,65,26,6,2,diagnostic_holdout,20,2,783168,817492,825553,0,0,825656,42488
rp2040_1,65,26,6,2,diagnostic_holdout,21,1,825657,859985,0,0,0,860065,34408
rp2040_1,65,26,6,2,diagnostic_holdout,22,0,860065,894382,902443,910390,911076,911079,51014
rp2040_1,65,27,7,2,diagnostic_holdout,1,2,56994,91524,99608,0,0,99682,42688
rp2040_1,65,27,7,2,diagnostic_holdout,2,1,99687,134061,0,0,0,134147,34460
rp2040_1,65,27,7,2,diagnostic_holdout,3,2,134148,168471,176533,0,0,176542,42394
rp2040_1,65,27,7,2,diagnostic_holdout,4,2,176543,210884,218944,0,0,219018,42475
rp2040_1,65,27,7,2,diagnostic_holdout,5,2,219018,253346,261407,0,0,261411,42393
rp2040_1,65,27,7,2,diagnostic_holdout,6,2,261412,295740,303801,0,0,303843,42431
rp2040_1,65,27,7,2,diagnostic_holdout,7,0,303843,338175,346236,354182,354869,354873,51030
rp2040_1,65,28,8,2,diagnostic_holdout,1,1,56963,91488,0,0,0,91536,34573
rp2040_1,65,28,8,2,diagnostic_holdout,2,1,91542,125899,0,0,0,126015,34473
rp2040_1,65,28,8,2,diagnostic_holdout,3,2,126018,160342,168412,0,0,168547,42529
rp2040_1,65,28,8,2,diagnostic_holdout,4,1,168549,202888,0,0,0,202951,34402
rp2040_1,65,28,8,2,diagnostic_holdout,5,1,202951,237260,0,0,0,237300,34349
rp2040_1,65,28,8,2,diagnostic_holdout,6,0,237300,271617,279680,287626,288312,288315,51015
rp2040_1,65,29,9,2,diagnostic_holdout,1,1,57007,91541,0,0,0,91675,34668
rp2040_1,65,29,9,2,diagnostic_holdout,2,2,91681,126037,134109,0,0,134196,42515
rp2040_1,65,29,9,2,diagnostic_holdout,3,1,134198,168544,0,0,0,168567,34369
rp2040_1,65,29,9,2,diagnostic_holdout,4,0,168568,202882,210945,218893,219579,219583,51015
rp2040_1,65,30,0,3,diagnostic_calibration,1,1,56977,91507,0,0,0,91652,34675
rp2040_1,65,30,0,3,diagnostic_calibration,2,1,91657,126032,0,0,0,126077,34420
rp2040_1,65,30,0,3,diagnostic_calibration,3,2,126078,160402,168474,0,0,168567,42489
rp2040_1,65,30,0,3,diagnostic_calibration,4,2,168568,202910,210973,0,0,211017,42449
rp2040_1,65,30,0,3,diagnostic_calibration,5,0,211018,245359,253421,261367,262053,262055,51037
rp2040_1,65,31,1,3,diagnostic_calibration,1,0,56974,91497,99581,107531,108217,108223,51249
rp2040_1,65,32,2,3,diagnostic_calibration,1,1,56980,91504,0,0,0,91592,34612
rp2040_1,65,32,2,3,diagnostic_calibration,2,2,91597,125964,134037,0,0,134153,42556
rp2040_1,65,32,2,3,diagnostic_calibration,3,0,134155,168494,176557,184504,185189,185193,51038
rp2040_1,65,33,3,3,diagnostic_calibration,1,2,57001,91508,99591,0,0,99726,42725
rp2040_1,65,33,3,3,diagnostic_calibration,2,2,99732,134105,142168,0,0,142246,42514
rp2040_1,65,33,3,3,diagnostic_calibration,3,2,142248,176591,184654,0,0,184659,42411
rp2040_1,65,33,3,3,diagnostic_calibration,4,2,184660,218995,227057,0,0,227103,42443
rp2040_1,65,33,3,3,diagnostic_calibration,5,0,227104,261433,269494,277440,278126,278129,51025
rp2040_1,65,34,4,3,diagnostic_calibration,1,2,56974,91476,99560,0,0,99584,42610
rp2040_1,65,34,4,3,diagnostic_calibration,2,1,99589,133970,0,0,0,133989,34400
rp2040_1,65,34,4,3,diagnostic_calibration,3,2,133990,168310,176373,0,0,176388,42398
rp2040_1,65,34,4,3,diagnostic_calibration,4,0,176389,210725,218787,226734,227420,227423,51034
rp2040_1,65,35,5,3,diagnostic_holdout,1,1,56978,91496,0,0,0,91528,34550
rp2040_1,65,35,5,3,diagnostic_holdout,2,2,91533,125882,133956,0,0,133996,42463
rp2040_1,65,35,5,3,diagnostic_holdout,3,2,133998,168345,176406,0,0,176423,42425
rp2040_1,65,35,5,3,diagnostic_holdout,4,1,176425,210759,0,0,0,210871,34446
rp2040_1,65,35,5,3,diagnostic_holdout,5,0,210872,245189,253250,261196,261882,261885,51013
rp2040_1,65,36,6,3,diagnostic_holdout,1,2,56979,91508,99592,0,0,99732,42753
rp2040_1,65,36,6,3,diagnostic_holdout,2,1,99736,134102,0,0,0,134192,34456
rp2040_1,65,36,6,3,diagnostic_holdout,3,2,134193,168523,176587,0,0,176608,42415
rp2040_1,65,36,6,3,diagnostic_holdout,4,1,176608,210930,0,0,0,210961,34353
rp2040_1,65,36,6,3,diagnostic_holdout,5,2,210962,245285,253346,0,0,253380,42418
rp2040_1,65,36,6,3,diagnostic_holdout,6,2,253381,287713,295774,0,0,295866,42485
rp2040_1,65,36,6,3,diagnostic_holdout,7,0,295866,330191,338252,346198,346885,346888,51022
rp2040_1,65,37,7,3,diagnostic_holdout,1,2,56975,91507,99590,0,0,99611,42636
rp2040_1,65,37,7,3,diagnostic_holdout,2,1,99616,133996,0,0,0,134063,34447
rp2040_1,65,37,7,3,diagnostic_holdout,3,0,134065,168380,176442,184389,185076,185079,51014
rp2040_1,65,38,8,3,diagnostic_holdout,1,2,56960,91480,99564,0,0,99581,42621
rp2040_1,65,38,8,3,diagnostic_holdout,2,2,99586,133972,142039,0,0,142124,42538
rp2040_1,65,38,8,3,diagnostic_holdout,3,2,142127,176481,184544,0,0,184671,42544
rp2040_1,65,38,8,3,diagnostic_holdout,4,1,184672,218997,0,0,0,219019,34347
rp2040_1,65,38,8,3,diagnostic_holdout,5,0,219020,253332,261393,269339,270025,270028,51008
rp2040_1,65,39,9,3,diagnostic_holdout,1,1,56989,91507,0,0,0,91536,34547
rp2040_1,65,39,9,3,diagnostic_holdout,2,2,91541,125899,133973,0,0,134039,42498
rp2040_1,65,39,9,3,diagnostic_holdout,3,1,134041,168402,0,0,0,168442,34401
rp2040_1,65,39,9,3,diagnostic_holdout,4,0,168443,202754,210817,218764,219451,219454,51011
rp2040_1,65,40,0,4,diagnostic_calibration,1,2,56974,91497,99581,0,0,99624,42650
rp2040_1,65,40,0,4,diagnostic_calibration,2,1,99628,134008,0,0,0,134090,34462
rp2040_1,65,40,0,4,diagnostic_calibration,3,1,134092,168403,0,0,0,168489,34397
rp2040_1,65,40,0,4,diagnostic_calibration,4,2,168490,202811,210874,0,0,210882,42392
rp2040_1,65,40,0,4,diagnostic_calibration,5,1,210883,245204,0,0,0,245287,34404
rp2040_1,65,40,0,4,diagnostic_calibration,6,2,245288,279597,287658,0,0,287669,42381
rp2040_1,65,40,0,4,diagnostic_calibration,7,2,287671,322016,330077,0,0,330188,42517
rp2040_1,65,40,0,4,diagnostic_calibration,8,1,330188,364511,0,0,0,364544,34356
rp2040_1,65,40,0,4,diagnostic_calibration,9,1,364545,398855,0,0,0,398981,34436
rp2040_1,65,40,0,4,diagnostic_calibration,10,2,398982,433295,441356,0,0,441378,42396
rp2040_1,65,40,0,4,diagnostic_calibration,11,0,441378,475708,483769,491715,492401,492404,51026
rp2040_1,65,41,1,4,diagnostic_calibration,1,0,56984,91506,99589,107540,108226,108232,51248
rp2040_1,65,42,2,4,diagnostic_calibration,1,1,56985,91512,0,0,0,91544,34559
rp2040_1,65,42,2,4,diagnostic_calibration,2,2,91549,125913,133990,0,0,134018,42469
rp2040_1,65,42,2,4,diagnostic_calibration,3,1,134020,168364,0,0,0,168449,34429
rp2040_1,65,42,2,4,diagnostic_calibration,4,1,168450,202771,0,0,0,202851,34401
rp2040_1,65,42,2,4,diagnostic_calibration,5,2,202852,237159,245223,0,0,245309,42457
rp2040_1,65,42,2,4,diagnostic_calibration,6,2,245309,279649,287711,0,0,287718,42409
rp2040_1,65,42,2,4,diagnostic_calibration,7,2,287719,322046,330107,0,0,330119,42400
rp2040_1,65,42,2,4,diagnostic_calibration,8,1,330120,364443,0,0,0,364509,34389
rp2040_1,65,42,2,4,diagnostic_calibration,9,2,364509,398825,406886,0,0,407004,42495
rp2040_1,65,42,2,4,diagnostic_calibration,10,2,407004,441327,449388,0,0,449509,42505
rp2040_1,65,42,2,4,diagnostic_calibration,11,1,449510,483837,0,0,0,483872,34362
rp2040_1,65,42,2,4,diagnostic_calibration,12,0,483873,518185,526246,534192,534878,534881,51008
rp2040_1,65,43,3,4,diagnostic_calibration,1,2,57007,91537,99621,0,0,99635,42628
rp2040_1,65,43,3,4,diagnostic_calibration,2,2,99640,134040,142104,0,0,142132,42492
rp2040_1,65,43,3,4,diagnostic_calibration,3,0,142134,176481,184542,192489,193176,193179,51045
rp2040_1,65,44,4,4,diagnostic_calibration,1,0,56976,91496,99579,107530,108216,108222,51246
rp2040_1,65,45,5,4,diagnostic_holdout,1,0,56978,91520,99603,107554,108241,108247,51269
rp2040_1,65,46,6,4,diagnostic_holdout,1,0,56985,91513,99596,107547,108232,108238,51253
rp2040_1,65,47,7,4,diagnostic_holdout,1,1,56983,91507,0,0,0,91606,34623
rp2040_1,65,47,7,4,diagnostic_holdout,2,2,91611,125995,134071,0,0,134094,42483
rp2040_1,65,47,7,4,diagnostic_holdout,3,1,134097,168447,0,0,0,168475,34378
rp2040_1,65,47,7,4,diagnostic_holdout,4,2,168475,202790,210853,0,0,210872,42397
rp2040_1,65,47,7,4,diagnostic_holdout,5,1,210873,245196,0,0,0,245241,34368
rp2040_1,65,47,7,4,diagnostic_holdout,6,0,245241,279553,287614,295562,296249,296252,51011
rp2040_1,65,48,8,4,diagnostic_holdout,1,1,56943,91472,0,0,0,91495,34552
rp2040_1,65,48,8,4,diagnostic_holdout,2,2,91500,125870,133946,0,0,133976,42476
rp2040_1,65,48,8,4,diagnostic_holdout,3,0,133978,168321,176385,184332,185018,185022,51044
rp2040_1,65,49,9,4,diagnostic_holdout,1,1,56992,91517,0,0,0,91591,34599
rp2040_1,65,49,9,4,diagnostic_holdout,2,1,91596,125961,0,0,0,126011,34415
rp2040_1,65,49,9,4,diagnostic_holdout,3,2,126012,160337,168409,0,0,168455,42443
rp2040_1,65,49,9,4,diagnostic_holdout,4,1,168456,202782,0,0,0,202900,34444
rp2040_1,65,49,9,4,diagnostic_holdout,5,2,202901,237210,245272,0,0,245279,42378
rp2040_1,65,49,9,4,diagnostic_holdout,6,0,245280,279610,287672,295618,296305,296308,51028
rp2040_1,65,50,0,0,diagnostic_calibration,1,2,56968,91491,99574,0,0,99602,42634
rp2040_1,65,50,0,0,diagnostic_calibration,2,2,99607,133998,142060,0,0,142198,42591
rp2040_1,65,50,0,0,diagnostic_calibration,3,0,142200,176541,184603,192549,193234,193236,51036
rp2040_1,65,51,1,0,diagnostic_calibration,1,1,56989,91517,0,0,0,91619,34630
rp2040_1,65,51,1,0,diagnostic_calibration,2,2,91625,125979,134055,0,0,134072,42447
rp2040_1,65,51,1,0,diagnostic_calibration,3,1,134074,168416,0,0,0,168468,34394
rp2040_1,65,51,1,0,diagnostic_calibration,4,2,168469,202778,210840,0,0,210858,42389
rp2040_1,65,51,1,0,diagnostic_calibration,5,0,210859,245192,253253,261200,261886,261889,51030
rp2040_1,65,52,2,0,diagnostic_calibration,1,1,57003,91542,0,0,0,91592,34589
rp2040_1,65,52,2,0,diagnostic_calibration,2,1,91598,125951,0,0,0,125998,34400
rp2040_1,65,52,2,0,diagnostic_calibration,3,2,125999,160317,168388,0,0,168532,42533
rp2040_1,65,52,2,0,diagnostic_calibration,4,1,168533,202862,0,0,0,202969,34436
rp2040_1,65,52,2,0,diagnostic_calibration,5,2,202969,237289,245351,0,0,245359,42390
rp2040_1,65,52,2,0,diagnostic_calibration,6,2,245360,279685,287745,0,0,287893,42533
rp2040_1,65,52,2,0,diagnostic_calibration,7,2,287893,322229,330290,0,0,330388,42495
rp2040_1,65,52,2,0,diagnostic_calibration,8,1,330389,364721,0,0,0,364807,34418
rp2040_1,65,52,2,0,diagnostic_calibration,9,0,364808,399121,407182,415128,415814,415817,51009
rp2040_1,65,53,3,0,diagnostic_calibration,1,1,57003,91529,0,0,0,91582,34579
rp2040_1,65,53,3,0,diagnostic_calibration,2,0,91588,125952,134025,141976,142663,142667,51079
rp2040_1,65,54,4,0,diagnostic_calibration,1,2,56956,91485,99567,0,0,99628,42672
rp2040_1,65,54,4,0,diagnostic_calibration,2,1,99634,134018,0,0,0,134036,34402
rp2040_1,65,54,4,0,diagnostic_calibration,3,1,134039,168370,0,0,0,168396,34357
rp2040_1,65,54,4,0,diagnostic_calibration,4,2,168398,202722,210787,0,0,210915,42517
rp2040_1,65,54,4,0,diagnostic_calibration,5,0,210915,245259,253321,261267,261953,261956,51041
rp2040_1,65,55,5,0,diagnostic_holdout,1,0,56968,91488,99571,107521,108207,108213,51245
rp2040_1,65,56,6,0,diagnostic_holdout,1,2,57001,91538,99621,0,0,99779,42778
rp2040_1,65,56,6,0,diagnostic_holdout,2,2,99784,134184,142250,0,0,142390,42606
rp2040_1,65,56,6,0,diagnostic_holdout,3,1,142392,176738,0,0,0,176770,34378
rp2040_1,65,56,6,0,diagnostic_holdout,4,1,176770,211082,0,0,0,211150,34380
rp2040_1,65,56,6,0,diagnostic_holdout,5,1,211151,245463,0,0,0,245573,34422
rp2040_1,65,56,6,0,diagnostic_holdout,6,1,245573,279880,0,0,0,279918,34345
rp2040_1,65,56,6,0,diagnostic_holdout,7,0,279918,314227,322288,330235,330920,330924,51006
rp2040_1,65,57,7,0,diagnostic_holdout,1,0,56991,91520,99604,107555,108242,108249,51258
rp2040_1,65,58,8,0,diagnostic_holdout,1,2,56960,91486,99569,0,0,99628,42668
rp2040_1,65,58,8,0,diagnostic_holdout,2,2,99633,134012,142077,0,0,142112,42479
rp2040_1,65,58,8,0,diagnostic_holdout,3,2,142113,176468,184531,0,0,184583,42470
rp2040_1,65,58,8,0,diagnostic_holdout,4,2,184584,218913,226973,0,0,226981,42397
rp2040_1,65,58,8,0,diagnostic_holdout,5,1,226982,261324,0,0,0,261364,34382
rp2040_1,65,58,8,0,diagnostic_holdout,6,1,261365,295679,0,0,0,295737,34372
rp2040_1,65,58,8,0,diagnostic_holdout,7,1,295738,330056,0,0,0,330162,34424
rp2040_1,65,58,8,0,diagnostic_holdout,8,2,330163,364476,372537,0,0,372562,42399
rp2040_1,65,58,8,0,diagnostic_holdout,9,2,372562,406890,414951,0,0,415007,42445
rp2040_1,65,58,8,0,diagnostic_holdout,10,2,415007,449328,457389,0,0,457491,42484
rp2040_1,65,58,8,0,diagnostic_holdout,11,2,457492,491815,499876,0,0,500020,42528
rp2040_1,65,58,8,0,diagnostic_holdout,12,2,500020,534350,542411,0,0,542429,42409
rp2040_1,65,58,8,0,diagnostic_holdout,13,0,542429,576753,584814,592760,593447,593449,51020
rp2040_1,65,59,9,0,diagnostic_holdout,1,2,56985,91506,99590,0,0,99637,42652
rp2040_1,65,59,9,0,diagnostic_holdout,2,0,99642,134009,142075,150023,150709,150712,51070
rp2040_1,65,60,0,1,diagnostic_calibration,1,2,56984,91498,99581,0,0,99673,42689
rp2040_1,65,60,0,1,diagnostic_calibration,2,2,99677,134081,142146,0,0,142156,42479
rp2040_1,65,60,0,1,diagnostic_calibration,3,2,142158,176503,184564,0,0,184707,42549
rp2040_1,65,60,0,1,diagnostic_calibration,4,1,184708,219037,0,0,0,219123,34415
rp2040_1,65,60,0,1,diagnostic_calibration,5,1,219124,253436,0,0,0,253473,34349
rp2040_1,65,60,0,1,diagnostic_calibration,6,1,253473,287789,0,0,0,287876,34403
rp2040_1,65,60,0,1,diagnostic_calibration,7,2,287877,322184,330245,0,0,330360,42483
rp2040_1,65,60,0,1,diagnostic_calibration,8,0,330361,364685,372746,380693,381380,381383,51022
rp2040_1,65,61,1,1,diagnostic_calibration,1,2,56982,91501,99584,0,0,99623,42641
rp2040_1,65,61,1,1,diagnostic_calibration,2,2,99629,134019,142085,0,0,142222,42593
rp2040_1,65,61,1,1,diagnostic_calibration,3,2,142224,176574,184638,0,0,184673,42449
rp2040_1,65,61,1,1,diagnostic_calibration,4,2,184673,219006,227068,0,0,227081,42408
rp2040_1,65,61,1,1,diagnostic_calibration,5,2,227082,261417,269479,0,0,269568,42486
rp2040_1,65,61,1,1,diagnostic_calibration,6,0,269569,303904,311965,319911,320598,320601,51032
rp2040_1,65,62,2,1,diagnostic_calibration,1,2,56977,91499,99583,0,0,99599,42622
rp2040_1,65,62,2,1,diagnostic_calibration,2,2,99604,133975,142040,0,0,142051,42447
rp2040_1,65,62,2,1,diagnostic_calibration,3,1,142053,176415,0,0,0,176482,34429
rp2040_1,65,62,2,1,diagnostic_calibration,4,2,176483,210794,218855,0,0,218868,42385
rp2040_1,65,62,2,1,diagnostic_calibration,5,2,218869,253208,261269,0,0,261290,42421
rp2040_1,65,62,2,1,diagnostic_calibration,6,1,261290,295612,0,0,0,295632,34342
rp2040_1,65,62,2,1,diagnostic_calibration,7,0,295633,329951,338012,345959,346645,346648,51015
rp2040_1,65,63,3,1,diagnostic_calibration,1,1,56982,91506,0,0,0,91566,34584
rp2040_1,65,63,3,1,diagnostic_calibration,2,1,91571,125932,0,0,0,125957,34386
rp2040_1,65,63,3,1,diagnostic_calibration,3,1,125958,160272,0,0,0,160385,34427
rp2040_1,65,63,3,1,diagnostic_calibration,4,0,160386,194696,202767,210718,211404,211407,51021
rp2040_1,65,64,4,1,diagnostic_calibration,1,1,56986,91504,0,0,0,91554,34568
rp2040_1,65,64,4,1,diagnostic_calibration,2,1,91560,125916,0,0,0,126003,34443
rp2040_1,65,64,4,1,diagnostic_calibration,3,0,126005,160322,168393,176344,177029,177032,51027
rp2040_1,65,65,5,1,diagnostic_holdout,1,1,56994,91524,0,0,0,91557,34563
rp2040_1,65,65,5,1,diagnostic_holdout,2,2,91562,125917,133994,0,0,134132,42570
rp2040_1,65,65,5,1,diagnostic_holdout,3,0,134133,168495,176558,184505,185191,185194,51061
rp2040_1,65,66,6,1,diagnostic_holdout,1,1,56991,91518,0,0,0,91632,34641
rp2040_1,65,66,6,1,diagnostic_holdout,2,0,91638,126003,134077,142028,142714,142717,51079
rp2040_1,65,67,7,1,diagnostic_holdout,1,2,56977,91495,99578,0,0,99711,42734
rp2040_1,65,67,7,1,diagnostic_holdout,2,0,99715,134105,142170,150117,150803,150806,51091
rp2040_1,65,68,8,1,diagnostic_holdout,1,1,56946,91468,0,0,0,91547,34601
rp2040_1,65,68,8,1,diagnostic_holdout,2,2,91551,125919,133994,0,0,134114,42563
rp2040_1,65,68,8,1,diagnostic_holdout,3,0,134116,168456,176521,184469,185156,185159,51043
rp2040_1,65,69,9,1,diagnostic_holdout,1,0,56987,91504,99588,107539,108226,108232,51245
rp2040_1,65,70,0,2,diagnostic_calibration,1,0,56981,91484,99568,107518,108204,108211,51230
rp2040_1,65,71,1,2,diagnostic_calibration,1,1,56982,91511,0,0,0,91602,34620
rp2040_1,65,71,1,2,diagnostic_calibration,2,1,91607,125972,0,0,0,126084,34477
rp2040_1,65,71,1,2,diagnostic_calibration,3,1,126087,160420,0,0,0,160476,34389
rp2040_1,65,71,1,2,diagnostic_calibration,4,1,160477,194793,0,0,0,194829,34352
rp2040_1,65,71,1,2,diagnostic_calibration,5,1,194830,229143,0,0,0,229218,34388
rp2040_1,65,71,1,2,diagnostic_calibration,6,1,229218,263529,0,0,0,263608,34390
rp2040_1,65,71,1,2,diagnostic_calibration,7,2,263609,297916,305986,0,0,306023,42414
rp2040_1,65,71,1,2,diagnostic_calibration,8,1,306025,340364,0,0,0,340389,34364
rp2040_1,65,71,1,2,diagnostic_calibration,9,1,340389,374703,0,0,0,374805,34416
rp2040_1,65,71,1,2,diagnostic_calibration,10,0,374806,409115,417176,425123,425809,425812,51006
rp2040_1,65,72,2,2,diagnostic_calibration,1,1,56998,91512,0,0,0,91643,34645
rp2040_1,65,72,2,2,diagnostic_calibration,2,1,91648,126006,0,0,0,126072,34424
rp2040_1,65,72,2,2,diagnostic_calibration,3,0,126074,160392,168463,176413,177100,177102,51028
rp2040_1,65,73,3,2,diagnostic_calibration,1,1,56980,91520,0,0,0,91602,34622
rp2040_1,65,73,3,2,diagnostic_calibration,2,1,91607,125975,0,0,0,126024,34417
rp2040_1,65,73,3,2,diagnostic_calibration,3,1,126026,160344,0,0,0,160419,34393
rp2040_1,65,73,3,2,diagnostic_calibration,4,1,160420,194721,0,0,0,194754,34334
rp2040_1,65,73,3,2,diagnostic_calibration,5,2,194755,229068,237138,0,0,237160,42405
rp2040_1,65,73,3,2,diagnostic_calibration,6,2,237161,271500,279563,0,0,279675,42514
rp2040_1,65,73,3,2,diagnostic_calibration,7,1,279676,314010,0,0,0,314092,34416
rp2040_1,65,73,3,2,diagnostic_calibration,8,1,314092,348403,0,0,0,348416,34324
rp2040_1,65,73,3,2,diagnostic_calibration,9,2,348416,382727,390789,0,0,390820,42404
rp2040_1,65,73,3,2,diagnostic_calibration,10,2,390820,425148,433209,0,0,433279,42459
rp2040_1,65,73,3,2,diagnostic_calibration,11,2,433279,467602,475663,0,0,475793,42514
rp2040_1,65,73,3,2,diagnostic_calibration,12,2,475794,510134,518195,0,0,518295,42501
rp2040_1,65,73,3,2,diagnostic_calibration,13,1,518296,552619,0,0,0,552698,34402
rp2040_1,65,73,3,2,diagnostic_calibration,14,1,552699,587011,0,0,0,587055,34356
rp2040_1,65,73,3,2,diagnostic_calibration,15,2,587056,621375,629436,0,0,629465,42409
rp2040_1,65,73,3,2,diagnostic_calibration,16,0,629465,663798,671859,679806,680491,680494,51029
rp2040_1,65,74,4,2,diagnostic_calibration,1,1,56977,91498,0,0,0,91598,34621
rp2040_1,65,74,4,2,diagnostic_calibration,2,0,91602,125961,134035,141985,142671,142674,51072
rp2040_1,65,75,5,2,diagnostic_holdout,1,2,56992,91509,99594,0,0,99684,42692
rp2040_1,65,75,5,2,diagnostic_holdout,2,0,99689,134094,142156,150103,150789,150792,51103
rp2040_1,65,76,6,2,diagnostic_holdout,1,1,56991,91513,0,0,0,91589,34598
rp2040_1,65,76,6,2,diagnostic_holdout,2,2,91595,125957,134028,0,0,134071,42476
rp2040_1,65,76,6,2,diagnostic_holdout,3,2,134075,168405,176467,0,0,176603,42528
rp2040_1,65,76,6,2,diagnostic_holdout,4,1,176605,210945,0,0,0,210952,34347
rp2040_1,65,76,6,2,diagnostic_holdout,5,2,210952,245266,253327,0,0,253385,42433
rp2040_1,65,76,6,2,diagnostic_holdout,6,2,253385,287723,295783,0,0,295836,42451
rp2040_1,65,76,6,2,diagnostic_holdout,7,2,295836,330163,338224,0,0,338303,42467
rp2040_1,65,76,6,2,diagnostic_holdout,8,2,338303,372634,380695,0,0,380708,42405
rp2040_1,65,76,6,2,diagnostic_holdout,9,2,380708,415036,423097,0,0,423189,42481
rp2040_1,65,76,6,2,diagnostic_holdout,10,2,423190,457525,465586,0,0,465675,42485
rp2040_1,65,76,6,2,diagnostic_holdout,11,1,465675,500014,0,0,0,500028,34353
rp2040_1,65,76,6,2,diagnostic_holdout,12,2,500029,534335,542396,0,0,542511,42482
rp2040_1,65,76,6,2,diagnostic_holdout,13,1,542511,576845,0,0,0,576883,34372
rp2040_1,65,76,6,2,diagnostic_holdout,14,0,576884,611193,619254,627200,627886,627889,51005
rp2040_1,65,77,7,2,diagnostic_holdout,1,1,56982,91498,0,0,0,91615,34633
rp2040_1,65,77,7,2,diagnostic_holdout,2,2,91621,125992,134065,0,0,134093,42472
rp2040_1,65,77,7,2,diagnostic_holdout,3,1,134095,168432,0,0,0,168445,34350
rp2040_1,65,77,7,2,diagnostic_holdout,4,1,168445,202757,0,0,0,202775,34330
rp2040_1,65,77,7,2,diagnostic_holdout,5,1,202776,237093,0,0,0,237155,34379
rp2040_1,65,77,7,2,diagnostic_holdout,6,0,237155,271472,279533,287481,288168,288171,51016
rp2040_1,65,78,8,2,diagnostic_holdout,1,1,56982,91503,0,0,0,91632,34650
rp2040_1,65,78,8,2,diagnostic_holdout,2,2,91637,126023,134098,0,0,134217,42580
rp2040_1,65,78,8,2,diagnostic_holdout,3,0,134219,168562,176625,184573,185260,185264,51045
rp2040_1,65,79,9,2,diagnostic_holdout,1,1,57000,91519,0,0,0,91547,34547
rp2040_1,65,79,9,2,diagnostic_holdout,2,2,91553,125898,133971,0,0,134063,42510
rp2040_1,65,79,9,2,diagnostic_holdout,3,2,134065,168416,176481,0,0,176620,42555
rp2040_1,65,79,9,2,diagnostic_holdout,4,2,176621,210951,219014,0,0,219114,42493
rp2040_1,65,79,9,2,diagnostic_holdout,5,0,219114,253451,261512,269459,270144,270147,51033
rp2040_1,65,80,0,3,diagnostic_calibration,1,1,56962,91480,0,0,0,91567,34605
rp2040_1,65,80,0,3,diagnostic_calibration,2,0,91572,125918,133992,141942,142628,142632,51060
rp2040_1,65,81,1,3,diagnostic_calibration,1,2,56979,91510,99595,0,0,99610,42631
rp2040_1,65,81,1,3,diagnostic_calibration,2,2,99615,134021,142085,0,0,142155,42540
rp2040_1,65,81,1,3,diagnostic_calibration,3,1,142158,176510,0,0,0,176557,34399
rp2040_1,65,81,1,3,diagnostic_calibration,4,1,176558,210866,0,0,0,210890,34332
rp2040_1,65,81,1,3,diagnostic_calibration,5,2,210890,245208,253268,0,0,253337,42447
rp2040_1,65,81,1,3,diagnostic_calibration,6,1,253338,287659,0,0,0,287726,34388
rp2040_1,65,81,1,3,diagnostic_calibration,7,0,287727,322044,330105,338052,338738,338741,51014
rp2040_1,65,82,2,3,diagnostic_calibration,1,1,56977,91498,0,0,0,91532,34555
rp2040_1,65,82,2,3,diagnostic_calibration,2,2,91536,125894,133967,0,0,134085,42549
rp2040_1,65,82,2,3,diagnostic_calibration,3,1,134086,168425,0,0,0,168462,34376
rp2040_1,65,82,2,3,diagnostic_calibration,4,2,168462,202780,210842,0,0,210895,42433
rp2040_1,65,82,2,3,diagnostic_calibration,5,1,210895,245217,0,0,0,245252,34357
rp2040_1,65,82,2,3,diagnostic_calibration,6,1,245252,279566,0,0,0,279578,34326
rp2040_1,65,82,2,3,diagnostic_calibration,7,2,279579,313892,321953,0,0,321982,42403
rp2040_1,65,82,2,3,diagnostic_calibration,8,1,321983,356310,0,0,0,356327,34344
rp2040_1,65,82,2,3,diagnostic_calibration,9,0,356328,390639,398701,406647,407332,407335,51007
rp2040_1,65,83,3,3,diagnostic_calibration,1,2,56969,91498,99583,0,0,99604,42635
rp2040_1,65,83,3,3,diagnostic_calibration,2,2,99609,134015,142079,0,0,142125,42516
rp2040_1,65,83,3,3,diagnostic_calibration,3,2,142125,176473,184534,0,0,184609,42484
rp2040_1,65,83,3,3,diagnostic_calibration,4,2,184609,218943,227004,0,0,227030,42421
rp2040_1,65,83,3,3,diagnostic_calibration,5,0,227031,261359,269420,277366,278052,278054,51023
rp2040_1,65,84,4,3,diagnostic_calibration,1,1,56967,91497,0,0,0,91557,34590
rp2040_1,65,84,4,3,diagnostic_calibration,2,2,91564,125917,133990,0,0,134021,42457
rp2040_1,65,84,4,3,diagnostic_calibration,3,2,134024,168363,176425,0,0,176543,42519
rp2040_1,65,84,4,3,diagnostic_calibration,4,1,176544,210884,0,0,0,210922,34378
rp2040_1,65,84,4,3,diagnostic_calibration,5,1,210922,245235,0,0,0,245332,34410
rp2040_1,65,84,4,3,diagnostic_calibration,6,2,245333,279645,287707,0,0,287745,42412
rp2040_1,65,84,4,3,diagnostic_calibration,7,1,287746,322067,0,0,0,322118,34372
rp2040_1,65,84,4,3,diagnostic_calibration,8,2,322119,356436,364498,0,0,364505,42386
rp2040_1,65,84,4,3,diagnostic_calibration,9,2,364506,398830,406891,0,0,407017,42511
rp2040_1,65,84,4,3,diagnostic_calibration,10,2,407018,441344,449405,0,0,449440,42422
rp2040_1,65,84,4,3,diagnostic_calibration,11,1,449441,483770,0,0,0,483875,34434
rp2040_1,65,84,4,3,diagnostic_calibration,12,2,483876,518189,526250,0,0,526286,42410
rp2040_1,65,84,4,3,diagnostic_calibration,13,1,526287,560624,0,0,0,560643,34356
rp2040_1,65,84,4,3,diagnostic_calibration,14,1,560643,594959,0,0,0,595056,34413
rp2040_1,65,84,4,3,diagnostic_calibration,15,2,595056,629355,637416,0,0,637463,42407
rp2040_1,65,84,4,3,diagnostic_calibration,16,2,637464,671790,679851,0,0,679955,42491
rp2040_1,65,84,4,3,diagnostic_calibration,17,2,679955,714282,722343,0,0,722375,42420
rp2040_1,65,84,4,3,diagnostic_calibration,18,1,722376,756707,0,0,0,756717,34341
rp2040_1,65,84,4,3,diagnostic_calibration,19,2,756718,791024,799085,0,0,799200,42482
rp2040_1,65,84,4,3,diagnostic_calibration,20,0,799200,833535,841596,849542,850226,850229,51029
rp2040_1,65,85,5,3,diagnostic_holdout,1,2,56968,91499,99582,0,0,99604,42636
rp2040_1,65,85,5,3,diagnostic_holdout,2,1,99610,134011,0,0,0,134137,34527
rp2040_1,65,85,5,3,diagnostic_holdout,3,2,134138,168453,176516,0,0,176521,42383
rp2040_1,65,85,5,3,diagnostic_holdout,4,0,176522,210854,218915,226862,227548,227551,51029
rp2040_1,65,86,6,3,diagnostic_holdout,1,1,56993,91516,0,0,0,91623,34630
rp2040_1,65,86,6,3,diagnostic_holdout,2,2,91629,126004,134079,0,0,134103,42474
rp2040_1,65,86,6,3,diagnostic_holdout,3,1,134106,168455,0,0,0,168466,34360
rp2040_1,65,86,6,3,diagnostic_holdout,4,1,168468,202780,0,0,0,202894,34426
rp2040_1,65,86,6,3,diagnostic_holdout,5,2,202895,237201,245265,0,0,245327,42432
rp2040_1,65,86,6,3,diagnostic_holdout,6,2,245328,279649,287711,0,0,287763,42435
rp2040_1,65,86,6,3,diagnostic_holdout,7,1,287764,322096,0,0,0,322146,34382
rp2040_1,65,86,6,3,diagnostic_holdout,8,2,322147,356452,364513,0,0,364524,42377
rp2040_1,65,86,6,3,diagnostic_holdout,9,2,364524,398850,406910,0,0,406943,42419
rp2040_1,65,86,6,3,diagnostic_holdout,10,1,406944,441266,0,0,0,441290,34346
rp2040_1,65,86,6,3,diagnostic_holdout,11,1,441291,475602,0,0,0,475632,34341
rp2040_1,65,86,6,3,diagnostic_holdout,12,2,475632,509947,518008,0,0,518023,42391
rp2040_1,65,86,6,3,diagnostic_holdout,13,1,518024,552354,0,0,0,552459,34435
rp2040_1,65,86,6,3,diagnostic_holdout,14,2,552459,586769,594830,0,0,594859,42400
rp2040_1,65,86,6,3,diagnostic_holdout,15,2,594860,629194,637255,0,0,637296,42436
rp2040_1,65,86,6,3,diagnostic_holdout,16,0,637297,671624,679685,687632,688318,688321,51024
rp2040_1,65,87,7,3,diagnostic_holdout,1,0,56999,91522,99605,107556,108242,108248,51249
rp2040_1,65,88,8,3,diagnostic_holdout,1,0,56963,91494,99579,107530,108215,108222,51259
rp2040_1,65,89,9,3,diagnostic_holdout,1,1,56991,91504,0,0,0,91596,34605
rp2040_1,65,89,9,3,diagnostic_holdout,2,2,91601,125959,134030,0,0,134054,42453
rp2040_1,65,89,9,3,diagnostic_holdout,3,2,134056,168388,176452,0,0,176474,42418
rp2040_1,65,89,9,3,diagnostic_holdout,4,1,176475,210805,0,0,0,210921,34446
rp2040_1,65,89,9,3,diagnostic_holdout,5,1,210922,245225,0,0,0,245292,34370
rp2040_1,65,89,9,3,diagnostic_holdout,6,2,245292,279602,287663,0,0,287771,42479
rp2040_1,65,89,9,3,diagnostic_holdout,7,1,287772,322105,0,0,0,322229,34457
rp2040_1,65,89,9,3,diagnostic_holdout,8,0,322230,356545,364606,372552,373238,373241,51011
rp2040_1,65,90,0,4,diagnostic_calibration,1,1,56985,91510,0,0,0,91597,34612
rp2040_1,65,90,0,4,diagnostic_calibration,2,2,91604,125975,134049,0,0,134135,42531
rp2040_1,65,90,0,4,diagnostic_calibration,3,1,134138,168489,0,0,0,168537,34399
rp2040_1,65,90,0,4,diagnostic_calibration,4,1,168538,202857,0,0,0,202893,34355
rp2040_1,65,90,0,4,diagnostic_calibration,5,2,202893,237204,245267,0,0,245407,42514
rp2040_1,65,90,0,4,diagnostic_calibration,6,2,245408,279734,287797,0,0,287901,42493
rp2040_1,65,90,0,4,diagnostic_calibration,7,1,287902,322228,0,0,0,322237,34335
rp2040_1,65,90,0,4,diagnostic_calibration,8,2,322238,356543,364605,0,0,364623,42385
rp2040_1,65,90,0,4,diagnostic_calibration,9,2,364624,398945,407006,0,0,407017,42393
rp2040_1,65,90,0,4,diagnostic_calibration,10,2,407017,441346,449407,0,0,449520,42503
rp2040_1,65,90,0,4,diagnostic_calibration,11,2,449520,483851,491912,0,0,491991,42471
rp2040_1,65,90,0,4,diagnostic_calibration,12,2,491992,526327,534388,0,0,534411,42419
rp2040_1,65,90,0,4,diagnostic_calibration,13,1,534411,568738,0,0,0,568764,34353
rp2040_1,65,90,0,4,diagnostic_calibration,14,2,568765,603077,611138,0,0,611249,42484
rp2040_1,65,90,0,4,diagnostic_calibration,15,0,611250,645577,653638,661585,662270,662273,51023
rp2040_1,65,91,1,4,diagnostic_calibration,1,0,56972,91491,99574,107524,108211,108217,51245
rp2040_1,65,92,2,4,diagnostic_calibration,1,1,56992,91512,0,0,0,91587,34595
rp2040_1,65,92,2,4,diagnostic_calibration,2,2,91592,125956,134031,0,0,134136,42544
rp2040_1,65,92,2,4,diagnostic_calibration,3,1,134137,168471,0,0,0,168482,34345
rp2040_1,65,92,2,4,diagnostic_calibration,4,1,168483,202790,0,0,0,202845,34362
rp2040_1,65,92,2,4,diagnostic_calibration,5,1,202846,237161,0,0,0,237284,34438
rp2040_1,65,92,2,4,diagnostic_calibration,6,1,237285,271592,0,0,0,271595,34310
rp2040_1,65,92,2,4,diagnostic_calibration,7,0,271596,305903,313966,321913,322599,322602,51006
rp2040_1,65,93,3,4,diagnostic_calibration,1,1,56990,91513,0,0,0,91535,34545
rp2040_1,65,93,3,4,diagnostic_calibration,2,1,91541,125893,0,0,0,126012,34471
rp2040_1,65,93,3,4,diagnostic_calibration,3,2,126015,160337,168409,0,0,168487,42472
rp2040_1,65,93,3,4,diagnostic_calibration,4,2,168489,202824,210889,0,0,210930,42441
rp2040_1,65,93,3,4,diagnostic_calibration,5,0,210931,245256,253318,261264,261951,261954,51023
rp2040_1,65,94,4,4,diagnostic_calibration,1,1,56962,91476,0,0,0,91535,34573
rp2040_1,65,94,4,4,diagnostic_calibration,2,2,91539,125888,133961,0,0,133994,42455
rp2040_1,65,94,4,4,diagnostic_calibration,3,2,133995,168341,176404,0,0,176424,42429
rp2040_1,65,94,4,4,diagnostic_calibration,4,2,176424,210761,218822,0,0,218936,42512
rp2040_1,65,94,4,4,diagnostic_calibration,5,0,218936,253271,261331,269278,269964,269967,51031
rp2040_1,65,95,5,4,diagnostic_holdout,1,2,56991,91517,99601,0,0,99697,42706
rp2040_1,65,95,5,4,diagnostic_holdout,2,1,99702,134094,0,0,0,134178,34476
rp2040_1,65,95,5,4,diagnostic_holdout,3,1,134179,168502,0,0,0,168545,34366
rp2040_1,65,95,5,4,diagnostic_holdout,4,0,168546,202868,210932,218880,219566,219570,51024
rp2040_1,65,96,6,4,diagnostic_holdout,1,1,56995,91522,0,0,0,91664,34669
rp2040_1,65,96,6,4,diagnostic_holdout,2,2,91670,126038,134111,0,0,134140,42470
rp2040_1,65,96,6,4,diagnostic_holdout,3,1,134144,168489,0,0,0,168515,34371
rp2040_1,65,96,6,4,diagnostic_holdout,4,2,168516,202834,210896,0,0,210932,42416
rp2040_1,65,96,6,4,diagnostic_holdout,5,0,210934,245271,253333,261280,261965,261968,51034
rp2040_1,65,97,7,4,diagnostic_holdout,1,1,56999,91545,0,0,0,91657,34658
rp2040_1,65,97,7,4,diagnostic_holdout,2,1,91663,126031,0,0,0,126084,34421
rp2040_1,65,97,7,4,diagnostic_holdout,3,2,126085,160413,168486,0,0,168539,42454
rp2040_1,65,97,7,4,diagnostic_holdout,4,2,168540,202877,210941,0,0,211042,42502
rp2040_1,65,97,7,4,diagnostic_holdout,5,2,211042,245373,253435,0,0,253532,42490
rp2040_1,65,97,7,4,diagnostic_holdout,6,1,253532,287857,0,0,0,287974,34442
rp2040_1,65,97,7,4,diagnostic_holdout,7,1,287975,322284,0,0,0,322364,34389
rp2040_1,65,97,7,4,diagnostic_holdout,8,2,322365,356677,364738,0,0,364745,42380
rp2040_1,65,97,7,4,diagnostic_holdout,9,2,364746,399066,407127,0,0,407142,42396
rp2040_1,65,97,7,4,diagnostic_holdout,10,2,407143,441468,449529,0,0,449587,42444
rp2040_1,65,97,7,4,diagnostic_holdout,11,0,449587,483913,491974,499920,500606,500609,51022
rp2040_1,65,98,8,4,diagnostic_holdout,1,2,56978,91501,99584,0,0,99724,42746
rp2040_1,65,98,8,4,diagnostic_holdout,2,1,99730,134105,0,0,0,134150,34420
rp2040_1,65,98,8,4,diagnostic_holdout,3,2,134152,168474,176536,0,0,176655,42503
rp2040_1,65,98,8,4,diagnostic_holdout,4,0,176655,210986,219047,226994,227681,227684,51029
rp2040_1,65,99,9,4,diagnostic_holdout,1,0,56978,91506,99591,107541,108227,108233,51255
rp2040_1,65,100,0,0,diagnostic_calibration,1,2,56974,91497,99580,0,0,99633,42659
rp2040_1,65,100,0,0,diagnostic_calibration,2,0,99639,134031,142101,150047,150733,150737,51098
rp2040_1,65,101,1,0,diagnostic_calibration,1,2,56983,91501,99584,0,0,99694,42711
rp2040_1,65,101,1,0,diagnostic_calibration,2,2,99699,134103,142169,0,0,142222,42523
rp2040_1,65,101,1,0,diagnostic_calibration,3,1,142224,176577,0,0,0,176654,34430
rp2040_1,65,101,1,0,diagnostic_calibration,4,1,176654,210965,0,0,0,211006,34352
rp2040_1,65,101,1,0,diagnostic_calibration,5,2,211007,245327,253388,0,0,253523,42516
rp2040_1,65,101,1,0,diagnostic_calibration,6,2,253524,287849,295910,0,0,295965,42441
rp2040_1,65,101,1,0,diagnostic_calibration,7,2,295965,330291,338352,0,0,338382,42417
rp2040_1,65,101,1,0,diagnostic_calibration,8,0,338383,372714,380775,388721,389408,389411,51028
rp2040_1,65,102,2,0,diagnostic_calibration,1,2,56995,91511,99595,0,0,99615,42620
rp2040_1,65,102,2,0,diagnostic_calibration,2,2,99621,134011,142076,0,0,142132,42511
rp2040_1,65,102,2,0,diagnostic_calibration,3,1,142135,176478,0,0,0,176502,34367
rp2040_1,65,102,2,0,diagnostic_calibration,4,1,176503,210813,0,0,0,210863,34360
rp2040_1,65,102,2,0,diagnostic_calibration,5,1,210864,245171,0,0,0,245193,34329
rp2040_1,65,102,2,0,diagnostic_calibration,6,0,245194,279499,287561,295507,296193,296196,51002
rp2040_1,65,103,3,0,diagnostic_calibration,1,1,56983,91502,0,0,0,91634,34651
rp2040_1,65,103,3,0,diagnostic_calibration,2,2,91639,125975,134046,0,0,134142,42503
rp2040_1,65,103,3,0,diagnostic_calibration,3,2,134143,168475,176539,0,0,176605,42462
rp2040_1,65,103,3,0,diagnostic_calibration,4,0,176605,210946,219008,226954,227641,227643,51038
rp2040_1,65,104,4,0,diagnostic_calibration,1,1,56974,91491,0,0,0,91547,34573
rp2040_1,65,104,4,0,diagnostic_calibration,2,2,91552,125909,133982,0,0,134076,42524
rp2040_1,65,104,4,0,diagnostic_calibration,3,2,134078,168419,176482,0,0,176607,42529
rp2040_1,65,104,4,0,diagnostic_calibration,4,0,176607,210946,219007,226954,227641,227644,51037
rp2040_1,65,105,5,0,diagnostic_holdout,1,2,56956,91479,99564,0,0,99584,42628
rp2040_1,65,105,5,0,diagnostic_holdout,2,2,99589,133969,142034,0,0,142181,42592
rp2040_1,65,105,5,0,diagnostic_holdout,3,1,142182,176530,0,0,0,176657,34475
rp2040_1,65,105,5,0,diagnostic_holdout,4,2,176658,210982,219043,0,0,219061,42403
rp2040_1,65,105,5,0,diagnostic_holdout,5,1,219062,253389,0,0,0,253445,34383
rp2040_1,65,105,5,0,diagnostic_holdout,6,2,253445,287758,295819,0,0,295834,42389
rp2040_1,65,105,5,0,diagnostic_holdout,7,2,295834,330157,338218,0,0,338342,42508
rp2040_1,65,105,5,0,diagnostic_holdout,8,1,338343,372677,0,0,0,372765,34422
rp2040_1,65,105,5,0,diagnostic_holdout,9,2,372765,407076,415137,0,0,415217,42452
rp2040_1,65,105,5,0,diagnostic_holdout,10,1,415218,449544,0,0,0,449548,34330
rp2040_1,65,105,5,0,diagnostic_holdout,11,2,449548,483856,491917,0,0,492050,42502
rp2040_1,65,105,5,0,diagnostic_holdout,12,0,492051,526380,534441,542387,543074,543077,51026
rp2040_1,65,106,6,0,diagnostic_holdout,1,2,56980,91522,99605,0,0,99684,42704
rp2040_1,65,106,6,0,diagnostic_holdout,2,0,99690,134092,142156,150103,150790,150794,51104
rp2040_1,65,107,7,0,diagnostic_holdout,1,2,56968,91484,99569,0,0,99605,42637
rp2040_1,65,107,7,0,diagnostic_holdout,2,1,99611,133969,0,0,0,134064,34453
rp2040_1,65,107,7,0,diagnostic_holdout,3,2,134066,168388,176453,0,0,176567,42501
rp2040_1,65,107,7,0,diagnostic_holdout,4,1,176568,210894,0,0,0,210972,34404
rp2040_1,65,107,7,0,diagnostic_holdout,5,0,210972,245284,253345,261291,261978,261981,51009
rp2040_1,65,108,8,0,diagnostic_holdout,1,2,56966,91470,99554,0,0,99606,42640
rp2040_1,65,108,8,0,diagnostic_holdout,2,1,99611,133992,0,0,0,134100,34489
rp2040_1,65,108,8,0,diagnostic_holdout,3,0,134101,168432,176495,184441,185127,185130,51029
rp2040_1,65,109,9,0,diagnostic_holdout,1,2,56995,91513,99597,0,0,99666,42671
rp2040_1,65,109,9,0,diagnostic_holdout,2,2,99671,134036,142101,0,0,142176,42505
rp2040_1,65,109,9,0,diagnostic_holdout,3,2,142177,176515,184577,0,0,184702,42525
rp2040_1,65,109,9,0,diagnostic_holdout,4,1,184703,219033,0,0,0,219133,34430
rp2040_1,65,109,9,0,diagnostic_holdout,5,2,219134,253450,261511,0,0,261554,42420
rp2040_1,65,109,9,0,diagnostic_holdout,6,2,261554,295877,303938,0,0,303989,42435
rp2040_1,65,109,9,0,diagnostic_holdout,7,1,303990,338312,0,0,0,338339,34349
rp2040_1,65,109,9,0,diagnostic_holdout,8,2,338339,372651,380712,0,0,380746,42407
rp2040_1,65,109,9,0,diagnostic_holdout,9,1,380746,415073,0,0,0,415103,34357
rp2040_1,65,109,9,0,diagnostic_holdout,10,1,415104,449413,0,0,0,449491,34387
rp2040_1,65,109,9,0,diagnostic_holdout,11,2,449491,483800,491861,0,0,491909,42418
rp2040_1,65,109,9,0,diagnostic_holdout,12,1,491910,526252,0,0,0,526321,34411
rp2040_1,65,109,9,0,diagnostic_holdout,13,2,526321,560635,568696,0,0,568742,42421
rp2040_1,65,109,9,0,diagnostic_holdout,14,1,568743,603071,0,0,0,603097,34354
rp2040_1,65,109,9,0,diagnostic_holdout,15,1,603097,637403,0,0,0,637501,34404
rp2040_1,65,109,9,0,diagnostic_holdout,16,2,637502,671812,679873,0,0,679938,42436
rp2040_1,65,109,9,0,diagnostic_holdout,17,0,679939,714270,722331,730277,730963,730966,51027
rp2040_1,65,110,0,1,diagnostic_calibration,1,2,56970,91480,99563,0,0,99709,42739
rp2040_1,65,110,0,1,diagnostic_calibration,2,2,99713,134083,142149,0,0,142166,42453
rp2040_1,65,110,0,1,diagnostic_calibration,3,2,142168,176503,184564,0,0,184621,42453
rp2040_1,65,110,0,1,diagnostic_calibration,4,2,184622,218951,227012,0,0,227153,42531
rp2040_1,65,110,0,1,diagnostic_calibration,5,0,227154,261483,269544,277490,278177,278180,51026
rp2040_1,65,111,1,1,diagnostic_calibration,1,2,56990,91514,99597,0,0,99693,42703
rp2040_1,65,111,1,1,diagnostic_calibration,2,2,99698,134077,142143,0,0,142183,42485
rp2040_1,65,111,1,1,diagnostic_calibration,3,2,142184,176526,184588,0,0,184684,42500
rp2040_1,65,111,1,1,diagnostic_calibration,4,2,184685,219023,227084,0,0,227183,42498
rp2040_1,65,111,1,1,diagnostic_calibration,5,1,227184,261505,0,0,0,261609,34425
rp2040_1,65,111,1,1,diagnostic_calibration,6,2,261610,295921,303982,0,0,303991,42381
rp2040_1,65,111,1,1,diagnostic_calibration,7,2,303992,338309,346370,0,0,346390,42398
rp2040_1,65,111,1,1,diagnostic_calibration,8,1,346391,380728,0,0,0,380781,34390
rp2040_1,65,111,1,1,diagnostic_calibration,9,2,380782,415095,423156,0,0,423194,42412
rp2040_1,65,111,1,1,diagnostic_calibration,10,2,423194,457524,465585,0,0,465613,42419
rp2040_1,65,111,1,1,diagnostic_calibration,11,2,465613,499947,508008,0,0,508039,42426
rp2040_1,65,111,1,1,diagnostic_calibration,12,1,508039,542368,0,0,0,542471,34432
rp2040_1,65,111,1,1,diagnostic_calibration,13,0,542472,576778,584839,592785,593472,593475,51003
rp2040_1,65,112,2,1,diagnostic_calibration,1,1,56983,91495,0,0,0,91537,34554
rp2040_1,65,112,2,1,diagnostic_calibration,2,2,91542,125914,133991,0,0,134080,42538
rp2040_1,65,112,2,1,diagnostic_calibration,3,1,134081,168442,0,0,0,168515,34434
rp2040_1,65,112,2,1,diagnostic_calibration,4,1,168516,202823,0,0,0,202932,34416
rp2040_1,65,112,2,1,diagnostic_calibration,5,2,202933,237240,245304,0,0,245369,42436
rp2040_1,65,112,2,1,diagnostic_calibration,6,1,245370,279692,0,0,0,279725,34355
rp2040_1,65,112,2,1,diagnostic_calibration,7,2,279726,314040,322101,0,0,322218,42492
rp2040_1,65,112,2,1,diagnostic_calibration,8,2,322218,356541,364602,0,0,364751,42533
rp2040_1,65,112,2,1,diagnostic_calibration,9,2,364752,399069,407130,0,0,407280,42528
rp2040_1,65,112,2,1,diagnostic_calibration,10,1,407280,441610,0,0,0,441648,34368
rp2040_1,65,112,2,1,diagnostic_calibration,11,2,441649,475953,484014,0,0,484033,42384
rp2040_1,65,112,2,1,diagnostic_calibration,12,2,484033,518361,526422,0,0,526519,42486
rp2040_1,65,112,2,1,diagnostic_calibration,13,0,526519,560848,568909,576856,577543,577546,51027
rp2040_1,65,113,3,1,diagnostic_calibration,1,1,56984,91509,0,0,0,91630,34646
rp2040_1,65,113,3,1,diagnostic_calibration,2,2,91636,125997,134070,0,0,134108,42472
rp2040_1,65,113,3,1,diagnostic_calibration,3,1,134110,168456,0,0,0,168579,34469
rp2040_1,65,113,3,1,diagnostic_calibration,4,0,168580,202892,210954,218901,219587,219590,51010
rp2040_1,65,114,4,1,diagnostic_calibration,1,2,56973,91489,99572,0,0,99618,42645
rp2040_1,65,114,4,1,diagnostic_calibration,2,0,99624,134032,142099,150046,150732,150735,51111
rp2040_1,65,115,5,1,diagnostic_holdout,1,2,56988,91504,99587,0,0,99615,42627
rp2040_1,65,115,5,1,diagnostic_holdout,2,2,99621,134008,142075,0,0,142104,42483
rp2040_1,65,115,5,1,diagnostic_holdout,3,1,142105,176447,0,0,0,176516,34411
rp2040_1,65,115,5,1,diagnostic_holdout,4,2,176517,210831,218892,0,0,219031,42514
rp2040_1,65,115,5,1,diagnostic_holdout,5,1,219031,253371,0,0,0,253440,34409
rp2040_1,65,115,5,1,diagnostic_holdout,6,2,253441,287750,295811,0,0,295856,42415
rp2040_1,65,115,5,1,diagnostic_holdout,7,1,295857,330177,0,0,0,330280,34423
rp2040_1,65,115,5,1,diagnostic_holdout,8,1,330280,364588,0,0,0,364667,34387
rp2040_1,65,115,5,1,diagnostic_holdout,9,1,364667,398977,0,0,0,399100,34433
rp2040_1,65,115,5,1,diagnostic_holdout,10,1,399100,433421,0,0,0,433510,34410
rp2040_1,65,115,5,1,diagnostic_holdout,11,1,433511,467825,0,0,0,467874,34363
rp2040_1,65,115,5,1,diagnostic_holdout,12,1,467875,502180,0,0,0,502306,34431
rp2040_1,65,115,5,1,diagnostic_holdout,13,1,502307,536613,0,0,0,536701,34394
rp2040_1,65,115,5,1,diagnostic_holdout,14,1,536702,571016,0,0,0,571141,34439
rp2040_1,65,115,5,1,diagnostic_holdout,15,1,571142,605450,0,0,0,605459,34317
rp2040_1,65,115,5,1,diagnostic_holdout,16,1,605460,639772,0,0,0,639853,34393
rp2040_1,65,115,5,1,diagnostic_holdout,17,1,639854,674162,0,0,0,674202,34348
rp2040_1,65,115,5,1,diagnostic_holdout,18,1,674202,708525,0,0,0,708596,34394
rp2040_1,65,115,5,1,diagnostic_holdout,19,1,708597,742901,0,0,0,742959,34362
rp2040_1,65,115,5,1,diagnostic_holdout,20,1,742960,777272,0,0,0,777379,34419
rp2040_1,65,115,5,1,diagnostic_holdout,21,0,777380,811686,819746,827693,828379,828382,51002
rp2040_1,65,116,6,1,diagnostic_holdout,1,2,56992,91505,99588,0,0,99637,42645
rp2040_1,65,116,6,1,diagnostic_holdout,2,1,99642,134028,0,0,0,134115,34473
rp2040_1,65,116,6,1,diagnostic_holdout,3,1,134116,168440,0,0,0,168482,34366
rp2040_1,65,116,6,1,diagnostic_holdout,4,1,168483,202798,0,0,0,202808,34325
rp2040_1,65,116,6,1,diagnostic_holdout,5,0,202809,237117,245179,253125,253812,253815,51006
rp2040_1,65,117,7,1,diagnostic_holdout,1,0,57012,91529,99613,107563,108250,108256,51244
rp2040_1,65,118,8,1,diagnostic_holdout,1,2,56958,91482,99566,0,0,99589,42631
rp2040_1,65,118,8,1,diagnostic_holdout,2,1,99593,133985,0,0,0,134042,34449
rp2040_1,65,118,8,1,diagnostic_holdout,3,2,134044,168363,176425,0,0,176521,42477
rp2040_1,65,118,8,1,diagnostic_holdout,4,2,176522,210845,218906,0,0,218982,42460
rp2040_1,65,118,8,1,diagnostic_holdout,5,1,218983,253311,0,0,0,253316,34333
rp2040_1,65,118,8,1,diagnostic_holdout,6,0,253317,287633,295694,303641,304327,304330,51013
rp2040_1,65,119,9,1,diagnostic_holdout,1,1,56994,91519,0,0,0,91638,34644
rp2040_1,65,119,9,1,diagnostic_holdout,2,1,91643,126008,0,0,0,126077,34434
rp2040_1,65,119,9,1,diagnostic_holdout,3,1,126078,160408,0,0,0,160438,34360
rp2040_1,65,119,9,1,diagnostic_holdout,4,0,160439,194756,202827,210778,211464,211467,51028
rp2040_1,65,120,0,2,diagnostic_calibration,1,1,56972,91495,0,0,0,91606,34634
rp2040_1,65,120,0,2,diagnostic_calibration,2,2,91610,125984,134059,0,0,134108,42498
rp2040_1,65,120,0,2,diagnostic_calibration,3,2,134110,168462,176526,0,0,176581,42471
rp2040_1,65,120,0,2,diagnostic_calibration,4,2,176582,210919,218982,0,0,219110,42528
rp2040_1,65,120,0,2,diagnostic_calibration,5,2,219111,253450,261512,0,0,261658,42547
rp2040_1,65,120,0,2,diagnostic_calibration,6,2,261659,295990,304051,0,0,304187,42528
rp2040_1,65,120,0,2,diagnostic_calibration,7,2,304187,338517,346577,0,0,346658,42471
rp2040_1,65,120,0,2,diagnostic_calibration,8,2,346659,380986,389047,0,0,389063,42404
rp2040_1,65,120,0,2,diagnostic_calibration,9,1,389064,423391,0,0,0,423489,34425
rp2040_1,65,120,0,2,diagnostic_calibration,10,2,423489,457799,465860,0,0,465921,42432
rp2040_1,65,120,0,2,diagnostic_calibration,11,2,465921,500258,508318,0,0,508440,42519
rp2040_1,65,120,0,2,diagnostic_calibration,12,1,508440,542779,0,0,0,542826,34386
rp2040_1,65,120,0,2,diagnostic_calibration,13,2,542826,577139,585200,0,0,585258,42432
rp2040_1,65,120,0,2,diagnostic_calibration,14,1,585259,619583,0,0,0,619698,34439
rp2040_1,65,120,0,2,diagnostic_calibration,15,0,619698,654013,662074,670020,670707,670710,51012
rp2040_1,65,121,1,2,diagnostic_calibration,1,2,56972,91499,99582,0,0,99606,42634
rp2040_1,65,121,1,2,diagnostic_calibration,2,2,99610,133992,142058,0,0,142192,42582
rp2040_1,65,121,1,2,diagnostic_calibration,3,1,142194,176536,0,0,0,176549,34355
rp2040_1,65,121,1,2,diagnostic_calibration,4,2,176550,210859,218920,0,0,218962,42412
rp2040_1,65,121,1,2,diagnostic_calibration,5,2,218964,253295,261356,0,0,261387,42423
rp2040_1,65,121,1,2,diagnostic_calibration,6,2,261388,295719,303780,0,0,303907,42519
rp2040_1,65,121,1,2,diagnostic_calibration,7,1,303908,338242,0,0,0,338304,34396
rp2040_1,65,121,1,2,diagnostic_calibration,8,0,338305,372618,380679,388625,389310,389313,51008
rp2040_1,65,122,2,2,diagnostic_calibration,1,1,56996,91519,0,0,0,91541,34545
rp2040_1,65,122,2,2,diagnostic_calibration,2,0,91545,125915,133990,141941,142628,142632,51087
rp2040_1,65,123,3,2,diagnostic_calibration,1,0,56991,91503,99585,107536,108223,108228,51237
rp2040_1,65,124,4,2,diagnostic_calibration,1,1,56972,91498,0,0,0,91548,34576
rp2040_1,65,124,4,2,diagnostic_calibration,2,1,91554,125917,0,0,0,126014,34460
rp2040_1,65,124,4,2,diagnostic_calibration,3,1,126017,160350,0,0,0,160399,34382
rp2040_1,65,124,4,2,diagnostic_calibration,4,2,160400,194707,202777,0,0,202872,42472
rp2040_1,65,124,4,2,diagnostic_calibration,5,2,202873,237200,245261,0,0,245309,42436
rp2040_1,65,124,4,2,diagnostic_calibration,6,1,245310,279639,0,0,0,279654,34344
rp2040_1,65,124,4,2,diagnostic_calibration,7,2,279655,313959,322020,0,0,322102,42447
rp2040_1,65,124,4,2,diagnostic_calibration,8,1,322103,356432,0,0,0,356464,34361
rp2040_1,65,124,4,2,diagnostic_calibration,9,0,356465,390777,398838,406784,407470,407473,51008
rp2040_1,65,125,5,2,diagnostic_holdout,1,2,56967,91490,99573,0,0,99588,42621
rp2040_1,65,125,5,2,diagnostic_holdout,2,1,99592,133985,0,0,0,134076,34484
rp2040_1,65,125,5,2,diagnostic_holdout,3,2,134077,168397,176459,0,0,176600,42523
rp2040_1,65,125,5,2,diagnostic_holdout,4,2,176600,210930,218991,0,0,219046,42446
rp2040_1,65,125,5,2,diagnostic_holdout,5,2,219047,253380,261441,0,0,261472,42425
rp2040_1,65,125,5,2,diagnostic_holdout,6,0,261472,295804,303865,311811,312498,312500,51028
rp2040_1,65,126,6,2,diagnostic_holdout,1,2,56991,91522,99605,0,0,99670,42679
rp2040_1,65,126,6,2,diagnostic_holdout,2,1,99675,134055,0,0,0,134073,34398
rp2040_1,65,126,6,2,diagnostic_holdout,3,1,134076,168399,0,0,0,168466,34390
rp2040_1,65,126,6,2,diagnostic_holdout,4,1,168467,202782,0,0,0,202900,34433
rp2040_1,65,126,6,2,diagnostic_holdout,5,1,202901,237216,0,0,0,237281,34380
rp2040_1,65,126,6,2,diagnostic_holdout,6,1,237282,271591,0,0,0,271613,34331
rp2040_1,65,126,6,2,diagnostic_holdout,7,1,271614,305931,0,0,0,305970,34356
rp2040_1,65,126,6,2,diagnostic_holdout,8,2,305971,340281,348344,0,0,348354,42383
rp2040_1,65,126,6,2,diagnostic_holdout,9,1,348355,382691,0,0,0,382707,34352
rp2040_1,65,126,6,2,diagnostic_holdout,10,2,382707,417026,425087,0,0,425116,42409
rp2040_1,65,126,6,2,diagnostic_holdout,11,1,425117,459438,0,0,0,459517,34400
rp2040_1,65,126,6,2,diagnostic_holdout,12,0,459517,493834,501895,509841,510526,510529,51012
rp2040_1,65,127,7,2,diagnostic_holdout,1,1,56999,91526,0,0,0,91588,34589
rp2040_1,65,127,7,2,diagnostic_holdout,2,2,91594,125952,134026,0,0,134179,42585
rp2040_1,65,127,7,2,diagnostic_holdout,3,2,134181,168524,176588,0,0,176655,42474
rp2040_1,65,127,7,2,diagnostic_holdout,4,2,176656,210988,219050,0,0,219176,42520
rp2040_1,65,127,7,2,diagnostic_holdout,5,1,219176,253507,0,0,0,253632,34456
rp2040_1,65,127,7,2,diagnostic_holdout,6,0,253633,287944,296005,303952,304638,304641,51008
rp2040_1,65,128,8,2,diagnostic_holdout,1,0,56964,91485,99570,107520,108206,108212,51248
rp2040_1,65,129,9,2,diagnostic_holdout,1,2,56971,91506,99589,0,0,99666,42695
rp2040_1,65,129,9,2,diagnostic_holdout,2,2,99670,134067,142132,0,0,142200,42530
rp2040_1,65,129,9,2,diagnostic_holdout,3,0,142201,176535,184597,192543,193230,193233,51032
rp2040_1,65,130,0,3,diagnostic_calibration,1,0,56978,91496,99579,107530,108215,108221,51243
rp2040_1,65,131,1,3,diagnostic_calibration,1,2,56990,91511,99595,0,0,99711,42721
rp2040_1,65,131,1,3,diagnostic_calibration,2,0,99716,134102,142165,150111,150797,150801,51085
rp2040_1,65,132,2,3,diagnostic_calibration,1,0,56963,91472,99556,107506,108192,108198,51235
rp2040_1,65,133,3,3,diagnostic_calibration,1,2,56979,91504,99587,0,0,99697,42718
rp2040_1,65,133,3,3,diagnostic_calibration,2,2,99702,134091,142156,0,0,142186,42484
rp2040_1,65,133,3,3,diagnostic_calibration,3,2,142188,176530,184592,0,0,184692,42504
rp2040_1,65,133,3,3,diagnostic_calibration,4,2,184694,219024,227085,0,0,227139,42445
rp2040_1,65,133,3,3,diagnostic_calibration,5,2,227140,261467,269527,0,0,269621,42481
rp2040_1,65,133,3,3,diagnostic_calibration,6,2,269621,303941,312002,0,0,312014,42393
rp2040_1,65,133,3,3,diagnostic_calibration,7,2,312014,346341,354402,0,0,354511,42497
rp2040_1,65,133,3,3,diagnostic_calibration,8,1,354511,388836,0,0,0,388954,34443
rp2040_1,65,133,3,3,diagnostic_calibration,9,2,388955,423268,431329,0,0,431369,42414
rp2040_1,65,133,3,3,diagnostic_calibration,10,1,431369,465699,0,0,0,465739,34370
rp2040_1,65,133,3,3,diagnostic_calibration,11,0,465739,500045,508106,516052,516737,516740,51001
rp2040_1,65,134,4,3,diagnostic_calibration,1,2,56965,91484,99568,0,0,99708,42743
rp2040_1,65,134,4,3,diagnostic_calibration,2,2,99713,134101,142165,0,0,142232,42519
rp2040_1,65,134,4,3,diagnostic_calibration,3,1,142234,176576,0,0,0,176690,34456
rp2040_1,65,134,4,3,diagnostic_calibration,4,1,176691,211005,0,0,0,211118,34427
rp2040_1,65,134,4,3,diagnostic_calibration,5,1,211119,245432,0,0,0,245533,34414
rp2040_1,65,134,4,3,diagnostic_calibration,6,0,245534,279848,287909,295856,296542,296545,51011
rp2040_1,65,135,5,3,diagnostic_holdout,1,2,56976,91490,99573,0,0,99597,42621
rp2040_1,65,135,5,3,diagnostic_holdout,2,2,99602,133988,142053,0,0,142094,42492
rp2040_1,65,135,5,3,diagnostic_holdout,3,2,142095,176424,184485,0,0,184614,42519
rp2040_1,65,135,5,3,diagnostic_holdout,4,2,184615,218944,227005,0,0,227122,42507
rp2040_1,65,135,5,3,diagnostic_holdout,5,2,227122,261456,269517,0,0,269567,42445
rp2040_1,65,135,5,3,diagnostic_holdout,6,2,269568,303891,311952,0,0,312075,42507
rp2040_1,65,135,5,3,diagnostic_holdout,7,2,312075,346402,354463,0,0,354568,42493
rp2040_1,65,135,5,3,diagnostic_holdout,8,1,354569,388900,0,0,0,388989,34420
rp2040_1,65,135,5,3,diagnostic_holdout,9,0,388990,423307,431368,439314,440000,440003,51013
rp2040_1,65,136,6,3,diagnostic_holdout,1,0,56987,91497,99581,107531,108217,108222,51235
rp2040_1,65,137,7,3,diagnostic_holdout,1,1,56972,91498,0,0,0,91573,34601
rp2040_1,65,137,7,3,diagnostic_holdout,2,2,91577,125932,134005,0,0,134041,42464
rp2040_1,65,137,7,3,diagnostic_holdout,3,2,134043,168401,176464,0,0,176550,42507
rp2040_1,65,137,7,3,diagnostic_holdout,4,2,176551,210894,218956,0,0,218963,42412
rp2040_1,65,137,7,3,diagnostic_holdout,5,2,218964,253301,261363,0,0,261445,42481
rp2040_1,65,137,7,3,diagnostic_holdout,6,2,261445,295768,303829,0,0,303853,42408
rp2040_1,65,137,7,3,diagnostic_holdout,7,1,303854,338189,0,0,0,338195,34341
rp2040_1,65,137,7,3,diagnostic_holdout,8,1,338196,372507,0,0,0,372567,34371
rp2040_1,65,137,7,3,diagnostic_holdout,9,2,372568,406878,414939,0,0,414949,42381
rp2040_1,65,137,7,3,diagnostic_holdout,10,0,414950,449280,457341,465287,465973,465976,51026
rp2040_1,65,138,8,3,diagnostic_holdout,1,0,56956,91467,99550,107501,108186,108192,51236
rp2040_1,65,139,9,3,diagnostic_holdout,1,2,56972,91504,99587,0,0,99661,42689
rp2040_1,65,139,9,3,diagnostic_holdout,2,1,99666,134057,0,0,0,134099,34433
rp2040_1,65,139,9,3,diagnostic_holdout,3,2,134100,168421,176483,0,0,176610,42510
rp2040_1,65,139,9,3,diagnostic_holdout,4,1,176610,210951,0,0,0,211013,34403
rp2040_1,65,139,9,3,diagnostic_holdout,5,0,211014,245329,253390,261337,262024,262027,51013
rp2040_1,65,140,0,4,diagnostic_calibration,1,2,56968,91491,99574,0,0,99606,42638
rp2040_1,65,140,0,4,diagnostic_calibration,2,1,99611,133996,0,0,0,134042,34431
rp2040_1,65,140,0,4,diagnostic_calibration,3,1,134043,168363,0,0,0,168408,34365
rp2040_1,65,140,0,4,diagnostic_calibration,4,2,168409,202723,210786,0,0,210825,42416
rp2040_1,65,140,0,4,diagnostic_calibration,5,1,210826,245147,0,0,0,245233,34407
rp2040_1,65,140,0,4,diagnostic_calibration,6,2,245234,279544,287605,0,0,287615,42381
rp2040_1,65,140,0,4,diagnostic_calibration,7,1,287616,321964,0,0,0,322028,34412
rp2040_1,65,140,0,4,diagnostic_calibration,8,1,322028,356341,0,0,0,356444,34416
rp2040_1,65,140,0,4,diagnostic_calibration,9,2,356445,390752,398813,0,0,398843,42398
rp2040_1,65,140,0,4,diagnostic_calibration,10,2,398844,433168,441229,0,0,441289,42445
rp2040_1,65,140,0,4,diagnostic_calibration,11,1,441290,475607,0,0,0,475659,34369
rp2040_1,65,140,0,4,diagnostic_calibration,12,1,475659,509976,0,0,0,509987,34328
rp2040_1,65,140,0,4,diagnostic_calibration,13,1,509988,544302,0,0,0,544427,34439
rp2040_1,65,140,0,4,diagnostic_calibration,14,0,544428,578742,586803,594749,595436,595438,51010
rp2040_1,65,141,1,4,diagnostic_calibration,1,2,56989,91527,99610,0,0,99650,42661
rp2040_1,65,141,1,4,diagnostic_calibration,2,1,99656,134055,0,0,0,134094,34438
rp2040_1,65,141,1,4,diagnostic_calibration,3,2,134096,168433,176497,0,0,176523,42427
rp2040_1,65,141,1,4,diagnostic_calibration,4,1,176524,210868,0,0,0,210895,34371
rp2040_1,65,141,1,4,diagnostic_calibration,5,2,210895,245202,253263,0,0,253302,42407
rp2040_1,65,141,1,4,diagnostic_calibration,6,2,253303,287631,295692,0,0,295714,42411
rp2040_1,65,141,1,4,diagnostic_calibration,7,0,295715,330049,338110,346056,346742,346746,51031
rp2040_1,65,142,2,4,diagnostic_calibration,1,0,56983,91501,99584,107535,108222,108228,51245
rp2040_1,65,143,3,4,diagnostic_calibration,1,1,56987,91525,0,0,0,91565,34578
rp2040_1,65,143,3,4,diagnostic_calibration,2,1,91571,125926,0,0,0,125962,34391
rp2040_1,65,143,3,4,diagnostic_calibration,3,2,125964,160282,168354,0,0,168421,42457
rp2040_1,65,143,3,4,diagnostic_calibration,4,1,168422,202774,0,0,0,202800,34378
rp2040_1,65,143,3,4,diagnostic_calibration,5,0,202801,237112,245174,253121,253807,253810,51009
rp2040_1,65,144,4,4,diagnostic_calibration,1,0,56969,91499,99583,107533,108220,108226,51257
rp2040_1,65,145,5,4,diagnostic_holdout,1,2,56963,91475,99557,0,0,99581,42618
rp2040_1,65,145,5,4,diagnostic_holdout,2,0,99585,133976,142043,149991,150677,150680,51095
rp2040_1,65,146,6,4,diagnostic_holdout,1,1,56978,91500,0,0,0,91546,34568
rp2040_1,65,146,6,4,diagnostic_holdout,2,2,91551,125906,133978,0,0,134004,42453
rp2040_1,65,146,6,4,diagnostic_holdout,3,1,134005,168347,0,0,0,168428,34423
rp2040_1,65,146,6,4,diagnostic_holdout,4,2,168429,202742,210806,0,0,210826,42397
rp2040_1,65,146,6,4,diagnostic_holdout,5,2,210826,245158,253221,0,0,253306,42480
rp2040_1,65,146,6,4,diagnostic_holdout,6,0,253307,287639,295700,303646,304332,304335,51028
rp2040_1,65,147,7,4,diagnostic_holdout,1,0,56987,91506,99589,107539,108226,108232,51245
rp2040_1,65,148,8,4,diagnostic_holdout,1,0,56969,91481,99566,107516,108202,108208,51239
rp2040_1,65,149,9,4,diagnostic_holdout,1,2,56986,91528,99613,0,0,99691,42705
rp2040_1,65,149,9,4,diagnostic_holdout,2,0,99696,134081,142146,150094,150780,150783,51087
rp2040_1,65,150,0,0,diagnostic_calibration,1,1,56976,91503,0,0,0,91527,34551
rp2040_1,65,150,0,0,diagnostic_calibration,2,2,91534,125894,133967,0,0,133995,42461
rp2040_1,65,150,0,0,diagnostic_calibration,3,0,133998,168337,176400,184347,185033,185036,51038
rp2040_1,65,151,1,0,diagnostic_calibration,1,0,56979,91516,99600,107551,108236,108242,51263
rp2040_1,65,152,2,0,diagnostic_calibration,1,0,56996,91516,99600,107551,108237,108243,51247
rp2040_1,65,153,3,0,diagnostic_calibration,1,1,56986,91516,0,0,0,91546,34560
rp2040_1,65,153,3,0,diagnostic_calibration,2,0,91550,125916,133991,141942,142629,142632,51082
rp2040_1,65,154,4,0,diagnostic_calibration,1,0,56995,91522,99605,107556,108243,108249,51254
rp2040_1,65,155,5,0,diagnostic_holdout,1,2,56987,91508,99590,0,0,99641,42654
rp2040_1,65,155,5,0,diagnostic_holdout,2,1,99646,134033,0,0,0,134097,34451
rp2040_1,65,155,5,0,diagnostic_holdout,3,0,134098,168429,176492,184438,185123,185127,51029
rp2040_1,65,156,6,0,diagnostic_holdout,1,2,56993,91510,99594,0,0,99690,42697
rp2040_1,65,156,6,0,diagnostic_holdout,2,0,99695,134088,142152,150098,150785,150789,51094
rp2040_1,65,157,7,0,diagnostic_holdout,1,0,57022,91547,99630,107580,108266,108272,51250
rp2040_1,65,158,8,0,diagnostic_holdout,1,1,56965,91491,0,0,0,91603,34638
rp2040_1,65,158,8,0,diagnostic_holdout,2,1,91609,125981,0,0,0,126108,34499
rp2040_1,65,158,8,0,diagnostic_holdout,3,2,126109,160434,168505,0,0,168629,42520
rp2040_1,65,158,8,0,diagnostic_holdout,4,0,168631,202978,211039,218985,219671,219674,51043
rp2040_1,65,159,9,0,diagnostic_holdout,1,1,56980,91507,0,0,0,91626,34646
rp2040_1,65,159,9,0,diagnostic_holdout,2,2,91631,125990,134062,0,0,134088,42457
rp2040_1,65,159,9,0,diagnostic_holdout,3,0,134091,168438,176501,184449,185136,185139,51048
rp2040_1,65,160,0,1,diagnostic_calibration,1,2,56974,91492,99575,0,0,99703,42729
rp2040_1,65,160,0,1,diagnostic_calibration,2,1,99709,134084,0,0,0,134096,34387
rp2040_1,65,160,0,1,diagnostic_calibration,3,0,134099,168414,176476,184423,185109,185112,51013
rp2040_1,65,161,1,1,diagnostic_calibration,1,2,56982,91501,99584,0,0,99613,42631
rp2040_1,65,161,1,1,diagnostic_calibration,2,1,99618,134005,0,0,0,134109,34491
rp2040_1,65,161,1,1,diagnostic_calibration,3,0,134111,168438,176501,184449,185136,185138,51027
rp2040_1,65,162,2,1,diagnostic_calibration,1,0,56987,91502,99586,107537,108223,108229,51242
rp2040_1,65,163,3,1,diagnostic_calibration,1,0,56980,91506,99589,107540,108226,108233,51253
rp2040_1,65,164,4,1,diagnostic_calibration,1,1,56962,91488,0,0,0,91575,34613
rp2040_1,65,164,4,1,diagnostic_calibration,2,2,91581,125937,134008,0,0,134098,42517
rp2040_1,65,164,4,1,diagnostic_calibration,3,2,134100,168447,176510,0,0,176582,42482
rp2040_1,65,164,4,1,diagnostic_calibration,4,1,176583,210911,0,0,0,210925,34342
rp2040_1,65,164,4,1,diagnostic_calibration,5,2,210925,245236,253298,0,0,253355,42430
rp2040_1,65,164,4,1,diagnostic_calibration,6,1,253356,287706,0,0,0,287761,34405
rp2040_1,65,164,4,1,diagnostic_calibration,7,1,287762,322069,0,0,0,322126,34364
rp2040_1,65,164,4,1,diagnostic_calibration,8,0,322127,356431,364492,372438,373125,373128,51001
rp2040_1,65,165,5,1,diagnostic_holdout,1,2,56981,91504,99587,0,0,99658,42677
rp2040_1,65,165,5,1,diagnostic_holdout,2,2,99663,134053,142122,0,0,142161,42498
rp2040_1,65,165,5,1,diagnostic_holdout,3,1,142162,176508,0,0,0,176567,34405
rp2040_1,65,165,5,1,diagnostic_holdout,4,2,176568,210884,218946,0,0,219001,42433
rp2040_1,65,165,5,1,diagnostic_holdout,5,1,219002,253335,0,0,0,253370,34368
rp2040_1,65,165,5,1,diagnostic_holdout,6,1,253371,287686,0,0,0,287782,34411
rp2040_1,65,165,5,1,diagnostic_holdout,7,1,287782,322097,0,0,0,322186,34404
rp2040_1,65,165,5,1,diagnostic_holdout,8,0,322187,356504,364566,372513,373199,373202,51015
rp2040_1,65,166,6,1,diagnostic_holdout,1,1,56984,91511,0,0,0,91580,34596
rp2040_1,65,166,6,1,diagnostic_holdout,2,1,91587,125949,0,0,0,126078,34491
rp2040_1,65,166,6,1,diagnostic_holdout,3,2,126080,160398,168469,0,0,168481,42401
rp2040_1,65,166,6,1,diagnostic_holdout,4,2,168483,202822,210885,0,0,210911,42428
rp2040_1,65,166,6,1,diagnostic_holdout,5,1,210912,245237,0,0,0,245242,34330
rp2040_1,65,166,6,1,diagnostic_holdout,6,2,245242,279560,287622,0,0,287641,42399
rp2040_1,65,166,6,1,diagnostic_holdout,7,0,287642,321967,330028,337975,338662,338665,51023
rp2040_1,65,167,7,1,diagnostic_holdout,1,0,56995,91508,99592,107542,108228,108234,51239
rp2040_1,65,168,8,1,diagnostic_holdout,1,1,56959,91492,0,0,0,91622,34663
rp2040_1,65,168,8,1,diagnostic_holdout,2,2,91626,125983,134059,0,0,134073,42447
rp2040_1,65,168,8,1,diagnostic_holdout,3,2,134075,168423,176487,0,0,176592,42517
rp2040_1,65,168,8,1,diagnostic_holdout,4,2,176593,210926,218988,0,0,219070,42477
rp2040_1,65,168,8,1,diagnostic_holdout,5,1,219070,253394,0,0,0,253434,34364
rp2040_1,65,168,8,1,diagnostic_holdout,6,1,253434,287745,0,0,0,287818,34384
rp2040_1,65,168,8,1,diagnostic_holdout,7,1,287818,322130,0,0,0,322168,34350
rp2040_1,65,168,8,1,diagnostic_holdout,8,2,322168,356475,364536,0,0,364573,42405
rp2040_1,65,168,8,1,diagnostic_holdout,9,1,364574,398902,0,0,0,398983,34409
rp2040_1,65,168,8,1,diagnostic_holdout,10,0,398984,433298,441359,449306,449991,449994,51010
rp2040_1,65,169,9,1,diagnostic_holdout,1,1,57009,91539,0,0,0,91638,34629
rp2040_1,65,169,9,1,diagnostic_holdout,2,2,91642,126001,134072,0,0,134086,42444
rp2040_1,65,169,9,1,diagnostic_holdout,3,2,134088,168437,176500,0,0,176524,42436
rp2040_1,65,169,9,1,diagnostic_holdout,4,0,176524,210863,218925,226872,227558,227561,51037
rp2040_1,65,170,0,2,diagnostic_calibration,1,2,56966,91484,99567,0,0,99697,42731
rp2040_1,65,170,0,2,diagnostic_calibration,2,1,99702,134087,0,0,0,134199,34497
rp2040_1,65,170,0,2,diagnostic_calibration,3,1,134201,168531,0,0,0,168555,34354
rp2040_1,65,170,0,2,diagnostic_calibration,4,2,168556,202865,210926,0,0,210938,42382
rp2040_1,65,170,0,2,diagnostic_calibration,5,0,210939,245262,253323,261270,261957,261960,51021
rp2040_1,65,171,1,2,diagnostic_calibration,1,2,56958,91478,99561,0,0,99634,42676
rp2040_1,65,171,1,2,diagnostic_calibration,2,2,99639,134049,142116,0,0,142120,42481
rp2040_1,65,171,1,2,diagnostic_calibration,3,1,142123,176466,0,0,0,176482,34359
rp2040_1,65,171,1,2,diagnostic_calibration,4,1,176484,210796,0,0,0,210917,34433
rp2040_1,65,171,1,2,diagnostic_calibration,5,2,210918,245225,253287,0,0,253312,42394
rp2040_1,65,171,1,2,diagnostic_calibration,6,2,253313,287632,295694,0,0,295790,42477
rp2040_1,65,171,1,2,diagnostic_calibration,7,0,295791,330120,338181,346127,346813,346816,51025
rp2040_1,65,172,2,2,diagnostic_calibration,1,2,56974,91500,99583,0,0,99607,42633
rp2040_1,65,172,2,2,diagnostic_calibration,2,1,99611,133999,0,0,0,134028,34417
rp2040_1,65,172,2,2,diagnostic_calibration,3,1,134030,168360,0,0,0,168466,34436
rp2040_1,65,172,2,2,diagnostic_calibration,4,2,168467,202775,210839,0,0,210923,42456
rp2040_1,65,172,2,2,diagnostic_calibration,5,2,210924,245259,253321,0,0,253335,42411
rp2040_1,65,172,2,2,diagnostic_calibration,6,2,253336,287668,295729,0,0,295768,42432
rp2040_1,65,172,2,2,diagnostic_calibration,7,2,295768,330088,338149,0,0,338232,42464
rp2040_1,65,172,2,2,diagnostic_calibration,8,2,338233,372571,380632,0,0,380690,42457
rp2040_1,65,172,2,2,diagnostic_calibration,9,1,380691,415029,0,0,0,415049,34358
rp2040_1,65,172,2,2,diagnostic_calibration,10,0,415050,449363,457424,465370,466055,466058,51008
rp2040_1,65,173,3,2,diagnostic_calibration,1,1,56970,91483,0,0,0,91510,34540
rp2040_1,65,173,3,2,diagnostic_calibration,2,2,91516,125862,133936,0,0,134061,42545
rp2040_1,65,173,3,2,diagnostic_calibration,3,1,134063,168403,0,0,0,168463,34400
rp2040_1,65,173,3,2,diagnostic_calibration,4,1,168464,202781,0,0,0,202880,34416
rp2040_1,65,173,3,2,diagnostic_calibration,5,0,202880,237196,245259,253206,253892,253895,51015
rp2040_1,65,174,4,2,diagnostic_calibration,1,1,56990,91505,0,0,0,91534,34544
rp2040_1,65,174,4,2,diagnostic_calibration,2,1,91538,125897,0,0,0,125968,34430
rp2040_1,65,174,4,2,diagnostic_calibration,3,1,125971,160293,0,0,0,160308,34337
rp2040_1,65,174,4,2,diagnostic_calibration,4,0,160308,194619,202689,210640,211326,211330,51022
rp2040_1,65,175,5,2,diagnostic_holdout,1,1,56976,91499,0,0,0,91576,34600
rp2040_1,65,175,5,2,diagnostic_holdout,2,1,91581,125945,0,0,0,126014,34433
rp2040_1,65,175,5,2,diagnostic_holdout,3,2,126017,160339,168410,0,0,168516,42499
rp2040_1,65,175,5,2,diagnostic_holdout,4,1,168518,202849,0,0,0,202878,34360
rp2040_1,65,175,5,2,diagnostic_holdout,5,2,202879,237191,245255,0,0,245320,42441
rp2040_1,65,175,5,2,diagnostic_holdout,6,2,245321,279653,287716,0,0,287732,42411
rp2040_1,65,175,5,2,diagnostic_holdout,7,2,287733,322077,330138,0,0,330252,42519
rp2040_1,65,175,5,2,diagnostic_holdout,8,1,330253,364590,0,0,0,364607,34354
rp2040_1,65,175,5,2,diagnostic_holdout,9,0,364608,398916,406977,414923,415609,415612,51004
rp2040_1,65,176,6,2,diagnostic_holdout,1,2,56997,91526,99610,0,0,99745,42748
rp2040_1,65,176,6,2,diagnostic_holdout,2,0,99750,134137,142203,150149,150835,150839,51089
rp2040_1,65,177,7,2,diagnostic_holdout,1,2,56966,91483,99567,0,0,99679,42713
rp2040_1,65,177,7,2,diagnostic_holdout,2,0,99684,134063,142129,150076,150763,150767,51083
rp2040_1,65,178,8,2,diagnostic_holdout,1,1,56968,91490,0,0,0,91538,34570
rp2040_1,65,178,8,2,diagnostic_holdout,2,1,91544,125905,0,0,0,125968,34424
rp2040_1,65,178,8,2,diagnostic_holdout,3,0,125969,160294,168366,176317,177003,177006,51037
rp2040_1,65,179,9,2,diagnostic_holdout,1,1,56989,91506,0,0,0,91625,34636
rp2040_1,65,179,9,2,diagnostic_holdout,2,1,91629,126000,0,0,0,126041,34412
rp2040_1,65,179,9,2,diagnostic_holdout,3,2,126042,160366,168438,0,0,168556,42514
rp2040_1,65,179,9,2,diagnostic_holdout,4,2,168557,202909,210971,0,0,211036,42479
rp2040_1,65,179,9,2,diagnostic_holdout,5,1,211037,245364,0,0,0,245388,34351
rp2040_1,65,179,9,2,diagnostic_holdout,6,0,245389,279705,287767,295713,296399,296401,51012
rp2040_1,65,180,0,3,diagnostic_calibration,1,2,56980,91497,99581,0,0,99698,42718
rp2040_1,65,180,0,3,diagnostic_calibration,2,2,99703,134089,142156,0,0,142196,42493
rp2040_1,65,180,0,3,diagnostic_calibration,3,2,142196,176545,184607,0,0,184657,42461
rp2040_1,65,180,0,3,diagnostic_calibration,4,1,184658,218996,0,0,0,219038,34380
rp2040_1,65,180,0,3,diagnostic_calibration,5,2,219039,253343,261404,0,0,261514,42475
rp2040_1,65,180,0,3,diagnostic_calibration,6,1,261515,295846,0,0,0,295957,34442
rp2040_1,65,180,0,3,diagnostic_calibration,7,0,295958,330269,338330,346276,346962,346964,51006
rp2040_1,65,181,1,3,diagnostic_calibration,1,0,56980,91508,99591,107542,108228,108234,51254
rp2040_1,65,182,2,3,diagnostic_calibration,1,1,56999,91535,0,0,0,91614,34615
rp2040_1,65,182,2,3,diagnostic_calibration,2,2,91620,125985,134059,0,0,134095,42475
rp2040_1,65,182,2,3,diagnostic_calibration,3,0,134098,168442,176505,184453,185140,185143,51045
rp2040_1,65,183,3,3,diagnostic_calibration,1,1,56976,91501,0,0,0,91578,34602
rp2040_1,65,183,3,3,diagnostic_calibration,2,1,91584,125948,0,0,0,125995,34411
rp2040_1,65,183,3,3,diagnostic_calibration,3,0,125996,160321,168392,176342,177028,177032,51036
rp2040_1,65,184,4,3,diagnostic_calibration,1,2,56967,91486,99570,0,0,99630,42663
rp2040_1,65,184,4,3,diagnostic_calibration,2,0,99635,134004,142071,150018,150705,150708,51073
rp2040_1,65,185,5,3,diagnostic_holdout,1,2,57005,91530,99615,0,0,99656,42651
rp2040_1,65,185,5,3,diagnostic_holdout,2,1,99661,134047,0,0,0,134094,34433
rp2040_1,65,185,5,3,diagnostic_holdout,3,1,134095,168424,0,0,0,168455,34360
rp2040_1,65,185,5,3,diagnostic_holdout,4,0,168456,202765,210828,218775,219461,219465,51009
rp2040_1,65,186,6,3,diagnostic_holdout,1,1,56992,91518,0,0,0,91650,34658
rp2040_1,65,186,6,3,diagnostic_holdout,2,0,91657,126021,134095,142045,142732,142736,51079
rp2040_1,65,187,7,3,diagnostic_holdout,1,0,57008,91518,99601,107551,108238,108244,51236
rp2040_1,65,188,8,3,diagnostic_holdout,1,1,56990,91501,0,0,0,91590,34600
rp2040_1,65,188,8,3,diagnostic_holdout,2,2,91596,125967,134040,0,0,134096,42500
rp2040_1,65,188,8,3,diagnostic_holdout,3,1,134100,168447,0,0,0,168466,34366
rp2040_1,65,188,8,3,diagnostic_holdout,4,2,168467,202791,210857,0,0,210861,42394
rp2040_1,65,188,8,3,diagnostic_holdout,5,2,210862,245198,253261,0,0,253284,42422
rp2040_1,65,188,8,3,diagnostic_holdout,6,1,253285,287624,0,0,0,287698,34413
rp2040_1,65,188,8,3,diagnostic_holdout,7,0,287699,322008,330069,338015,338701,338704,51005
rp2040_1,65,189,9,3,diagnostic_holdout,1,1,56993,91515,0,0,0,91600,34607
rp2040_1,65,189,9,3,diagnostic_holdout,2,1,91604,125964,0,0,0,126005,34401
rp2040_1,65,189,9,3,diagnostic_holdout,3,0,126006,160322,168392,176343,177029,177032,51026
rp2040_1,65,190,0,4,diagnostic_calibration,1,2,56939,91463,99547,0,0,99626,42687
rp2040_1,65,190,0,4,diagnostic_calibration,2,2,99632,134027,142092,0,0,142131,42499
rp2040_1,65,190,0,4,diagnostic_calibration,3,1,142132,176470,0,0,0,176480,34348
rp2040_1,65,190,0,4,diagnostic_calibration,4,2,176480,210790,218851,0,0,218936,42456
rp2040_1,65,190,0,4,diagnostic_calibration,5,1,218937,253274,0,0,0,253393,34456
rp2040_1,65,190,0,4,diagnostic_calibration,6,2,253393,287708,295769,0,0,295823,42430
rp2040_1,65,190,0,4,diagnostic_calibration,7,2,295824,330155,338216,0,0,338320,42496
rp2040_1,65,190,0,4,diagnostic_calibration,8,2,338320,372647,380708,0,0,380832,42512
rp2040_1,65,190,0,4,diagnostic_calibration,9,1,380833,415158,0,0,0,415249,34416
rp2040_1,65,190,0,4,diagnostic_calibration,10,2,415249,449559,457620,0,0,457686,42437
rp2040_1,65,190,0,4,diagnostic_calibration,11,0,457687,492023,500084,508030,508716,508719,51032
rp2040_1,65,191,1,4,diagnostic_calibration,1,2,56961,91479,99564,0,0,99675,42714
rp2040_1,65,191,1,4,diagnostic_calibration,2,1,99681,134060,0,0,0,134118,34437
rp2040_1,65,191,1,4,diagnostic_calibration,3,1,134121,168441,0,0,0,168510,34389
rp2040_1,65,191,1,4,diagnostic_calibration,4,2,168512,202827,210889,0,0,210973,42461
rp2040_1,65,191,1,4,diagnostic_calibration,5,0,210974,245306,253367,261313,261999,262002,51028
rp2040_1,65,192,2,4,diagnostic_calibration,1,1,56982,91500,0,0,0,91610,34628
rp2040_1,65,192,2,4,diagnostic_calibration,2,0,91615,125978,134049,142000,142687,142691,51076
rp2040_1,65,193,3,4,diagnostic_calibration,1,2,56992,91515,99598,0,0,99627,42635
rp2040_1,65,193,3,4,diagnostic_calibration,2,1,99632,134005,0,0,0,134118,34486
rp2040_1,65,193,3,4,diagnostic_calibration,3,1,134119,168447,0,0,0,168508,34389
rp2040_1,65,193,3,4,diagnostic_calibration,4,1,168509,202817,0,0,0,202836,34327
rp2040_1,65,193,3,4,diagnostic_calibration,5,1,202837,237156,0,0,0,237226,34389
rp2040_1,65,193,3,4,diagnostic_calibration,6,0,237226,271537,279599,287547,288234,288236,51010
rp2040_1,65,194,4,4,diagnostic_calibration,1,2,56978,91495,99578,0,0,99661,42683
rp2040_1,65,194,4,4,diagnostic_calibration,2,0,99665,134061,142128,150075,150761,150765,51100
rp2040_1,65,195,5,4,diagnostic_holdout,1,0,56971,91490,99573,107524,108210,108216,51245
rp2040_1,65,196,6,4,diagnostic_holdout,1,2,57000,91524,99607,0,0,99638,42638
rp2040_1,65,196,6,4,diagnostic_holdout,2,0,99643,134025,142088,150036,150723,150727,51084
rp2040_1,65,197,7,4,diagnostic_holdout,1,2,56994,91521,99604,0,0,99618,42624
rp2040_1,65,197,7,4,diagnostic_holdout,2,1,99624,134013,0,0,0,134034,34410
rp2040_1,65,197,7,4,diagnostic_holdout,3,2,134036,168361,176423,0,0,176500,42464
rp2040_1,65,197,7,4,diagnostic_holdout,4,0,176500,210830,218891,226837,227523,227527,51027
rp2040_1,65,198,8,4,diagnostic_holdout,1,2,56956,91467,99552,0,0,99674,42718
rp2040_1,65,198,8,4,diagnostic_holdout,2,0,99679,134079,142143,150089,150775,150778,51099
rp2040_1,65,199,9,4,diagnostic_holdout,1,1,56995,91516,0,0,0,91656,34661
rp2040_1,65,199,9,4,diagnostic_holdout,2,0,91662,126019,134093,142043,142730,142735,51073
rp2040_1,65,200,0,0,diagnostic_calibration,1,0,56982,91516,99599,107550,108236,108242,51260
rp2040_1,65,201,1,0,diagnostic_calibration,1,1,56986,91514,0,0,0,91595,34609
rp2040_1,65,201,1,0,diagnostic_calibration,2,2,91599,125963,134038,0,0,134146,42547
rp2040_1,65,201,1,0,diagnostic_calibration,3,2,134147,168488,176553,0,0,176635,42488
rp2040_1,65,201,1,0,diagnostic_calibration,4,2,176636,210974,219038,0,0,219062,42426
rp2040_1,65,201,1,0,diagnostic_calibration,5,0,219063,253381,261443,269389,270075,270078,51015
rp2040_1,65,202,2,0,diagnostic_calibration,1,0,56989,91510,99594,107544,108230,108236,51247
rp2040_1,65,203,3,0,diagnostic_calibration,1,2,56992,91516,99599,0,0,99653,42661
rp2040_1,65,203,3,0,diagnostic_calibration,2,1,99658,134039,0,0,0,134075,34417
rp2040_1,65,203,3,0,diagnostic_calibration,3,1,134078,168405,0,0,0,168501,34423
rp2040_1,65,203,3,0,diagnostic_calibration,4,2,168501,202824,210886,0,0,210891,42390
rp2040_1,65,203,3,0,diagnostic_calibration,5,1,210892,245221,0,0,0,245315,34423
rp2040_1,65,203,3,0,diagnostic_calibration,6,1,245316,279625,0,0,0,279739,34423
rp2040_1,65,203,3,0,diagnostic_calibration,7,1,279740,314049,0,0,0,314061,34321
rp2040_1,65,203,3,0,diagnostic_calibration,8,2,314062,348369,356430,0,0,356570,42508
rp2040_1,65,203,3,0,diagnostic_calibration,9,2,356570,390904,398965,0,0,399058,42488
rp2040_1,65,203,3,0,diagnostic_calibration,10,1,399059,433393,0,0,0,433404,34345
rp2040_1,65,203,3,0,diagnostic_calibration,11,0,433405,467715,475776,483723,484409,484412,51007
rp2040_1,65,204,4,0,diagnostic_calibration,1,2,56969,91481,99564,0,0,99618,42649
rp2040_1,65,204,4,0,diagnostic_calibration,2,1,99624,134015,0,0,0,134117,34493
rp2040_1,65,204,4,0,diagnostic_calibration,3,1,134120,168442,0,0,0,168505,34385
rp2040_1,65,204,4,0,diagnostic_calibration,4,1,168506,202821,0,0,0,202936,34430
rp2040_1,65,204,4,0,diagnostic_calibration,5,1,202937,237254,0,0,0,237325,34388
rp2040_1,65,204,4,0,diagnostic_calibration,6,1,237325,271633,0,0,0,271690,34365
rp2040_1,65,204,4,0,diagnostic_calibration,7,1,271691,306003,0,0,0,306022,34331
rp2040_1,65,204,4,0,diagnostic_calibration,8,2,306022,340333,348397,0,0,348415,42393
rp2040_1,65,204,4,0,diagnostic_calibration,9,2,348415,382746,390807,0,0,390882,42467
rp2040_1,65,204,4,0,diagnostic_calibration,10,2,390883,425207,433268,0,0,433292,42409
rp2040_1,65,204,4,0,diagnostic_calibration,11,0,433293,467616,475677,483623,484310,484313,51020
rp2040_1,65,205,5,0,diagnostic_holdout,1,1,56998,91519,0,0,0,91645,34647
rp2040_1,65,205,5,0,diagnostic_holdout,2,1,91651,126021,0,0,0,126066,34415
rp2040_1,65,205,5,0,diagnostic_holdout,3,1,126067,160387,0,0,0,160406,34339
rp2040_1,65,205,5,0,diagnostic_holdout,4,0,160407,194727,202797,210748,211434,211437,51030
rp2040_1,65,206,6,0,diagnostic_holdout,1,2,57001,91528,99611,0,0,99657,42656
rp2040_1,65,206,6,0,diagnostic_holdout,2,2,99663,134044,142108,0,0,142220,42557
rp2040_1,65,206,6,0,diagnostic_holdout,3,2,142222,176559,184621,0,0,184640,42418
rp2040_1,65,206,6,0,diagnostic_holdout,4,2,184641,218966,227027,0,0,227062,42421
rp2040_1,65,206,6,0,diagnostic_holdout,5,2,227063,261385,269446,0,0,269468,42405
rp2040_1,65,206,6,0,diagnostic_holdout,6,0,269469,303793,311854,319801,320486,320489,51020
rp2040_1,65,207,7,0,diagnostic_holdout,1,2,56988,91521,99604,0,0,99645,42657
rp2040_1,65,207,7,0,diagnostic_holdout,2,1,99651,134035,0,0,0,134110,34459
rp2040_1,65,207,7,0,diagnostic_holdout,3,1,134113,168437,0,0,0,168553,34440
rp2040_1,65,207,7,0,diagnostic_holdout,4,1,168555,202877,0,0,0,202969,34414
rp2040_1,65,207,7,0,diagnostic_holdout,5,2,202970,237279,245342,0,0,245436,42466
rp2040_1,65,207,7,0,diagnostic_holdout,6,2,245436,279759,287820,0,0,287915,42479
rp2040_1,65,207,7,0,diagnostic_holdout,7,2,287915,322247,330308,0,0,330354,42439
rp2040_1,65,207,7,0,diagnostic_holdout,8,2,330354,364679,372740,0,0,372834,42480
rp2040_1,65,207,7,0,diagnostic_holdout,9,1,372835,407173,0,0,0,407195,34360
rp2040_1,65,207,7,0,diagnostic_holdout,10,1,407195,441512,0,0,0,441582,34387
rp2040_1,65,207,7,0,diagnostic_holdout,11,1,441582,475890,0,0,0,475920,34338
rp2040_1,65,207,7,0,diagnostic_holdout,12,1,475921,510222,0,0,0,510328,34407
rp2040_1,65,207,7,0,diagnostic_holdout,13,2,510329,544636,552697,0,0,552754,42425
rp2040_1,65,207,7,0,diagnostic_holdout,14,2,552754,587087,595148,0,0,595155,42401
rp2040_1,65,207,7,0,diagnostic_holdout,15,2,595156,629488,637549,0,0,637556,42400
rp2040_1,65,207,7,0,diagnostic_holdout,16,2,637557,671905,679966,0,0,680051,42494
rp2040_1,65,207,7,0,diagnostic_holdout,17,2,680051,714377,722438,0,0,722453,42402
rp2040_1,65,207,7,0,diagnostic_holdout,18,1,722453,756776,0,0,0,756792,34339
rp2040_1,65,207,7,0,diagnostic_holdout,19,1,756793,791097,0,0,0,791215,34422
rp2040_1,65,207,7,0,diagnostic_holdout,20,1,791216,825530,0,0,0,825618,34402
rp2040_1,65,207,7,0,diagnostic_holdout,21,2,825618,859926,867987,0,0,868126,42508
rp2040_1,65,207,7,0,diagnostic_holdout,22,1,868127,902447,0,0,0,902506,34379
rp2040_1,65,207,7,0,diagnostic_holdout,23,0,902507,936817,944878,952824,953510,953513,51006
rp2040_1,65,208,8,0,diagnostic_holdout,1,1,56973,91496,0,0,0,91538,34565
rp2040_1,65,208,8,0,diagnostic_holdout,2,2,91543,125914,133989,0,0,134004,42461
rp2040_1,65,208,8,0,diagnostic_holdout,3,0,134005,168347,176410,184358,185044,185047,51042
rp2040_1,65,209,9,0,diagnostic_holdout,1,1,56998,91509,0,0,0,91552,34554
rp2040_1,65,209,9,0,diagnostic_holdout,2,0,91557,125918,133991,141942,142629,142632,51075
rp2040_1,65,210,0,1,diagnostic_calibration,1,1,56976,91498,0,0,0,91568,34592
rp2040_1,65,210,0,1,diagnostic_calibration,2,2,91573,125933,134005,0,0,134063,42490
rp2040_1,65,210,0,1,diagnostic_calibration,3,1,134065,168414,0,0,0,168439,34374
rp2040_1,65,210,0,1,diagnostic_calibration,4,2,168441,202756,210817,0,0,210850,42409
rp2040_1,65,210,0,1,diagnostic_calibration,5,1,210851,245183,0,0,0,245248,34397
rp2040_1,65,210,0,1,diagnostic_calibration,6,2,245249,279560,287621,0,0,287633,42384
rp2040_1,65,210,0,1,diagnostic_calibration,7,2,287634,321970,330031,0,0,330099,42465
rp2040_1,65,210,0,1,diagnostic_calibration,8,2,330100,364435,372495,0,0,372509,42409
rp2040_1,65,210,0,1,diagnostic_calibration,9,1,372509,406832,0,0,0,406919,34410
rp2040_1,65,210,0,1,diagnostic_calibration,10,1,406920,441228,0,0,0,441236,34316
rp2040_1,65,210,0,1,diagnostic_calibration,11,2,441237,475540,483601,0,0,483707,42470
rp2040_1,65,210,0,1,diagnostic_calibration,12,2,483708,518031,526092,0,0,526127,42419
rp2040_1,65,210,0,1,diagnostic_calibration,13,2,526128,560455,568516,0,0,568573,42445
rp2040_1,65,210,0,1,diagnostic_calibration,14,0,568573,602904,610965,618911,619597,619599,51026
rp2040_1,65,211,1,1,diagnostic_calibration,1,1,56990,91508,0,0,0,91575,34585
rp2040_1,65,211,1,1,diagnostic_calibration,2,2,91580,125935,134009,0,0,134059,42479
rp2040_1,65,211,1,1,diagnostic_calibration,3,0,134061,168409,176469,184416,185102,185105,51044
rp2040_1,65,212,2,1,diagnostic_calibration,1,2,56990,91512,99595,0,0,99626,42636
rp2040_1,65,212,2,1,diagnostic_calibration,2,1,99630,134021,0,0,0,134137,34507
rp2040_1,65,212,2,1,diagnostic_calibration,3,0,134140,168457,176521,184469,185154,185157,51017
rp2040_1,65,213,3,1,diagnostic_calibration,1,1,56982,91514,0,0,0,91625,34643
rp2040_1,65,213,3,1,diagnostic_calibration,2,2,91630,125992,134064,0,0,134086,42456
rp2040_1,65,213,3,1,diagnostic_calibration,3,1,134087,168431,0,0,0,168518,34431
rp2040_1,65,213,3,1,diagnostic_calibration,4,2,168518,202824,210887,0,0,210894,42376
rp2040_1,65,213,3,1,diagnostic_calibration,5,2,210895,245222,253283,0,0,253424,42529
rp2040_1,65,213,3,1,diagnostic_calibration,6,2,253425,287744,295805,0,0,295916,42491
rp2040_1,65,213,3,1,diagnostic_calibration,7,2,295916,330235,338296,0,0,338300,42384
rp2040_1,65,213,3,1,diagnostic_calibration,8,1,338301,372624,0,0,0,372736,34435
rp2040_1,65,213,3,1,diagnostic_calibration,9,1,372737,407052,0,0,0,407169,34432
rp2040_1,65,213,3,1,diagnostic_calibration,10,2,407170,441478,449539,0,0,449552,42382
rp2040_1,65,213,3,1,diagnostic_calibration,11,1,449553,483878,0,0,0,483967,34414
rp2040_1,65,213,3,1,diagnostic_calibration,12,1,483968,518272,0,0,0,518365,34397
rp2040_1,65,213,3,1,diagnostic_calibration,13,1,518366,552677,0,0,0,552746,34380
rp2040_1,65,213,3,1,diagnostic_calibration,14,2,552746,587060,595121,0,0,595129,42383
rp2040_1,65,213,3,1,diagnostic_calibration,15,1,595129,629456,0,0,0,629506,34377
rp2040_1,65,213,3,1,diagnostic_calibration,16,1,629506,663818,0,0,0,663899,34393
rp2040_1,65,213,3,1,diagnostic_calibration,17,2,663900,698215,706276,0,0,706380,42480
rp2040_1,65,213,3,1,diagnostic_calibration,18,2,706380,740702,748763,0,0,748837,42457
rp2040_1,65,213,3,1,diagnostic_calibration,19,1,748838,783161,0,0,0,783268,34430
rp2040_1,65,213,3,1,diagnostic_calibration,20,0,783269,817583,825644,833590,834276,834279,51010
rp2040_1,65,214,4,1,diagnostic_calibration,1,1,56994,91511,0,0,0,91596,34602
rp2040_1,65,214,4,1,diagnostic_calibration,2,1,91600,125950,0,0,0,125996,34396
rp2040_1,65,214,4,1,diagnostic_calibration,3,2,125998,160315,168386,0,0,168504,42506
rp2040_1,65,214,4,1,diagnostic_calibration,4,1,168505,202837,0,0,0,202845,34340
rp2040_1,65,214,4,1,diagnostic_calibration,5,2,202845,237157,245220,0,0,245275,42430
rp2040_1,65,214,4,1,diagnostic_calibration,6,2,245275,279605,287666,0,0,287688,42413
rp2040_1,65,214,4,1,diagnostic_calibration,7,1,287689,322024,0,0,0,322068,34379
rp2040_1,65,214,4,1,diagnostic_calibration,8,1,322068,356377,0,0,0,356400,34332
rp2040_1,65,214,4,1,diagnostic_calibration,9,2,356400,390712,398773,0,0,398871,42471
rp2040_1,65,214,4,1,diagnostic_calibration,10,1,398872,433199,0,0,0,433213,34341
rp2040_1,65,214,4,1,diagnostic_calibration,11,1,433213,467519,0,0,0,467602,34389
rp2040_1,65,214,4,1,diagnostic_calibration,12,2,467602,501912,509973,0,0,510036,42434
rp2040_1,65,214,4,1,diagnostic_calibration,13,0,510037,544360,552421,560367,561054,561057,51020
rp2040_1,65,215,5,1,diagnostic_holdout,1,2,56992,91522,99605,0,0,99752,42760
rp2040_1,65,215,5,1,diagnostic_holdout,2,1,99757,134147,0,0,0,134205,34448
rp2040_1,65,215,5,1,diagnostic_holdout,3,2,134206,168521,176582,0,0,176674,42468
rp2040_1,65,215,5,1,diagnostic_holdout,4,2,176674,211008,219070,0,0,219110,42436
rp2040_1,65,215,5,1,diagnostic_holdout,5,1,219111,253444,0,0,0,253453,34342
rp2040_1,65,215,5,1,diagnostic_holdout,6,1,253453,287763,0,0,0,287821,34368
rp2040_1,65,215,5,1,diagnostic_holdout,7,2,287822,322136,330197,0,0,330290,42468
rp2040_1,65,215,5,1,diagnostic_holdout,8,0,330290,364622,372683,380629,381316,381319,51029
rp2040_1,65,216,6,1,diagnostic_holdout,1,0,56982,91512,99595,107546,108232,108237,51255
rp2040_1,65,217,7,1,diagnostic_holdout,1,1,57002,91528,0,0,0,91597,34595
rp2040_1,65,217,7,1,diagnostic_holdout,2,2,91602,125973,134048,0,0,134122,42520
rp2040_1,65,217,7,1,diagnostic_holdout,3,1,134125,168483,0,0,0,168507,34382
rp2040_1,65,217,7,1,diagnostic_holdout,4,1,168508,202818,0,0,0,202886,34378
rp2040_1,65,217,7,1,diagnostic_holdout,5,0,202887,237199,245261,253207,253893,253896,51009
rp2040_1,65,218,8,1,diagnostic_holdout,1,2,56979,91498,99582,0,0,99708,42729
rp2040_1,65,218,8,1,diagnostic_holdout,2,1,99714,134099,0,0,0,134124,34410
rp2040_1,65,218,8,1,diagnostic_holdout,3,0,134127,168450,176513,184459,185145,185149,51022
rp2040_1,65,219,9,1,diagnostic_holdout,1,0,57007,91528,99610,107561,108248,108254,51247
rp2040_1,65,220,0,2,diagnostic_calibration,1,1,56963,91477,0,0,0,91502,34539
rp2040_1,65,220,0,2,diagnostic_calibration,2,1,91508,125864,0,0,0,125973,34465
rp2040_1,65,220,0,2,diagnostic_calibration,3,2,125975,160296,168367,0,0,168500,42525
rp2040_1,65,220,0,2,diagnostic_calibration,4,1,168501,202840,0,0,0,202891,34390
rp2040_1,65,220,0,2,diagnostic_calibration,5,1,202892,237202,0,0,0,237229,34337
rp2040_1,65,220,0,2,diagnostic_calibration,6,2,237230,271544,279608,0,0,279616,42386
rp2040_1,65,220,0,2,diagnostic_calibration,7,2,279617,313946,322007,0,0,322071,42454
rp2040_1,65,220,0,2,diagnostic_calibration,8,1,322071,356409,0,0,0,356502,34431
rp2040_1,65,220,0,2,diagnostic_calibration,9,2,356502,390818,398879,0,0,398934,42432
rp2040_1,65,220,0,2,diagnostic_calibration,10,0,398934,433257,441318,449265,449952,449955,51021
rp2040_1,65,221,1,2,diagnostic_calibration,1,1,56985,91508,0,0,0,91546,34561
rp2040_1,65,221,1,2,diagnostic_calibration,2,0,91550,125910,133983,141934,142620,142624,51074
rp2040_1,65,222,2,2,diagnostic_calibration,1,2,56991,91511,99595,0,0,99636,42645
rp2040_1,65,222,2,2,diagnostic_calibration,2,2,99640,134009,142075,0,0,142113,42473
rp2040_1,65,222,2,2,diagnostic_calibration,3,2,142114,176452,184514,0,0,184522,42408
rp2040_1,65,222,2,2,diagnostic_calibration,4,2,184523,218850,226911,0,0,226943,42420
rp2040_1,65,222,2,2,diagnostic_calibration,5,0,226944,261273,269334,277280,277966,277969,51025
rp2040_1,65,223,3,2,diagnostic_calibration,1,0,57004,91531,99614,107565,108252,108258,51254
rp2040_1,65,224,4,2,diagnostic_calibration,1,0,56978,91499,99582,107533,108219,108225,51247
rp2040_1,65,225,5,2,diagnostic_holdout,1,1,56975,91500,0,0,0,91637,34662
rp2040_1,65,225,5,2,diagnostic_holdout,2,2,91642,126005,134080,0,0,134094,42452
rp2040_1,65,225,5,2,diagnostic_holdout,3,2,134098,168453,176515,0,0,176563,42465
rp2040_1,65,225,5,2,diagnostic_holdout,4,1,176564,210901,0,0,0,210941,34377
rp2040_1,65,225,5,2,diagnostic_holdout,5,1,210942,245252,0,0,0,245255,34313
rp2040_1,65,225,5,2,diagnostic_holdout,6,2,245256,279571,287632,0,0,287692,42436
rp2040_1,65,225,5,2,diagnostic_holdout,7,2,287692,322016,330077,0,0,330114,42422
rp2040_1,65,225,5,2,diagnostic_holdout,8,0,330115,364444,372505,380451,381137,381139,51024
rp2040_1,65,226,6,2,diagnostic_holdout,1,0,56982,91493,99577,107527,108214,108220,51238
rp2040_1,65,227,7,2,diagnostic_holdout,1,2,56975,91501,99584,0,0,99624,42649
rp2040_1,65,227,7,2,diagnostic_holdout,2,1,99628,134010,0,0,0,134035,34407
rp2040_1,65,227,7,2,diagnostic_holdout,3,0,134037,168364,176426,184374,185059,185063,51026
rp2040_1,65,228,8,2,diagnostic_holdout,1,1,56962,91490,0,0,0,91629,34667
rp2040_1,65,228,8,2,diagnostic_holdout,2,1,91634,125989,0,0,0,126085,34451
rp2040_1,65,228,8,2,diagnostic_holdout,3,1,126088,160414,0,0,0,160460,34372
rp2040_1,65,228,8,2,diagnostic_holdout,4,2,160461,194776,202847,0,0,202895,42434
rp2040_1,65,228,8,2,diagnostic_holdout,5,1,202896,237230,0,0,0,237240,34344
rp2040_1,65,228,8,2,diagnostic_holdout,6,0,237240,271554,279615,287561,288247,288250,51010
rp2040_1,65,229,9,2,diagnostic_holdout,1,2,56986,91513,99597,0,0,99727,42741
rp2040_1,65,229,9,2,diagnostic_holdout,2,2,99732,134130,142196,0,0,142281,42549
rp2040_1,65,229,9,2,diagnostic_holdout,3,1,142284,176637,0,0,0,176762,34478
rp2040_1,65,229,9,2,diagnostic_holdout,4,1,176762,211081,0,0,0,211112,34350
rp2040_1,65,229,9,2,diagnostic_holdout,5,2,211113,245428,253489,0,0,253620,42507
rp2040_1,65,229,9,2,diagnostic_holdout,6,2,253621,287950,296011,0,0,296070,42449
rp2040_1,65,229,9,2,diagnostic_holdout,7,2,296071,330394,338455,0,0,338509,42438
rp2040_1,65,229,9,2,diagnostic_holdout,8,1,338510,372847,0,0,0,372926,34416
rp2040_1,65,229,9,2,diagnostic_holdout,9,2,372927,407237,415298,0,0,415301,42374
rp2040_1,65,229,9,2,diagnostic_holdout,10,1,415302,449628,0,0,0,449753,34451
rp2040_1,65,229,9,2,diagnostic_holdout,11,2,449754,484066,492127,0,0,492185,42431
rp2040_1,65,229,9,2,diagnostic_holdout,12,0,492186,526518,534579,542525,543211,543215,51029
rp2040_1,65,230,0,3,diagnostic_calibration,1,1,56988,91499,0,0,0,91586,34598
rp2040_1,65,230,0,3,diagnostic_calibration,2,1,91591,125952,0,0,0,126055,34464
rp2040_1,65,230,0,3,diagnostic_calibration,3,1,126058,160387,0,0,0,160406,34348
rp2040_1,65,230,0,3,diagnostic_calibration,4,1,160407,194715,0,0,0,194821,34414
rp2040_1,65,230,0,3,diagnostic_calibration,5,1,194821,229138,0,0,0,229145,34324
rp2040_1,65,230,0,3,diagnostic_calibration,6,1,229146,263462,0,0,0,263525,34379
rp2040_1,65,230,0,3,diagnostic_calibration,7,2,263526,297837,305908,0,0,305920,42394
rp2040_1,65,230,0,3,diagnostic_calibration,8,0,305921,340250,348313,356260,356946,356949,51028
rp2040_1,65,231,1,3,diagnostic_calibration,1,1,56996,91524,0,0,0,91662,34666
rp2040_1,65,231,1,3,diagnostic_calibration,2,1,91668,126032,0,0,0,126116,34448
rp2040_1,65,231,1,3,diagnostic_calibration,3,1,126119,160436,0,0,0,160468,34349
rp2040_1,65,231,1,3,diagnostic_calibration,4,0,160469,194780,202851,210801,211488,211492,51023
rp2040_1,65,232,2,3,diagnostic_calibration,1,1,57009,91531,0,0,0,91645,34636
rp2040_1,65,232,2,3,diagnostic_calibration,2,2,91649,126016,134091,0,0,134142,42493
rp2040_1,65,232,2,3,diagnostic_calibration,3,0,134144,168487,176553,184500,185186,185189,51045
rp2040_1,65,233,3,3,diagnostic_calibration,1,0,56991,91505,99588,107538,108224,108231,51240
rp2040_1,65,234,4,3,diagnostic_calibration,1,0,56956,91475,99559,107510,108196,108202,51246
rp2040_1,65,235,5,3,diagnostic_holdout,1,1,56965,91500,0,0,0,91554,34589
rp2040_1,65,235,5,3,diagnostic_holdout,2,2,91559,125944,134018,0,0,134141,42582
rp2040_1,65,235,5,3,diagnostic_holdout,3,1,134144,168485,0,0,0,168518,34374
rp2040_1,65,235,5,3,diagnostic_holdout,4,2,168519,202833,210894,0,0,210970,42451
rp2040_1,65,235,5,3,diagnostic_holdout,5,1,210970,245302,0,0,0,245338,34368
rp2040_1,65,235,5,3,diagnostic_holdout,6,1,245338,279644,0,0,0,279770,34432
rp2040_1,65,235,5,3,diagnostic_holdout,7,0,279771,314076,322138,330084,330771,330774,51003
rp2040_1,65,236,6,3,diagnostic_holdout,1,1,56980,91494,0,0,0,91632,34652
rp2040_1,65,236,6,3,diagnostic_holdout,2,1,91637,126003,0,0,0,126076,34439
rp2040_1,65,236,6,3,diagnostic_holdout,3,1,126077,160404,0,0,0,160450,34373
rp2040_1,65,236,6,3,diagnostic_holdout,4,1,160450,194764,0,0,0,194805,34355
rp2040_1,65,236,6,3,diagnostic_holdout,5,2,194806,229110,237181,0,0,237209,42403
rp2040_1,65,236,6,3,diagnostic_holdout,6,1,237211,271552,0,0,0,271588,34377
rp2040_1,65,236,6,3,diagnostic_holdout,7,2,271589,305903,313966,0,0,314001,42412
rp2040_1,65,236,6,3,diagnostic_holdout,8,1,314002,348333,0,0,0,348377,34375
rp2040_1,65,236,6,3,diagnostic_holdout,9,1,348377,382688,0,0,0,382714,34337
rp2040_1,65,236,6,3,diagnostic_holdout,10,0,382715,417025,425085,433032,433717,433720,51005
rp2040_1,65,237,7,3,diagnostic_holdout,1,2,56990,91503,99586,0,0,99616,42626
rp2040_1,65,237,7,3,diagnostic_holdout,2,2,99620,134004,142071,0,0,142126,42506
rp2040_1,65,237,7,3,diagnostic_holdout,3,2,142127,176472,184534,0,0,184619,42492
rp2040_1,65,237,7,3,diagnostic_holdout,4,0,184620,218952,227014,234960,235647,235650,51030
rp2040_1,65,238,8,3,diagnostic_holdout,1,1,56955,91489,0,0,0,91526,34571
rp2040_1,65,238,8,3,diagnostic_holdout,2,1,91532,125890,0,0,0,125911,34379
rp2040_1,65,238,8,3,diagnostic_holdout,3,2,125913,160237,168310,0,0,168371,42458
rp2040_1,65,238,8,3,diagnostic_holdout,4,2,168372,202716,210779,0,0,210897,42525
rp2040_1,65,238,8,3,diagnostic_holdout,5,0,210898,245226,253288,261235,261922,261925,51027
rp2040_1,65,239,9,3,diagnostic_holdout,1,1,56998,91518,0,0,0,91647,34649
rp2040_1,65,239,9,3,diagnostic_holdout,2,1,91652,126016,0,0,0,126111,34459
rp2040_1,65,239,9,3,diagnostic_holdout,3,1,126113,160425,0,0,0,160472,34359
rp2040_1,65,239,9,3,diagnostic_holdout,4,0,160473,194782,202853,210803,211489,211491,51018
rp2040_1,65,240,0,4,diagnostic_calibration,1,1,56972,91490,0,0,0,91564,34592
rp2040_1,65,240,0,4,diagnostic_calibration,2,2,91569,125920,133993,0,0,134142,42573
rp2040_1,65,240,0,4,diagnostic_calibration,3,0,134145,168475,176537,184483,185169,185172,51027
rp2040_1,65,241,1,4,diagnostic_calibration,1,2,56973,91497,99581,0,0,99671,42698
rp2040_1,65,241,1,4,diagnostic_calibration,2,2,99677,134053,142115,0,0,142215,42538
rp2040_1,65,241,1,4,diagnostic_calibration,3,0,142216,176558,184619,192566,193252,193255,51039
rp2040_1,65,242,2,4,diagnostic_calibration,1,1,56987,91518,0,0,0,91625,34638
rp2040_1,65,242,2,4,diagnostic_calibration,2,2,91630,125994,134069,0,0,134139,42509
rp2040_1,65,242,2,4,diagnostic_calibration,3,1,134140,168475,0,0,0,168550,34410
rp2040_1,65,242,2,4,diagnostic_calibration,4,2,168551,202857,210920,0,0,211021,42470
rp2040_1,65,242,2,4,diagnostic_calibration,5,0,211022,245355,253416,261362,262048,262051,51029
rp2040_1,65,243,3,4,diagnostic_calibration,1,0,56987,91510,99595,107545,108232,108238,51251
rp2040_1,65,244,4,4,diagnostic_calibration,1,2,56958,91477,99561,0,0,99622,42664
rp2040_1,65,244,4,4,diagnostic_calibration,2,0,99626,134004,142069,150016,150703,150706,51080
rp2040_1,65,245,5,4,diagnostic_holdout,1,1,56966,91490,0,0,0,91617,34651
rp2040_1,65,245,5,4,diagnostic_holdout,2,1,91623,125981,0,0,0,125990,34367
rp2040_1,65,245,5,4,diagnostic_holdout,3,2,125993,160307,168377,0,0,168447,42454
rp2040_1,65,245,5,4,diagnostic_holdout,4,2,168449,202783,210845,0,0,210869,42420
rp2040_1,65,245,5,4,diagnostic_holdout,5,2,210869,245211,253272,0,0,253419,42550
rp2040_1,65,245,5,4,diagnostic_holdout,6,2,253419,287750,295811,0,0,295940,42521
rp2040_1,65,245,5,4,diagnostic_holdout,7,2,295940,330275,338336,0,0,338360,42420
rp2040_1,65,245,5,4,diagnostic_holdout,8,2,338361,372690,380751,0,0,380877,42516
rp2040_1,65,245,5,4,diagnostic_holdout,9,1,380878,415199,0,0,0,415260,34382
rp2040_1,65,245,5,4,diagnostic_holdout,10,2,415260,449565,457626,0,0,457632,42372
rp2040_1,65,245,5,4,diagnostic_holdout,11,0,457633,491957,500018,507965,508650,508653,51020
rp2040_1,65,246,6,4,diagnostic_holdout,1,1,56984,91498,0,0,0,91583,34599
rp2040_1,65,246,6,4,diagnostic_holdout,2,2,91588,125948,134022,0,0,134076,42488
rp2040_1,65,246,6,4,diagnostic_holdout,3,2,134078,168422,176483,0,0,176513,42435
rp2040_1,65,246,6,4,diagnostic_holdout,4,2,176514,210850,218910,0,0,218953,42439
rp2040_1,65,246,6,4,diagnostic_holdout,5,1,218954,253270,0,0,0,253276,34322
rp2040_1,65,246,6,4,diagnostic_holdout,6,0,253276,287584,295645,303591,304278,304281,51005
rp2040_1,65,247,7,4,diagnostic_holdout,1,2,57015,91541,99624,0,0,99703,42688
rp2040_1,65,247,7,4,diagnostic_holdout,2,0,99708,134094,142160,150107,150793,150797,51089
rp2040_1,65,248,8,4,diagnostic_holdout,1,2,56965,91490,99574,0,0,99598,42633
rp2040_1,65,248,8,4,diagnostic_holdout,2,0,99603,133985,142050,149997,150683,150688,51085
rp2040_1,65,249,9,4,diagnostic_holdout,1,1,56956,91487,0,0,0,91520,34564
rp2040_1,65,249,9,4,diagnostic_holdout,2,2,91525,125883,133956,0,0,134012,42487
rp2040_1,65,249,9,4,diagnostic_holdout,3,2,134015,168360,176425,0,0,176505,42490
rp2040_1,65,249,9,4,diagnostic_holdout,4,0,176506,210830,218892,226838,227523,227527,51021
rp2040_1,65,250,0,0,diagnostic_calibration,1,0,56976,91490,99573,107523,108209,108215,51239
rp2040_1,65,251,1,0,diagnostic_calibration,1,1,56961,91488,0,0,0,91592,34631
rp2040_1,65,251,1,0,diagnostic_calibration,2,2,91597,125965,134037,0,0,134170,42573
rp2040_1,65,251,1,0,diagnostic_calibration,3,2,134171,168510,176574,0,0,176674,42503
rp2040_1,65,251,1,0,diagnostic_calibration,4,2,176675,211012,219073,0,0,219102,42427
rp2040_1,65,251,1,0,diagnostic_calibration,5,2,219103,253430,261490,0,0,261588,42485
rp2040_1,65,251,1,0,diagnostic_calibration,6,2,261589,295920,303981,0,0,304023,42434
rp2040_1,65,251,1,0,diagnostic_calibration,7,2,304023,338349,346410,0,0,346427,42404
rp2040_1,65,251,1,0,diagnostic_calibration,8,2,346428,380754,388815,0,0,388853,42425
rp2040_1,65,251,1,0,diagnostic_calibration,9,1,388854,423188,0,0,0,423260,34406
rp2040_1,65,251,1,0,diagnostic_calibration,10,0,423260,457577,465638,473584,474271,474274,51014
rp2040_1,65,252,2,0,diagnostic_calibration,1,1,56988,91502,0,0,0,91537,34549
rp2040_1,65,252,2,0,diagnostic_calibration,2,1,91541,125888,0,0,0,125970,34429
rp2040_1,65,252,2,0,diagnostic_calibration,3,2,125971,160298,168368,0,0,168447,42476
rp2040_1,65,252,2,0,diagnostic_calibration,4,1,168448,202790,0,0,0,202816,34368
rp2040_1,65,252,2,0,diagnostic_calibration,5,2,202816,237132,245195,0,0,245325,42509
rp2040_1,65,252,2,0,diagnostic_calibration,6,2,245326,279651,287712,0,0,287819,42493
rp2040_1,65,252,2,0,diagnostic_calibration,7,2,287820,322150,330211,0,0,330312,42492
rp2040_1,65,252,2,0,diagnostic_calibration,8,1,330313,364646,0,0,0,364672,34359
rp2040_1,65,252,2,0,diagnostic_calibration,9,2,364673,398988,407049,0,0,407171,42498
rp2040_1,65,252,2,0,diagnostic_calibration,10,2,407172,441497,449558,0,0,449619,42447
rp2040_1,65,252,2,0,diagnostic_calibration,11,0,449620,483944,492005,499952,500637,500640,51020
rp2040_1,65,253,3,0,diagnostic_calibration,1,0,56962,91486,99569,107520,108206,108213,51251
rp2040_1,65,254,4,0,diagnostic_calibration,1,0,56982,91514,99598,107549,108234,108240,51258
rp2040_1,65,255,5,0,diagnostic_holdout,1,2,56965,91495,99578,0,0,99593,42628
rp2040_1,65,255,5,0,diagnostic_holdout,2,1,99599,133991,0,0,0,134039,34440
rp2040_1,65,255,5,0,diagnostic_holdout,3,1,134042,168358,0,0,0,168457,34415
rp2040_1,65,255,5,0,diagnostic_holdout,4,2,168458,202773,210836,0,0,210913,42455
rp2040_1,65,255,5,0,diagnostic_holdout,5,2,210915,245245,253307,0,0,253356,42441
rp2040_1,65,255,5,0,diagnostic_holdout,6,1,253357,287688,0,0,0,287742,34385
rp2040_1,65,255,5,0,diagnostic_holdout,7,0,287743,322052,330113,338059,338745,338748,51005
rp2040_1,65,256,6,0,diagnostic_holdout,1,2,56993,91516,99599,0,0,99638,42645
rp2040_1,65,256,6,0,diagnostic_holdout,2,1,99644,134034,0,0,0,134110,34466
rp2040_1,65,256,6,0,diagnostic_holdout,3,2,134114,168434,176497,0,0,176544,42430
rp2040_1,65,256,6,0,diagnostic_holdout,4,1,176545,210875,0,0,0,210886,34341
rp2040_1,65,256,6,0,diagnostic_holdout,5,2,210887,245205,253268,0,0,253291,42404
rp2040_1,65,256,6,0,diagnostic_holdout,6,0,253292,287621,295682,303628,304315,304319,51027
rp2040_1,65,257,7,0,diagnostic_holdout,1,2,56981,91497,99580,0,0,99682,42701
rp2040_1,65,257,7,0,diagnostic_holdout,2,2,99688,134074,142137,0,0,142201,42513
rp2040_1,65,257,7,0,diagnostic_holdout,3,0,142203,176535,184595,192542,193228,193232,51029
rp2040_1,65,258,8,0,diagnostic_holdout,1,2,56966,91496,99580,0,0,99662,42696
rp2040_1,65,258,8,0,diagnostic_holdout,2,1,99667,134056,0,0,0,134170,34503
rp2040_1,65,258,8,0,diagnostic_holdout,3,2,134171,168491,176556,0,0,176587,42416
rp2040_1,65,258,8,0,diagnostic_holdout,4,1,176588,210926,0,0,0,211022,34434
rp2040_1,65,258,8,0,diagnostic_holdout,5,0,211023,245329,253392,261339,262025,262028,51005
rp2040_1,65,259,9,0,diagnostic_holdout,1,2,56992,91512,99595,0,0,99613,42621
rp2040_1,65,259,9,0,diagnostic_holdout,2,1,99618,134007,0,0,0,134085,34467
rp2040_1,65,259,9,0,diagnostic_holdout,3,1,134087,168406,0,0,0,168443,34356
rp2040_1,65,259,9,0,diagnostic_holdout,4,1,168444,202753,0,0,0,202855,34411
rp2040_1,65,259,9,0,diagnostic_holdout,5,1,202856,237166,0,0,0,237176,34320
rp2040_1,65,259,9,0,diagnostic_holdout,6,1,237177,271488,0,0,0,271552,34375
rp2040_1,65,259,9,0,diagnostic_holdout,7,0,271552,305869,313933,321881,322567,322570,51018
rp2040_1,65,260,0,1,diagnostic_calibration,1,2,56967,91480,99563,0,0,99714,42747
rp2040_1,65,260,0,1,diagnostic_calibration,2,0,99718,134110,142176,150123,150809,150813,51095
rp2040_1,65,261,1,1,diagnostic_calibration,1,2,56975,91495,99578,0,0,99605,42630
rp2040_1,65,261,1,1,diagnostic_calibration,2,0,99609,134010,142075,150022,150708,150714,51105
rp2040_1,65,262,2,1,diagnostic_calibration,1,1,56983,91506,0,0,0,91582,34599
rp2040_1,65,262,2,1,diagnostic_calibration,2,1,91587,125946,0,0,0,125974,34387
rp2040_1,65,262,2,1,diagnostic_calibration,3,2,125976,160301,168373,0,0,168443,42467
rp2040_1,65,262,2,1,diagnostic_calibration,4,2,168445,202790,210852,0,0,210974,42529
rp2040_1,65,262,2,1,diagnostic_calibration,5,2,210975,245320,253381,0,0,253389,42414
rp2040_1,65,262,2,1,diagnostic_calibration,6,2,253390,287714,295775,0,0,295831,42441
rp2040_1,65,262,2,1,diagnostic_calibration,7,1,295832,330156,0,0,0,330245,34413
rp2040_1,65,262,2,1,diagnostic_calibration,8,0,330245,364557,372618,380564,381249,381252,51007
rp2040_1,65,263,3,1,diagnostic_calibration,1,2,56994,91511,99594,0,0,99612,42618
rp2040_1,65,263,3,1,diagnostic_calibration,2,1,99617,133990,0,0,0,134054,34437
rp2040_1,65,263,3,1,diagnostic_calibration,3,2,134055,168372,176434,0,0,176480,42425
rp2040_1,65,263,3,1,diagnostic_calibration,4,2,176480,210818,218879,0,0,218925,42445
rp2040_1,65,263,3,1,diagnostic_calibration,5,2,218926,253259,261320,0,0,261454,42528
rp2040_1,65,263,3,1,diagnostic_calibration,6,2,261455,295785,303846,0,0,303910,42455
rp2040_1,65,263,3,1,diagnostic_calibration,7,1,303911,338242,0,0,0,338285,34374
rp2040_1,65,263,3,1,diagnostic_calibration,8,1,338285,372597,0,0,0,372679,34394
rp2040_1,65,263,3,1,diagnostic_calibration,9,2,372680,406989,415050,0,0,415202,42522
rp2040_1,65,263,3,1,diagnostic_calibration,10,2,415203,449550,457611,0,0,457629,42426
rp2040_1,65,263,3,1,diagnostic_calibration,11,1,457630,491965,0,0,0,492050,34420
rp2040_1,65,263,3,1,diagnostic_calibration,12,0,492051,526362,534423,542369,543055,543058,51007
rp2040_1,65,264,4,1,diagnostic_calibration,1,2,56988,91520,99603,0,0,99744,42756
rp2040_1,65,264,4,1,diagnostic_calibration,2,1,99749,134141,0,0,0,134255,34506
rp2040_1,65,264,4,1,diagnostic_calibration,3,1,134257,168582,0,0,0,168649,34392
rp2040_1,65,264,4,1,diagnostic_calibration,4,1,168650,202969,0,0,0,202995,34345
rp2040_1,65,264,4,1,diagnostic_calibration,5,2,202996,237305,245368,0,0,245501,42505
rp2040_1,65,264,4,1,diagnostic_calibration,6,1,245501,279831,0,0,0,279942,34441
rp2040_1,65,264,4,1,diagnostic_calibration,7,2,279943,314249,322310,0,0,322382,42439
rp2040_1,65,264,4,1,diagnostic_calibration,8,2,322382,356713,364774,0,0,364781,42399
rp2040_1,65,264,4,1,diagnostic_calibration,9,0,364782,399107,407168,415114,415801,415804,51022
rp2040_1,65,265,5,1,diagnostic_holdout,1,2,56998,91522,99605,0,0,99624,42626
rp2040_1,65,265,5,1,diagnostic_holdout,2,2,99629,134001,142066,0,0,142076,42447
rp2040_1,65,265,5,1,diagnostic_holdout,3,2,142078,176415,184477,0,0,184614,42536
rp2040_1,65,265,5,1,diagnostic_holdout,4,1,184615,218940,0,0,0,218961,34346
rp2040_1,65,265,5,1,diagnostic_holdout,5,1,218962,253278,0,0,0,253352,34390
rp2040_1,65,265,5,1,diagnostic_holdout,6,2,253353,287667,295728,0,0,295877,42524
rp2040_1,65,265,5,1,diagnostic_holdout,7,2,295878,330214,338275,0,0,338339,42461
rp2040_1,65,265,5,1,diagnostic_holdout,8,0,338340,372676,380737,388683,389369,389371,51031
rp2040_1,65,266,6,1,diagnostic_holdout,1,0,57004,91536,99619,107569,108255,108261,51257
rp2040_1,65,267,7,1,diagnostic_holdout,1,2,57001,91524,99606,0,0,99683,42682
rp2040_1,65,267,7,1,diagnostic_holdout,2,2,99688,134074,142138,0,0,142281,42593
rp2040_1,65,267,7,1,diagnostic_holdout,3,1,142282,176621,0,0,0,176662,34380
rp2040_1,65,267,7,1,diagnostic_holdout,4,1,176663,210976,0,0,0,211011,34348
rp2040_1,65,267,7,1,diagnostic_holdout,5,0,211011,245323,253384,261330,262016,262019,51008
rp2040_1,65,268,8,1,diagnostic_holdout,1,0,56990,91514,99597,107548,108234,108240,51250
rp2040_1,65,269,9,1,diagnostic_holdout,1,2,57002,91535,99619,0,0,99672,42670
rp2040_1,65,269,9,1,diagnostic_holdout,2,1,99678,134072,0,0,0,134131,34453
rp2040_1,65,269,9,1,diagnostic_holdout,3,2,134134,168460,176524,0,0,176621,42487
rp2040_1,65,269,9,1,diagnostic_holdout,4,2,176621,210944,219005,0,0,219033,42412
rp2040_1,65,269,9,1,diagnostic_holdout,5,2,219033,253372,261433,0,0,261471,42438
rp2040_1,65,269,9,1,diagnostic_holdout,6,2,261472,295791,303852,0,0,303956,42484
rp2040_1,65,269,9,1,diagnostic_holdout,7,2,303957,338288,346348,0,0,346468,42511
rp2040_1,65,269,9,1,diagnostic_holdout,8,2,346468,380787,388848,0,0,388859,42391
rp2040_1,65,269,9,1,diagnostic_holdout,9,0,388859,423191,431251,439198,439884,439887,51028
rp2040_1,65,270,0,2,diagnostic_calibration,1,2,56971,91501,99585,0,0,99625,42654
rp2040_1,65,270,0,2,diagnostic_calibration,2,1,99631,134021,0,0,0,134034,34403
rp2040_1,65,270,0,2,diagnostic_calibration,3,0,134035,168362,176424,184371,185058,185061,51026
rp2040_1,65,271,1,2,diagnostic_calibration,1,2,57003,91527,99610,0,0,99759,42756
rp2040_1,65,271,1,2,diagnostic_calibration,2,2,99764,134143,142210,0,0,142220,42456
rp2040_1,65,271,1,2,diagnostic_calibration,3,2,142221,176561,184625,0,0,184633,42412
rp2040_1,65,271,1,2,diagnostic_calibration,4,2,184634,218962,227025,0,0,227062,42428
rp2040_1,65,271,1,2,diagnostic_calibration,5,1,227062,261398,0,0,0,261423,34361
rp2040_1,65,271,1,2,diagnostic_calibration,6,1,261423,295732,0,0,0,295809,34386
rp2040_1,65,271,1,2,diagnostic_calibration,7,2,295810,330120,338181,0,0,338288,42478
rp2040_1,65,271,1,2,diagnostic_calibration,8,2,338289,372617,380678,0,0,380690,42401
rp2040_1,65,271,1,2,diagnostic_calibration,9,0,380690,415016,423077,431023,431710,431713,51023
rp2040_1,65,272,2,2,diagnostic_calibration,1,1,57017,91523,0,0,0,91572,34555
rp2040_1,65,272,2,2,diagnostic_calibration,2,1,91578,125930,0,0,0,126004,34426
rp2040_1,65,272,2,2,diagnostic_calibration,3,2,126007,160322,168394,0,0,168424,42417
rp2040_1,65,272,2,2,diagnostic_calibration,4,0,168426,202766,210830,218779,219466,219469,51043
rp2040_1,65,273,3,2,diagnostic_calibration,1,2,56985,91511,99595,0,0,99719,42734
rp2040_1,65,273,3,2,diagnostic_calibration,2,0,99723,134109,142175,150122,150809,150814,51091
rp2040_1,65,274,4,2,diagnostic_calibration,1,1,56974,91498,0,0,0,91567,34593
rp2040_1,65,274,4,2,diagnostic_calibration,2,1,91572,125943,0,0,0,126002,34430
rp2040_1,65,274,4,2,diagnostic_calibration,3,2,126005,160321,168392,0,0,168524,42519
rp2040_1,65,274,4,2,diagnostic_calibration,4,1,168525,202863,0,0,0,202985,34460
rp2040_1,65,274,4,2,diagnostic_calibration,5,2,202986,237296,245358,0,0,245450,42464
rp2040_1,65,274,4,2,diagnostic_calibration,6,2,245451,279784,287845,0,0,287883,42432
rp2040_1,65,274,4,2,diagnostic_calibration,7,1,287884,322220,0,0,0,322328,34444
rp2040_1,65,274,4,2,diagnostic_calibration,8,1,322329,356642,0,0,0,356686,34357
rp2040_1,65,274,4,2,diagnostic_calibration,9,1,356686,390997,0,0,0,391018,34332
rp2040_1,65,274,4,2,diagnostic_calibration,10,2,391018,425331,433392,0,0,433521,42503
rp2040_1,65,274,4,2,diagnostic_calibration,11,1,433522,467850,0,0,0,467918,34396
rp2040_1,65,274,4,2,diagnostic_calibration,12,2,467919,502232,510293,0,0,510435,42516
rp2040_1,65,274,4,2,diagnostic_calibration,13,2,510435,544762,552823,0,0,552955,42520
rp2040_1,65,274,4,2,diagnostic_calibration,14,2,552956,587282,595343,0,0,595413,42457
rp2040_1,65,274,4,2,diagnostic_calibration,15,1,595413,629740,0,0,0,629753,34340
rp2040_1,65,274,4,2,diagnostic_calibration,16,1,629753,664069,0,0,0,664169,34416
rp2040_1,65,274,4,2,diagnostic_calibration,17,1,664169,698481,0,0,0,698507,34338
rp2040_1,65,274,4,2,diagnostic_calibration,18,1,698507,732814,0,0,0,732868,34361
rp2040_1,65,274,4,2,diagnostic_calibration,19,1,732869,767175,0,0,0,767180,34311
rp2040_1,65,274,4,2,diagnostic_calibration,20,2,767180,801499,809560,0,0,809644,42464
rp2040_1,65,274,4,2,diagnostic_calibration,21,2,809644,843966,852027,0,0,852055,42411
rp2040_1,65,274,4,2,diagnostic_calibration,22,2,852056,886387,894448,0,0,894452,42396
rp2040_1,65,274,4,2,diagnostic_calibration,23,1,894453,928784,0,0,0,928897,34444
rp2040_1,65,274,4,2,diagnostic_calibration,24,2,928898,963211,971272,0,0,971388,42490
rp2040_1,65,274,4,2,diagnostic_calibration,25,2,971389,1005723,1013784,0,0,1013795,42406
rp2040_1,65,274,4,2,diagnostic_calibration,26,2,1013796,1048116,1056177,0,0,1056219,42423
rp2040_1,65,274,4,2,diagnostic_calibration,27,2,1056220,1090544,1098605,0,0,1098692,42472
rp2040_1,65,274,4,2,diagnostic_calibration,28,0,1098693,1133021,1141081,1149028,1149714,1149717,51024
rp2040_1,65,275,5,2,diagnostic_holdout,1,2,56990,91521,99605,0,0,99634,42644
rp2040_1,65,275,5,2,diagnostic_holdout,2,0,99639,134039,142103,150050,150736,150739,51100
rp2040_1,65,276,6,2,diagnostic_holdout,1,1,56990,91516,0,0,0,91544,34554
rp2040_1,65,276,6,2,diagnostic_holdout,2,2,91549,125909,133982,0,0,134102,42553
rp2040_1,65,276,6,2,diagnostic_holdout,3,1,134103,168443,0,0,0,168554,34451
rp2040_1,65,276,6,2,diagnostic_holdout,4,1,168554,202866,0,0,0,202895,34341
rp2040_1,65,276,6,2,diagnostic_holdout,5,2,202896,237205,245268,0,0,245330,42434
rp2040_1,65,276,6,2,diagnostic_holdout,6,1,245330,279651,0,0,0,279690,34360
rp2040_1,65,276,6,2,diagnostic_holdout,7,1,279690,313995,0,0,0,314074,34384
rp2040_1,65,276,6,2,diagnostic_holdout,8,0,314074,348396,356457,364404,365089,365093,51019
rp2040_1,65,277,7,2,diagnostic_holdout,1,2,56996,91518,99602,0,0,99687,42691
rp2040_1,65,277,7,2,diagnostic_holdout,2,0,99692,134067,142132,150080,150766,150769,51077
rp2040_1,65,278,8,2,diagnostic_holdout,1,2,56988,91511,99594,0,0,99716,42728
rp2040_1,65,278,8,2,diagnostic_holdout,2,2,99720,134091,142157,0,0,142191,42471
rp2040_1,65,278,8,2,diagnostic_holdout,3,2,142193,176530,184594,0,0,184620,42427
rp2040_1,65,278,8,2,diagnostic_holdout,4,2,184620,218965,227026,0,0,227071,42451
rp2040_1,65,278,8,2,diagnostic_holdout,5,0,227072,261412,269473,277419,278105,278108,51036
rp2040_1,65,279,9,2,diagnostic_holdout,1,2,56993,91509,99593,0,0,99733,42740
rp2040_1,65,279,9,2,diagnostic_holdout,2,2,99738,134107,142173,0,0,142204,42466
rp2040_1,65,279,9,2,diagnostic_holdout,3,1,142205,176545,0,0,0,176580,34375
rp2040_1,65,279,9,2,diagnostic_holdout,4,1,176580,210892,0,0,0,210990,34410
rp2040_1,65,279,9,2,diagnostic_holdout,5,2,210990,245297,253359,0,0,253389,42399
rp2040_1,65,279,9,2,diagnostic_holdout,6,0,253389,287720,295781,303727,304414,304417,51028
rp2040_1,65,280,0,3,diagnostic_calibration,1,2,56977,91501,99586,0,0,99716,42739
rp2040_1,65,280,0,3,diagnostic_calibration,2,0,99722,134095,142160,150107,150793,150797,51075
rp2040_1,65,281,1,3,diagnostic_calibration,1,0,56964,91487,99570,107521,108207,108213,51249
rp2040_1,65,282,2,3,diagnostic_calibration,1,1,56984,91518,0,0,0,91572,34588
rp2040_1,65,282,2,3,diagnostic_calibration,2,2,91577,125939,134012,0,0,134050,42473
rp2040_1,65,282,2,3,diagnostic_calibration,3,0,134052,168400,176461,184408,185093,185096,51044
rp2040_1,65,283,3,3,diagnostic_calibration,1,2,56996,91521,99604,0,0,99624,42628
rp2040_1,65,283,3,3,diagnostic_calibration,2,0,99630,134017,142084,150031,150718,150721,51091
rp2040_1,65,284,4,3,diagnostic_calibration,1,0,56989,91512,99596,107547,108233,108239,51250
rp2040_1,65,285,5,3,diagnostic_holdout,1,1,56971,91499,0,0,0,91612,34641
rp2040_1,65,285,5,3,diagnostic_holdout,2,1,91617,125976,0,0,0,126082,34465
rp2040_1,65,285,5,3,diagnostic_holdout,3,2,126084,160399,168470,0,0,168538,42454
rp2040_1,65,285,5,3,diagnostic_holdout,4,1,168540,202877,0,0,0,202924,34384
rp2040_1,65,285,5,3,diagnostic_holdout,5,1,202925,237232,0,0,0,237299,34374
rp2040_1,65,285,5,3,diagnostic_holdout,6,0,237300,271613,279675,287622,288307,288311,51011
rp2040_1,65,286,6,3,diagnostic_holdout,1,2,56991,91511,99594,0,0,99627,42636
rp2040_1,65,286,6,3,diagnostic_holdout,2,0,99632,134019,142086,150033,150719,150722,51090
rp2040_1,65,287,7,3,diagnostic_holdout,1,1,56996,91522,0,0,0,91605,34609
rp2040_1,65,287,7,3,diagnostic_holdout,2,1,91610,125975,0,0,0,126063,34453
rp2040_1,65,287,7,3,diagnostic_holdout,3,1,126065,160393,0,0,0,160403,34338
rp2040_1,65,287,7,3,diagnostic_holdout,4,2,160403,194712,202783,0,0,202812,42409
rp2040_1,65,287,7,3,diagnostic_holdout,5,1,202813,237174,0,0,0,237234,34421
rp2040_1,65,287,7,3,diagnostic_holdout,6,0,237235,271553,279618,287565,288251,288254,51019
rp2040_1,65,288,8,3,diagnostic_holdout,1,2,56978,91501,99584,0,0,99720,42742
rp2040_1,65,288,8,3,diagnostic_holdout,2,2,99727,134101,142167,0,0,142179,42452
rp2040_1,65,288,8,3,diagnostic_holdout,3,1,142181,176526,0,0,0,176604,34423
rp2040_1,65,288,8,3,diagnostic_holdout,4,2,176605,210917,218979,0,0,218994,42389
rp2040_1,65,288,8,3,diagnostic_holdout,5,2,218994,253332,261392,0,0,261465,42471
rp2040_1,65,288,8,3,diagnostic_holdout,6,2,261466,295784,303845,0,0,303894,42428
rp2040_1,65,288,8,3,diagnostic_holdout,7,1,303895,338222,0,0,0,338288,34393
rp2040_1,65,288,8,3,diagnostic_holdout,8,1,338289,372595,0,0,0,372639,34350
rp2040_1,65,288,8,3,diagnostic_holdout,9,0,372640,406952,415013,422960,423646,423649,51009
rp2040_1,65,289,9,3,diagnostic_holdout,1,1,56996,91525,0,0,0,91656,34660
rp2040_1,65,289,9,3,diagnostic_holdout,2,2,91660,126012,134084,0,0,134120,42460
rp2040_1,65,289,9,3,diagnostic_holdout,3,1,134123,168463,0,0,0,168482,34359
rp2040_1,65,289,9,3,diagnostic_holdout,4,1,168482,202794,0,0,0,202812,34330
rp2040_1,65,289,9,3,diagnostic_holdout,5,1,202812,237129,0,0,0,237151,34339
rp2040_1,65,289,9,3,diagnostic_holdout,6,2,237152,271458,279520,0,0,279554,42402
rp2040_1,65,289,9,3,diagnostic_holdout,7,0,279555,313890,321950,329897,330583,330586,51031
rp2040_1,65,290,0,4,diagnostic_calibration,1,1,56986,91509,0,0,0,91617,34631
rp2040_1,65,290,0,4,diagnostic_calibration,2,2,91622,125983,134055,0,0,134131,42509
rp2040_1,65,290,0,4,diagnostic_calibration,3,1,134134,168475,0,0,0,168485,34351
rp2040_1,65,290,0,4,diagnostic_calibration,4,2,168485,202802,210865,0,0,211019,42534
rp2040_1,65,290,0,4,diagnostic_calibration,5,1,211020,245361,0,0,0,245487,34467
rp2040_1,65,290,0,4,diagnostic_calibration,6,1,245487,279798,0,0,0,279824,34337
rp2040_1,65,290,0,4,diagnostic_calibration,7,1,279824,314138,0,0,0,314178,34354
rp2040_1,65,290,0,4,diagnostic_calibration,8,0,314178,348492,356552,364499,365186,365189,51011
rp2040_1,65,291,1,4,diagnostic_calibration,1,1,57004,91515,0,0,0,91562,34558
rp2040_1,65,291,1,4,diagnostic_calibration,2,2,91567,125936,134009,0,0,134168,42601
rp2040_1,65,291,1,4,diagnostic_calibration,3,2,134171,168519,176584,0,0,176606,42435
rp2040_1,65,291,1,4,diagnostic_calibration,4,1,176607,210945,0,0,0,210951,34344
rp2040_1,65,291,1,4,diagnostic_calibration,5,0,210952,245269,253330,261276,261962,261965,51013
rp2040_1,65,292,2,4,diagnostic_calibration,1,2,56998,91530,99615,0,0,99680,42682
rp2040_1,65,292,2,4,diagnostic_calibration,2,1,99684,134066,0,0,0,134137,34453
rp2040_1,65,292,2,4,diagnostic_calibration,3,2,134138,168465,176528,0,0,176536,42398
rp2040_1,65,292,2,4,diagnostic_calibration,4,1,176537,210879,0,0,0,210907,34370
rp2040_1,65,292,2,4,diagnostic_calibration,5,1,210908,245220,0,0,0,245331,34423
rp2040_1,65,292,2,4,diagnostic_calibration,6,1,245332,279646,0,0,0,279692,34360
rp2040_1,65,292,2,4,diagnostic_calibration,7,2,279693,314007,322068,0,0,322093,42400
rp2040_1,65,292,2,4,diagnostic_calibration,8,1,322093,356432,0,0,0,356466,34373
rp2040_1,65,292,2,4,diagnostic_calibration,9,0,356467,390786,398847,406793,407478,407481,51014
rp2040_1,65,293,3,4,diagnostic_calibration,1,1,56985,91515,0,0,0,91643,34658
rp2040_1,65,293,3,4,diagnostic_calibration,2,0,91648,126011,134086,142036,142722,142726,51078
rp2040_1,65,294,4,4,diagnostic_calibration,1,1,56993,91519,0,0,0,91590,34597
rp2040_1,65,294,4,4,diagnostic_calibration,2,2,91595,125961,134034,0,0,134060,42465
rp2040_1,65,294,4,4,diagnostic_calibration,3,1,134063,168421,0,0,0,168505,34442
rp2040_1,65,294,4,4,diagnostic_calibration,4,1,168505,202815,0,0,0,202830,34325
rp2040_1,65,294,4,4,diagnostic_calibration,5,1,202830,237135,0,0,0,237157,34327
rp2040_1,65,294,4,4,diagnostic_calibration,6,1,237158,271463,0,0,0,271477,34319
rp2040_1,65,294,4,4,diagnostic_calibration,7,1,271478,305791,0,0,0,305899,34421
rp2040_1,65,294,4,4,diagnostic_calibration,8,1,305899,340216,0,0,0,340260,34361
rp2040_1,65,294,4,4,diagnostic_calibration,9,0,340261,374571,382634,390581,391267,391270,51009
rp2040_1,65,295,5,4,diagnostic_holdout,1,1,56990,91512,0,0,0,91576,34586
rp2040_1,65,295,5,4,diagnostic_holdout,2,2,91582,125939,134014,0,0,134052,42470
rp2040_1,65,295,5,4,diagnostic_holdout,3,1,134056,168413,0,0,0,168512,34456
rp2040_1,65,295,5,4,diagnostic_holdout,4,1,168515,202826,0,0,0,202890,34375
rp2040_1,65,295,5,4,diagnostic_holdout,5,1,202892,237202,0,0,0,237234,34342
rp2040_1,65,295,5,4,diagnostic_holdout,6,1,237235,271537,0,0,0,271618,34383
rp2040_1,65,295,5,4,diagnostic_holdout,7,2,271618,305924,313987,0,0,314107,42489
rp2040_1,65,295,5,4,diagnostic_holdout,8,1,314108,348427,0,0,0,348492,34384
rp2040_1,65,295,5,4,diagnostic_holdout,9,1,348493,382811,0,0,0,382875,34382
rp2040_1,65,295,5,4,diagnostic_holdout,10,0,382875,417180,425241,433188,433875,433878,51003
rp2040_1,65,296,6,4,diagnostic_holdout,1,0,56998,91523,99607,107558,108243,108249,51251
rp2040_1,65,297,7,4,diagnostic_holdout,1,1,56989,91514,0,0,0,91554,34565
rp2040_1,65,297,7,4,diagnostic_holdout,2,0,91560,125907,133981,141931,142618,142622,51062
rp2040_1,65,298,8,4,diagnostic_holdout,1,1,56960,91484,0,0,0,91579,34619
rp2040_1,65,298,8,4,diagnostic_holdout,2,1,91586,125946,0,0,0,125970,34384
rp2040_1,65,298,8,4,diagnostic_holdout,3,2,125972,160288,168359,0,0,168459,42487
rp2040_1,65,298,8,4,diagnostic_holdout,4,1,168460,202790,0,0,0,202869,34409
rp2040_1,65,298,8,4,diagnostic_holdout,5,2,202870,237179,245241,0,0,245274,42404
rp2040_1,65,298,8,4,diagnostic_holdout,6,0,245275,279604,287665,295611,296297,296300,51025
rp2040_1,65,299,9,4,diagnostic_holdout,1,2,56976,91500,99585,0,0,99632,42656
rp2040_1,65,299,9,4,diagnostic_holdout,2,2,99638,134022,142086,0,0,142156,42518
rp2040_1,65,299,9,4,diagnostic_holdout,3,0,142157,176512,184573,192519,193205,193208,51051
rp2040_1,65,300,0,0,diagnostic_calibration,1,1,56965,91490,0,0,0,91627,34662
rp2040_1,65,300,0,0,diagnostic_calibration,2,2,91632,125999,134073,0,0,134126,42494
rp2040_1,65,300,0,0,diagnostic_calibration,3,1,134129,168476,0,0,0,168506,34377
rp2040_1,65,300,0,0,diagnostic_calibration,4,2,168507,202817,210878,0,0,210965,42458
rp2040_1,65,300,0,0,diagnostic_calibration,5,0,210966,245295,253356,261302,261988,261991,51025
rp2040_1,65,301,1,0,diagnostic_calibration,1,1,56975,91504,0,0,0,91610,34635
rp2040_1,65,301,1,0,diagnostic_calibration,2,0,91615,125970,134045,141996,142681,142685,51070
rp2040_1,65,302,2,0,diagnostic_calibration,1,1,56975,91492,0,0,0,91553,34578
rp2040_1,65,302,2,0,diagnostic_calibration,2,2,91559,125912,133986,0,0,134101,42542
rp2040_1,65,302,2,0,diagnostic_calibration,3,2,134103,168438,176503,0,0,176523,42420
rp2040_1,65,302,2,0,diagnostic_calibration,4,1,176524,210861,0,0,0,210904,34380
rp2040_1,65,302,2,0,diagnostic_calibration,5,0,210905,245216,253278,261225,261911,261914,51009
rp2040_1,65,303,3,0,diagnostic_calibration,1,2,57000,91529,99613,0,0,99768,42768
rp2040_1,65,303,3,0,diagnostic_calibration,2,2,99773,134151,142216,0,0,142222,42449
rp2040_1,65,303,3,0,diagnostic_calibration,3,2,142223,176554,184615,0,0,184650,42427
rp2040_1,65,303,3,0,diagnostic_calibration,4,0,184651,218975,227036,234982,235669,235672,51021
rp2040_1,65,304,4,0,diagnostic_calibration,1,0,56962,91492,99576,107526,108212,108218,51256
rp2040_1,65,305,5,0,diagnostic_holdout,1,2,56994,91507,99591,0,0,99610,42616
rp2040_1,65,305,5,0,diagnostic_holdout,2,1,99616,134019,0,0,0,134097,34481
rp2040_1,65,305,5,0,diagnostic_holdout,3,2,134099,168416,176480,0,0,176508,42409
rp2040_1,65,305,5,0,diagnostic_holdout,4,1,176509,210848,0,0,0,210927,34418
rp2040_1,65,305,5,0,diagnostic_holdout,5,1,210927,245231,0,0,0,245308,34381
rp2040_1,65,305,5,0,diagnostic_holdout,6,0,245309,279625,287687,295634,296322,296325,51016
rp2040_1,65,306,6,0,diagnostic_holdout,1,2,56987,91505,99589,0,0,99654,42667
rp2040_1,65,306,6,0,diagnostic_holdout,2,0,99658,134039,142106,150052,150738,150742,51084
rp2040_1,65,307,7,0,diagnostic_holdout,1,2,57003,91537,99621,0,0,99681,42678
rp2040_1,65,307,7,0,diagnostic_holdout,2,2,99686,134067,142133,0,0,142155,42469
rp2040_1,65,307,7,0,diagnostic_holdout,3,1,142157,176490,0,0,0,176536,34379
rp2040_1,65,307,7,0,diagnostic_holdout,4,1,176539,210856,0,0,0,210896,34357
rp2040_1,65,307,7,0,diagnostic_holdout,5,2,210898,245226,253287,0,0,253332,42434
rp2040_1,65,307,7,0,diagnostic_holdout,6,0,253333,287666,295727,303673,304359,304363,51030
rp2040_1,65,308,8,0,diagnostic_holdout,1,1,56964,91483,0,0,0,91537,34573
rp2040_1,65,308,8,0,diagnostic_holdout,2,2,91542,125902,133976,0,0,134066,42524
rp2040_1,65,308,8,0,diagnostic_holdout,3,2,134069,168407,176470,0,0,176621,42552
rp2040_1,65,308,8,0,diagnostic_holdout,4,2,176622,210950,219011,0,0,219100,42478
rp2040_1,65,308,8,0,diagnostic_holdout,5,0,219101,253444,261505,269451,270137,270140,51039
rp2040_1,65,309,9,0,diagnostic_holdout,1,1,56989,91508,0,0,0,91587,34598
rp2040_1,65,309,9,0,diagnostic_holdout,2,1,91592,125947,0,0,0,126062,34470
rp2040_1,65,309,9,0,diagnostic_holdout,3,0,126064,160389,168460,176411,177098,177101,51037
rp2040_1,65,310,0,1,diagnostic_calibration,1,2,56994,91517,99600,0,0,99664,42670
rp2040_1,65,310,0,1,diagnostic_calibration,2,0,99669,134051,142115,150062,150748,150751,51082
rp2040_1,65,311,1,1,diagnostic_calibration,1,0,57002,91528,99612,107562,108248,108254,51252
rp2040_1,65,312,2,1,diagnostic_calibration,1,1,56998,91512,0,0,0,91532,34534
rp2040_1,65,312,2,1,diagnostic_calibration,2,2,91537,125897,133972,0,0,134023,42486
rp2040_1,65,312,2,1,diagnostic_calibration,3,0,134025,168376,176439,184386,185072,185076,51051
rp2040_1,65,313,3,1,diagnostic_calibration,1,2,56981,91493,99576,0,0,99603,42622
rp2040_1,65,313,3,1,diagnostic_calibration,2,2,99608,133991,142056,0,0,142084,42476
rp2040_1,65,313,3,1,diagnostic_calibration,3,1,142085,176432,0,0,0,176443,34358
rp2040_1,65,313,3,1,diagnostic_calibration,4,2,176444,210765,218826,0,0,218860,42416
rp2040_1,65,313,3,1,diagnostic_calibration,5,1,218861,253192,0,0,0,253204,34343
rp2040_1,65,313,3,1,diagnostic_calibration,6,2,253205,287514,295575,0,0,295665,42460
rp2040_1,65,313,3,1,diagnostic_calibration,7,2,295666,329983,338044,0,0,338111,42445
rp2040_1,65,313,3,1,diagnostic_calibration,8,2,338111,372451,380512,0,0,380596,42485
rp2040_1,65,313,3,1,diagnostic_calibration,9,1,380597,414924,0,0,0,414985,34388
rp2040_1,65,313,3,1,diagnostic_calibration,10,1,414986,449298,0,0,0,449324,34338
rp2040_1,65,313,3,1,diagnostic_calibration,11,2,449325,483634,491695,0,0,491705,42380
rp2040_1,65,313,3,1,diagnostic_calibration,12,2,491705,526035,534096,0,0,534145,42440
rp2040_1,65,313,3,1,diagnostic_calibration,13,1,534146,568474,0,0,0,568477,34331
rp2040_1,65,313,3,1,diagnostic_calibration,14,2,568478,602786,610847,0,0,610995,42517
rp2040_1,65,313,3,1,diagnostic_calibration,15,2,610995,645323,653384,0,0,653489,42494
rp2040_1,65,313,3,1,diagnostic_calibration,16,0,653489,687822,695883,703829,704515,704518,51029
rp2040_1,65,314,4,1,diagnostic_calibration,1,0,56957,91474,99557,107508,108195,108202,51245
rp2040_1,65,315,5,1,diagnostic_holdout,1,2,56982,91499,99582,0,0,99701,42719
rp2040_1,65,315,5,1,diagnostic_holdout,2,1,99706,134074,0,0,0,134201,34495
rp2040_1,65,315,5,1,diagnostic_holdout,3,2,134203,168523,176589,0,0,176688,42485
rp2040_1,65,315,5,1,diagnostic_holdout,4,2,176690,211030,219091,0,0,219097,42407
rp2040_1,65,315,5,1,diagnostic_holdout,5,1,219098,253417,0,0,0,253478,34380
rp2040_1,65,315,5,1,diagnostic_holdout,6,1,253479,287788,0,0,0,287818,34339
rp2040_1,65,315,5,1,diagnostic_holdout,7,2,287819,322126,330187,0,0,330199,42380
rp2040_1,65,315,5,1,diagnostic_holdout,8,0,330200,364538,372599,380545,381232,381235,51035
rp2040_1,65,316,6,1,diagnostic_holdout,1,0,56977,91501,99584,107535,108221,108227,51250
rp2040_1,65,317,7,1,diagnostic_holdout,1,1,56994,91521,0,0,0,91550,34556
rp2040_1,65,317,7,1,diagnostic_holdout,2,2,91555,125929,134003,0,0,134064,42509
rp2040_1,65,317,7,1,diagnostic_holdout,3,1,134067,168410,0,0,0,168493,34426
rp2040_1,65,317,7,1,diagnostic_holdout,4,0,168495,202812,210875,218821,219508,219511,51016
rp2040_1,65,318,8,1,diagnostic_holdout,1,2,56980,91503,99588,0,0,99731,42751
rp2040_1,65,318,8,1,diagnostic_holdout,2,1,99736,134110,0,0,0,134151,34415
rp2040_1,65,318,8,1,diagnostic_holdout,3,2,134152,168471,176534,0,0,176595,42443
rp2040_1,65,318,8,1,diagnostic_holdout,4,2,176596,210925,218987,0,0,219054,42458
rp2040_1,65,318,8,1,diagnostic_holdout,5,1,219055,253380,0,0,0,253466,34411
rp2040_1,65,318,8,1,diagnostic_holdout,6,2,253467,287777,295838,0,0,295962,42495
rp2040_1,65,318,8,1,diagnostic_holdout,7,1,295962,330294,0,0,0,330302,34340
rp2040_1,65,318,8,1,diagnostic_holdout,8,2,330303,364614,372675,0,0,372762,42459
rp2040_1,65,318,8,1,diagnostic_holdout,9,2,372763,407095,415156,0,0,415226,42463
rp2040_1,65,318,8,1,diagnostic_holdout,10,2,415227,449558,457619,0,0,457652,42425
rp2040_1,65,318,8,1,diagnostic_holdout,11,1,457652,491983,0,0,0,492001,34349
rp2040_1,65,318,8,1,diagnostic_holdout,12,1,492002,526316,0,0,0,526381,34379
rp2040_1,65,318,8,1,diagnostic_holdout,13,1,526382,560689,0,0,0,560694,34312
rp2040_1,65,318,8,1,diagnostic_holdout,14,2,560695,595000,603061,0,0,603133,42438
rp2040_1,65,318,8,1,diagnostic_holdout,15,2,603133,637460,645521,0,0,645633,42500
rp2040_1,65,318,8,1,diagnostic_holdout,16,2,645634,679967,688028,0,0,688070,42436
rp2040_1,65,318,8,1,diagnostic_holdout,17,2,688071,722396,730457,0,0,730541,42470
rp2040_1,65,318,8,1,diagnostic_holdout,18,1,730542,764873,0,0,0,764947,34405
rp2040_1,65,318,8,1,diagnostic_holdout,19,2,764947,799254,807315,0,0,807387,42440
rp2040_1,65,318,8,1,diagnostic_holdout,20,1,807387,841715,0,0,0,841786,34399
rp2040_1,65,318,8,1,diagnostic_holdout,21,2,841787,876093,884154,0,0,884164,42377
rp2040_1,65,318,8,1,diagnostic_holdout,22,1,884165,918502,0,0,0,918551,34386
rp2040_1,65,318,8,1,diagnostic_holdout,23,1,918552,952866,0,0,0,952939,34387
rp2040_1,65,318,8,1,diagnostic_holdout,24,1,952940,987253,0,0,0,987356,34416
rp2040_1,65,318,8,1,diagnostic_holdout,25,1,987357,1021664,0,0,0,1021687,34330
rp2040_1,65,318,8,1,diagnostic_holdout,26,2,1021687,1055993,1064054,0,0,1064060,42373
rp2040_1,65,318,8,1,diagnostic_holdout,27,1,1064060,1098395,0,0,0,1098492,34432
rp2040_1,65,318,8,1,diagnostic_holdout,28,0,1098492,1132800,1140861,1148807,1149493,1149496,51004
rp2040_1,65,319,9,1,diagnostic_holdout,1,2,57002,91517,99601,0,0,99745,42743
rp2040_1,65,319,9,1,diagnostic_holdout,2,0,99749,134128,142193,150139,150826,150829,51080
rp2040_1,65,320,0,2,diagnostic_calibration,1,0,56967,91487,99570,107520,108206,108212,51245
rp2040_1,65,321,1,2,diagnostic_calibration,1,1,56967,91478,0,0,0,91592,34625
rp2040_1,65,321,1,2,diagnostic_calibration,2,2,91598,125959,134032,0,0,134041,42443
rp2040_1,65,321,1,2,diagnostic_calibration,3,0,134043,168376,176439,184386,185071,185075,51032
rp2040_1,65,322,2,2,diagnostic_calibration,1,1,56992,91522,0,0,0,91560,34568
rp2040_1,65,322,2,2,diagnostic_calibration,2,0,91565,125919,133994,141945,142632,142636,51071
rp2040_1,65,323,3,2,diagnostic_calibration,1,0,57004,91549,99634,107584,108270,108276,51272
rp2040_1,65,324,4,2,diagnostic_calibration,1,1,56988,91517,0,0,0,91625,34637
rp2040_1,65,324,4,2,diagnostic_calibration,2,1,91630,125992,0,0,0,126021,34391
rp2040_1,65,324,4,2,diagnostic_calibration,3,1,126023,160344,0,0,0,160463,34440
rp2040_1,65,324,4,2,diagnostic_calibration,4,1,160464,194778,0,0,0,194814,34350
rp2040_1,65,324,4,2,diagnostic_calibration,5,1,194815,229135,0,0,0,229164,34349
rp2040_1,65,324,4,2,diagnostic_calibration,6,0,229164,263473,271543,279494,280181,280184,51020
rp2040_1,65,325,5,2,diagnostic_holdout,1,2,56977,91499,99583,0,0,99656,42679
rp2040_1,65,325,5,2,diagnostic_holdout,2,2,99661,134041,142106,0,0,142233,42572
rp2040_1,65,325,5,2,diagnostic_holdout,3,2,142234,176577,184639,0,0,184695,42461
rp2040_1,65,325,5,2,diagnostic_holdout,4,1,184697,219025,0,0,0,219136,34439
rp2040_1,65,325,5,2,diagnostic_holdout,5,1,219137,253443,0,0,0,253553,34416
rp2040_1,65,325,5,2,diagnostic_holdout,6,1,253553,287868,0,0,0,287882,34329
rp2040_1,65,325,5,2,diagnostic_holdout,7,2,287883,322195,330256,0,0,330387,42504
rp2040_1,65,325,5,2,diagnostic_holdout,8,2,330388,364711,372772,0,0,372776,42388
rp2040_1,65,325,5,2,diagnostic_holdout,9,2,372777,407103,415164,0,0,415199,42422
rp2040_1,65,325,5,2,diagnostic_holdout,10,2,415199,449532,457593,0,0,457705,42506
rp2040_1,65,325,5,2,diagnostic_holdout,11,2,457706,492036,500097,0,0,500116,42410
rp2040_1,65,325,5,2,diagnostic_holdout,12,1,500117,534435,0,0,0,534523,34406
rp2040_1,65,325,5,2,diagnostic_holdout,13,1,534524,568834,0,0,0,568952,34428
rp2040_1,65,325,5,2,diagnostic_holdout,14,1,568953,603257,0,0,0,603295,34342
rp2040_1,65,325,5,2,diagnostic_holdout,15,2,603295,637608,645669,0,0,645718,42423
rp2040_1,65,325,5,2,diagnostic_holdout,16,0,645719,680053,688114,696061,696747,696750,51031
rp2040_1,65,326,6,2,diagnostic_holdout,1,2,56989,91518,99602,0,0,99756,42767
rp2040_1,65,326,6,2,diagnostic_holdout,2,2,99762,134148,142215,0,0,142359,42597
rp2040_1,65,326,6,2,diagnostic_holdout,3,0,142363,176702,184765,192711,193397,193401,51038
rp2040_1,65,327,7,2,diagnostic_holdout,1,2,56985,91504,99587,0,0,99621,42636
rp2040_1,65,327,7,2,diagnostic_holdout,2,1,99626,134018,0,0,0,134032,34406
rp2040_1,65,327,7,2,diagnostic_holdout,3,2,134034,168358,176423,0,0,176433,42399
rp2040_1,65,327,7,2,diagnostic_holdout,4,0,176434,210778,218839,226787,227474,227477,51043
rp2040_1,65,328,8,2,diagnostic_holdout,1,1,56967,91478,0,0,0,91559,34592
rp2040_1,65,328,8,2,diagnostic_holdout,2,0,91564,125939,134011,141962,142648,142651,51087
rp2040_1,65,329,9,2,diagnostic_holdout,1,1,57011,91540,0,0,0,91622,34611
rp2040_1,65,329,9,2,diagnostic_holdout,2,2,91627,125991,134065,0,0,134091,42464
rp2040_1,65,329,9,2,diagnostic_holdout,3,2,134094,168449,176512,0,0,176657,42563
rp2040_1,65,329,9,2,diagnostic_holdout,4,2,176658,210992,219053,0,0,219085,42427
rp2040_1,65,329,9,2,diagnostic_holdout,5,1,219085,253422,0,0,0,253450,34365
rp2040_1,65,329,9,2,diagnostic_holdout,6,1,253451,287756,0,0,0,287789,34338
rp2040_1,65,329,9,2,diagnostic_holdout,7,0,287789,322110,330171,338117,338803,338806,51017
rp2040_1,65,330,0,3,diagnostic_calibration,1,1,56965,91490,0,0,0,91527,34562
rp2040_1,65,330,0,3,diagnostic_calibration,2,2,91533,125890,133965,0,0,134040,42507
rp2040_1,65,330,0,3,diagnostic_calibration,3,1,134043,168382,0,0,0,168426,34383
rp2040_1,65,330,0,3,diagnostic_calibration,4,1,168427,202743,0,0,0,202753,34326
rp2040_1,65,330,0,3,diagnostic_calibration,5,1,202754,237072,0,0,0,237133,34379
rp2040_1,65,330,0,3,diagnostic_calibration,6,0,237133,271449,279511,287459,288144,288147,51014
rp2040_1,65,331,1,3,diagnostic_calibration,1,2,56993,91535,99619,0,0,99725,42732
rp2040_1,65,331,1,3,diagnostic_calibration,2,2,99730,134126,142192,0,0,142323,42593
rp2040_1,65,331,1,3,diagnostic_calibration,3,1,142325,176687,0,0,0,176739,34414
rp2040_1,65,331,1,3,diagnostic_calibration,4,1,176740,211070,0,0,0,211171,34431
rp2040_1,65,331,1,3,diagnostic_calibration,5,0,211171,245483,253545,261492,262179,262182,51011
rp2040_1,65,332,2,3,diagnostic_calibration,1,2,56982,91512,99595,0,0,99654,42672
rp2040_1,65,332,2,3,diagnostic_calibration,2,0,99658,134033,142097,150044,150730,150733,51075
rp2040_1,65,333,3,3,diagnostic_calibration,1,2,57011,91517,99600,0,0,99757,42746
rp2040_1,65,333,3,3,diagnostic_calibration,2,1,99761,134137,0,0,0,134191,34430
rp2040_1,65,333,3,3,diagnostic_calibration,3,1,134193,168513,0,0,0,168541,34348
rp2040_1,65,333,3,3,diagnostic_calibration,4,0,168542,202854,210917,218864,219551,219554,51012
rp2040_1,65,334,4,3,diagnostic_calibration,1,2,56980,91496,99581,0,0,99602,42622
rp2040_1,65,334,4,3,diagnostic_calibration,2,1,99607,133993,0,0,0,134085,34478
rp2040_1,65,334,4,3,diagnostic_calibration,3,2,134088,168402,176468,0,0,176503,42415
rp2040_1,65,334,4,3,diagnostic_calibration,4,1,176505,210837,0,0,0,210933,34428
rp2040_1,65,334,4,3,diagnostic_calibration,5,2,210934,245243,253304,0,0,253320,42386
rp2040_1,65,334,4,3,diagnostic_calibration,6,2,253321,287672,295732,0,0,295776,42455
rp2040_1,65,334,4,3,diagnostic_calibration,7,1,295776,330099,0,0,0,330126,34350
rp2040_1,65,334,4,3,diagnostic_calibration,8,1,330127,364437,0,0,0,364442,34315
rp2040_1,65,334,4,3,diagnostic_calibration,9,2,364443,398752,406813,0,0,406907,42464
rp2040_1,65,334,4,3,diagnostic_calibration,10,1,406908,441238,0,0,0,441276,34368
rp2040_1,65,334,4,3,diagnostic_calibration,11,2,441277,475587,483648,0,0,483663,42386
rp2040_1,65,334,4,3,diagnostic_calibration,12,2,483663,517990,526051,0,0,526063,42400
rp2040_1,65,334,4,3,diagnostic_calibration,13,2,526063,560380,568441,0,0,568445,42382
rp2040_1,65,334,4,3,diagnostic_calibration,14,0,568446,602761,610822,618768,619453,619456,51010
rp2040_1,65,335,5,3,diagnostic_holdout,1,1,57006,91525,0,0,0,91653,34647
rp2040_1,65,335,5,3,diagnostic_holdout,2,1,91658,126002,0,0,0,126058,34400
rp2040_1,65,335,5,3,diagnostic_holdout,3,1,126059,160372,0,0,0,160435,34376
rp2040_1,65,335,5,3,diagnostic_holdout,4,1,160435,194745,0,0,0,194787,34352
rp2040_1,65,335,5,3,diagnostic_holdout,5,2,194788,229099,237170,0,0,237198,42410
rp2040_1,65,335,5,3,diagnostic_holdout,6,2,237199,271536,279597,0,0,279611,42412
rp2040_1,65,335,5,3,diagnostic_holdout,7,1,279612,313938,0,0,0,313999,34387
rp2040_1,65,335,5,3,diagnostic_holdout,8,1,314000,348311,0,0,0,348409,34409
rp2040_1,65,335,5,3,diagnostic_holdout,9,1,348410,382714,0,0,0,382730,34320
rp2040_1,65,335,5,3,diagnostic_holdout,10,1,382731,417039,0,0,0,417045,34314
rp2040_1,65,335,5,3,diagnostic_holdout,11,2,417046,451354,459415,0,0,459522,42476
rp2040_1,65,335,5,3,diagnostic_holdout,12,1,459522,493850,0,0,0,493962,34440
rp2040_1,65,335,5,3,diagnostic_holdout,13,1,493962,528279,0,0,0,528359,34397
rp2040_1,65,335,5,3,diagnostic_holdout,14,2,528359,562673,570734,0,0,570750,42391
rp2040_1,65,335,5,3,diagnostic_holdout,15,2,570750,605079,613140,0,0,613200,42450
rp2040_1,65,335,5,3,diagnostic_holdout,16,2,613200,647541,655602,0,0,655650,42450
rp2040_1,65,335,5,3,diagnostic_holdout,17,2,655651,689983,698043,0,0,698145,42494
rp2040_1,65,335,5,3,diagnostic_holdout,18,2,698146,732474,740535,0,0,740556,42410
rp2040_1,65,335,5,3,diagnostic_holdout,19,2,740557,774879,782940,0,0,783055,42498
rp2040_1,65,335,5,3,diagnostic_holdout,20,2,783056,817376,825437,0,0,825585,42529
rp2040_1,65,335,5,3,diagnostic_holdout,21,2,825586,859909,867969,0,0,868003,42417
rp2040_1,65,335,5,3,diagnostic_holdout,22,1,868004,902334,0,0,0,902441,34437
rp2040_1,65,335,5,3,diagnostic_holdout,23,2,902441,936749,944810,0,0,944871,42430
rp2040_1,65,335,5,3,diagnostic_holdout,24,1,944872,979203,0,0,0,979238,34366
rp2040_1,65,335,5,3,diagnostic_holdout,25,1,979238,1013540,0,0,0,1013596,34358
rp2040_1,65,335,5,3,diagnostic_holdout,26,1,1013597,1047903,0,0,0,1047970,34373
rp2040_1,65,335,5,3,diagnostic_holdout,27,0,1047970,1082292,1090353,1098299,1098986,1098988,51018
rp2040_1,65,336,6,3,diagnostic_holdout,1,2,56986,91505,99589,0,0,99659,42673
rp2040_1,65,336,6,3,diagnostic_holdout,2,2,99664,134050,142116,0,0,142228,42564
rp2040_1,65,336,6,3,diagnostic_holdout,3,1,142229,176569,0,0,0,176655,34426
rp2040_1,65,336,6,3,diagnostic_holdout,4,2,176656,210970,219034,0,0,219146,42490
rp2040_1,65,336,6,3,diagnostic_holdout,5,0,219147,253487,261549,269495,270180,270183,51036
rp2040_1,65,337,7,3,diagnostic_holdout,1,1,56985,91503,0,0,0,91562,34577
rp2040_1,65,337,7,3,diagnostic_holdout,2,1,91567,125934,0,0,0,126012,34445
rp2040_1,65,337,7,3,diagnostic_holdout,3,2,126014,160334,168406,0,0,168458,42444
rp2040_1,65,337,7,3,diagnostic_holdout,4,0,168460,202789,210852,218799,219485,219487,51027
rp2040_1,65,338,8,3,diagnostic_holdout,1,2,56963,91475,99559,0,0,99615,42652
rp2040_1,65,338,8,3,diagnostic_holdout,2,2,99621,134019,142086,0,0,142102,42481
rp2040_1,65,338,8,3,diagnostic_holdout,3,2,142105,176456,184517,0,0,184603,42498
rp2040_1,65,338,8,3,diagnostic_holdout,4,2,184604,218929,226991,0,0,227039,42435
rp2040_1,65,338,8,3,diagnostic_holdout,5,1,227041,261379,0,0,0,261445,34404
rp2040_1,65,338,8,3,diagnostic_holdout,6,2,261446,295768,303830,0,0,303864,42418
rp2040_1,65,338,8,3,diagnostic_holdout,7,2,303864,338195,346256,0,0,346347,42483
rp2040_1,65,338,8,3,diagnostic_holdout,8,1,346348,380682,0,0,0,380748,34400
rp2040_1,65,338,8,3,diagnostic_holdout,9,1,380749,415061,0,0,0,415077,34328
rp2040_1,65,338,8,3,diagnostic_holdout,10,0,415078,449390,457451,465397,466083,466087,51009
rp2040_1,65,339,9,3,diagnostic_holdout,1,1,56980,91500,0,0,0,91611,34631
rp2040_1,65,339,9,3,diagnostic_holdout,2,0,91616,125955,134028,141978,142664,142669,51053
rp2040_1,65,340,0,4,diagnostic_calibration,1,2,56951,91478,99561,0,0,99639,42688
rp2040_1,65,340,0,4,diagnostic_calibration,2,1,99645,134037,0,0,0,134099,34454
rp2040_1,65,340,0,4,diagnostic_calibration,3,0,134101,168423,176487,184435,185120,185124,51023
rp2040_1,65,341,1,4,diagnostic_calibration,1,2,56971,91486,99569,0,0,99625,42654
rp2040_1,65,341,1,4,diagnostic_calibration,2,0,99629,134008,142075,150021,150708,150710,51081
rp2040_1,65,342,2,4,diagnostic_calibration,1,2,56975,91491,99575,0,0,99680,42705
rp2040_1,65,342,2,4,diagnostic_calibration,2,2,99685,134074,142143,0,0,142288,42603
rp2040_1,65,342,2,4,diagnostic_calibration,3,1,142291,176637,0,0,0,176752,34461
rp2040_1,65,342,2,4,diagnostic_calibration,4,2,176754,211068,219131,0,0,219134,42380
rp2040_1,65,342,2,4,diagnostic_calibration,5,2,219135,253461,261522,0,0,261547,42412
rp2040_1,65,342,2,4,diagnostic_calibration,6,2,261548,295878,303939,0,0,303991,42443
rp2040_1,65,342,2,4,diagnostic_calibration,7,2,303992,338325,346386,0,0,346532,42540
rp2040_1,65,342,2,4,diagnostic_calibration,8,1,346532,380856,0,0,0,380920,34388
rp2040_1,65,342,2,4,diagnostic_calibration,9,1,380920,415234,0,0,0,415274,34354
rp2040_1,65,342,2,4,diagnostic_calibration,10,1,415274,449581,0,0,0,449662,34388
rp2040_1,65,342,2,4,diagnostic_calibration,11,0,449663,483968,492029,499975,500662,500664,51001
rp2040_1,65,343,3,4,diagnostic_calibration,1,2,56971,91490,99574,0,0,99620,42649
rp2040_1,65,343,3,4,diagnostic_calibration,2,2,99625,134020,142087,0,0,142150,42525
rp2040_1,65,343,3,4,diagnostic_calibration,3,2,142150,176493,184556,0,0,184691,42541
rp2040_1,65,343,3,4,diagnostic_calibration,4,2,184692,219019,227080,0,0,227084,42392
rp2040_1,65,343,3,4,diagnostic_calibration,5,0,227085,261417,269478,277425,278111,278114,51029
rp2040_1,65,344,4,4,diagnostic_calibration,1,1,56991,91497,0,0,0,91594,34603
rp2040_1,65,344,4,4,diagnostic_calibration,2,1,91600,125954,0,0,0,125968,34368
rp2040_1,65,344,4,4,diagnostic_calibration,3,1,125969,160306,0,0,0,160401,34432
rp2040_1,65,344,4,4,diagnostic_calibration,4,1,160402,194725,0,0,0,194792,34390
rp2040_1,65,344,4,4,diagnostic_calibration,5,1,194793,229104,0,0,0,229217,34424
rp2040_1,65,344,4,4,diagnostic_calibration,6,2,229217,263526,271597,0,0,271710,42493
rp2040_1,65,344,4,4,diagnostic_calibration,7,0,271711,306040,314101,322049,322733,322736,51025
rp2040_1,65,345,5,4,diagnostic_holdout,1,1,56946,91470,0,0,0,91523,34577
rp2040_1,65,345,5,4,diagnostic_holdout,2,2,91528,125896,133968,0,0,134054,42526
rp2040_1,65,345,5,4,diagnostic_holdout,3,0,134056,168405,176467,184414,185099,185102,51046
rp2040_1,65,346,6,4,diagnostic_holdout,1,0,56976,91498,99582,107533,108219,108225,51249
rp2040_1,65,347,7,4,diagnostic_holdout,1,1,57010,91532,0,0,0,91613,34603
rp2040_1,65,347,7,4,diagnostic_holdout,2,2,91617,125974,134046,0,0,134056,42439
rp2040_1,65,347,7,4,diagnostic_holdout,3,2,134057,168392,176455,0,0,176497,42440
rp2040_1,65,347,7,4,diagnostic_holdout,4,2,176498,210823,218884,0,0,219010,42512
rp2040_1,65,347,7,4,diagnostic_holdout,5,2,219010,253341,261401,0,0,261457,42447
rp2040_1,65,347,7,4,diagnostic_holdout,6,0,261458,295781,303842,311788,312474,312477,51019
rp2040_1,65,348,8,4,diagnostic_holdout,1,0,56965,91487,99571,107522,108209,108215,51250
rp2040_1,65,349,9,4,diagnostic_holdout,1,1,56976,91499,0,0,0,91583,34607
rp2040_1,65,349,9,4,diagnostic_holdout,2,0,91589,125948,134025,141975,142661,142665,51076
rp2040_1,65,350,0,0,diagnostic_calibration,1,1,56982,91505,0,0,0,91560,34578
rp2040_1,65,350,0,0,diagnostic_calibration,2,2,91567,125931,134004,0,0,134106,42539
rp2040_1,65,350,0,0,diagnostic_calibration,3,2,134108,168460,176523,0,0,176616,42508
rp2040_1,65,350,0,0,diagnostic_calibration,4,0,176616,210948,219010,226957,227644,227646,51030
rp2040_1,65,351,1,0,diagnostic_calibration,1,2,57006,91531,99614,0,0,99683,42677
rp2040_1,65,351,1,0,diagnostic_calibration,2,1,99687,134070,0,0,0,134163,34476
rp2040_1,65,351,1,0,diagnostic_calibration,3,0,134164,168499,176562,184508,185195,185199,51035
rp2040_1,65,352,2,0,diagnostic_calibration,1,2,56982,91505,99589,0,0,99743,42761
rp2040_1,65,352,2,0,diagnostic_calibration,2,1,99747,134137,0,0,0,134202,34455
rp2040_1,65,352,2,0,diagnostic_calibration,3,2,134203,168533,176597,0,0,176739,42536
rp2040_1,65,352,2,0,diagnostic_calibration,4,1,176740,211073,0,0,0,211157,34417
rp2040_1,65,352,2,0,diagnostic_calibration,5,0,211158,245478,253539,261486,262172,262175,51017
rp2040_1,65,353,3,0,diagnostic_calibration,1,0,56988,91506,99590,107541,108228,108234,51246
rp2040_1,65,354,4,0,diagnostic_calibration,1,2,56966,91486,99570,0,0,99623,42657
rp2040_1,65,354,4,0,diagnostic_calibration,2,1,99630,134004,0,0,0,134026,34396
rp2040_1,65,354,4,0,diagnostic_calibration,3,1,134028,168355,0,0,0,168417,34389
rp2040_1,65,354,4,0,diagnostic_calibration,4,0,168417,202727,210790,218736,219423,219426,51009
rp2040_1,65,355,5,0,diagnostic_holdout,1,2,56983,91512,99596,0,0,99618,42635
rp2040_1,65,355,5,0,diagnostic_holdout,2,2,99623,134027,142094,0,0,142144,42521
rp2040_1,65,355,5,0,diagnostic_holdout,3,2,142146,176489,184551,0,0,184563,42417
rp2040_1,65,355,5,0,diagnostic_holdout,4,1,184564,218904,0,0,0,218943,34379
rp2040_1,65,355,5,0,diagnostic_holdout,5,1,218944,253262,0,0,0,253326,34382
rp2040_1,65,355,5,0,diagnostic_holdout,6,2,253327,287632,295693,0,0,295707,42380
rp2040_1,65,355,5,0,diagnostic_holdout,7,1,295707,330037,0,0,0,330057,34350
rp2040_1,65,355,5,0,diagnostic_holdout,8,2,330058,364365,372426,0,0,372557,42499
rp2040_1,65,355,5,0,diagnostic_holdout,9,0,372558,406882,414942,422889,423575,423578,51020
rp2040_1,65,356,6,0,diagnostic_holdout,1,2,56995,91501,99584,0,0,99598,42603
rp2040_1,65,356,6,0,diagnostic_holdout,2,0,99604,133974,142037,149985,150671,150675,51071
rp2040_1,65,357,7,0,diagnostic_holdout,1,0,56976,91495,99579,107529,108216,108222,51246
rp2040_1,65,358,8,0,diagnostic_holdout,1,1,56979,91506,0,0,0,91638,34659
rp2040_1,65,358,8,0,diagnostic_holdout,2,0,91643,125999,134073,142024,142711,142715,51072
rp2040_1,65,359,9,0,diagnostic_holdout,1,1,56986,91507,0,0,0,91551,34565
rp2040_1,65,359,9,0,diagnostic_holdout,2,0,91556,125919,133993,141944,142629,142632,51076
rp2040_1,65,360,0,1,diagnostic_calibration,1,1,56975,91506,0,0,0,91545,34570
rp2040_1,65,360,0,1,diagnostic_calibration,2,1,91551,125903,0,0,0,125957,34406
rp2040_1,65,360,0,1,diagnostic_calibration,3,1,125959,160273,0,0,0,160396,34437
rp2040_1,65,360,0,1,diagnostic_calibration,4,2,160396,194704,202775,0,0,202849,42453
rp2040_1,65,360,0,1,diagnostic_calibration,5,2,202850,237183,245246,0,0,245335,42485
rp2040_1,65,360,0,1,diagnostic_calibration,6,0,245336,279664,287727,295674,296359,296361,51025
rp2040_1,65,361,1,1,diagnostic_calibration,1,2,56977,91501,99584,0,0,99619,42642
rp2040_1,65,361,1,1,diagnostic_calibration,2,1,99625,134005,0,0,0,134068,34443
rp2040_1,65,361,1,1,diagnostic_calibration,3,2,134070,168394,176459,0,0,176482,42412
rp2040_1,65,361,1,1,diagnostic_calibration,4,2,176483,210823,218884,0,0,218976,42493
rp2040_1,65,361,1,1,diagnostic_calibration,5,2,218976,253300,261361,0,0,261426,42450
rp2040_1,65,361,1,1,diagnostic_calibration,6,1,261426,295767,0,0,0,295846,34420
rp2040_1,65,361,1,1,diagnostic_calibration,7,1,295847,330155,0,0,0,330222,34375
rp2040_1,65,361,1,1,diagnostic_calibration,8,1,330223,364532,0,0,0,364624,34401
rp2040_1,65,361,1,1,diagnostic_calibration,9,2,364625,398934,406995,0,0,407081,42456
rp2040_1,65,361,1,1,diagnostic_calibration,10,2,407082,441412,449473,0,0,449481,42399
rp2040_1,65,361,1,1,diagnostic_calibration,11,2,449482,483814,491875,0,0,491881,42399
rp2040_1,65,361,1,1,diagnostic_calibration,12,2,491882,526222,534282,0,0,534307,42425
rp2040_1,65,361,1,1,diagnostic_calibration,13,2,534307,568636,576697,0,0,576795,42488
rp2040_1,65,361,1,1,diagnostic_calibration,14,1,576796,611118,0,0,0,611121,34325
rp2040_1,65,361,1,1,diagnostic_calibration,15,2,611122,645435,653496,0,0,653546,42424
rp2040_1,65,361,1,1,diagnostic_calibration,16,2,653546,687877,695938,0,0,696065,42519
rp2040_1,65,361,1,1,diagnostic_calibration,17,2,696065,730400,738460,0,0,738525,42460
rp2040_1,65,361,1,1,diagnostic_calibration,18,1,738526,772849,0,0,0,772947,34421
rp2040_1,65,361,1,1,diagnostic_calibration,19,0,772947,807253,815314,823260,823946,823949,51002
rp2040_1,65,362,2,1,diagnostic_calibration,1,1,56989,91519,0,0,0,91620,34631
rp2040_1,65,362,2,1,diagnostic_calibration,2,2,91626,125974,134049,0,0,134196,42570
rp2040_1,65,362,2,1,diagnostic_calibration,3,1,134198,168547,0,0,0,168577,34379
rp2040_1,65,362,2,1,diagnostic_calibration,4,0,168578,202893,210955,218901,219588,219590,51012
rp2040_1,65,363,3,1,diagnostic_calibration,1,2,57003,91540,99624,0,0,99661,42658
rp2040_1,65,363,3,1,diagnostic_calibration,2,0,99667,134085,142155,150103,150788,150792,51125
rp2040_1,65,364,4,1,diagnostic_calibration,1,2,56965,91479,99562,0,0,99615,42650
rp2040_1,65,364,4,1,diagnostic_calibration,2,1,99620,134014,0,0,0,134035,34415
rp2040_1,65,364,4,1,diagnostic_calibration,3,2,134038,168367,176431,0,0,176505,42467
rp2040_1,65,364,4,1,diagnostic_calibration,4,0,176506,210829,218890,226837,227523,227526,51020
rp2040_1,65,365,5,1,diagnostic_holdout,1,2,56983,91506,99589,0,0,99655,42672
rp2040_1,65,365,5,1,diagnostic_holdout,2,1,99660,134042,0,0,0,134163,34503
rp2040_1,65,365,5,1,diagnostic_holdout,3,0,134165,168493,176557,184504,185189,185192,51027
rp2040_1,65,366,6,1,diagnostic_holdout,1,2,56988,91505,99589,0,0,99742,42754
rp2040_1,65,366,6,1,diagnostic_holdout,2,1,99746,134118,0,0,0,134194,34448
rp2040_1,65,366,6,1,diagnostic_holdout,3,0,134197,168515,176577,184524,185210,185213,51016
rp2040_1,65,367,7,1,diagnostic_holdout,1,1,56986,91515,0,0,0,91624,34638
rp2040_1,65,367,7,1,diagnostic_holdout,2,2,91629,125996,134071,0,0,134202,42573
rp2040_1,65,367,7,1,diagnostic_holdout,3,1,134204,168543,0,0,0,168630,34426
rp2040_1,65,367,7,1,diagnostic_holdout,4,1,168631,202947,0,0,0,202989,34358
rp2040_1,65,367,7,1,diagnostic_holdout,5,0,202990,237297,245360,253308,253994,253997,51007
rp2040_1,65,368,8,1,diagnostic_holdout,1,0,56989,91502,99585,107536,108222,108228,51239
rp2040_1,65,369,9,1,diagnostic_holdout,1,0,56980,91502,99585,107536,108221,108227,51247
rp2040_1,65,370,0,2,diagnostic_calibration,1,1,56968,91490,0,0,0,91632,34664
rp2040_1,65,370,0,2,diagnostic_calibration,2,2,91638,125995,134070,0,0,134130,42492
rp2040_1,65,370,0,2,diagnostic_calibration,3,1,134131,168481,0,0,0,168569,34438
rp2040_1,65,370,0,2,diagnostic_calibration,4,1,168570,202884,0,0,0,202964,34394
rp2040_1,65,370,0,2,diagnostic_calibration,5,1,202965,237274,0,0,0,237341,34376
rp2040_1,65,370,0,2,diagnostic_calibration,6,0,237342,271649,279711,287658,288343,288346,51004
rp2040_1,65,371,1,2,diagnostic_calibration,1,1,56986,91513,0,0,0,91596,34610
rp2040_1,65,371,1,2,diagnostic_calibration,2,0,91601,125968,134041,141992,142678,142682,51081
rp2040_1,65,372,2,2,diagnostic_calibration,1,2,56977,91511,99594,0,0,99677,42700
rp2040_1,65,372,2,2,diagnostic_calibration,2,2,99683,134076,142139,0,0,142265,42582
rp2040_1,65,372,2,2,diagnostic_calibration,3,2,142268,176607,184668,0,0,184691,42423
rp2040_1,65,372,2,2,diagnostic_calibration,4,0,184692,219021,227082,235028,235714,235716,51024
rp2040_1,65,373,3,2,diagnostic_calibration,1,1,56994,91501,0,0,0,91563,34569
rp2040_1,65,373,3,2,diagnostic_calibration,2,1,91567,125922,0,0,0,125951,34384
rp2040_1,65,373,3,2,diagnostic_calibration,3,1,125954,160282,0,0,0,160402,34448
rp2040_1,65,373,3,2,diagnostic_calibration,4,2,160404,194718,202788,0,0,202796,42392
rp2040_1,65,373,3,2,diagnostic_calibration,5,2,202798,237133,245196,0,0,245244,42446
rp2040_1,65,373,3,2,diagnostic_calibration,6,1,245244,279577,0,0,0,279595,34351
rp2040_1,65,373,3,2,diagnostic_calibration,7,1,279596,313908,0,0,0,313958,34362
rp2040_1,65,373,3,2,diagnostic_calibration,8,2,313959,348269,356330,0,0,356343,42384
rp2040_1,65,373,3,2,diagnostic_calibration,9,1,356344,390674,0,0,0,390730,34386
rp2040_1,65,373,3,2,diagnostic_calibration,10,1,390730,425037,0,0,0,425146,34416
rp2040_1,65,373,3,2,diagnostic_calibration,11,1,425147,459456,0,0,0,459573,34426
rp2040_1,65,373,3,2,diagnostic_calibration,12,2,459574,493883,501944,0,0,501997,42423
rp2040_1,65,373,3,2,diagnostic_calibration,13,2,501998,536329,544390,0,0,544416,42418
rp2040_1,65,373,3,2,diagnostic_calibration,14,1,544416,578747,0,0,0,578775,34359
rp2040_1,65,373,3,2,diagnostic_calibration,15,2,578776,613087,621148,0,0,621204,42428
rp2040_1,65,373,3,2,diagnostic_calibration,16,1,621205,655548,0,0,0,655575,34370
rp2040_1,65,373,3,2,diagnostic_calibration,17,2,655575,689885,697946,0,0,698066,42491
rp2040_1,65,373,3,2,diagnostic_calibration,18,1,698066,732400,0,0,0,732499,34433
rp2040_1,65,373,3,2,diagnostic_calibration,19,0,732500,766807,774868,782814,783500,783503,51003
rp2040_1,65,374,4,2,diagnostic_calibration,1,2,56981,91514,99598,0,0,99670,42689
rp2040_1,65,374,4,2,diagnostic_calibration,2,1,99675,134068,0,0,0,134096,34421
rp2040_1,65,374,4,2,diagnostic_calibration,3,1,134098,168416,0,0,0,168512,34414
rp2040_1,65,374,4,2,diagnostic_calibration,4,2,168514,202824,210888,0,0,210983,42469
rp2040_1,65,374,4,2,diagnostic_calibration,5,0,210984,245318,253379,261326,262012,262015,51031
rp2040_1,65,375,5,2,diagnostic_holdout,1,2,56987,91512,99596,0,0,99738,42751
rp2040_1,65,375,5,2,diagnostic_holdout,2,0,99743,134116,142181,150129,150815,150820,51077
rp2040_1,65,376,6,2,diagnostic_holdout,1,2,56977,91510,99593,0,0,99696,42719
rp2040_1,65,376,6,2,diagnostic_holdout,2,0,99701,134092,142157,150104,150789,150792,51091
rp2040_1,65,377,7,2,diagnostic_holdout,1,0,56990,91516,99600,107551,108238,108244,51254
rp2040_1,65,378,8,2,diagnostic_holdout,1,1,56944,91456,0,0,0,91535,34591
rp2040_1,65,378,8,2,diagnostic_holdout,2,1,91541,125899,0,0,0,125957,34416
rp2040_1,65,378,8,2,diagnostic_holdout,3,2,125961,160275,168345,0,0,168382,42421
rp2040_1,65,378,8,2,diagnostic_holdout,4,2,168383,202716,210778,0,0,210918,42535
rp2040_1,65,378,8,2,diagnostic_holdout,5,1,210919,245253,0,0,0,245354,34435
rp2040_1,65,378,8,2,diagnostic_holdout,6,0,245355,279665,287726,295672,296358,296361,51006
rp2040_1,65,379,9,2,diagnostic_holdout,1,2,56971,91499,99585,0,0,99716,42745
rp2040_1,65,379,9,2,diagnostic_holdout,2,2,99721,134102,142166,0,0,142177,42456
rp2040_1,65,379,9,2,diagnostic_holdout,3,2,142179,176514,184576,0,0,184591,42412
rp2040_1,65,379,9,2,diagnostic_holdout,4,1,184592,218917,0,0,0,218938,34346
rp2040_1,65,379,9,2,diagnostic_holdout,5,0,218938,253255,261316,269262,269949,269952,51014
rp2040_1,65,380,0,3,diagnostic_calibration,1,2,56986,91506,99591,0,0,99656,42670
rp2040_1,65,380,0,3,diagnostic_calibration,2,1,99661,134046,0,0,0,134127,34466
rp2040_1,65,380,0,3,diagnostic_calibration,3,1,134129,168446,0,0,0,168467,34338
rp2040_1,65,380,0,3,diagnostic_calibration,4,2,168468,202768,210830,0,0,210872,42404
rp2040_1,65,380,0,3,diagnostic_calibration,5,1,210872,245202,0,0,0,245232,34360
rp2040_1,65,380,0,3,diagnostic_calibration,6,1,245233,279543,0,0,0,279621,34388
rp2040_1,65,380,0,3,diagnostic_calibration,7,0,279621,313928,321990,329936,330622,330625,51004
rp2040_1,65,381,1,3,diagnostic_calibration,1,2,56994,91530,99614,0,0,99739,42745
rp2040_1,65,381,1,3,diagnostic_calibration,2,2,99743,134126,142194,0,0,142229,42486
rp2040_1,65,381,1,3,diagnostic_calibration,3,1,142231,176576,0,0,0,176639,34408
rp2040_1,65,381,1,3,diagnostic_calibration,4,0,176640,210951,219012,226958,227643,227646,51006
rp2040_1,65,382,2,3,diagnostic_calibration,1,1,56998,91530,0,0,0,91603,34605
rp2040_1,65,382,2,3,diagnostic_calibration,2,2,91608,125977,134051,0,0,134121,42513
rp2040_1,65,382,2,3,diagnostic_calibration,3,1,134122,168481,0,0,0,168500,34378
rp2040_1,65,382,2,3,diagnostic_calibration,4,0,168500,202813,210876,218823,219509,219512,51012
rp2040_1,65,383,3,3,diagnostic_calibration,1,2,56994,91523,99605,0,0,99689,42695
rp2040_1,65,383,3,3,diagnostic_calibration,2,2,99694,134066,142129,0,0,142159,42465
rp2040_1,65,383,3,3,diagnostic_calibration,3,1,142160,176509,0,0,0,176534,34374
rp2040_1,65,383,3,3,diagnostic_calibration,4,0,176535,210851,218913,226860,227546,227549,51014
rp2040_1,65,384,4,3,diagnostic_calibration,1,1,56980,91504,0,0,0,91540,34560
rp2040_1,65,384,4,3,diagnostic_calibration,2,2,91546,125905,133978,0,0,134039,42493
rp2040_1,65,384,4,3,diagnostic_calibration,3,2,134041,168390,176453,0,0,176567,42526
rp2040_1,65,384,4,3,diagnostic_calibration,4,1,176568,210916,0,0,0,211011,34443
rp2040_1,65,384,4,3,diagnostic_calibration,5,1,211011,245330,0,0,0,245345,34334
rp2040_1,65,384,4,3,diagnostic_calibration,6,2,245346,279659,287720,0,0,287749,42403
rp2040_1,65,384,4,3,diagnostic_calibration,7,2,287750,322088,330149,0,0,330297,42547
rp2040_1,65,384,4,3,diagnostic_calibration,8,2,330297,364617,372678,0,0,372729,42432
rp2040_1,65,384,4,3,diagnostic_calibration,9,0,372729,407055,415116,423062,423748,423750,51021
rp2040_1,65,385,5,3,diagnostic_holdout,1,2,56982,91509,99593,0,0,99694,42712
rp2040_1,65,385,5,3,diagnostic_holdout,2,1,99699,134083,0,0,0,134136,34437
rp2040_1,65,385,5,3,diagnostic_holdout,3,1,134139,168462,0,0,0,168534,34395
rp2040_1,65,385,5,3,diagnostic_holdout,4,2,168535,202857,210920,0,0,211048,42513
rp2040_1,65,385,5,3,diagnostic_holdout,5,2,211050,245384,253446,0,0,253461,42411
rp2040_1,65,385,5,3,diagnostic_holdout,6,1,253462,287789,0,0,0,287858,34396
rp2040_1,65,385,5,3,diagnostic_holdout,7,0,287858,322170,330231,338177,338864,338867,51009
rp2040_1,65,386,6,3,diagnostic_holdout,1,2,56978,91506,99589,0,0,99682,42704
rp2040_1,65,386,6,3,diagnostic_holdout,2,2,99687,134082,142148,0,0,142194,42507
rp2040_1,65,386,6,3,diagnostic_holdout,3,1,142197,176547,0,0,0,176607,34410
rp2040_1,65,386,6,3,diagnostic_holdout,4,1,176609,210925,0,0,0,211047,34438
rp2040_1,65,386,6,3,diagnostic_holdout,5,2,211049,245367,253429,0,0,253550,42501
rp2040_1,65,386,6,3,diagnostic_holdout,6,2,253551,287872,295933,0,0,295956,42405
rp2040_1,65,386,6,3,diagnostic_holdout,7,2,295956,330290,338351,0,0,338448,42492
rp2040_1,65,386,6,3,diagnostic_holdout,8,2,338449,372784,380845,0,0,380867,42418
rp2040_1,65,386,6,3,diagnostic_holdout,9,0,380868,415197,423258,431204,431891,431894,51026
rp2040_1,65,387,7,3,diagnostic_holdout,1,2,56984,91513,99596,0,0,99655,42671
rp2040_1,65,387,7,3,diagnostic_holdout,2,0,99659,134041,142106,150052,150738,150741,51082
rp2040_1,65,388,8,3,diagnostic_holdout,1,1,56966,91492,0,0,0,91579,34613
rp2040_1,65,388,8,3,diagnostic_holdout,2,1,91584,125940,0,0,0,126036,34452
rp2040_1,65,388,8,3,diagnostic_holdout,3,2,126038,160351,168422,0,0,168507,42469
rp2040_1,65,388,8,3,diagnostic_holdout,4,0,168508,202836,210897,218843,219529,219532,51024
rp2040_1,65,389,9,3,diagnostic_holdout,1,2,57001,91524,99607,0,0,99628,42627
rp2040_1,65,389,9,3,diagnostic_holdout,2,1,99632,134029,0,0,0,134142,34510
rp2040_1,65,389,9,3,diagnostic_holdout,3,2,134144,168471,176533,0,0,176681,42537
rp2040_1,65,389,9,3,diagnostic_holdout,4,2,176682,211009,219070,0,0,219134,42452
rp2040_1,65,389,9,3,diagnostic_holdout,5,2,219134,253468,261529,0,0,261549,42415
rp2040_1,65,389,9,3,diagnostic_holdout,6,1,261549,295878,0,0,0,295978,34429
rp2040_1,65,389,9,3,diagnostic_holdout,7,1,295979,330297,0,0,0,330376,34397
rp2040_1,65,389,9,3,diagnostic_holdout,8,2,330377,364685,372746,0,0,372761,42384
rp2040_1,65,389,9,3,diagnostic_holdout,9,2,372762,407093,415154,0,0,415199,42437
rp2040_1,65,389,9,3,diagnostic_holdout,10,2,415199,449521,457582,0,0,457686,42487
rp2040_1,65,389,9,3,diagnostic_holdout,11,1,457687,492017,0,0,0,492034,34347
rp2040_1,65,389,9,3,diagnostic_holdout,12,1,492035,526347,0,0,0,526393,34358
rp2040_1,65,389,9,3,diagnostic_holdout,13,2,526394,560705,568766,0,0,568877,42483
rp2040_1,65,389,9,3,diagnostic_holdout,14,1,568878,603195,0,0,0,603259,34381
rp2040_1,65,389,9,3,diagnostic_holdout,15,1,603259,637567,0,0,0,637617,34358
rp2040_1,65,389,9,3,diagnostic_holdout,16,1,637618,671923,0,0,0,671948,34330
rp2040_1,65,389,9,3,diagnostic_holdout,17,1,671949,706266,0,0,0,706377,34428
rp2040_1,65,389,9,3,diagnostic_holdout,18,2,706378,740689,748750,0,0,748882,42504
rp2040_1,65,389,9,3,diagnostic_holdout,19,2,748883,783223,791284,0,0,791417,42534
rp2040_1,65,389,9,3,diagnostic_holdout,20,2,791417,825741,833802,0,0,833939,42522
rp2040_1,65,389,9,3,diagnostic_holdout,21,1,833939,868262,0,0,0,868379,34440
rp2040_1,65,389,9,3,diagnostic_holdout,22,1,868380,902699,0,0,0,902724,34344
rp2040_1,65,389,9,3,diagnostic_holdout,23,2,902724,937033,945094,0,0,945119,42395
rp2040_1,65,389,9,3,diagnostic_holdout,24,2,945120,979461,987522,0,0,987614,42494
rp2040_1,65,389,9,3,diagnostic_holdout,25,1,987615,1021937,0,0,0,1021987,34372
rp2040_1,65,389,9,3,diagnostic_holdout,26,1,1021987,1056298,0,0,0,1056419,34432
rp2040_1,65,389,9,3,diagnostic_holdout,27,2,1056420,1090737,1098798,0,0,1098821,42401
rp2040_1,65,389,9,3,diagnostic_holdout,28,0,1098822,1133148,1141209,1149156,1149842,1149845,51023
rp2040_1,65,390,0,4,diagnostic_calibration,1,1,56980,91510,0,0,0,91643,34663
rp2040_1,65,390,0,4,diagnostic_calibration,2,1,91648,126013,0,0,0,126034,34386
rp2040_1,65,390,0,4,diagnostic_calibration,3,2,126038,160367,168438,0,0,168512,42474
rp2040_1,65,390,0,4,diagnostic_calibration,4,0,168513,202842,210904,218851,219537,219540,51027
rp2040_1,65,391,1,4,diagnostic_calibration,1,0,56975,91496,99580,107531,108218,108225,51250
rp2040_1,65,392,2,4,diagnostic_calibration,1,2,56981,91518,99601,0,0,99628,42647
rp2040_1,65,392,2,4,diagnostic_calibration,2,1,99634,134019,0,0,0,134098,34464
rp2040_1,65,392,2,4,diagnostic_calibration,3,2,134101,168426,176489,0,0,176620,42519
rp2040_1,65,392,2,4,diagnostic_calibration,4,2,176622,210967,219028,0,0,219133,42511
rp2040_1,65,392,2,4,diagnostic_calibration,5,1,219133,253458,0,0,0,253494,34361
rp2040_1,65,392,2,4,diagnostic_calibration,6,1,253495,287805,0,0,0,287866,34371
rp2040_1,65,392,2,4,diagnostic_calibration,7,2,287867,322179,330240,0,0,330313,42446
rp2040_1,65,392,2,4,diagnostic_calibration,8,1,330314,364645,0,0,0,364728,34414
rp2040_1,65,392,2,4,diagnostic_calibration,9,1,364728,399040,0,0,0,399127,34399
rp2040_1,65,392,2,4,diagnostic_calibration,10,2,399127,433431,441492,0,0,441613,42486
rp2040_1,65,392,2,4,diagnostic_calibration,11,2,441613,475936,483997,0,0,484070,42457
rp2040_1,65,392,2,4,diagnostic_calibration,12,1,484071,518403,0,0,0,518493,34422
rp2040_1,65,392,2,4,diagnostic_calibration,13,1,518493,552805,0,0,0,552850,34357
rp2040_1,65,392,2,4,diagnostic_calibration,14,2,552850,587156,595217,0,0,595238,42388
rp2040_1,65,392,2,4,diagnostic_calibration,15,1,595239,629572,0,0,0,629646,34407
rp2040_1,65,392,2,4,diagnostic_calibration,16,0,629646,663967,672028,679974,680661,680663,51017
rp2040_1,65,393,3,4,diagnostic_calibration,1,1,56973,91494,0,0,0,91524,34551
rp2040_1,65,393,3,4,diagnostic_calibration,2,2,91529,125892,133968,0,0,134056,42527
rp2040_1,65,393,3,4,diagnostic_calibration,3,0,134058,168412,176474,184420,185106,185109,51051
rp2040_1,65,394,4,4,diagnostic_calibration,1,0,56980,91496,99579,107529,108215,108221,51241
rp2040_1,65,395,5,4,diagnostic_holdout,1,0,56979,91502,99585,107535,108221,108227,51248
rp2040_1,65,396,6,4,diagnostic_holdout,1,1,56981,91495,0,0,0,91548,34567
rp2040_1,65,396,6,4,diagnostic_holdout,2,2,91552,125927,134006,0,0,134075,42523
rp2040_1,65,396,6,4,diagnostic_holdout,3,0,134076,168419,176483,184429,185116,185120,51044
rp2040_1,65,397,7,4,diagnostic_holdout,1,0,56974,91492,99574,107525,108211,108218,51244
rp2040_1,65,398,8,4,diagnostic_holdout,1,1,56960,91472,0,0,0,91507,34547
rp2040_1,65,398,8,4,diagnostic_holdout,2,1,91512,125867,0,0,0,125979,34467
rp2040_1,65,398,8,4,diagnostic_holdout,3,1,125980,160298,0,0,0,160341,34361
rp2040_1,65,398,8,4,diagnostic_holdout,4,1,160342,194654,0,0,0,194661,34319
rp2040_1,65,398,8,4,diagnostic_holdout,5,0,194663,228973,237044,244995,245681,245684,51021
rp2040_1,65,399,9,4,diagnostic_holdout,1,0,56978,91508,99591,107542,108228,108234,51256
rp2040_1,65,400,0,0,diagnostic_calibration,1,1,56967,91498,0,0,0,91601,34634
rp2040_1,65,400,0,0,diagnostic_calibration,2,1,91607,125975,0,0,0,126036,34429
rp2040_1,65,400,0,0,diagnostic_calibration,3,1,126038,160366,0,0,0,160434,34396
rp2040_1,65,400,0,0,diagnostic_calibration,4,0,160436,194750,202821,210771,211457,211460,51024
rp2040_1,65,401,1,0,diagnostic_calibration,1,2,56978,91523,99606,0,0,99660,42682
rp2040_1,65,401,1,0,diagnostic_calibration,2,0,99666,134043,142111,150058,150744,150746,51080
rp2040_1,65,402,2,0,diagnostic_calibration,1,1,56996,91514,0,0,0,91620,34624
rp2040_1,65,402,2,0,diagnostic_calibration,2,1,91626,125981,0,0,0,126044,34418
rp2040_1,65,402,2,0,diagnostic_calibration,3,1,126047,160368,0,0,0,160477,34430
rp2040_1,65,402,2,0,diagnostic_calibration,4,1,160478,194791,0,0,0,194869,34391
rp2040_1,65,402,2,0,diagnostic_calibration,5,1,194870,229177,0,0,0,229236,34366
rp2040_1,65,402,2,0,diagnostic_calibration,6,2,229237,263546,271616,0,0,271748,42511
rp2040_1,65,402,2,0,diagnostic_calibration,7,0,271749,306078,314140,322089,322774,322777,51028
rp2040_1,65,403,3,0,diagnostic_calibration,1,0,56975,91498,99581,107532,108218,108225,51250
rp2040_1,65,404,4,0,diagnostic_calibration,1,2,56983,91503,99586,0,0,99683,42700
rp2040_1,65,404,4,0,diagnostic_calibration,2,0,99689,134070,142135,150081,150767,150771,51082
rp2040_1,65,405,5,0,diagnostic_holdout,1,2,56983,91505,99588,0,0,99613,42630
rp2040_1,65,405,5,0,diagnostic_holdout,2,2,99618,134015,142081,0,0,142155,42537
rp2040_1,65,405,5,0,diagnostic_holdout,3,1,142157,176487,0,0,0,176580,34423
rp2040_1,65,405,5,0,diagnostic_holdout,4,2,176580,210901,218962,0,0,219000,42420
rp2040_1,65,405,5,0,diagnostic_holdout,5,1,219001,253327,0,0,0,253338,34337
rp2040_1,65,405,5,0,diagnostic_holdout,6,1,253338,287654,0,0,0,287771,34433
rp2040_1,65,405,5,0,diagnostic_holdout,7,2,287771,322084,330145,0,0,330211,42440
rp2040_1,65,405,5,0,diagnostic_holdout,8,2,330212,364536,372597,0,0,372650,42438
rp2040_1,65,405,5,0,diagnostic_holdout,9,2,372650,406978,415039,0,0,415103,42453
rp2040_1,65,405,5,0,diagnostic_holdout,10,1,415104,449435,0,0,0,449479,34375
rp2040_1,65,405,5,0,diagnostic_holdout,11,1,449479,483793,0,0,0,483906,34427
rp2040_1,65,405,5,0,diagnostic_holdout,12,2,483907,518216,526277,0,0,526408,42501
rp2040_1,65,405,5,0,diagnostic_holdout,13,2,526409,560728,568789,0,0,568805,42396
rp2040_1,65,405,5,0,diagnostic_holdout,14,2,568805,603144,611205,0,0,611315,42510
rp2040_1,65,405,5,0,diagnostic_holdout,15,2,611316,645651,653712,0,0,653737,42421
rp2040_1,65,405,5,0,diagnostic_holdout,16,2,653738,688068,696129,0,0,696171,42433
rp2040_1,65,405,5,0,diagnostic_holdout,17,1,696172,730516,0,0,0,730587,34415
rp2040_1,65,405,5,0,diagnostic_holdout,18,1,730588,764899,0,0,0,764953,34365
rp2040_1,65,405,5,0,diagnostic_holdout,19,2,764954,799258,807319,0,0,807402,42448
rp2040_1,65,405,5,0,diagnostic_holdout,20,2,807402,841727,849788,0,0,849904,42502
rp2040_1,65,405,5,0,diagnostic_holdout,21,0,849905,884232,892293,900240,900927,900930,51025
rp2040_1,65,406,6,0,diagnostic_holdout,1,2,56972,91486,99571,0,0,99597,42625
rp2040_1,65,406,6,0,diagnostic_holdout,2,4,99603,133983,142048,149995,150681,150683,51080
rp2040_1,65,406,6,0,diagnostic_holdout,3,0,150685,185051,193113,201059,201728,201730,51045
rp2040_1,65,407,7,0,diagnostic_holdout,1,1,56991,91511,0,0,0,91593,34602
rp2040_1,65,407,7,0,diagnostic_holdout,2,1,91598,125950,0,0,0,126035,34437
rp2040_1,65,407,7,0,diagnostic_holdout,3,1,126036,160347,0,0,0,160366,34330
rp2040_1,65,407,7,0,diagnostic_holdout,4,1,160367,194677,0,0,0,194736,34369
rp2040_1,65,407,7,0,diagnostic_holdout,5,2,194737,229051,237121,0,0,237145,42408
rp2040_1,65,407,7,0,diagnostic_holdout,6,2,237146,271480,279543,0,0,279626,42480
rp2040_1,65,407,7,0,diagnostic_holdout,7,2,279627,313962,322023,0,0,322054,42427
rp2040_1,65,407,7,0,diagnostic_holdout,8,1,322055,356388,0,0,0,356444,34389
rp2040_1,65,407,7,0,diagnostic_holdout,9,1,356445,390753,0,0,0,390789,34344
rp2040_1,65,407,7,0,diagnostic_holdout,10,0,390790,425103,433164,441111,441797,441800,51010
rp2040_1,65,408,8,0,diagnostic_holdout,1,2,56959,91480,99564,0,0,99628,42669
rp2040_1,65,408,8,0,diagnostic_holdout,2,1,99634,134028,0,0,0,134118,34484
rp2040_1,65,408,8,0,diagnostic_holdout,3,2,134118,168440,176503,0,0,176560,42442
rp2040_1,65,408,8,0,diagnostic_holdout,4,1,176561,210900,0,0,0,211026,34465
rp2040_1,65,408,8,0,diagnostic_holdout,5,2,211027,245339,253400,0,0,253529,42502
rp2040_1,65,408,8,0,diagnostic_holdout,6,2,253530,287856,295917,0,0,296066,42536
rp2040_1,65,408,8,0,diagnostic_holdout,7,1,296066,330388,0,0,0,330403,34337
rp2040_1,65,408,8,0,diagnostic_holdout,8,2,330404,364710,372771,0,0,372802,42398
rp2040_1,65,408,8,0,diagnostic_holdout,9,2,372803,407135,415196,0,0,415284,42481
rp2040_1,65,408,8,0,diagnostic_holdout,10,1,415285,449623,0,0,0,449638,34353
rp2040_1,65,408,8,0,diagnostic_holdout,11,1,449639,483943,0,0,0,483984,34345
rp2040_1,65,408,8,0,diagnostic_holdout,12,2,483985,518290,526351,0,0,526379,42394
rp2040_1,65,408,8,0,diagnostic_holdout,13,0,526380,560699,568760,576706,577392,577395,51015
rp2040_1,65,409,9,0,diagnostic_holdout,1,0,57007,91528,99611,107561,108247,108253,51246
rp2040_1,65,410,0,1,diagnostic_calibration,1,2,56981,91508,99592,0,0,99653,42672
rp2040_1,65,410,0,1,diagnostic_calibration,2,2,99657,134046,142116,0,0,142123,42466
rp2040_1,65,410,0,1,diagnostic_calibration,3,1,142125,176469,0,0,0,176554,34429
rp2040_1,65,410,0,1,diagnostic_calibration,4,1,176555,210866,0,0,0,210945,34390
rp2040_1,65,410,0,1,diagnostic_calibration,5,0,210946,245254,253316,261262,261948,261951,51005
rp2040_1,65,411,1,1,diagnostic_calibration,1,2,56995,91520,99604,0,0,99674,42679
rp2040_1,65,411,1,1,diagnostic_calibration,2,1,99678,134069,0,0,0,134090,34412
rp2040_1,65,411,1,1,diagnostic_calibration,3,2,134092,168412,176475,0,0,176497,42405
rp2040_1,65,411,1,1,diagnostic_calibration,4,1,176498,210832,0,0,0,210959,34461
rp2040_1,65,411,1,1,diagnostic_calibration,5,1,210960,245278,0,0,0,245364,34404
rp2040_1,65,411,1,1,diagnostic_calibration,6,2,245364,279674,287735,0,0,287765,42401
rp2040_1,65,411,1,1,diagnostic_calibration,7,1,287765,322091,0,0,0,322144,34379
rp2040_1,65,411,1,1,diagnostic_calibration,8,2,322145,356462,364523,0,0,364579,42434
rp2040_1,65,411,1,1,diagnostic_calibration,9,0,364580,398903,406964,414910,415596,415600,51020
rp2040_1,65,412,2,1,diagnostic_calibration,1,2,56987,91514,99597,0,0,99744,42757
rp2040_1,65,412,2,1,diagnostic_calibration,2,0,99750,134132,142196,150143,150829,150834,51084
rp2040_1,65,413,3,1,diagnostic_calibration,1,1,56986,91516,0,0,0,91547,34561
rp2040_1,65,413,3,1,diagnostic_calibration,2,2,91552,125921,133995,0,0,134068,42516
rp2040_1,65,413,3,1,diagnostic_calibration,3,1,134071,168413,0,0,0,168511,34440
rp2040_1,65,413,3,1,diagnostic_calibration,4,1,168512,202822,0,0,0,202846,34334
rp2040_1,65,413,3,1,diagnostic_calibration,5,0,202846,237150,245211,253159,253845,253848,51002
rp2040_1,65,414,4,1,diagnostic_calibration,1,2,56966,91484,99568,0,0,99705,42739
rp2040_1,65,414,4,1,diagnostic_calibration,2,0,99711,134090,142156,150103,150790,150793,51082
rp2040_1,65,415,5,1,diagnostic_holdout,1,1,56977,91499,0,0,0,91624,34647
rp2040_1,65,415,5,1,diagnostic_holdout,2,2,91629,125992,134065,0,0,134124,42495
rp2040_1,65,415,5,1,diagnostic_holdout,3,1,134127,168479,0,0,0,168484,34357
rp2040_1,65,415,5,1,diagnostic_holdout,4,2,168486,202804,210868,0,0,210990,42504
rp2040_1,65,415,5,1,diagnostic_holdout,5,0,210991,245333,253396,261342,262029,262032,51041
rp2040_1,65,416,6,1,diagnostic_holdout,1,1,56972,91490,0,0,0,91513,34541
rp2040_1,65,416,6,1,diagnostic_holdout,2,0,91518,125884,133961,141912,142597,142602,51084
rp2040_1,65,417,7,1,diagnostic_holdout,1,1,56994,91513,0,0,0,91574,34580
rp2040_1,65,417,7,1,diagnostic_holdout,2,2,91580,125941,134014,0,0,134043,42463
rp2040_1,65,417,7,1,diagnostic_holdout,3,1,134046,168372,0,0,0,168410,34364
rp2040_1,65,417,7,1,diagnostic_holdout,4,2,168411,202722,210785,0,0,210928,42517
rp2040_1,65,417,7,1,diagnostic_holdout,5,2,210929,245264,253326,0,0,253368,42439
rp2040_1,65,417,7,1,diagnostic_holdout,6,2,253368,287699,295760,0,0,295911,42543
rp2040_1,65,417,7,1,diagnostic_holdout,7,1,295912,330241,0,0,0,330307,34395
rp2040_1,65,417,7,1,diagnostic_holdout,8,0,330308,364620,372680,380627,381313,381316,51008
rp2040_1,65,418,8,1,diagnostic_holdout,1,1,56966,91475,0,0,0,91498,34532
rp2040_1,65,418,8,1,diagnostic_holdout,2,0,91503,125865,133938,141889,142575,142578,51075
rp2040_1,65,419,9,1,diagnostic_holdout,1,0,56995,91508,99592,107542,108229,108236,51241
rp2040_1,65,420,0,2,diagnostic_calibration,1,0,56999,91520,99603,107554,108239,108245,51246
rp2040_1,65,421,1,2,diagnostic_calibration,1,0,56965,91488,99571,107522,108208,108214,51249
rp2040_1,65,422,2,2,diagnostic_calibration,1,0,56972,91495,99579,107529,108216,108222,51250
rp2040_1,65,423,3,2,diagnostic_calibration,1,1,56978,91514,0,0,0,91610,34632
rp2040_1,65,423,3,2,diagnostic_calibration,2,0,91615,125988,134061,142012,142697,142701,51086
rp2040_1,65,424,4,2,diagnostic_calibration,1,2,56974,91499,99582,0,0,99616,42642
rp2040_1,65,424,4,2,diagnostic_calibration,2,2,99621,134019,142084,0,0,142103,42482
rp2040_1,65,424,4,2,diagnostic_calibration,3,2,142105,176451,184513,0,0,184579,42474
rp2040_1,65,424,4,2,diagnostic_calibration,4,2,184582,218911,226972,0,0,226981,42399
rp2040_1,65,424,4,2,diagnostic_calibration,5,1,226982,261311,0,0,0,261328,34346
rp2040_1,65,424,4,2,diagnostic_calibration,6,2,261329,295642,303703,0,0,303777,42448
rp2040_1,65,424,4,2,diagnostic_calibration,7,1,303777,338107,0,0,0,338150,34373
rp2040_1,65,424,4,2,diagnostic_calibration,8,0,338151,372458,380519,388465,389151,389153,51002
rp2040_1,65,425,5,2,diagnostic_holdout,1,1,56992,91495,0,0,0,91641,34649
rp2040_1,65,425,5,2,diagnostic_holdout,2,1,91647,126004,0,0,0,126132,34485
rp2040_1,65,425,5,2,diagnostic_holdout,3,1,126134,160451,0,0,0,160520,34386
rp2040_1,65,425,5,2,diagnostic_holdout,4,2,160521,194834,202904,0,0,202963,42442
rp2040_1,65,425,5,2,diagnostic_holdout,5,2,202964,237300,245361,0,0,245384,42420
rp2040_1,65,425,5,2,diagnostic_holdout,6,1,245385,279705,0,0,0,279714,34329
rp2040_1,65,425,5,2,diagnostic_holdout,7,2,279714,314025,322086,0,0,322143,42429
rp2040_1,65,425,5,2,diagnostic_holdout,8,2,322144,356474,364535,0,0,364687,42543
rp2040_1,65,425,5,2,diagnostic_holdout,9,2,364688,399017,407078,0,0,407143,42455
rp2040_1,65,425,5,2,diagnostic_holdout,10,2,407143,441479,449540,0,0,449650,42507
rp2040_1,65,425,5,2,diagnostic_holdout,11,2,449651,483980,492041,0,0,492054,42403
rp2040_1,65,425,5,2,diagnostic_holdout,12,1,492055,526379,0,0,0,526397,34342
rp2040_1,65,425,5,2,diagnostic_holdout,13,1,526398,560707,0,0,0,560747,34349
rp2040_1,65,425,5,2,diagnostic_holdout,14,1,560748,595055,0,0,0,595065,34317
rp2040_1,65,425,5,2,diagnostic_holdout,15,0,595065,629382,637442,645389,646075,646078,51013
rp2040_1,65,426,6,2,diagnostic_holdout,1,1,56979,91509,0,0,0,91580,34601
rp2040_1,65,426,6,2,diagnostic_holdout,2,0,91587,125966,134039,141989,142675,142679,51092
rp2040_1,65,427,7,2,diagnostic_holdout,1,1,56973,91494,0,0,0,91617,34644
rp2040_1,65,427,7,2,diagnostic_holdout,2,1,91621,125970,0,0,0,126027,34406
rp2040_1,65,427,7,2,diagnostic_holdout,3,1,126029,160362,0,0,0,160387,34358
rp2040_1,65,427,7,2,diagnostic_holdout,4,1,160387,194701,0,0,0,194741,34354
rp2040_1,65,427,7,2,diagnostic_holdout,5,1,194741,229055,0,0,0,229086,34345
rp2040_1,65,427,7,2,diagnostic_holdout,6,2,229086,263403,271473,0,0,271482,42396
rp2040_1,65,427,7,2,diagnostic_holdout,7,1,271483,305818,0,0,0,305864,34381
rp2040_1,65,427,7,2,diagnostic_holdout,8,2,305865,340189,348252,0,0,348274,42409
rp2040_1,65,427,7,2,diagnostic_holdout,9,2,348275,382615,390676,0,0,390682,42407
rp2040_1,65,427,7,2,diagnostic_holdout,10,2,390683,425007,433068,0,0,433150,42467
rp2040_1,65,427,7,2,diagnostic_holdout,11,2,433151,467475,475536,0,0,475655,42504
rp2040_1,65,427,7,2,diagnostic_holdout,12,1,475656,509982,0,0,0,510064,34408
rp2040_1,65,427,7,2,diagnostic_holdout,13,2,510065,544376,552437,0,0,552461,42396
rp2040_1,65,427,7,2,diagnostic_holdout,14,1,552462,586806,0,0,0,586844,34382
rp2040_1,65,427,7,2,diagnostic_holdout,15,2,586845,621155,629215,0,0,629246,42401
rp2040_1,65,427,7,2,diagnostic_holdout,16,1,629247,663580,0,0,0,663671,34424
rp2040_1,65,427,7,2,diagnostic_holdout,17,2,663672,697989,706050,0,0,706116,42444
rp2040_1,65,427,7,2,diagnostic_holdout,18,0,706116,740443,748504,756450,757137,757140,51024
rp2040_1,65,428,8,2,diagnostic_holdout,1,1,56988,91502,0,0,0,91581,34593
rp2040_1,65,428,8,2,diagnostic_holdout,2,2,91586,125948,134022,0,0,134065,42479
rp2040_1,65,428,8,2,diagnostic_holdout,3,1,134067,168412,0,0,0,168453,34386
rp2040_1,65,428,8,2,diagnostic_holdout,4,1,168454,202765,0,0,0,202855,34401
rp2040_1,65,428,8,2,diagnostic_holdout,5,2,202855,237164,245228,0,0,245238,42383
rp2040_1,65,428,8,2,diagnostic_holdout,6,1,245239,279569,0,0,0,279640,34401
rp2040_1,65,428,8,2,diagnostic_holdout,7,1,279640,313954,0,0,0,313959,34319
rp2040_1,65,428,8,2,diagnostic_holdout,8,2,313960,348271,356334,0,0,356461,42501
rp2040_1,65,428,8,2,diagnostic_holdout,9,2,356462,390803,398865,0,0,398872,42410
rp2040_1,65,428,8,2,diagnostic_holdout,10,2,398873,433192,441253,0,0,441257,42384
rp2040_1,65,428,8,2,diagnostic_holdout,11,2,441258,475590,483651,0,0,483769,42511
rp2040_1,65,428,8,2,diagnostic_holdout,12,1,483770,518092,0,0,0,518156,34386
rp2040_1,65,428,8,2,diagnostic_holdout,13,2,518156,552470,560531,0,0,560655,42499
rp2040_1,65,428,8,2,diagnostic_holdout,14,1,560656,594992,0,0,0,595059,34403
rp2040_1,65,428,8,2,diagnostic_holdout,15,1,595060,629374,0,0,0,629408,34348
rp2040_1,65,428,8,2,diagnostic_holdout,16,1,629409,663713,0,0,0,663779,34370
rp2040_1,65,428,8,2,diagnostic_holdout,17,2,663780,698089,706150,0,0,706283,42503
rp2040_1,65,428,8,2,diagnostic_holdout,18,1,706284,740613,0,0,0,740695,34411
rp2040_1,65,428,8,2,diagnostic_holdout,19,1,740696,775004,0,0,0,775048,34352
rp2040_1,65,428,8,2,diagnostic_holdout,20,1,775049,809354,0,0,0,809427,34378
rp2040_1,65,428,8,2,diagnostic_holdout,21,2,809428,843735,851796,0,0,851813,42385
rp2040_1,65,428,8,2,diagnostic_holdout,22,1,851814,886154,0,0,0,886231,34417
rp2040_1,65,428,8,2,diagnostic_holdout,23,0,886232,920542,928602,936549,937236,937239,51007
rp2040_1,65,429,9,2,diagnostic_holdout,1,2,56990,91514,99597,0,0,99748,42758
rp2040_1,65,429,9,2,diagnostic_holdout,2,2,99754,134146,142211,0,0,142263,42509
rp2040_1,65,429,9,2,diagnostic_holdout,3,2,142265,176618,184680,0,0,184719,42454
rp2040_1,65,429,9,2,diagnostic_holdout,4,2,184720,219062,227123,0,0,227251,42531
rp2040_1,65,429,9,2,diagnostic_holdout,5,1,227252,261579,0,0,0,261608,34356
rp2040_1,65,429,9,2,diagnostic_holdout,6,2,261609,295926,303987,0,0,304019,42410
rp2040_1,65,429,9,2,diagnostic_holdout,7,1,304020,338347,0,0,0,338370,34350
rp2040_1,65,429,9,2,diagnostic_holdout,8,0,338371,372678,380739,388685,389372,389375,51004
rp2040_1,65,430,0,3,diagnostic_calibration,1,1,56965,91486,0,0,0,91517,34552
rp2040_1,65,430,0,3,diagnostic_calibration,2,2,91521,125887,133963,0,0,134112,42591
rp2040_1,65,430,0,3,diagnostic_calibration,3,0,134114,168456,176520,184467,185153,185156,51042
rp2040_1,65,431,1,3,diagnostic_calibration,1,2,56989,91519,99603,0,0,99731,42742
rp2040_1,65,431,1,3,diagnostic_calibration,2,0,99736,134119,142184,150130,150816,150820,51084
rp2040_1,65,432,2,3,diagnostic_calibration,1,0,56993,91506,99590,107540,108227,108234,51241
rp2040_1,65,433,3,3,diagnostic_calibration,1,2,56987,91505,99588,0,0,99606,42619
rp2040_1,65,433,3,3,diagnostic_calibration,2,0,99612,134001,142068,150016,150703,150707,51095
rp2040_1,65,434,4,3,diagnostic_calibration,1,1,56979,91504,0,0,0,91533,34554
rp2040_1,65,434,4,3,diagnostic_calibration,2,1,91539,125897,0,0,0,125907,34368
rp2040_1,65,434,4,3,diagnostic_calibration,3,1,125910,160230,0,0,0,160325,34415
rp2040_1,65,434,4,3,diagnostic_calibration,4,2,160326,194640,202711,0,0,202728,42402
rp2040_1,65,434,4,3,diagnostic_calibration,5,2,202730,237061,245124,0,0,245146,42416
rp2040_1,65,434,4,3,diagnostic_calibration,6,0,245147,279478,287540,295487,296172,296175,51028
rp2040_1,65,435,5,3,diagnostic_holdout,1,1,57007,91527,0,0,0,91624,34617
rp2040_1,65,435,5,3,diagnostic_holdout,2,2,91630,125998,134072,0,0,134185,42555
rp2040_1,65,435,5,3,diagnostic_holdout,3,2,134188,168543,176607,0,0,176640,42452
rp2040_1,65,435,5,3,diagnostic_holdout,4,1,176640,210971,0,0,0,211075,34435
rp2040_1,65,435,5,3,diagnostic_holdout,5,1,211075,245382,0,0,0,245390,34315
rp2040_1,65,435,5,3,diagnostic_holdout,6,2,245390,279700,287761,0,0,287816,42426
rp2040_1,65,435,5,3,diagnostic_holdout,7,2,287816,322155,330216,0,0,330227,42411
rp2040_1,65,435,5,3,diagnostic_holdout,8,2,330227,364550,372611,0,0,372690,42463
rp2040_1,65,435,5,3,diagnostic_holdout,9,2,372690,407026,415087,0,0,415215,42525
rp2040_1,65,435,5,3,diagnostic_holdout,10,1,415216,449536,0,0,0,449615,34399
rp2040_1,65,435,5,3,diagnostic_holdout,11,2,449615,483928,491989,0,0,492035,42420
rp2040_1,65,435,5,3,diagnostic_holdout,12,1,492035,526368,0,0,0,526438,34403
rp2040_1,65,435,5,3,diagnostic_holdout,13,1,526439,560767,0,0,0,560814,34375
rp2040_1,65,435,5,3,diagnostic_holdout,14,0,560815,595125,603186,611132,611818,611821,51006
rp2040_1,65,436,6,3,diagnostic_holdout,1,1,57028,91555,0,0,0,91674,34646
rp2040_1,65,436,6,3,diagnostic_holdout,2,1,91680,126053,0,0,0,126172,34492
rp2040_1,65,436,6,3,diagnostic_holdout,3,0,126174,160495,168567,176517,177203,177206,51032
rp2040_1,65,437,7,3,diagnostic_holdout,1,2,56994,91521,99604,0,0,99620,42626
rp2040_1,65,437,7,3,diagnostic_holdout,2,2,99625,134015,142083,0,0,142120,42495
rp2040_1,65,437,7,3,diagnostic_holdout,3,2,142122,176468,184531,0,0,184578,42456
rp2040_1,65,437,7,3,diagnostic_holdout,4,2,184580,218912,226974,0,0,227067,42487
rp2040_1,65,437,7,3,diagnostic_holdout,5,2,227068,261406,269467,0,0,269492,42424
rp2040_1,65,437,7,3,diagnostic_holdout,6,0,269493,303816,311877,319823,320509,320511,51018
rp2040_1,65,438,8,3,diagnostic_holdout,1,1,57000,91520,0,0,0,91560,34560
rp2040_1,65,438,8,3,diagnostic_holdout,2,2,91565,125933,134007,0,0,134034,42469
rp2040_1,65,438,8,3,diagnostic_holdout,3,2,134037,168389,176450,0,0,176550,42513
rp2040_1,65,438,8,3,diagnostic_holdout,4,0,176551,210884,218945,226892,227578,227581,51030
rp2040_1,65,439,9,3,diagnostic_holdout,1,2,56992,91519,99602,0,0,99653,42661
rp2040_1,65,439,9,3,diagnostic_holdout,2,2,99658,134045,142112,0,0,142149,42491
rp2040_1,65,439,9,3,diagnostic_holdout,3,1,142151,176494,0,0,0,176530,34379
rp2040_1,65,439,9,3,diagnostic_holdout,4,0,176530,210850,218911,226859,227545,227548,51018
rp2040_1,65,440,0,4,diagnostic_calibration,1,0,56969,91499,99582,107533,108219,108226,51257
rp2040_1,65,441,1,4,diagnostic_calibration,1,0,56999,91510,99594,107544,108230,108236,51237
rp2040_1,65,442,2,4,diagnostic_calibration,1,1,56996,91511,0,0,0,91645,34649
rp2040_1,65,442,2,4,diagnostic_calibration,2,0,91651,126008,134080,142031,142717,142721,51070
rp2040_1,65,443,3,4,diagnostic_calibration,1,1,56982,91510,0,0,0,91611,34629
rp2040_1,65,443,3,4,diagnostic_calibration,2,2,91616,125984,134056,0,0,134086,42470
rp2040_1,65,443,3,4,diagnostic_calibration,3,2,134087,168437,176499,0,0,176579,42492
rp2040_1,65,443,3,4,diagnostic_calibration,4,1,176579,210920,0,0,0,210930,34351
rp2040_1,65,443,3,4,diagnostic_calibration,5,1,210930,245248,0,0,0,245254,34324
rp2040_1,65,443,3,4,diagnostic_calibration,6,2,245255,279570,287631,0,0,287665,42410
rp2040_1,65,443,3,4,diagnostic_calibration,7,0,287665,321991,330052,337998,338685,338687,51022
rp2040_1,65,444,4,4,diagnostic_calibration,1,0,56974,91499,99582,107533,108219,108224,51250
rp2040_1,65,445,5,4,diagnostic_holdout,1,1,57004,91518,0,0,0,91637,34633
rp2040_1,65,445,5,4,diagnostic_holdout,2,2,91643,125995,134067,0,0,134113,42470
rp2040_1,65,445,5,4,diagnostic_holdout,3,2,134115,168451,176513,0,0,176564,42449
rp2040_1,65,445,5,4,diagnostic_holdout,4,2,176565,210895,218956,0,0,219078,42513
rp2040_1,65,445,5,4,diagnostic_holdout,5,0,219079,253402,261462,269409,270095,270098,51019
rp2040_1,65,446,6,4,diagnostic_holdout,1,1,56997,91526,0,0,0,91662,34665
rp2040_1,65,446,6,4,diagnostic_holdout,2,2,91666,126043,134116,0,0,134148,42482
rp2040_1,65,446,6,4,diagnostic_holdout,3,2,134152,168500,176562,0,0,176638,42486
rp2040_1,65,446,6,4,diagnostic_holdout,4,2,176639,210976,219038,0,0,219095,42456
rp2040_1,65,446,6,4,diagnostic_holdout,5,1,219097,253432,0,0,0,253548,34451
rp2040_1,65,446,6,4,diagnostic_holdout,6,0,253548,287864,295926,303872,304558,304561,51013
rp2040_1,65,447,7,4,diagnostic_holdout,1,2,56998,91515,99600,0,0,99637,42639
rp2040_1,65,447,7,4,diagnostic_holdout,2,2,99642,134023,142089,0,0,142167,42525
rp2040_1,65,447,7,4,diagnostic_holdout,3,1,142168,176515,0,0,0,176554,34386
rp2040_1,65,447,7,4,diagnostic_holdout,4,2,176556,210874,218935,0,0,219011,42455
rp2040_1,65,447,7,4,diagnostic_holdout,5,1,219013,253347,0,0,0,253467,34454
rp2040_1,65,447,7,4,diagnostic_holdout,6,2,253467,287781,295842,0,0,295872,42405
rp2040_1,65,447,7,4,diagnostic_holdout,7,0,295872,330201,338262,346208,346894,346897,51025
rp2040_1,65,448,8,4,diagnostic_holdout,1,2,56960,91476,99560,0,0,99697,42737
rp2040_1,65,448,8,4,diagnostic_holdout,2,0,99702,134097,142160,150106,150792,150796,51094
rp2040_1,65,449,9,4,diagnostic_holdout,1,1,56983,91508,0,0,0,91602,34619
rp2040_1,65,449,9,4,diagnostic_holdout,2,1,91607,125981,0,0,0,126047,34440
rp2040_1,65,449,9,4,diagnostic_holdout,3,2,126049,160371,168443,0,0,168566,42517
rp2040_1,65,449,9,4,diagnostic_holdout,4,1,168568,202901,0,0,0,202972,34404
rp2040_1,65,449,9,4,diagnostic_holdout,5,2,202973,237283,245345,0,0,245389,42416
rp2040_1,65,449,9,4,diagnostic_holdout,6,2,245389,279723,287784,0,0,287805,42416
rp2040_1,65,449,9,4,diagnostic_holdout,7,1,287806,322142,0,0,0,322249,34443
rp2040_1,65,449,9,4,diagnostic_holdout,8,2,322250,356576,364637,0,0,364722,42472
rp2040_1,65,449,9,4,diagnostic_holdout,9,2,364723,399053,407114,0,0,407188,42465
rp2040_1,65,449,9,4,diagnostic_holdout,10,1,407188,441526,0,0,0,441608,34420
rp2040_1,65,449,9,4,diagnostic_holdout,11,0,441608,475923,483984,491931,492616,492619,51011
rp2040_1,65,450,0,0,diagnostic_calibration,1,1,56980,91516,0,0,0,91547,34567
rp2040_1,65,450,0,0,diagnostic_calibration,2,1,91552,125913,0,0,0,125923,34371
rp2040_1,65,450,0,0,diagnostic_calibration,3,2,125926,160252,168323,0,0,168428,42502
rp2040_1,65,450,0,0,diagnostic_calibration,4,1,168429,202758,0,0,0,202791,34362
rp2040_1,65,450,0,0,diagnostic_calibration,5,2,202792,237102,245165,0,0,245173,42381
rp2040_1,65,450,0,0,diagnostic_calibration,6,2,245174,279503,287564,0,0,287627,42453
rp2040_1,65,450,0,0,diagnostic_calibration,7,1,287627,321953,0,0,0,321991,34364
rp2040_1,65,450,0,0,diagnostic_calibration,8,2,321991,356304,364365,0,0,364443,42452
rp2040_1,65,450,0,0,diagnostic_calibration,9,2,364444,398774,406835,0,0,406847,42403
rp2040_1,65,450,0,0,diagnostic_calibration,10,1,406848,441166,0,0,0,441281,34433
rp2040_1,65,450,0,0,diagnostic_calibration,11,0,441282,475594,483655,491601,492286,492289,51007
rp2040_1,65,451,1,0,diagnostic_calibration,1,2,56979,91489,99572,0,0,99661,42682
rp2040_1,65,451,1,0,diagnostic_calibration,2,2,99665,134037,142103,0,0,142131,42466
rp2040_1,65,451,1,0,diagnostic_calibration,3,2,142132,176467,184530,0,0,184637,42505
rp2040_1,65,451,1,0,diagnostic_calibration,4,2,184638,218968,227029,0,0,227059,42421
rp2040_1,65,451,1,0,diagnostic_calibration,5,2,227060,261385,269445,0,0,269492,42432
rp2040_1,65,451,1,0,diagnostic_calibration,6,1,269492,303826,0,0,0,303904,34412
rp2040_1,65,451,1,0,diagnostic_calibration,7,1,303905,338223,0,0,0,338306,34401
rp2040_1,65,451,1,0,diagnostic_calibration,8,2,338306,372616,380677,0,0,380828,42522
rp2040_1,65,451,1,0,diagnostic_calibration,9,2,380828,415156,423217,0,0,423287,42459
rp2040_1,65,451,1,0,diagnostic_calibration,10,0,423287,457606,465667,473613,474299,474302,51015
rp2040_1,65,452,2,0,diagnostic_calibration,1,0,56982,91499,99581,107532,108218,108223,51241
rp2040_1,65,453,3,0,diagnostic_calibration,1,0,57004,91532,99616,107566,108252,108258,51254
rp2040_1,65,454,4,0,diagnostic_calibration,1,0,56973,91486,99568,107519,108205,108211,51238
rp2040_1,65,455,5,0,diagnostic_holdout,1,1,56980,91517,0,0,0,91604,34624
rp2040_1,65,455,5,0,diagnostic_holdout,2,2,91609,125979,134054,0,0,134096,42487
rp2040_1,65,455,5,0,diagnostic_holdout,3,0,134100,168455,176520,184466,185152,185154,51054
rp2040_1,65,456,6,0,diagnostic_holdout,1,2,56972,91484,99567,0,0,99729,42757
rp2040_1,65,456,6,0,diagnostic_holdout,2,1,99734,134127,0,0,0,134212,34478
rp2040_1,65,456,6,0,diagnostic_holdout,3,2,134214,168538,176600,0,0,176706,42492
rp2040_1,65,456,6,0,diagnostic_holdout,4,2,176707,211046,219107,0,0,219185,42478
rp2040_1,65,456,6,0,diagnostic_holdout,5,1,219186,253512,0,0,0,253537,34351
rp2040_1,65,456,6,0,diagnostic_holdout,6,0,253538,287864,295925,303872,304558,304561,51023
rp2040_1,65,457,7,0,diagnostic_holdout,1,2,56991,91509,99593,0,0,99614,42623
rp2040_1,65,457,7,0,diagnostic_holdout,2,1,99618,134000,0,0,0,134071,34453
rp2040_1,65,457,7,0,diagnostic_holdout,3,0,134072,168388,176452,184400,185085,185088,51016
rp2040_1,65,458,8,0,diagnostic_holdout,1,0,56965,91494,99578,107528,108215,108221,51256
rp2040_1,65,459,9,0,diagnostic_holdout,1,1,56998,91525,0,0,0,91661,34663
rp2040_1,65,459,9,0,diagnostic_holdout,2,1,91666,126030,0,0,0,126117,34451
rp2040_1,65,459,9,0,diagnostic_holdout,3,2,126118,160442,168512,0,0,168650,42532
rp2040_1,65,459,9,0,diagnostic_holdout,4,0,168651,202999,211063,219009,219695,219698,51047
rp2040_1,65,460,0,1,diagnostic_calibration,1,2,56984,91505,99589,0,0,99631,42647
rp2040_1,65,460,0,1,diagnostic_calibration,2,0,99637,134013,142077,150024,150711,150715,51078
rp2040_1,65,461,1,1,diagnostic_calibration,1,0,56989,91526,99609,107559,108246,108253,51264
rp2040_1,65,462,2,1,diagnostic_calibration,1,1,56956,91474,0,0,0,91601,34645
rp2040_1,65,462,2,1,diagnostic_calibration,2,2,91606,125968,134043,0,0,134154,42548
rp2040_1,65,462,2,1,diagnostic_calibration,3,2,134156,168509,176574,0,0,176662,42506
rp2040_1,65,462,2,1,diagnostic_calibration,4,0,176663,210991,219053,226999,227686,227688,51025
rp2040_1,65,463,3,1,diagnostic_calibration,1,2,56992,91521,99606,0,0,99682,42690
rp2040_1,65,463,3,1,diagnostic_calibration,2,2,99689,134066,142131,0,0,142238,42549
rp2040_1,65,463,3,1,diagnostic_calibration,3,2,142239,176589,184652,0,0,184728,42489
rp2040_1,65,463,3,1,diagnostic_calibration,4,0,184729,219065,227126,235072,235757,235760,51031
rp2040_1,65,464,4,1,diagnostic_calibration,1,0,56962,91496,99579,107530,108217,108223,51261
rp2040_1,65,465,5,1,diagnostic_holdout,1,0,56981,91514,99597,107548,108234,108240,51259
rp2040_1,65,466,6,1,diagnostic_holdout,1,2,56962,91485,99570,0,0,99592,42630
rp2040_1,65,466,6,1,diagnostic_holdout,2,1,99597,133972,0,0,0,134058,34461
rp2040_1,65,466,6,1,diagnostic_holdout,3,2,134061,168395,176459,0,0,176498,42437
rp2040_1,65,466,6,1,diagnostic_holdout,4,1,176499,210832,0,0,0,210866,34367
rp2040_1,65,466,6,1,diagnostic_holdout,5,2,210867,245177,253239,0,0,253292,42425
rp2040_1,65,466,6,1,diagnostic_holdout,6,2,253293,287625,295686,0,0,295708,42415
rp2040_1,65,466,6,1,diagnostic_holdout,7,1,295709,330031,0,0,0,330118,34409
rp2040_1,65,466,6,1,diagnostic_holdout,8,2,330119,364424,372485,0,0,372503,42384
rp2040_1,65,466,6,1,diagnostic_holdout,9,0,372504,406835,414895,422842,423528,423531,51027
rp2040_1,65,467,7,1,diagnostic_holdout,1,1,56999,91518,0,0,0,91576,34577
rp2040_1,65,467,7,1,diagnostic_holdout,2,2,91581,125963,134034,0,0,134166,42585
rp2040_1,65,467,7,1,diagnostic_holdout,3,1,134168,168516,0,0,0,168577,34409
rp2040_1,65,467,7,1,diagnostic_holdout,4,2,168579,202903,210967,0,0,210989,42410
rp2040_1,65,467,7,1,diagnostic_holdout,5,1,210990,245317,0,0,0,245334,34344
rp2040_1,65,467,7,1,diagnostic_holdout,6,2,245335,279651,287713,0,0,287734,42399
rp2040_1,65,467,7,1,diagnostic_holdout,7,1,287735,322058,0,0,0,322107,34372
rp2040_1,65,467,7,1,diagnostic_holdout,8,1,322108,356420,0,0,0,356490,34382
rp2040_1,65,467,7,1,diagnostic_holdout,9,1,356490,390801,0,0,0,390874,34384
rp2040_1,65,467,7,1,diagnostic_holdout,10,1,390874,425189,0,0,0,425247,34373
rp2040_1,65,467,7,1,diagnostic_holdout,11,0,425247,459558,467619,475566,476252,476254,51007
rp2040_1,65,468,8,1,diagnostic_holdout,1,1,56974,91494,0,0,0,91632,34658
rp2040_1,65,468,8,1,diagnostic_holdout,2,2,91638,125987,134062,0,0,134079,42441
rp2040_1,65,468,8,1,diagnostic_holdout,3,0,134082,168418,176482,184429,185115,185119,51037
rp2040_1,65,469,9,1,diagnostic_holdout,1,2,56984,91511,99595,0,0,99655,42671
rp2040_1,65,469,9,1,diagnostic_holdout,2,2,99662,134052,142117,0,0,142186,42524
rp2040_1,65,469,9,1,diagnostic_holdout,3,1,142190,176541,0,0,0,176635,34445
rp2040_1,65,469,9,1,diagnostic_holdout,4,1,176637,210952,0,0,0,211041,34404
rp2040_1,65,469,9,1,diagnostic_holdout,5,0,211042,245351,253412,261359,262044,262047,51005
rp2040_1,65,470,0,2,diagnostic_calibration,1,1,56977,91498,0,0,0,91588,34611
rp2040_1,65,470,0,2,diagnostic_calibration,2,1,91593,125952,0,0,0,125995,34402
rp2040_1,65,470,0,2,diagnostic_calibration,3,2,125997,160327,168398,0,0,168536,42539
rp2040_1,65,470,0,2,diagnostic_calibration,4,2,168537,202871,210933,0,0,211061,42524
rp2040_1,65,470,0,2,diagnostic_calibration,5,1,211062,245407,0,0,0,245475,34413
rp2040_1,65,470,0,2,diagnostic_calibration,6,1,245476,279787,0,0,0,279792,34316
rp2040_1,65,470,0,2,diagnostic_calibration,7,1,279792,314105,0,0,0,314171,34379
rp2040_1,65,470,0,2,diagnostic_calibration,8,2,314172,348477,356538,0,0,356648,42476
rp2040_1,65,470,0,2,diagnostic_calibration,9,0,356649,390983,399044,406990,407676,407679,51030
rp2040_1,65,471,1,2,diagnostic_calibration,1,1,56975,91495,0,0,0,91542,34567
rp2040_1,65,471,1,2,diagnostic_calibration,2,1,91548,125899,0,0,0,125931,34383
rp2040_1,65,471,1,2,diagnostic_calibration,3,2,125934,160256,168327,0,0,168384,42450
rp2040_1,65,471,1,2,diagnostic_calibration,4,1,168386,202716,0,0,0,202719,34333
rp2040_1,65,471,1,2,diagnostic_calibration,5,1,202720,237031,0,0,0,237085,34365
rp2040_1,65,471,1,2,diagnostic_calibration,6,2,237086,271397,279458,0,0,279543,42457
rp2040_1,65,471,1,2,diagnostic_calibration,7,1,279544,313874,0,0,0,313884,34340
rp2040_1,65,471,1,2,diagnostic_calibration,8,0,313885,348195,356256,364204,364891,364894,51009
rp2040_1,65,472,2,2,diagnostic_calibration,1,1,56999,91516,0,0,0,91594,34595
rp2040_1,65,472,2,2,diagnostic_calibration,2,1,91598,125960,0,0,0,125971,34373
rp2040_1,65,472,2,2,diagnostic_calibration,3,2,125973,160290,168363,0,0,168457,42484
rp2040_1,65,472,2,2,diagnostic_calibration,4,1,168458,202799,0,0,0,202848,34390
rp2040_1,65,472,2,2,diagnostic_calibration,5,0,202849,237158,245220,253167,253852,253855,51006
rp2040_1,65,473,3,2,diagnostic_calibration,1,2,56991,91525,99608,0,0,99703,42712
rp2040_1,65,473,3,2,diagnostic_calibration,2,2,99708,134094,142159,0,0,142251,42543
rp2040_1,65,473,3,2,diagnostic_calibration,3,1,142252,176582,0,0,0,176647,34395
rp2040_1,65,473,3,2,diagnostic_calibration,4,2,176648,210968,219031,0,0,219050,42402
rp2040_1,65,473,3,2,diagnostic_calibration,5,2,219051,253385,261446,0,0,261498,42447
rp2040_1,65,473,3,2,diagnostic_calibration,6,2,261498,295824,303885,0,0,303993,42495
rp2040_1,65,473,3,2,diagnostic_calibration,7,0,303994,338321,346382,354328,355015,355019,51025
rp2040_1,65,474,4,2,diagnostic_calibration,1,1,56963,91480,0,0,0,91582,34619
rp2040_1,65,474,4,2,diagnostic_calibration,2,0,91587,125931,134001,141952,142638,142642,51055
rp2040_1,65,475,5,2,diagnostic_holdout,1,0,56960,91476,99560,107510,108196,108202,51242
rp2040_1,65,476,6,2,diagnostic_holdout,1,2,56994,91521,99604,0,0,99674,42680
rp2040_1,65,476,6,2,diagnostic_holdout,2,2,99678,134063,142133,0,0,142200,42522
rp2040_1,65,476,6,2,diagnostic_holdout,3,2,142201,176551,184614,0,0,184714,42513
rp2040_1,65,476,6,2,diagnostic_holdout,4,2,184715,219063,227124,0,0,227220,42505
rp2040_1,65,476,6,2,diagnostic_holdout,5,1,227220,261551,0,0,0,261565,34345
rp2040_1,65,476,6,2,diagnostic_holdout,6,1,261566,295879,0,0,0,295904,34338
rp2040_1,65,476,6,2,diagnostic_holdout,7,0,295905,330221,338282,346228,346913,346917,51012
rp2040_1,65,477,7,2,diagnostic_holdout,1,1,57007,91538,0,0,0,91670,34663
rp2040_1,65,477,7,2,diagnostic_holdout,2,2,91676,126030,134104,0,0,134182,42506
rp2040_1,65,477,7,2,diagnostic_holdout,3,2,134186,168534,176599,0,0,176621,42435
rp2040_1,65,477,7,2,diagnostic_holdout,4,0,176622,210965,219029,226976,227662,227665,51043
rp2040_1,65,478,8,2,diagnostic_holdout,1,2,56966,91492,99577,0,0,99619,42653
rp2040_1,65,478,8,2,diagnostic_holdout,2,2,99623,134010,142078,0,0,142117,42494
rp2040_1,65,478,8,2,diagnostic_holdout,3,1,142118,176457,0,0,0,176488,34370
rp2040_1,65,478,8,2,diagnostic_holdout,4,0,176489,210803,218865,226811,227498,227501,51012
rp2040_1,65,479,9,2,diagnostic_holdout,1,0,57008,91543,99627,107578,108263,108269,51261
rp2040_1,65,480,0,3,diagnostic_calibration,1,2,56990,91518,99600,0,0,99630,42640
rp2040_1,65,480,0,3,diagnostic_calibration,2,1,99634,134037,0,0,0,134104,34470
rp2040_1,65,480,0,3,diagnostic_calibration,3,1,134106,168430,0,0,0,168548,34442
rp2040_1,65,480,0,3,diagnostic_calibration,4,2,168550,202871,210937,0,0,210982,42432
rp2040_1,65,480,0,3,diagnostic_calibration,5,2,210982,245315,253378,0,0,253472,42490
rp2040_1,65,480,0,3,diagnostic_calibration,6,2,253473,287794,295855,0,0,295893,42420
rp2040_1,65,480,0,3,diagnostic_calibration,7,0,295893,330227,338288,346235,346921,346924,51031
rp2040_1,65,481,1,3,diagnostic_calibration,1,2,56994,91521,99604,0,0,99672,42678
rp2040_1,65,481,1,3,diagnostic_calibration,2,2,99677,134062,142126,0,0,142174,42497
rp2040_1,65,481,1,3,diagnostic_calibration,3,1,142176,176511,0,0,0,176536,34360
rp2040_1,65,481,1,3,diagnostic_calibration,4,1,176537,210858,0,0,0,210874,34337
rp2040_1,65,481,1,3,diagnostic_calibration,5,1,210875,245184,0,0,0,245196,34321
rp2040_1,65,481,1,3,diagnostic_calibration,6,0,245197,279505,287566,295512,296197,296200,51003
rp2040_1,65,482,2,3,diagnostic_calibration,1,1,56986,91511,0,0,0,91613,34627
rp2040_1,65,482,2,3,diagnostic_calibration,2,2,91619,125973,134045,0,0,134077,42458
rp2040_1,65,482,2,3,diagnostic_calibration,3,1,134078,168417,0,0,0,168541,34463
rp2040_1,65,482,2,3,diagnostic_calibration,4,2,168542,202860,210922,0,0,210957,42415
rp2040_1,65,482,2,3,diagnostic_calibration,5,2,210957,245289,253350,0,0,253442,42485
rp2040_1,65,482,2,3,diagnostic_calibration,6,2,253442,287768,295828,0,0,295891,42449
rp2040_1,65,482,2,3,diagnostic_calibration,7,1,295891,330211,0,0,0,330279,34388
rp2040_1,65,482,2,3,diagnostic_calibration,8,1,330279,364582,0,0,0,364648,34369
rp2040_1,65,482,2,3,diagnostic_calibration,9,1,364648,398959,0,0,0,398971,34323
rp2040_1,65,482,2,3,diagnostic_calibration,10,2,398972,433282,441343,0,0,441353,42381
rp2040_1,65,482,2,3,diagnostic_calibration,11,2,441354,475692,483753,0,0,483804,42450
rp2040_1,65,482,2,3,diagnostic_calibration,12,2,483805,518123,526184,0,0,526261,42456
rp2040_1,65,482,2,3,diagnostic_calibration,13,0,526262,560593,568654,576601,577286,577290,51028
rp2040_1,65,483,3,3,diagnostic_calibration,1,1,56985,91508,0,0,0,91639,34654
rp2040_1,65,483,3,3,diagnostic_calibration,2,2,91644,125998,134073,0,0,134216,42572
rp2040_1,65,483,3,3,diagnostic_calibration,3,0,134218,168568,176633,184580,185265,185268,51050
rp2040_1,65,484,4,3,diagnostic_calibration,1,0,56968,91492,99574,107525,108211,108218,51250
rp2040_1,65,485,5,3,diagnostic_holdout,1,1,56990,91520,0,0,0,91608,34618
rp2040_1,65,485,5,3,diagnostic_holdout,2,2,91613,125969,134042,0,0,134101,42488
rp2040_1,65,485,5,3,diagnostic_holdout,3,2,134102,168460,176523,0,0,176675,42573
rp2040_1,65,485,5,3,diagnostic_holdout,4,0,176676,211017,219080,227027,227713,227716,51040
rp2040_1,65,486,6,3,diagnostic_holdout,1,1,56987,91516,0,0,0,91576,34589
rp2040_1,65,486,6,3,diagnostic_holdout,2,0,91584,125943,134016,141967,142653,142658,51074
rp2040_1,65,487,7,3,diagnostic_holdout,1,1,56980,91510,0,0,0,91597,34617
rp2040_1,65,487,7,3,diagnostic_holdout,2,2,91602,125961,134032,0,0,134060,42458
rp2040_1,65,487,7,3,diagnostic_holdout,3,2,134062,168405,176468,0,0,176619,42557
rp2040_1,65,487,7,3,diagnostic_holdout,4,2,176620,210946,219008,0,0,219108,42488
rp2040_1,65,487,7,3,diagnostic_holdout,5,2,219109,253437,261498,0,0,261621,42512
rp2040_1,65,487,7,3,diagnostic_holdout,6,1,261622,295947,0,0,0,296040,34418
rp2040_1,65,487,7,3,diagnostic_holdout,7,2,296041,330349,338410,0,0,338527,42486
rp2040_1,65,487,7,3,diagnostic_holdout,8,2,338528,372865,380926,0,0,380971,42443
rp2040_1,65,487,7,3,diagnostic_holdout,9,1,380971,415300,0,0,0,415306,34335
rp2040_1,65,487,7,3,diagnostic_holdout,10,0,415306,449616,457677,465624,466310,466313,51007
rp2040_1,65,488,8,3,diagnostic_holdout,1,2,56996,91517,99600,0,0,99679,42683
rp2040_1,65,488,8,3,diagnostic_holdout,2,1,99685,134054,0,0,0,134128,34443
rp2040_1,65,488,8,3,diagnostic_holdout,3,1,134129,168458,0,0,0,168483,34354
rp2040_1,65,488,8,3,diagnostic_holdout,4,2,168483,202804,210868,0,0,210890,42407
rp2040_1,65,488,8,3,diagnostic_holdout,5,1,210891,245217,0,0,0,245277,34386
rp2040_1,65,488,8,3,diagnostic_holdout,6,2,245278,279587,287649,0,0,287730,42452
rp2040_1,65,488,8,3,diagnostic_holdout,7,1,287730,322057,0,0,0,322177,34447
rp2040_1,65,488,8,3,diagnostic_holdout,8,2,322177,356482,364543,0,0,364581,42404
rp2040_1,65,488,8,3,diagnostic_holdout,9,2,364581,398913,406974,0,0,407094,42513
rp2040_1,65,488,8,3,diagnostic_holdout,10,1,407095,441414,0,0,0,441539,34444
rp2040_1,65,488,8,3,diagnostic_holdout,11,2,441539,475847,483908,0,0,483977,42438
rp2040_1,65,488,8,3,diagnostic_holdout,12,2,483977,518311,526372,0,0,526393,42416
rp2040_1,65,488,8,3,diagnostic_holdout,13,2,526394,560742,568803,0,0,568845,42451
rp2040_1,65,488,8,3,diagnostic_holdout,14,1,568845,603169,0,0,0,603205,34360
rp2040_1,65,488,8,3,diagnostic_holdout,15,2,603206,637516,645577,0,0,645657,42451
rp2040_1,65,488,8,3,diagnostic_holdout,16,0,645658,679986,688047,695993,696679,696682,51024
rp2040_1,65,489,9,3,diagnostic_holdout,1,0,56988,91500,99584,107534,108222,108228,51240
rp2040_1,65,490,0,4,diagnostic_calibration,1,1,56962,91494,0,0,0,91562,34600
rp2040_1,65,490,0,4,diagnostic_calibration,2,2,91567,125923,133999,0,0,134135,42568
rp2040_1,65,490,0,4,diagnostic_calibration,3,1,134136,168476,0,0,0,168598,34462
rp2040_1,65,490,0,4,diagnostic_calibration,4,1,168599,202910,0,0,0,202941,34342
rp2040_1,65,490,0,4,diagnostic_calibration,5,2,202942,237246,245308,0,0,245424,42482
rp2040_1,65,490,0,4,diagnostic_calibration,6,1,245424,279751,0,0,0,279859,34435
rp2040_1,65,490,0,4,diagnostic_calibration,7,1,279860,314169,0,0,0,314181,34321
rp2040_1,65,490,0,4,diagnostic_calibration,8,0,314182,348499,356560,364506,365192,365195,51013
rp2040_1,65,491,1,4,diagnostic_calibration,1,2,56999,91521,99604,0,0,99714,42715
rp2040_1,65,491,1,4,diagnostic_calibration,2,0,99719,134111,142177,150124,150811,150815,51096
rp2040_1,65,492,2,4,diagnostic_calibration,1,1,56988,91511,0,0,0,91539,34551
rp2040_1,65,492,2,4,diagnostic_calibration,2,0,91544,125906,133982,141932,142618,142621,51077
rp2040_1,65,493,3,4,diagnostic_calibration,1,2,56984,91505,99590,0,0,99636,42652
rp2040_1,65,493,3,4,diagnostic_calibration,2,0,99641,134008,142072,150018,150704,150707,51066
rp2040_1,65,494,4,4,diagnostic_calibration,1,0,56966,91493,99577,107528,108214,108220,51254
rp2040_1,65,495,5,4,diagnostic_holdout,1,0,56977,91497,99579,107530,108216,108223,51246
rp2040_1,65,496,6,4,diagnostic_holdout,1,2,57001,91517,99601,0,0,99686,42685
rp2040_1,65,496,6,4,diagnostic_holdout,2,1,99692,134074,0,0,0,134172,34480
rp2040_1,65,496,6,4,diagnostic_holdout,3,2,134173,168502,176565,0,0,176610,42437
rp2040_1,65,496,6,4,diagnostic_holdout,4,2,176610,210940,219002,0,0,219077,42467
rp2040_1,65,496,6,4,diagnostic_holdout,5,2,219078,253412,261473,0,0,261581,42503
rp2040_1,65,496,6,4,diagnostic_holdout,6,2,261581,295922,303983,0,0,303995,42414
rp2040_1,65,496,6,4,diagnostic_holdout,7,1,303996,338326,0,0,0,338431,34435
rp2040_1,65,496,6,4,diagnostic_holdout,8,1,338432,372738,0,0,0,372830,34398
rp2040_1,65,496,6,4,diagnostic_holdout,9,1,372831,407139,0,0,0,407186,34355
rp2040_1,65,496,6,4,diagnostic_holdout,10,2,407187,441500,449561,0,0,449694,42507
rp2040_1,65,496,6,4,diagnostic_holdout,11,1,449695,484026,0,0,0,484147,34452
rp2040_1,65,496,6,4,diagnostic_holdout,12,0,484148,518457,526518,534464,535151,535154,51006
rp2040_1,65,497,7,4,diagnostic_holdout,1,1,56993,91519,0,0,0,91660,34667
rp2040_1,65,497,7,4,diagnostic_holdout,2,0,91664,126018,134092,142042,142728,142731,51067
rp2040_1,65,498,8,4,diagnostic_holdout,1,0,56977,91495,99578,107529,108215,108220,51243
rp2040_1,65,499,9,4,diagnostic_holdout,1,1,56981,91509,0,0,0,91570,34589
rp2040_1,65,499,9,4,diagnostic_holdout,2,0,91574,125947,134019,141970,142655,142659,51085
rp2040_1,65,500,0,0,diagnostic_calibration,1,0,56981,91493,99576,107527,108212,108218,51237
rp2040_1,65,501,1,0,diagnostic_calibration,1,1,56977,91507,0,0,0,91555,34578
rp2040_1,65,501,1,0,diagnostic_calibration,2,1,91560,125921,0,0,0,125931,34371
rp2040_1,65,501,1,0,diagnostic_calibration,3,2,125934,160260,168332,0,0,168419,42485
rp2040_1,65,501,1,0,diagnostic_calibration,4,2,168420,202748,210811,0,0,210855,42435
rp2040_1,65,501,1,0,diagnostic_calibration,5,1,210856,245190,0,0,0,245316,34460
rp2040_1,65,501,1,0,diagnostic_calibration,6,1,245317,279620,0,0,0,279726,34409
rp2040_1,65,501,1,0,diagnostic_calibration,7,1,279726,314032,0,0,0,314109,34383
rp2040_1,65,501,1,0,diagnostic_calibration,8,2,314109,348425,356487,0,0,356528,42419
rp2040_1,65,501,1,0,diagnostic_calibration,9,2,356529,390855,398916,0,0,398971,42442
rp2040_1,65,501,1,0,diagnostic_calibration,10,2,398971,433309,441370,0,0,441522,42551
rp2040_1,65,501,1,0,diagnostic_calibration,11,1,441522,475849,0,0,0,475894,34372
rp2040_1,65,501,1,0,diagnostic_calibration,12,2,475895,510200,518261,0,0,518383,42488
rp2040_1,65,501,1,0,diagnostic_calibration,13,2,518384,552713,560774,0,0,560841,42457
rp2040_1,65,501,1,0,diagnostic_calibration,14,1,560841,595176,0,0,0,595296,34455
rp2040_1,65,501,1,0,diagnostic_calibration,15,2,595296,629606,637666,0,0,637684,42388
rp2040_1,65,501,1,0,diagnostic_calibration,16,0,637685,672016,680077,688024,688710,688713,51028
rp2040_1,65,502,2,0,diagnostic_calibration,1,1,56979,91504,0,0,0,91562,34583
rp2040_1,65,502,2,0,diagnostic_calibration,2,2,91568,125939,134012,0,0,134123,42555
rp2040_1,65,502,2,0,diagnostic_calibration,3,2,134125,168478,176542,0,0,176572,42447
rp2040_1,65,502,2,0,diagnostic_calibration,4,2,176573,210919,218980,0,0,219076,42503
rp2040_1,65,502,2,0,diagnostic_calibration,5,2,219077,253402,261463,0,0,261486,42409
rp2040_1,65,502,2,0,diagnostic_calibration,6,2,261487,295812,303873,0,0,303882,42395
rp2040_1,65,502,2,0,diagnostic_calibration,7,2,303883,338217,346278,0,0,346319,42436
rp2040_1,65,502,2,0,diagnostic_calibration,8,1,346320,380647,0,0,0,380703,34383
rp2040_1,65,502,2,0,diagnostic_calibration,9,1,380704,415013,0,0,0,415030,34326
rp2040_1,65,502,2,0,diagnostic_calibration,10,2,415031,449336,457397,0,0,457537,42506
rp2040_1,65,502,2,0,diagnostic_calibration,11,0,457537,491868,499929,507875,508560,508563,51026
rp2040_1,65,503,3,0,diagnostic_calibration,1,2,56995,91529,99613,0,0,99652,42657
rp2040_1,65,503,3,0,diagnostic_calibration,2,2,99657,134031,142095,0,0,142113,42456
rp2040_1,65,503,3,0,diagnostic_calibration,3,2,142116,176469,184530,0,0,184622,42506
rp2040_1,65,503,3,0,diagnostic_calibration,4,1,184624,218966,0,0,0,219045,34421
rp2040_1,65,503,3,0,diagnostic_calibration,5,2,219046,253358,261418,0,0,261465,42419
rp2040_1,65,503,3,0,diagnostic_calibration,6,2,261466,295792,303853,0,0,303960,42494
rp2040_1,65,503,3,0,diagnostic_calibration,7,1,303961,338288,0,0,0,338321,34360
rp2040_1,65,503,3,0,diagnostic_calibration,8,1,338322,372638,0,0,0,372715,34393
rp2040_1,65,503,3,0,diagnostic_calibration,9,2,372716,407033,415094,0,0,415200,42484
rp2040_1,65,503,3,0,diagnostic_calibration,10,1,415200,449535,0,0,0,449598,34398
rp2040_1,65,503,3,0,diagnostic_calibration,11,1,449599,483913,0,0,0,484032,34433
rp2040_1,65,503,3,0,diagnostic_calibration,12,1,484032,518345,0,0,0,518455,34423
rp2040_1,65,503,3,0,diagnostic_calibration,13,0,518456,552763,560824,568770,569456,569459,51003
rp2040_1,65,504,4,0,diagnostic_calibration,1,1,56980,91509,0,0,0,91583,34603
rp2040_1,65,504,4,0,diagnostic_calibration,2,1,91588,125933,0,0,0,126028,34440
rp2040_1,65,504,4,0,diagnostic_calibration,3,2,126030,160354,168425,0,0,168517,42487
rp2040_1,65,504,4,0,diagnostic_calibration,4,2,168519,202843,210905,0,0,210980,42461
rp2040_1,65,504,4,0,diagnostic_calibration,5,2,210980,245313,253374,0,0,253426,42446
rp2040_1,65,504,4,0,diagnostic_calibration,6,0,253426,287748,295809,303755,304442,304445,51019
rp2040_1,65,505,5,0,diagnostic_holdout,1,1,56992,91512,0,0,0,91532,34540
rp2040_1,65,505,5,0,diagnostic_holdout,2,0,91538,125904,133979,141930,142617,142621,51083
rp2040_1,65,506,6,0,diagnostic_holdout,1,1,57000,91518,0,0,0,91585,34585
rp2040_1,65,506,6,0,diagnostic_holdout,2,1,91590,125940,0,0,0,126020,34430
rp2040_1,65,506,6,0,diagnostic_holdout,3,1,126022,160339,0,0,0,160375,34353
rp2040_1,65,506,6,0,diagnostic_holdout,4,0,160376,194695,202768,210718,211405,211408,51032
rp2040_1,65,507,7,0,diagnostic_holdout,1,0,56972,91484,99567,107517,108203,108209,51237
rp2040_1,65,508,8,0,diagnostic_holdout,1,2,56982,91486,99569,0,0,99593,42611
rp2040_1,65,508,8,0,diagnostic_holdout,2,2,99598,133973,142039,0,0,142049,42451
rp2040_1,65,508,8,0,diagnostic_holdout,3,2,142050,176391,184453,0,0,184584,42534
rp2040_1,65,508,8,0,diagnostic_holdout,4,1,184585,218918,0,0,0,219009,34424
rp2040_1,65,508,8,0,diagnostic_holdout,5,2,219011,253323,261383,0,0,261402,42391
rp2040_1,65,508,8,0,diagnostic_holdout,6,1,261403,295735,0,0,0,295761,34358
rp2040_1,65,508,8,0,diagnostic_holdout,7,1,295762,330075,0,0,0,330124,34362
rp2040_1,65,508,8,0,diagnostic_holdout,8,1,330124,364432,0,0,0,364528,34404
rp2040_1,65,508,8,0,diagnostic_holdout,9,2,364529,398829,406890,0,0,406972,42443
rp2040_1,65,508,8,0,diagnostic_holdout,10,0,406972,441306,449367,457313,458000,458002,51030
rp2040_1,65,509,9,0,diagnostic_holdout,1,2,57002,91524,99608,0,0,99679,42677
rp2040_1,65,509,9,0,diagnostic_holdout,2,1,99685,134070,0,0,0,134095,34410
rp2040_1,65,509,9,0,diagnostic_holdout,3,1,134098,168416,0,0,0,168483,34385
rp2040_1,65,509,9,0,diagnostic_holdout,4,2,168484,202797,210859,0,0,210878,42394
rp2040_1,65,509,9,0,diagnostic_holdout,5,2,210879,245210,253271,0,0,253385,42506
rp2040_1,65,509,9,0,diagnostic_holdout,6,1,253385,287720,0,0,0,287781,34396
rp2040_1,65,509,9,0,diagnostic_holdout,7,2,287781,322096,330157,0,0,330213,42432
rp2040_1,65,509,9,0,diagnostic_holdout,8,1,330214,364536,0,0,0,364625,34411
rp2040_1,65,509,9,0,diagnostic_holdout,9,2,364625,398943,407004,0,0,407129,42504
rp2040_1,65,509,9,0,diagnostic_holdout,10,0,407130,441459,449520,457466,458153,458156,51026
rp2040_1,65,510,0,1,diagnostic_calibration,1,2,56982,91504,99587,0,0,99629,42647
rp2040_1,65,510,0,1,diagnostic_calibration,2,1,99634,134029,0,0,0,134058,34424
rp2040_1,65,510,0,1,diagnostic_calibration,3,2,134059,168385,176448,0,0,176454,42395
rp2040_1,65,510,0,1,diagnostic_calibration,4,1,176455,210777,0,0,0,210818,34363
rp2040_1,65,510,0,1,diagnostic_calibration,5,2,210819,245131,253192,0,0,253223,42404
rp2040_1,65,510,0,1,diagnostic_calibration,6,1,253223,287558,0,0,0,287638,34415
rp2040_1,65,510,0,1,diagnostic_calibration,7,1,287639,321946,0,0,0,321979,34340
rp2040_1,65,510,0,1,diagnostic_calibration,8,1,321980,356284,0,0,0,356370,34390
rp2040_1,65,510,0,1,diagnostic_calibration,9,1,356371,390677,0,0,0,390742,34371
rp2040_1,65,510,0,1,diagnostic_calibration,10,1,390742,425056,0,0,0,425071,34329
rp2040_1,65,510,0,1,diagnostic_calibration,11,0,425072,459387,467448,475395,476081,476084,51012
rp2040_1,65,511,1,1,diagnostic_calibration,1,1,56972,91491,0,0,0,91583,34611
rp2040_1,65,511,1,1,diagnostic_calibration,2,0,91588,125950,134023,141974,142659,142663,51075
rp2040_1,65,512,2,1,diagnostic_calibration,1,1,56979,91489,0,0,0,91618,34639
rp2040_1,65,512,2,1,diagnostic_calibration,2,2,91624,125977,134048,0,0,134155,42531
rp2040_1,65,512,2,1,diagnostic_calibration,3,2,134158,168497,176559,0,0,176581,42423
rp2040_1,65,512,2,1,diagnostic_calibration,4,0,176582,210903,218963,226910,227596,227599,51017
rp2040_1,65,513,3,1,diagnostic_calibration,1,1,56990,91512,0,0,0,91643,34653
rp2040_1,65,513,3,1,diagnostic_calibration,2,2,91648,126017,134092,0,0,134145,42497
rp2040_1,65,513,3,1,diagnostic_calibration,3,2,134147,168491,176554,0,0,176685,42538
rp2040_1,65,513,3,1,diagnostic_calibration,4,0,176686,211019,219082,227029,227716,227719,51033
rp2040_1,65,514,4,1,diagnostic_calibration,1,2,56946,91463,99548,0,0,99706,42760
rp2040_1,65,514,4,1,diagnostic_calibration,2,1,99711,134073,0,0,0,134086,34375
rp2040_1,65,514,4,1,diagnostic_calibration,3,0,134087,168401,176466,184414,185100,185103,51016
rp2040_1,65,515,5,1,diagnostic_holdout,1,2,56976,91491,99574,0,0,99641,42665
rp2040_1,65,515,5,1,diagnostic_holdout,2,0,99646,134035,142100,150047,150733,150736,51090
rp2040_1,65,516,6,1,diagnostic_holdout,1,2,56978,91505,99588,0,0,99665,42687
rp2040_1,65,516,6,1,diagnostic_holdout,2,1,99669,134056,0,0,0,134086,34417
rp2040_1,65,516,6,1,diagnostic_holdout,3,2,134089,168409,176472,0,0,176521,42432
rp2040_1,65,516,6,1,diagnostic_holdout,4,2,176522,210862,218923,0,0,218933,42411
rp2040_1,65,516,6,1,diagnostic_holdout,5,1,218934,253264,0,0,0,253320,34386
rp2040_1,65,516,6,1,diagnostic_holdout,6,0,253321,287628,295689,303636,304322,304324,51003
rp2040_1,65,517,7,1,diagnostic_holdout,1,0,56993,91516,99599,107550,108235,108241,51248
rp2040_1,65,518,8,1,diagnostic_holdout,1,1,56954,91459,0,0,0,91584,34630
rp2040_1,65,518,8,1,diagnostic_holdout,2,2,91589,125957,134032,0,0,134071,42482
rp2040_1,65,518,8,1,diagnostic_holdout,3,1,134072,168415,0,0,0,168486,34414
rp2040_1,65,518,8,1,diagnostic_holdout,4,2,168487,202807,210869,0,0,210901,42414
rp2040_1,65,518,8,1,diagnostic_holdout,5,2,210902,245235,253296,0,0,253313,42411
rp2040_1,65,518,8,1,diagnostic_holdout,6,0,253314,287639,295700,303646,304333,304335,51021
rp2040_1,65,519,9,1,diagnostic_holdout,1,2,57009,91522,99606,0,0,99699,42690
rp2040_1,65,519,9,1,diagnostic_holdout,2,2,99704,134097,142165,0,0,142189,42485
rp2040_1,65,519,9,1,diagnostic_holdout,3,1,142191,176538,0,0,0,176565,34374
rp2040_1,65,519,9,1,diagnostic_holdout,4,1,176566,210880,0,0,0,210944,34378
rp2040_1,65,519,9,1,diagnostic_holdout,5,2,210944,245251,253314,0,0,253452,42508
rp2040_1,65,519,9,1,diagnostic_holdout,6,1,253453,287789,0,0,0,287900,34447
rp2040_1,65,519,9,1,diagnostic_holdout,7,0,287901,322227,330288,338234,338920,338923,51022
rp2040_1,65,520,0,2,diagnostic_calibration,1,2,56984,91504,99589,0,0,99689,42705
rp2040_1,65,520,0,2,diagnostic_calibration,2,1,99695,134073,0,0,0,134173,34478
rp2040_1,65,520,0,2,diagnostic_calibration,3,1,134175,168497,0,0,0,168595,34420
rp2040_1,65,520,0,2,diagnostic_calibration,4,2,168595,202904,210967,0,0,211000,42405
rp2040_1,65,520,0,2,diagnostic_calibration,5,2,211001,245324,253385,0,0,253510,42509
rp2040_1,65,520,0,2,diagnostic_calibration,6,0,253511,287842,295903,303849,304535,304538,51027
rp2040_1,65,521,1,2,diagnostic_calibration,1,2,56960,91496,99579,0,0,99717,42757
rp2040_1,65,521,1,2,diagnostic_calibration,2,1,99722,134100,0,0,0,134224,34502
rp2040_1,65,521,1,2,diagnostic_calibration,3,2,134226,168557,176620,0,0,176631,42405
rp2040_1,65,521,1,2,diagnostic_calibration,4,0,176632,210968,219031,226978,227663,227666,51034
rp2040_1,65,522,2,2,diagnostic_calibration,1,2,56993,91518,99602,0,0,99645,42652
rp2040_1,65,522,2,2,diagnostic_calibration,2,1,99650,134029,0,0,0,134083,34433
rp2040_1,65,522,2,2,diagnostic_calibration,3,1,134086,168399,0,0,0,168421,34335
rp2040_1,65,522,2,2,diagnostic_calibration,4,2,168422,202740,210804,0,0,210837,42415
rp2040_1,65,522,2,2,diagnostic_calibration,5,1,210838,245165,0,0,0,245257,34419
rp2040_1,65,522,2,2,diagnostic_calibration,6,2,245258,279574,287636,0,0,287699,42441
rp2040_1,65,522,2,2,diagnostic_calibration,7,2,287700,322036,330097,0,0,330197,42497
rp2040_1,65,522,2,2,diagnostic_calibration,8,1,330198,364523,0,0,0,364600,34402
rp2040_1,65,522,2,2,diagnostic_calibration,9,0,364601,398913,406974,414920,415607,415610,51009
rp2040_1,65,523,3,2,diagnostic_calibration,1,2,56981,91504,99587,0,0,99681,42700
rp2040_1,65,523,3,2,diagnostic_calibration,2,1,99687,134065,0,0,0,134167,34480
rp2040_1,65,523,3,2,diagnostic_calibration,3,0,134169,168490,176552,184499,185185,185188,51019
rp2040_1,65,524,4,2,diagnostic_calibration,1,2,56985,91498,99582,0,0,99629,42644
rp2040_1,65,524,4,2,diagnostic_calibration,2,2,99633,134020,142083,0,0,142234,42601
rp2040_1,65,524,4,2,diagnostic_calibration,3,1,142236,176575,0,0,0,176682,34446
rp2040_1,65,524,4,2,diagnostic_calibration,4,1,176683,210986,0,0,0,211104,34421
rp2040_1,65,524,4,2,diagnostic_calibration,5,0,211105,245419,253480,261427,262113,262116,51011
rp2040_1,65,525,5,2,diagnostic_holdout,1,2,56976,91490,99574,0,0,99626,42650
rp2040_1,65,525,5,2,diagnostic_holdout,2,0,99630,134005,142071,150018,150704,150708,51078
rp2040_1,65,526,6,2,diagnostic_holdout,1,0,57007,91525,99608,107558,108243,108249,51242
rp2040_1,65,527,7,2,diagnostic_holdout,1,1,56995,91511,0,0,0,91632,34637
rp2040_1,65,527,7,2,diagnostic_holdout,2,2,91637,125994,134068,0,0,134123,42486
rp2040_1,65,527,7,2,diagnostic_holdout,3,1,134125,168466,0,0,0,168578,34453
rp2040_1,65,527,7,2,diagnostic_holdout,4,1,168580,202899,0,0,0,202916,34336
rp2040_1,65,527,7,2,diagnostic_holdout,5,2,202918,237230,245294,0,0,245402,42484
rp2040_1,65,527,7,2,diagnostic_holdout,6,2,245403,279734,287796,0,0,287915,42512
rp2040_1,65,527,7,2,diagnostic_holdout,7,0,287915,322238,330300,338247,338934,338937,51022
rp2040_1,65,528,8,2,diagnostic_holdout,1,0,56973,91496,99580,107530,108217,108223,51250
rp2040_1,65,529,9,2,diagnostic_holdout,1,1,56980,91500,0,0,0,91543,34563
rp2040_1,65,529,9,2,diagnostic_holdout,2,1,91548,125921,0,0,0,125936,34388
rp2040_1,65,529,9,2,diagnostic_holdout,3,0,125937,160259,168331,176282,176968,176972,51035
rp2040_1,65,530,0,3,diagnostic_calibration,1,2,56993,91507,99591,0,0,99663,42670
rp2040_1,65,530,0,3,diagnostic_calibration,2,2,99667,134042,142106,0,0,142218,42551
rp2040_1,65,530,0,3,diagnostic_calibration,3,1,142220,176555,0,0,0,176562,34342
rp2040_1,65,530,0,3,diagnostic_calibration,4,1,176563,210873,0,0,0,210990,34427
rp2040_1,65,530,0,3,diagnostic_calibration,5,0,210991,245301,253363,261309,261996,261999,51008
rp2040_1,65,531,1,3,diagnostic_calibration,1,1,56983,91510,0,0,0,91591,34608
rp2040_1,65,531,1,3,diagnostic_calibration,2,1,91597,125960,0,0,0,125978,34381
rp2040_1,65,531,1,3,diagnostic_calibration,3,2,125979,160298,168368,0,0,168399,42420
rp2040_1,65,531,1,3,diagnostic_calibration,4,2,168400,202730,210791,0,0,210851,42451
rp2040_1,65,531,1,3,diagnostic_calibration,5,2,210851,245186,253247,0,0,253286,42435
rp2040_1,65,531,1,3,diagnostic_calibration,6,2,253287,287611,295672,0,0,295687,42400
rp2040_1,65,531,1,3,diagnostic_calibration,7,1,295688,330012,0,0,0,330078,34390
rp2040_1,65,531,1,3,diagnostic_calibration,8,1,330078,364398,0,0,0,364433,34355
rp2040_1,65,531,1,3,diagnostic_calibration,9,0,364433,398743,406804,414750,415436,415439,51006
rp2040_1,65,532,2,3,diagnostic_calibration,1,2,56980,91492,99575,0,0,99654,42674
rp2040_1,65,532,2,3,diagnostic_calibration,2,1,99659,134041,0,0,0,134118,34459
rp2040_1,65,532,2,3,diagnostic_calibration,3,0,134119,168441,176504,184450,185137,185140,51021
rp2040_1,65,533,3,3,diagnostic_calibration,1,2,57004,91531,99614,0,0,99649,42645
rp2040_1,65,533,3,3,diagnostic_calibration,2,1,99653,134024,0,0,0,134138,34485
rp2040_1,65,533,3,3,diagnostic_calibration,3,2,134139,168467,176529,0,0,176678,42539
rp2040_1,65,533,3,3,diagnostic_calibration,4,2,176679,210997,219058,0,0,219111,42432
rp2040_1,65,533,3,3,diagnostic_calibration,5,2,219111,253441,261502,0,0,261629,42518
rp2040_1,65,533,3,3,diagnostic_calibration,6,2,261629,295959,304020,0,0,304124,42495
rp2040_1,65,533,3,3,diagnostic_calibration,7,0,304124,338449,346510,354456,355142,355145,51021
rp2040_1,65,534,4,3,diagnostic_calibration,1,2,56971,91500,99583,0,0,99639,42668
rp2040_1,65,534,4,3,diagnostic_calibration,2,2,99644,134025,142089,0,0,142211,42567
rp2040_1,65,534,4,3,diagnostic_calibration,3,2,142214,176551,184612,0,0,184682,42468
rp2040_1,65,534,4,3,diagnostic_calibration,4,2,184683,219012,227073,0,0,227136,42453
rp2040_1,65,534,4,3,diagnostic_calibration,5,1,227137,261466,0,0,0,261544,34407
rp2040_1,65,534,4,3,diagnostic_calibration,6,0,261545,295863,303924,311870,312557,312560,51015
rp2040_1,65,535,5,3,diagnostic_holdout,1,2,56987,91504,99588,0,0,99727,42740
rp2040_1,65,535,5,3,diagnostic_holdout,2,0,99732,134112,142177,150124,150811,150815,51083
rp2040_1,65,536,6,3,diagnostic_holdout,1,1,56990,91516,0,0,0,91640,34650
rp2040_1,65,536,6,3,diagnostic_holdout,2,2,91644,126002,134074,0,0,134123,42479
rp2040_1,65,536,6,3,diagnostic_holdout,3,1,134125,168471,0,0,0,168489,34364
rp2040_1,65,536,6,3,diagnostic_holdout,4,1,168489,202802,0,0,0,202838,34349
rp2040_1,65,536,6,3,diagnostic_holdout,5,0,202839,237150,245213,253159,253846,253849,51010
rp2040_1,65,537,7,3,diagnostic_holdout,1,1,56990,91515,0,0,0,91548,34558
rp2040_1,65,537,7,3,diagnostic_holdout,2,1,91553,125919,0,0,0,126011,34458
rp2040_1,65,537,7,3,diagnostic_holdout,3,1,126012,160342,0,0,0,160463,34451
rp2040_1,65,537,7,3,diagnostic_holdout,4,0,160464,194778,202849,210799,211485,211487,51023
rp2040_1,65,538,8,3,diagnostic_holdout,1,2,56965,91471,99554,0,0,99665,42700
rp2040_1,65,538,8,3,diagnostic_holdout,2,2,99670,134050,142114,0,0,142126,42456
rp2040_1,65,538,8,3,diagnostic_holdout,3,0,142129,176471,184534,192480,193165,193167,51038
rp2040_1,65,539,9,3,diagnostic_holdout,1,2,57005,91527,99611,0,0,99658,42653
rp2040_1,65,539,9,3,diagnostic_holdout,2,1,99664,134041,0,0,0,134134,34470
rp2040_1,65,539,9,3,diagnostic_holdout,3,1,134135,168451,0,0,0,168487,34352
rp2040_1,65,539,9,3,diagnostic_holdout,4,1,168489,202799,0,0,0,202877,34388
rp2040_1,65,539,9,3,diagnostic_holdout,5,1,202877,237185,0,0,0,237257,34380
rp2040_1,65,539,9,3,diagnostic_holdout,6,1,237258,271572,0,0,0,271655,34397
rp2040_1,65,539,9,3,diagnostic_holdout,7,0,271655,305959,314022,321969,322654,322657,51002
rp2040_1,65,540,0,4,diagnostic_calibration,1,2,56989,91505,99588,0,0,99607,42618
rp2040_1,65,540,0,4,diagnostic_calibration,2,2,99613,133990,142057,0,0,142163,42550
rp2040_1,65,540,0,4,diagnostic_calibration,3,1,142166,176500,0,0,0,176530,34364
rp2040_1,65,540,0,4,diagnostic_calibration,4,1,176531,210849,0,0,0,210868,34337
rp2040_1,65,540,0,4,diagnostic_calibration,5,1,210869,245182,0,0,0,245187,34318
rp2040_1,65,540,0,4,diagnostic_calibration,6,1,245188,279509,0,0,0,279604,34416
rp2040_1,65,540,0,4,diagnostic_calibration,7,1,279604,313912,0,0,0,313956,34352
rp2040_1,65,540,0,4,diagnostic_calibration,8,1,313956,348272,0,0,0,348362,34406
rp2040_1,65,540,0,4,diagnostic_calibration,9,1,348363,382681,0,0,0,382690,34327
rp2040_1,65,540,0,4,diagnostic_calibration,10,2,382690,416998,425060,0,0,425166,42476
rp2040_1,65,540,0,4,diagnostic_calibration,11,2,425166,459501,467562,0,0,467684,42518
rp2040_1,65,540,0,4,diagnostic_calibration,12,2,467684,502003,510064,0,0,510145,42461
rp2040_1,65,540,0,4,diagnostic_calibration,13,1,510145,544477,0,0,0,544481,34336
rp2040_1,65,540,0,4,diagnostic_calibration,14,1,544482,578793,0,0,0,578886,34404
rp2040_1,65,540,0,4,diagnostic_calibration,15,0,578887,613195,621256,629202,629889,629892,51005
rp2040_1,65,541,1,4,diagnostic_calibration,1,0,56968,91497,99580,107531,108217,108223,51255
rp2040_1,65,542,2,4,diagnostic_calibration,1,2,56975,91496,99578,0,0,99617,42642
rp2040_1,65,542,2,4,diagnostic_calibration,2,0,99623,134019,142086,150033,150719,150723,51100
rp2040_1,65,543,3,4,diagnostic_calibration,1,2,56976,91496,99579,0,0,99646,42670
rp2040_1,65,543,3,4,diagnostic_calibration,2,2,99651,134043,142112,0,0,142184,42533
rp2040_1,65,543,3,4,diagnostic_calibration,3,1,142186,176530,0,0,0,176617,34431
rp2040_1,65,543,3,4,diagnostic_calibration,4,2,176619,210941,219004,0,0,219097,42478
rp2040_1,65,543,3,4,diagnostic_calibration,5,0,219098,253430,261491,269437,270122,270125,51027
rp2040_1,65,544,4,4,diagnostic_calibration,1,2,56976,91502,99586,0,0,99622,42646
rp2040_1,65,544,4,4,diagnostic_calibration,2,1,99628,134029,0,0,0,134056,34428
rp2040_1,65,544,4,4,diagnostic_calibration,3,1,134057,168381,0,0,0,168504,34447
rp2040_1,65,544,4,4,diagnostic_calibration,4,0,168504,202818,210882,218829,219515,219518,51014
rp2040_1,65,545,5,4,diagnostic_holdout,1,2,56981,91505,99588,0,0,99603,42622
rp2040_1,65,545,5,4,diagnostic_holdout,2,1,99608,133998,0,0,0,134091,34483
rp2040_1,65,545,5,4,diagnostic_holdout,3,2,134092,168417,176482,0,0,176534,42442
rp2040_1,65,545,5,4,diagnostic_holdout,4,1,176535,210866,0,0,0,210879,34344
rp2040_1,65,545,5,4,diagnostic_holdout,5,1,210880,245193,0,0,0,245211,34331
rp2040_1,65,545,5,4,diagnostic_holdout,6,2,245211,279519,287580,0,0,287691,42480
rp2040_1,65,545,5,4,diagnostic_holdout,7,1,287692,322017,0,0,0,322058,34366
rp2040_1,65,545,5,4,diagnostic_holdout,8,2,322058,356373,364434,0,0,364465,42407
rp2040_1,65,545,5,4,diagnostic_holdout,9,0,364465,398796,406857,414804,415490,415493,51028
rp2040_1,65,546,6,4,diagnostic_holdout,1,0,57000,91512,99595,107546,108232,108238,51238
rp2040_1,65,547,7,4,diagnostic_holdout,1,1,57008,91538,0,0,0,91606,34598
rp2040_1,65,547,7,4,diagnostic_holdout,2,0,91611,125982,134058,142008,142695,142699,51088
rp2040_1,65,548,8,4,diagnostic_holdout,1,2,56965,91481,99565,0,0,99643,42678
rp2040_1,65,548,8,4,diagnostic_holdout,2,2,99648,134030,142097,0,0,142103,42455
rp2040_1,65,548,8,4,diagnostic_holdout,3,2,142104,176452,184515,0,0,184544,42440
rp2040_1,65,548,8,4,diagnostic_holdout,4,1,184545,218876,0,0,0,218887,34342
rp2040_1,65,548,8,4,diagnostic_holdout,5,2,218888,253200,261261,0,0,261330,42442
rp2040_1,65,548,8,4,diagnostic_holdout,6,1,261331,295663,0,0,0,295736,34405
rp2040_1,65,548,8,4,diagnostic_holdout,7,1,295736,330048,0,0,0,330072,34336
rp2040_1,65,548,8,4,diagnostic_holdout,8,2,330073,364382,372442,0,0,372535,42462
rp2040_1,65,548,8,4,diagnostic_holdout,9,0,372536,406870,414931,422877,423564,423567,51031
rp2040_1,65,549,9,4,diagnostic_holdout,1,0,56991,91516,99600,107550,108236,108242,51251
rp2040_1,65,550,0,0,diagnostic_calibration,1,1,56982,91510,0,0,0,91631,34649
rp2040_1,65,550,0,0,diagnostic_calibration,2,2,91636,126005,134080,0,0,134135,42499
rp2040_1,65,550,0,0,diagnostic_calibration,3,0,134138,168481,176545,184492,185178,185181,51043
rp2040_1,65,551,1,0,diagnostic_calibration,1,2,56975,91510,99594,0,0,99639,42664
rp2040_1,65,551,1,0,diagnostic_calibration,2,0,99644,134047,142113,150061,150747,150751,51107
rp2040_1,65,552,2,0,diagnostic_calibration,1,2,56981,91500,99584,0,0,99601,42620
rp2040_1,65,552,2,0,diagnostic_calibration,2,0,99606,133993,142060,150008,150694,150698,51092
rp2040_1,65,553,3,0,diagnostic_calibration,1,2,56984,91528,99612,0,0,99753,42769
rp2040_1,65,553,3,0,diagnostic_calibration,2,0,99758,134156,142222,150168,150854,150858,51100
rp2040_1,65,554,4,0,diagnostic_calibration,1,1,56965,91501,0,0,0,91539,34574
rp2040_1,65,554,4,0,diagnostic_calibration,2,1,91544,125926,0,0,0,125946,34402
rp2040_1,65,554,4,0,diagnostic_calibration,3,0,125948,160269,168342,176293,176979,176982,51034
rp2040_1,65,555,5,0,diagnostic_holdout,1,1,56998,91509,0,0,0,91566,34568
rp2040_1,65,555,5,0,diagnostic_holdout,2,2,91571,125922,133997,0,0,134044,42473
rp2040_1,65,555,5,0,diagnostic_holdout,3,0,134047,168401,176463,184410,185097,185099,51052
rp2040_1,65,556,6,0,diagnostic_holdout,1,1,56986,91514,0,0,0,91613,34627
rp2040_1,65,556,6,0,diagnostic_holdout,2,0,91618,125993,134065,142016,142701,142706,51088
rp2040_1,65,557,7,0,diagnostic_holdout,1,1,56996,91514,0,0,0,91565,34569
rp2040_1,65,557,7,0,diagnostic_holdout,2,0,91570,125926,133999,141950,142636,142641,51071
rp2040_1,65,558,8,0,diagnostic_holdout,1,0,56970,91491,99574,107524,108210,108216,51246
rp2040_1,65,559,9,0,diagnostic_holdout,1,2,56990,91514,99597,0,0,99648,42658
rp2040_1,65,559,9,0,diagnostic_holdout,2,1,99653,134057,0,0,0,134112,34459
rp2040_1,65,559,9,0,diagnostic_holdout,3,0,134114,168440,176503,184450,185137,185140,51026
rp2040_1,65,560,0,1,diagnostic_calibration,1,2,56976,91504,99586,0,0,99689,42713
rp2040_1,65,560,0,1,diagnostic_calibration,2,0,99694,134070,142135,150083,150770,150774,51080
rp2040_1,65,561,1,1,diagnostic_calibration,1,2,56968,91496,99581,0,0,99607,42639
rp2040_1,65,561,1,1,diagnostic_calibration,2,2,99612,134012,142078,0,0,142115,42503
rp2040_1,65,561,1,1,diagnostic_calibration,3,1,142115,176464,0,0,0,176562,34447
rp2040_1,65,561,1,1,diagnostic_calibration,4,1,176562,210878,0,0,0,210973,34411
rp2040_1,65,561,1,1,diagnostic_calibration,5,1,210973,245287,0,0,0,245349,34376
rp2040_1,65,561,1,1,diagnostic_calibration,6,2,245350,279659,287720,0,0,287822,42472
rp2040_1,65,561,1,1,diagnostic_calibration,7,1,287822,322158,0,0,0,322272,34450
rp2040_1,65,561,1,1,diagnostic_calibration,8,1,322273,356584,0,0,0,356620,34347
rp2040_1,65,561,1,1,diagnostic_calibration,9,1,356620,390928,0,0,0,391046,34426
rp2040_1,65,561,1,1,diagnostic_calibration,10,1,391047,425352,0,0,0,425373,34326
rp2040_1,65,561,1,1,diagnostic_calibration,11,1,425374,459678,0,0,0,459692,34318
rp2040_1,65,561,1,1,diagnostic_calibration,12,2,459693,493997,502058,0,0,502066,42373
rp2040_1,65,561,1,1,diagnostic_calibration,13,0,502067,536386,544447,552394,553080,553083,51016
rp2040_1,65,562,2,1,diagnostic_calibration,1,1,56992,91517,0,0,0,91641,34649
rp2040_1,65,562,2,1,diagnostic_calibration,2,4,91646,126014,134088,142039,142725,142727,51081
rp2040_1,65,562,2,1,diagnostic_calibration,3,2,142728,177095,185160,0,0,185186,42458
rp2040_1,65,562,2,1,diagnostic_calibration,4,2,185188,219515,227578,0,0,227608,42420
rp2040_1,65,562,2,1,diagnostic_calibration,5,1,227609,261939,0,0,0,261951,34342
rp2040_1,65,562,2,1,diagnostic_calibration,6,2,261952,296262,304323,0,0,304445,42493
rp2040_1,65,562,2,1,diagnostic_calibration,7,2,304446,338777,346838,0,0,346864,42418
rp2040_1,65,562,2,1,diagnostic_calibration,8,2,346865,381200,389261,0,0,389266,42401
rp2040_1,65,562,2,1,diagnostic_calibration,9,2,389266,423594,431655,0,0,431695,42429
rp2040_1,65,562,2,1,diagnostic_calibration,10,2,431696,466020,474081,0,0,474144,42448
rp2040_1,65,562,2,1,diagnostic_calibration,11,2,474145,508477,516537,0,0,516674,42529
rp2040_1,65,562,2,1,diagnostic_calibration,12,0,516675,551005,559066,567012,567681,567683,51008
rp2040_1,65,563,3,1,diagnostic_calibration,1,0,56972,91501,99584,107535,108221,108228,51256
rp2040_1,65,564,4,1,diagnostic_calibration,1,2,56957,91491,99574,0,0,99620,42663
rp2040_1,65,564,4,1,diagnostic_calibration,2,1,99626,134012,0,0,0,134078,34452
rp2040_1,65,564,4,1,diagnostic_calibration,3,1,134079,168403,0,0,0,168495,34416
rp2040_1,65,564,4,1,diagnostic_calibration,4,0,168496,202807,210870,218818,219504,219507,51011
rp2040_1,65,565,5,1,diagnostic_holdout,1,1,56966,91487,0,0,0,91520,34554
rp2040_1,65,565,5,1,diagnostic_holdout,2,0,91526,125878,133952,141903,142589,142592,51066
rp2040_1,65,566,6,1,diagnostic_holdout,1,1,56994,91502,0,0,0,91530,34536
rp2040_1,65,566,6,1,diagnostic_holdout,2,1,91535,125899,0,0,0,125920,34385
rp2040_1,65,566,6,1,diagnostic_holdout,3,0,125920,160236,168308,176258,176945,176948,51028
rp2040_1,65,567,7,1,diagnostic_holdout,1,0,57016,91540,99624,107575,108261,108267,51251
rp2040_1,65,568,8,1,diagnostic_holdout,1,0,56974,91490,99573,107524,108210,108216,51242
rp2040_1,65,569,9,1,diagnostic_holdout,1,2,56993,91527,99611,0,0,99632,42639
rp2040_1,65,569,9,1,diagnostic_holdout,2,0,99638,134017,142085,150033,150719,150723,51085
rp2040_1,65,570,0,2,diagnostic_calibration,1,0,56999,91506,99589,107539,108226,108232,51233
rp2040_1,65,571,1,2,diagnostic_calibration,1,1,56969,91498,0,0,0,91582,34613
rp2040_1,65,571,1,2,diagnostic_calibration,2,1,91587,125941,0,0,0,125960,34373
rp2040_1,65,571,1,2,diagnostic_calibration,3,2,125961,160279,168350,0,0,168408,42447
rp2040_1,65,571,1,2,diagnostic_calibration,4,0,168409,202751,210813,218760,219446,219449,51040
rp2040_1,65,572,2,2,diagnostic_calibration,1,2,56987,91516,99601,0,0,99756,42769
rp2040_1,65,572,2,2,diagnostic_calibration,2,0,99761,134154,142220,150167,150852,150857,51096
rp2040_1,65,573,3,2,diagnostic_calibration,1,1,56969,91500,0,0,0,91629,34660
rp2040_1,65,573,3,2,diagnostic_calibration,2,2,91633,125990,134064,0,0,134109,42476
rp2040_1,65,573,3,2,diagnostic_calibration,3,4,134110,168458,176520,184466,185152,185155,51045
rp2040_1,65,573,3,2,diagnostic_calibration,4,0,185156,219520,227581,235527,236194,236197,51041
rp2040_1,65,574,4,2,diagnostic_calibration,1,0,56959,91490,99575,107526,108213,108219,51260
rp2040_1,65,575,5,2,diagnostic_holdout,1,2,56967,91506,99589,0,0,99605,42638
rp2040_1,65,575,5,2,diagnostic_holdout,2,1,99611,134000,0,0,0,134068,34457
rp2040_1,65,575,5,2,diagnostic_holdout,3,2,134071,168386,176449,0,0,176470,42399
rp2040_1,65,575,5,2,diagnostic_holdout,4,2,176471,210806,218869,0,0,218896,42425
rp2040_1,65,575,5,2,diagnostic_holdout,5,1,218897,253227,0,0,0,253304,34407
rp2040_1,65,575,5,2,diagnostic_holdout,6,0,253304,287613,295674,303622,304308,304311,51007
rp2040_1,65,576,6,2,diagnostic_holdout,1,2,56976,91508,99590,0,0,99636,42660
rp2040_1,65,576,6,2,diagnostic_holdout,2,2,99643,134029,142094,0,0,142213,42570
rp2040_1,65,576,6,2,diagnostic_holdout,3,1,142215,176552,0,0,0,176653,34438
rp2040_1,65,576,6,2,diagnostic_holdout,4,2,176654,210969,219030,0,0,219174,42520
rp2040_1,65,576,6,2,diagnostic_holdout,5,1,219174,253505,0,0,0,253519,34345
rp2040_1,65,576,6,2,diagnostic_holdout,6,1,253520,287827,0,0,0,287911,34391
rp2040_1,65,576,6,2,diagnostic_holdout,7,2,287911,322222,330283,0,0,330326,42415
rp2040_1,65,576,6,2,diagnostic_holdout,8,2,330327,364656,372717,0,0,372741,42414
rp2040_1,65,576,6,2,diagnostic_holdout,9,2,372742,407078,415139,0,0,415184,42442
rp2040_1,65,576,6,2,diagnostic_holdout,10,1,415184,449508,0,0,0,449567,34383
rp2040_1,65,576,6,2,diagnostic_holdout,11,0,449568,483876,491937,499883,500570,500573,51005
rp2040_1,65,577,7,2,diagnostic_holdout,1,1,56992,91527,0,0,0,91642,34650
rp2040_1,65,577,7,2,diagnostic_holdout,2,0,91648,126009,134081,142032,142718,142723,51075
rp2040_1,65,578,8,2,diagnostic_holdout,1,1,56957,91476,0,0,0,91529,34572
rp2040_1,65,578,8,2,diagnostic_holdout,2,2,91534,125913,133986,0,0,134011,42477
rp2040_1,65,578,8,2,diagnostic_holdout,3,2,134013,168358,176423,0,0,176442,42429
rp2040_1,65,578,8,2,diagnostic_holdout,4,1,176443,210777,0,0,0,210866,34423
rp2040_1,65,578,8,2,diagnostic_holdout,5,2,210867,245185,253246,0,0,253392,42525
rp2040_1,65,578,8,2,diagnostic_holdout,6,0,253392,287721,295782,303729,304415,304417,51025
rp2040_1,65,579,9,2,diagnostic_holdout,1,1,56973,91501,0,0,0,91606,34633
rp2040_1,65,579,9,2,diagnostic_holdout,2,1,91611,125981,0,0,0,126020,34409
rp2040_1,65,579,9,2,diagnostic_holdout,3,2,126022,160344,168415,0,0,168431,42409
rp2040_1,65,579,9,2,diagnostic_holdout,4,2,168433,202779,210842,0,0,210990,42557
rp2040_1,65,579,9,2,diagnostic_holdout,5,2,210991,245321,253383,0,0,253403,42412
rp2040_1,65,579,9,2,diagnostic_holdout,6,1,253403,287735,0,0,0,287765,34362
rp2040_1,65,579,9,2,diagnostic_holdout,7,2,287766,322083,330144,0,0,330195,42429
rp2040_1,65,579,9,2,diagnostic_holdout,8,1,330195,364525,0,0,0,364590,34395
rp2040_1,65,579,9,2,diagnostic_holdout,9,0,364590,398902,406963,414909,415594,415597,51007
rp2040_1,65,580,0,3,diagnostic_calibration,1,2,56989,91505,99589,0,0,99605,42616
rp2040_1,65,580,0,3,diagnostic_calibration,2,1,99610,133991,0,0,0,134099,34489
rp2040_1,65,580,0,3,diagnostic_calibration,3,2,134099,168419,176482,0,0,176574,42475
rp2040_1,65,580,0,3,diagnostic_calibration,4,2,176574,210905,218966,0,0,218991,42417
rp2040_1,65,580,0,3,diagnostic_calibration,5,0,218991,253320,261381,269327,270014,270017,51026
rp2040_1,65,581,1,3,diagnostic_calibration,1,1,56971,91504,0,0,0,91577,34606
rp2040_1,65,581,1,3,diagnostic_calibration,2,0,91583,125932,134005,141955,142640,142644,51061
rp2040_1,65,582,2,3,diagnostic_calibration,1,2,56977,91498,99583,0,0,99652,42675
rp2040_1,65,582,2,3,diagnostic_calibration,2,1,99658,134052,0,0,0,134116,34458
rp2040_1,65,582,2,3,diagnostic_calibration,3,2,134117,168436,176500,0,0,176504,42387
rp2040_1,65,582,2,3,diagnostic_calibration,4,1,176505,210831,0,0,0,210842,34337
rp2040_1,65,582,2,3,diagnostic_calibration,5,1,210842,245159,0,0,0,245281,34439
rp2040_1,65,582,2,3,diagnostic_calibration,6,1,245282,279588,0,0,0,279601,34319
rp2040_1,65,582,2,3,diagnostic_calibration,7,0,279602,313920,321981,329928,330613,330616,51014
rp2040_1,65,583,3,3,diagnostic_calibration,1,2,56973,91495,99577,0,0,99664,42691
rp2040_1,65,583,3,3,diagnostic_calibration,2,1,99669,134050,0,0,0,134136,34467
rp2040_1,65,583,3,3,diagnostic_calibration,3,2,134137,168450,176515,0,0,176631,42494
rp2040_1,65,583,3,3,diagnostic_calibration,4,2,176633,210970,219033,0,0,219080,42447
rp2040_1,65,583,3,3,diagnostic_calibration,5,1,219081,253412,0,0,0,253483,34402
rp2040_1,65,583,3,3,diagnostic_calibration,6,1,253484,287798,0,0,0,287882,34398
rp2040_1,65,583,3,3,diagnostic_calibration,7,1,287883,322199,0,0,0,322293,34410
rp2040_1,65,583,3,3,diagnostic_calibration,8,2,322293,356598,364659,0,0,364755,42462
rp2040_1,65,583,3,3,diagnostic_calibration,9,2,364756,399077,407139,0,0,407256,42500
rp2040_1,65,583,3,3,diagnostic_calibration,10,2,407257,441579,449640,0,0,449675,42418
rp2040_1,65,583,3,3,diagnostic_calibration,11,0,449675,483996,492057,500003,500690,500693,51018
rp2040_1,65,584,4,3,diagnostic_calibration,1,1,56968,91502,0,0,0,91591,34623
rp2040_1,65,584,4,3,diagnostic_calibration,2,1,91596,125967,0,0,0,126008,34412
rp2040_1,65,584,4,3,diagnostic_calibration,3,0,126009,160326,168397,176348,177034,177037,51028
rp2040_1,65,585,5,3,diagnostic_holdout,1,2,56964,91484,99568,0,0,99633,42669
rp2040_1,65,585,5,3,diagnostic_holdout,2,0,99637,134010,142080,150027,150714,150717,51080
rp2040_1,65,586,6,3,diagnostic_holdout,1,0,56979,91502,99586,107536,108221,108227,51248
rp2040_1,65,587,7,3,diagnostic_holdout,1,1,56976,91512,0,0,0,91634,34658
rp2040_1,65,587,7,3,diagnostic_holdout,2,2,91638,126012,134086,0,0,134151,42513
rp2040_1,65,587,7,3,diagnostic_holdout,3,2,134152,168501,176563,0,0,176576,42424
rp2040_1,65,587,7,3,diagnostic_holdout,4,1,176577,210914,0,0,0,210951,34374
rp2040_1,65,587,7,3,diagnostic_holdout,5,1,210951,245262,0,0,0,245358,34407
rp2040_1,65,587,7,3,diagnostic_holdout,6,1,245358,279671,0,0,0,279734,34376
rp2040_1,65,587,7,3,diagnostic_holdout,7,2,279735,314045,322106,0,0,322140,42405
rp2040_1,65,587,7,3,diagnostic_holdout,8,0,322141,356471,364532,372478,373165,373168,51027
rp2040_1,65,588,8,3,diagnostic_holdout,1,2,56944,91469,99553,0,0,99610,42666
rp2040_1,65,588,8,3,diagnostic_holdout,2,2,99615,134003,142068,0,0,142076,42461
rp2040_1,65,588,8,3,diagnostic_holdout,3,1,142078,176420,0,0,0,176469,34391
rp2040_1,65,588,8,3,diagnostic_holdout,4,0,176471,210780,218841,226788,227475,227478,51007
rp2040_1,65,589,9,3,diagnostic_holdout,1,2,56988,91513,99597,0,0,99653,42665
rp2040_1,65,589,9,3,diagnostic_holdout,2,0,99658,134048,142113,150060,150746,150750,51092
rp2040_1,65,590,0,4,diagnostic_calibration,1,0,56969,91498,99581,107532,108219,108225,51256
rp2040_1,65,591,1,4,diagnostic_calibration,1,0,56978,91502,99586,107537,108223,108229,51251
rp2040_1,65,592,2,4,diagnostic_calibration,1,0,56993,91525,99608,107559,108246,108252,51259
rp2040_1,65,593,3,4,diagnostic_calibration,1,2,56985,91507,99590,0,0,99690,42705
rp2040_1,65,593,3,4,diagnostic_calibration,2,1,99695,134063,0,0,0,134097,34402
rp2040_1,65,593,3,4,diagnostic_calibration,3,0,134099,168417,176478,184424,185110,185113,51014
rp2040_1,65,594,4,4,diagnostic_calibration,1,1,56973,91507,0,0,0,91619,34646
rp2040_1,65,594,4,4,diagnostic_calibration,2,2,91625,125993,134068,0,0,134160,42535
rp2040_1,65,594,4,4,diagnostic_calibration,3,1,134162,168510,0,0,0,168565,34403
rp2040_1,65,594,4,4,diagnostic_calibration,4,1,168566,202875,0,0,0,202897,34331
rp2040_1,65,594,4,4,diagnostic_calibration,5,2,202898,237205,245269,0,0,245364,42466
rp2040_1,65,594,4,4,diagnostic_calibration,6,1,245365,279700,0,0,0,279782,34417
rp2040_1,65,594,4,4,diagnostic_calibration,7,2,279783,314089,322151,0,0,322295,42512
rp2040_1,65,594,4,4,diagnostic_calibration,8,2,322296,356628,364689,0,0,364705,42409
rp2040_1,65,594,4,4,diagnostic_calibration,9,1,364706,399032,0,0,0,399046,34340
rp2040_1,65,594,4,4,diagnostic_calibration,10,1,399047,433351,0,0,0,433407,34360
rp2040_1,65,594,4,4,diagnostic_calibration,11,2,433407,467719,475781,0,0,475873,42466
rp2040_1,65,594,4,4,diagnostic_calibration,12,2,475874,510208,518269,0,0,518327,42453
rp2040_1,65,594,4,4,diagnostic_calibration,13,1,518328,552658,0,0,0,552754,34426
rp2040_1,65,594,4,4,diagnostic_calibration,14,2,552754,587065,595126,0,0,595148,42394
rp2040_1,65,594,4,4,diagnostic_calibration,15,2,595149,629473,637534,0,0,637585,42436
rp2040_1,65,594,4,4,diagnostic_calibration,16,2,637586,671913,679974,0,0,680100,42514
rp2040_1,65,594,4,4,diagnostic_calibration,17,1,680100,714420,0,0,0,714470,34370
rp2040_1,65,594,4,4,diagnostic_calibration,18,1,714471,748779,0,0,0,748809,34338
rp2040_1,65,594,4,4,diagnostic_calibration,19,1,748810,783115,0,0,0,783120,34310
rp2040_1,65,594,4,4,diagnostic_calibration,20,2,783121,817431,825492,0,0,825547,42426
rp2040_1,65,594,4,4,diagnostic_calibration,21,2,825547,859870,867931,0,0,867935,42388
rp2040_1,65,594,4,4,diagnostic_calibration,22,1,867935,902269,0,0,0,902297,34362
rp2040_1,65,594,4,4,diagnostic_calibration,23,1,902297,936608,0,0,0,936614,34317
rp2040_1,65,594,4,4,diagnostic_calibration,24,2,936614,970926,978987,0,0,979071,42457
rp2040_1,65,594,4,4,diagnostic_calibration,25,1,979071,1013406,0,0,0,1013455,34384
rp2040_1,65,594,4,4,diagnostic_calibration,26,1,1013456,1047766,0,0,0,1047775,34319
rp2040_1,65,594,4,4,diagnostic_calibration,27,0,1047776,1082082,1090143,1098090,1098777,1098779,51003
rp2040_1,65,595,5,4,diagnostic_holdout,1,1,56998,91527,0,0,0,91610,34612
rp2040_1,65,595,5,4,diagnostic_holdout,2,2,91615,125974,134050,0,0,134064,42449
rp2040_1,65,595,5,4,diagnostic_holdout,3,2,134067,168409,176474,0,0,176480,42413
rp2040_1,65,595,5,4,diagnostic_holdout,4,0,176481,210810,218871,226818,227503,227506,51025
rp2040_1,65,596,6,4,diagnostic_holdout,1,0,56993,91511,99595,107545,108231,108237,51244
rp2040_1,65,597,7,4,diagnostic_holdout,1,1,57008,91527,0,0,0,91550,34542
rp2040_1,65,597,7,4,diagnostic_holdout,2,0,91557,125930,134005,141955,142641,142645,51088
rp2040_1,65,598,8,4,diagnostic_holdout,1,1,56953,91470,0,0,0,91498,34545
rp2040_1,65,598,8,4,diagnostic_holdout,2,0,91503,125858,133932,141883,142570,142573,51070
rp2040_1,65,599,9,4,diagnostic_holdout,1,0,57009,91534,99617,107568,108254,108260,51251
rp2040_1,65,600,0,0,diagnostic_calibration,1,2,56959,91470,99555,0,0,99609,42650
rp2040_1,65,600,0,0,diagnostic_calibration,2,2,99614,134000,142064,0,0,142114,42500
rp2040_1,65,600,0,0,diagnostic_calibration,3,1,142115,176457,0,0,0,176470,34355
rp2040_1,65,600,0,0,diagnostic_calibration,4,2,176471,210785,218846,0,0,218917,42446
rp2040_1,65,600,0,0,diagnostic_calibration,5,2,218917,253241,261302,0,0,261453,42536
rp2040_1,65,600,0,0,diagnostic_calibration,6,1,261453,295783,0,0,0,295799,34346
rp2040_1,65,600,0,0,diagnostic_calibration,7,2,295799,330116,338177,0,0,338184,42385
rp2040_1,65,600,0,0,diagnostic_calibration,8,2,338184,372516,380577,0,0,380713,42529
rp2040_1,65,600,0,0,diagnostic_calibration,9,2,380714,415036,423097,0,0,423125,42411
rp2040_1,65,600,0,0,diagnostic_calibration,10,0,423125,457456,465517,473463,474149,474152,51027
rp2040_1,65,601,1,0,diagnostic_calibration,1,2,56975,91491,99575,0,0,99670,42695
rp2040_1,65,601,1,0,diagnostic_calibration,2,2,99676,134077,142143,0,0,142187,42511
rp2040_1,65,601,1,0,diagnostic_calibration,3,1,142189,176541,0,0,0,176625,34436
rp2040_1,65,601,1,0,diagnostic_calibration,4,2,176626,210937,218998,0,0,219087,42461
rp2040_1,65,601,1,0,diagnostic_calibration,5,2,219087,253417,261478,0,0,261524,42437
rp2040_1,65,601,1,0,diagnostic_calibration,6,2,261524,295856,303917,0,0,304059,42535
rp2040_1,65,601,1,0,diagnostic_calibration,7,1,304059,338384,0,0,0,338494,34435
rp2040_1,65,601,1,0,diagnostic_calibration,8,0,338495,372805,380866,388812,389498,389501,51006
rp2040_1,65,602,2,0,diagnostic_calibration,1,1,56996,91527,0,0,0,91596,34600
rp2040_1,65,602,2,0,diagnostic_calibration,2,2,91600,125958,134030,0,0,134089,42489
rp2040_1,65,602,2,0,diagnostic_calibration,3,1,134090,168434,0,0,0,168439,34349
rp2040_1,65,602,2,0,diagnostic_calibration,4,0,168440,202755,210817,218764,219450,219453,51013
rp2040_1,65,603,3,0,diagnostic_calibration,1,1,56971,91513,0,0,0,91555,34584
rp2040_1,65,603,3,0,diagnostic_calibration,2,2,91560,125941,134016,0,0,134050,42490
rp2040_1,65,603,3,0,diagnostic_calibration,3,2,134052,168411,176472,0,0,176593,42541
rp2040_1,65,603,3,0,diagnostic_calibration,4,2,176593,210929,218990,0,0,219025,42432
rp2040_1,65,603,3,0,diagnostic_calibration,5,1,219025,253343,0,0,0,253435,34410
rp2040_1,65,603,3,0,diagnostic_calibration,6,1,253436,287749,0,0,0,287768,34332
rp2040_1,65,603,3,0,diagnostic_calibration,7,1,287768,322078,0,0,0,322088,34320
rp2040_1,65,603,3,0,diagnostic_calibration,8,1,322089,356402,0,0,0,356405,34316
rp2040_1,65,603,3,0,diagnostic_calibration,9,2,356406,390717,398778,0,0,398885,42479
rp2040_1,65,603,3,0,diagnostic_calibration,10,1,398885,433214,0,0,0,433223,34338
rp2040_1,65,603,3,0,diagnostic_calibration,11,2,433224,467538,475599,0,0,475698,42474
rp2040_1,65,603,3,0,diagnostic_calibration,12,0,475698,510029,518089,526036,526721,526724,51026
rp2040_1,65,604,4,0,diagnostic_calibration,1,2,56960,91489,99571,0,0,99599,42639
rp2040_1,65,604,4,0,diagnostic_calibration,2,2,99605,133992,142060,0,0,142071,42466
rp2040_1,65,604,4,0,diagnostic_calibration,3,1,142072,176414,0,0,0,176479,34407
rp2040_1,65,604,4,0,diagnostic_calibration,4,1,176480,210794,0,0,0,210885,34405
rp2040_1,65,604,4,0,diagnostic_calibration,5,2,210886,245201,253262,0,0,253304,42418
rp2040_1,65,604,4,0,diagnostic_calibration,6,0,253305,287635,295695,303642,304327,304330,51025
rp2040_1,65,605,5,0,diagnostic_holdout,1,2,56978,91505,99588,0,0,99736,42758
rp2040_1,65,605,5,0,diagnostic_holdout,2,2,99742,134120,142186,0,0,142221,42479
rp2040_1,65,605,5,0,diagnostic_holdout,3,2,142222,176567,184630,0,0,184753,42531
rp2040_1,65,605,5,0,diagnostic_holdout,4,2,184754,219084,227146,0,0,227233,42479
rp2040_1,65,605,5,0,diagnostic_holdout,5,0,227234,261555,269616,277562,278249,278252,51018
rp2040_1,65,606,6,0,diagnostic_holdout,1,1,56979,91516,0,0,0,91592,34613
rp2040_1,65,606,6,0,diagnostic_holdout,2,1,91596,125966,0,0,0,126026,34430
rp2040_1,65,606,6,0,diagnostic_holdout,3,1,126029,160347,0,0,0,160378,34349
rp2040_1,65,606,6,0,diagnostic_holdout,4,2,160379,194688,202759,0,0,202811,42432
rp2040_1,65,606,6,0,diagnostic_holdout,5,1,202812,237160,0,0,0,237208,34396
rp2040_1,65,606,6,0,diagnostic_holdout,6,2,237208,271528,279590,0,0,279603,42395
rp2040_1,65,606,6,0,diagnostic_holdout,7,0,279603,313927,321988,329934,330621,330624,51021
rp2040_1,65,607,7,0,diagnostic_holdout,1,1,56988,91515,0,0,0,91645,34657
rp2040_1,65,607,7,0,diagnostic_holdout,2,0,91650,126018,134092,142042,142729,142733,51083
rp2040_1,65,608,8,0,diagnostic_holdout,1,2,56970,91491,99576,0,0,99731,42761
rp2040_1,65,608,8,0,diagnostic_holdout,2,1,99735,134120,0,0,0,134176,34441
rp2040_1,65,608,8,0,diagnostic_holdout,3,2,134178,168497,176559,0,0,176634,42456
rp2040_1,65,608,8,0,diagnostic_holdout,4,1,176635,210967,0,0,0,210982,34347
rp2040_1,65,608,8,0,diagnostic_holdout,5,1,210983,245292,0,0,0,245330,34347
rp2040_1,65,608,8,0,diagnostic_holdout,6,1,245330,279641,0,0,0,279649,34319
rp2040_1,65,608,8,0,diagnostic_holdout,7,0,279649,313961,322022,329968,330655,330658,51009
rp2040_1,65,609,9,0,diagnostic_holdout,1,2,56981,91502,99585,0,0,99631,42650
rp2040_1,65,609,9,0,diagnostic_holdout,2,1,99636,134007,0,0,0,134060,34424
rp2040_1,65,609,9,0,diagnostic_holdout,3,1,134063,168389,0,0,0,168463,34400
rp2040_1,65,609,9,0,diagnostic_holdout,4,1,168464,202782,0,0,0,202876,34412
rp2040_1,65,609,9,0,diagnostic_holdout,5,1,202878,237181,0,0,0,237250,34372
rp2040_1,65,609,9,0,diagnostic_holdout,6,1,237251,271566,0,0,0,271658,34407
rp2040_1,65,609,9,0,diagnostic_holdout,7,2,271659,305976,314038,0,0,314127,42468
rp2040_1,65,609,9,0,diagnostic_holdout,8,2,314127,348451,356512,0,0,356607,42480
rp2040_1,65,609,9,0,diagnostic_holdout,9,1,356607,390937,0,0,0,390976,34369
rp2040_1,65,609,9,0,diagnostic_holdout,10,2,390977,425281,433342,0,0,433412,42435
rp2040_1,65,609,9,0,diagnostic_holdout,11,1,433413,467740,0,0,0,467782,34369
rp2040_1,65,609,9,0,diagnostic_holdout,12,0,467783,502098,510159,518105,518791,518794,51011
rp2040_1,65,610,0,1,diagnostic_calibration,1,2,56958,91475,99557,0,0,99688,42730
rp2040_1,65,610,0,1,diagnostic_calibration,2,1,99693,134069,0,0,0,134083,34390
rp2040_1,65,610,0,1,diagnostic_calibration,3,2,134084,168400,176462,0,0,176598,42514
rp2040_1,65,610,0,1,diagnostic_calibration,4,1,176599,210921,0,0,0,210964,34365
rp2040_1,65,610,0,1,diagnostic_calibration,5,2,210965,245273,253334,0,0,253396,42431
rp2040_1,65,610,0,1,diagnostic_calibration,6,1,253397,287719,0,0,0,287724,34327
rp2040_1,65,610,0,1,diagnostic_calibration,7,1,287725,322035,0,0,0,322127,34402
rp2040_1,65,610,0,1,diagnostic_calibration,8,2,322127,356427,364488,0,0,364501,42374
rp2040_1,65,610,0,1,diagnostic_calibration,9,2,364502,398826,406887,0,0,407037,42535
rp2040_1,65,610,0,1,diagnostic_calibration,10,1,407038,441364,0,0,0,441376,34338
rp2040_1,65,610,0,1,diagnostic_calibration,11,2,441377,475689,483750,0,0,483755,42378
rp2040_1,65,610,0,1,diagnostic_calibration,12,0,483756,518085,526146,534092,534779,534782,51026
rp2040_1,65,611,1,1,diagnostic_calibration,1,1,56962,91484,0,0,0,91509,34547
rp2040_1,65,611,1,1,diagnostic_calibration,2,2,91514,125868,133941,0,0,133991,42477
rp2040_1,65,611,1,1,diagnostic_calibration,3,1,133993,168333,0,0,0,168360,34367
rp2040_1,65,611,1,1,diagnostic_calibration,4,2,168361,202684,210748,0,0,210776,42415
rp2040_1,65,611,1,1,diagnostic_calibration,5,2,210777,245109,253169,0,0,253185,42408
rp2040_1,65,611,1,1,diagnostic_calibration,6,1,253185,287527,0,0,0,287541,34356
rp2040_1,65,611,1,1,diagnostic_calibration,7,2,287542,321847,329908,0,0,329992,42450
rp2040_1,65,611,1,1,diagnostic_calibration,8,0,329993,364333,372394,380340,381026,381029,51036
rp2040_1,65,612,2,1,diagnostic_calibration,1,1,56993,91509,0,0,0,91654,34661
rp2040_1,65,612,2,1,diagnostic_calibration,2,2,91659,126031,134103,0,0,134186,42527
rp2040_1,65,612,2,1,diagnostic_calibration,3,2,134190,168547,176608,0,0,176644,42454
rp2040_1,65,612,2,1,diagnostic_calibration,4,0,176645,210985,219046,226993,227679,227682,51037
rp2040_1,65,613,3,1,diagnostic_calibration,1,1,56995,91512,0,0,0,91569,34574
rp2040_1,65,613,3,1,diagnostic_calibration,2,2,91575,125939,134012,0,0,134038,42463
rp2040_1,65,613,3,1,diagnostic_calibration,3,1,134041,168381,0,0,0,168482,34441
rp2040_1,65,613,3,1,diagnostic_calibration,4,1,168483,202800,0,0,0,202916,34433
rp2040_1,65,613,3,1,diagnostic_calibration,5,1,202917,237227,0,0,0,237339,34422
rp2040_1,65,613,3,1,diagnostic_calibration,6,2,237339,271651,279713,0,0,279743,42404
rp2040_1,65,613,3,1,diagnostic_calibration,7,0,279744,314081,322142,330088,330775,330778,51034
rp2040_1,65,614,4,1,diagnostic_calibration,1,0,56985,91505,99589,107540,108226,108232,51247
rp2040_1,65,615,5,1,diagnostic_holdout,1,2,56967,91487,99571,0,0,99644,42677
rp2040_1,65,615,5,1,diagnostic_holdout,2,1,99650,134051,0,0,0,134152,34502
rp2040_1,65,615,5,1,diagnostic_holdout,3,1,134153,168477,0,0,0,168578,34425
rp2040_1,65,615,5,1,diagnostic_holdout,4,1,168579,202895,0,0,0,202976,34397
rp2040_1,65,615,5,1,diagnostic_holdout,5,2,202976,237292,245356,0,0,245383,42407
rp2040_1,65,615,5,1,diagnostic_holdout,6,2,245384,279719,287780,0,0,287810,42426
rp2040_1,65,615,5,1,diagnostic_holdout,7,1,287810,322142,0,0,0,322224,34414
rp2040_1,65,615,5,1,diagnostic_holdout,8,0,322224,356532,364593,372539,373225,373227,51003
rp2040_1,65,616,6,1,diagnostic_holdout,1,1,56971,91499,0,0,0,91592,34621
rp2040_1,65,616,6,1,diagnostic_holdout,2,0,91597,125957,134032,141982,142668,142672,51075
rp2040_1,65,617,7,1,diagnostic_holdout,1,0,56985,91499,99583,107533,108219,108225,51240
rp2040_1,65,618,8,1,diagnostic_holdout,1,2,56961,91464,99547,0,0,99610,42649
rp2040_1,65,618,8,1,diagnostic_holdout,2,0,99615,133986,142049,149995,150682,150685,51070
rp2040_1,65,619,9,1,diagnostic_holdout,1,1,57008,91529,0,0,0,91647,34639
rp2040_1,65,619,9,1,diagnostic_holdout,2,2,91652,126005,134080,0,0,134234,42582
rp2040_1,65,619,9,1,diagnostic_holdout,3,2,134236,168586,176648,0,0,176657,42421
rp2040_1,65,619,9,1,diagnostic_holdout,4,0,176658,210989,219051,226998,227683,227687,51029
rp2040_1,65,620,0,2,diagnostic_calibration,1,1,56983,91496,0,0,0,91530,34547
rp2040_1,65,620,0,2,diagnostic_calibration,2,1,91534,125895,0,0,0,125955,34421
rp2040_1,65,620,0,2,diagnostic_calibration,3,0,125957,160272,168343,176294,176980,176983,51026
rp2040_1,65,621,1,2,diagnostic_calibration,1,0,56971,91483,99567,107517,108204,108210,51239
rp2040_1,65,622,2,2,diagnostic_calibration,1,2,56991,91513,99597,0,0,99661,42670
rp2040_1,65,622,2,2,diagnostic_calibration,2,2,99667,134056,142122,0,0,142187,42520
rp2040_1,65,622,2,2,diagnostic_calibration,3,4,142189,176527,184589,192535,193222,193224,51035
rp2040_1,65,622,2,2,diagnostic_calibration,4,2,193225,227584,235645,0,0,235695,42470
rp2040_1,65,622,2,2,diagnostic_calibration,5,1,235695,270023,0,0,0,270098,34403
rp2040_1,65,622,2,2,diagnostic_calibration,6,2,270098,304404,312466,0,0,312509,42411
rp2040_1,65,622,2,2,diagnostic_calibration,7,2,312509,346841,354902,0,0,355041,42532
rp2040_1,65,622,2,2,diagnostic_calibration,8,0,355042,389381,397442,405388,406059,406061,51019
rp2040_1,65,623,3,2,diagnostic_calibration,1,2,56976,91495,99578,0,0,99643,42667
rp2040_1,65,623,3,2,diagnostic_calibration,2,0,99649,134021,142086,150034,150720,150724,51075
rp2040_1,65,624,4,2,diagnostic_calibration,1,1,56958,91481,0,0,0,91540,34582
rp2040_1,65,624,4,2,diagnostic_calibration,2,2,91545,125895,133969,0,0,134039,42494
rp2040_1,65,624,4,2,diagnostic_calibration,3,0,134040,168383,176448,184394,185080,185083,51043
rp2040_1,65,625,5,2,diagnostic_holdout,1,1,56960,91490,0,0,0,91607,34647
rp2040_1,65,625,5,2,diagnostic_holdout,2,1,91612,125977,0,0,0,126097,34485
rp2040_1,65,625,5,2,diagnostic_holdout,3,2,126097,160416,168487,0,0,168560,42463
rp2040_1,65,625,5,2,diagnostic_holdout,4,1,168561,202902,0,0,0,203009,34448
rp2040_1,65,625,5,2,diagnostic_holdout,5,1,203009,237322,0,0,0,237400,34391
rp2040_1,65,625,5,2,diagnostic_holdout,6,1,237401,271716,0,0,0,271720,34319
rp2040_1,65,625,5,2,diagnostic_holdout,7,2,271721,306035,314097,0,0,314223,42502
rp2040_1,65,625,5,2,diagnostic_holdout,8,2,314223,348550,356612,0,0,356626,42403
rp2040_1,65,625,5,2,diagnostic_holdout,9,1,356626,390952,0,0,0,390972,34346
rp2040_1,65,625,5,2,diagnostic_holdout,10,0,390972,425282,433343,441289,441975,441977,51005
rp2040_1,65,626,6,2,diagnostic_holdout,1,2,56968,91492,99575,0,0,99665,42697
rp2040_1,65,626,6,2,diagnostic_holdout,2,1,99670,134049,0,0,0,134160,34490
rp2040_1,65,626,6,2,diagnostic_holdout,3,1,134162,168485,0,0,0,168529,34367
rp2040_1,65,626,6,2,diagnostic_holdout,4,2,168530,202850,210913,0,0,211012,42482
rp2040_1,65,626,6,2,diagnostic_holdout,5,2,211013,245348,253409,0,0,253533,42520
rp2040_1,65,626,6,2,diagnostic_holdout,6,2,253534,287863,295924,0,0,295974,42440
rp2040_1,65,626,6,2,diagnostic_holdout,7,2,295975,330304,338365,0,0,338404,42429
rp2040_1,65,626,6,2,diagnostic_holdout,8,1,338405,372730,0,0,0,372748,34343
rp2040_1,65,626,6,2,diagnostic_holdout,9,1,372749,407063,0,0,0,407122,34373
rp2040_1,65,626,6,2,diagnostic_holdout,10,2,407123,441442,449503,0,0,449546,42423
rp2040_1,65,626,6,2,diagnostic_holdout,11,1,449547,483879,0,0,0,483886,34339
rp2040_1,65,626,6,2,diagnostic_holdout,12,1,483887,518195,0,0,0,518250,34363
rp2040_1,65,626,6,2,diagnostic_holdout,13,0,518251,552551,560612,568559,569244,569247,50996
rp2040_1,65,627,7,2,diagnostic_holdout,1,2,56981,91516,99600,0,0,99753,42772
rp2040_1,65,627,7,2,diagnostic_holdout,2,2,99760,134147,142210,0,0,142251,42491
rp2040_1,65,627,7,2,diagnostic_holdout,3,2,142255,176611,184673,0,0,184801,42546
rp2040_1,65,627,7,2,diagnostic_holdout,4,1,184803,219134,0,0,0,219177,34374
rp2040_1,65,627,7,2,diagnostic_holdout,5,2,219178,253491,261552,0,0,261611,42433
rp2040_1,65,627,7,2,diagnostic_holdout,6,1,261611,295946,0,0,0,295978,34367
rp2040_1,65,627,7,2,diagnostic_holdout,7,0,295979,330291,338352,346298,346984,346987,51008
rp2040_1,65,628,8,2,diagnostic_holdout,1,2,56981,91504,99587,0,0,99724,42743
rp2040_1,65,628,8,2,diagnostic_holdout,2,0,99730,134099,142161,150108,150795,150799,51069
rp2040_1,65,629,9,2,diagnostic_holdout,1,2,56992,91516,99599,0,0,99669,42677
rp2040_1,65,629,9,2,diagnostic_holdout,2,0,99677,134058,142123,150070,150756,150759,51082
rp2040_1,65,630,0,3,diagnostic_calibration,1,2,56988,91505,99588,0,0,99649,42661
rp2040_1,65,630,0,3,diagnostic_calibration,2,2,99655,134044,142110,0,0,142175,42520
rp2040_1,65,630,0,3,diagnostic_calibration,3,1,142176,176510,0,0,0,176569,34393
rp2040_1,65,630,0,3,diagnostic_calibration,4,2,176571,210877,218938,0,0,218942,42371
rp2040_1,65,630,0,3,diagnostic_calibration,5,0,218944,253265,261326,269272,269959,269961,51017
rp2040_1,65,631,1,3,diagnostic_calibration,1,2,56975,91497,99581,0,0,99702,42727
rp2040_1,65,631,1,3,diagnostic_calibration,2,2,99707,134091,142155,0,0,142203,42496
rp2040_1,65,631,1,3,diagnostic_calibration,3,1,142204,176549,0,0,0,176560,34356
rp2040_1,65,631,1,3,diagnostic_calibration,4,0,176561,210877,218937,226884,227570,227573,51012
rp2040_1,65,632,2,3,diagnostic_calibration,1,1,56997,91526,0,0,0,91551,34554
rp2040_1,65,632,2,3,diagnostic_calibration,2,2,91556,125917,133991,0,0,134132,42576
rp2040_1,65,632,2,3,diagnostic_calibration,3,2,134133,168474,176538,0,0,176583,42450
rp2040_1,65,632,2,3,diagnostic_calibration,4,1,176584,210920,0,0,0,210958,34374
rp2040_1,65,632,2,3,diagnostic_calibration,5,0,210959,245267,253329,261275,261960,261963,51004
rp2040_1,65,633,3,3,diagnostic_calibration,1,2,56980,91510,99594,0,0,99673,42693
rp2040_1,65,633,3,3,diagnostic_calibration,2,0,99678,134070,142135,150083,150769,150773,51095
rp2040_1,65,634,4,3,diagnostic_calibration,1,1,56965,91491,0,0,0,91562,34597
rp2040_1,65,634,4,3,diagnostic_calibration,2,1,91567,125927,0,0,0,125983,34416
rp2040_1,65,634,4,3,diagnostic_calibration,3,0,125985,160304,168375,176325,177012,177017,51032
rp2040_1,65,635,5,3,diagnostic_holdout,1,2,56982,91498,99581,0,0,99670,42688
rp2040_1,65,635,5,3,diagnostic_holdout,2,2,99676,134078,142144,0,0,142194,42518
rp2040_1,65,635,5,3,diagnostic_holdout,3,0,142196,176548,184611,192558,193244,193248,51052
rp2040_1,65,636,6,3,diagnostic_holdout,1,1,57013,91534,0,0,0,91597,34584
rp2040_1,65,636,6,3,diagnostic_holdout,2,0,91602,125969,134044,141995,142680,142685,51083
rp2040_1,65,637,7,3,diagnostic_holdout,1,1,56983,91498,0,0,0,91555,34572
rp2040_1,65,637,7,3,diagnostic_holdout,2,2,91560,125913,133987,0,0,133997,42437
rp2040_1,65,637,7,3,diagnostic_holdout,3,0,133998,168344,176408,184356,185042,185044,51046
rp2040_1,65,638,8,3,diagnostic_holdout,1,1,56978,91494,0,0,0,91537,34559
rp2040_1,65,638,8,3,diagnostic_holdout,2,2,91542,125887,133960,0,0,134011,42469
rp2040_1,65,638,8,3,diagnostic_holdout,3,0,134013,168357,176419,184366,185051,185055,51042
rp2040_1,65,639,9,3,diagnostic_holdout,1,2,56974,91496,99580,0,0,99690,42716
rp2040_1,65,639,9,3,diagnostic_holdout,2,2,99696,134072,142135,0,0,142155,42459
rp2040_1,65,639,9,3,diagnostic_holdout,3,2,142156,176496,184557,0,0,184689,42533
rp2040_1,65,639,9,3,diagnostic_holdout,4,2,184690,219018,227079,0,0,227113,42423
rp2040_1,65,639,9,3,diagnostic_holdout,5,2,227114,261440,269501,0,0,269521,42407
rp2040_1,65,639,9,3,diagnostic_holdout,6,2,269522,303857,311918,0,0,311939,42417
rp2040_1,65,639,9,3,diagnostic_holdout,7,1,311939,346257,0,0,0,346343,34404
rp2040_1,65,639,9,3,diagnostic_holdout,8,2,346344,380646,388707,0,0,388793,42449
rp2040_1,65,639,9,3,diagnostic_holdout,9,2,388793,423124,431185,0,0,431235,42442
rp2040_1,65,639,9,3,diagnostic_holdout,10,1,431236,465567,0,0,0,465608,34372
rp2040_1,65,639,9,3,diagnostic_holdout,11,2,465608,499916,507977,0,0,508016,42408
rp2040_1,65,639,9,3,diagnostic_holdout,12,1,508017,542362,0,0,0,542377,34360
rp2040_1,65,639,9,3,diagnostic_holdout,13,0,542377,576685,584745,592692,593378,593381,51004
rp2040_1,65,640,0,4,diagnostic_calibration,1,2,56983,91508,99592,0,0,99638,42655
rp2040_1,65,640,0,4,diagnostic_calibration,2,2,99643,134026,142093,0,0,142170,42527
rp2040_1,65,640,0,4,diagnostic_calibration,3,1,142172,176512,0,0,0,176569,34397
rp2040_1,65,640,0,4,diagnostic_calibration,4,1,176571,210889,0,0,0,210999,34428
rp2040_1,65,640,0,4,diagnostic_calibration,5,0,211000,245307,253368,261314,262001,262004,51004
rp2040_1,65,641,1,4,diagnostic_calibration,1,1,57010,91526,0,0,0,91547,34537
rp2040_1,65,641,1,4,diagnostic_calibration,2,2,91553,125914,133988,0,0,134083,42530
rp2040_1,65,641,1,4,diagnostic_calibration,3,1,134086,168427,0,0,0,168507,34421
rp2040_1,65,641,1,4,diagnostic_calibration,4,2,168508,202819,210881,0,0,210964,42456
rp2040_1,65,641,1,4,diagnostic_calibration,5,2,210965,245298,253359,0,0,253406,42441
rp2040_1,65,641,1,4,diagnostic_calibration,6,1,253407,287746,0,0,0,287789,34382
rp2040_1,65,641,1,4,diagnostic_calibration,7,2,287790,322102,330163,0,0,330256,42466
rp2040_1,65,641,1,4,diagnostic_calibration,8,2,330256,364577,372638,0,0,372663,42407
rp2040_1,65,641,1,4,diagnostic_calibration,9,2,372663,406991,415052,0,0,415199,42536
rp2040_1,65,641,1,4,diagnostic_calibration,10,1,415199,449535,0,0,0,449572,34373
rp2040_1,65,641,1,4,diagnostic_calibration,11,2,449573,483884,491945,0,0,492022,42449
rp2040_1,65,641,1,4,diagnostic_calibration,12,2,492023,526359,534420,0,0,534507,42484
rp2040_1,65,641,1,4,diagnostic_calibration,13,1,534508,568840,0,0,0,568877,34369
rp2040_1,65,641,1,4,diagnostic_calibration,14,2,568878,603188,611249,0,0,611324,42446
rp2040_1,65,641,1,4,diagnostic_calibration,15,0,611325,645666,653727,661673,662360,662363,51038
rp2040_1,65,642,2,4,diagnostic_calibration,1,2,56964,91474,99557,0,0,99597,42633
rp2040_1,65,642,2,4,diagnostic_calibration,2,0,99603,133990,142055,150002,150687,150690,51087
rp2040_1,65,643,3,4,diagnostic_calibration,1,1,56971,91498,0,0,0,91566,34595
rp2040_1,65,643,3,4,diagnostic_calibration,2,1,91571,125941,0,0,0,125986,34415
rp2040_1,65,643,3,4,diagnostic_calibration,3,1,125987,160307,0,0,0,160328,34341
rp2040_1,65,643,3,4,diagnostic_calibration,4,1,160328,194649,0,0,0,194753,34425
rp2040_1,65,643,3,4,diagnostic_calibration,5,2,194754,229074,237144,0,0,237246,42492
rp2040_1,65,643,3,4,diagnostic_calibration,6,0,237247,271583,279645,287592,288278,288281,51034
rp2040_1,65,644,4,4,diagnostic_calibration,1,1,56996,91523,0,0,0,91548,34552
rp2040_1,65,644,4,4,diagnostic_calibration,2,2,91553,125920,133995,0,0,134022,42469
rp2040_1,65,644,4,4,diagnostic_calibration,3,2,134024,168377,176442,0,0,176483,42459
rp2040_1,65,644,4,4,diagnostic_calibration,4,2,176484,210819,218882,0,0,218984,42500
rp2040_1,65,644,4,4,diagnostic_calibration,5,1,218985,253312,0,0,0,253330,34345
rp2040_1,65,644,4,4,diagnostic_calibration,6,1,253330,287646,0,0,0,287713,34383
rp2040_1,65,644,4,4,diagnostic_calibration,7,2,287714,322026,330088,0,0,330227,42513
rp2040_1,65,644,4,4,diagnostic_calibration,8,1,330228,364564,0,0,0,364649,34421
rp2040_1,65,644,4,4,diagnostic_calibration,9,1,364650,398958,0,0,0,398989,34339
rp2040_1,65,644,4,4,diagnostic_calibration,10,1,398990,433306,0,0,0,433373,34383
rp2040_1,65,644,4,4,diagnostic_calibration,11,2,433373,467679,475740,0,0,475875,42502
rp2040_1,65,644,4,4,diagnostic_calibration,12,2,475876,510203,518264,0,0,518281,42405
rp2040_1,65,644,4,4,diagnostic_calibration,13,1,518282,552612,0,0,0,552634,34352
rp2040_1,65,644,4,4,diagnostic_calibration,14,2,552634,586943,595004,0,0,595016,42382
rp2040_1,65,644,4,4,diagnostic_calibration,15,1,595017,629345,0,0,0,629443,34426
rp2040_1,65,644,4,4,diagnostic_calibration,16,2,629444,663754,671815,0,0,671843,42399
rp2040_1,65,644,4,4,diagnostic_calibration,17,2,671843,706166,714227,0,0,714337,42494
rp2040_1,65,644,4,4,diagnostic_calibration,18,1,714337,748668,0,0,0,748690,34353
rp2040_1,65,644,4,4,diagnostic_calibration,19,1,748691,782996,0,0,0,783104,34413
rp2040_1,65,644,4,4,diagnostic_calibration,20,2,783105,817419,825480,0,0,825492,42387
rp2040_1,65,644,4,4,diagnostic_calibration,21,1,825493,859813,0,0,0,859840,34347
rp2040_1,65,644,4,4,diagnostic_calibration,22,2,859840,894145,902206,0,0,902338,42498
rp2040_1,65,644,4,4,diagnostic_calibration,23,0,902339,936657,944718,952664,953351,953354,51015
rp2040_1,65,645,5,4,diagnostic_holdout,1,1,56989,91515,0,0,0,91563,34574
rp2040_1,65,645,5,4,diagnostic_holdout,2,2,91569,125924,133999,0,0,134008,42439
rp2040_1,65,645,5,4,diagnostic_holdout,3,0,134011,168354,176416,184363,185050,185054,51043
rp2040_1,65,646,6,4,diagnostic_holdout,1,1,56997,91526,0,0,0,91577,34580
rp2040_1,65,646,6,4,diagnostic_holdout,2,2,91582,125938,134014,0,0,134043,42461
rp2040_1,65,646,6,4,diagnostic_holdout,3,1,134045,168384,0,0,0,168392,34347
rp2040_1,65,646,6,4,diagnostic_holdout,4,2,168393,202700,210762,0,0,210775,42382
rp2040_1,65,646,6,4,diagnostic_holdout,5,1,210776,245110,0,0,0,245228,34452
rp2040_1,65,646,6,4,diagnostic_holdout,6,2,245229,279545,287606,0,0,287661,42432
rp2040_1,65,646,6,4,diagnostic_holdout,7,2,287662,321987,330048,0,0,330133,42471
rp2040_1,65,646,6,4,diagnostic_holdout,8,0,330134,364459,372520,380466,381152,381155,51021
rp2040_1,65,647,7,4,diagnostic_holdout,1,1,56969,91497,0,0,0,91568,34599
rp2040_1,65,647,7,4,diagnostic_holdout,2,1,91574,125933,0,0,0,125973,34399
rp2040_1,65,647,7,4,diagnostic_holdout,3,2,125975,160296,168367,0,0,168391,42416
rp2040_1,65,647,7,4,diagnostic_holdout,4,0,168392,202730,210793,218740,219427,219430,51038
rp2040_1,65,648,8,4,diagnostic_holdout,1,2,56978,91501,99583,0,0,99712,42734
rp2040_1,65,648,8,4,diagnostic_holdout,2,0,99718,134097,142163,150109,150796,150800,51082
rp2040_1,65,649,9,4,diagnostic_holdout,1,1,56998,91536,0,0,0,91669,34671
rp2040_1,65,649,9,4,diagnostic_holdout,2,2,91674,126030,134105,0,0,134208,42534
rp2040_1,65,649,9,4,diagnostic_holdout,3,2,134211,168568,176632,0,0,176782,42571
rp2040_1,65,649,9,4,diagnostic_holdout,4,1,176784,211113,0,0,0,211190,34406
rp2040_1,65,649,9,4,diagnostic_holdout,5,1,211191,245499,0,0,0,245548,34357
rp2040_1,65,649,9,4,diagnostic_holdout,6,1,245549,279858,0,0,0,279885,34336
rp2040_1,65,649,9,4,diagnostic_holdout,7,1,279886,314194,0,0,0,314212,34326
rp2040_1,65,649,9,4,diagnostic_holdout,8,1,314213,348516,0,0,0,348540,34327
rp2040_1,65,649,9,4,diagnostic_holdout,9,1,348540,382850,0,0,0,382913,34373
rp2040_1,65,649,9,4,diagnostic_holdout,10,1,382914,417223,0,0,0,417250,34336
rp2040_1,65,649,9,4,diagnostic_holdout,11,1,417250,451565,0,0,0,451568,34318
rp2040_1,65,649,9,4,diagnostic_holdout,12,1,451569,485880,0,0,0,485973,34404
rp2040_1,65,649,9,4,diagnostic_holdout,13,1,485973,520292,0,0,0,520343,34370
rp2040_1,65,649,9,4,diagnostic_holdout,14,2,520344,554662,562723,0,0,562738,42394
rp2040_1,65,649,9,4,diagnostic_holdout,15,2,562739,597071,605132,0,0,605202,42463
rp2040_1,65,649,9,4,diagnostic_holdout,16,1,605203,639535,0,0,0,639628,34425
rp2040_1,65,649,9,4,diagnostic_holdout,17,2,639628,673943,682004,0,0,682060,42432
rp2040_1,65,649,9,4,diagnostic_holdout,18,0,682061,716397,724458,732404,733091,733094,51033
rp2040_1,65,650,0,0,diagnostic_calibration,1,2,56965,91489,99572,0,0,99666,42701
rp2040_1,65,650,0,0,diagnostic_calibration,2,0,99670,134055,142124,150070,150756,150759,51089
rp2040_1,65,651,1,0,diagnostic_calibration,1,2,56972,91490,99574,0,0,99597,42625
rp2040_1,65,651,1,0,diagnostic_calibration,2,0,99602,133976,142044,149991,150678,150681,51079
rp2040_1,65,652,2,0,diagnostic_calibration,1,2,56978,91515,99599,0,0,99689,42711
rp2040_1,65,652,2,0,diagnostic_calibration,2,2,99695,134120,142185,0,0,142268,42573
rp2040_1,65,652,2,0,diagnostic_calibration,3,1,142269,176608,0,0,0,176718,34449
rp2040_1,65,652,2,0,diagnostic_calibration,4,1,176719,211046,0,0,0,211066,34347
rp2040_1,65,652,2,0,diagnostic_calibration,5,1,211066,245381,0,0,0,245406,34340
rp2040_1,65,652,2,0,diagnostic_calibration,6,2,245407,279713,287774,0,0,287856,42449
rp2040_1,65,652,2,0,diagnostic_calibration,7,0,287857,322194,330255,338201,338887,338890,51033
rp2040_1,65,653,3,0,diagnostic_calibration,1,2,56961,91494,99579,0,0,99614,42653
rp2040_1,65,653,3,0,diagnostic_calibration,2,0,99620,134005,142071,150018,150703,150707,51087
rp2040_1,65,654,4,0,diagnostic_calibration,1,0,56969,91480,99563,107514,108200,108206,51237
rp2040_1,65,655,5,0,diagnostic_holdout,1,2,56972,91490,99573,0,0,99595,42623
rp2040_1,65,655,5,0,diagnostic_holdout,2,2,99600,133981,142046,0,0,142085,42485
rp2040_1,65,655,5,0,diagnostic_holdout,3,0,142087,176432,184493,192439,193125,193129,51042
rp2040_1,65,656,6,0,diagnostic_holdout,1,1,56975,91499,0,0,0,91614,34639
rp2040_1,65,656,6,0,diagnostic_holdout,2,1,91619,125979,0,0,0,125998,34379
rp2040_1,65,656,6,0,diagnostic_holdout,3,1,125999,160328,0,0,0,160446,34447
rp2040_1,65,656,6,0,diagnostic_holdout,4,0,160447,194766,202837,210788,211473,211476,51029
rp2040_1,65,657,7,0,diagnostic_holdout,1,1,56980,91509,0,0,0,91550,34570
rp2040_1,65,657,7,0,diagnostic_holdout,2,2,91556,125924,133999,0,0,134151,42595
rp2040_1,65,657,7,0,diagnostic_holdout,3,1,134152,168504,0,0,0,168629,34477
rp2040_1,65,657,7,0,diagnostic_holdout,4,2,168629,202948,211011,0,0,211139,42510
rp2040_1,65,657,7,0,diagnostic_holdout,5,1,211140,245471,0,0,0,245495,34355
rp2040_1,65,657,7,0,diagnostic_holdout,6,1,245496,279821,0,0,0,279893,34397
rp2040_1,65,657,7,0,diagnostic_holdout,7,2,279893,314205,322267,0,0,322274,42381
rp2040_1,65,657,7,0,diagnostic_holdout,8,2,322275,356604,364665,0,0,364686,42411
rp2040_1,65,657,7,0,diagnostic_holdout,9,1,364687,399008,0,0,0,399086,34399
rp2040_1,65,657,7,0,diagnostic_holdout,10,2,399086,433399,441460,0,0,441494,42408
rp2040_1,65,657,7,0,diagnostic_holdout,11,2,441495,475816,483877,0,0,483917,42422
rp2040_1,65,657,7,0,diagnostic_holdout,12,2,483918,518246,526307,0,0,526364,42446
rp2040_1,65,657,7,0,diagnostic_holdout,13,1,526365,560692,0,0,0,560715,34350
rp2040_1,65,657,7,0,diagnostic_holdout,14,2,560715,595029,603089,0,0,603226,42511
rp2040_1,65,657,7,0,diagnostic_holdout,15,2,603226,637564,645625,0,0,645719,42493
rp2040_1,65,657,7,0,diagnostic_holdout,16,1,645719,680044,0,0,0,680155,34436
rp2040_1,65,657,7,0,diagnostic_holdout,17,0,680156,714473,722534,730480,731167,731170,51014
rp2040_1,65,658,8,0,diagnostic_holdout,1,2,56967,91489,99571,0,0,99711,42744
rp2040_1,65,658,8,0,diagnostic_holdout,2,1,99716,134100,0,0,0,134227,34511
rp2040_1,65,658,8,0,diagnostic_holdout,3,1,134229,168556,0,0,0,168663,34434
rp2040_1,65,658,8,0,diagnostic_holdout,4,2,168664,202986,211047,0,0,211095,42431
rp2040_1,65,658,8,0,diagnostic_holdout,5,1,211096,245425,0,0,0,245464,34368
rp2040_1,65,658,8,0,diagnostic_holdout,6,2,245464,279769,287831,0,0,287916,42452
rp2040_1,65,658,8,0,diagnostic_holdout,7,2,287917,322253,330315,0,0,330387,42470
rp2040_1,65,658,8,0,diagnostic_holdout,8,1,330387,364718,0,0,0,364735,34348
rp2040_1,65,658,8,0,diagnostic_holdout,9,2,364735,399046,407108,0,0,407196,42461
rp2040_1,65,658,8,0,diagnostic_holdout,10,1,407196,441528,0,0,0,441578,34382
rp2040_1,65,658,8,0,diagnostic_holdout,11,0,441579,475886,483947,491893,492579,492581,51002
rp2040_1,65,659,9,0,diagnostic_holdout,1,1,56981,91512,0,0,0,91654,34673
rp2040_1,65,659,9,0,diagnostic_holdout,2,1,91659,126010,0,0,0,126081,34422
rp2040_1,65,659,9,0,diagnostic_holdout,3,2,126082,160404,168475,0,0,168581,42499
rp2040_1,65,659,9,0,diagnostic_holdout,4,0,168582,202916,210979,218926,219613,219616,51034
rp2040_1,65,660,0,1,diagnostic_calibration,1,2,56978,91501,99585,0,0,99626,42648
rp2040_1,65,660,0,1,diagnostic_calibration,2,1,99632,134023,0,0,0,134072,34440
rp2040_1,65,660,0,1,diagnostic_calibration,3,1,134075,168392,0,0,0,168474,34399
rp2040_1,65,660,0,1,diagnostic_calibration,4,1,168476,202789,0,0,0,202851,34375
rp2040_1,65,660,0,1,diagnostic_calibration,5,2,202852,237170,245233,0,0,245297,42445
rp2040_1,65,660,0,1,diagnostic_calibration,6,0,245298,279620,287681,295627,296312,296315,51017
rp2040_1,65,661,1,1,diagnostic_calibration,1,2,56992,91516,99599,0,0,99702,42710
rp2040_1,65,661,1,1,diagnostic_calibration,2,1,99706,134092,0,0,0,134126,34420
rp2040_1,65,661,1,1,diagnostic_calibration,3,2,134127,168451,176514,0,0,176638,42511
rp2040_1,65,661,1,1,diagnostic_calibration,4,2,176639,210977,219039,0,0,219050,42411
rp2040_1,65,661,1,1,diagnostic_calibration,5,1,219051,253378,0,0,0,253385,34334
rp2040_1,65,661,1,1,diagnostic_calibration,6,2,253386,287696,295757,0,0,295768,42382
rp2040_1,65,661,1,1,diagnostic_calibration,7,0,295768,330096,338157,346103,346789,346792,51024
rp2040_1,65,662,2,1,diagnostic_calibration,1,1,57015,91548,0,0,0,91601,34586
rp2040_1,65,662,2,1,diagnostic_calibration,2,0,91606,125981,134055,142006,142693,142696,51090
rp2040_1,65,663,3,1,diagnostic_calibration,1,2,56996,91515,99598,0,0,99638,42642
rp2040_1,65,663,3,1,diagnostic_calibration,2,0,99643,134029,142097,150044,150729,150733,51090
rp2040_1,65,664,4,1,diagnostic_calibration,1,0,56971,91493,99577,107527,108214,108220,51249
rp2040_1,65,665,5,1,diagnostic_holdout,1,0,56993,91517,99600,107551,108237,108243,51250
rp2040_1,65,666,6,1,diagnostic_holdout,1,0,56981,91503,99587,107538,108224,108230,51249
rp2040_1,65,667,7,1,diagnostic_holdout,1,0,56989,91527,99611,107561,108248,108254,51265
rp2040_1,65,668,8,1,diagnostic_holdout,1,1,56963,91483,0,0,0,91554,34591
rp2040_1,65,668,8,1,diagnostic_holdout,2,2,91559,125925,133997,0,0,134051,42492
rp2040_1,65,668,8,1,diagnostic_holdout,3,2,134052,168401,176465,0,0,176536,42484
rp2040_1,65,668,8,1,diagnostic_holdout,4,2,176537,210878,218939,0,0,218966,42429
rp2040_1,65,668,8,1,diagnostic_holdout,5,1,218966,253292,0,0,0,253333,34367
rp2040_1,65,668,8,1,diagnostic_holdout,6,0,253334,287646,295707,303653,304339,304342,51008
rp2040_1,65,669,9,1,diagnostic_holdout,1,1,56993,91517,0,0,0,91603,34610
rp2040_1,65,669,9,1,diagnostic_holdout,2,2,91608,125975,134047,0,0,134141,42533
rp2040_1,65,669,9,1,diagnostic_holdout,3,2,134144,168495,176559,0,0,176578,42434
rp2040_1,65,669,9,1,diagnostic_holdout,4,2,176579,210918,218979,0,0,219037,42458
rp2040_1,65,669,9,1,diagnostic_holdout,5,1,219038,253366,0,0,0,253460,34422
rp2040_1,65,669,9,1,diagnostic_holdout,6,2,253461,287770,295831,0,0,295865,42404
rp2040_1,65,669,9,1,diagnostic_holdout,7,0,295866,330201,338262,346208,346894,346897,51031
rp2040_1,65,670,0,2,diagnostic_calibration,1,1,56997,91528,0,0,0,91616,34619
rp2040_1,65,670,0,2,diagnostic_calibration,2,0,91621,125982,134055,142006,142691,142695,51074
rp2040_1,65,671,1,2,diagnostic_calibration,1,2,56973,91494,99576,0,0,99722,42749
rp2040_1,65,671,1,2,diagnostic_calibration,2,1,99728,134119,0,0,0,134143,34415
rp2040_1,65,671,1,2,diagnostic_calibration,3,2,134144,168470,176534,0,0,176637,42493
rp2040_1,65,671,1,2,diagnostic_calibration,4,0,176638,210986,219049,226996,227681,227684,51046
rp2040_1,65,672,2,2,diagnostic_calibration,1,1,56981,91490,0,0,0,91589,34608
rp2040_1,65,672,2,2,diagnostic_calibration,2,2,91594,125940,134016,0,0,134071,42477
rp2040_1,65,672,2,2,diagnostic_calibration,3,2,134073,168414,176477,0,0,176558,42485
rp2040_1,65,672,2,2,diagnostic_calibration,4,1,176559,210889,0,0,0,210949,34390
rp2040_1,65,672,2,2,diagnostic_calibration,5,1,210949,245258,0,0,0,245265,34316
rp2040_1,65,672,2,2,diagnostic_calibration,6,1,245266,279570,0,0,0,279601,34335
rp2040_1,65,672,2,2,diagnostic_calibration,7,0,279602,313913,321974,329920,330606,330608,51006
rp2040_1,65,673,3,2,diagnostic_calibration,1,1,57008,91534,0,0,0,91576,34568
rp2040_1,65,673,3,2,diagnostic_calibration,2,0,91581,125937,134011,141962,142648,142652,51071
rp2040_1,65,674,4,2,diagnostic_calibration,1,2,56955,91483,99566,0,0,99725,42770
rp2040_1,65,674,4,2,diagnostic_calibration,2,2,99730,134121,142186,0,0,142244,42514
rp2040_1,65,674,4,2,diagnostic_calibration,3,2,142246,176609,184671,0,0,184803,42557
rp2040_1,65,674,4,2,diagnostic_calibration,4,0,184805,219138,227199,235146,235831,235834,51029
rp2040_1,65,675,5,2,diagnostic_holdout,1,1,56995,91526,0,0,0,91551,34556
rp2040_1,65,675,5,2,diagnostic_holdout,2,2,91558,125917,133992,0,0,134071,42513
rp2040_1,65,675,5,2,diagnostic_holdout,3,1,134075,168417,0,0,0,168523,34448
rp2040_1,65,675,5,2,diagnostic_holdout,4,1,168525,202837,0,0,0,202961,34436
rp2040_1,65,675,5,2,diagnostic_holdout,5,1,202962,237281,0,0,0,237390,34428
rp2040_1,65,675,5,2,diagnostic_holdout,6,2,237390,271699,279761,0,0,279767,42377
rp2040_1,65,675,5,2,diagnostic_holdout,7,2,279768,314099,322161,0,0,322254,42486
rp2040_1,65,675,5,2,diagnostic_holdout,8,1,322254,356579,0,0,0,356649,34395
rp2040_1,65,675,5,2,diagnostic_holdout,9,0,356650,390961,399021,406968,407654,407657,51007
rp2040_1,65,676,6,2,diagnostic_holdout,1,1,56964,91485,0,0,0,91621,34657
rp2040_1,65,676,6,2,diagnostic_holdout,2,1,91625,125985,0,0,0,126086,34461
rp2040_1,65,676,6,2,diagnostic_holdout,3,1,126088,160416,0,0,0,160525,34437
rp2040_1,65,676,6,2,diagnostic_holdout,4,0,160525,194843,202915,210865,211552,211555,51030
rp2040_1,65,677,7,2,diagnostic_holdout,1,2,56972,91502,99586,0,0,99613,42641
rp2040_1,65,677,7,2,diagnostic_holdout,2,0,99618,133998,142066,150014,150700,150704,51086
rp2040_1,65,678,8,2,diagnostic_holdout,1,1,56965,91472,0,0,0,91499,34534
rp2040_1,65,678,8,2,diagnostic_holdout,2,2,91503,125875,133948,0,0,133971,42468
rp2040_1,65,678,8,2,diagnostic_holdout,3,0,133972,168315,176378,184325,185011,185013,51041
rp2040_1,65,679,9,2,diagnostic_holdout,1,2,56962,91493,99577,0,0,99608,42646
rp2040_1,65,679,9,2,diagnostic_holdout,2,2,99613,134002,142068,0,0,142187,42574
rp2040_1,65,679,9,2,diagnostic_holdout,3,2,142188,176539,184601,0,0,184621,42433
rp2040_1,65,679,9,2,diagnostic_holdout,4,2,184622,218956,227017,0,0,227165,42543
rp2040_1,65,679,9,2,diagnostic_holdout,5,2,227165,261508,269569,0,0,269713,42548
rp2040_1,65,679,9,2,diagnostic_holdout,6,2,269713,304040,312101,0,0,312163,42450
rp2040_1,65,679,9,2,diagnostic_holdout,7,1,312164,346493,0,0,0,346499,34335
rp2040_1,65,679,9,2,diagnostic_holdout,8,2,346500,380810,388871,0,0,388964,42464
rp2040_1,65,679,9,2,diagnostic_holdout,9,1,388965,423294,0,0,0,423361,34396
rp2040_1,65,679,9,2,diagnostic_holdout,10,2,423362,457679,465740,0,0,465890,42528
rp2040_1,65,679,9,2,diagnostic_holdout,11,0,465891,500222,508283,516230,516916,516919,51028
rp2040_1,65,680,0,3,diagnostic_calibration,1,2,56983,91498,99582,0,0,99722,42739
rp2040_1,65,680,0,3,diagnostic_calibration,2,0,99727,134103,142170,150117,150803,150806,51079
rp2040_1,65,681,1,3,diagnostic_calibration,1,2,56986,91489,99574,0,0,99597,42611
rp2040_1,65,681,1,3,diagnostic_calibration,2,2,99602,133981,142047,0,0,142070,42468
rp2040_1,65,681,1,3,diagnostic_calibration,3,1,142071,176405,0,0,0,176424,34353
rp2040_1,65,681,1,3,diagnostic_calibration,4,2,176425,210738,218799,0,0,218905,42480
rp2040_1,65,681,1,3,diagnostic_calibration,5,1,218905,253237,0,0,0,253242,34337
rp2040_1,65,681,1,3,diagnostic_calibration,6,2,253243,287544,295605,0,0,295745,42502
rp2040_1,65,681,1,3,diagnostic_calibration,7,0,295746,330087,338148,346094,346780,346783,51037
rp2040_1,65,682,2,3,diagnostic_calibration,1,2,56991,91512,99595,0,0,99654,42663
rp2040_1,65,682,2,3,diagnostic_calibration,2,2,99660,134071,142138,0,0,142197,42537
rp2040_1,65,682,2,3,diagnostic_calibration,3,2,142198,176542,184604,0,0,184647,42449
rp2040_1,65,682,2,3,diagnostic_calibration,4,1,184648,218977,0,0,0,219039,34391
rp2040_1,65,682,2,3,diagnostic_calibration,5,2,219039,253356,261417,0,0,261516,42477
rp2040_1,65,682,2,3,diagnostic_calibration,6,2,261516,295851,303912,0,0,303993,42477
rp2040_1,65,682,2,3,diagnostic_calibration,7,1,303994,338330,0,0,0,338336,34342
rp2040_1,65,682,2,3,diagnostic_calibration,8,0,338337,372647,380708,388654,389339,389342,51005
rp2040_1,65,683,3,3,diagnostic_calibration,1,1,56998,91521,0,0,0,91596,34598
rp2040_1,65,683,3,3,diagnostic_calibration,2,1,91602,125955,0,0,0,125994,34392
rp2040_1,65,683,3,3,diagnostic_calibration,3,2,125996,160319,168391,0,0,168534,42538
rp2040_1,65,683,3,3,diagnostic_calibration,4,1,168535,202869,0,0,0,202984,34449
rp2040_1,65,683,3,3,diagnostic_calibration,5,0,202985,237295,245357,253304,253990,253993,51008
rp2040_1,65,684,4,3,diagnostic_calibration,1,2,56977,91484,99566,0,0,99593,42616
rp2040_1,65,684,4,3,diagnostic_calibration,2,2,99597,133970,142037,0,0,142183,42586
rp2040_1,65,684,4,3,diagnostic_calibration,3,2,142184,176540,184603,0,0,184692,42508
rp2040_1,65,684,4,3,diagnostic_calibration,4,2,184693,219021,227082,0,0,227170,42477
rp2040_1,65,684,4,3,diagnostic_calibration,5,1,227171,261504,0,0,0,261535,34364
rp2040_1,65,684,4,3,diagnostic_calibration,6,1,261536,295857,0,0,0,295897,34361
rp2040_1,65,684,4,3,diagnostic_calibration,7,2,295897,330214,338275,0,0,338373,42476
rp2040_1,65,684,4,3,diagnostic_calibration,8,1,338374,372700,0,0,0,372717,34343
rp2040_1,65,684,4,3,diagnostic_calibration,9,1,372718,407022,0,0,0,407113,34395
rp2040_1,65,684,4,3,diagnostic_calibration,10,1,407114,441419,0,0,0,441455,34341
rp2040_1,65,684,4,3,diagnostic_calibration,11,1,441456,475764,0,0,0,475865,34409
rp2040_1,65,684,4,3,diagnostic_calibration,12,0,475866,510175,518236,526182,526868,526871,51005
rp2040_1,65,685,5,3,diagnostic_holdout,1,2,56983,91501,99584,0,0,99713,42730
rp2040_1,65,685,5,3,diagnostic_holdout,2,0,99719,134103,142168,150115,150802,150806,51087
rp2040_1,65,686,6,3,diagnostic_holdout,1,2,56994,91515,99599,0,0,99756,42762
rp2040_1,65,686,6,3,diagnostic_holdout,2,0,99763,134142,142209,150155,150842,150846,51083
rp2040_1,65,687,7,3,diagnostic_holdout,1,1,56987,91515,0,0,0,91578,34591
rp2040_1,65,687,7,3,diagnostic_holdout,2,2,91584,125946,134020,0,0,134162,42578
rp2040_1,65,687,7,3,diagnostic_holdout,3,2,134165,168515,176578,0,0,176718,42553
rp2040_1,65,687,7,3,diagnostic_holdout,4,1,176719,211040,0,0,0,211089,34370
rp2040_1,65,687,7,3,diagnostic_holdout,5,1,211090,245395,0,0,0,245412,34322
rp2040_1,65,687,7,3,diagnostic_holdout,6,1,245413,279728,0,0,0,279812,34399
rp2040_1,65,687,7,3,diagnostic_holdout,7,0,279813,314122,322182,330129,330815,330818,51005
rp2040_1,65,688,8,3,diagnostic_holdout,1,0,56966,91490,99573,107524,108209,108215,51249
rp2040_1,65,689,9,3,diagnostic_holdout,1,2,56964,91495,99578,0,0,99703,42739
rp2040_1,65,689,9,3,diagnostic_holdout,2,1,99708,134101,0,0,0,134177,34469
rp2040_1,65,689,9,3,diagnostic_holdout,3,1,134179,168508,0,0,0,168599,34420
rp2040_1,65,689,9,3,diagnostic_holdout,4,1,168599,202906,0,0,0,202955,34356
rp2040_1,65,689,9,3,diagnostic_holdout,5,1,202955,237264,0,0,0,237345,34390
rp2040_1,65,689,9,3,diagnostic_holdout,6,2,237346,271657,279719,0,0,279772,42426
rp2040_1,65,689,9,3,diagnostic_holdout,7,1,279772,314104,0,0,0,314114,34342
rp2040_1,65,689,9,3,diagnostic_holdout,8,2,314115,348429,356490,0,0,356584,42469
rp2040_1,65,689,9,3,diagnostic_holdout,9,1,356584,390916,0,0,0,390933,34349
rp2040_1,65,689,9,3,diagnostic_holdout,10,1,390934,425247,0,0,0,425292,34358
rp2040_1,65,689,9,3,diagnostic_holdout,11,2,425293,459602,467663,0,0,467781,42488
rp2040_1,65,689,9,3,diagnostic_holdout,12,1,467782,502103,0,0,0,502145,34363
rp2040_1,65,689,9,3,diagnostic_holdout,13,0,502146,536456,544517,552463,553149,553152,51006
rp2040_1,65,690,0,4,diagnostic_calibration,1,0,56980,91505,99589,107539,108225,108231,51251
rp2040_1,65,691,1,4,diagnostic_calibration,1,2,56970,91495,99578,0,0,99616,42646
rp2040_1,65,691,1,4,diagnostic_calibration,2,2,99621,134025,142090,0,0,142112,42491
rp2040_1,65,691,1,4,diagnostic_calibration,3,2,142113,176467,184530,0,0,184573,42460
rp2040_1,65,691,1,4,diagnostic_calibration,4,1,184573,218920,0,0,0,218986,34413
rp2040_1,65,691,1,4,diagnostic_calibration,5,0,218987,253294,261355,269301,269987,269990,51003
rp2040_1,65,692,2,4,diagnostic_calibration,1,0,56981,91500,99583,107533,108219,108225,51244
rp2040_1,65,693,3,4,diagnostic_calibration,1,1,56988,91501,0,0,0,91572,34584
rp2040_1,65,693,3,4,diagnostic_calibration,2,2,91578,125935,134009,0,0,134100,42522
rp2040_1,65,693,3,4,diagnostic_calibration,3,2,134102,168444,176508,0,0,176620,42518
rp2040_1,65,693,3,4,diagnostic_calibration,4,2,176622,210949,219011,0,0,219026,42404
rp2040_1,65,693,3,4,diagnostic_calibration,5,1,219027,253352,0,0,0,253414,34387
rp2040_1,65,693,3,4,diagnostic_calibration,6,1,253414,287720,0,0,0,287803,34389
rp2040_1,65,693,3,4,diagnostic_calibration,7,1,287804,322117,0,0,0,322180,34376
rp2040_1,65,693,3,4,diagnostic_calibration,8,0,322181,356485,364546,372492,373178,373181,51000
rp2040_1,65,694,4,4,diagnostic_calibration,1,1,56984,91502,0,0,0,91558,34574
rp2040_1,65,694,4,4,diagnostic_calibration,2,2,91564,125941,134017,0,0,134099,42535
rp2040_1,65,694,4,4,diagnostic_calibration,3,2,134100,168446,176511,0,0,176550,42450
rp2040_1,65,694,4,4,diagnostic_calibration,4,1,176551,210902,0,0,0,211030,34479
rp2040_1,65,694,4,4,diagnostic_calibration,5,2,211031,245349,253409,0,0,253450,42419
rp2040_1,65,694,4,4,diagnostic_calibration,6,0,253450,287774,295835,303781,304466,304469,51019
rp2040_1,65,695,5,4,diagnostic_holdout,1,2,56973,91505,99589,0,0,99604,42631
rp2040_1,65,695,5,4,diagnostic_holdout,2,2,99609,133997,142065,0,0,142182,42573
rp2040_1,65,695,5,4,diagnostic_holdout,3,0,142185,176516,184578,192524,193210,193214,51029
rp2040_1,65,696,6,4,diagnostic_holdout,1,1,56977,91503,0,0,0,91598,34621
rp2040_1,65,696,6,4,diagnostic_holdout,2,2,91604,125972,134044,0,0,134111,42507
rp2040_1,65,696,6,4,diagnostic_holdout,3,1,134114,168448,0,0,0,168459,34345
rp2040_1,65,696,6,4,diagnostic_holdout,4,2,168460,202776,210840,0,0,210966,42506
rp2040_1,65,696,6,4,diagnostic_holdout,5,1,210967,245302,0,0,0,245375,34408
rp2040_1,65,696,6,4,diagnostic_holdout,6,2,245376,279681,287743,0,0,287747,42371
rp2040_1,65,696,6,4,diagnostic_holdout,7,2,287748,322080,330141,0,0,330150,42402
rp2040_1,65,696,6,4,diagnostic_holdout,8,0,330151,364480,372541,380487,381173,381176,51025
rp2040_1,65,697,7,4,diagnostic_holdout,1,1,57007,91528,0,0,0,91620,34613
rp2040_1,65,697,7,4,diagnostic_holdout,2,1,91625,125984,0,0,0,126055,34430
rp2040_1,65,697,7,4,diagnostic_holdout,3,0,126057,160384,168456,176406,177092,177096,51039
rp2040_1,65,698,8,4,diagnostic_holdout,1,0,56971,91480,99563,107514,108200,108207,51236
rp2040_1,65,699,9,4,diagnostic_holdout,1,2,56993,91531,99614,0,0,99653,42660
rp2040_1,65,699,9,4,diagnostic_holdout,2,1,99658,134040,0,0,0,134080,34422
rp2040_1,65,699,9,4,diagnostic_holdout,3,2,134083,168412,176474,0,0,176490,42407
rp2040_1,65,699,9,4,diagnostic_holdout,4,1,176491,210826,0,0,0,210941,34450
rp2040_1,65,699,9,4,diagnostic_holdout,5,2,210941,245256,253317,0,0,253338,42397
rp2040_1,65,699,9,4,diagnostic_holdout,6,2,253338,287669,295731,0,0,295854,42516
rp2040_1,65,699,9,4,diagnostic_holdout,7,1,295855,330176,0,0,0,330275,34420
rp2040_1,65,699,9,4,diagnostic_holdout,8,2,330276,364587,372648,0,0,372652,42376
rp2040_1,65,699,9,4,diagnostic_holdout,9,2,372653,406989,415050,0,0,415108,42455
rp2040_1,65,699,9,4,diagnostic_holdout,10,1,415109,449441,0,0,0,449523,34414
rp2040_1,65,699,9,4,diagnostic_holdout,11,1,449523,483829,0,0,0,483859,34336
rp2040_1,65,699,9,4,diagnostic_holdout,12,1,483860,518176,0,0,0,518215,34355
rp2040_1,65,699,9,4,diagnostic_holdout,13,2,518215,552532,560593,0,0,560672,42457
rp2040_1,65,699,9,4,diagnostic_holdout,14,2,560672,595003,603064,0,0,603156,42484
rp2040_1,65,699,9,4,diagnostic_holdout,15,2,603156,637489,645550,0,0,645619,42463
rp2040_1,65,699,9,4,diagnostic_holdout,16,2,645620,679950,688011,0,0,688128,42508
rp2040_1,65,699,9,4,diagnostic_holdout,17,2,688129,722460,730521,0,0,730582,42453
rp2040_1,65,699,9,4,diagnostic_holdout,18,0,730582,764923,772984,780930,781617,781619,51037
rp2040_1,65,700,0,0,diagnostic_calibration,1,2,56962,91480,99565,0,0,99619,42657
rp2040_1,65,700,0,0,diagnostic_calibration,2,0,99623,134003,142068,150015,150700,150705,51082
rp2040_1,65,701,1,0,diagnostic_calibration,1,0,57006,91530,99614,107565,108251,108257,51251
rp2040_1,65,702,2,0,diagnostic_calibration,1,1,57005,91535,0,0,0,91639,34634
rp2040_1,65,702,2,0,diagnostic_calibration,2,0,91644,126003,134078,142029,142714,142717,51073
rp2040_1,65,703,3,0,diagnostic_calibration,1,1,56985,91512,0,0,0,91559,34574
rp2040_1,65,703,3,0,diagnostic_calibration,2,1,91565,125922,0,0,0,126010,34445
rp2040_1,65,703,3,0,diagnostic_calibration,3,0,126012,160332,168403,176353,177040,177044,51032
rp2040_1,65,704,4,0,diagnostic_calibration,1,1,56971,91490,0,0,0,91577,34606
rp2040_1,65,704,4,0,diagnostic_calibration,2,0,91582,125939,134013,141964,142650,142652,51070
rp2040_1,65,705,5,0,diagnostic_holdout,1,2,56953,91473,99557,0,0,99617,42664
rp2040_1,65,705,5,0,diagnostic_holdout,2,2,99623,134003,142068,0,0,142108,42485
rp2040_1,65,705,5,0,diagnostic_holdout,3,0,142111,176458,184521,192467,193154,193158,51047
rp2040_1,65,706,6,0,diagnostic_holdout,1,1,57006,91531,0,0,0,91585,34579
rp2040_1,65,706,6,0,diagnostic_holdout,2,2,91591,125945,134020,0,0,134164,42573
rp2040_1,65,706,6,0,diagnostic_holdout,3,2,134165,168508,176571,0,0,176627,42462
rp2040_1,65,706,6,0,diagnostic_holdout,4,2,176628,210964,219025,0,0,219054,42426
rp2040_1,65,706,6,0,diagnostic_holdout,5,1,219055,253385,0,0,0,253464,34409
rp2040_1,65,706,6,0,diagnostic_holdout,6,1,253464,287778,0,0,0,287838,34374
rp2040_1,65,706,6,0,diagnostic_holdout,7,1,287838,322145,0,0,0,322257,34419
rp2040_1,65,706,6,0,diagnostic_holdout,8,2,322258,356565,364626,0,0,364675,42417
rp2040_1,65,706,6,0,diagnostic_holdout,9,1,364676,398999,0,0,0,399042,34366
rp2040_1,65,706,6,0,diagnostic_holdout,10,1,399042,433352,0,0,0,433357,34315
rp2040_1,65,706,6,0,diagnostic_holdout,11,2,433358,467667,475728,0,0,475869,42511
rp2040_1,65,706,6,0,diagnostic_holdout,12,1,475870,510190,0,0,0,510209,34339
rp2040_1,65,706,6,0,diagnostic_holdout,13,1,510209,544512,0,0,0,544553,34344
rp2040_1,65,706,6,0,diagnostic_holdout,14,2,544554,578865,586926,0,0,586962,42408
rp2040_1,65,706,6,0,diagnostic_holdout,15,1,586962,621288,0,0,0,621353,34391
rp2040_1,65,706,6,0,diagnostic_holdout,16,2,621354,655667,663728,0,0,663838,42484
rp2040_1,65,706,6,0,diagnostic_holdout,17,1,663839,698170,0,0,0,698179,34340
rp2040_1,65,706,6,0,diagnostic_holdout,18,2,698180,732492,740553,0,0,740625,42445
rp2040_1,65,706,6,0,diagnostic_holdout,19,1,740625,774964,0,0,0,775076,34451
rp2040_1,65,706,6,0,diagnostic_holdout,20,2,775076,809387,817447,0,0,817481,42405
rp2040_1,65,706,6,0,diagnostic_holdout,21,0,817482,851806,859867,867813,868498,868501,51019
rp2040_1,65,707,7,0,diagnostic_holdout,1,2,56972,91496,99579,0,0,99604,42632
rp2040_1,65,707,7,0,diagnostic_holdout,2,0,99609,133998,142061,150008,150694,150698,51089
rp2040_1,65,708,8,0,diagnostic_holdout,1,1,56963,91481,0,0,0,91521,34558
rp2040_1,65,708,8,0,diagnostic_holdout,2,0,91527,125881,133955,141906,142592,142595,51068
rp2040_1,65,709,9,0,diagnostic_holdout,1,0,56965,91486,99569,107520,108206,108212,51247
rp2040_1,65,710,0,1,diagnostic_calibration,1,1,56960,91487,0,0,0,91627,34667
rp2040_1,65,710,0,1,diagnostic_calibration,2,1,91631,125995,0,0,0,126070,34439
rp2040_1,65,710,0,1,diagnostic_calibration,3,0,126071,160388,168458,176409,177095,177098,51027
rp2040_1,65,711,1,1,diagnostic_calibration,1,2,56978,91506,99589,0,0,99686,42708
rp2040_1,65,711,1,1,diagnostic_calibration,2,1,99691,134072,0,0,0,134135,34444
rp2040_1,65,711,1,1,diagnostic_calibration,3,2,134137,168468,176532,0,0,176640,42503
rp2040_1,65,711,1,1,diagnostic_calibration,4,2,176642,210970,219032,0,0,219046,42404
rp2040_1,65,711,1,1,diagnostic_calibration,5,1,219048,253376,0,0,0,253388,34340
rp2040_1,65,711,1,1,diagnostic_calibration,6,1,253389,287703,0,0,0,287736,34347
rp2040_1,65,711,1,1,diagnostic_calibration,7,2,287736,322045,330106,0,0,330151,42415
rp2040_1,65,711,1,1,diagnostic_calibration,8,1,330151,364475,0,0,0,364506,34355
rp2040_1,65,711,1,1,diagnostic_calibration,9,2,364507,398812,406873,0,0,406921,42414
rp2040_1,65,711,1,1,diagnostic_calibration,10,2,406922,441253,449314,0,0,449387,42465
rp2040_1,65,711,1,1,diagnostic_calibration,11,1,449387,483714,0,0,0,483804,34417
rp2040_1,65,711,1,1,diagnostic_calibration,12,1,483804,518116,0,0,0,518147,34343
rp2040_1,65,711,1,1,diagnostic_calibration,13,1,518147,552458,0,0,0,552472,34325
rp2040_1,65,711,1,1,diagnostic_calibration,14,0,552473,586787,594848,602794,603480,603483,51010
rp2040_1,65,712,2,1,diagnostic_calibration,1,2,56983,91502,99585,0,0,99601,42618
rp2040_1,65,712,2,1,diagnostic_calibration,2,0,99606,133981,142044,149991,150677,150680,51074
rp2040_1,65,713,3,1,diagnostic_calibration,1,2,56971,91492,99576,0,0,99657,42686
rp2040_1,65,713,3,1,diagnostic_calibration,2,1,99662,134056,0,0,0,134136,34474
rp2040_1,65,713,3,1,diagnostic_calibration,3,2,134138,168475,176538,0,0,176654,42516
rp2040_1,65,713,3,1,diagnostic_calibration,4,2,176654,210984,219044,0,0,219140,42486
rp2040_1,65,713,3,1,diagnostic_calibration,5,1,219141,253469,0,0,0,253480,34339
rp2040_1,65,713,3,1,diagnostic_calibration,6,2,253480,287795,295856,0,0,295973,42493
rp2040_1,65,713,3,1,diagnostic_calibration,7,2,295974,330295,338356,0,0,338435,42461
rp2040_1,65,713,3,1,diagnostic_calibration,8,1,338436,372759,0,0,0,372861,34425
rp2040_1,65,713,3,1,diagnostic_calibration,9,2,372861,407171,415232,0,0,415261,42400
rp2040_1,65,713,3,1,diagnostic_calibration,10,1,415262,449597,0,0,0,449616,34354
rp2040_1,65,713,3,1,diagnostic_calibration,11,2,449616,483933,491994,0,0,492053,42437
rp2040_1,65,713,3,1,diagnostic_calibration,12,2,492053,526381,534441,0,0,534536,42483
rp2040_1,65,713,3,1,diagnostic_calibration,13,1,534537,568877,0,0,0,568942,34405
rp2040_1,65,713,3,1,diagnostic_calibration,14,2,568942,603261,611322,0,0,611400,42458
rp2040_1,65,713,3,1,diagnostic_calibration,15,1,611400,645724,0,0,0,645812,34412
rp2040_1,65,713,3,1,diagnostic_calibration,16,2,645813,680125,688186,0,0,688258,42445
rp2040_1,65,713,3,1,diagnostic_calibration,17,1,688258,722603,0,0,0,722696,34438
rp2040_1,65,713,3,1,diagnostic_calibration,18,1,722697,757008,0,0,0,757115,34418
rp2040_1,65,713,3,1,diagnostic_calibration,19,1,757115,791428,0,0,0,791437,34322
rp2040_1,65,713,3,1,diagnostic_calibration,20,2,791438,825744,833805,0,0,833834,42396
rp2040_1,65,713,3,1,diagnostic_calibration,21,1,833835,868162,0,0,0,868213,34378
rp2040_1,65,713,3,1,diagnostic_calibration,22,1,868214,902521,0,0,0,902604,34390
rp2040_1,65,713,3,1,diagnostic_calibration,23,1,902605,936916,0,0,0,936988,34383
rp2040_1,65,713,3,1,diagnostic_calibration,24,1,936989,971298,0,0,0,971373,34384
rp2040_1,65,713,3,1,diagnostic_calibration,25,2,971374,1005679,1013740,0,0,1013784,42410
rp2040_1,65,713,3,1,diagnostic_calibration,26,1,1013785,1048123,0,0,0,1048177,34392
rp2040_1,65,713,3,1,diagnostic_calibration,27,2,1048177,1082483,1090544,0,0,1090582,42405
rp2040_1,65,713,3,1,diagnostic_calibration,28,0,1090583,1124924,1132985,1140931,1141617,1141620,51037
rp2040_1,65,714,4,1,diagnostic_calibration,1,0,56981,91504,99587,107537,108224,108230,51249
rp2040_1,65,715,5,1,diagnostic_holdout,1,1,56985,91507,0,0,0,91569,34584
rp2040_1,65,715,5,1,diagnostic_holdout,2,2,91574,125938,134011,0,0,134047,42473
rp2040_1,65,715,5,1,diagnostic_holdout,3,2,134050,168393,176456,0,0,176516,42466
rp2040_1,65,715,5,1,diagnostic_holdout,4,1,176518,210853,0,0,0,210932,34414
rp2040_1,65,715,5,1,diagnostic_holdout,5,2,210933,245242,253303,0,0,253307,42374
rp2040_1,65,715,5,1,diagnostic_holdout,6,2,253308,287632,295693,0,0,295729,42421
rp2040_1,65,715,5,1,diagnostic_holdout,7,0,295730,330051,338112,346058,346745,346748,51018
rp2040_1,65,716,6,1,diagnostic_holdout,1,0,56967,91489,99573,107523,108209,108215,51248
rp2040_1,65,717,7,1,diagnostic_holdout,1,2,56975,91505,99589,0,0,99623,42648
rp2040_1,65,717,7,1,diagnostic_holdout,2,1,99628,134021,0,0,0,134053,34425
rp2040_1,65,717,7,1,diagnostic_holdout,3,0,134056,168388,176452,184400,185086,185090,51034
rp2040_1,65,718,8,1,diagnostic_holdout,1,0,56944,91463,99546,107497,108182,108188,51244
rp2040_1,65,719,9,1,diagnostic_holdout,1,2,57006,91531,99613,0,0,99710,42704
rp2040_1,65,719,9,1,diagnostic_holdout,2,0,99715,134108,142175,150122,150808,150813,51098
rp2040_1,65,720,0,2,diagnostic_calibration,1,2,56977,91503,99586,0,0,99721,42744
rp2040_1,65,720,0,2,diagnostic_calibration,2,2,99727,134109,142176,0,0,142250,42523
rp2040_1,65,720,0,2,diagnostic_calibration,3,1,142252,176586,0,0,0,176667,34415
rp2040_1,65,720,0,2,diagnostic_calibration,4,0,176669,210983,219045,226991,227677,227679,51010
rp2040_1,65,721,1,2,diagnostic_calibration,1,0,56970,91497,99580,107531,108218,108224,51254
rp2040_1,65,722,2,2,diagnostic_calibration,1,2,56982,91495,99579,0,0,99659,42677
rp2040_1,65,722,2,2,diagnostic_calibration,2,0,99665,134053,142118,150064,150749,150753,51088
rp2040_1,65,723,3,2,diagnostic_calibration,1,2,56983,91510,99594,0,0,99674,42691
rp2040_1,65,723,3,2,diagnostic_calibration,2,2,99680,134071,142134,0,0,142198,42518
rp2040_1,65,723,3,2,diagnostic_calibration,3,0,142199,176545,184607,192554,193239,193242,51043
rp2040_1,65,724,4,2,diagnostic_calibration,1,2,56991,91507,99591,0,0,99693,42702
rp2040_1,65,724,4,2,diagnostic_calibration,2,2,99698,134074,142137,0,0,142176,42478
rp2040_1,65,724,4,2,diagnostic_calibration,3,1,142178,176524,0,0,0,176565,34387
rp2040_1,65,724,4,2,diagnostic_calibration,4,2,176566,210889,218951,0,0,218998,42432
rp2040_1,65,724,4,2,diagnostic_calibration,5,1,218999,253326,0,0,0,253377,34378
rp2040_1,65,724,4,2,diagnostic_calibration,6,2,253378,287694,295756,0,0,295889,42511
rp2040_1,65,724,4,2,diagnostic_calibration,7,1,295890,330221,0,0,0,330275,34385
rp2040_1,65,724,4,2,diagnostic_calibration,8,2,330276,364592,372653,0,0,372701,42425
rp2040_1,65,724,4,2,diagnostic_calibration,9,1,372701,407030,0,0,0,407156,34455
rp2040_1,65,724,4,2,diagnostic_calibration,10,0,407157,441469,449530,457476,458163,458166,51009
rp2040_1,65,725,5,2,diagnostic_holdout,1,2,57000,91528,99612,0,0,99755,42755
rp2040_1,65,725,5,2,diagnostic_holdout,2,0,99760,134161,142229,150177,150863,150868,51108
rp2040_1,65,726,6,2,diagnostic_holdout,1,1,56984,91514,0,0,0,91611,34627
rp2040_1,65,726,6,2,diagnostic_holdout,2,2,91616,125986,134058,0,0,134088,42472
rp2040_1,65,726,6,2,diagnostic_holdout,3,1,134090,168431,0,0,0,168448,34358
rp2040_1,65,726,6,2,diagnostic_holdout,4,2,168449,202760,210821,0,0,210908,42459
rp2040_1,65,726,6,2,diagnostic_holdout,5,2,210909,245241,253302,0,0,253327,42418
rp2040_1,65,726,6,2,diagnostic_holdout,6,0,253327,287657,295718,303664,304351,304354,51027
rp2040_1,65,727,7,2,diagnostic_holdout,1,0,57002,91522,99606,107556,108243,108249,51247
rp2040_1,65,728,8,2,diagnostic_holdout,1,2,56945,91464,99548,0,0,99562,42617
rp2040_1,65,728,8,2,diagnostic_holdout,2,2,99567,133947,142012,0,0,142046,42479
rp2040_1,65,728,8,2,diagnostic_holdout,3,2,142048,176389,184451,0,0,184463,42415
rp2040_1,65,728,8,2,diagnostic_holdout,4,2,184464,218788,226849,0,0,226951,42487
rp2040_1,65,728,8,2,diagnostic_holdout,5,2,226951,261286,269347,0,0,269415,42464
rp2040_1,65,728,8,2,diagnostic_holdout,6,0,269415,303739,311800,319747,320434,320437,51022
rp2040_1,65,729,9,2,diagnostic_holdout,1,0,56978,91497,99581,107531,108217,108224,51246
rp2040_1,65,730,0,3,diagnostic_calibration,1,2,56973,91498,99582,0,0,99608,42635
rp2040_1,65,730,0,3,diagnostic_calibration,2,1,99613,133997,0,0,0,134026,34413
rp2040_1,65,730,0,3,diagnostic_calibration,3,1,134027,168355,0,0,0,168420,34393
rp2040_1,65,730,0,3,diagnostic_calibration,4,1,168420,202728,0,0,0,202795,34375
rp2040_1,65,730,0,3,diagnostic_calibration,5,2,202796,237109,245171,0,0,245222,42426
rp2040_1,65,730,0,3,diagnostic_calibration,6,1,245223,279562,0,0,0,279679,34456
rp2040_1,65,730,0,3,diagnostic_calibration,7,1,279679,314001,0,0,0,314055,34376
rp2040_1,65,730,0,3,diagnostic_calibration,8,2,314056,348370,356431,0,0,356495,42439
rp2040_1,65,730,0,3,diagnostic_calibration,9,1,356496,390821,0,0,0,390909,34413
rp2040_1,65,730,0,3,diagnostic_calibration,10,1,390909,425219,0,0,0,425250,34341
rp2040_1,65,730,0,3,diagnostic_calibration,11,2,425250,459553,467614,0,0,467675,42425
rp2040_1,65,730,0,3,diagnostic_calibration,12,2,467676,502000,510061,0,0,510109,42433
rp2040_1,65,730,0,3,diagnostic_calibration,13,2,510110,544452,552513,0,0,552602,42492
rp2040_1,65,730,0,3,diagnostic_calibration,14,2,552602,586931,594992,0,0,595135,42533
rp2040_1,65,730,0,3,diagnostic_calibration,15,2,595135,629462,637523,0,0,637569,42434
rp2040_1,65,730,0,3,diagnostic_calibration,16,1,637570,671897,0,0,0,671901,34331
rp2040_1,65,730,0,3,diagnostic_calibration,17,2,671902,706216,714277,0,0,714400,42498
rp2040_1,65,730,0,3,diagnostic_calibration,18,1,714401,748724,0,0,0,748802,34401
rp2040_1,65,730,0,3,diagnostic_calibration,19,1,748802,783111,0,0,0,783190,34388
rp2040_1,65,730,0,3,diagnostic_calibration,20,0,783190,817498,825558,833505,834192,834195,51005
rp2040_1,65,731,1,3,diagnostic_calibration,1,1,56982,91509,0,0,0,91555,34573
rp2040_1,65,731,1,3,diagnostic_calibration,2,1,91562,125928,0,0,0,125985,34423
rp2040_1,65,731,1,3,diagnostic_calibration,3,2,125989,160314,168386,0,0,168400,42411
rp2040_1,65,731,1,3,diagnostic_calibration,4,1,168402,202741,0,0,0,202768,34366
rp2040_1,65,731,1,3,diagnostic_calibration,5,2,202769,237084,245149,0,0,245162,42393
rp2040_1,65,731,1,3,diagnostic_calibration,6,1,245163,279489,0,0,0,279536,34373
rp2040_1,65,731,1,3,diagnostic_calibration,7,2,279537,313851,321912,0,0,322006,42469
rp2040_1,65,731,1,3,diagnostic_calibration,8,2,322007,356337,364398,0,0,364450,42443
rp2040_1,65,731,1,3,diagnostic_calibration,9,1,364451,398776,0,0,0,398830,34379
rp2040_1,65,731,1,3,diagnostic_calibration,10,0,398831,433143,441204,449150,449837,449840,51009
rp2040_1,65,732,2,3,diagnostic_calibration,1,2,56989,91518,99601,0,0,99648,42659
rp2040_1,65,732,2,3,diagnostic_calibration,2,0,99654,134037,142103,150050,150737,150741,51087
rp2040_1,65,733,3,3,diagnostic_calibration,1,1,57014,91545,0,0,0,91687,34673
rp2040_1,65,733,3,3,diagnostic_calibration,2,2,91693,126056,134128,0,0,134209,42516
rp2040_1,65,733,3,3,diagnostic_calibration,3,2,134210,168553,176616,0,0,176700,42490
rp2040_1,65,733,3,3,diagnostic_calibration,4,0,176701,211029,219090,227037,227722,227725,51024
rp2040_1,65,734,4,3,diagnostic_calibration,1,2,56975,91507,99590,0,0,99735,42760
rp2040_1,65,734,4,3,diagnostic_calibration,2,0,99741,134124,142190,150137,150822,150825,51084
rp2040_1,65,735,5,3,diagnostic_holdout,1,2,56976,91498,99581,0,0,99620,42644
rp2040_1,65,735,5,3,diagnostic_holdout,2,0,99624,134013,142079,150026,150711,150716,51092
rp2040_1,65,736,6,3,diagnostic_holdout,1,2,56984,91501,99584,0,0,99598,42614
rp2040_1,65,736,6,3,diagnostic_holdout,2,2,99604,134001,142063,0,0,142135,42531
rp2040_1,65,736,6,3,diagnostic_holdout,3,1,142138,176484,0,0,0,176570,34432
rp2040_1,65,736,6,3,diagnostic_holdout,4,2,176572,210881,218943,0,0,219025,42453
rp2040_1,65,736,6,3,diagnostic_holdout,5,0,219026,253361,261422,269369,270055,270058,51032
rp2040_1,65,737,7,3,diagnostic_holdout,1,0,56976,91498,99582,107532,108219,108225,51249
rp2040_1,65,738,8,3,diagnostic_holdout,1,2,56971,91490,99573,0,0,99627,42656
rp2040_1,65,738,8,3,diagnostic_holdout,2,1,99631,134007,0,0,0,134036,34405
rp2040_1,65,738,8,3,diagnostic_holdout,3,1,134038,168362,0,0,0,168474,34436
rp2040_1,65,738,8,3,diagnostic_holdout,4,2,168475,202792,210853,0,0,210938,42463
rp2040_1,65,738,8,3,diagnostic_holdout,5,0,210939,245259,253320,261266,261952,261955,51016
rp2040_1,65,739,9,3,diagnostic_holdout,1,2,56991,91513,99596,0,0,99620,42629
rp2040_1,65,739,9,3,diagnostic_holdout,2,2,99625,134006,142073,0,0,142132,42507
rp2040_1,65,739,9,3,diagnostic_holdout,3,0,142133,176470,184533,192480,193166,193170,51037
rp2040_1,65,740,0,4,diagnostic_calibration,1,1,56986,91498,0,0,0,91546,34560
rp2040_1,65,740,0,4,diagnostic_calibration,2,0,91551,125929,134002,141953,142639,142642,51091
rp2040_1,65,741,1,4,diagnostic_calibration,1,2,56971,91489,99572,0,0,99663,42692
rp2040_1,65,741,1,4,diagnostic_calibration,2,1,99668,134046,0,0,0,134074,34406
rp2040_1,65,741,1,4,diagnostic_calibration,3,1,134076,168398,0,0,0,168497,34421
rp2040_1,65,741,1,4,diagnostic_calibration,4,2,168498,202810,210874,0,0,211022,42524
rp2040_1,65,741,1,4,diagnostic_calibration,5,0,211024,245350,253412,261358,262044,262047,51023
rp2040_1,65,742,2,4,diagnostic_calibration,1,2,57005,91529,99614,0,0,99640,42635
rp2040_1,65,742,2,4,diagnostic_calibration,2,2,99644,134029,142096,0,0,142110,42466
rp2040_1,65,742,2,4,diagnostic_calibration,3,0,142111,176450,184512,192459,193145,193149,51038
rp2040_1,65,743,3,4,diagnostic_calibration,1,2,56990,91513,99596,0,0,99649,42659
rp2040_1,65,743,3,4,diagnostic_calibration,2,2,99655,134054,142120,0,0,142201,42546
rp2040_1,65,743,3,4,diagnostic_calibration,3,2,142205,176551,184615,0,0,184629,42424
rp2040_1,65,743,3,4,diagnostic_calibration,4,2,184630,218958,227019,0,0,227064,42434
rp2040_1,65,743,3,4,diagnostic_calibration,5,1,227065,261393,0,0,0,261428,34363
rp2040_1,65,743,3,4,diagnostic_calibration,6,2,261428,295737,303798,0,0,303830,42402
rp2040_1,65,743,3,4,diagnostic_calibration,7,1,303831,338158,0,0,0,338275,34444
rp2040_1,65,743,3,4,diagnostic_calibration,8,0,338275,372586,380647,388593,389279,389282,51007
rp2040_1,65,744,4,4,diagnostic_calibration,1,2,56983,91497,99581,0,0,99641,42658
rp2040_1,65,744,4,4,diagnostic_calibration,2,2,99646,134025,142090,0,0,142128,42482
rp2040_1,65,744,4,4,diagnostic_calibration,3,0,142128,176472,184534,192480,193166,193168,51040
rp2040_1,65,745,5,4,diagnostic_holdout,1,1,57020,91552,0,0,0,91629,34609
rp2040_1,65,745,5,4,diagnostic_holdout,2,2,91635,126007,134082,0,0,134140,42505
rp2040_1,65,745,5,4,diagnostic_holdout,3,2,134143,168491,176553,0,0,176656,42513
rp2040_1,65,745,5,4,diagnostic_holdout,4,2,176657,210978,219039,0,0,219102,42445
rp2040_1,65,745,5,4,diagnostic_holdout,5,2,219103,253446,261507,0,0,261518,42415
rp2040_1,65,745,5,4,diagnostic_holdout,6,0,261519,295852,303913,311859,312546,312550,51031
rp2040_1,65,746,6,4,diagnostic_holdout,1,1,56985,91506,0,0,0,91646,34661
rp2040_1,65,746,6,4,diagnostic_holdout,2,1,91651,126013,0,0,0,126141,34490
rp2040_1,65,746,6,4,diagnostic_holdout,3,1,126142,160460,0,0,0,160556,34414
rp2040_1,65,746,6,4,diagnostic_holdout,4,1,160557,194874,0,0,0,194891,34334
rp2040_1,65,746,6,4,diagnostic_holdout,5,1,194891,229207,0,0,0,229267,34376
rp2040_1,65,746,6,4,diagnostic_holdout,6,0,229268,263578,271649,279599,280286,280289,51021
rp2040_1,65,747,7,4,diagnostic_holdout,1,0,56984,91506,99589,107540,108227,108233,51249
rp2040_1,65,748,8,4,diagnostic_holdout,1,1,56962,91483,0,0,0,91526,34564
rp2040_1,65,748,8,4,diagnostic_holdout,2,2,91532,125897,133971,0,0,134086,42554
rp2040_1,65,748,8,4,diagnostic_holdout,3,0,134088,168442,176506,184454,185139,185142,51054
rp2040_1,65,749,9,4,diagnostic_holdout,1,2,56978,91512,99595,0,0,99748,42770
rp2040_1,65,749,9,4,diagnostic_holdout,2,1,99755,134144,0,0,0,134207,34452
rp2040_1,65,749,9,4,diagnostic_holdout,3,1,134210,168536,0,0,0,168598,34388
rp2040_1,65,749,9,4,diagnostic_holdout,4,0,168599,202914,210978,218924,219611,219614,51015
rp2040_1,65,750,0,0,diagnostic_calibration,1,2,56992,91513,99596,0,0,99717,42725
rp2040_1,65,750,0,0,diagnostic_calibration,2,1,99723,134106,0,0,0,134170,34447
rp2040_1,65,750,0,0,diagnostic_calibration,3,0,134171,168490,176552,184499,185185,185188,51017
rp2040_1,65,751,1,0,diagnostic_calibration,1,2,56987,91515,99599,0,0,99613,42626
rp2040_1,65,751,1,0,diagnostic_calibration,2,2,99618,134004,142069,0,0,142116,42498
rp2040_1,65,751,1,0,diagnostic_calibration,3,1,142117,176468,0,0,0,176495,34378
rp2040_1,65,751,1,0,diagnostic_calibration,4,2,176497,210811,218873,0,0,218910,42413
rp2040_1,65,751,1,0,diagnostic_calibration,5,0,218911,253246,261307,269253,269938,269941,51030
rp2040_1,65,752,2,0,diagnostic_calibration,1,2,56972,91486,99569,0,0,99636,42664
rp2040_1,65,752,2,0,diagnostic_calibration,2,2,99641,134021,142088,0,0,142189,42548
rp2040_1,65,752,2,0,diagnostic_calibration,3,0,142192,176541,184603,192550,193237,193239,51047
rp2040_1,65,753,3,0,diagnostic_calibration,1,0,56988,91519,99602,107553,108240,108247,51259
rp2040_1,65,754,4,0,diagnostic_calibration,1,1,56969,91479,0,0,0,91530,34561
rp2040_1,65,754,4,0,diagnostic_calibration,2,2,91536,125899,133970,0,0,134073,42537
rp2040_1,65,754,4,0,diagnostic_calibration,3,2,134074,168420,176483,0,0,176574,42500
rp2040_1,65,754,4,0,diagnostic_calibration,4,0,176575,210923,218986,226932,227618,227620,51045
rp2040_1,65,755,5,0,diagnostic_holdout,1,2,57019,91555,99639,0,0,99656,42637
rp2040_1,65,755,5,0,diagnostic_holdout,2,1,99661,134058,0,0,0,134074,34413
rp2040_1,65,755,5,0,diagnostic_holdout,3,1,134076,168397,0,0,0,168438,34362
rp2040_1,65,755,5,0,diagnostic_holdout,4,2,168438,202751,210813,0,0,210830,42392
rp2040_1,65,755,5,0,diagnostic_holdout,5,1,210831,245167,0,0,0,245179,34348
rp2040_1,65,755,5,0,diagnostic_holdout,6,2,245180,279494,287555,0,0,287610,42430
rp2040_1,65,755,5,0,diagnostic_holdout,7,0,287611,321944,330005,337951,338638,338642,51031
rp2040_1,65,756,6,0,diagnostic_holdout,1,1,56969,91496,0,0,0,91544,34575
rp2040_1,65,756,6,0,diagnostic_holdout,2,1,91549,125909,0,0,0,126024,34475
rp2040_1,65,756,6,0,diagnostic_holdout,3,2,126026,160363,168433,0,0,168442,42416
rp2040_1,65,756,6,0,diagnostic_holdout,4,1,168443,202781,0,0,0,202816,34373
rp2040_1,65,756,6,0,diagnostic_holdout,5,2,202816,237128,245191,0,0,245256,42440
rp2040_1,65,756,6,0,diagnostic_holdout,6,0,245257,279593,287654,295600,296286,296289,51032
rp2040_1,65,757,7,0,diagnostic_holdout,1,2,56989,91515,99598,0,0,99665,42676
rp2040_1,65,757,7,0,diagnostic_holdout,2,1,99671,134072,0,0,0,134094,34423
rp2040_1,65,757,7,0,diagnostic_holdout,3,2,134095,168418,176484,0,0,176626,42531
rp2040_1,65,757,7,0,diagnostic_holdout,4,2,176627,210969,219030,0,0,219116,42489
rp2040_1,65,757,7,0,diagnostic_holdout,5,2,219116,253434,261495,0,0,261502,42386
rp2040_1,65,757,7,0,diagnostic_holdout,6,0,261503,295820,303881,311827,312514,312517,51014
rp2040_1,65,758,8,0,diagnostic_holdout,1,2,56944,91470,99553,0,0,99643,42699
rp2040_1,65,758,8,0,diagnostic_holdout,2,0,99648,134021,142086,150033,150720,150723,51075
rp2040_1,65,759,9,0,diagnostic_holdout,1,1,57000,91523,0,0,0,91599,34599
rp2040_1,65,759,9,0,diagnostic_holdout,2,2,91603,125980,134055,0,0,134087,42484
rp2040_1,65,759,9,0,diagnostic_holdout,3,1,134090,168434,0,0,0,168528,34438
rp2040_1,65,759,9,0,diagnostic_holdout,4,2,168530,202846,210910,0,0,211061,42531
rp2040_1,65,759,9,0,diagnostic_holdout,5,2,211062,245392,253453,0,0,253570,42508
rp2040_1,65,759,9,0,diagnostic_holdout,6,1,253571,287906,0,0,0,287971,34400
rp2040_1,65,759,9,0,diagnostic_holdout,7,1,287972,322281,0,0,0,322396,34424
rp2040_1,65,759,9,0,diagnostic_holdout,8,1,322397,356705,0,0,0,356710,34313
rp2040_1,65,759,9,0,diagnostic_holdout,9,1,356711,391019,0,0,0,391027,34316
rp2040_1,65,759,9,0,diagnostic_holdout,10,1,391027,425342,0,0,0,425378,34351
rp2040_1,65,759,9,0,diagnostic_holdout,11,1,425378,459695,0,0,0,459763,34385
rp2040_1,65,759,9,0,diagnostic_holdout,12,1,459764,494077,0,0,0,494090,34326
rp2040_1,65,759,9,0,diagnostic_holdout,13,1,494091,528402,0,0,0,528523,34432
rp2040_1,65,759,9,0,diagnostic_holdout,14,0,528524,562831,570892,578839,579525,579528,51004
rp2040_1,65,760,0,1,diagnostic_calibration,1,1,56985,91504,0,0,0,91583,34598
rp2040_1,65,760,0,1,diagnostic_calibration,2,2,91588,125954,134028,0,0,134082,42494
rp2040_1,65,760,0,1,diagnostic_calibration,3,2,134083,168423,176487,0,0,176546,42463
rp2040_1,65,760,0,1,diagnostic_calibration,4,0,176547,210883,218945,226892,227579,227582,51035
rp2040_1,65,761,1,1,diagnostic_calibration,1,0,56966,91490,99572,107523,108209,108216,51250
rp2040_1,65,762,2,1,diagnostic_calibration,1,2,56980,91518,99601,0,0,99691,42711
rp2040_1,65,762,2,1,diagnostic_calibration,2,1,99697,134085,0,0,0,134145,34448
rp2040_1,65,762,2,1,diagnostic_calibration,3,1,134147,168474,0,0,0,168553,34406
rp2040_1,65,762,2,1,diagnostic_calibration,4,0,168554,202863,210925,218871,219557,219560,51006
rp2040_1,65,763,3,1,diagnostic_calibration,1,1,56967,91505,0,0,0,91646,34679
rp2040_1,65,763,3,1,diagnostic_calibration,2,0,91652,126019,134092,142042,142728,142732,51080
rp2040_1,65,764,4,1,diagnostic_calibration,1,2,56982,91506,99589,0,0,99706,42724
rp2040_1,65,764,4,1,diagnostic_calibration,2,2,99710,134088,142153,0,0,142299,42589
rp2040_1,65,764,4,1,diagnostic_calibration,3,0,142301,176647,184710,192657,193344,193348,51047
rp2040_1,65,765,5,1,diagnostic_holdout,1,2,56988,91519,99603,0,0,99657,42669
rp2040_1,65,765,5,1,diagnostic_holdout,2,1,99661,134031,0,0,0,134121,34460
rp2040_1,65,765,5,1,diagnostic_holdout,3,2,134123,168450,176513,0,0,176552,42429
rp2040_1,65,765,5,1,diagnostic_holdout,4,1,176554,210894,0,0,0,210925,34371
rp2040_1,65,765,5,1,diagnostic_holdout,5,0,210927,245234,253296,261243,261930,261933,51006
rp2040_1,65,766,6,1,diagnostic_holdout,1,1,56964,91483,0,0,0,91552,34588
rp2040_1,65,766,6,1,diagnostic_holdout,2,2,91558,125913,133986,0,0,134126,42568
rp2040_1,65,766,6,1,diagnostic_holdout,3,1,134129,168476,0,0,0,168514,34385
rp2040_1,65,766,6,1,diagnostic_holdout,4,2,168516,202827,210890,0,0,210973,42457
rp2040_1,65,766,6,1,diagnostic_holdout,5,2,210974,245301,253362,0,0,253395,42421
rp2040_1,65,766,6,1,diagnostic_holdout,6,0,253396,287725,295786,303733,304420,304422,51026
rp2040_1,65,767,7,1,diagnostic_holdout,1,2,56979,91506,99589,0,0,99606,42627
rp2040_1,65,767,7,1,diagnostic_holdout,2,1,99611,134003,0,0,0,134068,34457
rp2040_1,65,767,7,1,diagnostic_holdout,3,0,134069,168391,176454,184401,185087,185090,51021
rp2040_1,65,768,8,1,diagnostic_holdout,1,1,57010,91519,0,0,0,91611,34601
rp2040_1,65,768,8,1,diagnostic_holdout,2,0,91616,125968,134040,141991,142677,142681,51065
rp2040_1,65,769,9,1,diagnostic_holdout,1,2,56991,91517,99600,0,0,99739,42748
rp2040_1,65,769,9,1,diagnostic_holdout,2,0,99744,134140,142204,150151,150837,150840,51096
rp2040_1,65,770,0,2,diagnostic_calibration,1,1,56975,91504,0,0,0,91594,34619
rp2040_1,65,770,0,2,diagnostic_calibration,2,1,91600,125964,0,0,0,126054,34454
rp2040_1,65,770,0,2,diagnostic_calibration,3,1,126054,160368,0,0,0,160393,34339
rp2040_1,65,770,0,2,diagnostic_calibration,4,2,160393,194705,202776,0,0,202793,42400
rp2040_1,65,770,0,2,diagnostic_calibration,5,2,202794,237130,245192,0,0,245284,42490
rp2040_1,65,770,0,2,diagnostic_calibration,6,0,245285,279616,287678,295624,296309,296312,51027
rp2040_1,65,771,1,2,diagnostic_calibration,1,2,56974,91492,99575,0,0,99594,42620
rp2040_1,65,771,1,2,diagnostic_calibration,2,2,99600,133997,142063,0,0,142158,42558
rp2040_1,65,771,1,2,diagnostic_calibration,3,2,142160,176499,184563,0,0,184572,42412
rp2040_1,65,771,1,2,diagnostic_calibration,4,2,184573,218916,226977,0,0,227097,42524
rp2040_1,65,771,1,2,diagnostic_calibration,5,0,227098,261434,269495,277442,278128,278131,51033
rp2040_1,65,772,2,2,diagnostic_calibration,1,2,56984,91498,99581,0,0,99601,42617
rp2040_1,65,772,2,2,diagnostic_calibration,2,2,99608,134005,142068,0,0,142151,42543
rp2040_1,65,772,2,2,diagnostic_calibration,3,2,142152,176495,184557,0,0,184652,42500
rp2040_1,65,772,2,2,diagnostic_calibration,4,0,184653,218987,227048,234994,235680,235683,51030
rp2040_1,65,773,3,2,diagnostic_calibration,1,1,56980,91492,0,0,0,91572,34592
rp2040_1,65,773,3,2,diagnostic_calibration,2,1,91577,125949,0,0,0,125974,34397
rp2040_1,65,773,3,2,diagnostic_calibration,3,2,125975,160300,168371,0,0,168446,42471
rp2040_1,65,773,3,2,diagnostic_calibration,4,1,168448,202795,0,0,0,202818,34370
rp2040_1,65,773,3,2,diagnostic_calibration,5,2,202818,237127,245190,0,0,245264,42446
rp2040_1,65,773,3,2,diagnostic_calibration,6,1,245264,279601,0,0,0,279613,34349
rp2040_1,65,773,3,2,diagnostic_calibration,7,0,279614,313926,321988,329934,330620,330623,51009
rp2040_1,65,774,4,2,diagnostic_calibration,1,1,56981,91496,0,0,0,91602,34621
rp2040_1,65,774,4,2,diagnostic_calibration,2,2,91607,125971,134044,0,0,134121,42514
rp2040_1,65,774,4,2,diagnostic_calibration,3,0,134122,168481,176544,184490,185175,185179,51057
rp2040_1,65,775,5,2,diagnostic_holdout,1,2,56980,91507,99590,0,0,99615,42635
rp2040_1,65,775,5,2,diagnostic_holdout,2,0,99619,133994,142060,150008,150695,150698,51079
rp2040_1,65,776,6,2,diagnostic_holdout,1,2,56986,91513,99597,0,0,99659,42673
rp2040_1,65,776,6,2,diagnostic_holdout,2,2,99664,134048,142115,0,0,142150,42486
rp2040_1,65,776,6,2,diagnostic_holdout,3,2,142152,176509,184573,0,0,184603,42451
rp2040_1,65,776,6,2,diagnostic_holdout,4,1,184603,218937,0,0,0,218948,34345
rp2040_1,65,776,6,2,diagnostic_holdout,5,2,218948,253269,261331,0,0,261481,42533
rp2040_1,65,776,6,2,diagnostic_holdout,6,2,261482,295813,303875,0,0,303943,42461
rp2040_1,65,776,6,2,diagnostic_holdout,7,1,303944,338282,0,0,0,338372,34428
rp2040_1,65,776,6,2,diagnostic_holdout,8,2,338373,372684,380745,0,0,380779,42406
rp2040_1,65,776,6,2,diagnostic_holdout,9,0,380779,415105,423166,431112,431799,431802,51023
rp2040_1,65,777,7,2,diagnostic_holdout,1,2,56988,91516,99600,0,0,99632,42644
rp2040_1,65,777,7,2,diagnostic_holdout,2,2,99637,134030,142095,0,0,142129,42492
rp2040_1,65,777,7,2,diagnostic_holdout,3,0,142131,176471,184532,192480,193166,193170,51039
rp2040_1,65,778,8,2,diagnostic_holdout,1,2,56957,91479,99562,0,0,99583,42626
rp2040_1,65,778,8,2,diagnostic_holdout,2,2,99589,133987,142054,0,0,142134,42545
rp2040_1,65,778,8,2,diagnostic_holdout,3,2,142137,176489,184550,0,0,184699,42562
rp2040_1,65,778,8,2,diagnostic_holdout,4,1,184700,219038,0,0,0,219082,34382
rp2040_1,65,778,8,2,diagnostic_holdout,5,2,219082,253390,261451,0,0,261549,42467
rp2040_1,65,778,8,2,diagnostic_holdout,6,1,261550,295878,0,0,0,295905,34355
rp2040_1,65,778,8,2,diagnostic_holdout,7,2,295905,330218,338279,0,0,338365,42460
rp2040_1,65,778,8,2,diagnostic_holdout,8,2,338365,372694,380755,0,0,380898,42533
rp2040_1,65,778,8,2,diagnostic_holdout,9,1,380898,415224,0,0,0,415238,34340
rp2040_1,65,778,8,2,diagnostic_holdout,10,1,415238,449555,0,0,0,449612,34374
rp2040_1,65,778,8,2,diagnostic_holdout,11,1,449613,483922,0,0,0,483954,34341
rp2040_1,65,778,8,2,diagnostic_holdout,12,2,483955,518267,526328,0,0,526369,42414
rp2040_1,65,778,8,2,diagnostic_holdout,13,2,526370,560706,568767,0,0,568832,42462
rp2040_1,65,778,8,2,diagnostic_holdout,14,1,568833,603168,0,0,0,603220,34387
rp2040_1,65,778,8,2,diagnostic_holdout,15,1,603220,637538,0,0,0,637642,34422
rp2040_1,65,778,8,2,diagnostic_holdout,16,2,637643,671951,680012,0,0,680025,42382
rp2040_1,65,778,8,2,diagnostic_holdout,17,0,680026,714349,722410,730356,731042,731045,51019
rp2040_1,65,779,9,2,diagnostic_holdout,1,2,56983,91495,99578,0,0,99683,42700
rp2040_1,65,779,9,2,diagnostic_holdout,2,1,99688,134074,0,0,0,134138,34450
rp2040_1,65,779,9,2,diagnostic_holdout,3,1,134139,168466,0,0,0,168487,34348
rp2040_1,65,779,9,2,diagnostic_holdout,4,0,168487,202801,210864,218811,219496,219499,51012
rp2040_1,65,780,0,3,diagnostic_calibration,1,1,56974,91488,0,0,0,91588,34614
rp2040_1,65,780,0,3,diagnostic_calibration,2,0,91593,125941,134013,141964,142650,142653,51060
rp2040_1,65,781,1,3,diagnostic_calibration,1,1,56985,91497,0,0,0,91628,34643
rp2040_1,65,781,1,3,diagnostic_calibration,2,2,91633,125976,134049,0,0,134130,42497
rp2040_1,65,781,1,3,diagnostic_calibration,3,0,134132,168477,176541,184488,185174,185177,51045
rp2040_1,65,782,2,3,diagnostic_calibration,1,2,56989,91505,99589,0,0,99679,42690
rp2040_1,65,782,2,3,diagnostic_calibration,2,2,99685,134065,142136,0,0,142195,42510
rp2040_1,65,782,2,3,diagnostic_calibration,3,1,142196,176540,0,0,0,176641,34445
rp2040_1,65,782,2,3,diagnostic_calibration,4,2,176643,210956,219019,0,0,219025,42382
rp2040_1,65,782,2,3,diagnostic_calibration,5,0,219026,253351,261412,269358,270045,270048,51022
rp2040_1,65,783,3,3,diagnostic_calibration,1,2,56984,91497,99581,0,0,99612,42628
rp2040_1,65,783,3,3,diagnostic_calibration,2,2,99618,134002,142068,0,0,142102,42484
rp2040_1,65,783,3,3,diagnostic_calibration,3,1,142103,176446,0,0,0,176515,34412
rp2040_1,65,783,3,3,diagnostic_calibration,4,1,176516,210832,0,0,0,210935,34419
rp2040_1,65,783,3,3,diagnostic_calibration,5,1,210936,245248,0,0,0,245301,34365
rp2040_1,65,783,3,3,diagnostic_calibration,6,1,245301,279604,0,0,0,279612,34311
rp2040_1,65,783,3,3,diagnostic_calibration,7,1,279612,313917,0,0,0,313994,34382
rp2040_1,65,783,3,3,diagnostic_calibration,8,1,313995,348304,0,0,0,348400,34405
rp2040_1,65,783,3,3,diagnostic_calibration,9,0,348401,382710,390772,398718,399405,399409,51008
rp2040_1,65,784,4,3,diagnostic_calibration,1,2,56993,91526,99610,0,0,99673,42680
rp2040_1,65,784,4,3,diagnostic_calibration,2,2,99679,134053,142118,0,0,142205,42526
rp2040_1,65,784,4,3,diagnostic_calibration,3,2,142206,176536,184598,0,0,184706,42500
rp2040_1,65,784,4,3,diagnostic_calibration,4,0,184707,219038,227100,235046,235732,235735,51028
rp2040_1,65,785,5,3,diagnostic_holdout,1,0,56980,91511,99595,107545,108232,108239,51259
rp2040_1,65,786,6,3,diagnostic_holdout,1,1,56987,91502,0,0,0,91561,34574
rp2040_1,65,786,6,3,diagnostic_holdout,2,2,91567,125929,134004,0,0,134087,42520
rp2040_1,65,786,6,3,diagnostic_holdout,3,1,134090,168434,0,0,0,168473,34383
rp2040_1,65,786,6,3,diagnostic_holdout,4,1,168473,202781,0,0,0,202790,34317
rp2040_1,65,786,6,3,diagnostic_holdout,5,2,202791,237096,245157,0,0,245196,42405
rp2040_1,65,786,6,3,diagnostic_holdout,6,2,245197,279524,287585,0,0,287651,42454
rp2040_1,65,786,6,3,diagnostic_holdout,7,1,287652,321977,0,0,0,322073,34421
rp2040_1,65,786,6,3,diagnostic_holdout,8,0,322074,356382,364443,372389,373075,373078,51004
rp2040_1,65,787,7,3,diagnostic_holdout,1,2,56979,91508,99592,0,0,99641,42662
rp2040_1,65,787,7,3,diagnostic_holdout,2,0,99646,134027,142092,150040,150726,150730,51084
rp2040_1,65,788,8,3,diagnostic_holdout,1,1,56969,91489,0,0,0,91551,34582
rp2040_1,65,788,8,3,diagnostic_holdout,2,1,91556,125908,0,0,0,125979,34423
rp2040_1,65,788,8,3,diagnostic_holdout,3,2,125981,160302,168373,0,0,168427,42446
rp2040_1,65,788,8,3,diagnostic_holdout,4,1,168428,202781,0,0,0,202895,34467
rp2040_1,65,788,8,3,diagnostic_holdout,5,1,202896,237208,0,0,0,237213,34317
rp2040_1,65,788,8,3,diagnostic_holdout,6,1,237214,271520,0,0,0,271552,34338
rp2040_1,65,788,8,3,diagnostic_holdout,7,2,271553,305876,313938,0,0,313943,42390
rp2040_1,65,788,8,3,diagnostic_holdout,8,2,313944,348276,356338,0,0,356364,42420
rp2040_1,65,788,8,3,diagnostic_holdout,9,2,356364,390705,398766,0,0,398903,42539
rp2040_1,65,788,8,3,diagnostic_holdout,10,1,398903,433227,0,0,0,433351,34448
rp2040_1,65,788,8,3,diagnostic_holdout,11,2,433352,467657,475718,0,0,475827,42475
rp2040_1,65,788,8,3,diagnostic_holdout,12,1,475828,510149,0,0,0,510259,34431
rp2040_1,65,788,8,3,diagnostic_holdout,13,0,510260,544573,552634,560580,561265,561268,51008
rp2040_1,65,789,9,3,diagnostic_holdout,1,2,57005,91524,99608,0,0,99743,42738
rp2040_1,65,789,9,3,diagnostic_holdout,2,1,99748,134140,0,0,0,134230,34482
rp2040_1,65,789,9,3,diagnostic_holdout,3,1,134232,168549,0,0,0,168651,34419
rp2040_1,65,789,9,3,diagnostic_holdout,4,2,168652,202956,211019,0,0,211040,42388
rp2040_1,65,789,9,3,diagnostic_holdout,5,1,211041,245385,0,0,0,245428,34387
rp2040_1,65,789,9,3,diagnostic_holdout,6,2,245429,279749,287810,0,0,287878,42449
rp2040_1,65,789,9,3,diagnostic_holdout,7,2,287879,322203,330264,0,0,330338,42459
rp2040_1,65,789,9,3,diagnostic_holdout,8,2,330339,364666,372727,0,0,372749,42410
rp2040_1,65,789,9,3,diagnostic_holdout,9,1,372750,407082,0,0,0,407103,34353
rp2040_1,65,789,9,3,diagnostic_holdout,10,2,407104,441415,449476,0,0,449564,42460
rp2040_1,65,789,9,3,diagnostic_holdout,11,0,449565,483895,491956,499902,500589,500592,51027
rp2040_1,65,790,0,4,diagnostic_calibration,1,2,56994,91517,99601,0,0,99679,42685
rp2040_1,65,790,0,4,diagnostic_calibration,2,1,99684,134073,0,0,0,134123,34439
rp2040_1,65,790,0,4,diagnostic_calibration,3,0,134125,168450,176514,184462,185147,185151,51026
rp2040_1,65,791,1,4,diagnostic_calibration,1,1,56997,91524,0,0,0,91552,34555
rp2040_1,65,791,1,4,diagnostic_calibration,2,1,91556,125913,0,0,0,125932,34376
rp2040_1,65,791,1,4,diagnostic_calibration,3,2,125934,160255,168328,0,0,168380,42446
rp2040_1,65,791,1,4,diagnostic_calibration,4,2,168381,202709,210772,0,0,210839,42458
rp2040_1,65,791,1,4,diagnostic_calibration,5,2,210840,245170,253231,0,0,253262,42422
rp2040_1,65,791,1,4,diagnostic_calibration,6,2,253263,287584,295645,0,0,295690,42427
rp2040_1,65,791,1,4,diagnostic_calibration,7,2,295691,330020,338081,0,0,338093,42402
rp2040_1,65,791,1,4,diagnostic_calibration,8,2,338094,372424,380485,0,0,380590,42496
rp2040_1,65,791,1,4,diagnostic_calibration,9,2,380590,414919,422980,0,0,423016,42426
rp2040_1,65,791,1,4,diagnostic_calibration,10,1,423016,457343,0,0,0,457420,34404
rp2040_1,65,791,1,4,diagnostic_calibration,11,1,457420,491729,0,0,0,491794,34374
rp2040_1,65,791,1,4,diagnostic_calibration,12,0,491795,526103,534164,542110,542796,542799,51004
rp2040_1,65,792,2,4,diagnostic_calibration,1,0,56990,91513,99595,107546,108232,108238,51248
rp2040_1,65,793,3,4,diagnostic_calibration,1,1,57004,91525,0,0,0,91657,34653
rp2040_1,65,793,3,4,diagnostic_calibration,2,2,91662,126022,134094,0,0,134115,42453
rp2040_1,65,793,3,4,diagnostic_calibration,3,2,134117,168461,176525,0,0,176543,42426
rp2040_1,65,793,3,4,diagnostic_calibration,4,2,176544,210884,218946,0,0,219025,42481
rp2040_1,65,793,3,4,diagnostic_calibration,5,2,219026,253361,261422,0,0,261434,42408
rp2040_1,65,793,3,4,diagnostic_calibration,6,2,261435,295767,303828,0,0,303838,42403
rp2040_1,65,793,3,4,diagnostic_calibration,7,1,303839,338175,0,0,0,338272,34433
rp2040_1,65,793,3,4,diagnostic_calibration,8,2,338273,372579,380640,0,0,380746,42473
rp2040_1,65,793,3,4,diagnostic_calibration,9,1,380747,415077,0,0,0,415168,34421
rp2040_1,65,793,3,4,diagnostic_calibration,10,1,415169,449482,0,0,0,449601,34432
rp2040_1,65,793,3,4,diagnostic_calibration,11,1,449601,483907,0,0,0,483936,34335
rp2040_1,65,793,3,4,diagnostic_calibration,12,0,483936,518249,526310,534257,534943,534946,51010
rp2040_1,65,794,4,4,diagnostic_calibration,1,0,56966,91494,99577,107528,108215,108221,51255
rp2040_1,65,795,5,4,diagnostic_holdout,1,1,56970,91502,0,0,0,91545,34575
rp2040_1,65,795,5,4,diagnostic_holdout,2,2,91549,125907,133980,0,0,133994,42445
rp2040_1,65,795,5,4,diagnostic_holdout,3,2,133996,168358,176421,0,0,176497,42501
rp2040_1,65,795,5,4,diagnostic_holdout,4,1,176498,210817,0,0,0,210851,34353
rp2040_1,65,795,5,4,diagnostic_holdout,5,2,210851,245158,253219,0,0,253282,42431
rp2040_1,65,795,5,4,diagnostic_holdout,6,2,253283,287610,295671,0,0,295680,42397
rp2040_1,65,795,5,4,diagnostic_holdout,7,2,295681,330006,338067,0,0,338183,42502
rp2040_1,65,795,5,4,diagnostic_holdout,8,2,338184,372518,380579,0,0,380604,42420
rp2040_1,65,795,5,4,diagnostic_holdout,9,2,380605,414931,422992,0,0,423095,42490
rp2040_1,65,795,5,4,diagnostic_holdout,10,2,423096,457424,465485,0,0,465630,42534
rp2040_1,65,795,5,4,diagnostic_holdout,11,1,465631,499959,0,0,0,500085,34454
rp2040_1,65,795,5,4,diagnostic_holdout,12,2,500086,534394,542455,0,0,542595,42509
rp2040_1,65,795,5,4,diagnostic_holdout,13,2,542596,576926,584987,0,0,585098,42502
rp2040_1,65,795,5,4,diagnostic_holdout,14,1,585099,619434,0,0,0,619460,34361
rp2040_1,65,795,5,4,diagnostic_holdout,15,2,619461,653763,661824,0,0,661959,42498
rp2040_1,65,795,5,4,diagnostic_holdout,16,1,661960,696289,0,0,0,696370,34410
rp2040_1,65,795,5,4,diagnostic_holdout,17,2,696371,730688,738749,0,0,738808,42437
rp2040_1,65,795,5,4,diagnostic_holdout,18,1,738809,773133,0,0,0,773241,34432
rp2040_1,65,795,5,4,diagnostic_holdout,19,1,773241,807552,0,0,0,807569,34328
rp2040_1,65,795,5,4,diagnostic_holdout,20,2,807570,841878,849939,0,0,850007,42437
rp2040_1,65,795,5,4,diagnostic_holdout,21,1,850007,884332,0,0,0,884391,34384
rp2040_1,65,795,5,4,diagnostic_holdout,22,2,884391,918711,926772,0,0,926875,42484
rp2040_1,65,795,5,4,diagnostic_holdout,23,2,926876,961203,969264,0,0,969313,42437
rp2040_1,65,795,5,4,diagnostic_holdout,24,1,969313,1003638,0,0,0,1003690,34377
rp2040_1,65,795,5,4,diagnostic_holdout,25,1,1003691,1037999,0,0,0,1038115,34424
rp2040_1,65,795,5,4,diagnostic_holdout,26,0,1038116,1072420,1080480,1088427,1089112,1089115,50999
rp2040_1,65,796,6,4,diagnostic_holdout,1,2,56960,91484,99567,0,0,99643,42683
rp2040_1,65,796,6,4,diagnostic_holdout,2,0,99648,134017,142082,150029,150714,150718,51070
rp2040_1,65,797,7,4,diagnostic_holdout,1,1,57005,91525,0,0,0,91668,34663
rp2040_1,65,797,7,4,diagnostic_holdout,2,2,91673,126035,134109,0,0,134236,42563
rp2040_1,65,797,7,4,diagnostic_holdout,3,2,134238,168583,176646,0,0,176687,42449
rp2040_1,65,797,7,4,diagnostic_holdout,4,0,176688,211024,219086,227032,227719,227722,51034
rp2040_1,65,798,8,4,diagnostic_holdout,1,1,56980,91490,0,0,0,91557,34577
rp2040_1,65,798,8,4,diagnostic_holdout,2,2,91562,125924,133996,0,0,134008,42446
rp2040_1,65,798,8,4,diagnostic_holdout,3,2,134009,168346,176411,0,0,176416,42407
rp2040_1,65,798,8,4,diagnostic_holdout,4,2,176417,210749,218811,0,0,218843,42426
rp2040_1,65,798,8,4,diagnostic_holdout,5,1,218844,253175,0,0,0,253228,34384
rp2040_1,65,798,8,4,diagnostic_holdout,6,2,253228,287539,295600,0,0,295717,42489
rp2040_1,65,798,8,4,diagnostic_holdout,7,2,295717,330041,338102,0,0,338163,42446
rp2040_1,65,798,8,4,diagnostic_holdout,8,0,338163,372494,380555,388501,389188,389191,51028
rp2040_1,65,799,9,4,diagnostic_holdout,1,1,56981,91510,0,0,0,91595,34614
rp2040_1,65,799,9,4,diagnostic_holdout,2,1,91600,125964,0,0,0,126007,34407
rp2040_1,65,799,9,4,diagnostic_holdout,3,2,126009,160327,168399,0,0,168417,42408
rp2040_1,65,799,9,4,diagnostic_holdout,4,1,168419,202771,0,0,0,202889,34470
rp2040_1,65,799,9,4,diagnostic_holdout,5,1,202890,237202,0,0,0,237254,34364
rp2040_1,65,799,9,4,diagnostic_holdout,6,1,237255,271561,0,0,0,271573,34318
rp2040_1,65,799,9,4,diagnostic_holdout,7,1,271574,305879,0,0,0,305944,34370
rp2040_1,65,799,9,4,diagnostic_holdout,8,2,305944,340262,348325,0,0,348470,42526
rp2040_1,65,799,9,4,diagnostic_holdout,9,0,348471,382799,390859,398806,399492,399495,51024
rp2040_1,65,800,0,0,diagnostic_calibration,1,1,56982,91501,0,0,0,91539,34557
rp2040_1,65,800,0,0,diagnostic_calibration,2,2,91546,125906,133981,0,0,134043,42497
rp2040_1,65,800,0,0,diagnostic_calibration,3,2,134045,168397,176461,0,0,176478,42433
rp2040_1,65,800,0,0,diagnostic_calibration,4,1,176479,210821,0,0,0,210935,34456
rp2040_1,65,800,0,0,diagnostic_calibration,5,0,210936,245238,253300,261247,261933,261935,50999
rp2040_1,65,801,1,0,diagnostic_calibration,1,1,56985,91499,0,0,0,91534,34549
rp2040_1,65,801,1,0,diagnostic_calibration,2,2,91538,125897,133970,0,0,134062,42524
rp2040_1,65,801,1,0,diagnostic_calibration,3,1,134064,168411,0,0,0,168529,34465
rp2040_1,65,801,1,0,diagnostic_calibration,4,2,168530,202844,210908,0,0,210914,42384
rp2040_1,65,801,1,0,diagnostic_calibration,5,2,210915,245257,253319,0,0,253366,42451
rp2040_1,65,801,1,0,diagnostic_calibration,6,0,253367,287696,295757,303704,304390,304393,51026
rp2040_1,65,802,2,0,diagnostic_calibration,1,1,56976,91496,0,0,0,91624,34648
rp2040_1,65,802,2,0,diagnostic_calibration,2,1,91630,125990,0,0,0,126081,34451
rp2040_1,65,802,2,0,diagnostic_calibration,3,1,126083,160400,0,0,0,160516,34433
rp2040_1,65,802,2,0,diagnostic_calibration,4,2,160517,194823,202894,0,0,202947,42430
rp2040_1,65,802,2,0,diagnostic_calibration,5,0,202948,237281,245344,253291,253977,253980,51032
rp2040_1,65,803,3,0,diagnostic_calibration,1,1,56971,91484,0,0,0,91570,34599
rp2040_1,65,803,3,0,diagnostic_calibration,2,0,91574,125941,134015,141966,142651,142654,51080
rp2040_1,65,804,4,0,diagnostic_calibration,1,2,56963,91490,99574,0,0,99618,42655
rp2040_1,65,804,4,0,diagnostic_calibration,2,2,99623,133997,142066,0,0,142087,42464
rp2040_1,65,804,4,0,diagnostic_calibration,3,0,142088,176428,184490,192437,193124,193127,51039
rp2040_1,65,805,5,0,diagnostic_holdout,1,1,56977,91507,0,0,0,91644,34667
rp2040_1,65,805,5,0,diagnostic_holdout,2,1,91649,126019,0,0,0,126034,34385
rp2040_1,65,805,5,0,diagnostic_holdout,3,0,126035,160364,168436,176387,177072,177075,51040
rp2040_1,65,806,6,0,diagnostic_holdout,1,2,56988,91512,99596,0,0,99732,42744
rp2040_1,65,806,6,0,diagnostic_holdout,2,2,99739,134125,142192,0,0,142226,42487
rp2040_1,65,806,6,0,diagnostic_holdout,3,0,142227,176571,184635,192582,193268,193271,51044
rp2040_1,65,807,7,0,diagnostic_holdout,1,1,56976,91504,0,0,0,91599,34623
rp2040_1,65,807,7,0,diagnostic_holdout,2,1,91603,125955,0,0,0,125982,34379
rp2040_1,65,807,7,0,diagnostic_holdout,3,0,125984,160305,168377,176327,177012,177015,51031
rp2040_1,65,808,8,0,diagnostic_holdout,1,2,56968,91491,99575,0,0,99606,42638
rp2040_1,65,808,8,0,diagnostic_holdout,2,1,99611,133997,0,0,0,134092,34481
rp2040_1,65,808,8,0,diagnostic_holdout,3,2,134093,168413,176476,0,0,176499,42406
rp2040_1,65,808,8,0,diagnostic_holdout,4,2,176500,210833,218893,0,0,218923,42423
rp2040_1,65,808,8,0,diagnostic_holdout,5,0,218924,253258,261319,269265,269951,269953,51029
rp2040_1,65,809,9,0,diagnostic_holdout,1,1,56986,91512,0,0,0,91650,34664
rp2040_1,65,809,9,0,diagnostic_holdout,2,1,91655,126006,0,0,0,126110,34455
rp2040_1,65,809,9,0,diagnostic_holdout,3,1,126111,160424,0,0,0,160437,34326
rp2040_1,65,809,9,0,diagnostic_holdout,4,0,160438,194755,202825,210776,211462,211465,51027
rp2040_1,65,810,0,1,diagnostic_calibration,1,0,56970,91483,99567,107518,108205,108210,51240
rp2040_1,65,811,1,1,diagnostic_calibration,1,1,56973,91503,0,0,0,91537,34564
rp2040_1,65,811,1,1,diagnostic_calibration,2,0,91542,125910,133984,141935,142621,142625,51083
rp2040_1,65,812,2,1,diagnostic_calibration,1,2,56979,91500,99583,0,0,99738,42759
rp2040_1,65,812,2,1,diagnostic_calibration,2,2,99744,134118,142183,0,0,142222,42478
rp2040_1,65,812,2,1,diagnostic_calibration,3,1,142222,176570,0,0,0,176689,34467
rp2040_1,65,812,2,1,diagnostic_calibration,4,1,176689,211010,0,0,0,211110,34421
rp2040_1,65,812,2,1,diagnostic_calibration,5,1,211111,245420,0,0,0,245540,34429
rp2040_1,65,812,2,1,diagnostic_calibration,6,2,245541,279848,287910,0,0,287989,42448
rp2040_1,65,812,2,1,diagnostic_calibration,7,0,287990,322317,330378,338324,339010,339013,51023
rp2040_1,65,813,3,1,diagnostic_calibration,1,1,56996,91516,0,0,0,91550,34554
rp2040_1,65,813,3,1,diagnostic_calibration,2,2,91556,125912,133988,0,0,134045,42489
rp2040_1,65,813,3,1,diagnostic_calibration,3,1,134046,168410,0,0,0,168416,34370
rp2040_1,65,813,3,1,diagnostic_calibration,4,2,168417,202730,210792,0,0,210804,42387
rp2040_1,65,813,3,1,diagnostic_calibration,5,2,210805,245145,253205,0,0,253325,42520
rp2040_1,65,813,3,1,diagnostic_calibration,6,1,253326,287657,0,0,0,287663,34337
rp2040_1,65,813,3,1,diagnostic_calibration,7,0,287664,321984,330045,337991,338677,338680,51016
rp2040_1,65,814,4,1,diagnostic_calibration,1,1,56957,91475,0,0,0,91558,34601
rp2040_1,65,814,4,1,diagnostic_calibration,2,1,91563,125933,0,0,0,125966,34403
rp2040_1,65,814,4,1,diagnostic_calibration,3,0,125967,160286,168357,176307,176993,176996,51029
rp2040_1,65,815,5,1,diagnostic_holdout,1,2,56987,91520,99605,0,0,99709,42722
rp2040_1,65,815,5,1,diagnostic_holdout,2,2,99714,134107,142174,0,0,142236,42522
rp2040_1,65,815,5,1,diagnostic_holdout,3,2,142237,176578,184640,0,0,184683,42446
rp2040_1,65,815,5,1,diagnostic_holdout,4,1,184684,219008,0,0,0,219051,34367
rp2040_1,65,815,5,1,diagnostic_holdout,5,2,219052,253367,261428,0,0,261449,42397
rp2040_1,65,815,5,1,diagnostic_holdout,6,2,261450,295773,303834,0,0,303907,42457
rp2040_1,65,815,5,1,diagnostic_holdout,7,0,303908,338236,346297,354243,354928,354932,51024
rp2040_1,65,816,6,1,diagnostic_holdout,1,2,57006,91540,99624,0,0,99754,42748
rp2040_1,65,816,6,1,diagnostic_holdout,2,0,99760,134162,142227,150173,150860,150865,51105
rp2040_1,65,817,7,1,diagnostic_holdout,1,0,56998,91515,99598,107549,108236,108242,51244
rp2040_1,65,818,8,1,diagnostic_holdout,1,2,56952,91492,99575,0,0,99716,42764
rp2040_1,65,818,8,1,diagnostic_holdout,2,2,99721,134108,142173,0,0,142193,42472
rp2040_1,65,818,8,1,diagnostic_holdout,3,1,142194,176535,0,0,0,176541,34347
rp2040_1,65,818,8,1,diagnostic_holdout,4,1,176541,210855,0,0,0,210875,34334
rp2040_1,65,818,8,1,diagnostic_holdout,5,1,210875,245185,0,0,0,245189,34314
rp2040_1,65,818,8,1,diagnostic_holdout,6,2,245190,279513,287574,0,0,287580,42390
rp2040_1,65,818,8,1,diagnostic_holdout,7,1,287580,321910,0,0,0,321952,34372
rp2040_1,65,818,8,1,diagnostic_holdout,8,0,321952,356257,364318,372264,372951,372954,51002
rp2040_1,65,819,9,1,diagnostic_holdout,1,2,56971,91500,99582,0,0,99609,42638
rp2040_1,65,819,9,1,diagnostic_holdout,2,0,99614,134008,142078,150025,150711,150715,51101
rp2040_1,65,820,0,2,diagnostic_calibration,1,2,56980,91501,99584,0,0,99631,42651
rp2040_1,65,820,0,2,diagnostic_calibration,2,1,99636,134026,0,0,0,134052,34416
rp2040_1,65,820,0,2,diagnostic_calibration,3,2,134053,168379,176442,0,0,176537,42484
rp2040_1,65,820,0,2,diagnostic_calibration,4,2,176537,210883,218944,0,0,218948,42411
rp2040_1,65,820,0,2,diagnostic_calibration,5,2,218948,253283,261344,0,0,261374,42426
rp2040_1,65,820,0,2,diagnostic_calibration,6,2,261374,295705,303766,0,0,303886,42512
rp2040_1,65,820,0,2,diagnostic_calibration,7,2,303887,338225,346286,0,0,346300,42413
rp2040_1,65,820,0,2,diagnostic_calibration,8,2,346300,380638,388699,0,0,388713,42413
rp2040_1,65,820,0,2,diagnostic_calibration,9,0,388713,423039,431099,439046,439731,439734,51021
rp2040_1,65,821,1,2,diagnostic_calibration,1,2,56973,91512,99595,0,0,99616,42643
rp2040_1,65,821,1,2,diagnostic_calibration,2,1,99621,134012,0,0,0,134033,34412
rp2040_1,65,821,1,2,diagnostic_calibration,3,2,134034,168351,176415,0,0,176455,42421
rp2040_1,65,821,1,2,diagnostic_calibration,4,2,176456,210789,218852,0,0,218982,42526
rp2040_1,65,821,1,2,diagnostic_calibration,5,2,218982,253312,261373,0,0,261406,42424
rp2040_1,65,821,1,2,diagnostic_calibration,6,2,261406,295731,303792,0,0,303874,42468
rp2040_1,65,821,1,2,diagnostic_calibration,7,1,303874,338196,0,0,0,338255,34381
rp2040_1,65,821,1,2,diagnostic_calibration,8,2,338256,372572,380633,0,0,380640,42384
rp2040_1,65,821,1,2,diagnostic_calibration,9,0,380641,414967,423028,430974,431660,431663,51022
rp2040_1,65,822,2,2,diagnostic_calibration,1,1,56986,91511,0,0,0,91582,34596
rp2040_1,65,822,2,2,diagnostic_calibration,2,2,91587,125948,134020,0,0,134033,42446
rp2040_1,65,822,2,2,diagnostic_calibration,3,0,134036,168383,176446,184394,185080,185083,51047
rp2040_1,65,823,3,2,diagnostic_calibration,1,0,56981,91496,99579,107530,108216,108223,51242
rp2040_1,65,824,4,2,diagnostic_calibration,1,2,56976,91507,99590,0,0,99703,42727
rp2040_1,65,824,4,2,diagnostic_calibration,2,0,99708,134097,142164,150111,150797,150802,51094
rp2040_1,65,825,5,2,diagnostic_holdout,1,1,57001,91518,0,0,0,91634,34633
rp2040_1,65,825,5,2,diagnostic_holdout,2,0,91639,126005,134079,142029,142716,142719,51080
rp2040_1,65,826,6,2,diagnostic_holdout,1,2,56981,91513,99596,0,0,99747,42766
rp2040_1,65,826,6,2,diagnostic_holdout,2,1,99752,134136,0,0,0,134214,34462
rp2040_1,65,826,6,2,diagnostic_holdout,3,2,134215,168535,176599,0,0,176605,42390
rp2040_1,65,826,6,2,diagnostic_holdout,4,0,176605,210930,218991,226937,227624,227627,51022
rp2040_1,65,827,7,2,diagnostic_holdout,1,2,56983,91493,99577,0,0,99715,42732
rp2040_1,65,827,7,2,diagnostic_holdout,2,2,99721,134108,142175,0,0,142265,42544
rp2040_1,65,827,7,2,diagnostic_holdout,3,0,142267,176611,184675,192621,193307,193310,51043
rp2040_1,65,828,8,2,diagnostic_holdout,1,0,56971,91482,99566,107517,108203,108208,51237
rp2040_1,65,829,9,2,diagnostic_holdout,1,2,56968,91499,99582,0,0,99659,42691
rp2040_1,65,829,9,2,diagnostic_holdout,2,2,99666,134052,142119,0,0,142196,42530
rp2040_1,65,829,9,2,diagnostic_holdout,3,0,142199,176549,184611,192558,193243,193246,51047
rp2040_1,65,830,0,3,diagnostic_calibration,1,2,56989,91508,99592,0,0,99615,42626
rp2040_1,65,830,0,3,diagnostic_calibration,2,2,99620,134012,142078,0,0,142121,42501
rp2040_1,65,830,0,3,diagnostic_calibration,3,1,142122,176462,0,0,0,176487,34365
rp2040_1,65,830,0,3,diagnostic_calibration,4,2,176488,210805,218867,0,0,219013,42525
rp2040_1,65,830,0,3,diagnostic_calibration,5,2,219013,253341,261403,0,0,261450,42437
rp2040_1,65,830,0,3,diagnostic_calibration,6,2,261451,295783,303844,0,0,303942,42491
rp2040_1,65,830,0,3,diagnostic_calibration,7,2,303943,338275,346336,0,0,346478,42535
rp2040_1,65,830,0,3,diagnostic_calibration,8,2,346478,380806,388867,0,0,389010,42532
rp2040_1,65,830,0,3,diagnostic_calibration,9,2,389011,423335,431396,0,0,431453,42442
rp2040_1,65,830,0,3,diagnostic_calibration,10,2,431453,465780,473841,0,0,473848,42395
rp2040_1,65,830,0,3,diagnostic_calibration,11,0,473848,508182,516243,524189,524875,524878,51030
rp2040_1,65,831,1,3,diagnostic_calibration,1,1,56974,91490,0,0,0,91609,34635
rp2040_1,65,831,1,3,diagnostic_calibration,2,2,91613,125971,134043,0,0,134174,42561
rp2040_1,65,831,1,3,diagnostic_calibration,3,2,134176,168526,176589,0,0,176717,42541
rp2040_1,65,831,1,3,diagnostic_calibration,4,1,176718,211049,0,0,0,211095,34377
rp2040_1,65,831,1,3,diagnostic_calibration,5,1,211096,245405,0,0,0,245423,34327
rp2040_1,65,831,1,3,diagnostic_calibration,6,0,245423,279733,287795,295742,296427,296431,51008
rp2040_1,65,832,2,3,diagnostic_calibration,1,2,56981,91514,99598,0,0,99694,42713
rp2040_1,65,832,2,3,diagnostic_calibration,2,0,99699,134099,142166,150112,150798,150802,51103
rp2040_1,65,833,3,3,diagnostic_calibration,1,2,56993,91504,99586,0,0,99607,42614
rp2040_1,65,833,3,3,diagnostic_calibration,2,1,99612,133993,0,0,0,134014,34402
rp2040_1,65,833,3,3,diagnostic_calibration,3,1,134016,168340,0,0,0,168467,34451
rp2040_1,65,833,3,3,diagnostic_calibration,4,0,168468,202786,210848,218797,219483,219486,51018
rp2040_1,65,834,4,3,diagnostic_calibration,1,2,56974,91512,99596,0,0,99642,42668
rp2040_1,65,834,4,3,diagnostic_calibration,2,0,99647,134037,142102,150049,150734,150737,51090
rp2040_1,65,835,5,3,diagnostic_holdout,1,0,56987,91505,99588,107539,108225,108232,51245
rp2040_1,65,836,6,3,diagnostic_holdout,1,0,56972,91495,99578,107529,108215,108220,51248
rp2040_1,65,837,7,3,diagnostic_holdout,1,0,56989,91524,99606,107557,108244,108251,51262
rp2040_1,65,838,8,3,diagnostic_holdout,1,1,56982,91485,0,0,0,91522,34540
rp2040_1,65,838,8,3,diagnostic_holdout,2,1,91528,125878,0,0,0,125920,34392
rp2040_1,65,838,8,3,diagnostic_holdout,3,2,125922,160256,168327,0,0,168371,42449
rp2040_1,65,838,8,3,diagnostic_holdout,4,2,168373,202721,210785,0,0,210838,42465
rp2040_1,65,838,8,3,diagnostic_holdout,5,2,210839,245186,253248,0,0,253338,42499
rp2040_1,65,838,8,3,diagnostic_holdout,6,2,253338,287668,295729,0,0,295807,42469
rp2040_1,65,838,8,3,diagnostic_holdout,7,2,295808,330130,338191,0,0,338252,42444
rp2040_1,65,838,8,3,diagnostic_holdout,8,0,338253,372579,380640,388587,389272,389275,51022
rp2040_1,65,839,9,3,diagnostic_holdout,1,1,56970,91504,0,0,0,91548,34578
rp2040_1,65,839,9,3,diagnostic_holdout,2,1,91553,125928,0,0,0,126039,34486
rp2040_1,65,839,9,3,diagnostic_holdout,3,1,126041,160372,0,0,0,160457,34416
rp2040_1,65,839,9,3,diagnostic_holdout,4,2,160457,194771,202842,0,0,202866,42409
rp2040_1,65,839,9,3,diagnostic_holdout,5,1,202867,237207,0,0,0,237228,34361
rp2040_1,65,839,9,3,diagnostic_holdout,6,1,237228,271542,0,0,0,271594,34366
rp2040_1,65,839,9,3,diagnostic_holdout,7,1,271594,305901,0,0,0,306004,34410
rp2040_1,65,839,9,3,diagnostic_holdout,8,1,306005,340316,0,0,0,340411,34406
rp2040_1,65,839,9,3,diagnostic_holdout,9,1,340412,374725,0,0,0,374815,34403
rp2040_1,65,839,9,3,diagnostic_holdout,10,2,374815,409115,417178,0,0,417300,42485
rp2040_1,65,839,9,3,diagnostic_holdout,11,0,417301,451637,459699,467645,468330,468333,51032
rp2040_1,65,840,0,4,diagnostic_calibration,1,1,56965,91490,0,0,0,91619,34654
rp2040_1,65,840,0,4,diagnostic_calibration,2,1,91625,125980,0,0,0,126025,34400
rp2040_1,65,840,0,4,diagnostic_calibration,3,2,126026,160340,168410,0,0,168527,42501
rp2040_1,65,840,0,4,diagnostic_calibration,4,0,168528,202862,210925,218872,219558,219561,51033
rp2040_1,65,841,1,4,diagnostic_calibration,1,1,56978,91487,0,0,0,91568,34590
rp2040_1,65,841,1,4,diagnostic_calibration,2,1,91574,125941,0,0,0,125988,34414
rp2040_1,65,841,1,4,diagnostic_calibration,3,0,125991,160314,168384,176335,177021,177024,51033
rp2040_1,65,842,2,4,diagnostic_calibration,1,2,56998,91515,99598,0,0,99620,42622
rp2040_1,65,842,2,4,diagnostic_calibration,2,1,99625,134012,0,0,0,134105,34480
rp2040_1,65,842,2,4,diagnostic_calibration,3,0,134106,168433,176496,184443,185129,185132,51026
rp2040_1,65,843,3,4,diagnostic_calibration,1,2,56985,91503,99588,0,0,99660,42675
rp2040_1,65,843,3,4,diagnostic_calibration,2,1,99665,134065,0,0,0,134192,34527
rp2040_1,65,843,3,4,diagnostic_calibration,3,1,134195,168526,0,0,0,168545,34350
rp2040_1,65,843,3,4,diagnostic_calibration,4,1,168545,202855,0,0,0,202896,34351
rp2040_1,65,843,3,4,diagnostic_calibration,5,2,202897,237221,245284,0,0,245340,42443
rp2040_1,65,843,3,4,diagnostic_calibration,6,0,245341,279667,287728,295675,296361,296364,51023
rp2040_1,65,844,4,4,diagnostic_calibration,1,0,56964,91483,99566,107517,108202,108208,51244
rp2040_1,65,845,5,4,diagnostic_holdout,1,1,56977,91509,0,0,0,91572,34595
rp2040_1,65,845,5,4,diagnostic_holdout,2,2,91577,125950,134020,0,0,134069,42492
rp2040_1,65,845,5,4,diagnostic_holdout,3,0,134071,168417,176481,184429,185114,185117,51046
rp2040_1,65,846,6,4,diagnostic_holdout,1,0,56972,91492,99576,107526,108213,108220,51248
rp2040_1,65,847,7,4,diagnostic_holdout,1,2,56982,91497,99580,0,0,99730,42748
rp2040_1,65,847,7,4,diagnostic_holdout,2,1,99736,134113,0,0,0,134121,34385
rp2040_1,65,847,7,4,diagnostic_holdout,3,1,134122,168446,0,0,0,168468,34346
rp2040_1,65,847,7,4,diagnostic_holdout,4,1,168468,202777,0,0,0,202785,34317
rp2040_1,65,847,7,4,diagnostic_holdout,5,2,202786,237104,245167,0,0,245171,42385
rp2040_1,65,847,7,4,diagnostic_holdout,6,1,245171,279514,0,0,0,279545,34374
rp2040_1,65,847,7,4,diagnostic_holdout,7,0,279546,313860,321921,329867,330554,330557,51011
rp2040_1,65,848,8,4,diagnostic_holdout,1,1,56963,91507,0,0,0,91617,34654
rp2040_1,65,848,8,4,diagnostic_holdout,2,2,91622,125991,134065,0,0,134158,42536
rp2040_1,65,848,8,4,diagnostic_holdout,3,1,134162,168504,0,0,0,168528,34366
rp2040_1,65,848,8,4,diagnostic_holdout,4,1,168529,202856,0,0,0,202923,34394
rp2040_1,65,848,8,4,diagnostic_holdout,5,1,202924,237241,0,0,0,237354,34430
rp2040_1,65,848,8,4,diagnostic_holdout,6,0,237355,271676,279739,287686,288371,288374,51019
rp2040_1,65,849,9,4,diagnostic_holdout,1,2,56984,91512,99595,0,0,99656,42672
rp2040_1,65,849,9,4,diagnostic_holdout,2,0,99661,134041,142108,150055,150741,150746,51085
rp2040_1,65,850,0,0,diagnostic_calibration,1,2,56992,91504,99588,0,0,99613,42621
rp2040_1,65,850,0,0,diagnostic_calibration,2,2,99618,133997,142067,0,0,142097,42479
rp2040_1,65,850,0,0,diagnostic_calibration,3,2,142098,176438,184501,0,0,184579,42481
rp2040_1,65,850,0,0,diagnostic_calibration,4,2,184579,218912,226975,0,0,227094,42515
rp2040_1,65,850,0,0,diagnostic_calibration,5,1,227094,261425,0,0,0,261452,34358
rp2040_1,65,850,0,0,diagnostic_calibration,6,1,261453,295759,0,0,0,295770,34317
rp2040_1,65,850,0,0,diagnostic_calibration,7,2,295770,330082,338143,0,0,338187,42417
rp2040_1,65,850,0,0,diagnostic_calibration,8,2,338188,372525,380586,0,0,380607,42419
rp2040_1,65,850,0,0,diagnostic_calibration,9,2,380607,414931,422992,0,0,423034,42427
rp2040_1,65,850,0,0,diagnostic_calibration,10,2,423034,457366,465427,0,0,465449,42415
rp2040_1,65,850,0,0,diagnostic_calibration,11,1,465450,499779,0,0,0,499844,34394
rp2040_1,65,850,0,0,diagnostic_calibration,12,1,499845,534165,0,0,0,534187,34342
rp2040_1,65,850,0,0,diagnostic_calibration,13,1,534188,568504,0,0,0,568572,34384
rp2040_1,65,850,0,0,diagnostic_calibration,14,2,568572,602885,610946,0,0,611063,42491
rp2040_1,65,850,0,0,diagnostic_calibration,15,1,611064,645398,0,0,0,645413,34349
rp2040_1,65,850,0,0,diagnostic_calibration,16,2,645414,679732,687792,0,0,687849,42435
rp2040_1,65,850,0,0,diagnostic_calibration,17,0,687849,722170,730231,738177,738863,738866,51017
rp2040_1,65,851,1,0,diagnostic_calibration,1,2,56988,91516,99600,0,0,99689,42701
rp2040_1,65,851,1,0,diagnostic_calibration,2,1,99693,134101,0,0,0,134112,34419
rp2040_1,65,851,1,0,diagnostic_calibration,3,1,134115,168439,0,0,0,168484,34369
rp2040_1,65,851,1,0,diagnostic_calibration,4,2,168486,202799,210864,0,0,210918,42432
rp2040_1,65,851,1,0,diagnostic_calibration,5,1,210919,245264,0,0,0,245276,34357
rp2040_1,65,851,1,0,diagnostic_calibration,6,2,245277,279583,287645,0,0,287697,42420
rp2040_1,65,851,1,0,diagnostic_calibration,7,0,287697,322027,330088,338034,338720,338722,51025
rp2040_1,65,852,2,0,diagnostic_calibration,1,1,56978,91492,0,0,0,91600,34622
rp2040_1,65,852,2,0,diagnostic_calibration,2,2,91605,125968,134043,0,0,134060,42455
rp2040_1,65,852,2,0,diagnostic_calibration,3,2,134062,168413,176479,0,0,176490,42428
rp2040_1,65,852,2,0,diagnostic_calibration,4,2,176491,210827,218888,0,0,218911,42420
rp2040_1,65,852,2,0,diagnostic_calibration,5,1,218912,253234,0,0,0,253259,34347
rp2040_1,65,852,2,0,diagnostic_calibration,6,2,253259,287562,295623,0,0,295637,42378
rp2040_1,65,852,2,0,diagnostic_calibration,7,1,295638,329963,0,0,0,330052,34414
rp2040_1,65,852,2,0,diagnostic_calibration,8,2,330053,364358,372419,0,0,372459,42406
rp2040_1,65,852,2,0,diagnostic_calibration,9,2,372459,406790,414851,0,0,414918,42459
rp2040_1,65,852,2,0,diagnostic_calibration,10,2,414919,449257,457318,0,0,457431,42512
rp2040_1,65,852,2,0,diagnostic_calibration,11,1,457431,491752,0,0,0,491857,34426
rp2040_1,65,852,2,0,diagnostic_calibration,12,1,491858,526164,0,0,0,526183,34325
rp2040_1,65,852,2,0,diagnostic_calibration,13,1,526184,560495,0,0,0,560552,34368
rp2040_1,65,852,2,0,diagnostic_calibration,14,1,560553,594863,0,0,0,594928,34375
rp2040_1,65,852,2,0,diagnostic_calibration,15,1,594929,629228,0,0,0,629281,34352
rp2040_1,65,852,2,0,diagnostic_calibration,16,2,629282,663592,671653,0,0,671746,42464
rp2040_1,65,852,2,0,diagnostic_calibration,17,2,671747,706092,714153,0,0,714172,42425
rp2040_1,65,852,2,0,diagnostic_calibration,18,2,714172,748493,756554,0,0,756607,42435
rp2040_1,65,852,2,0,diagnostic_calibration,19,1,756608,790938,0,0,0,790963,34355
rp2040_1,65,852,2,0,diagnostic_calibration,20,1,790964,825276,0,0,0,825312,34348
rp2040_1,65,852,2,0,diagnostic_calibration,21,0,825313,859625,867686,875632,876319,876322,51009
rp2040_1,65,853,3,0,diagnostic_calibration,1,2,56990,91517,99601,0,0,99620,42630
rp2040_1,65,853,3,0,diagnostic_calibration,2,1,99625,134001,0,0,0,134073,34448
rp2040_1,65,853,3,0,diagnostic_calibration,3,2,134076,168401,176464,0,0,176492,42416
rp2040_1,65,853,3,0,diagnostic_calibration,4,2,176493,210827,218888,0,0,218925,42432
rp2040_1,65,853,3,0,diagnostic_calibration,5,0,218925,253264,261325,269271,269958,269961,51036
rp2040_1,65,854,4,0,diagnostic_calibration,1,0,56951,91469,99552,107503,108189,108196,51245
rp2040_1,65,855,5,0,diagnostic_holdout,1,0,56971,91484,99566,107517,108202,108208,51237
rp2040_1,65,856,6,0,diagnostic_holdout,1,1,56984,91519,0,0,0,91624,34640
rp2040_1,65,856,6,0,diagnostic_holdout,2,0,91630,126000,134073,142023,142710,142713,51083
rp2040_1,65,857,7,0,diagnostic_holdout,1,1,56981,91512,0,0,0,91623,34642
rp2040_1,65,857,7,0,diagnostic_holdout,2,0,91628,125992,134065,142016,142703,142707,51079
rp2040_1,65,858,8,0,diagnostic_holdout,1,0,56965,91486,99570,107520,108207,108213,51248
rp2040_1,65,859,9,0,diagnostic_holdout,1,1,56991,91513,0,0,0,91652,34661
rp2040_1,65,859,9,0,diagnostic_holdout,2,1,91656,126032,0,0,0,126160,34504
rp2040_1,65,859,9,0,diagnostic_holdout,3,2,126162,160484,168555,0,0,168604,42442
rp2040_1,65,859,9,0,diagnostic_holdout,4,2,168605,202941,211004,0,0,211100,42495
rp2040_1,65,859,9,0,diagnostic_holdout,5,2,211100,245423,253485,0,0,253596,42496
rp2040_1,65,859,9,0,diagnostic_holdout,6,1,253596,287930,0,0,0,288024,34428
rp2040_1,65,859,9,0,diagnostic_holdout,7,1,288025,322335,0,0,0,322386,34361
rp2040_1,65,859,9,0,diagnostic_holdout,8,2,322387,356696,364757,0,0,364763,42376
rp2040_1,65,859,9,0,diagnostic_holdout,9,2,364764,399095,407156,0,0,407176,42412
rp2040_1,65,859,9,0,diagnostic_holdout,10,0,407177,441515,449576,457523,458210,458213,51036
rp2040_1,65,860,0,1,diagnostic_calibration,1,1,56968,91484,0,0,0,91518,34550
rp2040_1,65,860,0,1,diagnostic_calibration,2,0,91523,125882,133959,141909,142595,142598,51075
rp2040_1,65,861,1,1,diagnostic_calibration,1,2,56997,91520,99604,0,0,99749,42752
rp2040_1,65,861,1,1,diagnostic_calibration,2,2,99754,134154,142218,0,0,142330,42576
rp2040_1,65,861,1,1,diagnostic_calibration,3,1,142331,176679,0,0,0,176775,34444
rp2040_1,65,861,1,1,diagnostic_calibration,4,1,176776,211087,0,0,0,211202,34426
rp2040_1,65,861,1,1,diagnostic_calibration,5,2,211202,245513,253575,0,0,253640,42438
rp2040_1,65,861,1,1,diagnostic_calibration,6,2,253641,287967,296028,0,0,296061,42420
rp2040_1,65,861,1,1,diagnostic_calibration,7,1,296061,330389,0,0,0,330496,34435
rp2040_1,65,861,1,1,diagnostic_calibration,8,2,330497,364807,372868,0,0,372936,42439
rp2040_1,65,861,1,1,diagnostic_calibration,9,1,372937,407262,0,0,0,407287,34350
rp2040_1,65,861,1,1,diagnostic_calibration,10,1,407288,441592,0,0,0,441620,34332
rp2040_1,65,861,1,1,diagnostic_calibration,11,1,441621,475925,0,0,0,475992,34371
rp2040_1,65,861,1,1,diagnostic_calibration,12,0,475992,510306,518367,526313,526999,527002,51010
rp2040_1,65,862,2,1,diagnostic_calibration,1,2,56992,91507,99590,0,0,99728,42736
rp2040_1,65,862,2,1,diagnostic_calibration,2,0,99733,134107,142173,150120,150806,150810,51077
rp2040_1,65,863,3,1,diagnostic_calibration,1,2,56985,91510,99593,0,0,99625,42640
rp2040_1,65,863,3,1,diagnostic_calibration,2,1,99630,134020,0,0,0,134134,34504
rp2040_1,65,863,3,1,diagnostic_calibration,3,0,134136,168467,176531,184478,185165,185169,51033
rp2040_1,65,864,4,1,diagnostic_calibration,1,1,56973,91507,0,0,0,91631,34658
rp2040_1,65,864,4,1,diagnostic_calibration,2,0,91637,125998,134070,142021,142707,142710,51073
rp2040_1,65,865,5,1,diagnostic_holdout,1,2,56977,91502,99585,0,0,99667,42690
rp2040_1,65,865,5,1,diagnostic_holdout,2,1,99672,134056,0,0,0,134095,34423
rp2040_1,65,865,5,1,diagnostic_holdout,3,1,134097,168421,0,0,0,168437,34340
rp2040_1,65,865,5,1,diagnostic_holdout,4,0,168437,202755,210817,218763,219450,219453,51016
rp2040_1,65,866,6,1,diagnostic_holdout,1,1,56982,91513,0,0,0,91533,34551
rp2040_1,65,866,6,1,diagnostic_holdout,2,2,91539,125899,133974,0,0,134014,42475
rp2040_1,65,866,6,1,diagnostic_holdout,3,1,134016,168362,0,0,0,168466,34450
rp2040_1,65,866,6,1,diagnostic_holdout,4,1,168468,202784,0,0,0,202884,34416
rp2040_1,65,866,6,1,diagnostic_holdout,5,1,202885,237190,0,0,0,237214,34329
rp2040_1,65,866,6,1,diagnostic_holdout,6,2,237214,271527,279589,0,0,279671,42457
rp2040_1,65,866,6,1,diagnostic_holdout,7,0,279671,314002,322063,330010,330694,330697,51026
rp2040_1,65,867,7,1,diagnostic_holdout,1,1,56972,91493,0,0,0,91568,34596
rp2040_1,65,867,7,1,diagnostic_holdout,2,0,91574,125918,133992,141943,142629,142633,51059
rp2040_1,65,868,8,1,diagnostic_holdout,1,1,56973,91491,0,0,0,91512,34539
rp2040_1,65,868,8,1,diagnostic_holdout,2,1,91519,125857,0,0,0,125902,34383
rp2040_1,65,868,8,1,diagnostic_holdout,3,1,125904,160217,0,0,0,160287,34383
rp2040_1,65,868,8,1,diagnostic_holdout,4,0,160287,194598,202668,210619,211305,211308,51021
rp2040_1,65,869,9,1,diagnostic_holdout,1,1,56972,91502,0,0,0,91631,34659
rp2040_1,65,869,9,1,diagnostic_holdout,2,2,91635,126008,134082,0,0,134107,42472
rp2040_1,65,869,9,1,diagnostic_holdout,3,0,134108,168458,176521,184468,185155,185159,51051
rp2040_1,65,870,0,2,diagnostic_calibration,1,1,56974,91493,0,0,0,91631,34657
rp2040_1,65,870,0,2,diagnostic_calibration,2,1,91636,126002,0,0,0,126091,34455
rp2040_1,65,870,0,2,diagnostic_calibration,3,2,126093,160412,168483,0,0,168491,42398
rp2040_1,65,870,0,2,diagnostic_calibration,4,1,168493,202836,0,0,0,202908,34415
rp2040_1,65,870,0,2,diagnostic_calibration,5,2,202908,237218,245280,0,0,245300,42392
rp2040_1,65,870,0,2,diagnostic_calibration,6,2,245301,279626,287687,0,0,287695,42394
rp2040_1,65,870,0,2,diagnostic_calibration,7,1,287696,322023,0,0,0,322132,34436
rp2040_1,65,870,0,2,diagnostic_calibration,8,2,322132,356442,364503,0,0,364569,42437
rp2040_1,65,870,0,2,diagnostic_calibration,9,2,364569,398896,406957,0,0,406998,42429
rp2040_1,65,870,0,2,diagnostic_calibration,10,2,406998,441333,449394,0,0,449431,42433
rp2040_1,65,870,0,2,diagnostic_calibration,11,2,449432,483767,491828,0,0,491861,42429
rp2040_1,65,870,0,2,diagnostic_calibration,12,2,491862,526194,534255,0,0,534286,42424
rp2040_1,65,870,0,2,diagnostic_calibration,13,1,534286,568621,0,0,0,568685,34399
rp2040_1,65,870,0,2,diagnostic_calibration,14,2,568685,602993,611054,0,0,611166,42481
rp2040_1,65,870,0,2,diagnostic_calibration,15,2,611167,645496,653557,0,0,653587,42420
rp2040_1,65,870,0,2,diagnostic_calibration,16,2,653587,687926,695987,0,0,696026,42439
rp2040_1,65,870,0,2,diagnostic_calibration,17,2,696027,730357,738418,0,0,738498,42471
rp2040_1,65,870,0,2,diagnostic_calibration,18,2,738498,772827,780888,0,0,780970,42472
rp2040_1,65,870,0,2,diagnostic_calibration,19,2,780971,815301,823362,0,0,823437,42466
rp2040_1,65,870,0,2,diagnostic_calibration,20,1,823438,857769,0,0,0,857875,34437
rp2040_1,65,870,0,2,diagnostic_calibration,21,1,857876,892186,0,0,0,892192,34316
rp2040_1,65,870,0,2,diagnostic_calibration,22,2,892192,926496,934556,0,0,934572,42380
rp2040_1,65,870,0,2,diagnostic_calibration,23,0,934573,968906,976967,984914,985600,985603,51030
rp2040_1,65,871,1,2,diagnostic_calibration,1,0,56975,91489,99573,107523,108210,108216,51241
rp2040_1,65,872,2,2,diagnostic_calibration,1,1,56944,91464,0,0,0,91525,34581
rp2040_1,65,872,2,2,diagnostic_calibration,2,1,91529,125880,0,0,0,125952,34423
rp2040_1,65,872,2,2,diagnostic_calibration,3,2,125954,160270,168342,0,0,168397,42443
rp2040_1,65,872,2,2,diagnostic_calibration,4,2,168399,202743,210806,0,0,210918,42519
rp2040_1,65,872,2,2,diagnostic_calibration,5,0,210919,245248,253310,261257,261943,261946,51027
rp2040_1,65,873,3,2,diagnostic_calibration,1,2,56988,91518,99601,0,0,99716,42728
rp2040_1,65,873,3,2,diagnostic_calibration,2,1,99722,134115,0,0,0,134128,34406
rp2040_1,65,873,3,2,diagnostic_calibration,3,2,134129,168453,176516,0,0,176524,42395
rp2040_1,65,873,3,2,diagnostic_calibration,4,2,176525,210848,218909,0,0,218971,42446
rp2040_1,65,873,3,2,diagnostic_calibration,5,0,218972,253299,261360,269307,269992,269995,51023
rp2040_1,65,874,4,2,diagnostic_calibration,1,2,56958,91469,99553,0,0,99579,42621
rp2040_1,65,874,4,2,diagnostic_calibration,2,1,99585,133953,0,0,0,134069,34484
rp2040_1,65,874,4,2,diagnostic_calibration,3,2,134071,168379,176441,0,0,176474,42403
rp2040_1,65,874,4,2,diagnostic_calibration,4,2,176475,210803,218864,0,0,218883,42408
rp2040_1,65,874,4,2,diagnostic_calibration,5,2,218883,253206,261267,0,0,261362,42479
rp2040_1,65,874,4,2,diagnostic_calibration,6,0,261363,295688,303748,311695,312381,312384,51021
rp2040_1,65,875,5,2,diagnostic_holdout,1,0,56968,91491,99574,107525,108211,108217,51249
rp2040_1,65,876,6,2,diagnostic_holdout,1,2,56966,91499,99583,0,0,99683,42717
rp2040_1,65,876,6,2,diagnostic_holdout,2,2,99688,134071,142138,0,0,142266,42578
rp2040_1,65,876,6,2,diagnostic_holdout,3,2,142267,176625,184688,0,0,184698,42431
rp2040_1,65,876,6,2,diagnostic_holdout,4,1,184699,219030,0,0,0,219112,34413
rp2040_1,65,876,6,2,diagnostic_holdout,5,2,219113,253427,261489,0,0,261541,42428
rp2040_1,65,876,6,2,diagnostic_holdout,6,1,261542,295874,0,0,0,295951,34409
rp2040_1,65,876,6,2,diagnostic_holdout,7,2,295951,330255,338316,0,0,338420,42469
rp2040_1,65,876,6,2,diagnostic_holdout,8,2,338421,372744,380805,0,0,380919,42498
rp2040_1,65,876,6,2,diagnostic_holdout,9,1,380920,415244,0,0,0,415363,34443
rp2040_1,65,876,6,2,diagnostic_holdout,10,1,415364,449667,0,0,0,449766,34402
rp2040_1,65,876,6,2,diagnostic_holdout,11,1,449766,484072,0,0,0,484127,34361
rp2040_1,65,876,6,2,diagnostic_holdout,12,2,484128,518430,526491,0,0,526609,42481
rp2040_1,65,876,6,2,diagnostic_holdout,13,0,526610,560927,568988,576935,577621,577624,51014
rp2040_1,65,877,7,2,diagnostic_holdout,1,1,57000,91528,0,0,0,91644,34644
rp2040_1,65,877,7,2,diagnostic_holdout,2,1,91649,126007,0,0,0,126017,34368
rp2040_1,65,877,7,2,diagnostic_holdout,3,2,126018,160340,168411,0,0,168486,42468
rp2040_1,65,877,7,2,diagnostic_holdout,4,2,168487,202816,210880,0,0,210906,42419
rp2040_1,65,877,7,2,diagnostic_holdout,5,1,210907,245240,0,0,0,245319,34412
rp2040_1,65,877,7,2,diagnostic_holdout,6,1,245319,279629,0,0,0,279711,34392
rp2040_1,65,877,7,2,diagnostic_holdout,7,2,279711,314021,322083,0,0,322093,42382
rp2040_1,65,877,7,2,diagnostic_holdout,8,2,322094,356417,364478,0,0,364485,42391
rp2040_1,65,877,7,2,diagnostic_holdout,9,1,364486,398812,0,0,0,398888,34402
rp2040_1,65,877,7,2,diagnostic_holdout,10,0,398889,433207,441267,449214,449899,449903,51014
rp2040_1,65,878,8,2,diagnostic_holdout,1,2,56960,91488,99571,0,0,99722,42762
rp2040_1,65,878,8,2,diagnostic_holdout,2,1,99727,134119,0,0,0,134155,34428
rp2040_1,65,878,8,2,diagnostic_holdout,3,1,134156,168487,0,0,0,168570,34414
rp2040_1,65,878,8,2,diagnostic_holdout,4,2,168571,202892,210954,0,0,211096,42525
rp2040_1,65,878,8,2,diagnostic_holdout,5,2,211096,245425,253486,0,0,253499,42403
rp2040_1,65,878,8,2,diagnostic_holdout,6,1,253499,287826,0,0,0,287929,34430
rp2040_1,65,878,8,2,diagnostic_holdout,7,2,287929,322235,330296,0,0,330322,42393
rp2040_1,65,878,8,2,diagnostic_holdout,8,2,330323,364639,372700,0,0,372834,42511
rp2040_1,65,878,8,2,diagnostic_holdout,9,2,372835,407160,415221,0,0,415329,42494
rp2040_1,65,878,8,2,diagnostic_holdout,10,2,415329,449652,457713,0,0,457803,42474
rp2040_1,65,878,8,2,diagnostic_holdout,11,2,457804,492132,500193,0,0,500282,42478
rp2040_1,65,878,8,2,diagnostic_holdout,12,0,500283,534619,542680,550626,551313,551316,51033
rp2040_1,65,879,9,2,diagnostic_holdout,1,0,56987,91506,99591,107541,108228,108234,51247
rp2040_1,65,880,0,3,diagnostic_calibration,1,0,57012,91527,99610,107561,108247,108253,51241
rp2040_1,65,881,1,3,diagnostic_calibration,1,0,56967,91480,99563,107514,108201,108207,51240
rp2040_1,65,882,2,3,diagnostic_calibration,1,1,56955,91483,0,0,0,91550,34595
rp2040_1,65,882,2,3,diagnostic_calibration,2,1,91556,125903,0,0,0,125928,34372
rp2040_1,65,882,2,3,diagnostic_calibration,3,1,125932,160246,0,0,0,160260,34328
rp2040_1,65,882,2,3,diagnostic_calibration,4,1,160261,194570,0,0,0,194646,34385
rp2040_1,65,882,2,3,diagnostic_calibration,5,1,194647,228959,0,0,0,229001,34354
rp2040_1,65,882,2,3,diagnostic_calibration,6,1,229002,263307,0,0,0,263376,34374
rp2040_1,65,882,2,3,diagnostic_calibration,7,0,263377,297689,305759,313710,314395,314398,51021
rp2040_1,65,883,3,3,diagnostic_calibration,1,0,56997,91526,99609,107559,108245,108251,51254
rp2040_1,65,884,4,3,diagnostic_calibration,1,0,56966,91483,99566,107517,108204,108210,51244
rp2040_1,65,885,5,3,diagnostic_holdout,1,0,56975,91504,99588,107539,108224,108231,51256
rp2040_1,65,886,6,3,diagnostic_holdout,1,2,56982,91506,99589,0,0,99699,42717
rp2040_1,65,886,6,3,diagnostic_holdout,2,0,99704,134076,142141,150087,150774,150778,51074
rp2040_1,65,887,7,3,diagnostic_holdout,1,0,56974,91500,99582,107533,108220,108226,51252
rp2040_1,65,888,8,3,diagnostic_holdout,1,0,56937,91461,99545,107496,108181,108187,51250
rp2040_1,65,889,9,3,diagnostic_holdout,1,0,56998,91517,99600,107551,108237,108243,51245
rp2040_1,65,890,0,4,diagnostic_calibration,1,0,56975,91496,99581,107532,108218,108224,51249
rp2040_1,65,891,1,4,diagnostic_calibration,1,1,56957,91485,0,0,0,91553,34596
rp2040_1,65,891,1,4,diagnostic_calibration,2,2,91558,125927,134001,0,0,134024,42466
rp2040_1,65,891,1,4,diagnostic_calibration,3,1,134025,168383,0,0,0,168477,34452
rp2040_1,65,891,1,4,diagnostic_calibration,4,2,168478,202793,210856,0,0,210943,42465
rp2040_1,65,891,1,4,diagnostic_calibration,5,1,210944,245274,0,0,0,245322,34378
rp2040_1,65,891,1,4,diagnostic_calibration,6,1,245323,279636,0,0,0,279761,34438
rp2040_1,65,891,1,4,diagnostic_calibration,7,1,279762,314071,0,0,0,314118,34356
rp2040_1,65,891,1,4,diagnostic_calibration,8,1,314119,348430,0,0,0,348512,34393
rp2040_1,65,891,1,4,diagnostic_calibration,9,0,348512,382820,390882,398828,399515,399519,51007
rp2040_1,65,892,2,4,diagnostic_calibration,1,0,56987,91512,99596,107546,108233,108239,51252
rp2040_1,65,893,3,4,diagnostic_calibration,1,2,56992,91520,99603,0,0,99712,42720
rp2040_1,65,893,3,4,diagnostic_calibration,2,2,99717,134107,142174,0,0,142287,42570
rp2040_1,65,893,3,4,diagnostic_calibration,3,1,142288,176629,0,0,0,176655,34367
rp2040_1,65,893,3,4,diagnostic_calibration,4,1,176656,210964,0,0,0,211060,34404
rp2040_1,65,893,3,4,diagnostic_calibration,5,2,211061,245373,253434,0,0,253505,42444
rp2040_1,65,893,3,4,diagnostic_calibration,6,2,253505,287826,295887,0,0,295925,42420
rp2040_1,65,893,3,4,diagnostic_calibration,7,1,295926,330260,0,0,0,330363,34437
rp2040_1,65,893,3,4,diagnostic_calibration,8,2,330364,364672,372733,0,0,372845,42481
rp2040_1,65,893,3,4,diagnostic_calibration,9,2,372846,407164,415225,0,0,415269,42423
rp2040_1,65,893,3,4,diagnostic_calibration,10,0,415270,449602,457663,465610,466296,466299,51029
rp2040_1,65,894,4,4,diagnostic_calibration,1,0,56982,91493,99577,107527,108214,108220,51238
rp2040_1,65,895,5,4,diagnostic_holdout,1,1,56963,91488,0,0,0,91521,34558
rp2040_1,65,895,5,4,diagnostic_holdout,2,0,91525,125878,133951,141902,142588,142591,51066
rp2040_1,65,896,6,4,diagnostic_holdout,1,1,56967,91480,0,0,0,91590,34623
rp2040_1,65,896,6,4,diagnostic_holdout,2,2,91595,125958,134032,0,0,134089,42494
rp2040_1,65,896,6,4,diagnostic_holdout,3,2,134090,168435,176499,0,0,176514,42424
rp2040_1,65,896,6,4,diagnostic_holdout,4,1,176515,210848,0,0,0,210945,34430
rp2040_1,65,896,6,4,diagnostic_holdout,5,0,210946,245261,253324,261271,261958,261961,51015
rp2040_1,65,897,7,4,diagnostic_holdout,1,2,56981,91497,99582,0,0,99644,42663
rp2040_1,65,897,7,4,diagnostic_holdout,2,1,99649,134015,0,0,0,134051,34402
rp2040_1,65,897,7,4,diagnostic_holdout,3,1,134052,168368,0,0,0,168454,34402
rp2040_1,65,897,7,4,diagnostic_holdout,4,1,168454,202763,0,0,0,202774,34320
rp2040_1,65,897,7,4,diagnostic_holdout,5,2,202775,237086,245148,0,0,245178,42403
rp2040_1,65,897,7,4,diagnostic_holdout,6,2,245179,279510,287571,0,0,287664,42485
rp2040_1,65,897,7,4,diagnostic_holdout,7,1,287664,321997,0,0,0,322078,34414
rp2040_1,65,897,7,4,diagnostic_holdout,8,1,322079,356390,0,0,0,356408,34329
rp2040_1,65,897,7,4,diagnostic_holdout,9,1,356409,390719,0,0,0,390808,34399
rp2040_1,65,897,7,4,diagnostic_holdout,10,1,390809,425128,0,0,0,425198,34389
rp2040_1,65,897,7,4,diagnostic_holdout,11,2,425198,459511,467572,0,0,467697,42499
rp2040_1,65,897,7,4,diagnostic_holdout,12,1,467698,502031,0,0,0,502047,34349
rp2040_1,65,897,7,4,diagnostic_holdout,13,2,502047,536355,544416,0,0,544473,42426
rp2040_1,65,897,7,4,diagnostic_holdout,14,1,544473,578806,0,0,0,578836,34363
rp2040_1,65,897,7,4,diagnostic_holdout,15,0,578837,613148,621209,629155,629841,629844,51007
rp2040_1,65,898,8,4,diagnostic_holdout,1,0,56966,91484,99567,107518,108205,108211,51245
rp2040_1,65,899,9,4,diagnostic_holdout,1,2,56994,91516,99600,0,0,99630,42636
rp2040_1,65,899,9,4,diagnostic_holdout,2,2,99635,134019,142087,0,0,142172,42537
rp2040_1,65,899,9,4,diagnostic_holdout,3,0,142175,176522,184586,192533,193219,193224,51049
rp2040_1,65,900,0,0,diagnostic_calibration,1,1,56975,91498,0,0,0,91584,34609
rp2040_1,65,900,0,0,diagnostic_calibration,2,2,91588,125945,134017,0,0,134041,42453
rp2040_1,65,900,0,0,diagnostic_calibration,3,0,134042,168388,176451,184399,185085,185088,51046
rp2040_1,65,901,1,0,diagnostic_calibration,1,2,56972,91505,99589,0,0,99648,42676
rp2040_1,65,901,1,0,diagnostic_calibration,2,2,99653,134045,142112,0,0,142185,42532
rp2040_1,65,901,1,0,diagnostic_calibration,3,2,142187,176526,184590,0,0,184663,42476
rp2040_1,65,901,1,0,diagnostic_calibration,4,2,184665,218994,227055,0,0,227111,42446
rp2040_1,65,901,1,0,diagnostic_calibration,5,2,227111,261443,269504,0,0,269549,42438
rp2040_1,65,901,1,0,diagnostic_calibration,6,2,269549,303884,311945,0,0,312014,42465
rp2040_1,65,901,1,0,diagnostic_calibration,7,1,312015,346359,0,0,0,346459,34444
rp2040_1,65,901,1,0,diagnostic_calibration,8,1,346460,380771,0,0,0,380804,34344
rp2040_1,65,901,1,0,diagnostic_calibration,9,0,380804,415108,423169,431115,431801,431803,50999
rp2040_1,65,902,2,0,diagnostic_calibration,1,2,56994,91517,99600,0,0,99655,42661
rp2040_1,65,902,2,0,diagnostic_calibration,2,1,99659,134043,0,0,0,134064,34405
rp2040_1,65,902,2,0,diagnostic_calibration,3,1,134065,168398,0,0,0,168425,34360
rp2040_1,65,902,2,0,diagnostic_calibration,4,0,168426,202741,210805,218751,219438,219441,51015
rp2040_1,65,903,3,0,diagnostic_calibration,1,2,56994,91505,99588,0,0,99672,42678
rp2040_1,65,903,3,0,diagnostic_calibration,2,2,99676,134057,142123,0,0,142221,42545
rp2040_1,65,903,3,0,diagnostic_calibration,3,2,142222,176572,184634,0,0,184704,42482
rp2040_1,65,903,3,0,diagnostic_calibration,4,0,184705,219032,227093,235039,235725,235728,51023
rp2040_1,65,904,4,0,diagnostic_calibration,1,1,56962,91470,0,0,0,91544,34582
rp2040_1,65,904,4,0,diagnostic_calibration,2,1,91549,125914,0,0,0,126008,34459
rp2040_1,65,904,4,0,diagnostic_calibration,3,0,126010,160330,168401,176351,177036,177039,51029
rp2040_1,65,905,5,0,diagnostic_holdout,1,1,56976,91494,0,0,0,91606,34630
rp2040_1,65,905,5,0,diagnostic_holdout,2,2,91611,125962,134035,0,0,134067,42456
rp2040_1,65,905,5,0,diagnostic_holdout,3,2,134069,168409,176474,0,0,176497,42428
rp2040_1,65,905,5,0,diagnostic_holdout,4,1,176498,210829,0,0,0,210906,34408
rp2040_1,65,905,5,0,diagnostic_holdout,5,1,210907,245209,0,0,0,245214,34307
rp2040_1,65,905,5,0,diagnostic_holdout,6,2,245214,279524,287586,0,0,287626,42412
rp2040_1,65,905,5,0,diagnostic_holdout,7,0,287626,321947,330008,337955,338640,338643,51017
rp2040_1,65,906,6,0,diagnostic_holdout,1,2,57011,91534,99617,0,0,99636,42625
rp2040_1,65,906,6,0,diagnostic_holdout,2,2,99641,134022,142088,0,0,142108,42467
rp2040_1,65,906,6,0,diagnostic_holdout,3,1,142110,176452,0,0,0,176562,34452
rp2040_1,65,906,6,0,diagnostic_holdout,4,2,176562,210885,218947,0,0,218988,42426
rp2040_1,65,906,6,0,diagnostic_holdout,5,1,218989,253315,0,0,0,253323,34334
rp2040_1,65,906,6,0,diagnostic_holdout,6,1,253323,287638,0,0,0,287744,34421
rp2040_1,65,906,6,0,diagnostic_holdout,7,1,287744,322045,0,0,0,322090,34346
rp2040_1,65,906,6,0,diagnostic_holdout,8,2,322091,356405,364466,0,0,364510,42419
rp2040_1,65,906,6,0,diagnostic_holdout,9,2,364511,398838,406899,0,0,406960,42449
rp2040_1,65,906,6,0,diagnostic_holdout,10,2,406961,441290,449351,0,0,449439,42478
rp2040_1,65,906,6,0,diagnostic_holdout,11,1,449440,483761,0,0,0,483881,34441
rp2040_1,65,906,6,0,diagnostic_holdout,12,2,483882,518202,526263,0,0,526366,42484
rp2040_1,65,906,6,0,diagnostic_holdout,13,1,526366,560698,0,0,0,560705,34339
rp2040_1,65,906,6,0,diagnostic_holdout,14,1,560705,595012,0,0,0,595112,34407
rp2040_1,65,906,6,0,diagnostic_holdout,15,1,595112,629437,0,0,0,629468,34356
rp2040_1,65,906,6,0,diagnostic_holdout,16,1,629469,663775,0,0,0,663890,34421
rp2040_1,65,906,6,0,diagnostic_holdout,17,0,663890,698197,706258,714204,714890,714893,51003
rp2040_1,65,907,7,0,diagnostic_holdout,1,0,56973,91504,99587,107538,108224,108230,51257
rp2040_1,65,908,8,0,diagnostic_holdout,1,2,56971,91504,99587,0,0,99723,42752
rp2040_1,65,908,8,0,diagnostic_holdout,2,0,99730,134114,142178,150124,150810,150813,51083
rp2040_1,65,909,9,0,diagnostic_holdout,1,2,56974,91490,99573,0,0,99654,42680
rp2040_1,65,909,9,0,diagnostic_holdout,2,1,99658,134033,0,0,0,134111,34453
rp2040_1,65,909,9,0,diagnostic_holdout,3,2,134112,168435,176499,0,0,176587,42475
rp2040_1,65,909,9,0,diagnostic_holdout,4,0,176587,210922,218983,226930,227616,227619,51032
rp2040_1,65,910,0,1,diagnostic_calibration,1,0,57001,91521,99604,107555,108242,108248,51247
rp2040_1,65,911,1,1,diagnostic_calibration,1,2,56958,91482,99566,0,0,99581,42623
rp2040_1,65,911,1,1,diagnostic_calibration,2,1,99587,133978,0,0,0,134060,34473
rp2040_1,65,911,1,1,diagnostic_calibration,3,2,134062,168384,176451,0,0,176495,42433
rp2040_1,65,911,1,1,diagnostic_calibration,4,0,176496,210843,218905,226851,227538,227541,51045
rp2040_1,65,912,2,1,diagnostic_calibration,1,0,56967,91513,99595,107546,108232,108238,51271
rp2040_1,65,913,3,1,diagnostic_calibration,1,2,56985,91515,99599,0,0,99743,42758
rp2040_1,65,913,3,1,diagnostic_calibration,2,2,99748,134141,142208,0,0,142259,42511
rp2040_1,65,913,3,1,diagnostic_calibration,3,0,142260,176610,184674,192620,193306,193309,51049
rp2040_1,65,914,4,1,diagnostic_calibration,1,1,56964,91485,0,0,0,91626,34662
rp2040_1,65,914,4,1,diagnostic_calibration,2,1,91631,125991,0,0,0,126075,34444
rp2040_1,65,914,4,1,diagnostic_calibration,3,2,126076,160414,168487,0,0,168555,42479
rp2040_1,65,914,4,1,diagnostic_calibration,4,0,168556,202891,210954,218900,219586,219589,51033
rp2040_1,65,915,5,1,diagnostic_holdout,1,0,56967,91480,99563,107514,108200,108206,51239
rp2040_1,65,916,6,1,diagnostic_holdout,1,2,56973,91486,99570,0,0,99620,42647
rp2040_1,65,916,6,1,diagnostic_holdout,2,2,99627,134017,142085,0,0,142111,42484
rp2040_1,65,916,6,1,diagnostic_holdout,3,1,142114,176457,0,0,0,176475,34361
rp2040_1,65,916,6,1,diagnostic_holdout,4,2,176477,210792,218854,0,0,218885,42408
rp2040_1,65,916,6,1,diagnostic_holdout,5,1,218887,253226,0,0,0,253260,34373
rp2040_1,65,916,6,1,diagnostic_holdout,6,0,253262,287571,295632,303578,304264,304267,51005
rp2040_1,65,917,7,1,diagnostic_holdout,1,2,57004,91517,99599,0,0,99746,42742
rp2040_1,65,917,7,1,diagnostic_holdout,2,0,99751,134118,142182,150129,150815,150818,51067
rp2040_1,65,918,8,1,diagnostic_holdout,1,2,56961,91488,99570,0,0,99627,42666
rp2040_1,65,918,8,1,diagnostic_holdout,2,1,99632,134019,0,0,0,134071,34439
rp2040_1,65,918,8,1,diagnostic_holdout,3,2,134073,168386,176448,0,0,176567,42494
rp2040_1,65,918,8,1,diagnostic_holdout,4,1,176569,210897,0,0,0,210921,34352
rp2040_1,65,918,8,1,diagnostic_holdout,5,2,210922,245235,253296,0,0,253377,42455
rp2040_1,65,918,8,1,diagnostic_holdout,6,1,253377,287710,0,0,0,287806,34429
rp2040_1,65,918,8,1,diagnostic_holdout,7,2,287807,322114,330175,0,0,330231,42424
rp2040_1,65,918,8,1,diagnostic_holdout,8,2,330232,364558,372619,0,0,372720,42488
rp2040_1,65,918,8,1,diagnostic_holdout,9,0,372720,407057,415118,423064,423750,423752,51032
rp2040_1,65,919,9,1,diagnostic_holdout,1,2,56974,91490,99573,0,0,99671,42697
rp2040_1,65,919,9,1,diagnostic_holdout,2,2,99678,134056,142122,0,0,142216,42538
rp2040_1,65,919,9,1,diagnostic_holdout,3,0,142219,176560,184621,192568,193254,193256,51037
rp2040_1,65,920,0,2,diagnostic_calibration,1,2,56972,91489,99573,0,0,99618,42646
rp2040_1,65,920,0,2,diagnostic_calibration,2,1,99624,134003,0,0,0,134011,34387
rp2040_1,65,920,0,2,diagnostic_calibration,3,2,134013,168331,176394,0,0,176503,42490
rp2040_1,65,920,0,2,diagnostic_calibration,4,2,176506,210852,218914,0,0,219013,42507
rp2040_1,65,920,0,2,diagnostic_calibration,5,2,219015,253339,261400,0,0,261407,42392
rp2040_1,65,920,0,2,diagnostic_calibration,6,1,261408,295736,0,0,0,295771,34363
rp2040_1,65,920,0,2,diagnostic_calibration,7,1,295771,330082,0,0,0,330106,34335
rp2040_1,65,920,0,2,diagnostic_calibration,8,2,330106,364410,372471,0,0,372526,42420
rp2040_1,65,920,0,2,diagnostic_calibration,9,2,372527,406866,414927,0,0,415002,42475
rp2040_1,65,920,0,2,diagnostic_calibration,10,1,415002,449331,0,0,0,449451,34449
rp2040_1,65,920,0,2,diagnostic_calibration,11,1,449451,483763,0,0,0,483779,34328
rp2040_1,65,920,0,2,diagnostic_calibration,12,0,483780,518090,526150,534097,534783,534786,51006
rp2040_1,65,921,1,2,diagnostic_calibration,1,1,56988,91524,0,0,0,91576,34588
rp2040_1,65,921,1,2,diagnostic_calibration,2,0,91581,125948,134021,141972,142658,142663,51082
rp2040_1,65,922,2,2,diagnostic_calibration,1,1,56999,91527,0,0,0,91651,34652
rp2040_1,65,922,2,2,diagnostic_calibration,2,2,91655,126011,134083,0,0,134225,42570
rp2040_1,65,922,2,2,diagnostic_calibration,3,2,134227,168568,176632,0,0,176770,42543
rp2040_1,65,922,2,2,diagnostic_calibration,4,1,176770,211109,0,0,0,211146,34376
rp2040_1,65,922,2,2,diagnostic_calibration,5,0,211147,245458,253519,261466,262151,262154,51007
rp2040_1,65,923,3,2,diagnostic_calibration,1,2,56990,91517,99600,0,0,99753,42763
rp2040_1,65,923,3,2,diagnostic_calibration,2,1,99758,134142,0,0,0,134205,34447
rp2040_1,65,923,3,2,diagnostic_calibration,3,0,134206,168528,176593,184540,185226,185228,51022
rp2040_1,65,924,4,2,diagnostic_calibration,1,1,56964,91482,0,0,0,91579,34615
rp2040_1,65,924,4,2,diagnostic_calibration,2,0,91583,125934,134007,141957,142643,142647,51064
rp2040_1,65,925,5,2,diagnostic_holdout,1,1,56990,91507,0,0,0,91648,34658
rp2040_1,65,925,5,2,diagnostic_holdout,2,0,91653,126029,134101,142051,142738,142741,51088
rp2040_1,65,926,6,2,diagnostic_holdout,1,2,56995,91513,99597,0,0,99738,42743
rp2040_1,65,926,6,2,diagnostic_holdout,2,2,99744,134131,142196,0,0,142229,42485
rp2040_1,65,926,6,2,diagnostic_holdout,3,2,142230,176576,184638,0,0,184720,42490
rp2040_1,65,926,6,2,diagnostic_holdout,4,1,184721,219051,0,0,0,219178,34457
rp2040_1,65,926,6,2,diagnostic_holdout,5,1,219178,253486,0,0,0,253511,34333
rp2040_1,65,926,6,2,diagnostic_holdout,6,1,253512,287822,0,0,0,287934,34422
rp2040_1,65,926,6,2,diagnostic_holdout,7,1,287934,322247,0,0,0,322306,34372
rp2040_1,65,926,6,2,diagnostic_holdout,8,2,322306,356616,364677,0,0,364750,42444
rp2040_1,65,926,6,2,diagnostic_holdout,9,1,364750,399073,0,0,0,399119,34369
rp2040_1,65,926,6,2,diagnostic_holdout,10,0,399120,433437,441498,449445,450131,450134,51014
rp2040_1,65,927,7,2,diagnostic_holdout,1,2,56990,91526,99610,0,0,99711,42721
rp2040_1,65,927,7,2,diagnostic_holdout,2,1,99716,134103,0,0,0,134118,34402
rp2040_1,65,927,7,2,diagnostic_holdout,3,0,134120,168446,176510,184456,185142,185145,51025
rp2040_1,65,928,8,2,diagnostic_holdout,1,2,56975,91499,99582,0,0,99735,42760
rp2040_1,65,928,8,2,diagnostic_holdout,2,2,99740,134121,142188,0,0,142271,42531
rp2040_1,65,928,8,2,diagnostic_holdout,3,2,142274,176619,184681,0,0,184744,42470
rp2040_1,65,928,8,2,diagnostic_holdout,4,0,184746,219083,227143,235090,235776,235779,51033
rp2040_1,65,929,9,2,diagnostic_holdout,1,1,57005,91523,0,0,0,91547,34542
rp2040_1,65,929,9,2,diagnostic_holdout,2,1,91552,125923,0,0,0,125986,34434
rp2040_1,65,929,9,2,diagnostic_holdout,3,1,125988,160311,0,0,0,160317,34329
rp2040_1,65,929,9,2,diagnostic_holdout,4,0,160318,194624,202696,210647,211331,211334,51016
rp2040_1,65,930,0,3,diagnostic_calibration,1,2,56966,91488,99572,0,0,99611,42645
rp2040_1,65,930,0,3,diagnostic_calibration,2,0,99616,134014,142079,150025,150712,150716,51100
rp2040_1,65,931,1,3,diagnostic_calibration,1,1,56979,91504,0,0,0,91606,34627
rp2040_1,65,931,1,3,diagnostic_calibration,2,2,91612,125985,134059,0,0,134144,42532
rp2040_1,65,931,1,3,diagnostic_calibration,3,2,134147,168513,176576,0,0,176642,42495
rp2040_1,65,931,1,3,diagnostic_calibration,4,2,176642,210973,219034,0,0,219184,42542
rp2040_1,65,931,1,3,diagnostic_calibration,5,1,219185,253509,0,0,0,253553,34368
rp2040_1,65,931,1,3,diagnostic_calibration,6,1,253554,287856,0,0,0,287879,34325
rp2040_1,65,931,1,3,diagnostic_calibration,7,1,287879,322189,0,0,0,322226,34347
rp2040_1,65,931,1,3,diagnostic_calibration,8,1,322227,356542,0,0,0,356551,34324
rp2040_1,65,931,1,3,diagnostic_calibration,9,0,356552,390864,398925,406871,407557,407560,51008
rp2040_1,65,932,2,3,diagnostic_calibration,1,1,56981,91507,0,0,0,91591,34610
rp2040_1,65,932,2,3,diagnostic_calibration,2,0,91597,125956,134027,141978,142665,142669,51072
rp2040_1,65,933,3,3,diagnostic_calibration,1,1,56989,91516,0,0,0,91543,34554
rp2040_1,65,933,3,3,diagnostic_calibration,2,2,91548,125911,133986,0,0,134083,42535
rp2040_1,65,933,3,3,diagnostic_calibration,3,2,134086,168431,176495,0,0,176606,42520
rp2040_1,65,933,3,3,diagnostic_calibration,4,1,176607,210935,0,0,0,210946,34339
rp2040_1,65,933,3,3,diagnostic_calibration,5,1,210947,245255,0,0,0,245260,34313
rp2040_1,65,933,3,3,diagnostic_calibration,6,0,245261,279581,287642,295588,296273,296276,51015
rp2040_1,65,934,4,3,diagnostic_calibration,1,1,56961,91490,0,0,0,91540,34579
rp2040_1,65,934,4,3,diagnostic_calibration,2,2,91545,125913,133986,0,0,134028,42483
rp2040_1,65,934,4,3,diagnostic_calibration,3,0,134029,168372,176435,184381,185067,185071,51042
rp2040_1,65,935,5,3,diagnostic_holdout,1,2,56991,91521,99606,0,0,99663,42672
rp2040_1,65,935,5,3,diagnostic_holdout,2,1,99669,134059,0,0,0,134080,34411
rp2040_1,65,935,5,3,diagnostic_holdout,3,2,134081,168399,176464,0,0,176545,42464
rp2040_1,65,935,5,3,diagnostic_holdout,4,0,176546,210874,218935,226882,227569,227572,51026
rp2040_1,65,936,6,3,diagnostic_holdout,1,1,56969,91498,0,0,0,91522,34553
rp2040_1,65,936,6,3,diagnostic_holdout,2,2,91527,125905,133980,0,0,134032,42505
rp2040_1,65,936,6,3,diagnostic_holdout,3,0,134035,168381,176445,184393,185078,185082,51047
rp2040_1,65,937,7,3,diagnostic_holdout,1,1,56968,91496,0,0,0,91580,34612
rp2040_1,65,937,7,3,diagnostic_holdout,2,2,91584,125953,134027,0,0,134119,42535
rp2040_1,65,937,7,3,diagnostic_holdout,3,1,134121,168473,0,0,0,168487,34366
rp2040_1,65,937,7,3,diagnostic_holdout,4,2,168488,202812,210873,0,0,210925,42437
rp2040_1,65,937,7,3,diagnostic_holdout,5,1,210925,245255,0,0,0,245340,34415
rp2040_1,65,937,7,3,diagnostic_holdout,6,2,245340,279659,287721,0,0,287741,42401
rp2040_1,65,937,7,3,diagnostic_holdout,7,2,287742,322081,330143,0,0,330223,42481
rp2040_1,65,937,7,3,diagnostic_holdout,8,1,330224,364555,0,0,0,364599,34375
rp2040_1,65,937,7,3,diagnostic_holdout,9,1,364600,398906,0,0,0,399031,34431
rp2040_1,65,937,7,3,diagnostic_holdout,10,2,399032,433343,441404,0,0,441520,42488
rp2040_1,65,937,7,3,diagnostic_holdout,11,0,441520,475843,483904,491850,492536,492539,51019
rp2040_1,65,938,8,3,diagnostic_holdout,1,1,56956,91468,0,0,0,91608,34652
rp2040_1,65,938,8,3,diagnostic_holdout,2,1,91614,125986,0,0,0,126078,34464
rp2040_1,65,938,8,3,diagnostic_holdout,3,1,126080,160398,0,0,0,160416,34336
rp2040_1,65,938,8,3,diagnostic_holdout,4,1,160416,194724,0,0,0,194743,34327
rp2040_1,65,938,8,3,diagnostic_holdout,5,2,194744,229060,237131,0,0,237202,42458
rp2040_1,65,938,8,3,diagnostic_holdout,6,0,237203,271546,279610,287557,288244,288247,51044
rp2040_1,65,939,9,3,diagnostic_holdout,1,0,56963,91495,99580,107531,108216,108222,51259
rp2040_1,65,940,0,4,diagnostic_calibration,1,1,56977,91499,0,0,0,91640,34663
rp2040_1,65,940,0,4,diagnostic_calibration,2,1,91646,126004,0,0,0,126130,34484
rp2040_1,65,940,0,4,diagnostic_calibration,3,1,126132,160452,0,0,0,160511,34379
rp2040_1,65,940,0,4,diagnostic_calibration,4,1,160512,194826,0,0,0,194894,34382
rp2040_1,65,940,0,4,diagnostic_calibration,5,1,194894,229209,0,0,0,229214,34320
rp2040_1,65,940,0,4,diagnostic_calibration,6,1,229215,263524,0,0,0,263646,34431
rp2040_1,65,940,0,4,diagnostic_calibration,7,1,263647,297956,0,0,0,298068,34421
rp2040_1,65,940,0,4,diagnostic_calibration,8,2,298069,332374,340445,0,0,340545,42476
rp2040_1,65,940,0,4,diagnostic_calibration,9,2,340546,374871,382933,0,0,382937,42391
rp2040_1,65,940,0,4,diagnostic_calibration,10,0,382937,417258,425319,433265,433952,433954,51017
rp2040_1,65,941,1,4,diagnostic_calibration,1,2,56975,91492,99576,0,0,99689,42714
rp2040_1,65,941,1,4,diagnostic_calibration,2,2,99695,134093,142159,0,0,142262,42567
rp2040_1,65,941,1,4,diagnostic_calibration,3,2,142264,176617,184680,0,0,184829,42565
rp2040_1,65,941,1,4,diagnostic_calibration,4,2,184830,219159,227220,0,0,227236,42406
rp2040_1,65,941,1,4,diagnostic_calibration,5,2,227237,261564,269625,0,0,269640,42403
rp2040_1,65,941,1,4,diagnostic_calibration,6,1,269640,303969,0,0,0,304061,34421
rp2040_1,65,941,1,4,diagnostic_calibration,7,2,304062,338371,346432,0,0,346566,42504
rp2040_1,65,941,1,4,diagnostic_calibration,8,1,346567,380898,0,0,0,380904,34337
rp2040_1,65,941,1,4,diagnostic_calibration,9,2,380905,415213,423274,0,0,423291,42386
rp2040_1,65,941,1,4,diagnostic_calibration,10,0,423291,457623,465684,473630,474316,474319,51028
rp2040_1,65,942,2,4,diagnostic_calibration,1,2,56994,91527,99610,0,0,99686,42692
rp2040_1,65,942,2,4,diagnostic_calibration,2,2,99691,134074,142141,0,0,142211,42520
rp2040_1,65,942,2,4,diagnostic_calibration,3,2,142212,176552,184614,0,0,184708,42496
rp2040_1,65,942,2,4,diagnostic_calibration,4,0,184709,219041,227102,235048,235735,235738,51029
rp2040_1,65,943,3,4,diagnostic_calibration,1,2,56990,91517,99601,0,0,99618,42628
rp2040_1,65,943,3,4,diagnostic_calibration,2,2,99623,134009,142073,0,0,142093,42470
rp2040_1,65,943,3,4,diagnostic_calibration,3,0,142093,176438,184500,192447,193132,193137,51044
rp2040_1,65,944,4,4,diagnostic_calibration,1,2,56977,91499,99581,0,0,99601,42624
rp2040_1,65,944,4,4,diagnostic_calibration,2,2,99606,133995,142063,0,0,142096,42490
rp2040_1,65,944,4,4,diagnostic_calibration,3,1,142098,176431,0,0,0,176520,34422
rp2040_1,65,944,4,4,diagnostic_calibration,4,2,176521,210835,218899,0,0,218980,42459
rp2040_1,65,944,4,4,diagnostic_calibration,5,2,218981,253311,261372,0,0,261428,42447
rp2040_1,65,944,4,4,diagnostic_calibration,6,0,261429,295764,303825,311771,312457,312460,51031
rp2040_1,65,945,5,4,diagnostic_holdout,1,2,56997,91526,99609,0,0,99649,42652
rp2040_1,65,945,5,4,diagnostic_holdout,2,2,99655,134039,142103,0,0,142251,42596
rp2040_1,65,945,5,4,diagnostic_holdout,3,2,142252,176584,184645,0,0,184679,42427
rp2040_1,65,945,5,4,diagnostic_holdout,4,2,184680,219010,227071,0,0,227135,42455
rp2040_1,65,945,5,4,diagnostic_holdout,5,1,227136,261474,0,0,0,261576,34440
rp2040_1,65,945,5,4,diagnostic_holdout,6,1,261576,295887,0,0,0,295983,34407
rp2040_1,65,945,5,4,diagnostic_holdout,7,1,295984,330301,0,0,0,330327,34343
rp2040_1,65,945,5,4,diagnostic_holdout,8,0,330328,364634,372695,380641,381326,381329,51001
rp2040_1,65,946,6,4,diagnostic_holdout,1,2,56976,91492,99575,0,0,99684,42708
rp2040_1,65,946,6,4,diagnostic_holdout,2,1,99689,134064,0,0,0,134129,34440
rp2040_1,65,946,6,4,diagnostic_holdout,3,0,134132,168453,176515,184462,185148,185150,51018
rp2040_1,65,947,7,4,diagnostic_holdout,1,0,56988,91508,99592,107543,108229,108235,51247
rp2040_1,65,948,8,4,diagnostic_holdout,1,0,56981,91510,99594,107545,108230,108236,51255
rp2040_1,65,949,9,4,diagnostic_holdout,1,2,56984,91510,99593,0,0,99717,42733
rp2040_1,65,949,9,4,diagnostic_holdout,2,1,99721,134101,0,0,0,134121,34400
rp2040_1,65,949,9,4,diagnostic_holdout,3,0,134122,168439,176503,184449,185135,185138,51016
rp2040_1,65,950,0,0,diagnostic_calibration,1,2,56990,91512,99595,0,0,99638,42648
rp2040_1,65,950,0,0,diagnostic_calibration,2,0,99643,134022,142089,150036,150722,150726,51083
rp2040_1,65,951,1,0,diagnostic_calibration,1,1,56980,91501,0,0,0,91554,34574
rp2040_1,65,951,1,0,diagnostic_calibration,2,0,91559,125925,133999,141950,142636,142639,51080
rp2040_1,65,952,2,0,diagnostic_calibration,1,0,56986,91515,99598,107549,108235,108241,51255
rp2040_1,65,953,3,0,diagnostic_calibration,1,2,56992,91502,99587,0,0,99706,42714
rp2040_1,65,953,3,0,diagnostic_calibration,2,1,99712,134100,0,0,0,134201,34489
rp2040_1,65,953,3,0,diagnostic_calibration,3,1,134203,168537,0,0,0,168633,34430
rp2040_1,65,953,3,0,diagnostic_calibration,4,0,168634,202952,211016,218962,219649,219652,51018
rp2040_1,65,954,4,0,diagnostic_calibration,1,0,56969,91500,99582,107533,108220,108226,51257
rp2040_1,65,955,5,0,diagnostic_holdout,1,0,56993,91519,99602,107553,108238,108244,51251
rp2040_1,65,956,6,0,diagnostic_holdout,1,1,56968,91494,0,0,0,91535,34567
rp2040_1,65,956,6,0,diagnostic_holdout,2,2,91541,125895,133968,0,0,134055,42514
rp2040_1,65,956,6,0,diagnostic_holdout,3,1,134059,168401,0,0,0,168511,34452
rp2040_1,65,956,6,0,diagnostic_holdout,4,0,168512,202829,210893,218839,219526,219529,51017
rp2040_1,65,957,7,0,diagnostic_holdout,1,0,56997,91517,99600,107551,108237,108243,51246
rp2040_1,65,958,8,0,diagnostic_holdout,1,2,56978,91500,99583,0,0,99618,42640
rp2040_1,65,958,8,0,diagnostic_holdout,2,2,99623,134013,142075,0,0,142210,42587
rp2040_1,65,958,8,0,diagnostic_holdout,3,1,142213,176552,0,0,0,176605,34392
rp2040_1,65,958,8,0,diagnostic_holdout,4,1,176605,210919,0,0,0,210938,34333
rp2040_1,65,958,8,0,diagnostic_holdout,5,2,210939,245254,253315,0,0,253338,42399
rp2040_1,65,958,8,0,diagnostic_holdout,6,2,253339,287673,295734,0,0,295782,42443
rp2040_1,65,958,8,0,diagnostic_holdout,7,2,295782,330114,338175,0,0,338187,42405
rp2040_1,65,958,8,0,diagnostic_holdout,8,1,338187,372519,0,0,0,372632,34445
rp2040_1,65,958,8,0,diagnostic_holdout,9,0,372633,406954,415015,422961,423647,423650,51017
rp2040_1,65,959,9,0,diagnostic_holdout,1,1,56975,91506,0,0,0,91633,34658
rp2040_1,65,959,9,0,diagnostic_holdout,2,0,91638,126016,134089,142040,142726,142731,51093
rp2040_1,65,960,0,1,diagnostic_calibration,1,1,56970,91492,0,0,0,91549,34579
rp2040_1,65,960,0,1,diagnostic_calibration,2,0,91553,125912,133985,141935,142622,142627,51074
rp2040_1,65,961,1,1,diagnostic_calibration,1,2,57007,91522,99606,0,0,99680,42673
rp2040_1,65,961,1,1,diagnostic_calibration,2,2,99685,134077,142145,0,0,142212,42527
rp2040_1,65,961,1,1,diagnostic_calibration,3,2,142215,176559,184621,0,0,184648,42433
rp2040_1,65,961,1,1,diagnostic_calibration,4,2,184649,218989,227050,0,0,227150,42501
rp2040_1,65,961,1,1,diagnostic_calibration,5,0,227150,261476,269537,277483,278169,278173,51023
rp2040_1,65,962,2,1,diagnostic_calibration,1,2,56982,91520,99605,0,0,99622,42640
rp2040_1,65,962,2,1,diagnostic_calibration,2,0,99627,134024,142092,150039,150726,150731,51104
rp2040_1,65,963,3,1,diagnostic_calibration,1,1,56992,91525,0,0,0,91567,34575
rp2040_1,65,963,3,1,diagnostic_calibration,2,2,91572,125948,134022,0,0,134052,42480
rp2040_1,65,963,3,1,diagnostic_calibration,3,2,134053,168397,176461,0,0,176473,42420
rp2040_1,65,963,3,1,diagnostic_calibration,4,2,176473,210809,218871,0,0,218913,42440
rp2040_1,65,963,3,1,diagnostic_calibration,5,2,218914,253251,261313,0,0,261336,42422
rp2040_1,65,963,3,1,diagnostic_calibration,6,1,261336,295674,0,0,0,295755,34419
rp2040_1,65,963,3,1,diagnostic_calibration,7,2,295755,330059,338120,0,0,338226,42471
rp2040_1,65,963,3,1,diagnostic_calibration,8,1,338226,372549,0,0,0,372578,34352
rp2040_1,65,963,3,1,diagnostic_calibration,9,1,372579,406886,0,0,0,406948,34369
rp2040_1,65,963,3,1,diagnostic_calibration,10,2,406949,441259,449320,0,0,449381,42432
rp2040_1,65,963,3,1,diagnostic_calibration,11,2,449382,483716,491777,0,0,491804,42422
rp2040_1,65,963,3,1,diagnostic_calibration,12,1,491805,526139,0,0,0,526160,34355
rp2040_1,65,963,3,1,diagnostic_calibration,13,2,526160,560468,568529,0,0,568648,42488
rp2040_1,65,963,3,1,diagnostic_calibration,14,2,568648,602991,611052,0,0,611055,42407
rp2040_1,65,963,3,1,diagnostic_calibration,15,2,611056,645377,653438,0,0,653564,42508
rp2040_1,65,963,3,1,diagnostic_calibration,16,0,653565,687884,695945,703891,704577,704579,51014
rp2040_1,65,964,4,1,diagnostic_calibration,1,1,56968,91482,0,0,0,91607,34639
rp2040_1,65,964,4,1,diagnostic_calibration,2,2,91612,125970,134045,0,0,134078,42466
rp2040_1,65,964,4,1,diagnostic_calibration,3,2,134080,168414,176479,0,0,176492,42412
rp2040_1,65,964,4,1,diagnostic_calibration,4,0,176493,210824,218885,226832,227519,227521,51028
rp2040_1,65,965,5,1,diagnostic_holdout,1,2,56996,91515,99597,0,0,99632,42636
rp2040_1,65,965,5,1,diagnostic_holdout,2,1,99636,134023,0,0,0,134154,34518
rp2040_1,65,965,5,1,diagnostic_holdout,3,1,134156,168481,0,0,0,168588,34432
rp2040_1,65,965,5,1,diagnostic_holdout,4,2,168590,202905,210968,0,0,211020,42430
rp2040_1,65,965,5,1,diagnostic_holdout,5,1,211021,245353,0,0,0,245426,34405
rp2040_1,65,965,5,1,diagnostic_holdout,6,1,245427,279734,0,0,0,279755,34328
rp2040_1,65,965,5,1,diagnostic_holdout,7,2,279756,314075,322136,0,0,322139,42383
rp2040_1,65,965,5,1,diagnostic_holdout,8,1,322140,356470,0,0,0,356567,34427
rp2040_1,65,965,5,1,diagnostic_holdout,9,1,356568,390881,0,0,0,390894,34326
rp2040_1,65,965,5,1,diagnostic_holdout,10,2,390895,425208,433269,0,0,433272,42377
rp2040_1,65,965,5,1,diagnostic_holdout,11,1,433273,467611,0,0,0,467631,34358
rp2040_1,65,965,5,1,diagnostic_holdout,12,2,467632,501936,509997,0,0,510018,42386
rp2040_1,65,965,5,1,diagnostic_holdout,13,0,510019,544343,552404,560350,561036,561039,51020
rp2040_1,65,966,6,1,diagnostic_holdout,1,2,56965,91501,99584,0,0,99731,42766
rp2040_1,65,966,6,1,diagnostic_holdout,2,1,99736,134137,0,0,0,134239,34503
rp2040_1,65,966,6,1,diagnostic_holdout,3,2,134241,168575,176638,0,0,176692,42451
rp2040_1,65,966,6,1,diagnostic_holdout,4,0,176693,211027,219088,227034,227720,227723,51030
rp2040_1,65,967,7,1,diagnostic_holdout,1,1,56975,91497,0,0,0,91526,34551
rp2040_1,65,967,7,1,diagnostic_holdout,2,1,91533,125903,0,0,0,125934,34401
rp2040_1,65,967,7,1,diagnostic_holdout,3,1,125936,160250,0,0,0,160256,34320
rp2040_1,65,967,7,1,diagnostic_holdout,4,2,160258,194569,202643,0,0,202718,42460
rp2040_1,65,967,7,1,diagnostic_holdout,5,2,202720,237055,245117,0,0,245122,42402
rp2040_1,65,967,7,1,diagnostic_holdout,6,0,245123,279464,287525,295472,296157,296160,51037
rp2040_1,65,968,8,1,diagnostic_holdout,1,1,56969,91484,0,0,0,91549,34580
rp2040_1,65,968,8,1,diagnostic_holdout,2,2,91554,125911,133983,0,0,134080,42526
rp2040_1,65,968,8,1,diagnostic_holdout,3,2,134083,168419,176483,0,0,176582,42499
rp2040_1,65,968,8,1,diagnostic_holdout,4,2,176585,210913,218974,0,0,219010,42425
rp2040_1,65,968,8,1,diagnostic_holdout,5,2,219010,253335,261396,0,0,261435,42425
rp2040_1,65,968,8,1,diagnostic_holdout,6,2,261435,295756,303817,0,0,303888,42453
rp2040_1,65,968,8,1,diagnostic_holdout,7,1,303889,338216,0,0,0,338319,34430
rp2040_1,65,968,8,1,diagnostic_holdout,8,0,338320,372643,380704,388650,389336,389338,51018
rp2040_1,65,969,9,1,diagnostic_holdout,1,1,56994,91532,0,0,0,91575,34581
rp2040_1,65,969,9,1,diagnostic_holdout,2,2,91580,125942,134015,0,0,134052,42472
rp2040_1,65,969,9,1,diagnostic_holdout,3,2,134054,168407,176470,0,0,176509,42455
rp2040_1,65,969,9,1,diagnostic_holdout,4,2,176510,210845,218907,0,0,218962,42452
rp2040_1,65,969,9,1,diagnostic_holdout,5,0,218963,253290,261352,269298,269985,269988,51025
rp2040_1,65,970,0,2,diagnostic_calibration,1,2,56970,91499,99581,0,0,99664,42694
rp2040_1,65,970,0,2,diagnostic_calibration,2,0,99668,134056,142122,150069,150755,150760,51092
rp2040_1,65,971,1,2,diagnostic_calibration,1,1,56983,91507,0,0,0,91638,34655
rp2040_1,65,971,1,2,diagnostic_calibration,2,2,91643,126017,134091,0,0,134248,42605
rp2040_1,65,971,1,2,diagnostic_calibration,3,2,134251,168602,176664,0,0,176788,42537
rp2040_1,65,971,1,2,diagnostic_calibration,4,1,176789,211116,0,0,0,211151,34362
rp2040_1,65,971,1,2,diagnostic_calibration,5,0,211152,245462,253523,261469,262155,262158,51006
rp2040_1,65,972,2,2,diagnostic_calibration,1,2,56997,91517,99602,0,0,99638,42641
rp2040_1,65,972,2,2,diagnostic_calibration,2,1,99643,134038,0,0,0,134164,34521
rp2040_1,65,972,2,2,diagnostic_calibration,3,1,134165,168484,0,0,0,168546,34381
rp2040_1,65,972,2,2,diagnostic_calibration,4,1,168547,202865,0,0,0,202916,34369
rp2040_1,65,972,2,2,diagnostic_calibration,5,1,202917,237236,0,0,0,237308,34391
rp2040_1,65,972,2,2,diagnostic_calibration,6,0,237309,271630,279692,287639,288326,288329,51020
rp2040_1,65,973,3,2,diagnostic_calibration,1,1,56997,91522,0,0,0,91579,34582
rp2040_1,65,973,3,2,diagnostic_calibration,2,1,91584,125956,0,0,0,126051,34467
rp2040_1,65,973,3,2,diagnostic_calibration,3,2,126053,160374,168447,0,0,168562,42509
rp2040_1,65,973,3,2,diagnostic_calibration,4,2,168564,202911,210974,0,0,211007,42443
rp2040_1,65,973,3,2,diagnostic_calibration,5,1,211008,245334,0,0,0,245347,34339
rp2040_1,65,973,3,2,diagnostic_calibration,6,2,245347,279652,287713,0,0,287743,42396
rp2040_1,65,973,3,2,diagnostic_calibration,7,1,287744,322082,0,0,0,322123,34379
rp2040_1,65,973,3,2,diagnostic_calibration,8,2,322124,356432,364493,0,0,364508,42384
rp2040_1,65,973,3,2,diagnostic_calibration,9,1,364509,398838,0,0,0,398891,34382
rp2040_1,65,973,3,2,diagnostic_calibration,10,1,398892,433200,0,0,0,433213,34321
rp2040_1,65,973,3,2,diagnostic_calibration,11,2,433213,467533,475594,0,0,475718,42505
rp2040_1,65,973,3,2,diagnostic_calibration,12,1,475719,510039,0,0,0,510073,34354
rp2040_1,65,973,3,2,diagnostic_calibration,13,2,510074,544372,552433,0,0,552471,42397
rp2040_1,65,973,3,2,diagnostic_calibration,14,1,552472,586807,0,0,0,586864,34392
rp2040_1,65,973,3,2,diagnostic_calibration,15,2,586865,621173,629234,0,0,629253,42388
rp2040_1,65,973,3,2,diagnostic_calibration,16,1,629254,663584,0,0,0,663625,34371
rp2040_1,65,973,3,2,diagnostic_calibration,17,0,663626,697933,705994,713940,714626,714629,51003
rp2040_1,65,974,4,2,diagnostic_calibration,1,0,56978,91489,99573,107523,108210,108216,51238
rp2040_1,65,975,5,2,diagnostic_holdout,1,1,56959,91475,0,0,0,91539,34580
rp2040_1,65,975,5,2,diagnostic_holdout,2,2,91544,125901,133976,0,0,134064,42520
rp2040_1,65,975,5,2,diagnostic_holdout,3,0,134066,168425,176490,184436,185123,185126,51060
rp2040_1,65,976,6,2,diagnostic_holdout,1,2,56977,91489,99572,0,0,99616,42639
rp2040_1,65,976,6,2,diagnostic_holdout,2,2,99620,134000,142063,0,0,142137,42517
rp2040_1,65,976,6,2,diagnostic_holdout,3,2,142139,176473,184536,0,0,184594,42455
rp2040_1,65,976,6,2,diagnostic_holdout,4,2,184595,218922,226984,0,0,226996,42401
rp2040_1,65,976,6,2,diagnostic_holdout,5,0,226997,261326,269387,277333,278020,278023,51026
rp2040_1,65,977,7,2,diagnostic_holdout,1,2,57005,91530,99614,0,0,99720,42715
rp2040_1,65,977,7,2,diagnostic_holdout,2,0,99726,134110,142178,150125,150811,150814,51088
rp2040_1,65,978,8,2,diagnostic_holdout,1,2,56946,91471,99555,0,0,99654,42708
rp2040_1,65,978,8,2,diagnostic_holdout,2,1,99659,134048,0,0,0,134080,34421
rp2040_1,65,978,8,2,diagnostic_holdout,3,0,134082,168406,176470,184416,185103,185106,51024
rp2040_1,65,979,9,2,diagnostic_holdout,1,0,56998,91515,99597,107548,108234,108240,51242
rp2040_1,65,980,0,3,diagnostic_calibration,1,1,56956,91482,0,0,0,91506,34550
rp2040_1,65,980,0,3,diagnostic_calibration,2,2,91511,125868,133943,0,0,134022,42511
rp2040_1,65,980,0,3,diagnostic_calibration,3,2,134024,168366,176429,0,0,176454,42430
rp2040_1,65,980,0,3,diagnostic_calibration,4,0,176455,210784,218845,226792,227479,227482,51027
rp2040_1,65,981,1,3,diagnostic_calibration,1,2,56982,91508,99591,0,0,99608,42626
rp2040_1,65,981,1,3,diagnostic_calibration,2,0,99613,133997,142063,150010,150697,150702,51089
rp2040_1,65,982,2,3,diagnostic_calibration,1,1,56984,91519,0,0,0,91658,34674
rp2040_1,65,982,2,3,diagnostic_calibration,2,2,91663,126037,134109,0,0,134139,42476
rp2040_1,65,982,2,3,diagnostic_calibration,3,0,134140,168489,176553,184501,185188,185192,51052
rp2040_1,65,983,3,3,diagnostic_calibration,1,2,56988,91514,99597,0,0,99619,42631
rp2040_1,65,983,3,3,diagnostic_calibration,2,1,99624,134024,0,0,0,134075,34451
rp2040_1,65,983,3,3,diagnostic_calibration,3,1,134077,168402,0,0,0,168483,34406
rp2040_1,65,983,3,3,diagnostic_calibration,4,1,168484,202798,0,0,0,202874,34390
rp2040_1,65,983,3,3,diagnostic_calibration,5,2,202874,237181,245245,0,0,245319,42445
rp2040_1,65,983,3,3,diagnostic_calibration,6,2,245320,279660,287723,0,0,287837,42517
rp2040_1,65,983,3,3,diagnostic_calibration,7,2,287838,322163,330224,0,0,330317,42479
rp2040_1,65,983,3,3,diagnostic_calibration,8,2,330317,364643,372704,0,0,372761,42444
rp2040_1,65,983,3,3,diagnostic_calibration,9,0,372762,407083,415144,423090,423777,423780,51018
rp2040_1,65,984,4,3,diagnostic_calibration,1,1,56961,91486,0,0,0,91512,34551
rp2040_1,65,984,4,3,diagnostic_calibration,2,2,91517,125879,133952,0,0,134014,42497
rp2040_1,65,984,4,3,diagnostic_calibration,3,1,134017,168357,0,0,0,168390,34373
rp2040_1,65,984,4,3,diagnostic_calibration,4,0,168391,202705,210766,218712,219399,219401,51010
rp2040_1,65,985,5,3,diagnostic_holdout,1,0,56972,91507,99591,107542,108229,108235,51263
rp2040_1,65,986,6,3,diagnostic_holdout,1,0,57001,91538,99621,107572,108258,108264,51263
rp2040_1,65,987,7,3,diagnostic_holdout,1,1,56983,91496,0,0,0,91604,34621
rp2040_1,65,987,7,3,diagnostic_holdout,2,1,91610,125956,0,0,0,126056,34446
rp2040_1,65,987,7,3,diagnostic_holdout,3,1,126058,160372,0,0,0,160456,34398
rp2040_1,65,987,7,3,diagnostic_holdout,4,1,160457,194771,0,0,0,194830,34373
rp2040_1,65,987,7,3,diagnostic_holdout,5,2,194831,229137,237208,0,0,237226,42395
rp2040_1,65,987,7,3,diagnostic_holdout,6,0,237227,271558,279620,287568,288254,288257,51030
rp2040_1,65,988,8,3,diagnostic_holdout,1,1,56959,91472,0,0,0,91567,34608
rp2040_1,65,988,8,3,diagnostic_holdout,2,2,91572,125923,133996,0,0,134105,42533
rp2040_1,65,988,8,3,diagnostic_holdout,3,0,134107,168455,176516,184462,185148,185151,51044
rp2040_1,65,989,9,3,diagnostic_holdout,1,2,56970,91504,99587,0,0,99695,42725
rp2040_1,65,989,9,3,diagnostic_holdout,2,2,99700,134092,142159,0,0,142229,42529
rp2040_1,65,989,9,3,diagnostic_holdout,3,2,142232,176570,184632,0,0,184742,42510
rp2040_1,65,989,9,3,diagnostic_holdout,4,0,184744,219073,227134,235080,235767,235770,51026
rp2040_1,65,990,0,4,diagnostic_calibration,1,2,56990,91509,99592,0,0,99717,42727
rp2040_1,65,990,0,4,diagnostic_calibration,2,2,99722,134110,142177,0,0,142234,42512
rp2040_1,65,990,0,4,diagnostic_calibration,3,1,142236,176594,0,0,0,176690,34454
rp2040_1,65,990,0,4,diagnostic_calibration,4,1,176690,211007,0,0,0,211134,34444
rp2040_1,65,990,0,4,diagnostic_calibration,5,1,211135,245451,0,0,0,245524,34389
rp2040_1,65,990,0,4,diagnostic_calibration,6,2,245525,279835,287896,0,0,287900,42375
rp2040_1,65,990,0,4,diagnostic_calibration,7,2,287901,322227,330288,0,0,330314,42413
rp2040_1,65,990,0,4,diagnostic_calibration,8,0,330314,364631,372691,380638,381324,381327,51013
rp2040_1,65,991,1,4,diagnostic_calibration,1,1,56979,91499,0,0,0,91521,34542
rp2040_1,65,991,1,4,diagnostic_calibration,2,2,91527,125887,133964,0,0,134081,42554
rp2040_1,65,991,1,4,diagnostic_calibration,3,1,134084,168441,0,0,0,168448,34364
rp2040_1,65,991,1,4,diagnostic_calibration,4,2,168449,202760,210824,0,0,210879,42430
rp2040_1,65,991,1,4,diagnostic_calibration,5,2,210880,245203,253264,0,0,253276,42396
rp2040_1,65,991,1,4,diagnostic_calibration,6,1,253277,287615,0,0,0,287646,34369
rp2040_1,65,991,1,4,diagnostic_calibration,7,2,287646,321956,330017,0,0,330083,42437
rp2040_1,65,991,1,4,diagnostic_calibration,8,1,330084,364418,0,0,0,364463,34379
rp2040_1,65,991,1,4,diagnostic_calibration,9,1,364464,398771,0,0,0,398870,34406
rp2040_1,65,991,1,4,diagnostic_calibration,10,2,398871,433188,441249,0,0,441299,42428
rp2040_1,65,991,1,4,diagnostic_calibration,11,1,441300,475631,0,0,0,475732,34432
rp2040_1,65,991,1,4,diagnostic_calibration,12,1,475733,510037,0,0,0,510121,34388
rp2040_1,65,991,1,4,diagnostic_calibration,13,2,510121,544429,552490,0,0,552573,42452
rp2040_1,65,991,1,4,diagnostic_calibration,14,1,552574,586911,0,0,0,586954,34380
rp2040_1,65,991,1,4,diagnostic_calibration,15,1,586955,621255,0,0,0,621334,34379
rp2040_1,65,991,1,4,diagnostic_calibration,16,2,621335,655641,663702,0,0,663790,42455
rp2040_1,65,991,1,4,diagnostic_calibration,17,1,663791,698112,0,0,0,698161,34370
rp2040_1,65,991,1,4,diagnostic_calibration,18,2,698161,732472,740533,0,0,740671,42510
rp2040_1,65,991,1,4,diagnostic_calibration,19,2,740672,775011,783072,0,0,783083,42411
rp2040_1,65,991,1,4,diagnostic_calibration,20,1,783084,817408,0,0,0,817501,34417
rp2040_1,65,991,1,4,diagnostic_calibration,21,2,817501,851808,859869,0,0,859918,42417
rp2040_1,65,991,1,4,diagnostic_calibration,22,1,859919,894243,0,0,0,894298,34379
rp2040_1,65,991,1,4,diagnostic_calibration,23,1,894299,928613,0,0,0,928717,34418
rp2040_1,65,991,1,4,diagnostic_calibration,24,1,928718,963034,0,0,0,963124,34406
rp2040_1,65,991,1,4,diagnostic_calibration,25,1,963125,997439,0,0,0,997512,34387
rp2040_1,65,991,1,4,diagnostic_calibration,26,1,997512,1031819,0,0,0,1031872,34360
rp2040_1,65,991,1,4,diagnostic_calibration,27,2,1031873,1066181,1074242,0,0,1074314,42441
rp2040_1,65,991,1,4,diagnostic_calibration,28,0,1074314,1108638,1116699,1124645,1125331,1125334,51020
rp2040_1,65,992,2,4,diagnostic_calibration,1,0,56974,91498,99581,107531,108218,108225,51251
rp2040_1,65,993,3,4,diagnostic_calibration,1,2,56959,91480,99564,0,0,99652,42693
rp2040_1,65,993,3,4,diagnostic_calibration,2,2,99658,134042,142107,0,0,142213,42555
rp2040_1,65,993,3,4,diagnostic_calibration,3,2,142215,176566,184627,0,0,184685,42470
rp2040_1,65,993,3,4,diagnostic_calibration,4,2,184685,219016,227077,0,0,227148,42463
rp2040_1,65,993,3,4,diagnostic_calibration,5,0,227149,261473,269534,277480,278167,278170,51021
rp2040_1,65,994,4,4,diagnostic_calibration,1,1,56983,91510,0,0,0,91598,34615
rp2040_1,65,994,4,4,diagnostic_calibration,2,0,91603,125965,134036,141987,142674,142678,51075
rp2040_1,65,995,5,4,diagnostic_holdout,1,2,56979,91509,99593,0,0,99641,42662
rp2040_1,65,995,5,4,diagnostic_holdout,2,1,99645,134021,0,0,0,134093,34448
rp2040_1,65,995,5,4,diagnostic_holdout,3,1,134094,168419,0,0,0,168437,34343
rp2040_1,65,995,5,4,diagnostic_holdout,4,2,168438,202747,210809,0,0,210914,42476
rp2040_1,65,995,5,4,diagnostic_holdout,5,2,210915,245239,253301,0,0,253397,42482
rp2040_1,65,995,5,4,diagnostic_holdout,6,0,253398,287721,295782,303728,304415,304418,51020
rp2040_1,65,996,6,4,diagnostic_holdout,1,0,56996,91514,99597,107547,108234,108240,51244
rp2040_1,65,997,7,4,diagnostic_holdout,1,2,56969,91500,99583,0,0,99644,42675
rp2040_1,65,997,7,4,diagnostic_holdout,2,1,99650,134035,0,0,0,134088,34438
rp2040_1,65,997,7,4,diagnostic_holdout,3,1,134091,168409,0,0,0,168469,34378
rp2040_1,65,997,7,4,diagnostic_holdout,4,1,168470,202786,0,0,0,202890,34420
rp2040_1,65,997,7,4,diagnostic_holdout,5,2,202891,237200,245262,0,0,245368,42477
rp2040_1,65,997,7,4,diagnostic_holdout,6,1,245369,279706,0,0,0,279709,34340
rp2040_1,65,997,7,4,diagnostic_holdout,7,0,279710,314011,322072,330018,330704,330706,50996
rp2040_1,65,998,8,4,diagnostic_holdout,1,0,56961,91479,99562,107512,108199,108205,51244
rp2040_1,65,999,9,4,diagnostic_holdout,1,2,56988,91510,99593,0,0,99620,42632
rp2040_1,65,999,9,4,diagnostic_holdout,2,1,99625,133998,0,0,0,134052,34427
rp2040_1,65,999,9,4,diagnostic_holdout,3,1,134053,168373,0,0,0,168418,34365
rp2040_1,65,999,9,4,diagnostic_holdout,4,2,168420,202730,210792,0,0,210835,42415
rp2040_1,65,999,9,4,diagnostic_holdout,5,0,210836,245174,253236,261182,261869,261873,51037
