algorithm,operation,security_level,time_us,run_number
ML-DSA,sign,44,48040,1
ML-DSA,sign,44,64841,2
ML-DSA,sign,44,52855,3
ML-DSA,sign,44,30446,4
ML-DSA,sign,44,58899,5
ML-DSA,sign,44,21512,6
ML-DSA,sign,44,48316,7
ML-DSA,sign,44,21511,8
ML-DSA,sign,44,21515,9
ML-DSA,sign,44,37933,10
ML-DSA,sign,44,21515,11
ML-DSA,sign,44,63238,12
ML-DSA,sign,44,21515,13
ML-DSA,sign,44,37929,14
ML-DSA,sign,44,37918,15
ML-DSA,sign,44,111007,16
ML-DSA,sign,44,21515,17
ML-DSA,sign,44,36472,18
ML-DSA,sign,44,57224,19
ML-DSA,sign,44,43904,20
ML-DSA,sign,44,69311,21
ML-DSA,sign,44,111031,22
ML-DSA,sign,44,30468,23
ML-DSA,sign,44,48461,24
ML-DSA,sign,44,52904,25
ML-DSA,sign,44,21511,26
ML-DSA,sign,44,21515,27
ML-DSA,sign,44,46886,28
ML-DSA,sign,44,37943,29
ML-DSA,sign,44,93083,30
ML-DSA,sign,44,45377,31
ML-DSA,sign,44,36468,32
ML-DSA,sign,44,21515,33
ML-DSA,sign,44,84253,34
ML-DSA,sign,44,60325,35
ML-DSA,sign,44,39387,36
ML-DSA,sign,44,21516,37
ML-DSA,sign,44,21512,38
ML-DSA,sign,44,21516,39
ML-DSA,sign,44,37902,40
ML-DSA,sign,44,21515,41
ML-DSA,sign,44,28988,42
ML-DSA,sign,44,37912,43
ML-DSA,sign,44,21511,44
ML-DSA,sign,44,37934,45
ML-DSA,sign,44,103549,46
ML-DSA,sign,44,85780,47
ML-DSA,sign,44,36441,48
ML-DSA,sign,44,21521,49
ML-DSA,sign,44,37924,50
ML-DSA,sign,44,30435,51
ML-DSA,sign,44,37935,52
ML-DSA,sign,44,37932,53
ML-DSA,sign,44,21511,54
ML-DSA,sign,44,21515,55
ML-DSA,sign,44,28995,56
ML-DSA,sign,44,94633,57
ML-DSA,sign,44,28982,58
ML-DSA,sign,44,43917,59
ML-DSA,sign,44,21512,60
ML-DSA,sign,44,29007,61
ML-DSA,sign,44,52889,62
ML-DSA,sign,44,28998,63
ML-DSA,sign,44,63320,64
ML-DSA,sign,44,43941,65
ML-DSA,sign,44,37922,66
ML-DSA,sign,44,43945,67
ML-DSA,sign,44,21511,68
ML-DSA,sign,44,45388,69
ML-DSA,sign,44,37946,70
ML-DSA,sign,44,36499,71
ML-DSA,sign,44,30436,72
ML-DSA,sign,44,55786,73
ML-DSA,sign,44,63262,74
ML-DSA,sign,44,21515,75
ML-DSA,sign,44,55835,76
ML-DSA,sign,44,21515,77
ML-DSA,sign,44,117090,78
ML-DSA,sign,44,39379,79
ML-DSA,sign,44,45393,80
ML-DSA,sign,44,21520,81
ML-DSA,sign,44,136369,82
ML-DSA,sign,44,40983,83
ML-DSA,sign,44,114088,84
ML-DSA,sign,44,30442,85
ML-DSA,sign,44,28980,86
ML-DSA,sign,44,70744,87
ML-DSA,sign,44,21512,88
ML-DSA,sign,44,69251,89
ML-DSA,sign,44,84276,90
ML-DSA,sign,44,85737,91
ML-DSA,sign,44,78204,92
ML-DSA,sign,44,54310,93
ML-DSA,sign,44,63207,94
ML-DSA,sign,44,29003,95
ML-DSA,sign,44,72159,96
ML-DSA,sign,44,96089,97
ML-DSA,sign,44,28976,98
ML-DSA,sign,44,21515,99
ML-DSA,sign,44,43971,100
ML-DSA,sign,44,29002,101
ML-DSA,sign,44,21511,102
ML-DSA,sign,44,36471,103
ML-DSA,sign,44,45432,104
ML-DSA,sign,44,37926,105
ML-DSA,sign,44,21511,106
ML-DSA,sign,44,54316,107
ML-DSA,sign,44,28990,108
ML-DSA,sign,44,61804,109
ML-DSA,sign,44,36443,110
ML-DSA,sign,44,21515,111
ML-DSA,sign,44,28993,112
ML-DSA,sign,44,111082,113
ML-DSA,sign,44,21511,114
ML-DSA,sign,44,51440,115
ML-DSA,sign,44,160297,116
ML-DSA,sign,44,43918,117
ML-DSA,sign,44,28988,118
ML-DSA,sign,44,21516,119
ML-DSA,sign,44,21512,120
ML-DSA,sign,44,91771,121
ML-DSA,sign,44,21512,122
ML-DSA,sign,44,75115,123
ML-DSA,sign,44,28977,124
ML-DSA,sign,44,36479,125
ML-DSA,sign,44,21512,126
ML-DSA,sign,44,87190,127
ML-DSA,sign,44,21511,128
ML-DSA,sign,44,30468,129
ML-DSA,sign,44,28973,130
ML-DSA,sign,44,91756,131
ML-DSA,sign,44,60353,132
ML-DSA,sign,44,46877,133
ML-DSA,sign,44,28995,134
ML-DSA,sign,44,45416,135
ML-DSA,sign,44,52887,136
ML-DSA,sign,44,30466,137
ML-DSA,sign,44,30432,138
ML-DSA,sign,44,37933,139
ML-DSA,sign,44,79721,140
ML-DSA,sign,44,79691,141
ML-DSA,sign,44,21511,142
ML-DSA,sign,44,54339,143
ML-DSA,sign,44,36464,144
ML-DSA,sign,44,39377,145
ML-DSA,sign,44,45433,146
ML-DSA,sign,44,28979,147
ML-DSA,sign,44,78262,148
ML-DSA,sign,44,21516,149
ML-DSA,sign,44,21511,150
ML-DSA,sign,44,39400,151
ML-DSA,sign,44,28983,152
ML-DSA,sign,44,118551,153
ML-DSA,sign,44,37899,154
ML-DSA,sign,44,39365,155
ML-DSA,sign,44,30425,156
ML-DSA,sign,44,51418,157
ML-DSA,sign,44,28976,158
ML-DSA,sign,44,60350,159
ML-DSA,sign,44,60405,160
ML-DSA,sign,44,51418,161
ML-DSA,sign,44,55808,162
ML-DSA,sign,44,21515,163
ML-DSA,sign,44,29003,164
ML-DSA,sign,44,30430,165
ML-DSA,sign,44,55771,166
ML-DSA,sign,44,21516,167
ML-DSA,sign,44,52892,168
ML-DSA,sign,44,37942,169
ML-DSA,sign,44,28983,170
ML-DSA,sign,44,112482,171
ML-DSA,sign,44,21516,172
ML-DSA,sign,44,45407,173
ML-DSA,sign,44,30455,174
ML-DSA,sign,44,21516,175
ML-DSA,sign,44,43983,176
ML-DSA,sign,44,43965,177
ML-DSA,sign,44,21512,178
ML-DSA,sign,44,21516,179
ML-DSA,sign,44,37910,180
ML-DSA,sign,44,21515,181
ML-DSA,sign,44,88564,182
ML-DSA,sign,44,36467,183
ML-DSA,sign,44,37950,184
ML-DSA,sign,44,37946,185
ML-DSA,sign,44,28986,186
ML-DSA,sign,44,100605,187
ML-DSA,sign,44,37934,188
ML-DSA,sign,44,30431,189
ML-DSA,sign,44,28983,190
ML-DSA,sign,44,28982,191
ML-DSA,sign,44,21511,192
ML-DSA,sign,44,30452,193
ML-DSA,sign,44,52862,194
ML-DSA,sign,44,51421,195
ML-DSA,sign,44,70786,196
ML-DSA,sign,44,21516,197
ML-DSA,sign,44,21512,198
ML-DSA,sign,44,45397,199
ML-DSA,sign,44,28979,200
ML-DSA,sign,44,29012,201
ML-DSA,sign,44,21511,202
ML-DSA,sign,44,72193,203
ML-DSA,sign,44,133463,204
ML-DSA,sign,44,21516,205
ML-DSA,sign,44,21511,206
ML-DSA,sign,44,21515,207
ML-DSA,sign,44,69294,208
ML-DSA,sign,44,48336,209
ML-DSA,sign,44,51403,210
ML-DSA,sign,44,21516,211
ML-DSA,sign,44,29008,212
ML-DSA,sign,44,109668,213
ML-DSA,sign,44,66390,214
ML-DSA,sign,44,61759,215
ML-DSA,sign,44,37941,216
ML-DSA,sign,44,36463,217
ML-DSA,sign,44,21511,218
ML-DSA,sign,44,64742,219
ML-DSA,sign,44,28995,220
ML-DSA,sign,44,21516,221
ML-DSA,sign,44,82784,222
ML-DSA,sign,44,106428,223
ML-DSA,sign,44,63289,224
ML-DSA,sign,44,21515,225
ML-DSA,sign,44,37910,226
ML-DSA,sign,44,21515,227
ML-DSA,sign,44,66285,228
ML-DSA,sign,44,30439,229
ML-DSA,sign,44,106640,230
ML-DSA,sign,44,111035,231
ML-DSA,sign,44,21512,232
ML-DSA,sign,44,36477,233
ML-DSA,sign,44,45372,234
ML-DSA,sign,44,28992,235
ML-DSA,sign,44,29001,236
ML-DSA,sign,44,21515,237
ML-DSA,sign,44,94669,238
ML-DSA,sign,44,28998,239
ML-DSA,sign,44,21512,240
ML-DSA,sign,44,63253,241
ML-DSA,sign,44,36483,242
ML-DSA,sign,44,21516,243
ML-DSA,sign,44,37920,244
ML-DSA,sign,44,93176,245
ML-DSA,sign,44,30436,246
ML-DSA,sign,44,91739,247
ML-DSA,sign,44,21511,248
ML-DSA,sign,44,36464,249
ML-DSA,sign,44,61841,250
ML-DSA,sign,44,30462,251
ML-DSA,sign,44,100657,252
ML-DSA,sign,44,45418,253
ML-DSA,sign,44,21512,254
ML-DSA,sign,44,28978,255
ML-DSA,sign,44,58901,256
ML-DSA,sign,44,21516,257
ML-DSA,sign,44,37935,258
ML-DSA,sign,44,36468,259
ML-DSA,sign,44,21511,260
ML-DSA,sign,44,28985,261
ML-DSA,sign,44,96166,262
ML-DSA,sign,44,21515,263
ML-DSA,sign,44,21511,264
ML-DSA,sign,44,113877,265
ML-DSA,sign,44,93223,266
ML-DSA,sign,44,37928,267
ML-DSA,sign,44,109513,268
ML-DSA,sign,44,21516,269
ML-DSA,sign,44,36464,270
ML-DSA,sign,44,30458,271
ML-DSA,sign,44,46825,272
ML-DSA,sign,44,52844,273
ML-DSA,sign,44,160283,274
ML-DSA,sign,44,39394,275
ML-DSA,sign,44,21516,276
ML-DSA,sign,44,36454,277
ML-DSA,sign,44,79638,278
ML-DSA,sign,44,125998,279
ML-DSA,sign,44,28988,280
ML-DSA,sign,44,75335,281
ML-DSA,sign,44,88615,282
ML-DSA,sign,44,54319,283
ML-DSA,sign,44,28974,284
ML-DSA,sign,44,58879,285
ML-DSA,sign,44,63215,286
ML-DSA,sign,44,39398,287
ML-DSA,sign,44,36474,288
ML-DSA,sign,44,21519,289
ML-DSA,sign,44,78174,290
ML-DSA,sign,44,45381,291
ML-DSA,sign,44,287119,292
ML-DSA,sign,44,21516,293
ML-DSA,sign,44,21512,294
ML-DSA,sign,44,28998,295
ML-DSA,sign,44,81098,296
ML-DSA,sign,44,21516,297
ML-DSA,sign,44,21511,298
ML-DSA,sign,44,21515,299
ML-DSA,sign,44,30434,300
ML-DSA,sign,44,21515,301
ML-DSA,sign,44,21511,302
ML-DSA,sign,44,21516,303
ML-DSA,sign,44,85701,304
ML-DSA,sign,44,28973,305
ML-DSA,sign,44,30433,306
ML-DSA,sign,44,117019,307
ML-DSA,sign,44,78213,308
ML-DSA,sign,44,21516,309
ML-DSA,sign,44,21511,310
ML-DSA,sign,44,30445,311
ML-DSA,sign,44,21516,312
ML-DSA,sign,44,21516,313
ML-DSA,sign,44,30426,314
ML-DSA,sign,44,21515,315
ML-DSA,sign,44,54298,316
ML-DSA,sign,44,39362,317
ML-DSA,sign,44,99166,318
ML-DSA,sign,44,75315,319
ML-DSA,sign,44,36446,320
ML-DSA,sign,44,54300,321
ML-DSA,sign,44,84231,322
ML-DSA,sign,44,36469,323
ML-DSA,sign,44,28992,324
ML-DSA,sign,44,45396,325
ML-DSA,sign,44,21516,326
ML-DSA,sign,44,46858,327
ML-DSA,sign,44,28995,328
ML-DSA,sign,44,45423,329
ML-DSA,sign,44,69263,330
ML-DSA,sign,44,46852,331
ML-DSA,sign,44,21516,332
ML-DSA,sign,44,21516,333
ML-DSA,sign,44,21512,334
ML-DSA,sign,44,36456,335
ML-DSA,sign,44,46874,336
ML-DSA,sign,44,61795,337
ML-DSA,sign,44,21516,338
ML-DSA,sign,44,70738,339
ML-DSA,sign,44,21512,340
ML-DSA,sign,44,93149,341
ML-DSA,sign,44,36493,342
ML-DSA,sign,44,36470,343
ML-DSA,sign,44,21512,344
ML-DSA,sign,44,21515,345
ML-DSA,sign,44,127478,346
ML-DSA,sign,44,30457,347
ML-DSA,sign,44,127364,348
ML-DSA,sign,44,21520,349
ML-DSA,sign,44,30441,350
ML-DSA,sign,44,36446,351
ML-DSA,sign,44,21513,352
ML-DSA,sign,44,54350,353
ML-DSA,sign,44,88613,354
ML-DSA,sign,44,39369,355
ML-DSA,sign,44,54351,356
ML-DSA,sign,44,21515,357
ML-DSA,sign,44,63292,358
ML-DSA,sign,44,128852,359
ML-DSA,sign,44,36460,360
ML-DSA,sign,44,37926,361
ML-DSA,sign,44,21512,362
ML-DSA,sign,44,21515,363
ML-DSA,sign,44,63225,364
ML-DSA,sign,44,37920,365
ML-DSA,sign,44,21516,366
ML-DSA,sign,44,94687,367
ML-DSA,sign,44,61799,368
ML-DSA,sign,44,45431,369
ML-DSA,sign,44,37927,370
ML-DSA,sign,44,146943,371
ML-DSA,sign,44,21511,372
ML-DSA,sign,44,30464,373
ML-DSA,sign,44,45379,374
ML-DSA,sign,44,88603,375
ML-DSA,sign,44,21512,376
ML-DSA,sign,44,21516,377
ML-DSA,sign,44,28973,378
ML-DSA,sign,44,78199,379
ML-DSA,sign,44,30437,380
ML-DSA,sign,44,100669,381
ML-DSA,sign,44,54333,382
ML-DSA,sign,44,28977,383
ML-DSA,sign,44,36449,384
ML-DSA,sign,44,79654,385
ML-DSA,sign,44,37918,386
ML-DSA,sign,44,94645,387
ML-DSA,sign,44,21512,388
ML-DSA,sign,44,91720,389
ML-DSA,sign,44,75286,390
ML-DSA,sign,44,36459,391
ML-DSA,sign,44,43931,392
ML-DSA,sign,44,28986,393
ML-DSA,sign,44,37911,394
ML-DSA,sign,44,21519,395
ML-DSA,sign,44,37909,396
ML-DSA,sign,44,46870,397
ML-DSA,sign,44,39382,398
ML-DSA,sign,44,29002,399
ML-DSA,sign,44,21511,400
ML-DSA,sign,44,28993,401
ML-DSA,sign,44,37914,402
ML-DSA,sign,44,21516,403
ML-DSA,sign,44,85652,404
ML-DSA,sign,44,21516,405
ML-DSA,sign,44,30446,406
ML-DSA,sign,44,21516,407
ML-DSA,sign,44,29005,408
ML-DSA,sign,44,28981,409
ML-DSA,sign,44,66381,410
ML-DSA,sign,44,37938,411
ML-DSA,sign,44,81149,412
ML-DSA,sign,44,118551,413
ML-DSA,sign,44,43943,414
ML-DSA,sign,44,76738,415
ML-DSA,sign,44,21511,416
ML-DSA,sign,44,119916,417
ML-DSA,sign,44,36475,418
ML-DSA,sign,44,21516,419
ML-DSA,sign,44,21512,420
ML-DSA,sign,44,37899,421
ML-DSA,sign,44,69257,422
ML-DSA,sign,44,36455,423
ML-DSA,sign,44,85634,424
ML-DSA,sign,44,28999,425
ML-DSA,sign,44,79641,426
ML-DSA,sign,44,139498,427
ML-DSA,sign,44,21511,428
ML-DSA,sign,44,39382,429
ML-DSA,sign,44,21511,430
ML-DSA,sign,44,21520,431
ML-DSA,sign,44,91707,432
ML-DSA,sign,44,36492,433
ML-DSA,sign,44,45422,434
ML-DSA,sign,44,76773,435
ML-DSA,sign,44,176627,436
ML-DSA,sign,44,28994,437
ML-DSA,sign,44,21511,438
ML-DSA,sign,44,43981,439
ML-DSA,sign,44,58916,440
ML-DSA,sign,44,81107,441
ML-DSA,sign,44,72181,442
ML-DSA,sign,44,72124,443
ML-DSA,sign,44,48485,444
ML-DSA,sign,44,21516,445
ML-DSA,sign,44,37904,446
ML-DSA,sign,44,94649,447
ML-DSA,sign,44,39354,448
ML-DSA,sign,44,46839,449
ML-DSA,sign,44,139519,450
ML-DSA,sign,44,28981,451
ML-DSA,sign,44,37895,452
ML-DSA,sign,44,63256,453
ML-DSA,sign,44,36452,454
ML-DSA,sign,44,28983,455
ML-DSA,sign,44,21511,456
ML-DSA,sign,44,21516,457
ML-DSA,sign,44,21512,458
ML-DSA,sign,44,54316,459
ML-DSA,sign,44,28987,460
ML-DSA,sign,44,29004,461
ML-DSA,sign,44,76755,462
ML-DSA,sign,44,36479,463
ML-DSA,sign,44,28973,464
ML-DSA,sign,44,39355,465
ML-DSA,sign,44,30441,466
ML-DSA,sign,44,21516,467
ML-DSA,sign,44,94561,468
ML-DSA,sign,44,21520,469
ML-DSA,sign,44,21512,470
ML-DSA,sign,44,21515,471
ML-DSA,sign,44,28986,472
ML-DSA,sign,44,28988,473
ML-DSA,sign,44,63288,474
ML-DSA,sign,44,52868,475
ML-DSA,sign,44,28983,476
ML-DSA,sign,44,106713,477
ML-DSA,sign,44,21511,478
ML-DSA,sign,44,28983,479
ML-DSA,sign,44,37924,480
ML-DSA,sign,44,21516,481
ML-DSA,sign,44,51422,482
ML-DSA,sign,44,37924,483
ML-DSA,sign,44,43947,484
ML-DSA,sign,44,54508,485
ML-DSA,sign,44,67812,486
ML-DSA,sign,44,45437,487
ML-DSA,sign,44,37916,488
ML-DSA,sign,44,21515,489
ML-DSA,sign,44,21512,490
ML-DSA,sign,44,37926,491
ML-DSA,sign,44,21512,492
ML-DSA,sign,44,340714,493
ML-DSA,sign,44,36462,494
ML-DSA,sign,44,21516,495
ML-DSA,sign,44,94627,496
ML-DSA,sign,44,115586,497
ML-DSA,sign,44,21511,498
ML-DSA,sign,44,21515,499
ML-DSA,sign,44,28983,500
ML-DSA,sign,44,21516,501
ML-DSA,sign,44,21512,502
ML-DSA,sign,44,39389,503
ML-DSA,sign,44,21511,504
ML-DSA,sign,44,258728,505
ML-DSA,sign,44,37918,506
ML-DSA,sign,44,28988,507
ML-DSA,sign,44,61793,508
ML-DSA,sign,44,28977,509
ML-DSA,sign,44,21517,510
ML-DSA,sign,44,30433,511
ML-DSA,sign,44,46828,512
ML-DSA,sign,44,21516,513
ML-DSA,sign,44,30435,514
ML-DSA,sign,44,69266,515
ML-DSA,sign,44,113905,516
ML-DSA,sign,44,43947,517
ML-DSA,sign,44,21516,518
ML-DSA,sign,44,28982,519
ML-DSA,sign,44,43977,520
ML-DSA,sign,44,37907,521
ML-DSA,sign,44,99158,522
ML-DSA,sign,44,28990,523
ML-DSA,sign,44,54335,524
ML-DSA,sign,44,105001,525
ML-DSA,sign,44,54338,526
ML-DSA,sign,44,72158,527
ML-DSA,sign,44,61822,528
ML-DSA,sign,44,52859,529
ML-DSA,sign,44,63251,530
ML-DSA,sign,44,21515,531
ML-DSA,sign,44,45379,532
ML-DSA,sign,44,21515,533
ML-DSA,sign,44,21512,534
ML-DSA,sign,44,28998,535
ML-DSA,sign,44,36471,536
ML-DSA,sign,44,67860,537
ML-DSA,sign,44,46840,538
ML-DSA,sign,44,28998,539
ML-DSA,sign,44,66171,540
ML-DSA,sign,44,85684,541
ML-DSA,sign,44,37917,542
ML-DSA,sign,44,21516,543
ML-DSA,sign,44,28981,544
ML-DSA,sign,44,54355,545
ML-DSA,sign,44,39362,546
ML-DSA,sign,44,28988,547
ML-DSA,sign,44,43912,548
ML-DSA,sign,44,36480,549
ML-DSA,sign,44,63230,550
ML-DSA,sign,44,60335,551
ML-DSA,sign,44,37927,552
ML-DSA,sign,44,37899,553
ML-DSA,sign,44,28997,554
ML-DSA,sign,44,28979,555
ML-DSA,sign,44,37908,556
ML-DSA,sign,44,21515,557
ML-DSA,sign,44,28974,558
ML-DSA,sign,44,28978,559
ML-DSA,sign,44,58900,560
ML-DSA,sign,44,52917,561
ML-DSA,sign,44,21512,562
ML-DSA,sign,44,52854,563
ML-DSA,sign,44,37934,564
ML-DSA,sign,44,28977,565
ML-DSA,sign,44,21515,566
ML-DSA,sign,44,118483,567
ML-DSA,sign,44,21516,568
ML-DSA,sign,44,21516,569
ML-DSA,sign,44,28992,570
ML-DSA,sign,44,30462,571
ML-DSA,sign,44,69315,572
ML-DSA,sign,44,21516,573
ML-DSA,sign,44,21511,574
ML-DSA,sign,44,52879,575
ML-DSA,sign,44,55782,576
ML-DSA,sign,44,54330,577
ML-DSA,sign,44,21512,578
ML-DSA,sign,44,109532,579
ML-DSA,sign,44,75293,580
ML-DSA,sign,44,21516,581
ML-DSA,sign,44,60323,582
ML-DSA,sign,44,30457,583
ML-DSA,sign,44,36489,584
ML-DSA,sign,44,39372,585
ML-DSA,sign,44,21516,586
ML-DSA,sign,44,21516,587
ML-DSA,sign,44,36461,588
ML-DSA,sign,44,79689,589
ML-DSA,sign,44,85671,590
ML-DSA,sign,44,21516,591
ML-DSA,sign,44,21511,592
ML-DSA,sign,44,39384,593
ML-DSA,sign,44,85645,594
ML-DSA,sign,44,87112,595
ML-DSA,sign,44,21512,596
ML-DSA,sign,44,37930,597
ML-DSA,sign,44,124510,598
ML-DSA,sign,44,73871,599
ML-DSA,sign,44,39401,600
ML-DSA,sign,44,58919,601
ML-DSA,sign,44,21512,602
ML-DSA,sign,44,28985,603
ML-DSA,sign,44,75316,604
ML-DSA,sign,44,55776,605
ML-DSA,sign,44,30438,606
ML-DSA,sign,44,29005,607
ML-DSA,sign,44,21515,608
ML-DSA,sign,44,30439,609
ML-DSA,sign,44,46860,610
ML-DSA,sign,44,30433,611
ML-DSA,sign,44,30462,612
ML-DSA,sign,44,43957,613
ML-DSA,sign,44,39377,614
ML-DSA,sign,44,75295,615
ML-DSA,sign,44,21512,616
ML-DSA,sign,44,21520,617
ML-DSA,sign,44,70695,618
ML-DSA,sign,44,28979,619
ML-DSA,sign,44,28979,620
ML-DSA,sign,44,154661,621
ML-DSA,sign,44,97735,622
ML-DSA,sign,44,21517,623
ML-DSA,sign,44,30451,624
ML-DSA,sign,44,108112,625
ML-DSA,sign,44,21511,626
ML-DSA,sign,44,37936,627
ML-DSA,sign,44,30459,628
ML-DSA,sign,44,45443,629
ML-DSA,sign,44,93169,630
ML-DSA,sign,44,58909,631
ML-DSA,sign,44,70703,632
ML-DSA,sign,44,21516,633
ML-DSA,sign,44,21511,634
ML-DSA,sign,44,54300,635
ML-DSA,sign,44,60301,636
ML-DSA,sign,44,28999,637
ML-DSA,sign,44,60386,638
ML-DSA,sign,44,28987,639
ML-DSA,sign,44,153043,640
ML-DSA,sign,44,28983,641
ML-DSA,sign,44,75108,642
ML-DSA,sign,44,28984,643
ML-DSA,sign,44,78203,644
ML-DSA,sign,44,21516,645
ML-DSA,sign,44,21511,646
ML-DSA,sign,44,98973,647
ML-DSA,sign,44,115596,648
ML-DSA,sign,44,21520,649
ML-DSA,sign,44,45390,650
ML-DSA,sign,44,94624,651
ML-DSA,sign,44,43955,652
ML-DSA,sign,44,37936,653
ML-DSA,sign,44,194618,654
ML-DSA,sign,44,36473,655
ML-DSA,sign,44,234789,656
ML-DSA,sign,44,108111,657
ML-DSA,sign,44,30449,658
ML-DSA,sign,44,51421,659
ML-DSA,sign,44,63232,660
ML-DSA,sign,44,21515,661
ML-DSA,sign,44,21512,662
ML-DSA,sign,44,28979,663
ML-DSA,sign,44,46834,664
ML-DSA,sign,44,52861,665
ML-DSA,sign,44,114110,666
ML-DSA,sign,44,37919,667
ML-DSA,sign,44,46848,668
ML-DSA,sign,44,103555,669
ML-DSA,sign,44,21511,670
ML-DSA,sign,44,29002,671
ML-DSA,sign,44,21516,672
ML-DSA,sign,44,55749,673
ML-DSA,sign,44,78190,674
ML-DSA,sign,44,30443,675
ML-DSA,sign,44,30426,676
ML-DSA,sign,44,46815,677
ML-DSA,sign,44,45391,678
ML-DSA,sign,44,143866,679
ML-DSA,sign,44,21512,680
ML-DSA,sign,44,79653,681
ML-DSA,sign,44,63256,682
ML-DSA,sign,44,66356,683
ML-DSA,sign,44,36448,684
ML-DSA,sign,44,72233,685
ML-DSA,sign,44,21512,686
ML-DSA,sign,44,46861,687
ML-DSA,sign,44,46852,688
ML-DSA,sign,44,61782,689
ML-DSA,sign,44,21516,690
ML-DSA,sign,44,21515,691
ML-DSA,sign,44,21511,692
ML-DSA,sign,44,46847,693
ML-DSA,sign,44,90246,694
ML-DSA,sign,44,28979,695
ML-DSA,sign,44,61841,696
ML-DSA,sign,44,48319,697
ML-DSA,sign,44,21512,698
ML-DSA,sign,44,21516,699
ML-DSA,sign,44,61775,700
ML-DSA,sign,44,51434,701
ML-DSA,sign,44,67821,702
ML-DSA,sign,44,21515,703
ML-DSA,sign,44,30456,704
ML-DSA,sign,44,21516,705
ML-DSA,sign,44,30449,706
ML-DSA,sign,44,78210,707
ML-DSA,sign,44,37937,708
ML-DSA,sign,44,30431,709
ML-DSA,sign,44,140965,710
ML-DSA,sign,44,61860,711
ML-DSA,sign,44,28990,712
ML-DSA,sign,44,21515,713
ML-DSA,sign,44,61824,714
ML-DSA,sign,44,29007,715
ML-DSA,sign,44,78256,716
ML-DSA,sign,44,30459,717
ML-DSA,sign,44,21512,718
ML-DSA,sign,44,28980,719
ML-DSA,sign,44,21512,720
ML-DSA,sign,44,21516,721
ML-DSA,sign,44,30438,722
ML-DSA,sign,44,30444,723
ML-DSA,sign,44,30439,724
ML-DSA,sign,44,118462,725
ML-DSA,sign,44,46811,726
ML-DSA,sign,44,78255,727
ML-DSA,sign,44,21511,728
ML-DSA,sign,44,81099,729
ML-DSA,sign,44,52903,730
ML-DSA,sign,44,69287,731
ML-DSA,sign,44,76730,732
ML-DSA,sign,44,142357,733
ML-DSA,sign,44,54313,734
ML-DSA,sign,44,21516,735
ML-DSA,sign,44,30448,736
ML-DSA,sign,44,29002,737
ML-DSA,sign,44,75343,738
ML-DSA,sign,44,30457,739
ML-DSA,sign,44,151360,740
ML-DSA,sign,44,21520,741
ML-DSA,sign,44,21512,742
ML-DSA,sign,44,37910,743
ML-DSA,sign,44,46841,744
ML-DSA,sign,44,21515,745
ML-DSA,sign,44,79722,746
ML-DSA,sign,44,45446,747
ML-DSA,sign,44,61789,748
ML-DSA,sign,44,72209,749
ML-DSA,sign,44,21515,750
ML-DSA,sign,44,21515,751
ML-DSA,sign,44,30441,752
ML-DSA,sign,44,52906,753
ML-DSA,sign,44,100620,754
ML-DSA,sign,44,21516,755
ML-DSA,sign,44,45394,756
ML-DSA,sign,44,45398,757
ML-DSA,sign,44,21516,758
ML-DSA,sign,44,60375,759
ML-DSA,sign,44,21512,760
ML-DSA,sign,44,30456,761
ML-DSA,sign,44,28992,762
ML-DSA,sign,44,29001,763
ML-DSA,sign,44,45420,764
ML-DSA,sign,44,85628,765
ML-DSA,sign,44,51457,766
ML-DSA,sign,44,45384,767
ML-DSA,sign,44,130560,768
ML-DSA,sign,44,54469,769
ML-DSA,sign,44,29004,770
ML-DSA,sign,44,39413,771
ML-DSA,sign,44,21512,772
ML-DSA,sign,44,46818,773
ML-DSA,sign,44,52881,774
ML-DSA,sign,44,45390,775
ML-DSA,sign,44,28980,776
ML-DSA,sign,44,36482,777
ML-DSA,sign,44,63247,778
ML-DSA,sign,44,75259,779
ML-DSA,sign,44,46827,780
ML-DSA,sign,44,54336,781
ML-DSA,sign,44,45380,782
ML-DSA,sign,44,36466,783
ML-DSA,sign,44,37927,784
ML-DSA,sign,44,29004,785
ML-DSA,sign,44,21512,786
ML-DSA,sign,44,21515,787
ML-DSA,sign,44,88591,788
ML-DSA,sign,44,87107,789
ML-DSA,sign,44,30438,790
ML-DSA,sign,44,21516,791
ML-DSA,sign,44,21512,792
ML-DSA,sign,44,29012,793
ML-DSA,sign,44,122883,794
ML-DSA,sign,44,28980,795
ML-DSA,sign,44,21515,796
ML-DSA,sign,44,21516,797
ML-DSA,sign,44,63268,798
ML-DSA,sign,44,91753,799
ML-DSA,sign,44,37920,800
ML-DSA,sign,44,63253,801
ML-DSA,sign,44,36435,802
ML-DSA,sign,44,28983,803
ML-DSA,sign,44,21511,804
ML-DSA,sign,44,54327,805
ML-DSA,sign,44,21512,806
ML-DSA,sign,44,39348,807
ML-DSA,sign,44,61832,808
ML-DSA,sign,44,167909,809
ML-DSA,sign,44,70733,810
ML-DSA,sign,44,37931,811
ML-DSA,sign,44,21512,812
ML-DSA,sign,44,127453,813
ML-DSA,sign,44,37921,814
ML-DSA,sign,44,28980,815
ML-DSA,sign,44,29004,816
ML-DSA,sign,44,52901,817
ML-DSA,sign,44,30449,818
ML-DSA,sign,44,45414,819
ML-DSA,sign,44,28980,820
ML-DSA,sign,44,36469,821
ML-DSA,sign,44,37912,822
ML-DSA,sign,44,36457,823
ML-DSA,sign,44,43924,824
ML-DSA,sign,44,21520,825
ML-DSA,sign,44,36461,826
ML-DSA,sign,44,78218,827
ML-DSA,sign,44,21511,828
ML-DSA,sign,44,21515,829
ML-DSA,sign,44,64715,830
ML-DSA,sign,44,54313,831
ML-DSA,sign,44,81346,832
ML-DSA,sign,44,47009,833
ML-DSA,sign,44,61801,834
ML-DSA,sign,44,21520,835
ML-DSA,sign,44,69220,836
ML-DSA,sign,44,46870,837
ML-DSA,sign,44,81121,838
ML-DSA,sign,44,52859,839
ML-DSA,sign,44,87086,840
ML-DSA,sign,44,45407,841
ML-DSA,sign,44,30442,842
ML-DSA,sign,44,30451,843
ML-DSA,sign,44,21512,844
ML-DSA,sign,44,21515,845
ML-DSA,sign,44,100598,846
ML-DSA,sign,44,79666,847
ML-DSA,sign,44,21515,848
ML-DSA,sign,44,39369,849
ML-DSA,sign,44,61796,850
ML-DSA,sign,44,172333,851
ML-DSA,sign,44,45416,852
ML-DSA,sign,44,21520,853
ML-DSA,sign,44,21512,854
ML-DSA,sign,44,30464,855
ML-DSA,sign,44,43934,856
ML-DSA,sign,44,21515,857
ML-DSA,sign,44,54336,858
ML-DSA,sign,44,21515,859
ML-DSA,sign,44,28994,860
ML-DSA,sign,44,21515,861
ML-DSA,sign,44,46829,862
ML-DSA,sign,44,21516,863
ML-DSA,sign,44,37894,864
ML-DSA,sign,44,21516,865
ML-DSA,sign,44,28988,866
ML-DSA,sign,44,46852,867
ML-DSA,sign,44,55751,868
ML-DSA,sign,44,29013,869
ML-DSA,sign,44,21512,870
ML-DSA,sign,44,37924,871
ML-DSA,sign,44,63239,872
ML-DSA,sign,44,66328,873
ML-DSA,sign,44,54391,874
ML-DSA,sign,44,21519,875
ML-DSA,sign,44,21512,876
ML-DSA,sign,44,21515,877
ML-DSA,sign,44,70751,878
ML-DSA,sign,44,173773,879
ML-DSA,sign,44,21511,880
ML-DSA,sign,44,36454,881
ML-DSA,sign,44,21512,882
ML-DSA,sign,44,21515,883
ML-DSA,sign,44,46843,884
ML-DSA,sign,44,37898,885
ML-DSA,sign,44,119936,886
ML-DSA,sign,44,30442,887
ML-DSA,sign,44,36469,888
ML-DSA,sign,44,52854,889
ML-DSA,sign,44,85709,890
ML-DSA,sign,44,52905,891
ML-DSA,sign,44,85681,892
ML-DSA,sign,44,45400,893
ML-DSA,sign,44,21512,894
ML-DSA,sign,44,21516,895
ML-DSA,sign,44,45401,896
ML-DSA,sign,44,21516,897
ML-DSA,sign,44,21512,898
ML-DSA,sign,44,30460,899
ML-DSA,sign,44,99207,900
ML-DSA,sign,44,64683,901
ML-DSA,sign,44,28990,902
ML-DSA,sign,44,67841,903
ML-DSA,sign,44,28977,904
ML-DSA,sign,44,21516,905
ML-DSA,sign,44,234800,906
ML-DSA,sign,44,21516,907
ML-DSA,sign,44,21511,908
ML-DSA,sign,44,21515,909
ML-DSA,sign,44,54325,910
ML-DSA,sign,44,21520,911
ML-DSA,sign,44,37931,912
ML-DSA,sign,44,60373,913
ML-DSA,sign,44,36450,914
ML-DSA,sign,44,21516,915
ML-DSA,sign,44,36447,916
ML-DSA,sign,44,21516,917
ML-DSA,sign,44,21511,918
ML-DSA,sign,44,21515,919
ML-DSA,sign,44,45421,920
ML-DSA,sign,44,39353,921
ML-DSA,sign,44,37959,922
ML-DSA,sign,44,45414,923
ML-DSA,sign,44,37905,924
ML-DSA,sign,44,93189,925
ML-DSA,sign,44,21515,926
ML-DSA,sign,44,30458,927
ML-DSA,sign,44,63280,928
ML-DSA,sign,44,60376,929
ML-DSA,sign,44,52899,930
ML-DSA,sign,44,45398,931
ML-DSA,sign,44,28979,932
ML-DSA,sign,44,37923,933
ML-DSA,sign,44,30443,934
ML-DSA,sign,44,43950,935
ML-DSA,sign,44,21512,936
ML-DSA,sign,44,37934,937
ML-DSA,sign,44,37948,938
ML-DSA,sign,44,21516,939
ML-DSA,sign,44,45423,940
ML-DSA,sign,44,30450,941
ML-DSA,sign,44,21512,942
ML-DSA,sign,44,75285,943
ML-DSA,sign,44,37914,944
ML-DSA,sign,44,30432,945
ML-DSA,sign,44,30464,946
ML-DSA,sign,44,46855,947
ML-DSA,sign,44,70764,948
ML-DSA,sign,44,21516,949
ML-DSA,sign,44,52894,950
ML-DSA,sign,44,37917,951
ML-DSA,sign,44,21512,952
ML-DSA,sign,44,30434,953
ML-DSA,sign,44,28985,954
ML-DSA,sign,44,36471,955
ML-DSA,sign,44,21512,956
ML-DSA,sign,44,21517,957
ML-DSA,sign,44,70910,958
ML-DSA,sign,44,69225,959
ML-DSA,sign,44,21515,960
ML-DSA,sign,44,87156,961
ML-DSA,sign,44,30434,962
ML-DSA,sign,44,39380,963
ML-DSA,sign,44,128832,964
ML-DSA,sign,44,72218,965
ML-DSA,sign,44,30433,966
ML-DSA,sign,44,52851,967
ML-DSA,sign,44,30434,968
ML-DSA,sign,44,46836,969
ML-DSA,sign,44,46820,970
ML-DSA,sign,44,21516,971
ML-DSA,sign,44,21512,972
ML-DSA,sign,44,78176,973
ML-DSA,sign,44,30441,974
ML-DSA,sign,44,29005,975
ML-DSA,sign,44,121584,976
ML-DSA,sign,44,21520,977
ML-DSA,sign,44,30457,978
ML-DSA,sign,44,37921,979
ML-DSA,sign,44,158712,980
ML-DSA,sign,44,21516,981
ML-DSA,sign,44,45410,982
ML-DSA,sign,44,29003,983
ML-DSA,sign,44,36452,984
ML-DSA,sign,44,21516,985
ML-DSA,sign,44,21511,986
ML-DSA,sign,44,37953,987
ML-DSA,sign,44,76758,988
ML-DSA,sign,44,37966,989
ML-DSA,sign,44,36485,990
ML-DSA,sign,44,37897,991
ML-DSA,sign,44,54314,992
ML-DSA,sign,44,28982,993
ML-DSA,sign,44,21512,994
ML-DSA,sign,44,39355,995
ML-DSA,sign,44,37919,996
ML-DSA,sign,44,21515,997
ML-DSA,sign,44,21512,998
ML-DSA,sign,44,46848,999
ML-DSA,sign,44,37931,1000
ML-DSA,sign,44,28996,1001
ML-DSA,sign,44,28986,1002
ML-DSA,sign,44,37948,1003
ML-DSA,sign,44,78214,1004
ML-DSA,sign,44,93141,1005
ML-DSA,sign,44,72223,1006
ML-DSA,sign,44,21516,1007
ML-DSA,sign,44,64863,1008
ML-DSA,sign,44,43962,1009
ML-DSA,sign,44,21512,1010
ML-DSA,sign,44,45426,1011
ML-DSA,sign,44,37921,1012
ML-DSA,sign,44,28983,1013
ML-DSA,sign,44,30459,1014
ML-DSA,sign,44,28989,1015
ML-DSA,sign,44,185614,1016
ML-DSA,sign,44,64864,1017
ML-DSA,sign,44,43972,1018
ML-DSA,sign,44,48470,1019
ML-DSA,sign,44,28991,1020
ML-DSA,sign,44,139470,1021
ML-DSA,sign,44,21517,1022
ML-DSA,sign,44,52843,1023
ML-DSA,sign,44,28975,1024
ML-DSA,sign,44,30440,1025
ML-DSA,sign,44,28977,1026
ML-DSA,sign,44,21520,1027
ML-DSA,sign,44,37943,1028
ML-DSA,sign,44,51429,1029
ML-DSA,sign,44,21512,1030
ML-DSA,sign,44,36441,1031
ML-DSA,sign,44,46863,1032
ML-DSA,sign,44,21515,1033
ML-DSA,sign,44,21511,1034
ML-DSA,sign,44,21520,1035
ML-DSA,sign,44,28987,1036
ML-DSA,sign,44,21520,1037
ML-DSA,sign,44,36455,1038
ML-DSA,sign,44,93198,1039
ML-DSA,sign,44,54330,1040
ML-DSA,sign,44,115565,1041
ML-DSA,sign,44,61818,1042
ML-DSA,sign,44,125958,1043
ML-DSA,sign,44,45405,1044
ML-DSA,sign,44,21515,1045
ML-DSA,sign,44,76691,1046
ML-DSA,sign,44,30435,1047
ML-DSA,sign,44,21511,1048
ML-DSA,sign,44,21517,1049
ML-DSA,sign,44,54303,1050
ML-DSA,sign,44,30460,1051
ML-DSA,sign,44,21511,1052
ML-DSA,sign,44,61830,1053
ML-DSA,sign,44,39345,1054
ML-DSA,sign,44,21515,1055
ML-DSA,sign,44,21511,1056
ML-DSA,sign,44,37941,1057
ML-DSA,sign,44,130348,1058
ML-DSA,sign,44,29003,1059
ML-DSA,sign,44,84208,1060
ML-DSA,sign,44,64715,1061
ML-DSA,sign,44,37896,1062
ML-DSA,sign,44,70735,1063
ML-DSA,sign,44,21511,1064
ML-DSA,sign,44,28982,1065
ML-DSA,sign,44,21511,1066
ML-DSA,sign,44,21515,1067
ML-DSA,sign,44,28981,1068
ML-DSA,sign,44,21515,1069
ML-DSA,sign,44,36480,1070
ML-DSA,sign,44,21515,1071
ML-DSA,sign,44,84247,1072
ML-DSA,sign,44,52880,1073
ML-DSA,sign,44,61831,1074
ML-DSA,sign,44,37903,1075
ML-DSA,sign,44,36478,1076
ML-DSA,sign,44,52892,1077
ML-DSA,sign,44,63261,1078
ML-DSA,sign,44,29006,1079
ML-DSA,sign,44,63255,1080
ML-DSA,sign,44,84238,1081
ML-DSA,sign,44,30429,1082
ML-DSA,sign,44,55752,1083
ML-DSA,sign,44,21516,1084
ML-DSA,sign,44,54314,1085
ML-DSA,sign,44,100759,1086
ML-DSA,sign,44,36457,1087
ML-DSA,sign,44,76737,1088
ML-DSA,sign,44,28985,1089
ML-DSA,sign,44,37934,1090
ML-DSA,sign,44,72182,1091
ML-DSA,sign,44,96095,1092
ML-DSA,sign,44,21516,1093
ML-DSA,sign,44,28974,1094
ML-DSA,sign,44,46827,1095
ML-DSA,sign,44,45394,1096
ML-DSA,sign,44,28981,1097
ML-DSA,sign,44,21511,1098
ML-DSA,sign,44,29007,1099
ML-DSA,sign,44,45380,1100
ML-DSA,sign,44,63255,1101
ML-DSA,sign,44,21511,1102
ML-DSA,sign,44,21520,1103
ML-DSA,sign,44,21512,1104
ML-DSA,sign,44,37934,1105
ML-DSA,sign,44,37906,1106
ML-DSA,sign,44,124535,1107
ML-DSA,sign,44,118622,1108
ML-DSA,sign,44,45375,1109
ML-DSA,sign,44,28994,1110
ML-DSA,sign,44,136414,1111
ML-DSA,sign,44,37899,1112
ML-DSA,sign,44,30440,1113
ML-DSA,sign,44,40987,1114
ML-DSA,sign,44,29011,1115
ML-DSA,sign,44,48307,1116
ML-DSA,sign,44,79637,1117
ML-DSA,sign,44,37898,1118
ML-DSA,sign,44,36508,1119
ML-DSA,sign,44,63248,1120
ML-DSA,sign,44,36461,1121
ML-DSA,sign,44,29011,1122
ML-DSA,sign,44,115610,1123
ML-DSA,sign,44,81080,1124
ML-DSA,sign,44,64711,1125
ML-DSA,sign,44,52871,1126
ML-DSA,sign,44,21515,1127
ML-DSA,sign,44,21516,1128
ML-DSA,sign,44,94618,1129
ML-DSA,sign,44,94606,1130
ML-DSA,sign,44,54328,1131
ML-DSA,sign,44,21511,1132
ML-DSA,sign,44,39402,1133
ML-DSA,sign,44,28988,1134
ML-DSA,sign,44,21516,1135
ML-DSA,sign,44,45420,1136
ML-DSA,sign,44,28989,1137
ML-DSA,sign,44,61811,1138
ML-DSA,sign,44,30459,1139
ML-DSA,sign,44,69273,1140
ML-DSA,sign,44,36467,1141
ML-DSA,sign,44,21515,1142
ML-DSA,sign,44,30432,1143
ML-DSA,sign,44,21512,1144
ML-DSA,sign,44,21516,1145
ML-DSA,sign,44,61764,1146
ML-DSA,sign,44,136623,1147
ML-DSA,sign,44,21512,1148
ML-DSA,sign,44,21516,1149
ML-DSA,sign,44,21511,1150
ML-DSA,sign,44,84209,1151
ML-DSA,sign,44,46876,1152
ML-DSA,sign,44,30456,1153
ML-DSA,sign,44,28975,1154
ML-DSA,sign,44,45422,1155
ML-DSA,sign,44,30453,1156
ML-DSA,sign,44,21516,1157
ML-DSA,sign,44,55815,1158
ML-DSA,sign,44,46848,1159
ML-DSA,sign,44,52845,1160
ML-DSA,sign,44,85622,1161
ML-DSA,sign,44,87113,1162
ML-DSA,sign,44,122880,1163
ML-DSA,sign,44,67847,1164
ML-DSA,sign,44,28982,1165
ML-DSA,sign,44,45386,1166
ML-DSA,sign,44,29005,1167
ML-DSA,sign,44,63274,1168
ML-DSA,sign,44,52853,1169
ML-DSA,sign,44,134881,1170
ML-DSA,sign,44,64692,1171
ML-DSA,sign,44,21511,1172
ML-DSA,sign,44,46843,1173
ML-DSA,sign,44,75287,1174
ML-DSA,sign,44,237956,1175
ML-DSA,sign,44,21515,1176
ML-DSA,sign,44,21515,1177
ML-DSA,sign,44,36455,1178
ML-DSA,sign,44,54358,1179
ML-DSA,sign,44,102034,1180
ML-DSA,sign,44,52885,1181
ML-DSA,sign,44,21511,1182
ML-DSA,sign,44,46822,1183
ML-DSA,sign,44,79642,1184
ML-DSA,sign,44,87186,1185
ML-DSA,sign,44,29002,1186
ML-DSA,sign,44,79686,1187
ML-DSA,sign,44,29007,1188
ML-DSA,sign,44,21515,1189
ML-DSA,sign,44,55766,1190
ML-DSA,sign,44,39389,1191
ML-DSA,sign,44,134908,1192
ML-DSA,sign,44,21515,1193
ML-DSA,sign,44,30463,1194
ML-DSA,sign,44,61794,1195
ML-DSA,sign,44,21512,1196
ML-DSA,sign,44,21520,1197
ML-DSA,sign,44,28981,1198
ML-DSA,sign,44,21519,1199
ML-DSA,sign,44,61798,1200
ML-DSA,sign,44,21515,1201
ML-DSA,sign,44,45447,1202
ML-DSA,sign,44,21516,1203
ML-DSA,sign,44,70726,1204
ML-DSA,sign,44,36452,1205
ML-DSA,sign,44,52902,1206
ML-DSA,sign,44,84253,1207
ML-DSA,sign,44,29009,1208
ML-DSA,sign,44,79656,1209
ML-DSA,sign,44,21511,1210
ML-DSA,sign,44,70762,1211
ML-DSA,sign,44,54375,1212
ML-DSA,sign,44,52861,1213
ML-DSA,sign,44,87184,1214
ML-DSA,sign,44,21515,1215
ML-DSA,sign,44,43912,1216
ML-DSA,sign,44,37892,1217
ML-DSA,sign,44,52856,1218
ML-DSA,sign,44,54356,1219
ML-DSA,sign,44,21511,1220
ML-DSA,sign,44,152912,1221
ML-DSA,sign,44,43938,1222
ML-DSA,sign,44,81153,1223
ML-DSA,sign,44,84203,1224
ML-DSA,sign,44,97511,1225
ML-DSA,sign,44,36469,1226
ML-DSA,sign,44,45417,1227
ML-DSA,sign,44,137840,1228
ML-DSA,sign,44,103575,1229
ML-DSA,sign,44,21512,1230
ML-DSA,sign,44,88595,1231
ML-DSA,sign,44,45393,1232
ML-DSA,sign,44,36473,1233
ML-DSA,sign,44,60384,1234
ML-DSA,sign,44,36477,1235
ML-DSA,sign,44,43934,1236
ML-DSA,sign,44,39366,1237
ML-DSA,sign,44,36453,1238
ML-DSA,sign,44,64750,1239
ML-DSA,sign,44,30455,1240
ML-DSA,sign,44,37926,1241
ML-DSA,sign,44,126012,1242
ML-DSA,sign,44,91723,1243
ML-DSA,sign,44,96057,1244
ML-DSA,sign,44,58890,1245
ML-DSA,sign,44,96114,1246
ML-DSA,sign,44,29013,1247
ML-DSA,sign,44,36470,1248
ML-DSA,sign,44,30461,1249
ML-DSA,sign,44,21515,1250
ML-DSA,sign,44,21517,1251
ML-DSA,sign,44,139496,1252
ML-DSA,sign,44,61820,1253
ML-DSA,sign,44,21511,1254
ML-DSA,sign,44,39383,1255
ML-DSA,sign,44,64720,1256
ML-DSA,sign,44,78233,1257
ML-DSA,sign,44,21511,1258
ML-DSA,sign,44,70781,1259
ML-DSA,sign,44,28973,1260
ML-DSA,sign,44,54337,1261
ML-DSA,sign,44,37929,1262
ML-DSA,sign,44,54323,1263
ML-DSA,sign,44,96205,1264
ML-DSA,sign,44,96036,1265
ML-DSA,sign,44,21516,1266
ML-DSA,sign,44,39379,1267
ML-DSA,sign,44,37910,1268
ML-DSA,sign,44,87175,1269
ML-DSA,sign,44,28986,1270
ML-DSA,sign,44,48340,1271
ML-DSA,sign,44,21511,1272
ML-DSA,sign,44,21516,1273
ML-DSA,sign,44,78170,1274
ML-DSA,sign,44,30432,1275
ML-DSA,sign,44,63273,1276
ML-DSA,sign,44,60372,1277
ML-DSA,sign,44,60320,1278
ML-DSA,sign,44,21521,1279
ML-DSA,sign,44,97511,1280
ML-DSA,sign,44,54314,1281
ML-DSA,sign,44,21512,1282
ML-DSA,sign,44,75300,1283
ML-DSA,sign,44,37903,1284
ML-DSA,sign,44,28976,1285
ML-DSA,sign,44,37931,1286
ML-DSA,sign,44,113907,1287
ML-DSA,sign,44,28988,1288
ML-DSA,sign,44,21520,1289
ML-DSA,sign,44,21512,1290
ML-DSA,sign,44,21516,1291
ML-DSA,sign,44,21512,1292
ML-DSA,sign,44,21515,1293
ML-DSA,sign,44,110953,1294
ML-DSA,sign,44,21519,1295
ML-DSA,sign,44,51440,1296
ML-DSA,sign,44,21516,1297
ML-DSA,sign,44,48285,1298
ML-DSA,sign,44,69273,1299
ML-DSA,sign,44,28986,1300
ML-DSA,sign,44,21515,1301
ML-DSA,sign,44,29012,1302
ML-DSA,sign,44,21516,1303
ML-DSA,sign,44,21512,1304
ML-DSA,sign,44,69316,1305
ML-DSA,sign,44,61797,1306
ML-DSA,sign,44,54336,1307
ML-DSA,sign,44,69271,1308
ML-DSA,sign,44,43963,1309
ML-DSA,sign,44,21511,1310
ML-DSA,sign,44,21516,1311
ML-DSA,sign,44,28987,1312
ML-DSA,sign,44,61767,1313
ML-DSA,sign,44,51395,1314
ML-DSA,sign,44,100424,1315
ML-DSA,sign,44,30457,1316
ML-DSA,sign,44,39398,1317
ML-DSA,sign,44,72189,1318
ML-DSA,sign,44,28984,1319
ML-DSA,sign,44,21512,1320
ML-DSA,sign,44,21516,1321
ML-DSA,sign,44,46860,1322
ML-DSA,sign,44,61815,1323
ML-DSA,sign,44,46824,1324
ML-DSA,sign,44,21516,1325
ML-DSA,sign,44,21512,1326
ML-DSA,sign,44,28986,1327
ML-DSA,sign,44,21512,1328
ML-DSA,sign,44,21516,1329
ML-DSA,sign,44,46859,1330
ML-DSA,sign,44,21516,1331
ML-DSA,sign,44,118449,1332
ML-DSA,sign,44,87120,1333
ML-DSA,sign,44,28973,1334
ML-DSA,sign,44,28981,1335
ML-DSA,sign,44,45428,1336
ML-DSA,sign,44,30456,1337
ML-DSA,sign,44,45408,1338
ML-DSA,sign,44,45395,1339
ML-DSA,sign,44,131999,1340
ML-DSA,sign,44,21516,1341
ML-DSA,sign,44,61800,1342
ML-DSA,sign,44,21516,1343
ML-DSA,sign,44,36472,1344
ML-DSA,sign,44,54300,1345
ML-DSA,sign,44,67858,1346
ML-DSA,sign,44,108092,1347
ML-DSA,sign,44,21512,1348
ML-DSA,sign,44,21515,1349
ML-DSA,sign,44,45379,1350
ML-DSA,sign,44,54345,1351
ML-DSA,sign,44,30436,1352
ML-DSA,sign,44,46864,1353
ML-DSA,sign,44,28974,1354
ML-DSA,sign,44,54317,1355
ML-DSA,sign,44,37904,1356
ML-DSA,sign,44,30448,1357
ML-DSA,sign,44,39382,1358
ML-DSA,sign,44,37922,1359
ML-DSA,sign,44,37920,1360
ML-DSA,sign,44,45441,1361
ML-DSA,sign,44,70710,1362
ML-DSA,sign,44,96095,1363
ML-DSA,sign,44,21511,1364
ML-DSA,sign,44,29009,1365
ML-DSA,sign,44,28997,1366
ML-DSA,sign,44,21516,1367
ML-DSA,sign,44,21511,1368
ML-DSA,sign,44,21515,1369
ML-DSA,sign,44,54368,1370
ML-DSA,sign,44,52885,1371
ML-DSA,sign,44,30456,1372
ML-DSA,sign,44,124514,1373
ML-DSA,sign,44,30431,1374
ML-DSA,sign,44,45386,1375
ML-DSA,sign,44,205238,1376
ML-DSA,sign,44,61804,1377
ML-DSA,sign,44,190091,1378
ML-DSA,sign,44,28985,1379
ML-DSA,sign,44,37906,1380
ML-DSA,sign,44,21520,1381
ML-DSA,sign,44,30459,1382
ML-DSA,sign,44,79614,1383
ML-DSA,sign,44,105173,1384
ML-DSA,sign,44,30452,1385
ML-DSA,sign,44,30463,1386
ML-DSA,sign,44,72151,1387
ML-DSA,sign,44,21516,1388
ML-DSA,sign,44,21516,1389
ML-DSA,sign,44,39385,1390
ML-DSA,sign,44,43962,1391
ML-DSA,sign,44,21511,1392
ML-DSA,sign,44,58862,1393
ML-DSA,sign,44,82753,1394
ML-DSA,sign,44,69296,1395
ML-DSA,sign,44,30426,1396
ML-DSA,sign,44,97536,1397
ML-DSA,sign,44,21511,1398
ML-DSA,sign,44,63277,1399
ML-DSA,sign,44,21512,1400
ML-DSA,sign,44,36454,1401
ML-DSA,sign,44,37891,1402
ML-DSA,sign,44,21516,1403
ML-DSA,sign,44,43952,1404
ML-DSA,sign,44,29005,1405
ML-DSA,sign,44,54313,1406
ML-DSA,sign,44,28997,1407
ML-DSA,sign,44,81121,1408
ML-DSA,sign,44,54310,1409
ML-DSA,sign,44,21512,1410
ML-DSA,sign,44,21516,1411
ML-DSA,sign,44,46846,1412
ML-DSA,sign,44,21516,1413
ML-DSA,sign,44,67800,1414
ML-DSA,sign,44,63254,1415
ML-DSA,sign,44,21511,1416
ML-DSA,sign,44,69283,1417
ML-DSA,sign,44,21512,1418
ML-DSA,sign,44,84229,1419
ML-DSA,sign,44,52920,1420
ML-DSA,sign,44,90213,1421
ML-DSA,sign,44,28976,1422
ML-DSA,sign,44,61807,1423
ML-DSA,sign,44,28975,1424
ML-DSA,sign,44,52868,1425
ML-DSA,sign,44,21511,1426
ML-DSA,sign,44,45398,1427
ML-DSA,sign,44,28978,1428
ML-DSA,sign,44,29007,1429
ML-DSA,sign,44,21511,1430
ML-DSA,sign,44,63292,1431
ML-DSA,sign,44,21512,1432
ML-DSA,sign,44,30439,1433
ML-DSA,sign,44,64745,1434
ML-DSA,sign,44,61788,1435
ML-DSA,sign,44,46816,1436
ML-DSA,sign,44,21515,1437
ML-DSA,sign,44,73683,1438
ML-DSA,sign,44,112476,1439
ML-DSA,sign,44,21511,1440
ML-DSA,sign,44,45394,1441
ML-DSA,sign,44,28976,1442
ML-DSA,sign,44,43955,1443
ML-DSA,sign,44,28988,1444
ML-DSA,sign,44,21516,1445
ML-DSA,sign,44,69319,1446
ML-DSA,sign,44,109504,1447
ML-DSA,sign,44,21511,1448
ML-DSA,sign,44,21515,1449
ML-DSA,sign,44,36461,1450
ML-DSA,sign,44,60404,1451
ML-DSA,sign,44,94609,1452
ML-DSA,sign,44,30439,1453
ML-DSA,sign,44,60365,1454
ML-DSA,sign,44,37915,1455
ML-DSA,sign,44,36486,1456
ML-DSA,sign,44,45387,1457
ML-DSA,sign,44,37903,1458
ML-DSA,sign,44,29003,1459
ML-DSA,sign,44,78152,1460
ML-DSA,sign,44,43981,1461
ML-DSA,sign,44,21511,1462
ML-DSA,sign,44,64724,1463
ML-DSA,sign,44,29010,1464
ML-DSA,sign,44,21516,1465
ML-DSA,sign,44,21511,1466
ML-DSA,sign,44,69334,1467
ML-DSA,sign,44,43918,1468
ML-DSA,sign,44,28983,1469
ML-DSA,sign,44,30432,1470
ML-DSA,sign,44,36462,1471
ML-DSA,sign,44,78240,1472
ML-DSA,sign,44,21516,1473
ML-DSA,sign,44,21511,1474
ML-DSA,sign,44,43936,1475
ML-DSA,sign,44,21511,1476
ML-DSA,sign,44,48502,1477
ML-DSA,sign,44,55931,1478
ML-DSA,sign,44,87146,1479
ML-DSA,sign,44,84258,1480
ML-DSA,sign,44,36498,1481
ML-DSA,sign,44,28986,1482
ML-DSA,sign,44,21515,1483
ML-DSA,sign,44,21511,1484
ML-DSA,sign,44,72172,1485
ML-DSA,sign,44,124522,1486
ML-DSA,sign,44,30435,1487
ML-DSA,sign,44,30458,1488
ML-DSA,sign,44,21515,1489
ML-DSA,sign,44,37928,1490
ML-DSA,sign,44,39400,1491
ML-DSA,sign,44,28994,1492
ML-DSA,sign,44,54355,1493
ML-DSA,sign,44,28983,1494
ML-DSA,sign,44,21516,1495
ML-DSA,sign,44,21511,1496
ML-DSA,sign,44,21515,1497
ML-DSA,sign,44,45394,1498
ML-DSA,sign,44,61831,1499
ML-DSA,sign,44,148367,1500
ML-DSA,sign,44,21515,1501
ML-DSA,sign,44,28993,1502
ML-DSA,sign,44,30433,1503
ML-DSA,sign,44,97533,1504
ML-DSA,sign,44,21515,1505
ML-DSA,sign,44,45389,1506
ML-DSA,sign,44,28992,1507
ML-DSA,sign,44,28995,1508
ML-DSA,sign,44,30437,1509
ML-DSA,sign,44,21516,1510
ML-DSA,sign,44,21516,1511
ML-DSA,sign,44,43939,1512
ML-DSA,sign,44,21515,1513
ML-DSA,sign,44,30425,1514
ML-DSA,sign,44,135004,1515
ML-DSA,sign,44,21512,1516
ML-DSA,sign,44,37930,1517
ML-DSA,sign,44,28991,1518
ML-DSA,sign,44,29003,1519
ML-DSA,sign,44,21511,1520
ML-DSA,sign,44,158883,1521
ML-DSA,sign,44,21511,1522
ML-DSA,sign,44,85655,1523
ML-DSA,sign,44,21516,1524
ML-DSA,sign,44,60348,1525
ML-DSA,sign,44,21512,1526
ML-DSA,sign,44,103695,1527
ML-DSA,sign,44,28982,1528
ML-DSA,sign,44,30435,1529
ML-DSA,sign,44,21511,1530
ML-DSA,sign,44,55765,1531
ML-DSA,sign,44,130531,1532
ML-DSA,sign,44,85665,1533
ML-DSA,sign,44,30454,1534
ML-DSA,sign,44,54367,1535
ML-DSA,sign,44,46993,1536
ML-DSA,sign,44,28984,1537
ML-DSA,sign,44,21516,1538
ML-DSA,sign,44,45420,1539
ML-DSA,sign,44,54300,1540
ML-DSA,sign,44,28976,1541
ML-DSA,sign,44,21516,1542
ML-DSA,sign,44,29002,1543
ML-DSA,sign,44,63271,1544
ML-DSA,sign,44,37908,1545
ML-DSA,sign,44,67818,1546
ML-DSA,sign,44,54321,1547
ML-DSA,sign,44,94625,1548
ML-DSA,sign,44,76882,1549
ML-DSA,sign,44,60318,1550
ML-DSA,sign,44,46882,1551
ML-DSA,sign,44,54347,1552
ML-DSA,sign,44,48318,1553
ML-DSA,sign,44,37922,1554
ML-DSA,sign,44,21515,1555
ML-DSA,sign,44,21512,1556
ML-DSA,sign,44,21515,1557
ML-DSA,sign,44,21515,1558
ML-DSA,sign,44,45391,1559
ML-DSA,sign,44,28982,1560
ML-DSA,sign,44,75306,1561
ML-DSA,sign,44,70711,1562
ML-DSA,sign,44,21515,1563
ML-DSA,sign,44,45399,1564
ML-DSA,sign,44,43976,1565
ML-DSA,sign,44,127619,1566
ML-DSA,sign,44,54334,1567
ML-DSA,sign,44,39377,1568
ML-DSA,sign,44,21515,1569
ML-DSA,sign,44,102109,1570
ML-DSA,sign,44,37949,1571
ML-DSA,sign,44,39382,1572
ML-DSA,sign,44,36445,1573
ML-DSA,sign,44,67839,1574
ML-DSA,sign,44,28979,1575
ML-DSA,sign,44,45402,1576
ML-DSA,sign,44,67845,1577
ML-DSA,sign,44,28984,1578
ML-DSA,sign,44,51412,1579
ML-DSA,sign,44,37913,1580
ML-DSA,sign,44,45375,1581
ML-DSA,sign,44,30428,1582
ML-DSA,sign,44,21515,1583
ML-DSA,sign,44,179678,1584
ML-DSA,sign,44,52877,1585
ML-DSA,sign,44,81300,1586
ML-DSA,sign,44,52868,1587
ML-DSA,sign,44,21511,1588
ML-DSA,sign,44,30446,1589
ML-DSA,sign,44,21512,1590
ML-DSA,sign,44,48311,1591
ML-DSA,sign,44,37907,1592
ML-DSA,sign,44,45397,1593
ML-DSA,sign,44,100641,1594
ML-DSA,sign,44,30457,1595
ML-DSA,sign,44,37949,1596
ML-DSA,sign,44,21516,1597
ML-DSA,sign,44,36488,1598
ML-DSA,sign,44,21520,1599
ML-DSA,sign,44,21512,1600
ML-DSA,sign,44,52886,1601
ML-DSA,sign,44,36476,1602
ML-DSA,sign,44,30450,1603
ML-DSA,sign,44,21512,1604
ML-DSA,sign,44,45397,1605
ML-DSA,sign,44,37931,1606
ML-DSA,sign,44,61826,1607
ML-DSA,sign,44,156047,1608
ML-DSA,sign,44,39530,1609
ML-DSA,sign,44,70736,1610
ML-DSA,sign,44,21515,1611
ML-DSA,sign,44,37910,1612
ML-DSA,sign,44,30458,1613
ML-DSA,sign,44,145234,1614
ML-DSA,sign,44,69229,1615
ML-DSA,sign,44,28975,1616
ML-DSA,sign,44,46884,1617
ML-DSA,sign,44,79620,1618
ML-DSA,sign,44,114226,1619
ML-DSA,sign,44,30431,1620
ML-DSA,sign,44,164625,1621
ML-DSA,sign,44,111012,1622
ML-DSA,sign,44,76821,1623
ML-DSA,sign,44,36498,1624
ML-DSA,sign,44,82578,1625
ML-DSA,sign,44,70756,1626
ML-DSA,sign,44,45385,1627
ML-DSA,sign,44,43966,1628
ML-DSA,sign,44,37922,1629
ML-DSA,sign,44,66332,1630
ML-DSA,sign,44,39379,1631
ML-DSA,sign,44,127503,1632
ML-DSA,sign,44,134935,1633
ML-DSA,sign,44,37922,1634
ML-DSA,sign,44,37927,1635
ML-DSA,sign,44,46825,1636
ML-DSA,sign,44,21515,1637
ML-DSA,sign,44,43950,1638
ML-DSA,sign,44,21515,1639
ML-DSA,sign,44,21512,1640
ML-DSA,sign,44,55823,1641
ML-DSA,sign,44,46843,1642
ML-DSA,sign,44,39388,1643
ML-DSA,sign,44,36440,1644
ML-DSA,sign,44,28993,1645
ML-DSA,sign,44,21511,1646
ML-DSA,sign,44,21519,1647
ML-DSA,sign,44,45385,1648
ML-DSA,sign,44,28994,1649
ML-DSA,sign,44,55794,1650
ML-DSA,sign,44,28997,1651
ML-DSA,sign,44,45392,1652
ML-DSA,sign,44,21516,1653
ML-DSA,sign,44,46858,1654
ML-DSA,sign,44,96102,1655
ML-DSA,sign,44,79673,1656
ML-DSA,sign,44,48279,1657
ML-DSA,sign,44,55823,1658
ML-DSA,sign,44,21516,1659
ML-DSA,sign,44,21512,1660
ML-DSA,sign,44,39345,1661
ML-DSA,sign,44,30437,1662
ML-DSA,sign,44,30454,1663
ML-DSA,sign,44,21515,1664
ML-DSA,sign,44,28973,1665
ML-DSA,sign,44,30453,1666
ML-DSA,sign,44,39379,1667
ML-DSA,sign,44,21516,1668
ML-DSA,sign,44,60347,1669
ML-DSA,sign,44,30437,1670
ML-DSA,sign,44,30458,1671
ML-DSA,sign,44,37902,1672
ML-DSA,sign,44,30432,1673
ML-DSA,sign,44,76731,1674
ML-DSA,sign,44,21516,1675
ML-DSA,sign,44,45401,1676
ML-DSA,sign,44,84263,1677
ML-DSA,sign,44,100585,1678
ML-DSA,sign,44,37942,1679
ML-DSA,sign,44,93135,1680
ML-DSA,sign,44,76739,1681
ML-DSA,sign,44,63423,1682
ML-DSA,sign,44,28983,1683
ML-DSA,sign,44,60302,1684
ML-DSA,sign,44,93144,1685
ML-DSA,sign,44,30434,1686
ML-DSA,sign,44,21516,1687
ML-DSA,sign,44,37896,1688
ML-DSA,sign,44,30446,1689
ML-DSA,sign,44,182638,1690
ML-DSA,sign,44,37913,1691
ML-DSA,sign,44,21512,1692
ML-DSA,sign,44,30443,1693
ML-DSA,sign,44,36448,1694
ML-DSA,sign,44,28994,1695
ML-DSA,sign,44,45381,1696
ML-DSA,sign,44,81136,1697
ML-DSA,sign,44,21512,1698
ML-DSA,sign,44,78269,1699
ML-DSA,sign,44,21516,1700
ML-DSA,sign,44,30454,1701
ML-DSA,sign,44,21512,1702
ML-DSA,sign,44,36472,1703
ML-DSA,sign,44,48301,1704
ML-DSA,sign,44,103563,1705
ML-DSA,sign,44,46883,1706
ML-DSA,sign,44,21520,1707
ML-DSA,sign,44,30438,1708
ML-DSA,sign,44,104989,1709
ML-DSA,sign,44,178089,1710
ML-DSA,sign,44,111095,1711
ML-DSA,sign,44,64711,1712
ML-DSA,sign,44,21516,1713
ML-DSA,sign,44,21512,1714
ML-DSA,sign,44,87143,1715
ML-DSA,sign,44,60329,1716
ML-DSA,sign,44,30436,1717
ML-DSA,sign,44,39390,1718
ML-DSA,sign,44,28981,1719
ML-DSA,sign,44,28978,1720
ML-DSA,sign,44,37892,1721
ML-DSA,sign,44,75276,1722
ML-DSA,sign,44,102074,1723
ML-DSA,sign,44,39380,1724
ML-DSA,sign,44,30453,1725
ML-DSA,sign,44,45424,1726
ML-DSA,sign,44,67808,1727
ML-DSA,sign,44,90039,1728
ML-DSA,sign,44,51458,1729
ML-DSA,sign,44,75081,1730
ML-DSA,sign,44,73831,1731
ML-DSA,sign,44,52862,1732
ML-DSA,sign,44,21515,1733
ML-DSA,sign,44,29009,1734
ML-DSA,sign,44,21515,1735
ML-DSA,sign,44,75346,1736
ML-DSA,sign,44,36457,1737
ML-DSA,sign,44,21511,1738
ML-DSA,sign,44,36486,1739
ML-DSA,sign,44,21512,1740
ML-DSA,sign,44,21516,1741
ML-DSA,sign,44,51441,1742
ML-DSA,sign,44,91672,1743
ML-DSA,sign,44,108065,1744
ML-DSA,sign,44,30449,1745
ML-DSA,sign,44,99039,1746
ML-DSA,sign,44,54340,1747
ML-DSA,sign,44,21512,1748
ML-DSA,sign,44,130533,1749
ML-DSA,sign,44,175236,1750
ML-DSA,sign,44,28981,1751
ML-DSA,sign,44,21512,1752
ML-DSA,sign,44,36466,1753
ML-DSA,sign,44,87179,1754
ML-DSA,sign,44,70753,1755
ML-DSA,sign,44,21512,1756
ML-DSA,sign,44,45429,1757
ML-DSA,sign,44,93156,1758
ML-DSA,sign,44,48508,1759
ML-DSA,sign,44,93194,1760
ML-DSA,sign,44,21516,1761
ML-DSA,sign,44,21512,1762
ML-DSA,sign,44,36494,1763
ML-DSA,sign,44,36454,1764
ML-DSA,sign,44,54323,1765
ML-DSA,sign,44,21512,1766
ML-DSA,sign,44,39409,1767
ML-DSA,sign,44,87266,1768
ML-DSA,sign,44,43937,1769
ML-DSA,sign,44,21511,1770
ML-DSA,sign,44,21516,1771
ML-DSA,sign,44,30432,1772
ML-DSA,sign,44,21515,1773
ML-DSA,sign,44,21516,1774
ML-DSA,sign,44,124510,1775
ML-DSA,sign,44,55809,1776
ML-DSA,sign,44,30442,1777
ML-DSA,sign,44,21511,1778
ML-DSA,sign,44,88599,1779
ML-DSA,sign,44,36446,1780
ML-DSA,sign,44,85707,1781
ML-DSA,sign,44,39376,1782
ML-DSA,sign,44,52872,1783
ML-DSA,sign,44,54318,1784
ML-DSA,sign,44,94608,1785
ML-DSA,sign,44,30429,1786
ML-DSA,sign,44,21516,1787
ML-DSA,sign,44,21512,1788
ML-DSA,sign,44,36467,1789
ML-DSA,sign,44,94642,1790
ML-DSA,sign,44,21516,1791
ML-DSA,sign,44,67814,1792
ML-DSA,sign,44,21516,1793
ML-DSA,sign,44,64722,1794
ML-DSA,sign,44,37956,1795
ML-DSA,sign,44,21512,1796
ML-DSA,sign,44,28976,1797
ML-DSA,sign,44,166243,1798
ML-DSA,sign,44,51442,1799
ML-DSA,sign,44,36465,1800
ML-DSA,sign,44,118472,1801
ML-DSA,sign,44,160272,1802
ML-DSA,sign,44,61892,1803
ML-DSA,sign,44,28971,1804
ML-DSA,sign,44,60368,1805
ML-DSA,sign,44,21511,1806
ML-DSA,sign,44,28993,1807
ML-DSA,sign,44,52855,1808
ML-DSA,sign,44,45421,1809
ML-DSA,sign,44,21516,1810
ML-DSA,sign,44,30453,1811
ML-DSA,sign,44,39379,1812
ML-DSA,sign,44,139549,1813
ML-DSA,sign,44,76775,1814
ML-DSA,sign,44,73663,1815
ML-DSA,sign,44,60346,1816
ML-DSA,sign,44,46830,1817
ML-DSA,sign,44,29001,1818
ML-DSA,sign,44,60337,1819
ML-DSA,sign,44,43943,1820
ML-DSA,sign,44,45418,1821
ML-DSA,sign,44,52869,1822
ML-DSA,sign,44,52852,1823
ML-DSA,sign,44,28986,1824
ML-DSA,sign,44,21515,1825
ML-DSA,sign,44,37914,1826
ML-DSA,sign,44,87125,1827
ML-DSA,sign,44,37905,1828
ML-DSA,sign,44,21515,1829
ML-DSA,sign,44,28983,1830
ML-DSA,sign,44,78190,1831
ML-DSA,sign,44,94584,1832
ML-DSA,sign,44,21516,1833
ML-DSA,sign,44,54320,1834
ML-DSA,sign,44,52883,1835
ML-DSA,sign,44,21512,1836
ML-DSA,sign,44,29007,1837
ML-DSA,sign,44,76706,1838
ML-DSA,sign,44,21515,1839
ML-DSA,sign,44,55792,1840
ML-DSA,sign,44,21515,1841
ML-DSA,sign,44,37927,1842
ML-DSA,sign,44,70743,1843
ML-DSA,sign,44,21511,1844
ML-DSA,sign,44,46851,1845
ML-DSA,sign,44,28978,1846
ML-DSA,sign,44,21516,1847
ML-DSA,sign,44,36436,1848
ML-DSA,sign,44,125942,1849
ML-DSA,sign,44,76798,1850
ML-DSA,sign,44,43969,1851
ML-DSA,sign,44,76731,1852
ML-DSA,sign,44,30433,1853
ML-DSA,sign,44,21512,1854
ML-DSA,sign,44,36465,1855
ML-DSA,sign,44,78242,1856
ML-DSA,sign,44,45389,1857
ML-DSA,sign,44,48311,1858
ML-DSA,sign,44,21515,1859
ML-DSA,sign,44,193340,1860
ML-DSA,sign,44,36475,1861
ML-DSA,sign,44,21512,1862
ML-DSA,sign,44,43973,1863
ML-DSA,sign,44,21511,1864
ML-DSA,sign,44,21515,1865
ML-DSA,sign,44,46867,1866
ML-DSA,sign,44,54313,1867
ML-DSA,sign,44,21512,1868
ML-DSA,sign,44,21515,1869
ML-DSA,sign,44,21515,1870
ML-DSA,sign,44,21516,1871
ML-DSA,sign,44,29002,1872
ML-DSA,sign,44,123035,1873
ML-DSA,sign,44,30441,1874
ML-DSA,sign,44,30445,1875
ML-DSA,sign,44,36463,1876
ML-DSA,sign,44,37921,1877
ML-DSA,sign,44,36478,1878
ML-DSA,sign,44,66376,1879
ML-DSA,sign,44,64720,1880
ML-DSA,sign,44,45416,1881
ML-DSA,sign,44,45418,1882
ML-DSA,sign,44,30455,1883
ML-DSA,sign,44,21516,1884
ML-DSA,sign,44,28992,1885
ML-DSA,sign,44,21511,1886
ML-DSA,sign,44,30461,1887
ML-DSA,sign,44,21512,1888
ML-DSA,sign,44,52869,1889
ML-DSA,sign,44,37920,1890
ML-DSA,sign,44,54372,1891
ML-DSA,sign,44,84209,1892
ML-DSA,sign,44,21516,1893
ML-DSA,sign,44,72207,1894
ML-DSA,sign,44,21515,1895
ML-DSA,sign,44,29011,1896
ML-DSA,sign,44,21515,1897
ML-DSA,sign,44,21512,1898
ML-DSA,sign,44,70763,1899
ML-DSA,sign,44,69258,1900
ML-DSA,sign,44,21516,1901
ML-DSA,sign,44,61809,1902
ML-DSA,sign,44,28982,1903
ML-DSA,sign,44,37907,1904
ML-DSA,sign,44,73871,1905
ML-DSA,sign,44,84188,1906
ML-DSA,sign,44,28979,1907
ML-DSA,sign,44,37912,1908
ML-DSA,sign,44,63228,1909
ML-DSA,sign,44,21511,1910
ML-DSA,sign,44,46868,1911
ML-DSA,sign,44,28974,1912
ML-DSA,sign,44,37922,1913
ML-DSA,sign,44,21512,1914
ML-DSA,sign,44,21516,1915
ML-DSA,sign,44,60350,1916
ML-DSA,sign,44,37939,1917
ML-DSA,sign,44,21512,1918
ML-DSA,sign,44,109583,1919
ML-DSA,sign,44,51455,1920
ML-DSA,sign,44,28990,1921
ML-DSA,sign,44,85681,1922
ML-DSA,sign,44,54347,1923
ML-DSA,sign,44,21516,1924
ML-DSA,sign,44,48486,1925
ML-DSA,sign,44,94586,1926
ML-DSA,sign,44,36514,1927
ML-DSA,sign,44,30443,1928
ML-DSA,sign,44,118485,1929
ML-DSA,sign,44,45367,1930
ML-DSA,sign,44,145325,1931
ML-DSA,sign,44,29001,1932
ML-DSA,sign,44,69310,1933
ML-DSA,sign,44,46849,1934
ML-DSA,sign,44,52893,1935
ML-DSA,sign,44,21516,1936
ML-DSA,sign,44,111008,1937
ML-DSA,sign,44,45398,1938
ML-DSA,sign,44,28998,1939
ML-DSA,sign,44,21511,1940
ML-DSA,sign,44,21515,1941
ML-DSA,sign,44,61807,1942
ML-DSA,sign,44,21516,1943
ML-DSA,sign,44,45361,1944
ML-DSA,sign,44,21519,1945
ML-DSA,sign,44,37926,1946
ML-DSA,sign,44,43920,1947
ML-DSA,sign,44,45422,1948
ML-DSA,sign,44,43947,1949
ML-DSA,sign,44,39377,1950
ML-DSA,sign,44,28981,1951
ML-DSA,sign,44,28988,1952
ML-DSA,sign,44,91733,1953
ML-DSA,sign,44,21512,1954
ML-DSA,sign,44,73661,1955
ML-DSA,sign,44,30445,1956
ML-DSA,sign,44,87085,1957
ML-DSA,sign,44,28982,1958
ML-DSA,sign,44,21516,1959
ML-DSA,sign,44,45388,1960
ML-DSA,sign,44,30448,1961
ML-DSA,sign,44,46999,1962
ML-DSA,sign,44,93171,1963
ML-DSA,sign,44,30428,1964
ML-DSA,sign,44,21516,1965
ML-DSA,sign,44,61858,1966
ML-DSA,sign,44,21515,1967
ML-DSA,sign,44,29003,1968
ML-DSA,sign,44,36484,1969
ML-DSA,sign,44,76743,1970
ML-DSA,sign,44,97741,1971
ML-DSA,sign,44,37930,1972
ML-DSA,sign,44,21516,1973
ML-DSA,sign,44,55809,1974
ML-DSA,sign,44,37909,1975
ML-DSA,sign,44,21512,1976
ML-DSA,sign,44,58899,1977
ML-DSA,sign,44,21512,1978
ML-DSA,sign,44,94614,1979
ML-DSA,sign,44,21511,1980
ML-DSA,sign,44,61829,1981
ML-DSA,sign,44,21512,1982
ML-DSA,sign,44,30459,1983
ML-DSA,sign,44,21511,1984
ML-DSA,sign,44,36452,1985
ML-DSA,sign,44,29008,1986
ML-DSA,sign,44,45384,1987
ML-DSA,sign,44,30425,1988
ML-DSA,sign,44,21515,1989
ML-DSA,sign,44,54346,1990
ML-DSA,sign,44,21516,1991
ML-DSA,sign,44,90260,1992
ML-DSA,sign,44,36464,1993
ML-DSA,sign,44,28988,1994
ML-DSA,sign,44,43941,1995
ML-DSA,sign,44,28973,1996
ML-DSA,sign,44,36473,1997
ML-DSA,sign,44,30443,1998
ML-DSA,sign,44,21516,1999
ML-DSA,sign,44,30428,2000
ML-DSA,sign,44,36455,2001
ML-DSA,sign,44,81104,2002
ML-DSA,sign,44,46854,2003
ML-DSA,sign,44,84210,2004
ML-DSA,sign,44,21515,2005
ML-DSA,sign,44,28995,2006
ML-DSA,sign,44,30437,2007
ML-DSA,sign,44,81147,2008
ML-DSA,sign,44,79662,2009
ML-DSA,sign,44,28988,2010
ML-DSA,sign,44,30434,2011
ML-DSA,sign,44,30433,2012
ML-DSA,sign,44,46858,2013
ML-DSA,sign,44,21511,2014
ML-DSA,sign,44,69317,2015
ML-DSA,sign,44,75260,2016
ML-DSA,sign,44,72161,2017
ML-DSA,sign,44,37936,2018
ML-DSA,sign,44,54324,2019
ML-DSA,sign,44,21511,2020
ML-DSA,sign,44,37906,2021
ML-DSA,sign,44,57207,2022
ML-DSA,sign,44,30434,2023
ML-DSA,sign,44,61757,2024
ML-DSA,sign,44,29003,2025
ML-DSA,sign,44,21511,2026
ML-DSA,sign,44,43964,2027
ML-DSA,sign,44,28978,2028
ML-DSA,sign,44,28980,2029
ML-DSA,sign,44,21516,2030
ML-DSA,sign,44,28987,2031
ML-DSA,sign,44,69334,2032
ML-DSA,sign,44,29003,2033
ML-DSA,sign,44,28975,2034
ML-DSA,sign,44,81139,2035
ML-DSA,sign,44,37922,2036
ML-DSA,sign,44,54369,2037
ML-DSA,sign,44,21512,2038
ML-DSA,sign,44,67809,2039
ML-DSA,sign,44,43971,2040
ML-DSA,sign,44,29001,2041
ML-DSA,sign,44,110986,2042
ML-DSA,sign,44,52921,2043
ML-DSA,sign,44,21512,2044
ML-DSA,sign,44,61826,2045
ML-DSA,sign,44,21511,2046
ML-DSA,sign,44,46848,2047
ML-DSA,sign,44,29006,2048
ML-DSA,sign,44,36471,2049
ML-DSA,sign,44,43979,2050
ML-DSA,sign,44,28999,2051
ML-DSA,sign,44,45380,2052
ML-DSA,sign,44,30432,2053
ML-DSA,sign,44,61826,2054
ML-DSA,sign,44,30447,2055
ML-DSA,sign,44,78214,2056
ML-DSA,sign,44,58902,2057
ML-DSA,sign,44,48299,2058
ML-DSA,sign,44,45379,2059
ML-DSA,sign,44,36465,2060
ML-DSA,sign,44,78267,2061
ML-DSA,sign,44,39390,2062
ML-DSA,sign,44,21516,2063
ML-DSA,sign,44,30429,2064
ML-DSA,sign,44,21515,2065
ML-DSA,sign,44,45397,2066
ML-DSA,sign,44,28981,2067
ML-DSA,sign,44,21512,2068
ML-DSA,sign,44,52891,2069
ML-DSA,sign,44,21512,2070
ML-DSA,sign,44,72183,2071
ML-DSA,sign,44,21511,2072
ML-DSA,sign,44,194526,2073
ML-DSA,sign,44,21511,2074
ML-DSA,sign,44,30430,2075
ML-DSA,sign,44,21516,2076
ML-DSA,sign,44,67827,2077
ML-DSA,sign,44,21515,2078
ML-DSA,sign,44,54333,2079
ML-DSA,sign,44,61833,2080
ML-DSA,sign,44,36467,2081
ML-DSA,sign,44,118512,2082
ML-DSA,sign,44,140961,2083
ML-DSA,sign,44,66362,2084
ML-DSA,sign,44,21520,2085
ML-DSA,sign,44,21512,2086
ML-DSA,sign,44,55744,2087
ML-DSA,sign,44,28978,2088
ML-DSA,sign,44,21516,2089
ML-DSA,sign,44,43940,2090
ML-DSA,sign,44,46846,2091
ML-DSA,sign,44,54324,2092
ML-DSA,sign,44,63245,2093
ML-DSA,sign,44,36493,2094
ML-DSA,sign,44,45367,2095
ML-DSA,sign,44,46852,2096
ML-DSA,sign,44,70733,2097
ML-DSA,sign,44,61808,2098
ML-DSA,sign,44,30448,2099
ML-DSA,sign,44,130311,2100
ML-DSA,sign,44,37924,2101
ML-DSA,sign,44,67825,2102
ML-DSA,sign,44,69293,2103
ML-DSA,sign,44,69323,2104
ML-DSA,sign,44,87112,2105
ML-DSA,sign,44,37927,2106
ML-DSA,sign,44,67809,2107
ML-DSA,sign,44,54318,2108
ML-DSA,sign,44,21515,2109
ML-DSA,sign,44,88628,2110
ML-DSA,sign,44,46863,2111
ML-DSA,sign,44,69323,2112
ML-DSA,sign,44,30443,2113
ML-DSA,sign,44,93139,2114
ML-DSA,sign,44,75332,2115
ML-DSA,sign,44,21516,2116
ML-DSA,sign,44,28976,2117
ML-DSA,sign,44,21515,2118
ML-DSA,sign,44,30435,2119
ML-DSA,sign,44,69281,2120
ML-DSA,sign,44,30429,2121
ML-DSA,sign,44,61790,2122
ML-DSA,sign,44,21515,2123
ML-DSA,sign,44,28991,2124
ML-DSA,sign,44,21516,2125
ML-DSA,sign,44,45380,2126
ML-DSA,sign,44,52867,2127
ML-DSA,sign,44,21512,2128
ML-DSA,sign,44,28993,2129
ML-DSA,sign,44,37896,2130
ML-DSA,sign,44,21516,2131
ML-DSA,sign,44,48312,2132
ML-DSA,sign,44,30432,2133
ML-DSA,sign,44,21512,2134
ML-DSA,sign,44,21515,2135
ML-DSA,sign,44,21511,2136
ML-DSA,sign,44,30448,2137
ML-DSA,sign,44,30436,2138
ML-DSA,sign,44,69275,2139
ML-DSA,sign,44,78185,2140
ML-DSA,sign,44,221450,2141
ML-DSA,sign,44,21516,2142
ML-DSA,sign,44,76783,2143
ML-DSA,sign,44,81055,2144
ML-DSA,sign,44,21519,2145
ML-DSA,sign,44,36437,2146
ML-DSA,sign,44,37930,2147
ML-DSA,sign,44,36497,2148
ML-DSA,sign,44,45378,2149
ML-DSA,sign,44,36504,2150
ML-DSA,sign,44,69266,2151
ML-DSA,sign,44,70715,2152
ML-DSA,sign,44,30430,2153
ML-DSA,sign,44,30454,2154
ML-DSA,sign,44,61832,2155
ML-DSA,sign,44,143876,2156
ML-DSA,sign,44,54330,2157
ML-DSA,sign,44,94619,2158
ML-DSA,sign,44,37935,2159
ML-DSA,sign,44,61937,2160
ML-DSA,sign,44,108017,2161
ML-DSA,sign,44,72163,2162
ML-DSA,sign,44,30464,2163
ML-DSA,sign,44,249902,2164
ML-DSA,sign,44,45379,2165
ML-DSA,sign,44,85632,2166
ML-DSA,sign,44,152760,2167
ML-DSA,sign,44,28996,2168
ML-DSA,sign,44,30455,2169
ML-DSA,sign,44,30435,2170
ML-DSA,sign,44,29010,2171
ML-DSA,sign,44,37913,2172
ML-DSA,sign,44,73644,2173
ML-DSA,sign,44,21511,2174
ML-DSA,sign,44,78166,2175
ML-DSA,sign,44,29002,2176
ML-DSA,sign,44,21516,2177
ML-DSA,sign,44,75335,2178
ML-DSA,sign,44,136411,2179
ML-DSA,sign,44,45381,2180
ML-DSA,sign,44,54334,2181
ML-DSA,sign,44,135078,2182
ML-DSA,sign,44,54286,2183
ML-DSA,sign,44,21511,2184
ML-DSA,sign,44,21516,2185
ML-DSA,sign,44,21511,2186
ML-DSA,sign,44,28996,2187
ML-DSA,sign,44,28976,2188
ML-DSA,sign,44,21516,2189
ML-DSA,sign,44,36488,2190
ML-DSA,sign,44,30431,2191
ML-DSA,sign,44,37925,2192
ML-DSA,sign,44,61825,2193
ML-DSA,sign,44,87177,2194
ML-DSA,sign,44,96001,2195
ML-DSA,sign,44,21512,2196
ML-DSA,sign,44,102042,2197
ML-DSA,sign,44,36467,2198
ML-DSA,sign,44,21516,2199
ML-DSA,sign,44,69357,2200
ML-DSA,sign,44,28996,2201
ML-DSA,sign,44,81093,2202
ML-DSA,sign,44,21520,2203
ML-DSA,sign,44,21512,2204
ML-DSA,sign,44,61795,2205
ML-DSA,sign,44,21511,2206
ML-DSA,sign,44,21515,2207
ML-DSA,sign,44,45438,2208
ML-DSA,sign,44,91683,2209
ML-DSA,sign,44,69283,2210
ML-DSA,sign,44,36473,2211
ML-DSA,sign,44,21512,2212
ML-DSA,sign,44,52920,2213
ML-DSA,sign,44,54356,2214
ML-DSA,sign,44,67802,2215
ML-DSA,sign,44,51402,2216
ML-DSA,sign,44,37928,2217
ML-DSA,sign,44,21512,2218
ML-DSA,sign,44,45411,2219
ML-DSA,sign,44,21512,2220
ML-DSA,sign,44,30463,2221
ML-DSA,sign,44,21512,2222
ML-DSA,sign,44,85634,2223
ML-DSA,sign,44,224247,2224
ML-DSA,sign,44,184210,2225
ML-DSA,sign,44,45404,2226
ML-DSA,sign,44,30444,2227
ML-DSA,sign,44,54353,2228
ML-DSA,sign,44,54286,2229
ML-DSA,sign,44,54331,2230
ML-DSA,sign,44,64732,2231
ML-DSA,sign,44,21512,2232
ML-DSA,sign,44,28983,2233
ML-DSA,sign,44,21511,2234
ML-DSA,sign,44,21520,2235
ML-DSA,sign,44,85669,2236
ML-DSA,sign,44,61855,2237
ML-DSA,sign,44,43938,2238
ML-DSA,sign,44,39400,2239
ML-DSA,sign,44,28984,2240
ML-DSA,sign,44,28980,2241
ML-DSA,sign,44,72180,2242
ML-DSA,sign,44,118534,2243
ML-DSA,sign,44,28978,2244
ML-DSA,sign,44,21520,2245
ML-DSA,sign,44,99206,2246
ML-DSA,sign,44,28992,2247
ML-DSA,sign,44,63252,2248
ML-DSA,sign,44,30445,2249
ML-DSA,sign,44,28982,2250
ML-DSA,sign,44,37893,2251
ML-DSA,sign,44,30430,2252
ML-DSA,sign,44,21516,2253
ML-DSA,sign,44,28980,2254
ML-DSA,sign,44,21516,2255
ML-DSA,sign,44,30458,2256
ML-DSA,sign,44,121381,2257
ML-DSA,sign,44,188672,2258
ML-DSA,sign,44,28992,2259
ML-DSA,sign,44,37915,2260
ML-DSA,sign,44,37911,2261
ML-DSA,sign,44,93124,2262
ML-DSA,sign,44,52882,2263
ML-DSA,sign,44,28973,2264
ML-DSA,sign,44,21516,2265
ML-DSA,sign,44,37935,2266
ML-DSA,sign,44,39377,2267
ML-DSA,sign,44,37918,2268
ML-DSA,sign,44,55807,2269
ML-DSA,sign,44,37906,2270
ML-DSA,sign,44,46999,2271
ML-DSA,sign,44,37924,2272
ML-DSA,sign,44,28985,2273
ML-DSA,sign,44,21516,2274
ML-DSA,sign,44,45405,2275
ML-DSA,sign,44,21512,2276
ML-DSA,sign,44,29004,2277
ML-DSA,sign,44,72149,2278
ML-DSA,sign,44,57422,2279
ML-DSA,sign,44,21511,2280
ML-DSA,sign,44,100627,2281
ML-DSA,sign,44,119938,2282
ML-DSA,sign,44,51428,2283
ML-DSA,sign,44,29002,2284
ML-DSA,sign,44,36461,2285
ML-DSA,sign,44,138059,2286
ML-DSA,sign,44,21515,2287
ML-DSA,sign,44,36465,2288
ML-DSA,sign,44,21515,2289
ML-DSA,sign,44,60356,2290
ML-DSA,sign,44,46831,2291
ML-DSA,sign,44,28973,2292
ML-DSA,sign,44,43961,2293
ML-DSA,sign,44,94640,2294
ML-DSA,sign,44,104995,2295
ML-DSA,sign,44,30441,2296
ML-DSA,sign,44,36476,2297
ML-DSA,sign,44,79631,2298
ML-DSA,sign,44,21516,2299
ML-DSA,sign,44,69289,2300
ML-DSA,sign,44,30439,2301
ML-DSA,sign,44,55800,2302
ML-DSA,sign,44,164826,2303
ML-DSA,sign,44,21511,2304
ML-DSA,sign,44,52890,2305
ML-DSA,sign,44,30430,2306
ML-DSA,sign,44,43936,2307
ML-DSA,sign,44,30435,2308
ML-DSA,sign,44,60331,2309
ML-DSA,sign,44,52855,2310
ML-DSA,sign,44,28990,2311
ML-DSA,sign,44,54296,2312
ML-DSA,sign,44,46870,2313
ML-DSA,sign,44,37912,2314
ML-DSA,sign,44,37911,2315
ML-DSA,sign,44,66154,2316
ML-DSA,sign,44,37958,2317
ML-DSA,sign,44,75351,2318
ML-DSA,sign,44,21515,2319
ML-DSA,sign,44,39361,2320
ML-DSA,sign,44,21519,2321
ML-DSA,sign,44,45404,2322
ML-DSA,sign,44,78177,2323
ML-DSA,sign,44,91533,2324
ML-DSA,sign,44,21515,2325
ML-DSA,sign,44,37934,2326
ML-DSA,sign,44,21516,2327
ML-DSA,sign,44,21512,2328
ML-DSA,sign,44,21520,2329
ML-DSA,sign,44,61776,2330
ML-DSA,sign,44,21516,2331
ML-DSA,sign,44,84246,2332
ML-DSA,sign,44,45393,2333
ML-DSA,sign,44,28981,2334
ML-DSA,sign,44,78207,2335
ML-DSA,sign,44,45420,2336
ML-DSA,sign,44,21516,2337
ML-DSA,sign,44,21512,2338
ML-DSA,sign,44,36464,2339
ML-DSA,sign,44,21511,2340
ML-DSA,sign,44,82807,2341
ML-DSA,sign,44,21512,2342
ML-DSA,sign,44,45390,2343
ML-DSA,sign,44,61796,2344
ML-DSA,sign,44,21520,2345
ML-DSA,sign,44,73674,2346
ML-DSA,sign,44,58856,2347
ML-DSA,sign,44,37897,2348
ML-DSA,sign,44,21516,2349
ML-DSA,sign,44,60345,2350
ML-DSA,sign,44,28985,2351
ML-DSA,sign,44,36471,2352
ML-DSA,sign,44,76814,2353
ML-DSA,sign,44,46850,2354
ML-DSA,sign,44,21515,2355
ML-DSA,sign,44,28974,2356
ML-DSA,sign,44,21516,2357
ML-DSA,sign,44,37945,2358
ML-DSA,sign,44,36465,2359
ML-DSA,sign,44,30454,2360
ML-DSA,sign,44,30437,2361
ML-DSA,sign,44,21512,2362
ML-DSA,sign,44,128782,2363
ML-DSA,sign,44,61811,2364
ML-DSA,sign,44,39359,2365
ML-DSA,sign,44,36450,2366
ML-DSA,sign,44,51420,2367
ML-DSA,sign,44,29002,2368
ML-DSA,sign,44,28991,2369
ML-DSA,sign,44,21516,2370
ML-DSA,sign,44,60340,2371
ML-DSA,sign,44,52873,2372
ML-DSA,sign,44,82781,2373
ML-DSA,sign,44,29004,2374
ML-DSA,sign,44,36480,2375
ML-DSA,sign,44,30427,2376
ML-DSA,sign,44,21516,2377
ML-DSA,sign,44,28984,2378
ML-DSA,sign,44,203673,2379
ML-DSA,sign,44,36462,2380
ML-DSA,sign,44,36495,2381
ML-DSA,sign,44,51391,2382
ML-DSA,sign,44,30436,2383
ML-DSA,sign,44,54334,2384
ML-DSA,sign,44,29007,2385
ML-DSA,sign,44,21511,2386
ML-DSA,sign,44,45437,2387
ML-DSA,sign,44,28978,2388
ML-DSA,sign,44,136388,2389
ML-DSA,sign,44,21515,2390
ML-DSA,sign,44,37889,2391
ML-DSA,sign,44,28981,2392
ML-DSA,sign,44,30438,2393
ML-DSA,sign,44,21512,2394
ML-DSA,sign,44,21520,2395
ML-DSA,sign,44,36457,2396
ML-DSA,sign,44,94575,2397
ML-DSA,sign,44,21512,2398
ML-DSA,sign,44,85704,2399
ML-DSA,sign,44,29006,2400
ML-DSA,sign,44,36474,2401
ML-DSA,sign,44,21511,2402
ML-DSA,sign,44,37903,2403
ML-DSA,sign,44,69271,2404
ML-DSA,sign,44,43932,2405
ML-DSA,sign,44,130258,2406
ML-DSA,sign,44,48317,2407
ML-DSA,sign,44,21511,2408
ML-DSA,sign,44,72205,2409
ML-DSA,sign,44,97518,2410
ML-DSA,sign,44,109569,2411
ML-DSA,sign,44,37939,2412
ML-DSA,sign,44,84267,2413
ML-DSA,sign,44,48470,2414
ML-DSA,sign,44,21519,2415
ML-DSA,sign,44,30450,2416
ML-DSA,sign,44,21515,2417
ML-DSA,sign,44,29006,2418
ML-DSA,sign,44,28986,2419
ML-DSA,sign,44,37924,2420
ML-DSA,sign,44,82781,2421
ML-DSA,sign,44,30438,2422
ML-DSA,sign,44,109574,2423
ML-DSA,sign,44,36459,2424
ML-DSA,sign,44,21520,2425
ML-DSA,sign,44,85717,2426
ML-DSA,sign,44,84292,2427
ML-DSA,sign,44,28996,2428
ML-DSA,sign,44,57245,2429
ML-DSA,sign,44,66184,2430
ML-DSA,sign,44,76755,2431
ML-DSA,sign,44,30444,2432
ML-DSA,sign,44,37903,2433
ML-DSA,sign,44,123103,2434
ML-DSA,sign,44,51418,2435
ML-DSA,sign,44,87101,2436
ML-DSA,sign,44,36464,2437
ML-DSA,sign,44,21511,2438
ML-DSA,sign,44,67811,2439
ML-DSA,sign,44,28996,2440
ML-DSA,sign,44,30431,2441
ML-DSA,sign,44,28979,2442
ML-DSA,sign,44,94585,2443
ML-DSA,sign,44,21516,2444
ML-DSA,sign,44,21516,2445
ML-DSA,sign,44,46869,2446
ML-DSA,sign,44,37918,2447
ML-DSA,sign,44,28980,2448
ML-DSA,sign,44,78198,2449
ML-DSA,sign,44,21512,2450
ML-DSA,sign,44,28983,2451
ML-DSA,sign,44,63251,2452
ML-DSA,sign,44,37938,2453
ML-DSA,sign,44,39360,2454
ML-DSA,sign,44,72162,2455
ML-DSA,sign,44,28993,2456
ML-DSA,sign,44,43953,2457
ML-DSA,sign,44,37916,2458
ML-DSA,sign,44,79638,2459
ML-DSA,sign,44,28995,2460
ML-DSA,sign,44,37910,2461
ML-DSA,sign,44,21511,2462
ML-DSA,sign,44,142304,2463
ML-DSA,sign,44,46874,2464
ML-DSA,sign,44,43934,2465
ML-DSA,sign,44,30438,2466
ML-DSA,sign,44,48341,2467
ML-DSA,sign,44,45392,2468
ML-DSA,sign,44,76718,2469
ML-DSA,sign,44,21512,2470
ML-DSA,sign,44,36472,2471
ML-DSA,sign,44,28980,2472
ML-DSA,sign,44,102082,2473
ML-DSA,sign,44,21511,2474
ML-DSA,sign,44,45423,2475
ML-DSA,sign,44,30453,2476
ML-DSA,sign,44,69443,2477
ML-DSA,sign,44,21516,2478
ML-DSA,sign,44,21516,2479
ML-DSA,sign,44,88561,2480
ML-DSA,sign,44,97540,2481
ML-DSA,sign,44,28983,2482
ML-DSA,sign,44,43963,2483
ML-DSA,sign,44,21512,2484
ML-DSA,sign,44,21515,2485
ML-DSA,sign,44,30430,2486
ML-DSA,sign,44,30446,2487
ML-DSA,sign,44,179526,2488
ML-DSA,sign,44,30439,2489
ML-DSA,sign,44,63303,2490
ML-DSA,sign,44,55792,2491
ML-DSA,sign,44,54333,2492
ML-DSA,sign,44,52852,2493
ML-DSA,sign,44,37942,2494
ML-DSA,sign,44,100638,2495
ML-DSA,sign,44,46871,2496
ML-DSA,sign,44,21516,2497
ML-DSA,sign,44,93159,2498
ML-DSA,sign,44,63235,2499
ML-DSA,sign,44,36477,2500
ML-DSA,sign,44,21516,2501
ML-DSA,sign,44,54354,2502
ML-DSA,sign,44,29003,2503
ML-DSA,sign,44,21516,2504
ML-DSA,sign,44,69281,2505
ML-DSA,sign,44,28993,2506
ML-DSA,sign,44,29000,2507
ML-DSA,sign,44,36467,2508
ML-DSA,sign,44,88555,2509
ML-DSA,sign,44,127481,2510
ML-DSA,sign,44,36442,2511
ML-DSA,sign,44,21512,2512
ML-DSA,sign,44,21516,2513
ML-DSA,sign,44,72230,2514
ML-DSA,sign,44,45359,2515
ML-DSA,sign,44,60364,2516
ML-DSA,sign,44,21521,2517
ML-DSA,sign,44,21512,2518
ML-DSA,sign,44,21515,2519
ML-DSA,sign,44,55787,2520
ML-DSA,sign,44,21516,2521
ML-DSA,sign,44,21511,2522
ML-DSA,sign,44,36499,2523
ML-DSA,sign,44,21512,2524
ML-DSA,sign,44,21515,2525
ML-DSA,sign,44,61757,2526
ML-DSA,sign,44,70707,2527
ML-DSA,sign,44,30429,2528
ML-DSA,sign,44,37904,2529
ML-DSA,sign,44,28988,2530
ML-DSA,sign,44,149887,2531
ML-DSA,sign,44,169322,2532
ML-DSA,sign,44,21515,2533
ML-DSA,sign,44,45373,2534
ML-DSA,sign,44,28993,2535
ML-DSA,sign,44,28991,2536
ML-DSA,sign,44,28977,2537
ML-DSA,sign,44,21511,2538
ML-DSA,sign,44,21519,2539
ML-DSA,sign,44,88661,2540
ML-DSA,sign,44,28980,2541
ML-DSA,sign,44,48284,2542
ML-DSA,sign,44,21516,2543
ML-DSA,sign,44,67829,2544
ML-DSA,sign,44,45401,2545
ML-DSA,sign,44,21512,2546
ML-DSA,sign,44,78231,2547
ML-DSA,sign,44,21511,2548
ML-DSA,sign,44,28982,2549
ML-DSA,sign,44,30442,2550
ML-DSA,sign,44,37926,2551
ML-DSA,sign,44,100682,2552
ML-DSA,sign,44,121392,2553
ML-DSA,sign,44,28974,2554
ML-DSA,sign,44,137980,2555
ML-DSA,sign,44,93151,2556
ML-DSA,sign,44,21515,2557
ML-DSA,sign,44,60360,2558
ML-DSA,sign,44,36459,2559
ML-DSA,sign,44,63198,2560
ML-DSA,sign,44,45434,2561
ML-DSA,sign,44,28988,2562
ML-DSA,sign,44,61809,2563
ML-DSA,sign,44,21511,2564
ML-DSA,sign,44,46835,2565
ML-DSA,sign,44,21512,2566
ML-DSA,sign,44,60424,2567
ML-DSA,sign,44,28977,2568
ML-DSA,sign,44,37923,2569
ML-DSA,sign,44,81168,2570
ML-DSA,sign,44,46898,2571
ML-DSA,sign,44,21511,2572
ML-DSA,sign,44,21515,2573
ML-DSA,sign,44,37917,2574
ML-DSA,sign,44,72171,2575
ML-DSA,sign,44,30459,2576
ML-DSA,sign,44,28982,2577
ML-DSA,sign,44,37952,2578
ML-DSA,sign,44,30450,2579
ML-DSA,sign,44,21511,2580
ML-DSA,sign,44,205055,2581
ML-DSA,sign,44,21512,2582
ML-DSA,sign,44,21516,2583
ML-DSA,sign,44,30437,2584
ML-DSA,sign,44,46841,2585
ML-DSA,sign,44,46829,2586
ML-DSA,sign,44,30448,2587
ML-DSA,sign,44,103552,2588
ML-DSA,sign,44,28980,2589
ML-DSA,sign,44,45394,2590
ML-DSA,sign,44,21515,2591
ML-DSA,sign,44,28997,2592
ML-DSA,sign,44,93169,2593
ML-DSA,sign,44,29002,2594
ML-DSA,sign,44,103570,2595
ML-DSA,sign,44,21511,2596
ML-DSA,sign,44,51448,2597
ML-DSA,sign,44,21511,2598
ML-DSA,sign,44,39401,2599
ML-DSA,sign,44,45381,2600
ML-DSA,sign,44,55796,2601
ML-DSA,sign,44,36489,2602
ML-DSA,sign,44,21515,2603
ML-DSA,sign,44,78234,2604
ML-DSA,sign,44,37914,2605
ML-DSA,sign,44,55766,2606
ML-DSA,sign,44,36454,2607
ML-DSA,sign,44,30461,2608
ML-DSA,sign,44,45409,2609
ML-DSA,sign,44,46860,2610
ML-DSA,sign,44,72182,2611
ML-DSA,sign,44,45389,2612
ML-DSA,sign,44,43943,2613
ML-DSA,sign,44,30447,2614
ML-DSA,sign,44,21516,2615
ML-DSA,sign,44,30426,2616
ML-DSA,sign,44,21515,2617
ML-DSA,sign,44,39389,2618
ML-DSA,sign,44,45413,2619
ML-DSA,sign,44,28994,2620
ML-DSA,sign,44,21520,2621
ML-DSA,sign,44,69308,2622
ML-DSA,sign,44,21517,2623
ML-DSA,sign,44,39352,2624
ML-DSA,sign,44,30463,2625
ML-DSA,sign,44,37930,2626
ML-DSA,sign,44,82545,2627
ML-DSA,sign,44,21512,2628
ML-DSA,sign,44,78238,2629
ML-DSA,sign,44,63229,2630
ML-DSA,sign,44,52890,2631
ML-DSA,sign,44,46848,2632
ML-DSA,sign,44,52870,2633
ML-DSA,sign,44,60330,2634
ML-DSA,sign,44,28981,2635
ML-DSA,sign,44,60382,2636
ML-DSA,sign,44,111045,2637
ML-DSA,sign,44,54299,2638
ML-DSA,sign,44,48320,2639
ML-DSA,sign,44,21512,2640
ML-DSA,sign,44,21515,2641
ML-DSA,sign,44,30443,2642
ML-DSA,sign,44,166363,2643
ML-DSA,sign,44,28988,2644
ML-DSA,sign,44,45400,2645
ML-DSA,sign,44,85698,2646
ML-DSA,sign,44,166281,2647
ML-DSA,sign,44,72235,2648
ML-DSA,sign,44,21515,2649
ML-DSA,sign,44,21511,2650
ML-DSA,sign,44,78219,2651
ML-DSA,sign,44,21511,2652
ML-DSA,sign,44,21515,2653
ML-DSA,sign,44,55740,2654
ML-DSA,sign,44,64732,2655
ML-DSA,sign,44,105223,2656
ML-DSA,sign,44,21516,2657
ML-DSA,sign,44,21512,2658
ML-DSA,sign,44,45394,2659
ML-DSA,sign,44,43952,2660
ML-DSA,sign,44,79713,2661
ML-DSA,sign,44,55782,2662
ML-DSA,sign,44,30452,2663
ML-DSA,sign,44,149818,2664
ML-DSA,sign,44,21515,2665
ML-DSA,sign,44,45433,2666
ML-DSA,sign,44,36485,2667
ML-DSA,sign,44,70879,2668
ML-DSA,sign,44,102140,2669
ML-DSA,sign,44,52881,2670
ML-DSA,sign,44,46836,2671
ML-DSA,sign,44,45395,2672
ML-DSA,sign,44,30468,2673
ML-DSA,sign,44,21511,2674
ML-DSA,sign,44,69240,2675
ML-DSA,sign,44,37914,2676
ML-DSA,sign,44,46816,2677
ML-DSA,sign,44,21516,2678
ML-DSA,sign,44,37901,2679
ML-DSA,sign,44,75341,2680
ML-DSA,sign,44,61786,2681
ML-DSA,sign,44,70744,2682
ML-DSA,sign,44,37941,2683
ML-DSA,sign,44,54382,2684
ML-DSA,sign,44,21520,2685
ML-DSA,sign,44,37907,2686
ML-DSA,sign,44,37912,2687
ML-DSA,sign,44,28978,2688
ML-DSA,sign,44,60306,2689
ML-DSA,sign,44,21512,2690
ML-DSA,sign,44,21516,2691
ML-DSA,sign,44,85700,2692
ML-DSA,sign,44,46866,2693
ML-DSA,sign,44,61807,2694
ML-DSA,sign,44,28995,2695
ML-DSA,sign,44,97773,2696
ML-DSA,sign,44,28998,2697
ML-DSA,sign,44,21511,2698
ML-DSA,sign,44,54318,2699
ML-DSA,sign,44,30434,2700
ML-DSA,sign,44,21516,2701
ML-DSA,sign,44,70743,2702
ML-DSA,sign,44,47055,2703
ML-DSA,sign,44,37920,2704
ML-DSA,sign,44,30440,2705
ML-DSA,sign,44,36467,2706
ML-DSA,sign,44,75286,2707
ML-DSA,sign,44,151299,2708
ML-DSA,sign,44,21516,2709
ML-DSA,sign,44,21511,2710
ML-DSA,sign,44,52882,2711
ML-DSA,sign,44,73630,2712
ML-DSA,sign,44,39392,2713
ML-DSA,sign,44,78207,2714
ML-DSA,sign,44,37951,2715
ML-DSA,sign,44,21511,2716
ML-DSA,sign,44,117011,2717
ML-DSA,sign,44,36460,2718
ML-DSA,sign,44,57234,2719
ML-DSA,sign,44,21512,2720
ML-DSA,sign,44,37920,2721
ML-DSA,sign,44,93197,2722
ML-DSA,sign,44,126007,2723
ML-DSA,sign,44,87133,2724
ML-DSA,sign,44,21516,2725
ML-DSA,sign,44,45416,2726
ML-DSA,sign,44,21516,2727
ML-DSA,sign,44,66381,2728
ML-DSA,sign,44,29002,2729
ML-DSA,sign,44,21512,2730
ML-DSA,sign,44,45415,2731
ML-DSA,sign,44,55786,2732
ML-DSA,sign,44,46861,2733
ML-DSA,sign,44,130342,2734
ML-DSA,sign,44,30454,2735
ML-DSA,sign,44,61818,2736
ML-DSA,sign,44,30432,2737
ML-DSA,sign,44,21512,2738
ML-DSA,sign,44,54311,2739
ML-DSA,sign,44,43948,2740
ML-DSA,sign,44,79722,2741
ML-DSA,sign,44,78212,2742
ML-DSA,sign,44,21515,2743
ML-DSA,sign,44,28975,2744
ML-DSA,sign,44,45383,2745
ML-DSA,sign,44,73875,2746
ML-DSA,sign,44,30458,2747
ML-DSA,sign,44,21512,2748
ML-DSA,sign,44,21516,2749
ML-DSA,sign,44,46856,2750
ML-DSA,sign,44,54346,2751
ML-DSA,sign,44,158856,2752
ML-DSA,sign,44,21516,2753
ML-DSA,sign,44,29010,2754
ML-DSA,sign,44,36469,2755
ML-DSA,sign,44,45386,2756
ML-DSA,sign,44,52868,2757
ML-DSA,sign,44,21512,2758
ML-DSA,sign,44,112626,2759
ML-DSA,sign,44,36481,2760
ML-DSA,sign,44,39375,2761
ML-DSA,sign,44,39352,2762
ML-DSA,sign,44,36476,2763
ML-DSA,sign,44,29004,2764
ML-DSA,sign,44,43951,2765
ML-DSA,sign,44,21511,2766
ML-DSA,sign,44,21516,2767
ML-DSA,sign,44,21515,2768
ML-DSA,sign,44,36459,2769
ML-DSA,sign,44,43972,2770
ML-DSA,sign,44,28990,2771
ML-DSA,sign,44,139523,2772
ML-DSA,sign,44,21520,2773
ML-DSA,sign,44,61771,2774
ML-DSA,sign,44,30443,2775
ML-DSA,sign,44,28985,2776
ML-DSA,sign,44,70689,2777
ML-DSA,sign,44,103617,2778
ML-DSA,sign,44,21515,2779
ML-DSA,sign,44,64717,2780
ML-DSA,sign,44,21516,2781
ML-DSA,sign,44,45431,2782
ML-DSA,sign,44,21516,2783
ML-DSA,sign,44,21511,2784
ML-DSA,sign,44,79620,2785
ML-DSA,sign,44,21512,2786
ML-DSA,sign,44,123044,2787
ML-DSA,sign,44,37910,2788
ML-DSA,sign,44,51454,2789
ML-DSA,sign,44,76789,2790
ML-DSA,sign,44,39385,2791
ML-DSA,sign,44,30450,2792
ML-DSA,sign,44,28991,2793
ML-DSA,sign,44,28991,2794
ML-DSA,sign,44,55795,2795
ML-DSA,sign,44,37893,2796
ML-DSA,sign,44,36471,2797
ML-DSA,sign,44,21512,2798
ML-DSA,sign,44,43919,2799
ML-DSA,sign,44,21516,2800
ML-DSA,sign,44,28983,2801
ML-DSA,sign,44,30459,2802
ML-DSA,sign,44,36453,2803
ML-DSA,sign,44,84293,2804
ML-DSA,sign,44,173733,2805
ML-DSA,sign,44,21512,2806
ML-DSA,sign,44,29002,2807
ML-DSA,sign,44,21512,2808
ML-DSA,sign,44,78268,2809
ML-DSA,sign,44,61848,2810
ML-DSA,sign,44,21515,2811
ML-DSA,sign,44,36495,2812
ML-DSA,sign,44,114066,2813
ML-DSA,sign,44,43930,2814
ML-DSA,sign,44,122860,2815
ML-DSA,sign,44,29001,2816
ML-DSA,sign,44,21516,2817
ML-DSA,sign,44,21511,2818
ML-DSA,sign,44,52852,2819
ML-DSA,sign,44,51380,2820
ML-DSA,sign,44,46848,2821
ML-DSA,sign,44,61810,2822
ML-DSA,sign,44,78205,2823
ML-DSA,sign,44,45386,2824
ML-DSA,sign,44,36457,2825
ML-DSA,sign,44,67774,2826
ML-DSA,sign,44,45443,2827
ML-DSA,sign,44,85710,2828
ML-DSA,sign,44,70737,2829
ML-DSA,sign,44,37923,2830
ML-DSA,sign,44,30432,2831
ML-DSA,sign,44,52873,2832
ML-DSA,sign,44,21515,2833
ML-DSA,sign,44,30451,2834
ML-DSA,sign,44,30432,2835
ML-DSA,sign,44,28981,2836
ML-DSA,sign,44,28999,2837
ML-DSA,sign,44,30443,2838
ML-DSA,sign,44,43935,2839
ML-DSA,sign,44,36462,2840
ML-DSA,sign,44,46854,2841
ML-DSA,sign,44,39386,2842
ML-DSA,sign,44,54351,2843
ML-DSA,sign,44,21512,2844
ML-DSA,sign,44,21516,2845
ML-DSA,sign,44,55784,2846
ML-DSA,sign,44,84242,2847
ML-DSA,sign,44,51420,2848
ML-DSA,sign,44,28993,2849
ML-DSA,sign,44,100594,2850
ML-DSA,sign,44,21515,2851
ML-DSA,sign,44,30455,2852
ML-DSA,sign,44,55789,2853
ML-DSA,sign,44,91766,2854
ML-DSA,sign,44,72189,2855
ML-DSA,sign,44,37911,2856
ML-DSA,sign,44,21516,2857
ML-DSA,sign,44,91731,2858
ML-DSA,sign,44,43917,2859
ML-DSA,sign,44,37926,2860
ML-DSA,sign,44,21515,2861
ML-DSA,sign,44,46845,2862
ML-DSA,sign,44,45385,2863
ML-DSA,sign,44,51386,2864
ML-DSA,sign,44,29009,2865
ML-DSA,sign,44,36490,2866
ML-DSA,sign,44,45417,2867
ML-DSA,sign,44,28978,2868
ML-DSA,sign,44,60379,2869
ML-DSA,sign,44,46829,2870
ML-DSA,sign,44,46853,2871
ML-DSA,sign,44,96030,2872
ML-DSA,sign,44,21516,2873
ML-DSA,sign,44,21516,2874
ML-DSA,sign,44,28985,2875
ML-DSA,sign,44,21512,2876
ML-DSA,sign,44,54368,2877
ML-DSA,sign,44,36469,2878
ML-DSA,sign,44,21515,2879
ML-DSA,sign,44,21512,2880
ML-DSA,sign,44,45400,2881
ML-DSA,sign,44,28980,2882
ML-DSA,sign,44,55777,2883
ML-DSA,sign,44,36493,2884
ML-DSA,sign,44,21516,2885
ML-DSA,sign,44,21515,2886
ML-DSA,sign,44,28976,2887
ML-DSA,sign,44,28992,2888
ML-DSA,sign,44,37928,2889
ML-DSA,sign,44,61811,2890
ML-DSA,sign,44,30438,2891
ML-DSA,sign,44,28976,2892
ML-DSA,sign,44,30437,2893
ML-DSA,sign,44,61801,2894
ML-DSA,sign,44,37939,2895
ML-DSA,sign,44,30439,2896
ML-DSA,sign,44,21522,2897
ML-DSA,sign,44,28992,2898
ML-DSA,sign,44,21519,2899
ML-DSA,sign,44,21512,2900
ML-DSA,sign,44,52884,2901
ML-DSA,sign,44,30425,2902
ML-DSA,sign,44,54332,2903
ML-DSA,sign,44,30448,2904
ML-DSA,sign,44,45385,2905
ML-DSA,sign,44,37921,2906
ML-DSA,sign,44,21516,2907
ML-DSA,sign,44,88600,2908
ML-DSA,sign,44,21516,2909
ML-DSA,sign,44,21511,2910
ML-DSA,sign,44,67837,2911
ML-DSA,sign,44,94635,2912
ML-DSA,sign,44,93129,2913
ML-DSA,sign,44,30438,2914
ML-DSA,sign,44,21515,2915
ML-DSA,sign,44,21511,2916
ML-DSA,sign,44,45376,2917
ML-DSA,sign,44,55758,2918
ML-DSA,sign,44,28997,2919
ML-DSA,sign,44,102075,2920
ML-DSA,sign,44,36474,2921
ML-DSA,sign,44,70721,2922
ML-DSA,sign,44,45436,2923
ML-DSA,sign,44,45389,2924
ML-DSA,sign,44,28977,2925
ML-DSA,sign,44,28976,2926
ML-DSA,sign,44,87143,2927
ML-DSA,sign,44,58891,2928
ML-DSA,sign,44,45387,2929
ML-DSA,sign,44,52880,2930
ML-DSA,sign,44,37915,2931
ML-DSA,sign,44,30441,2932
ML-DSA,sign,44,61805,2933
ML-DSA,sign,44,37924,2934
ML-DSA,sign,44,67880,2935
ML-DSA,sign,44,29008,2936
ML-DSA,sign,44,84244,2937
ML-DSA,sign,44,75320,2938
ML-DSA,sign,44,45418,2939
ML-DSA,sign,44,30440,2940
ML-DSA,sign,44,37902,2941
ML-DSA,sign,44,37930,2942
ML-DSA,sign,44,21519,2943
ML-DSA,sign,44,30435,2944
ML-DSA,sign,44,37890,2945
ML-DSA,sign,44,106667,2946
ML-DSA,sign,44,28999,2947
ML-DSA,sign,44,28974,2948
ML-DSA,sign,44,21515,2949
ML-DSA,sign,44,21512,2950
ML-DSA,sign,44,190177,2951
ML-DSA,sign,44,36476,2952
ML-DSA,sign,44,30431,2953
ML-DSA,sign,44,111060,2954
ML-DSA,sign,44,55803,2955
ML-DSA,sign,44,36468,2956
ML-DSA,sign,44,30449,2957
ML-DSA,sign,44,43946,2958
ML-DSA,sign,44,21515,2959
ML-DSA,sign,44,91704,2960
ML-DSA,sign,44,61755,2961
ML-DSA,sign,44,39393,2962
ML-DSA,sign,44,87161,2963
ML-DSA,sign,44,90265,2964
ML-DSA,sign,44,21516,2965
ML-DSA,sign,44,70709,2966
ML-DSA,sign,44,30454,2967
ML-DSA,sign,44,28987,2968
ML-DSA,sign,44,30460,2969
ML-DSA,sign,44,45364,2970
ML-DSA,sign,44,29000,2971
ML-DSA,sign,44,140964,2972
ML-DSA,sign,44,54346,2973
ML-DSA,sign,44,29008,2974
ML-DSA,sign,44,21516,2975
ML-DSA,sign,44,46841,2976
ML-DSA,sign,44,78191,2977
ML-DSA,sign,44,28974,2978
ML-DSA,sign,44,39390,2979
ML-DSA,sign,44,30432,2980
ML-DSA,sign,44,67831,2981
ML-DSA,sign,44,28988,2982
ML-DSA,sign,44,103563,2983
ML-DSA,sign,44,52894,2984
ML-DSA,sign,44,36504,2985
ML-DSA,sign,44,54354,2986
ML-DSA,sign,44,78185,2987
ML-DSA,sign,44,28974,2988
ML-DSA,sign,44,21515,2989
ML-DSA,sign,44,151325,2990
ML-DSA,sign,44,118509,2991
ML-DSA,sign,44,54300,2992
ML-DSA,sign,44,277020,2993
ML-DSA,sign,44,28997,2994
ML-DSA,sign,44,21516,2995
ML-DSA,sign,44,85719,2996
ML-DSA,sign,44,39403,2997
ML-DSA,sign,44,30452,2998
ML-DSA,sign,44,30447,2999
ML-DSA,sign,44,30430,3000
ML-DSA,sign,44,28978,3001
ML-DSA,sign,44,73617,3002
ML-DSA,sign,44,63258,3003
ML-DSA,sign,44,157378,3004
ML-DSA,sign,44,63229,3005
ML-DSA,sign,44,37912,3006
ML-DSA,sign,44,21520,3007
ML-DSA,sign,44,54342,3008
ML-DSA,sign,44,29000,3009
ML-DSA,sign,44,37925,3010
ML-DSA,sign,44,39401,3011
ML-DSA,sign,44,21512,3012
ML-DSA,sign,44,21516,3013
ML-DSA,sign,44,39353,3014
ML-DSA,sign,44,46987,3015
ML-DSA,sign,44,46855,3016
ML-DSA,sign,44,30461,3017
ML-DSA,sign,44,21511,3018
ML-DSA,sign,44,63252,3019
ML-DSA,sign,44,43933,3020
ML-DSA,sign,44,21516,3021
ML-DSA,sign,44,100646,3022
ML-DSA,sign,44,87113,3023
ML-DSA,sign,44,21512,3024
ML-DSA,sign,44,163155,3025
ML-DSA,sign,44,36473,3026
ML-DSA,sign,44,29002,3027
ML-DSA,sign,44,39356,3028
ML-DSA,sign,44,69264,3029
ML-DSA,sign,44,28996,3030
ML-DSA,sign,44,45401,3031
ML-DSA,sign,44,21512,3032
ML-DSA,sign,44,28986,3033
ML-DSA,sign,44,21511,3034
ML-DSA,sign,44,21520,3035
ML-DSA,sign,44,21512,3036
ML-DSA,sign,44,29004,3037
ML-DSA,sign,44,85785,3038
ML-DSA,sign,44,21516,3039
ML-DSA,sign,44,21512,3040
ML-DSA,sign,44,21516,3041
ML-DSA,sign,44,37905,3042
ML-DSA,sign,44,30458,3043
ML-DSA,sign,44,75102,3044
ML-DSA,sign,44,55814,3045
ML-DSA,sign,44,46830,3046
ML-DSA,sign,44,21515,3047
ML-DSA,sign,44,134904,3048
ML-DSA,sign,44,48294,3049
ML-DSA,sign,44,36470,3050
ML-DSA,sign,44,46869,3051
ML-DSA,sign,44,60335,3052
ML-DSA,sign,44,29001,3053
ML-DSA,sign,44,45428,3054
ML-DSA,sign,44,70739,3055
ML-DSA,sign,44,28983,3056
ML-DSA,sign,44,54340,3057
ML-DSA,sign,44,28988,3058
ML-DSA,sign,44,85861,3059
ML-DSA,sign,44,45383,3060
ML-DSA,sign,44,21515,3061
ML-DSA,sign,44,29001,3062
ML-DSA,sign,44,140902,3063
ML-DSA,sign,44,54347,3064
ML-DSA,sign,44,21515,3065
ML-DSA,sign,44,36440,3066
ML-DSA,sign,44,52912,3067
ML-DSA,sign,44,21511,3068
ML-DSA,sign,44,29012,3069
ML-DSA,sign,44,30428,3070
ML-DSA,sign,44,45376,3071
ML-DSA,sign,44,21512,3072
ML-DSA,sign,44,108134,3073
ML-DSA,sign,44,28982,3074
ML-DSA,sign,44,51433,3075
ML-DSA,sign,44,21516,3076
ML-DSA,sign,44,21516,3077
ML-DSA,sign,44,21511,3078
ML-DSA,sign,44,61787,3079
ML-DSA,sign,44,28974,3080
ML-DSA,sign,44,39373,3081
ML-DSA,sign,44,21512,3082
ML-DSA,sign,44,52854,3083
ML-DSA,sign,44,52879,3084
ML-DSA,sign,44,69336,3085
ML-DSA,sign,44,69308,3086
ML-DSA,sign,44,102262,3087
ML-DSA,sign,44,52870,3088
ML-DSA,sign,44,37900,3089
ML-DSA,sign,44,21511,3090
ML-DSA,sign,44,28982,3091
ML-DSA,sign,44,29007,3092
ML-DSA,sign,44,37933,3093
ML-DSA,sign,44,29012,3094
ML-DSA,sign,44,21516,3095
ML-DSA,sign,44,28995,3096
ML-DSA,sign,44,63275,3097
ML-DSA,sign,44,29006,3098
ML-DSA,sign,44,37921,3099
ML-DSA,sign,44,21512,3100
ML-DSA,sign,44,88583,3101
ML-DSA,sign,44,78253,3102
ML-DSA,sign,44,30467,3103
ML-DSA,sign,44,21512,3104
ML-DSA,sign,44,45401,3105
ML-DSA,sign,44,176810,3106
ML-DSA,sign,44,139266,3107
ML-DSA,sign,44,28983,3108
ML-DSA,sign,44,48289,3109
ML-DSA,sign,44,21511,3110
ML-DSA,sign,44,73604,3111
ML-DSA,sign,44,54337,3112
ML-DSA,sign,44,21516,3113
ML-DSA,sign,44,121358,3114
ML-DSA,sign,44,21516,3115
ML-DSA,sign,44,52902,3116
ML-DSA,sign,44,93173,3117
ML-DSA,sign,44,21512,3118
ML-DSA,sign,44,36499,3119
ML-DSA,sign,44,21512,3120
ML-DSA,sign,44,36470,3121
ML-DSA,sign,44,45369,3122
ML-DSA,sign,44,85645,3123
ML-DSA,sign,44,21512,3124
ML-DSA,sign,44,21517,3125
ML-DSA,sign,44,60321,3126
ML-DSA,sign,44,45383,3127
ML-DSA,sign,44,28981,3128
ML-DSA,sign,44,45400,3129
ML-DSA,sign,44,87108,3130
ML-DSA,sign,44,28989,3131
ML-DSA,sign,44,81113,3132
ML-DSA,sign,44,207927,3133
ML-DSA,sign,44,28978,3134
ML-DSA,sign,44,36485,3135
ML-DSA,sign,44,30433,3136
ML-DSA,sign,44,87171,3137
ML-DSA,sign,44,29007,3138
ML-DSA,sign,44,21515,3139
ML-DSA,sign,44,84308,3140
ML-DSA,sign,44,21515,3141
ML-DSA,sign,44,67824,3142
ML-DSA,sign,44,72163,3143
ML-DSA,sign,44,21511,3144
ML-DSA,sign,44,61835,3145
ML-DSA,sign,44,29007,3146
ML-DSA,sign,44,139256,3147
ML-DSA,sign,44,69234,3148
ML-DSA,sign,44,30437,3149
ML-DSA,sign,44,29010,3150
ML-DSA,sign,44,73834,3151
ML-DSA,sign,44,30432,3152
ML-DSA,sign,44,63294,3153
ML-DSA,sign,44,151254,3154
ML-DSA,sign,44,21515,3155
ML-DSA,sign,44,60337,3156
ML-DSA,sign,44,21515,3157
ML-DSA,sign,44,82542,3158
ML-DSA,sign,44,48325,3159
ML-DSA,sign,44,79637,3160
ML-DSA,sign,44,37924,3161
ML-DSA,sign,44,21512,3162
ML-DSA,sign,44,21515,3163
ML-DSA,sign,44,55813,3164
ML-DSA,sign,44,37922,3165
ML-DSA,sign,44,37952,3166
ML-DSA,sign,44,30443,3167
ML-DSA,sign,44,45390,3168
ML-DSA,sign,44,21515,3169
ML-DSA,sign,44,139419,3170
ML-DSA,sign,44,140919,3171
ML-DSA,sign,44,21511,3172
ML-DSA,sign,44,29003,3173
ML-DSA,sign,44,30429,3174
ML-DSA,sign,44,36469,3175
ML-DSA,sign,44,21511,3176
ML-DSA,sign,44,28985,3177
ML-DSA,sign,44,126076,3178
ML-DSA,sign,44,21516,3179
ML-DSA,sign,44,52859,3180
ML-DSA,sign,44,21520,3181
ML-DSA,sign,44,30430,3182
ML-DSA,sign,44,29004,3183
ML-DSA,sign,44,36502,3184
ML-DSA,sign,44,36456,3185
ML-DSA,sign,44,36495,3186
ML-DSA,sign,44,28980,3187
ML-DSA,sign,44,78213,3188
ML-DSA,sign,44,30450,3189
ML-DSA,sign,44,30459,3190
ML-DSA,sign,44,106697,3191
ML-DSA,sign,44,37914,3192
ML-DSA,sign,44,107923,3193
ML-DSA,sign,44,39356,3194
ML-DSA,sign,44,75328,3195
ML-DSA,sign,44,36477,3196
ML-DSA,sign,44,55803,3197
ML-DSA,sign,44,78224,3198
ML-DSA,sign,44,45385,3199
ML-DSA,sign,44,37896,3200
ML-DSA,sign,44,21516,3201
ML-DSA,sign,44,21511,3202
ML-DSA,sign,44,69312,3203
ML-DSA,sign,44,30436,3204
ML-DSA,sign,44,61807,3205
ML-DSA,sign,44,54334,3206
ML-DSA,sign,44,30450,3207
ML-DSA,sign,44,52899,3208
ML-DSA,sign,44,28994,3209
ML-DSA,sign,44,21512,3210
ML-DSA,sign,44,21515,3211
ML-DSA,sign,44,46865,3212
ML-DSA,sign,44,48316,3213
ML-DSA,sign,44,52920,3214
ML-DSA,sign,44,76723,3215
ML-DSA,sign,44,102119,3216
ML-DSA,sign,44,21516,3217
ML-DSA,sign,44,21512,3218
ML-DSA,sign,44,55795,3219
ML-DSA,sign,44,21511,3220
ML-DSA,sign,44,69289,3221
ML-DSA,sign,44,123002,3222
ML-DSA,sign,44,21516,3223
ML-DSA,sign,44,21512,3224
ML-DSA,sign,44,66393,3225
ML-DSA,sign,44,46813,3226
ML-DSA,sign,44,45355,3227
ML-DSA,sign,44,45394,3228
ML-DSA,sign,44,21515,3229
ML-DSA,sign,44,21513,3230
ML-DSA,sign,44,21516,3231
ML-DSA,sign,44,48325,3232
ML-DSA,sign,44,29005,3233
ML-DSA,sign,44,21511,3234
ML-DSA,sign,44,46839,3235
ML-DSA,sign,44,70704,3236
ML-DSA,sign,44,21515,3237
ML-DSA,sign,44,67843,3238
ML-DSA,sign,44,69323,3239
ML-DSA,sign,44,21511,3240
ML-DSA,sign,44,67844,3241
ML-DSA,sign,44,54297,3242
ML-DSA,sign,44,21516,3243
ML-DSA,sign,44,69304,3244
ML-DSA,sign,44,21520,3245
ML-DSA,sign,44,54296,3246
ML-DSA,sign,44,72172,3247
ML-DSA,sign,44,61844,3248
ML-DSA,sign,44,72226,3249
ML-DSA,sign,44,45374,3250
ML-DSA,sign,44,30447,3251
ML-DSA,sign,44,28998,3252
ML-DSA,sign,44,151275,3253
ML-DSA,sign,44,21512,3254
ML-DSA,sign,44,21520,3255
ML-DSA,sign,44,36451,3256
ML-DSA,sign,44,45386,3257
ML-DSA,sign,44,84271,3258
ML-DSA,sign,44,63274,3259
ML-DSA,sign,44,43933,3260
ML-DSA,sign,44,63341,3261
ML-DSA,sign,44,46846,3262
ML-DSA,sign,44,61786,3263
ML-DSA,sign,44,87136,3264
ML-DSA,sign,44,30454,3265
ML-DSA,sign,44,133466,3266
ML-DSA,sign,44,43937,3267
ML-DSA,sign,44,21511,3268
ML-DSA,sign,44,29012,3269
ML-DSA,sign,44,21516,3270
ML-DSA,sign,44,93174,3271
ML-DSA,sign,44,21511,3272
ML-DSA,sign,44,21516,3273
ML-DSA,sign,44,61819,3274
ML-DSA,sign,44,60385,3275
ML-DSA,sign,44,84229,3276
ML-DSA,sign,44,37915,3277
ML-DSA,sign,44,21511,3278
ML-DSA,sign,44,61812,3279
ML-DSA,sign,44,39360,3280
ML-DSA,sign,44,39359,3281
ML-DSA,sign,44,21512,3282
ML-DSA,sign,44,39373,3283
ML-DSA,sign,44,37903,3284
ML-DSA,sign,44,28978,3285
ML-DSA,sign,44,36467,3286
ML-DSA,sign,44,28985,3287
ML-DSA,sign,44,90184,3288
ML-DSA,sign,44,96121,3289
ML-DSA,sign,44,21512,3290
ML-DSA,sign,44,60336,3291
ML-DSA,sign,44,21511,3292
ML-DSA,sign,44,29013,3293
ML-DSA,sign,44,72173,3294
ML-DSA,sign,44,45400,3295
ML-DSA,sign,44,75283,3296
ML-DSA,sign,44,21516,3297
ML-DSA,sign,44,28982,3298
ML-DSA,sign,44,36499,3299
ML-DSA,sign,44,46839,3300
ML-DSA,sign,44,72186,3301
ML-DSA,sign,44,21511,3302
ML-DSA,sign,44,90303,3303
ML-DSA,sign,44,46819,3304
ML-DSA,sign,44,28985,3305
ML-DSA,sign,44,37901,3306
ML-DSA,sign,44,58906,3307
ML-DSA,sign,44,108208,3308
ML-DSA,sign,44,72192,3309
ML-DSA,sign,44,169464,3310
ML-DSA,sign,44,93173,3311
ML-DSA,sign,44,21512,3312
ML-DSA,sign,44,30437,3313
ML-DSA,sign,44,30458,3314
ML-DSA,sign,44,111070,3315
ML-DSA,sign,44,21516,3316
ML-DSA,sign,44,21515,3317
ML-DSA,sign,44,36460,3318
ML-DSA,sign,44,69308,3319
ML-DSA,sign,44,67828,3320
ML-DSA,sign,44,21515,3321
ML-DSA,sign,44,28981,3322
ML-DSA,sign,44,37911,3323
ML-DSA,sign,44,37944,3324
ML-DSA,sign,44,157247,3325
ML-DSA,sign,44,39373,3326
ML-DSA,sign,44,29002,3327
ML-DSA,sign,44,28999,3328
ML-DSA,sign,44,79685,3329
ML-DSA,sign,44,45375,3330
ML-DSA,sign,44,21515,3331
ML-DSA,sign,44,54316,3332
ML-DSA,sign,44,37923,3333
ML-DSA,sign,44,100656,3334
ML-DSA,sign,44,46853,3335
ML-DSA,sign,44,45412,3336
ML-DSA,sign,44,37902,3337
ML-DSA,sign,44,21512,3338
ML-DSA,sign,44,37917,3339
ML-DSA,sign,44,21512,3340
ML-DSA,sign,44,30446,3341
ML-DSA,sign,44,63203,3342
ML-DSA,sign,44,28998,3343
ML-DSA,sign,44,39388,3344
ML-DSA,sign,44,28995,3345
ML-DSA,sign,44,63210,3346
ML-DSA,sign,44,37893,3347
ML-DSA,sign,44,21512,3348
ML-DSA,sign,44,21515,3349
ML-DSA,sign,44,64722,3350
ML-DSA,sign,44,63267,3351
ML-DSA,sign,44,55797,3352
ML-DSA,sign,44,84268,3353
ML-DSA,sign,44,46864,3354
ML-DSA,sign,44,70711,3355
ML-DSA,sign,44,63255,3356
ML-DSA,sign,44,36479,3357
ML-DSA,sign,44,54344,3358
ML-DSA,sign,44,21515,3359
ML-DSA,sign,44,30440,3360
ML-DSA,sign,44,46869,3361
ML-DSA,sign,44,54336,3362
ML-DSA,sign,44,55767,3363
ML-DSA,sign,44,37938,3364
ML-DSA,sign,44,67826,3365
ML-DSA,sign,44,21512,3366
ML-DSA,sign,44,36489,3367
ML-DSA,sign,44,43949,3368
ML-DSA,sign,44,21515,3369
ML-DSA,sign,44,105028,3370
ML-DSA,sign,44,21515,3371
ML-DSA,sign,44,82743,3372
ML-DSA,sign,44,73727,3373
ML-DSA,sign,44,48308,3374
ML-DSA,sign,44,76784,3375
ML-DSA,sign,44,43955,3376
ML-DSA,sign,44,82764,3377
ML-DSA,sign,44,28974,3378
ML-DSA,sign,44,93153,3379
ML-DSA,sign,44,21512,3380
ML-DSA,sign,44,21515,3381
ML-DSA,sign,44,87163,3382
ML-DSA,sign,44,155885,3383
ML-DSA,sign,44,193072,3384
ML-DSA,sign,44,21516,3385
ML-DSA,sign,44,36457,3386
ML-DSA,sign,44,90024,3387
ML-DSA,sign,44,46870,3388
ML-DSA,sign,44,61813,3389
ML-DSA,sign,44,43963,3390
ML-DSA,sign,44,67846,3391
ML-DSA,sign,44,70775,3392
ML-DSA,sign,44,91699,3393
ML-DSA,sign,44,61776,3394
ML-DSA,sign,44,21516,3395
ML-DSA,sign,44,29001,3396
ML-DSA,sign,44,46862,3397
ML-DSA,sign,44,21512,3398
ML-DSA,sign,44,43938,3399
ML-DSA,sign,44,39376,3400
ML-DSA,sign,44,21516,3401
ML-DSA,sign,44,37907,3402
ML-DSA,sign,44,37911,3403
ML-DSA,sign,44,58944,3404
ML-DSA,sign,44,46872,3405
ML-DSA,sign,44,21512,3406
ML-DSA,sign,44,37921,3407
ML-DSA,sign,44,28993,3408
ML-DSA,sign,44,21519,3409
ML-DSA,sign,44,52877,3410
ML-DSA,sign,44,37905,3411
ML-DSA,sign,44,28988,3412
ML-DSA,sign,44,21515,3413
ML-DSA,sign,44,21511,3414
ML-DSA,sign,44,21515,3415
ML-DSA,sign,44,91660,3416
ML-DSA,sign,44,85734,3417
ML-DSA,sign,44,84224,3418
ML-DSA,sign,44,21515,3419
ML-DSA,sign,44,61794,3420
ML-DSA,sign,44,61845,3421
ML-DSA,sign,44,43944,3422
ML-DSA,sign,44,79660,3423
ML-DSA,sign,44,45402,3424
ML-DSA,sign,44,39405,3425
ML-DSA,sign,44,70724,3426
ML-DSA,sign,44,36493,3427
ML-DSA,sign,44,45413,3428
ML-DSA,sign,44,36476,3429
ML-DSA,sign,44,28995,3430
ML-DSA,sign,44,21516,3431
ML-DSA,sign,44,118515,3432
ML-DSA,sign,44,21516,3433
ML-DSA,sign,44,21512,3434
ML-DSA,sign,44,21515,3435
ML-DSA,sign,44,28976,3436
ML-DSA,sign,44,36476,3437
ML-DSA,sign,44,21512,3438
ML-DSA,sign,44,67799,3439
ML-DSA,sign,44,28975,3440
ML-DSA,sign,44,48278,3441
ML-DSA,sign,44,28972,3442
ML-DSA,sign,44,21515,3443
ML-DSA,sign,44,21512,3444
ML-DSA,sign,44,21519,3445
ML-DSA,sign,44,55783,3446
ML-DSA,sign,44,63274,3447
ML-DSA,sign,44,28980,3448
ML-DSA,sign,44,39374,3449
ML-DSA,sign,44,60328,3450
ML-DSA,sign,44,21520,3451
ML-DSA,sign,44,29002,3452
ML-DSA,sign,44,69307,3453
ML-DSA,sign,44,28999,3454
ML-DSA,sign,44,21519,3455
ML-DSA,sign,44,78211,3456
ML-DSA,sign,44,69250,3457
ML-DSA,sign,44,28989,3458
ML-DSA,sign,44,52857,3459
ML-DSA,sign,44,108148,3460
ML-DSA,sign,44,84204,3461
ML-DSA,sign,44,37932,3462
ML-DSA,sign,44,30444,3463
ML-DSA,sign,44,21512,3464
ML-DSA,sign,44,52858,3465
ML-DSA,sign,44,21513,3466
ML-DSA,sign,44,39350,3467
ML-DSA,sign,44,110996,3468
ML-DSA,sign,44,29002,3469
ML-DSA,sign,44,30430,3470
ML-DSA,sign,44,69303,3471
ML-DSA,sign,44,70773,3472
ML-DSA,sign,44,187079,3473
ML-DSA,sign,44,46847,3474
ML-DSA,sign,44,46882,3475
ML-DSA,sign,44,78198,3476
ML-DSA,sign,44,37915,3477
ML-DSA,sign,44,45384,3478
ML-DSA,sign,44,21516,3479
ML-DSA,sign,44,37914,3480
ML-DSA,sign,44,21516,3481
ML-DSA,sign,44,55795,3482
ML-DSA,sign,44,21520,3483
ML-DSA,sign,44,158679,3484
ML-DSA,sign,44,43944,3485
ML-DSA,sign,44,39352,3486
ML-DSA,sign,44,93165,3487
ML-DSA,sign,44,37905,3488
ML-DSA,sign,44,21516,3489
ML-DSA,sign,44,75286,3490
ML-DSA,sign,44,51405,3491
ML-DSA,sign,44,64743,3492
ML-DSA,sign,44,97750,3493
ML-DSA,sign,44,39381,3494
ML-DSA,sign,44,70699,3495
ML-DSA,sign,44,21512,3496
ML-DSA,sign,44,45415,3497
ML-DSA,sign,44,72199,3498
ML-DSA,sign,44,43937,3499
ML-DSA,sign,44,21516,3500
ML-DSA,sign,44,46858,3501
ML-DSA,sign,44,70717,3502
ML-DSA,sign,44,21520,3503
ML-DSA,sign,44,87125,3504
ML-DSA,sign,44,69316,3505
ML-DSA,sign,44,94608,3506
ML-DSA,sign,44,51404,3507
ML-DSA,sign,44,29010,3508
ML-DSA,sign,44,39406,3509
ML-DSA,sign,44,36467,3510
ML-DSA,sign,44,69285,3511
ML-DSA,sign,44,45375,3512
ML-DSA,sign,44,37900,3513
ML-DSA,sign,44,32057,3514
ML-DSA,sign,44,100609,3515
ML-DSA,sign,44,29007,3516
ML-DSA,sign,44,45436,3517
ML-DSA,sign,44,28988,3518
ML-DSA,sign,44,72315,3519
ML-DSA,sign,44,37920,3520
ML-DSA,sign,44,64689,3521
ML-DSA,sign,44,51475,3522
ML-DSA,sign,44,30442,3523
ML-DSA,sign,44,37901,3524
ML-DSA,sign,44,21516,3525
ML-DSA,sign,44,21511,3526
ML-DSA,sign,44,30451,3527
ML-DSA,sign,44,37932,3528
ML-DSA,sign,44,21516,3529
ML-DSA,sign,44,46811,3530
ML-DSA,sign,44,61825,3531
ML-DSA,sign,44,36452,3532
ML-DSA,sign,44,29009,3533
ML-DSA,sign,44,21512,3534
ML-DSA,sign,44,46854,3535
ML-DSA,sign,44,21511,3536
ML-DSA,sign,44,46853,3537
ML-DSA,sign,44,55930,3538
ML-DSA,sign,44,28986,3539
ML-DSA,sign,44,30445,3540
ML-DSA,sign,44,64716,3541
ML-DSA,sign,44,28988,3542
ML-DSA,sign,44,54321,3543
ML-DSA,sign,44,21511,3544
ML-DSA,sign,44,43952,3545
ML-DSA,sign,44,21516,3546
ML-DSA,sign,44,63254,3547
ML-DSA,sign,44,63252,3548
ML-DSA,sign,44,28982,3549
ML-DSA,sign,44,36447,3550
ML-DSA,sign,44,36459,3551
ML-DSA,sign,44,46831,3552
ML-DSA,sign,44,30457,3553
ML-DSA,sign,44,29009,3554
ML-DSA,sign,44,61800,3555
ML-DSA,sign,44,39366,3556
ML-DSA,sign,44,28992,3557
ML-DSA,sign,44,21511,3558
ML-DSA,sign,44,61851,3559
ML-DSA,sign,44,45383,3560
ML-DSA,sign,44,226035,3561
ML-DSA,sign,44,37927,3562
ML-DSA,sign,44,164830,3563
ML-DSA,sign,44,46890,3564
ML-DSA,sign,44,46860,3565
ML-DSA,sign,44,37921,3566
ML-DSA,sign,44,60388,3567
ML-DSA,sign,44,36468,3568
ML-DSA,sign,44,21515,3569
ML-DSA,sign,44,28985,3570
ML-DSA,sign,44,21516,3571
ML-DSA,sign,44,21512,3572
ML-DSA,sign,44,99198,3573
ML-DSA,sign,44,30428,3574
ML-DSA,sign,44,30434,3575
ML-DSA,sign,44,28989,3576
ML-DSA,sign,44,28983,3577
ML-DSA,sign,44,43968,3578
ML-DSA,sign,44,39370,3579
ML-DSA,sign,44,30459,3580
ML-DSA,sign,44,72208,3581
ML-DSA,sign,44,45418,3582
ML-DSA,sign,44,37927,3583
ML-DSA,sign,44,46876,3584
ML-DSA,sign,44,164841,3585
ML-DSA,sign,44,138061,3586
ML-DSA,sign,44,21516,3587
ML-DSA,sign,44,37913,3588
ML-DSA,sign,44,39398,3589
ML-DSA,sign,44,79703,3590
ML-DSA,sign,44,21515,3591
ML-DSA,sign,44,21512,3592
ML-DSA,sign,44,30449,3593
ML-DSA,sign,44,29001,3594
ML-DSA,sign,44,148455,3595
ML-DSA,sign,44,104993,3596
ML-DSA,sign,44,37914,3597
ML-DSA,sign,44,21512,3598
ML-DSA,sign,44,85710,3599
ML-DSA,sign,44,36460,3600
ML-DSA,sign,44,54325,3601
ML-DSA,sign,44,142308,3602
ML-DSA,sign,44,39374,3603
ML-DSA,sign,44,52872,3604
ML-DSA,sign,44,78248,3605
ML-DSA,sign,44,91691,3606
ML-DSA,sign,44,55755,3607
ML-DSA,sign,44,21512,3608
ML-DSA,sign,44,102097,3609
ML-DSA,sign,44,124573,3610
ML-DSA,sign,44,21515,3611
ML-DSA,sign,44,51425,3612
ML-DSA,sign,44,63248,3613
ML-DSA,sign,44,39348,3614
ML-DSA,sign,44,30449,3615
ML-DSA,sign,44,60331,3616
ML-DSA,sign,44,21516,3617
ML-DSA,sign,44,37921,3618
ML-DSA,sign,44,54340,3619
ML-DSA,sign,44,28977,3620
ML-DSA,sign,44,60351,3621
ML-DSA,sign,44,21512,3622
ML-DSA,sign,44,52918,3623
ML-DSA,sign,44,21516,3624
ML-DSA,sign,44,36463,3625
ML-DSA,sign,44,36454,3626
ML-DSA,sign,44,52877,3627
ML-DSA,sign,44,21511,3628
ML-DSA,sign,44,46849,3629
ML-DSA,sign,44,21512,3630
ML-DSA,sign,44,30467,3631
ML-DSA,sign,44,63229,3632
ML-DSA,sign,44,55771,3633
ML-DSA,sign,44,81107,3634
ML-DSA,sign,44,57258,3635
ML-DSA,sign,44,21512,3636
ML-DSA,sign,44,121411,3637
ML-DSA,sign,44,45393,3638
ML-DSA,sign,44,52860,3639
ML-DSA,sign,44,21512,3640
ML-DSA,sign,44,36476,3641
ML-DSA,sign,44,39352,3642
ML-DSA,sign,44,46865,3643
ML-DSA,sign,44,52854,3644
ML-DSA,sign,44,21515,3645
ML-DSA,sign,44,52879,3646
ML-DSA,sign,44,21520,3647
ML-DSA,sign,44,37937,3648
ML-DSA,sign,44,21516,3649
ML-DSA,sign,44,21512,3650
ML-DSA,sign,44,78244,3651
ML-DSA,sign,44,21512,3652
ML-DSA,sign,44,75348,3653
ML-DSA,sign,44,63277,3654
ML-DSA,sign,44,37923,3655
ML-DSA,sign,44,130315,3656
ML-DSA,sign,44,55783,3657
ML-DSA,sign,44,88612,3658
ML-DSA,sign,44,69290,3659
ML-DSA,sign,44,67835,3660
ML-DSA,sign,44,91718,3661
ML-DSA,sign,44,28976,3662
ML-DSA,sign,44,164926,3663
ML-DSA,sign,44,43959,3664
ML-DSA,sign,44,39382,3665
ML-DSA,sign,44,21511,3666
ML-DSA,sign,44,36479,3667
ML-DSA,sign,44,30437,3668
ML-DSA,sign,44,105001,3669
ML-DSA,sign,44,52926,3670
ML-DSA,sign,44,21519,3671
ML-DSA,sign,44,30428,3672
ML-DSA,sign,44,29001,3673
ML-DSA,sign,44,36472,3674
ML-DSA,sign,44,21516,3675
ML-DSA,sign,44,21511,3676
ML-DSA,sign,44,88608,3677
ML-DSA,sign,44,60342,3678
ML-DSA,sign,44,39391,3679
ML-DSA,sign,44,69347,3680
ML-DSA,sign,44,21516,3681
ML-DSA,sign,44,28975,3682
ML-DSA,sign,44,54366,3683
ML-DSA,sign,44,119893,3684
ML-DSA,sign,44,37922,3685
ML-DSA,sign,44,21512,3686
ML-DSA,sign,44,21516,3687
ML-DSA,sign,44,21512,3688
ML-DSA,sign,44,21516,3689
ML-DSA,sign,44,69305,3690
ML-DSA,sign,44,103539,3691
ML-DSA,sign,44,57205,3692
ML-DSA,sign,44,52832,3693
ML-DSA,sign,44,57201,3694
ML-DSA,sign,44,21515,3695
ML-DSA,sign,44,21516,3696
ML-DSA,sign,44,69295,3697
ML-DSA,sign,44,45359,3698
ML-DSA,sign,44,43972,3699
ML-DSA,sign,44,30461,3700
ML-DSA,sign,44,78256,3701
ML-DSA,sign,44,88733,3702
ML-DSA,sign,44,79661,3703
ML-DSA,sign,44,46862,3704
ML-DSA,sign,44,21516,3705
ML-DSA,sign,44,21512,3706
ML-DSA,sign,44,85692,3707
ML-DSA,sign,44,54322,3708
ML-DSA,sign,44,118542,3709
ML-DSA,sign,44,115550,3710
ML-DSA,sign,44,30443,3711
ML-DSA,sign,44,45426,3712
ML-DSA,sign,44,45406,3713
ML-DSA,sign,44,29000,3714
ML-DSA,sign,44,28985,3715
ML-DSA,sign,44,76745,3716
ML-DSA,sign,44,46855,3717
ML-DSA,sign,44,46852,3718
ML-DSA,sign,44,70735,3719
ML-DSA,sign,44,45391,3720
ML-DSA,sign,44,45379,3721
ML-DSA,sign,44,149841,3722
ML-DSA,sign,44,64697,3723
ML-DSA,sign,44,108127,3724
ML-DSA,sign,44,21520,3725
ML-DSA,sign,44,21512,3726
ML-DSA,sign,44,39354,3727
ML-DSA,sign,44,69309,3728
ML-DSA,sign,44,70730,3729
ML-DSA,sign,44,69298,3730
ML-DSA,sign,44,21516,3731
ML-DSA,sign,44,87135,3732
ML-DSA,sign,44,78190,3733
ML-DSA,sign,44,21515,3734
ML-DSA,sign,44,141003,3735
ML-DSA,sign,44,36475,3736
ML-DSA,sign,44,79656,3737
ML-DSA,sign,44,97591,3738
ML-DSA,sign,44,173782,3739
ML-DSA,sign,44,21516,3740
ML-DSA,sign,44,21516,3741
ML-DSA,sign,44,70734,3742
ML-DSA,sign,44,52873,3743
ML-DSA,sign,44,43960,3744
ML-DSA,sign,44,21516,3745
ML-DSA,sign,44,21512,3746
ML-DSA,sign,44,93177,3747
ML-DSA,sign,44,61774,3748
ML-DSA,sign,44,130542,3749
ML-DSA,sign,44,30452,3750
ML-DSA,sign,44,37955,3751
ML-DSA,sign,44,46852,3752
ML-DSA,sign,44,21516,3753
ML-DSA,sign,44,30457,3754
ML-DSA,sign,44,43930,3755
ML-DSA,sign,44,21512,3756
ML-DSA,sign,44,28977,3757
ML-DSA,sign,44,21511,3758
ML-DSA,sign,44,37953,3759
ML-DSA,sign,44,21512,3760
ML-DSA,sign,44,36481,3761
ML-DSA,sign,44,45395,3762
ML-DSA,sign,44,21516,3763
ML-DSA,sign,44,67875,3764
ML-DSA,sign,44,21515,3765
ML-DSA,sign,44,81273,3766
ML-DSA,sign,44,30436,3767
ML-DSA,sign,44,69266,3768
ML-DSA,sign,44,88610,3769
ML-DSA,sign,44,21512,3770
ML-DSA,sign,44,84251,3771
ML-DSA,sign,44,39371,3772
ML-DSA,sign,44,55770,3773
ML-DSA,sign,44,30443,3774
ML-DSA,sign,44,61806,3775
ML-DSA,sign,44,51431,3776
ML-DSA,sign,44,60355,3777
ML-DSA,sign,44,37911,3778
ML-DSA,sign,44,21515,3779
ML-DSA,sign,44,28978,3780
ML-DSA,sign,44,167722,3781
ML-DSA,sign,44,21511,3782
ML-DSA,sign,44,51448,3783
ML-DSA,sign,44,21512,3784
ML-DSA,sign,44,46856,3785
ML-DSA,sign,44,99178,3786
ML-DSA,sign,44,29008,3787
ML-DSA,sign,44,69296,3788
ML-DSA,sign,44,21515,3789
ML-DSA,sign,44,60296,3790
ML-DSA,sign,44,21515,3791
ML-DSA,sign,44,99193,3792
ML-DSA,sign,44,21520,3793
ML-DSA,sign,44,21512,3794
ML-DSA,sign,44,121353,3795
ML-DSA,sign,44,37955,3796
ML-DSA,sign,44,52880,3797
ML-DSA,sign,44,67832,3798
ML-DSA,sign,44,61800,3799
ML-DSA,sign,44,30439,3800
ML-DSA,sign,44,36465,3801
ML-DSA,sign,44,52875,3802
ML-DSA,sign,44,30440,3803
ML-DSA,sign,44,21511,3804
ML-DSA,sign,44,28992,3805
ML-DSA,sign,44,52866,3806
ML-DSA,sign,44,63265,3807
ML-DSA,sign,44,70738,3808
ML-DSA,sign,44,88552,3809
ML-DSA,sign,44,37888,3810
ML-DSA,sign,44,52882,3811
ML-DSA,sign,44,21511,3812
ML-DSA,sign,44,30447,3813
ML-DSA,sign,44,51424,3814
ML-DSA,sign,44,21515,3815
ML-DSA,sign,44,28989,3816
ML-DSA,sign,44,29013,3817
ML-DSA,sign,44,21511,3818
ML-DSA,sign,44,78222,3819
ML-DSA,sign,44,60395,3820
ML-DSA,sign,44,21516,3821
ML-DSA,sign,44,46842,3822
ML-DSA,sign,44,104967,3823
ML-DSA,sign,44,60362,3824
ML-DSA,sign,44,21515,3825
ML-DSA,sign,44,45363,3826
ML-DSA,sign,44,21516,3827
ML-DSA,sign,44,30442,3828
ML-DSA,sign,44,21516,3829
ML-DSA,sign,44,30429,3830
ML-DSA,sign,44,21516,3831
ML-DSA,sign,44,102091,3832
ML-DSA,sign,44,28983,3833
ML-DSA,sign,44,21512,3834
ML-DSA,sign,44,94600,3835
ML-DSA,sign,44,30440,3836
ML-DSA,sign,44,87123,3837
ML-DSA,sign,44,52866,3838
ML-DSA,sign,44,84185,3839
ML-DSA,sign,44,29007,3840
ML-DSA,sign,44,45400,3841
ML-DSA,sign,44,21512,3842
ML-DSA,sign,44,29007,3843
ML-DSA,sign,44,21511,3844
ML-DSA,sign,44,28977,3845
ML-DSA,sign,44,67851,3846
ML-DSA,sign,44,90272,3847
ML-DSA,sign,44,60381,3848
ML-DSA,sign,44,21516,3849
ML-DSA,sign,44,69274,3850
ML-DSA,sign,44,46839,3851
ML-DSA,sign,44,55796,3852
ML-DSA,sign,44,76775,3853
ML-DSA,sign,44,37947,3854
ML-DSA,sign,44,28981,3855
ML-DSA,sign,44,37924,3856
ML-DSA,sign,44,21515,3857
ML-DSA,sign,44,28979,3858
ML-DSA,sign,44,39388,3859
ML-DSA,sign,44,21511,3860
ML-DSA,sign,44,36477,3861
ML-DSA,sign,44,66398,3862
ML-DSA,sign,44,140889,3863
ML-DSA,sign,44,30448,3864
ML-DSA,sign,44,21515,3865
ML-DSA,sign,44,36505,3866
ML-DSA,sign,44,105001,3867
ML-DSA,sign,44,30443,3868
ML-DSA,sign,44,21515,3869
ML-DSA,sign,44,46875,3870
ML-DSA,sign,44,45387,3871
ML-DSA,sign,44,36473,3872
ML-DSA,sign,44,61786,3873
ML-DSA,sign,44,55757,3874
ML-DSA,sign,44,21516,3875
ML-DSA,sign,44,37919,3876
ML-DSA,sign,44,52864,3877
ML-DSA,sign,44,37929,3878
ML-DSA,sign,44,79703,3879
ML-DSA,sign,44,21512,3880
ML-DSA,sign,44,37921,3881
ML-DSA,sign,44,21512,3882
ML-DSA,sign,44,46844,3883
ML-DSA,sign,44,39381,3884
ML-DSA,sign,44,21515,3885
ML-DSA,sign,44,21516,3886
ML-DSA,sign,44,30438,3887
ML-DSA,sign,44,84242,3888
ML-DSA,sign,44,149873,3889
ML-DSA,sign,44,30439,3890
ML-DSA,sign,44,21516,3891
ML-DSA,sign,44,69318,3892
ML-DSA,sign,44,109542,3893
ML-DSA,sign,44,108162,3894
ML-DSA,sign,44,28982,3895
ML-DSA,sign,44,54312,3896
ML-DSA,sign,44,78238,3897
ML-DSA,sign,44,37904,3898
ML-DSA,sign,44,30458,3899
ML-DSA,sign,44,37918,3900
ML-DSA,sign,44,21515,3901
ML-DSA,sign,44,21512,3902
ML-DSA,sign,44,106475,3903
ML-DSA,sign,44,39382,3904
ML-DSA,sign,44,30456,3905
ML-DSA,sign,44,21512,3906
ML-DSA,sign,44,96241,3907
ML-DSA,sign,44,43941,3908
ML-DSA,sign,44,37957,3909
ML-DSA,sign,44,28971,3910
ML-DSA,sign,44,21520,3911
ML-DSA,sign,44,30437,3912
ML-DSA,sign,44,29010,3913
ML-DSA,sign,44,37899,3914
ML-DSA,sign,44,61811,3915
ML-DSA,sign,44,21512,3916
ML-DSA,sign,44,54345,3917
ML-DSA,sign,44,28989,3918
ML-DSA,sign,44,173721,3919
ML-DSA,sign,44,30456,3920
ML-DSA,sign,44,61790,3921
ML-DSA,sign,44,113931,3922
ML-DSA,sign,44,45394,3923
ML-DSA,sign,44,28986,3924
ML-DSA,sign,44,61777,3925
ML-DSA,sign,44,37917,3926
ML-DSA,sign,44,37911,3927
ML-DSA,sign,44,39363,3928
ML-DSA,sign,44,21515,3929
ML-DSA,sign,44,37940,3930
ML-DSA,sign,44,28980,3931
ML-DSA,sign,44,39392,3932
ML-DSA,sign,44,30438,3933
ML-DSA,sign,44,21511,3934
ML-DSA,sign,44,30431,3935
ML-DSA,sign,44,29004,3936
ML-DSA,sign,44,21516,3937
ML-DSA,sign,44,72155,3938
ML-DSA,sign,44,93157,3939
ML-DSA,sign,44,21511,3940
ML-DSA,sign,44,66121,3941
ML-DSA,sign,44,21511,3942
ML-DSA,sign,44,37909,3943
ML-DSA,sign,44,39356,3944
ML-DSA,sign,44,29014,3945
ML-DSA,sign,44,30453,3946
ML-DSA,sign,44,30448,3947
ML-DSA,sign,44,29005,3948
ML-DSA,sign,44,36472,3949
ML-DSA,sign,44,61837,3950
ML-DSA,sign,44,29000,3951
ML-DSA,sign,44,63236,3952
ML-DSA,sign,44,54333,3953
ML-DSA,sign,44,30428,3954
ML-DSA,sign,44,54351,3955
ML-DSA,sign,44,61817,3956
ML-DSA,sign,44,85686,3957
ML-DSA,sign,44,69319,3958
ML-DSA,sign,44,45396,3959
ML-DSA,sign,44,45415,3960
ML-DSA,sign,44,94611,3961
ML-DSA,sign,44,43939,3962
ML-DSA,sign,44,70736,3963
ML-DSA,sign,44,30430,3964
ML-DSA,sign,44,55733,3965
ML-DSA,sign,44,58899,3966
ML-DSA,sign,44,176659,3967
ML-DSA,sign,44,21512,3968
ML-DSA,sign,44,169208,3969
ML-DSA,sign,44,28984,3970
ML-DSA,sign,44,46838,3971
ML-DSA,sign,44,30463,3972
ML-DSA,sign,44,72214,3973
ML-DSA,sign,44,28983,3974
ML-DSA,sign,44,45430,3975
ML-DSA,sign,44,55794,3976
ML-DSA,sign,44,54309,3977
ML-DSA,sign,44,36501,3978
ML-DSA,sign,44,21520,3979
ML-DSA,sign,44,63290,3980
ML-DSA,sign,44,64705,3981
ML-DSA,sign,44,45398,3982
ML-DSA,sign,44,21516,3983
ML-DSA,sign,44,36484,3984
ML-DSA,sign,44,28993,3985
ML-DSA,sign,44,46849,3986
ML-DSA,sign,44,21520,3987
ML-DSA,sign,44,21512,3988
ML-DSA,sign,44,43937,3989
ML-DSA,sign,44,94588,3990
ML-DSA,sign,44,37906,3991
ML-DSA,sign,44,49943,3992
ML-DSA,sign,44,90042,3993
ML-DSA,sign,44,28999,3994
ML-DSA,sign,44,28977,3995
ML-DSA,sign,44,36483,3996
ML-DSA,sign,44,45394,3997
ML-DSA,sign,44,21516,3998
ML-DSA,sign,44,21517,3999
ML-DSA,sign,44,55800,4000
ML-DSA,sign,44,54347,4001
ML-DSA,sign,44,21511,4002
ML-DSA,sign,44,21515,4003
ML-DSA,sign,44,21511,4004
ML-DSA,sign,44,30447,4005
ML-DSA,sign,44,28980,4006
ML-DSA,sign,44,57400,4007
ML-DSA,sign,44,60373,4008
ML-DSA,sign,44,21515,4009
ML-DSA,sign,44,78153,4010
ML-DSA,sign,44,30432,4011
ML-DSA,sign,44,21512,4012
ML-DSA,sign,44,21515,4013
ML-DSA,sign,44,37922,4014
ML-DSA,sign,44,36461,4015
ML-DSA,sign,44,64852,4016
ML-DSA,sign,44,52939,4017
ML-DSA,sign,44,72235,4018
ML-DSA,sign,44,51416,4019
ML-DSA,sign,44,37928,4020
ML-DSA,sign,44,21516,4021
ML-DSA,sign,44,48319,4022
ML-DSA,sign,44,79661,4023
ML-DSA,sign,44,58854,4024
ML-DSA,sign,44,73709,4025
ML-DSA,sign,44,54334,4026
ML-DSA,sign,44,21516,4027
ML-DSA,sign,44,55758,4028
ML-DSA,sign,44,76712,4029
ML-DSA,sign,44,39385,4030
ML-DSA,sign,44,21516,4031
ML-DSA,sign,44,45395,4032
ML-DSA,sign,44,78168,4033
ML-DSA,sign,44,28978,4034
ML-DSA,sign,44,36443,4035
ML-DSA,sign,44,21512,4036
ML-DSA,sign,44,37893,4037
ML-DSA,sign,44,66368,4038
ML-DSA,sign,44,28993,4039
ML-DSA,sign,44,30455,4040
ML-DSA,sign,44,117005,4041
ML-DSA,sign,44,21511,4042
ML-DSA,sign,44,30450,4043
ML-DSA,sign,44,157294,4044
ML-DSA,sign,44,36472,4045
ML-DSA,sign,44,21511,4046
ML-DSA,sign,44,63294,4047
ML-DSA,sign,44,48294,4048
ML-DSA,sign,44,21516,4049
ML-DSA,sign,44,30455,4050
ML-DSA,sign,44,46865,4051
ML-DSA,sign,44,28989,4052
ML-DSA,sign,44,60338,4053
ML-DSA,sign,44,70705,4054
ML-DSA,sign,44,29000,4055
ML-DSA,sign,44,30447,4056
ML-DSA,sign,44,69328,4057
ML-DSA,sign,44,28991,4058
ML-DSA,sign,44,29002,4059
ML-DSA,sign,44,43920,4060
ML-DSA,sign,44,28989,4061
ML-DSA,sign,44,30429,4062
ML-DSA,sign,44,36461,4063
ML-DSA,sign,44,61803,4064
ML-DSA,sign,44,21516,4065
ML-DSA,sign,44,21513,4066
ML-DSA,sign,44,81121,4067
ML-DSA,sign,44,63277,4068
ML-DSA,sign,44,28985,4069
ML-DSA,sign,44,30429,4070
ML-DSA,sign,44,28979,4071
ML-DSA,sign,44,36445,4072
ML-DSA,sign,44,58928,4073
ML-DSA,sign,44,29007,4074
ML-DSA,sign,44,61825,4075
ML-DSA,sign,44,70760,4076
ML-DSA,sign,44,21519,4077
ML-DSA,sign,44,28969,4078
ML-DSA,sign,44,21520,4079
ML-DSA,sign,44,109490,4080
ML-DSA,sign,44,21516,4081
ML-DSA,sign,44,36472,4082
ML-DSA,sign,44,21519,4083
ML-DSA,sign,44,37920,4084
ML-DSA,sign,44,37924,4085
ML-DSA,sign,44,43970,4086
ML-DSA,sign,44,21515,4087
ML-DSA,sign,44,64866,4088
ML-DSA,sign,44,28978,4089
ML-DSA,sign,44,54277,4090
ML-DSA,sign,44,30466,4091
ML-DSA,sign,44,103526,4092
ML-DSA,sign,44,64734,4093
ML-DSA,sign,44,21516,4094
ML-DSA,sign,44,21516,4095
ML-DSA,sign,44,21511,4096
ML-DSA,sign,44,21516,4097
ML-DSA,sign,44,75345,4098
ML-DSA,sign,44,21517,4099
ML-DSA,sign,44,155871,4100
ML-DSA,sign,44,43919,4101
ML-DSA,sign,44,21515,4102
ML-DSA,sign,44,152938,4103
ML-DSA,sign,44,61822,4104
ML-DSA,sign,44,45406,4105
ML-DSA,sign,44,163033,4106
ML-DSA,sign,44,37933,4107
ML-DSA,sign,44,28978,4108
ML-DSA,sign,44,28991,4109
ML-DSA,sign,44,30433,4110
ML-DSA,sign,44,21516,4111
ML-DSA,sign,44,21512,4112
ML-DSA,sign,44,36457,4113
ML-DSA,sign,44,37938,4114
ML-DSA,sign,44,21515,4115
ML-DSA,sign,44,21515,4116
ML-DSA,sign,44,21515,4117
ML-DSA,sign,44,69274,4118
ML-DSA,sign,44,76762,4119
ML-DSA,sign,44,45377,4120
ML-DSA,sign,44,206606,4121
ML-DSA,sign,44,21512,4122
ML-DSA,sign,44,37933,4123
ML-DSA,sign,44,37933,4124
ML-DSA,sign,44,21519,4125
ML-DSA,sign,44,88608,4126
ML-DSA,sign,44,28988,4127
ML-DSA,sign,44,37902,4128
ML-DSA,sign,44,21516,4129
ML-DSA,sign,44,52869,4130
ML-DSA,sign,44,43958,4131
ML-DSA,sign,44,155809,4132
ML-DSA,sign,44,36468,4133
ML-DSA,sign,44,28994,4134
ML-DSA,sign,44,30449,4135
ML-DSA,sign,44,37912,4136
ML-DSA,sign,44,60373,4137
ML-DSA,sign,44,21512,4138
ML-DSA,sign,44,45403,4139
ML-DSA,sign,44,61806,4140
ML-DSA,sign,44,67831,4141
ML-DSA,sign,44,21512,4142
ML-DSA,sign,44,61803,4143
ML-DSA,sign,44,37916,4144
ML-DSA,sign,44,132125,4145
ML-DSA,sign,44,46872,4146
ML-DSA,sign,44,45368,4147
ML-DSA,sign,44,36504,4148
ML-DSA,sign,44,190141,4149
ML-DSA,sign,44,21511,4150
ML-DSA,sign,44,30441,4151
ML-DSA,sign,44,182636,4152
ML-DSA,sign,44,21516,4153
ML-DSA,sign,44,69306,4154
ML-DSA,sign,44,21516,4155
ML-DSA,sign,44,69240,4156
ML-DSA,sign,44,106590,4157
ML-DSA,sign,44,21516,4158
ML-DSA,sign,44,21516,4159
ML-DSA,sign,44,93199,4160
ML-DSA,sign,44,28980,4161
ML-DSA,sign,44,30457,4162
ML-DSA,sign,44,88615,4163
ML-DSA,sign,44,55788,4164
ML-DSA,sign,44,91743,4165
ML-DSA,sign,44,30460,4166
ML-DSA,sign,44,21516,4167
ML-DSA,sign,44,78226,4168
ML-DSA,sign,44,102138,4169
ML-DSA,sign,44,21515,4170
ML-DSA,sign,44,21516,4171
ML-DSA,sign,44,21512,4172
ML-DSA,sign,44,21515,4173
ML-DSA,sign,44,21512,4174
ML-DSA,sign,44,119972,4175
ML-DSA,sign,44,63257,4176
ML-DSA,sign,44,37913,4177
ML-DSA,sign,44,94626,4178
ML-DSA,sign,44,21515,4179
ML-DSA,sign,44,57249,4180
ML-DSA,sign,44,52868,4181
ML-DSA,sign,44,36502,4182
ML-DSA,sign,44,37937,4183
ML-DSA,sign,44,108159,4184
ML-DSA,sign,44,21516,4185
ML-DSA,sign,44,140967,4186
ML-DSA,sign,44,87154,4187
ML-DSA,sign,44,58884,4188
ML-DSA,sign,44,60352,4189
ML-DSA,sign,44,39376,4190
ML-DSA,sign,44,37915,4191
ML-DSA,sign,44,43943,4192
ML-DSA,sign,44,46875,4193
ML-DSA,sign,44,21512,4194
ML-DSA,sign,44,28991,4195
ML-DSA,sign,44,29004,4196
ML-DSA,sign,44,58907,4197
ML-DSA,sign,44,21512,4198
ML-DSA,sign,44,28996,4199
ML-DSA,sign,44,37914,4200
ML-DSA,sign,44,54315,4201
ML-DSA,sign,44,46843,4202
ML-DSA,sign,44,21515,4203
ML-DSA,sign,44,52868,4204
ML-DSA,sign,44,21520,4205
ML-DSA,sign,44,37928,4206
ML-DSA,sign,44,28983,4207
ML-DSA,sign,44,36461,4208
ML-DSA,sign,44,30461,4209
ML-DSA,sign,44,21512,4210
ML-DSA,sign,44,102126,4211
ML-DSA,sign,44,36465,4212
ML-DSA,sign,44,61812,4213
ML-DSA,sign,44,61762,4214
ML-DSA,sign,44,76862,4215
ML-DSA,sign,44,45395,4216
ML-DSA,sign,44,102064,4217
ML-DSA,sign,44,78192,4218
ML-DSA,sign,44,36471,4219
ML-DSA,sign,44,21515,4220
ML-DSA,sign,44,46831,4221
ML-DSA,sign,44,45375,4222
ML-DSA,sign,44,21516,4223
ML-DSA,sign,44,126011,4224
ML-DSA,sign,44,45399,4225
ML-DSA,sign,44,28976,4226
ML-DSA,sign,44,48275,4227
ML-DSA,sign,44,21511,4228
ML-DSA,sign,44,61788,4229
ML-DSA,sign,44,21511,4230
ML-DSA,sign,44,76756,4231
ML-DSA,sign,44,36480,4232
ML-DSA,sign,44,43958,4233
ML-DSA,sign,44,21511,4234
ML-DSA,sign,44,28993,4235
ML-DSA,sign,44,46860,4236
ML-DSA,sign,44,43968,4237
ML-DSA,sign,44,21511,4238
ML-DSA,sign,44,30456,4239
ML-DSA,sign,44,48335,4240
ML-DSA,sign,44,30439,4241
ML-DSA,sign,44,36454,4242
ML-DSA,sign,44,21515,4243
ML-DSA,sign,44,36482,4244
ML-DSA,sign,44,29009,4245
ML-DSA,sign,44,51453,4246
ML-DSA,sign,44,28988,4247
ML-DSA,sign,44,21511,4248
ML-DSA,sign,44,21516,4249
ML-DSA,sign,44,28982,4250
ML-DSA,sign,44,28987,4251
ML-DSA,sign,44,61826,4252
ML-DSA,sign,44,123110,4253
ML-DSA,sign,44,76693,4254
ML-DSA,sign,44,28992,4255
ML-DSA,sign,44,21512,4256
ML-DSA,sign,44,21516,4257
ML-DSA,sign,44,21512,4258
ML-DSA,sign,44,52853,4259
ML-DSA,sign,44,100654,4260
ML-DSA,sign,44,21515,4261
ML-DSA,sign,44,28976,4262
ML-DSA,sign,44,28980,4263
ML-DSA,sign,44,21512,4264
ML-DSA,sign,44,21516,4265
ML-DSA,sign,44,21512,4266
ML-DSA,sign,44,61791,4267
ML-DSA,sign,44,21512,4268
ML-DSA,sign,44,54369,4269
ML-DSA,sign,44,21512,4270
ML-DSA,sign,44,99262,4271
ML-DSA,sign,44,69318,4272
ML-DSA,sign,44,52874,4273
ML-DSA,sign,44,39536,4274
ML-DSA,sign,44,21520,4275
ML-DSA,sign,44,69258,4276
ML-DSA,sign,44,37906,4277
ML-DSA,sign,44,28994,4278
ML-DSA,sign,44,36478,4279
ML-DSA,sign,44,37928,4280
ML-DSA,sign,44,63217,4281
ML-DSA,sign,44,43967,4282
ML-DSA,sign,44,54366,4283
ML-DSA,sign,44,45383,4284
ML-DSA,sign,44,36455,4285
ML-DSA,sign,44,54303,4286
ML-DSA,sign,44,61764,4287
ML-DSA,sign,44,21512,4288
ML-DSA,sign,44,29001,4289
ML-DSA,sign,44,54313,4290
ML-DSA,sign,44,28998,4291
ML-DSA,sign,44,45365,4292
ML-DSA,sign,44,79660,4293
ML-DSA,sign,44,21511,4294
ML-DSA,sign,44,21520,4295
ML-DSA,sign,44,69289,4296
ML-DSA,sign,44,21516,4297
ML-DSA,sign,44,28975,4298
ML-DSA,sign,44,29013,4299
ML-DSA,sign,44,28989,4300
ML-DSA,sign,44,48320,4301
ML-DSA,sign,44,21511,4302
ML-DSA,sign,44,37919,4303
ML-DSA,sign,44,67821,4304
ML-DSA,sign,44,157270,4305
ML-DSA,sign,44,72205,4306
ML-DSA,sign,44,21516,4307
ML-DSA,sign,44,28978,4308
ML-DSA,sign,44,45430,4309
ML-DSA,sign,44,46857,4310
ML-DSA,sign,44,76716,4311
ML-DSA,sign,44,37912,4312
ML-DSA,sign,44,28980,4313
ML-DSA,sign,44,54307,4314
ML-DSA,sign,44,85703,4315
ML-DSA,sign,44,21512,4316
ML-DSA,sign,44,28980,4317
ML-DSA,sign,44,108121,4318
ML-DSA,sign,44,78196,4319
ML-DSA,sign,44,21516,4320
ML-DSA,sign,44,54310,4321
ML-DSA,sign,44,21511,4322
ML-DSA,sign,44,29010,4323
ML-DSA,sign,44,54340,4324
ML-DSA,sign,44,21516,4325
ML-DSA,sign,44,28983,4326
ML-DSA,sign,44,21515,4327
ML-DSA,sign,44,21511,4328
ML-DSA,sign,44,30430,4329
ML-DSA,sign,44,36462,4330
ML-DSA,sign,44,103553,4331
ML-DSA,sign,44,82764,4332
ML-DSA,sign,44,70745,4333
ML-DSA,sign,44,55914,4334
ML-DSA,sign,44,43962,4335
ML-DSA,sign,44,39377,4336
ML-DSA,sign,44,61843,4337
ML-DSA,sign,44,87143,4338
ML-DSA,sign,44,21517,4339
ML-DSA,sign,44,67812,4340
ML-DSA,sign,44,21515,4341
ML-DSA,sign,44,61776,4342
ML-DSA,sign,44,30462,4343
ML-DSA,sign,44,21511,4344
ML-DSA,sign,44,37907,4345
ML-DSA,sign,44,21512,4346
ML-DSA,sign,44,21516,4347
ML-DSA,sign,44,28991,4348
ML-DSA,sign,44,48294,4349
ML-DSA,sign,44,51475,4350
ML-DSA,sign,44,46868,4351
ML-DSA,sign,44,160453,4352
ML-DSA,sign,44,94603,4353
ML-DSA,sign,44,21512,4354
ML-DSA,sign,44,21516,4355
ML-DSA,sign,44,30456,4356
ML-DSA,sign,44,36492,4357
ML-DSA,sign,44,43919,4358
ML-DSA,sign,44,51448,4359
ML-DSA,sign,44,52843,4360
ML-DSA,sign,44,30442,4361
ML-DSA,sign,44,43922,4362
ML-DSA,sign,44,52879,4363
ML-DSA,sign,44,69305,4364
ML-DSA,sign,44,96088,4365
ML-DSA,sign,44,81157,4366
ML-DSA,sign,44,43960,4367
ML-DSA,sign,44,21512,4368
ML-DSA,sign,44,43957,4369
ML-DSA,sign,44,37948,4370
ML-DSA,sign,44,54331,4371
ML-DSA,sign,44,55771,4372
ML-DSA,sign,44,30436,4373
ML-DSA,sign,44,112502,4374
ML-DSA,sign,44,30431,4375
ML-DSA,sign,44,29006,4376
ML-DSA,sign,44,109581,4377
ML-DSA,sign,44,28998,4378
ML-DSA,sign,44,28984,4379
ML-DSA,sign,44,39373,4380
ML-DSA,sign,44,69342,4381
ML-DSA,sign,44,61856,4382
ML-DSA,sign,44,63290,4383
ML-DSA,sign,44,84258,4384
ML-DSA,sign,44,72191,4385
ML-DSA,sign,44,70781,4386
ML-DSA,sign,44,109580,4387
ML-DSA,sign,44,45357,4388
ML-DSA,sign,44,36468,4389
ML-DSA,sign,44,30438,4390
ML-DSA,sign,44,54336,4391
ML-DSA,sign,44,37919,4392
ML-DSA,sign,44,37926,4393
ML-DSA,sign,44,30444,4394
ML-DSA,sign,44,21515,4395
ML-DSA,sign,44,30443,4396
ML-DSA,sign,44,61811,4397
ML-DSA,sign,44,39388,4398
ML-DSA,sign,44,28982,4399
ML-DSA,sign,44,104990,4400
ML-DSA,sign,44,54296,4401
ML-DSA,sign,44,30445,4402
ML-DSA,sign,44,21515,4403
ML-DSA,sign,44,21511,4404
ML-DSA,sign,44,45445,4405
ML-DSA,sign,44,75304,4406
ML-DSA,sign,44,21515,4407
ML-DSA,sign,44,76771,4408
ML-DSA,sign,44,21516,4409
ML-DSA,sign,44,61826,4410
ML-DSA,sign,44,88641,4411
ML-DSA,sign,44,21516,4412
ML-DSA,sign,44,30434,4413
ML-DSA,sign,44,21512,4414
ML-DSA,sign,44,30437,4415
ML-DSA,sign,44,45395,4416
ML-DSA,sign,44,70725,4417
ML-DSA,sign,44,21512,4418
ML-DSA,sign,44,30444,4419
ML-DSA,sign,44,96160,4420
ML-DSA,sign,44,28977,4421
ML-DSA,sign,44,28973,4422
ML-DSA,sign,44,21515,4423
ML-DSA,sign,44,21515,4424
ML-DSA,sign,44,79692,4425
ML-DSA,sign,44,67836,4426
ML-DSA,sign,44,43934,4427
ML-DSA,sign,44,78215,4428
ML-DSA,sign,44,51416,4429
ML-DSA,sign,44,78205,4430
ML-DSA,sign,44,21515,4431
ML-DSA,sign,44,28989,4432
ML-DSA,sign,44,43918,4433
ML-DSA,sign,44,85696,4434
ML-DSA,sign,44,21516,4435
ML-DSA,sign,44,29007,4436
ML-DSA,sign,44,30439,4437
ML-DSA,sign,44,60312,4438
ML-DSA,sign,44,21516,4439
ML-DSA,sign,44,37917,4440
ML-DSA,sign,44,21515,4441
ML-DSA,sign,44,29011,4442
ML-DSA,sign,44,21516,4443
ML-DSA,sign,44,21512,4444
ML-DSA,sign,44,37954,4445
ML-DSA,sign,44,102135,4446
ML-DSA,sign,44,36509,4447
ML-DSA,sign,44,60344,4448
ML-DSA,sign,44,30431,4449
ML-DSA,sign,44,172342,4450
ML-DSA,sign,44,45378,4451
ML-DSA,sign,44,46863,4452
ML-DSA,sign,44,29001,4453
ML-DSA,sign,44,21511,4454
ML-DSA,sign,44,30456,4455
ML-DSA,sign,44,93192,4456
ML-DSA,sign,44,76760,4457
ML-DSA,sign,44,21512,4458
ML-DSA,sign,44,43918,4459
ML-DSA,sign,44,64681,4460
ML-DSA,sign,44,21515,4461
ML-DSA,sign,44,61828,4462
ML-DSA,sign,44,28981,4463
ML-DSA,sign,44,36445,4464
ML-DSA,sign,44,52893,4465
ML-DSA,sign,44,84278,4466
ML-DSA,sign,44,51412,4467
ML-DSA,sign,44,21516,4468
ML-DSA,sign,44,29006,4469
ML-DSA,sign,44,155697,4470
ML-DSA,sign,44,21516,4471
ML-DSA,sign,44,55809,4472
ML-DSA,sign,44,36481,4473
ML-DSA,sign,44,21515,4474
ML-DSA,sign,44,29001,4475
ML-DSA,sign,44,54309,4476
ML-DSA,sign,44,85673,4477
ML-DSA,sign,44,37912,4478
ML-DSA,sign,44,36479,4479
ML-DSA,sign,44,28986,4480
ML-DSA,sign,44,88616,4481
ML-DSA,sign,44,45443,4482
ML-DSA,sign,44,81056,4483
ML-DSA,sign,44,30427,4484
ML-DSA,sign,44,21516,4485
ML-DSA,sign,44,87180,4486
ML-DSA,sign,44,140900,4487
ML-DSA,sign,44,37905,4488
ML-DSA,sign,44,29007,4489
ML-DSA,sign,44,39365,4490
ML-DSA,sign,44,30436,4491
ML-DSA,sign,44,54354,4492
ML-DSA,sign,44,45410,4493
ML-DSA,sign,44,21511,4494
ML-DSA,sign,44,37958,4495
ML-DSA,sign,44,21511,4496
ML-DSA,sign,44,21515,4497
ML-DSA,sign,44,90277,4498
ML-DSA,sign,44,21515,4499
ML-DSA,sign,44,28982,4500
ML-DSA,sign,44,29007,4501
ML-DSA,sign,44,30433,4502
ML-DSA,sign,44,29015,4503
ML-DSA,sign,44,21511,4504
ML-DSA,sign,44,78200,4505
ML-DSA,sign,44,21512,4506
ML-DSA,sign,44,30436,4507
ML-DSA,sign,44,37910,4508
ML-DSA,sign,44,54341,4509
ML-DSA,sign,44,96111,4510
ML-DSA,sign,44,21516,4511
ML-DSA,sign,44,63263,4512
ML-DSA,sign,44,84275,4513
ML-DSA,sign,44,29005,4514
ML-DSA,sign,44,66382,4515
ML-DSA,sign,44,29006,4516
ML-DSA,sign,44,76758,4517
ML-DSA,sign,44,67821,4518
ML-DSA,sign,44,30440,4519
ML-DSA,sign,44,21510,4520
ML-DSA,sign,44,123205,4521
ML-DSA,sign,44,82828,4522
ML-DSA,sign,44,36456,4523
ML-DSA,sign,44,21515,4524
ML-DSA,sign,44,21515,4525
ML-DSA,sign,44,43942,4526
ML-DSA,sign,44,93167,4527
ML-DSA,sign,44,45418,4528
ML-DSA,sign,44,76745,4529
ML-DSA,sign,44,21512,4530
ML-DSA,sign,44,21515,4531
ML-DSA,sign,44,21511,4532
ML-DSA,sign,44,91469,4533
ML-DSA,sign,44,30448,4534
ML-DSA,sign,44,61804,4535
ML-DSA,sign,44,39369,4536
ML-DSA,sign,44,21515,4537
ML-DSA,sign,44,76715,4538
ML-DSA,sign,44,30446,4539
ML-DSA,sign,44,70719,4540
ML-DSA,sign,44,28988,4541
ML-DSA,sign,44,122845,4542
ML-DSA,sign,44,43925,4543
ML-DSA,sign,44,46841,4544
ML-DSA,sign,44,21516,4545
ML-DSA,sign,44,21511,4546
ML-DSA,sign,44,45403,4547
ML-DSA,sign,44,21515,4548
ML-DSA,sign,44,36443,4549
ML-DSA,sign,44,28996,4550
ML-DSA,sign,44,58875,4551
ML-DSA,sign,44,105000,4552
ML-DSA,sign,44,36489,4553
ML-DSA,sign,44,28983,4554
ML-DSA,sign,44,54298,4555
ML-DSA,sign,44,73936,4556
ML-DSA,sign,44,21515,4557
ML-DSA,sign,44,61816,4558
ML-DSA,sign,44,21515,4559
ML-DSA,sign,44,94591,4560
ML-DSA,sign,44,21515,4561
ML-DSA,sign,44,51452,4562
ML-DSA,sign,44,60356,4563
ML-DSA,sign,44,21511,4564
ML-DSA,sign,44,28977,4565
ML-DSA,sign,44,61808,4566
ML-DSA,sign,44,21516,4567
ML-DSA,sign,44,129127,4568
ML-DSA,sign,44,67840,4569
ML-DSA,sign,44,88816,4570
ML-DSA,sign,44,37900,4571
ML-DSA,sign,44,37945,4572
ML-DSA,sign,44,37934,4573
ML-DSA,sign,44,21512,4574
ML-DSA,sign,44,29011,4575
ML-DSA,sign,44,21512,4576
ML-DSA,sign,44,43952,4577
ML-DSA,sign,44,29000,4578
ML-DSA,sign,44,100637,4579
ML-DSA,sign,44,29008,4580
ML-DSA,sign,44,21515,4581
ML-DSA,sign,44,40989,4582
ML-DSA,sign,44,29003,4583
ML-DSA,sign,44,21516,4584
ML-DSA,sign,44,21516,4585
ML-DSA,sign,44,21512,4586
ML-DSA,sign,44,166254,4587
ML-DSA,sign,44,30439,4588
ML-DSA,sign,44,30455,4589
ML-DSA,sign,44,21512,4590
ML-DSA,sign,44,36509,4591
ML-DSA,sign,44,43932,4592
ML-DSA,sign,44,21515,4593
ML-DSA,sign,44,46832,4594
ML-DSA,sign,44,36445,4595
ML-DSA,sign,44,30438,4596
ML-DSA,sign,44,52868,4597
ML-DSA,sign,44,21512,4598
ML-DSA,sign,44,29010,4599
ML-DSA,sign,44,37922,4600
ML-DSA,sign,44,125999,4601
ML-DSA,sign,44,28999,4602
ML-DSA,sign,44,46830,4603
ML-DSA,sign,44,28990,4604
ML-DSA,sign,44,21515,4605
ML-DSA,sign,44,46838,4606
ML-DSA,sign,44,21516,4607
ML-DSA,sign,44,61801,4608
ML-DSA,sign,44,21516,4609
ML-DSA,sign,44,54327,4610
ML-DSA,sign,44,21515,4611
ML-DSA,sign,44,61840,4612
ML-DSA,sign,44,28979,4613
ML-DSA,sign,44,61804,4614
ML-DSA,sign,44,21516,4615
ML-DSA,sign,44,52880,4616
ML-DSA,sign,44,100617,4617
ML-DSA,sign,44,104992,4618
ML-DSA,sign,44,143778,4619
ML-DSA,sign,44,48295,4620
ML-DSA,sign,44,36487,4621
ML-DSA,sign,44,37927,4622
ML-DSA,sign,44,55822,4623
ML-DSA,sign,44,167774,4624
ML-DSA,sign,44,46880,4625
ML-DSA,sign,44,28999,4626
ML-DSA,sign,44,51441,4627
ML-DSA,sign,44,48300,4628
ML-DSA,sign,44,109551,4629
ML-DSA,sign,44,21511,4630
ML-DSA,sign,44,51390,4631
ML-DSA,sign,44,45412,4632
ML-DSA,sign,44,21516,4633
ML-DSA,sign,44,70773,4634
ML-DSA,sign,44,29005,4635
ML-DSA,sign,44,69289,4636
ML-DSA,sign,44,76753,4637
ML-DSA,sign,44,64742,4638
ML-DSA,sign,44,45441,4639
ML-DSA,sign,44,46859,4640
ML-DSA,sign,44,36489,4641
ML-DSA,sign,44,45426,4642
ML-DSA,sign,44,21516,4643
ML-DSA,sign,44,28974,4644
ML-DSA,sign,44,21515,4645
ML-DSA,sign,44,43921,4646
ML-DSA,sign,44,52878,4647
ML-DSA,sign,44,43941,4648
ML-DSA,sign,44,143831,4649
ML-DSA,sign,44,60370,4650
ML-DSA,sign,44,63275,4651
ML-DSA,sign,44,63242,4652
ML-DSA,sign,44,36487,4653
ML-DSA,sign,44,21511,4654
ML-DSA,sign,44,21515,4655
ML-DSA,sign,44,28979,4656
ML-DSA,sign,44,28994,4657
ML-DSA,sign,44,76757,4658
ML-DSA,sign,44,69321,4659
ML-DSA,sign,44,37918,4660
ML-DSA,sign,44,21520,4661
ML-DSA,sign,44,37926,4662
ML-DSA,sign,44,21520,4663
ML-DSA,sign,44,29009,4664
ML-DSA,sign,44,21515,4665
ML-DSA,sign,44,36456,4666
ML-DSA,sign,44,69325,4667
ML-DSA,sign,44,21510,4668
ML-DSA,sign,44,37922,4669
ML-DSA,sign,44,21512,4670
ML-DSA,sign,44,94638,4671
ML-DSA,sign,44,45390,4672
ML-DSA,sign,44,133560,4673
ML-DSA,sign,44,37917,4674
ML-DSA,sign,44,36456,4675
ML-DSA,sign,44,45416,4676
ML-DSA,sign,44,76768,4677
ML-DSA,sign,44,21511,4678
ML-DSA,sign,44,39524,4679
ML-DSA,sign,44,60368,4680
ML-DSA,sign,44,43938,4681
ML-DSA,sign,44,21511,4682
ML-DSA,sign,44,21515,4683
ML-DSA,sign,44,39352,4684
ML-DSA,sign,44,28976,4685
ML-DSA,sign,44,54317,4686
ML-DSA,sign,44,21516,4687
ML-DSA,sign,44,45391,4688
ML-DSA,sign,44,21520,4689
ML-DSA,sign,44,46858,4690
ML-DSA,sign,44,60367,4691
ML-DSA,sign,44,52860,4692
ML-DSA,sign,44,21515,4693
ML-DSA,sign,44,110977,4694
ML-DSA,sign,44,70719,4695
ML-DSA,sign,44,36467,4696
ML-DSA,sign,44,73870,4697
ML-DSA,sign,44,87122,4698
ML-DSA,sign,44,41000,4699
ML-DSA,sign,44,30442,4700
ML-DSA,sign,44,21515,4701
ML-DSA,sign,44,87148,4702
ML-DSA,sign,44,36456,4703
ML-DSA,sign,44,29003,4704
ML-DSA,sign,44,21520,4705
ML-DSA,sign,44,30441,4706
ML-DSA,sign,44,36471,4707
ML-DSA,sign,44,48310,4708
ML-DSA,sign,44,87115,4709
ML-DSA,sign,44,21511,4710
ML-DSA,sign,44,30430,4711
ML-DSA,sign,44,21512,4712
ML-DSA,sign,44,21515,4713
ML-DSA,sign,44,39375,4714
ML-DSA,sign,44,63287,4715
ML-DSA,sign,44,21511,4716
ML-DSA,sign,44,21515,4717
ML-DSA,sign,44,21511,4718
ML-DSA,sign,44,30436,4719
ML-DSA,sign,44,21512,4720
ML-DSA,sign,44,107968,4721
ML-DSA,sign,44,21511,4722
ML-DSA,sign,44,119989,4723
ML-DSA,sign,44,58939,4724
ML-DSA,sign,44,30440,4725
ML-DSA,sign,44,28989,4726
ML-DSA,sign,44,45404,4727
ML-DSA,sign,44,93191,4728
ML-DSA,sign,44,21516,4729
ML-DSA,sign,44,21511,4730
ML-DSA,sign,44,39399,4731
ML-DSA,sign,44,36439,4732
ML-DSA,sign,44,70756,4733
ML-DSA,sign,44,37913,4734
ML-DSA,sign,44,21515,4735
ML-DSA,sign,44,61788,4736
ML-DSA,sign,44,76742,4737
ML-DSA,sign,44,28999,4738
ML-DSA,sign,44,21516,4739
ML-DSA,sign,44,36453,4740
ML-DSA,sign,44,45376,4741
ML-DSA,sign,44,28982,4742
ML-DSA,sign,44,21519,4743
ML-DSA,sign,44,30457,4744
ML-DSA,sign,44,52849,4745
ML-DSA,sign,44,54308,4746
ML-DSA,sign,44,96050,4747
ML-DSA,sign,44,93208,4748
ML-DSA,sign,44,37918,4749
ML-DSA,sign,44,21513,4750
ML-DSA,sign,44,142405,4751
ML-DSA,sign,44,45378,4752
ML-DSA,sign,44,28984,4753
ML-DSA,sign,44,43948,4754
ML-DSA,sign,44,61761,4755
ML-DSA,sign,44,54340,4756
ML-DSA,sign,44,21515,4757
ML-DSA,sign,44,100740,4758
ML-DSA,sign,44,60349,4759
ML-DSA,sign,44,46856,4760
ML-DSA,sign,44,69297,4761
ML-DSA,sign,44,76737,4762
ML-DSA,sign,44,21516,4763
ML-DSA,sign,44,39351,4764
ML-DSA,sign,44,63224,4765
ML-DSA,sign,44,30433,4766
ML-DSA,sign,44,70754,4767
ML-DSA,sign,44,109730,4768
ML-DSA,sign,44,21516,4769
ML-DSA,sign,44,54304,4770
ML-DSA,sign,44,21516,4771
ML-DSA,sign,44,21512,4772
ML-DSA,sign,44,36450,4773
ML-DSA,sign,44,30436,4774
ML-DSA,sign,44,30432,4775
ML-DSA,sign,44,28977,4776
ML-DSA,sign,44,30454,4777
ML-DSA,sign,44,28981,4778
ML-DSA,sign,44,39369,4779
ML-DSA,sign,44,76741,4780
ML-DSA,sign,44,140918,4781
ML-DSA,sign,44,61816,4782
ML-DSA,sign,44,21515,4783
ML-DSA,sign,44,60349,4784
ML-DSA,sign,44,54361,4785
ML-DSA,sign,44,67832,4786
ML-DSA,sign,44,21516,4787
ML-DSA,sign,44,21512,4788
ML-DSA,sign,44,52891,4789
ML-DSA,sign,44,28993,4790
ML-DSA,sign,44,28993,4791
ML-DSA,sign,44,21516,4792
ML-DSA,sign,44,30441,4793
ML-DSA,sign,44,70746,4794
ML-DSA,sign,44,70715,4795
ML-DSA,sign,44,21512,4796
ML-DSA,sign,44,21516,4797
ML-DSA,sign,44,21512,4798
ML-DSA,sign,44,63245,4799
ML-DSA,sign,44,46847,4800
ML-DSA,sign,44,51444,4801
ML-DSA,sign,44,61814,4802
ML-DSA,sign,44,21515,4803
ML-DSA,sign,44,21512,4804
ML-DSA,sign,44,46865,4805
ML-DSA,sign,44,21511,4806
ML-DSA,sign,44,28983,4807
ML-DSA,sign,44,21511,4808
ML-DSA,sign,44,46867,4809
ML-DSA,sign,44,100608,4810
ML-DSA,sign,44,36503,4811
ML-DSA,sign,44,30439,4812
ML-DSA,sign,44,28974,4813
ML-DSA,sign,44,36489,4814
ML-DSA,sign,44,21516,4815
ML-DSA,sign,44,29000,4816
ML-DSA,sign,44,21516,4817
ML-DSA,sign,44,37903,4818
ML-DSA,sign,44,64731,4819
ML-DSA,sign,44,36439,4820
ML-DSA,sign,44,76770,4821
ML-DSA,sign,44,64732,4822
ML-DSA,sign,44,21516,4823
ML-DSA,sign,44,69266,4824
ML-DSA,sign,44,72213,4825
ML-DSA,sign,44,60340,4826
ML-DSA,sign,44,28993,4827
ML-DSA,sign,44,21511,4828
ML-DSA,sign,44,29007,4829
ML-DSA,sign,44,128877,4830
ML-DSA,sign,44,61864,4831
ML-DSA,sign,44,60312,4832
ML-DSA,sign,44,28977,4833
ML-DSA,sign,44,28999,4834
ML-DSA,sign,44,29007,4835
ML-DSA,sign,44,45369,4836
ML-DSA,sign,44,28983,4837
ML-DSA,sign,44,76764,4838
ML-DSA,sign,44,21514,4839
ML-DSA,sign,44,28975,4840
ML-DSA,sign,44,54331,4841
ML-DSA,sign,44,28979,4842
ML-DSA,sign,44,21516,4843
ML-DSA,sign,44,36478,4844
ML-DSA,sign,44,46845,4845
ML-DSA,sign,44,51438,4846
ML-DSA,sign,44,63271,4847
ML-DSA,sign,44,29007,4848
ML-DSA,sign,44,28984,4849
ML-DSA,sign,44,78197,4850
ML-DSA,sign,44,28986,4851
ML-DSA,sign,44,60323,4852
ML-DSA,sign,44,111100,4853
ML-DSA,sign,44,21512,4854
ML-DSA,sign,44,21515,4855
ML-DSA,sign,44,21511,4856
ML-DSA,sign,44,29011,4857
ML-DSA,sign,44,21516,4858
ML-DSA,sign,44,88522,4859
ML-DSA,sign,44,54323,4860
ML-DSA,sign,44,37933,4861
ML-DSA,sign,44,54330,4862
ML-DSA,sign,44,61797,4863
ML-DSA,sign,44,63211,4864
ML-DSA,sign,44,21516,4865
ML-DSA,sign,44,21512,4866
ML-DSA,sign,44,130344,4867
ML-DSA,sign,44,30453,4868
ML-DSA,sign,44,37943,4869
ML-DSA,sign,44,29006,4870
ML-DSA,sign,44,21516,4871
ML-DSA,sign,44,30455,4872
ML-DSA,sign,44,30464,4873
ML-DSA,sign,44,30450,4874
ML-DSA,sign,44,37959,4875
ML-DSA,sign,44,45418,4876
ML-DSA,sign,44,28976,4877
ML-DSA,sign,44,21511,4878
ML-DSA,sign,44,37919,4879
ML-DSA,sign,44,63212,4880
ML-DSA,sign,44,28991,4881
ML-DSA,sign,44,60366,4882
ML-DSA,sign,44,21520,4883
ML-DSA,sign,44,46848,4884
ML-DSA,sign,44,21515,4885
ML-DSA,sign,44,43931,4886
ML-DSA,sign,44,28996,4887
ML-DSA,sign,44,21511,4888
ML-DSA,sign,44,21516,4889
ML-DSA,sign,44,103598,4890
ML-DSA,sign,44,76743,4891
ML-DSA,sign,44,21511,4892
ML-DSA,sign,44,21515,4893
ML-DSA,sign,44,21512,4894
ML-DSA,sign,44,21516,4895
ML-DSA,sign,44,21512,4896
ML-DSA,sign,44,21516,4897
ML-DSA,sign,44,28987,4898
ML-DSA,sign,44,21516,4899
ML-DSA,sign,44,97514,4900
ML-DSA,sign,44,21516,4901
ML-DSA,sign,44,21512,4902
ML-DSA,sign,44,30430,4903
ML-DSA,sign,44,54387,4904
ML-DSA,sign,44,30462,4905
ML-DSA,sign,44,21511,4906
ML-DSA,sign,44,36463,4907
ML-DSA,sign,44,76749,4908
ML-DSA,sign,44,106627,4909
ML-DSA,sign,44,21512,4910
ML-DSA,sign,44,75286,4911
ML-DSA,sign,44,28979,4912
ML-DSA,sign,44,28985,4913
ML-DSA,sign,44,84214,4914
ML-DSA,sign,44,46836,4915
ML-DSA,sign,44,37892,4916
ML-DSA,sign,44,21518,4917
ML-DSA,sign,44,87080,4918
ML-DSA,sign,44,106640,4919
ML-DSA,sign,44,63240,4920
ML-DSA,sign,44,28981,4921
ML-DSA,sign,44,21512,4922
ML-DSA,sign,44,28991,4923
ML-DSA,sign,44,39359,4924
ML-DSA,sign,44,21516,4925
ML-DSA,sign,44,54307,4926
ML-DSA,sign,44,36494,4927
ML-DSA,sign,44,21511,4928
ML-DSA,sign,44,21516,4929
ML-DSA,sign,44,61828,4930
ML-DSA,sign,44,46841,4931
ML-DSA,sign,44,109519,4932
ML-DSA,sign,44,48271,4933
ML-DSA,sign,44,21512,4934
ML-DSA,sign,44,63273,4935
ML-DSA,sign,44,21512,4936
ML-DSA,sign,44,37897,4937
ML-DSA,sign,44,52881,4938
ML-DSA,sign,44,103482,4939
ML-DSA,sign,44,39375,4940
ML-DSA,sign,44,21521,4941
ML-DSA,sign,44,21512,4942
ML-DSA,sign,44,43921,4943
ML-DSA,sign,44,87206,4944
ML-DSA,sign,44,39377,4945
ML-DSA,sign,44,21512,4946
ML-DSA,sign,44,108061,4947
ML-DSA,sign,44,21512,4948
ML-DSA,sign,44,37934,4949
ML-DSA,sign,44,21511,4950
ML-DSA,sign,44,112505,4951
ML-DSA,sign,44,21511,4952
ML-DSA,sign,44,61836,4953
ML-DSA,sign,44,37928,4954
ML-DSA,sign,44,51415,4955
ML-DSA,sign,44,39371,4956
ML-DSA,sign,44,39380,4957
ML-DSA,sign,44,21515,4958
ML-DSA,sign,44,55777,4959
ML-DSA,sign,44,28991,4960
ML-DSA,sign,44,21515,4961
ML-DSA,sign,44,39380,4962
ML-DSA,sign,44,52889,4963
ML-DSA,sign,44,37944,4964
ML-DSA,sign,44,30447,4965
ML-DSA,sign,44,61746,4966
ML-DSA,sign,44,152809,4967
ML-DSA,sign,44,73819,4968
ML-DSA,sign,44,43987,4969
ML-DSA,sign,44,52879,4970
ML-DSA,sign,44,30444,4971
ML-DSA,sign,44,43909,4972
ML-DSA,sign,44,30449,4973
ML-DSA,sign,44,37891,4974
ML-DSA,sign,44,61789,4975
ML-DSA,sign,44,88593,4976
ML-DSA,sign,44,76753,4977
ML-DSA,sign,44,69283,4978
ML-DSA,sign,44,21516,4979
ML-DSA,sign,44,28981,4980
ML-DSA,sign,44,79680,4981
ML-DSA,sign,44,30432,4982
ML-DSA,sign,44,109567,4983
ML-DSA,sign,44,106678,4984
ML-DSA,sign,44,21516,4985
ML-DSA,sign,44,37906,4986
ML-DSA,sign,44,61761,4987
ML-DSA,sign,44,37912,4988
ML-DSA,sign,44,43961,4989
ML-DSA,sign,44,36481,4990
ML-DSA,sign,44,36450,4991
ML-DSA,sign,44,84192,4992
ML-DSA,sign,44,21516,4993
ML-DSA,sign,44,30437,4994
ML-DSA,sign,44,45387,4995
ML-DSA,sign,44,119946,4996
ML-DSA,sign,44,37950,4997
ML-DSA,sign,44,30431,4998
ML-DSA,sign,44,60420,4999
ML-DSA,sign,44,128866,5000
ML-DSA,sign,44,21515,5001
ML-DSA,sign,44,21511,5002
ML-DSA,sign,44,45438,5003
ML-DSA,sign,44,54318,5004
ML-DSA,sign,44,37908,5005
ML-DSA,sign,44,45407,5006
ML-DSA,sign,44,90067,5007
ML-DSA,sign,44,29004,5008
ML-DSA,sign,44,37942,5009
ML-DSA,sign,44,21516,5010
ML-DSA,sign,44,52885,5011
ML-DSA,sign,44,52835,5012
ML-DSA,sign,44,37908,5013
ML-DSA,sign,44,78211,5014
ML-DSA,sign,44,118527,5015
ML-DSA,sign,44,21512,5016
ML-DSA,sign,44,48268,5017
ML-DSA,sign,44,149841,5018
ML-DSA,sign,44,51422,5019
ML-DSA,sign,44,60380,5020
ML-DSA,sign,44,28998,5021
ML-DSA,sign,44,60323,5022
ML-DSA,sign,44,90098,5023
ML-DSA,sign,44,36472,5024
ML-DSA,sign,44,29003,5025
ML-DSA,sign,44,52874,5026
ML-DSA,sign,44,66337,5027
ML-DSA,sign,44,45416,5028
ML-DSA,sign,44,21515,5029
ML-DSA,sign,44,21512,5030
ML-DSA,sign,44,37924,5031
ML-DSA,sign,44,52892,5032
ML-DSA,sign,44,21519,5033
ML-DSA,sign,44,47013,5034
ML-DSA,sign,44,84251,5035
ML-DSA,sign,44,21511,5036
ML-DSA,sign,44,21515,5037
ML-DSA,sign,44,37901,5038
ML-DSA,sign,44,21516,5039
ML-DSA,sign,44,52888,5040
ML-DSA,sign,44,144132,5041
ML-DSA,sign,44,21511,5042
ML-DSA,sign,44,52883,5043
ML-DSA,sign,44,79676,5044
ML-DSA,sign,44,43939,5045
ML-DSA,sign,44,21511,5046
ML-DSA,sign,44,21512,5047
ML-DSA,sign,44,52881,5048
ML-DSA,sign,44,21515,5049
ML-DSA,sign,44,29005,5050
ML-DSA,sign,44,28984,5051
ML-DSA,sign,44,37929,5052
ML-DSA,sign,44,46840,5053
ML-DSA,sign,44,139486,5054
ML-DSA,sign,44,36450,5055
ML-DSA,sign,44,52908,5056
ML-DSA,sign,44,64709,5057
ML-DSA,sign,44,21511,5058
ML-DSA,sign,44,48290,5059
ML-DSA,sign,44,124419,5060
ML-DSA,sign,44,21520,5061
ML-DSA,sign,44,46873,5062
ML-DSA,sign,44,91707,5063
ML-DSA,sign,44,173789,5064
ML-DSA,sign,44,30465,5065
ML-DSA,sign,44,63235,5066
ML-DSA,sign,44,29001,5067
ML-DSA,sign,44,52922,5068
ML-DSA,sign,44,30463,5069
ML-DSA,sign,44,37924,5070
ML-DSA,sign,44,21516,5071
ML-DSA,sign,44,29001,5072
ML-DSA,sign,44,45426,5073
ML-DSA,sign,44,54344,5074
ML-DSA,sign,44,30452,5075
ML-DSA,sign,44,37925,5076
ML-DSA,sign,44,21515,5077
ML-DSA,sign,44,73656,5078
ML-DSA,sign,44,37912,5079
ML-DSA,sign,44,28974,5080
ML-DSA,sign,44,45413,5081
ML-DSA,sign,44,45455,5082
ML-DSA,sign,44,39408,5083
ML-DSA,sign,44,21512,5084
ML-DSA,sign,44,70776,5085
ML-DSA,sign,44,28975,5086
ML-DSA,sign,44,21516,5087
ML-DSA,sign,44,72224,5088
ML-DSA,sign,44,63275,5089
ML-DSA,sign,44,30427,5090
ML-DSA,sign,44,28992,5091
ML-DSA,sign,44,28990,5092
ML-DSA,sign,44,39544,5093
ML-DSA,sign,44,63258,5094
ML-DSA,sign,44,36466,5095
ML-DSA,sign,44,54306,5096
ML-DSA,sign,44,63283,5097
ML-DSA,sign,44,28992,5098
ML-DSA,sign,44,60369,5099
ML-DSA,sign,44,37937,5100
ML-DSA,sign,44,63248,5101
ML-DSA,sign,44,78205,5102
ML-DSA,sign,44,60404,5103
ML-DSA,sign,44,30430,5104
ML-DSA,sign,44,46872,5105
ML-DSA,sign,44,52870,5106
ML-DSA,sign,44,46848,5107
ML-DSA,sign,44,36485,5108
ML-DSA,sign,44,21520,5109
ML-DSA,sign,44,30457,5110
ML-DSA,sign,44,118506,5111
ML-DSA,sign,44,28975,5112
ML-DSA,sign,44,54324,5113
ML-DSA,sign,44,99221,5114
ML-DSA,sign,44,109529,5115
ML-DSA,sign,44,79634,5116
ML-DSA,sign,44,60380,5117
ML-DSA,sign,44,70713,5118
ML-DSA,sign,44,52892,5119
ML-DSA,sign,44,21512,5120
ML-DSA,sign,44,29004,5121
ML-DSA,sign,44,54295,5122
ML-DSA,sign,44,60362,5123
ML-DSA,sign,44,30427,5124
ML-DSA,sign,44,45393,5125
ML-DSA,sign,44,48315,5126
ML-DSA,sign,44,30452,5127
ML-DSA,sign,44,48291,5128
ML-DSA,sign,44,21515,5129
ML-DSA,sign,44,21516,5130
ML-DSA,sign,44,69233,5131
ML-DSA,sign,44,28977,5132
ML-DSA,sign,44,55767,5133
ML-DSA,sign,44,21512,5134
ML-DSA,sign,44,60404,5135
ML-DSA,sign,44,21511,5136
ML-DSA,sign,44,46873,5137
ML-DSA,sign,44,85646,5138
ML-DSA,sign,44,69274,5139
ML-DSA,sign,44,76731,5140
ML-DSA,sign,44,29004,5141
ML-DSA,sign,44,28984,5142
ML-DSA,sign,44,36470,5143
ML-DSA,sign,44,87155,5144
ML-DSA,sign,44,28996,5145
ML-DSA,sign,44,28985,5146
ML-DSA,sign,44,30432,5147
ML-DSA,sign,44,21511,5148
ML-DSA,sign,44,61810,5149
ML-DSA,sign,44,60361,5150
ML-DSA,sign,44,45414,5151
ML-DSA,sign,44,36454,5152
ML-DSA,sign,44,39373,5153
ML-DSA,sign,44,43946,5154
ML-DSA,sign,44,48327,5155
ML-DSA,sign,44,36479,5156
ML-DSA,sign,44,46829,5157
ML-DSA,sign,44,78206,5158
ML-DSA,sign,44,39376,5159
ML-DSA,sign,44,36460,5160
ML-DSA,sign,44,29009,5161
ML-DSA,sign,44,52851,5162
ML-DSA,sign,44,88596,5163
ML-DSA,sign,44,46848,5164
ML-DSA,sign,44,45423,5165
ML-DSA,sign,44,29005,5166
ML-DSA,sign,44,28984,5167
ML-DSA,sign,44,94615,5168
ML-DSA,sign,44,30459,5169
ML-DSA,sign,44,21512,5170
ML-DSA,sign,44,46851,5171
ML-DSA,sign,44,103527,5172
ML-DSA,sign,44,36462,5173
ML-DSA,sign,44,21516,5174
ML-DSA,sign,44,45410,5175
ML-DSA,sign,44,21511,5176
ML-DSA,sign,44,118685,5177
ML-DSA,sign,44,21511,5178
ML-DSA,sign,44,84284,5179
ML-DSA,sign,44,61807,5180
ML-DSA,sign,44,102117,5181
ML-DSA,sign,44,97749,5182
ML-DSA,sign,44,21516,5183
ML-DSA,sign,44,37935,5184
ML-DSA,sign,44,29007,5185
ML-DSA,sign,44,36462,5186
ML-DSA,sign,44,29001,5187
ML-DSA,sign,44,21512,5188
ML-DSA,sign,44,93134,5189
ML-DSA,sign,44,28984,5190
ML-DSA,sign,44,21516,5191
ML-DSA,sign,44,39377,5192
ML-DSA,sign,44,67825,5193
ML-DSA,sign,44,61783,5194
ML-DSA,sign,44,21520,5195
ML-DSA,sign,44,36475,5196
ML-DSA,sign,44,21515,5197
ML-DSA,sign,44,21516,5198
ML-DSA,sign,44,63273,5199
ML-DSA,sign,44,99041,5200
ML-DSA,sign,44,21516,5201
ML-DSA,sign,44,21512,5202
ML-DSA,sign,44,52877,5203
ML-DSA,sign,44,46855,5204
ML-DSA,sign,44,97522,5205
ML-DSA,sign,44,21511,5206
ML-DSA,sign,44,66170,5207
ML-DSA,sign,44,127445,5208
ML-DSA,sign,44,104998,5209
ML-DSA,sign,44,45377,5210
ML-DSA,sign,44,91473,5211
ML-DSA,sign,44,37931,5212
ML-DSA,sign,44,36470,5213
ML-DSA,sign,44,21512,5214
ML-DSA,sign,44,52886,5215
ML-DSA,sign,44,46839,5216
ML-DSA,sign,44,28997,5217
ML-DSA,sign,44,21512,5218
ML-DSA,sign,44,21519,5219
ML-DSA,sign,44,98952,5220
ML-DSA,sign,44,43944,5221
ML-DSA,sign,44,37905,5222
ML-DSA,sign,44,21515,5223
ML-DSA,sign,44,37908,5224
ML-DSA,sign,44,30468,5225
ML-DSA,sign,44,21512,5226
ML-DSA,sign,44,155762,5227
ML-DSA,sign,44,21516,5228
ML-DSA,sign,44,21517,5229
ML-DSA,sign,44,87111,5230
ML-DSA,sign,44,21520,5231
ML-DSA,sign,44,79681,5232
ML-DSA,sign,44,21516,5233
ML-DSA,sign,44,29009,5234
ML-DSA,sign,44,30468,5235
ML-DSA,sign,44,48315,5236
ML-DSA,sign,44,21516,5237
ML-DSA,sign,44,151366,5238
ML-DSA,sign,44,135124,5239
ML-DSA,sign,44,54339,5240
ML-DSA,sign,44,30451,5241
ML-DSA,sign,44,94585,5242
ML-DSA,sign,44,28990,5243
ML-DSA,sign,44,143915,5244
ML-DSA,sign,44,119963,5245
ML-DSA,sign,44,30462,5246
ML-DSA,sign,44,45426,5247
ML-DSA,sign,44,54361,5248
ML-DSA,sign,44,52874,5249
ML-DSA,sign,44,21511,5250
ML-DSA,sign,44,28994,5251
ML-DSA,sign,44,45388,5252
ML-DSA,sign,44,37921,5253
ML-DSA,sign,44,52887,5254
ML-DSA,sign,44,69244,5255
ML-DSA,sign,44,45369,5256
ML-DSA,sign,44,67822,5257
ML-DSA,sign,44,60346,5258
ML-DSA,sign,44,36478,5259
ML-DSA,sign,44,36441,5260
ML-DSA,sign,44,21516,5261
ML-DSA,sign,44,21512,5262
ML-DSA,sign,44,100684,5263
ML-DSA,sign,44,91694,5264
ML-DSA,sign,44,63258,5265
ML-DSA,sign,44,21512,5266
ML-DSA,sign,44,54352,5267
ML-DSA,sign,44,21511,5268
ML-DSA,sign,44,94622,5269
ML-DSA,sign,44,54335,5270
ML-DSA,sign,44,21516,5271
ML-DSA,sign,44,21512,5272
ML-DSA,sign,44,139472,5273
ML-DSA,sign,44,30432,5274
ML-DSA,sign,44,21516,5275
ML-DSA,sign,44,28997,5276
ML-DSA,sign,44,54332,5277
ML-DSA,sign,44,52886,5278
ML-DSA,sign,44,37920,5279
ML-DSA,sign,44,54296,5280
ML-DSA,sign,44,28986,5281
ML-DSA,sign,44,66363,5282
ML-DSA,sign,44,28991,5283
ML-DSA,sign,44,43927,5284
ML-DSA,sign,44,30434,5285
ML-DSA,sign,44,48286,5286
ML-DSA,sign,44,37926,5287
ML-DSA,sign,44,176728,5288
ML-DSA,sign,44,79655,5289
ML-DSA,sign,44,55802,5290
ML-DSA,sign,44,21515,5291
ML-DSA,sign,44,61800,5292
ML-DSA,sign,44,55767,5293
ML-DSA,sign,44,28995,5294
ML-DSA,sign,44,21515,5295
ML-DSA,sign,44,54345,5296
ML-DSA,sign,44,87130,5297
ML-DSA,sign,44,142334,5298
ML-DSA,sign,44,21515,5299
ML-DSA,sign,44,45385,5300
ML-DSA,sign,44,21515,5301
ML-DSA,sign,44,28994,5302
ML-DSA,sign,44,21516,5303
ML-DSA,sign,44,28982,5304
ML-DSA,sign,44,45402,5305
ML-DSA,sign,44,37927,5306
ML-DSA,sign,44,52892,5307
ML-DSA,sign,44,43929,5308
ML-DSA,sign,44,28977,5309
ML-DSA,sign,44,140914,5310
ML-DSA,sign,44,28997,5311
ML-DSA,sign,44,78278,5312
ML-DSA,sign,44,69260,5313
ML-DSA,sign,44,52887,5314
ML-DSA,sign,44,37903,5315
ML-DSA,sign,44,45361,5316
ML-DSA,sign,44,108132,5317
ML-DSA,sign,44,28992,5318
ML-DSA,sign,44,45376,5319
ML-DSA,sign,44,52844,5320
ML-DSA,sign,44,29005,5321
ML-DSA,sign,44,45397,5322
ML-DSA,sign,44,51414,5323
ML-DSA,sign,44,21511,5324
ML-DSA,sign,44,67881,5325
ML-DSA,sign,44,136376,5326
ML-DSA,sign,44,112437,5327
ML-DSA,sign,44,67808,5328
ML-DSA,sign,44,46860,5329
ML-DSA,sign,44,21512,5330
ML-DSA,sign,44,30438,5331
ML-DSA,sign,44,21511,5332
ML-DSA,sign,44,21515,5333
ML-DSA,sign,44,46838,5334
ML-DSA,sign,44,36461,5335
ML-DSA,sign,44,21516,5336
ML-DSA,sign,44,69284,5337
ML-DSA,sign,44,72341,5338
ML-DSA,sign,44,28984,5339
ML-DSA,sign,44,117115,5340
ML-DSA,sign,44,36468,5341
ML-DSA,sign,44,21511,5342
ML-DSA,sign,44,55803,5343
ML-DSA,sign,44,30451,5344
ML-DSA,sign,44,37897,5345
ML-DSA,sign,44,61817,5346
ML-DSA,sign,44,82753,5347
ML-DSA,sign,44,142413,5348
ML-DSA,sign,44,54379,5349
ML-DSA,sign,44,28975,5350
ML-DSA,sign,44,21515,5351
ML-DSA,sign,44,54327,5352
ML-DSA,sign,44,84251,5353
ML-DSA,sign,44,60359,5354
ML-DSA,sign,44,28977,5355
ML-DSA,sign,44,21511,5356
ML-DSA,sign,44,21516,5357
ML-DSA,sign,44,21511,5358
ML-DSA,sign,44,64687,5359
ML-DSA,sign,44,37919,5360
ML-DSA,sign,44,37922,5361
ML-DSA,sign,44,36460,5362
ML-DSA,sign,44,29014,5363
ML-DSA,sign,44,21510,5364
ML-DSA,sign,44,21515,5365
ML-DSA,sign,44,21511,5366
ML-DSA,sign,44,111014,5367
ML-DSA,sign,44,248315,5368
ML-DSA,sign,44,21519,5369
ML-DSA,sign,44,21511,5370
ML-DSA,sign,44,54302,5371
ML-DSA,sign,44,37946,5372
ML-DSA,sign,44,21515,5373
ML-DSA,sign,44,43961,5374
ML-DSA,sign,44,21516,5375
ML-DSA,sign,44,93112,5376
ML-DSA,sign,44,30464,5377
ML-DSA,sign,44,218414,5378
ML-DSA,sign,44,37941,5379
ML-DSA,sign,44,60339,5380
ML-DSA,sign,44,21515,5381
ML-DSA,sign,44,43944,5382
ML-DSA,sign,44,54345,5383
ML-DSA,sign,44,79637,5384
ML-DSA,sign,44,60329,5385
ML-DSA,sign,44,43986,5386
ML-DSA,sign,44,21515,5387
ML-DSA,sign,44,134881,5388
ML-DSA,sign,44,37933,5389
ML-DSA,sign,44,21512,5390
ML-DSA,sign,44,37936,5391
ML-DSA,sign,44,51428,5392
ML-DSA,sign,44,69258,5393
ML-DSA,sign,44,167702,5394
ML-DSA,sign,44,21516,5395
ML-DSA,sign,44,94610,5396
ML-DSA,sign,44,57231,5397
ML-DSA,sign,44,69247,5398
ML-DSA,sign,44,125922,5399
ML-DSA,sign,44,45400,5400
ML-DSA,sign,44,30451,5401
ML-DSA,sign,44,21515,5402
ML-DSA,sign,44,79634,5403
ML-DSA,sign,44,21512,5404
ML-DSA,sign,44,45409,5405
ML-DSA,sign,44,21511,5406
ML-DSA,sign,44,39367,5407
ML-DSA,sign,44,70699,5408
ML-DSA,sign,44,21516,5409
ML-DSA,sign,44,30434,5410
ML-DSA,sign,44,21515,5411
ML-DSA,sign,44,28987,5412
ML-DSA,sign,44,48299,5413
ML-DSA,sign,44,29003,5414
ML-DSA,sign,44,29004,5415
ML-DSA,sign,44,37926,5416
ML-DSA,sign,44,70769,5417
ML-DSA,sign,44,45390,5418
ML-DSA,sign,44,78221,5419
ML-DSA,sign,44,45399,5420
ML-DSA,sign,44,21515,5421
ML-DSA,sign,44,21516,5422
ML-DSA,sign,44,85690,5423
ML-DSA,sign,44,190175,5424
ML-DSA,sign,44,75314,5425
ML-DSA,sign,44,28982,5426
ML-DSA,sign,44,46876,5427
ML-DSA,sign,44,46868,5428
ML-DSA,sign,44,143824,5429
ML-DSA,sign,44,37916,5430
ML-DSA,sign,44,21516,5431
ML-DSA,sign,44,85657,5432
ML-DSA,sign,44,29006,5433
ML-DSA,sign,44,109660,5434
ML-DSA,sign,44,21515,5435
ML-DSA,sign,44,21512,5436
ML-DSA,sign,44,58919,5437
ML-DSA,sign,44,99244,5438
ML-DSA,sign,44,54351,5439
ML-DSA,sign,44,21516,5440
ML-DSA,sign,44,60367,5441
ML-DSA,sign,44,45378,5442
ML-DSA,sign,44,21516,5443
ML-DSA,sign,44,69343,5444
ML-DSA,sign,44,109584,5445
ML-DSA,sign,44,72211,5446
ML-DSA,sign,44,21520,5447
ML-DSA,sign,44,30436,5448
ML-DSA,sign,44,78206,5449
ML-DSA,sign,44,39357,5450
ML-DSA,sign,44,43939,5451
ML-DSA,sign,44,61820,5452
ML-DSA,sign,44,28985,5453
ML-DSA,sign,44,36460,5454
ML-DSA,sign,44,21516,5455
ML-DSA,sign,44,21511,5456
ML-DSA,sign,44,52865,5457
ML-DSA,sign,44,46859,5458
ML-DSA,sign,44,58889,5459
ML-DSA,sign,44,63244,5460
ML-DSA,sign,44,30436,5461
ML-DSA,sign,44,69290,5462
ML-DSA,sign,44,93108,5463
ML-DSA,sign,44,45390,5464
ML-DSA,sign,44,29002,5465
ML-DSA,sign,44,28972,5466
ML-DSA,sign,44,21515,5467
ML-DSA,sign,44,70687,5468
ML-DSA,sign,44,37931,5469
ML-DSA,sign,44,61816,5470
ML-DSA,sign,44,21516,5471
ML-DSA,sign,44,21511,5472
ML-DSA,sign,44,43957,5473
ML-DSA,sign,44,61786,5474
ML-DSA,sign,44,29010,5475
ML-DSA,sign,44,21511,5476
ML-DSA,sign,44,37918,5477
ML-DSA,sign,44,21511,5478
ML-DSA,sign,44,46883,5479
ML-DSA,sign,44,70739,5480
ML-DSA,sign,44,45398,5481
ML-DSA,sign,44,21511,5482
ML-DSA,sign,44,46833,5483
ML-DSA,sign,44,28980,5484
ML-DSA,sign,44,52862,5485
ML-DSA,sign,44,36475,5486
ML-DSA,sign,44,54304,5487
ML-DSA,sign,44,21516,5488
ML-DSA,sign,44,79672,5489
ML-DSA,sign,44,28998,5490
ML-DSA,sign,44,79734,5491
ML-DSA,sign,44,39347,5492
ML-DSA,sign,44,21520,5493
ML-DSA,sign,44,28980,5494
ML-DSA,sign,44,69235,5495
ML-DSA,sign,44,29002,5496
ML-DSA,sign,44,21515,5497
ML-DSA,sign,44,54361,5498
ML-DSA,sign,44,69302,5499
ML-DSA,sign,44,43984,5500
ML-DSA,sign,44,29010,5501
ML-DSA,sign,44,43937,5502
ML-DSA,sign,44,36481,5503
ML-DSA,sign,44,36483,5504
ML-DSA,sign,44,96084,5505
ML-DSA,sign,44,96045,5506
ML-DSA,sign,44,21515,5507
ML-DSA,sign,44,52916,5508
ML-DSA,sign,44,39366,5509
ML-DSA,sign,44,48319,5510
ML-DSA,sign,44,30462,5511
ML-DSA,sign,44,78225,5512
ML-DSA,sign,44,29015,5513
ML-DSA,sign,44,30446,5514
ML-DSA,sign,44,45406,5515
ML-DSA,sign,44,36452,5516
ML-DSA,sign,44,30437,5517
ML-DSA,sign,44,21511,5518
ML-DSA,sign,44,21516,5519
ML-DSA,sign,44,21516,5520
ML-DSA,sign,44,21516,5521
ML-DSA,sign,44,21512,5522
ML-DSA,sign,44,100611,5523
ML-DSA,sign,44,36452,5524
ML-DSA,sign,44,94633,5525
ML-DSA,sign,44,63249,5526
ML-DSA,sign,44,21520,5527
ML-DSA,sign,44,28976,5528
ML-DSA,sign,44,37932,5529
ML-DSA,sign,44,37937,5530
ML-DSA,sign,44,30431,5531
ML-DSA,sign,44,70715,5532
ML-DSA,sign,44,21516,5533
ML-DSA,sign,44,39344,5534
ML-DSA,sign,44,21515,5535
ML-DSA,sign,44,37909,5536
ML-DSA,sign,44,151307,5537
ML-DSA,sign,44,73972,5538
ML-DSA,sign,44,112477,5539
ML-DSA,sign,44,69303,5540
ML-DSA,sign,44,54299,5541
ML-DSA,sign,44,37908,5542
ML-DSA,sign,44,21515,5543
ML-DSA,sign,44,67829,5544
ML-DSA,sign,44,21515,5545
ML-DSA,sign,44,39368,5546
ML-DSA,sign,44,60389,5547
ML-DSA,sign,44,21516,5548
ML-DSA,sign,44,37912,5549
ML-DSA,sign,44,21515,5550
ML-DSA,sign,44,29009,5551
ML-DSA,sign,44,70740,5552
ML-DSA,sign,44,36458,5553
ML-DSA,sign,44,28989,5554
ML-DSA,sign,44,37935,5555
ML-DSA,sign,44,37921,5556
ML-DSA,sign,44,30432,5557
ML-DSA,sign,44,21512,5558
ML-DSA,sign,44,91913,5559
ML-DSA,sign,44,21511,5560
ML-DSA,sign,44,75315,5561
ML-DSA,sign,44,69304,5562
ML-DSA,sign,44,45409,5563
ML-DSA,sign,44,43964,5564
ML-DSA,sign,44,21515,5565
ML-DSA,sign,44,21511,5566
ML-DSA,sign,44,30446,5567
ML-DSA,sign,44,52886,5568
ML-DSA,sign,44,52865,5569
ML-DSA,sign,44,21512,5570
ML-DSA,sign,44,52871,5571
ML-DSA,sign,44,21512,5572
ML-DSA,sign,44,28982,5573
ML-DSA,sign,44,55777,5574
ML-DSA,sign,44,21515,5575
ML-DSA,sign,44,21512,5576
ML-DSA,sign,44,28989,5577
ML-DSA,sign,44,104970,5578
ML-DSA,sign,44,21516,5579
ML-DSA,sign,44,87142,5580
ML-DSA,sign,44,61809,5581
ML-DSA,sign,44,30452,5582
ML-DSA,sign,44,29010,5583
ML-DSA,sign,44,21512,5584
ML-DSA,sign,44,36492,5585
ML-DSA,sign,44,30453,5586
ML-DSA,sign,44,30437,5587
ML-DSA,sign,44,45405,5588
ML-DSA,sign,44,21516,5589
ML-DSA,sign,44,21511,5590
ML-DSA,sign,44,30455,5591
ML-DSA,sign,44,21512,5592
ML-DSA,sign,44,28999,5593
ML-DSA,sign,44,21512,5594
ML-DSA,sign,44,55732,5595
ML-DSA,sign,44,36471,5596
ML-DSA,sign,44,45400,5597
ML-DSA,sign,44,97706,5598
ML-DSA,sign,44,21515,5599
ML-DSA,sign,44,37887,5600
ML-DSA,sign,44,21515,5601
ML-DSA,sign,44,37913,5602
ML-DSA,sign,44,88597,5603
ML-DSA,sign,44,88588,5604
ML-DSA,sign,44,21515,5605
ML-DSA,sign,44,45418,5606
ML-DSA,sign,44,70754,5607
ML-DSA,sign,44,55798,5608
ML-DSA,sign,44,96061,5609
ML-DSA,sign,44,85693,5610
ML-DSA,sign,44,21516,5611
ML-DSA,sign,44,91724,5612
ML-DSA,sign,44,21515,5613
ML-DSA,sign,44,55773,5614
ML-DSA,sign,44,108134,5615
ML-DSA,sign,44,97584,5616
ML-DSA,sign,44,30451,5617
ML-DSA,sign,44,76759,5618
ML-DSA,sign,44,36459,5619
ML-DSA,sign,44,94599,5620
ML-DSA,sign,44,21515,5621
ML-DSA,sign,44,54319,5622
ML-DSA,sign,44,29004,5623
ML-DSA,sign,44,21512,5624
ML-DSA,sign,44,61826,5625
ML-DSA,sign,44,37919,5626
ML-DSA,sign,44,54364,5627
ML-DSA,sign,44,36468,5628
ML-DSA,sign,44,21515,5629
ML-DSA,sign,44,94630,5630
ML-DSA,sign,44,21515,5631
ML-DSA,sign,44,21511,5632
ML-DSA,sign,44,52907,5633
ML-DSA,sign,44,21511,5634
ML-DSA,sign,44,45380,5635
ML-DSA,sign,44,67847,5636
ML-DSA,sign,44,52835,5637
ML-DSA,sign,44,37908,5638
ML-DSA,sign,44,21519,5639
ML-DSA,sign,44,55855,5640
ML-DSA,sign,44,105048,5641
ML-DSA,sign,44,66387,5642
ML-DSA,sign,44,37943,5643
ML-DSA,sign,44,30452,5644
ML-DSA,sign,44,21515,5645
ML-DSA,sign,44,84218,5646
ML-DSA,sign,44,28979,5647
ML-DSA,sign,44,30428,5648
ML-DSA,sign,44,21515,5649
ML-DSA,sign,44,21511,5650
ML-DSA,sign,44,36466,5651
ML-DSA,sign,44,43937,5652
ML-DSA,sign,44,97740,5653
ML-DSA,sign,44,37914,5654
ML-DSA,sign,44,30440,5655
ML-DSA,sign,44,37914,5656
ML-DSA,sign,44,63220,5657
ML-DSA,sign,44,51407,5658
ML-DSA,sign,44,118445,5659
ML-DSA,sign,44,45411,5660
ML-DSA,sign,44,30468,5661
ML-DSA,sign,44,54349,5662
ML-DSA,sign,44,28994,5663
ML-DSA,sign,44,28990,5664
ML-DSA,sign,44,37930,5665
ML-DSA,sign,44,21512,5666
ML-DSA,sign,44,29004,5667
ML-DSA,sign,44,45359,5668
ML-DSA,sign,44,64695,5669
ML-DSA,sign,44,78225,5670
ML-DSA,sign,44,36459,5671
ML-DSA,sign,44,21511,5672
ML-DSA,sign,44,21516,5673
ML-DSA,sign,44,151360,5674
ML-DSA,sign,44,37922,5675
ML-DSA,sign,44,45417,5676
ML-DSA,sign,44,64678,5677
ML-DSA,sign,44,88626,5678
ML-DSA,sign,44,51434,5679
ML-DSA,sign,44,64739,5680
ML-DSA,sign,44,36468,5681
ML-DSA,sign,44,91707,5682
ML-DSA,sign,44,28984,5683
ML-DSA,sign,44,91676,5684
ML-DSA,sign,44,36488,5685
ML-DSA,sign,44,52857,5686
ML-DSA,sign,44,84254,5687
ML-DSA,sign,44,21512,5688
ML-DSA,sign,44,82754,5689
ML-DSA,sign,44,39359,5690
ML-DSA,sign,44,28988,5691
ML-DSA,sign,44,37907,5692
ML-DSA,sign,44,55784,5693
ML-DSA,sign,44,30433,5694
ML-DSA,sign,44,21515,5695
ML-DSA,sign,44,39391,5696
ML-DSA,sign,44,28986,5697
ML-DSA,sign,44,39390,5698
ML-DSA,sign,44,30437,5699
ML-DSA,sign,44,60333,5700
ML-DSA,sign,44,36482,5701
ML-DSA,sign,44,75306,5702
ML-DSA,sign,44,28993,5703
ML-DSA,sign,44,21512,5704
ML-DSA,sign,44,30433,5705
ML-DSA,sign,44,21512,5706
ML-DSA,sign,44,30457,5707
ML-DSA,sign,44,28988,5708
ML-DSA,sign,44,21516,5709
ML-DSA,sign,44,30447,5710
ML-DSA,sign,44,30463,5711
ML-DSA,sign,44,36456,5712
ML-DSA,sign,44,21516,5713
ML-DSA,sign,44,28989,5714
ML-DSA,sign,44,28987,5715
ML-DSA,sign,44,28994,5716
ML-DSA,sign,44,29012,5717
ML-DSA,sign,44,28992,5718
ML-DSA,sign,44,37951,5719
ML-DSA,sign,44,69295,5720
ML-DSA,sign,44,21514,5721
ML-DSA,sign,44,110994,5722
ML-DSA,sign,44,21516,5723
ML-DSA,sign,44,21511,5724
ML-DSA,sign,44,106475,5725
ML-DSA,sign,44,21511,5726
ML-DSA,sign,44,37909,5727
ML-DSA,sign,44,28977,5728
ML-DSA,sign,44,21520,5729
ML-DSA,sign,44,36451,5730
ML-DSA,sign,44,52913,5731
ML-DSA,sign,44,87182,5732
ML-DSA,sign,44,29008,5733
ML-DSA,sign,44,51438,5734
ML-DSA,sign,44,46838,5735
ML-DSA,sign,44,39363,5736
ML-DSA,sign,44,36472,5737
ML-DSA,sign,44,21511,5738
ML-DSA,sign,44,76801,5739
ML-DSA,sign,44,21516,5740
ML-DSA,sign,44,30457,5741
ML-DSA,sign,44,79711,5742
ML-DSA,sign,44,36470,5743
ML-DSA,sign,44,67867,5744
ML-DSA,sign,44,21515,5745
ML-DSA,sign,44,36463,5746
ML-DSA,sign,44,36476,5747
ML-DSA,sign,44,63252,5748
ML-DSA,sign,44,45409,5749
ML-DSA,sign,44,45397,5750
ML-DSA,sign,44,37959,5751
ML-DSA,sign,44,36453,5752
ML-DSA,sign,44,94609,5753
ML-DSA,sign,44,45391,5754
ML-DSA,sign,44,21520,5755
ML-DSA,sign,44,30437,5756
ML-DSA,sign,44,21515,5757
ML-DSA,sign,44,111055,5758
ML-DSA,sign,44,52910,5759
ML-DSA,sign,44,28982,5760
ML-DSA,sign,44,28984,5761
ML-DSA,sign,44,21515,5762
ML-DSA,sign,44,21516,5763
ML-DSA,sign,44,61769,5764
ML-DSA,sign,44,21516,5765
ML-DSA,sign,44,45381,5766
ML-DSA,sign,44,45387,5767
ML-DSA,sign,44,21511,5768
ML-DSA,sign,44,37922,5769
ML-DSA,sign,44,30452,5770
ML-DSA,sign,44,21515,5771
ML-DSA,sign,44,21516,5772
ML-DSA,sign,44,21515,5773
ML-DSA,sign,44,36496,5774
ML-DSA,sign,44,52927,5775
ML-DSA,sign,44,21511,5776
ML-DSA,sign,44,21515,5777
ML-DSA,sign,44,117044,5778
ML-DSA,sign,44,94666,5779
ML-DSA,sign,44,30436,5780
ML-DSA,sign,44,46820,5781
ML-DSA,sign,44,60345,5782
ML-DSA,sign,44,39387,5783
ML-DSA,sign,44,52877,5784
ML-DSA,sign,44,21515,5785
ML-DSA,sign,44,85733,5786
ML-DSA,sign,44,45381,5787
ML-DSA,sign,44,45378,5788
ML-DSA,sign,44,61846,5789
ML-DSA,sign,44,21511,5790
ML-DSA,sign,44,55950,5791
ML-DSA,sign,44,28977,5792
ML-DSA,sign,44,21516,5793
ML-DSA,sign,44,28981,5794
ML-DSA,sign,44,21516,5795
ML-DSA,sign,44,51427,5796
ML-DSA,sign,44,46841,5797
ML-DSA,sign,44,36466,5798
ML-DSA,sign,44,52887,5799
ML-DSA,sign,44,43932,5800
ML-DSA,sign,44,46841,5801
ML-DSA,sign,44,21511,5802
ML-DSA,sign,44,142648,5803
ML-DSA,sign,44,30433,5804
ML-DSA,sign,44,39357,5805
ML-DSA,sign,44,36483,5806
ML-DSA,sign,44,55798,5807
ML-DSA,sign,44,76708,5808
ML-DSA,sign,44,30448,5809
ML-DSA,sign,44,21516,5810
ML-DSA,sign,44,128847,5811
ML-DSA,sign,44,21515,5812
ML-DSA,sign,44,52853,5813
ML-DSA,sign,44,30458,5814
ML-DSA,sign,44,78186,5815
ML-DSA,sign,44,30436,5816
ML-DSA,sign,44,39382,5817
ML-DSA,sign,44,108142,5818
ML-DSA,sign,44,29000,5819
ML-DSA,sign,44,28976,5820
ML-DSA,sign,44,93143,5821
ML-DSA,sign,44,46869,5822
ML-DSA,sign,44,21520,5823
ML-DSA,sign,44,36448,5824
ML-DSA,sign,44,30442,5825
ML-DSA,sign,44,21512,5826
ML-DSA,sign,44,52869,5827
ML-DSA,sign,44,37929,5828
ML-DSA,sign,44,39383,5829
ML-DSA,sign,44,117002,5830
ML-DSA,sign,44,21520,5831
ML-DSA,sign,44,21512,5832
ML-DSA,sign,44,37911,5833
ML-DSA,sign,44,28995,5834
ML-DSA,sign,44,28973,5835
ML-DSA,sign,44,29008,5836
ML-DSA,sign,44,43949,5837
ML-DSA,sign,44,54311,5838
ML-DSA,sign,44,79649,5839
ML-DSA,sign,44,21511,5840
ML-DSA,sign,44,21515,5841
ML-DSA,sign,44,45375,5842
ML-DSA,sign,44,21515,5843
ML-DSA,sign,44,81298,5844
ML-DSA,sign,44,29009,5845
ML-DSA,sign,44,69286,5846
ML-DSA,sign,44,112443,5847
ML-DSA,sign,44,45427,5848
ML-DSA,sign,44,79670,5849
ML-DSA,sign,44,90225,5850
ML-DSA,sign,44,46864,5851
ML-DSA,sign,44,21512,5852
ML-DSA,sign,44,76727,5853
ML-DSA,sign,44,46843,5854
ML-DSA,sign,44,21515,5855
ML-DSA,sign,44,28994,5856
ML-DSA,sign,44,28994,5857
ML-DSA,sign,44,87146,5858
ML-DSA,sign,44,46845,5859
ML-DSA,sign,44,30446,5860
ML-DSA,sign,44,37901,5861
ML-DSA,sign,44,37901,5862
ML-DSA,sign,44,58903,5863
ML-DSA,sign,44,61799,5864
ML-DSA,sign,44,63287,5865
ML-DSA,sign,44,21511,5866
ML-DSA,sign,44,30444,5867
ML-DSA,sign,44,115468,5868
ML-DSA,sign,44,60369,5869
ML-DSA,sign,44,30453,5870
ML-DSA,sign,44,45402,5871
ML-DSA,sign,44,36461,5872
ML-DSA,sign,44,21516,5873
ML-DSA,sign,44,37909,5874
ML-DSA,sign,44,30454,5875
ML-DSA,sign,44,37911,5876
ML-DSA,sign,44,81147,5877
ML-DSA,sign,44,112454,5878
ML-DSA,sign,44,54341,5879
ML-DSA,sign,44,21516,5880
ML-DSA,sign,44,97747,5881
ML-DSA,sign,44,30447,5882
ML-DSA,sign,44,55811,5883
ML-DSA,sign,44,37950,5884
ML-DSA,sign,44,30442,5885
ML-DSA,sign,44,103535,5886
ML-DSA,sign,44,60300,5887
ML-DSA,sign,44,45406,5888
ML-DSA,sign,44,21516,5889
ML-DSA,sign,44,55744,5890
ML-DSA,sign,44,21516,5891
ML-DSA,sign,44,78283,5892
ML-DSA,sign,44,51422,5893
ML-DSA,sign,44,70732,5894
ML-DSA,sign,44,64704,5895
ML-DSA,sign,44,49920,5896
ML-DSA,sign,44,36469,5897
ML-DSA,sign,44,131764,5898
ML-DSA,sign,44,21515,5899
ML-DSA,sign,44,37916,5900
ML-DSA,sign,44,28990,5901
ML-DSA,sign,44,37922,5902
ML-DSA,sign,44,28979,5903
ML-DSA,sign,44,52875,5904
ML-DSA,sign,44,78203,5905
ML-DSA,sign,44,21511,5906
ML-DSA,sign,44,111025,5907
ML-DSA,sign,44,39355,5908
ML-DSA,sign,44,30466,5909
ML-DSA,sign,44,21512,5910
ML-DSA,sign,44,21516,5911
ML-DSA,sign,44,61792,5912
ML-DSA,sign,44,21516,5913
ML-DSA,sign,44,36474,5914
ML-DSA,sign,44,55802,5915
ML-DSA,sign,44,36478,5916
ML-DSA,sign,44,21519,5917
ML-DSA,sign,44,21511,5918
ML-DSA,sign,44,21515,5919
ML-DSA,sign,44,61810,5920
ML-DSA,sign,44,21516,5921
ML-DSA,sign,44,43957,5922
ML-DSA,sign,44,64695,5923
ML-DSA,sign,44,99238,5924
ML-DSA,sign,44,142441,5925
ML-DSA,sign,44,52851,5926
ML-DSA,sign,44,21515,5927
ML-DSA,sign,44,37892,5928
ML-DSA,sign,44,63248,5929
ML-DSA,sign,44,37935,5930
ML-DSA,sign,44,21515,5931
ML-DSA,sign,44,28976,5932
ML-DSA,sign,44,55807,5933
ML-DSA,sign,44,61826,5934
ML-DSA,sign,44,21516,5935
ML-DSA,sign,44,37907,5936
ML-DSA,sign,44,37938,5937
ML-DSA,sign,44,21511,5938
ML-DSA,sign,44,30463,5939
ML-DSA,sign,44,61808,5940
ML-DSA,sign,44,37937,5941
ML-DSA,sign,44,21515,5942
ML-DSA,sign,44,28980,5943
ML-DSA,sign,44,54348,5944
ML-DSA,sign,44,84235,5945
ML-DSA,sign,44,117097,5946
ML-DSA,sign,44,58936,5947
ML-DSA,sign,44,85907,5948
ML-DSA,sign,44,48476,5949
ML-DSA,sign,44,76751,5950
ML-DSA,sign,44,109583,5951
ML-DSA,sign,44,69260,5952
ML-DSA,sign,44,21516,5953
ML-DSA,sign,44,39351,5954
ML-DSA,sign,44,21516,5955
ML-DSA,sign,44,30444,5956
ML-DSA,sign,44,163413,5957
ML-DSA,sign,44,55802,5958
ML-DSA,sign,44,28985,5959
ML-DSA,sign,44,45395,5960
ML-DSA,sign,44,67827,5961
ML-DSA,sign,44,58885,5962
ML-DSA,sign,44,30456,5963
ML-DSA,sign,44,58910,5964
ML-DSA,sign,44,21515,5965
ML-DSA,sign,44,54307,5966
ML-DSA,sign,44,39389,5967
ML-DSA,sign,44,39385,5968
ML-DSA,sign,44,21519,5969
ML-DSA,sign,44,37896,5970
ML-DSA,sign,44,21515,5971
ML-DSA,sign,44,78235,5972
ML-DSA,sign,44,45414,5973
ML-DSA,sign,44,93169,5974
ML-DSA,sign,44,46863,5975
ML-DSA,sign,44,97529,5976
ML-DSA,sign,44,66410,5977
ML-DSA,sign,44,30436,5978
ML-DSA,sign,44,21520,5979
ML-DSA,sign,44,36475,5980
ML-DSA,sign,44,45399,5981
ML-DSA,sign,44,46855,5982
ML-DSA,sign,44,85709,5983
ML-DSA,sign,44,43959,5984
ML-DSA,sign,44,32066,5985
ML-DSA,sign,44,61800,5986
ML-DSA,sign,44,63235,5987
ML-DSA,sign,44,46848,5988
ML-DSA,sign,44,21515,5989
ML-DSA,sign,44,111017,5990
ML-DSA,sign,44,30459,5991
ML-DSA,sign,44,46886,5992
ML-DSA,sign,44,102118,5993
ML-DSA,sign,44,118469,5994
ML-DSA,sign,44,48308,5995
ML-DSA,sign,44,36453,5996
ML-DSA,sign,44,52906,5997
ML-DSA,sign,44,112471,5998
ML-DSA,sign,44,45395,5999
ML-DSA,sign,44,52858,6000
ML-DSA,sign,44,66393,6001
ML-DSA,sign,44,48291,6002
ML-DSA,sign,44,98967,6003
ML-DSA,sign,44,21511,6004
ML-DSA,sign,44,28979,6005
ML-DSA,sign,44,212623,6006
ML-DSA,sign,44,63295,6007
ML-DSA,sign,44,69250,6008
ML-DSA,sign,44,61806,6009
ML-DSA,sign,44,30439,6010
ML-DSA,sign,44,29003,6011
ML-DSA,sign,44,29011,6012
ML-DSA,sign,44,54303,6013
ML-DSA,sign,44,45377,6014
ML-DSA,sign,44,21515,6015
ML-DSA,sign,44,37937,6016
ML-DSA,sign,44,55774,6017
ML-DSA,sign,44,21512,6018
ML-DSA,sign,44,28982,6019
ML-DSA,sign,44,21511,6020
ML-DSA,sign,44,46839,6021
ML-DSA,sign,44,133476,6022
ML-DSA,sign,44,21519,6023
ML-DSA,sign,44,21512,6024
ML-DSA,sign,44,30457,6025
ML-DSA,sign,44,37908,6026
ML-DSA,sign,44,54302,6027
ML-DSA,sign,44,57249,6028
ML-DSA,sign,44,45377,6029
ML-DSA,sign,44,28998,6030
ML-DSA,sign,44,28983,6031
ML-DSA,sign,44,78175,6032
ML-DSA,sign,44,21515,6033
ML-DSA,sign,44,61814,6034
ML-DSA,sign,44,118644,6035
ML-DSA,sign,44,84274,6036
ML-DSA,sign,44,21516,6037
ML-DSA,sign,44,43928,6038
ML-DSA,sign,44,73834,6039
ML-DSA,sign,44,296088,6040
ML-DSA,sign,44,60369,6041
ML-DSA,sign,44,21511,6042
ML-DSA,sign,44,43929,6043
ML-DSA,sign,44,45447,6044
ML-DSA,sign,44,21515,6045
ML-DSA,sign,44,37903,6046
ML-DSA,sign,44,21515,6047
ML-DSA,sign,44,21515,6048
ML-DSA,sign,44,21516,6049
ML-DSA,sign,44,21511,6050
ML-DSA,sign,44,85682,6051
ML-DSA,sign,44,21516,6052
ML-DSA,sign,44,70890,6053
ML-DSA,sign,44,21511,6054
ML-DSA,sign,44,69318,6055
ML-DSA,sign,44,30462,6056
ML-DSA,sign,44,21515,6057
ML-DSA,sign,44,30426,6058
ML-DSA,sign,44,102121,6059
ML-DSA,sign,44,73661,6060
ML-DSA,sign,44,95986,6061
ML-DSA,sign,44,48325,6062
ML-DSA,sign,44,81274,6063
ML-DSA,sign,44,60332,6064
ML-DSA,sign,44,55782,6065
ML-DSA,sign,44,21512,6066
ML-DSA,sign,44,37913,6067
ML-DSA,sign,44,37923,6068
ML-DSA,sign,44,87154,6069
ML-DSA,sign,44,28986,6070
ML-DSA,sign,44,191622,6071
ML-DSA,sign,44,21512,6072
ML-DSA,sign,44,78194,6073
ML-DSA,sign,44,137985,6074
ML-DSA,sign,44,48320,6075
ML-DSA,sign,44,30436,6076
ML-DSA,sign,44,78371,6077
ML-DSA,sign,44,84212,6078
ML-DSA,sign,44,21520,6079
ML-DSA,sign,44,21512,6080
ML-DSA,sign,44,21516,6081
ML-DSA,sign,44,37932,6082
ML-DSA,sign,44,21520,6083
ML-DSA,sign,44,21512,6084
ML-DSA,sign,44,97688,6085
ML-DSA,sign,44,63252,6086
ML-DSA,sign,44,76754,6087
ML-DSA,sign,44,60342,6088
ML-DSA,sign,44,48333,6089
ML-DSA,sign,44,48473,6090
ML-DSA,sign,44,61854,6091
ML-DSA,sign,44,30434,6092
ML-DSA,sign,44,21516,6093
ML-DSA,sign,44,28983,6094
ML-DSA,sign,44,36460,6095
ML-DSA,sign,44,37903,6096
ML-DSA,sign,44,21515,6097
ML-DSA,sign,44,52857,6098
ML-DSA,sign,44,30441,6099
ML-DSA,sign,44,36492,6100
ML-DSA,sign,44,36470,6101
ML-DSA,sign,44,45411,6102
ML-DSA,sign,44,64675,6103
ML-DSA,sign,44,54327,6104
ML-DSA,sign,44,21520,6105
ML-DSA,sign,44,28972,6106
ML-DSA,sign,44,21520,6107
ML-DSA,sign,44,63410,6108
ML-DSA,sign,44,21516,6109
ML-DSA,sign,44,134833,6110
ML-DSA,sign,44,106430,6111
ML-DSA,sign,44,57438,6112
ML-DSA,sign,44,21515,6113
ML-DSA,sign,44,30458,6114
ML-DSA,sign,44,52879,6115
ML-DSA,sign,44,37920,6116
ML-DSA,sign,44,37934,6117
ML-DSA,sign,44,43918,6118
ML-DSA,sign,44,30431,6119
ML-DSA,sign,44,54325,6120
ML-DSA,sign,44,46830,6121
ML-DSA,sign,44,21512,6122
ML-DSA,sign,44,21515,6123
ML-DSA,sign,44,146789,6124
ML-DSA,sign,44,21516,6125
ML-DSA,sign,44,28989,6126
ML-DSA,sign,44,21515,6127
ML-DSA,sign,44,122855,6128
ML-DSA,sign,44,52870,6129
ML-DSA,sign,44,43922,6130
ML-DSA,sign,44,21516,6131
ML-DSA,sign,44,99001,6132
ML-DSA,sign,44,21515,6133
ML-DSA,sign,44,29004,6134
ML-DSA,sign,44,21516,6135
ML-DSA,sign,44,21511,6136
ML-DSA,sign,44,39392,6137
ML-DSA,sign,44,21515,6138
ML-DSA,sign,44,30451,6139
ML-DSA,sign,44,60351,6140
ML-DSA,sign,44,39353,6141
ML-DSA,sign,44,30427,6142
ML-DSA,sign,44,28984,6143
ML-DSA,sign,44,67827,6144
ML-DSA,sign,44,30448,6145
ML-DSA,sign,44,21511,6146
ML-DSA,sign,44,30456,6147
ML-DSA,sign,44,84232,6148
ML-DSA,sign,44,55783,6149
ML-DSA,sign,44,21511,6150
ML-DSA,sign,44,28997,6151
ML-DSA,sign,44,84246,6152
ML-DSA,sign,44,21515,6153
ML-DSA,sign,44,21516,6154
ML-DSA,sign,44,54359,6155
ML-DSA,sign,44,21511,6156
ML-DSA,sign,44,21516,6157
ML-DSA,sign,44,29008,6158
ML-DSA,sign,44,43922,6159
ML-DSA,sign,44,21511,6160
ML-DSA,sign,44,43932,6161
ML-DSA,sign,44,76728,6162
ML-DSA,sign,44,29010,6163
ML-DSA,sign,44,21511,6164
ML-DSA,sign,44,60327,6165
ML-DSA,sign,44,43963,6166
ML-DSA,sign,44,45371,6167
ML-DSA,sign,44,36468,6168
ML-DSA,sign,44,21516,6169
ML-DSA,sign,44,21511,6170
ML-DSA,sign,44,21515,6171
ML-DSA,sign,44,76709,6172
ML-DSA,sign,44,21515,6173
ML-DSA,sign,44,21511,6174
ML-DSA,sign,44,21515,6175
ML-DSA,sign,44,69311,6176
ML-DSA,sign,44,52881,6177
ML-DSA,sign,44,21512,6178
ML-DSA,sign,44,36463,6179
ML-DSA,sign,44,21515,6180
ML-DSA,sign,44,91762,6181
ML-DSA,sign,44,173709,6182
ML-DSA,sign,44,21515,6183
ML-DSA,sign,44,85726,6184
ML-DSA,sign,44,37900,6185
ML-DSA,sign,44,37916,6186
ML-DSA,sign,44,21520,6187
ML-DSA,sign,44,21511,6188
ML-DSA,sign,44,21515,6189
ML-DSA,sign,44,30437,6190
ML-DSA,sign,44,21515,6191
ML-DSA,sign,44,28994,6192
ML-DSA,sign,44,37896,6193
ML-DSA,sign,44,66372,6194
ML-DSA,sign,44,63282,6195
ML-DSA,sign,44,30431,6196
ML-DSA,sign,44,70751,6197
ML-DSA,sign,44,96083,6198
ML-DSA,sign,44,30460,6199
ML-DSA,sign,44,61801,6200
ML-DSA,sign,44,30432,6201
ML-DSA,sign,44,21511,6202
ML-DSA,sign,44,63248,6203
ML-DSA,sign,44,102101,6204
ML-DSA,sign,44,21516,6205
ML-DSA,sign,44,37923,6206
ML-DSA,sign,44,51460,6207
ML-DSA,sign,44,84227,6208
ML-DSA,sign,44,55767,6209
ML-DSA,sign,44,45399,6210
ML-DSA,sign,44,28999,6211
ML-DSA,sign,44,21513,6212
ML-DSA,sign,44,21515,6213
ML-DSA,sign,44,21511,6214
ML-DSA,sign,44,21515,6215
ML-DSA,sign,44,30428,6216
ML-DSA,sign,44,39358,6217
ML-DSA,sign,44,21512,6218
ML-DSA,sign,44,61781,6219
ML-DSA,sign,44,37926,6220
ML-DSA,sign,44,60290,6221
ML-DSA,sign,44,46833,6222
ML-DSA,sign,44,52898,6223
ML-DSA,sign,44,36446,6224
ML-DSA,sign,44,52882,6225
ML-DSA,sign,44,45375,6226
ML-DSA,sign,44,21515,6227
ML-DSA,sign,44,54306,6228
ML-DSA,sign,44,72229,6229
ML-DSA,sign,44,21511,6230
ML-DSA,sign,44,21515,6231
ML-DSA,sign,44,21512,6232
ML-DSA,sign,44,72215,6233
ML-DSA,sign,44,21515,6234
ML-DSA,sign,44,88825,6235
ML-DSA,sign,44,21516,6236
ML-DSA,sign,44,61809,6237
ML-DSA,sign,44,36490,6238
ML-DSA,sign,44,189928,6239
ML-DSA,sign,44,124508,6240
ML-DSA,sign,44,36453,6241
ML-DSA,sign,44,21512,6242
ML-DSA,sign,44,30447,6243
ML-DSA,sign,44,21512,6244
ML-DSA,sign,44,45393,6245
ML-DSA,sign,44,28984,6246
ML-DSA,sign,44,46864,6247
ML-DSA,sign,44,167758,6248
ML-DSA,sign,44,63252,6249
ML-DSA,sign,44,46856,6250
ML-DSA,sign,44,55794,6251
ML-DSA,sign,44,21511,6252
ML-DSA,sign,44,21515,6253
ML-DSA,sign,44,21512,6254
ML-DSA,sign,44,28994,6255
ML-DSA,sign,44,21511,6256
ML-DSA,sign,44,61767,6257
ML-DSA,sign,44,84151,6258
ML-DSA,sign,44,21515,6259
ML-DSA,sign,44,21511,6260
ML-DSA,sign,44,45388,6261
ML-DSA,sign,44,70727,6262
ML-DSA,sign,44,21516,6263
ML-DSA,sign,44,48323,6264
ML-DSA,sign,44,67878,6265
ML-DSA,sign,44,151379,6266
ML-DSA,sign,44,21516,6267
ML-DSA,sign,44,45384,6268
ML-DSA,sign,44,30438,6269
ML-DSA,sign,44,28986,6270
ML-DSA,sign,44,48330,6271
ML-DSA,sign,44,21513,6272
ML-DSA,sign,44,28981,6273
ML-DSA,sign,44,72189,6274
ML-DSA,sign,44,37925,6275
ML-DSA,sign,44,39361,6276
ML-DSA,sign,44,37916,6277
ML-DSA,sign,44,21512,6278
ML-DSA,sign,44,72216,6279
ML-DSA,sign,44,29000,6280
ML-DSA,sign,44,30457,6281
ML-DSA,sign,44,145231,6282
ML-DSA,sign,44,76773,6283
ML-DSA,sign,44,75299,6284
ML-DSA,sign,44,30460,6285
ML-DSA,sign,44,37932,6286
ML-DSA,sign,44,102098,6287
ML-DSA,sign,44,37910,6288
ML-DSA,sign,44,37913,6289
ML-DSA,sign,44,45398,6290
ML-DSA,sign,44,30448,6291
ML-DSA,sign,44,84200,6292
ML-DSA,sign,44,76739,6293
ML-DSA,sign,44,60319,6294
ML-DSA,sign,44,28997,6295
ML-DSA,sign,44,46840,6296
ML-DSA,sign,44,109594,6297
ML-DSA,sign,44,69276,6298
ML-DSA,sign,44,94611,6299
ML-DSA,sign,44,45389,6300
ML-DSA,sign,44,28996,6301
ML-DSA,sign,44,69249,6302
ML-DSA,sign,44,69269,6303
ML-DSA,sign,44,58881,6304
ML-DSA,sign,44,84231,6305
ML-DSA,sign,44,37928,6306
ML-DSA,sign,44,21515,6307
ML-DSA,sign,44,64695,6308
ML-DSA,sign,44,67848,6309
ML-DSA,sign,44,21512,6310
ML-DSA,sign,44,52917,6311
ML-DSA,sign,44,45384,6312
ML-DSA,sign,44,28978,6313
ML-DSA,sign,44,21511,6314
ML-DSA,sign,44,51418,6315
ML-DSA,sign,44,181159,6316
ML-DSA,sign,44,36451,6317
ML-DSA,sign,44,52857,6318
ML-DSA,sign,44,21515,6319
ML-DSA,sign,44,72225,6320
ML-DSA,sign,44,46847,6321
ML-DSA,sign,44,21511,6322
ML-DSA,sign,44,28988,6323
ML-DSA,sign,44,37924,6324
ML-DSA,sign,44,61805,6325
ML-DSA,sign,44,54350,6326
ML-DSA,sign,44,113916,6327
ML-DSA,sign,44,78273,6328
ML-DSA,sign,44,21515,6329
ML-DSA,sign,44,21511,6330
ML-DSA,sign,44,63411,6331
ML-DSA,sign,44,29006,6332
ML-DSA,sign,44,30445,6333
ML-DSA,sign,44,21515,6334
ML-DSA,sign,44,21516,6335
ML-DSA,sign,44,54336,6336
ML-DSA,sign,44,21516,6337
ML-DSA,sign,44,45391,6338
ML-DSA,sign,44,37929,6339
ML-DSA,sign,44,48285,6340
ML-DSA,sign,44,93145,6341
ML-DSA,sign,44,46835,6342
ML-DSA,sign,44,21515,6343
ML-DSA,sign,44,21511,6344
ML-DSA,sign,44,28988,6345
ML-DSA,sign,44,21511,6346
ML-DSA,sign,44,102144,6347
ML-DSA,sign,44,43928,6348
ML-DSA,sign,44,94658,6349
ML-DSA,sign,44,21515,6350
ML-DSA,sign,44,21516,6351
ML-DSA,sign,44,143765,6352
ML-DSA,sign,44,28993,6353
ML-DSA,sign,44,30441,6354
ML-DSA,sign,44,21516,6355
ML-DSA,sign,44,21512,6356
ML-DSA,sign,44,69287,6357
ML-DSA,sign,44,54325,6358
ML-DSA,sign,44,54292,6359
ML-DSA,sign,44,66337,6360
ML-DSA,sign,44,60393,6361
ML-DSA,sign,44,21511,6362
ML-DSA,sign,44,124555,6363
ML-DSA,sign,44,69308,6364
ML-DSA,sign,44,63284,6365
ML-DSA,sign,44,21511,6366
ML-DSA,sign,44,28985,6367
ML-DSA,sign,44,28980,6368
ML-DSA,sign,44,37900,6369
ML-DSA,sign,44,21512,6370
ML-DSA,sign,44,45395,6371
ML-DSA,sign,44,30438,6372
ML-DSA,sign,44,36482,6373
ML-DSA,sign,44,37905,6374
ML-DSA,sign,44,45418,6375
ML-DSA,sign,44,145321,6376
ML-DSA,sign,44,54303,6377
ML-DSA,sign,44,36477,6378
ML-DSA,sign,44,39382,6379
ML-DSA,sign,44,45422,6380
ML-DSA,sign,44,21521,6381
ML-DSA,sign,44,21512,6382
ML-DSA,sign,44,43954,6383
ML-DSA,sign,44,21512,6384
ML-DSA,sign,44,21515,6385
ML-DSA,sign,44,36463,6386
ML-DSA,sign,44,112753,6387
ML-DSA,sign,44,54303,6388
ML-DSA,sign,44,134957,6389
ML-DSA,sign,44,30438,6390
ML-DSA,sign,44,94694,6391
ML-DSA,sign,44,87111,6392
ML-DSA,sign,44,76773,6393
ML-DSA,sign,44,45406,6394
ML-DSA,sign,44,61780,6395
ML-DSA,sign,44,45407,6396
ML-DSA,sign,44,21516,6397
ML-DSA,sign,44,61812,6398
ML-DSA,sign,44,30434,6399
ML-DSA,sign,44,21512,6400
ML-DSA,sign,44,61807,6401
ML-DSA,sign,44,46872,6402
ML-DSA,sign,44,28989,6403
ML-DSA,sign,44,36446,6404
ML-DSA,sign,44,28978,6405
ML-DSA,sign,44,85670,6406
ML-DSA,sign,44,100713,6407
ML-DSA,sign,44,21512,6408
ML-DSA,sign,44,75031,6409
ML-DSA,sign,44,30444,6410
ML-DSA,sign,44,21515,6411
ML-DSA,sign,44,46853,6412
ML-DSA,sign,44,61785,6413
ML-DSA,sign,44,106656,6414
ML-DSA,sign,44,30439,6415
ML-DSA,sign,44,30440,6416
ML-DSA,sign,44,37915,6417
ML-DSA,sign,44,36491,6418
ML-DSA,sign,44,21516,6419
ML-DSA,sign,44,54318,6420
ML-DSA,sign,44,191687,6421
ML-DSA,sign,44,21511,6422
ML-DSA,sign,44,55801,6423
ML-DSA,sign,44,37936,6424
ML-DSA,sign,44,30445,6425
ML-DSA,sign,44,30453,6426
ML-DSA,sign,44,37948,6427
ML-DSA,sign,44,54348,6428
ML-DSA,sign,44,52872,6429
ML-DSA,sign,44,51447,6430
ML-DSA,sign,44,28989,6431
ML-DSA,sign,44,63247,6432
ML-DSA,sign,44,37942,6433
ML-DSA,sign,44,21512,6434
ML-DSA,sign,44,37907,6435
ML-DSA,sign,44,29009,6436
ML-DSA,sign,44,45370,6437
ML-DSA,sign,44,48289,6438
ML-DSA,sign,44,78367,6439
ML-DSA,sign,44,21512,6440
ML-DSA,sign,44,119979,6441
ML-DSA,sign,44,84015,6442
ML-DSA,sign,44,55811,6443
ML-DSA,sign,44,64698,6444
ML-DSA,sign,44,43973,6445
ML-DSA,sign,44,28978,6446
ML-DSA,sign,44,45388,6447
ML-DSA,sign,44,43962,6448
ML-DSA,sign,44,30462,6449
ML-DSA,sign,44,155989,6450
ML-DSA,sign,44,75332,6451
ML-DSA,sign,44,21511,6452
ML-DSA,sign,44,21516,6453
ML-DSA,sign,44,36486,6454
ML-DSA,sign,44,21515,6455
ML-DSA,sign,44,46836,6456
ML-DSA,sign,44,43940,6457
ML-DSA,sign,44,28982,6458
ML-DSA,sign,44,73838,6459
ML-DSA,sign,44,46862,6460
ML-DSA,sign,44,21516,6461
ML-DSA,sign,44,45389,6462
ML-DSA,sign,44,36452,6463
ML-DSA,sign,44,30451,6464
ML-DSA,sign,44,39393,6465
ML-DSA,sign,44,54340,6466
ML-DSA,sign,44,21515,6467
ML-DSA,sign,44,30447,6468
ML-DSA,sign,44,28977,6469
ML-DSA,sign,44,90298,6470
ML-DSA,sign,44,55960,6471
ML-DSA,sign,44,29004,6472
ML-DSA,sign,44,55773,6473
ML-DSA,sign,44,21512,6474
ML-DSA,sign,44,21515,6475
ML-DSA,sign,44,21516,6476
ML-DSA,sign,44,43996,6477
ML-DSA,sign,44,69261,6478
ML-DSA,sign,44,28979,6479
ML-DSA,sign,44,21511,6480
ML-DSA,sign,44,94560,6481
ML-DSA,sign,44,108128,6482
ML-DSA,sign,44,37926,6483
ML-DSA,sign,44,28977,6484
ML-DSA,sign,44,29011,6485
ML-DSA,sign,44,21511,6486
ML-DSA,sign,44,30448,6487
ML-DSA,sign,44,48304,6488
ML-DSA,sign,44,37927,6489
ML-DSA,sign,44,37905,6490
ML-DSA,sign,44,37913,6491
ML-DSA,sign,44,54356,6492
ML-DSA,sign,44,21515,6493
ML-DSA,sign,44,37908,6494
ML-DSA,sign,44,21515,6495
ML-DSA,sign,44,21511,6496
ML-DSA,sign,44,54314,6497
ML-DSA,sign,44,36458,6498
ML-DSA,sign,44,29009,6499
ML-DSA,sign,44,29003,6500
ML-DSA,sign,44,94571,6501
ML-DSA,sign,44,28977,6502
ML-DSA,sign,44,61792,6503
ML-DSA,sign,44,21512,6504
ML-DSA,sign,44,111055,6505
ML-DSA,sign,44,21511,6506
ML-DSA,sign,44,61787,6507
ML-DSA,sign,44,30450,6508
ML-DSA,sign,44,21516,6509
ML-DSA,sign,44,61844,6510
ML-DSA,sign,44,90269,6511
ML-DSA,sign,44,37914,6512
ML-DSA,sign,44,37898,6513
ML-DSA,sign,44,93154,6514
ML-DSA,sign,44,118516,6515
ML-DSA,sign,44,30446,6516
ML-DSA,sign,44,67791,6517
ML-DSA,sign,44,55780,6518
ML-DSA,sign,44,21516,6519
ML-DSA,sign,44,21511,6520
ML-DSA,sign,44,63275,6521
ML-DSA,sign,44,21512,6522
ML-DSA,sign,44,28990,6523
ML-DSA,sign,44,45405,6524
ML-DSA,sign,44,21515,6525
ML-DSA,sign,44,30443,6526
ML-DSA,sign,44,21520,6527
ML-DSA,sign,44,30440,6528
ML-DSA,sign,44,29005,6529
ML-DSA,sign,44,51415,6530
ML-DSA,sign,44,76773,6531
ML-DSA,sign,44,28976,6532
ML-DSA,sign,44,21515,6533
ML-DSA,sign,44,28992,6534
ML-DSA,sign,44,46815,6535
ML-DSA,sign,44,36448,6536
ML-DSA,sign,44,21516,6537
ML-DSA,sign,44,21512,6538
ML-DSA,sign,44,51418,6539
ML-DSA,sign,44,21511,6540
ML-DSA,sign,44,29008,6541
ML-DSA,sign,44,36493,6542
ML-DSA,sign,44,52894,6543
ML-DSA,sign,44,30454,6544
ML-DSA,sign,44,46844,6545
ML-DSA,sign,44,21511,6546
ML-DSA,sign,44,140989,6547
ML-DSA,sign,44,30428,6548
ML-DSA,sign,44,61797,6549
ML-DSA,sign,44,39385,6550
ML-DSA,sign,44,30467,6551
ML-DSA,sign,44,37942,6552
ML-DSA,sign,44,21515,6553
ML-DSA,sign,44,60345,6554
ML-DSA,sign,44,78155,6555
ML-DSA,sign,44,28992,6556
ML-DSA,sign,44,109597,6557
ML-DSA,sign,44,21511,6558
ML-DSA,sign,44,76784,6559
ML-DSA,sign,44,21512,6560
ML-DSA,sign,44,30436,6561
ML-DSA,sign,44,30436,6562
ML-DSA,sign,44,55796,6563
ML-DSA,sign,44,37918,6564
ML-DSA,sign,44,55818,6565
ML-DSA,sign,44,63225,6566
ML-DSA,sign,44,111008,6567
ML-DSA,sign,44,63239,6568
ML-DSA,sign,44,21516,6569
ML-DSA,sign,44,21512,6570
ML-DSA,sign,44,54482,6571
ML-DSA,sign,44,85667,6572
ML-DSA,sign,44,48325,6573
ML-DSA,sign,44,36477,6574
ML-DSA,sign,44,52853,6575
ML-DSA,sign,44,21511,6576
ML-DSA,sign,44,28989,6577
ML-DSA,sign,44,61774,6578
ML-DSA,sign,44,112486,6579
ML-DSA,sign,44,37909,6580
ML-DSA,sign,44,39359,6581
ML-DSA,sign,44,30458,6582
ML-DSA,sign,44,21520,6583
ML-DSA,sign,44,21512,6584
ML-DSA,sign,44,21515,6585
ML-DSA,sign,44,21512,6586
ML-DSA,sign,44,43925,6587
ML-DSA,sign,44,21516,6588
ML-DSA,sign,44,85697,6589
ML-DSA,sign,44,21512,6590
ML-DSA,sign,44,52886,6591
ML-DSA,sign,44,37905,6592
ML-DSA,sign,44,61777,6593
ML-DSA,sign,44,79659,6594
ML-DSA,sign,44,78164,6595
ML-DSA,sign,44,28984,6596
ML-DSA,sign,44,37918,6597
ML-DSA,sign,44,28989,6598
ML-DSA,sign,44,61825,6599
ML-DSA,sign,44,54321,6600
ML-DSA,sign,44,178115,6601
ML-DSA,sign,44,21512,6602
ML-DSA,sign,44,45373,6603
ML-DSA,sign,44,36480,6604
ML-DSA,sign,44,37901,6605
ML-DSA,sign,44,21512,6606
ML-DSA,sign,44,61801,6607
ML-DSA,sign,44,28988,6608
ML-DSA,sign,44,21516,6609
ML-DSA,sign,44,21512,6610
ML-DSA,sign,44,60345,6611
ML-DSA,sign,44,45381,6612
ML-DSA,sign,44,37917,6613
ML-DSA,sign,44,21512,6614
ML-DSA,sign,44,60385,6615
ML-DSA,sign,44,21511,6616
ML-DSA,sign,44,29001,6617
ML-DSA,sign,44,30447,6618
ML-DSA,sign,44,29010,6619
ML-DSA,sign,44,21512,6620
ML-DSA,sign,44,21516,6621
ML-DSA,sign,44,46870,6622
ML-DSA,sign,44,52866,6623
ML-DSA,sign,44,70751,6624
ML-DSA,sign,44,55787,6625
ML-DSA,sign,44,28999,6626
ML-DSA,sign,44,30433,6627
ML-DSA,sign,44,21512,6628
ML-DSA,sign,44,37907,6629
ML-DSA,sign,44,54329,6630
ML-DSA,sign,44,127490,6631
ML-DSA,sign,44,21511,6632
ML-DSA,sign,44,21516,6633
ML-DSA,sign,44,43960,6634
ML-DSA,sign,44,69312,6635
ML-DSA,sign,44,21512,6636
ML-DSA,sign,44,37925,6637
ML-DSA,sign,44,36436,6638
ML-DSA,sign,44,46888,6639
ML-DSA,sign,44,45395,6640
ML-DSA,sign,44,21516,6641
ML-DSA,sign,44,76728,6642
ML-DSA,sign,44,21520,6643
ML-DSA,sign,44,43929,6644
ML-DSA,sign,44,63249,6645
ML-DSA,sign,44,29003,6646
ML-DSA,sign,44,143824,6647
ML-DSA,sign,44,45411,6648
ML-DSA,sign,44,46886,6649
ML-DSA,sign,44,51420,6650
ML-DSA,sign,44,21516,6651
ML-DSA,sign,44,21512,6652
ML-DSA,sign,44,43959,6653
ML-DSA,sign,44,37913,6654
ML-DSA,sign,44,54325,6655
ML-DSA,sign,44,37899,6656
ML-DSA,sign,44,46845,6657
ML-DSA,sign,44,39355,6658
ML-DSA,sign,44,30446,6659
ML-DSA,sign,44,54312,6660
ML-DSA,sign,44,51416,6661
ML-DSA,sign,44,21511,6662
ML-DSA,sign,44,54346,6663
ML-DSA,sign,44,21516,6664
ML-DSA,sign,44,37946,6665
ML-DSA,sign,44,36463,6666
ML-DSA,sign,44,28984,6667
ML-DSA,sign,44,28987,6668
ML-DSA,sign,44,21515,6669
ML-DSA,sign,44,28975,6670
ML-DSA,sign,44,28990,6671
ML-DSA,sign,44,21511,6672
ML-DSA,sign,44,60359,6673
ML-DSA,sign,44,21511,6674
ML-DSA,sign,44,52850,6675
ML-DSA,sign,44,94613,6676
ML-DSA,sign,44,30453,6677
ML-DSA,sign,44,69309,6678
ML-DSA,sign,44,94614,6679
ML-DSA,sign,44,30433,6680
ML-DSA,sign,44,21520,6681
ML-DSA,sign,44,39525,6682
ML-DSA,sign,44,28990,6683
ML-DSA,sign,44,60379,6684
ML-DSA,sign,44,21516,6685
ML-DSA,sign,44,103582,6686
ML-DSA,sign,44,21515,6687
ML-DSA,sign,44,36451,6688
ML-DSA,sign,44,30433,6689
ML-DSA,sign,44,21511,6690
ML-DSA,sign,44,30446,6691
ML-DSA,sign,44,54326,6692
ML-DSA,sign,44,43938,6693
ML-DSA,sign,44,29009,6694
ML-DSA,sign,44,115562,6695
ML-DSA,sign,44,61840,6696
ML-DSA,sign,44,21515,6697
ML-DSA,sign,44,30435,6698
ML-DSA,sign,44,125961,6699
ML-DSA,sign,44,43970,6700
ML-DSA,sign,44,36461,6701
ML-DSA,sign,44,21512,6702
ML-DSA,sign,44,21516,6703
ML-DSA,sign,44,21511,6704
ML-DSA,sign,44,21515,6705
ML-DSA,sign,44,60300,6706
ML-DSA,sign,44,28986,6707
ML-DSA,sign,44,37907,6708
ML-DSA,sign,44,63214,6709
ML-DSA,sign,44,73628,6710
ML-DSA,sign,44,37912,6711
ML-DSA,sign,44,30428,6712
ML-DSA,sign,44,37917,6713
ML-DSA,sign,44,45388,6714
ML-DSA,sign,44,69293,6715
ML-DSA,sign,44,117010,6716
ML-DSA,sign,44,39360,6717
ML-DSA,sign,44,30427,6718
ML-DSA,sign,44,60351,6719
ML-DSA,sign,44,28978,6720
ML-DSA,sign,44,87183,6721
ML-DSA,sign,44,45413,6722
ML-DSA,sign,44,52848,6723
ML-DSA,sign,44,143803,6724
ML-DSA,sign,44,87163,6725
ML-DSA,sign,44,94596,6726
ML-DSA,sign,44,21515,6727
ML-DSA,sign,44,148436,6728
ML-DSA,sign,44,21516,6729
ML-DSA,sign,44,36442,6730
ML-DSA,sign,44,21520,6731
ML-DSA,sign,44,21512,6732
ML-DSA,sign,44,36490,6733
ML-DSA,sign,44,21516,6734
ML-DSA,sign,44,46839,6735
ML-DSA,sign,44,101900,6736
ML-DSA,sign,44,52892,6737
ML-DSA,sign,44,37933,6738
ML-DSA,sign,44,21516,6739
ML-DSA,sign,44,29009,6740
ML-DSA,sign,44,51409,6741
ML-DSA,sign,44,21511,6742
ML-DSA,sign,44,70790,6743
ML-DSA,sign,44,21512,6744
ML-DSA,sign,44,45431,6745
ML-DSA,sign,44,29007,6746
ML-DSA,sign,44,21515,6747
ML-DSA,sign,44,30454,6748
ML-DSA,sign,44,30461,6749
ML-DSA,sign,44,58913,6750
ML-DSA,sign,44,28996,6751
ML-DSA,sign,44,39357,6752
ML-DSA,sign,44,45424,6753
ML-DSA,sign,44,46870,6754
ML-DSA,sign,44,37895,6755
ML-DSA,sign,44,28995,6756
ML-DSA,sign,44,28976,6757
ML-DSA,sign,44,28973,6758
ML-DSA,sign,44,21516,6759
ML-DSA,sign,44,43981,6760
ML-DSA,sign,44,37906,6761
ML-DSA,sign,44,63274,6762
ML-DSA,sign,44,21515,6763
ML-DSA,sign,44,21515,6764
ML-DSA,sign,44,79644,6765
ML-DSA,sign,44,21512,6766
ML-DSA,sign,44,28991,6767
ML-DSA,sign,44,55826,6768
ML-DSA,sign,44,28983,6769
ML-DSA,sign,44,21511,6770
ML-DSA,sign,44,30443,6771
ML-DSA,sign,44,21512,6772
ML-DSA,sign,44,69360,6773
ML-DSA,sign,44,21515,6774
ML-DSA,sign,44,72159,6775
ML-DSA,sign,44,45376,6776
ML-DSA,sign,44,54311,6777
ML-DSA,sign,44,21512,6778
ML-DSA,sign,44,30436,6779
ML-DSA,sign,44,21512,6780
ML-DSA,sign,44,46847,6781
ML-DSA,sign,44,54304,6782
ML-DSA,sign,44,28990,6783
ML-DSA,sign,44,61787,6784
ML-DSA,sign,44,30441,6785
ML-DSA,sign,44,28987,6786
ML-DSA,sign,44,124291,6787
ML-DSA,sign,44,21511,6788
ML-DSA,sign,44,36460,6789
ML-DSA,sign,44,21512,6790
ML-DSA,sign,44,94610,6791
ML-DSA,sign,44,21515,6792
ML-DSA,sign,44,21516,6793
ML-DSA,sign,44,37904,6794
ML-DSA,sign,44,21520,6795
ML-DSA,sign,44,54314,6796
ML-DSA,sign,44,54335,6797
ML-DSA,sign,44,21511,6798
ML-DSA,sign,44,39399,6799
ML-DSA,sign,44,21512,6800
ML-DSA,sign,44,30439,6801
ML-DSA,sign,44,37905,6802
ML-DSA,sign,44,45390,6803
ML-DSA,sign,44,111064,6804
ML-DSA,sign,44,54352,6805
ML-DSA,sign,44,21512,6806
ML-DSA,sign,44,72220,6807
ML-DSA,sign,44,76815,6808
ML-DSA,sign,44,30434,6809
ML-DSA,sign,44,133446,6810
ML-DSA,sign,44,21515,6811
ML-DSA,sign,44,21515,6812
ML-DSA,sign,44,37954,6813
ML-DSA,sign,44,30439,6814
ML-DSA,sign,44,28986,6815
ML-DSA,sign,44,29002,6816
ML-DSA,sign,44,21515,6817
ML-DSA,sign,44,21515,6818
ML-DSA,sign,44,21516,6819
ML-DSA,sign,44,48338,6820
ML-DSA,sign,44,100684,6821
ML-DSA,sign,44,51395,6822
ML-DSA,sign,44,54327,6823
ML-DSA,sign,44,67802,6824
ML-DSA,sign,44,85660,6825
ML-DSA,sign,44,43969,6826
ML-DSA,sign,44,52884,6827
ML-DSA,sign,44,39358,6828
ML-DSA,sign,44,21515,6829
ML-DSA,sign,44,29002,6830
ML-DSA,sign,44,87153,6831
ML-DSA,sign,44,30451,6832
ML-DSA,sign,44,21515,6833
ML-DSA,sign,44,28996,6834
ML-DSA,sign,44,21516,6835
ML-DSA,sign,44,21512,6836
ML-DSA,sign,44,54337,6837
ML-DSA,sign,44,43968,6838
ML-DSA,sign,44,37944,6839
ML-DSA,sign,44,36478,6840
ML-DSA,sign,44,37930,6841
ML-DSA,sign,44,36456,6842
ML-DSA,sign,44,117064,6843
ML-DSA,sign,44,52907,6844
ML-DSA,sign,44,21515,6845
ML-DSA,sign,44,21516,6846
ML-DSA,sign,44,36482,6847
ML-DSA,sign,44,60337,6848
ML-DSA,sign,44,21516,6849
ML-DSA,sign,44,21511,6850
ML-DSA,sign,44,61767,6851
ML-DSA,sign,44,72142,6852
ML-DSA,sign,44,21516,6853
ML-DSA,sign,44,37920,6854
ML-DSA,sign,44,114134,6855
ML-DSA,sign,44,21511,6856
ML-DSA,sign,44,21515,6857
ML-DSA,sign,44,45397,6858
ML-DSA,sign,44,30448,6859
ML-DSA,sign,44,21512,6860
ML-DSA,sign,44,21516,6861
ML-DSA,sign,44,57366,6862
ML-DSA,sign,44,28978,6863
ML-DSA,sign,44,54338,6864
ML-DSA,sign,44,37915,6865
ML-DSA,sign,44,76709,6866
ML-DSA,sign,44,28994,6867
ML-DSA,sign,44,21516,6868
ML-DSA,sign,44,54340,6869
ML-DSA,sign,44,36477,6870
ML-DSA,sign,44,21515,6871
ML-DSA,sign,44,21512,6872
ML-DSA,sign,44,28978,6873
ML-DSA,sign,44,21512,6874
ML-DSA,sign,44,21515,6875
ML-DSA,sign,44,28993,6876
ML-DSA,sign,44,37928,6877
ML-DSA,sign,44,63275,6878
ML-DSA,sign,44,66360,6879
ML-DSA,sign,44,39523,6880
ML-DSA,sign,44,30433,6881
ML-DSA,sign,44,28985,6882
ML-DSA,sign,44,30460,6883
ML-DSA,sign,44,28974,6884
ML-DSA,sign,44,45392,6885
ML-DSA,sign,44,37941,6886
ML-DSA,sign,44,79700,6887
ML-DSA,sign,44,128841,6888
ML-DSA,sign,44,37933,6889
ML-DSA,sign,44,29001,6890
ML-DSA,sign,44,30442,6891
ML-DSA,sign,44,108068,6892
ML-DSA,sign,44,160286,6893
ML-DSA,sign,44,76751,6894
ML-DSA,sign,44,32061,6895
ML-DSA,sign,44,43928,6896
ML-DSA,sign,44,37926,6897
ML-DSA,sign,44,73869,6898
ML-DSA,sign,44,29004,6899
ML-DSA,sign,44,21512,6900
ML-DSA,sign,44,48327,6901
ML-DSA,sign,44,46844,6902
ML-DSA,sign,44,21516,6903
ML-DSA,sign,44,21511,6904
ML-DSA,sign,44,61799,6905
ML-DSA,sign,44,30438,6906
ML-DSA,sign,44,36455,6907
ML-DSA,sign,44,70730,6908
ML-DSA,sign,44,79659,6909
ML-DSA,sign,44,58934,6910
ML-DSA,sign,44,37933,6911
ML-DSA,sign,44,63284,6912
ML-DSA,sign,44,46845,6913
ML-DSA,sign,44,28984,6914
ML-DSA,sign,44,94644,6915
ML-DSA,sign,44,21511,6916
ML-DSA,sign,44,45399,6917
ML-DSA,sign,44,21511,6918
ML-DSA,sign,44,67864,6919
ML-DSA,sign,44,60368,6920
ML-DSA,sign,44,99190,6921
ML-DSA,sign,44,21512,6922
ML-DSA,sign,44,79670,6923
ML-DSA,sign,44,21515,6924
ML-DSA,sign,44,54319,6925
ML-DSA,sign,44,78201,6926
ML-DSA,sign,44,100641,6927
ML-DSA,sign,44,55777,6928
ML-DSA,sign,44,30466,6929
ML-DSA,sign,44,21512,6930
ML-DSA,sign,44,67810,6931
ML-DSA,sign,44,28992,6932
ML-DSA,sign,44,30435,6933
ML-DSA,sign,44,70760,6934
ML-DSA,sign,44,52885,6935
ML-DSA,sign,44,21511,6936
ML-DSA,sign,44,39361,6937
ML-DSA,sign,44,61783,6938
ML-DSA,sign,44,21515,6939
ML-DSA,sign,44,39364,6940
ML-DSA,sign,44,29007,6941
ML-DSA,sign,44,76755,6942
ML-DSA,sign,44,43963,6943
ML-DSA,sign,44,48289,6944
ML-DSA,sign,44,30436,6945
ML-DSA,sign,44,76760,6946
ML-DSA,sign,44,64735,6947
ML-DSA,sign,44,90019,6948
ML-DSA,sign,44,36459,6949
ML-DSA,sign,44,21512,6950
ML-DSA,sign,44,52886,6951
ML-DSA,sign,44,60334,6952
ML-DSA,sign,44,51423,6953
ML-DSA,sign,44,28973,6954
ML-DSA,sign,44,21520,6955
ML-DSA,sign,44,37921,6956
ML-DSA,sign,44,69287,6957
ML-DSA,sign,44,30450,6958
ML-DSA,sign,44,29007,6959
ML-DSA,sign,44,51413,6960
ML-DSA,sign,44,61824,6961
ML-DSA,sign,44,43989,6962
ML-DSA,sign,44,21515,6963
ML-DSA,sign,44,21512,6964
ML-DSA,sign,44,55795,6965
ML-DSA,sign,44,21511,6966
ML-DSA,sign,44,21516,6967
ML-DSA,sign,44,48337,6968
ML-DSA,sign,44,64930,6969
ML-DSA,sign,44,21511,6970
ML-DSA,sign,44,21516,6971
ML-DSA,sign,44,21512,6972
ML-DSA,sign,44,29007,6973
ML-DSA,sign,44,21511,6974
ML-DSA,sign,44,51443,6975
ML-DSA,sign,44,60354,6976
ML-DSA,sign,44,69287,6977
ML-DSA,sign,44,29002,6978
ML-DSA,sign,44,30460,6979
ML-DSA,sign,44,60365,6980
ML-DSA,sign,44,28988,6981
ML-DSA,sign,44,21515,6982
ML-DSA,sign,44,61845,6983
ML-DSA,sign,44,78239,6984
ML-DSA,sign,44,21516,6985
ML-DSA,sign,44,45401,6986
ML-DSA,sign,44,39406,6987
ML-DSA,sign,44,29006,6988
ML-DSA,sign,44,37912,6989
ML-DSA,sign,44,21512,6990
ML-DSA,sign,44,66178,6991
ML-DSA,sign,44,70720,6992
ML-DSA,sign,44,52910,6993
ML-DSA,sign,44,21512,6994
ML-DSA,sign,44,45404,6995
ML-DSA,sign,44,173482,6996
ML-DSA,sign,44,115377,6997
ML-DSA,sign,44,36491,6998
ML-DSA,sign,44,28994,6999
ML-DSA,sign,44,51437,7000
ML-DSA,sign,44,87160,7001
ML-DSA,sign,44,84271,7002
ML-DSA,sign,44,29008,7003
ML-DSA,sign,44,21511,7004
ML-DSA,sign,44,37909,7005
ML-DSA,sign,44,21516,7006
ML-DSA,sign,44,21516,7007
ML-DSA,sign,44,45407,7008
ML-DSA,sign,44,36492,7009
ML-DSA,sign,44,88617,7010
ML-DSA,sign,44,61968,7011
ML-DSA,sign,44,21511,7012
ML-DSA,sign,44,170760,7013
ML-DSA,sign,44,55742,7014
ML-DSA,sign,44,29001,7015
ML-DSA,sign,44,54278,7016
ML-DSA,sign,44,202222,7017
ML-DSA,sign,44,45406,7018
ML-DSA,sign,44,169166,7019
ML-DSA,sign,44,37895,7020
ML-DSA,sign,44,21515,7021
ML-DSA,sign,44,21511,7022
ML-DSA,sign,44,100626,7023
ML-DSA,sign,44,103577,7024
ML-DSA,sign,44,52865,7025
ML-DSA,sign,44,30444,7026
ML-DSA,sign,44,21516,7027
ML-DSA,sign,44,113914,7028
ML-DSA,sign,44,21520,7029
ML-DSA,sign,44,21512,7030
ML-DSA,sign,44,30442,7031
ML-DSA,sign,44,191786,7032
ML-DSA,sign,44,36465,7033
ML-DSA,sign,44,21512,7034
ML-DSA,sign,44,21516,7035
ML-DSA,sign,44,28977,7036
ML-DSA,sign,44,39418,7037
ML-DSA,sign,44,36462,7038
ML-DSA,sign,44,21519,7039
ML-DSA,sign,44,30427,7040
ML-DSA,sign,44,43958,7041
ML-DSA,sign,44,94624,7042
ML-DSA,sign,44,21520,7043
ML-DSA,sign,44,21512,7044
ML-DSA,sign,44,43920,7045
ML-DSA,sign,44,52860,7046
ML-DSA,sign,44,76732,7047
ML-DSA,sign,44,21512,7048
ML-DSA,sign,44,28983,7049
ML-DSA,sign,44,36467,7050
ML-DSA,sign,44,75283,7051
ML-DSA,sign,44,43956,7052
ML-DSA,sign,44,21516,7053
ML-DSA,sign,44,148390,7054
ML-DSA,sign,44,39390,7055
ML-DSA,sign,44,21511,7056
ML-DSA,sign,44,93144,7057
ML-DSA,sign,44,70726,7058
ML-DSA,sign,44,21515,7059
ML-DSA,sign,44,21516,7060
ML-DSA,sign,44,52880,7061
ML-DSA,sign,44,30434,7062
ML-DSA,sign,44,36478,7063
ML-DSA,sign,44,39366,7064
ML-DSA,sign,44,75291,7065
ML-DSA,sign,44,57416,7066
ML-DSA,sign,44,37935,7067
ML-DSA,sign,44,21512,7068
ML-DSA,sign,44,30446,7069
ML-DSA,sign,44,36480,7070
ML-DSA,sign,44,21516,7071
ML-DSA,sign,44,21511,7072
ML-DSA,sign,44,79680,7073
ML-DSA,sign,44,52846,7074
ML-DSA,sign,44,51401,7075
ML-DSA,sign,44,48285,7076
ML-DSA,sign,44,29003,7077
ML-DSA,sign,44,72180,7078
ML-DSA,sign,44,94660,7079
ML-DSA,sign,44,21511,7080
ML-DSA,sign,44,45392,7081
ML-DSA,sign,44,39400,7082
ML-DSA,sign,44,55776,7083
ML-DSA,sign,44,52848,7084
ML-DSA,sign,44,28990,7085
ML-DSA,sign,44,30434,7086
ML-DSA,sign,44,21516,7087
ML-DSA,sign,44,21516,7088
ML-DSA,sign,44,39404,7089
ML-DSA,sign,44,82792,7090
ML-DSA,sign,44,124522,7091
ML-DSA,sign,44,21512,7092
ML-DSA,sign,44,45378,7093
ML-DSA,sign,44,51433,7094
ML-DSA,sign,44,109751,7095
ML-DSA,sign,44,21511,7096
ML-DSA,sign,44,21515,7097
ML-DSA,sign,44,46810,7098
ML-DSA,sign,44,37894,7099
ML-DSA,sign,44,54333,7100
ML-DSA,sign,44,61802,7101
ML-DSA,sign,44,88639,7102
ML-DSA,sign,44,21520,7103
ML-DSA,sign,44,21512,7104
ML-DSA,sign,44,30434,7105
ML-DSA,sign,44,37947,7106
ML-DSA,sign,44,37919,7107
ML-DSA,sign,44,21511,7108
ML-DSA,sign,44,30461,7109
ML-DSA,sign,44,21516,7110
ML-DSA,sign,44,69275,7111
ML-DSA,sign,44,21516,7112
ML-DSA,sign,44,21517,7113
ML-DSA,sign,44,21512,7114
ML-DSA,sign,44,30464,7115
ML-DSA,sign,44,37921,7116
ML-DSA,sign,44,29013,7117
ML-DSA,sign,44,48284,7118
ML-DSA,sign,44,61752,7119
ML-DSA,sign,44,21511,7120
ML-DSA,sign,44,63235,7121
ML-DSA,sign,44,81290,7122
ML-DSA,sign,44,84226,7123
ML-DSA,sign,44,81059,7124
ML-DSA,sign,44,54337,7125
ML-DSA,sign,44,45358,7126
ML-DSA,sign,44,45411,7127
ML-DSA,sign,44,37904,7128
ML-DSA,sign,44,43936,7129
ML-DSA,sign,44,21511,7130
ML-DSA,sign,44,37905,7131
ML-DSA,sign,44,28993,7132
ML-DSA,sign,44,55788,7133
ML-DSA,sign,44,58929,7134
ML-DSA,sign,44,37929,7135
ML-DSA,sign,44,78210,7136
ML-DSA,sign,44,28981,7137
ML-DSA,sign,44,28974,7138
ML-DSA,sign,44,54327,7139
ML-DSA,sign,44,30457,7140
ML-DSA,sign,44,48327,7141
ML-DSA,sign,44,21511,7142
ML-DSA,sign,44,97749,7143
ML-DSA,sign,44,36439,7144
ML-DSA,sign,44,69303,7145
ML-DSA,sign,44,54323,7146
ML-DSA,sign,44,21515,7147
ML-DSA,sign,44,85656,7148
ML-DSA,sign,44,75324,7149
ML-DSA,sign,44,69305,7150
ML-DSA,sign,44,30442,7151
ML-DSA,sign,44,72193,7152
ML-DSA,sign,44,36483,7153
ML-DSA,sign,44,36461,7154
ML-DSA,sign,44,54349,7155
ML-DSA,sign,44,21511,7156
ML-DSA,sign,44,124548,7157
ML-DSA,sign,44,142368,7158
ML-DSA,sign,44,29004,7159
ML-DSA,sign,44,21511,7160
ML-DSA,sign,44,30454,7161
ML-DSA,sign,44,36470,7162
ML-DSA,sign,44,112450,7163
ML-DSA,sign,44,51391,7164
ML-DSA,sign,44,37904,7165
ML-DSA,sign,44,36449,7166
ML-DSA,sign,44,52862,7167
ML-DSA,sign,44,28989,7168
ML-DSA,sign,44,94696,7169
ML-DSA,sign,44,28984,7170
ML-DSA,sign,44,54322,7171
ML-DSA,sign,44,21512,7172
ML-DSA,sign,44,72151,7173
ML-DSA,sign,44,21511,7174
ML-DSA,sign,44,28981,7175
ML-DSA,sign,44,76744,7176
ML-DSA,sign,44,21521,7177
ML-DSA,sign,44,28976,7178
ML-DSA,sign,44,30437,7179
ML-DSA,sign,44,45395,7180
ML-DSA,sign,44,75279,7181
ML-DSA,sign,44,21512,7182
ML-DSA,sign,44,28985,7183
ML-DSA,sign,44,37924,7184
ML-DSA,sign,44,58913,7185
ML-DSA,sign,44,52918,7186
ML-DSA,sign,44,28993,7187
ML-DSA,sign,44,46828,7188
ML-DSA,sign,44,21519,7189
ML-DSA,sign,44,28972,7190
ML-DSA,sign,44,21520,7191
ML-DSA,sign,44,30431,7192
ML-DSA,sign,44,91469,7193
ML-DSA,sign,44,21511,7194
ML-DSA,sign,44,46842,7195
ML-DSA,sign,44,21512,7196
ML-DSA,sign,44,60381,7197
ML-DSA,sign,44,54307,7198
ML-DSA,sign,44,21515,7199
ML-DSA,sign,44,69304,7200
ML-DSA,sign,44,21520,7201
ML-DSA,sign,44,61837,7202
ML-DSA,sign,44,61778,7203
ML-DSA,sign,44,28997,7204
ML-DSA,sign,44,21516,7205
ML-DSA,sign,44,37924,7206
ML-DSA,sign,44,21515,7207
ML-DSA,sign,44,76744,7208
ML-DSA,sign,44,61821,7209
ML-DSA,sign,44,21511,7210
ML-DSA,sign,44,28979,7211
ML-DSA,sign,44,28987,7212
ML-DSA,sign,44,21515,7213
ML-DSA,sign,44,46814,7214
ML-DSA,sign,44,60393,7215
ML-DSA,sign,44,139469,7216
ML-DSA,sign,44,79674,7217
ML-DSA,sign,44,60318,7218
ML-DSA,sign,44,21515,7219
ML-DSA,sign,44,106453,7220
ML-DSA,sign,44,28973,7221
ML-DSA,sign,44,78178,7222
ML-DSA,sign,44,178130,7223
ML-DSA,sign,44,91759,7224
ML-DSA,sign,44,109593,7225
ML-DSA,sign,44,21511,7226
ML-DSA,sign,44,21520,7227
ML-DSA,sign,44,21512,7228
ML-DSA,sign,44,69312,7229
ML-DSA,sign,44,46824,7230
ML-DSA,sign,44,21515,7231
ML-DSA,sign,44,99022,7232
ML-DSA,sign,44,46857,7233
ML-DSA,sign,44,37938,7234
ML-DSA,sign,44,21516,7235
ML-DSA,sign,44,51436,7236
ML-DSA,sign,44,36468,7237
ML-DSA,sign,44,29002,7238
ML-DSA,sign,44,82825,7239
ML-DSA,sign,44,28998,7240
ML-DSA,sign,44,146737,7241
ML-DSA,sign,44,29003,7242
ML-DSA,sign,44,21515,7243
ML-DSA,sign,44,63246,7244
ML-DSA,sign,44,128951,7245
ML-DSA,sign,44,21512,7246
ML-DSA,sign,44,30438,7247
ML-DSA,sign,44,112490,7248
ML-DSA,sign,44,21515,7249
ML-DSA,sign,44,21511,7250
ML-DSA,sign,44,60355,7251
ML-DSA,sign,44,21511,7252
ML-DSA,sign,44,115647,7253
ML-DSA,sign,44,79659,7254
ML-DSA,sign,44,69272,7255
ML-DSA,sign,44,69299,7256
ML-DSA,sign,44,21515,7257
ML-DSA,sign,44,72201,7258
ML-DSA,sign,44,46815,7259
ML-DSA,sign,44,28988,7260
ML-DSA,sign,44,93161,7261
ML-DSA,sign,44,29009,7262
ML-DSA,sign,44,28999,7263
ML-DSA,sign,44,21512,7264
ML-DSA,sign,44,48322,7265
ML-DSA,sign,44,125909,7266
ML-DSA,sign,44,85708,7267
ML-DSA,sign,44,30428,7268
ML-DSA,sign,44,21515,7269
ML-DSA,sign,44,45401,7270
ML-DSA,sign,44,29010,7271
ML-DSA,sign,44,21516,7272
ML-DSA,sign,44,28976,7273
ML-DSA,sign,44,51431,7274
ML-DSA,sign,44,39383,7275
ML-DSA,sign,44,36465,7276
ML-DSA,sign,44,21516,7277
ML-DSA,sign,44,51415,7278
ML-DSA,sign,44,36452,7279
ML-DSA,sign,44,82802,7280
ML-DSA,sign,44,28982,7281
ML-DSA,sign,44,37947,7282
ML-DSA,sign,44,21516,7283
ML-DSA,sign,44,63277,7284
ML-DSA,sign,44,30447,7285
ML-DSA,sign,44,46833,7286
ML-DSA,sign,44,21516,7287
ML-DSA,sign,44,87149,7288
ML-DSA,sign,44,37914,7289
ML-DSA,sign,44,21512,7290
ML-DSA,sign,44,21520,7291
ML-DSA,sign,44,21512,7292
ML-DSA,sign,44,55748,7293
ML-DSA,sign,44,37918,7294
ML-DSA,sign,44,93126,7295
ML-DSA,sign,44,21516,7296
ML-DSA,sign,44,54338,7297
ML-DSA,sign,44,21512,7298
ML-DSA,sign,44,43935,7299
ML-DSA,sign,44,37897,7300
ML-DSA,sign,44,21516,7301
ML-DSA,sign,44,43959,7302
ML-DSA,sign,44,45396,7303
ML-DSA,sign,44,37934,7304
ML-DSA,sign,44,54340,7305
ML-DSA,sign,44,69246,7306
ML-DSA,sign,44,79633,7307
ML-DSA,sign,44,21512,7308
ML-DSA,sign,44,21515,7309
ML-DSA,sign,44,39363,7310
ML-DSA,sign,44,55776,7311
ML-DSA,sign,44,60373,7312
ML-DSA,sign,44,30442,7313
ML-DSA,sign,44,21512,7314
ML-DSA,sign,44,52888,7315
ML-DSA,sign,44,28982,7316
ML-DSA,sign,44,36477,7317
ML-DSA,sign,44,28976,7318
ML-DSA,sign,44,36485,7319
ML-DSA,sign,44,43929,7320
ML-DSA,sign,44,91750,7321
ML-DSA,sign,44,37912,7322
ML-DSA,sign,44,36453,7323
ML-DSA,sign,44,96083,7324
ML-DSA,sign,44,79642,7325
ML-DSA,sign,44,37909,7326
ML-DSA,sign,44,29006,7327
ML-DSA,sign,44,28977,7328
ML-DSA,sign,44,93179,7329
ML-DSA,sign,44,21511,7330
ML-DSA,sign,44,78201,7331
ML-DSA,sign,44,37941,7332
ML-DSA,sign,44,87116,7333
ML-DSA,sign,44,36456,7334
ML-DSA,sign,44,29007,7335
ML-DSA,sign,44,54343,7336
ML-DSA,sign,44,36468,7337
ML-DSA,sign,44,37944,7338
ML-DSA,sign,44,45412,7339
ML-DSA,sign,44,46825,7340
ML-DSA,sign,44,45436,7341
ML-DSA,sign,44,21516,7342
ML-DSA,sign,44,29015,7343
ML-DSA,sign,44,52880,7344
ML-DSA,sign,44,30452,7345
ML-DSA,sign,44,37913,7346
ML-DSA,sign,44,21516,7347
ML-DSA,sign,44,45396,7348
ML-DSA,sign,44,30434,7349
ML-DSA,sign,44,21516,7350
ML-DSA,sign,44,21516,7351
ML-DSA,sign,44,37938,7352
ML-DSA,sign,44,36460,7353
ML-DSA,sign,44,36451,7354
ML-DSA,sign,44,21516,7355
ML-DSA,sign,44,45403,7356
ML-DSA,sign,44,73639,7357
ML-DSA,sign,44,28987,7358
ML-DSA,sign,44,37911,7359
ML-DSA,sign,44,21512,7360
ML-DSA,sign,44,85718,7361
ML-DSA,sign,44,45392,7362
ML-DSA,sign,44,21516,7363
ML-DSA,sign,44,21511,7364
ML-DSA,sign,44,75294,7365
ML-DSA,sign,44,75312,7366
ML-DSA,sign,44,29008,7367
ML-DSA,sign,44,45380,7368
ML-DSA,sign,44,63286,7369
ML-DSA,sign,44,46835,7370
ML-DSA,sign,44,60372,7371
ML-DSA,sign,44,45369,7372
ML-DSA,sign,44,61754,7373
ML-DSA,sign,44,36442,7374
ML-DSA,sign,44,21515,7375
ML-DSA,sign,44,37927,7376
ML-DSA,sign,44,30433,7377
ML-DSA,sign,44,54331,7378
ML-DSA,sign,44,21520,7379
ML-DSA,sign,44,37903,7380
ML-DSA,sign,44,37928,7381
ML-DSA,sign,44,46897,7382
ML-DSA,sign,44,36478,7383
ML-DSA,sign,44,54316,7384
ML-DSA,sign,44,70762,7385
ML-DSA,sign,44,52826,7386
ML-DSA,sign,44,48311,7387
ML-DSA,sign,44,30453,7388
ML-DSA,sign,44,21516,7389
ML-DSA,sign,44,21516,7390
ML-DSA,sign,44,37890,7391
ML-DSA,sign,44,48266,7392
ML-DSA,sign,44,37902,7393
ML-DSA,sign,44,21511,7394
ML-DSA,sign,44,28990,7395
ML-DSA,sign,44,55836,7396
ML-DSA,sign,44,28995,7397
ML-DSA,sign,44,182711,7398
ML-DSA,sign,44,76805,7399
ML-DSA,sign,44,28977,7400
ML-DSA,sign,44,28987,7401
ML-DSA,sign,44,21516,7402
ML-DSA,sign,44,127501,7403
ML-DSA,sign,44,21511,7404
ML-DSA,sign,44,30458,7405
ML-DSA,sign,44,32058,7406
ML-DSA,sign,44,48289,7407
ML-DSA,sign,44,81126,7408
ML-DSA,sign,44,21515,7409
ML-DSA,sign,44,37925,7410
ML-DSA,sign,44,21516,7411
ML-DSA,sign,44,45408,7412
ML-DSA,sign,44,37934,7413
ML-DSA,sign,44,21512,7414
ML-DSA,sign,44,30430,7415
ML-DSA,sign,44,37950,7416
ML-DSA,sign,44,43967,7417
ML-DSA,sign,44,61824,7418
ML-DSA,sign,44,70732,7419
ML-DSA,sign,44,106603,7420
ML-DSA,sign,44,79654,7421
ML-DSA,sign,44,45378,7422
ML-DSA,sign,44,30440,7423
ML-DSA,sign,44,36466,7424
ML-DSA,sign,44,54302,7425
ML-DSA,sign,44,28974,7426
ML-DSA,sign,44,28982,7427
ML-DSA,sign,44,28982,7428
ML-DSA,sign,44,37913,7429
ML-DSA,sign,44,91687,7430
ML-DSA,sign,44,36490,7431
ML-DSA,sign,44,78228,7432
ML-DSA,sign,44,21516,7433
ML-DSA,sign,44,36463,7434
ML-DSA,sign,44,28996,7435
ML-DSA,sign,44,21512,7436
ML-DSA,sign,44,111068,7437
ML-DSA,sign,44,21511,7438
ML-DSA,sign,44,28988,7439
ML-DSA,sign,44,28995,7440
ML-DSA,sign,44,21515,7441
ML-DSA,sign,44,148374,7442
ML-DSA,sign,44,21515,7443
ML-DSA,sign,44,160421,7444
ML-DSA,sign,44,97473,7445
ML-DSA,sign,44,58928,7446
ML-DSA,sign,44,37908,7447
ML-DSA,sign,44,63277,7448
ML-DSA,sign,44,28982,7449
ML-DSA,sign,44,76779,7450
ML-DSA,sign,44,30432,7451
ML-DSA,sign,44,45374,7452
ML-DSA,sign,44,21515,7453
ML-DSA,sign,44,21516,7454
ML-DSA,sign,44,21515,7455
ML-DSA,sign,44,69303,7456
ML-DSA,sign,44,172088,7457
ML-DSA,sign,44,121393,7458
ML-DSA,sign,44,46850,7459
ML-DSA,sign,44,84297,7460
ML-DSA,sign,44,52873,7461
ML-DSA,sign,44,46839,7462
ML-DSA,sign,44,37930,7463
ML-DSA,sign,44,30428,7464
ML-DSA,sign,44,30452,7465
ML-DSA,sign,44,21512,7466
ML-DSA,sign,44,45428,7467
ML-DSA,sign,44,21511,7468
ML-DSA,sign,44,30446,7469
ML-DSA,sign,44,90008,7470
ML-DSA,sign,44,21515,7471
ML-DSA,sign,44,39378,7472
ML-DSA,sign,44,46844,7473
ML-DSA,sign,44,61811,7474
ML-DSA,sign,44,28998,7475
ML-DSA,sign,44,30447,7476
ML-DSA,sign,44,51406,7477
ML-DSA,sign,44,30435,7478
ML-DSA,sign,44,30451,7479
ML-DSA,sign,44,85663,7480
ML-DSA,sign,44,21515,7481
ML-DSA,sign,44,28983,7482
ML-DSA,sign,44,43923,7483
ML-DSA,sign,44,79709,7484
ML-DSA,sign,44,37944,7485
ML-DSA,sign,44,28982,7486
ML-DSA,sign,44,21515,7487
ML-DSA,sign,44,63256,7488
ML-DSA,sign,44,30435,7489
ML-DSA,sign,44,21512,7490
ML-DSA,sign,44,52872,7491
ML-DSA,sign,44,21512,7492
ML-DSA,sign,44,76721,7493
ML-DSA,sign,44,39403,7494
ML-DSA,sign,44,21515,7495
ML-DSA,sign,44,21512,7496
ML-DSA,sign,44,21515,7497
ML-DSA,sign,44,21511,7498
ML-DSA,sign,44,21519,7499
ML-DSA,sign,44,30447,7500
ML-DSA,sign,44,21515,7501
ML-DSA,sign,44,30430,7502
ML-DSA,sign,44,99206,7503
ML-DSA,sign,44,45389,7504
ML-DSA,sign,44,21520,7505
ML-DSA,sign,44,117109,7506
ML-DSA,sign,44,21516,7507
ML-DSA,sign,44,28972,7508
ML-DSA,sign,44,54339,7509
ML-DSA,sign,44,28980,7510
ML-DSA,sign,44,61797,7511
ML-DSA,sign,44,52875,7512
ML-DSA,sign,44,46846,7513
ML-DSA,sign,44,45373,7514
ML-DSA,sign,44,21520,7515
ML-DSA,sign,44,21512,7516
ML-DSA,sign,44,21516,7517
ML-DSA,sign,44,28979,7518
ML-DSA,sign,44,29003,7519
ML-DSA,sign,44,28994,7520
ML-DSA,sign,44,28999,7521
ML-DSA,sign,44,36464,7522
ML-DSA,sign,44,21515,7523
ML-DSA,sign,44,67810,7524
ML-DSA,sign,44,63269,7525
ML-DSA,sign,44,21516,7526
ML-DSA,sign,44,69269,7527
ML-DSA,sign,44,70745,7528
ML-DSA,sign,44,21516,7529
ML-DSA,sign,44,36463,7530
ML-DSA,sign,44,21520,7531
ML-DSA,sign,44,70735,7532
ML-DSA,sign,44,30446,7533
ML-DSA,sign,44,88585,7534
ML-DSA,sign,44,37948,7535
ML-DSA,sign,44,21515,7536
ML-DSA,sign,44,30464,7537
ML-DSA,sign,44,45389,7538
ML-DSA,sign,44,61820,7539
ML-DSA,sign,44,55735,7540
ML-DSA,sign,44,21515,7541
ML-DSA,sign,44,75324,7542
ML-DSA,sign,44,29010,7543
ML-DSA,sign,44,21512,7544
ML-DSA,sign,44,36476,7545
ML-DSA,sign,44,29002,7546
ML-DSA,sign,44,37914,7547
ML-DSA,sign,44,21511,7548
ML-DSA,sign,44,63266,7549
ML-DSA,sign,44,21512,7550
ML-DSA,sign,44,91746,7551
ML-DSA,sign,44,45406,7552
ML-DSA,sign,44,45397,7553
ML-DSA,sign,44,45381,7554
ML-DSA,sign,44,39399,7555
ML-DSA,sign,44,28995,7556
ML-DSA,sign,44,21520,7557
ML-DSA,sign,44,55791,7558
ML-DSA,sign,44,43958,7559
ML-DSA,sign,44,61843,7560
ML-DSA,sign,44,46828,7561
ML-DSA,sign,44,72212,7562
ML-DSA,sign,44,30456,7563
ML-DSA,sign,44,37928,7564
ML-DSA,sign,44,45397,7565
ML-DSA,sign,44,105055,7566
ML-DSA,sign,44,69274,7567
ML-DSA,sign,44,63237,7568
ML-DSA,sign,44,21515,7569
ML-DSA,sign,44,21511,7570
ML-DSA,sign,44,66397,7571
ML-DSA,sign,44,51411,7572
ML-DSA,sign,44,21516,7573
ML-DSA,sign,44,21511,7574
ML-DSA,sign,44,21519,7575
ML-DSA,sign,44,29002,7576
ML-DSA,sign,44,78191,7577
ML-DSA,sign,44,36443,7578
ML-DSA,sign,44,21516,7579
ML-DSA,sign,44,21512,7580
ML-DSA,sign,44,85696,7581
ML-DSA,sign,44,36464,7582
ML-DSA,sign,44,36477,7583
ML-DSA,sign,44,28987,7584
ML-DSA,sign,44,30468,7585
ML-DSA,sign,44,37920,7586
ML-DSA,sign,44,28993,7587
ML-DSA,sign,44,45373,7588
ML-DSA,sign,44,117101,7589
ML-DSA,sign,44,28999,7590
ML-DSA,sign,44,28979,7591
ML-DSA,sign,44,52821,7592
ML-DSA,sign,44,45413,7593
ML-DSA,sign,44,111012,7594
ML-DSA,sign,44,87177,7595
ML-DSA,sign,44,21512,7596
ML-DSA,sign,44,54332,7597
ML-DSA,sign,44,52885,7598
ML-DSA,sign,44,60370,7599
ML-DSA,sign,44,37900,7600
ML-DSA,sign,44,46838,7601
ML-DSA,sign,44,28977,7602
ML-DSA,sign,44,182679,7603
ML-DSA,sign,44,21511,7604
ML-DSA,sign,44,45393,7605
ML-DSA,sign,44,21512,7606
ML-DSA,sign,44,93182,7607
ML-DSA,sign,44,60345,7608
ML-DSA,sign,44,36473,7609
ML-DSA,sign,44,36459,7610
ML-DSA,sign,44,36480,7611
ML-DSA,sign,44,88629,7612
ML-DSA,sign,44,21515,7613
ML-DSA,sign,44,36466,7614
ML-DSA,sign,44,36470,7615
ML-DSA,sign,44,139433,7616
ML-DSA,sign,44,87176,7617
ML-DSA,sign,44,63231,7618
ML-DSA,sign,44,133476,7619
ML-DSA,sign,44,45371,7620
ML-DSA,sign,44,21520,7621
ML-DSA,sign,44,115574,7622
ML-DSA,sign,44,64676,7623
ML-DSA,sign,44,21511,7624
ML-DSA,sign,44,36480,7625
ML-DSA,sign,44,28989,7626
ML-DSA,sign,44,30456,7627
ML-DSA,sign,44,46841,7628
ML-DSA,sign,44,21516,7629
ML-DSA,sign,44,115455,7630
ML-DSA,sign,44,51412,7631
ML-DSA,sign,44,96057,7632
ML-DSA,sign,44,21516,7633
ML-DSA,sign,44,37925,7634
ML-DSA,sign,44,30435,7635
ML-DSA,sign,44,37889,7636
ML-DSA,sign,44,118555,7637
ML-DSA,sign,44,60336,7638
ML-DSA,sign,44,21520,7639
ML-DSA,sign,44,60350,7640
ML-DSA,sign,44,37927,7641
ML-DSA,sign,44,60364,7642
ML-DSA,sign,44,48318,7643
ML-DSA,sign,44,30462,7644
ML-DSA,sign,44,147027,7645
ML-DSA,sign,44,37943,7646
ML-DSA,sign,44,54322,7647
ML-DSA,sign,44,97727,7648
ML-DSA,sign,44,21515,7649
ML-DSA,sign,44,28987,7650
ML-DSA,sign,44,45403,7651
ML-DSA,sign,44,37909,7652
ML-DSA,sign,44,108171,7653
ML-DSA,sign,44,134927,7654
ML-DSA,sign,44,61789,7655
ML-DSA,sign,44,30445,7656
ML-DSA,sign,44,30442,7657
ML-DSA,sign,44,96053,7658
ML-DSA,sign,44,84196,7659
ML-DSA,sign,44,112626,7660
ML-DSA,sign,44,21521,7661
ML-DSA,sign,44,21512,7662
ML-DSA,sign,44,45387,7663
ML-DSA,sign,44,37901,7664
ML-DSA,sign,44,78233,7665
ML-DSA,sign,44,29008,7666
ML-DSA,sign,44,108161,7667
ML-DSA,sign,44,100677,7668
ML-DSA,sign,44,21515,7669
ML-DSA,sign,44,21511,7670
ML-DSA,sign,44,30432,7671
ML-DSA,sign,44,30455,7672
ML-DSA,sign,44,54336,7673
ML-DSA,sign,44,37915,7674
ML-DSA,sign,44,30460,7675
ML-DSA,sign,44,63258,7676
ML-DSA,sign,44,39357,7677
ML-DSA,sign,44,21511,7678
ML-DSA,sign,44,109597,7679
ML-DSA,sign,44,21511,7680
ML-DSA,sign,44,66295,7681
ML-DSA,sign,44,52894,7682
ML-DSA,sign,44,29012,7683
ML-DSA,sign,44,21516,7684
ML-DSA,sign,44,43916,7685
ML-DSA,sign,44,45371,7686
ML-DSA,sign,44,29011,7687
ML-DSA,sign,44,61850,7688
ML-DSA,sign,44,52865,7689
ML-DSA,sign,44,21511,7690
ML-DSA,sign,44,48314,7691
ML-DSA,sign,44,93172,7692
ML-DSA,sign,44,21516,7693
ML-DSA,sign,44,52868,7694
ML-DSA,sign,44,60344,7695
ML-DSA,sign,44,67821,7696
ML-DSA,sign,44,55757,7697
ML-DSA,sign,44,28988,7698
ML-DSA,sign,44,60372,7699
ML-DSA,sign,44,21511,7700
ML-DSA,sign,44,29014,7701
ML-DSA,sign,44,73641,7702
ML-DSA,sign,44,55775,7703
ML-DSA,sign,44,69317,7704
ML-DSA,sign,44,29000,7705
ML-DSA,sign,44,30444,7706
ML-DSA,sign,44,21515,7707
ML-DSA,sign,44,45446,7708
ML-DSA,sign,44,36459,7709
ML-DSA,sign,44,48495,7710
ML-DSA,sign,44,30432,7711
ML-DSA,sign,44,21512,7712
ML-DSA,sign,44,21520,7713
ML-DSA,sign,44,21511,7714
ML-DSA,sign,44,45401,7715
ML-DSA,sign,44,21511,7716
ML-DSA,sign,44,45405,7717
ML-DSA,sign,44,70752,7718
ML-DSA,sign,44,37924,7719
ML-DSA,sign,44,52851,7720
ML-DSA,sign,44,21516,7721
ML-DSA,sign,44,21512,7722
ML-DSA,sign,44,21520,7723
ML-DSA,sign,44,84240,7724
ML-DSA,sign,44,21515,7725
ML-DSA,sign,44,28979,7726
ML-DSA,sign,44,21515,7727
ML-DSA,sign,44,21511,7728
ML-DSA,sign,44,54349,7729
ML-DSA,sign,44,54370,7730
ML-DSA,sign,44,21515,7731
ML-DSA,sign,44,21511,7732
ML-DSA,sign,44,45397,7733
ML-DSA,sign,44,61787,7734
ML-DSA,sign,44,30441,7735
ML-DSA,sign,44,21516,7736
ML-DSA,sign,44,29000,7737
ML-DSA,sign,44,63277,7738
ML-DSA,sign,44,37937,7739
ML-DSA,sign,44,60356,7740
ML-DSA,sign,44,36450,7741
ML-DSA,sign,44,43932,7742
ML-DSA,sign,44,97575,7743
ML-DSA,sign,44,21512,7744
ML-DSA,sign,44,36453,7745
ML-DSA,sign,44,39371,7746
ML-DSA,sign,44,21516,7747
ML-DSA,sign,44,36481,7748
ML-DSA,sign,44,84170,7749
ML-DSA,sign,44,21512,7750
ML-DSA,sign,44,52927,7751
ML-DSA,sign,44,69222,7752
ML-DSA,sign,44,55773,7753
ML-DSA,sign,44,72168,7754
ML-DSA,sign,44,28985,7755
ML-DSA,sign,44,21516,7756
ML-DSA,sign,44,36463,7757
ML-DSA,sign,44,63275,7758
ML-DSA,sign,44,51434,7759
ML-DSA,sign,44,37934,7760
ML-DSA,sign,44,79638,7761
ML-DSA,sign,44,70734,7762
ML-DSA,sign,44,21516,7763
ML-DSA,sign,44,63251,7764
ML-DSA,sign,44,36459,7765
ML-DSA,sign,44,36471,7766
ML-DSA,sign,44,30439,7767
ML-DSA,sign,44,21516,7768
ML-DSA,sign,44,127478,7769
ML-DSA,sign,44,30440,7770
ML-DSA,sign,44,21520,7771
ML-DSA,sign,44,21512,7772
ML-DSA,sign,44,70728,7773
ML-DSA,sign,44,36473,7774
ML-DSA,sign,44,232022,7775
ML-DSA,sign,44,21511,7776
ML-DSA,sign,44,67831,7777
ML-DSA,sign,44,78217,7778
ML-DSA,sign,44,60344,7779
ML-DSA,sign,44,30433,7780
ML-DSA,sign,44,104991,7781
ML-DSA,sign,44,45393,7782
ML-DSA,sign,44,79804,7783
ML-DSA,sign,44,30453,7784
ML-DSA,sign,44,21515,7785
ML-DSA,sign,44,128875,7786
ML-DSA,sign,44,148427,7787
ML-DSA,sign,44,93221,7788
ML-DSA,sign,44,21516,7789
ML-DSA,sign,44,87092,7790
ML-DSA,sign,44,21516,7791
ML-DSA,sign,44,61813,7792
ML-DSA,sign,44,36475,7793
ML-DSA,sign,44,96032,7794
ML-DSA,sign,44,43935,7795
ML-DSA,sign,44,21512,7796
ML-DSA,sign,44,43964,7797
ML-DSA,sign,44,36436,7798
ML-DSA,sign,44,43967,7799
ML-DSA,sign,44,67783,7800
ML-DSA,sign,44,127473,7801
ML-DSA,sign,44,39370,7802
ML-DSA,sign,44,133410,7803
ML-DSA,sign,44,28996,7804
ML-DSA,sign,44,51413,7805
ML-DSA,sign,44,21516,7806
ML-DSA,sign,44,28982,7807
ML-DSA,sign,44,30447,7808
ML-DSA,sign,44,72218,7809
ML-DSA,sign,44,61774,7810
ML-DSA,sign,44,52859,7811
ML-DSA,sign,44,72230,7812
ML-DSA,sign,44,29004,7813
ML-DSA,sign,44,21516,7814
ML-DSA,sign,44,28990,7815
ML-DSA,sign,44,36446,7816
ML-DSA,sign,44,67874,7817
ML-DSA,sign,44,45404,7818
ML-DSA,sign,44,21520,7819
ML-DSA,sign,44,37934,7820
ML-DSA,sign,44,21520,7821
ML-DSA,sign,44,46844,7822
ML-DSA,sign,44,112520,7823
ML-DSA,sign,44,125950,7824
ML-DSA,sign,44,28996,7825
ML-DSA,sign,44,21511,7826
ML-DSA,sign,44,37909,7827
ML-DSA,sign,44,69300,7828
ML-DSA,sign,44,51430,7829
ML-DSA,sign,44,30453,7830
ML-DSA,sign,44,30452,7831
ML-DSA,sign,44,21512,7832
ML-DSA,sign,44,43937,7833
ML-DSA,sign,44,88593,7834
ML-DSA,sign,44,21515,7835
ML-DSA,sign,44,99208,7836
ML-DSA,sign,44,36504,7837
ML-DSA,sign,44,21516,7838
ML-DSA,sign,44,37906,7839
ML-DSA,sign,44,46828,7840
ML-DSA,sign,44,55803,7841
ML-DSA,sign,44,36452,7842
ML-DSA,sign,44,48292,7843
ML-DSA,sign,44,64732,7844
ML-DSA,sign,44,45403,7845
ML-DSA,sign,44,21512,7846
ML-DSA,sign,44,30457,7847
ML-DSA,sign,44,70741,7848
ML-DSA,sign,44,21520,7849
ML-DSA,sign,44,87168,7850
ML-DSA,sign,44,28978,7851
ML-DSA,sign,44,21511,7852
ML-DSA,sign,44,148180,7853
ML-DSA,sign,44,28985,7854
ML-DSA,sign,44,52879,7855
ML-DSA,sign,44,30445,7856
ML-DSA,sign,44,162006,7857
ML-DSA,sign,44,75276,7858
ML-DSA,sign,44,28985,7859
ML-DSA,sign,44,49918,7860
ML-DSA,sign,44,60325,7861
ML-DSA,sign,44,78191,7862
ML-DSA,sign,44,21516,7863
ML-DSA,sign,44,21512,7864
ML-DSA,sign,44,51452,7865
ML-DSA,sign,44,54348,7866
ML-DSA,sign,44,121437,7867
ML-DSA,sign,44,72170,7868
ML-DSA,sign,44,37915,7869
ML-DSA,sign,44,52877,7870
ML-DSA,sign,44,28981,7871
ML-DSA,sign,44,21511,7872
ML-DSA,sign,44,67819,7873
ML-DSA,sign,44,21511,7874
ML-DSA,sign,44,28985,7875
ML-DSA,sign,44,78227,7876
ML-DSA,sign,44,52895,7877
ML-DSA,sign,44,46868,7878
ML-DSA,sign,44,113946,7879
ML-DSA,sign,44,142199,7880
ML-DSA,sign,44,36452,7881
ML-DSA,sign,44,21516,7882
ML-DSA,sign,44,63232,7883
ML-DSA,sign,44,21511,7884
ML-DSA,sign,44,55941,7885
ML-DSA,sign,44,28988,7886
ML-DSA,sign,44,37902,7887
ML-DSA,sign,44,21515,7888
ML-DSA,sign,44,30459,7889
ML-DSA,sign,44,36482,7890
ML-DSA,sign,44,51391,7891
ML-DSA,sign,44,79650,7892
ML-DSA,sign,44,43937,7893
ML-DSA,sign,44,54312,7894
ML-DSA,sign,44,28995,7895
ML-DSA,sign,44,39385,7896
ML-DSA,sign,44,39368,7897
ML-DSA,sign,44,28994,7898
ML-DSA,sign,44,39365,7899
ML-DSA,sign,44,54331,7900
ML-DSA,sign,44,21519,7901
ML-DSA,sign,44,21512,7902
ML-DSA,sign,44,37906,7903
ML-DSA,sign,44,28969,7904
ML-DSA,sign,44,36441,7905
ML-DSA,sign,44,28996,7906
ML-DSA,sign,44,46856,7907
ML-DSA,sign,44,130364,7908
ML-DSA,sign,44,43959,7909
ML-DSA,sign,44,28991,7910
ML-DSA,sign,44,70721,7911
ML-DSA,sign,44,29011,7912
ML-DSA,sign,44,21516,7913
ML-DSA,sign,44,36459,7914
ML-DSA,sign,44,116895,7915
ML-DSA,sign,44,28984,7916
ML-DSA,sign,44,37916,7917
ML-DSA,sign,44,61817,7918
ML-DSA,sign,44,37938,7919
ML-DSA,sign,44,36487,7920
ML-DSA,sign,44,46836,7921
ML-DSA,sign,44,127391,7922
ML-DSA,sign,44,28984,7923
ML-DSA,sign,44,70698,7924
ML-DSA,sign,44,30432,7925
ML-DSA,sign,44,37909,7926
ML-DSA,sign,44,105003,7927
ML-DSA,sign,44,48282,7928
ML-DSA,sign,44,45403,7929
ML-DSA,sign,44,45386,7930
ML-DSA,sign,44,58866,7931
ML-DSA,sign,44,37913,7932
ML-DSA,sign,44,30464,7933
ML-DSA,sign,44,21515,7934
ML-DSA,sign,44,21515,7935
ML-DSA,sign,44,69269,7936
ML-DSA,sign,44,99207,7937
ML-DSA,sign,44,109576,7938
ML-DSA,sign,44,84242,7939
ML-DSA,sign,44,109595,7940
ML-DSA,sign,44,28988,7941
ML-DSA,sign,44,60359,7942
ML-DSA,sign,44,54319,7943
ML-DSA,sign,44,21512,7944
ML-DSA,sign,44,21519,7945
ML-DSA,sign,44,60380,7946
ML-DSA,sign,44,101975,7947
ML-DSA,sign,44,69274,7948
ML-DSA,sign,44,21516,7949
ML-DSA,sign,44,29009,7950
ML-DSA,sign,44,45415,7951
ML-DSA,sign,44,37911,7952
ML-DSA,sign,44,21515,7953
ML-DSA,sign,44,21512,7954
ML-DSA,sign,44,30458,7955
ML-DSA,sign,44,55760,7956
ML-DSA,sign,44,28989,7957
ML-DSA,sign,44,30438,7958
ML-DSA,sign,44,21513,7959
ML-DSA,sign,44,28973,7960
ML-DSA,sign,44,102067,7961
ML-DSA,sign,44,54317,7962
ML-DSA,sign,44,37903,7963
ML-DSA,sign,44,28979,7964
ML-DSA,sign,44,21520,7965
ML-DSA,sign,44,36462,7966
ML-DSA,sign,44,52881,7967
ML-DSA,sign,44,131786,7968
ML-DSA,sign,44,21515,7969
ML-DSA,sign,44,84249,7970
ML-DSA,sign,44,21520,7971
ML-DSA,sign,44,37913,7972
ML-DSA,sign,44,45404,7973
ML-DSA,sign,44,37917,7974
ML-DSA,sign,44,21516,7975
ML-DSA,sign,44,21512,7976
ML-DSA,sign,44,21515,7977
ML-DSA,sign,44,52877,7978
ML-DSA,sign,44,28994,7979
ML-DSA,sign,44,21516,7980
ML-DSA,sign,44,21516,7981
ML-DSA,sign,44,28985,7982
ML-DSA,sign,44,21516,7983
ML-DSA,sign,44,28990,7984
ML-DSA,sign,44,72179,7985
ML-DSA,sign,44,46836,7986
ML-DSA,sign,44,97518,7987
ML-DSA,sign,44,60375,7988
ML-DSA,sign,44,61764,7989
ML-DSA,sign,44,21512,7990
ML-DSA,sign,44,84277,7991
ML-DSA,sign,44,21512,7992
ML-DSA,sign,44,136540,7993
ML-DSA,sign,44,21511,7994
ML-DSA,sign,44,21515,7995
ML-DSA,sign,44,21516,7996
ML-DSA,sign,44,28997,7997
ML-DSA,sign,44,43947,7998
ML-DSA,sign,44,60354,7999
ML-DSA,sign,44,181368,8000
ML-DSA,sign,44,94636,8001
ML-DSA,sign,44,91661,8002
ML-DSA,sign,44,21516,8003
ML-DSA,sign,44,54333,8004
ML-DSA,sign,44,21516,8005
ML-DSA,sign,44,21512,8006
ML-DSA,sign,44,55797,8007
ML-DSA,sign,44,21512,8008
ML-DSA,sign,44,36475,8009
ML-DSA,sign,44,115683,8010
ML-DSA,sign,44,30438,8011
ML-DSA,sign,44,184132,8012
ML-DSA,sign,44,21516,8013
ML-DSA,sign,44,21512,8014
ML-DSA,sign,44,28996,8015
ML-DSA,sign,44,103551,8016
ML-DSA,sign,44,36486,8017
ML-DSA,sign,44,28988,8018
ML-DSA,sign,44,63227,8019
ML-DSA,sign,44,63235,8020
ML-DSA,sign,44,28981,8021
ML-DSA,sign,44,36475,8022
ML-DSA,sign,44,151633,8023
ML-DSA,sign,44,60337,8024
ML-DSA,sign,44,21515,8025
ML-DSA,sign,44,45377,8026
ML-DSA,sign,44,21515,8027
ML-DSA,sign,44,21513,8028
ML-DSA,sign,44,46850,8029
ML-DSA,sign,44,21512,8030
ML-DSA,sign,44,28993,8031
ML-DSA,sign,44,70778,8032
ML-DSA,sign,44,30462,8033
ML-DSA,sign,44,108097,8034
ML-DSA,sign,44,45416,8035
ML-DSA,sign,44,130357,8036
ML-DSA,sign,44,37900,8037
ML-DSA,sign,44,43937,8038
ML-DSA,sign,44,21516,8039
ML-DSA,sign,44,61755,8040
ML-DSA,sign,44,45404,8041
ML-DSA,sign,44,37931,8042
ML-DSA,sign,44,37907,8043
ML-DSA,sign,44,85662,8044
ML-DSA,sign,44,36459,8045
ML-DSA,sign,44,55784,8046
ML-DSA,sign,44,21516,8047
ML-DSA,sign,44,78177,8048
ML-DSA,sign,44,63257,8049
ML-DSA,sign,44,72342,8050
ML-DSA,sign,44,30446,8051
ML-DSA,sign,44,39386,8052
ML-DSA,sign,44,69310,8053
ML-DSA,sign,44,30431,8054
ML-DSA,sign,44,30443,8055
ML-DSA,sign,44,29009,8056
ML-DSA,sign,44,67806,8057
ML-DSA,sign,44,70760,8058
ML-DSA,sign,44,30460,8059
ML-DSA,sign,44,28999,8060
ML-DSA,sign,44,21520,8061
ML-DSA,sign,44,28975,8062
ML-DSA,sign,44,36471,8063
ML-DSA,sign,44,45377,8064
ML-DSA,sign,44,21516,8065
ML-DSA,sign,44,21511,8066
ML-DSA,sign,44,60311,8067
ML-DSA,sign,44,30458,8068
ML-DSA,sign,44,21516,8069
ML-DSA,sign,44,64702,8070
ML-DSA,sign,44,102069,8071
ML-DSA,sign,44,93158,8072
ML-DSA,sign,44,60339,8073
ML-DSA,sign,44,21511,8074
ML-DSA,sign,44,63281,8075
ML-DSA,sign,44,60375,8076
ML-DSA,sign,44,21515,8077
ML-DSA,sign,44,21511,8078
ML-DSA,sign,44,30435,8079
ML-DSA,sign,44,52880,8080
ML-DSA,sign,44,52863,8081
ML-DSA,sign,44,45384,8082
ML-DSA,sign,44,36469,8083
ML-DSA,sign,44,21511,8084
ML-DSA,sign,44,28995,8085
ML-DSA,sign,44,54313,8086
ML-DSA,sign,44,21520,8087
ML-DSA,sign,44,115561,8088
ML-DSA,sign,44,28990,8089
ML-DSA,sign,44,30449,8090
ML-DSA,sign,44,40988,8091
ML-DSA,sign,44,21511,8092
ML-DSA,sign,44,54328,8093
ML-DSA,sign,44,30452,8094
ML-DSA,sign,44,21515,8095
ML-DSA,sign,44,124579,8096
ML-DSA,sign,44,21519,8097
ML-DSA,sign,44,109563,8098
ML-DSA,sign,44,81192,8099
ML-DSA,sign,44,39352,8100
ML-DSA,sign,44,112501,8101
ML-DSA,sign,44,87152,8102
ML-DSA,sign,44,21516,8103
ML-DSA,sign,44,45413,8104
ML-DSA,sign,44,21520,8105
ML-DSA,sign,44,21512,8106
ML-DSA,sign,44,29007,8107
ML-DSA,sign,44,61788,8108
ML-DSA,sign,44,21516,8109
ML-DSA,sign,44,102128,8110
ML-DSA,sign,44,36481,8111
ML-DSA,sign,44,37907,8112
ML-DSA,sign,44,21516,8113
ML-DSA,sign,44,21512,8114
ML-DSA,sign,44,149861,8115
ML-DSA,sign,44,30462,8116
ML-DSA,sign,44,29003,8117
ML-DSA,sign,44,60364,8118
ML-DSA,sign,44,28985,8119
ML-DSA,sign,44,58892,8120
ML-DSA,sign,44,21516,8121
ML-DSA,sign,44,36458,8122
ML-DSA,sign,44,55769,8123
ML-DSA,sign,44,75345,8124
ML-DSA,sign,44,21515,8125
ML-DSA,sign,44,21512,8126
ML-DSA,sign,44,30441,8127
ML-DSA,sign,44,54331,8128
ML-DSA,sign,44,67803,8129
ML-DSA,sign,44,84242,8130
ML-DSA,sign,44,51409,8131
ML-DSA,sign,44,43937,8132
ML-DSA,sign,44,29004,8133
ML-DSA,sign,44,30428,8134
ML-DSA,sign,44,146814,8135
ML-DSA,sign,44,70743,8136
ML-DSA,sign,44,36486,8137
ML-DSA,sign,44,28994,8138
ML-DSA,sign,44,147042,8139
ML-DSA,sign,44,21512,8140
ML-DSA,sign,44,28984,8141
ML-DSA,sign,44,112443,8142
ML-DSA,sign,44,93197,8143
ML-DSA,sign,44,30432,8144
ML-DSA,sign,44,88582,8145
ML-DSA,sign,44,21511,8146
ML-DSA,sign,44,30448,8147
ML-DSA,sign,44,70734,8148
ML-DSA,sign,44,36468,8149
ML-DSA,sign,44,72167,8150
ML-DSA,sign,44,30433,8151
ML-DSA,sign,44,61836,8152
ML-DSA,sign,44,70702,8153
ML-DSA,sign,44,30461,8154
ML-DSA,sign,44,172223,8155
ML-DSA,sign,44,43941,8156
ML-DSA,sign,44,106667,8157
ML-DSA,sign,44,21512,8158
ML-DSA,sign,44,102107,8159
ML-DSA,sign,44,21512,8160
ML-DSA,sign,44,64720,8161
ML-DSA,sign,44,36451,8162
ML-DSA,sign,44,37909,8163
ML-DSA,sign,44,60339,8164
ML-DSA,sign,44,45383,8165
ML-DSA,sign,44,21511,8166
ML-DSA,sign,44,21516,8167
ML-DSA,sign,44,46894,8168
ML-DSA,sign,44,21516,8169
ML-DSA,sign,44,28988,8170
ML-DSA,sign,44,46841,8171
ML-DSA,sign,44,121468,8172
ML-DSA,sign,44,30461,8173
ML-DSA,sign,44,21512,8174
ML-DSA,sign,44,21516,8175
ML-DSA,sign,44,30451,8176
ML-DSA,sign,44,60363,8177
ML-DSA,sign,44,70721,8178
ML-DSA,sign,44,67804,8179
ML-DSA,sign,44,29008,8180
ML-DSA,sign,44,37949,8181
ML-DSA,sign,44,79675,8182
ML-DSA,sign,44,21515,8183
ML-DSA,sign,44,21511,8184
ML-DSA,sign,44,60398,8185
ML-DSA,sign,44,55781,8186
ML-DSA,sign,44,85678,8187
ML-DSA,sign,44,45408,8188
ML-DSA,sign,44,52873,8189
ML-DSA,sign,44,55823,8190
ML-DSA,sign,44,30440,8191
ML-DSA,sign,44,21511,8192
ML-DSA,sign,44,30438,8193
ML-DSA,sign,44,67866,8194
ML-DSA,sign,44,21519,8195
ML-DSA,sign,44,36474,8196
ML-DSA,sign,44,37924,8197
ML-DSA,sign,44,21512,8198
ML-DSA,sign,44,30431,8199
ML-DSA,sign,44,69291,8200
ML-DSA,sign,44,21515,8201
ML-DSA,sign,44,36490,8202
ML-DSA,sign,44,21516,8203
ML-DSA,sign,44,30430,8204
ML-DSA,sign,44,21515,8205
ML-DSA,sign,44,43921,8206
ML-DSA,sign,44,30434,8207
ML-DSA,sign,44,21511,8208
ML-DSA,sign,44,45384,8209
ML-DSA,sign,44,69304,8210
ML-DSA,sign,44,128899,8211
ML-DSA,sign,44,52856,8212
ML-DSA,sign,44,30432,8213
ML-DSA,sign,44,21512,8214
ML-DSA,sign,44,21515,8215
ML-DSA,sign,44,46869,8216
ML-DSA,sign,44,64746,8217
ML-DSA,sign,44,28985,8218
ML-DSA,sign,44,30466,8219
ML-DSA,sign,44,21511,8220
ML-DSA,sign,44,21515,8221
ML-DSA,sign,44,21516,8222
ML-DSA,sign,44,28981,8223
ML-DSA,sign,44,30428,8224
ML-DSA,sign,44,39390,8225
ML-DSA,sign,44,36455,8226
ML-DSA,sign,44,102063,8227
ML-DSA,sign,44,69249,8228
ML-DSA,sign,44,94654,8229
ML-DSA,sign,44,21512,8230
ML-DSA,sign,44,111223,8231
ML-DSA,sign,44,21511,8232
ML-DSA,sign,44,29009,8233
ML-DSA,sign,44,21511,8234
ML-DSA,sign,44,94573,8235
ML-DSA,sign,44,39368,8236
ML-DSA,sign,44,54339,8237
ML-DSA,sign,44,29008,8238
ML-DSA,sign,44,55816,8239
ML-DSA,sign,44,37928,8240
ML-DSA,sign,44,57385,8241
ML-DSA,sign,44,30429,8242
ML-DSA,sign,44,103562,8243
ML-DSA,sign,44,78215,8244
ML-DSA,sign,44,29006,8245
ML-DSA,sign,44,21515,8246
ML-DSA,sign,44,73890,8247
ML-DSA,sign,44,60369,8248
ML-DSA,sign,44,46835,8249
ML-DSA,sign,44,21512,8250
ML-DSA,sign,44,96093,8251
ML-DSA,sign,44,54303,8252
ML-DSA,sign,44,70737,8253
ML-DSA,sign,44,30427,8254
ML-DSA,sign,44,29002,8255
ML-DSA,sign,44,30452,8256
ML-DSA,sign,44,21516,8257
ML-DSA,sign,44,32057,8258
ML-DSA,sign,44,30441,8259
ML-DSA,sign,44,48314,8260
ML-DSA,sign,44,48342,8261
ML-DSA,sign,44,85691,8262
ML-DSA,sign,44,52849,8263
ML-DSA,sign,44,30466,8264
ML-DSA,sign,44,78157,8265
ML-DSA,sign,44,37922,8266
ML-DSA,sign,44,76731,8267
ML-DSA,sign,44,70730,8268
ML-DSA,sign,44,52866,8269
ML-DSA,sign,44,21511,8270
ML-DSA,sign,44,21519,8271
ML-DSA,sign,44,54341,8272
ML-DSA,sign,44,30443,8273
ML-DSA,sign,44,48285,8274
ML-DSA,sign,44,30452,8275
ML-DSA,sign,44,45369,8276
ML-DSA,sign,44,30434,8277
ML-DSA,sign,44,28969,8278
ML-DSA,sign,44,70733,8279
ML-DSA,sign,44,28969,8280
ML-DSA,sign,44,51474,8281
ML-DSA,sign,44,45393,8282
ML-DSA,sign,44,52876,8283
ML-DSA,sign,44,54330,8284
ML-DSA,sign,44,103463,8285
ML-DSA,sign,44,29002,8286
ML-DSA,sign,44,48304,8287
ML-DSA,sign,44,30426,8288
ML-DSA,sign,44,21516,8289
ML-DSA,sign,44,30450,8290
ML-DSA,sign,44,54311,8291
ML-DSA,sign,44,96113,8292
ML-DSA,sign,44,37906,8293
ML-DSA,sign,44,289992,8294
ML-DSA,sign,44,21515,8295
ML-DSA,sign,44,21511,8296
ML-DSA,sign,44,28992,8297
ML-DSA,sign,44,118471,8298
ML-DSA,sign,44,154184,8299
ML-DSA,sign,44,21512,8300
ML-DSA,sign,44,61812,8301
ML-DSA,sign,44,21512,8302
ML-DSA,sign,44,70716,8303
ML-DSA,sign,44,52875,8304
ML-DSA,sign,44,30436,8305
ML-DSA,sign,44,21512,8306
ML-DSA,sign,44,36469,8307
ML-DSA,sign,44,94619,8308
ML-DSA,sign,44,21515,8309
ML-DSA,sign,44,21512,8310
ML-DSA,sign,44,30441,8311
ML-DSA,sign,44,21512,8312
ML-DSA,sign,44,21520,8313
ML-DSA,sign,44,37914,8314
ML-DSA,sign,44,28986,8315
ML-DSA,sign,44,28974,8316
ML-DSA,sign,44,91674,8317
ML-DSA,sign,44,28995,8318
ML-DSA,sign,44,69252,8319
ML-DSA,sign,44,55784,8320
ML-DSA,sign,44,37907,8321
ML-DSA,sign,44,45400,8322
ML-DSA,sign,44,21515,8323
ML-DSA,sign,44,21512,8324
ML-DSA,sign,44,69288,8325
ML-DSA,sign,44,39354,8326
ML-DSA,sign,44,46856,8327
ML-DSA,sign,44,111030,8328
ML-DSA,sign,44,21516,8329
ML-DSA,sign,44,21512,8330
ML-DSA,sign,44,21515,8331
ML-DSA,sign,44,21512,8332
ML-DSA,sign,44,28994,8333
ML-DSA,sign,44,30448,8334
ML-DSA,sign,44,142378,8335
ML-DSA,sign,44,21512,8336
ML-DSA,sign,44,54321,8337
ML-DSA,sign,44,21512,8338
ML-DSA,sign,44,21520,8339
ML-DSA,sign,44,30461,8340
ML-DSA,sign,44,30448,8341
ML-DSA,sign,44,52829,8342
ML-DSA,sign,44,30444,8343
ML-DSA,sign,44,21512,8344
ML-DSA,sign,44,28983,8345
ML-DSA,sign,44,60378,8346
ML-DSA,sign,44,37933,8347
ML-DSA,sign,44,39342,8348
ML-DSA,sign,44,28992,8349
ML-DSA,sign,44,30436,8350
ML-DSA,sign,44,69310,8351
ML-DSA,sign,44,21512,8352
ML-DSA,sign,44,21516,8353
ML-DSA,sign,44,52913,8354
ML-DSA,sign,44,39383,8355
ML-DSA,sign,44,21516,8356
ML-DSA,sign,44,36485,8357
ML-DSA,sign,44,55782,8358
ML-DSA,sign,44,45402,8359
ML-DSA,sign,44,21515,8360
ML-DSA,sign,44,21516,8361
ML-DSA,sign,44,46830,8362
ML-DSA,sign,44,78153,8363
ML-DSA,sign,44,21511,8364
ML-DSA,sign,44,29008,8365
ML-DSA,sign,44,21511,8366
ML-DSA,sign,44,57222,8367
ML-DSA,sign,44,28983,8368
ML-DSA,sign,44,69300,8369
ML-DSA,sign,44,21512,8370
ML-DSA,sign,44,29004,8371
ML-DSA,sign,44,46853,8372
ML-DSA,sign,44,43946,8373
ML-DSA,sign,44,21512,8374
ML-DSA,sign,44,21520,8375
ML-DSA,sign,44,125957,8376
ML-DSA,sign,44,21515,8377
ML-DSA,sign,44,148423,8378
ML-DSA,sign,44,54353,8379
ML-DSA,sign,44,99203,8380
ML-DSA,sign,44,36473,8381
ML-DSA,sign,44,172088,8382
ML-DSA,sign,44,28982,8383
ML-DSA,sign,44,21511,8384
ML-DSA,sign,44,46842,8385
ML-DSA,sign,44,46861,8386
ML-DSA,sign,44,54309,8387
ML-DSA,sign,44,46879,8388
ML-DSA,sign,44,21516,8389
ML-DSA,sign,44,30456,8390
ML-DSA,sign,44,51466,8391
ML-DSA,sign,44,64707,8392
ML-DSA,sign,44,21516,8393
ML-DSA,sign,44,21512,8394
ML-DSA,sign,44,37898,8395
ML-DSA,sign,44,21512,8396
ML-DSA,sign,44,30432,8397
ML-DSA,sign,44,137979,8398
ML-DSA,sign,44,43954,8399
ML-DSA,sign,44,124589,8400
ML-DSA,sign,44,21515,8401
ML-DSA,sign,44,30428,8402
ML-DSA,sign,44,30432,8403
ML-DSA,sign,44,28975,8404
ML-DSA,sign,44,45401,8405
ML-DSA,sign,44,37910,8406
ML-DSA,sign,44,67835,8407
ML-DSA,sign,44,21512,8408
ML-DSA,sign,44,21519,8409
ML-DSA,sign,44,64770,8410
ML-DSA,sign,44,57368,8411
ML-DSA,sign,44,157307,8412
ML-DSA,sign,44,21515,8413
ML-DSA,sign,44,37950,8414
ML-DSA,sign,44,21520,8415
ML-DSA,sign,44,30462,8416
ML-DSA,sign,44,36484,8417
ML-DSA,sign,44,36492,8418
ML-DSA,sign,44,30458,8419
ML-DSA,sign,44,21512,8420
ML-DSA,sign,44,36447,8421
ML-DSA,sign,44,76765,8422
ML-DSA,sign,44,21516,8423
ML-DSA,sign,44,21511,8424
ML-DSA,sign,44,78191,8425
ML-DSA,sign,44,29003,8426
ML-DSA,sign,44,51407,8427
ML-DSA,sign,44,51408,8428
ML-DSA,sign,44,132007,8429
ML-DSA,sign,44,21512,8430
ML-DSA,sign,44,28977,8431
ML-DSA,sign,44,21512,8432
ML-DSA,sign,44,111042,8433
ML-DSA,sign,44,60291,8434
ML-DSA,sign,44,21516,8435
ML-DSA,sign,44,21512,8436
ML-DSA,sign,44,43936,8437
ML-DSA,sign,44,21512,8438
ML-DSA,sign,44,28991,8439
ML-DSA,sign,44,28996,8440
ML-DSA,sign,44,45385,8441
ML-DSA,sign,44,21511,8442
ML-DSA,sign,44,84218,8443
ML-DSA,sign,44,72177,8444
ML-DSA,sign,44,52909,8445
ML-DSA,sign,44,21512,8446
ML-DSA,sign,44,28978,8447
ML-DSA,sign,44,36466,8448
ML-DSA,sign,44,52841,8449
ML-DSA,sign,44,36461,8450
ML-DSA,sign,44,30451,8451
ML-DSA,sign,44,51460,8452
ML-DSA,sign,44,45412,8453
ML-DSA,sign,44,37913,8454
ML-DSA,sign,44,43934,8455
ML-DSA,sign,44,78209,8456
ML-DSA,sign,44,99241,8457
ML-DSA,sign,44,78196,8458
ML-DSA,sign,44,96061,8459
ML-DSA,sign,44,21512,8460
ML-DSA,sign,44,37959,8461
ML-DSA,sign,44,46882,8462
ML-DSA,sign,44,36448,8463
ML-DSA,sign,44,52819,8464
ML-DSA,sign,44,37901,8465
ML-DSA,sign,44,37921,8466
ML-DSA,sign,44,36484,8467
ML-DSA,sign,44,63280,8468
ML-DSA,sign,44,29006,8469
ML-DSA,sign,44,39381,8470
ML-DSA,sign,44,30440,8471
ML-DSA,sign,44,21511,8472
ML-DSA,sign,44,36485,8473
ML-DSA,sign,44,21513,8474
ML-DSA,sign,44,91700,8475
ML-DSA,sign,44,39369,8476
ML-DSA,sign,44,52897,8477
ML-DSA,sign,44,76701,8478
ML-DSA,sign,44,54327,8479
ML-DSA,sign,44,28976,8480
ML-DSA,sign,44,28986,8481
ML-DSA,sign,44,21512,8482
ML-DSA,sign,44,82761,8483
ML-DSA,sign,44,115579,8484
ML-DSA,sign,44,21515,8485
ML-DSA,sign,44,21511,8486
ML-DSA,sign,44,30464,8487
ML-DSA,sign,44,55760,8488
ML-DSA,sign,44,60365,8489
ML-DSA,sign,44,93158,8490
ML-DSA,sign,44,45393,8491
ML-DSA,sign,44,28976,8492
ML-DSA,sign,44,21516,8493
ML-DSA,sign,44,37893,8494
ML-DSA,sign,44,21515,8495
ML-DSA,sign,44,54382,8496
ML-DSA,sign,44,29006,8497
ML-DSA,sign,44,45397,8498
ML-DSA,sign,44,60401,8499
ML-DSA,sign,44,37902,8500
ML-DSA,sign,44,70747,8501
ML-DSA,sign,44,51410,8502
ML-DSA,sign,44,54355,8503
ML-DSA,sign,44,140946,8504
ML-DSA,sign,44,21516,8505
ML-DSA,sign,44,63256,8506
ML-DSA,sign,44,21515,8507
ML-DSA,sign,44,46852,8508
ML-DSA,sign,44,36481,8509
ML-DSA,sign,44,37899,8510
ML-DSA,sign,44,64725,8511
ML-DSA,sign,44,21511,8512
ML-DSA,sign,44,21516,8513
ML-DSA,sign,44,37912,8514
ML-DSA,sign,44,28999,8515
ML-DSA,sign,44,37921,8516
ML-DSA,sign,44,54329,8517
ML-DSA,sign,44,45354,8518
ML-DSA,sign,44,39384,8519
ML-DSA,sign,44,52877,8520
ML-DSA,sign,44,30436,8521
ML-DSA,sign,44,21517,8522
ML-DSA,sign,44,21516,8523
ML-DSA,sign,44,37951,8524
ML-DSA,sign,44,21515,8525
ML-DSA,sign,44,30438,8526
ML-DSA,sign,44,84302,8527
ML-DSA,sign,44,54337,8528
ML-DSA,sign,44,45369,8529
ML-DSA,sign,44,54303,8530
ML-DSA,sign,44,36480,8531
ML-DSA,sign,44,88658,8532
ML-DSA,sign,44,21515,8533
ML-DSA,sign,44,37950,8534
ML-DSA,sign,44,93193,8535
ML-DSA,sign,44,57232,8536
ML-DSA,sign,44,60349,8537
ML-DSA,sign,44,28993,8538
ML-DSA,sign,44,81064,8539
ML-DSA,sign,44,78227,8540
ML-DSA,sign,44,103557,8541
ML-DSA,sign,44,45405,8542
ML-DSA,sign,44,96077,8543
ML-DSA,sign,44,39369,8544
ML-DSA,sign,44,119919,8545
ML-DSA,sign,44,30451,8546
ML-DSA,sign,44,79670,8547
ML-DSA,sign,44,30442,8548
ML-DSA,sign,44,99215,8549
ML-DSA,sign,44,55792,8550
ML-DSA,sign,44,45378,8551
ML-DSA,sign,44,21511,8552
ML-DSA,sign,44,93197,8553
ML-DSA,sign,44,21511,8554
ML-DSA,sign,44,29007,8555
ML-DSA,sign,44,45367,8556
ML-DSA,sign,44,21515,8557
ML-DSA,sign,44,21512,8558
ML-DSA,sign,44,54350,8559
ML-DSA,sign,44,151326,8560
ML-DSA,sign,44,37926,8561
ML-DSA,sign,44,21512,8562
ML-DSA,sign,44,37918,8563
ML-DSA,sign,44,37919,8564
ML-DSA,sign,44,36496,8565
ML-DSA,sign,44,87178,8566
ML-DSA,sign,44,76762,8567
ML-DSA,sign,44,48309,8568
ML-DSA,sign,44,29003,8569
ML-DSA,sign,44,37893,8570
ML-DSA,sign,44,30443,8571
ML-DSA,sign,44,105070,8572
ML-DSA,sign,44,105148,8573
ML-DSA,sign,44,37916,8574
ML-DSA,sign,44,21515,8575
ML-DSA,sign,44,45395,8576
ML-DSA,sign,44,45393,8577
ML-DSA,sign,44,21511,8578
ML-DSA,sign,44,60351,8579
ML-DSA,sign,44,99167,8580
ML-DSA,sign,44,21516,8581
ML-DSA,sign,44,45436,8582
ML-DSA,sign,44,46848,8583
ML-DSA,sign,44,45367,8584
ML-DSA,sign,44,36464,8585
ML-DSA,sign,44,21511,8586
ML-DSA,sign,44,37917,8587
ML-DSA,sign,44,28999,8588
ML-DSA,sign,44,188675,8589
ML-DSA,sign,44,91749,8590
ML-DSA,sign,44,37904,8591
ML-DSA,sign,44,28973,8592
ML-DSA,sign,44,63306,8593
ML-DSA,sign,44,52857,8594
ML-DSA,sign,44,96072,8595
ML-DSA,sign,44,21511,8596
ML-DSA,sign,44,57220,8597
ML-DSA,sign,44,45394,8598
ML-DSA,sign,44,84240,8599
ML-DSA,sign,44,46836,8600
ML-DSA,sign,44,91724,8601
ML-DSA,sign,44,54324,8602
ML-DSA,sign,44,109570,8603
ML-DSA,sign,44,21512,8604
ML-DSA,sign,44,30458,8605
ML-DSA,sign,44,69275,8606
ML-DSA,sign,44,99146,8607
ML-DSA,sign,44,21512,8608
ML-DSA,sign,44,93125,8609
ML-DSA,sign,44,30462,8610
ML-DSA,sign,44,29009,8611
ML-DSA,sign,44,36452,8612
ML-DSA,sign,44,36482,8613
ML-DSA,sign,44,28982,8614
ML-DSA,sign,44,87231,8615
ML-DSA,sign,44,21511,8616
ML-DSA,sign,44,57377,8617
ML-DSA,sign,44,36468,8618
ML-DSA,sign,44,47010,8619
ML-DSA,sign,44,21512,8620
ML-DSA,sign,44,36438,8621
ML-DSA,sign,44,52864,8622
ML-DSA,sign,44,46813,8623
ML-DSA,sign,44,112489,8624
ML-DSA,sign,44,30454,8625
ML-DSA,sign,44,36472,8626
ML-DSA,sign,44,36446,8627
ML-DSA,sign,44,70767,8628
ML-DSA,sign,44,36492,8629
ML-DSA,sign,44,21512,8630
ML-DSA,sign,44,37904,8631
ML-DSA,sign,44,21511,8632
ML-DSA,sign,44,39357,8633
ML-DSA,sign,44,93107,8634
ML-DSA,sign,44,39388,8635
ML-DSA,sign,44,21512,8636
ML-DSA,sign,44,28979,8637
ML-DSA,sign,44,70720,8638
ML-DSA,sign,44,54338,8639
ML-DSA,sign,44,21512,8640
ML-DSA,sign,44,37933,8641
ML-DSA,sign,44,28974,8642
ML-DSA,sign,44,63267,8643
ML-DSA,sign,44,36462,8644
ML-DSA,sign,44,45413,8645
ML-DSA,sign,44,30430,8646
ML-DSA,sign,44,73849,8647
ML-DSA,sign,44,39382,8648
ML-DSA,sign,44,102047,8649
ML-DSA,sign,44,21516,8650
ML-DSA,sign,44,21516,8651
ML-DSA,sign,44,21511,8652
ML-DSA,sign,44,21515,8653
ML-DSA,sign,44,87153,8654
ML-DSA,sign,44,37924,8655
ML-DSA,sign,44,45388,8656
ML-DSA,sign,44,29004,8657
ML-DSA,sign,44,30444,8658
ML-DSA,sign,44,61778,8659
ML-DSA,sign,44,21511,8660
ML-DSA,sign,44,30439,8661
ML-DSA,sign,44,39361,8662
ML-DSA,sign,44,46834,8663
ML-DSA,sign,44,28975,8664
ML-DSA,sign,44,21516,8665
ML-DSA,sign,44,79664,8666
ML-DSA,sign,44,37946,8667
ML-DSA,sign,44,28981,8668
ML-DSA,sign,44,21516,8669
ML-DSA,sign,44,36443,8670
ML-DSA,sign,44,30447,8671
ML-DSA,sign,44,21511,8672
ML-DSA,sign,44,48291,8673
ML-DSA,sign,44,84225,8674
ML-DSA,sign,44,54316,8675
ML-DSA,sign,44,134855,8676
ML-DSA,sign,44,51395,8677
ML-DSA,sign,44,36477,8678
ML-DSA,sign,44,60327,8679
ML-DSA,sign,44,54283,8680
ML-DSA,sign,44,46831,8681
ML-DSA,sign,44,39390,8682
ML-DSA,sign,44,46858,8683
ML-DSA,sign,44,54341,8684
ML-DSA,sign,44,28986,8685
ML-DSA,sign,44,29006,8686
ML-DSA,sign,44,61807,8687
ML-DSA,sign,44,79739,8688
ML-DSA,sign,44,51402,8689
ML-DSA,sign,44,29006,8690
ML-DSA,sign,44,36477,8691
ML-DSA,sign,44,37943,8692
ML-DSA,sign,44,60362,8693
ML-DSA,sign,44,30440,8694
ML-DSA,sign,44,93222,8695
ML-DSA,sign,44,21512,8696
ML-DSA,sign,44,63281,8697
ML-DSA,sign,44,21512,8698
ML-DSA,sign,44,21515,8699
ML-DSA,sign,44,21512,8700
ML-DSA,sign,44,37933,8701
ML-DSA,sign,44,70697,8702
ML-DSA,sign,44,63301,8703
ML-DSA,sign,44,36456,8704
ML-DSA,sign,44,52902,8705
ML-DSA,sign,44,21511,8706
ML-DSA,sign,44,206498,8707
ML-DSA,sign,44,43940,8708
ML-DSA,sign,44,45370,8709
ML-DSA,sign,44,21512,8710
ML-DSA,sign,44,37912,8711
ML-DSA,sign,44,37893,8712
ML-DSA,sign,44,36474,8713
ML-DSA,sign,44,28983,8714
ML-DSA,sign,44,21515,8715
ML-DSA,sign,44,39371,8716
ML-DSA,sign,44,52860,8717
ML-DSA,sign,44,78193,8718
ML-DSA,sign,44,58899,8719
ML-DSA,sign,44,21511,8720
ML-DSA,sign,44,45394,8721
ML-DSA,sign,44,109538,8722
ML-DSA,sign,44,45401,8723
ML-DSA,sign,44,69288,8724
ML-DSA,sign,44,45402,8725
ML-DSA,sign,44,45373,8726
ML-DSA,sign,44,28991,8727
ML-DSA,sign,44,30441,8728
ML-DSA,sign,44,37907,8729
ML-DSA,sign,44,69277,8730
ML-DSA,sign,44,103547,8731
ML-DSA,sign,44,37943,8732
ML-DSA,sign,44,21516,8733
ML-DSA,sign,44,200627,8734
ML-DSA,sign,44,21519,8735
ML-DSA,sign,44,28995,8736
ML-DSA,sign,44,21520,8737
ML-DSA,sign,44,36444,8738
ML-DSA,sign,44,54282,8739
ML-DSA,sign,44,21511,8740
ML-DSA,sign,44,37915,8741
ML-DSA,sign,44,67846,8742
ML-DSA,sign,44,81122,8743
ML-DSA,sign,44,39557,8744
ML-DSA,sign,44,36468,8745
ML-DSA,sign,44,52850,8746
ML-DSA,sign,44,21516,8747
ML-DSA,sign,44,67810,8748
ML-DSA,sign,44,30436,8749
ML-DSA,sign,44,118563,8750
ML-DSA,sign,44,21519,8751
ML-DSA,sign,44,45395,8752
ML-DSA,sign,44,29008,8753
ML-DSA,sign,44,21511,8754
ML-DSA,sign,44,21515,8755
ML-DSA,sign,44,30438,8756
ML-DSA,sign,44,127648,8757
ML-DSA,sign,44,57399,8758
ML-DSA,sign,44,36469,8759
ML-DSA,sign,44,133515,8760
ML-DSA,sign,44,94588,8761
ML-DSA,sign,44,30439,8762
ML-DSA,sign,44,30462,8763
ML-DSA,sign,44,21515,8764
ML-DSA,sign,44,21515,8765
ML-DSA,sign,44,142329,8766
ML-DSA,sign,44,36463,8767
ML-DSA,sign,44,36451,8768
ML-DSA,sign,44,21516,8769
ML-DSA,sign,44,61812,8770
ML-DSA,sign,44,82747,8771
ML-DSA,sign,44,21512,8772
ML-DSA,sign,44,81104,8773
ML-DSA,sign,44,87356,8774
ML-DSA,sign,44,36482,8775
ML-DSA,sign,44,109597,8776
ML-DSA,sign,44,36446,8777
ML-DSA,sign,44,37913,8778
ML-DSA,sign,44,45457,8779
ML-DSA,sign,44,28986,8780
ML-DSA,sign,44,37949,8781
ML-DSA,sign,44,54321,8782
ML-DSA,sign,44,37903,8783
ML-DSA,sign,44,30450,8784
ML-DSA,sign,44,112484,8785
ML-DSA,sign,44,36460,8786
ML-DSA,sign,44,21515,8787
ML-DSA,sign,44,21511,8788
ML-DSA,sign,44,36450,8789
ML-DSA,sign,44,119973,8790
ML-DSA,sign,44,21515,8791
ML-DSA,sign,44,60344,8792
ML-DSA,sign,44,29015,8793
ML-DSA,sign,44,30431,8794
ML-DSA,sign,44,96123,8795
ML-DSA,sign,44,28981,8796
ML-DSA,sign,44,45401,8797
ML-DSA,sign,44,21512,8798
ML-DSA,sign,44,76780,8799
ML-DSA,sign,44,37926,8800
ML-DSA,sign,44,45358,8801
ML-DSA,sign,44,72188,8802
ML-DSA,sign,44,63260,8803
ML-DSA,sign,44,76791,8804
ML-DSA,sign,44,28988,8805
ML-DSA,sign,44,37946,8806
ML-DSA,sign,44,39348,8807
ML-DSA,sign,44,21512,8808
ML-DSA,sign,44,39367,8809
ML-DSA,sign,44,21512,8810
ML-DSA,sign,44,29014,8811
ML-DSA,sign,44,45375,8812
ML-DSA,sign,44,45402,8813
ML-DSA,sign,44,21511,8814
ML-DSA,sign,44,143844,8815
ML-DSA,sign,44,45362,8816
ML-DSA,sign,44,29013,8817
ML-DSA,sign,44,21515,8818
ML-DSA,sign,44,54340,8819
ML-DSA,sign,44,36485,8820
ML-DSA,sign,44,48322,8821
ML-DSA,sign,44,63241,8822
ML-DSA,sign,44,88594,8823
ML-DSA,sign,44,61804,8824
ML-DSA,sign,44,21515,8825
ML-DSA,sign,44,63258,8826
ML-DSA,sign,44,52859,8827
ML-DSA,sign,44,45367,8828
ML-DSA,sign,44,63247,8829
ML-DSA,sign,44,45417,8830
ML-DSA,sign,44,45436,8831
ML-DSA,sign,44,30443,8832
ML-DSA,sign,44,28980,8833
ML-DSA,sign,44,46857,8834
ML-DSA,sign,44,28987,8835
ML-DSA,sign,44,102129,8836
ML-DSA,sign,44,29013,8837
ML-DSA,sign,44,61809,8838
ML-DSA,sign,44,29014,8839
ML-DSA,sign,44,54324,8840
ML-DSA,sign,44,30439,8841
ML-DSA,sign,44,54330,8842
ML-DSA,sign,44,30447,8843
ML-DSA,sign,44,36480,8844
ML-DSA,sign,44,21516,8845
ML-DSA,sign,44,28980,8846
ML-DSA,sign,44,100677,8847
ML-DSA,sign,44,45378,8848
ML-DSA,sign,44,39389,8849
ML-DSA,sign,44,21512,8850
ML-DSA,sign,44,37925,8851
ML-DSA,sign,44,37904,8852
ML-DSA,sign,44,99219,8853
ML-DSA,sign,44,30431,8854
ML-DSA,sign,44,81097,8855
ML-DSA,sign,44,28999,8856
ML-DSA,sign,44,28982,8857
ML-DSA,sign,44,30438,8858
ML-DSA,sign,44,48454,8859
ML-DSA,sign,44,87139,8860
ML-DSA,sign,44,76790,8861
ML-DSA,sign,44,29002,8862
ML-DSA,sign,44,46911,8863
ML-DSA,sign,44,21512,8864
ML-DSA,sign,44,52851,8865
ML-DSA,sign,44,30435,8866
ML-DSA,sign,44,52842,8867
ML-DSA,sign,44,28989,8868
ML-DSA,sign,44,43958,8869
ML-DSA,sign,44,37922,8870
ML-DSA,sign,44,103547,8871
ML-DSA,sign,44,60362,8872
ML-DSA,sign,44,37906,8873
ML-DSA,sign,44,37895,8874
ML-DSA,sign,44,37937,8875
ML-DSA,sign,44,43916,8876
ML-DSA,sign,44,52854,8877
ML-DSA,sign,44,36467,8878
ML-DSA,sign,44,21515,8879
ML-DSA,sign,44,36457,8880
ML-DSA,sign,44,39390,8881
ML-DSA,sign,44,94627,8882
ML-DSA,sign,44,21520,8883
ML-DSA,sign,44,30439,8884
ML-DSA,sign,44,21516,8885
ML-DSA,sign,44,45409,8886
ML-DSA,sign,44,52883,8887
ML-DSA,sign,44,43947,8888
ML-DSA,sign,44,79681,8889
ML-DSA,sign,44,36478,8890
ML-DSA,sign,44,69301,8891
ML-DSA,sign,44,87171,8892
ML-DSA,sign,44,30438,8893
ML-DSA,sign,44,91702,8894
ML-DSA,sign,44,28983,8895
ML-DSA,sign,44,28991,8896
ML-DSA,sign,44,67824,8897
ML-DSA,sign,44,43931,8898
ML-DSA,sign,44,52843,8899
ML-DSA,sign,44,46832,8900
ML-DSA,sign,44,28989,8901
ML-DSA,sign,44,21512,8902
ML-DSA,sign,44,45401,8903
ML-DSA,sign,44,21513,8904
ML-DSA,sign,44,36495,8905
ML-DSA,sign,44,28979,8906
ML-DSA,sign,44,37930,8907
ML-DSA,sign,44,21511,8908
ML-DSA,sign,44,37931,8909
ML-DSA,sign,44,69316,8910
ML-DSA,sign,44,69275,8911
ML-DSA,sign,44,30445,8912
ML-DSA,sign,44,46824,8913
ML-DSA,sign,44,55798,8914
ML-DSA,sign,44,61825,8915
ML-DSA,sign,44,21512,8916
ML-DSA,sign,44,45418,8917
ML-DSA,sign,44,30446,8918
ML-DSA,sign,44,21515,8919
ML-DSA,sign,44,46853,8920
ML-DSA,sign,44,43912,8921
ML-DSA,sign,44,63291,8922
ML-DSA,sign,44,69370,8923
ML-DSA,sign,44,45354,8924
ML-DSA,sign,44,64717,8925
ML-DSA,sign,44,87167,8926
ML-DSA,sign,44,70735,8927
ML-DSA,sign,44,21512,8928
ML-DSA,sign,44,36468,8929
ML-DSA,sign,44,21511,8930
ML-DSA,sign,44,30432,8931
ML-DSA,sign,44,28992,8932
ML-DSA,sign,44,54382,8933
ML-DSA,sign,44,29004,8934
ML-DSA,sign,44,21516,8935
ML-DSA,sign,44,43936,8936
ML-DSA,sign,44,117082,8937
ML-DSA,sign,44,69324,8938
ML-DSA,sign,44,48316,8939
ML-DSA,sign,44,28976,8940
ML-DSA,sign,44,55737,8941
ML-DSA,sign,44,30455,8942
ML-DSA,sign,44,45386,8943
ML-DSA,sign,44,45380,8944
ML-DSA,sign,44,21519,8945
ML-DSA,sign,44,21512,8946
ML-DSA,sign,44,184273,8947
ML-DSA,sign,44,45421,8948
ML-DSA,sign,44,21515,8949
ML-DSA,sign,44,128928,8950
ML-DSA,sign,44,45404,8951
ML-DSA,sign,44,52868,8952
ML-DSA,sign,44,109555,8953
ML-DSA,sign,44,28970,8954
ML-DSA,sign,44,36468,8955
ML-DSA,sign,44,54302,8956
ML-DSA,sign,44,21516,8957
ML-DSA,sign,44,21512,8958
ML-DSA,sign,44,21516,8959
ML-DSA,sign,44,54340,8960
ML-DSA,sign,44,21516,8961
ML-DSA,sign,44,29011,8962
ML-DSA,sign,44,28978,8963
ML-DSA,sign,44,55834,8964
ML-DSA,sign,44,69311,8965
ML-DSA,sign,44,43975,8966
ML-DSA,sign,44,45379,8967
ML-DSA,sign,44,132007,8968
ML-DSA,sign,44,103512,8969
ML-DSA,sign,44,21512,8970
ML-DSA,sign,44,30442,8971
ML-DSA,sign,44,52887,8972
ML-DSA,sign,44,28990,8973
ML-DSA,sign,44,36463,8974
ML-DSA,sign,44,118580,8975
ML-DSA,sign,44,63235,8976
ML-DSA,sign,44,61835,8977
ML-DSA,sign,44,46844,8978
ML-DSA,sign,44,21515,8979
ML-DSA,sign,44,21512,8980
ML-DSA,sign,44,37909,8981
ML-DSA,sign,44,52845,8982
ML-DSA,sign,44,112453,8983
ML-DSA,sign,44,84253,8984
ML-DSA,sign,44,51405,8985
ML-DSA,sign,44,21511,8986
ML-DSA,sign,44,45398,8987
ML-DSA,sign,44,48285,8988
ML-DSA,sign,44,121390,8989
ML-DSA,sign,44,87297,8990
ML-DSA,sign,44,21520,8991
ML-DSA,sign,44,21512,8992
ML-DSA,sign,44,39355,8993
ML-DSA,sign,44,37918,8994
ML-DSA,sign,44,21519,8995
ML-DSA,sign,44,43938,8996
ML-DSA,sign,44,21516,8997
ML-DSA,sign,44,29003,8998
ML-DSA,sign,44,28984,8999
ML-DSA,sign,44,76743,9000
ML-DSA,sign,44,43925,9001
ML-DSA,sign,44,94643,9002
ML-DSA,sign,44,52863,9003
ML-DSA,sign,44,30442,9004
ML-DSA,sign,44,21516,9005
ML-DSA,sign,44,52889,9006
ML-DSA,sign,44,64696,9007
ML-DSA,sign,44,37938,9008
ML-DSA,sign,44,21514,9009
ML-DSA,sign,44,28975,9010
ML-DSA,sign,44,36492,9011
ML-DSA,sign,44,30436,9012
ML-DSA,sign,44,169190,9013
ML-DSA,sign,44,43927,9014
ML-DSA,sign,44,45418,9015
ML-DSA,sign,44,21511,9016
ML-DSA,sign,44,30447,9017
ML-DSA,sign,44,28985,9018
ML-DSA,sign,44,28980,9019
ML-DSA,sign,44,55753,9020
ML-DSA,sign,44,75284,9021
ML-DSA,sign,44,54312,9022
ML-DSA,sign,44,39386,9023
ML-DSA,sign,44,21512,9024
ML-DSA,sign,44,54290,9025
ML-DSA,sign,44,30454,9026
ML-DSA,sign,44,36475,9027
ML-DSA,sign,44,28991,9028
ML-DSA,sign,44,173790,9029
ML-DSA,sign,44,21512,9030
ML-DSA,sign,44,37951,9031
ML-DSA,sign,44,21512,9032
ML-DSA,sign,44,30449,9033
ML-DSA,sign,44,28984,9034
ML-DSA,sign,44,21516,9035
ML-DSA,sign,44,36456,9036
ML-DSA,sign,44,28991,9037
ML-DSA,sign,44,99001,9038
ML-DSA,sign,44,96041,9039
ML-DSA,sign,44,37939,9040
ML-DSA,sign,44,94695,9041
ML-DSA,sign,44,29004,9042
ML-DSA,sign,44,85697,9043
ML-DSA,sign,44,43948,9044
ML-DSA,sign,44,96112,9045
ML-DSA,sign,44,67812,9046
ML-DSA,sign,44,102065,9047
ML-DSA,sign,44,28990,9048
ML-DSA,sign,44,37900,9049
ML-DSA,sign,44,21511,9050
ML-DSA,sign,44,28988,9051
ML-DSA,sign,44,48314,9052
ML-DSA,sign,44,21515,9053
ML-DSA,sign,44,36457,9054
ML-DSA,sign,44,21515,9055
ML-DSA,sign,44,21511,9056
ML-DSA,sign,44,21515,9057
ML-DSA,sign,44,79606,9058
ML-DSA,sign,44,29000,9059
ML-DSA,sign,44,36486,9060
ML-DSA,sign,44,46873,9061
ML-DSA,sign,44,115623,9062
ML-DSA,sign,44,61821,9063
ML-DSA,sign,44,30433,9064
ML-DSA,sign,44,91723,9065
ML-DSA,sign,44,28990,9066
ML-DSA,sign,44,30453,9067
ML-DSA,sign,44,21512,9068
ML-DSA,sign,44,55773,9069
ML-DSA,sign,44,37926,9070
ML-DSA,sign,44,21516,9071
ML-DSA,sign,44,21512,9072
ML-DSA,sign,44,61801,9073
ML-DSA,sign,44,21511,9074
ML-DSA,sign,44,54336,9075
ML-DSA,sign,44,30426,9076
ML-DSA,sign,44,37895,9077
ML-DSA,sign,44,21511,9078
ML-DSA,sign,44,28979,9079
ML-DSA,sign,44,21511,9080
ML-DSA,sign,44,72205,9081
ML-DSA,sign,44,70749,9082
ML-DSA,sign,44,46844,9083
ML-DSA,sign,44,37938,9084
ML-DSA,sign,44,55790,9085
ML-DSA,sign,44,37902,9086
ML-DSA,sign,44,75291,9087
ML-DSA,sign,44,54325,9088
ML-DSA,sign,44,21516,9089
ML-DSA,sign,44,28979,9090
ML-DSA,sign,44,70736,9091
ML-DSA,sign,44,36475,9092
ML-DSA,sign,44,28977,9093
ML-DSA,sign,44,43970,9094
ML-DSA,sign,44,54392,9095
ML-DSA,sign,44,46822,9096
ML-DSA,sign,44,21515,9097
ML-DSA,sign,44,21511,9098
ML-DSA,sign,44,21515,9099
ML-DSA,sign,44,28998,9100
ML-DSA,sign,44,94617,9101
ML-DSA,sign,44,28979,9102
ML-DSA,sign,44,21516,9103
ML-DSA,sign,44,60378,9104
ML-DSA,sign,44,102113,9105
ML-DSA,sign,44,52909,9106
ML-DSA,sign,44,54300,9107
ML-DSA,sign,44,21512,9108
ML-DSA,sign,44,125923,9109
ML-DSA,sign,44,37923,9110
ML-DSA,sign,44,96301,9111
ML-DSA,sign,44,37929,9112
ML-DSA,sign,44,21515,9113
ML-DSA,sign,44,58881,9114
ML-DSA,sign,44,96060,9115
ML-DSA,sign,44,37907,9116
ML-DSA,sign,44,45396,9117
ML-DSA,sign,44,28977,9118
ML-DSA,sign,44,54344,9119
ML-DSA,sign,44,46842,9120
ML-DSA,sign,44,72201,9121
ML-DSA,sign,44,72176,9122
ML-DSA,sign,44,73843,9123
ML-DSA,sign,44,46841,9124
ML-DSA,sign,44,30465,9125
ML-DSA,sign,44,28996,9126
ML-DSA,sign,44,30456,9127
ML-DSA,sign,44,21511,9128
ML-DSA,sign,44,21516,9129
ML-DSA,sign,44,37920,9130
ML-DSA,sign,44,28987,9131
ML-DSA,sign,44,52892,9132
ML-DSA,sign,44,43960,9133
ML-DSA,sign,44,46877,9134
ML-DSA,sign,44,30453,9135
ML-DSA,sign,44,21511,9136
ML-DSA,sign,44,21515,9137
ML-DSA,sign,44,21512,9138
ML-DSA,sign,44,21516,9139
ML-DSA,sign,44,21516,9140
ML-DSA,sign,44,102064,9141
ML-DSA,sign,44,45396,9142
ML-DSA,sign,44,43968,9143
ML-DSA,sign,44,28999,9144
ML-DSA,sign,44,37963,9145
ML-DSA,sign,44,36471,9146
ML-DSA,sign,44,76791,9147
ML-DSA,sign,44,37935,9148
ML-DSA,sign,44,21515,9149
ML-DSA,sign,44,21512,9150
ML-DSA,sign,44,51427,9151
ML-DSA,sign,44,228956,9152
ML-DSA,sign,44,55765,9153
ML-DSA,sign,44,28982,9154
ML-DSA,sign,44,76785,9155
ML-DSA,sign,44,30440,9156
ML-DSA,sign,44,36474,9157
ML-DSA,sign,44,70742,9158
ML-DSA,sign,44,28991,9159
ML-DSA,sign,44,21515,9160
ML-DSA,sign,44,21516,9161
ML-DSA,sign,44,46855,9162
ML-DSA,sign,44,21519,9163
ML-DSA,sign,44,37922,9164
ML-DSA,sign,44,54349,9165
ML-DSA,sign,44,54308,9166
ML-DSA,sign,44,134870,9167
ML-DSA,sign,44,21512,9168
ML-DSA,sign,44,45399,9169
ML-DSA,sign,44,28984,9170
ML-DSA,sign,44,21519,9171
ML-DSA,sign,44,79587,9172
ML-DSA,sign,44,28997,9173
ML-DSA,sign,44,54333,9174
ML-DSA,sign,44,21515,9175
ML-DSA,sign,44,43950,9176
ML-DSA,sign,44,149870,9177
ML-DSA,sign,44,45395,9178
ML-DSA,sign,44,37954,9179
ML-DSA,sign,44,85669,9180
ML-DSA,sign,44,21516,9181
ML-DSA,sign,44,52867,9182
ML-DSA,sign,44,30444,9183
ML-DSA,sign,44,45372,9184
ML-DSA,sign,44,70697,9185
ML-DSA,sign,44,115626,9186
ML-DSA,sign,44,21515,9187
ML-DSA,sign,44,21511,9188
ML-DSA,sign,44,45384,9189
ML-DSA,sign,44,70740,9190
ML-DSA,sign,44,61808,9191
ML-DSA,sign,44,36478,9192
ML-DSA,sign,44,28993,9193
ML-DSA,sign,44,21511,9194
ML-DSA,sign,44,21516,9195
ML-DSA,sign,44,36487,9196
ML-DSA,sign,44,69247,9197
ML-DSA,sign,44,67833,9198
ML-DSA,sign,44,45402,9199
ML-DSA,sign,44,21512,9200
ML-DSA,sign,44,60385,9201
ML-DSA,sign,44,52868,9202
ML-DSA,sign,44,21516,9203
ML-DSA,sign,44,28987,9204
ML-DSA,sign,44,21516,9205
ML-DSA,sign,44,51429,9206
ML-DSA,sign,44,52924,9207
ML-DSA,sign,44,37917,9208
ML-DSA,sign,44,66407,9209
ML-DSA,sign,44,21511,9210
ML-DSA,sign,44,45390,9211
ML-DSA,sign,44,30455,9212
ML-DSA,sign,44,60348,9213
ML-DSA,sign,44,158779,9214
ML-DSA,sign,44,36470,9215
ML-DSA,sign,44,21513,9216
ML-DSA,sign,44,45384,9217
ML-DSA,sign,44,185526,9218
ML-DSA,sign,44,45404,9219
ML-DSA,sign,44,30444,9220
ML-DSA,sign,44,94609,9221
ML-DSA,sign,44,57198,9222
ML-DSA,sign,44,21520,9223
ML-DSA,sign,44,46850,9224
ML-DSA,sign,44,143844,9225
ML-DSA,sign,44,28986,9226
ML-DSA,sign,44,82595,9227
ML-DSA,sign,44,21512,9228
ML-DSA,sign,44,43912,9229
ML-DSA,sign,44,46846,9230
ML-DSA,sign,44,60328,9231
ML-DSA,sign,44,43952,9232
ML-DSA,sign,44,28973,9233
ML-DSA,sign,44,67793,9234
ML-DSA,sign,44,30457,9235
ML-DSA,sign,44,36475,9236
ML-DSA,sign,44,21516,9237
ML-DSA,sign,44,60365,9238
ML-DSA,sign,44,46823,9239
ML-DSA,sign,44,21511,9240
ML-DSA,sign,44,21516,9241
ML-DSA,sign,44,52870,9242
ML-DSA,sign,44,45415,9243
ML-DSA,sign,44,21511,9244
ML-DSA,sign,44,187257,9245
ML-DSA,sign,44,21512,9246
ML-DSA,sign,44,21516,9247
ML-DSA,sign,44,37916,9248
ML-DSA,sign,44,84259,9249
ML-DSA,sign,44,30440,9250
ML-DSA,sign,44,21516,9251
ML-DSA,sign,44,88685,9252
ML-DSA,sign,44,37953,9253
ML-DSA,sign,44,21516,9254
ML-DSA,sign,44,46818,9255
ML-DSA,sign,44,21511,9256
ML-DSA,sign,44,28977,9257
ML-DSA,sign,44,82783,9258
ML-DSA,sign,44,46840,9259
ML-DSA,sign,44,21511,9260
ML-DSA,sign,44,36504,9261
ML-DSA,sign,44,21512,9262
ML-DSA,sign,44,52850,9263
ML-DSA,sign,44,21512,9264
ML-DSA,sign,44,51415,9265
ML-DSA,sign,44,60394,9266
ML-DSA,sign,44,21516,9267
ML-DSA,sign,44,21512,9268
ML-DSA,sign,44,29008,9269
ML-DSA,sign,44,21511,9270
ML-DSA,sign,44,67795,9271
ML-DSA,sign,44,37916,9272
ML-DSA,sign,44,21516,9273
ML-DSA,sign,44,69280,9274
ML-DSA,sign,44,28985,9275
ML-DSA,sign,44,29006,9276
ML-DSA,sign,44,36498,9277
ML-DSA,sign,44,21516,9278
ML-DSA,sign,44,79677,9279
ML-DSA,sign,44,37924,9280
ML-DSA,sign,44,63268,9281
ML-DSA,sign,44,85804,9282
ML-DSA,sign,44,30438,9283
ML-DSA,sign,44,30450,9284
ML-DSA,sign,44,28982,9285
ML-DSA,sign,44,21516,9286
ML-DSA,sign,44,60363,9287
ML-DSA,sign,44,21512,9288
ML-DSA,sign,44,30441,9289
ML-DSA,sign,44,21511,9290
ML-DSA,sign,44,69227,9291
ML-DSA,sign,44,39372,9292
ML-DSA,sign,44,37910,9293
ML-DSA,sign,44,30427,9294
ML-DSA,sign,44,82740,9295
ML-DSA,sign,44,37940,9296
ML-DSA,sign,44,37957,9297
ML-DSA,sign,44,21512,9298
ML-DSA,sign,44,87137,9299
ML-DSA,sign,44,30446,9300
ML-DSA,sign,44,21516,9301
ML-DSA,sign,44,48311,9302
ML-DSA,sign,44,117031,9303
ML-DSA,sign,44,36450,9304
ML-DSA,sign,44,61839,9305
ML-DSA,sign,44,36448,9306
ML-DSA,sign,44,75318,9307
ML-DSA,sign,44,21511,9308
ML-DSA,sign,44,39374,9309
ML-DSA,sign,44,37899,9310
ML-DSA,sign,44,76763,9311
ML-DSA,sign,44,39376,9312
ML-DSA,sign,44,21515,9313
ML-DSA,sign,44,30453,9314
ML-DSA,sign,44,128907,9315
ML-DSA,sign,44,45384,9316
ML-DSA,sign,44,37905,9317
ML-DSA,sign,44,36470,9318
ML-DSA,sign,44,21515,9319
ML-DSA,sign,44,30450,9320
ML-DSA,sign,44,21516,9321
ML-DSA,sign,44,37901,9322
ML-DSA,sign,44,21516,9323
ML-DSA,sign,44,30436,9324
ML-DSA,sign,44,21519,9325
ML-DSA,sign,44,70785,9326
ML-DSA,sign,44,37939,9327
ML-DSA,sign,44,109564,9328
ML-DSA,sign,44,30429,9329
ML-DSA,sign,44,54335,9330
ML-DSA,sign,44,21515,9331
ML-DSA,sign,44,21511,9332
ML-DSA,sign,44,129060,9333
ML-DSA,sign,44,21511,9334
ML-DSA,sign,44,39356,9335
ML-DSA,sign,44,21512,9336
ML-DSA,sign,44,28983,9337
ML-DSA,sign,44,21511,9338
ML-DSA,sign,44,69326,9339
ML-DSA,sign,44,60355,9340
ML-DSA,sign,44,69326,9341
ML-DSA,sign,44,21516,9342
ML-DSA,sign,44,30453,9343
ML-DSA,sign,44,36445,9344
ML-DSA,sign,44,37951,9345
ML-DSA,sign,44,52880,9346
ML-DSA,sign,44,75130,9347
ML-DSA,sign,44,87194,9348
ML-DSA,sign,44,30433,9349
ML-DSA,sign,44,79633,9350
ML-DSA,sign,44,29011,9351
ML-DSA,sign,44,87164,9352
ML-DSA,sign,44,46853,9353
ML-DSA,sign,44,21511,9354
ML-DSA,sign,44,60381,9355
ML-DSA,sign,44,21516,9356
ML-DSA,sign,44,39359,9357
ML-DSA,sign,44,21512,9358
ML-DSA,sign,44,72185,9359
ML-DSA,sign,44,21511,9360
ML-DSA,sign,44,39379,9361
ML-DSA,sign,44,28985,9362
ML-DSA,sign,44,46856,9363
ML-DSA,sign,44,103568,9364
ML-DSA,sign,44,123090,9365
ML-DSA,sign,44,21511,9366
ML-DSA,sign,44,21520,9367
ML-DSA,sign,44,30441,9368
ML-DSA,sign,44,117093,9369
ML-DSA,sign,44,76811,9370
ML-DSA,sign,44,21516,9371
ML-DSA,sign,44,37912,9372
ML-DSA,sign,44,39377,9373
ML-DSA,sign,44,63260,9374
ML-DSA,sign,44,37929,9375
ML-DSA,sign,44,117039,9376
ML-DSA,sign,44,52892,9377
ML-DSA,sign,44,21512,9378
ML-DSA,sign,44,45400,9379
ML-DSA,sign,44,37918,9380
ML-DSA,sign,44,21513,9381
ML-DSA,sign,44,21511,9382
ML-DSA,sign,44,29002,9383
ML-DSA,sign,44,67788,9384
ML-DSA,sign,44,28991,9385
ML-DSA,sign,44,60338,9386
ML-DSA,sign,44,21516,9387
ML-DSA,sign,44,21512,9388
ML-DSA,sign,44,127415,9389
ML-DSA,sign,44,21511,9390
ML-DSA,sign,44,36474,9391
ML-DSA,sign,44,60320,9392
ML-DSA,sign,44,58859,9393
ML-DSA,sign,44,52891,9394
ML-DSA,sign,44,48290,9395
ML-DSA,sign,44,21512,9396
ML-DSA,sign,44,133386,9397
ML-DSA,sign,44,28990,9398
ML-DSA,sign,44,21515,9399
ML-DSA,sign,44,21512,9400
ML-DSA,sign,44,43918,9401
ML-DSA,sign,44,21512,9402
ML-DSA,sign,44,82609,9403
ML-DSA,sign,44,36451,9404
ML-DSA,sign,44,69288,9405
ML-DSA,sign,44,61761,9406
ML-DSA,sign,44,28993,9407
ML-DSA,sign,44,45391,9408
ML-DSA,sign,44,107922,9409
ML-DSA,sign,44,21512,9410
ML-DSA,sign,44,46859,9411
ML-DSA,sign,44,37928,9412
ML-DSA,sign,44,36469,9413
ML-DSA,sign,44,29004,9414
ML-DSA,sign,44,21515,9415
ML-DSA,sign,44,21512,9416
ML-DSA,sign,44,60318,9417
ML-DSA,sign,44,21512,9418
ML-DSA,sign,44,29001,9419
ML-DSA,sign,44,46869,9420
ML-DSA,sign,44,30445,9421
ML-DSA,sign,44,37906,9422
ML-DSA,sign,44,45384,9423
ML-DSA,sign,44,51425,9424
ML-DSA,sign,44,36467,9425
ML-DSA,sign,44,21511,9426
ML-DSA,sign,44,28990,9427
ML-DSA,sign,44,30437,9428
ML-DSA,sign,44,30458,9429
ML-DSA,sign,44,45370,9430
ML-DSA,sign,44,73611,9431
ML-DSA,sign,44,21511,9432
ML-DSA,sign,44,69335,9433
ML-DSA,sign,44,36452,9434
ML-DSA,sign,44,29007,9435
ML-DSA,sign,44,21512,9436
ML-DSA,sign,44,21516,9437
ML-DSA,sign,44,45412,9438
ML-DSA,sign,44,63243,9439
ML-DSA,sign,44,21512,9440
ML-DSA,sign,44,64759,9441
ML-DSA,sign,44,100643,9442
ML-DSA,sign,44,21516,9443
ML-DSA,sign,44,28975,9444
ML-DSA,sign,44,103549,9445
ML-DSA,sign,44,54310,9446
ML-DSA,sign,44,94625,9447
ML-DSA,sign,44,72218,9448
ML-DSA,sign,44,21515,9449
ML-DSA,sign,44,30440,9450
ML-DSA,sign,44,46846,9451
ML-DSA,sign,44,36443,9452
ML-DSA,sign,44,63247,9453
ML-DSA,sign,44,73630,9454
ML-DSA,sign,44,21519,9455
ML-DSA,sign,44,39395,9456
ML-DSA,sign,44,212599,9457
ML-DSA,sign,44,219750,9458
ML-DSA,sign,44,21515,9459
ML-DSA,sign,44,52872,9460
ML-DSA,sign,44,21515,9461
ML-DSA,sign,44,21516,9462
ML-DSA,sign,44,21516,9463
ML-DSA,sign,44,51407,9464
ML-DSA,sign,44,63233,9465
ML-DSA,sign,44,87132,9466
ML-DSA,sign,44,28980,9467
ML-DSA,sign,44,30438,9468
ML-DSA,sign,44,21515,9469
ML-DSA,sign,44,21512,9470
ML-DSA,sign,44,21515,9471
ML-DSA,sign,44,30429,9472
ML-DSA,sign,44,45398,9473
ML-DSA,sign,44,64757,9474
ML-DSA,sign,44,21516,9475
ML-DSA,sign,44,76778,9476
ML-DSA,sign,44,21520,9477
ML-DSA,sign,44,21512,9478
ML-DSA,sign,44,36456,9479
ML-DSA,sign,44,21515,9480
ML-DSA,sign,44,45380,9481
ML-DSA,sign,44,52871,9482
ML-DSA,sign,44,21519,9483
ML-DSA,sign,44,28990,9484
ML-DSA,sign,44,21520,9485
ML-DSA,sign,44,45385,9486
ML-DSA,sign,44,46875,9487
ML-DSA,sign,44,21512,9488
ML-DSA,sign,44,21516,9489
ML-DSA,sign,44,28996,9490
ML-DSA,sign,44,28994,9491
ML-DSA,sign,44,21511,9492
ML-DSA,sign,44,21515,9493
ML-DSA,sign,44,45361,9494
ML-DSA,sign,44,37918,9495
ML-DSA,sign,44,30452,9496
ML-DSA,sign,44,21515,9497
ML-DSA,sign,44,37926,9498
ML-DSA,sign,44,73828,9499
ML-DSA,sign,44,87106,9500
ML-DSA,sign,44,21516,9501
ML-DSA,sign,44,79622,9502
ML-DSA,sign,44,60314,9503
ML-DSA,sign,44,63257,9504
ML-DSA,sign,44,21516,9505
ML-DSA,sign,44,45386,9506
ML-DSA,sign,44,21516,9507
ML-DSA,sign,44,69313,9508
ML-DSA,sign,44,70745,9509
ML-DSA,sign,44,21511,9510
ML-DSA,sign,44,172093,9511
ML-DSA,sign,44,28997,9512
ML-DSA,sign,44,36466,9513
ML-DSA,sign,44,97521,9514
ML-DSA,sign,44,21516,9515
ML-DSA,sign,44,104965,9516
ML-DSA,sign,44,69302,9517
ML-DSA,sign,44,21512,9518
ML-DSA,sign,44,30452,9519
ML-DSA,sign,44,52843,9520
ML-DSA,sign,44,87176,9521
ML-DSA,sign,44,45379,9522
ML-DSA,sign,44,37907,9523
ML-DSA,sign,44,21511,9524
ML-DSA,sign,44,39367,9525
ML-DSA,sign,44,21511,9526
ML-DSA,sign,44,21519,9527
ML-DSA,sign,44,87133,9528
ML-DSA,sign,44,37907,9529
ML-DSA,sign,44,52893,9530
ML-DSA,sign,44,37934,9531
ML-DSA,sign,44,21511,9532
ML-DSA,sign,44,30447,9533
ML-DSA,sign,44,79645,9534
ML-DSA,sign,44,39381,9535
ML-DSA,sign,44,28979,9536
ML-DSA,sign,44,46844,9537
ML-DSA,sign,44,21512,9538
ML-DSA,sign,44,21519,9539
ML-DSA,sign,44,21512,9540
ML-DSA,sign,44,46867,9541
ML-DSA,sign,44,45416,9542
ML-DSA,sign,44,63239,9543
ML-DSA,sign,44,21512,9544
ML-DSA,sign,44,45420,9545
ML-DSA,sign,44,48323,9546
ML-DSA,sign,44,69275,9547
ML-DSA,sign,44,36465,9548
ML-DSA,sign,44,30446,9549
ML-DSA,sign,44,63258,9550
ML-DSA,sign,44,45371,9551
ML-DSA,sign,44,45401,9552
ML-DSA,sign,44,52882,9553
ML-DSA,sign,44,111025,9554
ML-DSA,sign,44,37925,9555
ML-DSA,sign,44,155895,9556
ML-DSA,sign,44,28999,9557
ML-DSA,sign,44,52899,9558
ML-DSA,sign,44,21515,9559
ML-DSA,sign,44,37922,9560
ML-DSA,sign,44,36475,9561
ML-DSA,sign,44,52858,9562
ML-DSA,sign,44,21515,9563
ML-DSA,sign,44,54310,9564
ML-DSA,sign,44,21519,9565
ML-DSA,sign,44,21512,9566
ML-DSA,sign,44,117055,9567
ML-DSA,sign,44,55800,9568
ML-DSA,sign,44,21515,9569
ML-DSA,sign,44,36472,9570
ML-DSA,sign,44,30436,9571
ML-DSA,sign,44,60363,9572
ML-DSA,sign,44,39361,9573
ML-DSA,sign,44,21513,9574
ML-DSA,sign,44,21516,9575
ML-DSA,sign,44,37948,9576
ML-DSA,sign,44,46878,9577
ML-DSA,sign,44,37934,9578
ML-DSA,sign,44,60309,9579
ML-DSA,sign,44,70685,9580
ML-DSA,sign,44,21515,9581
ML-DSA,sign,44,157238,9582
ML-DSA,sign,44,21515,9583
ML-DSA,sign,44,21511,9584
ML-DSA,sign,44,30434,9585
ML-DSA,sign,44,29004,9586
ML-DSA,sign,44,43937,9587
ML-DSA,sign,44,60371,9588
ML-DSA,sign,44,88554,9589
ML-DSA,sign,44,21511,9590
ML-DSA,sign,44,55787,9591
ML-DSA,sign,44,21511,9592
ML-DSA,sign,44,52870,9593
ML-DSA,sign,44,61800,9594
ML-DSA,sign,44,37917,9595
ML-DSA,sign,44,30426,9596
ML-DSA,sign,44,21520,9597
ML-DSA,sign,44,30428,9598
ML-DSA,sign,44,37924,9599
ML-DSA,sign,44,30449,9600
ML-DSA,sign,44,28981,9601
ML-DSA,sign,44,21517,9602
ML-DSA,sign,44,39405,9603
ML-DSA,sign,44,54329,9604
ML-DSA,sign,44,55926,9605
ML-DSA,sign,44,21512,9606
ML-DSA,sign,44,67862,9607
ML-DSA,sign,44,45368,9608
ML-DSA,sign,44,142417,9609
ML-DSA,sign,44,46831,9610
ML-DSA,sign,44,46841,9611
ML-DSA,sign,44,45393,9612
ML-DSA,sign,44,69280,9613
ML-DSA,sign,44,46862,9614
ML-DSA,sign,44,61819,9615
ML-DSA,sign,44,46857,9616
ML-DSA,sign,44,61797,9617
ML-DSA,sign,44,54334,9618
ML-DSA,sign,44,21521,9619
ML-DSA,sign,44,21512,9620
ML-DSA,sign,44,21517,9621
ML-DSA,sign,44,137811,9622
ML-DSA,sign,44,45398,9623
ML-DSA,sign,44,21512,9624
ML-DSA,sign,44,155960,9625
ML-DSA,sign,44,28988,9626
ML-DSA,sign,44,29007,9627
ML-DSA,sign,44,29002,9628
ML-DSA,sign,44,91706,9629
ML-DSA,sign,44,21512,9630
ML-DSA,sign,44,82738,9631
ML-DSA,sign,44,28987,9632
ML-DSA,sign,44,60363,9633
ML-DSA,sign,44,28977,9634
ML-DSA,sign,44,54332,9635
ML-DSA,sign,44,54307,9636
ML-DSA,sign,44,28991,9637
ML-DSA,sign,44,126000,9638
ML-DSA,sign,44,21516,9639
ML-DSA,sign,44,100616,9640
ML-DSA,sign,44,118521,9641
ML-DSA,sign,44,78184,9642
ML-DSA,sign,44,85747,9643
ML-DSA,sign,44,115600,9644
ML-DSA,sign,44,63334,9645
ML-DSA,sign,44,151383,9646
ML-DSA,sign,44,28994,9647
ML-DSA,sign,44,37927,9648
ML-DSA,sign,44,29010,9649
ML-DSA,sign,44,21511,9650
ML-DSA,sign,44,30467,9651
ML-DSA,sign,44,72185,9652
ML-DSA,sign,44,21515,9653
ML-DSA,sign,44,28987,9654
ML-DSA,sign,44,28988,9655
ML-DSA,sign,44,21512,9656
ML-DSA,sign,44,55784,9657
ML-DSA,sign,44,28986,9658
ML-DSA,sign,44,36483,9659
ML-DSA,sign,44,54308,9660
ML-DSA,sign,44,43954,9661
ML-DSA,sign,44,21516,9662
ML-DSA,sign,44,21516,9663
ML-DSA,sign,44,173704,9664
ML-DSA,sign,44,30450,9665
ML-DSA,sign,44,169191,9666
ML-DSA,sign,44,21520,9667
ML-DSA,sign,44,21511,9668
ML-DSA,sign,44,28992,9669
ML-DSA,sign,44,107906,9670
ML-DSA,sign,44,29000,9671
ML-DSA,sign,44,37918,9672
ML-DSA,sign,44,45404,9673
ML-DSA,sign,44,37922,9674
ML-DSA,sign,44,37921,9675
ML-DSA,sign,44,28976,9676
ML-DSA,sign,44,54349,9677
ML-DSA,sign,44,21512,9678
ML-DSA,sign,44,54332,9679
ML-DSA,sign,44,21511,9680
ML-DSA,sign,44,70747,9681
ML-DSA,sign,44,46993,9682
ML-DSA,sign,44,73608,9683
ML-DSA,sign,44,70751,9684
ML-DSA,sign,44,21515,9685
ML-DSA,sign,44,28977,9686
ML-DSA,sign,44,54356,9687
ML-DSA,sign,44,21511,9688
ML-DSA,sign,44,21519,9689
ML-DSA,sign,44,37910,9690
ML-DSA,sign,44,87158,9691
ML-DSA,sign,44,76696,9692
ML-DSA,sign,44,36468,9693
ML-DSA,sign,44,85720,9694
ML-DSA,sign,44,30461,9695
ML-DSA,sign,44,36443,9696
ML-DSA,sign,44,21515,9697
ML-DSA,sign,44,36474,9698
ML-DSA,sign,44,39376,9699
ML-DSA,sign,44,45380,9700
ML-DSA,sign,44,76775,9701
ML-DSA,sign,44,30426,9702
ML-DSA,sign,44,28977,9703
ML-DSA,sign,44,21511,9704
ML-DSA,sign,44,61780,9705
ML-DSA,sign,44,100590,9706
ML-DSA,sign,44,30433,9707
ML-DSA,sign,44,119935,9708
ML-DSA,sign,44,151418,9709
ML-DSA,sign,44,28981,9710
ML-DSA,sign,44,21515,9711
ML-DSA,sign,44,37910,9712
ML-DSA,sign,44,88588,9713
ML-DSA,sign,44,21511,9714
ML-DSA,sign,44,36494,9715
ML-DSA,sign,44,21511,9716
ML-DSA,sign,44,52882,9717
ML-DSA,sign,44,45379,9718
ML-DSA,sign,44,37934,9719
ML-DSA,sign,44,39358,9720
ML-DSA,sign,44,48280,9721
ML-DSA,sign,44,46842,9722
ML-DSA,sign,44,21515,9723
ML-DSA,sign,44,21511,9724
ML-DSA,sign,44,52874,9725
ML-DSA,sign,44,21513,9726
ML-DSA,sign,44,37936,9727
ML-DSA,sign,44,54333,9728
ML-DSA,sign,44,61819,9729
ML-DSA,sign,44,21511,9730
ML-DSA,sign,44,146989,9731
ML-DSA,sign,44,61833,9732
ML-DSA,sign,44,36475,9733
ML-DSA,sign,44,28997,9734
ML-DSA,sign,44,21515,9735
ML-DSA,sign,44,21516,9736
ML-DSA,sign,44,63248,9737
ML-DSA,sign,44,37910,9738
ML-DSA,sign,44,28996,9739
ML-DSA,sign,44,21511,9740
ML-DSA,sign,44,30448,9741
ML-DSA,sign,44,28979,9742
ML-DSA,sign,44,136387,9743
ML-DSA,sign,44,88579,9744
ML-DSA,sign,44,28980,9745
ML-DSA,sign,44,29008,9746
ML-DSA,sign,44,54318,9747
ML-DSA,sign,44,70670,9748
ML-DSA,sign,44,21516,9749
ML-DSA,sign,44,28996,9750
ML-DSA,sign,44,21515,9751
ML-DSA,sign,44,28973,9752
ML-DSA,sign,44,37936,9753
ML-DSA,sign,44,52880,9754
ML-DSA,sign,44,139539,9755
ML-DSA,sign,44,100656,9756
ML-DSA,sign,44,43979,9757
ML-DSA,sign,44,37905,9758
ML-DSA,sign,44,21515,9759
ML-DSA,sign,44,39360,9760
ML-DSA,sign,44,45407,9761
ML-DSA,sign,44,45390,9762
ML-DSA,sign,44,39400,9763
ML-DSA,sign,44,45412,9764
ML-DSA,sign,44,21515,9765
ML-DSA,sign,44,43925,9766
ML-DSA,sign,44,28999,9767
ML-DSA,sign,44,45374,9768
ML-DSA,sign,44,28985,9769
ML-DSA,sign,44,37940,9770
ML-DSA,sign,44,37911,9771
ML-DSA,sign,44,21515,9772
ML-DSA,sign,44,54310,9773
ML-DSA,sign,44,28991,9774
ML-DSA,sign,44,28995,9775
ML-DSA,sign,44,54289,9776
ML-DSA,sign,44,30454,9777
ML-DSA,sign,44,60383,9778
ML-DSA,sign,44,52864,9779
ML-DSA,sign,44,55769,9780
ML-DSA,sign,44,94640,9781
ML-DSA,sign,44,128926,9782
ML-DSA,sign,44,21516,9783
ML-DSA,sign,44,61768,9784
ML-DSA,sign,44,69252,9785
ML-DSA,sign,44,85652,9786
ML-DSA,sign,44,97557,9787
ML-DSA,sign,44,28998,9788
ML-DSA,sign,44,75304,9789
ML-DSA,sign,44,67829,9790
ML-DSA,sign,44,87060,9791
ML-DSA,sign,44,21512,9792
ML-DSA,sign,44,129005,9793
ML-DSA,sign,44,45423,9794
ML-DSA,sign,44,29008,9795
ML-DSA,sign,44,28999,9796
ML-DSA,sign,44,28996,9797
ML-DSA,sign,44,36456,9798
ML-DSA,sign,44,114145,9799
ML-DSA,sign,44,28978,9800
ML-DSA,sign,44,30458,9801
ML-DSA,sign,44,21512,9802
ML-DSA,sign,44,30435,9803
ML-DSA,sign,44,21511,9804
ML-DSA,sign,44,21516,9805
ML-DSA,sign,44,30425,9806
ML-DSA,sign,44,21516,9807
ML-DSA,sign,44,72216,9808
ML-DSA,sign,44,97654,9809
ML-DSA,sign,44,108035,9810
ML-DSA,sign,44,21515,9811
ML-DSA,sign,44,21516,9812
ML-DSA,sign,44,28990,9813
ML-DSA,sign,44,90042,9814
ML-DSA,sign,44,61857,9815
ML-DSA,sign,44,39382,9816
ML-DSA,sign,44,30443,9817
ML-DSA,sign,44,21512,9818
ML-DSA,sign,44,21515,9819
ML-DSA,sign,44,21511,9820
ML-DSA,sign,44,118532,9821
ML-DSA,sign,44,54329,9822
ML-DSA,sign,44,39376,9823
ML-DSA,sign,44,55794,9824
ML-DSA,sign,44,93119,9825
ML-DSA,sign,44,21515,9826
ML-DSA,sign,44,28993,9827
ML-DSA,sign,44,93301,9828
ML-DSA,sign,44,54504,9829
ML-DSA,sign,44,21512,9830
ML-DSA,sign,44,37908,9831
ML-DSA,sign,44,21512,9832
ML-DSA,sign,44,118488,9833
ML-DSA,sign,44,36450,9834
ML-DSA,sign,44,79641,9835
ML-DSA,sign,44,52891,9836
ML-DSA,sign,44,21515,9837
ML-DSA,sign,44,21512,9838
ML-DSA,sign,44,91726,9839
ML-DSA,sign,44,123093,9840
ML-DSA,sign,44,37944,9841
ML-DSA,sign,44,21511,9842
ML-DSA,sign,44,30440,9843
ML-DSA,sign,44,96058,9844
ML-DSA,sign,44,79637,9845
ML-DSA,sign,44,21512,9846
ML-DSA,sign,44,69312,9847
ML-DSA,sign,44,30427,9848
ML-DSA,sign,44,36481,9849
ML-DSA,sign,44,28990,9850
ML-DSA,sign,44,21516,9851
ML-DSA,sign,44,105007,9852
ML-DSA,sign,44,97699,9853
ML-DSA,sign,44,21512,9854
ML-DSA,sign,44,87121,9855
ML-DSA,sign,44,29010,9856
ML-DSA,sign,44,51447,9857
ML-DSA,sign,44,78198,9858
ML-DSA,sign,44,127401,9859
ML-DSA,sign,44,43920,9860
ML-DSA,sign,44,37936,9861
ML-DSA,sign,44,21516,9862
ML-DSA,sign,44,51409,9863
ML-DSA,sign,44,60385,9864
ML-DSA,sign,44,218372,9865
ML-DSA,sign,44,78179,9866
ML-DSA,sign,44,52893,9867
ML-DSA,sign,44,61837,9868
ML-DSA,sign,44,21515,9869
ML-DSA,sign,44,45382,9870
ML-DSA,sign,44,161727,9871
ML-DSA,sign,44,124291,9872
ML-DSA,sign,44,72158,9873
ML-DSA,sign,44,45356,9874
ML-DSA,sign,44,46827,9875
ML-DSA,sign,44,46850,9876
ML-DSA,sign,44,55774,9877
ML-DSA,sign,44,37936,9878
ML-DSA,sign,44,21515,9879
ML-DSA,sign,44,125950,9880
ML-DSA,sign,44,21516,9881
ML-DSA,sign,44,30431,9882
ML-DSA,sign,44,37930,9883
ML-DSA,sign,44,30439,9884
ML-DSA,sign,44,63281,9885
ML-DSA,sign,44,195883,9886
ML-DSA,sign,44,30439,9887
ML-DSA,sign,44,45404,9888
ML-DSA,sign,44,37911,9889
ML-DSA,sign,44,21512,9890
ML-DSA,sign,44,70787,9891
ML-DSA,sign,44,28975,9892
ML-DSA,sign,44,46839,9893
ML-DSA,sign,44,128880,9894
ML-DSA,sign,44,28987,9895
ML-DSA,sign,44,45429,9896
ML-DSA,sign,44,21515,9897
ML-DSA,sign,44,28979,9898
ML-DSA,sign,44,30430,9899
ML-DSA,sign,44,21515,9900
ML-DSA,sign,44,36470,9901
ML-DSA,sign,44,43960,9902
ML-DSA,sign,44,90197,9903
ML-DSA,sign,44,21512,9904
ML-DSA,sign,44,29005,9905
ML-DSA,sign,44,37941,9906
ML-DSA,sign,44,37919,9907
ML-DSA,sign,44,28975,9908
ML-DSA,sign,44,21515,9909
ML-DSA,sign,44,21511,9910
ML-DSA,sign,44,61788,9911
ML-DSA,sign,44,61802,9912
ML-DSA,sign,44,70708,9913
ML-DSA,sign,44,21512,9914
ML-DSA,sign,44,82835,9915
ML-DSA,sign,44,30426,9916
ML-DSA,sign,44,21520,9917
ML-DSA,sign,44,21512,9918
ML-DSA,sign,44,28983,9919
ML-DSA,sign,44,30433,9920
ML-DSA,sign,44,63211,9921
ML-DSA,sign,44,84282,9922
ML-DSA,sign,44,21515,9923
ML-DSA,sign,44,30440,9924
ML-DSA,sign,44,36477,9925
ML-DSA,sign,44,28999,9926
ML-DSA,sign,44,29008,9927
ML-DSA,sign,44,54341,9928
ML-DSA,sign,44,37927,9929
ML-DSA,sign,44,46850,9930
ML-DSA,sign,44,48333,9931
ML-DSA,sign,44,52884,9932
ML-DSA,sign,44,79718,9933
ML-DSA,sign,44,30430,9934
ML-DSA,sign,44,30453,9935
ML-DSA,sign,44,70712,9936
ML-DSA,sign,44,45375,9937
ML-DSA,sign,44,30431,9938
ML-DSA,sign,44,21515,9939
ML-DSA,sign,44,96262,9940
ML-DSA,sign,44,37891,9941
ML-DSA,sign,44,37913,9942
ML-DSA,sign,44,39379,9943
ML-DSA,sign,44,52834,9944
ML-DSA,sign,44,152771,9945
ML-DSA,sign,44,43964,9946
ML-DSA,sign,44,61857,9947
ML-DSA,sign,44,21511,9948
ML-DSA,sign,44,21519,9949
ML-DSA,sign,44,36488,9950
ML-DSA,sign,44,28991,9951
ML-DSA,sign,44,52869,9952
ML-DSA,sign,44,30435,9953
ML-DSA,sign,44,36489,9954
ML-DSA,sign,44,28982,9955
ML-DSA,sign,44,30457,9956
ML-DSA,sign,44,21515,9957
ML-DSA,sign,44,45408,9958
ML-DSA,sign,44,21515,9959
ML-DSA,sign,44,39401,9960
ML-DSA,sign,44,46832,9961
ML-DSA,sign,44,37929,9962
ML-DSA,sign,44,29004,9963
ML-DSA,sign,44,21517,9964
ML-DSA,sign,44,21516,9965
ML-DSA,sign,44,45399,9966
ML-DSA,sign,44,60378,9967
ML-DSA,sign,44,21511,9968
ML-DSA,sign,44,36480,9969
ML-DSA,sign,44,45394,9970
ML-DSA,sign,44,46808,9971
ML-DSA,sign,44,29003,9972
ML-DSA,sign,44,21515,9973
ML-DSA,sign,44,36476,9974
ML-DSA,sign,44,43971,9975
ML-DSA,sign,44,45394,9976
ML-DSA,sign,44,28978,9977
ML-DSA,sign,44,28981,9978
ML-DSA,sign,44,21515,9979
ML-DSA,sign,44,70677,9980
ML-DSA,sign,44,69297,9981
ML-DSA,sign,44,112509,9982
ML-DSA,sign,44,28988,9983
ML-DSA,sign,44,29001,9984
ML-DSA,sign,44,73806,9985
ML-DSA,sign,44,21511,9986
ML-DSA,sign,44,21516,9987
ML-DSA,sign,44,54326,9988
ML-DSA,sign,44,37931,9989
ML-DSA,sign,44,61805,9990
ML-DSA,sign,44,21516,9991
ML-DSA,sign,44,21512,9992
ML-DSA,sign,44,46873,9993
ML-DSA,sign,44,36458,9994
ML-DSA,sign,44,21516,9995
ML-DSA,sign,44,21516,9996
ML-DSA,sign,44,115572,9997
ML-DSA,sign,44,88587,9998
ML-DSA,sign,44,78229,9999
ML-DSA,sign,44,120000,10000
FN-DSA,sign,512,355722,1
FN-DSA,sign,512,353460,2
FN-DSA,sign,512,354854,3
FN-DSA,sign,512,353300,4
FN-DSA,sign,512,355822,5
FN-DSA,sign,512,353735,6
FN-DSA,sign,512,353746,7
FN-DSA,sign,512,354300,8
FN-DSA,sign,512,354369,9
FN-DSA,sign,512,354034,10
FN-DSA,sign,512,354450,11
FN-DSA,sign,512,355031,12
FN-DSA,sign,512,355789,13
FN-DSA,sign,512,354944,14
FN-DSA,sign,512,354817,15
FN-DSA,sign,512,356037,16
FN-DSA,sign,512,352716,17
FN-DSA,sign,512,354582,18
FN-DSA,sign,512,356033,19
FN-DSA,sign,512,353847,20
FN-DSA,sign,512,354501,21
FN-DSA,sign,512,354300,22
FN-DSA,sign,512,354373,23
FN-DSA,sign,512,353747,24
FN-DSA,sign,512,355272,25
FN-DSA,sign,512,354548,26
FN-DSA,sign,512,355000,27
FN-DSA,sign,512,354398,28
FN-DSA,sign,512,354217,29
FN-DSA,sign,512,355052,30
FN-DSA,sign,512,354241,31
FN-DSA,sign,512,355318,32
FN-DSA,sign,512,355485,33
FN-DSA,sign,512,354848,34
FN-DSA,sign,512,354798,35
FN-DSA,sign,512,354119,36
FN-DSA,sign,512,354477,37
FN-DSA,sign,512,354662,38
FN-DSA,sign,512,354387,39
FN-DSA,sign,512,355329,40
FN-DSA,sign,512,354024,41
FN-DSA,sign,512,355182,42
FN-DSA,sign,512,354836,43
FN-DSA,sign,512,354848,44
FN-DSA,sign,512,354482,45
FN-DSA,sign,512,354047,46
FN-DSA,sign,512,353515,47
FN-DSA,sign,512,352897,48
FN-DSA,sign,512,353986,49
FN-DSA,sign,512,354230,50
FN-DSA,sign,512,353619,51
FN-DSA,sign,512,354517,52
FN-DSA,sign,512,355517,53
FN-DSA,sign,512,354252,54
FN-DSA,sign,512,353984,55
FN-DSA,sign,512,353480,56
FN-DSA,sign,512,354216,57
FN-DSA,sign,512,353388,58
FN-DSA,sign,512,355345,59
FN-DSA,sign,512,354135,60
FN-DSA,sign,512,354311,61
FN-DSA,sign,512,354537,62
FN-DSA,sign,512,355048,63
FN-DSA,sign,512,354233,64
FN-DSA,sign,512,353789,65
FN-DSA,sign,512,353004,66
FN-DSA,sign,512,355084,67
FN-DSA,sign,512,355484,68
FN-DSA,sign,512,355383,69
FN-DSA,sign,512,353114,70
FN-DSA,sign,512,353852,71
FN-DSA,sign,512,354578,72
FN-DSA,sign,512,353569,73
FN-DSA,sign,512,354281,74
FN-DSA,sign,512,355668,75
FN-DSA,sign,512,353699,76
FN-DSA,sign,512,354854,77
FN-DSA,sign,512,354502,78
FN-DSA,sign,512,354909,79
FN-DSA,sign,512,353826,80
FN-DSA,sign,512,353783,81
FN-DSA,sign,512,354302,82
FN-DSA,sign,512,354782,83
FN-DSA,sign,512,354482,84
FN-DSA,sign,512,355834,85
FN-DSA,sign,512,354881,86
FN-DSA,sign,512,356323,87
FN-DSA,sign,512,354497,88
FN-DSA,sign,512,355651,89
FN-DSA,sign,512,355995,90
FN-DSA,sign,512,353554,91
FN-DSA,sign,512,355271,92
FN-DSA,sign,512,354673,93
FN-DSA,sign,512,353997,94
FN-DSA,sign,512,354436,95
FN-DSA,sign,512,353801,96
FN-DSA,sign,512,355035,97
FN-DSA,sign,512,354781,98
FN-DSA,sign,512,353097,99
FN-DSA,sign,512,355114,100
FN-DSA,sign,512,354235,101
FN-DSA,sign,512,355432,102
FN-DSA,sign,512,354869,103
FN-DSA,sign,512,354587,104
FN-DSA,sign,512,354015,105
FN-DSA,sign,512,355067,106
FN-DSA,sign,512,354616,107
FN-DSA,sign,512,355302,108
FN-DSA,sign,512,354852,109
FN-DSA,sign,512,355284,110
FN-DSA,sign,512,355119,111
FN-DSA,sign,512,354366,112
FN-DSA,sign,512,355745,113
FN-DSA,sign,512,354970,114
FN-DSA,sign,512,354613,115
FN-DSA,sign,512,354368,116
FN-DSA,sign,512,354261,117
FN-DSA,sign,512,354250,118
FN-DSA,sign,512,354684,119
FN-DSA,sign,512,355019,120
FN-DSA,sign,512,354160,121
FN-DSA,sign,512,354233,122
FN-DSA,sign,512,354791,123
FN-DSA,sign,512,355238,124
FN-DSA,sign,512,355278,125
FN-DSA,sign,512,355766,126
FN-DSA,sign,512,355131,127
FN-DSA,sign,512,353711,128
FN-DSA,sign,512,354648,129
FN-DSA,sign,512,355043,130
FN-DSA,sign,512,355668,131
FN-DSA,sign,512,353299,132
FN-DSA,sign,512,354944,133
FN-DSA,sign,512,353699,134
FN-DSA,sign,512,355919,135
FN-DSA,sign,512,356218,136
FN-DSA,sign,512,354114,137
FN-DSA,sign,512,354580,138
FN-DSA,sign,512,354379,139
FN-DSA,sign,512,354310,140
FN-DSA,sign,512,354299,141
FN-DSA,sign,512,354637,142
FN-DSA,sign,512,354868,143
FN-DSA,sign,512,354370,144
FN-DSA,sign,512,354285,145
FN-DSA,sign,512,354051,146
FN-DSA,sign,512,354870,147
FN-DSA,sign,512,353988,148
FN-DSA,sign,512,355136,149
FN-DSA,sign,512,354046,150
FN-DSA,sign,512,354600,151
FN-DSA,sign,512,354633,152
FN-DSA,sign,512,353568,153
FN-DSA,sign,512,354336,154
FN-DSA,sign,512,354110,155
FN-DSA,sign,512,354113,156
FN-DSA,sign,512,355066,157
FN-DSA,sign,512,354969,158
FN-DSA,sign,512,354297,159
FN-DSA,sign,512,357354,160
FN-DSA,sign,512,354185,161
FN-DSA,sign,512,356757,162
FN-DSA,sign,512,353851,163
FN-DSA,sign,512,354503,164
FN-DSA,sign,512,354085,165
FN-DSA,sign,512,354987,166
FN-DSA,sign,512,354945,167
FN-DSA,sign,512,354467,168
FN-DSA,sign,512,354132,169
FN-DSA,sign,512,355036,170
FN-DSA,sign,512,354664,171
FN-DSA,sign,512,354069,172
FN-DSA,sign,512,353115,173
FN-DSA,sign,512,354349,174
FN-DSA,sign,512,353513,175
FN-DSA,sign,512,354131,176
FN-DSA,sign,512,354136,177
FN-DSA,sign,512,355301,178
FN-DSA,sign,512,353717,179
FN-DSA,sign,512,354665,180
FN-DSA,sign,512,354522,181
FN-DSA,sign,512,355666,182
FN-DSA,sign,512,355171,183
FN-DSA,sign,512,355914,184
FN-DSA,sign,512,354011,185
FN-DSA,sign,512,354897,186
FN-DSA,sign,512,354316,187
FN-DSA,sign,512,354413,188
FN-DSA,sign,512,354485,189
FN-DSA,sign,512,353363,190
FN-DSA,sign,512,353123,191
FN-DSA,sign,512,353850,192
FN-DSA,sign,512,354606,193
FN-DSA,sign,512,353986,194
FN-DSA,sign,512,355340,195
FN-DSA,sign,512,354014,196
FN-DSA,sign,512,354216,197
FN-DSA,sign,512,354850,198
FN-DSA,sign,512,353149,199
FN-DSA,sign,512,355366,200
FN-DSA,sign,512,355437,201
FN-DSA,sign,512,354009,202
FN-DSA,sign,512,353806,203
FN-DSA,sign,512,353632,204
FN-DSA,sign,512,354587,205
FN-DSA,sign,512,355127,206
FN-DSA,sign,512,354782,207
FN-DSA,sign,512,354165,208
FN-DSA,sign,512,353647,209
FN-DSA,sign,512,354263,210
FN-DSA,sign,512,353833,211
FN-DSA,sign,512,354283,212
FN-DSA,sign,512,354070,213
FN-DSA,sign,512,353468,214
FN-DSA,sign,512,356049,215
FN-DSA,sign,512,355004,216
FN-DSA,sign,512,354882,217
FN-DSA,sign,512,353931,218
FN-DSA,sign,512,355412,219
FN-DSA,sign,512,353835,220
FN-DSA,sign,512,354230,221
FN-DSA,sign,512,354020,222
FN-DSA,sign,512,355795,223
FN-DSA,sign,512,354870,224
FN-DSA,sign,512,354415,225
FN-DSA,sign,512,355784,226
FN-DSA,sign,512,354687,227
FN-DSA,sign,512,354131,228
FN-DSA,sign,512,354565,229
FN-DSA,sign,512,354783,230
FN-DSA,sign,512,354920,231
FN-DSA,sign,512,353950,232
FN-DSA,sign,512,354497,233
FN-DSA,sign,512,356051,234
FN-DSA,sign,512,354670,235
FN-DSA,sign,512,353851,236
FN-DSA,sign,512,354381,237
FN-DSA,sign,512,353933,238
FN-DSA,sign,512,354815,239
FN-DSA,sign,512,354836,240
FN-DSA,sign,512,354503,241
FN-DSA,sign,512,354666,242
FN-DSA,sign,512,353629,243
FN-DSA,sign,512,354654,244
FN-DSA,sign,512,354333,245
FN-DSA,sign,512,354801,246
FN-DSA,sign,512,354367,247
FN-DSA,sign,512,354554,248
FN-DSA,sign,512,353833,249
FN-DSA,sign,512,355522,250
FN-DSA,sign,512,354333,251
FN-DSA,sign,512,354182,252
FN-DSA,sign,512,354047,253
FN-DSA,sign,512,354007,254
FN-DSA,sign,512,355493,255
FN-DSA,sign,512,355520,256
FN-DSA,sign,512,354578,257
FN-DSA,sign,512,354085,258
FN-DSA,sign,512,353934,259
FN-DSA,sign,512,354452,260
FN-DSA,sign,512,353966,261
FN-DSA,sign,512,354530,262
FN-DSA,sign,512,354269,263
FN-DSA,sign,512,354814,264
FN-DSA,sign,512,355500,265
FN-DSA,sign,512,354564,266
FN-DSA,sign,512,355382,267
FN-DSA,sign,512,354464,268
FN-DSA,sign,512,355288,269
FN-DSA,sign,512,354131,270
FN-DSA,sign,512,355420,271
FN-DSA,sign,512,355125,272
FN-DSA,sign,512,355301,273
FN-DSA,sign,512,354034,274
FN-DSA,sign,512,355065,275
FN-DSA,sign,512,353366,276
FN-DSA,sign,512,354478,277
FN-DSA,sign,512,354845,278
FN-DSA,sign,512,354074,279
FN-DSA,sign,512,353965,280
FN-DSA,sign,512,354551,281
FN-DSA,sign,512,353949,282
FN-DSA,sign,512,354396,283
FN-DSA,sign,512,354245,284
FN-DSA,sign,512,354852,285
FN-DSA,sign,512,353646,286
FN-DSA,sign,512,355597,287
FN-DSA,sign,512,354448,288
FN-DSA,sign,512,353953,289
FN-DSA,sign,512,355454,290
FN-DSA,sign,512,355349,291
FN-DSA,sign,512,354928,292
FN-DSA,sign,512,354133,293
FN-DSA,sign,512,354852,294
FN-DSA,sign,512,354287,295
FN-DSA,sign,512,355295,296
FN-DSA,sign,512,354203,297
FN-DSA,sign,512,354911,298
FN-DSA,sign,512,355235,299
FN-DSA,sign,512,354398,300
FN-DSA,sign,512,354923,301
FN-DSA,sign,512,353832,302
FN-DSA,sign,512,354630,303
FN-DSA,sign,512,354133,304
FN-DSA,sign,512,354398,305
FN-DSA,sign,512,354149,306
FN-DSA,sign,512,354451,307
FN-DSA,sign,512,353698,308
FN-DSA,sign,512,355402,309
FN-DSA,sign,512,354155,310
FN-DSA,sign,512,354464,311
FN-DSA,sign,512,354492,312
FN-DSA,sign,512,355761,313
FN-DSA,sign,512,354932,314
FN-DSA,sign,512,354201,315
FN-DSA,sign,512,355166,316
FN-DSA,sign,512,354123,317
FN-DSA,sign,512,355690,318
FN-DSA,sign,512,354453,319
FN-DSA,sign,512,354918,320
FN-DSA,sign,512,353849,321
FN-DSA,sign,512,354330,322
FN-DSA,sign,512,355066,323
FN-DSA,sign,512,355204,324
FN-DSA,sign,512,354801,325
FN-DSA,sign,512,354921,326
FN-DSA,sign,512,354480,327
FN-DSA,sign,512,354953,328
FN-DSA,sign,512,354249,329
FN-DSA,sign,512,355242,330
FN-DSA,sign,512,354365,331
FN-DSA,sign,512,353931,332
FN-DSA,sign,512,354197,333
FN-DSA,sign,512,354682,334
FN-DSA,sign,512,354585,335
FN-DSA,sign,512,354800,336
FN-DSA,sign,512,355248,337
FN-DSA,sign,512,355103,338
FN-DSA,sign,512,353763,339
FN-DSA,sign,512,355736,340
FN-DSA,sign,512,354784,341
FN-DSA,sign,512,354451,342
FN-DSA,sign,512,355142,343
FN-DSA,sign,512,356472,344
FN-DSA,sign,512,354032,345
FN-DSA,sign,512,355267,346
FN-DSA,sign,512,352765,347
FN-DSA,sign,512,355038,348
FN-DSA,sign,512,353995,349
FN-DSA,sign,512,354634,350
FN-DSA,sign,512,354309,351
FN-DSA,sign,512,354451,352
FN-DSA,sign,512,353961,353
FN-DSA,sign,512,354867,354
FN-DSA,sign,512,354767,355
FN-DSA,sign,512,354265,356
FN-DSA,sign,512,352912,357
FN-DSA,sign,512,354198,358
FN-DSA,sign,512,354485,359
FN-DSA,sign,512,354080,360
FN-DSA,sign,512,355665,361
FN-DSA,sign,512,354116,362
FN-DSA,sign,512,354572,363
FN-DSA,sign,512,354432,364
FN-DSA,sign,512,353405,365
FN-DSA,sign,512,353594,366
FN-DSA,sign,512,353971,367
FN-DSA,sign,512,355025,368
FN-DSA,sign,512,354012,369
FN-DSA,sign,512,355049,370
FN-DSA,sign,512,355371,371
FN-DSA,sign,512,354761,372
FN-DSA,sign,512,354837,373
FN-DSA,sign,512,354298,374
FN-DSA,sign,512,354600,375
FN-DSA,sign,512,355394,376
FN-DSA,sign,512,354354,377
FN-DSA,sign,512,354219,378
FN-DSA,sign,512,355669,379
FN-DSA,sign,512,354194,380
FN-DSA,sign,512,354586,381
FN-DSA,sign,512,354848,382
FN-DSA,sign,512,354818,383
FN-DSA,sign,512,353945,384
FN-DSA,sign,512,355628,385
FN-DSA,sign,512,354557,386
FN-DSA,sign,512,355635,387
FN-DSA,sign,512,354487,388
FN-DSA,sign,512,354629,389
FN-DSA,sign,512,354426,390
FN-DSA,sign,512,353396,391
FN-DSA,sign,512,353776,392
FN-DSA,sign,512,355289,393
FN-DSA,sign,512,354533,394
FN-DSA,sign,512,354998,395
FN-DSA,sign,512,354197,396
FN-DSA,sign,512,353337,397
FN-DSA,sign,512,353681,398
FN-DSA,sign,512,355039,399
FN-DSA,sign,512,354129,400
FN-DSA,sign,512,354432,401
FN-DSA,sign,512,354410,402
FN-DSA,sign,512,354122,403
FN-DSA,sign,512,354861,404
FN-DSA,sign,512,355136,405
FN-DSA,sign,512,354763,406
FN-DSA,sign,512,354598,407
FN-DSA,sign,512,354340,408
FN-DSA,sign,512,353686,409
FN-DSA,sign,512,354478,410
FN-DSA,sign,512,354156,411
FN-DSA,sign,512,354834,412
FN-DSA,sign,512,354784,413
FN-DSA,sign,512,354033,414
FN-DSA,sign,512,353784,415
FN-DSA,sign,512,354784,416
FN-DSA,sign,512,354984,417
FN-DSA,sign,512,354930,418
FN-DSA,sign,512,354539,419
FN-DSA,sign,512,352862,420
FN-DSA,sign,512,353168,421
FN-DSA,sign,512,354569,422
FN-DSA,sign,512,354046,423
FN-DSA,sign,512,354205,424
FN-DSA,sign,512,354516,425
FN-DSA,sign,512,353531,426
FN-DSA,sign,512,354636,427
FN-DSA,sign,512,353564,428
FN-DSA,sign,512,353503,429
FN-DSA,sign,512,355266,430
FN-DSA,sign,512,354429,431
FN-DSA,sign,512,353815,432
FN-DSA,sign,512,356185,433
FN-DSA,sign,512,354502,434
FN-DSA,sign,512,354483,435
FN-DSA,sign,512,354878,436
FN-DSA,sign,512,355286,437
FN-DSA,sign,512,354782,438
FN-DSA,sign,512,353433,439
FN-DSA,sign,512,354531,440
FN-DSA,sign,512,354688,441
FN-DSA,sign,512,353359,442
FN-DSA,sign,512,354490,443
FN-DSA,sign,512,355080,444
FN-DSA,sign,512,354049,445
FN-DSA,sign,512,354651,446
FN-DSA,sign,512,354150,447
FN-DSA,sign,512,354615,448
FN-DSA,sign,512,354713,449
FN-DSA,sign,512,354118,450
FN-DSA,sign,512,354515,451
FN-DSA,sign,512,355248,452
FN-DSA,sign,512,355065,453
FN-DSA,sign,512,355617,454
FN-DSA,sign,512,353957,455
FN-DSA,sign,512,354056,456
FN-DSA,sign,512,353501,457
FN-DSA,sign,512,356039,458
FN-DSA,sign,512,355162,459
FN-DSA,sign,512,354067,460
FN-DSA,sign,512,353414,461
FN-DSA,sign,512,354864,462
FN-DSA,sign,512,355229,463
FN-DSA,sign,512,353515,464
FN-DSA,sign,512,355088,465
FN-DSA,sign,512,354439,466
FN-DSA,sign,512,353416,467
FN-DSA,sign,512,355082,468
FN-DSA,sign,512,354350,469
FN-DSA,sign,512,354179,470
FN-DSA,sign,512,354912,471
FN-DSA,sign,512,354415,472
FN-DSA,sign,512,355187,473
FN-DSA,sign,512,353768,474
FN-DSA,sign,512,354356,475
FN-DSA,sign,512,355314,476
FN-DSA,sign,512,353704,477
FN-DSA,sign,512,355316,478
FN-DSA,sign,512,354864,479
FN-DSA,sign,512,354147,480
FN-DSA,sign,512,354597,481
FN-DSA,sign,512,354013,482
FN-DSA,sign,512,354934,483
FN-DSA,sign,512,354861,484
FN-DSA,sign,512,353132,485
FN-DSA,sign,512,356125,486
FN-DSA,sign,512,354864,487
FN-DSA,sign,512,352696,488
FN-DSA,sign,512,355385,489
FN-DSA,sign,512,356033,490
FN-DSA,sign,512,354800,491
FN-DSA,sign,512,354764,492
FN-DSA,sign,512,354865,493
FN-DSA,sign,512,354930,494
FN-DSA,sign,512,354405,495
FN-DSA,sign,512,354599,496
FN-DSA,sign,512,353841,497
FN-DSA,sign,512,354471,498
FN-DSA,sign,512,353805,499
FN-DSA,sign,512,355212,500
FN-DSA,sign,512,354873,501
FN-DSA,sign,512,354599,502
FN-DSA,sign,512,354239,503
FN-DSA,sign,512,354448,504
FN-DSA,sign,512,354338,505
FN-DSA,sign,512,352466,506
FN-DSA,sign,512,353929,507
FN-DSA,sign,512,354685,508
FN-DSA,sign,512,354614,509
FN-DSA,sign,512,354954,510
FN-DSA,sign,512,354371,511
FN-DSA,sign,512,353531,512
FN-DSA,sign,512,354893,513
FN-DSA,sign,512,353975,514
FN-DSA,sign,512,353682,515
FN-DSA,sign,512,354884,516
FN-DSA,sign,512,355185,517
FN-DSA,sign,512,354082,518
FN-DSA,sign,512,354053,519
FN-DSA,sign,512,354202,520
FN-DSA,sign,512,354222,521
FN-DSA,sign,512,355844,522
FN-DSA,sign,512,354604,523
FN-DSA,sign,512,355634,524
FN-DSA,sign,512,355089,525
FN-DSA,sign,512,354004,526
FN-DSA,sign,512,354117,527
FN-DSA,sign,512,355196,528
FN-DSA,sign,512,355655,529
FN-DSA,sign,512,355638,530
FN-DSA,sign,512,354515,531
FN-DSA,sign,512,355505,532
FN-DSA,sign,512,354449,533
FN-DSA,sign,512,353931,534
FN-DSA,sign,512,354596,535
FN-DSA,sign,512,355287,536
FN-DSA,sign,512,354946,537
FN-DSA,sign,512,355173,538
FN-DSA,sign,512,355097,539
FN-DSA,sign,512,354617,540
FN-DSA,sign,512,356639,541
FN-DSA,sign,512,355049,542
FN-DSA,sign,512,354293,543
FN-DSA,sign,512,354565,544
FN-DSA,sign,512,355051,545
FN-DSA,sign,512,354997,546
FN-DSA,sign,512,354820,547
FN-DSA,sign,512,354813,548
FN-DSA,sign,512,354846,549
FN-DSA,sign,512,353609,550
FN-DSA,sign,512,354516,551
FN-DSA,sign,512,354647,552
FN-DSA,sign,512,354401,553
FN-DSA,sign,512,354115,554
FN-DSA,sign,512,354920,555
FN-DSA,sign,512,354296,556
FN-DSA,sign,512,354486,557
FN-DSA,sign,512,355127,558
FN-DSA,sign,512,354517,559
FN-DSA,sign,512,354428,560
FN-DSA,sign,512,354064,561
FN-DSA,sign,512,355297,562
FN-DSA,sign,512,355371,563
FN-DSA,sign,512,354083,564
FN-DSA,sign,512,354169,565
FN-DSA,sign,512,354848,566
FN-DSA,sign,512,353151,567
FN-DSA,sign,512,354466,568
FN-DSA,sign,512,352752,569
FN-DSA,sign,512,354933,570
FN-DSA,sign,512,354867,571
FN-DSA,sign,512,354588,572
FN-DSA,sign,512,355250,573
FN-DSA,sign,512,354928,574
FN-DSA,sign,512,353631,575
FN-DSA,sign,512,355706,576
FN-DSA,sign,512,354943,577
FN-DSA,sign,512,352999,578
FN-DSA,sign,512,354153,579
FN-DSA,sign,512,355701,580
FN-DSA,sign,512,353755,581
FN-DSA,sign,512,353403,582
FN-DSA,sign,512,355004,583
FN-DSA,sign,512,354567,584
FN-DSA,sign,512,354070,585
FN-DSA,sign,512,355495,586
FN-DSA,sign,512,355120,587
FN-DSA,sign,512,354613,588
FN-DSA,sign,512,353785,589
FN-DSA,sign,512,354445,590
FN-DSA,sign,512,353819,591
FN-DSA,sign,512,355015,592
FN-DSA,sign,512,355268,593
FN-DSA,sign,512,354666,594
FN-DSA,sign,512,355484,595
FN-DSA,sign,512,353815,596
FN-DSA,sign,512,353751,597
FN-DSA,sign,512,354096,598
FN-DSA,sign,512,354086,599
FN-DSA,sign,512,354533,600
FN-DSA,sign,512,353946,601
FN-DSA,sign,512,354798,602
FN-DSA,sign,512,354922,603
FN-DSA,sign,512,354416,604
FN-DSA,sign,512,353620,605
FN-DSA,sign,512,354070,606
FN-DSA,sign,512,354365,607
FN-DSA,sign,512,353340,608
FN-DSA,sign,512,353249,609
FN-DSA,sign,512,354839,610
FN-DSA,sign,512,354080,611
FN-DSA,sign,512,354783,612
FN-DSA,sign,512,354684,613
FN-DSA,sign,512,355019,614
FN-DSA,sign,512,354760,615
FN-DSA,sign,512,354084,616
FN-DSA,sign,512,355229,617
FN-DSA,sign,512,355000,618
FN-DSA,sign,512,354175,619
FN-DSA,sign,512,354554,620
FN-DSA,sign,512,355152,621
FN-DSA,sign,512,354985,622
FN-DSA,sign,512,354315,623
FN-DSA,sign,512,354871,624
FN-DSA,sign,512,354884,625
FN-DSA,sign,512,352636,626
FN-DSA,sign,512,354113,627
FN-DSA,sign,512,354211,628
FN-DSA,sign,512,354187,629
FN-DSA,sign,512,354900,630
FN-DSA,sign,512,354454,631
FN-DSA,sign,512,354895,632
FN-DSA,sign,512,355228,633
FN-DSA,sign,512,354872,634
FN-DSA,sign,512,354936,635
FN-DSA,sign,512,355838,636
FN-DSA,sign,512,354092,637
FN-DSA,sign,512,355105,638
FN-DSA,sign,512,354011,639
FN-DSA,sign,512,355103,640
FN-DSA,sign,512,354830,641
FN-DSA,sign,512,353800,642
FN-DSA,sign,512,354367,643
FN-DSA,sign,512,353830,644
FN-DSA,sign,512,354550,645
FN-DSA,sign,512,354265,646
FN-DSA,sign,512,352935,647
FN-DSA,sign,512,353497,648
FN-DSA,sign,512,355329,649
FN-DSA,sign,512,353547,650
FN-DSA,sign,512,355021,651
FN-DSA,sign,512,353989,652
FN-DSA,sign,512,355178,653
FN-DSA,sign,512,354266,654
FN-DSA,sign,512,355264,655
FN-DSA,sign,512,354885,656
FN-DSA,sign,512,354801,657
FN-DSA,sign,512,354951,658
FN-DSA,sign,512,354368,659
FN-DSA,sign,512,356134,660
FN-DSA,sign,512,353942,661
FN-DSA,sign,512,354268,662
FN-DSA,sign,512,354562,663
FN-DSA,sign,512,353979,664
FN-DSA,sign,512,354869,665
FN-DSA,sign,512,353262,666
FN-DSA,sign,512,354995,667
FN-DSA,sign,512,355248,668
FN-DSA,sign,512,353582,669
FN-DSA,sign,512,354098,670
FN-DSA,sign,512,355217,671
FN-DSA,sign,512,355735,672
FN-DSA,sign,512,354586,673
FN-DSA,sign,512,353207,674
FN-DSA,sign,512,355853,675
FN-DSA,sign,512,354532,676
FN-DSA,sign,512,354102,677
FN-DSA,sign,512,354187,678
FN-DSA,sign,512,354177,679
FN-DSA,sign,512,354213,680
FN-DSA,sign,512,354545,681
FN-DSA,sign,512,355352,682
FN-DSA,sign,512,353761,683
FN-DSA,sign,512,354434,684
FN-DSA,sign,512,354343,685
FN-DSA,sign,512,355350,686
FN-DSA,sign,512,354914,687
FN-DSA,sign,512,353602,688
FN-DSA,sign,512,353096,689
FN-DSA,sign,512,353569,690
FN-DSA,sign,512,354517,691
FN-DSA,sign,512,353294,692
FN-DSA,sign,512,354332,693
FN-DSA,sign,512,354471,694
FN-DSA,sign,512,354282,695
FN-DSA,sign,512,354048,696
FN-DSA,sign,512,354581,697
FN-DSA,sign,512,353599,698
FN-DSA,sign,512,354162,699
FN-DSA,sign,512,354854,700
FN-DSA,sign,512,354185,701
FN-DSA,sign,512,354961,702
FN-DSA,sign,512,355238,703
FN-DSA,sign,512,354879,704
FN-DSA,sign,512,355201,705
FN-DSA,sign,512,354050,706
FN-DSA,sign,512,354465,707
FN-DSA,sign,512,355163,708
FN-DSA,sign,512,353967,709
FN-DSA,sign,512,353964,710
FN-DSA,sign,512,355269,711
FN-DSA,sign,512,354791,712
FN-DSA,sign,512,355385,713
FN-DSA,sign,512,352734,714
FN-DSA,sign,512,354802,715
FN-DSA,sign,512,354348,716
FN-DSA,sign,512,354470,717
FN-DSA,sign,512,354915,718
FN-DSA,sign,512,353284,719
FN-DSA,sign,512,354165,720
FN-DSA,sign,512,354397,721
FN-DSA,sign,512,354980,722
FN-DSA,sign,512,353470,723
FN-DSA,sign,512,353714,724
FN-DSA,sign,512,355774,725
FN-DSA,sign,512,354932,726
FN-DSA,sign,512,354921,727
FN-DSA,sign,512,355164,728
FN-DSA,sign,512,353786,729
FN-DSA,sign,512,355898,730
FN-DSA,sign,512,354387,731
FN-DSA,sign,512,354515,732
FN-DSA,sign,512,355900,733
FN-DSA,sign,512,353534,734
FN-DSA,sign,512,352901,735
FN-DSA,sign,512,355048,736
FN-DSA,sign,512,354635,737
FN-DSA,sign,512,354346,738
FN-DSA,sign,512,354404,739
FN-DSA,sign,512,354400,740
FN-DSA,sign,512,354373,741
FN-DSA,sign,512,354601,742
FN-DSA,sign,512,354855,743
FN-DSA,sign,512,354901,744
FN-DSA,sign,512,354568,745
FN-DSA,sign,512,354845,746
FN-DSA,sign,512,354587,747
FN-DSA,sign,512,353575,748
FN-DSA,sign,512,354311,749
FN-DSA,sign,512,354350,750
FN-DSA,sign,512,354583,751
FN-DSA,sign,512,354520,752
FN-DSA,sign,512,354483,753
FN-DSA,sign,512,354979,754
FN-DSA,sign,512,353500,755
FN-DSA,sign,512,354598,756
FN-DSA,sign,512,353630,757
FN-DSA,sign,512,354417,758
FN-DSA,sign,512,354400,759
FN-DSA,sign,512,354000,760
FN-DSA,sign,512,353748,761
FN-DSA,sign,512,354405,762
FN-DSA,sign,512,354768,763
FN-DSA,sign,512,354400,764
FN-DSA,sign,512,352946,765
FN-DSA,sign,512,353567,766
FN-DSA,sign,512,354269,767
FN-DSA,sign,512,354201,768
FN-DSA,sign,512,353710,769
FN-DSA,sign,512,353585,770
FN-DSA,sign,512,354954,771
FN-DSA,sign,512,355113,772
FN-DSA,sign,512,352917,773
FN-DSA,sign,512,353518,774
FN-DSA,sign,512,354133,775
FN-DSA,sign,512,353392,776
FN-DSA,sign,512,354431,777
FN-DSA,sign,512,355207,778
FN-DSA,sign,512,352786,779
FN-DSA,sign,512,355369,780
FN-DSA,sign,512,354482,781
FN-DSA,sign,512,354487,782
FN-DSA,sign,512,354217,783
FN-DSA,sign,512,356067,784
FN-DSA,sign,512,355401,785
FN-DSA,sign,512,354985,786
FN-DSA,sign,512,354855,787
FN-DSA,sign,512,354995,788
FN-DSA,sign,512,354253,789
FN-DSA,sign,512,354160,790
FN-DSA,sign,512,355836,791
FN-DSA,sign,512,354131,792
FN-DSA,sign,512,354121,793
FN-DSA,sign,512,354814,794
FN-DSA,sign,512,353929,795
FN-DSA,sign,512,355635,796
FN-DSA,sign,512,355201,797
FN-DSA,sign,512,352672,798
FN-DSA,sign,512,353979,799
FN-DSA,sign,512,354049,800
FN-DSA,sign,512,354261,801
FN-DSA,sign,512,354629,802
FN-DSA,sign,512,355049,803
FN-DSA,sign,512,354253,804
FN-DSA,sign,512,355231,805
FN-DSA,sign,512,353298,806
FN-DSA,sign,512,354163,807
FN-DSA,sign,512,354605,808
FN-DSA,sign,512,354187,809
FN-DSA,sign,512,354505,810
FN-DSA,sign,512,354165,811
FN-DSA,sign,512,355284,812
FN-DSA,sign,512,354215,813
FN-DSA,sign,512,354557,814
FN-DSA,sign,512,354415,815
FN-DSA,sign,512,353701,816
FN-DSA,sign,512,354386,817
FN-DSA,sign,512,354417,818
FN-DSA,sign,512,354882,819
FN-DSA,sign,512,354053,820
FN-DSA,sign,512,353852,821
FN-DSA,sign,512,356157,822
FN-DSA,sign,512,355984,823
FN-DSA,sign,512,355454,824
FN-DSA,sign,512,354478,825
FN-DSA,sign,512,354816,826
FN-DSA,sign,512,353469,827
FN-DSA,sign,512,355287,828
FN-DSA,sign,512,355116,829
FN-DSA,sign,512,354587,830
FN-DSA,sign,512,354597,831
FN-DSA,sign,512,354600,832
FN-DSA,sign,512,354708,833
FN-DSA,sign,512,355424,834
FN-DSA,sign,512,353014,835
FN-DSA,sign,512,355436,836
FN-DSA,sign,512,355059,837
FN-DSA,sign,512,354155,838
FN-DSA,sign,512,354867,839
FN-DSA,sign,512,355300,840
FN-DSA,sign,512,353498,841
FN-DSA,sign,512,355404,842
FN-DSA,sign,512,354077,843
FN-DSA,sign,512,354633,844
FN-DSA,sign,512,353514,845
FN-DSA,sign,512,355017,846
FN-DSA,sign,512,355153,847
FN-DSA,sign,512,353962,848
FN-DSA,sign,512,354348,849
FN-DSA,sign,512,354832,850
FN-DSA,sign,512,354677,851
FN-DSA,sign,512,353842,852
FN-DSA,sign,512,354385,853
FN-DSA,sign,512,354351,854
FN-DSA,sign,512,354287,855
FN-DSA,sign,512,354396,856
FN-DSA,sign,512,354896,857
FN-DSA,sign,512,354530,858
FN-DSA,sign,512,354887,859
FN-DSA,sign,512,354659,860
FN-DSA,sign,512,354861,861
FN-DSA,sign,512,356346,862
FN-DSA,sign,512,354859,863
FN-DSA,sign,512,356240,864
FN-DSA,sign,512,354817,865
FN-DSA,sign,512,354067,866
FN-DSA,sign,512,354282,867
FN-DSA,sign,512,354303,868
FN-DSA,sign,512,355188,869
FN-DSA,sign,512,354899,870
FN-DSA,sign,512,354448,871
FN-DSA,sign,512,355651,872
FN-DSA,sign,512,354599,873
FN-DSA,sign,512,353552,874
FN-DSA,sign,512,354395,875
FN-DSA,sign,512,353451,876
FN-DSA,sign,512,354399,877
FN-DSA,sign,512,354285,878
FN-DSA,sign,512,353784,879
FN-DSA,sign,512,354120,880
FN-DSA,sign,512,354265,881
FN-DSA,sign,512,353750,882
FN-DSA,sign,512,355276,883
FN-DSA,sign,512,353752,884
FN-DSA,sign,512,354619,885
FN-DSA,sign,512,354581,886
FN-DSA,sign,512,354516,887
FN-DSA,sign,512,354937,888
FN-DSA,sign,512,355070,889
FN-DSA,sign,512,354181,890
FN-DSA,sign,512,354651,891
FN-DSA,sign,512,353466,892
FN-DSA,sign,512,354268,893
FN-DSA,sign,512,355078,894
FN-DSA,sign,512,354789,895
FN-DSA,sign,512,354281,896
FN-DSA,sign,512,353840,897
FN-DSA,sign,512,355272,898
FN-DSA,sign,512,353854,899
FN-DSA,sign,512,354250,900
FN-DSA,sign,512,353751,901
FN-DSA,sign,512,355117,902
FN-DSA,sign,512,354054,903
FN-DSA,sign,512,354864,904
FN-DSA,sign,512,354308,905
FN-DSA,sign,512,355273,906
FN-DSA,sign,512,354217,907
FN-DSA,sign,512,354180,908
FN-DSA,sign,512,354024,909
FN-DSA,sign,512,353164,910
FN-DSA,sign,512,354149,911
FN-DSA,sign,512,354179,912
FN-DSA,sign,512,354826,913
FN-DSA,sign,512,354267,914
FN-DSA,sign,512,353445,915
FN-DSA,sign,512,355254,916
FN-DSA,sign,512,355266,917
FN-DSA,sign,512,355399,918
FN-DSA,sign,512,355404,919
FN-DSA,sign,512,355271,920
FN-DSA,sign,512,353538,921
FN-DSA,sign,512,353948,922
FN-DSA,sign,512,355138,923
FN-DSA,sign,512,355154,924
FN-DSA,sign,512,354769,925
FN-DSA,sign,512,354819,926
FN-DSA,sign,512,355086,927
FN-DSA,sign,512,353756,928
FN-DSA,sign,512,355037,929
FN-DSA,sign,512,354897,930
FN-DSA,sign,512,354452,931
FN-DSA,sign,512,354536,932
FN-DSA,sign,512,354251,933
FN-DSA,sign,512,353978,934
FN-DSA,sign,512,353966,935
FN-DSA,sign,512,355044,936
FN-DSA,sign,512,355081,937
FN-DSA,sign,512,354373,938
FN-DSA,sign,512,354415,939
FN-DSA,sign,512,354183,940
FN-DSA,sign,512,354903,941
FN-DSA,sign,512,353795,942
FN-DSA,sign,512,354617,943
FN-DSA,sign,512,354448,944
FN-DSA,sign,512,354029,945
FN-DSA,sign,512,355250,946
FN-DSA,sign,512,353815,947
FN-DSA,sign,512,355797,948
FN-DSA,sign,512,354977,949
FN-DSA,sign,512,353429,950
FN-DSA,sign,512,354115,951
FN-DSA,sign,512,355038,952
FN-DSA,sign,512,354133,953
FN-DSA,sign,512,355017,954
FN-DSA,sign,512,354330,955
FN-DSA,sign,512,353808,956
FN-DSA,sign,512,353843,957
FN-DSA,sign,512,354787,958
FN-DSA,sign,512,354415,959
FN-DSA,sign,512,356118,960
FN-DSA,sign,512,355790,961
FN-DSA,sign,512,353571,962
FN-DSA,sign,512,354894,963
FN-DSA,sign,512,353380,964
FN-DSA,sign,512,354332,965
FN-DSA,sign,512,354588,966
FN-DSA,sign,512,354232,967
FN-DSA,sign,512,354564,968
FN-DSA,sign,512,354236,969
FN-DSA,sign,512,354449,970
FN-DSA,sign,512,354922,971
FN-DSA,sign,512,354196,972
FN-DSA,sign,512,355019,973
FN-DSA,sign,512,355198,974
FN-DSA,sign,512,354119,975
FN-DSA,sign,512,354612,976
FN-DSA,sign,512,354037,977
FN-DSA,sign,512,353579,978
FN-DSA,sign,512,352868,979
FN-DSA,sign,512,354237,980
FN-DSA,sign,512,355436,981
FN-DSA,sign,512,354635,982
FN-DSA,sign,512,353833,983
FN-DSA,sign,512,355233,984
FN-DSA,sign,512,353818,985
FN-DSA,sign,512,354541,986
FN-DSA,sign,512,355230,987
FN-DSA,sign,512,355080,988
FN-DSA,sign,512,354638,989
FN-DSA,sign,512,354001,990
FN-DSA,sign,512,355324,991
FN-DSA,sign,512,354286,992
FN-DSA,sign,512,353948,993
FN-DSA,sign,512,355199,994
FN-DSA,sign,512,354936,995
FN-DSA,sign,512,354859,996
FN-DSA,sign,512,353496,997
FN-DSA,sign,512,353367,998
FN-DSA,sign,512,353267,999
FN-DSA,sign,512,354949,1000
FN-DSA,sign,512,355171,1001
FN-DSA,sign,512,355107,1002
FN-DSA,sign,512,354465,1003
FN-DSA,sign,512,353314,1004
FN-DSA,sign,512,354448,1005
FN-DSA,sign,512,354035,1006
FN-DSA,sign,512,354034,1007
FN-DSA,sign,512,355039,1008
FN-DSA,sign,512,353534,1009
FN-DSA,sign,512,354124,1010
FN-DSA,sign,512,354252,1011
FN-DSA,sign,512,355227,1012
FN-DSA,sign,512,355600,1013
FN-DSA,sign,512,354151,1014
FN-DSA,sign,512,354483,1015
FN-DSA,sign,512,354767,1016
FN-DSA,sign,512,353736,1017
FN-DSA,sign,512,354065,1018
FN-DSA,sign,512,354899,1019
FN-DSA,sign,512,354099,1020
FN-DSA,sign,512,354417,1021
FN-DSA,sign,512,354230,1022
FN-DSA,sign,512,355170,1023
FN-DSA,sign,512,354553,1024
FN-DSA,sign,512,354579,1025
FN-DSA,sign,512,353502,1026
FN-DSA,sign,512,355456,1027
FN-DSA,sign,512,355237,1028
FN-DSA,sign,512,355031,1029
FN-DSA,sign,512,354985,1030
FN-DSA,sign,512,353696,1031
FN-DSA,sign,512,354114,1032
FN-DSA,sign,512,354304,1033
FN-DSA,sign,512,354928,1034
FN-DSA,sign,512,355204,1035
FN-DSA,sign,512,354870,1036
FN-DSA,sign,512,354397,1037
FN-DSA,sign,512,354113,1038
FN-DSA,sign,512,354655,1039
FN-DSA,sign,512,354297,1040
FN-DSA,sign,512,355159,1041
FN-DSA,sign,512,354798,1042
FN-DSA,sign,512,354284,1043
FN-DSA,sign,512,354247,1044
FN-DSA,sign,512,354180,1045
FN-DSA,sign,512,353794,1046
FN-DSA,sign,512,353771,1047
FN-DSA,sign,512,355447,1048
FN-DSA,sign,512,352934,1049
FN-DSA,sign,512,354529,1050
FN-DSA,sign,512,353968,1051
FN-DSA,sign,512,353646,1052
FN-DSA,sign,512,354392,1053
FN-DSA,sign,512,354483,1054
FN-DSA,sign,512,354997,1055
FN-DSA,sign,512,354766,1056
FN-DSA,sign,512,353695,1057
FN-DSA,sign,512,355133,1058
FN-DSA,sign,512,353531,1059
FN-DSA,sign,512,355449,1060
FN-DSA,sign,512,354657,1061
FN-DSA,sign,512,354437,1062
FN-DSA,sign,512,354431,1063
FN-DSA,sign,512,354551,1064
FN-DSA,sign,512,354467,1065
FN-DSA,sign,512,353950,1066
FN-DSA,sign,512,354464,1067
FN-DSA,sign,512,355334,1068
FN-DSA,sign,512,354780,1069
FN-DSA,sign,512,354688,1070
FN-DSA,sign,512,354888,1071
FN-DSA,sign,512,353653,1072
FN-DSA,sign,512,354460,1073
FN-DSA,sign,512,354087,1074
FN-DSA,sign,512,353750,1075
FN-DSA,sign,512,355602,1076
FN-DSA,sign,512,353617,1077
FN-DSA,sign,512,354955,1078
FN-DSA,sign,512,354546,1079
FN-DSA,sign,512,353804,1080
FN-DSA,sign,512,354196,1081
FN-DSA,sign,512,355202,1082
FN-DSA,sign,512,354410,1083
FN-DSA,sign,512,352902,1084
FN-DSA,sign,512,353701,1085
FN-DSA,sign,512,353688,1086
FN-DSA,sign,512,354151,1087
FN-DSA,sign,512,355132,1088
FN-DSA,sign,512,353557,1089
FN-DSA,sign,512,354659,1090
FN-DSA,sign,512,355255,1091
FN-DSA,sign,512,354398,1092
FN-DSA,sign,512,355031,1093
FN-DSA,sign,512,354196,1094
FN-DSA,sign,512,354985,1095
FN-DSA,sign,512,353515,1096
FN-DSA,sign,512,355488,1097
FN-DSA,sign,512,354065,1098
FN-DSA,sign,512,355016,1099
FN-DSA,sign,512,354864,1100
FN-DSA,sign,512,353982,1101
FN-DSA,sign,512,354841,1102
FN-DSA,sign,512,353020,1103
FN-DSA,sign,512,354491,1104
FN-DSA,sign,512,353833,1105
FN-DSA,sign,512,355248,1106
FN-DSA,sign,512,354962,1107
FN-DSA,sign,512,354148,1108
FN-DSA,sign,512,354451,1109
FN-DSA,sign,512,355031,1110
FN-DSA,sign,512,353485,1111
FN-DSA,sign,512,355213,1112
FN-DSA,sign,512,355154,1113
FN-DSA,sign,512,354030,1114
FN-DSA,sign,512,353722,1115
FN-DSA,sign,512,353687,1116
FN-DSA,sign,512,354617,1117
FN-DSA,sign,512,354867,1118
FN-DSA,sign,512,355873,1119
FN-DSA,sign,512,354397,1120
FN-DSA,sign,512,354341,1121
FN-DSA,sign,512,354264,1122
FN-DSA,sign,512,353786,1123
FN-DSA,sign,512,353580,1124
FN-DSA,sign,512,354094,1125
FN-DSA,sign,512,354252,1126
FN-DSA,sign,512,353749,1127
FN-DSA,sign,512,355067,1128
FN-DSA,sign,512,354642,1129
FN-DSA,sign,512,355001,1130
FN-DSA,sign,512,354831,1131
FN-DSA,sign,512,354602,1132
FN-DSA,sign,512,354432,1133
FN-DSA,sign,512,354402,1134
FN-DSA,sign,512,354303,1135
FN-DSA,sign,512,354998,1136
FN-DSA,sign,512,354844,1137
FN-DSA,sign,512,353349,1138
FN-DSA,sign,512,356100,1139
FN-DSA,sign,512,354996,1140
FN-DSA,sign,512,353346,1141
FN-DSA,sign,512,355101,1142
FN-DSA,sign,512,355132,1143
FN-DSA,sign,512,354851,1144
FN-DSA,sign,512,355031,1145
FN-DSA,sign,512,354568,1146
FN-DSA,sign,512,353997,1147
FN-DSA,sign,512,355001,1148
FN-DSA,sign,512,354535,1149
FN-DSA,sign,512,353935,1150
FN-DSA,sign,512,352581,1151
FN-DSA,sign,512,354765,1152
FN-DSA,sign,512,354596,1153
FN-DSA,sign,512,354617,1154
FN-DSA,sign,512,354969,1155
FN-DSA,sign,512,355052,1156
FN-DSA,sign,512,354101,1157
FN-DSA,sign,512,353964,1158
FN-DSA,sign,512,354002,1159
FN-DSA,sign,512,355647,1160
FN-DSA,sign,512,354184,1161
FN-DSA,sign,512,355840,1162
FN-DSA,sign,512,355017,1163
FN-DSA,sign,512,354119,1164
FN-DSA,sign,512,354583,1165
FN-DSA,sign,512,354901,1166
FN-DSA,sign,512,353645,1167
FN-DSA,sign,512,354546,1168
FN-DSA,sign,512,355058,1169
FN-DSA,sign,512,354315,1170
FN-DSA,sign,512,353268,1171
FN-DSA,sign,512,354158,1172
FN-DSA,sign,512,354833,1173
FN-DSA,sign,512,353159,1174
FN-DSA,sign,512,354067,1175
FN-DSA,sign,512,353361,1176
FN-DSA,sign,512,354517,1177
FN-DSA,sign,512,354667,1178
FN-DSA,sign,512,352944,1179
FN-DSA,sign,512,353765,1180
FN-DSA,sign,512,355033,1181
FN-DSA,sign,512,354805,1182
FN-DSA,sign,512,354282,1183
FN-DSA,sign,512,353976,1184
FN-DSA,sign,512,354184,1185
FN-DSA,sign,512,354250,1186
FN-DSA,sign,512,355418,1187
FN-DSA,sign,512,355068,1188
FN-DSA,sign,512,354147,1189
FN-DSA,sign,512,354421,1190
FN-DSA,sign,512,353800,1191
FN-DSA,sign,512,354685,1192
FN-DSA,sign,512,353564,1193
FN-DSA,sign,512,355951,1194
FN-DSA,sign,512,355910,1195
FN-DSA,sign,512,354789,1196
FN-DSA,sign,512,354479,1197
FN-DSA,sign,512,354253,1198
FN-DSA,sign,512,353665,1199
FN-DSA,sign,512,354666,1200
FN-DSA,sign,512,354568,1201
FN-DSA,sign,512,355485,1202
FN-DSA,sign,512,353935,1203
FN-DSA,sign,512,355083,1204
FN-DSA,sign,512,354914,1205
FN-DSA,sign,512,354685,1206
FN-DSA,sign,512,354632,1207
FN-DSA,sign,512,354239,1208
FN-DSA,sign,512,354762,1209
FN-DSA,sign,512,354672,1210
FN-DSA,sign,512,355429,1211
FN-DSA,sign,512,354381,1212
FN-DSA,sign,512,354068,1213
FN-DSA,sign,512,353638,1214
FN-DSA,sign,512,354584,1215
FN-DSA,sign,512,354389,1216
FN-DSA,sign,512,353976,1217
FN-DSA,sign,512,355374,1218
FN-DSA,sign,512,354481,1219
FN-DSA,sign,512,353852,1220
FN-DSA,sign,512,354286,1221
FN-DSA,sign,512,353699,1222
FN-DSA,sign,512,355255,1223
FN-DSA,sign,512,355114,1224
FN-DSA,sign,512,355340,1225
FN-DSA,sign,512,354848,1226
FN-DSA,sign,512,354813,1227
FN-DSA,sign,512,354852,1228
FN-DSA,sign,512,353731,1229
FN-DSA,sign,512,354458,1230
FN-DSA,sign,512,354148,1231
FN-DSA,sign,512,354551,1232
FN-DSA,sign,512,353850,1233
FN-DSA,sign,512,354580,1234
FN-DSA,sign,512,354017,1235
FN-DSA,sign,512,355046,1236
FN-DSA,sign,512,353720,1237
FN-DSA,sign,512,353786,1238
FN-DSA,sign,512,354603,1239
FN-DSA,sign,512,354147,1240
FN-DSA,sign,512,354224,1241
FN-DSA,sign,512,354804,1242
FN-DSA,sign,512,355454,1243
FN-DSA,sign,512,354045,1244
FN-DSA,sign,512,354456,1245
FN-DSA,sign,512,353735,1246
FN-DSA,sign,512,353849,1247
FN-DSA,sign,512,353020,1248
FN-DSA,sign,512,355044,1249
FN-DSA,sign,512,355099,1250
FN-DSA,sign,512,354936,1251
FN-DSA,sign,512,353736,1252
FN-DSA,sign,512,353798,1253
FN-DSA,sign,512,354984,1254
FN-DSA,sign,512,354448,1255
FN-DSA,sign,512,354435,1256
FN-DSA,sign,512,354563,1257
FN-DSA,sign,512,353701,1258
FN-DSA,sign,512,355894,1259
FN-DSA,sign,512,355815,1260
FN-DSA,sign,512,354869,1261
FN-DSA,sign,512,353214,1262
FN-DSA,sign,512,355077,1263
FN-DSA,sign,512,353501,1264
FN-DSA,sign,512,355167,1265
FN-DSA,sign,512,355132,1266
FN-DSA,sign,512,353330,1267
FN-DSA,sign,512,353701,1268
FN-DSA,sign,512,355477,1269
FN-DSA,sign,512,353783,1270
FN-DSA,sign,512,354100,1271
FN-DSA,sign,512,354835,1272
FN-DSA,sign,512,352882,1273
FN-DSA,sign,512,355165,1274
FN-DSA,sign,512,354044,1275
FN-DSA,sign,512,355235,1276
FN-DSA,sign,512,354819,1277
FN-DSA,sign,512,354465,1278
FN-DSA,sign,512,354205,1279
FN-DSA,sign,512,353629,1280
FN-DSA,sign,512,354023,1281
FN-DSA,sign,512,354299,1282
FN-DSA,sign,512,355205,1283
FN-DSA,sign,512,354010,1284
FN-DSA,sign,512,354618,1285
FN-DSA,sign,512,354249,1286
FN-DSA,sign,512,355624,1287
FN-DSA,sign,512,354545,1288
FN-DSA,sign,512,355306,1289
FN-DSA,sign,512,353831,1290
FN-DSA,sign,512,353984,1291
FN-DSA,sign,512,354670,1292
FN-DSA,sign,512,353769,1293
FN-DSA,sign,512,354414,1294
FN-DSA,sign,512,354350,1295
FN-DSA,sign,512,354117,1296
FN-DSA,sign,512,354813,1297
FN-DSA,sign,512,354266,1298
FN-DSA,sign,512,354800,1299
FN-DSA,sign,512,354099,1300
FN-DSA,sign,512,354636,1301
FN-DSA,sign,512,354429,1302
FN-DSA,sign,512,353718,1303
FN-DSA,sign,512,354415,1304
FN-DSA,sign,512,354267,1305
FN-DSA,sign,512,354627,1306
FN-DSA,sign,512,354399,1307
FN-DSA,sign,512,354918,1308
FN-DSA,sign,512,354991,1309
FN-DSA,sign,512,354032,1310
FN-DSA,sign,512,354510,1311
FN-DSA,sign,512,353595,1312
FN-DSA,sign,512,355247,1313
FN-DSA,sign,512,354868,1314
FN-DSA,sign,512,353786,1315
FN-DSA,sign,512,355906,1316
FN-DSA,sign,512,354916,1317
FN-DSA,sign,512,355080,1318
FN-DSA,sign,512,354453,1319
FN-DSA,sign,512,354185,1320
FN-DSA,sign,512,354835,1321
FN-DSA,sign,512,355150,1322
FN-DSA,sign,512,354398,1323
FN-DSA,sign,512,353684,1324
FN-DSA,sign,512,354138,1325
FN-DSA,sign,512,354435,1326
FN-DSA,sign,512,354086,1327
FN-DSA,sign,512,354837,1328
FN-DSA,sign,512,355371,1329
FN-DSA,sign,512,354347,1330
FN-DSA,sign,512,354458,1331
FN-DSA,sign,512,354865,1332
FN-DSA,sign,512,354852,1333
FN-DSA,sign,512,353830,1334
FN-DSA,sign,512,354411,1335
FN-DSA,sign,512,355106,1336
FN-DSA,sign,512,353558,1337
FN-DSA,sign,512,354570,1338
FN-DSA,sign,512,354885,1339
FN-DSA,sign,512,354666,1340
FN-DSA,sign,512,354361,1341
FN-DSA,sign,512,354567,1342
FN-DSA,sign,512,353513,1343
FN-DSA,sign,512,354841,1344
FN-DSA,sign,512,353609,1345
FN-DSA,sign,512,355166,1346
FN-DSA,sign,512,354918,1347
FN-DSA,sign,512,354194,1348
FN-DSA,sign,512,356253,1349
FN-DSA,sign,512,354816,1350
FN-DSA,sign,512,354255,1351
FN-DSA,sign,512,354884,1352
FN-DSA,sign,512,353414,1353
FN-DSA,sign,512,354553,1354
FN-DSA,sign,512,353186,1355
FN-DSA,sign,512,354178,1356
FN-DSA,sign,512,355170,1357
FN-DSA,sign,512,354349,1358
FN-DSA,sign,512,354504,1359
FN-DSA,sign,512,354836,1360
FN-DSA,sign,512,354338,1361
FN-DSA,sign,512,354397,1362
FN-DSA,sign,512,354954,1363
FN-DSA,sign,512,354531,1364
FN-DSA,sign,512,353770,1365
FN-DSA,sign,512,353763,1366
FN-DSA,sign,512,355112,1367
FN-DSA,sign,512,354282,1368
FN-DSA,sign,512,354052,1369
FN-DSA,sign,512,353099,1370
FN-DSA,sign,512,355224,1371
FN-DSA,sign,512,353114,1372
FN-DSA,sign,512,353529,1373
FN-DSA,sign,512,354878,1374
FN-DSA,sign,512,355645,1375
FN-DSA,sign,512,354173,1376
FN-DSA,sign,512,353500,1377
FN-DSA,sign,512,355067,1378
FN-DSA,sign,512,354977,1379
FN-DSA,sign,512,353855,1380
FN-DSA,sign,512,354897,1381
FN-DSA,sign,512,353551,1382
FN-DSA,sign,512,354484,1383
FN-DSA,sign,512,354866,1384
FN-DSA,sign,512,355185,1385
FN-DSA,sign,512,353097,1386
FN-DSA,sign,512,355243,1387
FN-DSA,sign,512,354352,1388
FN-DSA,sign,512,354866,1389
FN-DSA,sign,512,355206,1390
FN-DSA,sign,512,354348,1391
FN-DSA,sign,512,354221,1392
FN-DSA,sign,512,355168,1393
FN-DSA,sign,512,353469,1394
FN-DSA,sign,512,354486,1395
FN-DSA,sign,512,353346,1396
FN-DSA,sign,512,354656,1397
FN-DSA,sign,512,354117,1398
FN-DSA,sign,512,354817,1399
FN-DSA,sign,512,354382,1400
FN-DSA,sign,512,354846,1401
FN-DSA,sign,512,354080,1402
FN-DSA,sign,512,355780,1403
FN-DSA,sign,512,354217,1404
FN-DSA,sign,512,354179,1405
FN-DSA,sign,512,355614,1406
FN-DSA,sign,512,355009,1407
FN-DSA,sign,512,354212,1408
FN-DSA,sign,512,354325,1409
FN-DSA,sign,512,354417,1410
FN-DSA,sign,512,354551,1411
FN-DSA,sign,512,354412,1412
FN-DSA,sign,512,353632,1413
FN-DSA,sign,512,354051,1414
FN-DSA,sign,512,354917,1415
FN-DSA,sign,512,353567,1416
FN-DSA,sign,512,354165,1417
FN-DSA,sign,512,355016,1418
FN-DSA,sign,512,355301,1419
FN-DSA,sign,512,354466,1420
FN-DSA,sign,512,352815,1421
FN-DSA,sign,512,353568,1422
FN-DSA,sign,512,354650,1423
FN-DSA,sign,512,353350,1424
FN-DSA,sign,512,354777,1425
FN-DSA,sign,512,355618,1426
FN-DSA,sign,512,354999,1427
FN-DSA,sign,512,354302,1428
FN-DSA,sign,512,352731,1429
FN-DSA,sign,512,354686,1430
FN-DSA,sign,512,353992,1431
FN-DSA,sign,512,355137,1432
FN-DSA,sign,512,354247,1433
FN-DSA,sign,512,356633,1434
FN-DSA,sign,512,353962,1435
FN-DSA,sign,512,353784,1436
FN-DSA,sign,512,354097,1437
FN-DSA,sign,512,355021,1438
FN-DSA,sign,512,354581,1439
FN-DSA,sign,512,354900,1440
FN-DSA,sign,512,354384,1441
FN-DSA,sign,512,355369,1442
FN-DSA,sign,512,355352,1443
FN-DSA,sign,512,354287,1444
FN-DSA,sign,512,355395,1445
FN-DSA,sign,512,354181,1446
FN-DSA,sign,512,354460,1447
FN-DSA,sign,512,354535,1448
FN-DSA,sign,512,354565,1449
FN-DSA,sign,512,354640,1450
FN-DSA,sign,512,354949,1451
FN-DSA,sign,512,354070,1452
FN-DSA,sign,512,354248,1453
FN-DSA,sign,512,354052,1454
FN-DSA,sign,512,354580,1455
FN-DSA,sign,512,354370,1456
FN-DSA,sign,512,354518,1457
FN-DSA,sign,512,354005,1458
FN-DSA,sign,512,353832,1459
FN-DSA,sign,512,355039,1460
FN-DSA,sign,512,354348,1461
FN-DSA,sign,512,354018,1462
FN-DSA,sign,512,353347,1463
FN-DSA,sign,512,354678,1464
FN-DSA,sign,512,354766,1465
FN-DSA,sign,512,354081,1466
FN-DSA,sign,512,354888,1467
FN-DSA,sign,512,354814,1468
FN-DSA,sign,512,355235,1469
FN-DSA,sign,512,354382,1470
FN-DSA,sign,512,354617,1471
FN-DSA,sign,512,354346,1472
FN-DSA,sign,512,354810,1473
FN-DSA,sign,512,353269,1474
FN-DSA,sign,512,353483,1475
FN-DSA,sign,512,355832,1476
FN-DSA,sign,512,353932,1477
FN-DSA,sign,512,353962,1478
FN-DSA,sign,512,353573,1479
FN-DSA,sign,512,354474,1480
FN-DSA,sign,512,354268,1481
FN-DSA,sign,512,354899,1482
FN-DSA,sign,512,354434,1483
FN-DSA,sign,512,354294,1484
FN-DSA,sign,512,354520,1485
FN-DSA,sign,512,355112,1486
FN-DSA,sign,512,354971,1487
FN-DSA,sign,512,355718,1488
FN-DSA,sign,512,355166,1489
FN-DSA,sign,512,354428,1490
FN-DSA,sign,512,353999,1491
FN-DSA,sign,512,353581,1492
FN-DSA,sign,512,354510,1493
FN-DSA,sign,512,355136,1494
FN-DSA,sign,512,354888,1495
FN-DSA,sign,512,354146,1496
FN-DSA,sign,512,353988,1497
FN-DSA,sign,512,354265,1498
FN-DSA,sign,512,354407,1499
FN-DSA,sign,512,355816,1500
FN-DSA,sign,512,355083,1501
FN-DSA,sign,512,354980,1502
FN-DSA,sign,512,354484,1503
FN-DSA,sign,512,355165,1504
FN-DSA,sign,512,354139,1505
FN-DSA,sign,512,354314,1506
FN-DSA,sign,512,354398,1507
FN-DSA,sign,512,353548,1508
FN-DSA,sign,512,354171,1509
FN-DSA,sign,512,354412,1510
FN-DSA,sign,512,352848,1511
FN-DSA,sign,512,354652,1512
FN-DSA,sign,512,354177,1513
FN-DSA,sign,512,354283,1514
FN-DSA,sign,512,354951,1515
FN-DSA,sign,512,355448,1516
FN-DSA,sign,512,354366,1517
FN-DSA,sign,512,354286,1518
FN-DSA,sign,512,353614,1519
FN-DSA,sign,512,356174,1520
FN-DSA,sign,512,354266,1521
FN-DSA,sign,512,354921,1522
FN-DSA,sign,512,355352,1523
FN-DSA,sign,512,354933,1524
FN-DSA,sign,512,354431,1525
FN-DSA,sign,512,354969,1526
FN-DSA,sign,512,353633,1527
FN-DSA,sign,512,355307,1528
FN-DSA,sign,512,354496,1529
FN-DSA,sign,512,355084,1530
FN-DSA,sign,512,354551,1531
FN-DSA,sign,512,354353,1532
FN-DSA,sign,512,355434,1533
FN-DSA,sign,512,353762,1534
FN-DSA,sign,512,352980,1535
FN-DSA,sign,512,354970,1536
FN-DSA,sign,512,353793,1537
FN-DSA,sign,512,354556,1538
FN-DSA,sign,512,352869,1539
FN-DSA,sign,512,354043,1540
FN-DSA,sign,512,354004,1541
FN-DSA,sign,512,354200,1542
FN-DSA,sign,512,354013,1543
FN-DSA,sign,512,353197,1544
FN-DSA,sign,512,353932,1545
FN-DSA,sign,512,353397,1546
FN-DSA,sign,512,354490,1547
FN-DSA,sign,512,354584,1548
FN-DSA,sign,512,353813,1549
FN-DSA,sign,512,354869,1550
FN-DSA,sign,512,354503,1551
FN-DSA,sign,512,354067,1552
FN-DSA,sign,512,354111,1553
FN-DSA,sign,512,354381,1554
FN-DSA,sign,512,355091,1555
FN-DSA,sign,512,354081,1556
FN-DSA,sign,512,355022,1557
FN-DSA,sign,512,354150,1558
FN-DSA,sign,512,353847,1559
FN-DSA,sign,512,354451,1560
FN-DSA,sign,512,354117,1561
FN-DSA,sign,512,354301,1562
FN-DSA,sign,512,354449,1563
FN-DSA,sign,512,353467,1564
FN-DSA,sign,512,353197,1565
FN-DSA,sign,512,355165,1566
FN-DSA,sign,512,354938,1567
FN-DSA,sign,512,355102,1568
FN-DSA,sign,512,354388,1569
FN-DSA,sign,512,353818,1570
FN-DSA,sign,512,354383,1571
FN-DSA,sign,512,353731,1572
FN-DSA,sign,512,354504,1573
FN-DSA,sign,512,354186,1574
FN-DSA,sign,512,353997,1575
FN-DSA,sign,512,353632,1576
FN-DSA,sign,512,353936,1577
FN-DSA,sign,512,353780,1578
FN-DSA,sign,512,354350,1579
FN-DSA,sign,512,353949,1580
FN-DSA,sign,512,355001,1581
FN-DSA,sign,512,354216,1582
FN-DSA,sign,512,355116,1583
FN-DSA,sign,512,354049,1584
FN-DSA,sign,512,354784,1585
FN-DSA,sign,512,354215,1586
FN-DSA,sign,512,353569,1587
FN-DSA,sign,512,354532,1588
FN-DSA,sign,512,355203,1589
FN-DSA,sign,512,356789,1590
FN-DSA,sign,512,355151,1591
FN-DSA,sign,512,353835,1592
FN-DSA,sign,512,354247,1593
FN-DSA,sign,512,352813,1594
FN-DSA,sign,512,354383,1595
FN-DSA,sign,512,354111,1596
FN-DSA,sign,512,353533,1597
FN-DSA,sign,512,354453,1598
FN-DSA,sign,512,355916,1599
FN-DSA,sign,512,354216,1600
FN-DSA,sign,512,354927,1601
FN-DSA,sign,512,353767,1602
FN-DSA,sign,512,356050,1603
FN-DSA,sign,512,355375,1604
FN-DSA,sign,512,353664,1605
FN-DSA,sign,512,354638,1606
FN-DSA,sign,512,354046,1607
FN-DSA,sign,512,353450,1608
FN-DSA,sign,512,354172,1609
FN-DSA,sign,512,355229,1610
FN-DSA,sign,512,354956,1611
FN-DSA,sign,512,354346,1612
FN-DSA,sign,512,355152,1613
FN-DSA,sign,512,355099,1614
FN-DSA,sign,512,354085,1615
FN-DSA,sign,512,354773,1616
FN-DSA,sign,512,354631,1617
FN-DSA,sign,512,352967,1618
FN-DSA,sign,512,353434,1619
FN-DSA,sign,512,353445,1620
FN-DSA,sign,512,353701,1621
FN-DSA,sign,512,354365,1622
FN-DSA,sign,512,355017,1623
FN-DSA,sign,512,354049,1624
FN-DSA,sign,512,355466,1625
FN-DSA,sign,512,354400,1626
FN-DSA,sign,512,353750,1627
FN-DSA,sign,512,354885,1628
FN-DSA,sign,512,354385,1629
FN-DSA,sign,512,355117,1630
FN-DSA,sign,512,354789,1631
FN-DSA,sign,512,354983,1632
FN-DSA,sign,512,354533,1633
FN-DSA,sign,512,354363,1634
FN-DSA,sign,512,354468,1635
FN-DSA,sign,512,354302,1636
FN-DSA,sign,512,353719,1637
FN-DSA,sign,512,354253,1638
FN-DSA,sign,512,353827,1639
FN-DSA,sign,512,355422,1640
FN-DSA,sign,512,354618,1641
FN-DSA,sign,512,353947,1642
FN-DSA,sign,512,353627,1643
FN-DSA,sign,512,353584,1644
FN-DSA,sign,512,354650,1645
FN-DSA,sign,512,354336,1646
FN-DSA,sign,512,354397,1647
FN-DSA,sign,512,355886,1648
FN-DSA,sign,512,354312,1649
FN-DSA,sign,512,354322,1650
FN-DSA,sign,512,354565,1651
FN-DSA,sign,512,354656,1652
FN-DSA,sign,512,354198,1653
FN-DSA,sign,512,355001,1654
FN-DSA,sign,512,353722,1655
FN-DSA,sign,512,354800,1656
FN-DSA,sign,512,353819,1657
FN-DSA,sign,512,354049,1658
FN-DSA,sign,512,355014,1659
FN-DSA,sign,512,352879,1660
FN-DSA,sign,512,355852,1661
FN-DSA,sign,512,355460,1662
FN-DSA,sign,512,354385,1663
FN-DSA,sign,512,354161,1664
FN-DSA,sign,512,353685,1665
FN-DSA,sign,512,354091,1666
FN-DSA,sign,512,354246,1667
FN-DSA,sign,512,354001,1668
FN-DSA,sign,512,353801,1669
FN-DSA,sign,512,354650,1670
FN-DSA,sign,512,354357,1671
FN-DSA,sign,512,354428,1672
FN-DSA,sign,512,353986,1673
FN-DSA,sign,512,355645,1674
FN-DSA,sign,512,355050,1675
FN-DSA,sign,512,354464,1676
FN-DSA,sign,512,354456,1677
FN-DSA,sign,512,353315,1678
FN-DSA,sign,512,354248,1679
FN-DSA,sign,512,353569,1680
FN-DSA,sign,512,354179,1681
FN-DSA,sign,512,354964,1682
FN-DSA,sign,512,353997,1683
FN-DSA,sign,512,353950,1684
FN-DSA,sign,512,354179,1685
FN-DSA,sign,512,353654,1686
FN-DSA,sign,512,354861,1687
FN-DSA,sign,512,354252,1688
FN-DSA,sign,512,355253,1689
FN-DSA,sign,512,353750,1690
FN-DSA,sign,512,353732,1691
FN-DSA,sign,512,355130,1692
FN-DSA,sign,512,353512,1693
FN-DSA,sign,512,354010,1694
FN-DSA,sign,512,352780,1695
FN-DSA,sign,512,354496,1696
FN-DSA,sign,512,353338,1697
FN-DSA,sign,512,355266,1698
FN-DSA,sign,512,354181,1699
FN-DSA,sign,512,354802,1700
FN-DSA,sign,512,353347,1701
FN-DSA,sign,512,354003,1702
FN-DSA,sign,512,355332,1703
FN-DSA,sign,512,354178,1704
FN-DSA,sign,512,354050,1705
FN-DSA,sign,512,353570,1706
FN-DSA,sign,512,354880,1707
FN-DSA,sign,512,355350,1708
FN-DSA,sign,512,354583,1709
FN-DSA,sign,512,354334,1710
FN-DSA,sign,512,354928,1711
FN-DSA,sign,512,354609,1712
FN-DSA,sign,512,354236,1713
FN-DSA,sign,512,354450,1714
FN-DSA,sign,512,354583,1715
FN-DSA,sign,512,355773,1716
FN-DSA,sign,512,354279,1717
FN-DSA,sign,512,354819,1718
FN-DSA,sign,512,354007,1719
FN-DSA,sign,512,354534,1720
FN-DSA,sign,512,355282,1721
FN-DSA,sign,512,354833,1722
FN-DSA,sign,512,354646,1723
FN-DSA,sign,512,355301,1724
FN-DSA,sign,512,353818,1725
FN-DSA,sign,512,354985,1726
FN-DSA,sign,512,355302,1727
FN-DSA,sign,512,353614,1728
FN-DSA,sign,512,354009,1729
FN-DSA,sign,512,354803,1730
FN-DSA,sign,512,355003,1731
FN-DSA,sign,512,353184,1732
FN-DSA,sign,512,354316,1733
FN-DSA,sign,512,354758,1734
FN-DSA,sign,512,354518,1735
FN-DSA,sign,512,355598,1736
FN-DSA,sign,512,354918,1737
FN-DSA,sign,512,352607,1738
FN-DSA,sign,512,354686,1739
FN-DSA,sign,512,353697,1740
FN-DSA,sign,512,355166,1741
FN-DSA,sign,512,354280,1742
FN-DSA,sign,512,353669,1743
FN-DSA,sign,512,354982,1744
FN-DSA,sign,512,354863,1745
FN-DSA,sign,512,354553,1746
FN-DSA,sign,512,353518,1747
FN-DSA,sign,512,355115,1748
FN-DSA,sign,512,355248,1749
FN-DSA,sign,512,354926,1750
FN-DSA,sign,512,354482,1751
FN-DSA,sign,512,355678,1752
FN-DSA,sign,512,354965,1753
FN-DSA,sign,512,354232,1754
FN-DSA,sign,512,353939,1755
FN-DSA,sign,512,354183,1756
FN-DSA,sign,512,354849,1757
FN-DSA,sign,512,354915,1758
FN-DSA,sign,512,354885,1759
FN-DSA,sign,512,353568,1760
FN-DSA,sign,512,354488,1761
FN-DSA,sign,512,355065,1762
FN-DSA,sign,512,355485,1763
FN-DSA,sign,512,355216,1764
FN-DSA,sign,512,354601,1765
FN-DSA,sign,512,354366,1766
FN-DSA,sign,512,355489,1767
FN-DSA,sign,512,353343,1768
FN-DSA,sign,512,355019,1769
FN-DSA,sign,512,354230,1770
FN-DSA,sign,512,355790,1771
FN-DSA,sign,512,354914,1772
FN-DSA,sign,512,354457,1773
FN-DSA,sign,512,354620,1774
FN-DSA,sign,512,355105,1775
FN-DSA,sign,512,354347,1776
FN-DSA,sign,512,354153,1777
FN-DSA,sign,512,355183,1778
FN-DSA,sign,512,355022,1779
FN-DSA,sign,512,354129,1780
FN-DSA,sign,512,354962,1781
FN-DSA,sign,512,354236,1782
FN-DSA,sign,512,354186,1783
FN-DSA,sign,512,354081,1784
FN-DSA,sign,512,354562,1785
FN-DSA,sign,512,354399,1786
FN-DSA,sign,512,354519,1787
FN-DSA,sign,512,353545,1788
FN-DSA,sign,512,354635,1789
FN-DSA,sign,512,354948,1790
FN-DSA,sign,512,355104,1791
FN-DSA,sign,512,353199,1792
FN-DSA,sign,512,354876,1793
FN-DSA,sign,512,354921,1794
FN-DSA,sign,512,353797,1795
FN-DSA,sign,512,353585,1796
FN-DSA,sign,512,354641,1797
FN-DSA,sign,512,354299,1798
FN-DSA,sign,512,354635,1799
FN-DSA,sign,512,354149,1800
FN-DSA,sign,512,353858,1801
FN-DSA,sign,512,355244,1802
FN-DSA,sign,512,354150,1803
FN-DSA,sign,512,355269,1804
FN-DSA,sign,512,353804,1805
FN-DSA,sign,512,353995,1806
FN-DSA,sign,512,353704,1807
FN-DSA,sign,512,354294,1808
FN-DSA,sign,512,353397,1809
FN-DSA,sign,512,355856,1810
FN-DSA,sign,512,354785,1811
FN-DSA,sign,512,354666,1812
FN-DSA,sign,512,353598,1813
FN-DSA,sign,512,354197,1814
FN-DSA,sign,512,355486,1815
FN-DSA,sign,512,354682,1816
FN-DSA,sign,512,354244,1817
FN-DSA,sign,512,353539,1818
FN-DSA,sign,512,354604,1819
FN-DSA,sign,512,354684,1820
FN-DSA,sign,512,355131,1821
FN-DSA,sign,512,355207,1822
FN-DSA,sign,512,353769,1823
FN-DSA,sign,512,354852,1824
FN-DSA,sign,512,355295,1825
FN-DSA,sign,512,354589,1826
FN-DSA,sign,512,354679,1827
FN-DSA,sign,512,354460,1828
FN-DSA,sign,512,353682,1829
FN-DSA,sign,512,354814,1830
FN-DSA,sign,512,354666,1831
FN-DSA,sign,512,354080,1832
FN-DSA,sign,512,354481,1833
FN-DSA,sign,512,354336,1834
FN-DSA,sign,512,353950,1835
FN-DSA,sign,512,355220,1836
FN-DSA,sign,512,355029,1837
FN-DSA,sign,512,355500,1838
FN-DSA,sign,512,354247,1839
FN-DSA,sign,512,354363,1840
FN-DSA,sign,512,354585,1841
FN-DSA,sign,512,355507,1842
FN-DSA,sign,512,355337,1843
FN-DSA,sign,512,354182,1844
FN-DSA,sign,512,354367,1845
FN-DSA,sign,512,353728,1846
FN-DSA,sign,512,354328,1847
FN-DSA,sign,512,353712,1848
FN-DSA,sign,512,353697,1849
FN-DSA,sign,512,353718,1850
FN-DSA,sign,512,353850,1851
FN-DSA,sign,512,354968,1852
FN-DSA,sign,512,354147,1853
FN-DSA,sign,512,355140,1854
FN-DSA,sign,512,354929,1855
FN-DSA,sign,512,353800,1856
FN-DSA,sign,512,354290,1857
FN-DSA,sign,512,353405,1858
FN-DSA,sign,512,353565,1859
FN-DSA,sign,512,354600,1860
FN-DSA,sign,512,353183,1861
FN-DSA,sign,512,355047,1862
FN-DSA,sign,512,354353,1863
FN-DSA,sign,512,353947,1864
FN-DSA,sign,512,355035,1865
FN-DSA,sign,512,353982,1866
FN-DSA,sign,512,353815,1867
FN-DSA,sign,512,353853,1868
FN-DSA,sign,512,353934,1869
FN-DSA,sign,512,353984,1870
FN-DSA,sign,512,355831,1871
FN-DSA,sign,512,354996,1872
FN-DSA,sign,512,354645,1873
FN-DSA,sign,512,354584,1874
FN-DSA,sign,512,354919,1875
FN-DSA,sign,512,353668,1876
FN-DSA,sign,512,354767,1877
FN-DSA,sign,512,353266,1878
FN-DSA,sign,512,354329,1879
FN-DSA,sign,512,354486,1880
FN-DSA,sign,512,354601,1881
FN-DSA,sign,512,354353,1882
FN-DSA,sign,512,354048,1883
FN-DSA,sign,512,353983,1884
FN-DSA,sign,512,355234,1885
FN-DSA,sign,512,355622,1886
FN-DSA,sign,512,354380,1887
FN-DSA,sign,512,354558,1888
FN-DSA,sign,512,355296,1889
FN-DSA,sign,512,353743,1890
FN-DSA,sign,512,353375,1891
FN-DSA,sign,512,354787,1892
FN-DSA,sign,512,354445,1893
FN-DSA,sign,512,354400,1894
FN-DSA,sign,512,353647,1895
FN-DSA,sign,512,355265,1896
FN-DSA,sign,512,354221,1897
FN-DSA,sign,512,353784,1898
FN-DSA,sign,512,355871,1899
FN-DSA,sign,512,354192,1900
FN-DSA,sign,512,354982,1901
FN-DSA,sign,512,354912,1902
FN-DSA,sign,512,353962,1903
FN-DSA,sign,512,354515,1904
FN-DSA,sign,512,354501,1905
FN-DSA,sign,512,354176,1906
FN-DSA,sign,512,355373,1907
FN-DSA,sign,512,353800,1908
FN-DSA,sign,512,354501,1909
FN-DSA,sign,512,354313,1910
FN-DSA,sign,512,354381,1911
FN-DSA,sign,512,353697,1912
FN-DSA,sign,512,354317,1913
FN-DSA,sign,512,353796,1914
FN-DSA,sign,512,354323,1915
FN-DSA,sign,512,354638,1916
FN-DSA,sign,512,354238,1917
FN-DSA,sign,512,353721,1918
FN-DSA,sign,512,355049,1919
FN-DSA,sign,512,353159,1920
FN-DSA,sign,512,352843,1921
FN-DSA,sign,512,354319,1922
FN-DSA,sign,512,354834,1923
FN-DSA,sign,512,354181,1924
FN-DSA,sign,512,354096,1925
FN-DSA,sign,512,354851,1926
FN-DSA,sign,512,354384,1927
FN-DSA,sign,512,354179,1928
FN-DSA,sign,512,354416,1929
FN-DSA,sign,512,355048,1930
FN-DSA,sign,512,353709,1931
FN-DSA,sign,512,353754,1932
FN-DSA,sign,512,355203,1933
FN-DSA,sign,512,355333,1934
FN-DSA,sign,512,354040,1935
FN-DSA,sign,512,354063,1936
FN-DSA,sign,512,354377,1937
FN-DSA,sign,512,354681,1938
FN-DSA,sign,512,354014,1939
FN-DSA,sign,512,355782,1940
FN-DSA,sign,512,355656,1941
FN-DSA,sign,512,354234,1942
FN-DSA,sign,512,353419,1943
FN-DSA,sign,512,354795,1944
FN-DSA,sign,512,353686,1945
FN-DSA,sign,512,355165,1946
FN-DSA,sign,512,355404,1947
FN-DSA,sign,512,355767,1948
FN-DSA,sign,512,353567,1949
FN-DSA,sign,512,353282,1950
FN-DSA,sign,512,353479,1951
FN-DSA,sign,512,354114,1952
FN-DSA,sign,512,353533,1953
FN-DSA,sign,512,354019,1954
FN-DSA,sign,512,354550,1955
FN-DSA,sign,512,354103,1956
FN-DSA,sign,512,354050,1957
FN-DSA,sign,512,354771,1958
FN-DSA,sign,512,354484,1959
FN-DSA,sign,512,354018,1960
FN-DSA,sign,512,354403,1961
FN-DSA,sign,512,354434,1962
FN-DSA,sign,512,355128,1963
FN-DSA,sign,512,355234,1964
FN-DSA,sign,512,354917,1965
FN-DSA,sign,512,354065,1966
FN-DSA,sign,512,354316,1967
FN-DSA,sign,512,354630,1968
FN-DSA,sign,512,355013,1969
FN-DSA,sign,512,354668,1970
FN-DSA,sign,512,353565,1971
FN-DSA,sign,512,352947,1972
FN-DSA,sign,512,353703,1973
FN-DSA,sign,512,354031,1974
FN-DSA,sign,512,354220,1975
FN-DSA,sign,512,353729,1976
FN-DSA,sign,512,355285,1977
FN-DSA,sign,512,355148,1978
FN-DSA,sign,512,354048,1979
FN-DSA,sign,512,355364,1980
FN-DSA,sign,512,355333,1981
FN-DSA,sign,512,353362,1982
FN-DSA,sign,512,355270,1983
FN-DSA,sign,512,353566,1984
FN-DSA,sign,512,354496,1985
FN-DSA,sign,512,355229,1986
FN-DSA,sign,512,355095,1987
FN-DSA,sign,512,353831,1988
FN-DSA,sign,512,354579,1989
FN-DSA,sign,512,353558,1990
FN-DSA,sign,512,353399,1991
FN-DSA,sign,512,354501,1992
FN-DSA,sign,512,354836,1993
FN-DSA,sign,512,354549,1994
FN-DSA,sign,512,354859,1995
FN-DSA,sign,512,353748,1996
FN-DSA,sign,512,354872,1997
FN-DSA,sign,512,356043,1998
FN-DSA,sign,512,354503,1999
FN-DSA,sign,512,355747,2000
FN-DSA,sign,512,353261,2001
FN-DSA,sign,512,354498,2002
FN-DSA,sign,512,355670,2003
FN-DSA,sign,512,353762,2004
FN-DSA,sign,512,354313,2005
FN-DSA,sign,512,353669,2006
FN-DSA,sign,512,354242,2007
FN-DSA,sign,512,354469,2008
FN-DSA,sign,512,353663,2009
FN-DSA,sign,512,354551,2010
FN-DSA,sign,512,354056,2011
FN-DSA,sign,512,355152,2012
FN-DSA,sign,512,354224,2013
FN-DSA,sign,512,355517,2014
FN-DSA,sign,512,355036,2015
FN-DSA,sign,512,354548,2016
FN-DSA,sign,512,353966,2017
FN-DSA,sign,512,354313,2018
FN-DSA,sign,512,353801,2019
FN-DSA,sign,512,354082,2020
FN-DSA,sign,512,354496,2021
FN-DSA,sign,512,355002,2022
FN-DSA,sign,512,353480,2023
FN-DSA,sign,512,354034,2024
FN-DSA,sign,512,354648,2025
FN-DSA,sign,512,354081,2026
FN-DSA,sign,512,353515,2027
FN-DSA,sign,512,352497,2028
FN-DSA,sign,512,354167,2029
FN-DSA,sign,512,354604,2030
FN-DSA,sign,512,354014,2031
FN-DSA,sign,512,353948,2032
FN-DSA,sign,512,354866,2033
FN-DSA,sign,512,354499,2034
FN-DSA,sign,512,354201,2035
FN-DSA,sign,512,355435,2036
FN-DSA,sign,512,353632,2037
FN-DSA,sign,512,353953,2038
FN-DSA,sign,512,355369,2039
FN-DSA,sign,512,353650,2040
FN-DSA,sign,512,353788,2041
FN-DSA,sign,512,355363,2042
FN-DSA,sign,512,353835,2043
FN-DSA,sign,512,354030,2044
FN-DSA,sign,512,354782,2045
FN-DSA,sign,512,355318,2046
FN-DSA,sign,512,354488,2047
FN-DSA,sign,512,354963,2048
FN-DSA,sign,512,353825,2049
FN-DSA,sign,512,354921,2050
FN-DSA,sign,512,354253,2051
FN-DSA,sign,512,354078,2052
FN-DSA,sign,512,354901,2053
FN-DSA,sign,512,354932,2054
FN-DSA,sign,512,354423,2055
FN-DSA,sign,512,355383,2056
FN-DSA,sign,512,354154,2057
FN-DSA,sign,512,354296,2058
FN-DSA,sign,512,353571,2059
FN-DSA,sign,512,354198,2060
FN-DSA,sign,512,353773,2061
FN-DSA,sign,512,353485,2062
FN-DSA,sign,512,355021,2063
FN-DSA,sign,512,353850,2064
FN-DSA,sign,512,354468,2065
FN-DSA,sign,512,353830,2066
FN-DSA,sign,512,354217,2067
FN-DSA,sign,512,354020,2068
FN-DSA,sign,512,354246,2069
FN-DSA,sign,512,354269,2070
FN-DSA,sign,512,356068,2071
FN-DSA,sign,512,354188,2072
FN-DSA,sign,512,354965,2073
FN-DSA,sign,512,353782,2074
FN-DSA,sign,512,354534,2075
FN-DSA,sign,512,354479,2076
FN-DSA,sign,512,353811,2077
FN-DSA,sign,512,355311,2078
FN-DSA,sign,512,354902,2079
FN-DSA,sign,512,354902,2080
FN-DSA,sign,512,355217,2081
FN-DSA,sign,512,354401,2082
FN-DSA,sign,512,354649,2083
FN-DSA,sign,512,354467,2084
FN-DSA,sign,512,353467,2085
FN-DSA,sign,512,353954,2086
FN-DSA,sign,512,353545,2087
FN-DSA,sign,512,354671,2088
FN-DSA,sign,512,353683,2089
FN-DSA,sign,512,354867,2090
FN-DSA,sign,512,353793,2091
FN-DSA,sign,512,354612,2092
FN-DSA,sign,512,355068,2093
FN-DSA,sign,512,355084,2094
FN-DSA,sign,512,354001,2095
FN-DSA,sign,512,354952,2096
FN-DSA,sign,512,353701,2097
FN-DSA,sign,512,354518,2098
FN-DSA,sign,512,354150,2099
FN-DSA,sign,512,354296,2100
FN-DSA,sign,512,353313,2101
FN-DSA,sign,512,353785,2102
FN-DSA,sign,512,354303,2103
FN-DSA,sign,512,354211,2104
FN-DSA,sign,512,355771,2105
FN-DSA,sign,512,355716,2106
FN-DSA,sign,512,355254,2107
FN-DSA,sign,512,354453,2108
FN-DSA,sign,512,353648,2109
FN-DSA,sign,512,354469,2110
FN-DSA,sign,512,353817,2111
FN-DSA,sign,512,354315,2112
FN-DSA,sign,512,354628,2113
FN-DSA,sign,512,354165,2114
FN-DSA,sign,512,354883,2115
FN-DSA,sign,512,353714,2116
FN-DSA,sign,512,354650,2117
FN-DSA,sign,512,354919,2118
FN-DSA,sign,512,354419,2119
FN-DSA,sign,512,355135,2120
FN-DSA,sign,512,354985,2121
FN-DSA,sign,512,354016,2122
FN-DSA,sign,512,355172,2123
FN-DSA,sign,512,354513,2124
FN-DSA,sign,512,354784,2125
FN-DSA,sign,512,354684,2126
FN-DSA,sign,512,353796,2127
FN-DSA,sign,512,353415,2128
FN-DSA,sign,512,354052,2129
FN-DSA,sign,512,355134,2130
FN-DSA,sign,512,354048,2131
FN-DSA,sign,512,355247,2132
FN-DSA,sign,512,356152,2133
FN-DSA,sign,512,353781,2134
FN-DSA,sign,512,354186,2135
FN-DSA,sign,512,354830,2136
FN-DSA,sign,512,352569,2137
FN-DSA,sign,512,353680,2138
FN-DSA,sign,512,355104,2139
FN-DSA,sign,512,354995,2140
FN-DSA,sign,512,356014,2141
FN-DSA,sign,512,355460,2142
FN-DSA,sign,512,354037,2143
FN-DSA,sign,512,353548,2144
FN-DSA,sign,512,353656,2145
FN-DSA,sign,512,354199,2146
FN-DSA,sign,512,354438,2147
FN-DSA,sign,512,354469,2148
FN-DSA,sign,512,354299,2149
FN-DSA,sign,512,354487,2150
FN-DSA,sign,512,354148,2151
FN-DSA,sign,512,354892,2152
FN-DSA,sign,512,354686,2153
FN-DSA,sign,512,354014,2154
FN-DSA,sign,512,353848,2155
FN-DSA,sign,512,353549,2156
FN-DSA,sign,512,354383,2157
FN-DSA,sign,512,353455,2158
FN-DSA,sign,512,353515,2159
FN-DSA,sign,512,355068,2160
FN-DSA,sign,512,353301,2161
FN-DSA,sign,512,354687,2162
FN-DSA,sign,512,353313,2163
FN-DSA,sign,512,354317,2164
FN-DSA,sign,512,354202,2165
FN-DSA,sign,512,354012,2166
FN-DSA,sign,512,354548,2167
FN-DSA,sign,512,353430,2168
FN-DSA,sign,512,354413,2169
FN-DSA,sign,512,354566,2170
FN-DSA,sign,512,355386,2171
FN-DSA,sign,512,353665,2172
FN-DSA,sign,512,354179,2173
FN-DSA,sign,512,355332,2174
FN-DSA,sign,512,354200,2175
FN-DSA,sign,512,353669,2176
FN-DSA,sign,512,354480,2177
FN-DSA,sign,512,353856,2178
FN-DSA,sign,512,354985,2179
FN-DSA,sign,512,354332,2180
FN-DSA,sign,512,353470,2181
FN-DSA,sign,512,354596,2182
FN-DSA,sign,512,354389,2183
FN-DSA,sign,512,354582,2184
FN-DSA,sign,512,355257,2185
FN-DSA,sign,512,354482,2186
FN-DSA,sign,512,353849,2187
FN-DSA,sign,512,354765,2188
FN-DSA,sign,512,353689,2189
FN-DSA,sign,512,353131,2190
FN-DSA,sign,512,355751,2191
FN-DSA,sign,512,354833,2192
FN-DSA,sign,512,354401,2193
FN-DSA,sign,512,354964,2194
FN-DSA,sign,512,353941,2195
FN-DSA,sign,512,353980,2196
FN-DSA,sign,512,354656,2197
FN-DSA,sign,512,354581,2198
FN-DSA,sign,512,353634,2199
FN-DSA,sign,512,355138,2200
FN-DSA,sign,512,355221,2201
FN-DSA,sign,512,353414,2202
FN-DSA,sign,512,354980,2203
FN-DSA,sign,512,353405,2204
FN-DSA,sign,512,353483,2205
FN-DSA,sign,512,354899,2206
FN-DSA,sign,512,353750,2207
FN-DSA,sign,512,354203,2208
FN-DSA,sign,512,354052,2209
FN-DSA,sign,512,354134,2210
FN-DSA,sign,512,356702,2211
FN-DSA,sign,512,355318,2212
FN-DSA,sign,512,353851,2213
FN-DSA,sign,512,354918,2214
FN-DSA,sign,512,354227,2215
FN-DSA,sign,512,353821,2216
FN-DSA,sign,512,355048,2217
FN-DSA,sign,512,354333,2218
FN-DSA,sign,512,355250,2219
FN-DSA,sign,512,354537,2220
FN-DSA,sign,512,355397,2221
FN-DSA,sign,512,353582,2222
FN-DSA,sign,512,355050,2223
FN-DSA,sign,512,354518,2224
FN-DSA,sign,512,352929,2225
FN-DSA,sign,512,353576,2226
FN-DSA,sign,512,355489,2227
FN-DSA,sign,512,355038,2228
FN-DSA,sign,512,354350,2229
FN-DSA,sign,512,354200,2230
FN-DSA,sign,512,353217,2231
FN-DSA,sign,512,356051,2232
FN-DSA,sign,512,354435,2233
FN-DSA,sign,512,354164,2234
FN-DSA,sign,512,354788,2235
FN-DSA,sign,512,354549,2236
FN-DSA,sign,512,354551,2237
FN-DSA,sign,512,353251,2238
FN-DSA,sign,512,355370,2239
FN-DSA,sign,512,354849,2240
FN-DSA,sign,512,354244,2241
FN-DSA,sign,512,355390,2242
FN-DSA,sign,512,355001,2243
FN-DSA,sign,512,353668,2244
FN-DSA,sign,512,354371,2245
FN-DSA,sign,512,352913,2246
FN-DSA,sign,512,354266,2247
FN-DSA,sign,512,355279,2248
FN-DSA,sign,512,355134,2249
FN-DSA,sign,512,353744,2250
FN-DSA,sign,512,354186,2251
FN-DSA,sign,512,353946,2252
FN-DSA,sign,512,355068,2253
FN-DSA,sign,512,353944,2254
FN-DSA,sign,512,355133,2255
FN-DSA,sign,512,354079,2256
FN-DSA,sign,512,353971,2257
FN-DSA,sign,512,354520,2258
FN-DSA,sign,512,354441,2259
FN-DSA,sign,512,353179,2260
FN-DSA,sign,512,354368,2261
FN-DSA,sign,512,353717,2262
FN-DSA,sign,512,353762,2263
FN-DSA,sign,512,354320,2264
FN-DSA,sign,512,354963,2265
FN-DSA,sign,512,355822,2266
FN-DSA,sign,512,355308,2267
FN-DSA,sign,512,354784,2268
FN-DSA,sign,512,353397,2269
FN-DSA,sign,512,355089,2270
FN-DSA,sign,512,355032,2271
FN-DSA,sign,512,353519,2272
FN-DSA,sign,512,354584,2273
FN-DSA,sign,512,354347,2274
FN-DSA,sign,512,353683,2275
FN-DSA,sign,512,354083,2276
FN-DSA,sign,512,355983,2277
FN-DSA,sign,512,354945,2278
FN-DSA,sign,512,354526,2279
FN-DSA,sign,512,354770,2280
FN-DSA,sign,512,353853,2281
FN-DSA,sign,512,354768,2282
FN-DSA,sign,512,354531,2283
FN-DSA,sign,512,354549,2284
FN-DSA,sign,512,355448,2285
FN-DSA,sign,512,354217,2286
FN-DSA,sign,512,355250,2287
FN-DSA,sign,512,355801,2288
FN-DSA,sign,512,354802,2289
FN-DSA,sign,512,354217,2290
FN-DSA,sign,512,354896,2291
FN-DSA,sign,512,354351,2292
FN-DSA,sign,512,353676,2293
FN-DSA,sign,512,354300,2294
FN-DSA,sign,512,354158,2295
FN-DSA,sign,512,355019,2296
FN-DSA,sign,512,354522,2297
FN-DSA,sign,512,354135,2298
FN-DSA,sign,512,354031,2299
FN-DSA,sign,512,353547,2300
FN-DSA,sign,512,355648,2301
FN-DSA,sign,512,354890,2302
FN-DSA,sign,512,353797,2303
FN-DSA,sign,512,355185,2304
FN-DSA,sign,512,354081,2305
FN-DSA,sign,512,354668,2306
FN-DSA,sign,512,353934,2307
FN-DSA,sign,512,354319,2308
FN-DSA,sign,512,354415,2309
FN-DSA,sign,512,354363,2310
FN-DSA,sign,512,355751,2311
FN-DSA,sign,512,354276,2312
FN-DSA,sign,512,354467,2313
FN-DSA,sign,512,355882,2314
FN-DSA,sign,512,354137,2315
FN-DSA,sign,512,354663,2316
FN-DSA,sign,512,355186,2317
FN-DSA,sign,512,354282,2318
FN-DSA,sign,512,354856,2319
FN-DSA,sign,512,354666,2320
FN-DSA,sign,512,355330,2321
FN-DSA,sign,512,355232,2322
FN-DSA,sign,512,354479,2323
FN-DSA,sign,512,354230,2324
FN-DSA,sign,512,353967,2325
FN-DSA,sign,512,354965,2326
FN-DSA,sign,512,354631,2327
FN-DSA,sign,512,354153,2328
FN-DSA,sign,512,354050,2329
FN-DSA,sign,512,354585,2330
FN-DSA,sign,512,354265,2331
FN-DSA,sign,512,354277,2332
FN-DSA,sign,512,353669,2333
FN-DSA,sign,512,354500,2334
FN-DSA,sign,512,354605,2335
FN-DSA,sign,512,354313,2336
FN-DSA,sign,512,353285,2337
FN-DSA,sign,512,354367,2338
FN-DSA,sign,512,353450,2339
FN-DSA,sign,512,354588,2340
FN-DSA,sign,512,353511,2341
FN-DSA,sign,512,353973,2342
FN-DSA,sign,512,354863,2343
FN-DSA,sign,512,354389,2344
FN-DSA,sign,512,354465,2345
FN-DSA,sign,512,354168,2346
FN-DSA,sign,512,353953,2347
FN-DSA,sign,512,354455,2348
FN-DSA,sign,512,354330,2349
FN-DSA,sign,512,354268,2350
FN-DSA,sign,512,354821,2351
FN-DSA,sign,512,354540,2352
FN-DSA,sign,512,353267,2353
FN-DSA,sign,512,354756,2354
FN-DSA,sign,512,352962,2355
FN-DSA,sign,512,355332,2356
FN-DSA,sign,512,354351,2357
FN-DSA,sign,512,353400,2358
FN-DSA,sign,512,354008,2359
FN-DSA,sign,512,354434,2360
FN-DSA,sign,512,352712,2361
FN-DSA,sign,512,352597,2362
FN-DSA,sign,512,353533,2363
FN-DSA,sign,512,355034,2364
FN-DSA,sign,512,353283,2365
FN-DSA,sign,512,354838,2366
FN-DSA,sign,512,354651,2367
FN-DSA,sign,512,354552,2368
FN-DSA,sign,512,353995,2369
FN-DSA,sign,512,353099,2370
FN-DSA,sign,512,354651,2371
FN-DSA,sign,512,354131,2372
FN-DSA,sign,512,355051,2373
FN-DSA,sign,512,354795,2374
FN-DSA,sign,512,355452,2375
FN-DSA,sign,512,355283,2376
FN-DSA,sign,512,355013,2377
FN-DSA,sign,512,353519,2378
FN-DSA,sign,512,354214,2379
FN-DSA,sign,512,354113,2380
FN-DSA,sign,512,354885,2381
FN-DSA,sign,512,353394,2382
FN-DSA,sign,512,353318,2383
FN-DSA,sign,512,354233,2384
FN-DSA,sign,512,354595,2385
FN-DSA,sign,512,354262,2386
FN-DSA,sign,512,354077,2387
FN-DSA,sign,512,354949,2388
FN-DSA,sign,512,354031,2389
FN-DSA,sign,512,355733,2390
FN-DSA,sign,512,354379,2391
FN-DSA,sign,512,353798,2392
FN-DSA,sign,512,353849,2393
FN-DSA,sign,512,354905,2394
FN-DSA,sign,512,353832,2395
FN-DSA,sign,512,352822,2396
FN-DSA,sign,512,354586,2397
FN-DSA,sign,512,353835,2398
FN-DSA,sign,512,354234,2399
FN-DSA,sign,512,354495,2400
FN-DSA,sign,512,354487,2401
FN-DSA,sign,512,353849,2402
FN-DSA,sign,512,355434,2403
FN-DSA,sign,512,354078,2404
FN-DSA,sign,512,354640,2405
FN-DSA,sign,512,354580,2406
FN-DSA,sign,512,353468,2407
FN-DSA,sign,512,354062,2408
FN-DSA,sign,512,355087,2409
FN-DSA,sign,512,353831,2410
FN-DSA,sign,512,354314,2411
FN-DSA,sign,512,354449,2412
FN-DSA,sign,512,354365,2413
FN-DSA,sign,512,353643,2414
FN-DSA,sign,512,354472,2415
FN-DSA,sign,512,355779,2416
FN-DSA,sign,512,352832,2417
FN-DSA,sign,512,354435,2418
FN-DSA,sign,512,353977,2419
FN-DSA,sign,512,354847,2420
FN-DSA,sign,512,355462,2421
FN-DSA,sign,512,354666,2422
FN-DSA,sign,512,354597,2423
FN-DSA,sign,512,354268,2424
FN-DSA,sign,512,354336,2425
FN-DSA,sign,512,354842,2426
FN-DSA,sign,512,353113,2427
FN-DSA,sign,512,353723,2428
FN-DSA,sign,512,354513,2429
FN-DSA,sign,512,354897,2430
FN-DSA,sign,512,354050,2431
FN-DSA,sign,512,354966,2432
FN-DSA,sign,512,354862,2433
FN-DSA,sign,512,354773,2434
FN-DSA,sign,512,353966,2435
FN-DSA,sign,512,354318,2436
FN-DSA,sign,512,353456,2437
FN-DSA,sign,512,354635,2438
FN-DSA,sign,512,354116,2439
FN-DSA,sign,512,355244,2440
FN-DSA,sign,512,355254,2441
FN-DSA,sign,512,354587,2442
FN-DSA,sign,512,354617,2443
FN-DSA,sign,512,355132,2444
FN-DSA,sign,512,354604,2445
FN-DSA,sign,512,355247,2446
FN-DSA,sign,512,354166,2447
FN-DSA,sign,512,354079,2448
FN-DSA,sign,512,355701,2449
FN-DSA,sign,512,354517,2450
FN-DSA,sign,512,354133,2451
FN-DSA,sign,512,353815,2452
FN-DSA,sign,512,354014,2453
FN-DSA,sign,512,354932,2454
FN-DSA,sign,512,355521,2455
FN-DSA,sign,512,353694,2456
FN-DSA,sign,512,353804,2457
FN-DSA,sign,512,353997,2458
FN-DSA,sign,512,354337,2459
FN-DSA,sign,512,354367,2460
FN-DSA,sign,512,354020,2461
FN-DSA,sign,512,354587,2462
FN-DSA,sign,512,354785,2463
FN-DSA,sign,512,355143,2464
FN-DSA,sign,512,354165,2465
FN-DSA,sign,512,354047,2466
FN-DSA,sign,512,353715,2467
FN-DSA,sign,512,354311,2468
FN-DSA,sign,512,354321,2469
FN-DSA,sign,512,355102,2470
FN-DSA,sign,512,354685,2471
FN-DSA,sign,512,354186,2472
FN-DSA,sign,512,354382,2473
FN-DSA,sign,512,353494,2474
FN-DSA,sign,512,353967,2475
FN-DSA,sign,512,354250,2476
FN-DSA,sign,512,355126,2477
FN-DSA,sign,512,353804,2478
FN-DSA,sign,512,354632,2479
FN-DSA,sign,512,354433,2480
FN-DSA,sign,512,354760,2481
FN-DSA,sign,512,354904,2482
FN-DSA,sign,512,354560,2483
FN-DSA,sign,512,354918,2484
FN-DSA,sign,512,354646,2485
FN-DSA,sign,512,354403,2486
FN-DSA,sign,512,353496,2487
FN-DSA,sign,512,354049,2488
FN-DSA,sign,512,354981,2489
FN-DSA,sign,512,354540,2490
FN-DSA,sign,512,354768,2491
FN-DSA,sign,512,354071,2492
FN-DSA,sign,512,354584,2493
FN-DSA,sign,512,355456,2494
FN-DSA,sign,512,354011,2495
FN-DSA,sign,512,355122,2496
FN-DSA,sign,512,355065,2497
FN-DSA,sign,512,353333,2498
FN-DSA,sign,512,354437,2499
FN-DSA,sign,512,354932,2500
FN-DSA,sign,512,354565,2501
FN-DSA,sign,512,354482,2502
FN-DSA,sign,512,354901,2503
FN-DSA,sign,512,354661,2504
FN-DSA,sign,512,353849,2505
FN-DSA,sign,512,354118,2506
FN-DSA,sign,512,354400,2507
FN-DSA,sign,512,354403,2508
FN-DSA,sign,512,354506,2509
FN-DSA,sign,512,353935,2510
FN-DSA,sign,512,354439,2511
FN-DSA,sign,512,354262,2512
FN-DSA,sign,512,354806,2513
FN-DSA,sign,512,354434,2514
FN-DSA,sign,512,354638,2515
FN-DSA,sign,512,354426,2516
FN-DSA,sign,512,353752,2517
FN-DSA,sign,512,353776,2518
FN-DSA,sign,512,354214,2519
FN-DSA,sign,512,354185,2520
FN-DSA,sign,512,354348,2521
FN-DSA,sign,512,353481,2522
FN-DSA,sign,512,353833,2523
FN-DSA,sign,512,354784,2524
FN-DSA,sign,512,355200,2525
FN-DSA,sign,512,353968,2526
FN-DSA,sign,512,354642,2527
FN-DSA,sign,512,355306,2528
FN-DSA,sign,512,353649,2529
FN-DSA,sign,512,355188,2530
FN-DSA,sign,512,354629,2531
FN-DSA,sign,512,355134,2532
FN-DSA,sign,512,354662,2533
FN-DSA,sign,512,354665,2534
FN-DSA,sign,512,355499,2535
FN-DSA,sign,512,354568,2536
FN-DSA,sign,512,354364,2537
FN-DSA,sign,512,353451,2538
FN-DSA,sign,512,355116,2539
FN-DSA,sign,512,354067,2540
FN-DSA,sign,512,354966,2541
FN-DSA,sign,512,354150,2542
FN-DSA,sign,512,354914,2543
FN-DSA,sign,512,353767,2544
FN-DSA,sign,512,354638,2545
FN-DSA,sign,512,353198,2546
FN-DSA,sign,512,353647,2547
FN-DSA,sign,512,354218,2548
FN-DSA,sign,512,353974,2549
FN-DSA,sign,512,354946,2550
FN-DSA,sign,512,354253,2551
FN-DSA,sign,512,353813,2552
FN-DSA,sign,512,353619,2553
FN-DSA,sign,512,355164,2554
FN-DSA,sign,512,354972,2555
FN-DSA,sign,512,354982,2556
FN-DSA,sign,512,355403,2557
FN-DSA,sign,512,353797,2558
FN-DSA,sign,512,354673,2559
FN-DSA,sign,512,355998,2560
FN-DSA,sign,512,355094,2561
FN-DSA,sign,512,354526,2562
FN-DSA,sign,512,354031,2563
FN-DSA,sign,512,354514,2564
FN-DSA,sign,512,354949,2565
FN-DSA,sign,512,354300,2566
FN-DSA,sign,512,353953,2567
FN-DSA,sign,512,353199,2568
FN-DSA,sign,512,354497,2569
FN-DSA,sign,512,354294,2570
FN-DSA,sign,512,354447,2571
FN-DSA,sign,512,354653,2572
FN-DSA,sign,512,354652,2573
FN-DSA,sign,512,354018,2574
FN-DSA,sign,512,353131,2575
FN-DSA,sign,512,354068,2576
FN-DSA,sign,512,355016,2577
FN-DSA,sign,512,354263,2578
FN-DSA,sign,512,355401,2579
FN-DSA,sign,512,354766,2580
FN-DSA,sign,512,354048,2581
FN-DSA,sign,512,354183,2582
FN-DSA,sign,512,355109,2583
FN-DSA,sign,512,354069,2584
FN-DSA,sign,512,354449,2585
FN-DSA,sign,512,354871,2586
FN-DSA,sign,512,354897,2587
FN-DSA,sign,512,354953,2588
FN-DSA,sign,512,354600,2589
FN-DSA,sign,512,354349,2590
FN-DSA,sign,512,355102,2591
FN-DSA,sign,512,354934,2592
FN-DSA,sign,512,354607,2593
FN-DSA,sign,512,353316,2594
FN-DSA,sign,512,354949,2595
FN-DSA,sign,512,355186,2596
FN-DSA,sign,512,354886,2597
FN-DSA,sign,512,354167,2598
FN-DSA,sign,512,354983,2599
FN-DSA,sign,512,354467,2600
FN-DSA,sign,512,353744,2601
FN-DSA,sign,512,354118,2602
FN-DSA,sign,512,355500,2603
FN-DSA,sign,512,355751,2604
FN-DSA,sign,512,352476,2605
FN-DSA,sign,512,355031,2606
FN-DSA,sign,512,356446,2607
FN-DSA,sign,512,354545,2608
FN-DSA,sign,512,355231,2609
FN-DSA,sign,512,353451,2610
FN-DSA,sign,512,354683,2611
FN-DSA,sign,512,354615,2612
FN-DSA,sign,512,353567,2613
FN-DSA,sign,512,355037,2614
FN-DSA,sign,512,355064,2615
FN-DSA,sign,512,354793,2616
FN-DSA,sign,512,355399,2617
FN-DSA,sign,512,354348,2618
FN-DSA,sign,512,354556,2619
FN-DSA,sign,512,355280,2620
FN-DSA,sign,512,353434,2621
FN-DSA,sign,512,354619,2622
FN-DSA,sign,512,354615,2623
FN-DSA,sign,512,355999,2624
FN-DSA,sign,512,354532,2625
FN-DSA,sign,512,354385,2626
FN-DSA,sign,512,354454,2627
FN-DSA,sign,512,355132,2628
FN-DSA,sign,512,355230,2629
FN-DSA,sign,512,354953,2630
FN-DSA,sign,512,355597,2631
FN-DSA,sign,512,352862,2632
FN-DSA,sign,512,354235,2633
FN-DSA,sign,512,354685,2634
FN-DSA,sign,512,354882,2635
FN-DSA,sign,512,354597,2636
FN-DSA,sign,512,354498,2637
FN-DSA,sign,512,354920,2638
FN-DSA,sign,512,354351,2639
FN-DSA,sign,512,353557,2640
FN-DSA,sign,512,354503,2641
FN-DSA,sign,512,354967,2642
FN-DSA,sign,512,355385,2643
FN-DSA,sign,512,355947,2644
FN-DSA,sign,512,353995,2645
FN-DSA,sign,512,354236,2646
FN-DSA,sign,512,355648,2647
FN-DSA,sign,512,354088,2648
FN-DSA,sign,512,353987,2649
FN-DSA,sign,512,354767,2650
FN-DSA,sign,512,355152,2651
FN-DSA,sign,512,354489,2652
FN-DSA,sign,512,354632,2653
FN-DSA,sign,512,354360,2654
FN-DSA,sign,512,354611,2655
FN-DSA,sign,512,355435,2656
FN-DSA,sign,512,355644,2657
FN-DSA,sign,512,354201,2658
FN-DSA,sign,512,353407,2659
FN-DSA,sign,512,353798,2660
FN-DSA,sign,512,354202,2661
FN-DSA,sign,512,354228,2662
FN-DSA,sign,512,354318,2663
FN-DSA,sign,512,354684,2664
FN-DSA,sign,512,355285,2665
FN-DSA,sign,512,355048,2666
FN-DSA,sign,512,354667,2667
FN-DSA,sign,512,354599,2668
FN-DSA,sign,512,353248,2669
FN-DSA,sign,512,355598,2670
FN-DSA,sign,512,355079,2671
FN-DSA,sign,512,354450,2672
FN-DSA,sign,512,353665,2673
FN-DSA,sign,512,354479,2674
FN-DSA,sign,512,354470,2675
FN-DSA,sign,512,355633,2676
FN-DSA,sign,512,353975,2677
FN-DSA,sign,512,354647,2678
FN-DSA,sign,512,354816,2679
FN-DSA,sign,512,354316,2680
FN-DSA,sign,512,354368,2681
FN-DSA,sign,512,354398,2682
FN-DSA,sign,512,354403,2683
FN-DSA,sign,512,354347,2684
FN-DSA,sign,512,354670,2685
FN-DSA,sign,512,354881,2686
FN-DSA,sign,512,355440,2687
FN-DSA,sign,512,355504,2688
FN-DSA,sign,512,354504,2689
FN-DSA,sign,512,354104,2690
FN-DSA,sign,512,353801,2691
FN-DSA,sign,512,354032,2692
FN-DSA,sign,512,354333,2693
FN-DSA,sign,512,354415,2694
FN-DSA,sign,512,354189,2695
FN-DSA,sign,512,354392,2696
FN-DSA,sign,512,355069,2697
FN-DSA,sign,512,354032,2698
FN-DSA,sign,512,355000,2699
FN-DSA,sign,512,354064,2700
FN-DSA,sign,512,354230,2701
FN-DSA,sign,512,354519,2702
FN-DSA,sign,512,355507,2703
FN-DSA,sign,512,354186,2704
FN-DSA,sign,512,354638,2705
FN-DSA,sign,512,353683,2706
FN-DSA,sign,512,354607,2707
FN-DSA,sign,512,354317,2708
FN-DSA,sign,512,355851,2709
FN-DSA,sign,512,354551,2710
FN-DSA,sign,512,353786,2711
FN-DSA,sign,512,354765,2712
FN-DSA,sign,512,354636,2713
FN-DSA,sign,512,353398,2714
FN-DSA,sign,512,353700,2715
FN-DSA,sign,512,355387,2716
FN-DSA,sign,512,355303,2717
FN-DSA,sign,512,354065,2718
FN-DSA,sign,512,354182,2719
FN-DSA,sign,512,354967,2720
FN-DSA,sign,512,353244,2721
FN-DSA,sign,512,354585,2722
FN-DSA,sign,512,355284,2723
FN-DSA,sign,512,354781,2724
FN-DSA,sign,512,354234,2725
FN-DSA,sign,512,355415,2726
FN-DSA,sign,512,355600,2727
FN-DSA,sign,512,355184,2728
FN-DSA,sign,512,354674,2729
FN-DSA,sign,512,354047,2730
FN-DSA,sign,512,354265,2731
FN-DSA,sign,512,354216,2732
FN-DSA,sign,512,355154,2733
FN-DSA,sign,512,355416,2734
FN-DSA,sign,512,354399,2735
FN-DSA,sign,512,353713,2736
FN-DSA,sign,512,354528,2737
FN-DSA,sign,512,353994,2738
FN-DSA,sign,512,355505,2739
FN-DSA,sign,512,354412,2740
FN-DSA,sign,512,354851,2741
FN-DSA,sign,512,354651,2742
FN-DSA,sign,512,354314,2743
FN-DSA,sign,512,354134,2744
FN-DSA,sign,512,354181,2745
FN-DSA,sign,512,354602,2746
FN-DSA,sign,512,355468,2747
FN-DSA,sign,512,353763,2748
FN-DSA,sign,512,354166,2749
FN-DSA,sign,512,355054,2750
FN-DSA,sign,512,354665,2751
FN-DSA,sign,512,354223,2752
FN-DSA,sign,512,354913,2753
FN-DSA,sign,512,354006,2754
FN-DSA,sign,512,353397,2755
FN-DSA,sign,512,355085,2756
FN-DSA,sign,512,355401,2757
FN-DSA,sign,512,354983,2758
FN-DSA,sign,512,355246,2759
FN-DSA,sign,512,355151,2760
FN-DSA,sign,512,355113,2761
FN-DSA,sign,512,355750,2762
FN-DSA,sign,512,354831,2763
FN-DSA,sign,512,354361,2764
FN-DSA,sign,512,354201,2765
FN-DSA,sign,512,354368,2766
FN-DSA,sign,512,354949,2767
FN-DSA,sign,512,354352,2768
FN-DSA,sign,512,354229,2769
FN-DSA,sign,512,354342,2770
FN-DSA,sign,512,353265,2771
FN-DSA,sign,512,354450,2772
FN-DSA,sign,512,354429,2773
FN-DSA,sign,512,355086,2774
FN-DSA,sign,512,354843,2775
FN-DSA,sign,512,353676,2776
FN-DSA,sign,512,353589,2777
FN-DSA,sign,512,353560,2778
FN-DSA,sign,512,354934,2779
FN-DSA,sign,512,354863,2780
FN-DSA,sign,512,354800,2781
FN-DSA,sign,512,353481,2782
FN-DSA,sign,512,355152,2783
FN-DSA,sign,512,355156,2784
FN-DSA,sign,512,355440,2785
FN-DSA,sign,512,354282,2786
FN-DSA,sign,512,354252,2787
FN-DSA,sign,512,354631,2788
FN-DSA,sign,512,355304,2789
FN-DSA,sign,512,353166,2790
FN-DSA,sign,512,355817,2791
FN-DSA,sign,512,354863,2792
FN-DSA,sign,512,353553,2793
FN-DSA,sign,512,354326,2794
FN-DSA,sign,512,354420,2795
FN-DSA,sign,512,354063,2796
FN-DSA,sign,512,354951,2797
FN-DSA,sign,512,355600,2798
FN-DSA,sign,512,353653,2799
FN-DSA,sign,512,355314,2800
FN-DSA,sign,512,353822,2801
FN-DSA,sign,512,354167,2802
FN-DSA,sign,512,354118,2803
FN-DSA,sign,512,355379,2804
FN-DSA,sign,512,356305,2805
FN-DSA,sign,512,355052,2806
FN-DSA,sign,512,354405,2807
FN-DSA,sign,512,354433,2808
FN-DSA,sign,512,354156,2809
FN-DSA,sign,512,354505,2810
FN-DSA,sign,512,354414,2811
FN-DSA,sign,512,354431,2812
FN-DSA,sign,512,354870,2813
FN-DSA,sign,512,354416,2814
FN-DSA,sign,512,355204,2815
FN-DSA,sign,512,353580,2816
FN-DSA,sign,512,354042,2817
FN-DSA,sign,512,353684,2818
FN-DSA,sign,512,354284,2819
FN-DSA,sign,512,354612,2820
FN-DSA,sign,512,353214,2821
FN-DSA,sign,512,354283,2822
FN-DSA,sign,512,355019,2823
FN-DSA,sign,512,353546,2824
FN-DSA,sign,512,354148,2825
FN-DSA,sign,512,354433,2826
FN-DSA,sign,512,354077,2827
FN-DSA,sign,512,355301,2828
FN-DSA,sign,512,354957,2829
FN-DSA,sign,512,354497,2830
FN-DSA,sign,512,353780,2831
FN-DSA,sign,512,355650,2832
FN-DSA,sign,512,354063,2833
FN-DSA,sign,512,354416,2834
FN-DSA,sign,512,354231,2835
FN-DSA,sign,512,354937,2836
FN-DSA,sign,512,355157,2837
FN-DSA,sign,512,352980,2838
FN-DSA,sign,512,355037,2839
FN-DSA,sign,512,354050,2840
FN-DSA,sign,512,353344,2841
FN-DSA,sign,512,354849,2842
FN-DSA,sign,512,353629,2843
FN-DSA,sign,512,353749,2844
FN-DSA,sign,512,354618,2845
FN-DSA,sign,512,355053,2846
FN-DSA,sign,512,354785,2847
FN-DSA,sign,512,354299,2848
FN-DSA,sign,512,354097,2849
FN-DSA,sign,512,353700,2850
FN-DSA,sign,512,355371,2851
FN-DSA,sign,512,354637,2852
FN-DSA,sign,512,354443,2853
FN-DSA,sign,512,354499,2854
FN-DSA,sign,512,354367,2855
FN-DSA,sign,512,355970,2856
FN-DSA,sign,512,353735,2857
FN-DSA,sign,512,354133,2858
FN-DSA,sign,512,354850,2859
FN-DSA,sign,512,354918,2860
FN-DSA,sign,512,354652,2861
FN-DSA,sign,512,354535,2862
FN-DSA,sign,512,353366,2863
FN-DSA,sign,512,354632,2864
FN-DSA,sign,512,355519,2865
FN-DSA,sign,512,355505,2866
FN-DSA,sign,512,354430,2867
FN-DSA,sign,512,355719,2868
FN-DSA,sign,512,355081,2869
FN-DSA,sign,512,353245,2870
FN-DSA,sign,512,354229,2871
FN-DSA,sign,512,354691,2872
FN-DSA,sign,512,355328,2873
FN-DSA,sign,512,353340,2874
FN-DSA,sign,512,353716,2875
FN-DSA,sign,512,353927,2876
FN-DSA,sign,512,354035,2877
FN-DSA,sign,512,354977,2878
FN-DSA,sign,512,353587,2879
FN-DSA,sign,512,353979,2880
FN-DSA,sign,512,354407,2881
FN-DSA,sign,512,354121,2882
FN-DSA,sign,512,354035,2883
FN-DSA,sign,512,354416,2884
FN-DSA,sign,512,354917,2885
FN-DSA,sign,512,354465,2886
FN-DSA,sign,512,354118,2887
FN-DSA,sign,512,354581,2888
FN-DSA,sign,512,354403,2889
FN-DSA,sign,512,353464,2890
FN-DSA,sign,512,354300,2891
FN-DSA,sign,512,353629,2892
FN-DSA,sign,512,355206,2893
FN-DSA,sign,512,354569,2894
FN-DSA,sign,512,354241,2895
FN-DSA,sign,512,354620,2896
FN-DSA,sign,512,355206,2897
FN-DSA,sign,512,355048,2898
FN-DSA,sign,512,354004,2899
FN-DSA,sign,512,353714,2900
FN-DSA,sign,512,354970,2901
FN-DSA,sign,512,353717,2902
FN-DSA,sign,512,355515,2903
FN-DSA,sign,512,354465,2904
FN-DSA,sign,512,354604,2905
FN-DSA,sign,512,354183,2906
FN-DSA,sign,512,354313,2907
FN-DSA,sign,512,354333,2908
FN-DSA,sign,512,353663,2909
FN-DSA,sign,512,354316,2910
FN-DSA,sign,512,354102,2911
FN-DSA,sign,512,354236,2912
FN-DSA,sign,512,354608,2913
FN-DSA,sign,512,353020,2914
FN-DSA,sign,512,354883,2915
FN-DSA,sign,512,354466,2916
FN-DSA,sign,512,355719,2917
FN-DSA,sign,512,355308,2918
FN-DSA,sign,512,354249,2919
FN-DSA,sign,512,355868,2920
FN-DSA,sign,512,354818,2921
FN-DSA,sign,512,354381,2922
FN-DSA,sign,512,355467,2923
FN-DSA,sign,512,354101,2924
FN-DSA,sign,512,355364,2925
FN-DSA,sign,512,354415,2926
FN-DSA,sign,512,354624,2927
FN-DSA,sign,512,353836,2928
FN-DSA,sign,512,354464,2929
FN-DSA,sign,512,355183,2930
FN-DSA,sign,512,353566,2931
FN-DSA,sign,512,354468,2932
FN-DSA,sign,512,355041,2933
FN-DSA,sign,512,355349,2934
FN-DSA,sign,512,354512,2935
FN-DSA,sign,512,353730,2936
FN-DSA,sign,512,354880,2937
FN-DSA,sign,512,354102,2938
FN-DSA,sign,512,353577,2939
FN-DSA,sign,512,354623,2940
FN-DSA,sign,512,354097,2941
FN-DSA,sign,512,354653,2942
FN-DSA,sign,512,353261,2943
FN-DSA,sign,512,353982,2944
FN-DSA,sign,512,355080,2945
FN-DSA,sign,512,355005,2946
FN-DSA,sign,512,353177,2947
FN-DSA,sign,512,354298,2948
FN-DSA,sign,512,353017,2949
FN-DSA,sign,512,354929,2950
FN-DSA,sign,512,355063,2951
FN-DSA,sign,512,354495,2952
FN-DSA,sign,512,354469,2953
FN-DSA,sign,512,354281,2954
FN-DSA,sign,512,354337,2955
FN-DSA,sign,512,355449,2956
FN-DSA,sign,512,355099,2957
FN-DSA,sign,512,355092,2958
FN-DSA,sign,512,352917,2959
FN-DSA,sign,512,354533,2960
FN-DSA,sign,512,353985,2961
FN-DSA,sign,512,353347,2962
FN-DSA,sign,512,353760,2963
FN-DSA,sign,512,355750,2964
FN-DSA,sign,512,353714,2965
FN-DSA,sign,512,354288,2966
FN-DSA,sign,512,354848,2967
FN-DSA,sign,512,354071,2968
FN-DSA,sign,512,353997,2969
FN-DSA,sign,512,354069,2970
FN-DSA,sign,512,354963,2971
FN-DSA,sign,512,355031,2972
FN-DSA,sign,512,353210,2973
FN-DSA,sign,512,355170,2974
FN-DSA,sign,512,354365,2975
FN-DSA,sign,512,354535,2976
FN-DSA,sign,512,353931,2977
FN-DSA,sign,512,353733,2978
FN-DSA,sign,512,353966,2979
FN-DSA,sign,512,354218,2980
FN-DSA,sign,512,354334,2981
FN-DSA,sign,512,355778,2982
FN-DSA,sign,512,353499,2983
FN-DSA,sign,512,353733,2984
FN-DSA,sign,512,354668,2985
FN-DSA,sign,512,354310,2986
FN-DSA,sign,512,353548,2987
FN-DSA,sign,512,353649,2988
FN-DSA,sign,512,354600,2989
FN-DSA,sign,512,353717,2990
FN-DSA,sign,512,355351,2991
FN-DSA,sign,512,354149,2992
FN-DSA,sign,512,354285,2993
FN-DSA,sign,512,354597,2994
FN-DSA,sign,512,355455,2995
FN-DSA,sign,512,354332,2996
FN-DSA,sign,512,353701,2997
FN-DSA,sign,512,353755,2998
FN-DSA,sign,512,354117,2999
FN-DSA,sign,512,354170,3000
FN-DSA,sign,512,354561,3001
FN-DSA,sign,512,353983,3002
FN-DSA,sign,512,354218,3003
FN-DSA,sign,512,355153,3004
FN-DSA,sign,512,355182,3005
FN-DSA,sign,512,354000,3006
FN-DSA,sign,512,354269,3007
FN-DSA,sign,512,354334,3008
FN-DSA,sign,512,352828,3009
FN-DSA,sign,512,354859,3010
FN-DSA,sign,512,354337,3011
FN-DSA,sign,512,355467,3012
FN-DSA,sign,512,354269,3013
FN-DSA,sign,512,354126,3014
FN-DSA,sign,512,354451,3015
FN-DSA,sign,512,353418,3016
FN-DSA,sign,512,356131,3017
FN-DSA,sign,512,353444,3018
FN-DSA,sign,512,354582,3019
FN-DSA,sign,512,354231,3020
FN-DSA,sign,512,354138,3021
FN-DSA,sign,512,353967,3022
FN-DSA,sign,512,354923,3023
FN-DSA,sign,512,354969,3024
FN-DSA,sign,512,355048,3025
FN-DSA,sign,512,353733,3026
FN-DSA,sign,512,353846,3027
FN-DSA,sign,512,353345,3028
FN-DSA,sign,512,352595,3029
FN-DSA,sign,512,354181,3030
FN-DSA,sign,512,354134,3031
FN-DSA,sign,512,354387,3032
FN-DSA,sign,512,354142,3033
FN-DSA,sign,512,354014,3034
FN-DSA,sign,512,354036,3035
FN-DSA,sign,512,353633,3036
FN-DSA,sign,512,353801,3037
FN-DSA,sign,512,355182,3038
FN-DSA,sign,512,354486,3039
FN-DSA,sign,512,355126,3040
FN-DSA,sign,512,354613,3041
FN-DSA,sign,512,353751,3042
FN-DSA,sign,512,353953,3043
FN-DSA,sign,512,354832,3044
FN-DSA,sign,512,354052,3045
FN-DSA,sign,512,355462,3046
FN-DSA,sign,512,354369,3047
FN-DSA,sign,512,353632,3048
FN-DSA,sign,512,354582,3049
FN-DSA,sign,512,354616,3050
FN-DSA,sign,512,354892,3051
FN-DSA,sign,512,355312,3052
FN-DSA,sign,512,354084,3053
FN-DSA,sign,512,354601,3054
FN-DSA,sign,512,354466,3055
FN-DSA,sign,512,354364,3056
FN-DSA,sign,512,353379,3057
FN-DSA,sign,512,354402,3058
FN-DSA,sign,512,353797,3059
FN-DSA,sign,512,353814,3060
FN-DSA,sign,512,354960,3061
FN-DSA,sign,512,355049,3062
FN-DSA,sign,512,354346,3063
FN-DSA,sign,512,354220,3064
FN-DSA,sign,512,354312,3065
FN-DSA,sign,512,354333,3066
FN-DSA,sign,512,354611,3067
FN-DSA,sign,512,355102,3068
FN-DSA,sign,512,354015,3069
FN-DSA,sign,512,353554,3070
FN-DSA,sign,512,355015,3071
FN-DSA,sign,512,354137,3072
FN-DSA,sign,512,354678,3073
FN-DSA,sign,512,354637,3074
FN-DSA,sign,512,353592,3075
FN-DSA,sign,512,353949,3076
FN-DSA,sign,512,354454,3077
FN-DSA,sign,512,354986,3078
FN-DSA,sign,512,354299,3079
FN-DSA,sign,512,353785,3080
FN-DSA,sign,512,353933,3081
FN-DSA,sign,512,354313,3082
FN-DSA,sign,512,354283,3083
FN-DSA,sign,512,355248,3084
FN-DSA,sign,512,354184,3085
FN-DSA,sign,512,353546,3086
FN-DSA,sign,512,355802,3087
FN-DSA,sign,512,354510,3088
FN-DSA,sign,512,354769,3089
FN-DSA,sign,512,353728,3090
FN-DSA,sign,512,354064,3091
FN-DSA,sign,512,354630,3092
FN-DSA,sign,512,354078,3093
FN-DSA,sign,512,354397,3094
FN-DSA,sign,512,355413,3095
FN-DSA,sign,512,354252,3096
FN-DSA,sign,512,354184,3097
FN-DSA,sign,512,353852,3098
FN-DSA,sign,512,355421,3099
FN-DSA,sign,512,354589,3100
FN-DSA,sign,512,355164,3101
FN-DSA,sign,512,354283,3102
FN-DSA,sign,512,354464,3103
FN-DSA,sign,512,354506,3104
FN-DSA,sign,512,354832,3105
FN-DSA,sign,512,353634,3106
FN-DSA,sign,512,355177,3107
FN-DSA,sign,512,355938,3108
FN-DSA,sign,512,354317,3109
FN-DSA,sign,512,354183,3110
FN-DSA,sign,512,353311,3111
FN-DSA,sign,512,354133,3112
FN-DSA,sign,512,354166,3113
FN-DSA,sign,512,354055,3114
FN-DSA,sign,512,354882,3115
FN-DSA,sign,512,355088,3116
FN-DSA,sign,512,354401,3117
FN-DSA,sign,512,354392,3118
FN-DSA,sign,512,354849,3119
FN-DSA,sign,512,355285,3120
FN-DSA,sign,512,354960,3121
FN-DSA,sign,512,354524,3122
FN-DSA,sign,512,354479,3123
FN-DSA,sign,512,353982,3124
FN-DSA,sign,512,355898,3125
FN-DSA,sign,512,353700,3126
FN-DSA,sign,512,354847,3127
FN-DSA,sign,512,353850,3128
FN-DSA,sign,512,353464,3129
FN-DSA,sign,512,353979,3130
FN-DSA,sign,512,354863,3131
FN-DSA,sign,512,355826,3132
FN-DSA,sign,512,355180,3133
FN-DSA,sign,512,354918,3134
FN-DSA,sign,512,354635,3135
FN-DSA,sign,512,354671,3136
FN-DSA,sign,512,355180,3137
FN-DSA,sign,512,353836,3138
FN-DSA,sign,512,354400,3139
FN-DSA,sign,512,354558,3140
FN-DSA,sign,512,354830,3141
FN-DSA,sign,512,354943,3142
FN-DSA,sign,512,354076,3143
FN-DSA,sign,512,353695,3144
FN-DSA,sign,512,356654,3145
FN-DSA,sign,512,354518,3146
FN-DSA,sign,512,353943,3147
FN-DSA,sign,512,355036,3148
FN-DSA,sign,512,353800,3149
FN-DSA,sign,512,354442,3150
FN-DSA,sign,512,354603,3151
FN-DSA,sign,512,354417,3152
FN-DSA,sign,512,354098,3153
FN-DSA,sign,512,354000,3154
FN-DSA,sign,512,353321,3155
FN-DSA,sign,512,355284,3156
FN-DSA,sign,512,355140,3157
FN-DSA,sign,512,353928,3158
FN-DSA,sign,512,354268,3159
FN-DSA,sign,512,354781,3160
FN-DSA,sign,512,354636,3161
FN-DSA,sign,512,353619,3162
FN-DSA,sign,512,354522,3163
FN-DSA,sign,512,353720,3164
FN-DSA,sign,512,355000,3165
FN-DSA,sign,512,355766,3166
FN-DSA,sign,512,354616,3167
FN-DSA,sign,512,353431,3168
FN-DSA,sign,512,354455,3169
FN-DSA,sign,512,355700,3170
FN-DSA,sign,512,354366,3171
FN-DSA,sign,512,354381,3172
FN-DSA,sign,512,354684,3173
FN-DSA,sign,512,355469,3174
FN-DSA,sign,512,354630,3175
FN-DSA,sign,512,354952,3176
FN-DSA,sign,512,354839,3177
FN-DSA,sign,512,354382,3178
FN-DSA,sign,512,353621,3179
FN-DSA,sign,512,354684,3180
FN-DSA,sign,512,354417,3181
FN-DSA,sign,512,354280,3182
FN-DSA,sign,512,355653,3183
FN-DSA,sign,512,354644,3184
FN-DSA,sign,512,355337,3185
FN-DSA,sign,512,354466,3186
FN-DSA,sign,512,354788,3187
FN-DSA,sign,512,354200,3188
FN-DSA,sign,512,354300,3189
FN-DSA,sign,512,354080,3190
FN-DSA,sign,512,355102,3191
FN-DSA,sign,512,355765,3192
FN-DSA,sign,512,354352,3193
FN-DSA,sign,512,355182,3194
FN-DSA,sign,512,354916,3195
FN-DSA,sign,512,353494,3196
FN-DSA,sign,512,353302,3197
FN-DSA,sign,512,354963,3198
FN-DSA,sign,512,354836,3199
FN-DSA,sign,512,354448,3200
FN-DSA,sign,512,355013,3201
FN-DSA,sign,512,354136,3202
FN-DSA,sign,512,354336,3203
FN-DSA,sign,512,354180,3204
FN-DSA,sign,512,354555,3205
FN-DSA,sign,512,354866,3206
FN-DSA,sign,512,353835,3207
FN-DSA,sign,512,353814,3208
FN-DSA,sign,512,353819,3209
FN-DSA,sign,512,353834,3210
FN-DSA,sign,512,355491,3211
FN-DSA,sign,512,354216,3212
FN-DSA,sign,512,353270,3213
FN-DSA,sign,512,356216,3214
FN-DSA,sign,512,353552,3215
FN-DSA,sign,512,354764,3216
FN-DSA,sign,512,355341,3217
FN-DSA,sign,512,354500,3218
FN-DSA,sign,512,353532,3219
FN-DSA,sign,512,354266,3220
FN-DSA,sign,512,353962,3221
FN-DSA,sign,512,354346,3222
FN-DSA,sign,512,354496,3223
FN-DSA,sign,512,352954,3224
FN-DSA,sign,512,355059,3225
FN-DSA,sign,512,353854,3226
FN-DSA,sign,512,354281,3227
FN-DSA,sign,512,354469,3228
FN-DSA,sign,512,354464,3229
FN-DSA,sign,512,353819,3230
FN-DSA,sign,512,353996,3231
FN-DSA,sign,512,354197,3232
FN-DSA,sign,512,353996,3233
FN-DSA,sign,512,353992,3234
FN-DSA,sign,512,354254,3235
FN-DSA,sign,512,354930,3236
FN-DSA,sign,512,355288,3237
FN-DSA,sign,512,354078,3238
FN-DSA,sign,512,352947,3239
FN-DSA,sign,512,353832,3240
FN-DSA,sign,512,353721,3241
FN-DSA,sign,512,355229,3242
FN-DSA,sign,512,354153,3243
FN-DSA,sign,512,355485,3244
FN-DSA,sign,512,354218,3245
FN-DSA,sign,512,354833,3246
FN-DSA,sign,512,355039,3247
FN-DSA,sign,512,355849,3248
FN-DSA,sign,512,354234,3249
FN-DSA,sign,512,354982,3250
FN-DSA,sign,512,355154,3251
FN-DSA,sign,512,353667,3252
FN-DSA,sign,512,354336,3253
FN-DSA,sign,512,354817,3254
FN-DSA,sign,512,354332,3255
FN-DSA,sign,512,354494,3256
FN-DSA,sign,512,354370,3257
FN-DSA,sign,512,355354,3258
FN-DSA,sign,512,353602,3259
FN-DSA,sign,512,353946,3260
FN-DSA,sign,512,354656,3261
FN-DSA,sign,512,353814,3262
FN-DSA,sign,512,354934,3263
FN-DSA,sign,512,353451,3264
FN-DSA,sign,512,353956,3265
FN-DSA,sign,512,354803,3266
FN-DSA,sign,512,354152,3267
FN-DSA,sign,512,354968,3268
FN-DSA,sign,512,355301,3269
FN-DSA,sign,512,355016,3270
FN-DSA,sign,512,355025,3271
FN-DSA,sign,512,355018,3272
FN-DSA,sign,512,353331,3273
FN-DSA,sign,512,354418,3274
FN-DSA,sign,512,353632,3275
FN-DSA,sign,512,354352,3276
FN-DSA,sign,512,354619,3277
FN-DSA,sign,512,353967,3278
FN-DSA,sign,512,354599,3279
FN-DSA,sign,512,355828,3280
FN-DSA,sign,512,353602,3281
FN-DSA,sign,512,353511,3282
FN-DSA,sign,512,354017,3283
FN-DSA,sign,512,353745,3284
FN-DSA,sign,512,355373,3285
FN-DSA,sign,512,354245,3286
FN-DSA,sign,512,354355,3287
FN-DSA,sign,512,353833,3288
FN-DSA,sign,512,354683,3289
FN-DSA,sign,512,354863,3290
FN-DSA,sign,512,355356,3291
FN-DSA,sign,512,353769,3292
FN-DSA,sign,512,353814,3293
FN-DSA,sign,512,354986,3294
FN-DSA,sign,512,354949,3295
FN-DSA,sign,512,354878,3296
FN-DSA,sign,512,355423,3297
FN-DSA,sign,512,353231,3298
FN-DSA,sign,512,354848,3299
FN-DSA,sign,512,354630,3300
FN-DSA,sign,512,354481,3301
FN-DSA,sign,512,354287,3302
FN-DSA,sign,512,354682,3303
FN-DSA,sign,512,355252,3304
FN-DSA,sign,512,353978,3305
FN-DSA,sign,512,354205,3306
FN-DSA,sign,512,354042,3307
FN-DSA,sign,512,355033,3308
FN-DSA,sign,512,353780,3309
FN-DSA,sign,512,355003,3310
FN-DSA,sign,512,353766,3311
FN-DSA,sign,512,354357,3312
FN-DSA,sign,512,354533,3313
FN-DSA,sign,512,354822,3314
FN-DSA,sign,512,355003,3315
FN-DSA,sign,512,354366,3316
FN-DSA,sign,512,354299,3317
FN-DSA,sign,512,353989,3318
FN-DSA,sign,512,354417,3319
FN-DSA,sign,512,353471,3320
FN-DSA,sign,512,354579,3321
FN-DSA,sign,512,354951,3322
FN-DSA,sign,512,355237,3323
FN-DSA,sign,512,354954,3324
FN-DSA,sign,512,355215,3325
FN-DSA,sign,512,354467,3326
FN-DSA,sign,512,354233,3327
FN-DSA,sign,512,354917,3328
FN-DSA,sign,512,353338,3329
FN-DSA,sign,512,353453,3330
FN-DSA,sign,512,355061,3331
FN-DSA,sign,512,354499,3332
FN-DSA,sign,512,354836,3333
FN-DSA,sign,512,355243,3334
FN-DSA,sign,512,354574,3335
FN-DSA,sign,512,353946,3336
FN-DSA,sign,512,353436,3337
FN-DSA,sign,512,354917,3338
FN-DSA,sign,512,354920,3339
FN-DSA,sign,512,353559,3340
FN-DSA,sign,512,353344,3341
FN-DSA,sign,512,355068,3342
FN-DSA,sign,512,354283,3343
FN-DSA,sign,512,354901,3344
FN-DSA,sign,512,354950,3345
FN-DSA,sign,512,354512,3346
FN-DSA,sign,512,354518,3347
FN-DSA,sign,512,354882,3348
FN-DSA,sign,512,354100,3349
FN-DSA,sign,512,354330,3350
FN-DSA,sign,512,355235,3351
FN-DSA,sign,512,353813,3352
FN-DSA,sign,512,353797,3353
FN-DSA,sign,512,354504,3354
FN-DSA,sign,512,355136,3355
FN-DSA,sign,512,354620,3356
FN-DSA,sign,512,354528,3357
FN-DSA,sign,512,353754,3358
FN-DSA,sign,512,354048,3359
FN-DSA,sign,512,355150,3360
FN-DSA,sign,512,354563,3361
FN-DSA,sign,512,353680,3362
FN-DSA,sign,512,354779,3363
FN-DSA,sign,512,355605,3364
FN-DSA,sign,512,355502,3365
FN-DSA,sign,512,355254,3366
FN-DSA,sign,512,353680,3367
FN-DSA,sign,512,354218,3368
FN-DSA,sign,512,354469,3369
FN-DSA,sign,512,352950,3370
FN-DSA,sign,512,352914,3371
FN-DSA,sign,512,354516,3372
FN-DSA,sign,512,353318,3373
FN-DSA,sign,512,354652,3374
FN-DSA,sign,512,354355,3375
FN-DSA,sign,512,354782,3376
FN-DSA,sign,512,354135,3377
FN-DSA,sign,512,353450,3378
FN-DSA,sign,512,354883,3379
FN-DSA,sign,512,354150,3380
FN-DSA,sign,512,354434,3381
FN-DSA,sign,512,354396,3382
FN-DSA,sign,512,354486,3383
FN-DSA,sign,512,352864,3384
FN-DSA,sign,512,355138,3385
FN-DSA,sign,512,355219,3386
FN-DSA,sign,512,354289,3387
FN-DSA,sign,512,355072,3388
FN-DSA,sign,512,353851,3389
FN-DSA,sign,512,353503,3390
FN-DSA,sign,512,355936,3391
FN-DSA,sign,512,353451,3392
FN-DSA,sign,512,354328,3393
FN-DSA,sign,512,355083,3394
FN-DSA,sign,512,355329,3395
FN-DSA,sign,512,353216,3396
FN-DSA,sign,512,355788,3397
FN-DSA,sign,512,353701,3398
FN-DSA,sign,512,354132,3399
FN-DSA,sign,512,354588,3400
FN-DSA,sign,512,354567,3401
FN-DSA,sign,512,355653,3402
FN-DSA,sign,512,355386,3403
FN-DSA,sign,512,354355,3404
FN-DSA,sign,512,354100,3405
FN-DSA,sign,512,355103,3406
FN-DSA,sign,512,354468,3407
FN-DSA,sign,512,354415,3408
FN-DSA,sign,512,353803,3409
FN-DSA,sign,512,354912,3410
FN-DSA,sign,512,353563,3411
FN-DSA,sign,512,354417,3412
FN-DSA,sign,512,354685,3413
FN-DSA,sign,512,353695,3414
FN-DSA,sign,512,354535,3415
FN-DSA,sign,512,354365,3416
FN-DSA,sign,512,354383,3417
FN-DSA,sign,512,354349,3418
FN-DSA,sign,512,354954,3419
FN-DSA,sign,512,354045,3420
FN-DSA,sign,512,354445,3421
FN-DSA,sign,512,353195,3422
FN-DSA,sign,512,352701,3423
FN-DSA,sign,512,353484,3424
FN-DSA,sign,512,355299,3425
FN-DSA,sign,512,354639,3426
FN-DSA,sign,512,354214,3427
FN-DSA,sign,512,354001,3428
FN-DSA,sign,512,353978,3429
FN-DSA,sign,512,354370,3430
FN-DSA,sign,512,353432,3431
FN-DSA,sign,512,354347,3432
FN-DSA,sign,512,354817,3433
FN-DSA,sign,512,354133,3434
FN-DSA,sign,512,354954,3435
FN-DSA,sign,512,353712,3436
FN-DSA,sign,512,354200,3437
FN-DSA,sign,512,354110,3438
FN-DSA,sign,512,354237,3439
FN-DSA,sign,512,354861,3440
FN-DSA,sign,512,353152,3441
FN-DSA,sign,512,354768,3442
FN-DSA,sign,512,354279,3443
FN-DSA,sign,512,354284,3444
FN-DSA,sign,512,354784,3445
FN-DSA,sign,512,354879,3446
FN-DSA,sign,512,355474,3447
FN-DSA,sign,512,353632,3448
FN-DSA,sign,512,354921,3449
FN-DSA,sign,512,354349,3450
FN-DSA,sign,512,353971,3451
FN-DSA,sign,512,354198,3452
FN-DSA,sign,512,354565,3453
FN-DSA,sign,512,353616,3454
FN-DSA,sign,512,354884,3455
FN-DSA,sign,512,354637,3456
FN-DSA,sign,512,354476,3457
FN-DSA,sign,512,355108,3458
FN-DSA,sign,512,353614,3459
FN-DSA,sign,512,353964,3460
FN-DSA,sign,512,353416,3461
FN-DSA,sign,512,354534,3462
FN-DSA,sign,512,355061,3463
FN-DSA,sign,512,354262,3464
FN-DSA,sign,512,354451,3465
FN-DSA,sign,512,354165,3466
FN-DSA,sign,512,355752,3467
FN-DSA,sign,512,356451,3468
FN-DSA,sign,512,354520,3469
FN-DSA,sign,512,353680,3470
FN-DSA,sign,512,355065,3471
FN-DSA,sign,512,354619,3472
FN-DSA,sign,512,353983,3473
FN-DSA,sign,512,353562,3474
FN-DSA,sign,512,354053,3475
FN-DSA,sign,512,354186,3476
FN-DSA,sign,512,355033,3477
FN-DSA,sign,512,354380,3478
FN-DSA,sign,512,354064,3479
FN-DSA,sign,512,353839,3480
FN-DSA,sign,512,355263,3481
FN-DSA,sign,512,354883,3482
FN-DSA,sign,512,353366,3483
FN-DSA,sign,512,354159,3484
FN-DSA,sign,512,353716,3485
FN-DSA,sign,512,354881,3486
FN-DSA,sign,512,353800,3487
FN-DSA,sign,512,354260,3488
FN-DSA,sign,512,354846,3489
FN-DSA,sign,512,354881,3490
FN-DSA,sign,512,354848,3491
FN-DSA,sign,512,354200,3492
FN-DSA,sign,512,354200,3493
FN-DSA,sign,512,354264,3494
FN-DSA,sign,512,353715,3495
FN-DSA,sign,512,353352,3496
FN-DSA,sign,512,353096,3497
FN-DSA,sign,512,354468,3498
FN-DSA,sign,512,353750,3499
FN-DSA,sign,512,353313,3500
FN-DSA,sign,512,354034,3501
FN-DSA,sign,512,353468,3502
FN-DSA,sign,512,354343,3503
FN-DSA,sign,512,355021,3504
FN-DSA,sign,512,353832,3505
FN-DSA,sign,512,354175,3506
FN-DSA,sign,512,353748,3507
FN-DSA,sign,512,354123,3508
FN-DSA,sign,512,354547,3509
FN-DSA,sign,512,354900,3510
FN-DSA,sign,512,353650,3511
FN-DSA,sign,512,353387,3512
FN-DSA,sign,512,355832,3513
FN-DSA,sign,512,355504,3514
FN-DSA,sign,512,355197,3515
FN-DSA,sign,512,353519,3516
FN-DSA,sign,512,355315,3517
FN-DSA,sign,512,355488,3518
FN-DSA,sign,512,353853,3519
FN-DSA,sign,512,354321,3520
FN-DSA,sign,512,354696,3521
FN-DSA,sign,512,353768,3522
FN-DSA,sign,512,354202,3523
FN-DSA,sign,512,354638,3524
FN-DSA,sign,512,353751,3525
FN-DSA,sign,512,355181,3526
FN-DSA,sign,512,353964,3527
FN-DSA,sign,512,355217,3528
FN-DSA,sign,512,353749,3529
FN-DSA,sign,512,354668,3530
FN-DSA,sign,512,354319,3531
FN-DSA,sign,512,354081,3532
FN-DSA,sign,512,354633,3533
FN-DSA,sign,512,354386,3534
FN-DSA,sign,512,355133,3535
FN-DSA,sign,512,354684,3536
FN-DSA,sign,512,354154,3537
FN-DSA,sign,512,353979,3538
FN-DSA,sign,512,354852,3539
FN-DSA,sign,512,353390,3540
FN-DSA,sign,512,354514,3541
FN-DSA,sign,512,355029,3542
FN-DSA,sign,512,353713,3543
FN-DSA,sign,512,355171,3544
FN-DSA,sign,512,354870,3545
FN-DSA,sign,512,354664,3546
FN-DSA,sign,512,353848,3547
FN-DSA,sign,512,354648,3548
FN-DSA,sign,512,354227,3549
FN-DSA,sign,512,355470,3550
FN-DSA,sign,512,354677,3551
FN-DSA,sign,512,354902,3552
FN-DSA,sign,512,355255,3553
FN-DSA,sign,512,354298,3554
FN-DSA,sign,512,354164,3555
FN-DSA,sign,512,354784,3556
FN-DSA,sign,512,354816,3557
FN-DSA,sign,512,353798,3558
FN-DSA,sign,512,353946,3559
FN-DSA,sign,512,354516,3560
FN-DSA,sign,512,354911,3561
FN-DSA,sign,512,355601,3562
FN-DSA,sign,512,353600,3563
FN-DSA,sign,512,354540,3564
FN-DSA,sign,512,353108,3565
FN-DSA,sign,512,354155,3566
FN-DSA,sign,512,354636,3567
FN-DSA,sign,512,354351,3568
FN-DSA,sign,512,353800,3569
FN-DSA,sign,512,354950,3570
FN-DSA,sign,512,354247,3571
FN-DSA,sign,512,354384,3572
FN-DSA,sign,512,353598,3573
FN-DSA,sign,512,354397,3574
FN-DSA,sign,512,355020,3575
FN-DSA,sign,512,354923,3576
FN-DSA,sign,512,355150,3577
FN-DSA,sign,512,354438,3578
FN-DSA,sign,512,356130,3579
FN-DSA,sign,512,355054,3580
FN-DSA,sign,512,354043,3581
FN-DSA,sign,512,353687,3582
FN-DSA,sign,512,354466,3583
FN-DSA,sign,512,354338,3584
FN-DSA,sign,512,354677,3585
FN-DSA,sign,512,354553,3586
FN-DSA,sign,512,354447,3587
FN-DSA,sign,512,353812,3588
FN-DSA,sign,512,354003,3589
FN-DSA,sign,512,354267,3590
FN-DSA,sign,512,354943,3591
FN-DSA,sign,512,354635,3592
FN-DSA,sign,512,353950,3593
FN-DSA,sign,512,353465,3594
FN-DSA,sign,512,353983,3595
FN-DSA,sign,512,353613,3596
FN-DSA,sign,512,355071,3597
FN-DSA,sign,512,352960,3598
FN-DSA,sign,512,354318,3599
FN-DSA,sign,512,354833,3600
FN-DSA,sign,512,353436,3601
FN-DSA,sign,512,354253,3602
FN-DSA,sign,512,355484,3603
FN-DSA,sign,512,354121,3604
FN-DSA,sign,512,354001,3605
FN-DSA,sign,512,354952,3606
FN-DSA,sign,512,353668,3607
FN-DSA,sign,512,355819,3608
FN-DSA,sign,512,354233,3609
FN-DSA,sign,512,355598,3610
FN-DSA,sign,512,354768,3611
FN-DSA,sign,512,353618,3612
FN-DSA,sign,512,355160,3613
FN-DSA,sign,512,354553,3614
FN-DSA,sign,512,354148,3615
FN-DSA,sign,512,354574,3616
FN-DSA,sign,512,355133,3617
FN-DSA,sign,512,355455,3618
FN-DSA,sign,512,354849,3619
FN-DSA,sign,512,354651,3620
FN-DSA,sign,512,353963,3621
FN-DSA,sign,512,354315,3622
FN-DSA,sign,512,354333,3623
FN-DSA,sign,512,354368,3624
FN-DSA,sign,512,355380,3625
FN-DSA,sign,512,353820,3626
FN-DSA,sign,512,354664,3627
FN-DSA,sign,512,355661,3628
FN-DSA,sign,512,355065,3629
FN-DSA,sign,512,354248,3630
FN-DSA,sign,512,354029,3631
FN-DSA,sign,512,354882,3632
FN-DSA,sign,512,354860,3633
FN-DSA,sign,512,355372,3634
FN-DSA,sign,512,354112,3635
FN-DSA,sign,512,355031,3636
FN-DSA,sign,512,354400,3637
FN-DSA,sign,512,353733,3638
FN-DSA,sign,512,355001,3639
FN-DSA,sign,512,354270,3640
FN-DSA,sign,512,354410,3641
FN-DSA,sign,512,353681,3642
FN-DSA,sign,512,353676,3643
FN-DSA,sign,512,355768,3644
FN-DSA,sign,512,355081,3645
FN-DSA,sign,512,354797,3646
FN-DSA,sign,512,353578,3647
FN-DSA,sign,512,354955,3648
FN-DSA,sign,512,355062,3649
FN-DSA,sign,512,354790,3650
FN-DSA,sign,512,354969,3651
FN-DSA,sign,512,355073,3652
FN-DSA,sign,512,354833,3653
FN-DSA,sign,512,354802,3654
FN-DSA,sign,512,354649,3655
FN-DSA,sign,512,355109,3656
FN-DSA,sign,512,354760,3657
FN-DSA,sign,512,353537,3658
FN-DSA,sign,512,353550,3659
FN-DSA,sign,512,354853,3660
FN-DSA,sign,512,354196,3661
FN-DSA,sign,512,354903,3662
FN-DSA,sign,512,354031,3663
FN-DSA,sign,512,354549,3664
FN-DSA,sign,512,355335,3665
FN-DSA,sign,512,355182,3666
FN-DSA,sign,512,354314,3667
FN-DSA,sign,512,354383,3668
FN-DSA,sign,512,353647,3669
FN-DSA,sign,512,355366,3670
FN-DSA,sign,512,354602,3671
FN-DSA,sign,512,353574,3672
FN-DSA,sign,512,354779,3673
FN-DSA,sign,512,355100,3674
FN-DSA,sign,512,354164,3675
FN-DSA,sign,512,353368,3676
FN-DSA,sign,512,354101,3677
FN-DSA,sign,512,355734,3678
FN-DSA,sign,512,354200,3679
FN-DSA,sign,512,354917,3680
FN-DSA,sign,512,354054,3681
FN-DSA,sign,512,354867,3682
FN-DSA,sign,512,354951,3683
FN-DSA,sign,512,353947,3684
FN-DSA,sign,512,353584,3685
FN-DSA,sign,512,354080,3686
FN-DSA,sign,512,354798,3687
FN-DSA,sign,512,355322,3688
FN-DSA,sign,512,354554,3689
FN-DSA,sign,512,353449,3690
FN-DSA,sign,512,354584,3691
FN-DSA,sign,512,354366,3692
FN-DSA,sign,512,354596,3693
FN-DSA,sign,512,353316,3694
FN-DSA,sign,512,355219,3695
FN-DSA,sign,512,354050,3696
FN-DSA,sign,512,353213,3697
FN-DSA,sign,512,353563,3698
FN-DSA,sign,512,354217,3699
FN-DSA,sign,512,354535,3700
FN-DSA,sign,512,353616,3701
FN-DSA,sign,512,354598,3702
FN-DSA,sign,512,355721,3703
FN-DSA,sign,512,354656,3704
FN-DSA,sign,512,355616,3705
FN-DSA,sign,512,354422,3706
FN-DSA,sign,512,354431,3707
FN-DSA,sign,512,354962,3708
FN-DSA,sign,512,354581,3709
FN-DSA,sign,512,354555,3710
FN-DSA,sign,512,354495,3711
FN-DSA,sign,512,355934,3712
FN-DSA,sign,512,354529,3713
FN-DSA,sign,512,354214,3714
FN-DSA,sign,512,355651,3715
FN-DSA,sign,512,354501,3716
FN-DSA,sign,512,354182,3717
FN-DSA,sign,512,355104,3718
FN-DSA,sign,512,355016,3719
FN-DSA,sign,512,354773,3720
FN-DSA,sign,512,354149,3721
FN-DSA,sign,512,354656,3722
FN-DSA,sign,512,354357,3723
FN-DSA,sign,512,353715,3724
FN-DSA,sign,512,356599,3725
FN-DSA,sign,512,354902,3726
FN-DSA,sign,512,355048,3727
FN-DSA,sign,512,354368,3728
FN-DSA,sign,512,355345,3729
FN-DSA,sign,512,355070,3730
FN-DSA,sign,512,353982,3731
FN-DSA,sign,512,353837,3732
FN-DSA,sign,512,354902,3733
FN-DSA,sign,512,353467,3734
FN-DSA,sign,512,354232,3735
FN-DSA,sign,512,353642,3736
FN-DSA,sign,512,355035,3737
FN-DSA,sign,512,354684,3738
FN-DSA,sign,512,353929,3739
FN-DSA,sign,512,352984,3740
FN-DSA,sign,512,353981,3741
FN-DSA,sign,512,352829,3742
FN-DSA,sign,512,353698,3743
FN-DSA,sign,512,354176,3744
FN-DSA,sign,512,354060,3745
FN-DSA,sign,512,354554,3746
FN-DSA,sign,512,354530,3747
FN-DSA,sign,512,354247,3748
FN-DSA,sign,512,354892,3749
FN-DSA,sign,512,354434,3750
FN-DSA,sign,512,353963,3751
FN-DSA,sign,512,355139,3752
FN-DSA,sign,512,354227,3753
FN-DSA,sign,512,354033,3754
FN-DSA,sign,512,353994,3755
FN-DSA,sign,512,353309,3756
FN-DSA,sign,512,354648,3757
FN-DSA,sign,512,354333,3758
FN-DSA,sign,512,353833,3759
FN-DSA,sign,512,354095,3760
FN-DSA,sign,512,353667,3761
FN-DSA,sign,512,354099,3762
FN-DSA,sign,512,354468,3763
FN-DSA,sign,512,353967,3764
FN-DSA,sign,512,353485,3765
FN-DSA,sign,512,354764,3766
FN-DSA,sign,512,355168,3767
FN-DSA,sign,512,354833,3768
FN-DSA,sign,512,354384,3769
FN-DSA,sign,512,353496,3770
FN-DSA,sign,512,354197,3771
FN-DSA,sign,512,355257,3772
FN-DSA,sign,512,353831,3773
FN-DSA,sign,512,353607,3774
FN-DSA,sign,512,354966,3775
FN-DSA,sign,512,355149,3776
FN-DSA,sign,512,354626,3777
FN-DSA,sign,512,355340,3778
FN-DSA,sign,512,354309,3779
FN-DSA,sign,512,354802,3780
FN-DSA,sign,512,354372,3781
FN-DSA,sign,512,354485,3782
FN-DSA,sign,512,354071,3783
FN-DSA,sign,512,354130,3784
FN-DSA,sign,512,354218,3785
FN-DSA,sign,512,354781,3786
FN-DSA,sign,512,353780,3787
FN-DSA,sign,512,354762,3788
FN-DSA,sign,512,355230,3789
FN-DSA,sign,512,354650,3790
FN-DSA,sign,512,354334,3791
FN-DSA,sign,512,353795,3792
FN-DSA,sign,512,355175,3793
FN-DSA,sign,512,354062,3794
FN-DSA,sign,512,354418,3795
FN-DSA,sign,512,355049,3796
FN-DSA,sign,512,355102,3797
FN-DSA,sign,512,354365,3798
FN-DSA,sign,512,354354,3799
FN-DSA,sign,512,353214,3800
FN-DSA,sign,512,354467,3801
FN-DSA,sign,512,353666,3802
FN-DSA,sign,512,355389,3803
FN-DSA,sign,512,354331,3804
FN-DSA,sign,512,355016,3805
FN-DSA,sign,512,354643,3806
FN-DSA,sign,512,354574,3807
FN-DSA,sign,512,354483,3808
FN-DSA,sign,512,354558,3809
FN-DSA,sign,512,354812,3810
FN-DSA,sign,512,355338,3811
FN-DSA,sign,512,355118,3812
FN-DSA,sign,512,353798,3813
FN-DSA,sign,512,354612,3814
FN-DSA,sign,512,354169,3815
FN-DSA,sign,512,353639,3816
FN-DSA,sign,512,354622,3817
FN-DSA,sign,512,354934,3818
FN-DSA,sign,512,353748,3819
FN-DSA,sign,512,354328,3820
FN-DSA,sign,512,354099,3821
FN-DSA,sign,512,353970,3822
FN-DSA,sign,512,355162,3823
FN-DSA,sign,512,355439,3824
FN-DSA,sign,512,354648,3825
FN-DSA,sign,512,354576,3826
FN-DSA,sign,512,354897,3827
FN-DSA,sign,512,352882,3828
FN-DSA,sign,512,354312,3829
FN-DSA,sign,512,353853,3830
FN-DSA,sign,512,354587,3831
FN-DSA,sign,512,354281,3832
FN-DSA,sign,512,354362,3833
FN-DSA,sign,512,354235,3834
FN-DSA,sign,512,355519,3835
FN-DSA,sign,512,353199,3836
FN-DSA,sign,512,353766,3837
FN-DSA,sign,512,354579,3838
FN-DSA,sign,512,354312,3839
FN-DSA,sign,512,354000,3840
FN-DSA,sign,512,354393,3841
FN-DSA,sign,512,354348,3842
FN-DSA,sign,512,355283,3843
FN-DSA,sign,512,354294,3844
FN-DSA,sign,512,354138,3845
FN-DSA,sign,512,354833,3846
FN-DSA,sign,512,355389,3847
FN-DSA,sign,512,354684,3848
FN-DSA,sign,512,354212,3849
FN-DSA,sign,512,354603,3850
FN-DSA,sign,512,354431,3851
FN-DSA,sign,512,354565,3852
FN-DSA,sign,512,354321,3853
FN-DSA,sign,512,354281,3854
FN-DSA,sign,512,353954,3855
FN-DSA,sign,512,353928,3856
FN-DSA,sign,512,354827,3857
FN-DSA,sign,512,354036,3858
FN-DSA,sign,512,355000,3859
FN-DSA,sign,512,355448,3860
FN-DSA,sign,512,354620,3861
FN-DSA,sign,512,355280,3862
FN-DSA,sign,512,353970,3863
FN-DSA,sign,512,355166,3864
FN-DSA,sign,512,354550,3865
FN-DSA,sign,512,355449,3866
FN-DSA,sign,512,352744,3867
FN-DSA,sign,512,354068,3868
FN-DSA,sign,512,354336,3869
FN-DSA,sign,512,355001,3870
FN-DSA,sign,512,353827,3871
FN-DSA,sign,512,356717,3872
FN-DSA,sign,512,354684,3873
FN-DSA,sign,512,353280,3874
FN-DSA,sign,512,353807,3875
FN-DSA,sign,512,354215,3876
FN-DSA,sign,512,354951,3877
FN-DSA,sign,512,354477,3878
FN-DSA,sign,512,353856,3879
FN-DSA,sign,512,354368,3880
FN-DSA,sign,512,355169,3881
FN-DSA,sign,512,354464,3882
FN-DSA,sign,512,354054,3883
FN-DSA,sign,512,353628,3884
FN-DSA,sign,512,353315,3885
FN-DSA,sign,512,354337,3886
FN-DSA,sign,512,355217,3887
FN-DSA,sign,512,354842,3888
FN-DSA,sign,512,354466,3889
FN-DSA,sign,512,353263,3890
FN-DSA,sign,512,354764,3891
FN-DSA,sign,512,353701,3892
FN-DSA,sign,512,354463,3893
FN-DSA,sign,512,354785,3894
FN-DSA,sign,512,355429,3895
FN-DSA,sign,512,354353,3896
FN-DSA,sign,512,354064,3897
FN-DSA,sign,512,353463,3898
FN-DSA,sign,512,354213,3899
FN-DSA,sign,512,354236,3900
FN-DSA,sign,512,353813,3901
FN-DSA,sign,512,355151,3902
FN-DSA,sign,512,354502,3903
FN-DSA,sign,512,354467,3904
FN-DSA,sign,512,354977,3905
FN-DSA,sign,512,353831,3906
FN-DSA,sign,512,353951,3907
FN-DSA,sign,512,354150,3908
FN-DSA,sign,512,355450,3909
FN-DSA,sign,512,355203,3910
FN-DSA,sign,512,354799,3911
FN-DSA,sign,512,354344,3912
FN-DSA,sign,512,354197,3913
FN-DSA,sign,512,354914,3914
FN-DSA,sign,512,355117,3915
FN-DSA,sign,512,354368,3916
FN-DSA,sign,512,354460,3917
FN-DSA,sign,512,355321,3918
FN-DSA,sign,512,353787,3919
FN-DSA,sign,512,352744,3920
FN-DSA,sign,512,355173,3921
FN-DSA,sign,512,355081,3922
FN-DSA,sign,512,353353,3923
FN-DSA,sign,512,354096,3924
FN-DSA,sign,512,353968,3925
FN-DSA,sign,512,353398,3926
FN-DSA,sign,512,354168,3927
FN-DSA,sign,512,353932,3928
FN-DSA,sign,512,354048,3929
FN-DSA,sign,512,353816,3930
FN-DSA,sign,512,354335,3931
FN-DSA,sign,512,353672,3932
FN-DSA,sign,512,355144,3933
FN-DSA,sign,512,354438,3934
FN-DSA,sign,512,353832,3935
FN-DSA,sign,512,354217,3936
FN-DSA,sign,512,353754,3937
FN-DSA,sign,512,353598,3938
FN-DSA,sign,512,354666,3939
FN-DSA,sign,512,354247,3940
FN-DSA,sign,512,354083,3941
FN-DSA,sign,512,355238,3942
FN-DSA,sign,512,355085,3943
FN-DSA,sign,512,354577,3944
FN-DSA,sign,512,353601,3945
FN-DSA,sign,512,353998,3946
FN-DSA,sign,512,354020,3947
FN-DSA,sign,512,353965,3948
FN-DSA,sign,512,353853,3949
FN-DSA,sign,512,353307,3950
FN-DSA,sign,512,354418,3951
FN-DSA,sign,512,354049,3952
FN-DSA,sign,512,353297,3953
FN-DSA,sign,512,355467,3954
FN-DSA,sign,512,354757,3955
FN-DSA,sign,512,353984,3956
FN-DSA,sign,512,354163,3957
FN-DSA,sign,512,353217,3958
FN-DSA,sign,512,353715,3959
FN-DSA,sign,512,355153,3960
FN-DSA,sign,512,354111,3961
FN-DSA,sign,512,355315,3962
FN-DSA,sign,512,354966,3963
FN-DSA,sign,512,354549,3964
FN-DSA,sign,512,354979,3965
FN-DSA,sign,512,355502,3966
FN-DSA,sign,512,354798,3967
FN-DSA,sign,512,354487,3968
FN-DSA,sign,512,353411,3969
FN-DSA,sign,512,354313,3970
FN-DSA,sign,512,353470,3971
FN-DSA,sign,512,354398,3972
FN-DSA,sign,512,354921,3973
FN-DSA,sign,512,354182,3974
FN-DSA,sign,512,354152,3975
FN-DSA,sign,512,354044,3976
FN-DSA,sign,512,353713,3977
FN-DSA,sign,512,354133,3978
FN-DSA,sign,512,355345,3979
FN-DSA,sign,512,354571,3980
FN-DSA,sign,512,354032,3981
FN-DSA,sign,512,354946,3982
FN-DSA,sign,512,355270,3983
FN-DSA,sign,512,353652,3984
FN-DSA,sign,512,354234,3985
FN-DSA,sign,512,353838,3986
FN-DSA,sign,512,354033,3987
FN-DSA,sign,512,354669,3988
FN-DSA,sign,512,354401,3989
FN-DSA,sign,512,355107,3990
FN-DSA,sign,512,353716,3991
FN-DSA,sign,512,353698,3992
FN-DSA,sign,512,353550,3993
FN-DSA,sign,512,354245,3994
FN-DSA,sign,512,355095,3995
FN-DSA,sign,512,354569,3996
FN-DSA,sign,512,354771,3997
FN-DSA,sign,512,354935,3998
FN-DSA,sign,512,354633,3999
FN-DSA,sign,512,354554,4000
FN-DSA,sign,512,353813,4001
FN-DSA,sign,512,354548,4002
FN-DSA,sign,512,354776,4003
FN-DSA,sign,512,354197,4004
FN-DSA,sign,512,355828,4005
FN-DSA,sign,512,354097,4006
FN-DSA,sign,512,353351,4007
FN-DSA,sign,512,353476,4008
FN-DSA,sign,512,355970,4009
FN-DSA,sign,512,353497,4010
FN-DSA,sign,512,353502,4011
FN-DSA,sign,512,354047,4012
FN-DSA,sign,512,353703,4013
FN-DSA,sign,512,354967,4014
FN-DSA,sign,512,355280,4015
FN-DSA,sign,512,355649,4016
FN-DSA,sign,512,353787,4017
FN-DSA,sign,512,355131,4018
FN-DSA,sign,512,355083,4019
FN-DSA,sign,512,355001,4020
FN-DSA,sign,512,354935,4021
FN-DSA,sign,512,353480,4022
FN-DSA,sign,512,354866,4023
FN-DSA,sign,512,353818,4024
FN-DSA,sign,512,354018,4025
FN-DSA,sign,512,354065,4026
FN-DSA,sign,512,354888,4027
FN-DSA,sign,512,355293,4028
FN-DSA,sign,512,354119,4029
FN-DSA,sign,512,354795,4030
FN-DSA,sign,512,354587,4031
FN-DSA,sign,512,354435,4032
FN-DSA,sign,512,354992,4033
FN-DSA,sign,512,354070,4034
FN-DSA,sign,512,354636,4035
FN-DSA,sign,512,354590,4036
FN-DSA,sign,512,355335,4037
FN-DSA,sign,512,354164,4038
FN-DSA,sign,512,354163,4039
FN-DSA,sign,512,355650,4040
FN-DSA,sign,512,354281,4041
FN-DSA,sign,512,354292,4042
FN-DSA,sign,512,354396,4043
FN-DSA,sign,512,353598,4044
FN-DSA,sign,512,354124,4045
FN-DSA,sign,512,354936,4046
FN-DSA,sign,512,355232,4047
FN-DSA,sign,512,354399,4048
FN-DSA,sign,512,354154,4049
FN-DSA,sign,512,354451,4050
FN-DSA,sign,512,354033,4051
FN-DSA,sign,512,354177,4052
FN-DSA,sign,512,354491,4053
FN-DSA,sign,512,354880,4054
FN-DSA,sign,512,354151,4055
FN-DSA,sign,512,355301,4056
FN-DSA,sign,512,354900,4057
FN-DSA,sign,512,354295,4058
FN-DSA,sign,512,354020,4059
FN-DSA,sign,512,353135,4060
FN-DSA,sign,512,353698,4061
FN-DSA,sign,512,354418,4062
FN-DSA,sign,512,353478,4063
FN-DSA,sign,512,353762,4064
FN-DSA,sign,512,354034,4065
FN-DSA,sign,512,355354,4066
FN-DSA,sign,512,354510,4067
FN-DSA,sign,512,353570,4068
FN-DSA,sign,512,354430,4069
FN-DSA,sign,512,353950,4070
FN-DSA,sign,512,354764,4071
FN-DSA,sign,512,353429,4072
FN-DSA,sign,512,355004,4073
FN-DSA,sign,512,354649,4074
FN-DSA,sign,512,354633,4075
FN-DSA,sign,512,355520,4076
FN-DSA,sign,512,355395,4077
FN-DSA,sign,512,354571,4078
FN-DSA,sign,512,354338,4079
FN-DSA,sign,512,354069,4080
FN-DSA,sign,512,353815,4081
FN-DSA,sign,512,354350,4082
FN-DSA,sign,512,355749,4083
FN-DSA,sign,512,354797,4084
FN-DSA,sign,512,353500,4085
FN-DSA,sign,512,354917,4086
FN-DSA,sign,512,355199,4087
FN-DSA,sign,512,353329,4088
FN-DSA,sign,512,355036,4089
FN-DSA,sign,512,355053,4090
FN-DSA,sign,512,354116,4091
FN-DSA,sign,512,355235,4092
FN-DSA,sign,512,353616,4093
FN-DSA,sign,512,354488,4094
FN-DSA,sign,512,354139,4095
FN-DSA,sign,512,355228,4096
FN-DSA,sign,512,355425,4097
FN-DSA,sign,512,355342,4098
FN-DSA,sign,512,354178,4099
FN-DSA,sign,512,354214,4100
FN-DSA,sign,512,354029,4101
FN-DSA,sign,512,354115,4102
FN-DSA,sign,512,354852,4103
FN-DSA,sign,512,353947,4104
FN-DSA,sign,512,354469,4105
FN-DSA,sign,512,353549,4106
FN-DSA,sign,512,355021,4107
FN-DSA,sign,512,354637,4108
FN-DSA,sign,512,353571,4109
FN-DSA,sign,512,354250,4110
FN-DSA,sign,512,354361,4111
FN-DSA,sign,512,353778,4112
FN-DSA,sign,512,356483,4113
FN-DSA,sign,512,354252,4114
FN-DSA,sign,512,354503,4115
FN-DSA,sign,512,355168,4116
FN-DSA,sign,512,353522,4117
FN-DSA,sign,512,354599,4118
FN-DSA,sign,512,354665,4119
FN-DSA,sign,512,353665,4120
FN-DSA,sign,512,353830,4121
FN-DSA,sign,512,354884,4122
FN-DSA,sign,512,353497,4123
FN-DSA,sign,512,353798,4124
FN-DSA,sign,512,354808,4125
FN-DSA,sign,512,354353,4126
FN-DSA,sign,512,354617,4127
FN-DSA,sign,512,353750,4128
FN-DSA,sign,512,353298,4129
FN-DSA,sign,512,353735,4130
FN-DSA,sign,512,354498,4131
FN-DSA,sign,512,355633,4132
FN-DSA,sign,512,354687,4133
FN-DSA,sign,512,354865,4134
FN-DSA,sign,512,354147,4135
FN-DSA,sign,512,354171,4136
FN-DSA,sign,512,354614,4137
FN-DSA,sign,512,354590,4138
FN-DSA,sign,512,354816,4139
FN-DSA,sign,512,353934,4140
FN-DSA,sign,512,354496,4141
FN-DSA,sign,512,354819,4142
FN-DSA,sign,512,354917,4143
FN-DSA,sign,512,354919,4144
FN-DSA,sign,512,354805,4145
FN-DSA,sign,512,354032,4146
FN-DSA,sign,512,354049,4147
FN-DSA,sign,512,355022,4148
FN-DSA,sign,512,355004,4149
FN-DSA,sign,512,354387,4150
FN-DSA,sign,512,354657,4151
FN-DSA,sign,512,354987,4152
FN-DSA,sign,512,353414,4153
FN-DSA,sign,512,355082,4154
FN-DSA,sign,512,354817,4155
FN-DSA,sign,512,354033,4156
FN-DSA,sign,512,354417,4157
FN-DSA,sign,512,354899,4158
FN-DSA,sign,512,354571,4159
FN-DSA,sign,512,354449,4160
FN-DSA,sign,512,354224,4161
FN-DSA,sign,512,353851,4162
FN-DSA,sign,512,353551,4163
FN-DSA,sign,512,354398,4164
FN-DSA,sign,512,354903,4165
FN-DSA,sign,512,353282,4166
FN-DSA,sign,512,354557,4167
FN-DSA,sign,512,354146,4168
FN-DSA,sign,512,353798,4169
FN-DSA,sign,512,354935,4170
FN-DSA,sign,512,354335,4171
FN-DSA,sign,512,354437,4172
FN-DSA,sign,512,355072,4173
FN-DSA,sign,512,355277,4174
FN-DSA,sign,512,354485,4175
FN-DSA,sign,512,354567,4176
FN-DSA,sign,512,355284,4177
FN-DSA,sign,512,355181,4178
FN-DSA,sign,512,354882,4179
FN-DSA,sign,512,354916,4180
FN-DSA,sign,512,354962,4181
FN-DSA,sign,512,355016,4182
FN-DSA,sign,512,353634,4183
FN-DSA,sign,512,354445,4184
FN-DSA,sign,512,354620,4185
FN-DSA,sign,512,355198,4186
FN-DSA,sign,512,354371,4187
FN-DSA,sign,512,354584,4188
FN-DSA,sign,512,354586,4189
FN-DSA,sign,512,353599,4190
FN-DSA,sign,512,354449,4191
FN-DSA,sign,512,354818,4192
FN-DSA,sign,512,354904,4193
FN-DSA,sign,512,354095,4194
FN-DSA,sign,512,354266,4195
FN-DSA,sign,512,353732,4196
FN-DSA,sign,512,355185,4197
FN-DSA,sign,512,355313,4198
FN-DSA,sign,512,353001,4199
FN-DSA,sign,512,354203,4200
FN-DSA,sign,512,354867,4201
FN-DSA,sign,512,354538,4202
FN-DSA,sign,512,353679,4203
FN-DSA,sign,512,352567,4204
FN-DSA,sign,512,354581,4205
FN-DSA,sign,512,354471,4206
FN-DSA,sign,512,354302,4207
FN-DSA,sign,512,353755,4208
FN-DSA,sign,512,353652,4209
FN-DSA,sign,512,353808,4210
FN-DSA,sign,512,353416,4211
FN-DSA,sign,512,356130,4212
FN-DSA,sign,512,354802,4213
FN-DSA,sign,512,354100,4214
FN-DSA,sign,512,354602,4215
FN-DSA,sign,512,354032,4216
FN-DSA,sign,512,353447,4217
FN-DSA,sign,512,354587,4218
FN-DSA,sign,512,353671,4219
FN-DSA,sign,512,355297,4220
FN-DSA,sign,512,354354,4221
FN-DSA,sign,512,353500,4222
FN-DSA,sign,512,352935,4223
FN-DSA,sign,512,354036,4224
FN-DSA,sign,512,354611,4225
FN-DSA,sign,512,354467,4226
FN-DSA,sign,512,354185,4227
FN-DSA,sign,512,353179,4228
FN-DSA,sign,512,353754,4229
FN-DSA,sign,512,354892,4230
FN-DSA,sign,512,354541,4231
FN-DSA,sign,512,353619,4232
FN-DSA,sign,512,355384,4233
FN-DSA,sign,512,353514,4234
FN-DSA,sign,512,355203,4235
FN-DSA,sign,512,355230,4236
FN-DSA,sign,512,355065,4237
FN-DSA,sign,512,355397,4238
FN-DSA,sign,512,354116,4239
FN-DSA,sign,512,355112,4240
FN-DSA,sign,512,354021,4241
FN-DSA,sign,512,354513,4242
FN-DSA,sign,512,354468,4243
FN-DSA,sign,512,354079,4244
FN-DSA,sign,512,354114,4245
FN-DSA,sign,512,354350,4246
FN-DSA,sign,512,355333,4247
FN-DSA,sign,512,354466,4248
FN-DSA,sign,512,354222,4249
FN-DSA,sign,512,354430,4250
FN-DSA,sign,512,354256,4251
FN-DSA,sign,512,354965,4252
FN-DSA,sign,512,354578,4253
FN-DSA,sign,512,354983,4254
FN-DSA,sign,512,354802,4255
FN-DSA,sign,512,354363,4256
FN-DSA,sign,512,355154,4257
FN-DSA,sign,512,354432,4258
FN-DSA,sign,512,354337,4259
FN-DSA,sign,512,354435,4260
FN-DSA,sign,512,354034,4261
FN-DSA,sign,512,354316,4262
FN-DSA,sign,512,355698,4263
FN-DSA,sign,512,353245,4264
FN-DSA,sign,512,354382,4265
FN-DSA,sign,512,354030,4266
FN-DSA,sign,512,354027,4267
FN-DSA,sign,512,354616,4268
FN-DSA,sign,512,354148,4269
FN-DSA,sign,512,354447,4270
FN-DSA,sign,512,353533,4271
FN-DSA,sign,512,352971,4272
FN-DSA,sign,512,353400,4273
FN-DSA,sign,512,354893,4274
FN-DSA,sign,512,354955,4275
FN-DSA,sign,512,355250,4276
FN-DSA,sign,512,354068,4277
FN-DSA,sign,512,354380,4278
FN-DSA,sign,512,354947,4279
FN-DSA,sign,512,353503,4280
FN-DSA,sign,512,354070,4281
FN-DSA,sign,512,355300,4282
FN-DSA,sign,512,354694,4283
FN-DSA,sign,512,355281,4284
FN-DSA,sign,512,354842,4285
FN-DSA,sign,512,353981,4286
FN-DSA,sign,512,353984,4287
FN-DSA,sign,512,354296,4288
FN-DSA,sign,512,354057,4289
FN-DSA,sign,512,353532,4290
FN-DSA,sign,512,353552,4291
FN-DSA,sign,512,353850,4292
FN-DSA,sign,512,354640,4293
FN-DSA,sign,512,353833,4294
FN-DSA,sign,512,353131,4295
FN-DSA,sign,512,354404,4296
FN-DSA,sign,512,354250,4297
FN-DSA,sign,512,355468,4298
FN-DSA,sign,512,354143,4299
FN-DSA,sign,512,354370,4300
FN-DSA,sign,512,354365,4301
FN-DSA,sign,512,353152,4302
FN-DSA,sign,512,354648,4303
FN-DSA,sign,512,354440,4304
FN-DSA,sign,512,356110,4305
FN-DSA,sign,512,354663,4306
FN-DSA,sign,512,354251,4307
FN-DSA,sign,512,354870,4308
FN-DSA,sign,512,353734,4309
FN-DSA,sign,512,354011,4310
FN-DSA,sign,512,354683,4311
FN-DSA,sign,512,354301,4312
FN-DSA,sign,512,353854,4313
FN-DSA,sign,512,353629,4314
FN-DSA,sign,512,354029,4315
FN-DSA,sign,512,353793,4316
FN-DSA,sign,512,354201,4317
FN-DSA,sign,512,353717,4318
FN-DSA,sign,512,354505,4319
FN-DSA,sign,512,353445,4320
FN-DSA,sign,512,354482,4321
FN-DSA,sign,512,353606,4322
FN-DSA,sign,512,353565,4323
FN-DSA,sign,512,353989,4324
FN-DSA,sign,512,354181,4325
FN-DSA,sign,512,353732,4326
FN-DSA,sign,512,353664,4327
FN-DSA,sign,512,354800,4328
FN-DSA,sign,512,355365,4329
FN-DSA,sign,512,354978,4330
FN-DSA,sign,512,354417,4331
FN-DSA,sign,512,352971,4332
FN-DSA,sign,512,354492,4333
FN-DSA,sign,512,353967,4334
FN-DSA,sign,512,354942,4335
FN-DSA,sign,512,353612,4336
FN-DSA,sign,512,354501,4337
FN-DSA,sign,512,352667,4338
FN-DSA,sign,512,354324,4339
FN-DSA,sign,512,353986,4340
FN-DSA,sign,512,353986,4341
FN-DSA,sign,512,354799,4342
FN-DSA,sign,512,354338,4343
FN-DSA,sign,512,354319,4344
FN-DSA,sign,512,354759,4345
FN-DSA,sign,512,354546,4346
FN-DSA,sign,512,354180,4347
FN-DSA,sign,512,354872,4348
FN-DSA,sign,512,356457,4349
FN-DSA,sign,512,355266,4350
FN-DSA,sign,512,353960,4351
FN-DSA,sign,512,355698,4352
FN-DSA,sign,512,353879,4353
FN-DSA,sign,512,354268,4354
FN-DSA,sign,512,354203,4355
FN-DSA,sign,512,355196,4356
FN-DSA,sign,512,354016,4357
FN-DSA,sign,512,354782,4358
FN-DSA,sign,512,354821,4359
FN-DSA,sign,512,354115,4360
FN-DSA,sign,512,355489,4361
FN-DSA,sign,512,354589,4362
FN-DSA,sign,512,354786,4363
FN-DSA,sign,512,354404,4364
FN-DSA,sign,512,354584,4365
FN-DSA,sign,512,355098,4366
FN-DSA,sign,512,354878,4367
FN-DSA,sign,512,354362,4368
FN-DSA,sign,512,354165,4369
FN-DSA,sign,512,355053,4370
FN-DSA,sign,512,355025,4371
FN-DSA,sign,512,354465,4372
FN-DSA,sign,512,356080,4373
FN-DSA,sign,512,354321,4374
FN-DSA,sign,512,355251,4375
FN-DSA,sign,512,354503,4376
FN-DSA,sign,512,354149,4377
FN-DSA,sign,512,354170,4378
FN-DSA,sign,512,354365,4379
FN-DSA,sign,512,354371,4380
FN-DSA,sign,512,354253,4381
FN-DSA,sign,512,354336,4382
FN-DSA,sign,512,354362,4383
FN-DSA,sign,512,353713,4384
FN-DSA,sign,512,354188,4385
FN-DSA,sign,512,355250,4386
FN-DSA,sign,512,354850,4387
FN-DSA,sign,512,355051,4388
FN-DSA,sign,512,354570,4389
FN-DSA,sign,512,356353,4390
FN-DSA,sign,512,354917,4391
FN-DSA,sign,512,354352,4392
FN-DSA,sign,512,353618,4393
FN-DSA,sign,512,354143,4394
FN-DSA,sign,512,354154,4395
FN-DSA,sign,512,354879,4396
FN-DSA,sign,512,353736,4397
FN-DSA,sign,512,354681,4398
FN-DSA,sign,512,354397,4399
FN-DSA,sign,512,353944,4400
FN-DSA,sign,512,352770,4401
FN-DSA,sign,512,354198,4402
FN-DSA,sign,512,354995,4403
FN-DSA,sign,512,354899,4404
FN-DSA,sign,512,355217,4405
FN-DSA,sign,512,354615,4406
FN-DSA,sign,512,354160,4407
FN-DSA,sign,512,353466,4408
FN-DSA,sign,512,353999,4409
FN-DSA,sign,512,355004,4410
FN-DSA,sign,512,354458,4411
FN-DSA,sign,512,354459,4412
FN-DSA,sign,512,355081,4413
FN-DSA,sign,512,353721,4414
FN-DSA,sign,512,353708,4415
FN-DSA,sign,512,354285,4416
FN-DSA,sign,512,354327,4417
FN-DSA,sign,512,354633,4418
FN-DSA,sign,512,354479,4419
FN-DSA,sign,512,354114,4420
FN-DSA,sign,512,353632,4421
FN-DSA,sign,512,356181,4422
FN-DSA,sign,512,356069,4423
FN-DSA,sign,512,356170,4424
FN-DSA,sign,512,352916,4425
FN-DSA,sign,512,354987,4426
FN-DSA,sign,512,353747,4427
FN-DSA,sign,512,354162,4428
FN-DSA,sign,512,353956,4429
FN-DSA,sign,512,354011,4430
FN-DSA,sign,512,353320,4431
FN-DSA,sign,512,356083,4432
FN-DSA,sign,512,355233,4433
FN-DSA,sign,512,354397,4434
FN-DSA,sign,512,355925,4435
FN-DSA,sign,512,355406,4436
FN-DSA,sign,512,354532,4437
FN-DSA,sign,512,353854,4438
FN-DSA,sign,512,354084,4439
FN-DSA,sign,512,354484,4440
FN-DSA,sign,512,354814,4441
FN-DSA,sign,512,354885,4442
FN-DSA,sign,512,354966,4443
FN-DSA,sign,512,355321,4444
FN-DSA,sign,512,354668,4445
FN-DSA,sign,512,353199,4446
FN-DSA,sign,512,355170,4447
FN-DSA,sign,512,355505,4448
FN-DSA,sign,512,354078,4449
FN-DSA,sign,512,354268,4450
FN-DSA,sign,512,353930,4451
FN-DSA,sign,512,354278,4452
FN-DSA,sign,512,353501,4453
FN-DSA,sign,512,354531,4454
FN-DSA,sign,512,353720,4455
FN-DSA,sign,512,354013,4456
FN-DSA,sign,512,353858,4457
FN-DSA,sign,512,354503,4458
FN-DSA,sign,512,355835,4459
FN-DSA,sign,512,354212,4460
FN-DSA,sign,512,354285,4461
FN-DSA,sign,512,354198,4462
FN-DSA,sign,512,354455,4463
FN-DSA,sign,512,353715,4464
FN-DSA,sign,512,354081,4465
FN-DSA,sign,512,354155,4466
FN-DSA,sign,512,354328,4467
FN-DSA,sign,512,355524,4468
FN-DSA,sign,512,355019,4469
FN-DSA,sign,512,355601,4470
FN-DSA,sign,512,354536,4471
FN-DSA,sign,512,354400,4472
FN-DSA,sign,512,354921,4473
FN-DSA,sign,512,354329,4474
FN-DSA,sign,512,353763,4475
FN-DSA,sign,512,353379,4476
FN-DSA,sign,512,353966,4477
FN-DSA,sign,512,354853,4478
FN-DSA,sign,512,354275,4479
FN-DSA,sign,512,355053,4480
FN-DSA,sign,512,354595,4481
FN-DSA,sign,512,354490,4482
FN-DSA,sign,512,354202,4483
FN-DSA,sign,512,355046,4484
FN-DSA,sign,512,353754,4485
FN-DSA,sign,512,355471,4486
FN-DSA,sign,512,354186,4487
FN-DSA,sign,512,353795,4488
FN-DSA,sign,512,354681,4489
FN-DSA,sign,512,354880,4490
FN-DSA,sign,512,353387,4491
FN-DSA,sign,512,354829,4492
FN-DSA,sign,512,354969,4493
FN-DSA,sign,512,354897,4494
FN-DSA,sign,512,354781,4495
FN-DSA,sign,512,355234,4496
FN-DSA,sign,512,354635,4497
FN-DSA,sign,512,355147,4498
FN-DSA,sign,512,354965,4499
FN-DSA,sign,512,355171,4500
FN-DSA,sign,512,353022,4501
FN-DSA,sign,512,353406,4502
FN-DSA,sign,512,354238,4503
FN-DSA,sign,512,353415,4504
FN-DSA,sign,512,354354,4505
FN-DSA,sign,512,355085,4506
FN-DSA,sign,512,355104,4507
FN-DSA,sign,512,353830,4508
FN-DSA,sign,512,353348,4509
FN-DSA,sign,512,354066,4510
FN-DSA,sign,512,354519,4511
FN-DSA,sign,512,354255,4512
FN-DSA,sign,512,354794,4513
FN-DSA,sign,512,355419,4514
FN-DSA,sign,512,354934,4515
FN-DSA,sign,512,355062,4516
FN-DSA,sign,512,354454,4517
FN-DSA,sign,512,354385,4518
FN-DSA,sign,512,354619,4519
FN-DSA,sign,512,354982,4520
FN-DSA,sign,512,353645,4521
FN-DSA,sign,512,354582,4522
FN-DSA,sign,512,354689,4523
FN-DSA,sign,512,354882,4524
FN-DSA,sign,512,354766,4525
FN-DSA,sign,512,353668,4526
FN-DSA,sign,512,353846,4527
FN-DSA,sign,512,355138,4528
FN-DSA,sign,512,354083,4529
FN-DSA,sign,512,355252,4530
FN-DSA,sign,512,356000,4531
FN-DSA,sign,512,353631,4532
FN-DSA,sign,512,353400,4533
FN-DSA,sign,512,355438,4534
FN-DSA,sign,512,354141,4535
FN-DSA,sign,512,355138,4536
FN-DSA,sign,512,355461,4537
FN-DSA,sign,512,354264,4538
FN-DSA,sign,512,354094,4539
FN-DSA,sign,512,353381,4540
FN-DSA,sign,512,353934,4541
FN-DSA,sign,512,354830,4542
FN-DSA,sign,512,355014,4543
FN-DSA,sign,512,354831,4544
FN-DSA,sign,512,355158,4545
FN-DSA,sign,512,354824,4546
FN-DSA,sign,512,355466,4547
FN-DSA,sign,512,354100,4548
FN-DSA,sign,512,353852,4549
FN-DSA,sign,512,354377,4550
FN-DSA,sign,512,354111,4551
FN-DSA,sign,512,354177,4552
FN-DSA,sign,512,353569,4553
FN-DSA,sign,512,352485,4554
FN-DSA,sign,512,354154,4555
FN-DSA,sign,512,353945,4556
FN-DSA,sign,512,353600,4557
FN-DSA,sign,512,354481,4558
FN-DSA,sign,512,352403,4559
FN-DSA,sign,512,354293,4560
FN-DSA,sign,512,355853,4561
FN-DSA,sign,512,354133,4562
FN-DSA,sign,512,354235,4563
FN-DSA,sign,512,353654,4564
FN-DSA,sign,512,353597,4565
FN-DSA,sign,512,355141,4566
FN-DSA,sign,512,353406,4567
FN-DSA,sign,512,354029,4568
FN-DSA,sign,512,355300,4569
FN-DSA,sign,512,354618,4570
FN-DSA,sign,512,355473,4571
FN-DSA,sign,512,354253,4572
FN-DSA,sign,512,355467,4573
FN-DSA,sign,512,354372,4574
FN-DSA,sign,512,354483,4575
FN-DSA,sign,512,352968,4576
FN-DSA,sign,512,355000,4577
FN-DSA,sign,512,354829,4578
FN-DSA,sign,512,354252,4579
FN-DSA,sign,512,353760,4580
FN-DSA,sign,512,354887,4581
FN-DSA,sign,512,354583,4582
FN-DSA,sign,512,354488,4583
FN-DSA,sign,512,354499,4584
FN-DSA,sign,512,353735,4585
FN-DSA,sign,512,355698,4586
FN-DSA,sign,512,354821,4587
FN-DSA,sign,512,354128,4588
FN-DSA,sign,512,355003,4589
FN-DSA,sign,512,354848,4590
FN-DSA,sign,512,354170,4591
FN-DSA,sign,512,354415,4592
FN-DSA,sign,512,354656,4593
FN-DSA,sign,512,354066,4594
FN-DSA,sign,512,355013,4595
FN-DSA,sign,512,354062,4596
FN-DSA,sign,512,354488,4597
FN-DSA,sign,512,354300,4598
FN-DSA,sign,512,355405,4599
FN-DSA,sign,512,354798,4600
FN-DSA,sign,512,353987,4601
FN-DSA,sign,512,354482,4602
FN-DSA,sign,512,354218,4603
FN-DSA,sign,512,353482,4604
FN-DSA,sign,512,354115,4605
FN-DSA,sign,512,354432,4606
FN-DSA,sign,512,354200,4607
FN-DSA,sign,512,354948,4608
FN-DSA,sign,512,354192,4609
FN-DSA,sign,512,353938,4610
FN-DSA,sign,512,354833,4611
FN-DSA,sign,512,354488,4612
FN-DSA,sign,512,354370,4613
FN-DSA,sign,512,354110,4614
FN-DSA,sign,512,354259,4615
FN-DSA,sign,512,353494,4616
FN-DSA,sign,512,354935,4617
FN-DSA,sign,512,354979,4618
FN-DSA,sign,512,353808,4619
FN-DSA,sign,512,355335,4620
FN-DSA,sign,512,353515,4621
FN-DSA,sign,512,354798,4622
FN-DSA,sign,512,355155,4623
FN-DSA,sign,512,354195,4624
FN-DSA,sign,512,354447,4625
FN-DSA,sign,512,353541,4626
FN-DSA,sign,512,353447,4627
FN-DSA,sign,512,354251,4628
FN-DSA,sign,512,354467,4629
FN-DSA,sign,512,355639,4630
FN-DSA,sign,512,352780,4631
FN-DSA,sign,512,353954,4632
FN-DSA,sign,512,354564,4633
FN-DSA,sign,512,354937,4634
FN-DSA,sign,512,354330,4635
FN-DSA,sign,512,353548,4636
FN-DSA,sign,512,354395,4637
FN-DSA,sign,512,354219,4638
FN-DSA,sign,512,353163,4639
FN-DSA,sign,512,354085,4640
FN-DSA,sign,512,354215,4641
FN-DSA,sign,512,354213,4642
FN-DSA,sign,512,354773,4643
FN-DSA,sign,512,354050,4644
FN-DSA,sign,512,354570,4645
FN-DSA,sign,512,354297,4646
FN-DSA,sign,512,354451,4647
FN-DSA,sign,512,355509,4648
FN-DSA,sign,512,355635,4649
FN-DSA,sign,512,354991,4650
FN-DSA,sign,512,352850,4651
FN-DSA,sign,512,354280,4652
FN-DSA,sign,512,353953,4653
FN-DSA,sign,512,353398,4654
FN-DSA,sign,512,354298,4655
FN-DSA,sign,512,354334,4656
FN-DSA,sign,512,355130,4657
FN-DSA,sign,512,353000,4658
FN-DSA,sign,512,354080,4659
FN-DSA,sign,512,355285,4660
FN-DSA,sign,512,355231,4661
FN-DSA,sign,512,353967,4662
FN-DSA,sign,512,354529,4663
FN-DSA,sign,512,354552,4664
FN-DSA,sign,512,353449,4665
FN-DSA,sign,512,355353,4666
FN-DSA,sign,512,353402,4667
FN-DSA,sign,512,353301,4668
FN-DSA,sign,512,355681,4669
FN-DSA,sign,512,355236,4670
FN-DSA,sign,512,353800,4671
FN-DSA,sign,512,354948,4672
FN-DSA,sign,512,354642,4673
FN-DSA,sign,512,354088,4674
FN-DSA,sign,512,353629,4675
FN-DSA,sign,512,354630,4676
FN-DSA,sign,512,354104,4677
FN-DSA,sign,512,355116,4678
FN-DSA,sign,512,354403,4679
FN-DSA,sign,512,354266,4680
FN-DSA,sign,512,352831,4681
FN-DSA,sign,512,355065,4682
FN-DSA,sign,512,354102,4683
FN-DSA,sign,512,354689,4684
FN-DSA,sign,512,353789,4685
FN-DSA,sign,512,353798,4686
FN-DSA,sign,512,355151,4687
FN-DSA,sign,512,355347,4688
FN-DSA,sign,512,355035,4689
FN-DSA,sign,512,355268,4690
FN-DSA,sign,512,354687,4691
FN-DSA,sign,512,353716,4692
FN-DSA,sign,512,354273,4693
FN-DSA,sign,512,355181,4694
FN-DSA,sign,512,353696,4695
FN-DSA,sign,512,354759,4696
FN-DSA,sign,512,355266,4697
FN-DSA,sign,512,354945,4698
FN-DSA,sign,512,353652,4699
FN-DSA,sign,512,354395,4700
FN-DSA,sign,512,354377,4701
FN-DSA,sign,512,354757,4702
FN-DSA,sign,512,354416,4703
FN-DSA,sign,512,353782,4704
FN-DSA,sign,512,353729,4705
FN-DSA,sign,512,353702,4706
FN-DSA,sign,512,353332,4707
FN-DSA,sign,512,354802,4708
FN-DSA,sign,512,354094,4709
FN-DSA,sign,512,355084,4710
FN-DSA,sign,512,354136,4711
FN-DSA,sign,512,354222,4712
FN-DSA,sign,512,354315,4713
FN-DSA,sign,512,354484,4714
FN-DSA,sign,512,355143,4715
FN-DSA,sign,512,353665,4716
FN-DSA,sign,512,354584,4717
FN-DSA,sign,512,353996,4718
FN-DSA,sign,512,354200,4719
FN-DSA,sign,512,353400,4720
FN-DSA,sign,512,355200,4721
FN-DSA,sign,512,355413,4722
FN-DSA,sign,512,355420,4723
FN-DSA,sign,512,354982,4724
FN-DSA,sign,512,354281,4725
FN-DSA,sign,512,355234,4726
FN-DSA,sign,512,355618,4727
FN-DSA,sign,512,354516,4728
FN-DSA,sign,512,353835,4729
FN-DSA,sign,512,353603,4730
FN-DSA,sign,512,353540,4731
FN-DSA,sign,512,353768,4732
FN-DSA,sign,512,353637,4733
FN-DSA,sign,512,355211,4734
FN-DSA,sign,512,354680,4735
FN-DSA,sign,512,354928,4736
FN-DSA,sign,512,355531,4737
FN-DSA,sign,512,355121,4738
FN-DSA,sign,512,354217,4739
FN-DSA,sign,512,354117,4740
FN-DSA,sign,512,354918,4741
FN-DSA,sign,512,355052,4742
FN-DSA,sign,512,355097,4743
FN-DSA,sign,512,353701,4744
FN-DSA,sign,512,354251,4745
FN-DSA,sign,512,354773,4746
FN-DSA,sign,512,354229,4747
FN-DSA,sign,512,354432,4748
FN-DSA,sign,512,352877,4749
FN-DSA,sign,512,354544,4750
FN-DSA,sign,512,355617,4751
FN-DSA,sign,512,354235,4752
FN-DSA,sign,512,354578,4753
FN-DSA,sign,512,355187,4754
FN-DSA,sign,512,354366,4755
FN-DSA,sign,512,354670,4756
FN-DSA,sign,512,354268,4757
FN-DSA,sign,512,355615,4758
FN-DSA,sign,512,353834,4759
FN-DSA,sign,512,354202,4760
FN-DSA,sign,512,354767,4761
FN-DSA,sign,512,355686,4762
FN-DSA,sign,512,353837,4763
FN-DSA,sign,512,354535,4764
FN-DSA,sign,512,353856,4765
FN-DSA,sign,512,352944,4766
FN-DSA,sign,512,354916,4767
FN-DSA,sign,512,353949,4768
FN-DSA,sign,512,354851,4769
FN-DSA,sign,512,353956,4770
FN-DSA,sign,512,354504,4771
FN-DSA,sign,512,354363,4772
FN-DSA,sign,512,354252,4773
FN-DSA,sign,512,354129,4774
FN-DSA,sign,512,353446,4775
FN-DSA,sign,512,354135,4776
FN-DSA,sign,512,354262,4777
FN-DSA,sign,512,354301,4778
FN-DSA,sign,512,353498,4779
FN-DSA,sign,512,355433,4780
FN-DSA,sign,512,355314,4781
FN-DSA,sign,512,354601,4782
FN-DSA,sign,512,354534,4783
FN-DSA,sign,512,354216,4784
FN-DSA,sign,512,354433,4785
FN-DSA,sign,512,353819,4786
FN-DSA,sign,512,353544,4787
FN-DSA,sign,512,353646,4788
FN-DSA,sign,512,355753,4789
FN-DSA,sign,512,354264,4790
FN-DSA,sign,512,355320,4791
FN-DSA,sign,512,354433,4792
FN-DSA,sign,512,353535,4793
FN-DSA,sign,512,354200,4794
FN-DSA,sign,512,354948,4795
FN-DSA,sign,512,354413,4796
FN-DSA,sign,512,354352,4797
FN-DSA,sign,512,356165,4798
FN-DSA,sign,512,355131,4799
FN-DSA,sign,512,354403,4800
FN-DSA,sign,512,355279,4801
FN-DSA,sign,512,354457,4802
FN-DSA,sign,512,353262,4803
FN-DSA,sign,512,354869,4804
FN-DSA,sign,512,355355,4805
FN-DSA,sign,512,354955,4806
FN-DSA,sign,512,354569,4807
FN-DSA,sign,512,354361,4808
FN-DSA,sign,512,354273,4809
FN-DSA,sign,512,355273,4810
FN-DSA,sign,512,354668,4811
FN-DSA,sign,512,353982,4812
FN-DSA,sign,512,354767,4813
FN-DSA,sign,512,353446,4814
FN-DSA,sign,512,353435,4815
FN-DSA,sign,512,354596,4816
FN-DSA,sign,512,355137,4817
FN-DSA,sign,512,355082,4818
FN-DSA,sign,512,354684,4819
FN-DSA,sign,512,355511,4820
FN-DSA,sign,512,353615,4821
FN-DSA,sign,512,354162,4822
FN-DSA,sign,512,354567,4823
FN-DSA,sign,512,355168,4824
FN-DSA,sign,512,355269,4825
FN-DSA,sign,512,354631,4826
FN-DSA,sign,512,353703,4827
FN-DSA,sign,512,354297,4828
FN-DSA,sign,512,353351,4829
FN-DSA,sign,512,354264,4830
FN-DSA,sign,512,355155,4831
FN-DSA,sign,512,355199,4832
FN-DSA,sign,512,355269,4833
FN-DSA,sign,512,353966,4834
FN-DSA,sign,512,354386,4835
FN-DSA,sign,512,355766,4836
FN-DSA,sign,512,355805,4837
FN-DSA,sign,512,354049,4838
FN-DSA,sign,512,354152,4839
FN-DSA,sign,512,354914,4840
FN-DSA,sign,512,355031,4841
FN-DSA,sign,512,354329,4842
FN-DSA,sign,512,355868,4843
FN-DSA,sign,512,354886,4844
FN-DSA,sign,512,354964,4845
FN-DSA,sign,512,354435,4846
FN-DSA,sign,512,353487,4847
FN-DSA,sign,512,353496,4848
FN-DSA,sign,512,354350,4849
FN-DSA,sign,512,354320,4850
FN-DSA,sign,512,354400,4851
FN-DSA,sign,512,353101,4852
FN-DSA,sign,512,354778,4853
FN-DSA,sign,512,354813,4854
FN-DSA,sign,512,354953,4855
FN-DSA,sign,512,354345,4856
FN-DSA,sign,512,354351,4857
FN-DSA,sign,512,354990,4858
FN-DSA,sign,512,354821,4859
FN-DSA,sign,512,354465,4860
FN-DSA,sign,512,355270,4861
FN-DSA,sign,512,354350,4862
FN-DSA,sign,512,354502,4863
FN-DSA,sign,512,353767,4864
FN-DSA,sign,512,353545,4865
FN-DSA,sign,512,353554,4866
FN-DSA,sign,512,353467,4867
FN-DSA,sign,512,354335,4868
FN-DSA,sign,512,354168,4869
FN-DSA,sign,512,354553,4870
FN-DSA,sign,512,356065,4871
FN-DSA,sign,512,354563,4872
FN-DSA,sign,512,354439,4873
FN-DSA,sign,512,354314,4874
FN-DSA,sign,512,355203,4875
FN-DSA,sign,512,353963,4876
FN-DSA,sign,512,355082,4877
FN-DSA,sign,512,355227,4878
FN-DSA,sign,512,354468,4879
FN-DSA,sign,512,354628,4880
FN-DSA,sign,512,355237,4881
FN-DSA,sign,512,354281,4882
FN-DSA,sign,512,355784,4883
FN-DSA,sign,512,356321,4884
FN-DSA,sign,512,352896,4885
FN-DSA,sign,512,354666,4886
FN-DSA,sign,512,355059,4887
FN-DSA,sign,512,353439,4888
FN-DSA,sign,512,354315,4889
FN-DSA,sign,512,355073,4890
FN-DSA,sign,512,355168,4891
FN-DSA,sign,512,353782,4892
FN-DSA,sign,512,354050,4893
FN-DSA,sign,512,354212,4894
FN-DSA,sign,512,355228,4895
FN-DSA,sign,512,353811,4896
FN-DSA,sign,512,354284,4897
FN-DSA,sign,512,355483,4898
FN-DSA,sign,512,355620,4899
FN-DSA,sign,512,354849,4900
FN-DSA,sign,512,353334,4901
FN-DSA,sign,512,353630,4902
FN-DSA,sign,512,353605,4903
FN-DSA,sign,512,354301,4904
FN-DSA,sign,512,353945,4905
FN-DSA,sign,512,354316,4906
FN-DSA,sign,512,353714,4907
FN-DSA,sign,512,356039,4908
FN-DSA,sign,512,355068,4909
FN-DSA,sign,512,354965,4910
FN-DSA,sign,512,355033,4911
FN-DSA,sign,512,354230,4912
FN-DSA,sign,512,354568,4913
FN-DSA,sign,512,354933,4914
FN-DSA,sign,512,353349,4915
FN-DSA,sign,512,354079,4916
FN-DSA,sign,512,353761,4917
FN-DSA,sign,512,353766,4918
FN-DSA,sign,512,354114,4919
FN-DSA,sign,512,354186,4920
FN-DSA,sign,512,354164,4921
FN-DSA,sign,512,354604,4922
FN-DSA,sign,512,354113,4923
FN-DSA,sign,512,354193,4924
FN-DSA,sign,512,354318,4925
FN-DSA,sign,512,354234,4926
FN-DSA,sign,512,354420,4927
FN-DSA,sign,512,354832,4928
FN-DSA,sign,512,355071,4929
FN-DSA,sign,512,354084,4930
FN-DSA,sign,512,355037,4931
FN-DSA,sign,512,354510,4932
FN-DSA,sign,512,353509,4933
FN-DSA,sign,512,354445,4934
FN-DSA,sign,512,353847,4935
FN-DSA,sign,512,355233,4936
FN-DSA,sign,512,354532,4937
FN-DSA,sign,512,354818,4938
FN-DSA,sign,512,354631,4939
FN-DSA,sign,512,354880,4940
FN-DSA,sign,512,353262,4941
FN-DSA,sign,512,354399,4942
FN-DSA,sign,512,354570,4943
FN-DSA,sign,512,354238,4944
FN-DSA,sign,512,353773,4945
FN-DSA,sign,512,353930,4946
FN-DSA,sign,512,353947,4947
FN-DSA,sign,512,355247,4948
FN-DSA,sign,512,354539,4949
FN-DSA,sign,512,354417,4950
FN-DSA,sign,512,353680,4951
FN-DSA,sign,512,353934,4952
FN-DSA,sign,512,354153,4953
FN-DSA,sign,512,355170,4954
FN-DSA,sign,512,354534,4955
FN-DSA,sign,512,354051,4956
FN-DSA,sign,512,354181,4957
FN-DSA,sign,512,354183,4958
FN-DSA,sign,512,354501,4959
FN-DSA,sign,512,355166,4960
FN-DSA,sign,512,354477,4961
FN-DSA,sign,512,353767,4962
FN-DSA,sign,512,354470,4963
FN-DSA,sign,512,354122,4964
FN-DSA,sign,512,354501,4965
FN-DSA,sign,512,354453,4966
FN-DSA,sign,512,355363,4967
FN-DSA,sign,512,355520,4968
FN-DSA,sign,512,354251,4969
FN-DSA,sign,512,354034,4970
FN-DSA,sign,512,354082,4971
FN-DSA,sign,512,354304,4972
FN-DSA,sign,512,355216,4973
FN-DSA,sign,512,354320,4974
FN-DSA,sign,512,354683,4975
FN-DSA,sign,512,354485,4976
FN-DSA,sign,512,354268,4977
FN-DSA,sign,512,353852,4978
FN-DSA,sign,512,353650,4979
FN-DSA,sign,512,354546,4980
FN-DSA,sign,512,355155,4981
FN-DSA,sign,512,354564,4982
FN-DSA,sign,512,354388,4983
FN-DSA,sign,512,354449,4984
FN-DSA,sign,512,355070,4985
FN-DSA,sign,512,355517,4986
FN-DSA,sign,512,354499,4987
FN-DSA,sign,512,354466,4988
FN-DSA,sign,512,354809,4989
FN-DSA,sign,512,354819,4990
FN-DSA,sign,512,353296,4991
FN-DSA,sign,512,355633,4992
FN-DSA,sign,512,354607,4993
FN-DSA,sign,512,353788,4994
FN-DSA,sign,512,355090,4995
FN-DSA,sign,512,353197,4996
FN-DSA,sign,512,353236,4997
FN-DSA,sign,512,355211,4998
FN-DSA,sign,512,354772,4999
FN-DSA,sign,512,353368,5000
FN-DSA,sign,512,352732,5001
FN-DSA,sign,512,354766,5002
FN-DSA,sign,512,354233,5003
FN-DSA,sign,512,354015,5004
FN-DSA,sign,512,355347,5005
FN-DSA,sign,512,353318,5006
FN-DSA,sign,512,353295,5007
FN-DSA,sign,512,354501,5008
FN-DSA,sign,512,354428,5009
FN-DSA,sign,512,354866,5010
FN-DSA,sign,512,354955,5011
FN-DSA,sign,512,354203,5012
FN-DSA,sign,512,354830,5013
FN-DSA,sign,512,353738,5014
FN-DSA,sign,512,353800,5015
FN-DSA,sign,512,353932,5016
FN-DSA,sign,512,355305,5017
FN-DSA,sign,512,355036,5018
FN-DSA,sign,512,353834,5019
FN-DSA,sign,512,355014,5020
FN-DSA,sign,512,354349,5021
FN-DSA,sign,512,354931,5022
FN-DSA,sign,512,353817,5023
FN-DSA,sign,512,354179,5024
FN-DSA,sign,512,354505,5025
FN-DSA,sign,512,353945,5026
FN-DSA,sign,512,352900,5027
FN-DSA,sign,512,355750,5028
FN-DSA,sign,512,355067,5029
FN-DSA,sign,512,354832,5030
FN-DSA,sign,512,353453,5031
FN-DSA,sign,512,354166,5032
FN-DSA,sign,512,354066,5033
FN-DSA,sign,512,354565,5034
FN-DSA,sign,512,353546,5035
FN-DSA,sign,512,354949,5036
FN-DSA,sign,512,354920,5037
FN-DSA,sign,512,354915,5038
FN-DSA,sign,512,354902,5039
FN-DSA,sign,512,354467,5040
FN-DSA,sign,512,353833,5041
FN-DSA,sign,512,354080,5042
FN-DSA,sign,512,354496,5043
FN-DSA,sign,512,355352,5044
FN-DSA,sign,512,353664,5045
FN-DSA,sign,512,355517,5046
FN-DSA,sign,512,354231,5047
FN-DSA,sign,512,354980,5048
FN-DSA,sign,512,355215,5049
FN-DSA,sign,512,354867,5050
FN-DSA,sign,512,354670,5051
FN-DSA,sign,512,354927,5052
FN-DSA,sign,512,355068,5053
FN-DSA,sign,512,354332,5054
FN-DSA,sign,512,354501,5055
FN-DSA,sign,512,354949,5056
FN-DSA,sign,512,354229,5057
FN-DSA,sign,512,353663,5058
FN-DSA,sign,512,354270,5059
FN-DSA,sign,512,353681,5060
FN-DSA,sign,512,355204,5061
FN-DSA,sign,512,354230,5062
FN-DSA,sign,512,353785,5063
FN-DSA,sign,512,353213,5064
FN-DSA,sign,512,355004,5065
FN-DSA,sign,512,355166,5066
FN-DSA,sign,512,353936,5067
FN-DSA,sign,512,354634,5068
FN-DSA,sign,512,353750,5069
FN-DSA,sign,512,354572,5070
FN-DSA,sign,512,354898,5071
FN-DSA,sign,512,353847,5072
FN-DSA,sign,512,354906,5073
FN-DSA,sign,512,354202,5074
FN-DSA,sign,512,354532,5075
FN-DSA,sign,512,354153,5076
FN-DSA,sign,512,354286,5077
FN-DSA,sign,512,352987,5078
FN-DSA,sign,512,354435,5079
FN-DSA,sign,512,354814,5080
FN-DSA,sign,512,354016,5081
FN-DSA,sign,512,354184,5082
FN-DSA,sign,512,354601,5083
FN-DSA,sign,512,354797,5084
FN-DSA,sign,512,353550,5085
FN-DSA,sign,512,354963,5086
FN-DSA,sign,512,355411,5087
FN-DSA,sign,512,353700,5088
FN-DSA,sign,512,353816,5089
FN-DSA,sign,512,354915,5090
FN-DSA,sign,512,355723,5091
FN-DSA,sign,512,354891,5092
FN-DSA,sign,512,353208,5093
FN-DSA,sign,512,355094,5094
FN-DSA,sign,512,355116,5095
FN-DSA,sign,512,353301,5096
FN-DSA,sign,512,354832,5097
FN-DSA,sign,512,354796,5098
FN-DSA,sign,512,354029,5099
FN-DSA,sign,512,355350,5100
FN-DSA,sign,512,354615,5101
FN-DSA,sign,512,355221,5102
FN-DSA,sign,512,353953,5103
FN-DSA,sign,512,355134,5104
FN-DSA,sign,512,354267,5105
FN-DSA,sign,512,354300,5106
FN-DSA,sign,512,353442,5107
FN-DSA,sign,512,354784,5108
FN-DSA,sign,512,354232,5109
FN-DSA,sign,512,353297,5110
FN-DSA,sign,512,353970,5111
FN-DSA,sign,512,353650,5112
FN-DSA,sign,512,354049,5113
FN-DSA,sign,512,354255,5114
FN-DSA,sign,512,354911,5115
FN-DSA,sign,512,355171,5116
FN-DSA,sign,512,354633,5117
FN-DSA,sign,512,354780,5118
FN-DSA,sign,512,354199,5119
FN-DSA,sign,512,355214,5120
FN-DSA,sign,512,353337,5121
FN-DSA,sign,512,353950,5122
FN-DSA,sign,512,354890,5123
FN-DSA,sign,512,354626,5124
FN-DSA,sign,512,354021,5125
FN-DSA,sign,512,354267,5126
FN-DSA,sign,512,354515,5127
FN-DSA,sign,512,354281,5128
FN-DSA,sign,512,353932,5129
FN-DSA,sign,512,354315,5130
FN-DSA,sign,512,354303,5131
FN-DSA,sign,512,354249,5132
FN-DSA,sign,512,354013,5133
FN-DSA,sign,512,355273,5134
FN-DSA,sign,512,353762,5135
FN-DSA,sign,512,354889,5136
FN-DSA,sign,512,353997,5137
FN-DSA,sign,512,354063,5138
FN-DSA,sign,512,354369,5139
FN-DSA,sign,512,354687,5140
FN-DSA,sign,512,355100,5141
FN-DSA,sign,512,355307,5142
FN-DSA,sign,512,354679,5143
FN-DSA,sign,512,354106,5144
FN-DSA,sign,512,355085,5145
FN-DSA,sign,512,353516,5146
FN-DSA,sign,512,353968,5147
FN-DSA,sign,512,355004,5148
FN-DSA,sign,512,354815,5149
FN-DSA,sign,512,353620,5150
FN-DSA,sign,512,354470,5151
FN-DSA,sign,512,352881,5152
FN-DSA,sign,512,354818,5153
FN-DSA,sign,512,353833,5154
FN-DSA,sign,512,354612,5155
FN-DSA,sign,512,355056,5156
FN-DSA,sign,512,352517,5157
FN-DSA,sign,512,355735,5158
FN-DSA,sign,512,355382,5159
FN-DSA,sign,512,354031,5160
FN-DSA,sign,512,354347,5161
FN-DSA,sign,512,354186,5162
FN-DSA,sign,512,355056,5163
FN-DSA,sign,512,354344,5164
FN-DSA,sign,512,355507,5165
FN-DSA,sign,512,353792,5166
FN-DSA,sign,512,355137,5167
FN-DSA,sign,512,354516,5168
FN-DSA,sign,512,355069,5169
FN-DSA,sign,512,354583,5170
FN-DSA,sign,512,354456,5171
FN-DSA,sign,512,353399,5172
FN-DSA,sign,512,354257,5173
FN-DSA,sign,512,354866,5174
FN-DSA,sign,512,354071,5175
FN-DSA,sign,512,355746,5176
FN-DSA,sign,512,353788,5177
FN-DSA,sign,512,355431,5178
FN-DSA,sign,512,355168,5179
FN-DSA,sign,512,355015,5180
FN-DSA,sign,512,354469,5181
FN-DSA,sign,512,355616,5182
FN-DSA,sign,512,354342,5183
FN-DSA,sign,512,355350,5184
FN-DSA,sign,512,354396,5185
FN-DSA,sign,512,354599,5186
FN-DSA,sign,512,354835,5187
FN-DSA,sign,512,356086,5188
FN-DSA,sign,512,353613,5189
FN-DSA,sign,512,353712,5190
FN-DSA,sign,512,354456,5191
FN-DSA,sign,512,355628,5192
FN-DSA,sign,512,354181,5193
FN-DSA,sign,512,354428,5194
FN-DSA,sign,512,355974,5195
FN-DSA,sign,512,356305,5196
FN-DSA,sign,512,354483,5197
FN-DSA,sign,512,353506,5198
FN-DSA,sign,512,354198,5199
FN-DSA,sign,512,353695,5200
FN-DSA,sign,512,353665,5201
FN-DSA,sign,512,354982,5202
FN-DSA,sign,512,354003,5203
FN-DSA,sign,512,353795,5204
FN-DSA,sign,512,355216,5205
FN-DSA,sign,512,354501,5206
FN-DSA,sign,512,353583,5207
FN-DSA,sign,512,353336,5208
FN-DSA,sign,512,354820,5209
FN-DSA,sign,512,354176,5210
FN-DSA,sign,512,354338,5211
FN-DSA,sign,512,354333,5212
FN-DSA,sign,512,355636,5213
FN-DSA,sign,512,354882,5214
FN-DSA,sign,512,354221,5215
FN-DSA,sign,512,353781,5216
FN-DSA,sign,512,354509,5217
FN-DSA,sign,512,354430,5218
FN-DSA,sign,512,354130,5219
FN-DSA,sign,512,353662,5220
FN-DSA,sign,512,354243,5221
FN-DSA,sign,512,354248,5222
FN-DSA,sign,512,354400,5223
FN-DSA,sign,512,354685,5224
FN-DSA,sign,512,355183,5225
FN-DSA,sign,512,355032,5226
FN-DSA,sign,512,353513,5227
FN-DSA,sign,512,355087,5228
FN-DSA,sign,512,355066,5229
FN-DSA,sign,512,354821,5230
FN-DSA,sign,512,355682,5231
FN-DSA,sign,512,355132,5232
FN-DSA,sign,512,354418,5233
FN-DSA,sign,512,354466,5234
FN-DSA,sign,512,353681,5235
FN-DSA,sign,512,354168,5236
FN-DSA,sign,512,354645,5237
FN-DSA,sign,512,354039,5238
FN-DSA,sign,512,354762,5239
FN-DSA,sign,512,354216,5240
FN-DSA,sign,512,354516,5241
FN-DSA,sign,512,354602,5242
FN-DSA,sign,512,354848,5243
FN-DSA,sign,512,355990,5244
FN-DSA,sign,512,354447,5245
FN-DSA,sign,512,353457,5246
FN-DSA,sign,512,354198,5247
FN-DSA,sign,512,355218,5248
FN-DSA,sign,512,354164,5249
FN-DSA,sign,512,355460,5250
FN-DSA,sign,512,354844,5251
FN-DSA,sign,512,354297,5252
FN-DSA,sign,512,354882,5253
FN-DSA,sign,512,353949,5254
FN-DSA,sign,512,353552,5255
FN-DSA,sign,512,353099,5256
FN-DSA,sign,512,353721,5257
FN-DSA,sign,512,353780,5258
FN-DSA,sign,512,354455,5259
FN-DSA,sign,512,354398,5260
FN-DSA,sign,512,353932,5261
FN-DSA,sign,512,355271,5262
FN-DSA,sign,512,354248,5263
FN-DSA,sign,512,354635,5264
FN-DSA,sign,512,355315,5265
FN-DSA,sign,512,353748,5266
FN-DSA,sign,512,354081,5267
FN-DSA,sign,512,354501,5268
FN-DSA,sign,512,353782,5269
FN-DSA,sign,512,354585,5270
FN-DSA,sign,512,354384,5271
FN-DSA,sign,512,355302,5272
FN-DSA,sign,512,354546,5273
FN-DSA,sign,512,353850,5274
FN-DSA,sign,512,355913,5275
FN-DSA,sign,512,354198,5276
FN-DSA,sign,512,353482,5277
FN-DSA,sign,512,354488,5278
FN-DSA,sign,512,353366,5279
FN-DSA,sign,512,354121,5280
FN-DSA,sign,512,354845,5281
FN-DSA,sign,512,352616,5282
FN-DSA,sign,512,354290,5283
FN-DSA,sign,512,354399,5284
FN-DSA,sign,512,354352,5285
FN-DSA,sign,512,354276,5286
FN-DSA,sign,512,353806,5287
FN-DSA,sign,512,355117,5288
FN-DSA,sign,512,354946,5289
FN-DSA,sign,512,354496,5290
FN-DSA,sign,512,354836,5291
FN-DSA,sign,512,354180,5292
FN-DSA,sign,512,354218,5293
FN-DSA,sign,512,355214,5294
FN-DSA,sign,512,354885,5295
FN-DSA,sign,512,354461,5296
FN-DSA,sign,512,354487,5297
FN-DSA,sign,512,354633,5298
FN-DSA,sign,512,354152,5299
FN-DSA,sign,512,355512,5300
FN-DSA,sign,512,355157,5301
FN-DSA,sign,512,353342,5302
FN-DSA,sign,512,354522,5303
FN-DSA,sign,512,353850,5304
FN-DSA,sign,512,355118,5305
FN-DSA,sign,512,353148,5306
FN-DSA,sign,512,354790,5307
FN-DSA,sign,512,352712,5308
FN-DSA,sign,512,354367,5309
FN-DSA,sign,512,354248,5310
FN-DSA,sign,512,353767,5311
FN-DSA,sign,512,354315,5312
FN-DSA,sign,512,354591,5313
FN-DSA,sign,512,354057,5314
FN-DSA,sign,512,353234,5315
FN-DSA,sign,512,354885,5316
FN-DSA,sign,512,355204,5317
FN-DSA,sign,512,353432,5318
FN-DSA,sign,512,354566,5319
FN-DSA,sign,512,354651,5320
FN-DSA,sign,512,355852,5321
FN-DSA,sign,512,354951,5322
FN-DSA,sign,512,354005,5323
FN-DSA,sign,512,355065,5324
FN-DSA,sign,512,353986,5325
FN-DSA,sign,512,354505,5326
FN-DSA,sign,512,355219,5327
FN-DSA,sign,512,353600,5328
FN-DSA,sign,512,354238,5329
FN-DSA,sign,512,355365,5330
FN-DSA,sign,512,353135,5331
FN-DSA,sign,512,353478,5332
FN-DSA,sign,512,354325,5333
FN-DSA,sign,512,353931,5334
FN-DSA,sign,512,355115,5335
FN-DSA,sign,512,353297,5336
FN-DSA,sign,512,354682,5337
FN-DSA,sign,512,353939,5338
FN-DSA,sign,512,354336,5339
FN-DSA,sign,512,353967,5340
FN-DSA,sign,512,353853,5341
FN-DSA,sign,512,355835,5342
FN-DSA,sign,512,356497,5343
FN-DSA,sign,512,354547,5344
FN-DSA,sign,512,354827,5345
FN-DSA,sign,512,353684,5346
FN-DSA,sign,512,353584,5347
FN-DSA,sign,512,355432,5348
FN-DSA,sign,512,353103,5349
FN-DSA,sign,512,354587,5350
FN-DSA,sign,512,352973,5351
FN-DSA,sign,512,354417,5352
FN-DSA,sign,512,354267,5353
FN-DSA,sign,512,354821,5354
FN-DSA,sign,512,355465,5355
FN-DSA,sign,512,354605,5356
FN-DSA,sign,512,354100,5357
FN-DSA,sign,512,353812,5358
FN-DSA,sign,512,354250,5359
FN-DSA,sign,512,354110,5360
FN-DSA,sign,512,353654,5361
FN-DSA,sign,512,354620,5362
FN-DSA,sign,512,353136,5363
FN-DSA,sign,512,355704,5364
FN-DSA,sign,512,353733,5365
FN-DSA,sign,512,354516,5366
FN-DSA,sign,512,353821,5367
FN-DSA,sign,512,354482,5368
FN-DSA,sign,512,355149,5369
FN-DSA,sign,512,354330,5370
FN-DSA,sign,512,354157,5371
FN-DSA,sign,512,354337,5372
FN-DSA,sign,512,353632,5373
FN-DSA,sign,512,353930,5374
FN-DSA,sign,512,354530,5375
FN-DSA,sign,512,354815,5376
FN-DSA,sign,512,354961,5377
FN-DSA,sign,512,354888,5378
FN-DSA,sign,512,355376,5379
FN-DSA,sign,512,356588,5380
FN-DSA,sign,512,354861,5381
FN-DSA,sign,512,353229,5382
FN-DSA,sign,512,355650,5383
FN-DSA,sign,512,354070,5384
FN-DSA,sign,512,355468,5385
FN-DSA,sign,512,355119,5386
FN-DSA,sign,512,354512,5387
FN-DSA,sign,512,354086,5388
FN-DSA,sign,512,354934,5389
FN-DSA,sign,512,355369,5390
FN-DSA,sign,512,354331,5391
FN-DSA,sign,512,352786,5392
FN-DSA,sign,512,355735,5393
FN-DSA,sign,512,354185,5394
FN-DSA,sign,512,354947,5395
FN-DSA,sign,512,354000,5396
FN-DSA,sign,512,353630,5397
FN-DSA,sign,512,355773,5398
FN-DSA,sign,512,353615,5399
FN-DSA,sign,512,355820,5400
FN-DSA,sign,512,354616,5401
FN-DSA,sign,512,355084,5402
FN-DSA,sign,512,354195,5403
FN-DSA,sign,512,354404,5404
FN-DSA,sign,512,355462,5405
FN-DSA,sign,512,354268,5406
FN-DSA,sign,512,355353,5407
FN-DSA,sign,512,353935,5408
FN-DSA,sign,512,354465,5409
FN-DSA,sign,512,354437,5410
FN-DSA,sign,512,355235,5411
FN-DSA,sign,512,355020,5412
FN-DSA,sign,512,353467,5413
FN-DSA,sign,512,355057,5414
FN-DSA,sign,512,353983,5415
FN-DSA,sign,512,353417,5416
FN-DSA,sign,512,355102,5417
FN-DSA,sign,512,354639,5418
FN-DSA,sign,512,354132,5419
FN-DSA,sign,512,354403,5420
FN-DSA,sign,512,355935,5421
FN-DSA,sign,512,355767,5422
FN-DSA,sign,512,353585,5423
FN-DSA,sign,512,354230,5424
FN-DSA,sign,512,354018,5425
FN-DSA,sign,512,355150,5426
FN-DSA,sign,512,354235,5427
FN-DSA,sign,512,354601,5428
FN-DSA,sign,512,353801,5429
FN-DSA,sign,512,354056,5430
FN-DSA,sign,512,353554,5431
FN-DSA,sign,512,355320,5432
FN-DSA,sign,512,354048,5433
FN-DSA,sign,512,355370,5434
FN-DSA,sign,512,354550,5435
FN-DSA,sign,512,353399,5436
FN-DSA,sign,512,354636,5437
FN-DSA,sign,512,353843,5438
FN-DSA,sign,512,354347,5439
FN-DSA,sign,512,354546,5440
FN-DSA,sign,512,354490,5441
FN-DSA,sign,512,354787,5442
FN-DSA,sign,512,354883,5443
FN-DSA,sign,512,354565,5444
FN-DSA,sign,512,354921,5445
FN-DSA,sign,512,354455,5446
FN-DSA,sign,512,355868,5447
FN-DSA,sign,512,353635,5448
FN-DSA,sign,512,354337,5449
FN-DSA,sign,512,354317,5450
FN-DSA,sign,512,353746,5451
FN-DSA,sign,512,355437,5452
FN-DSA,sign,512,353645,5453
FN-DSA,sign,512,356203,5454
FN-DSA,sign,512,353935,5455
FN-DSA,sign,512,354990,5456
FN-DSA,sign,512,354847,5457
FN-DSA,sign,512,354030,5458
FN-DSA,sign,512,353927,5459
FN-DSA,sign,512,353812,5460
FN-DSA,sign,512,355120,5461
FN-DSA,sign,512,354529,5462
FN-DSA,sign,512,354386,5463
FN-DSA,sign,512,353848,5464
FN-DSA,sign,512,354474,5465
FN-DSA,sign,512,354265,5466
FN-DSA,sign,512,354768,5467
FN-DSA,sign,512,355333,5468
FN-DSA,sign,512,354070,5469
FN-DSA,sign,512,355032,5470
FN-DSA,sign,512,354476,5471
FN-DSA,sign,512,355506,5472
FN-DSA,sign,512,356037,5473
FN-DSA,sign,512,354921,5474
FN-DSA,sign,512,355515,5475
FN-DSA,sign,512,354201,5476
FN-DSA,sign,512,353431,5477
FN-DSA,sign,512,354784,5478
FN-DSA,sign,512,355198,5479
FN-DSA,sign,512,353716,5480
FN-DSA,sign,512,353980,5481
FN-DSA,sign,512,353723,5482
FN-DSA,sign,512,354452,5483
FN-DSA,sign,512,354809,5484
FN-DSA,sign,512,355237,5485
FN-DSA,sign,512,354125,5486
FN-DSA,sign,512,354900,5487
FN-DSA,sign,512,353818,5488
FN-DSA,sign,512,353383,5489
FN-DSA,sign,512,354566,5490
FN-DSA,sign,512,353721,5491
FN-DSA,sign,512,353213,5492
FN-DSA,sign,512,355295,5493
FN-DSA,sign,512,354662,5494
FN-DSA,sign,512,354352,5495
FN-DSA,sign,512,354960,5496
FN-DSA,sign,512,355188,5497
FN-DSA,sign,512,353849,5498
FN-DSA,sign,512,355093,5499
FN-DSA,sign,512,355367,5500
FN-DSA,sign,512,354525,5501
FN-DSA,sign,512,355646,5502
FN-DSA,sign,512,353807,5503
FN-DSA,sign,512,353514,5504
FN-DSA,sign,512,354700,5505
FN-DSA,sign,512,354501,5506
FN-DSA,sign,512,355918,5507
FN-DSA,sign,512,353443,5508
FN-DSA,sign,512,354183,5509
FN-DSA,sign,512,354329,5510
FN-DSA,sign,512,354922,5511
FN-DSA,sign,512,354312,5512
FN-DSA,sign,512,355268,5513
FN-DSA,sign,512,355403,5514
FN-DSA,sign,512,353945,5515
FN-DSA,sign,512,354331,5516
FN-DSA,sign,512,354552,5517
FN-DSA,sign,512,353800,5518
FN-DSA,sign,512,355286,5519
FN-DSA,sign,512,353499,5520
FN-DSA,sign,512,354405,5521
FN-DSA,sign,512,353964,5522
FN-DSA,sign,512,354335,5523
FN-DSA,sign,512,354914,5524
FN-DSA,sign,512,354202,5525
FN-DSA,sign,512,354996,5526
FN-DSA,sign,512,354920,5527
FN-DSA,sign,512,353699,5528
FN-DSA,sign,512,354112,5529
FN-DSA,sign,512,354495,5530
FN-DSA,sign,512,354534,5531
FN-DSA,sign,512,354412,5532
FN-DSA,sign,512,355199,5533
FN-DSA,sign,512,353982,5534
FN-DSA,sign,512,354851,5535
FN-DSA,sign,512,354384,5536
FN-DSA,sign,512,355904,5537
FN-DSA,sign,512,354901,5538
FN-DSA,sign,512,353963,5539
FN-DSA,sign,512,354547,5540
FN-DSA,sign,512,353733,5541
FN-DSA,sign,512,354779,5542
FN-DSA,sign,512,355402,5543
FN-DSA,sign,512,354763,5544
FN-DSA,sign,512,354187,5545
FN-DSA,sign,512,352979,5546
FN-DSA,sign,512,354332,5547
FN-DSA,sign,512,354682,5548
FN-DSA,sign,512,355954,5549
FN-DSA,sign,512,353795,5550
FN-DSA,sign,512,354418,5551
FN-DSA,sign,512,355368,5552
FN-DSA,sign,512,353836,5553
FN-DSA,sign,512,353971,5554
FN-DSA,sign,512,354798,5555
FN-DSA,sign,512,353512,5556
FN-DSA,sign,512,353834,5557
FN-DSA,sign,512,355485,5558
FN-DSA,sign,512,353460,5559
FN-DSA,sign,512,355468,5560
FN-DSA,sign,512,353933,5561
FN-DSA,sign,512,354967,5562
FN-DSA,sign,512,354795,5563
FN-DSA,sign,512,353778,5564
FN-DSA,sign,512,354333,5565
FN-DSA,sign,512,353650,5566
FN-DSA,sign,512,353980,5567
FN-DSA,sign,512,354621,5568
FN-DSA,sign,512,354858,5569
FN-DSA,sign,512,355733,5570
FN-DSA,sign,512,353930,5571
FN-DSA,sign,512,355122,5572
FN-DSA,sign,512,354951,5573
FN-DSA,sign,512,355821,5574
FN-DSA,sign,512,354932,5575
FN-DSA,sign,512,354800,5576
FN-DSA,sign,512,354146,5577
FN-DSA,sign,512,355236,5578
FN-DSA,sign,512,354785,5579
FN-DSA,sign,512,354255,5580
FN-DSA,sign,512,354829,5581
FN-DSA,sign,512,355089,5582
FN-DSA,sign,512,354382,5583
FN-DSA,sign,512,354849,5584
FN-DSA,sign,512,354981,5585
FN-DSA,sign,512,354995,5586
FN-DSA,sign,512,354480,5587
FN-DSA,sign,512,354855,5588
FN-DSA,sign,512,353836,5589
FN-DSA,sign,512,354436,5590
FN-DSA,sign,512,355067,5591
FN-DSA,sign,512,353969,5592
FN-DSA,sign,512,354564,5593
FN-DSA,sign,512,354636,5594
FN-DSA,sign,512,354063,5595
FN-DSA,sign,512,354219,5596
FN-DSA,sign,512,355066,5597
FN-DSA,sign,512,354517,5598
FN-DSA,sign,512,354193,5599
FN-DSA,sign,512,353832,5600
FN-DSA,sign,512,354880,5601
FN-DSA,sign,512,354269,5602
FN-DSA,sign,512,354092,5603
FN-DSA,sign,512,354550,5604
FN-DSA,sign,512,353551,5605
FN-DSA,sign,512,354320,5606
FN-DSA,sign,512,354399,5607
FN-DSA,sign,512,354632,5608
FN-DSA,sign,512,354464,5609
FN-DSA,sign,512,354047,5610
FN-DSA,sign,512,353349,5611
FN-DSA,sign,512,354880,5612
FN-DSA,sign,512,353356,5613
FN-DSA,sign,512,354466,5614
FN-DSA,sign,512,355681,5615
FN-DSA,sign,512,354447,5616
FN-DSA,sign,512,355899,5617
FN-DSA,sign,512,354493,5618
FN-DSA,sign,512,354337,5619
FN-DSA,sign,512,354179,5620
FN-DSA,sign,512,354299,5621
FN-DSA,sign,512,355099,5622
FN-DSA,sign,512,354828,5623
FN-DSA,sign,512,354979,5624
FN-DSA,sign,512,354616,5625
FN-DSA,sign,512,354015,5626
FN-DSA,sign,512,354421,5627
FN-DSA,sign,512,353518,5628
FN-DSA,sign,512,354607,5629
FN-DSA,sign,512,354485,5630
FN-DSA,sign,512,354588,5631
FN-DSA,sign,512,354083,5632
FN-DSA,sign,512,353575,5633
FN-DSA,sign,512,354424,5634
FN-DSA,sign,512,353614,5635
FN-DSA,sign,512,354901,5636
FN-DSA,sign,512,353735,5637
FN-DSA,sign,512,353564,5638
FN-DSA,sign,512,352427,5639
FN-DSA,sign,512,354001,5640
FN-DSA,sign,512,354222,5641
FN-DSA,sign,512,355622,5642
FN-DSA,sign,512,355649,5643
FN-DSA,sign,512,354765,5644
FN-DSA,sign,512,355298,5645
FN-DSA,sign,512,354593,5646
FN-DSA,sign,512,354782,5647
FN-DSA,sign,512,355100,5648
FN-DSA,sign,512,355617,5649
FN-DSA,sign,512,353547,5650
FN-DSA,sign,512,355655,5651
FN-DSA,sign,512,355116,5652
FN-DSA,sign,512,354269,5653
FN-DSA,sign,512,354931,5654
FN-DSA,sign,512,354081,5655
FN-DSA,sign,512,354281,5656
FN-DSA,sign,512,353387,5657
FN-DSA,sign,512,354549,5658
FN-DSA,sign,512,355400,5659
FN-DSA,sign,512,354566,5660
FN-DSA,sign,512,354298,5661
FN-DSA,sign,512,354848,5662
FN-DSA,sign,512,353505,5663
FN-DSA,sign,512,353582,5664
FN-DSA,sign,512,354164,5665
FN-DSA,sign,512,354502,5666
FN-DSA,sign,512,354430,5667
FN-DSA,sign,512,353640,5668
FN-DSA,sign,512,353596,5669
FN-DSA,sign,512,355436,5670
FN-DSA,sign,512,355269,5671
FN-DSA,sign,512,354303,5672
FN-DSA,sign,512,354866,5673
FN-DSA,sign,512,354382,5674
FN-DSA,sign,512,355398,5675
FN-DSA,sign,512,354338,5676
FN-DSA,sign,512,354329,5677
FN-DSA,sign,512,353985,5678
FN-DSA,sign,512,353381,5679
FN-DSA,sign,512,353852,5680
FN-DSA,sign,512,355114,5681
FN-DSA,sign,512,354503,5682
FN-DSA,sign,512,354042,5683
FN-DSA,sign,512,354784,5684
FN-DSA,sign,512,352647,5685
FN-DSA,sign,512,352832,5686
FN-DSA,sign,512,354285,5687
FN-DSA,sign,512,355281,5688
FN-DSA,sign,512,354672,5689
FN-DSA,sign,512,354411,5690
FN-DSA,sign,512,353753,5691
FN-DSA,sign,512,354066,5692
FN-DSA,sign,512,354604,5693
FN-DSA,sign,512,353582,5694
FN-DSA,sign,512,354059,5695
FN-DSA,sign,512,354035,5696
FN-DSA,sign,512,354483,5697
FN-DSA,sign,512,353519,5698
FN-DSA,sign,512,354601,5699
FN-DSA,sign,512,353951,5700
FN-DSA,sign,512,354884,5701
FN-DSA,sign,512,354614,5702
FN-DSA,sign,512,355519,5703
FN-DSA,sign,512,354634,5704
FN-DSA,sign,512,354384,5705
FN-DSA,sign,512,354432,5706
FN-DSA,sign,512,354631,5707
FN-DSA,sign,512,354784,5708
FN-DSA,sign,512,355408,5709
FN-DSA,sign,512,355887,5710
FN-DSA,sign,512,354582,5711
FN-DSA,sign,512,354985,5712
FN-DSA,sign,512,353999,5713
FN-DSA,sign,512,354787,5714
FN-DSA,sign,512,353681,5715
FN-DSA,sign,512,355084,5716
FN-DSA,sign,512,353765,5717
FN-DSA,sign,512,354845,5718
FN-DSA,sign,512,354334,5719
FN-DSA,sign,512,353832,5720
FN-DSA,sign,512,354217,5721
FN-DSA,sign,512,354349,5722
FN-DSA,sign,512,353834,5723
FN-DSA,sign,512,355654,5724
FN-DSA,sign,512,354820,5725
FN-DSA,sign,512,355166,5726
FN-DSA,sign,512,355338,5727
FN-DSA,sign,512,354484,5728
FN-DSA,sign,512,355237,5729
FN-DSA,sign,512,354852,5730
FN-DSA,sign,512,354083,5731
FN-DSA,sign,512,353598,5732
FN-DSA,sign,512,353785,5733
FN-DSA,sign,512,353980,5734
FN-DSA,sign,512,353803,5735
FN-DSA,sign,512,355218,5736
FN-DSA,sign,512,355101,5737
FN-DSA,sign,512,355698,5738
FN-DSA,sign,512,353319,5739
FN-DSA,sign,512,354914,5740
FN-DSA,sign,512,354007,5741
FN-DSA,sign,512,355149,5742
FN-DSA,sign,512,354113,5743
FN-DSA,sign,512,354686,5744
FN-DSA,sign,512,354061,5745
FN-DSA,sign,512,353007,5746
FN-DSA,sign,512,354216,5747
FN-DSA,sign,512,353713,5748
FN-DSA,sign,512,354437,5749
FN-DSA,sign,512,354176,5750
FN-DSA,sign,512,355664,5751
FN-DSA,sign,512,354182,5752
FN-DSA,sign,512,354449,5753
FN-DSA,sign,512,355038,5754
FN-DSA,sign,512,354581,5755
FN-DSA,sign,512,354867,5756
FN-DSA,sign,512,353180,5757
FN-DSA,sign,512,354449,5758
FN-DSA,sign,512,354548,5759
FN-DSA,sign,512,355104,5760
FN-DSA,sign,512,354957,5761
FN-DSA,sign,512,353790,5762
FN-DSA,sign,512,355120,5763
FN-DSA,sign,512,354654,5764
FN-DSA,sign,512,355333,5765
FN-DSA,sign,512,353281,5766
FN-DSA,sign,512,354402,5767
FN-DSA,sign,512,354902,5768
FN-DSA,sign,512,354298,5769
FN-DSA,sign,512,354483,5770
FN-DSA,sign,512,354624,5771
FN-DSA,sign,512,354919,5772
FN-DSA,sign,512,355018,5773
FN-DSA,sign,512,355404,5774
FN-DSA,sign,512,354915,5775
FN-DSA,sign,512,354219,5776
FN-DSA,sign,512,353731,5777
FN-DSA,sign,512,354936,5778
FN-DSA,sign,512,354308,5779
FN-DSA,sign,512,354165,5780
FN-DSA,sign,512,353781,5781
FN-DSA,sign,512,354388,5782
FN-DSA,sign,512,353684,5783
FN-DSA,sign,512,353347,5784
FN-DSA,sign,512,353767,5785
FN-DSA,sign,512,355167,5786
FN-DSA,sign,512,354131,5787
FN-DSA,sign,512,354264,5788
FN-DSA,sign,512,353850,5789
FN-DSA,sign,512,354079,5790
FN-DSA,sign,512,354846,5791
FN-DSA,sign,512,354238,5792
FN-DSA,sign,512,354250,5793
FN-DSA,sign,512,356669,5794
FN-DSA,sign,512,354518,5795
FN-DSA,sign,512,354608,5796
FN-DSA,sign,512,354149,5797
FN-DSA,sign,512,355320,5798
FN-DSA,sign,512,354799,5799
FN-DSA,sign,512,354646,5800
FN-DSA,sign,512,354200,5801
FN-DSA,sign,512,355013,5802
FN-DSA,sign,512,354383,5803
FN-DSA,sign,512,354799,5804
FN-DSA,sign,512,354351,5805
FN-DSA,sign,512,354759,5806
FN-DSA,sign,512,353631,5807
FN-DSA,sign,512,355105,5808
FN-DSA,sign,512,354217,5809
FN-DSA,sign,512,354582,5810
FN-DSA,sign,512,354390,5811
FN-DSA,sign,512,354451,5812
FN-DSA,sign,512,354947,5813
FN-DSA,sign,512,353986,5814
FN-DSA,sign,512,354651,5815
FN-DSA,sign,512,354835,5816
FN-DSA,sign,512,355076,5817
FN-DSA,sign,512,354316,5818
FN-DSA,sign,512,353546,5819
FN-DSA,sign,512,356122,5820
FN-DSA,sign,512,355485,5821
FN-DSA,sign,512,355365,5822
FN-DSA,sign,512,354596,5823
FN-DSA,sign,512,354999,5824
FN-DSA,sign,512,355514,5825
FN-DSA,sign,512,354018,5826
FN-DSA,sign,512,353504,5827
FN-DSA,sign,512,353283,5828
FN-DSA,sign,512,355504,5829
FN-DSA,sign,512,354651,5830
FN-DSA,sign,512,354782,5831
FN-DSA,sign,512,353163,5832
FN-DSA,sign,512,354676,5833
FN-DSA,sign,512,354612,5834
FN-DSA,sign,512,354522,5835
FN-DSA,sign,512,354768,5836
FN-DSA,sign,512,353103,5837
FN-DSA,sign,512,353713,5838
FN-DSA,sign,512,354915,5839
FN-DSA,sign,512,354148,5840
FN-DSA,sign,512,354314,5841
FN-DSA,sign,512,354369,5842
FN-DSA,sign,512,354896,5843
FN-DSA,sign,512,354572,5844
FN-DSA,sign,512,355622,5845
FN-DSA,sign,512,354115,5846
FN-DSA,sign,512,353931,5847
FN-DSA,sign,512,354395,5848
FN-DSA,sign,512,354369,5849
FN-DSA,sign,512,354419,5850
FN-DSA,sign,512,354403,5851
FN-DSA,sign,512,354034,5852
FN-DSA,sign,512,354477,5853
FN-DSA,sign,512,354033,5854
FN-DSA,sign,512,354565,5855
FN-DSA,sign,512,354016,5856
FN-DSA,sign,512,354036,5857
FN-DSA,sign,512,354889,5858
FN-DSA,sign,512,354266,5859
FN-DSA,sign,512,354357,5860
FN-DSA,sign,512,354165,5861
FN-DSA,sign,512,355661,5862
FN-DSA,sign,512,354582,5863
FN-DSA,sign,512,353703,5864
FN-DSA,sign,512,355330,5865
FN-DSA,sign,512,355151,5866
FN-DSA,sign,512,354329,5867
FN-DSA,sign,512,353803,5868
FN-DSA,sign,512,353018,5869
FN-DSA,sign,512,355302,5870
FN-DSA,sign,512,354184,5871
FN-DSA,sign,512,354529,5872
FN-DSA,sign,512,353701,5873
FN-DSA,sign,512,354485,5874
FN-DSA,sign,512,354988,5875
FN-DSA,sign,512,354354,5876
FN-DSA,sign,512,354452,5877
FN-DSA,sign,512,354012,5878
FN-DSA,sign,512,354504,5879
FN-DSA,sign,512,353965,5880
FN-DSA,sign,512,354071,5881
FN-DSA,sign,512,354084,5882
FN-DSA,sign,512,354667,5883
FN-DSA,sign,512,354001,5884
FN-DSA,sign,512,354616,5885
FN-DSA,sign,512,354118,5886
FN-DSA,sign,512,355468,5887
FN-DSA,sign,512,354031,5888
FN-DSA,sign,512,353659,5889
FN-DSA,sign,512,354435,5890
FN-DSA,sign,512,354537,5891
FN-DSA,sign,512,354583,5892
FN-DSA,sign,512,354785,5893
FN-DSA,sign,512,355036,5894
FN-DSA,sign,512,353548,5895
FN-DSA,sign,512,354991,5896
FN-DSA,sign,512,354436,5897
FN-DSA,sign,512,353558,5898
FN-DSA,sign,512,354481,5899
FN-DSA,sign,512,353478,5900
FN-DSA,sign,512,354357,5901
FN-DSA,sign,512,355635,5902
FN-DSA,sign,512,354171,5903
FN-DSA,sign,512,353848,5904
FN-DSA,sign,512,354660,5905
FN-DSA,sign,512,354333,5906
FN-DSA,sign,512,355153,5907
FN-DSA,sign,512,354812,5908
FN-DSA,sign,512,354634,5909
FN-DSA,sign,512,354237,5910
FN-DSA,sign,512,353500,5911
FN-DSA,sign,512,354318,5912
FN-DSA,sign,512,354295,5913
FN-DSA,sign,512,354539,5914
FN-DSA,sign,512,355053,5915
FN-DSA,sign,512,354590,5916
FN-DSA,sign,512,354144,5917
FN-DSA,sign,512,354552,5918
FN-DSA,sign,512,355050,5919
FN-DSA,sign,512,354127,5920
FN-DSA,sign,512,354368,5921
FN-DSA,sign,512,353566,5922
FN-DSA,sign,512,353747,5923
FN-DSA,sign,512,354802,5924
FN-DSA,sign,512,354131,5925
FN-DSA,sign,512,354662,5926
FN-DSA,sign,512,355429,5927
FN-DSA,sign,512,354839,5928
FN-DSA,sign,512,355417,5929
FN-DSA,sign,512,353849,5930
FN-DSA,sign,512,354565,5931
FN-DSA,sign,512,355754,5932
FN-DSA,sign,512,354084,5933
FN-DSA,sign,512,355185,5934
FN-DSA,sign,512,354211,5935
FN-DSA,sign,512,354384,5936
FN-DSA,sign,512,355280,5937
FN-DSA,sign,512,354566,5938
FN-DSA,sign,512,353749,5939
FN-DSA,sign,512,354189,5940
FN-DSA,sign,512,353695,5941
FN-DSA,sign,512,354399,5942
FN-DSA,sign,512,353826,5943
FN-DSA,sign,512,354953,5944
FN-DSA,sign,512,352713,5945
FN-DSA,sign,512,355609,5946
FN-DSA,sign,512,355288,5947
FN-DSA,sign,512,355004,5948
FN-DSA,sign,512,354351,5949
FN-DSA,sign,512,354187,5950
FN-DSA,sign,512,354964,5951
FN-DSA,sign,512,355390,5952
FN-DSA,sign,512,354052,5953
FN-DSA,sign,512,353931,5954
FN-DSA,sign,512,354517,5955
FN-DSA,sign,512,353565,5956
FN-DSA,sign,512,355151,5957
FN-DSA,sign,512,355000,5958
FN-DSA,sign,512,353276,5959
FN-DSA,sign,512,352982,5960
FN-DSA,sign,512,355103,5961
FN-DSA,sign,512,353700,5962
FN-DSA,sign,512,353581,5963
FN-DSA,sign,512,353516,5964
FN-DSA,sign,512,355733,5965
FN-DSA,sign,512,355918,5966
FN-DSA,sign,512,355318,5967
FN-DSA,sign,512,354614,5968
FN-DSA,sign,512,354271,5969
FN-DSA,sign,512,354369,5970
FN-DSA,sign,512,353853,5971
FN-DSA,sign,512,355268,5972
FN-DSA,sign,512,354276,5973
FN-DSA,sign,512,354886,5974
FN-DSA,sign,512,355036,5975
FN-DSA,sign,512,355422,5976
FN-DSA,sign,512,353604,5977
FN-DSA,sign,512,354182,5978
FN-DSA,sign,512,354616,5979
FN-DSA,sign,512,353953,5980
FN-DSA,sign,512,355262,5981
FN-DSA,sign,512,354671,5982
FN-DSA,sign,512,353583,5983
FN-DSA,sign,512,355286,5984
FN-DSA,sign,512,355451,5985
FN-DSA,sign,512,354826,5986
FN-DSA,sign,512,353769,5987
FN-DSA,sign,512,354512,5988
FN-DSA,sign,512,354955,5989
FN-DSA,sign,512,353820,5990
FN-DSA,sign,512,355706,5991
FN-DSA,sign,512,355203,5992
FN-DSA,sign,512,354801,5993
FN-DSA,sign,512,355516,5994
FN-DSA,sign,512,354181,5995
FN-DSA,sign,512,353832,5996
FN-DSA,sign,512,355122,5997
FN-DSA,sign,512,354093,5998
FN-DSA,sign,512,354382,5999
FN-DSA,sign,512,355250,6000
FN-DSA,sign,512,355378,6001
FN-DSA,sign,512,353836,6002
FN-DSA,sign,512,354419,6003
FN-DSA,sign,512,355645,6004
FN-DSA,sign,512,354635,6005
FN-DSA,sign,512,353312,6006
FN-DSA,sign,512,354256,6007
FN-DSA,sign,512,354394,6008
FN-DSA,sign,512,354902,6009
FN-DSA,sign,512,356215,6010
FN-DSA,sign,512,355421,6011
FN-DSA,sign,512,354337,6012
FN-DSA,sign,512,353698,6013
FN-DSA,sign,512,354250,6014
FN-DSA,sign,512,355018,6015
FN-DSA,sign,512,354799,6016
FN-DSA,sign,512,355394,6017
FN-DSA,sign,512,354609,6018
FN-DSA,sign,512,355438,6019
FN-DSA,sign,512,353519,6020
FN-DSA,sign,512,355110,6021
FN-DSA,sign,512,354782,6022
FN-DSA,sign,512,355318,6023
FN-DSA,sign,512,354121,6024
FN-DSA,sign,512,354601,6025
FN-DSA,sign,512,355867,6026
FN-DSA,sign,512,354366,6027
FN-DSA,sign,512,354820,6028
FN-DSA,sign,512,354582,6029
FN-DSA,sign,512,353789,6030
FN-DSA,sign,512,353970,6031
FN-DSA,sign,512,353970,6032
FN-DSA,sign,512,355351,6033
FN-DSA,sign,512,354884,6034
FN-DSA,sign,512,355499,6035
FN-DSA,sign,512,355065,6036
FN-DSA,sign,512,354413,6037
FN-DSA,sign,512,353553,6038
FN-DSA,sign,512,354279,6039
FN-DSA,sign,512,353698,6040
FN-DSA,sign,512,354029,6041
FN-DSA,sign,512,354315,6042
FN-DSA,sign,512,354154,6043
FN-DSA,sign,512,353965,6044
FN-DSA,sign,512,354985,6045
FN-DSA,sign,512,354058,6046
FN-DSA,sign,512,353418,6047
FN-DSA,sign,512,354312,6048
FN-DSA,sign,512,353847,6049
FN-DSA,sign,512,354950,6050
FN-DSA,sign,512,355220,6051
FN-DSA,sign,512,354365,6052
FN-DSA,sign,512,354035,6053
FN-DSA,sign,512,352852,6054
FN-DSA,sign,512,353294,6055
FN-DSA,sign,512,354954,6056
FN-DSA,sign,512,353815,6057
FN-DSA,sign,512,354798,6058
FN-DSA,sign,512,354378,6059
FN-DSA,sign,512,354848,6060
FN-DSA,sign,512,353319,6061
FN-DSA,sign,512,354121,6062
FN-DSA,sign,512,354583,6063
FN-DSA,sign,512,353781,6064
FN-DSA,sign,512,354799,6065
FN-DSA,sign,512,354816,6066
FN-DSA,sign,512,354667,6067
FN-DSA,sign,512,353245,6068
FN-DSA,sign,512,354236,6069
FN-DSA,sign,512,354769,6070
FN-DSA,sign,512,354576,6071
FN-DSA,sign,512,354332,6072
FN-DSA,sign,512,353832,6073
FN-DSA,sign,512,353724,6074
FN-DSA,sign,512,354534,6075
FN-DSA,sign,512,355831,6076
FN-DSA,sign,512,354788,6077
FN-DSA,sign,512,353930,6078
FN-DSA,sign,512,354786,6079
FN-DSA,sign,512,353312,6080
FN-DSA,sign,512,353608,6081
FN-DSA,sign,512,354937,6082
FN-DSA,sign,512,353722,6083
FN-DSA,sign,512,355167,6084
FN-DSA,sign,512,353381,6085
FN-DSA,sign,512,353812,6086
FN-DSA,sign,512,353772,6087
FN-DSA,sign,512,352331,6088
FN-DSA,sign,512,354648,6089
FN-DSA,sign,512,354134,6090
FN-DSA,sign,512,354367,6091
FN-DSA,sign,512,354355,6092
FN-DSA,sign,512,354283,6093
FN-DSA,sign,512,353700,6094
FN-DSA,sign,512,354463,6095
FN-DSA,sign,512,353524,6096
FN-DSA,sign,512,356198,6097
FN-DSA,sign,512,354535,6098
FN-DSA,sign,512,354280,6099
FN-DSA,sign,512,354436,6100
FN-DSA,sign,512,354314,6101
FN-DSA,sign,512,354106,6102
FN-DSA,sign,512,354346,6103
FN-DSA,sign,512,354887,6104
FN-DSA,sign,512,354132,6105
FN-DSA,sign,512,354381,6106
FN-DSA,sign,512,353682,6107
FN-DSA,sign,512,354013,6108
FN-DSA,sign,512,354100,6109
FN-DSA,sign,512,353599,6110
FN-DSA,sign,512,354889,6111
FN-DSA,sign,512,354012,6112
FN-DSA,sign,512,354788,6113
FN-DSA,sign,512,353963,6114
FN-DSA,sign,512,354518,6115
FN-DSA,sign,512,354601,6116
FN-DSA,sign,512,353587,6117
FN-DSA,sign,512,355042,6118
FN-DSA,sign,512,353797,6119
FN-DSA,sign,512,353681,6120
FN-DSA,sign,512,355033,6121
FN-DSA,sign,512,354998,6122
FN-DSA,sign,512,353799,6123
FN-DSA,sign,512,353933,6124
FN-DSA,sign,512,354170,6125
FN-DSA,sign,512,355154,6126
FN-DSA,sign,512,355097,6127
FN-DSA,sign,512,355372,6128
FN-DSA,sign,512,354966,6129
FN-DSA,sign,512,354634,6130
FN-DSA,sign,512,354351,6131
FN-DSA,sign,512,354631,6132
FN-DSA,sign,512,354976,6133
FN-DSA,sign,512,354598,6134
FN-DSA,sign,512,354377,6135
FN-DSA,sign,512,353814,6136
FN-DSA,sign,512,354318,6137
FN-DSA,sign,512,354288,6138
FN-DSA,sign,512,353568,6139
FN-DSA,sign,512,354985,6140
FN-DSA,sign,512,354766,6141
FN-DSA,sign,512,354347,6142
FN-DSA,sign,512,354568,6143
FN-DSA,sign,512,354516,6144
FN-DSA,sign,512,354304,6145
FN-DSA,sign,512,353715,6146
FN-DSA,sign,512,355133,6147
FN-DSA,sign,512,354896,6148
FN-DSA,sign,512,355604,6149
FN-DSA,sign,512,352835,6150
FN-DSA,sign,512,354146,6151
FN-DSA,sign,512,354887,6152
FN-DSA,sign,512,354102,6153
FN-DSA,sign,512,354851,6154
FN-DSA,sign,512,354818,6155
FN-DSA,sign,512,353381,6156
FN-DSA,sign,512,354034,6157
FN-DSA,sign,512,355400,6158
FN-DSA,sign,512,355751,6159
FN-DSA,sign,512,354054,6160
FN-DSA,sign,512,354168,6161
FN-DSA,sign,512,354145,6162
FN-DSA,sign,512,354480,6163
FN-DSA,sign,512,354233,6164
FN-DSA,sign,512,354204,6165
FN-DSA,sign,512,355146,6166
FN-DSA,sign,512,354284,6167
FN-DSA,sign,512,354605,6168
FN-DSA,sign,512,353799,6169
FN-DSA,sign,512,354414,6170
FN-DSA,sign,512,353978,6171
FN-DSA,sign,512,354668,6172
FN-DSA,sign,512,354468,6173
FN-DSA,sign,512,354590,6174
FN-DSA,sign,512,354261,6175
FN-DSA,sign,512,355252,6176
FN-DSA,sign,512,353832,6177
FN-DSA,sign,512,354902,6178
FN-DSA,sign,512,355031,6179
FN-DSA,sign,512,354065,6180
FN-DSA,sign,512,354666,6181
FN-DSA,sign,512,356292,6182
FN-DSA,sign,512,354020,6183
FN-DSA,sign,512,354517,6184
FN-DSA,sign,512,353999,6185
FN-DSA,sign,512,354923,6186
FN-DSA,sign,512,355248,6187
FN-DSA,sign,512,354537,6188
FN-DSA,sign,512,354635,6189
FN-DSA,sign,512,354760,6190
FN-DSA,sign,512,355689,6191
FN-DSA,sign,512,355330,6192
FN-DSA,sign,512,356191,6193
FN-DSA,sign,512,354270,6194
FN-DSA,sign,512,354130,6195
FN-DSA,sign,512,354247,6196
FN-DSA,sign,512,355289,6197
FN-DSA,sign,512,355130,6198
FN-DSA,sign,512,353599,6199
FN-DSA,sign,512,354481,6200
FN-DSA,sign,512,354283,6201
FN-DSA,sign,512,354449,6202
FN-DSA,sign,512,353735,6203
FN-DSA,sign,512,354779,6204
FN-DSA,sign,512,355450,6205
FN-DSA,sign,512,354411,6206
FN-DSA,sign,512,353100,6207
FN-DSA,sign,512,354030,6208
FN-DSA,sign,512,355395,6209
FN-DSA,sign,512,355123,6210
FN-DSA,sign,512,354478,6211
FN-DSA,sign,512,354151,6212
FN-DSA,sign,512,352862,6213
FN-DSA,sign,512,355194,6214
FN-DSA,sign,512,353735,6215
FN-DSA,sign,512,354868,6216
FN-DSA,sign,512,354351,6217
FN-DSA,sign,512,354964,6218
FN-DSA,sign,512,355439,6219
FN-DSA,sign,512,354203,6220
FN-DSA,sign,512,355718,6221
FN-DSA,sign,512,353981,6222
FN-DSA,sign,512,354520,6223
FN-DSA,sign,512,354648,6224
FN-DSA,sign,512,354690,6225
FN-DSA,sign,512,354516,6226
FN-DSA,sign,512,354506,6227
FN-DSA,sign,512,354132,6228
FN-DSA,sign,512,354281,6229
FN-DSA,sign,512,354560,6230
FN-DSA,sign,512,354685,6231
FN-DSA,sign,512,354969,6232
FN-DSA,sign,512,354466,6233
FN-DSA,sign,512,355212,6234
FN-DSA,sign,512,353799,6235
FN-DSA,sign,512,353600,6236
FN-DSA,sign,512,354589,6237
FN-DSA,sign,512,354870,6238
FN-DSA,sign,512,355216,6239
FN-DSA,sign,512,354632,6240
FN-DSA,sign,512,354868,6241
FN-DSA,sign,512,355219,6242
FN-DSA,sign,512,354112,6243
FN-DSA,sign,512,354371,6244
FN-DSA,sign,512,354334,6245
FN-DSA,sign,512,354529,6246
FN-DSA,sign,512,355254,6247
FN-DSA,sign,512,353766,6248
FN-DSA,sign,512,354053,6249
FN-DSA,sign,512,355100,6250
FN-DSA,sign,512,354670,6251
FN-DSA,sign,512,354019,6252
FN-DSA,sign,512,355518,6253
FN-DSA,sign,512,354096,6254
FN-DSA,sign,512,353304,6255
FN-DSA,sign,512,354211,6256
FN-DSA,sign,512,354066,6257
FN-DSA,sign,512,354514,6258
FN-DSA,sign,512,355428,6259
FN-DSA,sign,512,355404,6260
FN-DSA,sign,512,354800,6261
FN-DSA,sign,512,354498,6262
FN-DSA,sign,512,354368,6263
FN-DSA,sign,512,354349,6264
FN-DSA,sign,512,354871,6265
FN-DSA,sign,512,353461,6266
FN-DSA,sign,512,354451,6267
FN-DSA,sign,512,354263,6268
FN-DSA,sign,512,354374,6269
FN-DSA,sign,512,353749,6270
FN-DSA,sign,512,354294,6271
FN-DSA,sign,512,355370,6272
FN-DSA,sign,512,355096,6273
FN-DSA,sign,512,353791,6274
FN-DSA,sign,512,354332,6275
FN-DSA,sign,512,354001,6276
FN-DSA,sign,512,354237,6277
FN-DSA,sign,512,355198,6278
FN-DSA,sign,512,353368,6279
FN-DSA,sign,512,354080,6280
FN-DSA,sign,512,354969,6281
FN-DSA,sign,512,354520,6282
FN-DSA,sign,512,355168,6283
FN-DSA,sign,512,354277,6284
FN-DSA,sign,512,355172,6285
FN-DSA,sign,512,353665,6286
FN-DSA,sign,512,355134,6287
FN-DSA,sign,512,355429,6288
FN-DSA,sign,512,354200,6289
FN-DSA,sign,512,353566,6290
FN-DSA,sign,512,353432,6291
FN-DSA,sign,512,354198,6292
FN-DSA,sign,512,355601,6293
FN-DSA,sign,512,353385,6294
FN-DSA,sign,512,354502,6295
FN-DSA,sign,512,353718,6296
FN-DSA,sign,512,354818,6297
FN-DSA,sign,512,354518,6298
FN-DSA,sign,512,354798,6299
FN-DSA,sign,512,353114,6300
FN-DSA,sign,512,354115,6301
FN-DSA,sign,512,354486,6302
FN-DSA,sign,512,354991,6303
FN-DSA,sign,512,354857,6304
FN-DSA,sign,512,354797,6305
FN-DSA,sign,512,354354,6306
FN-DSA,sign,512,355098,6307
FN-DSA,sign,512,354449,6308
FN-DSA,sign,512,354429,6309
FN-DSA,sign,512,353765,6310
FN-DSA,sign,512,354481,6311
FN-DSA,sign,512,354914,6312
FN-DSA,sign,512,354679,6313
FN-DSA,sign,512,353632,6314
FN-DSA,sign,512,353151,6315
FN-DSA,sign,512,354433,6316
FN-DSA,sign,512,354313,6317
FN-DSA,sign,512,354400,6318
FN-DSA,sign,512,354465,6319
FN-DSA,sign,512,354312,6320
FN-DSA,sign,512,353947,6321
FN-DSA,sign,512,353837,6322
FN-DSA,sign,512,353803,6323
FN-DSA,sign,512,354950,6324
FN-DSA,sign,512,354250,6325
FN-DSA,sign,512,354595,6326
FN-DSA,sign,512,353617,6327
FN-DSA,sign,512,355716,6328
FN-DSA,sign,512,353854,6329
FN-DSA,sign,512,355499,6330
FN-DSA,sign,512,354287,6331
FN-DSA,sign,512,354350,6332
FN-DSA,sign,512,354797,6333
FN-DSA,sign,512,354041,6334
FN-DSA,sign,512,354622,6335
FN-DSA,sign,512,353480,6336
FN-DSA,sign,512,354691,6337
FN-DSA,sign,512,355528,6338
FN-DSA,sign,512,354445,6339
FN-DSA,sign,512,354518,6340
FN-DSA,sign,512,353402,6341
FN-DSA,sign,512,355081,6342
FN-DSA,sign,512,354283,6343
FN-DSA,sign,512,355182,6344
FN-DSA,sign,512,355433,6345
FN-DSA,sign,512,354670,6346
FN-DSA,sign,512,354682,6347
FN-DSA,sign,512,353795,6348
FN-DSA,sign,512,352999,6349
FN-DSA,sign,512,354568,6350
FN-DSA,sign,512,354805,6351
FN-DSA,sign,512,354964,6352
FN-DSA,sign,512,354638,6353
FN-DSA,sign,512,353748,6354
FN-DSA,sign,512,354802,6355
FN-DSA,sign,512,354401,6356
FN-DSA,sign,512,353523,6357
FN-DSA,sign,512,354346,6358
FN-DSA,sign,512,354903,6359
FN-DSA,sign,512,353616,6360
FN-DSA,sign,512,355315,6361
FN-DSA,sign,512,354276,6362
FN-DSA,sign,512,353768,6363
FN-DSA,sign,512,354913,6364
FN-DSA,sign,512,354370,6365
FN-DSA,sign,512,355077,6366
FN-DSA,sign,512,352981,6367
FN-DSA,sign,512,355087,6368
FN-DSA,sign,512,354888,6369
FN-DSA,sign,512,354585,6370
FN-DSA,sign,512,354016,6371
FN-DSA,sign,512,354418,6372
FN-DSA,sign,512,354163,6373
FN-DSA,sign,512,354452,6374
FN-DSA,sign,512,353566,6375
FN-DSA,sign,512,355773,6376
FN-DSA,sign,512,355053,6377
FN-DSA,sign,512,354032,6378
FN-DSA,sign,512,354897,6379
FN-DSA,sign,512,355902,6380
FN-DSA,sign,512,354981,6381
FN-DSA,sign,512,354380,6382
FN-DSA,sign,512,353485,6383
FN-DSA,sign,512,354367,6384
FN-DSA,sign,512,354181,6385
FN-DSA,sign,512,354418,6386
FN-DSA,sign,512,355021,6387
FN-DSA,sign,512,354601,6388
FN-DSA,sign,512,354375,6389
FN-DSA,sign,512,356103,6390
FN-DSA,sign,512,354380,6391
FN-DSA,sign,512,355692,6392
FN-DSA,sign,512,355165,6393
FN-DSA,sign,512,355181,6394
FN-DSA,sign,512,354638,6395
FN-DSA,sign,512,355130,6396
FN-DSA,sign,512,352882,6397
FN-DSA,sign,512,354600,6398
FN-DSA,sign,512,356056,6399
FN-DSA,sign,512,355145,6400
FN-DSA,sign,512,355023,6401
FN-DSA,sign,512,354037,6402
FN-DSA,sign,512,354047,6403
FN-DSA,sign,512,354599,6404
FN-DSA,sign,512,355070,6405
FN-DSA,sign,512,354791,6406
FN-DSA,sign,512,354847,6407
FN-DSA,sign,512,354528,6408
FN-DSA,sign,512,354883,6409
FN-DSA,sign,512,354969,6410
FN-DSA,sign,512,354450,6411
FN-DSA,sign,512,353268,6412
FN-DSA,sign,512,353701,6413
FN-DSA,sign,512,354086,6414
FN-DSA,sign,512,356087,6415
FN-DSA,sign,512,352892,6416
FN-DSA,sign,512,353781,6417
FN-DSA,sign,512,353417,6418
FN-DSA,sign,512,354335,6419
FN-DSA,sign,512,354836,6420
FN-DSA,sign,512,355435,6421
FN-DSA,sign,512,354966,6422
FN-DSA,sign,512,354538,6423
FN-DSA,sign,512,353645,6424
FN-DSA,sign,512,354452,6425
FN-DSA,sign,512,355399,6426
FN-DSA,sign,512,354631,6427
FN-DSA,sign,512,354630,6428
FN-DSA,sign,512,354569,6429
FN-DSA,sign,512,355500,6430
FN-DSA,sign,512,353467,6431
FN-DSA,sign,512,355231,6432
FN-DSA,sign,512,354815,6433
FN-DSA,sign,512,355088,6434
FN-DSA,sign,512,354939,6435
FN-DSA,sign,512,354965,6436
FN-DSA,sign,512,354890,6437
FN-DSA,sign,512,353533,6438
FN-DSA,sign,512,353684,6439
FN-DSA,sign,512,354502,6440
FN-DSA,sign,512,355067,6441
FN-DSA,sign,512,353801,6442
FN-DSA,sign,512,354246,6443
FN-DSA,sign,512,355314,6444
FN-DSA,sign,512,354787,6445
FN-DSA,sign,512,355082,6446
FN-DSA,sign,512,355303,6447
FN-DSA,sign,512,355077,6448
FN-DSA,sign,512,354418,6449
FN-DSA,sign,512,355145,6450
FN-DSA,sign,512,355317,6451
FN-DSA,sign,512,353718,6452
FN-DSA,sign,512,353250,6453
FN-DSA,sign,512,354430,6454
FN-DSA,sign,512,354357,6455
FN-DSA,sign,512,353757,6456
FN-DSA,sign,512,353616,6457
FN-DSA,sign,512,354169,6458
FN-DSA,sign,512,354832,6459
FN-DSA,sign,512,352783,6460
FN-DSA,sign,512,354567,6461
FN-DSA,sign,512,354484,6462
FN-DSA,sign,512,354466,6463
FN-DSA,sign,512,353803,6464
FN-DSA,sign,512,354879,6465
FN-DSA,sign,512,353367,6466
FN-DSA,sign,512,354787,6467
FN-DSA,sign,512,355046,6468
FN-DSA,sign,512,355622,6469
FN-DSA,sign,512,353654,6470
FN-DSA,sign,512,354193,6471
FN-DSA,sign,512,355718,6472
FN-DSA,sign,512,355500,6473
FN-DSA,sign,512,354905,6474
FN-DSA,sign,512,354598,6475
FN-DSA,sign,512,354822,6476
FN-DSA,sign,512,354058,6477
FN-DSA,sign,512,354320,6478
FN-DSA,sign,512,354128,6479
FN-DSA,sign,512,354383,6480
FN-DSA,sign,512,354648,6481
FN-DSA,sign,512,354176,6482
FN-DSA,sign,512,354572,6483
FN-DSA,sign,512,354816,6484
FN-DSA,sign,512,354079,6485
FN-DSA,sign,512,354914,6486
FN-DSA,sign,512,355048,6487
FN-DSA,sign,512,355473,6488
FN-DSA,sign,512,353269,6489
FN-DSA,sign,512,354262,6490
FN-DSA,sign,512,354248,6491
FN-DSA,sign,512,354215,6492
FN-DSA,sign,512,356066,6493
FN-DSA,sign,512,354832,6494
FN-DSA,sign,512,354029,6495
FN-DSA,sign,512,354516,6496
FN-DSA,sign,512,355466,6497
FN-DSA,sign,512,354550,6498
FN-DSA,sign,512,355099,6499
FN-DSA,sign,512,354250,6500
FN-DSA,sign,512,353628,6501
FN-DSA,sign,512,354063,6502
FN-DSA,sign,512,354654,6503
FN-DSA,sign,512,354418,6504
FN-DSA,sign,512,355421,6505
FN-DSA,sign,512,353261,6506
FN-DSA,sign,512,354621,6507
FN-DSA,sign,512,354268,6508
FN-DSA,sign,512,353382,6509
FN-DSA,sign,512,355384,6510
FN-DSA,sign,512,355234,6511
FN-DSA,sign,512,353160,6512
FN-DSA,sign,512,354784,6513
FN-DSA,sign,512,353932,6514
FN-DSA,sign,512,353441,6515
FN-DSA,sign,512,353429,6516
FN-DSA,sign,512,353929,6517
FN-DSA,sign,512,356339,6518
FN-DSA,sign,512,353358,6519
FN-DSA,sign,512,354638,6520
FN-DSA,sign,512,354599,6521
FN-DSA,sign,512,354302,6522
FN-DSA,sign,512,354950,6523
FN-DSA,sign,512,354516,6524
FN-DSA,sign,512,354199,6525
FN-DSA,sign,512,353464,6526
FN-DSA,sign,512,354866,6527
FN-DSA,sign,512,353723,6528
FN-DSA,sign,512,354937,6529
FN-DSA,sign,512,353804,6530
FN-DSA,sign,512,354967,6531
FN-DSA,sign,512,353846,6532
FN-DSA,sign,512,354763,6533
FN-DSA,sign,512,354863,6534
FN-DSA,sign,512,354119,6535
FN-DSA,sign,512,354135,6536
FN-DSA,sign,512,354352,6537
FN-DSA,sign,512,354112,6538
FN-DSA,sign,512,354189,6539
FN-DSA,sign,512,354910,6540
FN-DSA,sign,512,353651,6541
FN-DSA,sign,512,353764,6542
FN-DSA,sign,512,354863,6543
FN-DSA,sign,512,356449,6544
FN-DSA,sign,512,354534,6545
FN-DSA,sign,512,353432,6546
FN-DSA,sign,512,353837,6547
FN-DSA,sign,512,354242,6548
FN-DSA,sign,512,354163,6549
FN-DSA,sign,512,355013,6550
FN-DSA,sign,512,354132,6551
FN-DSA,sign,512,354065,6552
FN-DSA,sign,512,355631,6553
FN-DSA,sign,512,354448,6554
FN-DSA,sign,512,355217,6555
FN-DSA,sign,512,356248,6556
FN-DSA,sign,512,354500,6557
FN-DSA,sign,512,353651,6558
FN-DSA,sign,512,353587,6559
FN-DSA,sign,512,353779,6560
FN-DSA,sign,512,354061,6561
FN-DSA,sign,512,355208,6562
FN-DSA,sign,512,354313,6563
FN-DSA,sign,512,354767,6564
FN-DSA,sign,512,353796,6565
FN-DSA,sign,512,354286,6566
FN-DSA,sign,512,354566,6567
FN-DSA,sign,512,354538,6568
FN-DSA,sign,512,354763,6569
FN-DSA,sign,512,353803,6570
FN-DSA,sign,512,354941,6571
FN-DSA,sign,512,355318,6572
FN-DSA,sign,512,354830,6573
FN-DSA,sign,512,355618,6574
FN-DSA,sign,512,355368,6575
FN-DSA,sign,512,355467,6576
FN-DSA,sign,512,353431,6577
FN-DSA,sign,512,354980,6578
FN-DSA,sign,512,354130,6579
FN-DSA,sign,512,354605,6580
FN-DSA,sign,512,353764,6581
FN-DSA,sign,512,354171,6582
FN-DSA,sign,512,353660,6583
FN-DSA,sign,512,354302,6584
FN-DSA,sign,512,354431,6585
FN-DSA,sign,512,355067,6586
FN-DSA,sign,512,354274,6587
FN-DSA,sign,512,354403,6588
FN-DSA,sign,512,354947,6589
FN-DSA,sign,512,354866,6590
FN-DSA,sign,512,353926,6591
FN-DSA,sign,512,354288,6592
FN-DSA,sign,512,353839,6593
FN-DSA,sign,512,353265,6594
FN-DSA,sign,512,352449,6595
FN-DSA,sign,512,354816,6596
FN-DSA,sign,512,355203,6597
FN-DSA,sign,512,354414,6598
FN-DSA,sign,512,355265,6599
FN-DSA,sign,512,352681,6600
FN-DSA,sign,512,355137,6601
FN-DSA,sign,512,354033,6602
FN-DSA,sign,512,354049,6603
FN-DSA,sign,512,354089,6604
FN-DSA,sign,512,355766,6605
FN-DSA,sign,512,354363,6606
FN-DSA,sign,512,354295,6607
FN-DSA,sign,512,354179,6608
FN-DSA,sign,512,354296,6609
FN-DSA,sign,512,353786,6610
FN-DSA,sign,512,354848,6611
FN-DSA,sign,512,355239,6612
FN-DSA,sign,512,355620,6613
FN-DSA,sign,512,354068,6614
FN-DSA,sign,512,355052,6615
FN-DSA,sign,512,354039,6616
FN-DSA,sign,512,355251,6617
FN-DSA,sign,512,354054,6618
FN-DSA,sign,512,354197,6619
FN-DSA,sign,512,355152,6620
FN-DSA,sign,512,355201,6621
FN-DSA,sign,512,354919,6622
FN-DSA,sign,512,355666,6623
FN-DSA,sign,512,354097,6624
FN-DSA,sign,512,354252,6625
FN-DSA,sign,512,353246,6626
FN-DSA,sign,512,354550,6627
FN-DSA,sign,512,354356,6628
FN-DSA,sign,512,354287,6629
FN-DSA,sign,512,355487,6630
FN-DSA,sign,512,354397,6631
FN-DSA,sign,512,354187,6632
FN-DSA,sign,512,353701,6633
FN-DSA,sign,512,354488,6634
FN-DSA,sign,512,353309,6635
FN-DSA,sign,512,354434,6636
FN-DSA,sign,512,353350,6637
FN-DSA,sign,512,355289,6638
FN-DSA,sign,512,354763,6639
FN-DSA,sign,512,355303,6640
FN-DSA,sign,512,354096,6641
FN-DSA,sign,512,354352,6642
FN-DSA,sign,512,354385,6643
FN-DSA,sign,512,353583,6644
FN-DSA,sign,512,354920,6645
FN-DSA,sign,512,353543,6646
FN-DSA,sign,512,354563,6647
FN-DSA,sign,512,354466,6648
FN-DSA,sign,512,354315,6649
FN-DSA,sign,512,354460,6650
FN-DSA,sign,512,355118,6651
FN-DSA,sign,512,353447,6652
FN-DSA,sign,512,353586,6653
FN-DSA,sign,512,353676,6654
FN-DSA,sign,512,355038,6655
FN-DSA,sign,512,355217,6656
FN-DSA,sign,512,354582,6657
FN-DSA,sign,512,353254,6658
FN-DSA,sign,512,354466,6659
FN-DSA,sign,512,354431,6660
FN-DSA,sign,512,353015,6661
FN-DSA,sign,512,355281,6662
FN-DSA,sign,512,354382,6663
FN-DSA,sign,512,354452,6664
FN-DSA,sign,512,355088,6665
FN-DSA,sign,512,355265,6666
FN-DSA,sign,512,354503,6667
FN-DSA,sign,512,355632,6668
FN-DSA,sign,512,354304,6669
FN-DSA,sign,512,354049,6670
FN-DSA,sign,512,355833,6671
FN-DSA,sign,512,354311,6672
FN-DSA,sign,512,354247,6673
FN-DSA,sign,512,356303,6674
FN-DSA,sign,512,353213,6675
FN-DSA,sign,512,354068,6676
FN-DSA,sign,512,354271,6677
FN-DSA,sign,512,354682,6678
FN-DSA,sign,512,354616,6679
FN-DSA,sign,512,354400,6680
FN-DSA,sign,512,355065,6681
FN-DSA,sign,512,353941,6682
FN-DSA,sign,512,354630,6683
FN-DSA,sign,512,355362,6684
FN-DSA,sign,512,354846,6685
FN-DSA,sign,512,354598,6686
FN-DSA,sign,512,354993,6687
FN-DSA,sign,512,353982,6688
FN-DSA,sign,512,353999,6689
FN-DSA,sign,512,355318,6690
FN-DSA,sign,512,354084,6691
FN-DSA,sign,512,353146,6692
FN-DSA,sign,512,354468,6693
FN-DSA,sign,512,355181,6694
FN-DSA,sign,512,354070,6695
FN-DSA,sign,512,354461,6696
FN-DSA,sign,512,356035,6697
FN-DSA,sign,512,354049,6698
FN-DSA,sign,512,354020,6699
FN-DSA,sign,512,353844,6700
FN-DSA,sign,512,354599,6701
FN-DSA,sign,512,354434,6702
FN-DSA,sign,512,354181,6703
FN-DSA,sign,512,354181,6704
FN-DSA,sign,512,355638,6705
FN-DSA,sign,512,354364,6706
FN-DSA,sign,512,354147,6707
FN-DSA,sign,512,353945,6708
FN-DSA,sign,512,354529,6709
FN-DSA,sign,512,354340,6710
FN-DSA,sign,512,352444,6711
FN-DSA,sign,512,354473,6712
FN-DSA,sign,512,354379,6713
FN-DSA,sign,512,354558,6714
FN-DSA,sign,512,354635,6715
FN-DSA,sign,512,353684,6716
FN-DSA,sign,512,353811,6717
FN-DSA,sign,512,352451,6718
FN-DSA,sign,512,354097,6719
FN-DSA,sign,512,353964,6720
FN-DSA,sign,512,353772,6721
FN-DSA,sign,512,354638,6722
FN-DSA,sign,512,354204,6723
FN-DSA,sign,512,354497,6724
FN-DSA,sign,512,353963,6725
FN-DSA,sign,512,353762,6726
FN-DSA,sign,512,355088,6727
FN-DSA,sign,512,354080,6728
FN-DSA,sign,512,354101,6729
FN-DSA,sign,512,354252,6730
FN-DSA,sign,512,354833,6731
FN-DSA,sign,512,355114,6732
FN-DSA,sign,512,354420,6733
FN-DSA,sign,512,354915,6734
FN-DSA,sign,512,353983,6735
FN-DSA,sign,512,355451,6736
FN-DSA,sign,512,355219,6737
FN-DSA,sign,512,353942,6738
FN-DSA,sign,512,354224,6739
FN-DSA,sign,512,354783,6740
FN-DSA,sign,512,354568,6741
FN-DSA,sign,512,354584,6742
FN-DSA,sign,512,354338,6743
FN-DSA,sign,512,354513,6744
FN-DSA,sign,512,352883,6745
FN-DSA,sign,512,354633,6746
FN-DSA,sign,512,354109,6747
FN-DSA,sign,512,354923,6748
FN-DSA,sign,512,354398,6749
FN-DSA,sign,512,354595,6750
FN-DSA,sign,512,354630,6751
FN-DSA,sign,512,353133,6752
FN-DSA,sign,512,353965,6753
FN-DSA,sign,512,354035,6754
FN-DSA,sign,512,352150,6755
FN-DSA,sign,512,354514,6756
FN-DSA,sign,512,354371,6757
FN-DSA,sign,512,353517,6758
FN-DSA,sign,512,353768,6759
FN-DSA,sign,512,354414,6760
FN-DSA,sign,512,354554,6761
FN-DSA,sign,512,354480,6762
FN-DSA,sign,512,354655,6763
FN-DSA,sign,512,354803,6764
FN-DSA,sign,512,353699,6765
FN-DSA,sign,512,355185,6766
FN-DSA,sign,512,354438,6767
FN-DSA,sign,512,354298,6768
FN-DSA,sign,512,356104,6769
FN-DSA,sign,512,354984,6770
FN-DSA,sign,512,354620,6771
FN-DSA,sign,512,353566,6772
FN-DSA,sign,512,354501,6773
FN-DSA,sign,512,353298,6774
FN-DSA,sign,512,354078,6775
FN-DSA,sign,512,355020,6776
FN-DSA,sign,512,354084,6777
FN-DSA,sign,512,354122,6778
FN-DSA,sign,512,354347,6779
FN-DSA,sign,512,353952,6780
FN-DSA,sign,512,354617,6781
FN-DSA,sign,512,355304,6782
FN-DSA,sign,512,355402,6783
FN-DSA,sign,512,354381,6784
FN-DSA,sign,512,353811,6785
FN-DSA,sign,512,354153,6786
FN-DSA,sign,512,354301,6787
FN-DSA,sign,512,354352,6788
FN-DSA,sign,512,354197,6789
FN-DSA,sign,512,354512,6790
FN-DSA,sign,512,354386,6791
FN-DSA,sign,512,353344,6792
FN-DSA,sign,512,354314,6793
FN-DSA,sign,512,354002,6794
FN-DSA,sign,512,355833,6795
FN-DSA,sign,512,354782,6796
FN-DSA,sign,512,354783,6797
FN-DSA,sign,512,354949,6798
FN-DSA,sign,512,354185,6799
FN-DSA,sign,512,353742,6800
FN-DSA,sign,512,354682,6801
FN-DSA,sign,512,354682,6802
FN-DSA,sign,512,354803,6803
FN-DSA,sign,512,354303,6804
FN-DSA,sign,512,354337,6805
FN-DSA,sign,512,354649,6806
FN-DSA,sign,512,353784,6807
FN-DSA,sign,512,354198,6808
FN-DSA,sign,512,354777,6809
FN-DSA,sign,512,354420,6810
FN-DSA,sign,512,354307,6811
FN-DSA,sign,512,354900,6812
FN-DSA,sign,512,354865,6813
FN-DSA,sign,512,354482,6814
FN-DSA,sign,512,353400,6815
FN-DSA,sign,512,353783,6816
FN-DSA,sign,512,354130,6817
FN-DSA,sign,512,353856,6818
FN-DSA,sign,512,354215,6819
FN-DSA,sign,512,353548,6820
FN-DSA,sign,512,354566,6821
FN-DSA,sign,512,354430,6822
FN-DSA,sign,512,354592,6823
FN-DSA,sign,512,354630,6824
FN-DSA,sign,512,353768,6825
FN-DSA,sign,512,354099,6826
FN-DSA,sign,512,354198,6827
FN-DSA,sign,512,352981,6828
FN-DSA,sign,512,355304,6829
FN-DSA,sign,512,354316,6830
FN-DSA,sign,512,353701,6831
FN-DSA,sign,512,354011,6832
FN-DSA,sign,512,355249,6833
FN-DSA,sign,512,355421,6834
FN-DSA,sign,512,353806,6835
FN-DSA,sign,512,354352,6836
FN-DSA,sign,512,354588,6837
FN-DSA,sign,512,353784,6838
FN-DSA,sign,512,355490,6839
FN-DSA,sign,512,354432,6840
FN-DSA,sign,512,353382,6841
FN-DSA,sign,512,353346,6842
FN-DSA,sign,512,355017,6843
FN-DSA,sign,512,354687,6844
FN-DSA,sign,512,354333,6845
FN-DSA,sign,512,355353,6846
FN-DSA,sign,512,354866,6847
FN-DSA,sign,512,353317,6848
FN-DSA,sign,512,353858,6849
FN-DSA,sign,512,353641,6850
FN-DSA,sign,512,353733,6851
FN-DSA,sign,512,354082,6852
FN-DSA,sign,512,354798,6853
FN-DSA,sign,512,355151,6854
FN-DSA,sign,512,355202,6855
FN-DSA,sign,512,354368,6856
FN-DSA,sign,512,355305,6857
FN-DSA,sign,512,353846,6858
FN-DSA,sign,512,354903,6859
FN-DSA,sign,512,354296,6860
FN-DSA,sign,512,354080,6861
FN-DSA,sign,512,354079,6862
FN-DSA,sign,512,354334,6863
FN-DSA,sign,512,354927,6864
FN-DSA,sign,512,354767,6865
FN-DSA,sign,512,353149,6866
FN-DSA,sign,512,354501,6867
FN-DSA,sign,512,354787,6868
FN-DSA,sign,512,353765,6869
FN-DSA,sign,512,354929,6870
FN-DSA,sign,512,354664,6871
FN-DSA,sign,512,354098,6872
FN-DSA,sign,512,354113,6873
FN-DSA,sign,512,354033,6874
FN-DSA,sign,512,353097,6875
FN-DSA,sign,512,354650,6876
FN-DSA,sign,512,353211,6877
FN-DSA,sign,512,353948,6878
FN-DSA,sign,512,354060,6879
FN-DSA,sign,512,353345,6880
FN-DSA,sign,512,354102,6881
FN-DSA,sign,512,354852,6882
FN-DSA,sign,512,356584,6883
FN-DSA,sign,512,353464,6884
FN-DSA,sign,512,354592,6885
FN-DSA,sign,512,354131,6886
FN-DSA,sign,512,354331,6887
FN-DSA,sign,512,353368,6888
FN-DSA,sign,512,354938,6889
FN-DSA,sign,512,354828,6890
FN-DSA,sign,512,353485,6891
FN-DSA,sign,512,354264,6892
FN-DSA,sign,512,353725,6893
FN-DSA,sign,512,354302,6894
FN-DSA,sign,512,354496,6895
FN-DSA,sign,512,353716,6896
FN-DSA,sign,512,353534,6897
FN-DSA,sign,512,355051,6898
FN-DSA,sign,512,354846,6899
FN-DSA,sign,512,355320,6900
FN-DSA,sign,512,354832,6901
FN-DSA,sign,512,354166,6902
FN-DSA,sign,512,354285,6903
FN-DSA,sign,512,355122,6904
FN-DSA,sign,512,354883,6905
FN-DSA,sign,512,356252,6906
FN-DSA,sign,512,353848,6907
FN-DSA,sign,512,355433,6908
FN-DSA,sign,512,353750,6909
FN-DSA,sign,512,355485,6910
FN-DSA,sign,512,354202,6911
FN-DSA,sign,512,354585,6912
FN-DSA,sign,512,355173,6913
FN-DSA,sign,512,353350,6914
FN-DSA,sign,512,355521,6915
FN-DSA,sign,512,354984,6916
FN-DSA,sign,512,355049,6917
FN-DSA,sign,512,353835,6918
FN-DSA,sign,512,353614,6919
FN-DSA,sign,512,353381,6920
FN-DSA,sign,512,354252,6921
FN-DSA,sign,512,354867,6922
FN-DSA,sign,512,354041,6923
FN-DSA,sign,512,355900,6924
FN-DSA,sign,512,354580,6925
FN-DSA,sign,512,354147,6926
FN-DSA,sign,512,353952,6927
FN-DSA,sign,512,354082,6928
FN-DSA,sign,512,353369,6929
FN-DSA,sign,512,354488,6930
FN-DSA,sign,512,354533,6931
FN-DSA,sign,512,355163,6932
FN-DSA,sign,512,354822,6933
FN-DSA,sign,512,354281,6934
FN-DSA,sign,512,353853,6935
FN-DSA,sign,512,354681,6936
FN-DSA,sign,512,355002,6937
FN-DSA,sign,512,354462,6938
FN-DSA,sign,512,354231,6939
FN-DSA,sign,512,353416,6940
FN-DSA,sign,512,354586,6941
FN-DSA,sign,512,354545,6942
FN-DSA,sign,512,354315,6943
FN-DSA,sign,512,354306,6944
FN-DSA,sign,512,353847,6945
FN-DSA,sign,512,355072,6946
FN-DSA,sign,512,354912,6947
FN-DSA,sign,512,354204,6948
FN-DSA,sign,512,354099,6949
FN-DSA,sign,512,354086,6950
FN-DSA,sign,512,354404,6951
FN-DSA,sign,512,355054,6952
FN-DSA,sign,512,354051,6953
FN-DSA,sign,512,355985,6954
FN-DSA,sign,512,354863,6955
FN-DSA,sign,512,352498,6956
FN-DSA,sign,512,352398,6957
FN-DSA,sign,512,354194,6958
FN-DSA,sign,512,355253,6959
FN-DSA,sign,512,354332,6960
FN-DSA,sign,512,354671,6961
FN-DSA,sign,512,353530,6962
FN-DSA,sign,512,354782,6963
FN-DSA,sign,512,354483,6964
FN-DSA,sign,512,353974,6965
FN-DSA,sign,512,353476,6966
FN-DSA,sign,512,354387,6967
FN-DSA,sign,512,355168,6968
FN-DSA,sign,512,354839,6969
FN-DSA,sign,512,355949,6970
FN-DSA,sign,512,354772,6971
FN-DSA,sign,512,354210,6972
FN-DSA,sign,512,354463,6973
FN-DSA,sign,512,353381,6974
FN-DSA,sign,512,354188,6975
FN-DSA,sign,512,355171,6976
FN-DSA,sign,512,354628,6977
FN-DSA,sign,512,354006,6978
FN-DSA,sign,512,353586,6979
FN-DSA,sign,512,354599,6980
FN-DSA,sign,512,353394,6981
FN-DSA,sign,512,354666,6982
FN-DSA,sign,512,354572,6983
FN-DSA,sign,512,354612,6984
FN-DSA,sign,512,354169,6985
FN-DSA,sign,512,354402,6986
FN-DSA,sign,512,354500,6987
FN-DSA,sign,512,355502,6988
FN-DSA,sign,512,354553,6989
FN-DSA,sign,512,355498,6990
FN-DSA,sign,512,354978,6991
FN-DSA,sign,512,353819,6992
FN-DSA,sign,512,354785,6993
FN-DSA,sign,512,354797,6994
FN-DSA,sign,512,354989,6995
FN-DSA,sign,512,353414,6996
FN-DSA,sign,512,354378,6997
FN-DSA,sign,512,354932,6998
FN-DSA,sign,512,354505,6999
FN-DSA,sign,512,354779,7000
FN-DSA,sign,512,355149,7001
FN-DSA,sign,512,355200,7002
FN-DSA,sign,512,353844,7003
FN-DSA,sign,512,354947,7004
FN-DSA,sign,512,355305,7005
FN-DSA,sign,512,354566,7006
FN-DSA,sign,512,355067,7007
FN-DSA,sign,512,354233,7008
FN-DSA,sign,512,355118,7009
FN-DSA,sign,512,354800,7010
FN-DSA,sign,512,355735,7011
FN-DSA,sign,512,354685,7012
FN-DSA,sign,512,355279,7013
FN-DSA,sign,512,354402,7014
FN-DSA,sign,512,354035,7015
FN-DSA,sign,512,355319,7016
FN-DSA,sign,512,353998,7017
FN-DSA,sign,512,354233,7018
FN-DSA,sign,512,354147,7019
FN-DSA,sign,512,354408,7020
FN-DSA,sign,512,354063,7021
FN-DSA,sign,512,354395,7022
FN-DSA,sign,512,353603,7023
FN-DSA,sign,512,354816,7024
FN-DSA,sign,512,354118,7025
FN-DSA,sign,512,353963,7026
FN-DSA,sign,512,353634,7027
FN-DSA,sign,512,353789,7028
FN-DSA,sign,512,354380,7029
FN-DSA,sign,512,354799,7030
FN-DSA,sign,512,354181,7031
FN-DSA,sign,512,353399,7032
FN-DSA,sign,512,355164,7033
FN-DSA,sign,512,354002,7034
FN-DSA,sign,512,354250,7035
FN-DSA,sign,512,354081,7036
FN-DSA,sign,512,354483,7037
FN-DSA,sign,512,354919,7038
FN-DSA,sign,512,354433,7039
FN-DSA,sign,512,352515,7040
FN-DSA,sign,512,354226,7041
FN-DSA,sign,512,354182,7042
FN-DSA,sign,512,354786,7043
FN-DSA,sign,512,354194,7044
FN-DSA,sign,512,354452,7045
FN-DSA,sign,512,354998,7046
FN-DSA,sign,512,354167,7047
FN-DSA,sign,512,355396,7048
FN-DSA,sign,512,354119,7049
FN-DSA,sign,512,354573,7050
FN-DSA,sign,512,353932,7051
FN-DSA,sign,512,354766,7052
FN-DSA,sign,512,352953,7053
FN-DSA,sign,512,354551,7054
FN-DSA,sign,512,353824,7055
FN-DSA,sign,512,354176,7056
FN-DSA,sign,512,354585,7057
FN-DSA,sign,512,354413,7058
FN-DSA,sign,512,353733,7059
FN-DSA,sign,512,354940,7060
FN-DSA,sign,512,354448,7061
FN-DSA,sign,512,354101,7062
FN-DSA,sign,512,354682,7063
FN-DSA,sign,512,354497,7064
FN-DSA,sign,512,354162,7065
FN-DSA,sign,512,354531,7066
FN-DSA,sign,512,355389,7067
FN-DSA,sign,512,354152,7068
FN-DSA,sign,512,354449,7069
FN-DSA,sign,512,354053,7070
FN-DSA,sign,512,354153,7071
FN-DSA,sign,512,354135,7072
FN-DSA,sign,512,353482,7073
FN-DSA,sign,512,355388,7074
FN-DSA,sign,512,355083,7075
FN-DSA,sign,512,355817,7076
FN-DSA,sign,512,354085,7077
FN-DSA,sign,512,354405,7078
FN-DSA,sign,512,354186,7079
FN-DSA,sign,512,354229,7080
FN-DSA,sign,512,354361,7081
FN-DSA,sign,512,354355,7082
FN-DSA,sign,512,354058,7083
FN-DSA,sign,512,353320,7084
FN-DSA,sign,512,353998,7085
FN-DSA,sign,512,353716,7086
FN-DSA,sign,512,353687,7087
FN-DSA,sign,512,354214,7088
FN-DSA,sign,512,353355,7089
FN-DSA,sign,512,355116,7090
FN-DSA,sign,512,355056,7091
FN-DSA,sign,512,353814,7092
FN-DSA,sign,512,353983,7093
FN-DSA,sign,512,355486,7094
FN-DSA,sign,512,355690,7095
FN-DSA,sign,512,353684,7096
FN-DSA,sign,512,352599,7097
FN-DSA,sign,512,354314,7098
FN-DSA,sign,512,354134,7099
FN-DSA,sign,512,353432,7100
FN-DSA,sign,512,353569,7101
FN-DSA,sign,512,353985,7102
FN-DSA,sign,512,355440,7103
FN-DSA,sign,512,354589,7104
FN-DSA,sign,512,354261,7105
FN-DSA,sign,512,353650,7106
FN-DSA,sign,512,355751,7107
FN-DSA,sign,512,354579,7108
FN-DSA,sign,512,353800,7109
FN-DSA,sign,512,355695,7110
FN-DSA,sign,512,354931,7111
FN-DSA,sign,512,353984,7112
FN-DSA,sign,512,353799,7113
FN-DSA,sign,512,353930,7114
FN-DSA,sign,512,354786,7115
FN-DSA,sign,512,355202,7116
FN-DSA,sign,512,354172,7117
FN-DSA,sign,512,354494,7118
FN-DSA,sign,512,353516,7119
FN-DSA,sign,512,353696,7120
FN-DSA,sign,512,354023,7121
FN-DSA,sign,512,354346,7122
FN-DSA,sign,512,354113,7123
FN-DSA,sign,512,353932,7124
FN-DSA,sign,512,354997,7125
FN-DSA,sign,512,354104,7126
FN-DSA,sign,512,353597,7127
FN-DSA,sign,512,354117,7128
FN-DSA,sign,512,353566,7129
FN-DSA,sign,512,354387,7130
FN-DSA,sign,512,354052,7131
FN-DSA,sign,512,354334,7132
FN-DSA,sign,512,354928,7133
FN-DSA,sign,512,354283,7134
FN-DSA,sign,512,353835,7135
FN-DSA,sign,512,353744,7136
FN-DSA,sign,512,354630,7137
FN-DSA,sign,512,353549,7138
FN-DSA,sign,512,354502,7139
FN-DSA,sign,512,354849,7140
FN-DSA,sign,512,354384,7141
FN-DSA,sign,512,353461,7142
FN-DSA,sign,512,355666,7143
FN-DSA,sign,512,353596,7144
FN-DSA,sign,512,353969,7145
FN-DSA,sign,512,354584,7146
FN-DSA,sign,512,354100,7147
FN-DSA,sign,512,354120,7148
FN-DSA,sign,512,354334,7149
FN-DSA,sign,512,353417,7150
FN-DSA,sign,512,354778,7151
FN-DSA,sign,512,355268,7152
FN-DSA,sign,512,355380,7153
FN-DSA,sign,512,354246,7154
FN-DSA,sign,512,354952,7155
FN-DSA,sign,512,355079,7156
FN-DSA,sign,512,353382,7157
FN-DSA,sign,512,356262,7158
FN-DSA,sign,512,354955,7159
FN-DSA,sign,512,354405,7160
FN-DSA,sign,512,354288,7161
FN-DSA,sign,512,354778,7162
FN-DSA,sign,512,354302,7163
FN-DSA,sign,512,353443,7164
FN-DSA,sign,512,354314,7165
FN-DSA,sign,512,353632,7166
FN-DSA,sign,512,354216,7167
FN-DSA,sign,512,354113,7168
FN-DSA,sign,512,353527,7169
FN-DSA,sign,512,354521,7170
FN-DSA,sign,512,355688,7171
FN-DSA,sign,512,353164,7172
FN-DSA,sign,512,353937,7173
FN-DSA,sign,512,354633,7174
FN-DSA,sign,512,353798,7175
FN-DSA,sign,512,354362,7176
FN-DSA,sign,512,354886,7177
FN-DSA,sign,512,353616,7178
FN-DSA,sign,512,355252,7179
FN-DSA,sign,512,355431,7180
FN-DSA,sign,512,353705,7181
FN-DSA,sign,512,354677,7182
FN-DSA,sign,512,353353,7183
FN-DSA,sign,512,355079,7184
FN-DSA,sign,512,354198,7185
FN-DSA,sign,512,353996,7186
FN-DSA,sign,512,354396,7187
FN-DSA,sign,512,354602,7188
FN-DSA,sign,512,353105,7189
FN-DSA,sign,512,354137,7190
FN-DSA,sign,512,356064,7191
FN-DSA,sign,512,354385,7192
FN-DSA,sign,512,353563,7193
FN-DSA,sign,512,354181,7194
FN-DSA,sign,512,354764,7195
FN-DSA,sign,512,353808,7196
FN-DSA,sign,512,354761,7197
FN-DSA,sign,512,355070,7198
FN-DSA,sign,512,354928,7199
FN-DSA,sign,512,354524,7200
FN-DSA,sign,512,354763,7201
FN-DSA,sign,512,354907,7202
FN-DSA,sign,512,354631,7203
FN-DSA,sign,512,354934,7204
FN-DSA,sign,512,354013,7205
FN-DSA,sign,512,354951,7206
FN-DSA,sign,512,354330,7207
FN-DSA,sign,512,353807,7208
FN-DSA,sign,512,354866,7209
FN-DSA,sign,512,356439,7210
FN-DSA,sign,512,353979,7211
FN-DSA,sign,512,353271,7212
FN-DSA,sign,512,354915,7213
FN-DSA,sign,512,355201,7214
FN-DSA,sign,512,354675,7215
FN-DSA,sign,512,353321,7216
FN-DSA,sign,512,354981,7217
FN-DSA,sign,512,354857,7218
FN-DSA,sign,512,353997,7219
FN-DSA,sign,512,354849,7220
FN-DSA,sign,512,353800,7221
FN-DSA,sign,512,353997,7222
FN-DSA,sign,512,354383,7223
FN-DSA,sign,512,354855,7224
FN-DSA,sign,512,353822,7225
FN-DSA,sign,512,354284,7226
FN-DSA,sign,512,354570,7227
FN-DSA,sign,512,354108,7228
FN-DSA,sign,512,354347,7229
FN-DSA,sign,512,355067,7230
FN-DSA,sign,512,354982,7231
FN-DSA,sign,512,354264,7232
FN-DSA,sign,512,353691,7233
FN-DSA,sign,512,353364,7234
FN-DSA,sign,512,354584,7235
FN-DSA,sign,512,355131,7236
FN-DSA,sign,512,353388,7237
FN-DSA,sign,512,354166,7238
FN-DSA,sign,512,354989,7239
FN-DSA,sign,512,355066,7240
FN-DSA,sign,512,354665,7241
FN-DSA,sign,512,353967,7242
FN-DSA,sign,512,354824,7243
FN-DSA,sign,512,354227,7244
FN-DSA,sign,512,354382,7245
FN-DSA,sign,512,354475,7246
FN-DSA,sign,512,354435,7247
FN-DSA,sign,512,354847,7248
FN-DSA,sign,512,355018,7249
FN-DSA,sign,512,354114,7250
FN-DSA,sign,512,355076,7251
FN-DSA,sign,512,353768,7252
FN-DSA,sign,512,354136,7253
FN-DSA,sign,512,353765,7254
FN-DSA,sign,512,354830,7255
FN-DSA,sign,512,354437,7256
FN-DSA,sign,512,355266,7257
FN-DSA,sign,512,354081,7258
FN-DSA,sign,512,354315,7259
FN-DSA,sign,512,354452,7260
FN-DSA,sign,512,353845,7261
FN-DSA,sign,512,354513,7262
FN-DSA,sign,512,354339,7263
FN-DSA,sign,512,355272,7264
FN-DSA,sign,512,355217,7265
FN-DSA,sign,512,355256,7266
FN-DSA,sign,512,354348,7267
FN-DSA,sign,512,355522,7268
FN-DSA,sign,512,355105,7269
FN-DSA,sign,512,355357,7270
FN-DSA,sign,512,355599,7271
FN-DSA,sign,512,354654,7272
FN-DSA,sign,512,353820,7273
FN-DSA,sign,512,354499,7274
FN-DSA,sign,512,354553,7275
FN-DSA,sign,512,354283,7276
FN-DSA,sign,512,354520,7277
FN-DSA,sign,512,355435,7278
FN-DSA,sign,512,354433,7279
FN-DSA,sign,512,354012,7280
FN-DSA,sign,512,355870,7281
FN-DSA,sign,512,353836,7282
FN-DSA,sign,512,354253,7283
FN-DSA,sign,512,353848,7284
FN-DSA,sign,512,355289,7285
FN-DSA,sign,512,354833,7286
FN-DSA,sign,512,354131,7287
FN-DSA,sign,512,355002,7288
FN-DSA,sign,512,353168,7289
FN-DSA,sign,512,353516,7290
FN-DSA,sign,512,355079,7291
FN-DSA,sign,512,354399,7292
FN-DSA,sign,512,354510,7293
FN-DSA,sign,512,354039,7294
FN-DSA,sign,512,354233,7295
FN-DSA,sign,512,354167,7296
FN-DSA,sign,512,353470,7297
FN-DSA,sign,512,354883,7298
FN-DSA,sign,512,353604,7299
FN-DSA,sign,512,354541,7300
FN-DSA,sign,512,354352,7301
FN-DSA,sign,512,354615,7302
FN-DSA,sign,512,355123,7303
FN-DSA,sign,512,355034,7304
FN-DSA,sign,512,354435,7305
FN-DSA,sign,512,353298,7306
FN-DSA,sign,512,353580,7307
FN-DSA,sign,512,353983,7308
FN-DSA,sign,512,354668,7309
FN-DSA,sign,512,352979,7310
FN-DSA,sign,512,354896,7311
FN-DSA,sign,512,354032,7312
FN-DSA,sign,512,354570,7313
FN-DSA,sign,512,354286,7314
FN-DSA,sign,512,354501,7315
FN-DSA,sign,512,354954,7316
FN-DSA,sign,512,354299,7317
FN-DSA,sign,512,354254,7318
FN-DSA,sign,512,354449,7319
FN-DSA,sign,512,354267,7320
FN-DSA,sign,512,355247,7321
FN-DSA,sign,512,353951,7322
FN-DSA,sign,512,354878,7323
FN-DSA,sign,512,355156,7324
FN-DSA,sign,512,353484,7325
FN-DSA,sign,512,355008,7326
FN-DSA,sign,512,353494,7327
FN-DSA,sign,512,354000,7328
FN-DSA,sign,512,353349,7329
FN-DSA,sign,512,355467,7330
FN-DSA,sign,512,355908,7331
FN-DSA,sign,512,353805,7332
FN-DSA,sign,512,354098,7333
FN-DSA,sign,512,353781,7334
FN-DSA,sign,512,354181,7335
FN-DSA,sign,512,354128,7336
FN-DSA,sign,512,353837,7337
FN-DSA,sign,512,355313,7338
FN-DSA,sign,512,354035,7339
FN-DSA,sign,512,355626,7340
FN-DSA,sign,512,353972,7341
FN-DSA,sign,512,354529,7342
FN-DSA,sign,512,354053,7343
FN-DSA,sign,512,354434,7344
FN-DSA,sign,512,353757,7345
FN-DSA,sign,512,354095,7346
FN-DSA,sign,512,354671,7347
FN-DSA,sign,512,353929,7348
FN-DSA,sign,512,353981,7349
FN-DSA,sign,512,354815,7350
FN-DSA,sign,512,353544,7351
FN-DSA,sign,512,353851,7352
FN-DSA,sign,512,353614,7353
FN-DSA,sign,512,354819,7354
FN-DSA,sign,512,353836,7355
FN-DSA,sign,512,354297,7356
FN-DSA,sign,512,354849,7357
FN-DSA,sign,512,353281,7358
FN-DSA,sign,512,353733,7359
FN-DSA,sign,512,355621,7360
FN-DSA,sign,512,354211,7361
FN-DSA,sign,512,354204,7362
FN-DSA,sign,512,355221,7363
FN-DSA,sign,512,354032,7364
FN-DSA,sign,512,354598,7365
FN-DSA,sign,512,354290,7366
FN-DSA,sign,512,354621,7367
FN-DSA,sign,512,354804,7368
FN-DSA,sign,512,352984,7369
FN-DSA,sign,512,355414,7370
FN-DSA,sign,512,352680,7371
FN-DSA,sign,512,353483,7372
FN-DSA,sign,512,353631,7373
FN-DSA,sign,512,353736,7374
FN-DSA,sign,512,354682,7375
FN-DSA,sign,512,355081,7376
FN-DSA,sign,512,353619,7377
FN-DSA,sign,512,354014,7378
FN-DSA,sign,512,354984,7379
FN-DSA,sign,512,353980,7380
FN-DSA,sign,512,354229,7381
FN-DSA,sign,512,355165,7382
FN-DSA,sign,512,353734,7383
FN-DSA,sign,512,353633,7384
FN-DSA,sign,512,353833,7385
FN-DSA,sign,512,354298,7386
FN-DSA,sign,512,353671,7387
FN-DSA,sign,512,354407,7388
FN-DSA,sign,512,354419,7389
FN-DSA,sign,512,354116,7390
FN-DSA,sign,512,355033,7391
FN-DSA,sign,512,354836,7392
FN-DSA,sign,512,354449,7393
FN-DSA,sign,512,355019,7394
FN-DSA,sign,512,355334,7395
FN-DSA,sign,512,354372,7396
FN-DSA,sign,512,354370,7397
FN-DSA,sign,512,354918,7398
FN-DSA,sign,512,354437,7399
FN-DSA,sign,512,354009,7400
FN-DSA,sign,512,354835,7401
FN-DSA,sign,512,354635,7402
FN-DSA,sign,512,353604,7403
FN-DSA,sign,512,354230,7404
FN-DSA,sign,512,354970,7405
FN-DSA,sign,512,355112,7406
FN-DSA,sign,512,353590,7407
FN-DSA,sign,512,354637,7408
FN-DSA,sign,512,353592,7409
FN-DSA,sign,512,354051,7410
FN-DSA,sign,512,355132,7411
FN-DSA,sign,512,354558,7412
FN-DSA,sign,512,354117,7413
FN-DSA,sign,512,354167,7414
FN-DSA,sign,512,354582,7415
FN-DSA,sign,512,354166,7416
FN-DSA,sign,512,352799,7417
FN-DSA,sign,512,355520,7418
FN-DSA,sign,512,354202,7419
FN-DSA,sign,512,354272,7420
FN-DSA,sign,512,353666,7421
FN-DSA,sign,512,355503,7422
FN-DSA,sign,512,354842,7423
FN-DSA,sign,512,354972,7424
FN-DSA,sign,512,354383,7425
FN-DSA,sign,512,354257,7426
FN-DSA,sign,512,353719,7427
FN-DSA,sign,512,353696,7428
FN-DSA,sign,512,354417,7429
FN-DSA,sign,512,355399,7430
FN-DSA,sign,512,354587,7431
FN-DSA,sign,512,354295,7432
FN-DSA,sign,512,354655,7433
FN-DSA,sign,512,354398,7434
FN-DSA,sign,512,354507,7435
FN-DSA,sign,512,354913,7436
FN-DSA,sign,512,353452,7437
FN-DSA,sign,512,354906,7438
FN-DSA,sign,512,354123,7439
FN-DSA,sign,512,354266,7440
FN-DSA,sign,512,353954,7441
FN-DSA,sign,512,354399,7442
FN-DSA,sign,512,355036,7443
FN-DSA,sign,512,353666,7444
FN-DSA,sign,512,354780,7445
FN-DSA,sign,512,355151,7446
FN-DSA,sign,512,353716,7447
FN-DSA,sign,512,353779,7448
FN-DSA,sign,512,355115,7449
FN-DSA,sign,512,354468,7450
FN-DSA,sign,512,354781,7451
FN-DSA,sign,512,355118,7452
FN-DSA,sign,512,354098,7453
FN-DSA,sign,512,354152,7454
FN-DSA,sign,512,355452,7455
FN-DSA,sign,512,354049,7456
FN-DSA,sign,512,355368,7457
FN-DSA,sign,512,353804,7458
FN-DSA,sign,512,354854,7459
FN-DSA,sign,512,354038,7460
FN-DSA,sign,512,353400,7461
FN-DSA,sign,512,355151,7462
FN-DSA,sign,512,355648,7463
FN-DSA,sign,512,353233,7464
FN-DSA,sign,512,354351,7465
FN-DSA,sign,512,354054,7466
FN-DSA,sign,512,354311,7467
FN-DSA,sign,512,354215,7468
FN-DSA,sign,512,354868,7469
FN-DSA,sign,512,355371,7470
FN-DSA,sign,512,352762,7471
FN-DSA,sign,512,354051,7472
FN-DSA,sign,512,354035,7473
FN-DSA,sign,512,354013,7474
FN-DSA,sign,512,353853,7475
FN-DSA,sign,512,353356,7476
FN-DSA,sign,512,354590,7477
FN-DSA,sign,512,354417,7478
FN-DSA,sign,512,354548,7479
FN-DSA,sign,512,354829,7480
FN-DSA,sign,512,353684,7481
FN-DSA,sign,512,354381,7482
FN-DSA,sign,512,353837,7483
FN-DSA,sign,512,354304,7484
FN-DSA,sign,512,355769,7485
FN-DSA,sign,512,355769,7486
FN-DSA,sign,512,354247,7487
FN-DSA,sign,512,354760,7488
FN-DSA,sign,512,355209,7489
FN-DSA,sign,512,354975,7490
FN-DSA,sign,512,354364,7491
FN-DSA,sign,512,354118,7492
FN-DSA,sign,512,354561,7493
FN-DSA,sign,512,354550,7494
FN-DSA,sign,512,354266,7495
FN-DSA,sign,512,354168,7496
FN-DSA,sign,512,355003,7497
FN-DSA,sign,512,353549,7498
FN-DSA,sign,512,354541,7499
FN-DSA,sign,512,354013,7500
FN-DSA,sign,512,354331,7501
FN-DSA,sign,512,353350,7502
FN-DSA,sign,512,354166,7503
FN-DSA,sign,512,354846,7504
FN-DSA,sign,512,354638,7505
FN-DSA,sign,512,353819,7506
FN-DSA,sign,512,354769,7507
FN-DSA,sign,512,354215,7508
FN-DSA,sign,512,354520,7509
FN-DSA,sign,512,355063,7510
FN-DSA,sign,512,355118,7511
FN-DSA,sign,512,355034,7512
FN-DSA,sign,512,355867,7513
FN-DSA,sign,512,356032,7514
FN-DSA,sign,512,354117,7515
FN-DSA,sign,512,354433,7516
FN-DSA,sign,512,354081,7517
FN-DSA,sign,512,353635,7518
FN-DSA,sign,512,353158,7519
FN-DSA,sign,512,353597,7520
FN-DSA,sign,512,354947,7521
FN-DSA,sign,512,353821,7522
FN-DSA,sign,512,354100,7523
FN-DSA,sign,512,354421,7524
FN-DSA,sign,512,354078,7525
FN-DSA,sign,512,354448,7526
FN-DSA,sign,512,355431,7527
FN-DSA,sign,512,353639,7528
FN-DSA,sign,512,352963,7529
FN-DSA,sign,512,353804,7530
FN-DSA,sign,512,354478,7531
FN-DSA,sign,512,354620,7532
FN-DSA,sign,512,353412,7533
FN-DSA,sign,512,354081,7534
FN-DSA,sign,512,354935,7535
FN-DSA,sign,512,354118,7536
FN-DSA,sign,512,354816,7537
FN-DSA,sign,512,354177,7538
FN-DSA,sign,512,355119,7539
FN-DSA,sign,512,353725,7540
FN-DSA,sign,512,353770,7541
FN-DSA,sign,512,355015,7542
FN-DSA,sign,512,354468,7543
FN-DSA,sign,512,354352,7544
FN-DSA,sign,512,355017,7545
FN-DSA,sign,512,354665,7546
FN-DSA,sign,512,354070,7547
FN-DSA,sign,512,354846,7548
FN-DSA,sign,512,354651,7549
FN-DSA,sign,512,354456,7550
FN-DSA,sign,512,354048,7551
FN-DSA,sign,512,355132,7552
FN-DSA,sign,512,355094,7553
FN-DSA,sign,512,354287,7554
FN-DSA,sign,512,355068,7555
FN-DSA,sign,512,355117,7556
FN-DSA,sign,512,355332,7557
FN-DSA,sign,512,353487,7558
FN-DSA,sign,512,353931,7559
FN-DSA,sign,512,353929,7560
FN-DSA,sign,512,354602,7561
FN-DSA,sign,512,354351,7562
FN-DSA,sign,512,354101,7563
FN-DSA,sign,512,353793,7564
FN-DSA,sign,512,354953,7565
FN-DSA,sign,512,355601,7566
FN-DSA,sign,512,354613,7567
FN-DSA,sign,512,354282,7568
FN-DSA,sign,512,356474,7569
FN-DSA,sign,512,354230,7570
FN-DSA,sign,512,353799,7571
FN-DSA,sign,512,353830,7572
FN-DSA,sign,512,354655,7573
FN-DSA,sign,512,354550,7574
FN-DSA,sign,512,355386,7575
FN-DSA,sign,512,354909,7576
FN-DSA,sign,512,352982,7577
FN-DSA,sign,512,354165,7578
FN-DSA,sign,512,353718,7579
FN-DSA,sign,512,354433,7580
FN-DSA,sign,512,353847,7581
FN-DSA,sign,512,354066,7582
FN-DSA,sign,512,354885,7583
FN-DSA,sign,512,355243,7584
FN-DSA,sign,512,355450,7585
FN-DSA,sign,512,353781,7586
FN-DSA,sign,512,354374,7587
FN-DSA,sign,512,354335,7588
FN-DSA,sign,512,353670,7589
FN-DSA,sign,512,354905,7590
FN-DSA,sign,512,353632,7591
FN-DSA,sign,512,354552,7592
FN-DSA,sign,512,354916,7593
FN-DSA,sign,512,354254,7594
FN-DSA,sign,512,353113,7595
FN-DSA,sign,512,355131,7596
FN-DSA,sign,512,354484,7597
FN-DSA,sign,512,354035,7598
FN-DSA,sign,512,354763,7599
FN-DSA,sign,512,355939,7600
FN-DSA,sign,512,356018,7601
FN-DSA,sign,512,353963,7602
FN-DSA,sign,512,354064,7603
FN-DSA,sign,512,354589,7604
FN-DSA,sign,512,353747,7605
FN-DSA,sign,512,355249,7606
FN-DSA,sign,512,353749,7607
FN-DSA,sign,512,355786,7608
FN-DSA,sign,512,353448,7609
FN-DSA,sign,512,354806,7610
FN-DSA,sign,512,354016,7611
FN-DSA,sign,512,353422,7612
FN-DSA,sign,512,353777,7613
FN-DSA,sign,512,353214,7614
FN-DSA,sign,512,355770,7615
FN-DSA,sign,512,356203,7616
FN-DSA,sign,512,354197,7617
FN-DSA,sign,512,355103,7618
FN-DSA,sign,512,354465,7619
FN-DSA,sign,512,354966,7620
FN-DSA,sign,512,353015,7621
FN-DSA,sign,512,352967,7622
FN-DSA,sign,512,354573,7623
FN-DSA,sign,512,355060,7624
FN-DSA,sign,512,354404,7625
FN-DSA,sign,512,354268,7626
FN-DSA,sign,512,353402,7627
FN-DSA,sign,512,353849,7628
FN-DSA,sign,512,355335,7629
FN-DSA,sign,512,353281,7630
FN-DSA,sign,512,354037,7631
FN-DSA,sign,512,354968,7632
FN-DSA,sign,512,354432,7633
FN-DSA,sign,512,354036,7634
FN-DSA,sign,512,353926,7635
FN-DSA,sign,512,354583,7636
FN-DSA,sign,512,356769,7637
FN-DSA,sign,512,354186,7638
FN-DSA,sign,512,353692,7639
FN-DSA,sign,512,354134,7640
FN-DSA,sign,512,355097,7641
FN-DSA,sign,512,354114,7642
FN-DSA,sign,512,354276,7643
FN-DSA,sign,512,355215,7644
FN-DSA,sign,512,355198,7645
FN-DSA,sign,512,354121,7646
FN-DSA,sign,512,355447,7647
FN-DSA,sign,512,355317,7648
FN-DSA,sign,512,353413,7649
FN-DSA,sign,512,355068,7650
FN-DSA,sign,512,353650,7651
FN-DSA,sign,512,354420,7652
FN-DSA,sign,512,354333,7653
FN-DSA,sign,512,353639,7654
FN-DSA,sign,512,354684,7655
FN-DSA,sign,512,354569,7656
FN-DSA,sign,512,353936,7657
FN-DSA,sign,512,355186,7658
FN-DSA,sign,512,353951,7659
FN-DSA,sign,512,355368,7660
FN-DSA,sign,512,354826,7661
FN-DSA,sign,512,353349,7662
FN-DSA,sign,512,355046,7663
FN-DSA,sign,512,353749,7664
FN-DSA,sign,512,355402,7665
FN-DSA,sign,512,355170,7666
FN-DSA,sign,512,356548,7667
FN-DSA,sign,512,355205,7668
FN-DSA,sign,512,354998,7669
FN-DSA,sign,512,355304,7670
FN-DSA,sign,512,354913,7671
FN-DSA,sign,512,355168,7672
FN-DSA,sign,512,355204,7673
FN-DSA,sign,512,354350,7674
FN-DSA,sign,512,354556,7675
FN-DSA,sign,512,355016,7676
FN-DSA,sign,512,354969,7677
FN-DSA,sign,512,355176,7678
FN-DSA,sign,512,354453,7679
FN-DSA,sign,512,354834,7680
FN-DSA,sign,512,354477,7681
FN-DSA,sign,512,355191,7682
FN-DSA,sign,512,354632,7683
FN-DSA,sign,512,354197,7684
FN-DSA,sign,512,353719,7685
FN-DSA,sign,512,354686,7686
FN-DSA,sign,512,355384,7687
FN-DSA,sign,512,354964,7688
FN-DSA,sign,512,354596,7689
FN-DSA,sign,512,354774,7690
FN-DSA,sign,512,355299,7691
FN-DSA,sign,512,354681,7692
FN-DSA,sign,512,354959,7693
FN-DSA,sign,512,353722,7694
FN-DSA,sign,512,353586,7695
FN-DSA,sign,512,355952,7696
FN-DSA,sign,512,354651,7697
FN-DSA,sign,512,355721,7698
FN-DSA,sign,512,354343,7699
FN-DSA,sign,512,354217,7700
FN-DSA,sign,512,354861,7701
FN-DSA,sign,512,354134,7702
FN-DSA,sign,512,355138,7703
FN-DSA,sign,512,354219,7704
FN-DSA,sign,512,354302,7705
FN-DSA,sign,512,355722,7706
FN-DSA,sign,512,355999,7707
FN-DSA,sign,512,354232,7708
FN-DSA,sign,512,355033,7709
FN-DSA,sign,512,354016,7710
FN-DSA,sign,512,354580,7711
FN-DSA,sign,512,353950,7712
FN-DSA,sign,512,353679,7713
FN-DSA,sign,512,353851,7714
FN-DSA,sign,512,354770,7715
FN-DSA,sign,512,353750,7716
FN-DSA,sign,512,354418,7717
FN-DSA,sign,512,354145,7718
FN-DSA,sign,512,354508,7719
FN-DSA,sign,512,354322,7720
FN-DSA,sign,512,354452,7721
FN-DSA,sign,512,355202,7722
FN-DSA,sign,512,353437,7723
FN-DSA,sign,512,355114,7724
FN-DSA,sign,512,354037,7725
FN-DSA,sign,512,354168,7726
FN-DSA,sign,512,354452,7727
FN-DSA,sign,512,354420,7728
FN-DSA,sign,512,354117,7729
FN-DSA,sign,512,354766,7730
FN-DSA,sign,512,355088,7731
FN-DSA,sign,512,355164,7732
FN-DSA,sign,512,353536,7733
FN-DSA,sign,512,353962,7734
FN-DSA,sign,512,354588,7735
FN-DSA,sign,512,353955,7736
FN-DSA,sign,512,353666,7737
FN-DSA,sign,512,353301,7738
FN-DSA,sign,512,353732,7739
FN-DSA,sign,512,354068,7740
FN-DSA,sign,512,353996,7741
FN-DSA,sign,512,355053,7742
FN-DSA,sign,512,354438,7743
FN-DSA,sign,512,354519,7744
FN-DSA,sign,512,354087,7745
FN-DSA,sign,512,354820,7746
FN-DSA,sign,512,353848,7747
FN-DSA,sign,512,354360,7748
FN-DSA,sign,512,354569,7749
FN-DSA,sign,512,353196,7750
FN-DSA,sign,512,355050,7751
FN-DSA,sign,512,355650,7752
FN-DSA,sign,512,353282,7753
FN-DSA,sign,512,353582,7754
FN-DSA,sign,512,354502,7755
FN-DSA,sign,512,354948,7756
FN-DSA,sign,512,354220,7757
FN-DSA,sign,512,354643,7758
FN-DSA,sign,512,355070,7759
FN-DSA,sign,512,354969,7760
FN-DSA,sign,512,354769,7761
FN-DSA,sign,512,353484,7762
FN-DSA,sign,512,354352,7763
FN-DSA,sign,512,355649,7764
FN-DSA,sign,512,354267,7765
FN-DSA,sign,512,355695,7766
FN-DSA,sign,512,355202,7767
FN-DSA,sign,512,355751,7768
FN-DSA,sign,512,354537,7769
FN-DSA,sign,512,355102,7770
FN-DSA,sign,512,353854,7771
FN-DSA,sign,512,355112,7772
FN-DSA,sign,512,354291,7773
FN-DSA,sign,512,354096,7774
FN-DSA,sign,512,355115,7775
FN-DSA,sign,512,354883,7776
FN-DSA,sign,512,355773,7777
FN-DSA,sign,512,353450,7778
FN-DSA,sign,512,354102,7779
FN-DSA,sign,512,353810,7780
FN-DSA,sign,512,354355,7781
FN-DSA,sign,512,354777,7782
FN-DSA,sign,512,353311,7783
FN-DSA,sign,512,355631,7784
FN-DSA,sign,512,355105,7785
FN-DSA,sign,512,355665,7786
FN-DSA,sign,512,354450,7787
FN-DSA,sign,512,353981,7788
FN-DSA,sign,512,352765,7789
FN-DSA,sign,512,355286,7790
FN-DSA,sign,512,354082,7791
FN-DSA,sign,512,353601,7792
FN-DSA,sign,512,354902,7793
FN-DSA,sign,512,354814,7794
FN-DSA,sign,512,354673,7795
FN-DSA,sign,512,354670,7796
FN-DSA,sign,512,354118,7797
FN-DSA,sign,512,354066,7798
FN-DSA,sign,512,356117,7799
FN-DSA,sign,512,354935,7800
FN-DSA,sign,512,354234,7801
FN-DSA,sign,512,354030,7802
FN-DSA,sign,512,354970,7803
FN-DSA,sign,512,354832,7804
FN-DSA,sign,512,354419,7805
FN-DSA,sign,512,354967,7806
FN-DSA,sign,512,354801,7807
FN-DSA,sign,512,354169,7808
FN-DSA,sign,512,354028,7809
FN-DSA,sign,512,354952,7810
FN-DSA,sign,512,355084,7811
FN-DSA,sign,512,354371,7812
FN-DSA,sign,512,353533,7813
FN-DSA,sign,512,353752,7814
FN-DSA,sign,512,355150,7815
FN-DSA,sign,512,354415,7816
FN-DSA,sign,512,354334,7817
FN-DSA,sign,512,354649,7818
FN-DSA,sign,512,354034,7819
FN-DSA,sign,512,354776,7820
FN-DSA,sign,512,355169,7821
FN-DSA,sign,512,355417,7822
FN-DSA,sign,512,355087,7823
FN-DSA,sign,512,353799,7824
FN-DSA,sign,512,354499,7825
FN-DSA,sign,512,353929,7826
FN-DSA,sign,512,354763,7827
FN-DSA,sign,512,354816,7828
FN-DSA,sign,512,354983,7829
FN-DSA,sign,512,353815,7830
FN-DSA,sign,512,353606,7831
FN-DSA,sign,512,354531,7832
FN-DSA,sign,512,355139,7833
FN-DSA,sign,512,355117,7834
FN-DSA,sign,512,354271,7835
FN-DSA,sign,512,354816,7836
FN-DSA,sign,512,355282,7837
FN-DSA,sign,512,353802,7838
FN-DSA,sign,512,355368,7839
FN-DSA,sign,512,353842,7840
FN-DSA,sign,512,355272,7841
FN-DSA,sign,512,353949,7842
FN-DSA,sign,512,353316,7843
FN-DSA,sign,512,353579,7844
FN-DSA,sign,512,354364,7845
FN-DSA,sign,512,355004,7846
FN-DSA,sign,512,355053,7847
FN-DSA,sign,512,354018,7848
FN-DSA,sign,512,355318,7849
FN-DSA,sign,512,354350,7850
FN-DSA,sign,512,354068,7851
FN-DSA,sign,512,354149,7852
FN-DSA,sign,512,354114,7853
FN-DSA,sign,512,354885,7854
FN-DSA,sign,512,354823,7855
FN-DSA,sign,512,353933,7856
FN-DSA,sign,512,354680,7857
FN-DSA,sign,512,353953,7858
FN-DSA,sign,512,355315,7859
FN-DSA,sign,512,354334,7860
FN-DSA,sign,512,354651,7861
FN-DSA,sign,512,354685,7862
FN-DSA,sign,512,354161,7863
FN-DSA,sign,512,353951,7864
FN-DSA,sign,512,354835,7865
FN-DSA,sign,512,354386,7866
FN-DSA,sign,512,354427,7867
FN-DSA,sign,512,354816,7868
FN-DSA,sign,512,355999,7869
FN-DSA,sign,512,353732,7870
FN-DSA,sign,512,353850,7871
FN-DSA,sign,512,354651,7872
FN-DSA,sign,512,354027,7873
FN-DSA,sign,512,354435,7874
FN-DSA,sign,512,352788,7875
FN-DSA,sign,512,354798,7876
FN-DSA,sign,512,354937,7877
FN-DSA,sign,512,355765,7878
FN-DSA,sign,512,354433,7879
FN-DSA,sign,512,353281,7880
FN-DSA,sign,512,353416,7881
FN-DSA,sign,512,353513,7882
FN-DSA,sign,512,354164,7883
FN-DSA,sign,512,354067,7884
FN-DSA,sign,512,354867,7885
FN-DSA,sign,512,354538,7886
FN-DSA,sign,512,354481,7887
FN-DSA,sign,512,354136,7888
FN-DSA,sign,512,354447,7889
FN-DSA,sign,512,354103,7890
FN-DSA,sign,512,354514,7891
FN-DSA,sign,512,354530,7892
FN-DSA,sign,512,354903,7893
FN-DSA,sign,512,354247,7894
FN-DSA,sign,512,355032,7895
FN-DSA,sign,512,354549,7896
FN-DSA,sign,512,354886,7897
FN-DSA,sign,512,354563,7898
FN-DSA,sign,512,354364,7899
FN-DSA,sign,512,355268,7900
FN-DSA,sign,512,354668,7901
FN-DSA,sign,512,354549,7902
FN-DSA,sign,512,354578,7903
FN-DSA,sign,512,355030,7904
FN-DSA,sign,512,354797,7905
FN-DSA,sign,512,355452,7906
FN-DSA,sign,512,354616,7907
FN-DSA,sign,512,354367,7908
FN-DSA,sign,512,354293,7909
FN-DSA,sign,512,354932,7910
FN-DSA,sign,512,354561,7911
FN-DSA,sign,512,353780,7912
FN-DSA,sign,512,354215,7913
FN-DSA,sign,512,354818,7914
FN-DSA,sign,512,354052,7915
FN-DSA,sign,512,353533,7916
FN-DSA,sign,512,354077,7917
FN-DSA,sign,512,354684,7918
FN-DSA,sign,512,353450,7919
FN-DSA,sign,512,353496,7920
FN-DSA,sign,512,354317,7921
FN-DSA,sign,512,354162,7922
FN-DSA,sign,512,355320,7923
FN-DSA,sign,512,354683,7924
FN-DSA,sign,512,354667,7925
FN-DSA,sign,512,353966,7926
FN-DSA,sign,512,355054,7927
FN-DSA,sign,512,354803,7928
FN-DSA,sign,512,354603,7929
FN-DSA,sign,512,354952,7930
FN-DSA,sign,512,354446,7931
FN-DSA,sign,512,354282,7932
FN-DSA,sign,512,353747,7933
FN-DSA,sign,512,354894,7934
FN-DSA,sign,512,354633,7935
FN-DSA,sign,512,354367,7936
FN-DSA,sign,512,354410,7937
FN-DSA,sign,512,355524,7938
FN-DSA,sign,512,354588,7939
FN-DSA,sign,512,354889,7940
FN-DSA,sign,512,354445,7941
FN-DSA,sign,512,355217,7942
FN-DSA,sign,512,353833,7943
FN-DSA,sign,512,353793,7944
FN-DSA,sign,512,355420,7945
FN-DSA,sign,512,353488,7946
FN-DSA,sign,512,354519,7947
FN-DSA,sign,512,354550,7948
FN-DSA,sign,512,354673,7949
FN-DSA,sign,512,354363,7950
FN-DSA,sign,512,354638,7951
FN-DSA,sign,512,354669,7952
FN-DSA,sign,512,355267,7953
FN-DSA,sign,512,353494,7954
FN-DSA,sign,512,354268,7955
FN-DSA,sign,512,356601,7956
FN-DSA,sign,512,355263,7957
FN-DSA,sign,512,354464,7958
FN-DSA,sign,512,354646,7959
FN-DSA,sign,512,354071,7960
FN-DSA,sign,512,354549,7961
FN-DSA,sign,512,354886,7962
FN-DSA,sign,512,354462,7963
FN-DSA,sign,512,355487,7964
FN-DSA,sign,512,355228,7965
FN-DSA,sign,512,353438,7966
FN-DSA,sign,512,354567,7967
FN-DSA,sign,512,354303,7968
FN-DSA,sign,512,355178,7969
FN-DSA,sign,512,354219,7970
FN-DSA,sign,512,353929,7971
FN-DSA,sign,512,354845,7972
FN-DSA,sign,512,354962,7973
FN-DSA,sign,512,355120,7974
FN-DSA,sign,512,354114,7975
FN-DSA,sign,512,354334,7976
FN-DSA,sign,512,354533,7977
FN-DSA,sign,512,354131,7978
FN-DSA,sign,512,353148,7979
FN-DSA,sign,512,355181,7980
FN-DSA,sign,512,355267,7981
FN-DSA,sign,512,353131,7982
FN-DSA,sign,512,355132,7983
FN-DSA,sign,512,354390,7984
FN-DSA,sign,512,354594,7985
FN-DSA,sign,512,354930,7986
FN-DSA,sign,512,353732,7987
FN-DSA,sign,512,354555,7988
FN-DSA,sign,512,354689,7989
FN-DSA,sign,512,354149,7990
FN-DSA,sign,512,353738,7991
FN-DSA,sign,512,355212,7992
FN-DSA,sign,512,354803,7993
FN-DSA,sign,512,355965,7994
FN-DSA,sign,512,354255,7995
FN-DSA,sign,512,354298,7996
FN-DSA,sign,512,355200,7997
FN-DSA,sign,512,354561,7998
FN-DSA,sign,512,354770,7999
FN-DSA,sign,512,353448,8000
FN-DSA,sign,512,352958,8001
FN-DSA,sign,512,354903,8002
FN-DSA,sign,512,354347,8003
FN-DSA,sign,512,355414,8004
FN-DSA,sign,512,354103,8005
FN-DSA,sign,512,355779,8006
FN-DSA,sign,512,354798,8007
FN-DSA,sign,512,354082,8008
FN-DSA,sign,512,355359,8009
FN-DSA,sign,512,353964,8010
FN-DSA,sign,512,355480,8011
FN-DSA,sign,512,354784,8012
FN-DSA,sign,512,354920,8013
FN-DSA,sign,512,354202,8014
FN-DSA,sign,512,355401,8015
FN-DSA,sign,512,354783,8016
FN-DSA,sign,512,353196,8017
FN-DSA,sign,512,354784,8018
FN-DSA,sign,512,354665,8019
FN-DSA,sign,512,356119,8020
FN-DSA,sign,512,355368,8021
FN-DSA,sign,512,354855,8022
FN-DSA,sign,512,354836,8023
FN-DSA,sign,512,354448,8024
FN-DSA,sign,512,355377,8025
FN-DSA,sign,512,354132,8026
FN-DSA,sign,512,355498,8027
FN-DSA,sign,512,354431,8028
FN-DSA,sign,512,354351,8029
FN-DSA,sign,512,354321,8030
FN-DSA,sign,512,354412,8031
FN-DSA,sign,512,354853,8032
FN-DSA,sign,512,353964,8033
FN-DSA,sign,512,354867,8034
FN-DSA,sign,512,355302,8035
FN-DSA,sign,512,354886,8036
FN-DSA,sign,512,353348,8037
FN-DSA,sign,512,353331,8038
FN-DSA,sign,512,354214,8039
FN-DSA,sign,512,353966,8040
FN-DSA,sign,512,354502,8041
FN-DSA,sign,512,354417,8042
FN-DSA,sign,512,354194,8043
FN-DSA,sign,512,354680,8044
FN-DSA,sign,512,354230,8045
FN-DSA,sign,512,354179,8046
FN-DSA,sign,512,354150,8047
FN-DSA,sign,512,354834,8048
FN-DSA,sign,512,354454,8049
FN-DSA,sign,512,354578,8050
FN-DSA,sign,512,355000,8051
FN-DSA,sign,512,354211,8052
FN-DSA,sign,512,354836,8053
FN-DSA,sign,512,354083,8054
FN-DSA,sign,512,354503,8055
FN-DSA,sign,512,354048,8056
FN-DSA,sign,512,355154,8057
FN-DSA,sign,512,352971,8058
FN-DSA,sign,512,353554,8059
FN-DSA,sign,512,352962,8060
FN-DSA,sign,512,355304,8061
FN-DSA,sign,512,354184,8062
FN-DSA,sign,512,354518,8063
FN-DSA,sign,512,355147,8064
FN-DSA,sign,512,354226,8065
FN-DSA,sign,512,355285,8066
FN-DSA,sign,512,353930,8067
FN-DSA,sign,512,354328,8068
FN-DSA,sign,512,354502,8069
FN-DSA,sign,512,354016,8070
FN-DSA,sign,512,355307,8071
FN-DSA,sign,512,354546,8072
FN-DSA,sign,512,354533,8073
FN-DSA,sign,512,354567,8074
FN-DSA,sign,512,354668,8075
FN-DSA,sign,512,355055,8076
FN-DSA,sign,512,354294,8077
FN-DSA,sign,512,355081,8078
FN-DSA,sign,512,354015,8079
FN-DSA,sign,512,353730,8080
FN-DSA,sign,512,354566,8081
FN-DSA,sign,512,354765,8082
FN-DSA,sign,512,354252,8083
FN-DSA,sign,512,354667,8084
FN-DSA,sign,512,354317,8085
FN-DSA,sign,512,354240,8086
FN-DSA,sign,512,354771,8087
FN-DSA,sign,512,355482,8088
FN-DSA,sign,512,354403,8089
FN-DSA,sign,512,354631,8090
FN-DSA,sign,512,355138,8091
FN-DSA,sign,512,354452,8092
FN-DSA,sign,512,354234,8093
FN-DSA,sign,512,353632,8094
FN-DSA,sign,512,355621,8095
FN-DSA,sign,512,353481,8096
FN-DSA,sign,512,354403,8097
FN-DSA,sign,512,354640,8098
FN-DSA,sign,512,355219,8099
FN-DSA,sign,512,354619,8100
FN-DSA,sign,512,353538,8101
FN-DSA,sign,512,353599,8102
FN-DSA,sign,512,354194,8103
FN-DSA,sign,512,354768,8104
FN-DSA,sign,512,352598,8105
FN-DSA,sign,512,354637,8106
FN-DSA,sign,512,353679,8107
FN-DSA,sign,512,353853,8108
FN-DSA,sign,512,354149,8109
FN-DSA,sign,512,353611,8110
FN-DSA,sign,512,354131,8111
FN-DSA,sign,512,353378,8112
FN-DSA,sign,512,353118,8113
FN-DSA,sign,512,353957,8114
FN-DSA,sign,512,354786,8115
FN-DSA,sign,512,355040,8116
FN-DSA,sign,512,354686,8117
FN-DSA,sign,512,354146,8118
FN-DSA,sign,512,353466,8119
FN-DSA,sign,512,354828,8120
FN-DSA,sign,512,354043,8121
FN-DSA,sign,512,355161,8122
FN-DSA,sign,512,354465,8123
FN-DSA,sign,512,353305,8124
FN-DSA,sign,512,353734,8125
FN-DSA,sign,512,353604,8126
FN-DSA,sign,512,352953,8127
FN-DSA,sign,512,354674,8128
FN-DSA,sign,512,354375,8129
FN-DSA,sign,512,355180,8130
FN-DSA,sign,512,353450,8131
FN-DSA,sign,512,354195,8132
FN-DSA,sign,512,354850,8133
FN-DSA,sign,512,354215,8134
FN-DSA,sign,512,355820,8135
FN-DSA,sign,512,353194,8136
FN-DSA,sign,512,354503,8137
FN-DSA,sign,512,353447,8138
FN-DSA,sign,512,353521,8139
FN-DSA,sign,512,356316,8140
FN-DSA,sign,512,354802,8141
FN-DSA,sign,512,353995,8142
FN-DSA,sign,512,354796,8143
FN-DSA,sign,512,355234,8144
FN-DSA,sign,512,354599,8145
FN-DSA,sign,512,355197,8146
FN-DSA,sign,512,354555,8147
FN-DSA,sign,512,354094,8148
FN-DSA,sign,512,355249,8149
FN-DSA,sign,512,354418,8150
FN-DSA,sign,512,355214,8151
FN-DSA,sign,512,354780,8152
FN-DSA,sign,512,355284,8153
FN-DSA,sign,512,354585,8154
FN-DSA,sign,512,354666,8155
FN-DSA,sign,512,354985,8156
FN-DSA,sign,512,353466,8157
FN-DSA,sign,512,354280,8158
FN-DSA,sign,512,353803,8159
FN-DSA,sign,512,354782,8160
FN-DSA,sign,512,353718,8161
FN-DSA,sign,512,353846,8162
FN-DSA,sign,512,355370,8163
FN-DSA,sign,512,354521,8164
FN-DSA,sign,512,355813,8165
FN-DSA,sign,512,353766,8166
FN-DSA,sign,512,354005,8167
FN-DSA,sign,512,353597,8168
FN-DSA,sign,512,355606,8169
FN-DSA,sign,512,354264,8170
FN-DSA,sign,512,354021,8171
FN-DSA,sign,512,354484,8172
FN-DSA,sign,512,354634,8173
FN-DSA,sign,512,353283,8174
FN-DSA,sign,512,354364,8175
FN-DSA,sign,512,353819,8176
FN-DSA,sign,512,354400,8177
FN-DSA,sign,512,354468,8178
FN-DSA,sign,512,354504,8179
FN-DSA,sign,512,355369,8180
FN-DSA,sign,512,354133,8181
FN-DSA,sign,512,354768,8182
FN-DSA,sign,512,354201,8183
FN-DSA,sign,512,355036,8184
FN-DSA,sign,512,354465,8185
FN-DSA,sign,512,354205,8186
FN-DSA,sign,512,354146,8187
FN-DSA,sign,512,353348,8188
FN-DSA,sign,512,354917,8189
FN-DSA,sign,512,354264,8190
FN-DSA,sign,512,353853,8191
FN-DSA,sign,512,354952,8192
FN-DSA,sign,512,354961,8193
FN-DSA,sign,512,355524,8194
FN-DSA,sign,512,355214,8195
FN-DSA,sign,512,353732,8196
FN-DSA,sign,512,355383,8197
FN-DSA,sign,512,353987,8198
FN-DSA,sign,512,355511,8199
FN-DSA,sign,512,354399,8200
FN-DSA,sign,512,353518,8201
FN-DSA,sign,512,354483,8202
FN-DSA,sign,512,355045,8203
FN-DSA,sign,512,353801,8204
FN-DSA,sign,512,354767,8205
FN-DSA,sign,512,355154,8206
FN-DSA,sign,512,354154,8207
FN-DSA,sign,512,355703,8208
FN-DSA,sign,512,355098,8209
FN-DSA,sign,512,354433,8210
FN-DSA,sign,512,353784,8211
FN-DSA,sign,512,355786,8212
FN-DSA,sign,512,354977,8213
FN-DSA,sign,512,354453,8214
FN-DSA,sign,512,354232,8215
FN-DSA,sign,512,353984,8216
FN-DSA,sign,512,354134,8217
FN-DSA,sign,512,354887,8218
FN-DSA,sign,512,354863,8219
FN-DSA,sign,512,354771,8220
FN-DSA,sign,512,354366,8221
FN-DSA,sign,512,354554,8222
FN-DSA,sign,512,353804,8223
FN-DSA,sign,512,354667,8224
FN-DSA,sign,512,353932,8225
FN-DSA,sign,512,354648,8226
FN-DSA,sign,512,354550,8227
FN-DSA,sign,512,353518,8228
FN-DSA,sign,512,354385,8229
FN-DSA,sign,512,354597,8230
FN-DSA,sign,512,354201,8231
FN-DSA,sign,512,355162,8232
FN-DSA,sign,512,353952,8233
FN-DSA,sign,512,354851,8234
FN-DSA,sign,512,353944,8235
FN-DSA,sign,512,354416,8236
FN-DSA,sign,512,355268,8237
FN-DSA,sign,512,354865,8238
FN-DSA,sign,512,353966,8239
FN-DSA,sign,512,354399,8240
FN-DSA,sign,512,355235,8241
FN-DSA,sign,512,354316,8242
FN-DSA,sign,512,354434,8243
FN-DSA,sign,512,354133,8244
FN-DSA,sign,512,353807,8245
FN-DSA,sign,512,353997,8246
FN-DSA,sign,512,352829,8247
FN-DSA,sign,512,355853,8248
FN-DSA,sign,512,354914,8249
FN-DSA,sign,512,355682,8250
FN-DSA,sign,512,354785,8251
FN-DSA,sign,512,353964,8252
FN-DSA,sign,512,354884,8253
FN-DSA,sign,512,353731,8254
FN-DSA,sign,512,354840,8255
FN-DSA,sign,512,353581,8256
FN-DSA,sign,512,354144,8257
FN-DSA,sign,512,354296,8258
FN-DSA,sign,512,353169,8259
FN-DSA,sign,512,354911,8260
FN-DSA,sign,512,353818,8261
FN-DSA,sign,512,353484,8262
FN-DSA,sign,512,353597,8263
FN-DSA,sign,512,355331,8264
FN-DSA,sign,512,353435,8265
FN-DSA,sign,512,354150,8266
FN-DSA,sign,512,354265,8267
FN-DSA,sign,512,354578,8268
FN-DSA,sign,512,354283,8269
FN-DSA,sign,512,354343,8270
FN-DSA,sign,512,355193,8271
FN-DSA,sign,512,354536,8272
FN-DSA,sign,512,354783,8273
FN-DSA,sign,512,354801,8274
FN-DSA,sign,512,354648,8275
FN-DSA,sign,512,354207,8276
FN-DSA,sign,512,354932,8277
FN-DSA,sign,512,353786,8278
FN-DSA,sign,512,354967,8279
FN-DSA,sign,512,354250,8280
FN-DSA,sign,512,355082,8281
FN-DSA,sign,512,354862,8282
FN-DSA,sign,512,354554,8283
FN-DSA,sign,512,354637,8284
FN-DSA,sign,512,353566,8285
FN-DSA,sign,512,355169,8286
FN-DSA,sign,512,354929,8287
FN-DSA,sign,512,356121,8288
FN-DSA,sign,512,353984,8289
FN-DSA,sign,512,354053,8290
FN-DSA,sign,512,353953,8291
FN-DSA,sign,512,354352,8292
FN-DSA,sign,512,354531,8293
FN-DSA,sign,512,354467,8294
FN-DSA,sign,512,354763,8295
FN-DSA,sign,512,353731,8296
FN-DSA,sign,512,355097,8297
FN-DSA,sign,512,354336,8298
FN-DSA,sign,512,354501,8299
FN-DSA,sign,512,354372,8300
FN-DSA,sign,512,354663,8301
FN-DSA,sign,512,353334,8302
FN-DSA,sign,512,354550,8303
FN-DSA,sign,512,354191,8304
FN-DSA,sign,512,354054,8305
FN-DSA,sign,512,354246,8306
FN-DSA,sign,512,353933,8307
FN-DSA,sign,512,353747,8308
FN-DSA,sign,512,354431,8309
FN-DSA,sign,512,354284,8310
FN-DSA,sign,512,354422,8311
FN-DSA,sign,512,354881,8312
FN-DSA,sign,512,355350,8313
FN-DSA,sign,512,355403,8314
FN-DSA,sign,512,354204,8315
FN-DSA,sign,512,354379,8316
FN-DSA,sign,512,354781,8317
FN-DSA,sign,512,354396,8318
FN-DSA,sign,512,354935,8319
FN-DSA,sign,512,354285,8320
FN-DSA,sign,512,354229,8321
FN-DSA,sign,512,354615,8322
FN-DSA,sign,512,354953,8323
FN-DSA,sign,512,353569,8324
FN-DSA,sign,512,353317,8325
FN-DSA,sign,512,354596,8326
FN-DSA,sign,512,355036,8327
FN-DSA,sign,512,353468,8328
FN-DSA,sign,512,354786,8329
FN-DSA,sign,512,355018,8330
FN-DSA,sign,512,353771,8331
FN-DSA,sign,512,353833,8332
FN-DSA,sign,512,355152,8333
FN-DSA,sign,512,354813,8334
FN-DSA,sign,512,354025,8335
FN-DSA,sign,512,356266,8336
FN-DSA,sign,512,354298,8337
FN-DSA,sign,512,355312,8338
FN-DSA,sign,512,354101,8339
FN-DSA,sign,512,355028,8340
FN-DSA,sign,512,354655,8341
FN-DSA,sign,512,354396,8342
FN-DSA,sign,512,354568,8343
FN-DSA,sign,512,354548,8344
FN-DSA,sign,512,355172,8345
FN-DSA,sign,512,353798,8346
FN-DSA,sign,512,354504,8347
FN-DSA,sign,512,354015,8348
FN-DSA,sign,512,355831,8349
FN-DSA,sign,512,354567,8350
FN-DSA,sign,512,353787,8351
FN-DSA,sign,512,353929,8352
FN-DSA,sign,512,354051,8353
FN-DSA,sign,512,355879,8354
FN-DSA,sign,512,355048,8355
FN-DSA,sign,512,353632,8356
FN-DSA,sign,512,354473,8357
FN-DSA,sign,512,354566,8358
FN-DSA,sign,512,354132,8359
FN-DSA,sign,512,354079,8360
FN-DSA,sign,512,353516,8361
FN-DSA,sign,512,354466,8362
FN-DSA,sign,512,353499,8363
FN-DSA,sign,512,353649,8364
FN-DSA,sign,512,355945,8365
FN-DSA,sign,512,354235,8366
FN-DSA,sign,512,353482,8367
FN-DSA,sign,512,354314,8368
FN-DSA,sign,512,354500,8369
FN-DSA,sign,512,354252,8370
FN-DSA,sign,512,353181,8371
FN-DSA,sign,512,355304,8372
FN-DSA,sign,512,355815,8373
FN-DSA,sign,512,354356,8374
FN-DSA,sign,512,354618,8375
FN-DSA,sign,512,353721,8376
FN-DSA,sign,512,354262,8377
FN-DSA,sign,512,353702,8378
FN-DSA,sign,512,354035,8379
FN-DSA,sign,512,354351,8380
FN-DSA,sign,512,354335,8381
FN-DSA,sign,512,353596,8382
FN-DSA,sign,512,354513,8383
FN-DSA,sign,512,354396,8384
FN-DSA,sign,512,354631,8385
FN-DSA,sign,512,354157,8386
FN-DSA,sign,512,355064,8387
FN-DSA,sign,512,354684,8388
FN-DSA,sign,512,355496,8389
FN-DSA,sign,512,353599,8390
FN-DSA,sign,512,354684,8391
FN-DSA,sign,512,354648,8392
FN-DSA,sign,512,354993,8393
FN-DSA,sign,512,353634,8394
FN-DSA,sign,512,354322,8395
FN-DSA,sign,512,354467,8396
FN-DSA,sign,512,354421,8397
FN-DSA,sign,512,353482,8398
FN-DSA,sign,512,354318,8399
FN-DSA,sign,512,355345,8400
FN-DSA,sign,512,354007,8401
FN-DSA,sign,512,354231,8402
FN-DSA,sign,512,354206,8403
FN-DSA,sign,512,353747,8404
FN-DSA,sign,512,355421,8405
FN-DSA,sign,512,354396,8406
FN-DSA,sign,512,353783,8407
FN-DSA,sign,512,352948,8408
FN-DSA,sign,512,354167,8409
FN-DSA,sign,512,355250,8410
FN-DSA,sign,512,354638,8411
FN-DSA,sign,512,355401,8412
FN-DSA,sign,512,354094,8413
FN-DSA,sign,512,355518,8414
FN-DSA,sign,512,353597,8415
FN-DSA,sign,512,354570,8416
FN-DSA,sign,512,354210,8417
FN-DSA,sign,512,354818,8418
FN-DSA,sign,512,355065,8419
FN-DSA,sign,512,355216,8420
FN-DSA,sign,512,353547,8421
FN-DSA,sign,512,354089,8422
FN-DSA,sign,512,354548,8423
FN-DSA,sign,512,354934,8424
FN-DSA,sign,512,353634,8425
FN-DSA,sign,512,353664,8426
FN-DSA,sign,512,354850,8427
FN-DSA,sign,512,354968,8428
FN-DSA,sign,512,354533,8429
FN-DSA,sign,512,353753,8430
FN-DSA,sign,512,354567,8431
FN-DSA,sign,512,354802,8432
FN-DSA,sign,512,354211,8433
FN-DSA,sign,512,353997,8434
FN-DSA,sign,512,354533,8435
FN-DSA,sign,512,354799,8436
FN-DSA,sign,512,354362,8437
FN-DSA,sign,512,354419,8438
FN-DSA,sign,512,353544,8439
FN-DSA,sign,512,353646,8440
FN-DSA,sign,512,354634,8441
FN-DSA,sign,512,354131,8442
FN-DSA,sign,512,354525,8443
FN-DSA,sign,512,354343,8444
FN-DSA,sign,512,355509,8445
FN-DSA,sign,512,354601,8446
FN-DSA,sign,512,353617,8447
FN-DSA,sign,512,354271,8448
FN-DSA,sign,512,354957,8449
FN-DSA,sign,512,352799,8450
FN-DSA,sign,512,355188,8451
FN-DSA,sign,512,353019,8452
FN-DSA,sign,512,354803,8453
FN-DSA,sign,512,353350,8454
FN-DSA,sign,512,355072,8455
FN-DSA,sign,512,355313,8456
FN-DSA,sign,512,353437,8457
FN-DSA,sign,512,354548,8458
FN-DSA,sign,512,353854,8459
FN-DSA,sign,512,354054,8460
FN-DSA,sign,512,355218,8461
FN-DSA,sign,512,355001,8462
FN-DSA,sign,512,353939,8463
FN-DSA,sign,512,354834,8464
FN-DSA,sign,512,354689,8465
FN-DSA,sign,512,354966,8466
FN-DSA,sign,512,353564,8467
FN-DSA,sign,512,354681,8468
FN-DSA,sign,512,354548,8469
FN-DSA,sign,512,355320,8470
FN-DSA,sign,512,353479,8471
FN-DSA,sign,512,354521,8472
FN-DSA,sign,512,353575,8473
FN-DSA,sign,512,354866,8474
FN-DSA,sign,512,354765,8475
FN-DSA,sign,512,354399,8476
FN-DSA,sign,512,353642,8477
FN-DSA,sign,512,355167,8478
FN-DSA,sign,512,355132,8479
FN-DSA,sign,512,354310,8480
FN-DSA,sign,512,354295,8481
FN-DSA,sign,512,354922,8482
FN-DSA,sign,512,354650,8483
FN-DSA,sign,512,355204,8484
FN-DSA,sign,512,353348,8485
FN-DSA,sign,512,354337,8486
FN-DSA,sign,512,354500,8487
FN-DSA,sign,512,353704,8488
FN-DSA,sign,512,353711,8489
FN-DSA,sign,512,354986,8490
FN-DSA,sign,512,354933,8491
FN-DSA,sign,512,353514,8492
FN-DSA,sign,512,354997,8493
FN-DSA,sign,512,353459,8494
FN-DSA,sign,512,355151,8495
FN-DSA,sign,512,354382,8496
FN-DSA,sign,512,353984,8497
FN-DSA,sign,512,354269,8498
FN-DSA,sign,512,354633,8499
FN-DSA,sign,512,355967,8500
FN-DSA,sign,512,354347,8501
FN-DSA,sign,512,355651,8502
FN-DSA,sign,512,354872,8503
FN-DSA,sign,512,354402,8504
FN-DSA,sign,512,353951,8505
FN-DSA,sign,512,355505,8506
FN-DSA,sign,512,354227,8507
FN-DSA,sign,512,355351,8508
FN-DSA,sign,512,354013,8509
FN-DSA,sign,512,354235,8510
FN-DSA,sign,512,353712,8511
FN-DSA,sign,512,354847,8512
FN-DSA,sign,512,354126,8513
FN-DSA,sign,512,355221,8514
FN-DSA,sign,512,353798,8515
FN-DSA,sign,512,353559,8516
FN-DSA,sign,512,355082,8517
FN-DSA,sign,512,354011,8518
FN-DSA,sign,512,353283,8519
FN-DSA,sign,512,353717,8520
FN-DSA,sign,512,353934,8521
FN-DSA,sign,512,354196,8522
FN-DSA,sign,512,354846,8523
FN-DSA,sign,512,353347,8524
FN-DSA,sign,512,354883,8525
FN-DSA,sign,512,354952,8526
FN-DSA,sign,512,354601,8527
FN-DSA,sign,512,355133,8528
FN-DSA,sign,512,354215,8529
FN-DSA,sign,512,352935,8530
FN-DSA,sign,512,354588,8531
FN-DSA,sign,512,355104,8532
FN-DSA,sign,512,353616,8533
FN-DSA,sign,512,353135,8534
FN-DSA,sign,512,354631,8535
FN-DSA,sign,512,354440,8536
FN-DSA,sign,512,353392,8537
FN-DSA,sign,512,354877,8538
FN-DSA,sign,512,353366,8539
FN-DSA,sign,512,354943,8540
FN-DSA,sign,512,354053,8541
FN-DSA,sign,512,354334,8542
FN-DSA,sign,512,354502,8543
FN-DSA,sign,512,355030,8544
FN-DSA,sign,512,353785,8545
FN-DSA,sign,512,354432,8546
FN-DSA,sign,512,353609,8547
FN-DSA,sign,512,354849,8548
FN-DSA,sign,512,354384,8549
FN-DSA,sign,512,354620,8550
FN-DSA,sign,512,354524,8551
FN-DSA,sign,512,355251,8552
FN-DSA,sign,512,354223,8553
FN-DSA,sign,512,354101,8554
FN-DSA,sign,512,353416,8555
FN-DSA,sign,512,354952,8556
FN-DSA,sign,512,353697,8557
FN-DSA,sign,512,354148,8558
FN-DSA,sign,512,356202,8559
FN-DSA,sign,512,354417,8560
FN-DSA,sign,512,355635,8561
FN-DSA,sign,512,354967,8562
FN-DSA,sign,512,354834,8563
FN-DSA,sign,512,354949,8564
FN-DSA,sign,512,354066,8565
FN-DSA,sign,512,355112,8566
FN-DSA,sign,512,353167,8567
FN-DSA,sign,512,354583,8568
FN-DSA,sign,512,354265,8569
FN-DSA,sign,512,354797,8570
FN-DSA,sign,512,353659,8571
FN-DSA,sign,512,354571,8572
FN-DSA,sign,512,354331,8573
FN-DSA,sign,512,354435,8574
FN-DSA,sign,512,353965,8575
FN-DSA,sign,512,354273,8576
FN-DSA,sign,512,354876,8577
FN-DSA,sign,512,355351,8578
FN-DSA,sign,512,353818,8579
FN-DSA,sign,512,354682,8580
FN-DSA,sign,512,354335,8581
FN-DSA,sign,512,354783,8582
FN-DSA,sign,512,353681,8583
FN-DSA,sign,512,353146,8584
FN-DSA,sign,512,354653,8585
FN-DSA,sign,512,353616,8586
FN-DSA,sign,512,354019,8587
FN-DSA,sign,512,354032,8588
FN-DSA,sign,512,354791,8589
FN-DSA,sign,512,354353,8590
FN-DSA,sign,512,354768,8591
FN-DSA,sign,512,354664,8592
FN-DSA,sign,512,354219,8593
FN-DSA,sign,512,354368,8594
FN-DSA,sign,512,355418,8595
FN-DSA,sign,512,354198,8596
FN-DSA,sign,512,354437,8597
FN-DSA,sign,512,356135,8598
FN-DSA,sign,512,352933,8599
FN-DSA,sign,512,354312,8600
FN-DSA,sign,512,355337,8601
FN-DSA,sign,512,354311,8602
FN-DSA,sign,512,355715,8603
FN-DSA,sign,512,354029,8604
FN-DSA,sign,512,354287,8605
FN-DSA,sign,512,353654,8606
FN-DSA,sign,512,354164,8607
FN-DSA,sign,512,354503,8608
FN-DSA,sign,512,354416,8609
FN-DSA,sign,512,354604,8610
FN-DSA,sign,512,353947,8611
FN-DSA,sign,512,355071,8612
FN-DSA,sign,512,354786,8613
FN-DSA,sign,512,353694,8614
FN-DSA,sign,512,353562,8615
FN-DSA,sign,512,354402,8616
FN-DSA,sign,512,354483,8617
FN-DSA,sign,512,353955,8618
FN-DSA,sign,512,354312,8619
FN-DSA,sign,512,355125,8620
FN-DSA,sign,512,354631,8621
FN-DSA,sign,512,354417,8622
FN-DSA,sign,512,354383,8623
FN-DSA,sign,512,354273,8624
FN-DSA,sign,512,356300,8625
FN-DSA,sign,512,352900,8626
FN-DSA,sign,512,354633,8627
FN-DSA,sign,512,354063,8628
FN-DSA,sign,512,354676,8629
FN-DSA,sign,512,354801,8630
FN-DSA,sign,512,354246,8631
FN-DSA,sign,512,355258,8632
FN-DSA,sign,512,354537,8633
FN-DSA,sign,512,353713,8634
FN-DSA,sign,512,354134,8635
FN-DSA,sign,512,353949,8636
FN-DSA,sign,512,354385,8637
FN-DSA,sign,512,355130,8638
FN-DSA,sign,512,353683,8639
FN-DSA,sign,512,354366,8640
FN-DSA,sign,512,353289,8641
FN-DSA,sign,512,353368,8642
FN-DSA,sign,512,355236,8643
FN-DSA,sign,512,353829,8644
FN-DSA,sign,512,354869,8645
FN-DSA,sign,512,355013,8646
FN-DSA,sign,512,353805,8647
FN-DSA,sign,512,354794,8648
FN-DSA,sign,512,353767,8649
FN-DSA,sign,512,354484,8650
FN-DSA,sign,512,354422,8651
FN-DSA,sign,512,354083,8652
FN-DSA,sign,512,353815,8653
FN-DSA,sign,512,354141,8654
FN-DSA,sign,512,354553,8655
FN-DSA,sign,512,355238,8656
FN-DSA,sign,512,355788,8657
FN-DSA,sign,512,353817,8658
FN-DSA,sign,512,354526,8659
FN-DSA,sign,512,353648,8660
FN-DSA,sign,512,354053,8661
FN-DSA,sign,512,354087,8662
FN-DSA,sign,512,354176,8663
FN-DSA,sign,512,355202,8664
FN-DSA,sign,512,354495,8665
FN-DSA,sign,512,354669,8666
FN-DSA,sign,512,354515,8667
FN-DSA,sign,512,352987,8668
FN-DSA,sign,512,354332,8669
FN-DSA,sign,512,354587,8670
FN-DSA,sign,512,354816,8671
FN-DSA,sign,512,354500,8672
FN-DSA,sign,512,353801,8673
FN-DSA,sign,512,355205,8674
FN-DSA,sign,512,355027,8675
FN-DSA,sign,512,354231,8676
FN-DSA,sign,512,353816,8677
FN-DSA,sign,512,354349,8678
FN-DSA,sign,512,354866,8679
FN-DSA,sign,512,353231,8680
FN-DSA,sign,512,354866,8681
FN-DSA,sign,512,353961,8682
FN-DSA,sign,512,354852,8683
FN-DSA,sign,512,355079,8684
FN-DSA,sign,512,354583,8685
FN-DSA,sign,512,354649,8686
FN-DSA,sign,512,353452,8687
FN-DSA,sign,512,354486,8688
FN-DSA,sign,512,354119,8689
FN-DSA,sign,512,354330,8690
FN-DSA,sign,512,353987,8691
FN-DSA,sign,512,354552,8692
FN-DSA,sign,512,354565,8693
FN-DSA,sign,512,354413,8694
FN-DSA,sign,512,354234,8695
FN-DSA,sign,512,354462,8696
FN-DSA,sign,512,355304,8697
FN-DSA,sign,512,353949,8698
FN-DSA,sign,512,354412,8699
FN-DSA,sign,512,353781,8700
FN-DSA,sign,512,353598,8701
FN-DSA,sign,512,354151,8702
FN-DSA,sign,512,354298,8703
FN-DSA,sign,512,354488,8704
FN-DSA,sign,512,354429,8705
FN-DSA,sign,512,355306,8706
FN-DSA,sign,512,354529,8707
FN-DSA,sign,512,353736,8708
FN-DSA,sign,512,354554,8709
FN-DSA,sign,512,353762,8710
FN-DSA,sign,512,354201,8711
FN-DSA,sign,512,353980,8712
FN-DSA,sign,512,353841,8713
FN-DSA,sign,512,354447,8714
FN-DSA,sign,512,353769,8715
FN-DSA,sign,512,353976,8716
FN-DSA,sign,512,355267,8717
FN-DSA,sign,512,354266,8718
FN-DSA,sign,512,355302,8719
FN-DSA,sign,512,353932,8720
FN-DSA,sign,512,355085,8721
FN-DSA,sign,512,354803,8722
FN-DSA,sign,512,354423,8723
FN-DSA,sign,512,354777,8724
FN-DSA,sign,512,353679,8725
FN-DSA,sign,512,354386,8726
FN-DSA,sign,512,354396,8727
FN-DSA,sign,512,354123,8728
FN-DSA,sign,512,353531,8729
FN-DSA,sign,512,356000,8730
FN-DSA,sign,512,353800,8731
FN-DSA,sign,512,353655,8732
FN-DSA,sign,512,354980,8733
FN-DSA,sign,512,355131,8734
FN-DSA,sign,512,354982,8735
FN-DSA,sign,512,354585,8736
FN-DSA,sign,512,355003,8737
FN-DSA,sign,512,353622,8738
FN-DSA,sign,512,355084,8739
FN-DSA,sign,512,354064,8740
FN-DSA,sign,512,353567,8741
FN-DSA,sign,512,354349,8742
FN-DSA,sign,512,354148,8743
FN-DSA,sign,512,354685,8744
FN-DSA,sign,512,354368,8745
FN-DSA,sign,512,355170,8746
FN-DSA,sign,512,354150,8747
FN-DSA,sign,512,353316,8748
FN-DSA,sign,512,355221,8749
FN-DSA,sign,512,354919,8750
FN-DSA,sign,512,354817,8751
FN-DSA,sign,512,353363,8752
FN-DSA,sign,512,355865,8753
FN-DSA,sign,512,355247,8754
FN-DSA,sign,512,354348,8755
FN-DSA,sign,512,354871,8756
FN-DSA,sign,512,354249,8757
FN-DSA,sign,512,354989,8758
FN-DSA,sign,512,354282,8759
FN-DSA,sign,512,353700,8760
FN-DSA,sign,512,354661,8761
FN-DSA,sign,512,353342,8762
FN-DSA,sign,512,355303,8763
FN-DSA,sign,512,355202,8764
FN-DSA,sign,512,353933,8765
FN-DSA,sign,512,352995,8766
FN-DSA,sign,512,355303,8767
FN-DSA,sign,512,353730,8768
FN-DSA,sign,512,354408,8769
FN-DSA,sign,512,353115,8770
FN-DSA,sign,512,354657,8771
FN-DSA,sign,512,354183,8772
FN-DSA,sign,512,353403,8773
FN-DSA,sign,512,355202,8774
FN-DSA,sign,512,353934,8775
FN-DSA,sign,512,356318,8776
FN-DSA,sign,512,354422,8777
FN-DSA,sign,512,353815,8778
FN-DSA,sign,512,355052,8779
FN-DSA,sign,512,354899,8780
FN-DSA,sign,512,354463,8781
FN-DSA,sign,512,354081,8782
FN-DSA,sign,512,355355,8783
FN-DSA,sign,512,355180,8784
FN-DSA,sign,512,354017,8785
FN-DSA,sign,512,353979,8786
FN-DSA,sign,512,354523,8787
FN-DSA,sign,512,354432,8788
FN-DSA,sign,512,353786,8789
FN-DSA,sign,512,354051,8790
FN-DSA,sign,512,354820,8791
FN-DSA,sign,512,354443,8792
FN-DSA,sign,512,353801,8793
FN-DSA,sign,512,354034,8794
FN-DSA,sign,512,354279,8795
FN-DSA,sign,512,355165,8796
FN-DSA,sign,512,354262,8797
FN-DSA,sign,512,354888,8798
FN-DSA,sign,512,355179,8799
FN-DSA,sign,512,353463,8800
FN-DSA,sign,512,353596,8801
FN-DSA,sign,512,354534,8802
FN-DSA,sign,512,355096,8803
FN-DSA,sign,512,353402,8804
FN-DSA,sign,512,354582,8805
FN-DSA,sign,512,354689,8806
FN-DSA,sign,512,354249,8807
FN-DSA,sign,512,355064,8808
FN-DSA,sign,512,354877,8809
FN-DSA,sign,512,354819,8810
FN-DSA,sign,512,354476,8811
FN-DSA,sign,512,353401,8812
FN-DSA,sign,512,354515,8813
FN-DSA,sign,512,354118,8814
FN-DSA,sign,512,354981,8815
FN-DSA,sign,512,354899,8816
FN-DSA,sign,512,353996,8817
FN-DSA,sign,512,353401,8818
FN-DSA,sign,512,354934,8819
FN-DSA,sign,512,355485,8820
FN-DSA,sign,512,354602,8821
FN-DSA,sign,512,354569,8822
FN-DSA,sign,512,354530,8823
FN-DSA,sign,512,353196,8824
FN-DSA,sign,512,354771,8825
FN-DSA,sign,512,353830,8826
FN-DSA,sign,512,353589,8827
FN-DSA,sign,512,354850,8828
FN-DSA,sign,512,353771,8829
FN-DSA,sign,512,354896,8830
FN-DSA,sign,512,352587,8831
FN-DSA,sign,512,353244,8832
FN-DSA,sign,512,353855,8833
FN-DSA,sign,512,354066,8834
FN-DSA,sign,512,354479,8835
FN-DSA,sign,512,354365,8836
FN-DSA,sign,512,353532,8837
FN-DSA,sign,512,355036,8838
FN-DSA,sign,512,354401,8839
FN-DSA,sign,512,355047,8840
FN-DSA,sign,512,352967,8841
FN-DSA,sign,512,354281,8842
FN-DSA,sign,512,355031,8843
FN-DSA,sign,512,354502,8844
FN-DSA,sign,512,354766,8845
FN-DSA,sign,512,355034,8846
FN-DSA,sign,512,354868,8847
FN-DSA,sign,512,354458,8848
FN-DSA,sign,512,354288,8849
FN-DSA,sign,512,354979,8850
FN-DSA,sign,512,353452,8851
FN-DSA,sign,512,353765,8852
FN-DSA,sign,512,353851,8853
FN-DSA,sign,512,354951,8854
FN-DSA,sign,512,353364,8855
FN-DSA,sign,512,353590,8856
FN-DSA,sign,512,353412,8857
FN-DSA,sign,512,353480,8858
FN-DSA,sign,512,354983,8859
FN-DSA,sign,512,354250,8860
FN-DSA,sign,512,353714,8861
FN-DSA,sign,512,353476,8862
FN-DSA,sign,512,355201,8863
FN-DSA,sign,512,355783,8864
FN-DSA,sign,512,354585,8865
FN-DSA,sign,512,354985,8866
FN-DSA,sign,512,355213,8867
FN-DSA,sign,512,354454,8868
FN-DSA,sign,512,353315,8869
FN-DSA,sign,512,354878,8870
FN-DSA,sign,512,354785,8871
FN-DSA,sign,512,353717,8872
FN-DSA,sign,512,355084,8873
FN-DSA,sign,512,355068,8874
FN-DSA,sign,512,354755,8875
FN-DSA,sign,512,354301,8876
FN-DSA,sign,512,354685,8877
FN-DSA,sign,512,354814,8878
FN-DSA,sign,512,353835,8879
FN-DSA,sign,512,354304,8880
FN-DSA,sign,512,355047,8881
FN-DSA,sign,512,356473,8882
FN-DSA,sign,512,354652,8883
FN-DSA,sign,512,355471,8884
FN-DSA,sign,512,355129,8885
FN-DSA,sign,512,353585,8886
FN-DSA,sign,512,353316,8887
FN-DSA,sign,512,354183,8888
FN-DSA,sign,512,353769,8889
FN-DSA,sign,512,353320,8890
FN-DSA,sign,512,353449,8891
FN-DSA,sign,512,353341,8892
FN-DSA,sign,512,353942,8893
FN-DSA,sign,512,352815,8894
FN-DSA,sign,512,353697,8895
FN-DSA,sign,512,354590,8896
FN-DSA,sign,512,353694,8897
FN-DSA,sign,512,354051,8898
FN-DSA,sign,512,353668,8899
FN-DSA,sign,512,353849,8900
FN-DSA,sign,512,354017,8901
FN-DSA,sign,512,355384,8902
FN-DSA,sign,512,354567,8903
FN-DSA,sign,512,353461,8904
FN-DSA,sign,512,353626,8905
FN-DSA,sign,512,354405,8906
FN-DSA,sign,512,354947,8907
FN-DSA,sign,512,354212,8908
FN-DSA,sign,512,354159,8909
FN-DSA,sign,512,355292,8910
FN-DSA,sign,512,354420,8911
FN-DSA,sign,512,354940,8912
FN-DSA,sign,512,355468,8913
FN-DSA,sign,512,355194,8914
FN-DSA,sign,512,354257,8915
FN-DSA,sign,512,354453,8916
FN-DSA,sign,512,353133,8917
FN-DSA,sign,512,354216,8918
FN-DSA,sign,512,355066,8919
FN-DSA,sign,512,356087,8920
FN-DSA,sign,512,354822,8921
FN-DSA,sign,512,354879,8922
FN-DSA,sign,512,354039,8923
FN-DSA,sign,512,354199,8924
FN-DSA,sign,512,354155,8925
FN-DSA,sign,512,353735,8926
FN-DSA,sign,512,354899,8927
FN-DSA,sign,512,354619,8928
FN-DSA,sign,512,352598,8929
FN-DSA,sign,512,355519,8930
FN-DSA,sign,512,353618,8931
FN-DSA,sign,512,355220,8932
FN-DSA,sign,512,353951,8933
FN-DSA,sign,512,355100,8934
FN-DSA,sign,512,353480,8935
FN-DSA,sign,512,352731,8936
FN-DSA,sign,512,354116,8937
FN-DSA,sign,512,354788,8938
FN-DSA,sign,512,354371,8939
FN-DSA,sign,512,354330,8940
FN-DSA,sign,512,354837,8941
FN-DSA,sign,512,355444,8942
FN-DSA,sign,512,354368,8943
FN-DSA,sign,512,353637,8944
FN-DSA,sign,512,352749,8945
FN-DSA,sign,512,354996,8946
FN-DSA,sign,512,353466,8947
FN-DSA,sign,512,354466,8948
FN-DSA,sign,512,354048,8949
FN-DSA,sign,512,353365,8950
FN-DSA,sign,512,354471,8951
FN-DSA,sign,512,354085,8952
FN-DSA,sign,512,353785,8953
FN-DSA,sign,512,354652,8954
FN-DSA,sign,512,353328,8955
FN-DSA,sign,512,354684,8956
FN-DSA,sign,512,355607,8957
FN-DSA,sign,512,353937,8958
FN-DSA,sign,512,355251,8959
FN-DSA,sign,512,354094,8960
FN-DSA,sign,512,354690,8961
FN-DSA,sign,512,354600,8962
FN-DSA,sign,512,355194,8963
FN-DSA,sign,512,355136,8964
FN-DSA,sign,512,354501,8965
FN-DSA,sign,512,354400,8966
FN-DSA,sign,512,354347,8967
FN-DSA,sign,512,354182,8968
FN-DSA,sign,512,356079,8969
FN-DSA,sign,512,354034,8970
FN-DSA,sign,512,354120,8971
FN-DSA,sign,512,354781,8972
FN-DSA,sign,512,354497,8973
FN-DSA,sign,512,355034,8974
FN-DSA,sign,512,354401,8975
FN-DSA,sign,512,353998,8976
FN-DSA,sign,512,355302,8977
FN-DSA,sign,512,355223,8978
FN-DSA,sign,512,353716,8979
FN-DSA,sign,512,354653,8980
FN-DSA,sign,512,354080,8981
FN-DSA,sign,512,354615,8982
FN-DSA,sign,512,355128,8983
FN-DSA,sign,512,354065,8984
FN-DSA,sign,512,355392,8985
FN-DSA,sign,512,353616,8986
FN-DSA,sign,512,354983,8987
FN-DSA,sign,512,354904,8988
FN-DSA,sign,512,354817,8989
FN-DSA,sign,512,353752,8990
FN-DSA,sign,512,353799,8991
FN-DSA,sign,512,354846,8992
FN-DSA,sign,512,354381,8993
FN-DSA,sign,512,353768,8994
FN-DSA,sign,512,354554,8995
FN-DSA,sign,512,354247,8996
FN-DSA,sign,512,353967,8997
FN-DSA,sign,512,353851,8998
FN-DSA,sign,512,354345,8999
FN-DSA,sign,512,352349,9000
FN-DSA,sign,512,355153,9001
FN-DSA,sign,512,354363,9002
FN-DSA,sign,512,354266,9003
FN-DSA,sign,512,354000,9004
FN-DSA,sign,512,354065,9005
FN-DSA,sign,512,354772,9006
FN-DSA,sign,512,353615,9007
FN-DSA,sign,512,353851,9008
FN-DSA,sign,512,353776,9009
FN-DSA,sign,512,354399,9010
FN-DSA,sign,512,353230,9011
FN-DSA,sign,512,354150,9012
FN-DSA,sign,512,354671,9013
FN-DSA,sign,512,354617,9014
FN-DSA,sign,512,353486,9015
FN-DSA,sign,512,354896,9016
FN-DSA,sign,512,354299,9017
FN-DSA,sign,512,354975,9018
FN-DSA,sign,512,353134,9019
FN-DSA,sign,512,356140,9020
FN-DSA,sign,512,354048,9021
FN-DSA,sign,512,354266,9022
FN-DSA,sign,512,354282,9023
FN-DSA,sign,512,354631,9024
FN-DSA,sign,512,354843,9025
FN-DSA,sign,512,354956,9026
FN-DSA,sign,512,354185,9027
FN-DSA,sign,512,352890,9028
FN-DSA,sign,512,353799,9029
FN-DSA,sign,512,355500,9030
FN-DSA,sign,512,354953,9031
FN-DSA,sign,512,354665,9032
FN-DSA,sign,512,353771,9033
FN-DSA,sign,512,354284,9034
FN-DSA,sign,512,354389,9035
FN-DSA,sign,512,354229,9036
FN-DSA,sign,512,355768,9037
FN-DSA,sign,512,355148,9038
FN-DSA,sign,512,354003,9039
FN-DSA,sign,512,354279,9040
FN-DSA,sign,512,353785,9041
FN-DSA,sign,512,354314,9042
FN-DSA,sign,512,355198,9043
FN-DSA,sign,512,353942,9044
FN-DSA,sign,512,354235,9045
FN-DSA,sign,512,353679,9046
FN-DSA,sign,512,354799,9047
FN-DSA,sign,512,353780,9048
FN-DSA,sign,512,354082,9049
FN-DSA,sign,512,354902,9050
FN-DSA,sign,512,354829,9051
FN-DSA,sign,512,355679,9052
FN-DSA,sign,512,353967,9053
FN-DSA,sign,512,354887,9054
FN-DSA,sign,512,354151,9055
FN-DSA,sign,512,355046,9056
FN-DSA,sign,512,354131,9057
FN-DSA,sign,512,354833,9058
FN-DSA,sign,512,355472,9059
FN-DSA,sign,512,353549,9060
FN-DSA,sign,512,355606,9061
FN-DSA,sign,512,353650,9062
FN-DSA,sign,512,356349,9063
FN-DSA,sign,512,354301,9064
FN-DSA,sign,512,353935,9065
FN-DSA,sign,512,355321,9066
FN-DSA,sign,512,353581,9067
FN-DSA,sign,512,354483,9068
FN-DSA,sign,512,354502,9069
FN-DSA,sign,512,353413,9070
FN-DSA,sign,512,353617,9071
FN-DSA,sign,512,355118,9072
FN-DSA,sign,512,354435,9073
FN-DSA,sign,512,354217,9074
FN-DSA,sign,512,356281,9075
FN-DSA,sign,512,354402,9076
FN-DSA,sign,512,354576,9077
FN-DSA,sign,512,353790,9078
FN-DSA,sign,512,353777,9079
FN-DSA,sign,512,354352,9080
FN-DSA,sign,512,354000,9081
FN-DSA,sign,512,354218,9082
FN-DSA,sign,512,354824,9083
FN-DSA,sign,512,354403,9084
FN-DSA,sign,512,354097,9085
FN-DSA,sign,512,354504,9086
FN-DSA,sign,512,354129,9087
FN-DSA,sign,512,355633,9088
FN-DSA,sign,512,354968,9089
FN-DSA,sign,512,353247,9090
FN-DSA,sign,512,353481,9091
FN-DSA,sign,512,353233,9092
FN-DSA,sign,512,354996,9093
FN-DSA,sign,512,353515,9094
FN-DSA,sign,512,354813,9095
FN-DSA,sign,512,354633,9096
FN-DSA,sign,512,355411,9097
FN-DSA,sign,512,354763,9098
FN-DSA,sign,512,354039,9099
FN-DSA,sign,512,354432,9100
FN-DSA,sign,512,354473,9101
FN-DSA,sign,512,354032,9102
FN-DSA,sign,512,354166,9103
FN-DSA,sign,512,354027,9104
FN-DSA,sign,512,353313,9105
FN-DSA,sign,512,354418,9106
FN-DSA,sign,512,355313,9107
FN-DSA,sign,512,354820,9108
FN-DSA,sign,512,356156,9109
FN-DSA,sign,512,353552,9110
FN-DSA,sign,512,354030,9111
FN-DSA,sign,512,355068,9112
FN-DSA,sign,512,354334,9113
FN-DSA,sign,512,354225,9114
FN-DSA,sign,512,355214,9115
FN-DSA,sign,512,355017,9116
FN-DSA,sign,512,355080,9117
FN-DSA,sign,512,354810,9118
FN-DSA,sign,512,355885,9119
FN-DSA,sign,512,354128,9120
FN-DSA,sign,512,355187,9121
FN-DSA,sign,512,354861,9122
FN-DSA,sign,512,354517,9123
FN-DSA,sign,512,354582,9124
FN-DSA,sign,512,355254,9125
FN-DSA,sign,512,352448,9126
FN-DSA,sign,512,354448,9127
FN-DSA,sign,512,353929,9128
FN-DSA,sign,512,354150,9129
FN-DSA,sign,512,355233,9130
FN-DSA,sign,512,355633,9131
FN-DSA,sign,512,354985,9132
FN-DSA,sign,512,355453,9133
FN-DSA,sign,512,354687,9134
FN-DSA,sign,512,355600,9135
FN-DSA,sign,512,354316,9136
FN-DSA,sign,512,353717,9137
FN-DSA,sign,512,354890,9138
FN-DSA,sign,512,353701,9139
FN-DSA,sign,512,354264,9140
FN-DSA,sign,512,354238,9141
FN-DSA,sign,512,355882,9142
FN-DSA,sign,512,355270,9143
FN-DSA,sign,512,354195,9144
FN-DSA,sign,512,354337,9145
FN-DSA,sign,512,354631,9146
FN-DSA,sign,512,354889,9147
FN-DSA,sign,512,354667,9148
FN-DSA,sign,512,353435,9149
FN-DSA,sign,512,354950,9150
FN-DSA,sign,512,354621,9151
FN-DSA,sign,512,354214,9152
FN-DSA,sign,512,354212,9153
FN-DSA,sign,512,353269,9154
FN-DSA,sign,512,354104,9155
FN-DSA,sign,512,354814,9156
FN-DSA,sign,512,353982,9157
FN-DSA,sign,512,355366,9158
FN-DSA,sign,512,354851,9159
FN-DSA,sign,512,354917,9160
FN-DSA,sign,512,354114,9161
FN-DSA,sign,512,354817,9162
FN-DSA,sign,512,354682,9163
FN-DSA,sign,512,354229,9164
FN-DSA,sign,512,353838,9165
FN-DSA,sign,512,353711,9166
FN-DSA,sign,512,353185,9167
FN-DSA,sign,512,354418,9168
FN-DSA,sign,512,354284,9169
FN-DSA,sign,512,354549,9170
FN-DSA,sign,512,354431,9171
FN-DSA,sign,512,354050,9172
FN-DSA,sign,512,354828,9173
FN-DSA,sign,512,354635,9174
FN-DSA,sign,512,355166,9175
FN-DSA,sign,512,354339,9176
FN-DSA,sign,512,354461,9177
FN-DSA,sign,512,355037,9178
FN-DSA,sign,512,355128,9179
FN-DSA,sign,512,354488,9180
FN-DSA,sign,512,353529,9181
FN-DSA,sign,512,354900,9182
FN-DSA,sign,512,353850,9183
FN-DSA,sign,512,354620,9184
FN-DSA,sign,512,355339,9185
FN-DSA,sign,512,355368,9186
FN-DSA,sign,512,354447,9187
FN-DSA,sign,512,354257,9188
FN-DSA,sign,512,354043,9189
FN-DSA,sign,512,354919,9190
FN-DSA,sign,512,354884,9191
FN-DSA,sign,512,354948,9192
FN-DSA,sign,512,354152,9193
FN-DSA,sign,512,354985,9194
FN-DSA,sign,512,354162,9195
FN-DSA,sign,512,354918,9196
FN-DSA,sign,512,353943,9197
FN-DSA,sign,512,354266,9198
FN-DSA,sign,512,354168,9199
FN-DSA,sign,512,354770,9200
FN-DSA,sign,512,354248,9201
FN-DSA,sign,512,354322,9202
FN-DSA,sign,512,353633,9203
FN-DSA,sign,512,354532,9204
FN-DSA,sign,512,354300,9205
FN-DSA,sign,512,353385,9206
FN-DSA,sign,512,354353,9207
FN-DSA,sign,512,353596,9208
FN-DSA,sign,512,354100,9209
FN-DSA,sign,512,354130,9210
FN-DSA,sign,512,354131,9211
FN-DSA,sign,512,355376,9212
FN-DSA,sign,512,355218,9213
FN-DSA,sign,512,354183,9214
FN-DSA,sign,512,355025,9215
FN-DSA,sign,512,354031,9216
FN-DSA,sign,512,356093,9217
FN-DSA,sign,512,354102,9218
FN-DSA,sign,512,354515,9219
FN-DSA,sign,512,354304,9220
FN-DSA,sign,512,355177,9221
FN-DSA,sign,512,353628,9222
FN-DSA,sign,512,354798,9223
FN-DSA,sign,512,354268,9224
FN-DSA,sign,512,354498,9225
FN-DSA,sign,512,353745,9226
FN-DSA,sign,512,354818,9227
FN-DSA,sign,512,354443,9228
FN-DSA,sign,512,354781,9229
FN-DSA,sign,512,354000,9230
FN-DSA,sign,512,356137,9231
FN-DSA,sign,512,355117,9232
FN-DSA,sign,512,354516,9233
FN-DSA,sign,512,354518,9234
FN-DSA,sign,512,355311,9235
FN-DSA,sign,512,354117,9236
FN-DSA,sign,512,355667,9237
FN-DSA,sign,512,355240,9238
FN-DSA,sign,512,354850,9239
FN-DSA,sign,512,355184,9240
FN-DSA,sign,512,354518,9241
FN-DSA,sign,512,354769,9242
FN-DSA,sign,512,354615,9243
FN-DSA,sign,512,353403,9244
FN-DSA,sign,512,353983,9245
FN-DSA,sign,512,353952,9246
FN-DSA,sign,512,354982,9247
FN-DSA,sign,512,354669,9248
FN-DSA,sign,512,354867,9249
FN-DSA,sign,512,355003,9250
FN-DSA,sign,512,355065,9251
FN-DSA,sign,512,354321,9252
FN-DSA,sign,512,354679,9253
FN-DSA,sign,512,353857,9254
FN-DSA,sign,512,353298,9255
FN-DSA,sign,512,353517,9256
FN-DSA,sign,512,353454,9257
FN-DSA,sign,512,354331,9258
FN-DSA,sign,512,354386,9259
FN-DSA,sign,512,354555,9260
FN-DSA,sign,512,354898,9261
FN-DSA,sign,512,353682,9262
FN-DSA,sign,512,355135,9263
FN-DSA,sign,512,355483,9264
FN-DSA,sign,512,354004,9265
FN-DSA,sign,512,354209,9266
FN-DSA,sign,512,353722,9267
FN-DSA,sign,512,354318,9268
FN-DSA,sign,512,354284,9269
FN-DSA,sign,512,353686,9270
FN-DSA,sign,512,354149,9271
FN-DSA,sign,512,353805,9272
FN-DSA,sign,512,353819,9273
FN-DSA,sign,512,354785,9274
FN-DSA,sign,512,353535,9275
FN-DSA,sign,512,355616,9276
FN-DSA,sign,512,353180,9277
FN-DSA,sign,512,355121,9278
FN-DSA,sign,512,354516,9279
FN-DSA,sign,512,355156,9280
FN-DSA,sign,512,354544,9281
FN-DSA,sign,512,354574,9282
FN-DSA,sign,512,352817,9283
FN-DSA,sign,512,354500,9284
FN-DSA,sign,512,354633,9285
FN-DSA,sign,512,354648,9286
FN-DSA,sign,512,354441,9287
FN-DSA,sign,512,353313,9288
FN-DSA,sign,512,355064,9289
FN-DSA,sign,512,354195,9290
FN-DSA,sign,512,355456,9291
FN-DSA,sign,512,354624,9292
FN-DSA,sign,512,353535,9293
FN-DSA,sign,512,353700,9294
FN-DSA,sign,512,354011,9295
FN-DSA,sign,512,353537,9296
FN-DSA,sign,512,356854,9297
FN-DSA,sign,512,354839,9298
FN-DSA,sign,512,354236,9299
FN-DSA,sign,512,354084,9300
FN-DSA,sign,512,354035,9301
FN-DSA,sign,512,353287,9302
FN-DSA,sign,512,354144,9303
FN-DSA,sign,512,355204,9304
FN-DSA,sign,512,354202,9305
FN-DSA,sign,512,354585,9306
FN-DSA,sign,512,354383,9307
FN-DSA,sign,512,354785,9308
FN-DSA,sign,512,352647,9309
FN-DSA,sign,512,353951,9310
FN-DSA,sign,512,354282,9311
FN-DSA,sign,512,353684,9312
FN-DSA,sign,512,354001,9313
FN-DSA,sign,512,353459,9314
FN-DSA,sign,512,354294,9315
FN-DSA,sign,512,354049,9316
FN-DSA,sign,512,354101,9317
FN-DSA,sign,512,352915,9318
FN-DSA,sign,512,354148,9319
FN-DSA,sign,512,354002,9320
FN-DSA,sign,512,354828,9321
FN-DSA,sign,512,354286,9322
FN-DSA,sign,512,355605,9323
FN-DSA,sign,512,353495,9324
FN-DSA,sign,512,354099,9325
FN-DSA,sign,512,354208,9326
FN-DSA,sign,512,354665,9327
FN-DSA,sign,512,354064,9328
FN-DSA,sign,512,353256,9329
FN-DSA,sign,512,354497,9330
FN-DSA,sign,512,355065,9331
FN-DSA,sign,512,354390,9332
FN-DSA,sign,512,353946,9333
FN-DSA,sign,512,355331,9334
FN-DSA,sign,512,355632,9335
FN-DSA,sign,512,355036,9336
FN-DSA,sign,512,353948,9337
FN-DSA,sign,512,354315,9338
FN-DSA,sign,512,353016,9339
FN-DSA,sign,512,355951,9340
FN-DSA,sign,512,354435,9341
FN-DSA,sign,512,353739,9342
FN-DSA,sign,512,354940,9343
FN-DSA,sign,512,354076,9344
FN-DSA,sign,512,354253,9345
FN-DSA,sign,512,355215,9346
FN-DSA,sign,512,353633,9347
FN-DSA,sign,512,355336,9348
FN-DSA,sign,512,355632,9349
FN-DSA,sign,512,355165,9350
FN-DSA,sign,512,354112,9351
FN-DSA,sign,512,353828,9352
FN-DSA,sign,512,354471,9353
FN-DSA,sign,512,355104,9354
FN-DSA,sign,512,354441,9355
FN-DSA,sign,512,354033,9356
FN-DSA,sign,512,354868,9357
FN-DSA,sign,512,355368,9358
FN-DSA,sign,512,354964,9359
FN-DSA,sign,512,354036,9360
FN-DSA,sign,512,354513,9361
FN-DSA,sign,512,355482,9362
FN-DSA,sign,512,354365,9363
FN-DSA,sign,512,354254,9364
FN-DSA,sign,512,354517,9365
FN-DSA,sign,512,353278,9366
FN-DSA,sign,512,354317,9367
FN-DSA,sign,512,354612,9368
FN-DSA,sign,512,353859,9369
FN-DSA,sign,512,353996,9370
FN-DSA,sign,512,354420,9371
FN-DSA,sign,512,353815,9372
FN-DSA,sign,512,354256,9373
FN-DSA,sign,512,354125,9374
FN-DSA,sign,512,354839,9375
FN-DSA,sign,512,353951,9376
FN-DSA,sign,512,355206,9377
FN-DSA,sign,512,354970,9378
FN-DSA,sign,512,353462,9379
FN-DSA,sign,512,354048,9380
FN-DSA,sign,512,355065,9381
FN-DSA,sign,512,354014,9382
FN-DSA,sign,512,355177,9383
FN-DSA,sign,512,354117,9384
FN-DSA,sign,512,354015,9385
FN-DSA,sign,512,353990,9386
FN-DSA,sign,512,355300,9387
FN-DSA,sign,512,354306,9388
FN-DSA,sign,512,353549,9389
FN-DSA,sign,512,354587,9390
FN-DSA,sign,512,354347,9391
FN-DSA,sign,512,354153,9392
FN-DSA,sign,512,355312,9393
FN-DSA,sign,512,353822,9394
FN-DSA,sign,512,355466,9395
FN-DSA,sign,512,354529,9396
FN-DSA,sign,512,354213,9397
FN-DSA,sign,512,354970,9398
FN-DSA,sign,512,354034,9399
FN-DSA,sign,512,353987,9400
FN-DSA,sign,512,354964,9401
FN-DSA,sign,512,355402,9402
FN-DSA,sign,512,354067,9403
FN-DSA,sign,512,354968,9404
FN-DSA,sign,512,354816,9405
FN-DSA,sign,512,353566,9406
FN-DSA,sign,512,353247,9407
FN-DSA,sign,512,355234,9408
FN-DSA,sign,512,354888,9409
FN-DSA,sign,512,354133,9410
FN-DSA,sign,512,353549,9411
FN-DSA,sign,512,355313,9412
FN-DSA,sign,512,355617,9413
FN-DSA,sign,512,354684,9414
FN-DSA,sign,512,353147,9415
FN-DSA,sign,512,353762,9416
FN-DSA,sign,512,354321,9417
FN-DSA,sign,512,353281,9418
FN-DSA,sign,512,354516,9419
FN-DSA,sign,512,354541,9420
FN-DSA,sign,512,355668,9421
FN-DSA,sign,512,354034,9422
FN-DSA,sign,512,354835,9423
FN-DSA,sign,512,353780,9424
FN-DSA,sign,512,353380,9425
FN-DSA,sign,512,355359,9426
FN-DSA,sign,512,354823,9427
FN-DSA,sign,512,355115,9428
FN-DSA,sign,512,355389,9429
FN-DSA,sign,512,354628,9430
FN-DSA,sign,512,354569,9431
FN-DSA,sign,512,355750,9432
FN-DSA,sign,512,354804,9433
FN-DSA,sign,512,353647,9434
FN-DSA,sign,512,353705,9435
FN-DSA,sign,512,355633,9436
FN-DSA,sign,512,354488,9437
FN-DSA,sign,512,354214,9438
FN-DSA,sign,512,354085,9439
FN-DSA,sign,512,354190,9440
FN-DSA,sign,512,354799,9441
FN-DSA,sign,512,353612,9442
FN-DSA,sign,512,355631,9443
FN-DSA,sign,512,354609,9444
FN-DSA,sign,512,355154,9445
FN-DSA,sign,512,354133,9446
FN-DSA,sign,512,354663,9447
FN-DSA,sign,512,354800,9448
FN-DSA,sign,512,354550,9449
FN-DSA,sign,512,354634,9450
FN-DSA,sign,512,354185,9451
FN-DSA,sign,512,354897,9452
FN-DSA,sign,512,353632,9453
FN-DSA,sign,512,355665,9454
FN-DSA,sign,512,354015,9455
FN-DSA,sign,512,354052,9456
FN-DSA,sign,512,354607,9457
FN-DSA,sign,512,354898,9458
FN-DSA,sign,512,354823,9459
FN-DSA,sign,512,354884,9460
FN-DSA,sign,512,354969,9461
FN-DSA,sign,512,352497,9462
FN-DSA,sign,512,353667,9463
FN-DSA,sign,512,353635,9464
FN-DSA,sign,512,354578,9465
FN-DSA,sign,512,354086,9466
FN-DSA,sign,512,354435,9467
FN-DSA,sign,512,353955,9468
FN-DSA,sign,512,354452,9469
FN-DSA,sign,512,353347,9470
FN-DSA,sign,512,353798,9471
FN-DSA,sign,512,354785,9472
FN-DSA,sign,512,355313,9473
FN-DSA,sign,512,355225,9474
FN-DSA,sign,512,354397,9475
FN-DSA,sign,512,354183,9476
FN-DSA,sign,512,353186,9477
FN-DSA,sign,512,354448,9478
FN-DSA,sign,512,353957,9479
FN-DSA,sign,512,353783,9480
FN-DSA,sign,512,354115,9481
FN-DSA,sign,512,353266,9482
FN-DSA,sign,512,354225,9483
FN-DSA,sign,512,353527,9484
FN-DSA,sign,512,353852,9485
FN-DSA,sign,512,354491,9486
FN-DSA,sign,512,354298,9487
FN-DSA,sign,512,355188,9488
FN-DSA,sign,512,353367,9489
FN-DSA,sign,512,354071,9490
FN-DSA,sign,512,354264,9491
FN-DSA,sign,512,354484,9492
FN-DSA,sign,512,355086,9493
FN-DSA,sign,512,354168,9494
FN-DSA,sign,512,354447,9495
FN-DSA,sign,512,354180,9496
FN-DSA,sign,512,353667,9497
FN-DSA,sign,512,353433,9498
FN-DSA,sign,512,352863,9499
FN-DSA,sign,512,356101,9500
FN-DSA,sign,512,354173,9501
FN-DSA,sign,512,354627,9502
FN-DSA,sign,512,353597,9503
FN-DSA,sign,512,354333,9504
FN-DSA,sign,512,354095,9505
FN-DSA,sign,512,354366,9506
FN-DSA,sign,512,353836,9507
FN-DSA,sign,512,353965,9508
FN-DSA,sign,512,354495,9509
FN-DSA,sign,512,353702,9510
FN-DSA,sign,512,355367,9511
FN-DSA,sign,512,354619,9512
FN-DSA,sign,512,354502,9513
FN-DSA,sign,512,353819,9514
FN-DSA,sign,512,353234,9515
FN-DSA,sign,512,354007,9516
FN-DSA,sign,512,353743,9517
FN-DSA,sign,512,353634,9518
FN-DSA,sign,512,354468,9519
FN-DSA,sign,512,354829,9520
FN-DSA,sign,512,354653,9521
FN-DSA,sign,512,354964,9522
FN-DSA,sign,512,354434,9523
FN-DSA,sign,512,355167,9524
FN-DSA,sign,512,354484,9525
FN-DSA,sign,512,354219,9526
FN-DSA,sign,512,353483,9527
FN-DSA,sign,512,354450,9528
FN-DSA,sign,512,355117,9529
FN-DSA,sign,512,353512,9530
FN-DSA,sign,512,354770,9531
FN-DSA,sign,512,353368,9532
FN-DSA,sign,512,355071,9533
FN-DSA,sign,512,353959,9534
FN-DSA,sign,512,354334,9535
FN-DSA,sign,512,355037,9536
FN-DSA,sign,512,354443,9537
FN-DSA,sign,512,354604,9538
FN-DSA,sign,512,354301,9539
FN-DSA,sign,512,353810,9540
FN-DSA,sign,512,353930,9541
FN-DSA,sign,512,353774,9542
FN-DSA,sign,512,354970,9543
FN-DSA,sign,512,354620,9544
FN-DSA,sign,512,354334,9545
FN-DSA,sign,512,354800,9546
FN-DSA,sign,512,355619,9547
FN-DSA,sign,512,356001,9548
FN-DSA,sign,512,355782,9549
FN-DSA,sign,512,356254,9550
FN-DSA,sign,512,354317,9551
FN-DSA,sign,512,353981,9552
FN-DSA,sign,512,354566,9553
FN-DSA,sign,512,353667,9554
FN-DSA,sign,512,354678,9555
FN-DSA,sign,512,354403,9556
FN-DSA,sign,512,353950,9557
FN-DSA,sign,512,355103,9558
FN-DSA,sign,512,354975,9559
FN-DSA,sign,512,353545,9560
FN-DSA,sign,512,353480,9561
FN-DSA,sign,512,355262,9562
FN-DSA,sign,512,354080,9563
FN-DSA,sign,512,355513,9564
FN-DSA,sign,512,354935,9565
FN-DSA,sign,512,354184,9566
FN-DSA,sign,512,354231,9567
FN-DSA,sign,512,353229,9568
FN-DSA,sign,512,355669,9569
FN-DSA,sign,512,352895,9570
FN-DSA,sign,512,354319,9571
FN-DSA,sign,512,354035,9572
FN-DSA,sign,512,354924,9573
FN-DSA,sign,512,354417,9574
FN-DSA,sign,512,355113,9575
FN-DSA,sign,512,354818,9576
FN-DSA,sign,512,354235,9577
FN-DSA,sign,512,354516,9578
FN-DSA,sign,512,354312,9579
FN-DSA,sign,512,353946,9580
FN-DSA,sign,512,355836,9581
FN-DSA,sign,512,354451,9582
FN-DSA,sign,512,353665,9583
FN-DSA,sign,512,355366,9584
FN-DSA,sign,512,354683,9585
FN-DSA,sign,512,354372,9586
FN-DSA,sign,512,354368,9587
FN-DSA,sign,512,354134,9588
FN-DSA,sign,512,355037,9589
FN-DSA,sign,512,354283,9590
FN-DSA,sign,512,354198,9591
FN-DSA,sign,512,354866,9592
FN-DSA,sign,512,353677,9593
FN-DSA,sign,512,354198,9594
FN-DSA,sign,512,355220,9595
FN-DSA,sign,512,354684,9596
FN-DSA,sign,512,355366,9597
FN-DSA,sign,512,354966,9598
FN-DSA,sign,512,354786,9599
FN-DSA,sign,512,354481,9600
FN-DSA,sign,512,353996,9601
FN-DSA,sign,512,355135,9602
FN-DSA,sign,512,353851,9603
FN-DSA,sign,512,353735,9604
FN-DSA,sign,512,355202,9605
FN-DSA,sign,512,353841,9606
FN-DSA,sign,512,355089,9607
FN-DSA,sign,512,353664,9608
FN-DSA,sign,512,354201,9609
FN-DSA,sign,512,354131,9610
FN-DSA,sign,512,354882,9611
FN-DSA,sign,512,355184,9612
FN-DSA,sign,512,355031,9613
FN-DSA,sign,512,354314,9614
FN-DSA,sign,512,353535,9615
FN-DSA,sign,512,354513,9616
FN-DSA,sign,512,353652,9617
FN-DSA,sign,512,354934,9618
FN-DSA,sign,512,354684,9619
FN-DSA,sign,512,354799,9620
FN-DSA,sign,512,354871,9621
FN-DSA,sign,512,354069,9622
FN-DSA,sign,512,354504,9623
FN-DSA,sign,512,354067,9624
FN-DSA,sign,512,353849,9625
FN-DSA,sign,512,353716,9626
FN-DSA,sign,512,353597,9627
FN-DSA,sign,512,354517,9628
FN-DSA,sign,512,354241,9629
FN-DSA,sign,512,354287,9630
FN-DSA,sign,512,354830,9631
FN-DSA,sign,512,353648,9632
FN-DSA,sign,512,354599,9633
FN-DSA,sign,512,355066,9634
FN-DSA,sign,512,355212,9635
FN-DSA,sign,512,353567,9636
FN-DSA,sign,512,355603,9637
FN-DSA,sign,512,354166,9638
FN-DSA,sign,512,354319,9639
FN-DSA,sign,512,354238,9640
FN-DSA,sign,512,354065,9641
FN-DSA,sign,512,355235,9642
FN-DSA,sign,512,353719,9643
FN-DSA,sign,512,354480,9644
FN-DSA,sign,512,353531,9645
FN-DSA,sign,512,354852,9646
FN-DSA,sign,512,354916,9647
FN-DSA,sign,512,354095,9648
FN-DSA,sign,512,355047,9649
FN-DSA,sign,512,353777,9650
FN-DSA,sign,512,354212,9651
FN-DSA,sign,512,355050,9652
FN-DSA,sign,512,353785,9653
FN-DSA,sign,512,354895,9654
FN-DSA,sign,512,352953,9655
FN-DSA,sign,512,354339,9656
FN-DSA,sign,512,353950,9657
FN-DSA,sign,512,354477,9658
FN-DSA,sign,512,354341,9659
FN-DSA,sign,512,355768,9660
FN-DSA,sign,512,354626,9661
FN-DSA,sign,512,353667,9662
FN-DSA,sign,512,354548,9663
FN-DSA,sign,512,355151,9664
FN-DSA,sign,512,355272,9665
FN-DSA,sign,512,354218,9666
FN-DSA,sign,512,354264,9667
FN-DSA,sign,512,354542,9668
FN-DSA,sign,512,355455,9669
FN-DSA,sign,512,352765,9670
FN-DSA,sign,512,353852,9671
FN-DSA,sign,512,354463,9672
FN-DSA,sign,512,353374,9673
FN-DSA,sign,512,354829,9674
FN-DSA,sign,512,354321,9675
FN-DSA,sign,512,355113,9676
FN-DSA,sign,512,353503,9677
FN-DSA,sign,512,355151,9678
FN-DSA,sign,512,353402,9679
FN-DSA,sign,512,355918,9680
FN-DSA,sign,512,353623,9681
FN-DSA,sign,512,354947,9682
FN-DSA,sign,512,353379,9683
FN-DSA,sign,512,353766,9684
FN-DSA,sign,512,354486,9685
FN-DSA,sign,512,353668,9686
FN-DSA,sign,512,354928,9687
FN-DSA,sign,512,353737,9688
FN-DSA,sign,512,355447,9689
FN-DSA,sign,512,354268,9690
FN-DSA,sign,512,354484,9691
FN-DSA,sign,512,354100,9692
FN-DSA,sign,512,355013,9693
FN-DSA,sign,512,354570,9694
FN-DSA,sign,512,353667,9695
FN-DSA,sign,512,353735,9696
FN-DSA,sign,512,354670,9697
FN-DSA,sign,512,354556,9698
FN-DSA,sign,512,354929,9699
FN-DSA,sign,512,354567,9700
FN-DSA,sign,512,354781,9701
FN-DSA,sign,512,353999,9702
FN-DSA,sign,512,355817,9703
FN-DSA,sign,512,355085,9704
FN-DSA,sign,512,354815,9705
FN-DSA,sign,512,355102,9706
FN-DSA,sign,512,353693,9707
FN-DSA,sign,512,353717,9708
FN-DSA,sign,512,354913,9709
FN-DSA,sign,512,354355,9710
FN-DSA,sign,512,354882,9711
FN-DSA,sign,512,353688,9712
FN-DSA,sign,512,353926,9713
FN-DSA,sign,512,353980,9714
FN-DSA,sign,512,354486,9715
FN-DSA,sign,512,354631,9716
FN-DSA,sign,512,353935,9717
FN-DSA,sign,512,354826,9718
FN-DSA,sign,512,354266,9719
FN-DSA,sign,512,352831,9720
FN-DSA,sign,512,354153,9721
FN-DSA,sign,512,354534,9722
FN-DSA,sign,512,353615,9723
FN-DSA,sign,512,354599,9724
FN-DSA,sign,512,354661,9725
FN-DSA,sign,512,355331,9726
FN-DSA,sign,512,354952,9727
FN-DSA,sign,512,354031,9728
FN-DSA,sign,512,354991,9729
FN-DSA,sign,512,353758,9730
FN-DSA,sign,512,354130,9731
FN-DSA,sign,512,354918,9732
FN-DSA,sign,512,353018,9733
FN-DSA,sign,512,354067,9734
FN-DSA,sign,512,353752,9735
FN-DSA,sign,512,355519,9736
FN-DSA,sign,512,354795,9737
FN-DSA,sign,512,354037,9738
FN-DSA,sign,512,354030,9739
FN-DSA,sign,512,354350,9740
FN-DSA,sign,512,354422,9741
FN-DSA,sign,512,354914,9742
FN-DSA,sign,512,354119,9743
FN-DSA,sign,512,353308,9744
FN-DSA,sign,512,354198,9745
FN-DSA,sign,512,354082,9746
FN-DSA,sign,512,355297,9747
FN-DSA,sign,512,354181,9748
FN-DSA,sign,512,354583,9749
FN-DSA,sign,512,354433,9750
FN-DSA,sign,512,353796,9751
FN-DSA,sign,512,354853,9752
FN-DSA,sign,512,354567,9753
FN-DSA,sign,512,354831,9754
FN-DSA,sign,512,354514,9755
FN-DSA,sign,512,354650,9756
FN-DSA,sign,512,355032,9757
FN-DSA,sign,512,353951,9758
FN-DSA,sign,512,355251,9759
FN-DSA,sign,512,354886,9760
FN-DSA,sign,512,354844,9761
FN-DSA,sign,512,353785,9762
FN-DSA,sign,512,354893,9763
FN-DSA,sign,512,354222,9764
FN-DSA,sign,512,355282,9765
FN-DSA,sign,512,354317,9766
FN-DSA,sign,512,354768,9767
FN-DSA,sign,512,353734,9768
FN-DSA,sign,512,353783,9769
FN-DSA,sign,512,354885,9770
FN-DSA,sign,512,354268,9771
FN-DSA,sign,512,353599,9772
FN-DSA,sign,512,354133,9773
FN-DSA,sign,512,352575,9774
FN-DSA,sign,512,354216,9775
FN-DSA,sign,512,354815,9776
FN-DSA,sign,512,353653,9777
FN-DSA,sign,512,354001,9778
FN-DSA,sign,512,354089,9779
FN-DSA,sign,512,353486,9780
FN-DSA,sign,512,355202,9781
FN-DSA,sign,512,354247,9782
FN-DSA,sign,512,353599,9783
FN-DSA,sign,512,354836,9784
FN-DSA,sign,512,353929,9785
FN-DSA,sign,512,353502,9786
FN-DSA,sign,512,354615,9787
FN-DSA,sign,512,354472,9788
FN-DSA,sign,512,354566,9789
FN-DSA,sign,512,354986,9790
FN-DSA,sign,512,355064,9791
FN-DSA,sign,512,354086,9792
FN-DSA,sign,512,355264,9793
FN-DSA,sign,512,354451,9794
FN-DSA,sign,512,354583,9795
FN-DSA,sign,512,354967,9796
FN-DSA,sign,512,354886,9797
FN-DSA,sign,512,354634,9798
FN-DSA,sign,512,354600,9799
FN-DSA,sign,512,354318,9800
FN-DSA,sign,512,354333,9801
FN-DSA,sign,512,356033,9802
FN-DSA,sign,512,353699,9803
FN-DSA,sign,512,355186,9804
FN-DSA,sign,512,354867,9805
FN-DSA,sign,512,354437,9806
FN-DSA,sign,512,354683,9807
FN-DSA,sign,512,354080,9808
FN-DSA,sign,512,353662,9809
FN-DSA,sign,512,353248,9810
FN-DSA,sign,512,352876,9811
FN-DSA,sign,512,353615,9812
FN-DSA,sign,512,354071,9813
FN-DSA,sign,512,354302,9814
FN-DSA,sign,512,354314,9815
FN-DSA,sign,512,354113,9816
FN-DSA,sign,512,354213,9817
FN-DSA,sign,512,354901,9818
FN-DSA,sign,512,353783,9819
FN-DSA,sign,512,354534,9820
FN-DSA,sign,512,354063,9821
FN-DSA,sign,512,355023,9822
FN-DSA,sign,512,353998,9823
FN-DSA,sign,512,354517,9824
FN-DSA,sign,512,354346,9825
FN-DSA,sign,512,354332,9826
FN-DSA,sign,512,355497,9827
FN-DSA,sign,512,355137,9828
FN-DSA,sign,512,354415,9829
FN-DSA,sign,512,353744,9830
FN-DSA,sign,512,353830,9831
FN-DSA,sign,512,354655,9832
FN-DSA,sign,512,353950,9833
FN-DSA,sign,512,354184,9834
FN-DSA,sign,512,355517,9835
FN-DSA,sign,512,353837,9836
FN-DSA,sign,512,353547,9837
FN-DSA,sign,512,353815,9838
FN-DSA,sign,512,354022,9839
FN-DSA,sign,512,353832,9840
FN-DSA,sign,512,355051,9841
FN-DSA,sign,512,353533,9842
FN-DSA,sign,512,355422,9843
FN-DSA,sign,512,354027,9844
FN-DSA,sign,512,354105,9845
FN-DSA,sign,512,355778,9846
FN-DSA,sign,512,353283,9847
FN-DSA,sign,512,354913,9848
FN-DSA,sign,512,354466,9849
FN-DSA,sign,512,354508,9850
FN-DSA,sign,512,355018,9851
FN-DSA,sign,512,355127,9852
FN-DSA,sign,512,354118,9853
FN-DSA,sign,512,354100,9854
FN-DSA,sign,512,354405,9855
FN-DSA,sign,512,355182,9856
FN-DSA,sign,512,355362,9857
FN-DSA,sign,512,354893,9858
FN-DSA,sign,512,354031,9859
FN-DSA,sign,512,354314,9860
FN-DSA,sign,512,353726,9861
FN-DSA,sign,512,355018,9862
FN-DSA,sign,512,353730,9863
FN-DSA,sign,512,355883,9864
FN-DSA,sign,512,354500,9865
FN-DSA,sign,512,355242,9866
FN-DSA,sign,512,354132,9867
FN-DSA,sign,512,355021,9868
FN-DSA,sign,512,355349,9869
FN-DSA,sign,512,354318,9870
FN-DSA,sign,512,355678,9871
FN-DSA,sign,512,355186,9872
FN-DSA,sign,512,354233,9873
FN-DSA,sign,512,354533,9874
FN-DSA,sign,512,353822,9875
FN-DSA,sign,512,353818,9876
FN-DSA,sign,512,355013,9877
FN-DSA,sign,512,354856,9878
FN-DSA,sign,512,354245,9879
FN-DSA,sign,512,353262,9880
FN-DSA,sign,512,355006,9881
FN-DSA,sign,512,354565,9882
FN-DSA,sign,512,355421,9883
FN-DSA,sign,512,353776,9884
FN-DSA,sign,512,354790,9885
FN-DSA,sign,512,354636,9886
FN-DSA,sign,512,355178,9887
FN-DSA,sign,512,353799,9888
FN-DSA,sign,512,353952,9889
FN-DSA,sign,512,353828,9890
FN-DSA,sign,512,354651,9891
FN-DSA,sign,512,354436,9892
FN-DSA,sign,512,355231,9893
FN-DSA,sign,512,354127,9894
FN-DSA,sign,512,354069,9895
FN-DSA,sign,512,354564,9896
FN-DSA,sign,512,354263,9897
FN-DSA,sign,512,354632,9898
FN-DSA,sign,512,354054,9899
FN-DSA,sign,512,354794,9900
FN-DSA,sign,512,353968,9901
FN-DSA,sign,512,354296,9902
FN-DSA,sign,512,354004,9903
FN-DSA,sign,512,354366,9904
FN-DSA,sign,512,353600,9905
FN-DSA,sign,512,354453,9906
FN-DSA,sign,512,353828,9907
FN-DSA,sign,512,353738,9908
FN-DSA,sign,512,353798,9909
FN-DSA,sign,512,354105,9910
FN-DSA,sign,512,353831,9911
FN-DSA,sign,512,353683,9912
FN-DSA,sign,512,354682,9913
FN-DSA,sign,512,354267,9914
FN-DSA,sign,512,354148,9915
FN-DSA,sign,512,353767,9916
FN-DSA,sign,512,354266,9917
FN-DSA,sign,512,354663,9918
FN-DSA,sign,512,354199,9919
FN-DSA,sign,512,354564,9920
FN-DSA,sign,512,354427,9921
FN-DSA,sign,512,354965,9922
FN-DSA,sign,512,355013,9923
FN-DSA,sign,512,354081,9924
FN-DSA,sign,512,355113,9925
FN-DSA,sign,512,353934,9926
FN-DSA,sign,512,355218,9927
FN-DSA,sign,512,354100,9928
FN-DSA,sign,512,355353,9929
FN-DSA,sign,512,354784,9930
FN-DSA,sign,512,355234,9931
FN-DSA,sign,512,354021,9932
FN-DSA,sign,512,354949,9933
FN-DSA,sign,512,352813,9934
FN-DSA,sign,512,353983,9935
FN-DSA,sign,512,354400,9936
FN-DSA,sign,512,353951,9937
FN-DSA,sign,512,353712,9938
FN-DSA,sign,512,354536,9939
FN-DSA,sign,512,353667,9940
FN-DSA,sign,512,354371,9941
FN-DSA,sign,512,354846,9942
FN-DSA,sign,512,354762,9943
FN-DSA,sign,512,353967,9944
FN-DSA,sign,512,355638,9945
FN-DSA,sign,512,354677,9946
FN-DSA,sign,512,355468,9947
FN-DSA,sign,512,355118,9948
FN-DSA,sign,512,354039,9949
FN-DSA,sign,512,354235,9950
FN-DSA,sign,512,354685,9951
FN-DSA,sign,512,354098,9952
FN-DSA,sign,512,354120,9953
FN-DSA,sign,512,354216,9954
FN-DSA,sign,512,353997,9955
FN-DSA,sign,512,353415,9956
FN-DSA,sign,512,354593,9957
FN-DSA,sign,512,353498,9958
FN-DSA,sign,512,355614,9959
FN-DSA,sign,512,355240,9960
FN-DSA,sign,512,354418,9961
FN-DSA,sign,512,353767,9962
FN-DSA,sign,512,355370,9963
FN-DSA,sign,512,354858,9964
FN-DSA,sign,512,354633,9965
FN-DSA,sign,512,354167,9966
FN-DSA,sign,512,353830,9967
FN-DSA,sign,512,356124,9968
FN-DSA,sign,512,355045,9969
FN-DSA,sign,512,354041,9970
FN-DSA,sign,512,353941,9971
FN-DSA,sign,512,354312,9972
FN-DSA,sign,512,355034,9973
FN-DSA,sign,512,353236,9974
FN-DSA,sign,512,355684,9975
FN-DSA,sign,512,353720,9976
FN-DSA,sign,512,354844,9977
FN-DSA,sign,512,355054,9978
FN-DSA,sign,512,355099,9979
FN-DSA,sign,512,353932,9980
FN-DSA,sign,512,353946,9981
FN-DSA,sign,512,355341,9982
FN-DSA,sign,512,355250,9983
FN-DSA,sign,512,352301,9984
FN-DSA,sign,512,354531,9985
FN-DSA,sign,512,354051,9986
FN-DSA,sign,512,352967,9987
FN-DSA,sign,512,354283,9988
FN-DSA,sign,512,354422,9989
FN-DSA,sign,512,354553,9990
FN-DSA,sign,512,354670,9991
FN-DSA,sign,512,353949,9992
FN-DSA,sign,512,354048,9993
FN-DSA,sign,512,354032,9994
FN-DSA,sign,512,354334,9995
FN-DSA,sign,512,354564,9996
FN-DSA,sign,512,353815,9997
FN-DSA,sign,512,354772,9998
FN-DSA,sign,512,354664,9999
FN-DSA,sign,512,354870,10000
