algorithm,operation,security_level,time_us,run_number
FN-DSA,sign,512,1287291,1
FN-DSA,sign,512,1284819,2
FN-DSA,sign,512,1286255,3
FN-DSA,sign,512,1285799,4
FN-DSA,sign,512,1287290,5
FN-DSA,sign,512,1286322,6
FN-DSA,sign,512,1283862,7
FN-DSA,sign,512,1287264,8
FN-DSA,sign,512,1289287,9
FN-DSA,sign,512,1283114,10
FN-DSA,sign,512,1288040,11
FN-DSA,sign,512,1286009,12
FN-DSA,sign,512,1285460,13
FN-DSA,sign,512,1285449,14
FN-DSA,sign,512,1282093,15
FN-DSA,sign,512,1285359,16
FN-DSA,sign,512,1283754,17
FN-DSA,sign,512,1285229,18
FN-DSA,sign,512,1286399,19
FN-DSA,sign,512,1288058,20
FN-DSA,sign,512,1284414,21
FN-DSA,sign,512,1286752,22
FN-DSA,sign,512,1287227,23
FN-DSA,sign,512,1283888,24
FN-DSA,sign,512,1287225,25
FN-DSA,sign,512,1284637,26
FN-DSA,sign,512,1288197,27
FN-DSA,sign,512,1283287,28
FN-DSA,sign,512,1285117,29
FN-DSA,sign,512,1282215,30
FN-DSA,sign,512,1285652,31
FN-DSA,sign,512,1281164,32
FN-DSA,sign,512,1286889,33
FN-DSA,sign,512,1284345,34
FN-DSA,sign,512,1288250,35
FN-DSA,sign,512,1285258,36
FN-DSA,sign,512,1286940,37
FN-DSA,sign,512,1289662,38
FN-DSA,sign,512,1286623,39
FN-DSA,sign,512,1287173,40
FN-DSA,sign,512,1286875,41
FN-DSA,sign,512,1282425,42
FN-DSA,sign,512,1287286,43
FN-DSA,sign,512,1281478,44
FN-DSA,sign,512,1290229,45
FN-DSA,sign,512,1293331,46
FN-DSA,sign,512,1283366,47
FN-DSA,sign,512,1288342,48
FN-DSA,sign,512,1283667,49
FN-DSA,sign,512,1283944,50
FN-DSA,sign,512,1288891,51
FN-DSA,sign,512,1283707,52
FN-DSA,sign,512,1292258,53
FN-DSA,sign,512,1290706,54
FN-DSA,sign,512,1282933,55
FN-DSA,sign,512,1282946,56
FN-DSA,sign,512,1285109,57
FN-DSA,sign,512,1287161,58
FN-DSA,sign,512,1286996,59
FN-DSA,sign,512,1283894,60
FN-DSA,sign,512,1290283,61
FN-DSA,sign,512,1285787,62
FN-DSA,sign,512,1284514,63
FN-DSA,sign,512,1286380,64
FN-DSA,sign,512,1290518,65
FN-DSA,sign,512,1288622,66
FN-DSA,sign,512,1284285,67
FN-DSA,sign,512,1288856,68
FN-DSA,sign,512,1290791,69
FN-DSA,sign,512,1292297,70
FN-DSA,sign,512,1283603,71
FN-DSA,sign,512,1290378,72
FN-DSA,sign,512,1284819,73
FN-DSA,sign,512,1285450,74
FN-DSA,sign,512,1288596,75
FN-DSA,sign,512,1290567,76
FN-DSA,sign,512,1281406,77
FN-DSA,sign,512,1282966,78
FN-DSA,sign,512,1286387,79
FN-DSA,sign,512,1281774,80
FN-DSA,sign,512,1287030,81
FN-DSA,sign,512,1289674,82
FN-DSA,sign,512,1284367,83
FN-DSA,sign,512,1289843,84
FN-DSA,sign,512,1288421,85
FN-DSA,sign,512,1288212,86
FN-DSA,sign,512,1287484,87
FN-DSA,sign,512,1284930,88
FN-DSA,sign,512,1283575,89
FN-DSA,sign,512,1289570,90
FN-DSA,sign,512,1281774,91
FN-DSA,sign,512,1286706,92
FN-DSA,sign,512,1283452,93
FN-DSA,sign,512,1285405,94
FN-DSA,sign,512,1285651,95
FN-DSA,sign,512,1283112,96
FN-DSA,sign,512,1284394,97
FN-DSA,sign,512,1292938,98
FN-DSA,sign,512,1288650,99
FN-DSA,sign,512,1289526,100
FN-DSA,sign,512,1285362,101
FN-DSA,sign,512,1288478,102
FN-DSA,sign,512,1282377,103
FN-DSA,sign,512,1287249,104
FN-DSA,sign,512,1285056,105
FN-DSA,sign,512,1288854,106
FN-DSA,sign,512,1284959,107
FN-DSA,sign,512,1286868,108
FN-DSA,sign,512,1288188,109
FN-DSA,sign,512,1288738,110
FN-DSA,sign,512,1287117,111
FN-DSA,sign,512,1289873,112
FN-DSA,sign,512,1284899,113
FN-DSA,sign,512,1293585,114
FN-DSA,sign,512,1288663,115
FN-DSA,sign,512,1284923,116
FN-DSA,sign,512,1289485,117
FN-DSA,sign,512,1285320,118
FN-DSA,sign,512,1287097,119
FN-DSA,sign,512,1286937,120
FN-DSA,sign,512,1284603,121
FN-DSA,sign,512,1288045,122
FN-DSA,sign,512,1287290,123
FN-DSA,sign,512,1286239,124
FN-DSA,sign,512,1291422,125
FN-DSA,sign,512,1285747,126
FN-DSA,sign,512,1284855,127
FN-DSA,sign,512,1290855,128
FN-DSA,sign,512,1279723,129
FN-DSA,sign,512,1281575,130
FN-DSA,sign,512,1288645,131
FN-DSA,sign,512,1289642,132
FN-DSA,sign,512,1290935,133
FN-DSA,sign,512,1278199,134
FN-DSA,sign,512,1289833,135
FN-DSA,sign,512,1285641,136
FN-DSA,sign,512,1285510,137
FN-DSA,sign,512,1288319,138
FN-DSA,sign,512,1290455,139
FN-DSA,sign,512,1284709,140
FN-DSA,sign,512,1287086,141
FN-DSA,sign,512,1289080,142
FN-DSA,sign,512,1288525,143
FN-DSA,sign,512,1289844,144
FN-DSA,sign,512,1289547,145
FN-DSA,sign,512,1283468,146
FN-DSA,sign,512,1289291,147
FN-DSA,sign,512,1286850,148
FN-DSA,sign,512,1284607,149
FN-DSA,sign,512,1292530,150
FN-DSA,sign,512,1282637,151
FN-DSA,sign,512,1285162,152
FN-DSA,sign,512,1281246,153
FN-DSA,sign,512,1289592,154
FN-DSA,sign,512,1288238,155
FN-DSA,sign,512,1284532,156
FN-DSA,sign,512,1289832,157
FN-DSA,sign,512,1286669,158
FN-DSA,sign,512,1290266,159
FN-DSA,sign,512,1285149,160
FN-DSA,sign,512,1289434,161
FN-DSA,sign,512,1286513,162
FN-DSA,sign,512,1289720,163
FN-DSA,sign,512,1285736,164
FN-DSA,sign,512,1286253,165
FN-DSA,sign,512,1286672,166
FN-DSA,sign,512,1286838,167
FN-DSA,sign,512,1286564,168
FN-DSA,sign,512,1286606,169
FN-DSA,sign,512,1284751,170
FN-DSA,sign,512,1287973,171
FN-DSA,sign,512,1286465,172
FN-DSA,sign,512,1287035,173
FN-DSA,sign,512,1289754,174
FN-DSA,sign,512,1281043,175
FN-DSA,sign,512,1288399,176
FN-DSA,sign,512,1286993,177
FN-DSA,sign,512,1288762,178
FN-DSA,sign,512,1293639,179
FN-DSA,sign,512,1282717,180
FN-DSA,sign,512,1285300,181
FN-DSA,sign,512,1286707,182
FN-DSA,sign,512,1284947,183
FN-DSA,sign,512,1286618,184
FN-DSA,sign,512,1287966,185
FN-DSA,sign,512,1285465,186
FN-DSA,sign,512,1286305,187
FN-DSA,sign,512,1284173,188
FN-DSA,sign,512,1285320,189
FN-DSA,sign,512,1289951,190
FN-DSA,sign,512,1286106,191
FN-DSA,sign,512,1293154,192
FN-DSA,sign,512,1290584,193
FN-DSA,sign,512,1284357,194
FN-DSA,sign,512,1285870,195
FN-DSA,sign,512,1280806,196
FN-DSA,sign,512,1285714,197
FN-DSA,sign,512,1287948,198
FN-DSA,sign,512,1285956,199
FN-DSA,sign,512,1286195,200
FN-DSA,sign,512,1285812,201
FN-DSA,sign,512,1283117,202
FN-DSA,sign,512,1286076,203
FN-DSA,sign,512,1289433,204
FN-DSA,sign,512,1295199,205
FN-DSA,sign,512,1286667,206
FN-DSA,sign,512,1284194,207
FN-DSA,sign,512,1287388,208
FN-DSA,sign,512,1289045,209
FN-DSA,sign,512,1288795,210
FN-DSA,sign,512,1287216,211
FN-DSA,sign,512,1289089,212
FN-DSA,sign,512,1287930,213
FN-DSA,sign,512,1286844,214
FN-DSA,sign,512,1283002,215
FN-DSA,sign,512,1281810,216
FN-DSA,sign,512,1285208,217
FN-DSA,sign,512,1283404,218
FN-DSA,sign,512,1284831,219
FN-DSA,sign,512,1289281,220
FN-DSA,sign,512,1286574,221
FN-DSA,sign,512,1285536,222
FN-DSA,sign,512,1287526,223
FN-DSA,sign,512,1286033,224
FN-DSA,sign,512,1286004,225
FN-DSA,sign,512,1292846,226
FN-DSA,sign,512,1289269,227
FN-DSA,sign,512,1288152,228
FN-DSA,sign,512,1283205,229
FN-DSA,sign,512,1284423,230
FN-DSA,sign,512,1290144,231
FN-DSA,sign,512,1285872,232
FN-DSA,sign,512,1283851,233
FN-DSA,sign,512,1283364,234
FN-DSA,sign,512,1285151,235
FN-DSA,sign,512,1283987,236
FN-DSA,sign,512,1287544,237
FN-DSA,sign,512,1284967,238
FN-DSA,sign,512,1286169,239
FN-DSA,sign,512,1286181,240
FN-DSA,sign,512,1294394,241
FN-DSA,sign,512,1288898,242
FN-DSA,sign,512,1281514,243
FN-DSA,sign,512,1281041,244
FN-DSA,sign,512,1293970,245
FN-DSA,sign,512,1286365,246
FN-DSA,sign,512,1292306,247
FN-DSA,sign,512,1289468,248
FN-DSA,sign,512,1289437,249
FN-DSA,sign,512,1293592,250
FN-DSA,sign,512,1289752,251
FN-DSA,sign,512,1287835,252
FN-DSA,sign,512,1285577,253
FN-DSA,sign,512,1283001,254
FN-DSA,sign,512,1284534,255
FN-DSA,sign,512,1285453,256
FN-DSA,sign,512,1290792,257
FN-DSA,sign,512,1290122,258
FN-DSA,sign,512,1289140,259
FN-DSA,sign,512,1285724,260
FN-DSA,sign,512,1288613,261
FN-DSA,sign,512,1286844,262
FN-DSA,sign,512,1286798,263
FN-DSA,sign,512,1284729,264
FN-DSA,sign,512,1281198,265
FN-DSA,sign,512,1289493,266
FN-DSA,sign,512,1286885,267
FN-DSA,sign,512,1291846,268
FN-DSA,sign,512,1283801,269
FN-DSA,sign,512,1288343,270
FN-DSA,sign,512,1290322,271
FN-DSA,sign,512,1285893,272
FN-DSA,sign,512,1281778,273
FN-DSA,sign,512,1286435,274
FN-DSA,sign,512,1285991,275
FN-DSA,sign,512,1283317,276
FN-DSA,sign,512,1283797,277
FN-DSA,sign,512,1282909,278
FN-DSA,sign,512,1287488,279
FN-DSA,sign,512,1287323,280
FN-DSA,sign,512,1285993,281
FN-DSA,sign,512,1286243,282
FN-DSA,sign,512,1286041,283
FN-DSA,sign,512,1288989,284
FN-DSA,sign,512,1283549,285
FN-DSA,sign,512,1288614,286
FN-DSA,sign,512,1287305,287
FN-DSA,sign,512,1290077,288
FN-DSA,sign,512,1287380,289
FN-DSA,sign,512,1285225,290
FN-DSA,sign,512,1286933,291
FN-DSA,sign,512,1283693,292
FN-DSA,sign,512,1284841,293
FN-DSA,sign,512,1285723,294
FN-DSA,sign,512,1283866,295
FN-DSA,sign,512,1284820,296
FN-DSA,sign,512,1287551,297
FN-DSA,sign,512,1285282,298
FN-DSA,sign,512,1285648,299
FN-DSA,sign,512,1288930,300
FN-DSA,sign,512,1281875,301
FN-DSA,sign,512,1288772,302
FN-DSA,sign,512,1286333,303
FN-DSA,sign,512,1289052,304
FN-DSA,sign,512,1282779,305
FN-DSA,sign,512,1286842,306
FN-DSA,sign,512,1286661,307
FN-DSA,sign,512,1286202,308
FN-DSA,sign,512,1288508,309
FN-DSA,sign,512,1284499,310
FN-DSA,sign,512,1285222,311
FN-DSA,sign,512,1288916,312
FN-DSA,sign,512,1280643,313
FN-DSA,sign,512,1285639,314
FN-DSA,sign,512,1286540,315
FN-DSA,sign,512,1286866,316
FN-DSA,sign,512,1288154,317
FN-DSA,sign,512,1290151,318
FN-DSA,sign,512,1281622,319
FN-DSA,sign,512,1286038,320
FN-DSA,sign,512,1287492,321
FN-DSA,sign,512,1288611,322
FN-DSA,sign,512,1285460,323
FN-DSA,sign,512,1284792,324
FN-DSA,sign,512,1284374,325
FN-DSA,sign,512,1282434,326
FN-DSA,sign,512,1288391,327
FN-DSA,sign,512,1282058,328
FN-DSA,sign,512,1287339,329
FN-DSA,sign,512,1283436,330
FN-DSA,sign,512,1286058,331
FN-DSA,sign,512,1286781,332
FN-DSA,sign,512,1289268,333
FN-DSA,sign,512,1279684,334
FN-DSA,sign,512,1289697,335
FN-DSA,sign,512,1286558,336
FN-DSA,sign,512,1285671,337
FN-DSA,sign,512,1288371,338
FN-DSA,sign,512,1284806,339
FN-DSA,sign,512,1287265,340
FN-DSA,sign,512,1283235,341
FN-DSA,sign,512,1284823,342
FN-DSA,sign,512,1285220,343
FN-DSA,sign,512,1288235,344
FN-DSA,sign,512,1285358,345
FN-DSA,sign,512,1288039,346
FN-DSA,sign,512,1286583,347
FN-DSA,sign,512,1286463,348
FN-DSA,sign,512,1286347,349
FN-DSA,sign,512,1289263,350
FN-DSA,sign,512,1283769,351
FN-DSA,sign,512,1286422,352
FN-DSA,sign,512,1279214,353
FN-DSA,sign,512,1285948,354
FN-DSA,sign,512,1285490,355
FN-DSA,sign,512,1288874,356
FN-DSA,sign,512,1287495,357
FN-DSA,sign,512,1283408,358
FN-DSA,sign,512,1281658,359
FN-DSA,sign,512,1290604,360
FN-DSA,sign,512,1291831,361
FN-DSA,sign,512,1283480,362
FN-DSA,sign,512,1292785,363
FN-DSA,sign,512,1292433,364
FN-DSA,sign,512,1287165,365
FN-DSA,sign,512,1284888,366
FN-DSA,sign,512,1284206,367
FN-DSA,sign,512,1287385,368
FN-DSA,sign,512,1285754,369
FN-DSA,sign,512,1284801,370
FN-DSA,sign,512,1285009,371
FN-DSA,sign,512,1287103,372
FN-DSA,sign,512,1285293,373
FN-DSA,sign,512,1281501,374
FN-DSA,sign,512,1286003,375
FN-DSA,sign,512,1283209,376
FN-DSA,sign,512,1287897,377
FN-DSA,sign,512,1289305,378
FN-DSA,sign,512,1289585,379
FN-DSA,sign,512,1285074,380
FN-DSA,sign,512,1284694,381
FN-DSA,sign,512,1284499,382
FN-DSA,sign,512,1288137,383
FN-DSA,sign,512,1290202,384
FN-DSA,sign,512,1284993,385
FN-DSA,sign,512,1292073,386
FN-DSA,sign,512,1282205,387
FN-DSA,sign,512,1282709,388
FN-DSA,sign,512,1283732,389
FN-DSA,sign,512,1279979,390
FN-DSA,sign,512,1281787,391
FN-DSA,sign,512,1283658,392
FN-DSA,sign,512,1291424,393
FN-DSA,sign,512,1283020,394
FN-DSA,sign,512,1285699,395
FN-DSA,sign,512,1290273,396
FN-DSA,sign,512,1286458,397
FN-DSA,sign,512,1283625,398
FN-DSA,sign,512,1284818,399
FN-DSA,sign,512,1285807,400
FN-DSA,sign,512,1287372,401
FN-DSA,sign,512,1287388,402
FN-DSA,sign,512,1284476,403
FN-DSA,sign,512,1288370,404
FN-DSA,sign,512,1286168,405
FN-DSA,sign,512,1288236,406
FN-DSA,sign,512,1286508,407
FN-DSA,sign,512,1286505,408
FN-DSA,sign,512,1291886,409
FN-DSA,sign,512,1285861,410
FN-DSA,sign,512,1286410,411
FN-DSA,sign,512,1285220,412
FN-DSA,sign,512,1283553,413
FN-DSA,sign,512,1286353,414
FN-DSA,sign,512,1288781,415
FN-DSA,sign,512,1285934,416
FN-DSA,sign,512,1280053,417
FN-DSA,sign,512,1287104,418
FN-DSA,sign,512,1284598,419
FN-DSA,sign,512,1286980,420
FN-DSA,sign,512,1287030,421
FN-DSA,sign,512,1284854,422
FN-DSA,sign,512,1286481,423
FN-DSA,sign,512,1289858,424
FN-DSA,sign,512,1283968,425
FN-DSA,sign,512,1288312,426
FN-DSA,sign,512,1284984,427
FN-DSA,sign,512,1282934,428
FN-DSA,sign,512,1289141,429
FN-DSA,sign,512,1286636,430
FN-DSA,sign,512,1293145,431
FN-DSA,sign,512,1286679,432
FN-DSA,sign,512,1283113,433
FN-DSA,sign,512,1290306,434
FN-DSA,sign,512,1280873,435
FN-DSA,sign,512,1285618,436
FN-DSA,sign,512,1285690,437
FN-DSA,sign,512,1287493,438
FN-DSA,sign,512,1286915,439
FN-DSA,sign,512,1284682,440
FN-DSA,sign,512,1285661,441
FN-DSA,sign,512,1283644,442
FN-DSA,sign,512,1286086,443
FN-DSA,sign,512,1283460,444
FN-DSA,sign,512,1285819,445
FN-DSA,sign,512,1284924,446
FN-DSA,sign,512,1276586,447
FN-DSA,sign,512,1288530,448
FN-DSA,sign,512,1285475,449
FN-DSA,sign,512,1286318,450
FN-DSA,sign,512,1286755,451
FN-DSA,sign,512,1286557,452
FN-DSA,sign,512,1286636,453
FN-DSA,sign,512,1286638,454
FN-DSA,sign,512,1285523,455
FN-DSA,sign,512,1283878,456
FN-DSA,sign,512,1285363,457
FN-DSA,sign,512,1285958,458
FN-DSA,sign,512,1290966,459
FN-DSA,sign,512,1285292,460
FN-DSA,sign,512,1285345,461
FN-DSA,sign,512,1283008,462
FN-DSA,sign,512,1290939,463
FN-DSA,sign,512,1288146,464
FN-DSA,sign,512,1283909,465
FN-DSA,sign,512,1284534,466
FN-DSA,sign,512,1290743,467
FN-DSA,sign,512,1295459,468
FN-DSA,sign,512,1282902,469
FN-DSA,sign,512,1283126,470
FN-DSA,sign,512,1289550,471
FN-DSA,sign,512,1282966,472
FN-DSA,sign,512,1285740,473
FN-DSA,sign,512,1290202,474
FN-DSA,sign,512,1282846,475
FN-DSA,sign,512,1286270,476
FN-DSA,sign,512,1285977,477
FN-DSA,sign,512,1287188,478
FN-DSA,sign,512,1287933,479
FN-DSA,sign,512,1286330,480
FN-DSA,sign,512,1285208,481
FN-DSA,sign,512,1286073,482
FN-DSA,sign,512,1287165,483
FN-DSA,sign,512,1288865,484
FN-DSA,sign,512,1284807,485
FN-DSA,sign,512,1288299,486
FN-DSA,sign,512,1288611,487
FN-DSA,sign,512,1284817,488
FN-DSA,sign,512,1284447,489
FN-DSA,sign,512,1288966,490
FN-DSA,sign,512,1290811,491
FN-DSA,sign,512,1290812,492
FN-DSA,sign,512,1284364,493
FN-DSA,sign,512,1287353,494
FN-DSA,sign,512,1291046,495
FN-DSA,sign,512,1290020,496
FN-DSA,sign,512,1286899,497
FN-DSA,sign,512,1284791,498
FN-DSA,sign,512,1288949,499
FN-DSA,sign,512,1281726,500
FN-DSA,sign,512,1292463,501
FN-DSA,sign,512,1289735,502
FN-DSA,sign,512,1285648,503
FN-DSA,sign,512,1289511,504
FN-DSA,sign,512,1289508,505
FN-DSA,sign,512,1288972,506
FN-DSA,sign,512,1283211,507
FN-DSA,sign,512,1286345,508
FN-DSA,sign,512,1286426,509
FN-DSA,sign,512,1283405,510
FN-DSA,sign,512,1290165,511
FN-DSA,sign,512,1282299,512
FN-DSA,sign,512,1288912,513
FN-DSA,sign,512,1290496,514
FN-DSA,sign,512,1289564,515
FN-DSA,sign,512,1287104,516
FN-DSA,sign,512,1289019,517
FN-DSA,sign,512,1281859,518
FN-DSA,sign,512,1287897,519
FN-DSA,sign,512,1289234,520
FN-DSA,sign,512,1283405,521
FN-DSA,sign,512,1284483,522
FN-DSA,sign,512,1283829,523
FN-DSA,sign,512,1290038,524
FN-DSA,sign,512,1285682,525
FN-DSA,sign,512,1286384,526
FN-DSA,sign,512,1283629,527
FN-DSA,sign,512,1287062,528
FN-DSA,sign,512,1289026,529
FN-DSA,sign,512,1285554,530
FN-DSA,sign,512,1289921,531
FN-DSA,sign,512,1292512,532
FN-DSA,sign,512,1283846,533
FN-DSA,sign,512,1286194,534
FN-DSA,sign,512,1289010,535
FN-DSA,sign,512,1285300,536
FN-DSA,sign,512,1286551,537
FN-DSA,sign,512,1289517,538
FN-DSA,sign,512,1286696,539
FN-DSA,sign,512,1287555,540
FN-DSA,sign,512,1285845,541
FN-DSA,sign,512,1291736,542
FN-DSA,sign,512,1283597,543
FN-DSA,sign,512,1287072,544
FN-DSA,sign,512,1290209,545
FN-DSA,sign,512,1288113,546
FN-DSA,sign,512,1282769,547
FN-DSA,sign,512,1286195,548
FN-DSA,sign,512,1285378,549
FN-DSA,sign,512,1290922,550
FN-DSA,sign,512,1283924,551
FN-DSA,sign,512,1290743,552
FN-DSA,sign,512,1293765,553
FN-DSA,sign,512,1289485,554
FN-DSA,sign,512,1285467,555
FN-DSA,sign,512,1284871,556
FN-DSA,sign,512,1289339,557
FN-DSA,sign,512,1290045,558
FN-DSA,sign,512,1284933,559
FN-DSA,sign,512,1288676,560
FN-DSA,sign,512,1291093,561
FN-DSA,sign,512,1286886,562
FN-DSA,sign,512,1286792,563
FN-DSA,sign,512,1286853,564
FN-DSA,sign,512,1290746,565
FN-DSA,sign,512,1286794,566
FN-DSA,sign,512,1282935,567
FN-DSA,sign,512,1283207,568
FN-DSA,sign,512,1289865,569
FN-DSA,sign,512,1290262,570
FN-DSA,sign,512,1288438,571
FN-DSA,sign,512,1291476,572
FN-DSA,sign,512,1286491,573
FN-DSA,sign,512,1291010,574
FN-DSA,sign,512,1291345,575
FN-DSA,sign,512,1284699,576
FN-DSA,sign,512,1283604,577
FN-DSA,sign,512,1285410,578
FN-DSA,sign,512,1290340,579
FN-DSA,sign,512,1282856,580
FN-DSA,sign,512,1282211,581
FN-DSA,sign,512,1282704,582
FN-DSA,sign,512,1291711,583
FN-DSA,sign,512,1291598,584
FN-DSA,sign,512,1288900,585
FN-DSA,sign,512,1286143,586
FN-DSA,sign,512,1285110,587
FN-DSA,sign,512,1288631,588
FN-DSA,sign,512,1289510,589
FN-DSA,sign,512,1290015,590
FN-DSA,sign,512,1287438,591
FN-DSA,sign,512,1288409,592
FN-DSA,sign,512,1289405,593
FN-DSA,sign,512,1285570,594
FN-DSA,sign,512,1284946,595
FN-DSA,sign,512,1290094,596
FN-DSA,sign,512,1288258,597
FN-DSA,sign,512,1286659,598
FN-DSA,sign,512,1283226,599
FN-DSA,sign,512,1289039,600
FN-DSA,sign,512,1289953,601
FN-DSA,sign,512,1286071,602
FN-DSA,sign,512,1287984,603
FN-DSA,sign,512,1282597,604
FN-DSA,sign,512,1286186,605
FN-DSA,sign,512,1284871,606
FN-DSA,sign,512,1283825,607
FN-DSA,sign,512,1283749,608
FN-DSA,sign,512,1283633,609
FN-DSA,sign,512,1284757,610
FN-DSA,sign,512,1286954,611
FN-DSA,sign,512,1285741,612
FN-DSA,sign,512,1286698,613
FN-DSA,sign,512,1286566,614
FN-DSA,sign,512,1284528,615
FN-DSA,sign,512,1285776,616
FN-DSA,sign,512,1288670,617
FN-DSA,sign,512,1284655,618
FN-DSA,sign,512,1287369,619
FN-DSA,sign,512,1283380,620
FN-DSA,sign,512,1286099,621
FN-DSA,sign,512,1281638,622
FN-DSA,sign,512,1285858,623
FN-DSA,sign,512,1283737,624
FN-DSA,sign,512,1290119,625
FN-DSA,sign,512,1288837,626
FN-DSA,sign,512,1281891,627
FN-DSA,sign,512,1289420,628
FN-DSA,sign,512,1285948,629
FN-DSA,sign,512,1285375,630
FN-DSA,sign,512,1291706,631
FN-DSA,sign,512,1281330,632
FN-DSA,sign,512,1293711,633
FN-DSA,sign,512,1288814,634
FN-DSA,sign,512,1286160,635
FN-DSA,sign,512,1286222,636
FN-DSA,sign,512,1287306,637
FN-DSA,sign,512,1284792,638
FN-DSA,sign,512,1284910,639
FN-DSA,sign,512,1284874,640
FN-DSA,sign,512,1285003,641
FN-DSA,sign,512,1287105,642
FN-DSA,sign,512,1282470,643
FN-DSA,sign,512,1284918,644
FN-DSA,sign,512,1288976,645
FN-DSA,sign,512,1288164,646
FN-DSA,sign,512,1282448,647
FN-DSA,sign,512,1287176,648
FN-DSA,sign,512,1286542,649
FN-DSA,sign,512,1286325,650
FN-DSA,sign,512,1286997,651
FN-DSA,sign,512,1285289,652
FN-DSA,sign,512,1290430,653
FN-DSA,sign,512,1283289,654
FN-DSA,sign,512,1287153,655
FN-DSA,sign,512,1284511,656
FN-DSA,sign,512,1283777,657
FN-DSA,sign,512,1291850,658
FN-DSA,sign,512,1285072,659
FN-DSA,sign,512,1283551,660
FN-DSA,sign,512,1286149,661
FN-DSA,sign,512,1285890,662
FN-DSA,sign,512,1289958,663
FN-DSA,sign,512,1284175,664
FN-DSA,sign,512,1282671,665
FN-DSA,sign,512,1284899,666
FN-DSA,sign,512,1290135,667
FN-DSA,sign,512,1287289,668
FN-DSA,sign,512,1288431,669
FN-DSA,sign,512,1281000,670
FN-DSA,sign,512,1285840,671
FN-DSA,sign,512,1290604,672
FN-DSA,sign,512,1293455,673
FN-DSA,sign,512,1283482,674
FN-DSA,sign,512,1287125,675
FN-DSA,sign,512,1285773,676
FN-DSA,sign,512,1288538,677
FN-DSA,sign,512,1289251,678
FN-DSA,sign,512,1288761,679
FN-DSA,sign,512,1286113,680
FN-DSA,sign,512,1286978,681
FN-DSA,sign,512,1286217,682
FN-DSA,sign,512,1288045,683
FN-DSA,sign,512,1285221,684
FN-DSA,sign,512,1293786,685
FN-DSA,sign,512,1288487,686
FN-DSA,sign,512,1284683,687
FN-DSA,sign,512,1288164,688
FN-DSA,sign,512,1280165,689
FN-DSA,sign,512,1289558,690
FN-DSA,sign,512,1289909,691
FN-DSA,sign,512,1285280,692
FN-DSA,sign,512,1290304,693
FN-DSA,sign,512,1286029,694
FN-DSA,sign,512,1286072,695
FN-DSA,sign,512,1286209,696
FN-DSA,sign,512,1284798,697
FN-DSA,sign,512,1284315,698
FN-DSA,sign,512,1289645,699
FN-DSA,sign,512,1287469,700
FN-DSA,sign,512,1288216,701
FN-DSA,sign,512,1288814,702
FN-DSA,sign,512,1283866,703
FN-DSA,sign,512,1281478,704
FN-DSA,sign,512,1283035,705
FN-DSA,sign,512,1292792,706
FN-DSA,sign,512,1283473,707
FN-DSA,sign,512,1287229,708
FN-DSA,sign,512,1286926,709
FN-DSA,sign,512,1284589,710
FN-DSA,sign,512,1285596,711
FN-DSA,sign,512,1285230,712
FN-DSA,sign,512,1288109,713
FN-DSA,sign,512,1283637,714
FN-DSA,sign,512,1281956,715
FN-DSA,sign,512,1284854,716
FN-DSA,sign,512,1288704,717
FN-DSA,sign,512,1284344,718
FN-DSA,sign,512,1286043,719
FN-DSA,sign,512,1291915,720
FN-DSA,sign,512,1283584,721
FN-DSA,sign,512,1286626,722
FN-DSA,sign,512,1276419,723
FN-DSA,sign,512,1286157,724
FN-DSA,sign,512,1282958,725
FN-DSA,sign,512,1290435,726
FN-DSA,sign,512,1284892,727
FN-DSA,sign,512,1289325,728
FN-DSA,sign,512,1291597,729
FN-DSA,sign,512,1288872,730
FN-DSA,sign,512,1286245,731
FN-DSA,sign,512,1288038,732
FN-DSA,sign,512,1285611,733
FN-DSA,sign,512,1286003,734
FN-DSA,sign,512,1285574,735
FN-DSA,sign,512,1287453,736
FN-DSA,sign,512,1285657,737
FN-DSA,sign,512,1295523,738
FN-DSA,sign,512,1287067,739
FN-DSA,sign,512,1284259,740
FN-DSA,sign,512,1288070,741
FN-DSA,sign,512,1286922,742
FN-DSA,sign,512,1293002,743
FN-DSA,sign,512,1292048,744
FN-DSA,sign,512,1285047,745
FN-DSA,sign,512,1292296,746
FN-DSA,sign,512,1288209,747
FN-DSA,sign,512,1292999,748
FN-DSA,sign,512,1287035,749
FN-DSA,sign,512,1285461,750
FN-DSA,sign,512,1291982,751
FN-DSA,sign,512,1285948,752
FN-DSA,sign,512,1283611,753
FN-DSA,sign,512,1287336,754
FN-DSA,sign,512,1287195,755
FN-DSA,sign,512,1285685,756
FN-DSA,sign,512,1283741,757
FN-DSA,sign,512,1288914,758
FN-DSA,sign,512,1285289,759
FN-DSA,sign,512,1290500,760
FN-DSA,sign,512,1283887,761
FN-DSA,sign,512,1286057,762
FN-DSA,sign,512,1290096,763
FN-DSA,sign,512,1290210,764
FN-DSA,sign,512,1287206,765
FN-DSA,sign,512,1290668,766
FN-DSA,sign,512,1281839,767
FN-DSA,sign,512,1289136,768
FN-DSA,sign,512,1285687,769
FN-DSA,sign,512,1282844,770
FN-DSA,sign,512,1278875,771
FN-DSA,sign,512,1286468,772
FN-DSA,sign,512,1283304,773
FN-DSA,sign,512,1285842,774
FN-DSA,sign,512,1283704,775
FN-DSA,sign,512,1292599,776
FN-DSA,sign,512,1283411,777
FN-DSA,sign,512,1283751,778
FN-DSA,sign,512,1290900,779
FN-DSA,sign,512,1290080,780
FN-DSA,sign,512,1288969,781
FN-DSA,sign,512,1286261,782
FN-DSA,sign,512,1286765,783
FN-DSA,sign,512,1289168,784
FN-DSA,sign,512,1284195,785
FN-DSA,sign,512,1285959,786
FN-DSA,sign,512,1284278,787
FN-DSA,sign,512,1288117,788
FN-DSA,sign,512,1284842,789
FN-DSA,sign,512,1288934,790
FN-DSA,sign,512,1285475,791
FN-DSA,sign,512,1283449,792
FN-DSA,sign,512,1284867,793
FN-DSA,sign,512,1283737,794
FN-DSA,sign,512,1283664,795
FN-DSA,sign,512,1287405,796
FN-DSA,sign,512,1287629,797
FN-DSA,sign,512,1286676,798
FN-DSA,sign,512,1286497,799
FN-DSA,sign,512,1288540,800
FN-DSA,sign,512,1286067,801
FN-DSA,sign,512,1287127,802
FN-DSA,sign,512,1285674,803
FN-DSA,sign,512,1286460,804
FN-DSA,sign,512,1286449,805
FN-DSA,sign,512,1286481,806
FN-DSA,sign,512,1284312,807
FN-DSA,sign,512,1281839,808
FN-DSA,sign,512,1283470,809
FN-DSA,sign,512,1287492,810
FN-DSA,sign,512,1285483,811
FN-DSA,sign,512,1285228,812
FN-DSA,sign,512,1292940,813
FN-DSA,sign,512,1285547,814
FN-DSA,sign,512,1286194,815
FN-DSA,sign,512,1290761,816
FN-DSA,sign,512,1281717,817
FN-DSA,sign,512,1288623,818
FN-DSA,sign,512,1289011,819
FN-DSA,sign,512,1283628,820
FN-DSA,sign,512,1285445,821
FN-DSA,sign,512,1282499,822
FN-DSA,sign,512,1287993,823
FN-DSA,sign,512,1288394,824
FN-DSA,sign,512,1286468,825
FN-DSA,sign,512,1281702,826
FN-DSA,sign,512,1282852,827
FN-DSA,sign,512,1290194,828
FN-DSA,sign,512,1285612,829
FN-DSA,sign,512,1286885,830
FN-DSA,sign,512,1288229,831
FN-DSA,sign,512,1283185,832
FN-DSA,sign,512,1280203,833
FN-DSA,sign,512,1284851,834
FN-DSA,sign,512,1288298,835
FN-DSA,sign,512,1284144,836
FN-DSA,sign,512,1280731,837
FN-DSA,sign,512,1292817,838
FN-DSA,sign,512,1286659,839
FN-DSA,sign,512,1282855,840
FN-DSA,sign,512,1285709,841
FN-DSA,sign,512,1290889,842
FN-DSA,sign,512,1281365,843
FN-DSA,sign,512,1283774,844
FN-DSA,sign,512,1285970,845
FN-DSA,sign,512,1289734,846
FN-DSA,sign,512,1282935,847
FN-DSA,sign,512,1283385,848
FN-DSA,sign,512,1287399,849
FN-DSA,sign,512,1286663,850
FN-DSA,sign,512,1282527,851
FN-DSA,sign,512,1286167,852
FN-DSA,sign,512,1290694,853
FN-DSA,sign,512,1285934,854
FN-DSA,sign,512,1289949,855
FN-DSA,sign,512,1283947,856
FN-DSA,sign,512,1284817,857
FN-DSA,sign,512,1283546,858
FN-DSA,sign,512,1292163,859
FN-DSA,sign,512,1291511,860
FN-DSA,sign,512,1284721,861
FN-DSA,sign,512,1284533,862
FN-DSA,sign,512,1290372,863
FN-DSA,sign,512,1287510,864
FN-DSA,sign,512,1289206,865
FN-DSA,sign,512,1281096,866
FN-DSA,sign,512,1285060,867
FN-DSA,sign,512,1287193,868
FN-DSA,sign,512,1288672,869
FN-DSA,sign,512,1288900,870
FN-DSA,sign,512,1289096,871
FN-DSA,sign,512,1285383,872
FN-DSA,sign,512,1283326,873
FN-DSA,sign,512,1283061,874
FN-DSA,sign,512,1288722,875
FN-DSA,sign,512,1287168,876
FN-DSA,sign,512,1287958,877
FN-DSA,sign,512,1287007,878
FN-DSA,sign,512,1286545,879
FN-DSA,sign,512,1286682,880
FN-DSA,sign,512,1285715,881
FN-DSA,sign,512,1288904,882
FN-DSA,sign,512,1282236,883
FN-DSA,sign,512,1285977,884
FN-DSA,sign,512,1286787,885
FN-DSA,sign,512,1282752,886
FN-DSA,sign,512,1284593,887
FN-DSA,sign,512,1289344,888
FN-DSA,sign,512,1287283,889
FN-DSA,sign,512,1282616,890
FN-DSA,sign,512,1283985,891
FN-DSA,sign,512,1283154,892
FN-DSA,sign,512,1286706,893
FN-DSA,sign,512,1280196,894
FN-DSA,sign,512,1285180,895
FN-DSA,sign,512,1290601,896
FN-DSA,sign,512,1280724,897
FN-DSA,sign,512,1283753,898
FN-DSA,sign,512,1283627,899
FN-DSA,sign,512,1283902,900
FN-DSA,sign,512,1288921,901
FN-DSA,sign,512,1290824,902
FN-DSA,sign,512,1291550,903
FN-DSA,sign,512,1287924,904
FN-DSA,sign,512,1289642,905
FN-DSA,sign,512,1283621,906
FN-DSA,sign,512,1281976,907
FN-DSA,sign,512,1285787,908
FN-DSA,sign,512,1283022,909
FN-DSA,sign,512,1285986,910
FN-DSA,sign,512,1285170,911
FN-DSA,sign,512,1283871,912
FN-DSA,sign,512,1285228,913
FN-DSA,sign,512,1283058,914
FN-DSA,sign,512,1282412,915
FN-DSA,sign,512,1285676,916
FN-DSA,sign,512,1285834,917
FN-DSA,sign,512,1284295,918
FN-DSA,sign,512,1286247,919
FN-DSA,sign,512,1291597,920
FN-DSA,sign,512,1289647,921
FN-DSA,sign,512,1281407,922
FN-DSA,sign,512,1286860,923
FN-DSA,sign,512,1288209,924
FN-DSA,sign,512,1284675,925
FN-DSA,sign,512,1282703,926
FN-DSA,sign,512,1279395,927
FN-DSA,sign,512,1287294,928
FN-DSA,sign,512,1280689,929
FN-DSA,sign,512,1289540,930
FN-DSA,sign,512,1287485,931
FN-DSA,sign,512,1284701,932
FN-DSA,sign,512,1288186,933
FN-DSA,sign,512,1283711,934
FN-DSA,sign,512,1286783,935
FN-DSA,sign,512,1290921,936
FN-DSA,sign,512,1282082,937
FN-DSA,sign,512,1284300,938
FN-DSA,sign,512,1284644,939
FN-DSA,sign,512,1285337,940
FN-DSA,sign,512,1288645,941
FN-DSA,sign,512,1288062,942
FN-DSA,sign,512,1281740,943
FN-DSA,sign,512,1280932,944
FN-DSA,sign,512,1285915,945
FN-DSA,sign,512,1286236,946
FN-DSA,sign,512,1288196,947
FN-DSA,sign,512,1287103,948
FN-DSA,sign,512,1286682,949
FN-DSA,sign,512,1280872,950
FN-DSA,sign,512,1287348,951
FN-DSA,sign,512,1284651,952
FN-DSA,sign,512,1285732,953
FN-DSA,sign,512,1286830,954
FN-DSA,sign,512,1283446,955
FN-DSA,sign,512,1286235,956
FN-DSA,sign,512,1287149,957
FN-DSA,sign,512,1284486,958
FN-DSA,sign,512,1284768,959
FN-DSA,sign,512,1285897,960
FN-DSA,sign,512,1284843,961
FN-DSA,sign,512,1285567,962
FN-DSA,sign,512,1284749,963
FN-DSA,sign,512,1289542,964
FN-DSA,sign,512,1285737,965
FN-DSA,sign,512,1285142,966
FN-DSA,sign,512,1288234,967
FN-DSA,sign,512,1285174,968
FN-DSA,sign,512,1288124,969
FN-DSA,sign,512,1285376,970
FN-DSA,sign,512,1279415,971
FN-DSA,sign,512,1288276,972
FN-DSA,sign,512,1289995,973
FN-DSA,sign,512,1285692,974
FN-DSA,sign,512,1289319,975
FN-DSA,sign,512,1286081,976
FN-DSA,sign,512,1284901,977
FN-DSA,sign,512,1284194,978
FN-DSA,sign,512,1283759,979
FN-DSA,sign,512,1286268,980
FN-DSA,sign,512,1288645,981
FN-DSA,sign,512,1287009,982
FN-DSA,sign,512,1281674,983
FN-DSA,sign,512,1286836,984
FN-DSA,sign,512,1283659,985
FN-DSA,sign,512,1283478,986
FN-DSA,sign,512,1285921,987
FN-DSA,sign,512,1289209,988
FN-DSA,sign,512,1286478,989
FN-DSA,sign,512,1288669,990
FN-DSA,sign,512,1286219,991
FN-DSA,sign,512,1286855,992
FN-DSA,sign,512,1283061,993
FN-DSA,sign,512,1282993,994
FN-DSA,sign,512,1282985,995
FN-DSA,sign,512,1286565,996
FN-DSA,sign,512,1285819,997
FN-DSA,sign,512,1283347,998
FN-DSA,sign,512,1286773,999
FN-DSA,sign,512,1288988,1000
FN-DSA,sign,512,1286908,1001
FN-DSA,sign,512,1284460,1002
FN-DSA,sign,512,1283503,1003
FN-DSA,sign,512,1288001,1004
FN-DSA,sign,512,1284941,1005
FN-DSA,sign,512,1282433,1006
FN-DSA,sign,512,1282837,1007
FN-DSA,sign,512,1286424,1008
FN-DSA,sign,512,1287391,1009
FN-DSA,sign,512,1279052,1010
FN-DSA,sign,512,1283727,1011
FN-DSA,sign,512,1287297,1012
FN-DSA,sign,512,1283923,1013
FN-DSA,sign,512,1285087,1014
FN-DSA,sign,512,1291703,1015
FN-DSA,sign,512,1285178,1016
FN-DSA,sign,512,1280820,1017
FN-DSA,sign,512,1289600,1018
FN-DSA,sign,512,1286933,1019
FN-DSA,sign,512,1286844,1020
FN-DSA,sign,512,1286186,1021
FN-DSA,sign,512,1287438,1022
FN-DSA,sign,512,1289477,1023
FN-DSA,sign,512,1285756,1024
FN-DSA,sign,512,1289982,1025
FN-DSA,sign,512,1290462,1026
FN-DSA,sign,512,1286321,1027
FN-DSA,sign,512,1286043,1028
FN-DSA,sign,512,1282885,1029
FN-DSA,sign,512,1285325,1030
FN-DSA,sign,512,1288237,1031
FN-DSA,sign,512,1286580,1032
FN-DSA,sign,512,1283426,1033
FN-DSA,sign,512,1289030,1034
FN-DSA,sign,512,1283120,1035
FN-DSA,sign,512,1286332,1036
FN-DSA,sign,512,1284236,1037
FN-DSA,sign,512,1288780,1038
FN-DSA,sign,512,1284881,1039
FN-DSA,sign,512,1288441,1040
FN-DSA,sign,512,1285640,1041
FN-DSA,sign,512,1283560,1042
FN-DSA,sign,512,1288249,1043
FN-DSA,sign,512,1286015,1044
FN-DSA,sign,512,1287375,1045
FN-DSA,sign,512,1281362,1046
FN-DSA,sign,512,1287361,1047
FN-DSA,sign,512,1287152,1048
FN-DSA,sign,512,1287189,1049
FN-DSA,sign,512,1290104,1050
FN-DSA,sign,512,1288085,1051
FN-DSA,sign,512,1286798,1052
FN-DSA,sign,512,1282733,1053
FN-DSA,sign,512,1285837,1054
FN-DSA,sign,512,1288895,1055
FN-DSA,sign,512,1288497,1056
FN-DSA,sign,512,1285043,1057
FN-DSA,sign,512,1285599,1058
FN-DSA,sign,512,1289261,1059
FN-DSA,sign,512,1290941,1060
FN-DSA,sign,512,1290296,1061
FN-DSA,sign,512,1283878,1062
FN-DSA,sign,512,1283733,1063
FN-DSA,sign,512,1287437,1064
FN-DSA,sign,512,1289882,1065
FN-DSA,sign,512,1288142,1066
FN-DSA,sign,512,1280045,1067
FN-DSA,sign,512,1289842,1068
FN-DSA,sign,512,1288322,1069
FN-DSA,sign,512,1288789,1070
FN-DSA,sign,512,1283641,1071
FN-DSA,sign,512,1281240,1072
FN-DSA,sign,512,1288281,1073
FN-DSA,sign,512,1283092,1074
FN-DSA,sign,512,1285179,1075
FN-DSA,sign,512,1284907,1076
FN-DSA,sign,512,1285776,1077
FN-DSA,sign,512,1290000,1078
FN-DSA,sign,512,1288050,1079
FN-DSA,sign,512,1285745,1080
FN-DSA,sign,512,1289225,1081
FN-DSA,sign,512,1283267,1082
FN-DSA,sign,512,1290024,1083
FN-DSA,sign,512,1284284,1084
FN-DSA,sign,512,1285860,1085
FN-DSA,sign,512,1286100,1086
FN-DSA,sign,512,1280740,1087
FN-DSA,sign,512,1278957,1088
FN-DSA,sign,512,1279530,1089
FN-DSA,sign,512,1284246,1090
FN-DSA,sign,512,1287794,1091
FN-DSA,sign,512,1284995,1092
FN-DSA,sign,512,1284859,1093
FN-DSA,sign,512,1288360,1094
FN-DSA,sign,512,1285889,1095
FN-DSA,sign,512,1286334,1096
FN-DSA,sign,512,1283677,1097
FN-DSA,sign,512,1287153,1098
FN-DSA,sign,512,1283750,1099
FN-DSA,sign,512,1285631,1100
FN-DSA,sign,512,1285196,1101
FN-DSA,sign,512,1287050,1102
FN-DSA,sign,512,1289439,1103
FN-DSA,sign,512,1287991,1104
FN-DSA,sign,512,1286487,1105
FN-DSA,sign,512,1286973,1106
FN-DSA,sign,512,1282906,1107
FN-DSA,sign,512,1286775,1108
FN-DSA,sign,512,1282128,1109
FN-DSA,sign,512,1283089,1110
FN-DSA,sign,512,1285544,1111
FN-DSA,sign,512,1289467,1112
FN-DSA,sign,512,1283449,1113
FN-DSA,sign,512,1284896,1114
FN-DSA,sign,512,1280289,1115
FN-DSA,sign,512,1284339,1116
FN-DSA,sign,512,1287141,1117
FN-DSA,sign,512,1286975,1118
FN-DSA,sign,512,1281018,1119
FN-DSA,sign,512,1289276,1120
FN-DSA,sign,512,1287450,1121
FN-DSA,sign,512,1287967,1122
FN-DSA,sign,512,1286088,1123
FN-DSA,sign,512,1285758,1124
FN-DSA,sign,512,1293343,1125
FN-DSA,sign,512,1282627,1126
FN-DSA,sign,512,1286920,1127
FN-DSA,sign,512,1286743,1128
FN-DSA,sign,512,1290320,1129
FN-DSA,sign,512,1282021,1130
FN-DSA,sign,512,1292061,1131
FN-DSA,sign,512,1285150,1132
FN-DSA,sign,512,1279296,1133
FN-DSA,sign,512,1284542,1134
FN-DSA,sign,512,1283107,1135
FN-DSA,sign,512,1282457,1136
FN-DSA,sign,512,1290626,1137
FN-DSA,sign,512,1284349,1138
FN-DSA,sign,512,1283186,1139
FN-DSA,sign,512,1288033,1140
FN-DSA,sign,512,1287953,1141
FN-DSA,sign,512,1289016,1142
FN-DSA,sign,512,1282105,1143
FN-DSA,sign,512,1284281,1144
FN-DSA,sign,512,1286839,1145
FN-DSA,sign,512,1286505,1146
FN-DSA,sign,512,1281886,1147
FN-DSA,sign,512,1284996,1148
FN-DSA,sign,512,1286159,1149
FN-DSA,sign,512,1285149,1150
FN-DSA,sign,512,1285381,1151
FN-DSA,sign,512,1286656,1152
FN-DSA,sign,512,1285281,1153
FN-DSA,sign,512,1287939,1154
FN-DSA,sign,512,1287859,1155
FN-DSA,sign,512,1284900,1156
FN-DSA,sign,512,1296004,1157
FN-DSA,sign,512,1280735,1158
FN-DSA,sign,512,1280825,1159
FN-DSA,sign,512,1289199,1160
FN-DSA,sign,512,1286646,1161
FN-DSA,sign,512,1283643,1162
FN-DSA,sign,512,1289606,1163
FN-DSA,sign,512,1288862,1164
FN-DSA,sign,512,1282488,1165
FN-DSA,sign,512,1282680,1166
FN-DSA,sign,512,1287338,1167
FN-DSA,sign,512,1287433,1168
FN-DSA,sign,512,1285498,1169
FN-DSA,sign,512,1287897,1170
FN-DSA,sign,512,1285370,1171
FN-DSA,sign,512,1284890,1172
FN-DSA,sign,512,1286795,1173
FN-DSA,sign,512,1288423,1174
FN-DSA,sign,512,1287914,1175
FN-DSA,sign,512,1287972,1176
FN-DSA,sign,512,1290471,1177
FN-DSA,sign,512,1286860,1178
FN-DSA,sign,512,1287909,1179
FN-DSA,sign,512,1281913,1180
FN-DSA,sign,512,1284544,1181
FN-DSA,sign,512,1283352,1182
FN-DSA,sign,512,1285728,1183
FN-DSA,sign,512,1285318,1184
FN-DSA,sign,512,1286938,1185
FN-DSA,sign,512,1285449,1186
FN-DSA,sign,512,1288916,1187
FN-DSA,sign,512,1289112,1188
FN-DSA,sign,512,1289359,1189
FN-DSA,sign,512,1288791,1190
FN-DSA,sign,512,1292854,1191
FN-DSA,sign,512,1288777,1192
FN-DSA,sign,512,1285526,1193
FN-DSA,sign,512,1284647,1194
FN-DSA,sign,512,1289885,1195
FN-DSA,sign,512,1285228,1196
FN-DSA,sign,512,1285215,1197
FN-DSA,sign,512,1285353,1198
FN-DSA,sign,512,1288519,1199
FN-DSA,sign,512,1284936,1200
FN-DSA,sign,512,1282358,1201
FN-DSA,sign,512,1288335,1202
FN-DSA,sign,512,1289247,1203
FN-DSA,sign,512,1283750,1204
FN-DSA,sign,512,1287920,1205
FN-DSA,sign,512,1287533,1206
FN-DSA,sign,512,1283264,1207
FN-DSA,sign,512,1289005,1208
FN-DSA,sign,512,1286717,1209
FN-DSA,sign,512,1287324,1210
FN-DSA,sign,512,1282960,1211
FN-DSA,sign,512,1286069,1212
FN-DSA,sign,512,1289013,1213
FN-DSA,sign,512,1287540,1214
FN-DSA,sign,512,1284703,1215
FN-DSA,sign,512,1287195,1216
FN-DSA,sign,512,1286320,1217
FN-DSA,sign,512,1287179,1218
FN-DSA,sign,512,1285393,1219
FN-DSA,sign,512,1285235,1220
FN-DSA,sign,512,1285345,1221
FN-DSA,sign,512,1288455,1222
FN-DSA,sign,512,1292833,1223
FN-DSA,sign,512,1281027,1224
FN-DSA,sign,512,1291730,1225
FN-DSA,sign,512,1285287,1226
FN-DSA,sign,512,1287304,1227
FN-DSA,sign,512,1286655,1228
FN-DSA,sign,512,1291040,1229
FN-DSA,sign,512,1284527,1230
FN-DSA,sign,512,1286900,1231
FN-DSA,sign,512,1285413,1232
FN-DSA,sign,512,1283508,1233
FN-DSA,sign,512,1286909,1234
FN-DSA,sign,512,1288881,1235
FN-DSA,sign,512,1287351,1236
FN-DSA,sign,512,1285878,1237
FN-DSA,sign,512,1288072,1238
FN-DSA,sign,512,1287157,1239
FN-DSA,sign,512,1282229,1240
FN-DSA,sign,512,1289334,1241
FN-DSA,sign,512,1290143,1242
FN-DSA,sign,512,1286185,1243
FN-DSA,sign,512,1288526,1244
FN-DSA,sign,512,1287086,1245
FN-DSA,sign,512,1285444,1246
FN-DSA,sign,512,1287998,1247
FN-DSA,sign,512,1287340,1248
FN-DSA,sign,512,1286256,1249
FN-DSA,sign,512,1285583,1250
FN-DSA,sign,512,1291623,1251
FN-DSA,sign,512,1289335,1252
FN-DSA,sign,512,1289103,1253
FN-DSA,sign,512,1287195,1254
FN-DSA,sign,512,1290608,1255
FN-DSA,sign,512,1279928,1256
FN-DSA,sign,512,1285654,1257
FN-DSA,sign,512,1291920,1258
FN-DSA,sign,512,1283336,1259
FN-DSA,sign,512,1287241,1260
FN-DSA,sign,512,1289050,1261
FN-DSA,sign,512,1287438,1262
FN-DSA,sign,512,1287424,1263
FN-DSA,sign,512,1284822,1264
FN-DSA,sign,512,1284848,1265
FN-DSA,sign,512,1283595,1266
FN-DSA,sign,512,1284392,1267
FN-DSA,sign,512,1284986,1268
FN-DSA,sign,512,1285535,1269
FN-DSA,sign,512,1288535,1270
FN-DSA,sign,512,1288148,1271
FN-DSA,sign,512,1283650,1272
FN-DSA,sign,512,1292247,1273
FN-DSA,sign,512,1287757,1274
FN-DSA,sign,512,1279254,1275
FN-DSA,sign,512,1281927,1276
FN-DSA,sign,512,1282942,1277
FN-DSA,sign,512,1282414,1278
FN-DSA,sign,512,1286545,1279
FN-DSA,sign,512,1286022,1280
FN-DSA,sign,512,1282829,1281
FN-DSA,sign,512,1284937,1282
FN-DSA,sign,512,1288882,1283
FN-DSA,sign,512,1286614,1284
FN-DSA,sign,512,1285734,1285
FN-DSA,sign,512,1288071,1286
FN-DSA,sign,512,1289240,1287
FN-DSA,sign,512,1284959,1288
FN-DSA,sign,512,1289434,1289
FN-DSA,sign,512,1286186,1290
FN-DSA,sign,512,1289773,1291
FN-DSA,sign,512,1286877,1292
FN-DSA,sign,512,1289109,1293
FN-DSA,sign,512,1288067,1294
FN-DSA,sign,512,1289658,1295
FN-DSA,sign,512,1284421,1296
FN-DSA,sign,512,1286390,1297
FN-DSA,sign,512,1285514,1298
FN-DSA,sign,512,1286526,1299
FN-DSA,sign,512,1289672,1300
FN-DSA,sign,512,1286507,1301
FN-DSA,sign,512,1287526,1302
FN-DSA,sign,512,1286446,1303
FN-DSA,sign,512,1290186,1304
FN-DSA,sign,512,1284867,1305
FN-DSA,sign,512,1284483,1306
FN-DSA,sign,512,1293406,1307
FN-DSA,sign,512,1293234,1308
FN-DSA,sign,512,1288316,1309
FN-DSA,sign,512,1283887,1310
FN-DSA,sign,512,1288669,1311
FN-DSA,sign,512,1291799,1312
FN-DSA,sign,512,1285601,1313
FN-DSA,sign,512,1288051,1314
FN-DSA,sign,512,1289159,1315
FN-DSA,sign,512,1289648,1316
FN-DSA,sign,512,1289441,1317
FN-DSA,sign,512,1289588,1318
FN-DSA,sign,512,1284742,1319
FN-DSA,sign,512,1287976,1320
FN-DSA,sign,512,1287004,1321
FN-DSA,sign,512,1292579,1322
FN-DSA,sign,512,1294056,1323
FN-DSA,sign,512,1283302,1324
FN-DSA,sign,512,1288463,1325
FN-DSA,sign,512,1287445,1326
FN-DSA,sign,512,1281165,1327
FN-DSA,sign,512,1284984,1328
FN-DSA,sign,512,1288122,1329
FN-DSA,sign,512,1281346,1330
FN-DSA,sign,512,1282623,1331
FN-DSA,sign,512,1290846,1332
FN-DSA,sign,512,1288971,1333
FN-DSA,sign,512,1286085,1334
FN-DSA,sign,512,1287331,1335
FN-DSA,sign,512,1284628,1336
FN-DSA,sign,512,1287545,1337
FN-DSA,sign,512,1286014,1338
FN-DSA,sign,512,1284427,1339
FN-DSA,sign,512,1284881,1340
FN-DSA,sign,512,1283434,1341
FN-DSA,sign,512,1285721,1342
FN-DSA,sign,512,1285738,1343
FN-DSA,sign,512,1282779,1344
FN-DSA,sign,512,1282034,1345
FN-DSA,sign,512,1286912,1346
FN-DSA,sign,512,1283175,1347
FN-DSA,sign,512,1286246,1348
FN-DSA,sign,512,1285276,1349
FN-DSA,sign,512,1286137,1350
FN-DSA,sign,512,1283768,1351
FN-DSA,sign,512,1288012,1352
FN-DSA,sign,512,1288561,1353
FN-DSA,sign,512,1286232,1354
FN-DSA,sign,512,1288643,1355
FN-DSA,sign,512,1289159,1356
FN-DSA,sign,512,1283081,1357
FN-DSA,sign,512,1290830,1358
FN-DSA,sign,512,1288231,1359
FN-DSA,sign,512,1287238,1360
FN-DSA,sign,512,1286492,1361
FN-DSA,sign,512,1291950,1362
FN-DSA,sign,512,1291868,1363
FN-DSA,sign,512,1285122,1364
FN-DSA,sign,512,1285783,1365
FN-DSA,sign,512,1283911,1366
FN-DSA,sign,512,1287236,1367
FN-DSA,sign,512,1290650,1368
FN-DSA,sign,512,1287937,1369
FN-DSA,sign,512,1283526,1370
FN-DSA,sign,512,1284711,1371
FN-DSA,sign,512,1288696,1372
FN-DSA,sign,512,1279630,1373
FN-DSA,sign,512,1286972,1374
FN-DSA,sign,512,1285038,1375
FN-DSA,sign,512,1287630,1376
FN-DSA,sign,512,1285139,1377
FN-DSA,sign,512,1281738,1378
FN-DSA,sign,512,1288499,1379
FN-DSA,sign,512,1284957,1380
FN-DSA,sign,512,1290457,1381
FN-DSA,sign,512,1290053,1382
FN-DSA,sign,512,1286718,1383
FN-DSA,sign,512,1286859,1384
FN-DSA,sign,512,1290191,1385
FN-DSA,sign,512,1288268,1386
FN-DSA,sign,512,1283454,1387
FN-DSA,sign,512,1286371,1388
FN-DSA,sign,512,1280702,1389
FN-DSA,sign,512,1285217,1390
FN-DSA,sign,512,1287272,1391
FN-DSA,sign,512,1285972,1392
FN-DSA,sign,512,1283742,1393
FN-DSA,sign,512,1287492,1394
FN-DSA,sign,512,1289884,1395
FN-DSA,sign,512,1282772,1396
FN-DSA,sign,512,1290871,1397
FN-DSA,sign,512,1282468,1398
FN-DSA,sign,512,1284951,1399
FN-DSA,sign,512,1286500,1400
FN-DSA,sign,512,1279848,1401
FN-DSA,sign,512,1293266,1402
FN-DSA,sign,512,1283010,1403
FN-DSA,sign,512,1283111,1404
FN-DSA,sign,512,1285370,1405
FN-DSA,sign,512,1286314,1406
FN-DSA,sign,512,1285317,1407
FN-DSA,sign,512,1285418,1408
FN-DSA,sign,512,1286987,1409
FN-DSA,sign,512,1284284,1410
FN-DSA,sign,512,1285657,1411
FN-DSA,sign,512,1284733,1412
FN-DSA,sign,512,1290622,1413
FN-DSA,sign,512,1288876,1414
FN-DSA,sign,512,1286823,1415
FN-DSA,sign,512,1284525,1416
FN-DSA,sign,512,1286537,1417
FN-DSA,sign,512,1287860,1418
FN-DSA,sign,512,1287209,1419
FN-DSA,sign,512,1283370,1420
FN-DSA,sign,512,1282416,1421
FN-DSA,sign,512,1286165,1422
FN-DSA,sign,512,1287619,1423
FN-DSA,sign,512,1286910,1424
FN-DSA,sign,512,1284916,1425
FN-DSA,sign,512,1281826,1426
FN-DSA,sign,512,1284361,1427
FN-DSA,sign,512,1281687,1428
FN-DSA,sign,512,1290018,1429
FN-DSA,sign,512,1289185,1430
FN-DSA,sign,512,1283154,1431
FN-DSA,sign,512,1281416,1432
FN-DSA,sign,512,1291654,1433
FN-DSA,sign,512,1286277,1434
FN-DSA,sign,512,1286817,1435
FN-DSA,sign,512,1283355,1436
FN-DSA,sign,512,1282902,1437
FN-DSA,sign,512,1290084,1438
FN-DSA,sign,512,1288608,1439
FN-DSA,sign,512,1293217,1440
FN-DSA,sign,512,1280172,1441
FN-DSA,sign,512,1282000,1442
FN-DSA,sign,512,1287176,1443
FN-DSA,sign,512,1294122,1444
FN-DSA,sign,512,1286380,1445
FN-DSA,sign,512,1286093,1446
FN-DSA,sign,512,1286903,1447
FN-DSA,sign,512,1286182,1448
FN-DSA,sign,512,1285198,1449
FN-DSA,sign,512,1286005,1450
FN-DSA,sign,512,1286843,1451
FN-DSA,sign,512,1287176,1452
FN-DSA,sign,512,1287099,1453
FN-DSA,sign,512,1290538,1454
FN-DSA,sign,512,1283244,1455
FN-DSA,sign,512,1293430,1456
FN-DSA,sign,512,1287418,1457
FN-DSA,sign,512,1285288,1458
FN-DSA,sign,512,1285140,1459
FN-DSA,sign,512,1284681,1460
FN-DSA,sign,512,1287982,1461
FN-DSA,sign,512,1287606,1462
FN-DSA,sign,512,1289697,1463
FN-DSA,sign,512,1285222,1464
FN-DSA,sign,512,1282701,1465
FN-DSA,sign,512,1283527,1466
FN-DSA,sign,512,1288396,1467
FN-DSA,sign,512,1288063,1468
FN-DSA,sign,512,1286836,1469
FN-DSA,sign,512,1285496,1470
FN-DSA,sign,512,1288617,1471
FN-DSA,sign,512,1289149,1472
FN-DSA,sign,512,1283559,1473
FN-DSA,sign,512,1289340,1474
FN-DSA,sign,512,1285008,1475
FN-DSA,sign,512,1286394,1476
FN-DSA,sign,512,1285831,1477
FN-DSA,sign,512,1288303,1478
FN-DSA,sign,512,1285331,1479
FN-DSA,sign,512,1285359,1480
FN-DSA,sign,512,1290779,1481
FN-DSA,sign,512,1282166,1482
FN-DSA,sign,512,1290351,1483
FN-DSA,sign,512,1282850,1484
FN-DSA,sign,512,1283277,1485
FN-DSA,sign,512,1291762,1486
FN-DSA,sign,512,1286878,1487
FN-DSA,sign,512,1283403,1488
FN-DSA,sign,512,1283023,1489
FN-DSA,sign,512,1284976,1490
FN-DSA,sign,512,1288222,1491
FN-DSA,sign,512,1283268,1492
FN-DSA,sign,512,1290851,1493
FN-DSA,sign,512,1288764,1494
FN-DSA,sign,512,1282703,1495
FN-DSA,sign,512,1289169,1496
FN-DSA,sign,512,1287310,1497
FN-DSA,sign,512,1286292,1498
FN-DSA,sign,512,1288109,1499
FN-DSA,sign,512,1287101,1500
FN-DSA,sign,512,1280711,1501
FN-DSA,sign,512,1286738,1502
FN-DSA,sign,512,1289150,1503
FN-DSA,sign,512,1284676,1504
FN-DSA,sign,512,1284301,1505
FN-DSA,sign,512,1285702,1506
FN-DSA,sign,512,1286855,1507
FN-DSA,sign,512,1287114,1508
FN-DSA,sign,512,1286011,1509
FN-DSA,sign,512,1286702,1510
FN-DSA,sign,512,1283554,1511
FN-DSA,sign,512,1287110,1512
FN-DSA,sign,512,1282315,1513
FN-DSA,sign,512,1288023,1514
FN-DSA,sign,512,1288114,1515
FN-DSA,sign,512,1281247,1516
FN-DSA,sign,512,1289727,1517
FN-DSA,sign,512,1286151,1518
FN-DSA,sign,512,1289569,1519
FN-DSA,sign,512,1286513,1520
FN-DSA,sign,512,1289029,1521
FN-DSA,sign,512,1284636,1522
FN-DSA,sign,512,1286792,1523
FN-DSA,sign,512,1291171,1524
FN-DSA,sign,512,1288419,1525
FN-DSA,sign,512,1284411,1526
FN-DSA,sign,512,1285358,1527
FN-DSA,sign,512,1290968,1528
FN-DSA,sign,512,1281412,1529
FN-DSA,sign,512,1289108,1530
FN-DSA,sign,512,1288030,1531
FN-DSA,sign,512,1286314,1532
FN-DSA,sign,512,1286983,1533
FN-DSA,sign,512,1291635,1534
FN-DSA,sign,512,1288321,1535
FN-DSA,sign,512,1282651,1536
FN-DSA,sign,512,1285125,1537
FN-DSA,sign,512,1286326,1538
FN-DSA,sign,512,1288252,1539
FN-DSA,sign,512,1286173,1540
FN-DSA,sign,512,1287460,1541
FN-DSA,sign,512,1286356,1542
FN-DSA,sign,512,1287045,1543
FN-DSA,sign,512,1282988,1544
FN-DSA,sign,512,1288000,1545
FN-DSA,sign,512,1286086,1546
FN-DSA,sign,512,1282631,1547
FN-DSA,sign,512,1285810,1548
FN-DSA,sign,512,1285497,1549
FN-DSA,sign,512,1282800,1550
FN-DSA,sign,512,1286536,1551
FN-DSA,sign,512,1285131,1552
FN-DSA,sign,512,1283894,1553
FN-DSA,sign,512,1286698,1554
FN-DSA,sign,512,1282086,1555
FN-DSA,sign,512,1290418,1556
FN-DSA,sign,512,1287126,1557
FN-DSA,sign,512,1285490,1558
FN-DSA,sign,512,1283858,1559
FN-DSA,sign,512,1288242,1560
FN-DSA,sign,512,1287055,1561
FN-DSA,sign,512,1287996,1562
FN-DSA,sign,512,1287050,1563
FN-DSA,sign,512,1283649,1564
FN-DSA,sign,512,1286458,1565
FN-DSA,sign,512,1286193,1566
FN-DSA,sign,512,1285777,1567
FN-DSA,sign,512,1287819,1568
FN-DSA,sign,512,1282349,1569
FN-DSA,sign,512,1281164,1570
FN-DSA,sign,512,1282302,1571
FN-DSA,sign,512,1289964,1572
FN-DSA,sign,512,1286771,1573
FN-DSA,sign,512,1287124,1574
FN-DSA,sign,512,1285208,1575
FN-DSA,sign,512,1290977,1576
FN-DSA,sign,512,1286304,1577
FN-DSA,sign,512,1289792,1578
FN-DSA,sign,512,1291041,1579
FN-DSA,sign,512,1285363,1580
FN-DSA,sign,512,1289326,1581
FN-DSA,sign,512,1286074,1582
FN-DSA,sign,512,1285733,1583
FN-DSA,sign,512,1283437,1584
FN-DSA,sign,512,1286390,1585
FN-DSA,sign,512,1289723,1586
FN-DSA,sign,512,1292678,1587
FN-DSA,sign,512,1286316,1588
FN-DSA,sign,512,1282793,1589
FN-DSA,sign,512,1283250,1590
FN-DSA,sign,512,1288926,1591
FN-DSA,sign,512,1287284,1592
FN-DSA,sign,512,1287822,1593
FN-DSA,sign,512,1288458,1594
FN-DSA,sign,512,1287272,1595
FN-DSA,sign,512,1290070,1596
FN-DSA,sign,512,1284995,1597
FN-DSA,sign,512,1289350,1598
FN-DSA,sign,512,1284688,1599
FN-DSA,sign,512,1285101,1600
FN-DSA,sign,512,1286477,1601
FN-DSA,sign,512,1285525,1602
FN-DSA,sign,512,1282164,1603
FN-DSA,sign,512,1283970,1604
FN-DSA,sign,512,1286617,1605
FN-DSA,sign,512,1283282,1606
FN-DSA,sign,512,1290999,1607
FN-DSA,sign,512,1287539,1608
FN-DSA,sign,512,1289079,1609
FN-DSA,sign,512,1284394,1610
FN-DSA,sign,512,1286879,1611
FN-DSA,sign,512,1288204,1612
FN-DSA,sign,512,1284958,1613
FN-DSA,sign,512,1290698,1614
FN-DSA,sign,512,1287226,1615
FN-DSA,sign,512,1288609,1616
FN-DSA,sign,512,1285812,1617
FN-DSA,sign,512,1280867,1618
FN-DSA,sign,512,1290594,1619
FN-DSA,sign,512,1289239,1620
FN-DSA,sign,512,1287406,1621
FN-DSA,sign,512,1288487,1622
FN-DSA,sign,512,1285321,1623
FN-DSA,sign,512,1289704,1624
FN-DSA,sign,512,1284777,1625
FN-DSA,sign,512,1285057,1626
FN-DSA,sign,512,1290478,1627
FN-DSA,sign,512,1288110,1628
FN-DSA,sign,512,1289298,1629
FN-DSA,sign,512,1285198,1630
FN-DSA,sign,512,1287909,1631
FN-DSA,sign,512,1285000,1632
FN-DSA,sign,512,1288373,1633
FN-DSA,sign,512,1287999,1634
FN-DSA,sign,512,1289127,1635
FN-DSA,sign,512,1279479,1636
FN-DSA,sign,512,1287332,1637
FN-DSA,sign,512,1283506,1638
FN-DSA,sign,512,1282654,1639
FN-DSA,sign,512,1290952,1640
FN-DSA,sign,512,1288290,1641
FN-DSA,sign,512,1286009,1642
FN-DSA,sign,512,1282045,1643
FN-DSA,sign,512,1288934,1644
FN-DSA,sign,512,1288370,1645
FN-DSA,sign,512,1286272,1646
FN-DSA,sign,512,1289841,1647
FN-DSA,sign,512,1282629,1648
FN-DSA,sign,512,1286256,1649
FN-DSA,sign,512,1285796,1650
FN-DSA,sign,512,1286680,1651
FN-DSA,sign,512,1288006,1652
FN-DSA,sign,512,1284987,1653
FN-DSA,sign,512,1283350,1654
FN-DSA,sign,512,1280869,1655
FN-DSA,sign,512,1284693,1656
FN-DSA,sign,512,1281046,1657
FN-DSA,sign,512,1288354,1658
FN-DSA,sign,512,1284329,1659
FN-DSA,sign,512,1286728,1660
FN-DSA,sign,512,1285504,1661
FN-DSA,sign,512,1282443,1662
FN-DSA,sign,512,1282514,1663
FN-DSA,sign,512,1285839,1664
FN-DSA,sign,512,1287909,1665
FN-DSA,sign,512,1285963,1666
FN-DSA,sign,512,1285414,1667
FN-DSA,sign,512,1284621,1668
FN-DSA,sign,512,1292148,1669
FN-DSA,sign,512,1286448,1670
FN-DSA,sign,512,1283794,1671
FN-DSA,sign,512,1289538,1672
FN-DSA,sign,512,1287968,1673
FN-DSA,sign,512,1287030,1674
FN-DSA,sign,512,1282757,1675
FN-DSA,sign,512,1291460,1676
FN-DSA,sign,512,1290286,1677
FN-DSA,sign,512,1282280,1678
FN-DSA,sign,512,1285988,1679
FN-DSA,sign,512,1287354,1680
FN-DSA,sign,512,1285742,1681
FN-DSA,sign,512,1291468,1682
FN-DSA,sign,512,1281493,1683
FN-DSA,sign,512,1290541,1684
FN-DSA,sign,512,1284680,1685
FN-DSA,sign,512,1283750,1686
FN-DSA,sign,512,1282934,1687
FN-DSA,sign,512,1285782,1688
FN-DSA,sign,512,1286471,1689
FN-DSA,sign,512,1284778,1690
FN-DSA,sign,512,1285177,1691
FN-DSA,sign,512,1286463,1692
FN-DSA,sign,512,1280926,1693
FN-DSA,sign,512,1282734,1694
FN-DSA,sign,512,1283712,1695
FN-DSA,sign,512,1287431,1696
FN-DSA,sign,512,1284953,1697
FN-DSA,sign,512,1287242,1698
FN-DSA,sign,512,1284848,1699
FN-DSA,sign,512,1288565,1700
FN-DSA,sign,512,1287441,1701
FN-DSA,sign,512,1284823,1702
FN-DSA,sign,512,1283440,1703
FN-DSA,sign,512,1288622,1704
FN-DSA,sign,512,1288687,1705
FN-DSA,sign,512,1288543,1706
FN-DSA,sign,512,1286395,1707
FN-DSA,sign,512,1288168,1708
FN-DSA,sign,512,1288688,1709
FN-DSA,sign,512,1286623,1710
FN-DSA,sign,512,1288542,1711
FN-DSA,sign,512,1286951,1712
FN-DSA,sign,512,1283711,1713
FN-DSA,sign,512,1283497,1714
FN-DSA,sign,512,1284657,1715
FN-DSA,sign,512,1287178,1716
FN-DSA,sign,512,1285565,1717
FN-DSA,sign,512,1281962,1718
FN-DSA,sign,512,1292835,1719
FN-DSA,sign,512,1288323,1720
FN-DSA,sign,512,1290212,1721
FN-DSA,sign,512,1283536,1722
FN-DSA,sign,512,1284609,1723
FN-DSA,sign,512,1284493,1724
FN-DSA,sign,512,1284575,1725
FN-DSA,sign,512,1282141,1726
FN-DSA,sign,512,1287127,1727
FN-DSA,sign,512,1288358,1728
FN-DSA,sign,512,1284773,1729
FN-DSA,sign,512,1286476,1730
FN-DSA,sign,512,1289359,1731
FN-DSA,sign,512,1285499,1732
FN-DSA,sign,512,1289044,1733
FN-DSA,sign,512,1285738,1734
FN-DSA,sign,512,1285885,1735
FN-DSA,sign,512,1287171,1736
FN-DSA,sign,512,1287900,1737
FN-DSA,sign,512,1284172,1738
FN-DSA,sign,512,1289318,1739
FN-DSA,sign,512,1287437,1740
FN-DSA,sign,512,1287004,1741
FN-DSA,sign,512,1285868,1742
FN-DSA,sign,512,1290934,1743
FN-DSA,sign,512,1290634,1744
FN-DSA,sign,512,1278661,1745
FN-DSA,sign,512,1288708,1746
FN-DSA,sign,512,1286954,1747
FN-DSA,sign,512,1284886,1748
FN-DSA,sign,512,1285885,1749
FN-DSA,sign,512,1288077,1750
FN-DSA,sign,512,1287574,1751
FN-DSA,sign,512,1284590,1752
FN-DSA,sign,512,1286620,1753
FN-DSA,sign,512,1288444,1754
FN-DSA,sign,512,1281771,1755
FN-DSA,sign,512,1287100,1756
FN-DSA,sign,512,1282114,1757
FN-DSA,sign,512,1287977,1758
FN-DSA,sign,512,1285211,1759
FN-DSA,sign,512,1287066,1760
FN-DSA,sign,512,1290782,1761
FN-DSA,sign,512,1285771,1762
FN-DSA,sign,512,1288259,1763
FN-DSA,sign,512,1287902,1764
FN-DSA,sign,512,1286838,1765
FN-DSA,sign,512,1280789,1766
FN-DSA,sign,512,1284306,1767
FN-DSA,sign,512,1288056,1768
FN-DSA,sign,512,1282728,1769
FN-DSA,sign,512,1286790,1770
FN-DSA,sign,512,1281505,1771
FN-DSA,sign,512,1286518,1772
FN-DSA,sign,512,1288997,1773
FN-DSA,sign,512,1287354,1774
FN-DSA,sign,512,1287145,1775
FN-DSA,sign,512,1283397,1776
FN-DSA,sign,512,1287388,1777
FN-DSA,sign,512,1288312,1778
FN-DSA,sign,512,1282775,1779
FN-DSA,sign,512,1289653,1780
FN-DSA,sign,512,1289445,1781
FN-DSA,sign,512,1288675,1782
FN-DSA,sign,512,1280699,1783
FN-DSA,sign,512,1284210,1784
FN-DSA,sign,512,1289938,1785
FN-DSA,sign,512,1287498,1786
FN-DSA,sign,512,1283663,1787
FN-DSA,sign,512,1282384,1788
FN-DSA,sign,512,1286836,1789
FN-DSA,sign,512,1286159,1790
FN-DSA,sign,512,1287490,1791
FN-DSA,sign,512,1285119,1792
FN-DSA,sign,512,1287522,1793
FN-DSA,sign,512,1284572,1794
FN-DSA,sign,512,1284691,1795
FN-DSA,sign,512,1282802,1796
FN-DSA,sign,512,1285672,1797
FN-DSA,sign,512,1292111,1798
FN-DSA,sign,512,1287175,1799
FN-DSA,sign,512,1286127,1800
FN-DSA,sign,512,1287388,1801
FN-DSA,sign,512,1284909,1802
FN-DSA,sign,512,1286335,1803
FN-DSA,sign,512,1283252,1804
FN-DSA,sign,512,1284776,1805
FN-DSA,sign,512,1287864,1806
FN-DSA,sign,512,1283551,1807
FN-DSA,sign,512,1286130,1808
FN-DSA,sign,512,1283386,1809
FN-DSA,sign,512,1281514,1810
FN-DSA,sign,512,1282682,1811
FN-DSA,sign,512,1290267,1812
FN-DSA,sign,512,1291723,1813
FN-DSA,sign,512,1287503,1814
FN-DSA,sign,512,1290282,1815
FN-DSA,sign,512,1286525,1816
FN-DSA,sign,512,1283398,1817
FN-DSA,sign,512,1282642,1818
FN-DSA,sign,512,1284860,1819
FN-DSA,sign,512,1288028,1820
FN-DSA,sign,512,1287537,1821
FN-DSA,sign,512,1283921,1822
FN-DSA,sign,512,1284312,1823
FN-DSA,sign,512,1283894,1824
FN-DSA,sign,512,1286875,1825
FN-DSA,sign,512,1289950,1826
FN-DSA,sign,512,1288494,1827
FN-DSA,sign,512,1289798,1828
FN-DSA,sign,512,1286644,1829
FN-DSA,sign,512,1285882,1830
FN-DSA,sign,512,1283031,1831
FN-DSA,sign,512,1286115,1832
FN-DSA,sign,512,1281418,1833
FN-DSA,sign,512,1289303,1834
FN-DSA,sign,512,1288749,1835
FN-DSA,sign,512,1285563,1836
FN-DSA,sign,512,1286530,1837
FN-DSA,sign,512,1288699,1838
FN-DSA,sign,512,1287372,1839
FN-DSA,sign,512,1285933,1840
FN-DSA,sign,512,1286495,1841
FN-DSA,sign,512,1288608,1842
FN-DSA,sign,512,1290879,1843
FN-DSA,sign,512,1286967,1844
FN-DSA,sign,512,1285091,1845
FN-DSA,sign,512,1287140,1846
FN-DSA,sign,512,1281941,1847
FN-DSA,sign,512,1290219,1848
FN-DSA,sign,512,1285121,1849
FN-DSA,sign,512,1284624,1850
FN-DSA,sign,512,1284706,1851
FN-DSA,sign,512,1282462,1852
FN-DSA,sign,512,1285532,1853
FN-DSA,sign,512,1292151,1854
FN-DSA,sign,512,1287484,1855
FN-DSA,sign,512,1291934,1856
FN-DSA,sign,512,1286357,1857
FN-DSA,sign,512,1285672,1858
FN-DSA,sign,512,1284323,1859
FN-DSA,sign,512,1281990,1860
FN-DSA,sign,512,1288940,1861
FN-DSA,sign,512,1288573,1862
FN-DSA,sign,512,1288751,1863
FN-DSA,sign,512,1289085,1864
FN-DSA,sign,512,1286452,1865
FN-DSA,sign,512,1289569,1866
FN-DSA,sign,512,1288276,1867
FN-DSA,sign,512,1283781,1868
FN-DSA,sign,512,1282014,1869
FN-DSA,sign,512,1282725,1870
FN-DSA,sign,512,1286717,1871
FN-DSA,sign,512,1288272,1872
FN-DSA,sign,512,1287494,1873
FN-DSA,sign,512,1281243,1874
FN-DSA,sign,512,1284894,1875
FN-DSA,sign,512,1281901,1876
FN-DSA,sign,512,1287348,1877
FN-DSA,sign,512,1285524,1878
FN-DSA,sign,512,1287256,1879
FN-DSA,sign,512,1284503,1880
FN-DSA,sign,512,1287237,1881
FN-DSA,sign,512,1290712,1882
FN-DSA,sign,512,1286729,1883
FN-DSA,sign,512,1288277,1884
FN-DSA,sign,512,1289072,1885
FN-DSA,sign,512,1287279,1886
FN-DSA,sign,512,1286302,1887
FN-DSA,sign,512,1282785,1888
FN-DSA,sign,512,1291921,1889
FN-DSA,sign,512,1288512,1890
FN-DSA,sign,512,1284862,1891
FN-DSA,sign,512,1288824,1892
FN-DSA,sign,512,1282584,1893
FN-DSA,sign,512,1280333,1894
FN-DSA,sign,512,1289784,1895
FN-DSA,sign,512,1291026,1896
FN-DSA,sign,512,1288217,1897
FN-DSA,sign,512,1289595,1898
FN-DSA,sign,512,1282685,1899
FN-DSA,sign,512,1290195,1900
FN-DSA,sign,512,1283302,1901
FN-DSA,sign,512,1285543,1902
FN-DSA,sign,512,1284458,1903
FN-DSA,sign,512,1288658,1904
FN-DSA,sign,512,1284957,1905
FN-DSA,sign,512,1289982,1906
FN-DSA,sign,512,1287860,1907
FN-DSA,sign,512,1286107,1908
FN-DSA,sign,512,1284737,1909
FN-DSA,sign,512,1285058,1910
FN-DSA,sign,512,1287783,1911
FN-DSA,sign,512,1287147,1912
FN-DSA,sign,512,1287385,1913
FN-DSA,sign,512,1282364,1914
FN-DSA,sign,512,1285552,1915
FN-DSA,sign,512,1281447,1916
FN-DSA,sign,512,1288822,1917
FN-DSA,sign,512,1286073,1918
FN-DSA,sign,512,1285846,1919
FN-DSA,sign,512,1284855,1920
FN-DSA,sign,512,1288262,1921
FN-DSA,sign,512,1281030,1922
FN-DSA,sign,512,1282998,1923
FN-DSA,sign,512,1281009,1924
FN-DSA,sign,512,1288657,1925
FN-DSA,sign,512,1283729,1926
FN-DSA,sign,512,1288806,1927
FN-DSA,sign,512,1286675,1928
FN-DSA,sign,512,1285141,1929
FN-DSA,sign,512,1284491,1930
FN-DSA,sign,512,1287082,1931
FN-DSA,sign,512,1286335,1932
FN-DSA,sign,512,1287936,1933
FN-DSA,sign,512,1287499,1934
FN-DSA,sign,512,1285571,1935
FN-DSA,sign,512,1289989,1936
FN-DSA,sign,512,1288530,1937
FN-DSA,sign,512,1283600,1938
FN-DSA,sign,512,1292598,1939
FN-DSA,sign,512,1285591,1940
FN-DSA,sign,512,1289391,1941
FN-DSA,sign,512,1287221,1942
FN-DSA,sign,512,1288351,1943
FN-DSA,sign,512,1284819,1944
FN-DSA,sign,512,1287074,1945
FN-DSA,sign,512,1280854,1946
FN-DSA,sign,512,1289184,1947
FN-DSA,sign,512,1287543,1948
FN-DSA,sign,512,1287461,1949
FN-DSA,sign,512,1292406,1950
FN-DSA,sign,512,1286599,1951
FN-DSA,sign,512,1284873,1952
FN-DSA,sign,512,1283721,1953
FN-DSA,sign,512,1281251,1954
FN-DSA,sign,512,1283743,1955
FN-DSA,sign,512,1286487,1956
FN-DSA,sign,512,1285936,1957
FN-DSA,sign,512,1285939,1958
FN-DSA,sign,512,1286061,1959
FN-DSA,sign,512,1293910,1960
FN-DSA,sign,512,1289171,1961
FN-DSA,sign,512,1284657,1962
FN-DSA,sign,512,1292077,1963
FN-DSA,sign,512,1287986,1964
FN-DSA,sign,512,1290092,1965
FN-DSA,sign,512,1289098,1966
FN-DSA,sign,512,1284315,1967
FN-DSA,sign,512,1286398,1968
FN-DSA,sign,512,1285086,1969
FN-DSA,sign,512,1287803,1970
FN-DSA,sign,512,1283017,1971
FN-DSA,sign,512,1289275,1972
FN-DSA,sign,512,1287475,1973
FN-DSA,sign,512,1286502,1974
FN-DSA,sign,512,1286326,1975
FN-DSA,sign,512,1282484,1976
FN-DSA,sign,512,1285824,1977
FN-DSA,sign,512,1286307,1978
FN-DSA,sign,512,1286539,1979
FN-DSA,sign,512,1286571,1980
FN-DSA,sign,512,1286371,1981
FN-DSA,sign,512,1289577,1982
FN-DSA,sign,512,1283417,1983
FN-DSA,sign,512,1284385,1984
FN-DSA,sign,512,1288735,1985
FN-DSA,sign,512,1283265,1986
FN-DSA,sign,512,1287941,1987
FN-DSA,sign,512,1285920,1988
FN-DSA,sign,512,1284982,1989
FN-DSA,sign,512,1285010,1990
FN-DSA,sign,512,1288331,1991
FN-DSA,sign,512,1282118,1992
FN-DSA,sign,512,1288180,1993
FN-DSA,sign,512,1288219,1994
FN-DSA,sign,512,1287215,1995
FN-DSA,sign,512,1289700,1996
FN-DSA,sign,512,1284313,1997
FN-DSA,sign,512,1287107,1998
FN-DSA,sign,512,1286330,1999
FN-DSA,sign,512,1289175,2000
FN-DSA,sign,512,1282711,2001
FN-DSA,sign,512,1285591,2002
FN-DSA,sign,512,1283424,2003
FN-DSA,sign,512,1284688,2004
FN-DSA,sign,512,1285220,2005
FN-DSA,sign,512,1287413,2006
FN-DSA,sign,512,1292287,2007
FN-DSA,sign,512,1287291,2008
FN-DSA,sign,512,1286877,2009
FN-DSA,sign,512,1287543,2010
FN-DSA,sign,512,1289419,2011
FN-DSA,sign,512,1285507,2012
FN-DSA,sign,512,1288370,2013
FN-DSA,sign,512,1283600,2014
FN-DSA,sign,512,1282618,2015
FN-DSA,sign,512,1281195,2016
FN-DSA,sign,512,1286946,2017
FN-DSA,sign,512,1286162,2018
FN-DSA,sign,512,1288254,2019
FN-DSA,sign,512,1284309,2020
FN-DSA,sign,512,1285505,2021
FN-DSA,sign,512,1292148,2022
FN-DSA,sign,512,1280056,2023
FN-DSA,sign,512,1286165,2024
FN-DSA,sign,512,1285691,2025
FN-DSA,sign,512,1281164,2026
FN-DSA,sign,512,1281879,2027
FN-DSA,sign,512,1285778,2028
FN-DSA,sign,512,1279878,2029
FN-DSA,sign,512,1287146,2030
FN-DSA,sign,512,1286976,2031
FN-DSA,sign,512,1286678,2032
FN-DSA,sign,512,1291608,2033
FN-DSA,sign,512,1288144,2034
FN-DSA,sign,512,1287165,2035
FN-DSA,sign,512,1284364,2036
FN-DSA,sign,512,1288521,2037
FN-DSA,sign,512,1286657,2038
FN-DSA,sign,512,1287517,2039
FN-DSA,sign,512,1292587,2040
FN-DSA,sign,512,1290667,2041
FN-DSA,sign,512,1290407,2042
FN-DSA,sign,512,1283094,2043
FN-DSA,sign,512,1285949,2044
FN-DSA,sign,512,1293050,2045
FN-DSA,sign,512,1283144,2046
FN-DSA,sign,512,1289156,2047
FN-DSA,sign,512,1285720,2048
FN-DSA,sign,512,1284287,2049
FN-DSA,sign,512,1287881,2050
FN-DSA,sign,512,1290130,2051
FN-DSA,sign,512,1290949,2052
FN-DSA,sign,512,1283537,2053
FN-DSA,sign,512,1287289,2054
FN-DSA,sign,512,1284688,2055
FN-DSA,sign,512,1286947,2056
FN-DSA,sign,512,1285844,2057
FN-DSA,sign,512,1281252,2058
FN-DSA,sign,512,1283366,2059
FN-DSA,sign,512,1285388,2060
FN-DSA,sign,512,1289314,2061
FN-DSA,sign,512,1279634,2062
FN-DSA,sign,512,1283232,2063
FN-DSA,sign,512,1288641,2064
FN-DSA,sign,512,1287282,2065
FN-DSA,sign,512,1283731,2066
FN-DSA,sign,512,1285359,2067
FN-DSA,sign,512,1286900,2068
FN-DSA,sign,512,1291375,2069
FN-DSA,sign,512,1288084,2070
FN-DSA,sign,512,1288511,2071
FN-DSA,sign,512,1285719,2072
FN-DSA,sign,512,1289617,2073
FN-DSA,sign,512,1281164,2074
FN-DSA,sign,512,1288601,2075
FN-DSA,sign,512,1286669,2076
FN-DSA,sign,512,1285184,2077
FN-DSA,sign,512,1286144,2078
FN-DSA,sign,512,1288960,2079
FN-DSA,sign,512,1289157,2080
FN-DSA,sign,512,1286338,2081
FN-DSA,sign,512,1288733,2082
FN-DSA,sign,512,1283702,2083
FN-DSA,sign,512,1286239,2084
FN-DSA,sign,512,1292520,2085
FN-DSA,sign,512,1282305,2086
FN-DSA,sign,512,1287972,2087
FN-DSA,sign,512,1289114,2088
FN-DSA,sign,512,1291087,2089
FN-DSA,sign,512,1287390,2090
FN-DSA,sign,512,1286657,2091
FN-DSA,sign,512,1286729,2092
FN-DSA,sign,512,1284627,2093
FN-DSA,sign,512,1292360,2094
FN-DSA,sign,512,1278317,2095
FN-DSA,sign,512,1286053,2096
FN-DSA,sign,512,1284680,2097
FN-DSA,sign,512,1284610,2098
FN-DSA,sign,512,1280912,2099
FN-DSA,sign,512,1282654,2100
FN-DSA,sign,512,1285571,2101
FN-DSA,sign,512,1288668,2102
FN-DSA,sign,512,1284750,2103
FN-DSA,sign,512,1285345,2104
FN-DSA,sign,512,1286720,2105
FN-DSA,sign,512,1290261,2106
FN-DSA,sign,512,1286065,2107
FN-DSA,sign,512,1282478,2108
FN-DSA,sign,512,1292695,2109
FN-DSA,sign,512,1286936,2110
FN-DSA,sign,512,1286533,2111
FN-DSA,sign,512,1279590,2112
FN-DSA,sign,512,1286059,2113
FN-DSA,sign,512,1288589,2114
FN-DSA,sign,512,1285447,2115
FN-DSA,sign,512,1290907,2116
FN-DSA,sign,512,1285637,2117
FN-DSA,sign,512,1281454,2118
FN-DSA,sign,512,1288206,2119
FN-DSA,sign,512,1292176,2120
FN-DSA,sign,512,1285540,2121
FN-DSA,sign,512,1280605,2122
FN-DSA,sign,512,1286412,2123
FN-DSA,sign,512,1292128,2124
FN-DSA,sign,512,1285990,2125
FN-DSA,sign,512,1287320,2126
FN-DSA,sign,512,1283374,2127
FN-DSA,sign,512,1282942,2128
FN-DSA,sign,512,1285111,2129
FN-DSA,sign,512,1282827,2130
FN-DSA,sign,512,1286937,2131
FN-DSA,sign,512,1285771,2132
FN-DSA,sign,512,1281965,2133
FN-DSA,sign,512,1288500,2134
FN-DSA,sign,512,1283484,2135
FN-DSA,sign,512,1282793,2136
FN-DSA,sign,512,1285331,2137
FN-DSA,sign,512,1286108,2138
FN-DSA,sign,512,1284038,2139
FN-DSA,sign,512,1283821,2140
FN-DSA,sign,512,1285822,2141
FN-DSA,sign,512,1289540,2142
FN-DSA,sign,512,1285085,2143
FN-DSA,sign,512,1284704,2144
FN-DSA,sign,512,1287465,2145
FN-DSA,sign,512,1289130,2146
FN-DSA,sign,512,1283576,2147
FN-DSA,sign,512,1284330,2148
FN-DSA,sign,512,1280303,2149
FN-DSA,sign,512,1282969,2150
FN-DSA,sign,512,1284457,2151
FN-DSA,sign,512,1283082,2152
FN-DSA,sign,512,1288085,2153
FN-DSA,sign,512,1290583,2154
FN-DSA,sign,512,1288614,2155
FN-DSA,sign,512,1282364,2156
FN-DSA,sign,512,1289298,2157
FN-DSA,sign,512,1287831,2158
FN-DSA,sign,512,1286714,2159
FN-DSA,sign,512,1282746,2160
FN-DSA,sign,512,1288315,2161
FN-DSA,sign,512,1291700,2162
FN-DSA,sign,512,1289166,2163
FN-DSA,sign,512,1287066,2164
FN-DSA,sign,512,1286210,2165
FN-DSA,sign,512,1284399,2166
FN-DSA,sign,512,1282452,2167
FN-DSA,sign,512,1282353,2168
FN-DSA,sign,512,1284591,2169
FN-DSA,sign,512,1282901,2170
FN-DSA,sign,512,1286910,2171
FN-DSA,sign,512,1286336,2172
FN-DSA,sign,512,1287358,2173
FN-DSA,sign,512,1284766,2174
FN-DSA,sign,512,1285545,2175
FN-DSA,sign,512,1286276,2176
FN-DSA,sign,512,1289708,2177
FN-DSA,sign,512,1284459,2178
FN-DSA,sign,512,1292022,2179
FN-DSA,sign,512,1287384,2180
FN-DSA,sign,512,1282387,2181
FN-DSA,sign,512,1286094,2182
FN-DSA,sign,512,1282381,2183
FN-DSA,sign,512,1284605,2184
FN-DSA,sign,512,1286429,2185
FN-DSA,sign,512,1286064,2186
FN-DSA,sign,512,1286203,2187
FN-DSA,sign,512,1288187,2188
FN-DSA,sign,512,1281760,2189
FN-DSA,sign,512,1283308,2190
FN-DSA,sign,512,1283703,2191
FN-DSA,sign,512,1285718,2192
FN-DSA,sign,512,1283422,2193
FN-DSA,sign,512,1284389,2194
FN-DSA,sign,512,1290090,2195
FN-DSA,sign,512,1288343,2196
FN-DSA,sign,512,1282438,2197
FN-DSA,sign,512,1284415,2198
FN-DSA,sign,512,1287903,2199
FN-DSA,sign,512,1288778,2200
FN-DSA,sign,512,1285323,2201
FN-DSA,sign,512,1285800,2202
FN-DSA,sign,512,1287839,2203
FN-DSA,sign,512,1285924,2204
FN-DSA,sign,512,1285179,2205
FN-DSA,sign,512,1285289,2206
FN-DSA,sign,512,1290271,2207
FN-DSA,sign,512,1289591,2208
FN-DSA,sign,512,1286732,2209
FN-DSA,sign,512,1283066,2210
FN-DSA,sign,512,1285697,2211
FN-DSA,sign,512,1283159,2212
FN-DSA,sign,512,1279870,2213
FN-DSA,sign,512,1286038,2214
FN-DSA,sign,512,1290893,2215
FN-DSA,sign,512,1290716,2216
FN-DSA,sign,512,1285938,2217
FN-DSA,sign,512,1286143,2218
FN-DSA,sign,512,1286810,2219
FN-DSA,sign,512,1288888,2220
FN-DSA,sign,512,1286218,2221
FN-DSA,sign,512,1288074,2222
FN-DSA,sign,512,1288686,2223
FN-DSA,sign,512,1286308,2224
FN-DSA,sign,512,1284988,2225
FN-DSA,sign,512,1280699,2226
FN-DSA,sign,512,1280832,2227
FN-DSA,sign,512,1285512,2228
FN-DSA,sign,512,1289302,2229
FN-DSA,sign,512,1288823,2230
FN-DSA,sign,512,1285106,2231
FN-DSA,sign,512,1282508,2232
FN-DSA,sign,512,1292625,2233
FN-DSA,sign,512,1282050,2234
FN-DSA,sign,512,1285545,2235
FN-DSA,sign,512,1287238,2236
FN-DSA,sign,512,1289015,2237
FN-DSA,sign,512,1288091,2238
FN-DSA,sign,512,1284718,2239
FN-DSA,sign,512,1283525,2240
FN-DSA,sign,512,1283197,2241
FN-DSA,sign,512,1283265,2242
FN-DSA,sign,512,1285557,2243
FN-DSA,sign,512,1284452,2244
FN-DSA,sign,512,1287139,2245
FN-DSA,sign,512,1285843,2246
FN-DSA,sign,512,1288061,2247
FN-DSA,sign,512,1283170,2248
FN-DSA,sign,512,1290567,2249
FN-DSA,sign,512,1287500,2250
FN-DSA,sign,512,1285454,2251
FN-DSA,sign,512,1285170,2252
FN-DSA,sign,512,1285724,2253
FN-DSA,sign,512,1274886,2254
FN-DSA,sign,512,1286787,2255
FN-DSA,sign,512,1286830,2256
FN-DSA,sign,512,1285829,2257
FN-DSA,sign,512,1286567,2258
FN-DSA,sign,512,1290851,2259
FN-DSA,sign,512,1283345,2260
FN-DSA,sign,512,1292336,2261
FN-DSA,sign,512,1291456,2262
FN-DSA,sign,512,1282812,2263
FN-DSA,sign,512,1283410,2264
FN-DSA,sign,512,1286512,2265
FN-DSA,sign,512,1282638,2266
FN-DSA,sign,512,1289789,2267
FN-DSA,sign,512,1288880,2268
FN-DSA,sign,512,1283230,2269
FN-DSA,sign,512,1285805,2270
FN-DSA,sign,512,1286767,2271
FN-DSA,sign,512,1288046,2272
FN-DSA,sign,512,1285141,2273
FN-DSA,sign,512,1285889,2274
FN-DSA,sign,512,1283072,2275
FN-DSA,sign,512,1285778,2276
FN-DSA,sign,512,1286060,2277
FN-DSA,sign,512,1285920,2278
FN-DSA,sign,512,1285539,2279
FN-DSA,sign,512,1286053,2280
FN-DSA,sign,512,1288547,2281
FN-DSA,sign,512,1285628,2282
FN-DSA,sign,512,1283129,2283
FN-DSA,sign,512,1288758,2284
FN-DSA,sign,512,1286837,2285
FN-DSA,sign,512,1285148,2286
FN-DSA,sign,512,1290541,2287
FN-DSA,sign,512,1283172,2288
FN-DSA,sign,512,1282580,2289
FN-DSA,sign,512,1285176,2290
FN-DSA,sign,512,1283097,2291
FN-DSA,sign,512,1287571,2292
FN-DSA,sign,512,1283938,2293
FN-DSA,sign,512,1288574,2294
FN-DSA,sign,512,1282626,2295
FN-DSA,sign,512,1287924,2296
FN-DSA,sign,512,1286755,2297
FN-DSA,sign,512,1286818,2298
FN-DSA,sign,512,1288269,2299
FN-DSA,sign,512,1282815,2300
FN-DSA,sign,512,1286920,2301
FN-DSA,sign,512,1288910,2302
FN-DSA,sign,512,1287112,2303
FN-DSA,sign,512,1288280,2304
FN-DSA,sign,512,1284813,2305
FN-DSA,sign,512,1284162,2306
FN-DSA,sign,512,1286595,2307
FN-DSA,sign,512,1282825,2308
FN-DSA,sign,512,1285701,2309
FN-DSA,sign,512,1289711,2310
FN-DSA,sign,512,1288223,2311
FN-DSA,sign,512,1286035,2312
FN-DSA,sign,512,1286777,2313
FN-DSA,sign,512,1287240,2314
FN-DSA,sign,512,1287102,2315
FN-DSA,sign,512,1286821,2316
FN-DSA,sign,512,1282702,2317
FN-DSA,sign,512,1289546,2318
FN-DSA,sign,512,1283776,2319
FN-DSA,sign,512,1289817,2320
FN-DSA,sign,512,1285968,2321
FN-DSA,sign,512,1285762,2322
FN-DSA,sign,512,1292182,2323
FN-DSA,sign,512,1287327,2324
FN-DSA,sign,512,1283301,2325
FN-DSA,sign,512,1286846,2326
FN-DSA,sign,512,1285879,2327
FN-DSA,sign,512,1285661,2328
FN-DSA,sign,512,1290508,2329
FN-DSA,sign,512,1292400,2330
FN-DSA,sign,512,1283237,2331
FN-DSA,sign,512,1286416,2332
FN-DSA,sign,512,1283603,2333
FN-DSA,sign,512,1290683,2334
FN-DSA,sign,512,1286830,2335
FN-DSA,sign,512,1286421,2336
FN-DSA,sign,512,1283593,2337
FN-DSA,sign,512,1279365,2338
FN-DSA,sign,512,1288079,2339
FN-DSA,sign,512,1288239,2340
FN-DSA,sign,512,1288756,2341
FN-DSA,sign,512,1290423,2342
FN-DSA,sign,512,1286498,2343
FN-DSA,sign,512,1287238,2344
FN-DSA,sign,512,1286596,2345
FN-DSA,sign,512,1282900,2346
FN-DSA,sign,512,1283768,2347
FN-DSA,sign,512,1285821,2348
FN-DSA,sign,512,1283489,2349
FN-DSA,sign,512,1286355,2350
FN-DSA,sign,512,1289286,2351
FN-DSA,sign,512,1281230,2352
FN-DSA,sign,512,1291046,2353
FN-DSA,sign,512,1285657,2354
FN-DSA,sign,512,1288078,2355
FN-DSA,sign,512,1287301,2356
FN-DSA,sign,512,1287454,2357
FN-DSA,sign,512,1283305,2358
FN-DSA,sign,512,1286854,2359
FN-DSA,sign,512,1286638,2360
FN-DSA,sign,512,1285478,2361
FN-DSA,sign,512,1286951,2362
FN-DSA,sign,512,1285209,2363
FN-DSA,sign,512,1288137,2364
FN-DSA,sign,512,1285692,2365
FN-DSA,sign,512,1287150,2366
FN-DSA,sign,512,1282297,2367
FN-DSA,sign,512,1284877,2368
FN-DSA,sign,512,1280669,2369
FN-DSA,sign,512,1289218,2370
FN-DSA,sign,512,1282337,2371
FN-DSA,sign,512,1284821,2372
FN-DSA,sign,512,1288749,2373
FN-DSA,sign,512,1285504,2374
FN-DSA,sign,512,1281786,2375
FN-DSA,sign,512,1288583,2376
FN-DSA,sign,512,1282509,2377
FN-DSA,sign,512,1286564,2378
FN-DSA,sign,512,1288240,2379
FN-DSA,sign,512,1285522,2380
FN-DSA,sign,512,1284948,2381
FN-DSA,sign,512,1288967,2382
FN-DSA,sign,512,1283754,2383
FN-DSA,sign,512,1294751,2384
FN-DSA,sign,512,1284338,2385
FN-DSA,sign,512,1285445,2386
FN-DSA,sign,512,1286672,2387
FN-DSA,sign,512,1285493,2388
FN-DSA,sign,512,1289578,2389
FN-DSA,sign,512,1282827,2390
FN-DSA,sign,512,1283056,2391
FN-DSA,sign,512,1292418,2392
FN-DSA,sign,512,1288019,2393
FN-DSA,sign,512,1285245,2394
FN-DSA,sign,512,1284309,2395
FN-DSA,sign,512,1282400,2396
FN-DSA,sign,512,1293303,2397
FN-DSA,sign,512,1285823,2398
FN-DSA,sign,512,1285402,2399
FN-DSA,sign,512,1288482,2400
FN-DSA,sign,512,1293422,2401
FN-DSA,sign,512,1288959,2402
FN-DSA,sign,512,1291833,2403
FN-DSA,sign,512,1286155,2404
FN-DSA,sign,512,1285303,2405
FN-DSA,sign,512,1287050,2406
FN-DSA,sign,512,1291926,2407
FN-DSA,sign,512,1290038,2408
FN-DSA,sign,512,1282934,2409
FN-DSA,sign,512,1288192,2410
FN-DSA,sign,512,1283858,2411
FN-DSA,sign,512,1289968,2412
FN-DSA,sign,512,1284355,2413
FN-DSA,sign,512,1286588,2414
FN-DSA,sign,512,1296252,2415
FN-DSA,sign,512,1288381,2416
FN-DSA,sign,512,1287072,2417
FN-DSA,sign,512,1283731,2418
FN-DSA,sign,512,1291114,2419
FN-DSA,sign,512,1289519,2420
FN-DSA,sign,512,1286868,2421
FN-DSA,sign,512,1290044,2422
FN-DSA,sign,512,1287263,2423
FN-DSA,sign,512,1283828,2424
FN-DSA,sign,512,1280215,2425
FN-DSA,sign,512,1285630,2426
FN-DSA,sign,512,1286544,2427
FN-DSA,sign,512,1284283,2428
FN-DSA,sign,512,1286053,2429
FN-DSA,sign,512,1285540,2430
FN-DSA,sign,512,1284789,2431
FN-DSA,sign,512,1288815,2432
FN-DSA,sign,512,1291806,2433
FN-DSA,sign,512,1284615,2434
FN-DSA,sign,512,1279642,2435
FN-DSA,sign,512,1284748,2436
FN-DSA,sign,512,1290696,2437
FN-DSA,sign,512,1285469,2438
FN-DSA,sign,512,1286766,2439
FN-DSA,sign,512,1284367,2440
FN-DSA,sign,512,1288459,2441
FN-DSA,sign,512,1290435,2442
FN-DSA,sign,512,1283091,2443
FN-DSA,sign,512,1281241,2444
FN-DSA,sign,512,1292300,2445
FN-DSA,sign,512,1284362,2446
FN-DSA,sign,512,1291778,2447
FN-DSA,sign,512,1291082,2448
FN-DSA,sign,512,1286079,2449
FN-DSA,sign,512,1292086,2450
FN-DSA,sign,512,1288596,2451
FN-DSA,sign,512,1285637,2452
FN-DSA,sign,512,1287613,2453
FN-DSA,sign,512,1286056,2454
FN-DSA,sign,512,1283243,2455
FN-DSA,sign,512,1282479,2456
FN-DSA,sign,512,1282303,2457
FN-DSA,sign,512,1291748,2458
FN-DSA,sign,512,1285997,2459
FN-DSA,sign,512,1288423,2460
FN-DSA,sign,512,1287369,2461
FN-DSA,sign,512,1283234,2462
FN-DSA,sign,512,1288344,2463
FN-DSA,sign,512,1286570,2464
FN-DSA,sign,512,1286938,2465
FN-DSA,sign,512,1282566,2466
FN-DSA,sign,512,1289048,2467
FN-DSA,sign,512,1287937,2468
FN-DSA,sign,512,1286236,2469
FN-DSA,sign,512,1287878,2470
FN-DSA,sign,512,1288886,2471
FN-DSA,sign,512,1289639,2472
FN-DSA,sign,512,1281770,2473
FN-DSA,sign,512,1288288,2474
FN-DSA,sign,512,1283656,2475
FN-DSA,sign,512,1293965,2476
FN-DSA,sign,512,1284265,2477
FN-DSA,sign,512,1286934,2478
FN-DSA,sign,512,1288151,2479
FN-DSA,sign,512,1285096,2480
FN-DSA,sign,512,1283537,2481
FN-DSA,sign,512,1293762,2482
FN-DSA,sign,512,1281272,2483
FN-DSA,sign,512,1284214,2484
FN-DSA,sign,512,1288068,2485
FN-DSA,sign,512,1280617,2486
FN-DSA,sign,512,1288249,2487
FN-DSA,sign,512,1284811,2488
FN-DSA,sign,512,1286517,2489
FN-DSA,sign,512,1285842,2490
FN-DSA,sign,512,1284876,2491
FN-DSA,sign,512,1287539,2492
FN-DSA,sign,512,1287519,2493
FN-DSA,sign,512,1288383,2494
FN-DSA,sign,512,1287249,2495
FN-DSA,sign,512,1283582,2496
FN-DSA,sign,512,1285189,2497
FN-DSA,sign,512,1283890,2498
FN-DSA,sign,512,1286135,2499
FN-DSA,sign,512,1282978,2500
FN-DSA,sign,512,1285549,2501
FN-DSA,sign,512,1286442,2502
FN-DSA,sign,512,1290599,2503
FN-DSA,sign,512,1288878,2504
FN-DSA,sign,512,1290058,2505
FN-DSA,sign,512,1286297,2506
FN-DSA,sign,512,1283644,2507
FN-DSA,sign,512,1284692,2508
FN-DSA,sign,512,1286018,2509
FN-DSA,sign,512,1284177,2510
FN-DSA,sign,512,1288061,2511
FN-DSA,sign,512,1286479,2512
FN-DSA,sign,512,1281128,2513
FN-DSA,sign,512,1289064,2514
FN-DSA,sign,512,1287071,2515
FN-DSA,sign,512,1282185,2516
FN-DSA,sign,512,1288729,2517
FN-DSA,sign,512,1289909,2518
FN-DSA,sign,512,1279347,2519
FN-DSA,sign,512,1285081,2520
FN-DSA,sign,512,1292934,2521
FN-DSA,sign,512,1290156,2522
FN-DSA,sign,512,1286927,2523
FN-DSA,sign,512,1288717,2524
FN-DSA,sign,512,1288688,2525
FN-DSA,sign,512,1281477,2526
FN-DSA,sign,512,1283430,2527
FN-DSA,sign,512,1282607,2528
FN-DSA,sign,512,1290489,2529
FN-DSA,sign,512,1281188,2530
FN-DSA,sign,512,1287119,2531
FN-DSA,sign,512,1290966,2532
FN-DSA,sign,512,1287891,2533
FN-DSA,sign,512,1288517,2534
FN-DSA,sign,512,1283914,2535
FN-DSA,sign,512,1289076,2536
FN-DSA,sign,512,1288297,2537
FN-DSA,sign,512,1288845,2538
FN-DSA,sign,512,1283526,2539
FN-DSA,sign,512,1286940,2540
FN-DSA,sign,512,1282385,2541
FN-DSA,sign,512,1284514,2542
FN-DSA,sign,512,1288457,2543
FN-DSA,sign,512,1290049,2544
FN-DSA,sign,512,1287067,2545
FN-DSA,sign,512,1285069,2546
FN-DSA,sign,512,1289604,2547
FN-DSA,sign,512,1288571,2548
FN-DSA,sign,512,1289845,2549
FN-DSA,sign,512,1291560,2550
FN-DSA,sign,512,1286185,2551
FN-DSA,sign,512,1289152,2552
FN-DSA,sign,512,1287903,2553
FN-DSA,sign,512,1280342,2554
FN-DSA,sign,512,1289003,2555
FN-DSA,sign,512,1278916,2556
FN-DSA,sign,512,1284270,2557
FN-DSA,sign,512,1288092,2558
FN-DSA,sign,512,1282314,2559
FN-DSA,sign,512,1290568,2560
FN-DSA,sign,512,1289391,2561
FN-DSA,sign,512,1287190,2562
FN-DSA,sign,512,1287230,2563
FN-DSA,sign,512,1282695,2564
FN-DSA,sign,512,1289550,2565
FN-DSA,sign,512,1283458,2566
FN-DSA,sign,512,1284507,2567
FN-DSA,sign,512,1286346,2568
FN-DSA,sign,512,1285778,2569
FN-DSA,sign,512,1285067,2570
FN-DSA,sign,512,1286979,2571
FN-DSA,sign,512,1281574,2572
FN-DSA,sign,512,1285632,2573
FN-DSA,sign,512,1286964,2574
FN-DSA,sign,512,1283946,2575
FN-DSA,sign,512,1286263,2576
FN-DSA,sign,512,1285482,2577
FN-DSA,sign,512,1282720,2578
FN-DSA,sign,512,1282505,2579
FN-DSA,sign,512,1289486,2580
FN-DSA,sign,512,1289617,2581
FN-DSA,sign,512,1287806,2582
FN-DSA,sign,512,1284773,2583
FN-DSA,sign,512,1288228,2584
FN-DSA,sign,512,1288713,2585
FN-DSA,sign,512,1287367,2586
FN-DSA,sign,512,1285731,2587
FN-DSA,sign,512,1288830,2588
FN-DSA,sign,512,1284707,2589
FN-DSA,sign,512,1288675,2590
FN-DSA,sign,512,1289740,2591
FN-DSA,sign,512,1288428,2592
FN-DSA,sign,512,1285516,2593
FN-DSA,sign,512,1281023,2594
FN-DSA,sign,512,1285486,2595
FN-DSA,sign,512,1286642,2596
FN-DSA,sign,512,1289680,2597
FN-DSA,sign,512,1289621,2598
FN-DSA,sign,512,1288661,2599
FN-DSA,sign,512,1287091,2600
FN-DSA,sign,512,1285351,2601
FN-DSA,sign,512,1284435,2602
FN-DSA,sign,512,1287295,2603
FN-DSA,sign,512,1283957,2604
FN-DSA,sign,512,1288370,2605
FN-DSA,sign,512,1289751,2606
FN-DSA,sign,512,1284273,2607
FN-DSA,sign,512,1285522,2608
FN-DSA,sign,512,1286966,2609
FN-DSA,sign,512,1289255,2610
FN-DSA,sign,512,1286790,2611
FN-DSA,sign,512,1285313,2612
FN-DSA,sign,512,1289287,2613
FN-DSA,sign,512,1285445,2614
FN-DSA,sign,512,1289069,2615
FN-DSA,sign,512,1286973,2616
FN-DSA,sign,512,1285800,2617
FN-DSA,sign,512,1287259,2618
FN-DSA,sign,512,1281413,2619
FN-DSA,sign,512,1283475,2620
FN-DSA,sign,512,1280695,2621
FN-DSA,sign,512,1287327,2622
FN-DSA,sign,512,1291012,2623
FN-DSA,sign,512,1290972,2624
FN-DSA,sign,512,1288396,2625
FN-DSA,sign,512,1289287,2626
FN-DSA,sign,512,1285439,2627
FN-DSA,sign,512,1284446,2628
FN-DSA,sign,512,1285069,2629
FN-DSA,sign,512,1282768,2630
FN-DSA,sign,512,1290412,2631
FN-DSA,sign,512,1286219,2632
FN-DSA,sign,512,1288207,2633
FN-DSA,sign,512,1283869,2634
FN-DSA,sign,512,1286003,2635
FN-DSA,sign,512,1286718,2636
FN-DSA,sign,512,1288636,2637
FN-DSA,sign,512,1283815,2638
FN-DSA,sign,512,1290788,2639
FN-DSA,sign,512,1286482,2640
FN-DSA,sign,512,1288612,2641
FN-DSA,sign,512,1288340,2642
FN-DSA,sign,512,1285499,2643
FN-DSA,sign,512,1285367,2644
FN-DSA,sign,512,1282591,2645
FN-DSA,sign,512,1286750,2646
FN-DSA,sign,512,1286176,2647
FN-DSA,sign,512,1281721,2648
FN-DSA,sign,512,1286825,2649
FN-DSA,sign,512,1285453,2650
FN-DSA,sign,512,1284316,2651
FN-DSA,sign,512,1285362,2652
FN-DSA,sign,512,1282931,2653
FN-DSA,sign,512,1285049,2654
FN-DSA,sign,512,1286472,2655
FN-DSA,sign,512,1288250,2656
FN-DSA,sign,512,1286281,2657
FN-DSA,sign,512,1292790,2658
FN-DSA,sign,512,1285909,2659
FN-DSA,sign,512,1288276,2660
FN-DSA,sign,512,1288203,2661
FN-DSA,sign,512,1286023,2662
FN-DSA,sign,512,1282021,2663
FN-DSA,sign,512,1283302,2664
FN-DSA,sign,512,1285698,2665
FN-DSA,sign,512,1289258,2666
FN-DSA,sign,512,1286417,2667
FN-DSA,sign,512,1283852,2668
FN-DSA,sign,512,1290080,2669
FN-DSA,sign,512,1284325,2670
FN-DSA,sign,512,1287829,2671
FN-DSA,sign,512,1289882,2672
FN-DSA,sign,512,1283609,2673
FN-DSA,sign,512,1282656,2674
FN-DSA,sign,512,1288596,2675
FN-DSA,sign,512,1284402,2676
FN-DSA,sign,512,1286946,2677
FN-DSA,sign,512,1286656,2678
FN-DSA,sign,512,1284751,2679
FN-DSA,sign,512,1282810,2680
FN-DSA,sign,512,1289605,2681
FN-DSA,sign,512,1288143,2682
FN-DSA,sign,512,1286220,2683
FN-DSA,sign,512,1285013,2684
FN-DSA,sign,512,1290953,2685
FN-DSA,sign,512,1287253,2686
FN-DSA,sign,512,1281241,2687
FN-DSA,sign,512,1283686,2688
FN-DSA,sign,512,1288590,2689
FN-DSA,sign,512,1282944,2690
FN-DSA,sign,512,1285465,2691
FN-DSA,sign,512,1283743,2692
FN-DSA,sign,512,1281095,2693
FN-DSA,sign,512,1287273,2694
FN-DSA,sign,512,1285474,2695
FN-DSA,sign,512,1288350,2696
FN-DSA,sign,512,1287224,2697
FN-DSA,sign,512,1286169,2698
FN-DSA,sign,512,1282633,2699
FN-DSA,sign,512,1288965,2700
FN-DSA,sign,512,1289273,2701
FN-DSA,sign,512,1283872,2702
FN-DSA,sign,512,1287902,2703
FN-DSA,sign,512,1284867,2704
FN-DSA,sign,512,1285657,2705
FN-DSA,sign,512,1288932,2706
FN-DSA,sign,512,1280977,2707
FN-DSA,sign,512,1287438,2708
FN-DSA,sign,512,1288869,2709
FN-DSA,sign,512,1285576,2710
FN-DSA,sign,512,1283545,2711
FN-DSA,sign,512,1287231,2712
FN-DSA,sign,512,1281337,2713
FN-DSA,sign,512,1288316,2714
FN-DSA,sign,512,1285989,2715
FN-DSA,sign,512,1288049,2716
FN-DSA,sign,512,1287962,2717
FN-DSA,sign,512,1286971,2718
FN-DSA,sign,512,1286372,2719
FN-DSA,sign,512,1286426,2720
FN-DSA,sign,512,1285097,2721
FN-DSA,sign,512,1280924,2722
FN-DSA,sign,512,1283733,2723
FN-DSA,sign,512,1286624,2724
FN-DSA,sign,512,1291153,2725
FN-DSA,sign,512,1289366,2726
FN-DSA,sign,512,1286604,2727
FN-DSA,sign,512,1289313,2728
FN-DSA,sign,512,1289422,2729
FN-DSA,sign,512,1288433,2730
FN-DSA,sign,512,1283737,2731
FN-DSA,sign,512,1288952,2732
FN-DSA,sign,512,1283609,2733
FN-DSA,sign,512,1286610,2734
FN-DSA,sign,512,1283780,2735
FN-DSA,sign,512,1282523,2736
FN-DSA,sign,512,1285713,2737
FN-DSA,sign,512,1285368,2738
FN-DSA,sign,512,1287907,2739
FN-DSA,sign,512,1282889,2740
FN-DSA,sign,512,1287214,2741
FN-DSA,sign,512,1285528,2742
FN-DSA,sign,512,1288727,2743
FN-DSA,sign,512,1285701,2744
FN-DSA,sign,512,1289238,2745
FN-DSA,sign,512,1282932,2746
FN-DSA,sign,512,1284882,2747
FN-DSA,sign,512,1286891,2748
FN-DSA,sign,512,1282060,2749
FN-DSA,sign,512,1282831,2750
FN-DSA,sign,512,1288502,2751
FN-DSA,sign,512,1281480,2752
FN-DSA,sign,512,1286980,2753
FN-DSA,sign,512,1282674,2754
FN-DSA,sign,512,1286085,2755
FN-DSA,sign,512,1290346,2756
FN-DSA,sign,512,1283656,2757
FN-DSA,sign,512,1288284,2758
FN-DSA,sign,512,1284260,2759
FN-DSA,sign,512,1290373,2760
FN-DSA,sign,512,1281238,2761
FN-DSA,sign,512,1287370,2762
FN-DSA,sign,512,1286052,2763
FN-DSA,sign,512,1283085,2764
FN-DSA,sign,512,1288025,2765
FN-DSA,sign,512,1288833,2766
FN-DSA,sign,512,1288949,2767
FN-DSA,sign,512,1285076,2768
FN-DSA,sign,512,1289460,2769
FN-DSA,sign,512,1288067,2770
FN-DSA,sign,512,1285280,2771
FN-DSA,sign,512,1281415,2772
FN-DSA,sign,512,1286906,2773
FN-DSA,sign,512,1286712,2774
FN-DSA,sign,512,1287896,2775
FN-DSA,sign,512,1282537,2776
FN-DSA,sign,512,1287400,2777
FN-DSA,sign,512,1284589,2778
FN-DSA,sign,512,1282720,2779
FN-DSA,sign,512,1288064,2780
FN-DSA,sign,512,1287465,2781
FN-DSA,sign,512,1283066,2782
FN-DSA,sign,512,1284374,2783
FN-DSA,sign,512,1291615,2784
FN-DSA,sign,512,1287041,2785
FN-DSA,sign,512,1286432,2786
FN-DSA,sign,512,1293286,2787
FN-DSA,sign,512,1285929,2788
FN-DSA,sign,512,1285553,2789
FN-DSA,sign,512,1294673,2790
FN-DSA,sign,512,1282679,2791
FN-DSA,sign,512,1290180,2792
FN-DSA,sign,512,1284490,2793
FN-DSA,sign,512,1289264,2794
FN-DSA,sign,512,1288355,2795
FN-DSA,sign,512,1287933,2796
FN-DSA,sign,512,1281603,2797
FN-DSA,sign,512,1288364,2798
FN-DSA,sign,512,1280008,2799
FN-DSA,sign,512,1284552,2800
FN-DSA,sign,512,1286675,2801
FN-DSA,sign,512,1288058,2802
FN-DSA,sign,512,1284966,2803
FN-DSA,sign,512,1287638,2804
FN-DSA,sign,512,1286733,2805
FN-DSA,sign,512,1289910,2806
FN-DSA,sign,512,1283432,2807
FN-DSA,sign,512,1287922,2808
FN-DSA,sign,512,1288925,2809
FN-DSA,sign,512,1287213,2810
FN-DSA,sign,512,1283363,2811
FN-DSA,sign,512,1284816,2812
FN-DSA,sign,512,1284916,2813
FN-DSA,sign,512,1285471,2814
FN-DSA,sign,512,1288069,2815
FN-DSA,sign,512,1285543,2816
FN-DSA,sign,512,1289632,2817
FN-DSA,sign,512,1291020,2818
FN-DSA,sign,512,1291643,2819
FN-DSA,sign,512,1286260,2820
FN-DSA,sign,512,1283716,2821
FN-DSA,sign,512,1282914,2822
FN-DSA,sign,512,1288531,2823
FN-DSA,sign,512,1288243,2824
FN-DSA,sign,512,1287338,2825
FN-DSA,sign,512,1284249,2826
FN-DSA,sign,512,1283389,2827
FN-DSA,sign,512,1292426,2828
FN-DSA,sign,512,1280882,2829
FN-DSA,sign,512,1285877,2830
FN-DSA,sign,512,1284234,2831
FN-DSA,sign,512,1286640,2832
FN-DSA,sign,512,1289595,2833
FN-DSA,sign,512,1286059,2834
FN-DSA,sign,512,1283316,2835
FN-DSA,sign,512,1286263,2836
FN-DSA,sign,512,1286411,2837
FN-DSA,sign,512,1285226,2838
FN-DSA,sign,512,1282268,2839
FN-DSA,sign,512,1286501,2840
FN-DSA,sign,512,1286359,2841
FN-DSA,sign,512,1283487,2842
FN-DSA,sign,512,1283444,2843
FN-DSA,sign,512,1284389,2844
FN-DSA,sign,512,1287067,2845
FN-DSA,sign,512,1285768,2846
FN-DSA,sign,512,1288285,2847
FN-DSA,sign,512,1287762,2848
FN-DSA,sign,512,1283272,2849
FN-DSA,sign,512,1281703,2850
FN-DSA,sign,512,1288594,2851
FN-DSA,sign,512,1283540,2852
FN-DSA,sign,512,1289711,2853
FN-DSA,sign,512,1289437,2854
FN-DSA,sign,512,1285594,2855
FN-DSA,sign,512,1281017,2856
FN-DSA,sign,512,1288728,2857
FN-DSA,sign,512,1280624,2858
FN-DSA,sign,512,1284177,2859
FN-DSA,sign,512,1288414,2860
FN-DSA,sign,512,1278895,2861
FN-DSA,sign,512,1286132,2862
FN-DSA,sign,512,1288366,2863
FN-DSA,sign,512,1287121,2864
FN-DSA,sign,512,1290262,2865
FN-DSA,sign,512,1285692,2866
FN-DSA,sign,512,1283684,2867
FN-DSA,sign,512,1290866,2868
FN-DSA,sign,512,1288257,2869
FN-DSA,sign,512,1285752,2870
FN-DSA,sign,512,1286040,2871
FN-DSA,sign,512,1283015,2872
FN-DSA,sign,512,1287831,2873
FN-DSA,sign,512,1284796,2874
FN-DSA,sign,512,1288767,2875
FN-DSA,sign,512,1286151,2876
FN-DSA,sign,512,1288304,2877
FN-DSA,sign,512,1290177,2878
FN-DSA,sign,512,1283910,2879
FN-DSA,sign,512,1289629,2880
FN-DSA,sign,512,1285024,2881
FN-DSA,sign,512,1295045,2882
FN-DSA,sign,512,1287245,2883
FN-DSA,sign,512,1283189,2884
FN-DSA,sign,512,1290714,2885
FN-DSA,sign,512,1285890,2886
FN-DSA,sign,512,1289765,2887
FN-DSA,sign,512,1279931,2888
FN-DSA,sign,512,1284998,2889
FN-DSA,sign,512,1284747,2890
FN-DSA,sign,512,1289746,2891
FN-DSA,sign,512,1290932,2892
FN-DSA,sign,512,1285686,2893
FN-DSA,sign,512,1282946,2894
FN-DSA,sign,512,1285942,2895
FN-DSA,sign,512,1282015,2896
FN-DSA,sign,512,1286447,2897
FN-DSA,sign,512,1286779,2898
FN-DSA,sign,512,1282302,2899
FN-DSA,sign,512,1287465,2900
FN-DSA,sign,512,1284816,2901
FN-DSA,sign,512,1289158,2902
FN-DSA,sign,512,1285746,2903
FN-DSA,sign,512,1287027,2904
FN-DSA,sign,512,1292010,2905
FN-DSA,sign,512,1288331,2906
FN-DSA,sign,512,1285515,2907
FN-DSA,sign,512,1287881,2908
FN-DSA,sign,512,1285198,2909
FN-DSA,sign,512,1285290,2910
FN-DSA,sign,512,1289059,2911
FN-DSA,sign,512,1286663,2912
FN-DSA,sign,512,1288754,2913
FN-DSA,sign,512,1283630,2914
FN-DSA,sign,512,1280691,2915
FN-DSA,sign,512,1286488,2916
FN-DSA,sign,512,1278580,2917
FN-DSA,sign,512,1285528,2918
FN-DSA,sign,512,1283441,2919
FN-DSA,sign,512,1293450,2920
FN-DSA,sign,512,1282222,2921
FN-DSA,sign,512,1290050,2922
FN-DSA,sign,512,1283823,2923
FN-DSA,sign,512,1287356,2924
FN-DSA,sign,512,1288588,2925
FN-DSA,sign,512,1288398,2926
FN-DSA,sign,512,1284736,2927
FN-DSA,sign,512,1284912,2928
FN-DSA,sign,512,1285186,2929
FN-DSA,sign,512,1285291,2930
FN-DSA,sign,512,1285276,2931
FN-DSA,sign,512,1292895,2932
FN-DSA,sign,512,1284582,2933
FN-DSA,sign,512,1289609,2934
FN-DSA,sign,512,1285851,2935
FN-DSA,sign,512,1288914,2936
FN-DSA,sign,512,1284282,2937
FN-DSA,sign,512,1290354,2938
FN-DSA,sign,512,1281359,2939
FN-DSA,sign,512,1284319,2940
FN-DSA,sign,512,1288859,2941
FN-DSA,sign,512,1289339,2942
FN-DSA,sign,512,1282157,2943
FN-DSA,sign,512,1287179,2944
FN-DSA,sign,512,1286716,2945
FN-DSA,sign,512,1289450,2946
FN-DSA,sign,512,1282981,2947
FN-DSA,sign,512,1285551,2948
FN-DSA,sign,512,1290447,2949
FN-DSA,sign,512,1288450,2950
FN-DSA,sign,512,1287450,2951
FN-DSA,sign,512,1285467,2952
FN-DSA,sign,512,1285318,2953
FN-DSA,sign,512,1281866,2954
FN-DSA,sign,512,1281729,2955
FN-DSA,sign,512,1284503,2956
FN-DSA,sign,512,1284658,2957
FN-DSA,sign,512,1289524,2958
FN-DSA,sign,512,1287166,2959
FN-DSA,sign,512,1285462,2960
FN-DSA,sign,512,1285557,2961
FN-DSA,sign,512,1284305,2962
FN-DSA,sign,512,1288697,2963
FN-DSA,sign,512,1285925,2964
FN-DSA,sign,512,1288337,2965
FN-DSA,sign,512,1285161,2966
FN-DSA,sign,512,1287472,2967
FN-DSA,sign,512,1284338,2968
FN-DSA,sign,512,1286338,2969
FN-DSA,sign,512,1289057,2970
FN-DSA,sign,512,1286759,2971
FN-DSA,sign,512,1285928,2972
FN-DSA,sign,512,1289408,2973
FN-DSA,sign,512,1283802,2974
FN-DSA,sign,512,1284306,2975
FN-DSA,sign,512,1285311,2976
FN-DSA,sign,512,1286786,2977
FN-DSA,sign,512,1289231,2978
FN-DSA,sign,512,1284784,2979
FN-DSA,sign,512,1290324,2980
FN-DSA,sign,512,1288769,2981
FN-DSA,sign,512,1286467,2982
FN-DSA,sign,512,1290192,2983
FN-DSA,sign,512,1279502,2984
FN-DSA,sign,512,1282503,2985
FN-DSA,sign,512,1291530,2986
FN-DSA,sign,512,1282795,2987
FN-DSA,sign,512,1293372,2988
FN-DSA,sign,512,1283453,2989
FN-DSA,sign,512,1285320,2990
FN-DSA,sign,512,1280665,2991
FN-DSA,sign,512,1283459,2992
FN-DSA,sign,512,1279593,2993
FN-DSA,sign,512,1286429,2994
FN-DSA,sign,512,1286045,2995
FN-DSA,sign,512,1286072,2996
FN-DSA,sign,512,1286173,2997
FN-DSA,sign,512,1282168,2998
FN-DSA,sign,512,1287226,2999
FN-DSA,sign,512,1283821,3000
FN-DSA,sign,512,1288947,3001
FN-DSA,sign,512,1282384,3002
FN-DSA,sign,512,1291005,3003
FN-DSA,sign,512,1287542,3004
FN-DSA,sign,512,1285743,3005
FN-DSA,sign,512,1285397,3006
FN-DSA,sign,512,1286522,3007
FN-DSA,sign,512,1283932,3008
FN-DSA,sign,512,1290845,3009
FN-DSA,sign,512,1286633,3010
FN-DSA,sign,512,1285826,3011
FN-DSA,sign,512,1286871,3012
FN-DSA,sign,512,1283269,3013
FN-DSA,sign,512,1286294,3014
FN-DSA,sign,512,1284921,3015
FN-DSA,sign,512,1290688,3016
FN-DSA,sign,512,1286858,3017
FN-DSA,sign,512,1287915,3018
FN-DSA,sign,512,1284913,3019
FN-DSA,sign,512,1285826,3020
FN-DSA,sign,512,1293116,3021
FN-DSA,sign,512,1283189,3022
FN-DSA,sign,512,1285546,3023
FN-DSA,sign,512,1282249,3024
FN-DSA,sign,512,1288584,3025
FN-DSA,sign,512,1290335,3026
FN-DSA,sign,512,1283565,3027
FN-DSA,sign,512,1285215,3028
FN-DSA,sign,512,1284443,3029
FN-DSA,sign,512,1286514,3030
FN-DSA,sign,512,1283162,3031
FN-DSA,sign,512,1286898,3032
FN-DSA,sign,512,1282756,3033
FN-DSA,sign,512,1284780,3034
FN-DSA,sign,512,1285155,3035
FN-DSA,sign,512,1282239,3036
FN-DSA,sign,512,1287552,3037
FN-DSA,sign,512,1282698,3038
FN-DSA,sign,512,1288226,3039
FN-DSA,sign,512,1288421,3040
FN-DSA,sign,512,1282025,3041
FN-DSA,sign,512,1287914,3042
FN-DSA,sign,512,1281225,3043
FN-DSA,sign,512,1287815,3044
FN-DSA,sign,512,1284622,3045
FN-DSA,sign,512,1283375,3046
FN-DSA,sign,512,1286872,3047
FN-DSA,sign,512,1287388,3048
FN-DSA,sign,512,1286015,3049
FN-DSA,sign,512,1285322,3050
FN-DSA,sign,512,1283196,3051
FN-DSA,sign,512,1288622,3052
FN-DSA,sign,512,1283202,3053
FN-DSA,sign,512,1282036,3054
FN-DSA,sign,512,1289787,3055
FN-DSA,sign,512,1290643,3056
FN-DSA,sign,512,1285821,3057
FN-DSA,sign,512,1292604,3058
FN-DSA,sign,512,1287244,3059
FN-DSA,sign,512,1289012,3060
FN-DSA,sign,512,1290831,3061
FN-DSA,sign,512,1290350,3062
FN-DSA,sign,512,1292860,3063
FN-DSA,sign,512,1281766,3064
FN-DSA,sign,512,1286255,3065
FN-DSA,sign,512,1286221,3066
FN-DSA,sign,512,1285650,3067
FN-DSA,sign,512,1287030,3068
FN-DSA,sign,512,1283107,3069
FN-DSA,sign,512,1284399,3070
FN-DSA,sign,512,1281270,3071
FN-DSA,sign,512,1286150,3072
FN-DSA,sign,512,1289828,3073
FN-DSA,sign,512,1284626,3074
FN-DSA,sign,512,1286922,3075
FN-DSA,sign,512,1288390,3076
FN-DSA,sign,512,1288515,3077
FN-DSA,sign,512,1283842,3078
FN-DSA,sign,512,1289014,3079
FN-DSA,sign,512,1287134,3080
FN-DSA,sign,512,1285581,3081
FN-DSA,sign,512,1286097,3082
FN-DSA,sign,512,1286768,3083
FN-DSA,sign,512,1285590,3084
FN-DSA,sign,512,1285090,3085
FN-DSA,sign,512,1285429,3086
FN-DSA,sign,512,1286154,3087
FN-DSA,sign,512,1289555,3088
FN-DSA,sign,512,1289811,3089
FN-DSA,sign,512,1283286,3090
FN-DSA,sign,512,1291841,3091
FN-DSA,sign,512,1286677,3092
FN-DSA,sign,512,1291648,3093
FN-DSA,sign,512,1288343,3094
FN-DSA,sign,512,1286303,3095
FN-DSA,sign,512,1289727,3096
FN-DSA,sign,512,1284886,3097
FN-DSA,sign,512,1286485,3098
FN-DSA,sign,512,1287012,3099
FN-DSA,sign,512,1281076,3100
FN-DSA,sign,512,1289156,3101
FN-DSA,sign,512,1285848,3102
FN-DSA,sign,512,1291780,3103
FN-DSA,sign,512,1287000,3104
FN-DSA,sign,512,1286058,3105
FN-DSA,sign,512,1284951,3106
FN-DSA,sign,512,1287275,3107
FN-DSA,sign,512,1285799,3108
FN-DSA,sign,512,1292957,3109
FN-DSA,sign,512,1286471,3110
FN-DSA,sign,512,1287466,3111
FN-DSA,sign,512,1284316,3112
FN-DSA,sign,512,1288223,3113
FN-DSA,sign,512,1283894,3114
FN-DSA,sign,512,1284373,3115
FN-DSA,sign,512,1285495,3116
FN-DSA,sign,512,1288218,3117
FN-DSA,sign,512,1285938,3118
FN-DSA,sign,512,1286377,3119
FN-DSA,sign,512,1287247,3120
FN-DSA,sign,512,1285898,3121
FN-DSA,sign,512,1283818,3122
FN-DSA,sign,512,1292022,3123
FN-DSA,sign,512,1287653,3124
FN-DSA,sign,512,1285647,3125
FN-DSA,sign,512,1287183,3126
FN-DSA,sign,512,1292110,3127
FN-DSA,sign,512,1295399,3128
FN-DSA,sign,512,1284216,3129
FN-DSA,sign,512,1289166,3130
FN-DSA,sign,512,1283068,3131
FN-DSA,sign,512,1284700,3132
FN-DSA,sign,512,1290830,3133
FN-DSA,sign,512,1280881,3134
FN-DSA,sign,512,1288911,3135
FN-DSA,sign,512,1290900,3136
FN-DSA,sign,512,1287221,3137
FN-DSA,sign,512,1285807,3138
FN-DSA,sign,512,1285950,3139
FN-DSA,sign,512,1280981,3140
FN-DSA,sign,512,1289022,3141
FN-DSA,sign,512,1290532,3142
FN-DSA,sign,512,1287515,3143
FN-DSA,sign,512,1285583,3144
FN-DSA,sign,512,1281009,3145
FN-DSA,sign,512,1285799,3146
FN-DSA,sign,512,1289073,3147
FN-DSA,sign,512,1283534,3148
FN-DSA,sign,512,1292389,3149
FN-DSA,sign,512,1281858,3150
FN-DSA,sign,512,1282061,3151
FN-DSA,sign,512,1284688,3152
FN-DSA,sign,512,1286847,3153
FN-DSA,sign,512,1288043,3154
FN-DSA,sign,512,1283875,3155
FN-DSA,sign,512,1287066,3156
FN-DSA,sign,512,1285315,3157
FN-DSA,sign,512,1286649,3158
FN-DSA,sign,512,1285358,3159
FN-DSA,sign,512,1287181,3160
FN-DSA,sign,512,1285230,3161
FN-DSA,sign,512,1287862,3162
FN-DSA,sign,512,1289888,3163
FN-DSA,sign,512,1289290,3164
FN-DSA,sign,512,1284871,3165
FN-DSA,sign,512,1286568,3166
FN-DSA,sign,512,1283099,3167
FN-DSA,sign,512,1285401,3168
FN-DSA,sign,512,1292927,3169
FN-DSA,sign,512,1286013,3170
FN-DSA,sign,512,1286726,3171
FN-DSA,sign,512,1286663,3172
FN-DSA,sign,512,1289343,3173
FN-DSA,sign,512,1286337,3174
FN-DSA,sign,512,1294178,3175
FN-DSA,sign,512,1285099,3176
FN-DSA,sign,512,1283410,3177
FN-DSA,sign,512,1289506,3178
FN-DSA,sign,512,1285961,3179
FN-DSA,sign,512,1283658,3180
FN-DSA,sign,512,1286814,3181
FN-DSA,sign,512,1283196,3182
FN-DSA,sign,512,1286889,3183
FN-DSA,sign,512,1284996,3184
FN-DSA,sign,512,1288321,3185
FN-DSA,sign,512,1288092,3186
FN-DSA,sign,512,1282556,3187
FN-DSA,sign,512,1285702,3188
FN-DSA,sign,512,1289500,3189
FN-DSA,sign,512,1293567,3190
FN-DSA,sign,512,1290973,3191
FN-DSA,sign,512,1288315,3192
FN-DSA,sign,512,1283468,3193
FN-DSA,sign,512,1288651,3194
FN-DSA,sign,512,1286168,3195
FN-DSA,sign,512,1284645,3196
FN-DSA,sign,512,1285654,3197
FN-DSA,sign,512,1285460,3198
FN-DSA,sign,512,1286561,3199
FN-DSA,sign,512,1284377,3200
FN-DSA,sign,512,1279905,3201
FN-DSA,sign,512,1287242,3202
FN-DSA,sign,512,1286967,3203
FN-DSA,sign,512,1283351,3204
FN-DSA,sign,512,1291727,3205
FN-DSA,sign,512,1283833,3206
FN-DSA,sign,512,1288637,3207
FN-DSA,sign,512,1292841,3208
FN-DSA,sign,512,1284457,3209
FN-DSA,sign,512,1284283,3210
FN-DSA,sign,512,1284788,3211
FN-DSA,sign,512,1288831,3212
FN-DSA,sign,512,1288376,3213
FN-DSA,sign,512,1288139,3214
FN-DSA,sign,512,1285206,3215
FN-DSA,sign,512,1288078,3216
FN-DSA,sign,512,1289645,3217
FN-DSA,sign,512,1288210,3218
FN-DSA,sign,512,1289859,3219
FN-DSA,sign,512,1284240,3220
FN-DSA,sign,512,1289476,3221
FN-DSA,sign,512,1288656,3222
FN-DSA,sign,512,1282837,3223
FN-DSA,sign,512,1288934,3224
FN-DSA,sign,512,1284902,3225
FN-DSA,sign,512,1290179,3226
FN-DSA,sign,512,1288715,3227
FN-DSA,sign,512,1290467,3228
FN-DSA,sign,512,1285042,3229
FN-DSA,sign,512,1286882,3230
FN-DSA,sign,512,1288857,3231
FN-DSA,sign,512,1285323,3232
FN-DSA,sign,512,1288270,3233
FN-DSA,sign,512,1287013,3234
FN-DSA,sign,512,1292390,3235
FN-DSA,sign,512,1288016,3236
FN-DSA,sign,512,1290014,3237
FN-DSA,sign,512,1284983,3238
FN-DSA,sign,512,1288138,3239
FN-DSA,sign,512,1286376,3240
FN-DSA,sign,512,1293265,3241
FN-DSA,sign,512,1286033,3242
FN-DSA,sign,512,1286348,3243
FN-DSA,sign,512,1286152,3244
FN-DSA,sign,512,1293802,3245
FN-DSA,sign,512,1287984,3246
FN-DSA,sign,512,1295996,3247
FN-DSA,sign,512,1286825,3248
FN-DSA,sign,512,1282830,3249
FN-DSA,sign,512,1284213,3250
FN-DSA,sign,512,1287913,3251
FN-DSA,sign,512,1288753,3252
FN-DSA,sign,512,1283425,3253
FN-DSA,sign,512,1283782,3254
FN-DSA,sign,512,1283016,3255
FN-DSA,sign,512,1291649,3256
FN-DSA,sign,512,1285923,3257
FN-DSA,sign,512,1289452,3258
FN-DSA,sign,512,1285201,3259
FN-DSA,sign,512,1285960,3260
FN-DSA,sign,512,1282448,3261
FN-DSA,sign,512,1281900,3262
FN-DSA,sign,512,1285268,3263
FN-DSA,sign,512,1285634,3264
FN-DSA,sign,512,1285938,3265
FN-DSA,sign,512,1282999,3266
FN-DSA,sign,512,1282822,3267
FN-DSA,sign,512,1286616,3268
FN-DSA,sign,512,1278875,3269
FN-DSA,sign,512,1281940,3270
FN-DSA,sign,512,1285584,3271
FN-DSA,sign,512,1284852,3272
FN-DSA,sign,512,1286916,3273
FN-DSA,sign,512,1287273,3274
FN-DSA,sign,512,1283407,3275
FN-DSA,sign,512,1286212,3276
FN-DSA,sign,512,1286575,3277
FN-DSA,sign,512,1287207,3278
FN-DSA,sign,512,1289417,3279
FN-DSA,sign,512,1287134,3280
FN-DSA,sign,512,1286521,3281
FN-DSA,sign,512,1289709,3282
FN-DSA,sign,512,1290227,3283
FN-DSA,sign,512,1288106,3284
FN-DSA,sign,512,1286260,3285
FN-DSA,sign,512,1284256,3286
FN-DSA,sign,512,1290626,3287
FN-DSA,sign,512,1279791,3288
FN-DSA,sign,512,1287511,3289
FN-DSA,sign,512,1283190,3290
FN-DSA,sign,512,1285500,3291
FN-DSA,sign,512,1285311,3292
FN-DSA,sign,512,1283819,3293
FN-DSA,sign,512,1288247,3294
FN-DSA,sign,512,1285094,3295
FN-DSA,sign,512,1285682,3296
FN-DSA,sign,512,1285022,3297
FN-DSA,sign,512,1292903,3298
FN-DSA,sign,512,1278611,3299
FN-DSA,sign,512,1289988,3300
FN-DSA,sign,512,1289337,3301
FN-DSA,sign,512,1287872,3302
FN-DSA,sign,512,1285633,3303
FN-DSA,sign,512,1284388,3304
FN-DSA,sign,512,1285610,3305
FN-DSA,sign,512,1287880,3306
FN-DSA,sign,512,1284266,3307
FN-DSA,sign,512,1286852,3308
FN-DSA,sign,512,1286620,3309
FN-DSA,sign,512,1290691,3310
FN-DSA,sign,512,1291675,3311
FN-DSA,sign,512,1286302,3312
FN-DSA,sign,512,1287379,3313
FN-DSA,sign,512,1283838,3314
FN-DSA,sign,512,1285227,3315
FN-DSA,sign,512,1285380,3316
FN-DSA,sign,512,1287519,3317
FN-DSA,sign,512,1287095,3318
FN-DSA,sign,512,1285400,3319
FN-DSA,sign,512,1289919,3320
FN-DSA,sign,512,1288495,3321
FN-DSA,sign,512,1290073,3322
FN-DSA,sign,512,1285263,3323
FN-DSA,sign,512,1290069,3324
FN-DSA,sign,512,1286158,3325
FN-DSA,sign,512,1284370,3326
FN-DSA,sign,512,1287201,3327
FN-DSA,sign,512,1285520,3328
FN-DSA,sign,512,1287366,3329
FN-DSA,sign,512,1283576,3330
FN-DSA,sign,512,1282779,3331
FN-DSA,sign,512,1282702,3332
FN-DSA,sign,512,1285045,3333
FN-DSA,sign,512,1285750,3334
FN-DSA,sign,512,1288271,3335
FN-DSA,sign,512,1287257,3336
FN-DSA,sign,512,1281292,3337
FN-DSA,sign,512,1288403,3338
FN-DSA,sign,512,1289981,3339
FN-DSA,sign,512,1287534,3340
FN-DSA,sign,512,1287512,3341
FN-DSA,sign,512,1287503,3342
FN-DSA,sign,512,1285705,3343
FN-DSA,sign,512,1290720,3344
FN-DSA,sign,512,1285225,3345
FN-DSA,sign,512,1285752,3346
FN-DSA,sign,512,1285723,3347
FN-DSA,sign,512,1287291,3348
FN-DSA,sign,512,1283785,3349
FN-DSA,sign,512,1285279,3350
FN-DSA,sign,512,1289799,3351
FN-DSA,sign,512,1282771,3352
FN-DSA,sign,512,1288915,3353
FN-DSA,sign,512,1287468,3354
FN-DSA,sign,512,1288013,3355
FN-DSA,sign,512,1286904,3356
FN-DSA,sign,512,1289440,3357
FN-DSA,sign,512,1288088,3358
FN-DSA,sign,512,1285466,3359
FN-DSA,sign,512,1283016,3360
FN-DSA,sign,512,1284363,3361
FN-DSA,sign,512,1286268,3362
FN-DSA,sign,512,1288334,3363
FN-DSA,sign,512,1289231,3364
FN-DSA,sign,512,1286169,3365
FN-DSA,sign,512,1284927,3366
FN-DSA,sign,512,1287444,3367
FN-DSA,sign,512,1281511,3368
FN-DSA,sign,512,1291545,3369
FN-DSA,sign,512,1289431,3370
FN-DSA,sign,512,1283728,3371
FN-DSA,sign,512,1288262,3372
FN-DSA,sign,512,1289257,3373
FN-DSA,sign,512,1286069,3374
FN-DSA,sign,512,1282513,3375
FN-DSA,sign,512,1285095,3376
FN-DSA,sign,512,1288051,3377
FN-DSA,sign,512,1288661,3378
FN-DSA,sign,512,1284915,3379
FN-DSA,sign,512,1282238,3380
FN-DSA,sign,512,1288024,3381
FN-DSA,sign,512,1285484,3382
FN-DSA,sign,512,1289385,3383
FN-DSA,sign,512,1282914,3384
FN-DSA,sign,512,1285913,3385
FN-DSA,sign,512,1286052,3386
FN-DSA,sign,512,1288294,3387
FN-DSA,sign,512,1289186,3388
FN-DSA,sign,512,1283162,3389
FN-DSA,sign,512,1286811,3390
FN-DSA,sign,512,1282531,3391
FN-DSA,sign,512,1283057,3392
FN-DSA,sign,512,1286139,3393
FN-DSA,sign,512,1285216,3394
FN-DSA,sign,512,1287083,3395
FN-DSA,sign,512,1285228,3396
FN-DSA,sign,512,1282668,3397
FN-DSA,sign,512,1286736,3398
FN-DSA,sign,512,1289266,3399
FN-DSA,sign,512,1284300,3400
FN-DSA,sign,512,1286726,3401
FN-DSA,sign,512,1288757,3402
FN-DSA,sign,512,1285596,3403
FN-DSA,sign,512,1288334,3404
FN-DSA,sign,512,1285507,3405
FN-DSA,sign,512,1287488,3406
FN-DSA,sign,512,1288681,3407
FN-DSA,sign,512,1282602,3408
FN-DSA,sign,512,1286351,3409
FN-DSA,sign,512,1285285,3410
FN-DSA,sign,512,1282424,3411
FN-DSA,sign,512,1282208,3412
FN-DSA,sign,512,1284905,3413
FN-DSA,sign,512,1284247,3414
FN-DSA,sign,512,1286616,3415
FN-DSA,sign,512,1288079,3416
FN-DSA,sign,512,1287016,3417
FN-DSA,sign,512,1284977,3418
FN-DSA,sign,512,1284788,3419
FN-DSA,sign,512,1282519,3420
FN-DSA,sign,512,1287364,3421
FN-DSA,sign,512,1282177,3422
FN-DSA,sign,512,1288742,3423
FN-DSA,sign,512,1281005,3424
FN-DSA,sign,512,1281897,3425
FN-DSA,sign,512,1284594,3426
FN-DSA,sign,512,1285625,3427
FN-DSA,sign,512,1287920,3428
FN-DSA,sign,512,1283817,3429
FN-DSA,sign,512,1284454,3430
FN-DSA,sign,512,1283029,3431
FN-DSA,sign,512,1284758,3432
FN-DSA,sign,512,1289313,3433
FN-DSA,sign,512,1286832,3434
FN-DSA,sign,512,1286118,3435
FN-DSA,sign,512,1285258,3436
FN-DSA,sign,512,1287488,3437
FN-DSA,sign,512,1290884,3438
FN-DSA,sign,512,1288297,3439
FN-DSA,sign,512,1289897,3440
FN-DSA,sign,512,1286784,3441
FN-DSA,sign,512,1283732,3442
FN-DSA,sign,512,1284815,3443
FN-DSA,sign,512,1282716,3444
FN-DSA,sign,512,1288400,3445
FN-DSA,sign,512,1282072,3446
FN-DSA,sign,512,1285976,3447
FN-DSA,sign,512,1283701,3448
FN-DSA,sign,512,1285317,3449
FN-DSA,sign,512,1283503,3450
FN-DSA,sign,512,1286843,3451
FN-DSA,sign,512,1295637,3452
FN-DSA,sign,512,1284634,3453
FN-DSA,sign,512,1287564,3454
FN-DSA,sign,512,1281039,3455
FN-DSA,sign,512,1281361,3456
FN-DSA,sign,512,1289883,3457
FN-DSA,sign,512,1290175,3458
FN-DSA,sign,512,1285519,3459
FN-DSA,sign,512,1286892,3460
FN-DSA,sign,512,1283845,3461
FN-DSA,sign,512,1288848,3462
FN-DSA,sign,512,1288410,3463
FN-DSA,sign,512,1284201,3464
FN-DSA,sign,512,1285585,3465
FN-DSA,sign,512,1283016,3466
FN-DSA,sign,512,1281278,3467
FN-DSA,sign,512,1291978,3468
FN-DSA,sign,512,1283172,3469
FN-DSA,sign,512,1284572,3470
FN-DSA,sign,512,1289909,3471
FN-DSA,sign,512,1285900,3472
FN-DSA,sign,512,1288499,3473
FN-DSA,sign,512,1290249,3474
FN-DSA,sign,512,1285129,3475
FN-DSA,sign,512,1285175,3476
FN-DSA,sign,512,1285038,3477
FN-DSA,sign,512,1288049,3478
FN-DSA,sign,512,1286659,3479
FN-DSA,sign,512,1292877,3480
FN-DSA,sign,512,1286288,3481
FN-DSA,sign,512,1283113,3482
FN-DSA,sign,512,1285912,3483
FN-DSA,sign,512,1289745,3484
FN-DSA,sign,512,1283844,3485
FN-DSA,sign,512,1286161,3486
FN-DSA,sign,512,1283917,3487
FN-DSA,sign,512,1286884,3488
FN-DSA,sign,512,1282445,3489
FN-DSA,sign,512,1281424,3490
FN-DSA,sign,512,1284307,3491
FN-DSA,sign,512,1285211,3492
FN-DSA,sign,512,1284960,3493
FN-DSA,sign,512,1285401,3494
FN-DSA,sign,512,1283342,3495
FN-DSA,sign,512,1285469,3496
FN-DSA,sign,512,1286129,3497
FN-DSA,sign,512,1286404,3498
FN-DSA,sign,512,1282316,3499
FN-DSA,sign,512,1283123,3500
FN-DSA,sign,512,1291610,3501
FN-DSA,sign,512,1284983,3502
FN-DSA,sign,512,1286073,3503
FN-DSA,sign,512,1283793,3504
FN-DSA,sign,512,1282339,3505
FN-DSA,sign,512,1285436,3506
FN-DSA,sign,512,1284986,3507
FN-DSA,sign,512,1285093,3508
FN-DSA,sign,512,1289804,3509
FN-DSA,sign,512,1291436,3510
FN-DSA,sign,512,1288316,3511
FN-DSA,sign,512,1287226,3512
FN-DSA,sign,512,1286833,3513
FN-DSA,sign,512,1282541,3514
FN-DSA,sign,512,1288158,3515
FN-DSA,sign,512,1288725,3516
FN-DSA,sign,512,1286209,3517
FN-DSA,sign,512,1290160,3518
FN-DSA,sign,512,1284801,3519
FN-DSA,sign,512,1287925,3520
FN-DSA,sign,512,1286328,3521
FN-DSA,sign,512,1287972,3522
FN-DSA,sign,512,1290000,3523
FN-DSA,sign,512,1285937,3524
FN-DSA,sign,512,1284966,3525
FN-DSA,sign,512,1285614,3526
FN-DSA,sign,512,1287256,3527
FN-DSA,sign,512,1287439,3528
FN-DSA,sign,512,1280838,3529
FN-DSA,sign,512,1285362,3530
FN-DSA,sign,512,1283661,3531
FN-DSA,sign,512,1285584,3532
FN-DSA,sign,512,1292964,3533
FN-DSA,sign,512,1285007,3534
FN-DSA,sign,512,1288496,3535
FN-DSA,sign,512,1289765,3536
FN-DSA,sign,512,1279812,3537
FN-DSA,sign,512,1289594,3538
FN-DSA,sign,512,1283497,3539
FN-DSA,sign,512,1286902,3540
FN-DSA,sign,512,1289341,3541
FN-DSA,sign,512,1285541,3542
FN-DSA,sign,512,1285489,3543
FN-DSA,sign,512,1290895,3544
FN-DSA,sign,512,1287596,3545
FN-DSA,sign,512,1292067,3546
FN-DSA,sign,512,1286365,3547
FN-DSA,sign,512,1284265,3548
FN-DSA,sign,512,1287500,3549
FN-DSA,sign,512,1284640,3550
FN-DSA,sign,512,1285260,3551
FN-DSA,sign,512,1288654,3552
FN-DSA,sign,512,1285238,3553
FN-DSA,sign,512,1281705,3554
FN-DSA,sign,512,1289441,3555
FN-DSA,sign,512,1291620,3556
FN-DSA,sign,512,1286366,3557
FN-DSA,sign,512,1285763,3558
FN-DSA,sign,512,1288248,3559
FN-DSA,sign,512,1289419,3560
FN-DSA,sign,512,1284560,3561
FN-DSA,sign,512,1288139,3562
FN-DSA,sign,512,1284254,3563
FN-DSA,sign,512,1283535,3564
FN-DSA,sign,512,1282826,3565
FN-DSA,sign,512,1289544,3566
FN-DSA,sign,512,1292221,3567
FN-DSA,sign,512,1280706,3568
FN-DSA,sign,512,1285801,3569
FN-DSA,sign,512,1284245,3570
FN-DSA,sign,512,1283702,3571
FN-DSA,sign,512,1285434,3572
FN-DSA,sign,512,1287411,3573
FN-DSA,sign,512,1285280,3574
FN-DSA,sign,512,1285747,3575
FN-DSA,sign,512,1285417,3576
FN-DSA,sign,512,1281885,3577
FN-DSA,sign,512,1282609,3578
FN-DSA,sign,512,1279664,3579
FN-DSA,sign,512,1288035,3580
FN-DSA,sign,512,1287466,3581
FN-DSA,sign,512,1285704,3582
FN-DSA,sign,512,1292435,3583
FN-DSA,sign,512,1287279,3584
FN-DSA,sign,512,1287327,3585
FN-DSA,sign,512,1283478,3586
FN-DSA,sign,512,1288597,3587
FN-DSA,sign,512,1287449,3588
FN-DSA,sign,512,1290695,3589
FN-DSA,sign,512,1289603,3590
FN-DSA,sign,512,1288303,3591
FN-DSA,sign,512,1284660,3592
FN-DSA,sign,512,1283834,3593
FN-DSA,sign,512,1286467,3594
FN-DSA,sign,512,1278049,3595
FN-DSA,sign,512,1282977,3596
FN-DSA,sign,512,1289750,3597
FN-DSA,sign,512,1289152,3598
FN-DSA,sign,512,1285544,3599
FN-DSA,sign,512,1282472,3600
FN-DSA,sign,512,1288560,3601
FN-DSA,sign,512,1288937,3602
FN-DSA,sign,512,1287545,3603
FN-DSA,sign,512,1283627,3604
FN-DSA,sign,512,1283846,3605
FN-DSA,sign,512,1291089,3606
FN-DSA,sign,512,1281086,3607
FN-DSA,sign,512,1285730,3608
FN-DSA,sign,512,1288281,3609
FN-DSA,sign,512,1288117,3610
FN-DSA,sign,512,1289194,3611
FN-DSA,sign,512,1283609,3612
FN-DSA,sign,512,1288442,3613
FN-DSA,sign,512,1285033,3614
FN-DSA,sign,512,1290160,3615
FN-DSA,sign,512,1290552,3616
FN-DSA,sign,512,1285332,3617
FN-DSA,sign,512,1286760,3618
FN-DSA,sign,512,1284547,3619
FN-DSA,sign,512,1284390,3620
FN-DSA,sign,512,1287361,3621
FN-DSA,sign,512,1286029,3622
FN-DSA,sign,512,1286162,3623
FN-DSA,sign,512,1284576,3624
FN-DSA,sign,512,1286535,3625
FN-DSA,sign,512,1288123,3626
FN-DSA,sign,512,1284658,3627
FN-DSA,sign,512,1286140,3628
FN-DSA,sign,512,1284524,3629
FN-DSA,sign,512,1288593,3630
FN-DSA,sign,512,1285711,3631
FN-DSA,sign,512,1284832,3632
FN-DSA,sign,512,1282372,3633
FN-DSA,sign,512,1289479,3634
FN-DSA,sign,512,1291935,3635
FN-DSA,sign,512,1283494,3636
FN-DSA,sign,512,1286283,3637
FN-DSA,sign,512,1292075,3638
FN-DSA,sign,512,1286617,3639
FN-DSA,sign,512,1287784,3640
FN-DSA,sign,512,1288096,3641
FN-DSA,sign,512,1283711,3642
FN-DSA,sign,512,1289641,3643
FN-DSA,sign,512,1286289,3644
FN-DSA,sign,512,1285019,3645
FN-DSA,sign,512,1286872,3646
FN-DSA,sign,512,1290061,3647
FN-DSA,sign,512,1286689,3648
FN-DSA,sign,512,1289014,3649
FN-DSA,sign,512,1283390,3650
FN-DSA,sign,512,1284523,3651
FN-DSA,sign,512,1283221,3652
FN-DSA,sign,512,1292891,3653
FN-DSA,sign,512,1283844,3654
FN-DSA,sign,512,1286443,3655
FN-DSA,sign,512,1283135,3656
FN-DSA,sign,512,1286860,3657
FN-DSA,sign,512,1293231,3658
FN-DSA,sign,512,1289549,3659
FN-DSA,sign,512,1284758,3660
FN-DSA,sign,512,1285268,3661
FN-DSA,sign,512,1285934,3662
FN-DSA,sign,512,1285073,3663
FN-DSA,sign,512,1283554,3664
FN-DSA,sign,512,1286827,3665
FN-DSA,sign,512,1285405,3666
FN-DSA,sign,512,1290533,3667
FN-DSA,sign,512,1280251,3668
FN-DSA,sign,512,1291576,3669
FN-DSA,sign,512,1283189,3670
FN-DSA,sign,512,1282325,3671
FN-DSA,sign,512,1288142,3672
FN-DSA,sign,512,1291603,3673
FN-DSA,sign,512,1292402,3674
FN-DSA,sign,512,1286333,3675
FN-DSA,sign,512,1286892,3676
FN-DSA,sign,512,1286874,3677
FN-DSA,sign,512,1287536,3678
FN-DSA,sign,512,1283675,3679
FN-DSA,sign,512,1287082,3680
FN-DSA,sign,512,1287375,3681
FN-DSA,sign,512,1284484,3682
FN-DSA,sign,512,1286660,3683
FN-DSA,sign,512,1286136,3684
FN-DSA,sign,512,1289477,3685
FN-DSA,sign,512,1285525,3686
FN-DSA,sign,512,1280791,3687
FN-DSA,sign,512,1284949,3688
FN-DSA,sign,512,1287485,3689
FN-DSA,sign,512,1285064,3690
FN-DSA,sign,512,1280724,3691
FN-DSA,sign,512,1285346,3692
FN-DSA,sign,512,1287133,3693
FN-DSA,sign,512,1295412,3694
FN-DSA,sign,512,1286538,3695
FN-DSA,sign,512,1288699,3696
FN-DSA,sign,512,1283033,3697
FN-DSA,sign,512,1290503,3698
FN-DSA,sign,512,1291107,3699
FN-DSA,sign,512,1289002,3700
FN-DSA,sign,512,1284595,3701
FN-DSA,sign,512,1285824,3702
FN-DSA,sign,512,1288129,3703
FN-DSA,sign,512,1283883,3704
FN-DSA,sign,512,1286952,3705
FN-DSA,sign,512,1288478,3706
FN-DSA,sign,512,1286712,3707
FN-DSA,sign,512,1281564,3708
FN-DSA,sign,512,1282676,3709
FN-DSA,sign,512,1283456,3710
FN-DSA,sign,512,1282646,3711
FN-DSA,sign,512,1288512,3712
FN-DSA,sign,512,1287816,3713
FN-DSA,sign,512,1286051,3714
FN-DSA,sign,512,1285134,3715
FN-DSA,sign,512,1284910,3716
FN-DSA,sign,512,1284761,3717
FN-DSA,sign,512,1285501,3718
FN-DSA,sign,512,1285038,3719
FN-DSA,sign,512,1286436,3720
FN-DSA,sign,512,1283377,3721
FN-DSA,sign,512,1287071,3722
FN-DSA,sign,512,1284802,3723
FN-DSA,sign,512,1286150,3724
FN-DSA,sign,512,1284505,3725
FN-DSA,sign,512,1286639,3726
FN-DSA,sign,512,1284874,3727
FN-DSA,sign,512,1287536,3728
FN-DSA,sign,512,1284546,3729
FN-DSA,sign,512,1290847,3730
FN-DSA,sign,512,1285475,3731
FN-DSA,sign,512,1283088,3732
FN-DSA,sign,512,1280311,3733
FN-DSA,sign,512,1285483,3734
FN-DSA,sign,512,1289970,3735
FN-DSA,sign,512,1287145,3736
FN-DSA,sign,512,1278842,3737
FN-DSA,sign,512,1285650,3738
FN-DSA,sign,512,1285190,3739
FN-DSA,sign,512,1290136,3740
FN-DSA,sign,512,1286728,3741
FN-DSA,sign,512,1284349,3742
FN-DSA,sign,512,1292500,3743
FN-DSA,sign,512,1284627,3744
FN-DSA,sign,512,1284778,3745
FN-DSA,sign,512,1287972,3746
FN-DSA,sign,512,1283057,3747
FN-DSA,sign,512,1287244,3748
FN-DSA,sign,512,1289504,3749
FN-DSA,sign,512,1282927,3750
FN-DSA,sign,512,1286969,3751
FN-DSA,sign,512,1286780,3752
FN-DSA,sign,512,1284817,3753
FN-DSA,sign,512,1288805,3754
FN-DSA,sign,512,1285772,3755
FN-DSA,sign,512,1287203,3756
FN-DSA,sign,512,1288885,3757
FN-DSA,sign,512,1286124,3758
FN-DSA,sign,512,1289406,3759
FN-DSA,sign,512,1284730,3760
FN-DSA,sign,512,1279506,3761
FN-DSA,sign,512,1282073,3762
FN-DSA,sign,512,1284824,3763
FN-DSA,sign,512,1284843,3764
FN-DSA,sign,512,1285696,3765
FN-DSA,sign,512,1279801,3766
FN-DSA,sign,512,1286126,3767
FN-DSA,sign,512,1286856,3768
FN-DSA,sign,512,1285837,3769
FN-DSA,sign,512,1285549,3770
FN-DSA,sign,512,1285931,3771
FN-DSA,sign,512,1288082,3772
FN-DSA,sign,512,1286355,3773
FN-DSA,sign,512,1282600,3774
FN-DSA,sign,512,1290124,3775
FN-DSA,sign,512,1283514,3776
FN-DSA,sign,512,1284268,3777
FN-DSA,sign,512,1282219,3778
FN-DSA,sign,512,1282258,3779
FN-DSA,sign,512,1287321,3780
FN-DSA,sign,512,1281747,3781
FN-DSA,sign,512,1284896,3782
FN-DSA,sign,512,1288333,3783
FN-DSA,sign,512,1281621,3784
FN-DSA,sign,512,1286918,3785
FN-DSA,sign,512,1292890,3786
FN-DSA,sign,512,1284705,3787
FN-DSA,sign,512,1283342,3788
FN-DSA,sign,512,1283705,3789
FN-DSA,sign,512,1283619,3790
FN-DSA,sign,512,1286054,3791
FN-DSA,sign,512,1285571,3792
FN-DSA,sign,512,1288104,3793
FN-DSA,sign,512,1290095,3794
FN-DSA,sign,512,1287880,3795
FN-DSA,sign,512,1287426,3796
FN-DSA,sign,512,1289062,3797
FN-DSA,sign,512,1285451,3798
FN-DSA,sign,512,1285423,3799
FN-DSA,sign,512,1283827,3800
FN-DSA,sign,512,1286593,3801
FN-DSA,sign,512,1282281,3802
FN-DSA,sign,512,1288024,3803
FN-DSA,sign,512,1280791,3804
FN-DSA,sign,512,1285274,3805
FN-DSA,sign,512,1285335,3806
FN-DSA,sign,512,1286706,3807
FN-DSA,sign,512,1288765,3808
FN-DSA,sign,512,1281301,3809
FN-DSA,sign,512,1279523,3810
FN-DSA,sign,512,1288278,3811
FN-DSA,sign,512,1283037,3812
FN-DSA,sign,512,1284683,3813
FN-DSA,sign,512,1285367,3814
FN-DSA,sign,512,1290066,3815
FN-DSA,sign,512,1287436,3816
FN-DSA,sign,512,1285443,3817
FN-DSA,sign,512,1285136,3818
FN-DSA,sign,512,1282518,3819
FN-DSA,sign,512,1291657,3820
FN-DSA,sign,512,1286639,3821
FN-DSA,sign,512,1283434,3822
FN-DSA,sign,512,1285532,3823
FN-DSA,sign,512,1289037,3824
FN-DSA,sign,512,1286270,3825
FN-DSA,sign,512,1287316,3826
FN-DSA,sign,512,1286612,3827
FN-DSA,sign,512,1289241,3828
FN-DSA,sign,512,1286411,3829
FN-DSA,sign,512,1286614,3830
FN-DSA,sign,512,1282257,3831
FN-DSA,sign,512,1291631,3832
FN-DSA,sign,512,1289842,3833
FN-DSA,sign,512,1287187,3834
FN-DSA,sign,512,1285078,3835
FN-DSA,sign,512,1285591,3836
FN-DSA,sign,512,1292273,3837
FN-DSA,sign,512,1284690,3838
FN-DSA,sign,512,1285939,3839
FN-DSA,sign,512,1289754,3840
FN-DSA,sign,512,1289011,3841
FN-DSA,sign,512,1286968,3842
FN-DSA,sign,512,1289344,3843
FN-DSA,sign,512,1289061,3844
FN-DSA,sign,512,1286675,3845
FN-DSA,sign,512,1284639,3846
FN-DSA,sign,512,1284553,3847
FN-DSA,sign,512,1289986,3848
FN-DSA,sign,512,1287771,3849
FN-DSA,sign,512,1285930,3850
FN-DSA,sign,512,1292527,3851
FN-DSA,sign,512,1290147,3852
FN-DSA,sign,512,1288035,3853
FN-DSA,sign,512,1283871,3854
FN-DSA,sign,512,1288909,3855
FN-DSA,sign,512,1291160,3856
FN-DSA,sign,512,1285122,3857
FN-DSA,sign,512,1283655,3858
FN-DSA,sign,512,1284828,3859
FN-DSA,sign,512,1283871,3860
FN-DSA,sign,512,1290353,3861
FN-DSA,sign,512,1281913,3862
FN-DSA,sign,512,1282315,3863
FN-DSA,sign,512,1284623,3864
FN-DSA,sign,512,1290218,3865
FN-DSA,sign,512,1287785,3866
FN-DSA,sign,512,1293919,3867
FN-DSA,sign,512,1292110,3868
FN-DSA,sign,512,1289492,3869
FN-DSA,sign,512,1288226,3870
FN-DSA,sign,512,1287439,3871
FN-DSA,sign,512,1281898,3872
FN-DSA,sign,512,1287350,3873
FN-DSA,sign,512,1285171,3874
FN-DSA,sign,512,1289196,3875
FN-DSA,sign,512,1289879,3876
FN-DSA,sign,512,1285562,3877
FN-DSA,sign,512,1292807,3878
FN-DSA,sign,512,1283080,3879
FN-DSA,sign,512,1284366,3880
FN-DSA,sign,512,1288360,3881
FN-DSA,sign,512,1283103,3882
FN-DSA,sign,512,1286881,3883
FN-DSA,sign,512,1288410,3884
FN-DSA,sign,512,1286376,3885
FN-DSA,sign,512,1286231,3886
FN-DSA,sign,512,1284413,3887
FN-DSA,sign,512,1286824,3888
FN-DSA,sign,512,1285222,3889
FN-DSA,sign,512,1289671,3890
FN-DSA,sign,512,1286843,3891
FN-DSA,sign,512,1282429,3892
FN-DSA,sign,512,1289569,3893
FN-DSA,sign,512,1287051,3894
FN-DSA,sign,512,1288810,3895
FN-DSA,sign,512,1288569,3896
FN-DSA,sign,512,1287081,3897
FN-DSA,sign,512,1287958,3898
FN-DSA,sign,512,1288270,3899
FN-DSA,sign,512,1290020,3900
FN-DSA,sign,512,1288028,3901
FN-DSA,sign,512,1286323,3902
FN-DSA,sign,512,1292056,3903
FN-DSA,sign,512,1287022,3904
FN-DSA,sign,512,1285745,3905
FN-DSA,sign,512,1282420,3906
FN-DSA,sign,512,1284371,3907
FN-DSA,sign,512,1282734,3908
FN-DSA,sign,512,1286297,3909
FN-DSA,sign,512,1289344,3910
FN-DSA,sign,512,1293330,3911
FN-DSA,sign,512,1287497,3912
FN-DSA,sign,512,1285493,3913
FN-DSA,sign,512,1289592,3914
FN-DSA,sign,512,1280030,3915
FN-DSA,sign,512,1287954,3916
FN-DSA,sign,512,1289169,3917
FN-DSA,sign,512,1285644,3918
FN-DSA,sign,512,1284871,3919
FN-DSA,sign,512,1286109,3920
FN-DSA,sign,512,1287104,3921
FN-DSA,sign,512,1286818,3922
FN-DSA,sign,512,1288665,3923
FN-DSA,sign,512,1290655,3924
FN-DSA,sign,512,1282634,3925
FN-DSA,sign,512,1289443,3926
FN-DSA,sign,512,1289789,3927
FN-DSA,sign,512,1284976,3928
FN-DSA,sign,512,1284282,3929
FN-DSA,sign,512,1284419,3930
FN-DSA,sign,512,1282796,3931
FN-DSA,sign,512,1284899,3932
FN-DSA,sign,512,1284639,3933
FN-DSA,sign,512,1282827,3934
FN-DSA,sign,512,1285785,3935
FN-DSA,sign,512,1287987,3936
FN-DSA,sign,512,1282934,3937
FN-DSA,sign,512,1286477,3938
FN-DSA,sign,512,1283327,3939
FN-DSA,sign,512,1284672,3940
FN-DSA,sign,512,1286974,3941
FN-DSA,sign,512,1289097,3942
FN-DSA,sign,512,1284919,3943
FN-DSA,sign,512,1288920,3944
FN-DSA,sign,512,1286863,3945
FN-DSA,sign,512,1285675,3946
FN-DSA,sign,512,1289551,3947
FN-DSA,sign,512,1286301,3948
FN-DSA,sign,512,1292855,3949
FN-DSA,sign,512,1284685,3950
FN-DSA,sign,512,1283728,3951
FN-DSA,sign,512,1289571,3952
FN-DSA,sign,512,1286682,3953
FN-DSA,sign,512,1282661,3954
FN-DSA,sign,512,1282967,3955
FN-DSA,sign,512,1285374,3956
FN-DSA,sign,512,1288906,3957
FN-DSA,sign,512,1289106,3958
FN-DSA,sign,512,1289167,3959
FN-DSA,sign,512,1282470,3960
FN-DSA,sign,512,1287439,3961
FN-DSA,sign,512,1286961,3962
FN-DSA,sign,512,1287794,3963
FN-DSA,sign,512,1290039,3964
FN-DSA,sign,512,1286884,3965
FN-DSA,sign,512,1288633,3966
FN-DSA,sign,512,1282506,3967
FN-DSA,sign,512,1283272,3968
FN-DSA,sign,512,1287315,3969
FN-DSA,sign,512,1286502,3970
FN-DSA,sign,512,1283697,3971
FN-DSA,sign,512,1284686,3972
FN-DSA,sign,512,1293995,3973
FN-DSA,sign,512,1286937,3974
FN-DSA,sign,512,1291717,3975
FN-DSA,sign,512,1284497,3976
FN-DSA,sign,512,1286697,3977
FN-DSA,sign,512,1288165,3978
FN-DSA,sign,512,1282860,3979
FN-DSA,sign,512,1286573,3980
FN-DSA,sign,512,1287523,3981
FN-DSA,sign,512,1287536,3982
FN-DSA,sign,512,1289267,3983
FN-DSA,sign,512,1289731,3984
FN-DSA,sign,512,1286486,3985
FN-DSA,sign,512,1286232,3986
FN-DSA,sign,512,1286923,3987
FN-DSA,sign,512,1282406,3988
FN-DSA,sign,512,1279403,3989
FN-DSA,sign,512,1286683,3990
FN-DSA,sign,512,1286427,3991
FN-DSA,sign,512,1286762,3992
FN-DSA,sign,512,1288766,3993
FN-DSA,sign,512,1283188,3994
FN-DSA,sign,512,1283889,3995
FN-DSA,sign,512,1282650,3996
FN-DSA,sign,512,1286797,3997
FN-DSA,sign,512,1286931,3998
FN-DSA,sign,512,1280851,3999
FN-DSA,sign,512,1283545,4000
FN-DSA,sign,512,1286730,4001
FN-DSA,sign,512,1281560,4002
FN-DSA,sign,512,1289677,4003
FN-DSA,sign,512,1292457,4004
FN-DSA,sign,512,1286454,4005
FN-DSA,sign,512,1285962,4006
FN-DSA,sign,512,1287953,4007
FN-DSA,sign,512,1285709,4008
FN-DSA,sign,512,1285607,4009
FN-DSA,sign,512,1288023,4010
FN-DSA,sign,512,1286191,4011
FN-DSA,sign,512,1282129,4012
FN-DSA,sign,512,1286327,4013
FN-DSA,sign,512,1287539,4014
FN-DSA,sign,512,1282346,4015
FN-DSA,sign,512,1284596,4016
FN-DSA,sign,512,1288323,4017
FN-DSA,sign,512,1289481,4018
FN-DSA,sign,512,1288056,4019
FN-DSA,sign,512,1288088,4020
FN-DSA,sign,512,1288459,4021
FN-DSA,sign,512,1288004,4022
FN-DSA,sign,512,1290509,4023
FN-DSA,sign,512,1286511,4024
FN-DSA,sign,512,1288356,4025
FN-DSA,sign,512,1284666,4026
FN-DSA,sign,512,1286547,4027
FN-DSA,sign,512,1287892,4028
FN-DSA,sign,512,1285812,4029
FN-DSA,sign,512,1287846,4030
FN-DSA,sign,512,1287050,4031
FN-DSA,sign,512,1289228,4032
FN-DSA,sign,512,1289219,4033
FN-DSA,sign,512,1285141,4034
FN-DSA,sign,512,1290284,4035
FN-DSA,sign,512,1285052,4036
FN-DSA,sign,512,1286775,4037
FN-DSA,sign,512,1285016,4038
FN-DSA,sign,512,1287102,4039
FN-DSA,sign,512,1287254,4040
FN-DSA,sign,512,1283281,4041
FN-DSA,sign,512,1281912,4042
FN-DSA,sign,512,1283931,4043
FN-DSA,sign,512,1282945,4044
FN-DSA,sign,512,1286368,4045
FN-DSA,sign,512,1288716,4046
FN-DSA,sign,512,1285068,4047
FN-DSA,sign,512,1283671,4048
FN-DSA,sign,512,1284827,4049
FN-DSA,sign,512,1286079,4050
FN-DSA,sign,512,1280800,4051
FN-DSA,sign,512,1288055,4052
FN-DSA,sign,512,1285455,4053
FN-DSA,sign,512,1282697,4054
FN-DSA,sign,512,1286080,4055
FN-DSA,sign,512,1283132,4056
FN-DSA,sign,512,1285549,4057
FN-DSA,sign,512,1288360,4058
FN-DSA,sign,512,1279888,4059
FN-DSA,sign,512,1285317,4060
FN-DSA,sign,512,1282930,4061
FN-DSA,sign,512,1288744,4062
FN-DSA,sign,512,1286906,4063
FN-DSA,sign,512,1288155,4064
FN-DSA,sign,512,1286856,4065
FN-DSA,sign,512,1285203,4066
FN-DSA,sign,512,1284279,4067
FN-DSA,sign,512,1288843,4068
FN-DSA,sign,512,1289490,4069
FN-DSA,sign,512,1286975,4070
FN-DSA,sign,512,1283343,4071
FN-DSA,sign,512,1281985,4072
FN-DSA,sign,512,1283470,4073
FN-DSA,sign,512,1287044,4074
FN-DSA,sign,512,1285880,4075
FN-DSA,sign,512,1286387,4076
FN-DSA,sign,512,1289793,4077
FN-DSA,sign,512,1285569,4078
FN-DSA,sign,512,1287572,4079
FN-DSA,sign,512,1287076,4080
FN-DSA,sign,512,1281673,4081
FN-DSA,sign,512,1288986,4082
FN-DSA,sign,512,1289114,4083
FN-DSA,sign,512,1282285,4084
FN-DSA,sign,512,1285171,4085
FN-DSA,sign,512,1287963,4086
FN-DSA,sign,512,1285907,4087
FN-DSA,sign,512,1283676,4088
FN-DSA,sign,512,1285474,4089
FN-DSA,sign,512,1287182,4090
FN-DSA,sign,512,1286543,4091
FN-DSA,sign,512,1282478,4092
FN-DSA,sign,512,1289072,4093
FN-DSA,sign,512,1290890,4094
FN-DSA,sign,512,1285518,4095
FN-DSA,sign,512,1281290,4096
FN-DSA,sign,512,1286893,4097
FN-DSA,sign,512,1290789,4098
FN-DSA,sign,512,1285443,4099
FN-DSA,sign,512,1281704,4100
FN-DSA,sign,512,1286174,4101
FN-DSA,sign,512,1285706,4102
FN-DSA,sign,512,1285672,4103
FN-DSA,sign,512,1287451,4104
FN-DSA,sign,512,1282954,4105
FN-DSA,sign,512,1287139,4106
FN-DSA,sign,512,1284636,4107
FN-DSA,sign,512,1290760,4108
FN-DSA,sign,512,1286497,4109
FN-DSA,sign,512,1285161,4110
FN-DSA,sign,512,1287975,4111
FN-DSA,sign,512,1289621,4112
FN-DSA,sign,512,1289318,4113
FN-DSA,sign,512,1281248,4114
FN-DSA,sign,512,1287504,4115
FN-DSA,sign,512,1292336,4116
FN-DSA,sign,512,1286145,4117
FN-DSA,sign,512,1282633,4118
FN-DSA,sign,512,1284337,4119
FN-DSA,sign,512,1288218,4120
FN-DSA,sign,512,1290782,4121
FN-DSA,sign,512,1280115,4122
FN-DSA,sign,512,1285220,4123
FN-DSA,sign,512,1285051,4124
FN-DSA,sign,512,1293072,4125
FN-DSA,sign,512,1286126,4126
FN-DSA,sign,512,1287051,4127
FN-DSA,sign,512,1292450,4128
FN-DSA,sign,512,1285914,4129
FN-DSA,sign,512,1286317,4130
FN-DSA,sign,512,1286661,4131
FN-DSA,sign,512,1289229,4132
FN-DSA,sign,512,1290134,4133
FN-DSA,sign,512,1283944,4134
FN-DSA,sign,512,1285779,4135
FN-DSA,sign,512,1287230,4136
FN-DSA,sign,512,1283923,4137
FN-DSA,sign,512,1288633,4138
FN-DSA,sign,512,1280012,4139
FN-DSA,sign,512,1284577,4140
FN-DSA,sign,512,1284630,4141
FN-DSA,sign,512,1286780,4142
FN-DSA,sign,512,1289627,4143
FN-DSA,sign,512,1289214,4144
FN-DSA,sign,512,1282507,4145
FN-DSA,sign,512,1294164,4146
FN-DSA,sign,512,1287225,4147
FN-DSA,sign,512,1283996,4148
FN-DSA,sign,512,1281998,4149
FN-DSA,sign,512,1288399,4150
FN-DSA,sign,512,1286082,4151
FN-DSA,sign,512,1286901,4152
FN-DSA,sign,512,1288002,4153
FN-DSA,sign,512,1283360,4154
FN-DSA,sign,512,1284395,4155
FN-DSA,sign,512,1286043,4156
FN-DSA,sign,512,1282649,4157
FN-DSA,sign,512,1281810,4158
FN-DSA,sign,512,1289260,4159
FN-DSA,sign,512,1287113,4160
FN-DSA,sign,512,1283363,4161
FN-DSA,sign,512,1283905,4162
FN-DSA,sign,512,1284228,4163
FN-DSA,sign,512,1286397,4164
FN-DSA,sign,512,1286582,4165
FN-DSA,sign,512,1289143,4166
FN-DSA,sign,512,1282365,4167
FN-DSA,sign,512,1287419,4168
FN-DSA,sign,512,1284476,4169
FN-DSA,sign,512,1287226,4170
FN-DSA,sign,512,1287142,4171
FN-DSA,sign,512,1285824,4172
FN-DSA,sign,512,1287120,4173
FN-DSA,sign,512,1288269,4174
FN-DSA,sign,512,1285950,4175
FN-DSA,sign,512,1286698,4176
FN-DSA,sign,512,1285300,4177
FN-DSA,sign,512,1290332,4178
FN-DSA,sign,512,1286948,4179
FN-DSA,sign,512,1284329,4180
FN-DSA,sign,512,1288738,4181
FN-DSA,sign,512,1289205,4182
FN-DSA,sign,512,1285757,4183
FN-DSA,sign,512,1288413,4184
FN-DSA,sign,512,1286953,4185
FN-DSA,sign,512,1286657,4186
FN-DSA,sign,512,1285427,4187
FN-DSA,sign,512,1285478,4188
FN-DSA,sign,512,1292620,4189
FN-DSA,sign,512,1289030,4190
FN-DSA,sign,512,1288108,4191
FN-DSA,sign,512,1284667,4192
FN-DSA,sign,512,1288102,4193
FN-DSA,sign,512,1289804,4194
FN-DSA,sign,512,1286567,4195
FN-DSA,sign,512,1285541,4196
FN-DSA,sign,512,1287360,4197
FN-DSA,sign,512,1287033,4198
FN-DSA,sign,512,1287448,4199
FN-DSA,sign,512,1288521,4200
FN-DSA,sign,512,1283097,4201
FN-DSA,sign,512,1288246,4202
FN-DSA,sign,512,1288511,4203
FN-DSA,sign,512,1286643,4204
FN-DSA,sign,512,1285883,4205
FN-DSA,sign,512,1283518,4206
FN-DSA,sign,512,1285233,4207
FN-DSA,sign,512,1295000,4208
FN-DSA,sign,512,1285317,4209
FN-DSA,sign,512,1285886,4210
FN-DSA,sign,512,1285264,4211
FN-DSA,sign,512,1287848,4212
FN-DSA,sign,512,1284335,4213
FN-DSA,sign,512,1295556,4214
FN-DSA,sign,512,1285745,4215
FN-DSA,sign,512,1289005,4216
FN-DSA,sign,512,1286351,4217
FN-DSA,sign,512,1286717,4218
FN-DSA,sign,512,1285108,4219
FN-DSA,sign,512,1285382,4220
FN-DSA,sign,512,1285436,4221
FN-DSA,sign,512,1284552,4222
FN-DSA,sign,512,1289006,4223
FN-DSA,sign,512,1281357,4224
FN-DSA,sign,512,1288708,4225
FN-DSA,sign,512,1288904,4226
FN-DSA,sign,512,1288668,4227
FN-DSA,sign,512,1290444,4228
FN-DSA,sign,512,1288712,4229
FN-DSA,sign,512,1287067,4230
FN-DSA,sign,512,1287121,4231
FN-DSA,sign,512,1284192,4232
FN-DSA,sign,512,1285117,4233
FN-DSA,sign,512,1289963,4234
FN-DSA,sign,512,1282749,4235
FN-DSA,sign,512,1284901,4236
FN-DSA,sign,512,1284673,4237
FN-DSA,sign,512,1286277,4238
FN-DSA,sign,512,1285414,4239
FN-DSA,sign,512,1287085,4240
FN-DSA,sign,512,1286506,4241
FN-DSA,sign,512,1289104,4242
FN-DSA,sign,512,1292680,4243
FN-DSA,sign,512,1284958,4244
FN-DSA,sign,512,1285899,4245
FN-DSA,sign,512,1283676,4246
FN-DSA,sign,512,1289672,4247
FN-DSA,sign,512,1285704,4248
FN-DSA,sign,512,1283477,4249
FN-DSA,sign,512,1288552,4250
FN-DSA,sign,512,1280098,4251
FN-DSA,sign,512,1285487,4252
FN-DSA,sign,512,1287040,4253
FN-DSA,sign,512,1285220,4254
FN-DSA,sign,512,1284823,4255
FN-DSA,sign,512,1285692,4256
FN-DSA,sign,512,1284432,4257
FN-DSA,sign,512,1284354,4258
FN-DSA,sign,512,1282895,4259
FN-DSA,sign,512,1285864,4260
FN-DSA,sign,512,1282993,4261
FN-DSA,sign,512,1282602,4262
FN-DSA,sign,512,1288871,4263
FN-DSA,sign,512,1287354,4264
FN-DSA,sign,512,1284570,4265
FN-DSA,sign,512,1286723,4266
FN-DSA,sign,512,1286413,4267
FN-DSA,sign,512,1286383,4268
FN-DSA,sign,512,1283482,4269
FN-DSA,sign,512,1292708,4270
FN-DSA,sign,512,1282400,4271
FN-DSA,sign,512,1290079,4272
FN-DSA,sign,512,1285487,4273
FN-DSA,sign,512,1286112,4274
FN-DSA,sign,512,1286408,4275
FN-DSA,sign,512,1287998,4276
FN-DSA,sign,512,1281258,4277
FN-DSA,sign,512,1289254,4278
FN-DSA,sign,512,1288847,4279
FN-DSA,sign,512,1282554,4280
FN-DSA,sign,512,1291869,4281
FN-DSA,sign,512,1288214,4282
FN-DSA,sign,512,1281326,4283
FN-DSA,sign,512,1287884,4284
FN-DSA,sign,512,1283749,4285
FN-DSA,sign,512,1285258,4286
FN-DSA,sign,512,1281652,4287
FN-DSA,sign,512,1289328,4288
FN-DSA,sign,512,1291057,4289
FN-DSA,sign,512,1287835,4290
FN-DSA,sign,512,1283846,4291
FN-DSA,sign,512,1285541,4292
FN-DSA,sign,512,1290362,4293
FN-DSA,sign,512,1288036,4294
FN-DSA,sign,512,1289998,4295
FN-DSA,sign,512,1286372,4296
FN-DSA,sign,512,1285408,4297
FN-DSA,sign,512,1286820,4298
FN-DSA,sign,512,1286456,4299
FN-DSA,sign,512,1283279,4300
FN-DSA,sign,512,1289688,4301
FN-DSA,sign,512,1283562,4302
FN-DSA,sign,512,1284262,4303
FN-DSA,sign,512,1292749,4304
FN-DSA,sign,512,1283774,4305
FN-DSA,sign,512,1286078,4306
FN-DSA,sign,512,1280996,4307
FN-DSA,sign,512,1288962,4308
FN-DSA,sign,512,1283287,4309
FN-DSA,sign,512,1287118,4310
FN-DSA,sign,512,1282603,4311
FN-DSA,sign,512,1286230,4312
FN-DSA,sign,512,1287201,4313
FN-DSA,sign,512,1285076,4314
FN-DSA,sign,512,1285171,4315
FN-DSA,sign,512,1283559,4316
FN-DSA,sign,512,1286784,4317
FN-DSA,sign,512,1289242,4318
FN-DSA,sign,512,1291860,4319
FN-DSA,sign,512,1287890,4320
FN-DSA,sign,512,1288151,4321
FN-DSA,sign,512,1286757,4322
FN-DSA,sign,512,1288430,4323
FN-DSA,sign,512,1283775,4324
FN-DSA,sign,512,1287186,4325
FN-DSA,sign,512,1283563,4326
FN-DSA,sign,512,1282676,4327
FN-DSA,sign,512,1282713,4328
FN-DSA,sign,512,1284791,4329
FN-DSA,sign,512,1286468,4330
FN-DSA,sign,512,1286180,4331
FN-DSA,sign,512,1291827,4332
FN-DSA,sign,512,1285883,4333
FN-DSA,sign,512,1284166,4334
FN-DSA,sign,512,1289310,4335
FN-DSA,sign,512,1283940,4336
FN-DSA,sign,512,1284366,4337
FN-DSA,sign,512,1289684,4338
FN-DSA,sign,512,1286225,4339
FN-DSA,sign,512,1286534,4340
FN-DSA,sign,512,1286643,4341
FN-DSA,sign,512,1288502,4342
FN-DSA,sign,512,1286384,4343
FN-DSA,sign,512,1281747,4344
FN-DSA,sign,512,1285120,4345
FN-DSA,sign,512,1289978,4346
FN-DSA,sign,512,1287509,4347
FN-DSA,sign,512,1281943,4348
FN-DSA,sign,512,1293000,4349
FN-DSA,sign,512,1288755,4350
FN-DSA,sign,512,1288283,4351
FN-DSA,sign,512,1283106,4352
FN-DSA,sign,512,1288784,4353
FN-DSA,sign,512,1287168,4354
FN-DSA,sign,512,1288753,4355
FN-DSA,sign,512,1282627,4356
FN-DSA,sign,512,1284958,4357
FN-DSA,sign,512,1284680,4358
FN-DSA,sign,512,1285620,4359
FN-DSA,sign,512,1285372,4360
FN-DSA,sign,512,1287000,4361
FN-DSA,sign,512,1290898,4362
FN-DSA,sign,512,1289555,4363
FN-DSA,sign,512,1287151,4364
FN-DSA,sign,512,1287455,4365
FN-DSA,sign,512,1285324,4366
FN-DSA,sign,512,1283874,4367
FN-DSA,sign,512,1284369,4368
FN-DSA,sign,512,1289040,4369
FN-DSA,sign,512,1284515,4370
FN-DSA,sign,512,1289032,4371
FN-DSA,sign,512,1288316,4372
FN-DSA,sign,512,1282811,4373
FN-DSA,sign,512,1292032,4374
FN-DSA,sign,512,1293563,4375
FN-DSA,sign,512,1283251,4376
FN-DSA,sign,512,1290120,4377
FN-DSA,sign,512,1284889,4378
FN-DSA,sign,512,1285324,4379
FN-DSA,sign,512,1286129,4380
FN-DSA,sign,512,1286599,4381
FN-DSA,sign,512,1290986,4382
FN-DSA,sign,512,1284208,4383
FN-DSA,sign,512,1285604,4384
FN-DSA,sign,512,1289658,4385
FN-DSA,sign,512,1288181,4386
FN-DSA,sign,512,1286025,4387
FN-DSA,sign,512,1285077,4388
FN-DSA,sign,512,1285634,4389
FN-DSA,sign,512,1290192,4390
FN-DSA,sign,512,1282835,4391
FN-DSA,sign,512,1288350,4392
FN-DSA,sign,512,1285278,4393
FN-DSA,sign,512,1286894,4394
FN-DSA,sign,512,1283099,4395
FN-DSA,sign,512,1290907,4396
FN-DSA,sign,512,1281465,4397
FN-DSA,sign,512,1289090,4398
FN-DSA,sign,512,1290007,4399
FN-DSA,sign,512,1280580,4400
FN-DSA,sign,512,1285238,4401
FN-DSA,sign,512,1286066,4402
FN-DSA,sign,512,1292359,4403
FN-DSA,sign,512,1286250,4404
FN-DSA,sign,512,1285962,4405
FN-DSA,sign,512,1286636,4406
FN-DSA,sign,512,1285319,4407
FN-DSA,sign,512,1285742,4408
FN-DSA,sign,512,1288647,4409
FN-DSA,sign,512,1285192,4410
FN-DSA,sign,512,1286004,4411
FN-DSA,sign,512,1282664,4412
FN-DSA,sign,512,1289244,4413
FN-DSA,sign,512,1286020,4414
FN-DSA,sign,512,1289384,4415
FN-DSA,sign,512,1285841,4416
FN-DSA,sign,512,1290377,4417
FN-DSA,sign,512,1288861,4418
FN-DSA,sign,512,1285767,4419
FN-DSA,sign,512,1287373,4420
FN-DSA,sign,512,1288777,4421
FN-DSA,sign,512,1286246,4422
FN-DSA,sign,512,1288853,4423
FN-DSA,sign,512,1287349,4424
FN-DSA,sign,512,1287177,4425
FN-DSA,sign,512,1279300,4426
FN-DSA,sign,512,1289012,4427
FN-DSA,sign,512,1284967,4428
FN-DSA,sign,512,1286593,4429
FN-DSA,sign,512,1288914,4430
FN-DSA,sign,512,1280151,4431
FN-DSA,sign,512,1288201,4432
FN-DSA,sign,512,1290259,4433
FN-DSA,sign,512,1284866,4434
FN-DSA,sign,512,1283469,4435
FN-DSA,sign,512,1289630,4436
FN-DSA,sign,512,1288297,4437
FN-DSA,sign,512,1288788,4438
FN-DSA,sign,512,1286185,4439
FN-DSA,sign,512,1284953,4440
FN-DSA,sign,512,1286369,4441
FN-DSA,sign,512,1286420,4442
FN-DSA,sign,512,1289891,4443
FN-DSA,sign,512,1285956,4444
FN-DSA,sign,512,1284624,4445
FN-DSA,sign,512,1284533,4446
FN-DSA,sign,512,1291496,4447
FN-DSA,sign,512,1284912,4448
FN-DSA,sign,512,1286385,4449
FN-DSA,sign,512,1287095,4450
FN-DSA,sign,512,1283127,4451
FN-DSA,sign,512,1286639,4452
FN-DSA,sign,512,1288033,4453
FN-DSA,sign,512,1287347,4454
FN-DSA,sign,512,1288264,4455
FN-DSA,sign,512,1281098,4456
FN-DSA,sign,512,1296569,4457
FN-DSA,sign,512,1290495,4458
FN-DSA,sign,512,1291846,4459
FN-DSA,sign,512,1287810,4460
FN-DSA,sign,512,1287163,4461
FN-DSA,sign,512,1285497,4462
FN-DSA,sign,512,1285091,4463
FN-DSA,sign,512,1283197,4464
FN-DSA,sign,512,1281857,4465
FN-DSA,sign,512,1288234,4466
FN-DSA,sign,512,1287387,4467
FN-DSA,sign,512,1281791,4468
FN-DSA,sign,512,1281782,4469
FN-DSA,sign,512,1283864,4470
FN-DSA,sign,512,1285824,4471
FN-DSA,sign,512,1293227,4472
FN-DSA,sign,512,1282709,4473
FN-DSA,sign,512,1282452,4474
FN-DSA,sign,512,1288691,4475
FN-DSA,sign,512,1291141,4476
FN-DSA,sign,512,1282414,4477
FN-DSA,sign,512,1291063,4478
FN-DSA,sign,512,1286209,4479
FN-DSA,sign,512,1289071,4480
FN-DSA,sign,512,1284787,4481
FN-DSA,sign,512,1284388,4482
FN-DSA,sign,512,1285142,4483
FN-DSA,sign,512,1285198,4484
FN-DSA,sign,512,1286271,4485
FN-DSA,sign,512,1285233,4486
FN-DSA,sign,512,1288644,4487
FN-DSA,sign,512,1287920,4488
FN-DSA,sign,512,1288022,4489
FN-DSA,sign,512,1285544,4490
FN-DSA,sign,512,1291557,4491
FN-DSA,sign,512,1284643,4492
FN-DSA,sign,512,1291058,4493
FN-DSA,sign,512,1287044,4494
FN-DSA,sign,512,1288184,4495
FN-DSA,sign,512,1287919,4496
FN-DSA,sign,512,1289613,4497
FN-DSA,sign,512,1286534,4498
FN-DSA,sign,512,1286673,4499
FN-DSA,sign,512,1284742,4500
FN-DSA,sign,512,1281055,4501
FN-DSA,sign,512,1287508,4502
FN-DSA,sign,512,1286570,4503
FN-DSA,sign,512,1284255,4504
FN-DSA,sign,512,1288917,4505
FN-DSA,sign,512,1292352,4506
FN-DSA,sign,512,1282914,4507
FN-DSA,sign,512,1290114,4508
FN-DSA,sign,512,1287084,4509
FN-DSA,sign,512,1288210,4510
FN-DSA,sign,512,1277212,4511
FN-DSA,sign,512,1283416,4512
FN-DSA,sign,512,1289522,4513
FN-DSA,sign,512,1285217,4514
FN-DSA,sign,512,1285876,4515
FN-DSA,sign,512,1285378,4516
FN-DSA,sign,512,1289373,4517
FN-DSA,sign,512,1287121,4518
FN-DSA,sign,512,1286105,4519
FN-DSA,sign,512,1286819,4520
FN-DSA,sign,512,1283396,4521
FN-DSA,sign,512,1288582,4522
FN-DSA,sign,512,1286177,4523
FN-DSA,sign,512,1285073,4524
FN-DSA,sign,512,1285451,4525
FN-DSA,sign,512,1292597,4526
FN-DSA,sign,512,1283798,4527
FN-DSA,sign,512,1284978,4528
FN-DSA,sign,512,1288098,4529
FN-DSA,sign,512,1286291,4530
FN-DSA,sign,512,1287427,4531
FN-DSA,sign,512,1286849,4532
FN-DSA,sign,512,1289325,4533
FN-DSA,sign,512,1281553,4534
FN-DSA,sign,512,1289736,4535
FN-DSA,sign,512,1288042,4536
FN-DSA,sign,512,1283686,4537
FN-DSA,sign,512,1280300,4538
FN-DSA,sign,512,1281892,4539
FN-DSA,sign,512,1283408,4540
FN-DSA,sign,512,1287605,4541
FN-DSA,sign,512,1285286,4542
FN-DSA,sign,512,1287252,4543
FN-DSA,sign,512,1286089,4544
FN-DSA,sign,512,1284650,4545
FN-DSA,sign,512,1286068,4546
FN-DSA,sign,512,1289424,4547
FN-DSA,sign,512,1280669,4548
FN-DSA,sign,512,1287251,4549
FN-DSA,sign,512,1290099,4550
FN-DSA,sign,512,1281379,4551
FN-DSA,sign,512,1296048,4552
FN-DSA,sign,512,1293765,4553
FN-DSA,sign,512,1285505,4554
FN-DSA,sign,512,1285313,4555
FN-DSA,sign,512,1289458,4556
FN-DSA,sign,512,1284946,4557
FN-DSA,sign,512,1284818,4558
FN-DSA,sign,512,1282349,4559
FN-DSA,sign,512,1286320,4560
FN-DSA,sign,512,1283659,4561
FN-DSA,sign,512,1283212,4562
FN-DSA,sign,512,1289921,4563
FN-DSA,sign,512,1286484,4564
FN-DSA,sign,512,1283010,4565
FN-DSA,sign,512,1287311,4566
FN-DSA,sign,512,1288647,4567
FN-DSA,sign,512,1288172,4568
FN-DSA,sign,512,1288544,4569
FN-DSA,sign,512,1286996,4570
FN-DSA,sign,512,1286009,4571
FN-DSA,sign,512,1290909,4572
FN-DSA,sign,512,1293109,4573
FN-DSA,sign,512,1286460,4574
FN-DSA,sign,512,1285471,4575
FN-DSA,sign,512,1290816,4576
FN-DSA,sign,512,1286577,4577
FN-DSA,sign,512,1288647,4578
FN-DSA,sign,512,1283448,4579
FN-DSA,sign,512,1283922,4580
FN-DSA,sign,512,1286321,4581
FN-DSA,sign,512,1284891,4582
FN-DSA,sign,512,1281044,4583
FN-DSA,sign,512,1288323,4584
FN-DSA,sign,512,1288240,4585
FN-DSA,sign,512,1282514,4586
FN-DSA,sign,512,1287274,4587
FN-DSA,sign,512,1286761,4588
FN-DSA,sign,512,1282376,4589
FN-DSA,sign,512,1285804,4590
FN-DSA,sign,512,1288000,4591
FN-DSA,sign,512,1285504,4592
FN-DSA,sign,512,1286457,4593
FN-DSA,sign,512,1286371,4594
FN-DSA,sign,512,1285103,4595
FN-DSA,sign,512,1288845,4596
FN-DSA,sign,512,1286849,4597
FN-DSA,sign,512,1291216,4598
FN-DSA,sign,512,1285363,4599
FN-DSA,sign,512,1287779,4600
FN-DSA,sign,512,1283301,4601
FN-DSA,sign,512,1282926,4602
FN-DSA,sign,512,1285282,4603
FN-DSA,sign,512,1288473,4604
FN-DSA,sign,512,1285171,4605
FN-DSA,sign,512,1288710,4606
FN-DSA,sign,512,1282935,4607
FN-DSA,sign,512,1283281,4608
FN-DSA,sign,512,1288860,4609
FN-DSA,sign,512,1287238,4610
FN-DSA,sign,512,1282859,4611
FN-DSA,sign,512,1290163,4612
FN-DSA,sign,512,1286430,4613
FN-DSA,sign,512,1286791,4614
FN-DSA,sign,512,1285912,4615
FN-DSA,sign,512,1288596,4616
FN-DSA,sign,512,1290395,4617
FN-DSA,sign,512,1291942,4618
FN-DSA,sign,512,1286942,4619
FN-DSA,sign,512,1289226,4620
FN-DSA,sign,512,1288237,4621
FN-DSA,sign,512,1283269,4622
FN-DSA,sign,512,1284645,4623
FN-DSA,sign,512,1288174,4624
FN-DSA,sign,512,1288707,4625
FN-DSA,sign,512,1284737,4626
FN-DSA,sign,512,1289406,4627
FN-DSA,sign,512,1286509,4628
FN-DSA,sign,512,1282121,4629
FN-DSA,sign,512,1285526,4630
FN-DSA,sign,512,1283325,4631
FN-DSA,sign,512,1288611,4632
FN-DSA,sign,512,1289578,4633
FN-DSA,sign,512,1286900,4634
FN-DSA,sign,512,1286584,4635
FN-DSA,sign,512,1285922,4636
FN-DSA,sign,512,1288601,4637
FN-DSA,sign,512,1287370,4638
FN-DSA,sign,512,1287004,4639
FN-DSA,sign,512,1283670,4640
FN-DSA,sign,512,1287122,4641
FN-DSA,sign,512,1280201,4642
FN-DSA,sign,512,1289110,4643
FN-DSA,sign,512,1280986,4644
FN-DSA,sign,512,1284812,4645
FN-DSA,sign,512,1288064,4646
FN-DSA,sign,512,1283931,4647
FN-DSA,sign,512,1287398,4648
FN-DSA,sign,512,1291071,4649
FN-DSA,sign,512,1291073,4650
FN-DSA,sign,512,1292604,4651
FN-DSA,sign,512,1287483,4652
FN-DSA,sign,512,1282484,4653
FN-DSA,sign,512,1283911,4654
FN-DSA,sign,512,1284299,4655
FN-DSA,sign,512,1286435,4656
FN-DSA,sign,512,1283639,4657
FN-DSA,sign,512,1288221,4658
FN-DSA,sign,512,1286360,4659
FN-DSA,sign,512,1285845,4660
FN-DSA,sign,512,1288665,4661
FN-DSA,sign,512,1289260,4662
FN-DSA,sign,512,1287405,4663
FN-DSA,sign,512,1289150,4664
FN-DSA,sign,512,1283938,4665
FN-DSA,sign,512,1292949,4666
FN-DSA,sign,512,1285779,4667
FN-DSA,sign,512,1282494,4668
FN-DSA,sign,512,1286780,4669
FN-DSA,sign,512,1285091,4670
FN-DSA,sign,512,1282413,4671
FN-DSA,sign,512,1293442,4672
FN-DSA,sign,512,1288581,4673
FN-DSA,sign,512,1289764,4674
FN-DSA,sign,512,1287365,4675
FN-DSA,sign,512,1285797,4676
FN-DSA,sign,512,1289497,4677
FN-DSA,sign,512,1285340,4678
FN-DSA,sign,512,1283858,4679
FN-DSA,sign,512,1284331,4680
FN-DSA,sign,512,1288549,4681
FN-DSA,sign,512,1290793,4682
FN-DSA,sign,512,1288161,4683
FN-DSA,sign,512,1285594,4684
FN-DSA,sign,512,1289899,4685
FN-DSA,sign,512,1287301,4686
FN-DSA,sign,512,1287018,4687
FN-DSA,sign,512,1284429,4688
FN-DSA,sign,512,1284246,4689
FN-DSA,sign,512,1285891,4690
FN-DSA,sign,512,1286043,4691
FN-DSA,sign,512,1286531,4692
FN-DSA,sign,512,1284935,4693
FN-DSA,sign,512,1279502,4694
FN-DSA,sign,512,1282637,4695
FN-DSA,sign,512,1287066,4696
FN-DSA,sign,512,1287326,4697
FN-DSA,sign,512,1285696,4698
FN-DSA,sign,512,1285687,4699
FN-DSA,sign,512,1288108,4700
FN-DSA,sign,512,1288346,4701
FN-DSA,sign,512,1281154,4702
FN-DSA,sign,512,1285966,4703
FN-DSA,sign,512,1290178,4704
FN-DSA,sign,512,1282033,4705
FN-DSA,sign,512,1284950,4706
FN-DSA,sign,512,1286185,4707
FN-DSA,sign,512,1283082,4708
FN-DSA,sign,512,1284401,4709
FN-DSA,sign,512,1286538,4710
FN-DSA,sign,512,1285205,4711
FN-DSA,sign,512,1285965,4712
FN-DSA,sign,512,1281115,4713
FN-DSA,sign,512,1288404,4714
FN-DSA,sign,512,1283922,4715
FN-DSA,sign,512,1286295,4716
FN-DSA,sign,512,1289753,4717
FN-DSA,sign,512,1286886,4718
FN-DSA,sign,512,1287433,4719
FN-DSA,sign,512,1285429,4720
FN-DSA,sign,512,1279117,4721
FN-DSA,sign,512,1286502,4722
FN-DSA,sign,512,1284973,4723
FN-DSA,sign,512,1286628,4724
FN-DSA,sign,512,1289852,4725
FN-DSA,sign,512,1288663,4726
FN-DSA,sign,512,1284279,4727
FN-DSA,sign,512,1282531,4728
FN-DSA,sign,512,1281113,4729
FN-DSA,sign,512,1285600,4730
FN-DSA,sign,512,1288647,4731
FN-DSA,sign,512,1291021,4732
FN-DSA,sign,512,1283453,4733
FN-DSA,sign,512,1286715,4734
FN-DSA,sign,512,1291059,4735
FN-DSA,sign,512,1288318,4736
FN-DSA,sign,512,1288245,4737
FN-DSA,sign,512,1285036,4738
FN-DSA,sign,512,1284698,4739
FN-DSA,sign,512,1290285,4740
FN-DSA,sign,512,1288140,4741
FN-DSA,sign,512,1285068,4742
FN-DSA,sign,512,1287333,4743
FN-DSA,sign,512,1288357,4744
FN-DSA,sign,512,1289663,4745
FN-DSA,sign,512,1289458,4746
FN-DSA,sign,512,1289327,4747
FN-DSA,sign,512,1286765,4748
FN-DSA,sign,512,1288407,4749
FN-DSA,sign,512,1282500,4750
FN-DSA,sign,512,1291099,4751
FN-DSA,sign,512,1287149,4752
FN-DSA,sign,512,1285615,4753
FN-DSA,sign,512,1283630,4754
FN-DSA,sign,512,1292160,4755
FN-DSA,sign,512,1289865,4756
FN-DSA,sign,512,1285713,4757
FN-DSA,sign,512,1288079,4758
FN-DSA,sign,512,1287757,4759
FN-DSA,sign,512,1285532,4760
FN-DSA,sign,512,1293354,4761
FN-DSA,sign,512,1285888,4762
FN-DSA,sign,512,1282749,4763
FN-DSA,sign,512,1286461,4764
FN-DSA,sign,512,1291190,4765
FN-DSA,sign,512,1286843,4766
FN-DSA,sign,512,1286001,4767
FN-DSA,sign,512,1290417,4768
FN-DSA,sign,512,1288026,4769
FN-DSA,sign,512,1282965,4770
FN-DSA,sign,512,1285239,4771
FN-DSA,sign,512,1285637,4772
FN-DSA,sign,512,1286554,4773
FN-DSA,sign,512,1285996,4774
FN-DSA,sign,512,1283465,4775
FN-DSA,sign,512,1283043,4776
FN-DSA,sign,512,1286228,4777
FN-DSA,sign,512,1290101,4778
FN-DSA,sign,512,1282388,4779
FN-DSA,sign,512,1287143,4780
FN-DSA,sign,512,1288869,4781
FN-DSA,sign,512,1289602,4782
FN-DSA,sign,512,1289527,4783
FN-DSA,sign,512,1290068,4784
FN-DSA,sign,512,1285588,4785
FN-DSA,sign,512,1285560,4786
FN-DSA,sign,512,1286912,4787
FN-DSA,sign,512,1286102,4788
FN-DSA,sign,512,1291582,4789
FN-DSA,sign,512,1281907,4790
FN-DSA,sign,512,1292940,4791
FN-DSA,sign,512,1286678,4792
FN-DSA,sign,512,1286722,4793
FN-DSA,sign,512,1281141,4794
FN-DSA,sign,512,1290132,4795
FN-DSA,sign,512,1285292,4796
FN-DSA,sign,512,1286343,4797
FN-DSA,sign,512,1289045,4798
FN-DSA,sign,512,1287062,4799
FN-DSA,sign,512,1285949,4800
FN-DSA,sign,512,1291888,4801
FN-DSA,sign,512,1283409,4802
FN-DSA,sign,512,1290754,4803
FN-DSA,sign,512,1287945,4804
FN-DSA,sign,512,1289825,4805
FN-DSA,sign,512,1287850,4806
FN-DSA,sign,512,1290776,4807
FN-DSA,sign,512,1287242,4808
FN-DSA,sign,512,1284829,4809
FN-DSA,sign,512,1287999,4810
FN-DSA,sign,512,1283511,4811
FN-DSA,sign,512,1282205,4812
FN-DSA,sign,512,1286361,4813
FN-DSA,sign,512,1283442,4814
FN-DSA,sign,512,1286712,4815
FN-DSA,sign,512,1284538,4816
FN-DSA,sign,512,1278425,4817
FN-DSA,sign,512,1290279,4818
FN-DSA,sign,512,1287087,4819
FN-DSA,sign,512,1287394,4820
FN-DSA,sign,512,1284744,4821
FN-DSA,sign,512,1281345,4822
FN-DSA,sign,512,1288473,4823
FN-DSA,sign,512,1291323,4824
FN-DSA,sign,512,1289140,4825
FN-DSA,sign,512,1282191,4826
FN-DSA,sign,512,1292207,4827
FN-DSA,sign,512,1288174,4828
FN-DSA,sign,512,1287097,4829
FN-DSA,sign,512,1288875,4830
FN-DSA,sign,512,1289529,4831
FN-DSA,sign,512,1281643,4832
FN-DSA,sign,512,1279093,4833
FN-DSA,sign,512,1285552,4834
FN-DSA,sign,512,1282657,4835
FN-DSA,sign,512,1289614,4836
FN-DSA,sign,512,1288691,4837
FN-DSA,sign,512,1285739,4838
FN-DSA,sign,512,1289190,4839
FN-DSA,sign,512,1287408,4840
FN-DSA,sign,512,1287165,4841
FN-DSA,sign,512,1285060,4842
FN-DSA,sign,512,1286399,4843
FN-DSA,sign,512,1280891,4844
FN-DSA,sign,512,1289006,4845
FN-DSA,sign,512,1283197,4846
FN-DSA,sign,512,1288439,4847
FN-DSA,sign,512,1285562,4848
FN-DSA,sign,512,1279242,4849
FN-DSA,sign,512,1284469,4850
FN-DSA,sign,512,1285283,4851
FN-DSA,sign,512,1285603,4852
FN-DSA,sign,512,1287427,4853
FN-DSA,sign,512,1285993,4854
FN-DSA,sign,512,1285760,4855
FN-DSA,sign,512,1290556,4856
FN-DSA,sign,512,1284726,4857
FN-DSA,sign,512,1289498,4858
FN-DSA,sign,512,1285634,4859
FN-DSA,sign,512,1287324,4860
FN-DSA,sign,512,1286103,4861
FN-DSA,sign,512,1292555,4862
FN-DSA,sign,512,1283980,4863
FN-DSA,sign,512,1289048,4864
FN-DSA,sign,512,1287394,4865
FN-DSA,sign,512,1287515,4866
FN-DSA,sign,512,1284230,4867
FN-DSA,sign,512,1285195,4868
FN-DSA,sign,512,1284842,4869
FN-DSA,sign,512,1283633,4870
FN-DSA,sign,512,1285574,4871
FN-DSA,sign,512,1283419,4872
FN-DSA,sign,512,1288157,4873
FN-DSA,sign,512,1286225,4874
FN-DSA,sign,512,1282071,4875
FN-DSA,sign,512,1290497,4876
FN-DSA,sign,512,1281203,4877
FN-DSA,sign,512,1287791,4878
FN-DSA,sign,512,1285580,4879
FN-DSA,sign,512,1287302,4880
FN-DSA,sign,512,1287262,4881
FN-DSA,sign,512,1288030,4882
FN-DSA,sign,512,1286890,4883
FN-DSA,sign,512,1289384,4884
FN-DSA,sign,512,1287922,4885
FN-DSA,sign,512,1287066,4886
FN-DSA,sign,512,1283760,4887
FN-DSA,sign,512,1283363,4888
FN-DSA,sign,512,1283910,4889
FN-DSA,sign,512,1284243,4890
FN-DSA,sign,512,1291894,4891
FN-DSA,sign,512,1289258,4892
FN-DSA,sign,512,1283235,4893
FN-DSA,sign,512,1290220,4894
FN-DSA,sign,512,1284540,4895
FN-DSA,sign,512,1280279,4896
FN-DSA,sign,512,1282204,4897
FN-DSA,sign,512,1285139,4898
FN-DSA,sign,512,1283910,4899
FN-DSA,sign,512,1284329,4900
FN-DSA,sign,512,1283943,4901
FN-DSA,sign,512,1289477,4902
FN-DSA,sign,512,1290610,4903
FN-DSA,sign,512,1292356,4904
FN-DSA,sign,512,1288451,4905
FN-DSA,sign,512,1282468,4906
FN-DSA,sign,512,1286366,4907
FN-DSA,sign,512,1286787,4908
FN-DSA,sign,512,1284771,4909
FN-DSA,sign,512,1283630,4910
FN-DSA,sign,512,1282472,4911
FN-DSA,sign,512,1287377,4912
FN-DSA,sign,512,1288134,4913
FN-DSA,sign,512,1287843,4914
FN-DSA,sign,512,1289412,4915
FN-DSA,sign,512,1286323,4916
FN-DSA,sign,512,1286097,4917
FN-DSA,sign,512,1289966,4918
FN-DSA,sign,512,1284545,4919
FN-DSA,sign,512,1283456,4920
FN-DSA,sign,512,1283043,4921
FN-DSA,sign,512,1286667,4922
FN-DSA,sign,512,1283174,4923
FN-DSA,sign,512,1286202,4924
FN-DSA,sign,512,1281741,4925
FN-DSA,sign,512,1287197,4926
FN-DSA,sign,512,1289484,4927
FN-DSA,sign,512,1283457,4928
FN-DSA,sign,512,1282403,4929
FN-DSA,sign,512,1288446,4930
FN-DSA,sign,512,1283349,4931
FN-DSA,sign,512,1286938,4932
FN-DSA,sign,512,1285569,4933
FN-DSA,sign,512,1279228,4934
FN-DSA,sign,512,1286601,4935
FN-DSA,sign,512,1293137,4936
FN-DSA,sign,512,1282998,4937
FN-DSA,sign,512,1284470,4938
FN-DSA,sign,512,1288387,4939
FN-DSA,sign,512,1286466,4940
FN-DSA,sign,512,1289862,4941
FN-DSA,sign,512,1285608,4942
FN-DSA,sign,512,1287207,4943
FN-DSA,sign,512,1285637,4944
FN-DSA,sign,512,1282309,4945
FN-DSA,sign,512,1289141,4946
FN-DSA,sign,512,1286387,4947
FN-DSA,sign,512,1289397,4948
FN-DSA,sign,512,1282542,4949
FN-DSA,sign,512,1285882,4950
FN-DSA,sign,512,1286401,4951
FN-DSA,sign,512,1285201,4952
FN-DSA,sign,512,1290331,4953
FN-DSA,sign,512,1283848,4954
FN-DSA,sign,512,1287323,4955
FN-DSA,sign,512,1283841,4956
FN-DSA,sign,512,1290707,4957
FN-DSA,sign,512,1287894,4958
FN-DSA,sign,512,1288168,4959
FN-DSA,sign,512,1283683,4960
FN-DSA,sign,512,1286504,4961
FN-DSA,sign,512,1288039,4962
FN-DSA,sign,512,1290436,4963
FN-DSA,sign,512,1288999,4964
FN-DSA,sign,512,1283444,4965
FN-DSA,sign,512,1287027,4966
FN-DSA,sign,512,1283978,4967
FN-DSA,sign,512,1286466,4968
FN-DSA,sign,512,1288948,4969
FN-DSA,sign,512,1286500,4970
FN-DSA,sign,512,1283663,4971
FN-DSA,sign,512,1285069,4972
FN-DSA,sign,512,1290634,4973
FN-DSA,sign,512,1285210,4974
FN-DSA,sign,512,1287247,4975
FN-DSA,sign,512,1289351,4976
FN-DSA,sign,512,1290730,4977
FN-DSA,sign,512,1289195,4978
FN-DSA,sign,512,1289840,4979
FN-DSA,sign,512,1283875,4980
FN-DSA,sign,512,1286990,4981
FN-DSA,sign,512,1290628,4982
FN-DSA,sign,512,1287408,4983
FN-DSA,sign,512,1282319,4984
FN-DSA,sign,512,1286935,4985
FN-DSA,sign,512,1282719,4986
FN-DSA,sign,512,1284753,4987
FN-DSA,sign,512,1293509,4988
FN-DSA,sign,512,1286999,4989
FN-DSA,sign,512,1283767,4990
FN-DSA,sign,512,1279649,4991
FN-DSA,sign,512,1287433,4992
FN-DSA,sign,512,1287554,4993
FN-DSA,sign,512,1286388,4994
FN-DSA,sign,512,1289871,4995
FN-DSA,sign,512,1282656,4996
FN-DSA,sign,512,1285817,4997
FN-DSA,sign,512,1285079,4998
FN-DSA,sign,512,1285820,4999
FN-DSA,sign,512,1286611,5000
FN-DSA,sign,512,1289345,5001
FN-DSA,sign,512,1285247,5002
FN-DSA,sign,512,1286642,5003
FN-DSA,sign,512,1285498,5004
FN-DSA,sign,512,1287323,5005
FN-DSA,sign,512,1283313,5006
FN-DSA,sign,512,1288021,5007
FN-DSA,sign,512,1290129,5008
FN-DSA,sign,512,1283574,5009
FN-DSA,sign,512,1286597,5010
FN-DSA,sign,512,1282063,5011
FN-DSA,sign,512,1288649,5012
FN-DSA,sign,512,1288251,5013
FN-DSA,sign,512,1285846,5014
FN-DSA,sign,512,1283430,5015
FN-DSA,sign,512,1281641,5016
FN-DSA,sign,512,1291379,5017
FN-DSA,sign,512,1290118,5018
FN-DSA,sign,512,1289067,5019
FN-DSA,sign,512,1287159,5020
FN-DSA,sign,512,1286181,5021
FN-DSA,sign,512,1289260,5022
FN-DSA,sign,512,1287897,5023
FN-DSA,sign,512,1284468,5024
FN-DSA,sign,512,1289261,5025
FN-DSA,sign,512,1283001,5026
FN-DSA,sign,512,1287286,5027
FN-DSA,sign,512,1285380,5028
FN-DSA,sign,512,1288607,5029
FN-DSA,sign,512,1287904,5030
FN-DSA,sign,512,1282298,5031
FN-DSA,sign,512,1277897,5032
FN-DSA,sign,512,1288075,5033
FN-DSA,sign,512,1280127,5034
FN-DSA,sign,512,1283220,5035
FN-DSA,sign,512,1283288,5036
FN-DSA,sign,512,1287414,5037
FN-DSA,sign,512,1285378,5038
FN-DSA,sign,512,1285788,5039
FN-DSA,sign,512,1283875,5040
FN-DSA,sign,512,1286048,5041
FN-DSA,sign,512,1291092,5042
FN-DSA,sign,512,1289650,5043
FN-DSA,sign,512,1283915,5044
FN-DSA,sign,512,1287279,5045
FN-DSA,sign,512,1286712,5046
FN-DSA,sign,512,1283398,5047
FN-DSA,sign,512,1286375,5048
FN-DSA,sign,512,1288018,5049
FN-DSA,sign,512,1286333,5050
FN-DSA,sign,512,1285865,5051
FN-DSA,sign,512,1287509,5052
FN-DSA,sign,512,1288923,5053
FN-DSA,sign,512,1293540,5054
FN-DSA,sign,512,1285060,5055
FN-DSA,sign,512,1285443,5056
FN-DSA,sign,512,1289549,5057
FN-DSA,sign,512,1288192,5058
FN-DSA,sign,512,1292052,5059
FN-DSA,sign,512,1283279,5060
FN-DSA,sign,512,1284412,5061
FN-DSA,sign,512,1286030,5062
FN-DSA,sign,512,1285598,5063
FN-DSA,sign,512,1286543,5064
FN-DSA,sign,512,1290561,5065
FN-DSA,sign,512,1284662,5066
FN-DSA,sign,512,1285965,5067
FN-DSA,sign,512,1288970,5068
FN-DSA,sign,512,1282737,5069
FN-DSA,sign,512,1288168,5070
FN-DSA,sign,512,1282420,5071
FN-DSA,sign,512,1287465,5072
FN-DSA,sign,512,1291568,5073
FN-DSA,sign,512,1286639,5074
FN-DSA,sign,512,1284812,5075
FN-DSA,sign,512,1286492,5076
FN-DSA,sign,512,1285905,5077
FN-DSA,sign,512,1288115,5078
FN-DSA,sign,512,1289343,5079
FN-DSA,sign,512,1285256,5080
FN-DSA,sign,512,1287039,5081
FN-DSA,sign,512,1290695,5082
FN-DSA,sign,512,1284952,5083
FN-DSA,sign,512,1292419,5084
FN-DSA,sign,512,1287134,5085
FN-DSA,sign,512,1286137,5086
FN-DSA,sign,512,1288541,5087
FN-DSA,sign,512,1284725,5088
FN-DSA,sign,512,1286345,5089
FN-DSA,sign,512,1281679,5090
FN-DSA,sign,512,1289357,5091
FN-DSA,sign,512,1291194,5092
FN-DSA,sign,512,1287136,5093
FN-DSA,sign,512,1281243,5094
FN-DSA,sign,512,1284197,5095
FN-DSA,sign,512,1286740,5096
FN-DSA,sign,512,1281875,5097
FN-DSA,sign,512,1284316,5098
FN-DSA,sign,512,1282068,5099
FN-DSA,sign,512,1289426,5100
FN-DSA,sign,512,1289740,5101
FN-DSA,sign,512,1283540,5102
FN-DSA,sign,512,1286838,5103
FN-DSA,sign,512,1286796,5104
FN-DSA,sign,512,1284282,5105
FN-DSA,sign,512,1287176,5106
FN-DSA,sign,512,1289977,5107
FN-DSA,sign,512,1286699,5108
FN-DSA,sign,512,1284252,5109
FN-DSA,sign,512,1281533,5110
FN-DSA,sign,512,1283706,5111
FN-DSA,sign,512,1286705,5112
FN-DSA,sign,512,1285052,5113
FN-DSA,sign,512,1285998,5114
FN-DSA,sign,512,1279635,5115
FN-DSA,sign,512,1290786,5116
FN-DSA,sign,512,1284984,5117
FN-DSA,sign,512,1286591,5118
FN-DSA,sign,512,1286696,5119
FN-DSA,sign,512,1288725,5120
FN-DSA,sign,512,1291724,5121
FN-DSA,sign,512,1286116,5122
FN-DSA,sign,512,1287497,5123
FN-DSA,sign,512,1282972,5124
FN-DSA,sign,512,1285446,5125
FN-DSA,sign,512,1288881,5126
FN-DSA,sign,512,1284445,5127
FN-DSA,sign,512,1288124,5128
FN-DSA,sign,512,1283239,5129
FN-DSA,sign,512,1287280,5130
FN-DSA,sign,512,1287253,5131
FN-DSA,sign,512,1285471,5132
FN-DSA,sign,512,1286632,5133
FN-DSA,sign,512,1285021,5134
FN-DSA,sign,512,1283264,5135
FN-DSA,sign,512,1287398,5136
FN-DSA,sign,512,1282657,5137
FN-DSA,sign,512,1288032,5138
FN-DSA,sign,512,1285333,5139
FN-DSA,sign,512,1283281,5140
FN-DSA,sign,512,1289934,5141
FN-DSA,sign,512,1290773,5142
FN-DSA,sign,512,1286834,5143
FN-DSA,sign,512,1285928,5144
FN-DSA,sign,512,1287449,5145
FN-DSA,sign,512,1283705,5146
FN-DSA,sign,512,1282762,5147
FN-DSA,sign,512,1286505,5148
FN-DSA,sign,512,1288447,5149
FN-DSA,sign,512,1293006,5150
FN-DSA,sign,512,1285046,5151
FN-DSA,sign,512,1289573,5152
FN-DSA,sign,512,1287399,5153
FN-DSA,sign,512,1289571,5154
FN-DSA,sign,512,1289390,5155
FN-DSA,sign,512,1283837,5156
FN-DSA,sign,512,1278719,5157
FN-DSA,sign,512,1291764,5158
FN-DSA,sign,512,1284706,5159
FN-DSA,sign,512,1287569,5160
FN-DSA,sign,512,1281788,5161
FN-DSA,sign,512,1285614,5162
FN-DSA,sign,512,1289459,5163
FN-DSA,sign,512,1286618,5164
FN-DSA,sign,512,1283317,5165
FN-DSA,sign,512,1287952,5166
FN-DSA,sign,512,1286823,5167
FN-DSA,sign,512,1285400,5168
FN-DSA,sign,512,1283872,5169
FN-DSA,sign,512,1287472,5170
FN-DSA,sign,512,1279906,5171
FN-DSA,sign,512,1292954,5172
FN-DSA,sign,512,1286794,5173
FN-DSA,sign,512,1286916,5174
FN-DSA,sign,512,1285673,5175
FN-DSA,sign,512,1286226,5176
FN-DSA,sign,512,1289223,5177
FN-DSA,sign,512,1286572,5178
FN-DSA,sign,512,1289476,5179
FN-DSA,sign,512,1284679,5180
FN-DSA,sign,512,1288025,5181
FN-DSA,sign,512,1279296,5182
FN-DSA,sign,512,1289354,5183
FN-DSA,sign,512,1289943,5184
FN-DSA,sign,512,1286994,5185
FN-DSA,sign,512,1285016,5186
FN-DSA,sign,512,1283254,5187
FN-DSA,sign,512,1293449,5188
FN-DSA,sign,512,1284562,5189
FN-DSA,sign,512,1285164,5190
FN-DSA,sign,512,1284902,5191
FN-DSA,sign,512,1282029,5192
FN-DSA,sign,512,1289887,5193
FN-DSA,sign,512,1287107,5194
FN-DSA,sign,512,1288552,5195
FN-DSA,sign,512,1280214,5196
FN-DSA,sign,512,1285000,5197
FN-DSA,sign,512,1285664,5198
FN-DSA,sign,512,1286037,5199
FN-DSA,sign,512,1285899,5200
FN-DSA,sign,512,1286054,5201
FN-DSA,sign,512,1285708,5202
FN-DSA,sign,512,1292457,5203
FN-DSA,sign,512,1286878,5204
FN-DSA,sign,512,1287275,5205
FN-DSA,sign,512,1289436,5206
FN-DSA,sign,512,1286026,5207
FN-DSA,sign,512,1286156,5208
FN-DSA,sign,512,1286792,5209
FN-DSA,sign,512,1285462,5210
FN-DSA,sign,512,1285766,5211
FN-DSA,sign,512,1289714,5212
FN-DSA,sign,512,1283450,5213
FN-DSA,sign,512,1281932,5214
FN-DSA,sign,512,1286100,5215
FN-DSA,sign,512,1285496,5216
FN-DSA,sign,512,1286903,5217
FN-DSA,sign,512,1285900,5218
FN-DSA,sign,512,1283589,5219
FN-DSA,sign,512,1281084,5220
FN-DSA,sign,512,1284454,5221
FN-DSA,sign,512,1288324,5222
FN-DSA,sign,512,1289784,5223
FN-DSA,sign,512,1290021,5224
FN-DSA,sign,512,1285062,5225
FN-DSA,sign,512,1281547,5226
FN-DSA,sign,512,1284314,5227
FN-DSA,sign,512,1285247,5228
FN-DSA,sign,512,1289334,5229
FN-DSA,sign,512,1283668,5230
FN-DSA,sign,512,1286654,5231
FN-DSA,sign,512,1284972,5232
FN-DSA,sign,512,1285445,5233
FN-DSA,sign,512,1287541,5234
FN-DSA,sign,512,1280064,5235
FN-DSA,sign,512,1289405,5236
FN-DSA,sign,512,1288144,5237
FN-DSA,sign,512,1283931,5238
FN-DSA,sign,512,1287876,5239
FN-DSA,sign,512,1284803,5240
FN-DSA,sign,512,1285204,5241
FN-DSA,sign,512,1279046,5242
FN-DSA,sign,512,1286313,5243
FN-DSA,sign,512,1283809,5244
FN-DSA,sign,512,1286361,5245
FN-DSA,sign,512,1289601,5246
FN-DSA,sign,512,1287556,5247
FN-DSA,sign,512,1288215,5248
FN-DSA,sign,512,1285472,5249
FN-DSA,sign,512,1286294,5250
FN-DSA,sign,512,1283334,5251
FN-DSA,sign,512,1285944,5252
FN-DSA,sign,512,1283287,5253
FN-DSA,sign,512,1282112,5254
FN-DSA,sign,512,1285753,5255
FN-DSA,sign,512,1282381,5256
FN-DSA,sign,512,1282759,5257
FN-DSA,sign,512,1281672,5258
FN-DSA,sign,512,1281042,5259
FN-DSA,sign,512,1290859,5260
FN-DSA,sign,512,1287197,5261
FN-DSA,sign,512,1294777,5262
FN-DSA,sign,512,1288670,5263
FN-DSA,sign,512,1285909,5264
FN-DSA,sign,512,1286214,5265
FN-DSA,sign,512,1288439,5266
FN-DSA,sign,512,1279605,5267
FN-DSA,sign,512,1285092,5268
FN-DSA,sign,512,1289621,5269
FN-DSA,sign,512,1287976,5270
FN-DSA,sign,512,1286668,5271
FN-DSA,sign,512,1284267,5272
FN-DSA,sign,512,1288080,5273
FN-DSA,sign,512,1288580,5274
FN-DSA,sign,512,1286738,5275
FN-DSA,sign,512,1282293,5276
FN-DSA,sign,512,1282754,5277
FN-DSA,sign,512,1282471,5278
FN-DSA,sign,512,1284275,5279
FN-DSA,sign,512,1288285,5280
FN-DSA,sign,512,1281469,5281
FN-DSA,sign,512,1289905,5282
FN-DSA,sign,512,1285632,5283
FN-DSA,sign,512,1287103,5284
FN-DSA,sign,512,1279787,5285
FN-DSA,sign,512,1280281,5286
FN-DSA,sign,512,1284771,5287
FN-DSA,sign,512,1282700,5288
FN-DSA,sign,512,1287300,5289
FN-DSA,sign,512,1283822,5290
FN-DSA,sign,512,1288775,5291
FN-DSA,sign,512,1285648,5292
FN-DSA,sign,512,1287067,5293
FN-DSA,sign,512,1286668,5294
FN-DSA,sign,512,1291503,5295
FN-DSA,sign,512,1289698,5296
FN-DSA,sign,512,1288507,5297
FN-DSA,sign,512,1287404,5298
FN-DSA,sign,512,1289583,5299
FN-DSA,sign,512,1291098,5300
FN-DSA,sign,512,1288123,5301
FN-DSA,sign,512,1283507,5302
FN-DSA,sign,512,1283726,5303
FN-DSA,sign,512,1288757,5304
FN-DSA,sign,512,1290334,5305
FN-DSA,sign,512,1287975,5306
FN-DSA,sign,512,1289411,5307
FN-DSA,sign,512,1283030,5308
FN-DSA,sign,512,1290006,5309
FN-DSA,sign,512,1287889,5310
FN-DSA,sign,512,1289844,5311
FN-DSA,sign,512,1285860,5312
FN-DSA,sign,512,1288067,5313
FN-DSA,sign,512,1286390,5314
FN-DSA,sign,512,1285184,5315
FN-DSA,sign,512,1281318,5316
FN-DSA,sign,512,1287992,5317
FN-DSA,sign,512,1282822,5318
FN-DSA,sign,512,1282163,5319
FN-DSA,sign,512,1291878,5320
FN-DSA,sign,512,1285520,5321
FN-DSA,sign,512,1284180,5322
FN-DSA,sign,512,1283732,5323
FN-DSA,sign,512,1288533,5324
FN-DSA,sign,512,1289773,5325
FN-DSA,sign,512,1287560,5326
FN-DSA,sign,512,1287064,5327
FN-DSA,sign,512,1283772,5328
FN-DSA,sign,512,1288510,5329
FN-DSA,sign,512,1285562,5330
FN-DSA,sign,512,1290029,5331
FN-DSA,sign,512,1285939,5332
FN-DSA,sign,512,1281456,5333
FN-DSA,sign,512,1281388,5334
FN-DSA,sign,512,1285816,5335
FN-DSA,sign,512,1286355,5336
FN-DSA,sign,512,1286206,5337
FN-DSA,sign,512,1281575,5338
FN-DSA,sign,512,1288811,5339
FN-DSA,sign,512,1287362,5340
FN-DSA,sign,512,1284823,5341
FN-DSA,sign,512,1284948,5342
FN-DSA,sign,512,1285474,5343
FN-DSA,sign,512,1286187,5344
FN-DSA,sign,512,1285765,5345
FN-DSA,sign,512,1284821,5346
FN-DSA,sign,512,1280050,5347
FN-DSA,sign,512,1283591,5348
FN-DSA,sign,512,1285090,5349
FN-DSA,sign,512,1289185,5350
FN-DSA,sign,512,1287516,5351
FN-DSA,sign,512,1284590,5352
FN-DSA,sign,512,1289614,5353
FN-DSA,sign,512,1285397,5354
FN-DSA,sign,512,1285192,5355
FN-DSA,sign,512,1282394,5356
FN-DSA,sign,512,1285161,5357
FN-DSA,sign,512,1288916,5358
FN-DSA,sign,512,1281877,5359
FN-DSA,sign,512,1286918,5360
FN-DSA,sign,512,1281478,5361
FN-DSA,sign,512,1287305,5362
FN-DSA,sign,512,1287244,5363
FN-DSA,sign,512,1286855,5364
FN-DSA,sign,512,1282523,5365
FN-DSA,sign,512,1287004,5366
FN-DSA,sign,512,1283841,5367
FN-DSA,sign,512,1289339,5368
FN-DSA,sign,512,1290273,5369
FN-DSA,sign,512,1290511,5370
FN-DSA,sign,512,1284990,5371
FN-DSA,sign,512,1283194,5372
FN-DSA,sign,512,1290204,5373
FN-DSA,sign,512,1285789,5374
FN-DSA,sign,512,1284820,5375
FN-DSA,sign,512,1286120,5376
FN-DSA,sign,512,1287235,5377
FN-DSA,sign,512,1285686,5378
FN-DSA,sign,512,1287168,5379
FN-DSA,sign,512,1290042,5380
FN-DSA,sign,512,1288199,5381
FN-DSA,sign,512,1286447,5382
FN-DSA,sign,512,1285810,5383
FN-DSA,sign,512,1285021,5384
FN-DSA,sign,512,1288243,5385
FN-DSA,sign,512,1282577,5386
FN-DSA,sign,512,1286815,5387
FN-DSA,sign,512,1285027,5388
FN-DSA,sign,512,1287259,5389
FN-DSA,sign,512,1292780,5390
FN-DSA,sign,512,1289731,5391
FN-DSA,sign,512,1283515,5392
FN-DSA,sign,512,1281463,5393
FN-DSA,sign,512,1283797,5394
FN-DSA,sign,512,1285486,5395
FN-DSA,sign,512,1289509,5396
FN-DSA,sign,512,1287525,5397
FN-DSA,sign,512,1289067,5398
FN-DSA,sign,512,1288754,5399
FN-DSA,sign,512,1289195,5400
FN-DSA,sign,512,1285241,5401
FN-DSA,sign,512,1288617,5402
FN-DSA,sign,512,1290661,5403
FN-DSA,sign,512,1288173,5404
FN-DSA,sign,512,1286907,5405
FN-DSA,sign,512,1280139,5406
FN-DSA,sign,512,1287573,5407
FN-DSA,sign,512,1285250,5408
FN-DSA,sign,512,1287166,5409
FN-DSA,sign,512,1293581,5410
FN-DSA,sign,512,1289844,5411
FN-DSA,sign,512,1289199,5412
FN-DSA,sign,512,1290660,5413
FN-DSA,sign,512,1284780,5414
FN-DSA,sign,512,1284930,5415
FN-DSA,sign,512,1285265,5416
FN-DSA,sign,512,1292357,5417
FN-DSA,sign,512,1280037,5418
FN-DSA,sign,512,1289709,5419
FN-DSA,sign,512,1284741,5420
FN-DSA,sign,512,1283695,5421
FN-DSA,sign,512,1285881,5422
FN-DSA,sign,512,1290291,5423
FN-DSA,sign,512,1286674,5424
FN-DSA,sign,512,1287507,5425
FN-DSA,sign,512,1286539,5426
FN-DSA,sign,512,1284427,5427
FN-DSA,sign,512,1284844,5428
FN-DSA,sign,512,1286163,5429
FN-DSA,sign,512,1289380,5430
FN-DSA,sign,512,1284539,5431
FN-DSA,sign,512,1284962,5432
FN-DSA,sign,512,1288685,5433
FN-DSA,sign,512,1286209,5434
FN-DSA,sign,512,1285657,5435
FN-DSA,sign,512,1285195,5436
FN-DSA,sign,512,1284731,5437
FN-DSA,sign,512,1291250,5438
FN-DSA,sign,512,1289787,5439
FN-DSA,sign,512,1286176,5440
FN-DSA,sign,512,1285282,5441
FN-DSA,sign,512,1285581,5442
FN-DSA,sign,512,1285760,5443
FN-DSA,sign,512,1288643,5444
FN-DSA,sign,512,1285123,5445
FN-DSA,sign,512,1285645,5446
FN-DSA,sign,512,1281161,5447
FN-DSA,sign,512,1288388,5448
FN-DSA,sign,512,1289872,5449
FN-DSA,sign,512,1281858,5450
FN-DSA,sign,512,1288607,5451
FN-DSA,sign,512,1285347,5452
FN-DSA,sign,512,1284464,5453
FN-DSA,sign,512,1290717,5454
FN-DSA,sign,512,1283925,5455
FN-DSA,sign,512,1284837,5456
FN-DSA,sign,512,1288944,5457
FN-DSA,sign,512,1281625,5458
FN-DSA,sign,512,1293473,5459
FN-DSA,sign,512,1284503,5460
FN-DSA,sign,512,1287066,5461
FN-DSA,sign,512,1286192,5462
FN-DSA,sign,512,1283619,5463
FN-DSA,sign,512,1285200,5464
FN-DSA,sign,512,1283624,5465
FN-DSA,sign,512,1286565,5466
FN-DSA,sign,512,1285000,5467
FN-DSA,sign,512,1282708,5468
FN-DSA,sign,512,1289484,5469
FN-DSA,sign,512,1287518,5470
FN-DSA,sign,512,1282384,5471
FN-DSA,sign,512,1292619,5472
FN-DSA,sign,512,1285049,5473
FN-DSA,sign,512,1284637,5474
FN-DSA,sign,512,1288254,5475
FN-DSA,sign,512,1281423,5476
FN-DSA,sign,512,1286322,5477
FN-DSA,sign,512,1283623,5478
FN-DSA,sign,512,1280720,5479
FN-DSA,sign,512,1288607,5480
FN-DSA,sign,512,1290264,5481
FN-DSA,sign,512,1285541,5482
FN-DSA,sign,512,1286862,5483
FN-DSA,sign,512,1286890,5484
FN-DSA,sign,512,1288276,5485
FN-DSA,sign,512,1285906,5486
FN-DSA,sign,512,1284968,5487
FN-DSA,sign,512,1289730,5488
FN-DSA,sign,512,1284638,5489
FN-DSA,sign,512,1289257,5490
FN-DSA,sign,512,1288892,5491
FN-DSA,sign,512,1282805,5492
FN-DSA,sign,512,1281913,5493
FN-DSA,sign,512,1288087,5494
FN-DSA,sign,512,1278887,5495
FN-DSA,sign,512,1287311,5496
FN-DSA,sign,512,1288552,5497
FN-DSA,sign,512,1286308,5498
FN-DSA,sign,512,1288221,5499
FN-DSA,sign,512,1289098,5500
FN-DSA,sign,512,1285276,5501
FN-DSA,sign,512,1285988,5502
FN-DSA,sign,512,1288421,5503
FN-DSA,sign,512,1288796,5504
FN-DSA,sign,512,1286881,5505
FN-DSA,sign,512,1289619,5506
FN-DSA,sign,512,1283785,5507
FN-DSA,sign,512,1290967,5508
FN-DSA,sign,512,1287220,5509
FN-DSA,sign,512,1281324,5510
FN-DSA,sign,512,1284229,5511
FN-DSA,sign,512,1285819,5512
FN-DSA,sign,512,1290606,5513
FN-DSA,sign,512,1284422,5514
FN-DSA,sign,512,1281866,5515
FN-DSA,sign,512,1283521,5516
FN-DSA,sign,512,1287219,5517
FN-DSA,sign,512,1286590,5518
FN-DSA,sign,512,1284325,5519
FN-DSA,sign,512,1284730,5520
FN-DSA,sign,512,1286728,5521
FN-DSA,sign,512,1287508,5522
FN-DSA,sign,512,1291563,5523
FN-DSA,sign,512,1284748,5524
FN-DSA,sign,512,1281040,5525
FN-DSA,sign,512,1288268,5526
FN-DSA,sign,512,1284244,5527
FN-DSA,sign,512,1290473,5528
FN-DSA,sign,512,1289389,5529
FN-DSA,sign,512,1283146,5530
FN-DSA,sign,512,1286806,5531
FN-DSA,sign,512,1290366,5532
FN-DSA,sign,512,1293653,5533
FN-DSA,sign,512,1285897,5534
FN-DSA,sign,512,1288365,5535
FN-DSA,sign,512,1285408,5536
FN-DSA,sign,512,1281963,5537
FN-DSA,sign,512,1281452,5538
FN-DSA,sign,512,1285403,5539
FN-DSA,sign,512,1280809,5540
FN-DSA,sign,512,1289955,5541
FN-DSA,sign,512,1289621,5542
FN-DSA,sign,512,1286737,5543
FN-DSA,sign,512,1287415,5544
FN-DSA,sign,512,1279071,5545
FN-DSA,sign,512,1285937,5546
FN-DSA,sign,512,1284381,5547
FN-DSA,sign,512,1291641,5548
FN-DSA,sign,512,1290483,5549
FN-DSA,sign,512,1287512,5550
FN-DSA,sign,512,1282635,5551
FN-DSA,sign,512,1282079,5552
FN-DSA,sign,512,1291610,5553
FN-DSA,sign,512,1289792,5554
FN-DSA,sign,512,1282478,5555
FN-DSA,sign,512,1294409,5556
FN-DSA,sign,512,1286654,5557
FN-DSA,sign,512,1286515,5558
FN-DSA,sign,512,1286354,5559
FN-DSA,sign,512,1283617,5560
FN-DSA,sign,512,1287499,5561
FN-DSA,sign,512,1285513,5562
FN-DSA,sign,512,1286965,5563
FN-DSA,sign,512,1286346,5564
FN-DSA,sign,512,1288693,5565
FN-DSA,sign,512,1291758,5566
FN-DSA,sign,512,1286082,5567
FN-DSA,sign,512,1285007,5568
FN-DSA,sign,512,1290554,5569
FN-DSA,sign,512,1284478,5570
FN-DSA,sign,512,1284734,5571
FN-DSA,sign,512,1284676,5572
FN-DSA,sign,512,1287012,5573
FN-DSA,sign,512,1294396,5574
FN-DSA,sign,512,1284626,5575
FN-DSA,sign,512,1286612,5576
FN-DSA,sign,512,1288224,5577
FN-DSA,sign,512,1286079,5578
FN-DSA,sign,512,1287346,5579
FN-DSA,sign,512,1280812,5580
FN-DSA,sign,512,1281867,5581
FN-DSA,sign,512,1282620,5582
FN-DSA,sign,512,1286799,5583
FN-DSA,sign,512,1289091,5584
FN-DSA,sign,512,1288072,5585
FN-DSA,sign,512,1287899,5586
FN-DSA,sign,512,1286330,5587
FN-DSA,sign,512,1286630,5588
FN-DSA,sign,512,1284896,5589
FN-DSA,sign,512,1289776,5590
FN-DSA,sign,512,1285689,5591
FN-DSA,sign,512,1288467,5592
FN-DSA,sign,512,1284615,5593
FN-DSA,sign,512,1287507,5594
FN-DSA,sign,512,1293671,5595
FN-DSA,sign,512,1289125,5596
FN-DSA,sign,512,1288017,5597
FN-DSA,sign,512,1286206,5598
FN-DSA,sign,512,1288962,5599
FN-DSA,sign,512,1289258,5600
FN-DSA,sign,512,1287068,5601
FN-DSA,sign,512,1286516,5602
FN-DSA,sign,512,1285182,5603
FN-DSA,sign,512,1286628,5604
FN-DSA,sign,512,1285017,5605
FN-DSA,sign,512,1281560,5606
FN-DSA,sign,512,1290495,5607
FN-DSA,sign,512,1288037,5608
FN-DSA,sign,512,1285652,5609
FN-DSA,sign,512,1282781,5610
FN-DSA,sign,512,1285195,5611
FN-DSA,sign,512,1284402,5612
FN-DSA,sign,512,1282484,5613
FN-DSA,sign,512,1282096,5614
FN-DSA,sign,512,1284699,5615
FN-DSA,sign,512,1289146,5616
FN-DSA,sign,512,1288124,5617
FN-DSA,sign,512,1287926,5618
FN-DSA,sign,512,1287593,5619
FN-DSA,sign,512,1290312,5620
FN-DSA,sign,512,1289560,5621
FN-DSA,sign,512,1286559,5622
FN-DSA,sign,512,1285783,5623
FN-DSA,sign,512,1289985,5624
FN-DSA,sign,512,1286654,5625
FN-DSA,sign,512,1287098,5626
FN-DSA,sign,512,1284536,5627
FN-DSA,sign,512,1281757,5628
FN-DSA,sign,512,1284698,5629
FN-DSA,sign,512,1283074,5630
FN-DSA,sign,512,1286471,5631
FN-DSA,sign,512,1286388,5632
FN-DSA,sign,512,1286973,5633
FN-DSA,sign,512,1288251,5634
FN-DSA,sign,512,1289438,5635
FN-DSA,sign,512,1289200,5636
FN-DSA,sign,512,1288949,5637
FN-DSA,sign,512,1287026,5638
FN-DSA,sign,512,1282492,5639
FN-DSA,sign,512,1293013,5640
FN-DSA,sign,512,1285573,5641
FN-DSA,sign,512,1285946,5642
FN-DSA,sign,512,1285469,5643
FN-DSA,sign,512,1283769,5644
FN-DSA,sign,512,1288245,5645
FN-DSA,sign,512,1286360,5646
FN-DSA,sign,512,1289213,5647
FN-DSA,sign,512,1284372,5648
FN-DSA,sign,512,1285854,5649
FN-DSA,sign,512,1284439,5650
FN-DSA,sign,512,1286792,5651
FN-DSA,sign,512,1285250,5652
FN-DSA,sign,512,1283926,5653
FN-DSA,sign,512,1290340,5654
FN-DSA,sign,512,1288172,5655
FN-DSA,sign,512,1286672,5656
FN-DSA,sign,512,1284657,5657
FN-DSA,sign,512,1286357,5658
FN-DSA,sign,512,1284517,5659
FN-DSA,sign,512,1288873,5660
FN-DSA,sign,512,1289537,5661
FN-DSA,sign,512,1287467,5662
FN-DSA,sign,512,1281045,5663
FN-DSA,sign,512,1282001,5664
FN-DSA,sign,512,1292116,5665
FN-DSA,sign,512,1289745,5666
FN-DSA,sign,512,1283312,5667
FN-DSA,sign,512,1285006,5668
FN-DSA,sign,512,1285737,5669
FN-DSA,sign,512,1287346,5670
FN-DSA,sign,512,1289005,5671
FN-DSA,sign,512,1283910,5672
FN-DSA,sign,512,1283838,5673
FN-DSA,sign,512,1288818,5674
FN-DSA,sign,512,1287806,5675
FN-DSA,sign,512,1288705,5676
FN-DSA,sign,512,1289361,5677
FN-DSA,sign,512,1289265,5678
FN-DSA,sign,512,1285508,5679
FN-DSA,sign,512,1282959,5680
FN-DSA,sign,512,1284957,5681
FN-DSA,sign,512,1292396,5682
FN-DSA,sign,512,1287860,5683
FN-DSA,sign,512,1290650,5684
FN-DSA,sign,512,1287804,5685
FN-DSA,sign,512,1287890,5686
FN-DSA,sign,512,1291596,5687
FN-DSA,sign,512,1289644,5688
FN-DSA,sign,512,1282383,5689
FN-DSA,sign,512,1282243,5690
FN-DSA,sign,512,1289776,5691
FN-DSA,sign,512,1286003,5692
FN-DSA,sign,512,1286678,5693
FN-DSA,sign,512,1288534,5694
FN-DSA,sign,512,1289582,5695
FN-DSA,sign,512,1289240,5696
FN-DSA,sign,512,1283449,5697
FN-DSA,sign,512,1283378,5698
FN-DSA,sign,512,1281323,5699
FN-DSA,sign,512,1286936,5700
FN-DSA,sign,512,1291456,5701
FN-DSA,sign,512,1287331,5702
FN-DSA,sign,512,1288363,5703
FN-DSA,sign,512,1286135,5704
FN-DSA,sign,512,1284805,5705
FN-DSA,sign,512,1287082,5706
FN-DSA,sign,512,1285252,5707
FN-DSA,sign,512,1285098,5708
FN-DSA,sign,512,1284708,5709
FN-DSA,sign,512,1282099,5710
FN-DSA,sign,512,1282851,5711
FN-DSA,sign,512,1286014,5712
FN-DSA,sign,512,1285617,5713
FN-DSA,sign,512,1286427,5714
FN-DSA,sign,512,1286627,5715
FN-DSA,sign,512,1287125,5716
FN-DSA,sign,512,1287049,5717
FN-DSA,sign,512,1289591,5718
FN-DSA,sign,512,1290951,5719
FN-DSA,sign,512,1291056,5720
FN-DSA,sign,512,1286161,5721
FN-DSA,sign,512,1287062,5722
FN-DSA,sign,512,1286488,5723
FN-DSA,sign,512,1283420,5724
FN-DSA,sign,512,1287939,5725
FN-DSA,sign,512,1287395,5726
FN-DSA,sign,512,1284833,5727
FN-DSA,sign,512,1286249,5728
FN-DSA,sign,512,1282879,5729
FN-DSA,sign,512,1294006,5730
FN-DSA,sign,512,1283491,5731
FN-DSA,sign,512,1288327,5732
FN-DSA,sign,512,1282384,5733
FN-DSA,sign,512,1285961,5734
FN-DSA,sign,512,1290183,5735
FN-DSA,sign,512,1283388,5736
FN-DSA,sign,512,1285080,5737
FN-DSA,sign,512,1290285,5738
FN-DSA,sign,512,1288792,5739
FN-DSA,sign,512,1282946,5740
FN-DSA,sign,512,1282414,5741
FN-DSA,sign,512,1290111,5742
FN-DSA,sign,512,1288965,5743
FN-DSA,sign,512,1287453,5744
FN-DSA,sign,512,1285266,5745
FN-DSA,sign,512,1286981,5746
FN-DSA,sign,512,1289193,5747
FN-DSA,sign,512,1288441,5748
FN-DSA,sign,512,1288069,5749
FN-DSA,sign,512,1282962,5750
FN-DSA,sign,512,1286688,5751
FN-DSA,sign,512,1281446,5752
FN-DSA,sign,512,1284612,5753
FN-DSA,sign,512,1287451,5754
FN-DSA,sign,512,1287894,5755
FN-DSA,sign,512,1285000,5756
FN-DSA,sign,512,1286231,5757
FN-DSA,sign,512,1288706,5758
FN-DSA,sign,512,1285595,5759
FN-DSA,sign,512,1286099,5760
FN-DSA,sign,512,1288830,5761
FN-DSA,sign,512,1285175,5762
FN-DSA,sign,512,1285326,5763
FN-DSA,sign,512,1282658,5764
FN-DSA,sign,512,1285654,5765
FN-DSA,sign,512,1282141,5766
FN-DSA,sign,512,1285054,5767
FN-DSA,sign,512,1287117,5768
FN-DSA,sign,512,1285956,5769
FN-DSA,sign,512,1289249,5770
FN-DSA,sign,512,1286150,5771
FN-DSA,sign,512,1289377,5772
FN-DSA,sign,512,1286041,5773
FN-DSA,sign,512,1289824,5774
FN-DSA,sign,512,1291839,5775
FN-DSA,sign,512,1285028,5776
FN-DSA,sign,512,1289631,5777
FN-DSA,sign,512,1287542,5778
FN-DSA,sign,512,1288835,5779
FN-DSA,sign,512,1280895,5780
FN-DSA,sign,512,1286761,5781
FN-DSA,sign,512,1284822,5782
FN-DSA,sign,512,1293103,5783
FN-DSA,sign,512,1287859,5784
FN-DSA,sign,512,1287209,5785
FN-DSA,sign,512,1286588,5786
FN-DSA,sign,512,1287897,5787
FN-DSA,sign,512,1284861,5788
FN-DSA,sign,512,1282380,5789
FN-DSA,sign,512,1288244,5790
FN-DSA,sign,512,1285028,5791
FN-DSA,sign,512,1288145,5792
FN-DSA,sign,512,1287106,5793
FN-DSA,sign,512,1293482,5794
FN-DSA,sign,512,1290603,5795
FN-DSA,sign,512,1283144,5796
FN-DSA,sign,512,1288418,5797
FN-DSA,sign,512,1285059,5798
FN-DSA,sign,512,1286026,5799
FN-DSA,sign,512,1288564,5800
FN-DSA,sign,512,1290928,5801
FN-DSA,sign,512,1287171,5802
FN-DSA,sign,512,1290254,5803
FN-DSA,sign,512,1290033,5804
FN-DSA,sign,512,1287868,5805
FN-DSA,sign,512,1283925,5806
FN-DSA,sign,512,1285980,5807
FN-DSA,sign,512,1285748,5808
FN-DSA,sign,512,1284201,5809
FN-DSA,sign,512,1286632,5810
FN-DSA,sign,512,1287455,5811
FN-DSA,sign,512,1291017,5812
FN-DSA,sign,512,1285207,5813
FN-DSA,sign,512,1288075,5814
FN-DSA,sign,512,1282112,5815
FN-DSA,sign,512,1288869,5816
FN-DSA,sign,512,1286239,5817
FN-DSA,sign,512,1287204,5818
FN-DSA,sign,512,1286443,5819
FN-DSA,sign,512,1282115,5820
FN-DSA,sign,512,1284944,5821
FN-DSA,sign,512,1282150,5822
FN-DSA,sign,512,1283737,5823
FN-DSA,sign,512,1288165,5824
FN-DSA,sign,512,1282761,5825
FN-DSA,sign,512,1288698,5826
FN-DSA,sign,512,1284897,5827
FN-DSA,sign,512,1281982,5828
FN-DSA,sign,512,1280089,5829
FN-DSA,sign,512,1286516,5830
FN-DSA,sign,512,1288385,5831
FN-DSA,sign,512,1284546,5832
FN-DSA,sign,512,1286781,5833
FN-DSA,sign,512,1281340,5834
FN-DSA,sign,512,1289595,5835
FN-DSA,sign,512,1284881,5836
FN-DSA,sign,512,1286268,5837
FN-DSA,sign,512,1287365,5838
FN-DSA,sign,512,1289042,5839
FN-DSA,sign,512,1288002,5840
FN-DSA,sign,512,1285612,5841
FN-DSA,sign,512,1283491,5842
FN-DSA,sign,512,1283426,5843
FN-DSA,sign,512,1286154,5844
FN-DSA,sign,512,1285046,5845
FN-DSA,sign,512,1283468,5846
FN-DSA,sign,512,1290843,5847
FN-DSA,sign,512,1288536,5848
FN-DSA,sign,512,1281026,5849
FN-DSA,sign,512,1285177,5850
FN-DSA,sign,512,1285565,5851
FN-DSA,sign,512,1285252,5852
FN-DSA,sign,512,1287222,5853
FN-DSA,sign,512,1287009,5854
FN-DSA,sign,512,1285266,5855
FN-DSA,sign,512,1285586,5856
FN-DSA,sign,512,1285682,5857
FN-DSA,sign,512,1290210,5858
FN-DSA,sign,512,1285514,5859
FN-DSA,sign,512,1286740,5860
FN-DSA,sign,512,1288343,5861
FN-DSA,sign,512,1283703,5862
FN-DSA,sign,512,1286435,5863
FN-DSA,sign,512,1284893,5864
FN-DSA,sign,512,1288772,5865
FN-DSA,sign,512,1287269,5866
FN-DSA,sign,512,1284342,5867
FN-DSA,sign,512,1289913,5868
FN-DSA,sign,512,1288610,5869
FN-DSA,sign,512,1288805,5870
FN-DSA,sign,512,1289462,5871
FN-DSA,sign,512,1289670,5872
FN-DSA,sign,512,1282553,5873
FN-DSA,sign,512,1283698,5874
FN-DSA,sign,512,1290565,5875
FN-DSA,sign,512,1288585,5876
FN-DSA,sign,512,1283136,5877
FN-DSA,sign,512,1288126,5878
FN-DSA,sign,512,1290427,5879
FN-DSA,sign,512,1284200,5880
FN-DSA,sign,512,1286331,5881
FN-DSA,sign,512,1285195,5882
FN-DSA,sign,512,1288981,5883
FN-DSA,sign,512,1285138,5884
FN-DSA,sign,512,1291464,5885
FN-DSA,sign,512,1285691,5886
FN-DSA,sign,512,1292202,5887
FN-DSA,sign,512,1288900,5888
FN-DSA,sign,512,1284983,5889
FN-DSA,sign,512,1288921,5890
FN-DSA,sign,512,1285558,5891
FN-DSA,sign,512,1285125,5892
FN-DSA,sign,512,1285488,5893
FN-DSA,sign,512,1287894,5894
FN-DSA,sign,512,1287912,5895
FN-DSA,sign,512,1284453,5896
FN-DSA,sign,512,1286792,5897
FN-DSA,sign,512,1282851,5898
FN-DSA,sign,512,1286633,5899
FN-DSA,sign,512,1288117,5900
FN-DSA,sign,512,1283380,5901
FN-DSA,sign,512,1286530,5902
FN-DSA,sign,512,1282702,5903
FN-DSA,sign,512,1286268,5904
FN-DSA,sign,512,1288687,5905
FN-DSA,sign,512,1283411,5906
FN-DSA,sign,512,1278217,5907
FN-DSA,sign,512,1287126,5908
FN-DSA,sign,512,1284834,5909
FN-DSA,sign,512,1285157,5910
FN-DSA,sign,512,1291066,5911
FN-DSA,sign,512,1284789,5912
FN-DSA,sign,512,1290240,5913
FN-DSA,sign,512,1287215,5914
FN-DSA,sign,512,1288883,5915
FN-DSA,sign,512,1290871,5916
FN-DSA,sign,512,1286407,5917
FN-DSA,sign,512,1285651,5918
FN-DSA,sign,512,1287084,5919
FN-DSA,sign,512,1285598,5920
FN-DSA,sign,512,1282693,5921
FN-DSA,sign,512,1285187,5922
FN-DSA,sign,512,1283305,5923
FN-DSA,sign,512,1288235,5924
FN-DSA,sign,512,1285306,5925
FN-DSA,sign,512,1285914,5926
FN-DSA,sign,512,1294324,5927
FN-DSA,sign,512,1289981,5928
FN-DSA,sign,512,1284547,5929
FN-DSA,sign,512,1295020,5930
FN-DSA,sign,512,1283250,5931
FN-DSA,sign,512,1283046,5932
FN-DSA,sign,512,1289621,5933
FN-DSA,sign,512,1288481,5934
FN-DSA,sign,512,1285546,5935
FN-DSA,sign,512,1287854,5936
FN-DSA,sign,512,1282059,5937
FN-DSA,sign,512,1287449,5938
FN-DSA,sign,512,1286473,5939
FN-DSA,sign,512,1285588,5940
FN-DSA,sign,512,1285193,5941
FN-DSA,sign,512,1286986,5942
FN-DSA,sign,512,1282913,5943
FN-DSA,sign,512,1283912,5944
FN-DSA,sign,512,1286608,5945
FN-DSA,sign,512,1288684,5946
FN-DSA,sign,512,1287037,5947
FN-DSA,sign,512,1280982,5948
FN-DSA,sign,512,1290485,5949
FN-DSA,sign,512,1287520,5950
FN-DSA,sign,512,1285749,5951
FN-DSA,sign,512,1282450,5952
FN-DSA,sign,512,1287893,5953
FN-DSA,sign,512,1287259,5954
FN-DSA,sign,512,1285018,5955
FN-DSA,sign,512,1290377,5956
FN-DSA,sign,512,1287496,5957
FN-DSA,sign,512,1287379,5958
FN-DSA,sign,512,1293585,5959
FN-DSA,sign,512,1286448,5960
FN-DSA,sign,512,1286196,5961
FN-DSA,sign,512,1287204,5962
FN-DSA,sign,512,1287317,5963
FN-DSA,sign,512,1285485,5964
FN-DSA,sign,512,1289151,5965
FN-DSA,sign,512,1287607,5966
FN-DSA,sign,512,1288144,5967
FN-DSA,sign,512,1284730,5968
FN-DSA,sign,512,1288007,5969
FN-DSA,sign,512,1283198,5970
FN-DSA,sign,512,1290404,5971
FN-DSA,sign,512,1286902,5972
FN-DSA,sign,512,1285636,5973
FN-DSA,sign,512,1281629,5974
FN-DSA,sign,512,1277608,5975
FN-DSA,sign,512,1291125,5976
FN-DSA,sign,512,1285492,5977
FN-DSA,sign,512,1286624,5978
FN-DSA,sign,512,1282580,5979
FN-DSA,sign,512,1283715,5980
FN-DSA,sign,512,1284401,5981
FN-DSA,sign,512,1286078,5982
FN-DSA,sign,512,1290299,5983
FN-DSA,sign,512,1287691,5984
FN-DSA,sign,512,1287042,5985
FN-DSA,sign,512,1285589,5986
FN-DSA,sign,512,1290956,5987
FN-DSA,sign,512,1285743,5988
FN-DSA,sign,512,1285307,5989
FN-DSA,sign,512,1290444,5990
FN-DSA,sign,512,1281433,5991
FN-DSA,sign,512,1285195,5992
FN-DSA,sign,512,1284312,5993
FN-DSA,sign,512,1284401,5994
FN-DSA,sign,512,1287302,5995
FN-DSA,sign,512,1290485,5996
FN-DSA,sign,512,1287396,5997
FN-DSA,sign,512,1287446,5998
FN-DSA,sign,512,1283851,5999
FN-DSA,sign,512,1285440,6000
FN-DSA,sign,512,1284819,6001
FN-DSA,sign,512,1288099,6002
FN-DSA,sign,512,1284592,6003
FN-DSA,sign,512,1289727,6004
FN-DSA,sign,512,1281173,6005
FN-DSA,sign,512,1283338,6006
FN-DSA,sign,512,1284994,6007
FN-DSA,sign,512,1289512,6008
FN-DSA,sign,512,1294012,6009
FN-DSA,sign,512,1287456,6010
FN-DSA,sign,512,1288893,6011
FN-DSA,sign,512,1281024,6012
FN-DSA,sign,512,1285625,6013
FN-DSA,sign,512,1286012,6014
FN-DSA,sign,512,1285471,6015
FN-DSA,sign,512,1283131,6016
FN-DSA,sign,512,1290585,6017
FN-DSA,sign,512,1285846,6018
FN-DSA,sign,512,1285126,6019
FN-DSA,sign,512,1286060,6020
FN-DSA,sign,512,1291618,6021
FN-DSA,sign,512,1288967,6022
FN-DSA,sign,512,1286177,6023
FN-DSA,sign,512,1284347,6024
FN-DSA,sign,512,1282921,6025
FN-DSA,sign,512,1287409,6026
FN-DSA,sign,512,1285383,6027
FN-DSA,sign,512,1284783,6028
FN-DSA,sign,512,1284293,6029
FN-DSA,sign,512,1291809,6030
FN-DSA,sign,512,1283414,6031
FN-DSA,sign,512,1288494,6032
FN-DSA,sign,512,1286691,6033
FN-DSA,sign,512,1290566,6034
FN-DSA,sign,512,1290214,6035
FN-DSA,sign,512,1292128,6036
FN-DSA,sign,512,1292891,6037
FN-DSA,sign,512,1287921,6038
FN-DSA,sign,512,1289128,6039
FN-DSA,sign,512,1285227,6040
FN-DSA,sign,512,1284618,6041
FN-DSA,sign,512,1287252,6042
FN-DSA,sign,512,1287128,6043
FN-DSA,sign,512,1289045,6044
FN-DSA,sign,512,1288923,6045
FN-DSA,sign,512,1287374,6046
FN-DSA,sign,512,1288086,6047
FN-DSA,sign,512,1282204,6048
FN-DSA,sign,512,1286878,6049
FN-DSA,sign,512,1285129,6050
FN-DSA,sign,512,1287998,6051
FN-DSA,sign,512,1291129,6052
FN-DSA,sign,512,1285517,6053
FN-DSA,sign,512,1286406,6054
FN-DSA,sign,512,1287316,6055
FN-DSA,sign,512,1290042,6056
FN-DSA,sign,512,1285375,6057
FN-DSA,sign,512,1290569,6058
FN-DSA,sign,512,1290126,6059
FN-DSA,sign,512,1289990,6060
FN-DSA,sign,512,1284304,6061
FN-DSA,sign,512,1282451,6062
FN-DSA,sign,512,1285558,6063
FN-DSA,sign,512,1285581,6064
FN-DSA,sign,512,1288770,6065
FN-DSA,sign,512,1285494,6066
FN-DSA,sign,512,1282920,6067
FN-DSA,sign,512,1282805,6068
FN-DSA,sign,512,1282726,6069
FN-DSA,sign,512,1289298,6070
FN-DSA,sign,512,1289926,6071
FN-DSA,sign,512,1282229,6072
FN-DSA,sign,512,1281922,6073
FN-DSA,sign,512,1286289,6074
FN-DSA,sign,512,1288110,6075
FN-DSA,sign,512,1287078,6076
FN-DSA,sign,512,1282518,6077
FN-DSA,sign,512,1282260,6078
FN-DSA,sign,512,1289086,6079
FN-DSA,sign,512,1288018,6080
FN-DSA,sign,512,1282835,6081
FN-DSA,sign,512,1291888,6082
FN-DSA,sign,512,1283327,6083
FN-DSA,sign,512,1288803,6084
FN-DSA,sign,512,1285614,6085
FN-DSA,sign,512,1288705,6086
FN-DSA,sign,512,1285368,6087
FN-DSA,sign,512,1286579,6088
FN-DSA,sign,512,1279494,6089
FN-DSA,sign,512,1285919,6090
FN-DSA,sign,512,1288407,6091
FN-DSA,sign,512,1287009,6092
FN-DSA,sign,512,1284990,6093
FN-DSA,sign,512,1290300,6094
FN-DSA,sign,512,1286836,6095
FN-DSA,sign,512,1284769,6096
FN-DSA,sign,512,1286513,6097
FN-DSA,sign,512,1279589,6098
FN-DSA,sign,512,1285491,6099
FN-DSA,sign,512,1286194,6100
FN-DSA,sign,512,1286576,6101
FN-DSA,sign,512,1288947,6102
FN-DSA,sign,512,1289326,6103
FN-DSA,sign,512,1290104,6104
FN-DSA,sign,512,1284714,6105
FN-DSA,sign,512,1282378,6106
FN-DSA,sign,512,1284245,6107
FN-DSA,sign,512,1286309,6108
FN-DSA,sign,512,1291412,6109
FN-DSA,sign,512,1285336,6110
FN-DSA,sign,512,1281876,6111
FN-DSA,sign,512,1287102,6112
FN-DSA,sign,512,1281735,6113
FN-DSA,sign,512,1283292,6114
FN-DSA,sign,512,1284787,6115
FN-DSA,sign,512,1287035,6116
FN-DSA,sign,512,1286992,6117
FN-DSA,sign,512,1285281,6118
FN-DSA,sign,512,1281925,6119
FN-DSA,sign,512,1285277,6120
FN-DSA,sign,512,1280217,6121
FN-DSA,sign,512,1294353,6122
FN-DSA,sign,512,1284466,6123
FN-DSA,sign,512,1287194,6124
FN-DSA,sign,512,1285310,6125
FN-DSA,sign,512,1279263,6126
FN-DSA,sign,512,1284470,6127
FN-DSA,sign,512,1289021,6128
FN-DSA,sign,512,1283438,6129
FN-DSA,sign,512,1291458,6130
FN-DSA,sign,512,1287098,6131
FN-DSA,sign,512,1286412,6132
FN-DSA,sign,512,1288728,6133
FN-DSA,sign,512,1288006,6134
FN-DSA,sign,512,1292834,6135
FN-DSA,sign,512,1286404,6136
FN-DSA,sign,512,1283285,6137
FN-DSA,sign,512,1286460,6138
FN-DSA,sign,512,1288903,6139
FN-DSA,sign,512,1286902,6140
FN-DSA,sign,512,1282696,6141
FN-DSA,sign,512,1283777,6142
FN-DSA,sign,512,1290877,6143
FN-DSA,sign,512,1289737,6144
FN-DSA,sign,512,1290409,6145
FN-DSA,sign,512,1286443,6146
FN-DSA,sign,512,1286966,6147
FN-DSA,sign,512,1284702,6148
FN-DSA,sign,512,1283600,6149
FN-DSA,sign,512,1287585,6150
FN-DSA,sign,512,1285804,6151
FN-DSA,sign,512,1288673,6152
FN-DSA,sign,512,1289038,6153
FN-DSA,sign,512,1292294,6154
FN-DSA,sign,512,1284577,6155
FN-DSA,sign,512,1286774,6156
FN-DSA,sign,512,1284268,6157
FN-DSA,sign,512,1283720,6158
FN-DSA,sign,512,1284362,6159
FN-DSA,sign,512,1286358,6160
FN-DSA,sign,512,1280034,6161
FN-DSA,sign,512,1284667,6162
FN-DSA,sign,512,1286580,6163
FN-DSA,sign,512,1283174,6164
FN-DSA,sign,512,1286960,6165
FN-DSA,sign,512,1287253,6166
FN-DSA,sign,512,1287467,6167
FN-DSA,sign,512,1284988,6168
FN-DSA,sign,512,1287573,6169
FN-DSA,sign,512,1286916,6170
FN-DSA,sign,512,1287987,6171
FN-DSA,sign,512,1288607,6172
FN-DSA,sign,512,1289698,6173
FN-DSA,sign,512,1288495,6174
FN-DSA,sign,512,1289328,6175
FN-DSA,sign,512,1288209,6176
FN-DSA,sign,512,1284908,6177
FN-DSA,sign,512,1287833,6178
FN-DSA,sign,512,1285293,6179
FN-DSA,sign,512,1287328,6180
FN-DSA,sign,512,1285788,6181
FN-DSA,sign,512,1285451,6182
FN-DSA,sign,512,1292204,6183
FN-DSA,sign,512,1287104,6184
FN-DSA,sign,512,1282774,6185
FN-DSA,sign,512,1284732,6186
FN-DSA,sign,512,1287412,6187
FN-DSA,sign,512,1285257,6188
FN-DSA,sign,512,1286787,6189
FN-DSA,sign,512,1288136,6190
FN-DSA,sign,512,1290757,6191
FN-DSA,sign,512,1287033,6192
FN-DSA,sign,512,1289343,6193
FN-DSA,sign,512,1287275,6194
FN-DSA,sign,512,1285883,6195
FN-DSA,sign,512,1287557,6196
FN-DSA,sign,512,1289343,6197
FN-DSA,sign,512,1289655,6198
FN-DSA,sign,512,1289762,6199
FN-DSA,sign,512,1288301,6200
FN-DSA,sign,512,1290140,6201
FN-DSA,sign,512,1279021,6202
FN-DSA,sign,512,1289464,6203
FN-DSA,sign,512,1285556,6204
FN-DSA,sign,512,1288061,6205
FN-DSA,sign,512,1290006,6206
FN-DSA,sign,512,1285150,6207
FN-DSA,sign,512,1285509,6208
FN-DSA,sign,512,1288799,6209
FN-DSA,sign,512,1287548,6210
FN-DSA,sign,512,1280921,6211
FN-DSA,sign,512,1286392,6212
FN-DSA,sign,512,1285809,6213
FN-DSA,sign,512,1285884,6214
FN-DSA,sign,512,1291183,6215
FN-DSA,sign,512,1287113,6216
FN-DSA,sign,512,1287519,6217
FN-DSA,sign,512,1283287,6218
FN-DSA,sign,512,1286710,6219
FN-DSA,sign,512,1286804,6220
FN-DSA,sign,512,1283476,6221
FN-DSA,sign,512,1282400,6222
FN-DSA,sign,512,1284783,6223
FN-DSA,sign,512,1289241,6224
FN-DSA,sign,512,1284608,6225
FN-DSA,sign,512,1283707,6226
FN-DSA,sign,512,1284362,6227
FN-DSA,sign,512,1291967,6228
FN-DSA,sign,512,1281672,6229
FN-DSA,sign,512,1290276,6230
FN-DSA,sign,512,1289388,6231
FN-DSA,sign,512,1283559,6232
FN-DSA,sign,512,1291970,6233
FN-DSA,sign,512,1285550,6234
FN-DSA,sign,512,1287212,6235
FN-DSA,sign,512,1284510,6236
FN-DSA,sign,512,1288892,6237
FN-DSA,sign,512,1287498,6238
FN-DSA,sign,512,1286709,6239
FN-DSA,sign,512,1284240,6240
FN-DSA,sign,512,1288243,6241
FN-DSA,sign,512,1286963,6242
FN-DSA,sign,512,1284191,6243
FN-DSA,sign,512,1291557,6244
FN-DSA,sign,512,1285543,6245
FN-DSA,sign,512,1289183,6246
FN-DSA,sign,512,1290677,6247
FN-DSA,sign,512,1283212,6248
FN-DSA,sign,512,1288638,6249
FN-DSA,sign,512,1283836,6250
FN-DSA,sign,512,1287984,6251
FN-DSA,sign,512,1292285,6252
FN-DSA,sign,512,1289266,6253
FN-DSA,sign,512,1287894,6254
FN-DSA,sign,512,1282802,6255
FN-DSA,sign,512,1285164,6256
FN-DSA,sign,512,1291547,6257
FN-DSA,sign,512,1286032,6258
FN-DSA,sign,512,1292254,6259
FN-DSA,sign,512,1284656,6260
FN-DSA,sign,512,1284794,6261
FN-DSA,sign,512,1284820,6262
FN-DSA,sign,512,1283855,6263
FN-DSA,sign,512,1287241,6264
FN-DSA,sign,512,1283324,6265
FN-DSA,sign,512,1281896,6266
FN-DSA,sign,512,1288987,6267
FN-DSA,sign,512,1285543,6268
FN-DSA,sign,512,1287178,6269
FN-DSA,sign,512,1282194,6270
FN-DSA,sign,512,1285153,6271
FN-DSA,sign,512,1288273,6272
FN-DSA,sign,512,1281036,6273
FN-DSA,sign,512,1286436,6274
FN-DSA,sign,512,1288786,6275
FN-DSA,sign,512,1286716,6276
FN-DSA,sign,512,1284364,6277
FN-DSA,sign,512,1281906,6278
FN-DSA,sign,512,1288407,6279
FN-DSA,sign,512,1288693,6280
FN-DSA,sign,512,1287019,6281
FN-DSA,sign,512,1284716,6282
FN-DSA,sign,512,1282826,6283
FN-DSA,sign,512,1286843,6284
FN-DSA,sign,512,1286847,6285
FN-DSA,sign,512,1289392,6286
FN-DSA,sign,512,1284478,6287
FN-DSA,sign,512,1288532,6288
FN-DSA,sign,512,1286028,6289
FN-DSA,sign,512,1283331,6290
FN-DSA,sign,512,1282472,6291
FN-DSA,sign,512,1282219,6292
FN-DSA,sign,512,1283358,6293
FN-DSA,sign,512,1288822,6294
FN-DSA,sign,512,1288296,6295
FN-DSA,sign,512,1284554,6296
FN-DSA,sign,512,1287308,6297
FN-DSA,sign,512,1285460,6298
FN-DSA,sign,512,1286032,6299
FN-DSA,sign,512,1288439,6300
FN-DSA,sign,512,1289803,6301
FN-DSA,sign,512,1286666,6302
FN-DSA,sign,512,1293476,6303
FN-DSA,sign,512,1286929,6304
FN-DSA,sign,512,1284316,6305
FN-DSA,sign,512,1286007,6306
FN-DSA,sign,512,1279673,6307
FN-DSA,sign,512,1288096,6308
FN-DSA,sign,512,1290929,6309
FN-DSA,sign,512,1290911,6310
FN-DSA,sign,512,1285966,6311
FN-DSA,sign,512,1289239,6312
FN-DSA,sign,512,1285340,6313
FN-DSA,sign,512,1289942,6314
FN-DSA,sign,512,1285909,6315
FN-DSA,sign,512,1290868,6316
FN-DSA,sign,512,1281974,6317
FN-DSA,sign,512,1283821,6318
FN-DSA,sign,512,1286724,6319
FN-DSA,sign,512,1292572,6320
FN-DSA,sign,512,1286667,6321
FN-DSA,sign,512,1289075,6322
FN-DSA,sign,512,1289092,6323
FN-DSA,sign,512,1286861,6324
FN-DSA,sign,512,1288576,6325
FN-DSA,sign,512,1282997,6326
FN-DSA,sign,512,1285604,6327
FN-DSA,sign,512,1286718,6328
FN-DSA,sign,512,1287810,6329
FN-DSA,sign,512,1288113,6330
FN-DSA,sign,512,1289000,6331
FN-DSA,sign,512,1286941,6332
FN-DSA,sign,512,1280013,6333
FN-DSA,sign,512,1284823,6334
FN-DSA,sign,512,1283123,6335
FN-DSA,sign,512,1286804,6336
FN-DSA,sign,512,1286781,6337
FN-DSA,sign,512,1281422,6338
FN-DSA,sign,512,1282843,6339
FN-DSA,sign,512,1283214,6340
FN-DSA,sign,512,1285671,6341
FN-DSA,sign,512,1287203,6342
FN-DSA,sign,512,1284906,6343
FN-DSA,sign,512,1290100,6344
FN-DSA,sign,512,1285621,6345
FN-DSA,sign,512,1286698,6346
FN-DSA,sign,512,1282428,6347
FN-DSA,sign,512,1286402,6348
FN-DSA,sign,512,1289641,6349
FN-DSA,sign,512,1286206,6350
FN-DSA,sign,512,1288166,6351
FN-DSA,sign,512,1287799,6352
FN-DSA,sign,512,1286120,6353
FN-DSA,sign,512,1283399,6354
FN-DSA,sign,512,1286613,6355
FN-DSA,sign,512,1287802,6356
FN-DSA,sign,512,1285927,6357
FN-DSA,sign,512,1285068,6358
FN-DSA,sign,512,1289722,6359
FN-DSA,sign,512,1285207,6360
FN-DSA,sign,512,1289526,6361
FN-DSA,sign,512,1285269,6362
FN-DSA,sign,512,1289563,6363
FN-DSA,sign,512,1287336,6364
FN-DSA,sign,512,1284836,6365
FN-DSA,sign,512,1289406,6366
FN-DSA,sign,512,1285159,6367
FN-DSA,sign,512,1285123,6368
FN-DSA,sign,512,1284284,6369
FN-DSA,sign,512,1284496,6370
FN-DSA,sign,512,1287073,6371
FN-DSA,sign,512,1287984,6372
FN-DSA,sign,512,1282204,6373
FN-DSA,sign,512,1283380,6374
FN-DSA,sign,512,1285504,6375
FN-DSA,sign,512,1289086,6376
FN-DSA,sign,512,1287086,6377
FN-DSA,sign,512,1286090,6378
FN-DSA,sign,512,1283951,6379
FN-DSA,sign,512,1287016,6380
FN-DSA,sign,512,1283189,6381
FN-DSA,sign,512,1285018,6382
FN-DSA,sign,512,1293683,6383
FN-DSA,sign,512,1285895,6384
FN-DSA,sign,512,1286092,6385
FN-DSA,sign,512,1290151,6386
FN-DSA,sign,512,1282351,6387
FN-DSA,sign,512,1286068,6388
FN-DSA,sign,512,1287440,6389
FN-DSA,sign,512,1285770,6390
FN-DSA,sign,512,1285407,6391
FN-DSA,sign,512,1286341,6392
FN-DSA,sign,512,1286364,6393
FN-DSA,sign,512,1288786,6394
FN-DSA,sign,512,1287843,6395
FN-DSA,sign,512,1285296,6396
FN-DSA,sign,512,1291651,6397
FN-DSA,sign,512,1292320,6398
FN-DSA,sign,512,1292139,6399
FN-DSA,sign,512,1288472,6400
FN-DSA,sign,512,1282965,6401
FN-DSA,sign,512,1286952,6402
FN-DSA,sign,512,1289260,6403
FN-DSA,sign,512,1287367,6404
FN-DSA,sign,512,1283846,6405
FN-DSA,sign,512,1284604,6406
FN-DSA,sign,512,1285673,6407
FN-DSA,sign,512,1285894,6408
FN-DSA,sign,512,1284994,6409
FN-DSA,sign,512,1286812,6410
FN-DSA,sign,512,1284703,6411
FN-DSA,sign,512,1289697,6412
FN-DSA,sign,512,1288563,6413
FN-DSA,sign,512,1282224,6414
FN-DSA,sign,512,1286396,6415
FN-DSA,sign,512,1286503,6416
FN-DSA,sign,512,1291611,6417
FN-DSA,sign,512,1284772,6418
FN-DSA,sign,512,1285723,6419
FN-DSA,sign,512,1284585,6420
FN-DSA,sign,512,1285974,6421
FN-DSA,sign,512,1285799,6422
FN-DSA,sign,512,1288754,6423
FN-DSA,sign,512,1288185,6424
FN-DSA,sign,512,1286810,6425
FN-DSA,sign,512,1290247,6426
FN-DSA,sign,512,1292460,6427
FN-DSA,sign,512,1283975,6428
FN-DSA,sign,512,1286858,6429
FN-DSA,sign,512,1287440,6430
FN-DSA,sign,512,1288816,6431
FN-DSA,sign,512,1284818,6432
FN-DSA,sign,512,1287248,6433
FN-DSA,sign,512,1288801,6434
FN-DSA,sign,512,1290750,6435
FN-DSA,sign,512,1283164,6436
FN-DSA,sign,512,1292751,6437
FN-DSA,sign,512,1288128,6438
FN-DSA,sign,512,1287298,6439
FN-DSA,sign,512,1284179,6440
FN-DSA,sign,512,1289487,6441
FN-DSA,sign,512,1286666,6442
FN-DSA,sign,512,1285546,6443
FN-DSA,sign,512,1286913,6444
FN-DSA,sign,512,1286592,6445
FN-DSA,sign,512,1287483,6446
FN-DSA,sign,512,1284559,6447
FN-DSA,sign,512,1283321,6448
FN-DSA,sign,512,1283912,6449
FN-DSA,sign,512,1289167,6450
FN-DSA,sign,512,1289163,6451
FN-DSA,sign,512,1283550,6452
FN-DSA,sign,512,1284734,6453
FN-DSA,sign,512,1285781,6454
FN-DSA,sign,512,1286690,6455
FN-DSA,sign,512,1284441,6456
FN-DSA,sign,512,1282538,6457
FN-DSA,sign,512,1282047,6458
FN-DSA,sign,512,1290398,6459
FN-DSA,sign,512,1282971,6460
FN-DSA,sign,512,1289829,6461
FN-DSA,sign,512,1289934,6462
FN-DSA,sign,512,1284928,6463
FN-DSA,sign,512,1285011,6464
FN-DSA,sign,512,1285924,6465
FN-DSA,sign,512,1287518,6466
FN-DSA,sign,512,1288067,6467
FN-DSA,sign,512,1284924,6468
FN-DSA,sign,512,1282123,6469
FN-DSA,sign,512,1287013,6470
FN-DSA,sign,512,1285884,6471
FN-DSA,sign,512,1287337,6472
FN-DSA,sign,512,1284484,6473
FN-DSA,sign,512,1285371,6474
FN-DSA,sign,512,1285090,6475
FN-DSA,sign,512,1289553,6476
FN-DSA,sign,512,1285291,6477
FN-DSA,sign,512,1286198,6478
FN-DSA,sign,512,1287080,6479
FN-DSA,sign,512,1283774,6480
FN-DSA,sign,512,1282377,6481
FN-DSA,sign,512,1283164,6482
FN-DSA,sign,512,1285166,6483
FN-DSA,sign,512,1287036,6484
FN-DSA,sign,512,1290462,6485
FN-DSA,sign,512,1286591,6486
FN-DSA,sign,512,1286368,6487
FN-DSA,sign,512,1286172,6488
FN-DSA,sign,512,1288610,6489
FN-DSA,sign,512,1285110,6490
FN-DSA,sign,512,1281404,6491
FN-DSA,sign,512,1286623,6492
FN-DSA,sign,512,1285604,6493
FN-DSA,sign,512,1285390,6494
FN-DSA,sign,512,1292921,6495
FN-DSA,sign,512,1287383,6496
FN-DSA,sign,512,1289446,6497
FN-DSA,sign,512,1287886,6498
FN-DSA,sign,512,1287147,6499
FN-DSA,sign,512,1287208,6500
FN-DSA,sign,512,1285567,6501
FN-DSA,sign,512,1285714,6502
FN-DSA,sign,512,1292843,6503
FN-DSA,sign,512,1284834,6504
FN-DSA,sign,512,1286760,6505
FN-DSA,sign,512,1287973,6506
FN-DSA,sign,512,1283810,6507
FN-DSA,sign,512,1286950,6508
FN-DSA,sign,512,1291507,6509
FN-DSA,sign,512,1284408,6510
FN-DSA,sign,512,1284598,6511
FN-DSA,sign,512,1288364,6512
FN-DSA,sign,512,1287963,6513
FN-DSA,sign,512,1288197,6514
FN-DSA,sign,512,1282188,6515
FN-DSA,sign,512,1290429,6516
FN-DSA,sign,512,1282660,6517
FN-DSA,sign,512,1288001,6518
FN-DSA,sign,512,1287855,6519
FN-DSA,sign,512,1286589,6520
FN-DSA,sign,512,1282305,6521
FN-DSA,sign,512,1284981,6522
FN-DSA,sign,512,1289437,6523
FN-DSA,sign,512,1282610,6524
FN-DSA,sign,512,1289984,6525
FN-DSA,sign,512,1287173,6526
FN-DSA,sign,512,1282777,6527
FN-DSA,sign,512,1287805,6528
FN-DSA,sign,512,1289930,6529
FN-DSA,sign,512,1283246,6530
FN-DSA,sign,512,1286633,6531
FN-DSA,sign,512,1285335,6532
FN-DSA,sign,512,1290563,6533
FN-DSA,sign,512,1280223,6534
FN-DSA,sign,512,1290006,6535
FN-DSA,sign,512,1280652,6536
FN-DSA,sign,512,1288948,6537
FN-DSA,sign,512,1288804,6538
FN-DSA,sign,512,1289760,6539
FN-DSA,sign,512,1285453,6540
FN-DSA,sign,512,1279741,6541
FN-DSA,sign,512,1289773,6542
FN-DSA,sign,512,1289450,6543
FN-DSA,sign,512,1288600,6544
FN-DSA,sign,512,1283392,6545
FN-DSA,sign,512,1285330,6546
FN-DSA,sign,512,1285074,6547
FN-DSA,sign,512,1288132,6548
FN-DSA,sign,512,1288279,6549
FN-DSA,sign,512,1286403,6550
FN-DSA,sign,512,1286370,6551
FN-DSA,sign,512,1292855,6552
FN-DSA,sign,512,1291551,6553
FN-DSA,sign,512,1285628,6554
FN-DSA,sign,512,1283626,6555
FN-DSA,sign,512,1285358,6556
FN-DSA,sign,512,1283046,6557
FN-DSA,sign,512,1287930,6558
FN-DSA,sign,512,1284669,6559
FN-DSA,sign,512,1285375,6560
FN-DSA,sign,512,1281908,6561
FN-DSA,sign,512,1285926,6562
FN-DSA,sign,512,1286181,6563
FN-DSA,sign,512,1285428,6564
FN-DSA,sign,512,1289227,6565
FN-DSA,sign,512,1290213,6566
FN-DSA,sign,512,1286432,6567
FN-DSA,sign,512,1280829,6568
FN-DSA,sign,512,1284430,6569
FN-DSA,sign,512,1286436,6570
FN-DSA,sign,512,1286047,6571
FN-DSA,sign,512,1288726,6572
FN-DSA,sign,512,1285454,6573
FN-DSA,sign,512,1289483,6574
FN-DSA,sign,512,1284918,6575
FN-DSA,sign,512,1290499,6576
FN-DSA,sign,512,1286387,6577
FN-DSA,sign,512,1287931,6578
FN-DSA,sign,512,1285079,6579
FN-DSA,sign,512,1285907,6580
FN-DSA,sign,512,1292025,6581
FN-DSA,sign,512,1285555,6582
FN-DSA,sign,512,1284433,6583
FN-DSA,sign,512,1285790,6584
FN-DSA,sign,512,1290167,6585
FN-DSA,sign,512,1285221,6586
FN-DSA,sign,512,1288408,6587
FN-DSA,sign,512,1283807,6588
FN-DSA,sign,512,1288089,6589
FN-DSA,sign,512,1289545,6590
FN-DSA,sign,512,1284744,6591
FN-DSA,sign,512,1282910,6592
FN-DSA,sign,512,1284620,6593
FN-DSA,sign,512,1290980,6594
FN-DSA,sign,512,1290203,6595
FN-DSA,sign,512,1286037,6596
FN-DSA,sign,512,1288495,6597
FN-DSA,sign,512,1283750,6598
FN-DSA,sign,512,1294156,6599
FN-DSA,sign,512,1284851,6600
FN-DSA,sign,512,1287947,6601
FN-DSA,sign,512,1288767,6602
FN-DSA,sign,512,1290553,6603
FN-DSA,sign,512,1280098,6604
FN-DSA,sign,512,1284628,6605
FN-DSA,sign,512,1285037,6606
FN-DSA,sign,512,1287334,6607
FN-DSA,sign,512,1282738,6608
FN-DSA,sign,512,1284317,6609
FN-DSA,sign,512,1283236,6610
FN-DSA,sign,512,1289575,6611
FN-DSA,sign,512,1288011,6612
FN-DSA,sign,512,1286646,6613
FN-DSA,sign,512,1285031,6614
FN-DSA,sign,512,1286008,6615
FN-DSA,sign,512,1286472,6616
FN-DSA,sign,512,1288140,6617
FN-DSA,sign,512,1288272,6618
FN-DSA,sign,512,1285317,6619
FN-DSA,sign,512,1282462,6620
FN-DSA,sign,512,1287504,6621
FN-DSA,sign,512,1284390,6622
FN-DSA,sign,512,1289421,6623
FN-DSA,sign,512,1286514,6624
FN-DSA,sign,512,1288007,6625
FN-DSA,sign,512,1286216,6626
FN-DSA,sign,512,1285674,6627
FN-DSA,sign,512,1288904,6628
FN-DSA,sign,512,1287125,6629
FN-DSA,sign,512,1284445,6630
FN-DSA,sign,512,1284179,6631
FN-DSA,sign,512,1288927,6632
FN-DSA,sign,512,1288594,6633
FN-DSA,sign,512,1285552,6634
FN-DSA,sign,512,1285793,6635
FN-DSA,sign,512,1288574,6636
FN-DSA,sign,512,1285329,6637
FN-DSA,sign,512,1282687,6638
FN-DSA,sign,512,1286481,6639
FN-DSA,sign,512,1287881,6640
FN-DSA,sign,512,1282381,6641
FN-DSA,sign,512,1284848,6642
FN-DSA,sign,512,1288187,6643
FN-DSA,sign,512,1287859,6644
FN-DSA,sign,512,1287529,6645
FN-DSA,sign,512,1287176,6646
FN-DSA,sign,512,1287473,6647
FN-DSA,sign,512,1287117,6648
FN-DSA,sign,512,1289701,6649
FN-DSA,sign,512,1289200,6650
FN-DSA,sign,512,1288416,6651
FN-DSA,sign,512,1285986,6652
FN-DSA,sign,512,1285831,6653
FN-DSA,sign,512,1286053,6654
FN-DSA,sign,512,1285734,6655
FN-DSA,sign,512,1287198,6656
FN-DSA,sign,512,1282853,6657
FN-DSA,sign,512,1285920,6658
FN-DSA,sign,512,1286102,6659
FN-DSA,sign,512,1288657,6660
FN-DSA,sign,512,1288147,6661
FN-DSA,sign,512,1285857,6662
FN-DSA,sign,512,1286872,6663
FN-DSA,sign,512,1286503,6664
FN-DSA,sign,512,1283288,6665
FN-DSA,sign,512,1287042,6666
FN-DSA,sign,512,1292800,6667
FN-DSA,sign,512,1285169,6668
FN-DSA,sign,512,1285639,6669
FN-DSA,sign,512,1282213,6670
FN-DSA,sign,512,1281548,6671
FN-DSA,sign,512,1283846,6672
FN-DSA,sign,512,1279995,6673
FN-DSA,sign,512,1284408,6674
FN-DSA,sign,512,1283497,6675
FN-DSA,sign,512,1285922,6676
FN-DSA,sign,512,1285270,6677
FN-DSA,sign,512,1283158,6678
FN-DSA,sign,512,1283439,6679
FN-DSA,sign,512,1283857,6680
FN-DSA,sign,512,1286387,6681
FN-DSA,sign,512,1290658,6682
FN-DSA,sign,512,1279813,6683
FN-DSA,sign,512,1287289,6684
FN-DSA,sign,512,1284857,6685
FN-DSA,sign,512,1283444,6686
FN-DSA,sign,512,1288744,6687
FN-DSA,sign,512,1289290,6688
FN-DSA,sign,512,1290673,6689
FN-DSA,sign,512,1283596,6690
FN-DSA,sign,512,1287481,6691
FN-DSA,sign,512,1288658,6692
FN-DSA,sign,512,1282662,6693
FN-DSA,sign,512,1286832,6694
FN-DSA,sign,512,1283858,6695
FN-DSA,sign,512,1288518,6696
FN-DSA,sign,512,1289872,6697
FN-DSA,sign,512,1286537,6698
FN-DSA,sign,512,1286898,6699
FN-DSA,sign,512,1285633,6700
FN-DSA,sign,512,1288575,6701
FN-DSA,sign,512,1284637,6702
FN-DSA,sign,512,1289098,6703
FN-DSA,sign,512,1286170,6704
FN-DSA,sign,512,1287099,6705
FN-DSA,sign,512,1283725,6706
FN-DSA,sign,512,1287017,6707
FN-DSA,sign,512,1290972,6708
FN-DSA,sign,512,1285397,6709
FN-DSA,sign,512,1284583,6710
FN-DSA,sign,512,1285653,6711
FN-DSA,sign,512,1289023,6712
FN-DSA,sign,512,1289452,6713
FN-DSA,sign,512,1286580,6714
FN-DSA,sign,512,1290158,6715
FN-DSA,sign,512,1288665,6716
FN-DSA,sign,512,1282019,6717
FN-DSA,sign,512,1288139,6718
FN-DSA,sign,512,1289092,6719
FN-DSA,sign,512,1290452,6720
FN-DSA,sign,512,1285988,6721
FN-DSA,sign,512,1284943,6722
FN-DSA,sign,512,1285063,6723
FN-DSA,sign,512,1285479,6724
FN-DSA,sign,512,1285670,6725
FN-DSA,sign,512,1283178,6726
FN-DSA,sign,512,1284808,6727
FN-DSA,sign,512,1283915,6728
FN-DSA,sign,512,1284301,6729
FN-DSA,sign,512,1283947,6730
FN-DSA,sign,512,1285998,6731
FN-DSA,sign,512,1283286,6732
FN-DSA,sign,512,1286274,6733
FN-DSA,sign,512,1283286,6734
FN-DSA,sign,512,1285360,6735
FN-DSA,sign,512,1289729,6736
FN-DSA,sign,512,1284641,6737
FN-DSA,sign,512,1290127,6738
FN-DSA,sign,512,1287521,6739
FN-DSA,sign,512,1286769,6740
FN-DSA,sign,512,1288029,6741
FN-DSA,sign,512,1288198,6742
FN-DSA,sign,512,1284190,6743
FN-DSA,sign,512,1283555,6744
FN-DSA,sign,512,1287787,6745
FN-DSA,sign,512,1288353,6746
FN-DSA,sign,512,1283875,6747
FN-DSA,sign,512,1285638,6748
FN-DSA,sign,512,1289689,6749
FN-DSA,sign,512,1286442,6750
FN-DSA,sign,512,1289343,6751
FN-DSA,sign,512,1284807,6752
FN-DSA,sign,512,1290965,6753
FN-DSA,sign,512,1288418,6754
FN-DSA,sign,512,1287107,6755
FN-DSA,sign,512,1293493,6756
FN-DSA,sign,512,1288485,6757
FN-DSA,sign,512,1287131,6758
FN-DSA,sign,512,1288293,6759
FN-DSA,sign,512,1283099,6760
FN-DSA,sign,512,1285935,6761
FN-DSA,sign,512,1289008,6762
FN-DSA,sign,512,1286385,6763
FN-DSA,sign,512,1288383,6764
FN-DSA,sign,512,1283741,6765
FN-DSA,sign,512,1282512,6766
FN-DSA,sign,512,1287080,6767
FN-DSA,sign,512,1287195,6768
FN-DSA,sign,512,1290351,6769
FN-DSA,sign,512,1283786,6770
FN-DSA,sign,512,1286121,6771
FN-DSA,sign,512,1280046,6772
FN-DSA,sign,512,1287426,6773
FN-DSA,sign,512,1288085,6774
FN-DSA,sign,512,1286838,6775
FN-DSA,sign,512,1285366,6776
FN-DSA,sign,512,1289993,6777
FN-DSA,sign,512,1284747,6778
FN-DSA,sign,512,1279097,6779
FN-DSA,sign,512,1286598,6780
FN-DSA,sign,512,1284996,6781
FN-DSA,sign,512,1292251,6782
FN-DSA,sign,512,1288043,6783
FN-DSA,sign,512,1288722,6784
FN-DSA,sign,512,1281712,6785
FN-DSA,sign,512,1284411,6786
FN-DSA,sign,512,1286890,6787
FN-DSA,sign,512,1289118,6788
FN-DSA,sign,512,1291718,6789
FN-DSA,sign,512,1290793,6790
FN-DSA,sign,512,1290550,6791
FN-DSA,sign,512,1286136,6792
FN-DSA,sign,512,1286498,6793
FN-DSA,sign,512,1286502,6794
FN-DSA,sign,512,1287356,6795
FN-DSA,sign,512,1286035,6796
FN-DSA,sign,512,1283330,6797
FN-DSA,sign,512,1281892,6798
FN-DSA,sign,512,1287224,6799
FN-DSA,sign,512,1284623,6800
FN-DSA,sign,512,1288387,6801
FN-DSA,sign,512,1284698,6802
FN-DSA,sign,512,1287090,6803
FN-DSA,sign,512,1278214,6804
FN-DSA,sign,512,1283361,6805
FN-DSA,sign,512,1286232,6806
FN-DSA,sign,512,1286188,6807
FN-DSA,sign,512,1288145,6808
FN-DSA,sign,512,1287101,6809
FN-DSA,sign,512,1286213,6810
FN-DSA,sign,512,1289950,6811
FN-DSA,sign,512,1287027,6812
FN-DSA,sign,512,1288385,6813
FN-DSA,sign,512,1288958,6814
FN-DSA,sign,512,1288111,6815
FN-DSA,sign,512,1288660,6816
FN-DSA,sign,512,1287203,6817
FN-DSA,sign,512,1291849,6818
FN-DSA,sign,512,1288320,6819
FN-DSA,sign,512,1285137,6820
FN-DSA,sign,512,1289808,6821
FN-DSA,sign,512,1284572,6822
FN-DSA,sign,512,1281205,6823
FN-DSA,sign,512,1286583,6824
FN-DSA,sign,512,1286527,6825
FN-DSA,sign,512,1288658,6826
FN-DSA,sign,512,1283800,6827
FN-DSA,sign,512,1281180,6828
FN-DSA,sign,512,1291581,6829
FN-DSA,sign,512,1288425,6830
FN-DSA,sign,512,1287920,6831
FN-DSA,sign,512,1285269,6832
FN-DSA,sign,512,1284636,6833
FN-DSA,sign,512,1283838,6834
FN-DSA,sign,512,1285668,6835
FN-DSA,sign,512,1284711,6836
FN-DSA,sign,512,1286547,6837
FN-DSA,sign,512,1292055,6838
FN-DSA,sign,512,1287221,6839
FN-DSA,sign,512,1282462,6840
FN-DSA,sign,512,1283183,6841
FN-DSA,sign,512,1283587,6842
FN-DSA,sign,512,1288829,6843
FN-DSA,sign,512,1289332,6844
FN-DSA,sign,512,1287261,6845
FN-DSA,sign,512,1285195,6846
FN-DSA,sign,512,1289837,6847
FN-DSA,sign,512,1285832,6848
FN-DSA,sign,512,1281550,6849
FN-DSA,sign,512,1281764,6850
FN-DSA,sign,512,1287891,6851
FN-DSA,sign,512,1288917,6852
FN-DSA,sign,512,1286633,6853
FN-DSA,sign,512,1282713,6854
FN-DSA,sign,512,1284986,6855
FN-DSA,sign,512,1288876,6856
FN-DSA,sign,512,1288980,6857
FN-DSA,sign,512,1282971,6858
FN-DSA,sign,512,1286477,6859
FN-DSA,sign,512,1286800,6860
FN-DSA,sign,512,1283202,6861
FN-DSA,sign,512,1285685,6862
FN-DSA,sign,512,1284576,6863
FN-DSA,sign,512,1286025,6864
FN-DSA,sign,512,1291813,6865
FN-DSA,sign,512,1286746,6866
FN-DSA,sign,512,1288156,6867
FN-DSA,sign,512,1281762,6868
FN-DSA,sign,512,1286427,6869
FN-DSA,sign,512,1288003,6870
FN-DSA,sign,512,1282623,6871
FN-DSA,sign,512,1285824,6872
FN-DSA,sign,512,1286599,6873
FN-DSA,sign,512,1285822,6874
FN-DSA,sign,512,1284314,6875
FN-DSA,sign,512,1283915,6876
FN-DSA,sign,512,1286821,6877
FN-DSA,sign,512,1289586,6878
FN-DSA,sign,512,1285360,6879
FN-DSA,sign,512,1291960,6880
FN-DSA,sign,512,1285990,6881
FN-DSA,sign,512,1289316,6882
FN-DSA,sign,512,1280810,6883
FN-DSA,sign,512,1286427,6884
FN-DSA,sign,512,1290282,6885
FN-DSA,sign,512,1294500,6886
FN-DSA,sign,512,1287232,6887
FN-DSA,sign,512,1289754,6888
FN-DSA,sign,512,1284942,6889
FN-DSA,sign,512,1287417,6890
FN-DSA,sign,512,1286265,6891
FN-DSA,sign,512,1287568,6892
FN-DSA,sign,512,1283934,6893
FN-DSA,sign,512,1285565,6894
FN-DSA,sign,512,1284468,6895
FN-DSA,sign,512,1288670,6896
FN-DSA,sign,512,1287499,6897
FN-DSA,sign,512,1284762,6898
FN-DSA,sign,512,1286509,6899
FN-DSA,sign,512,1283361,6900
FN-DSA,sign,512,1288000,6901
FN-DSA,sign,512,1288274,6902
FN-DSA,sign,512,1286314,6903
FN-DSA,sign,512,1288062,6904
FN-DSA,sign,512,1287536,6905
FN-DSA,sign,512,1287058,6906
FN-DSA,sign,512,1283619,6907
FN-DSA,sign,512,1279338,6908
FN-DSA,sign,512,1288254,6909
FN-DSA,sign,512,1289852,6910
FN-DSA,sign,512,1283661,6911
FN-DSA,sign,512,1286582,6912
FN-DSA,sign,512,1282924,6913
FN-DSA,sign,512,1293376,6914
FN-DSA,sign,512,1283734,6915
FN-DSA,sign,512,1291829,6916
FN-DSA,sign,512,1285322,6917
FN-DSA,sign,512,1285126,6918
FN-DSA,sign,512,1288819,6919
FN-DSA,sign,512,1289543,6920
FN-DSA,sign,512,1288979,6921
FN-DSA,sign,512,1283848,6922
FN-DSA,sign,512,1280852,6923
FN-DSA,sign,512,1285626,6924
FN-DSA,sign,512,1283770,6925
FN-DSA,sign,512,1287147,6926
FN-DSA,sign,512,1288211,6927
FN-DSA,sign,512,1286007,6928
FN-DSA,sign,512,1285570,6929
FN-DSA,sign,512,1283246,6930
FN-DSA,sign,512,1281317,6931
FN-DSA,sign,512,1285957,6932
FN-DSA,sign,512,1286710,6933
FN-DSA,sign,512,1284770,6934
FN-DSA,sign,512,1287161,6935
FN-DSA,sign,512,1281075,6936
FN-DSA,sign,512,1290701,6937
FN-DSA,sign,512,1291053,6938
FN-DSA,sign,512,1290307,6939
FN-DSA,sign,512,1283453,6940
FN-DSA,sign,512,1286826,6941
FN-DSA,sign,512,1288993,6942
FN-DSA,sign,512,1287037,6943
FN-DSA,sign,512,1288192,6944
FN-DSA,sign,512,1287119,6945
FN-DSA,sign,512,1286228,6946
FN-DSA,sign,512,1285912,6947
FN-DSA,sign,512,1286266,6948
FN-DSA,sign,512,1286636,6949
FN-DSA,sign,512,1285366,6950
FN-DSA,sign,512,1282464,6951
FN-DSA,sign,512,1284709,6952
FN-DSA,sign,512,1285330,6953
FN-DSA,sign,512,1283555,6954
FN-DSA,sign,512,1286162,6955
FN-DSA,sign,512,1286821,6956
FN-DSA,sign,512,1288865,6957
FN-DSA,sign,512,1288289,6958
FN-DSA,sign,512,1289233,6959
FN-DSA,sign,512,1283311,6960
FN-DSA,sign,512,1288206,6961
FN-DSA,sign,512,1287006,6962
FN-DSA,sign,512,1283621,6963
FN-DSA,sign,512,1289044,6964
FN-DSA,sign,512,1282767,6965
FN-DSA,sign,512,1288400,6966
FN-DSA,sign,512,1285537,6967
FN-DSA,sign,512,1282189,6968
FN-DSA,sign,512,1284318,6969
FN-DSA,sign,512,1291008,6970
FN-DSA,sign,512,1283899,6971
FN-DSA,sign,512,1281823,6972
FN-DSA,sign,512,1281739,6973
FN-DSA,sign,512,1284660,6974
FN-DSA,sign,512,1283260,6975
FN-DSA,sign,512,1284201,6976
FN-DSA,sign,512,1286662,6977
FN-DSA,sign,512,1284377,6978
FN-DSA,sign,512,1284820,6979
FN-DSA,sign,512,1286132,6980
FN-DSA,sign,512,1288132,6981
FN-DSA,sign,512,1288831,6982
FN-DSA,sign,512,1287385,6983
FN-DSA,sign,512,1284623,6984
FN-DSA,sign,512,1286160,6985
FN-DSA,sign,512,1290274,6986
FN-DSA,sign,512,1284884,6987
FN-DSA,sign,512,1284382,6988
FN-DSA,sign,512,1288048,6989
FN-DSA,sign,512,1280254,6990
FN-DSA,sign,512,1287274,6991
FN-DSA,sign,512,1288507,6992
FN-DSA,sign,512,1289654,6993
FN-DSA,sign,512,1288956,6994
FN-DSA,sign,512,1289175,6995
FN-DSA,sign,512,1283773,6996
FN-DSA,sign,512,1287971,6997
FN-DSA,sign,512,1282437,6998
FN-DSA,sign,512,1285890,6999
FN-DSA,sign,512,1290055,7000
FN-DSA,sign,512,1287832,7001
FN-DSA,sign,512,1288450,7002
FN-DSA,sign,512,1288755,7003
FN-DSA,sign,512,1286946,7004
FN-DSA,sign,512,1289473,7005
FN-DSA,sign,512,1285377,7006
FN-DSA,sign,512,1285844,7007
FN-DSA,sign,512,1284924,7008
FN-DSA,sign,512,1289267,7009
FN-DSA,sign,512,1288734,7010
FN-DSA,sign,512,1285827,7011
FN-DSA,sign,512,1291594,7012
FN-DSA,sign,512,1282594,7013
FN-DSA,sign,512,1283086,7014
FN-DSA,sign,512,1286338,7015
FN-DSA,sign,512,1288559,7016
FN-DSA,sign,512,1281172,7017
FN-DSA,sign,512,1282436,7018
FN-DSA,sign,512,1287917,7019
FN-DSA,sign,512,1281739,7020
FN-DSA,sign,512,1288055,7021
FN-DSA,sign,512,1286596,7022
FN-DSA,sign,512,1283197,7023
FN-DSA,sign,512,1292176,7024
FN-DSA,sign,512,1283266,7025
FN-DSA,sign,512,1284395,7026
FN-DSA,sign,512,1283825,7027
FN-DSA,sign,512,1281747,7028
FN-DSA,sign,512,1289404,7029
FN-DSA,sign,512,1287141,7030
FN-DSA,sign,512,1289067,7031
FN-DSA,sign,512,1292203,7032
FN-DSA,sign,512,1289303,7033
FN-DSA,sign,512,1288634,7034
FN-DSA,sign,512,1289882,7035
FN-DSA,sign,512,1287431,7036
FN-DSA,sign,512,1288390,7037
FN-DSA,sign,512,1288043,7038
FN-DSA,sign,512,1282947,7039
FN-DSA,sign,512,1281909,7040
FN-DSA,sign,512,1286446,7041
FN-DSA,sign,512,1285980,7042
FN-DSA,sign,512,1285348,7043
FN-DSA,sign,512,1289164,7044
FN-DSA,sign,512,1293111,7045
FN-DSA,sign,512,1287480,7046
FN-DSA,sign,512,1283649,7047
FN-DSA,sign,512,1282908,7048
FN-DSA,sign,512,1282714,7049
FN-DSA,sign,512,1283930,7050
FN-DSA,sign,512,1289856,7051
FN-DSA,sign,512,1283704,7052
FN-DSA,sign,512,1284582,7053
FN-DSA,sign,512,1283621,7054
FN-DSA,sign,512,1288175,7055
FN-DSA,sign,512,1282651,7056
FN-DSA,sign,512,1283857,7057
FN-DSA,sign,512,1288503,7058
FN-DSA,sign,512,1288525,7059
FN-DSA,sign,512,1286665,7060
FN-DSA,sign,512,1286048,7061
FN-DSA,sign,512,1287125,7062
FN-DSA,sign,512,1289047,7063
FN-DSA,sign,512,1287463,7064
FN-DSA,sign,512,1283951,7065
FN-DSA,sign,512,1285827,7066
FN-DSA,sign,512,1290493,7067
FN-DSA,sign,512,1285436,7068
FN-DSA,sign,512,1282230,7069
FN-DSA,sign,512,1292892,7070
FN-DSA,sign,512,1291610,7071
FN-DSA,sign,512,1283937,7072
FN-DSA,sign,512,1285340,7073
FN-DSA,sign,512,1286160,7074
FN-DSA,sign,512,1278407,7075
FN-DSA,sign,512,1281585,7076
FN-DSA,sign,512,1289664,7077
FN-DSA,sign,512,1289399,7078
FN-DSA,sign,512,1289350,7079
FN-DSA,sign,512,1285379,7080
FN-DSA,sign,512,1287217,7081
FN-DSA,sign,512,1285519,7082
FN-DSA,sign,512,1285637,7083
FN-DSA,sign,512,1284952,7084
FN-DSA,sign,512,1287018,7085
FN-DSA,sign,512,1286259,7086
FN-DSA,sign,512,1286362,7087
FN-DSA,sign,512,1288772,7088
FN-DSA,sign,512,1279294,7089
FN-DSA,sign,512,1289755,7090
FN-DSA,sign,512,1282608,7091
FN-DSA,sign,512,1284474,7092
FN-DSA,sign,512,1285610,7093
FN-DSA,sign,512,1282516,7094
FN-DSA,sign,512,1290132,7095
FN-DSA,sign,512,1285748,7096
FN-DSA,sign,512,1285324,7097
FN-DSA,sign,512,1288737,7098
FN-DSA,sign,512,1285458,7099
FN-DSA,sign,512,1288634,7100
FN-DSA,sign,512,1285710,7101
FN-DSA,sign,512,1287044,7102
FN-DSA,sign,512,1287548,7103
FN-DSA,sign,512,1284676,7104
FN-DSA,sign,512,1282995,7105
FN-DSA,sign,512,1280292,7106
FN-DSA,sign,512,1294011,7107
FN-DSA,sign,512,1286593,7108
FN-DSA,sign,512,1283331,7109
FN-DSA,sign,512,1284661,7110
FN-DSA,sign,512,1288318,7111
FN-DSA,sign,512,1283336,7112
FN-DSA,sign,512,1295146,7113
FN-DSA,sign,512,1285890,7114
FN-DSA,sign,512,1284521,7115
FN-DSA,sign,512,1285819,7116
FN-DSA,sign,512,1288327,7117
FN-DSA,sign,512,1289491,7118
FN-DSA,sign,512,1283590,7119
FN-DSA,sign,512,1286858,7120
FN-DSA,sign,512,1285915,7121
FN-DSA,sign,512,1288724,7122
FN-DSA,sign,512,1287383,7123
FN-DSA,sign,512,1287202,7124
FN-DSA,sign,512,1289547,7125
FN-DSA,sign,512,1286349,7126
FN-DSA,sign,512,1288040,7127
FN-DSA,sign,512,1285804,7128
FN-DSA,sign,512,1288639,7129
FN-DSA,sign,512,1286103,7130
FN-DSA,sign,512,1286929,7131
FN-DSA,sign,512,1290397,7132
FN-DSA,sign,512,1291930,7133
FN-DSA,sign,512,1286669,7134
FN-DSA,sign,512,1288365,7135
FN-DSA,sign,512,1287406,7136
FN-DSA,sign,512,1287434,7137
FN-DSA,sign,512,1282907,7138
FN-DSA,sign,512,1288286,7139
FN-DSA,sign,512,1293427,7140
FN-DSA,sign,512,1284978,7141
FN-DSA,sign,512,1284536,7142
FN-DSA,sign,512,1289695,7143
FN-DSA,sign,512,1286575,7144
FN-DSA,sign,512,1281752,7145
FN-DSA,sign,512,1289586,7146
FN-DSA,sign,512,1286367,7147
FN-DSA,sign,512,1283169,7148
FN-DSA,sign,512,1286977,7149
FN-DSA,sign,512,1281327,7150
FN-DSA,sign,512,1289374,7151
FN-DSA,sign,512,1285665,7152
FN-DSA,sign,512,1290785,7153
FN-DSA,sign,512,1285676,7154
FN-DSA,sign,512,1287956,7155
FN-DSA,sign,512,1289092,7156
FN-DSA,sign,512,1287561,7157
FN-DSA,sign,512,1285609,7158
FN-DSA,sign,512,1283913,7159
FN-DSA,sign,512,1281768,7160
FN-DSA,sign,512,1286221,7161
FN-DSA,sign,512,1285033,7162
FN-DSA,sign,512,1290184,7163
FN-DSA,sign,512,1292194,7164
FN-DSA,sign,512,1289988,7165
FN-DSA,sign,512,1289350,7166
FN-DSA,sign,512,1287064,7167
FN-DSA,sign,512,1288035,7168
FN-DSA,sign,512,1279582,7169
FN-DSA,sign,512,1286253,7170
FN-DSA,sign,512,1285486,7171
FN-DSA,sign,512,1285310,7172
FN-DSA,sign,512,1282693,7173
FN-DSA,sign,512,1287951,7174
FN-DSA,sign,512,1285060,7175
FN-DSA,sign,512,1285959,7176
FN-DSA,sign,512,1286888,7177
FN-DSA,sign,512,1283823,7178
FN-DSA,sign,512,1289317,7179
FN-DSA,sign,512,1284195,7180
FN-DSA,sign,512,1284788,7181
FN-DSA,sign,512,1290249,7182
FN-DSA,sign,512,1287285,7183
FN-DSA,sign,512,1288869,7184
FN-DSA,sign,512,1290407,7185
FN-DSA,sign,512,1288083,7186
FN-DSA,sign,512,1285591,7187
FN-DSA,sign,512,1282535,7188
FN-DSA,sign,512,1290627,7189
FN-DSA,sign,512,1285504,7190
FN-DSA,sign,512,1289218,7191
FN-DSA,sign,512,1287502,7192
FN-DSA,sign,512,1285996,7193
FN-DSA,sign,512,1287188,7194
FN-DSA,sign,512,1280132,7195
FN-DSA,sign,512,1289983,7196
FN-DSA,sign,512,1286355,7197
FN-DSA,sign,512,1282029,7198
FN-DSA,sign,512,1287426,7199
FN-DSA,sign,512,1288711,7200
FN-DSA,sign,512,1288468,7201
FN-DSA,sign,512,1290505,7202
FN-DSA,sign,512,1287229,7203
FN-DSA,sign,512,1285043,7204
FN-DSA,sign,512,1282642,7205
FN-DSA,sign,512,1283219,7206
FN-DSA,sign,512,1284884,7207
FN-DSA,sign,512,1280728,7208
FN-DSA,sign,512,1288561,7209
FN-DSA,sign,512,1284522,7210
FN-DSA,sign,512,1285286,7211
FN-DSA,sign,512,1285411,7212
FN-DSA,sign,512,1285709,7213
FN-DSA,sign,512,1293308,7214
FN-DSA,sign,512,1288298,7215
FN-DSA,sign,512,1286631,7216
FN-DSA,sign,512,1286653,7217
FN-DSA,sign,512,1288692,7218
FN-DSA,sign,512,1292192,7219
FN-DSA,sign,512,1286614,7220
FN-DSA,sign,512,1282901,7221
FN-DSA,sign,512,1288198,7222
FN-DSA,sign,512,1285987,7223
FN-DSA,sign,512,1288207,7224
FN-DSA,sign,512,1281968,7225
FN-DSA,sign,512,1288081,7226
FN-DSA,sign,512,1285523,7227
FN-DSA,sign,512,1289109,7228
FN-DSA,sign,512,1281343,7229
FN-DSA,sign,512,1285184,7230
FN-DSA,sign,512,1284548,7231
FN-DSA,sign,512,1285087,7232
FN-DSA,sign,512,1285430,7233
FN-DSA,sign,512,1290893,7234
FN-DSA,sign,512,1285200,7235
FN-DSA,sign,512,1288024,7236
FN-DSA,sign,512,1285163,7237
FN-DSA,sign,512,1285767,7238
FN-DSA,sign,512,1282880,7239
FN-DSA,sign,512,1284891,7240
FN-DSA,sign,512,1286633,7241
FN-DSA,sign,512,1289405,7242
FN-DSA,sign,512,1285681,7243
FN-DSA,sign,512,1284266,7244
FN-DSA,sign,512,1285819,7245
FN-DSA,sign,512,1285851,7246
FN-DSA,sign,512,1282989,7247
FN-DSA,sign,512,1285611,7248
FN-DSA,sign,512,1284306,7249
FN-DSA,sign,512,1285547,7250
FN-DSA,sign,512,1279581,7251
FN-DSA,sign,512,1292324,7252
FN-DSA,sign,512,1286586,7253
FN-DSA,sign,512,1290031,7254
FN-DSA,sign,512,1281080,7255
FN-DSA,sign,512,1279452,7256
FN-DSA,sign,512,1288155,7257
FN-DSA,sign,512,1286812,7258
FN-DSA,sign,512,1288730,7259
FN-DSA,sign,512,1291146,7260
FN-DSA,sign,512,1291093,7261
FN-DSA,sign,512,1284719,7262
FN-DSA,sign,512,1285318,7263
FN-DSA,sign,512,1285050,7264
FN-DSA,sign,512,1287148,7265
FN-DSA,sign,512,1283431,7266
FN-DSA,sign,512,1286235,7267
FN-DSA,sign,512,1288652,7268
FN-DSA,sign,512,1286414,7269
FN-DSA,sign,512,1283556,7270
FN-DSA,sign,512,1283231,7271
FN-DSA,sign,512,1285472,7272
FN-DSA,sign,512,1286300,7273
FN-DSA,sign,512,1285471,7274
FN-DSA,sign,512,1285617,7275
FN-DSA,sign,512,1288104,7276
FN-DSA,sign,512,1291891,7277
FN-DSA,sign,512,1287918,7278
FN-DSA,sign,512,1287906,7279
FN-DSA,sign,512,1286658,7280
FN-DSA,sign,512,1289056,7281
FN-DSA,sign,512,1288205,7282
FN-DSA,sign,512,1289696,7283
FN-DSA,sign,512,1284524,7284
FN-DSA,sign,512,1292731,7285
FN-DSA,sign,512,1288572,7286
FN-DSA,sign,512,1289010,7287
FN-DSA,sign,512,1291138,7288
FN-DSA,sign,512,1286616,7289
FN-DSA,sign,512,1288838,7290
FN-DSA,sign,512,1290050,7291
FN-DSA,sign,512,1284537,7292
FN-DSA,sign,512,1286339,7293
FN-DSA,sign,512,1286332,7294
FN-DSA,sign,512,1281536,7295
FN-DSA,sign,512,1284480,7296
FN-DSA,sign,512,1284424,7297
FN-DSA,sign,512,1286690,7298
FN-DSA,sign,512,1290990,7299
FN-DSA,sign,512,1282095,7300
FN-DSA,sign,512,1284394,7301
FN-DSA,sign,512,1283135,7302
FN-DSA,sign,512,1286767,7303
FN-DSA,sign,512,1284350,7304
FN-DSA,sign,512,1286364,7305
FN-DSA,sign,512,1288446,7306
FN-DSA,sign,512,1290225,7307
FN-DSA,sign,512,1284711,7308
FN-DSA,sign,512,1286163,7309
FN-DSA,sign,512,1287271,7310
FN-DSA,sign,512,1291832,7311
FN-DSA,sign,512,1292770,7312
FN-DSA,sign,512,1284497,7313
FN-DSA,sign,512,1287153,7314
FN-DSA,sign,512,1288344,7315
FN-DSA,sign,512,1290603,7316
FN-DSA,sign,512,1288027,7317
FN-DSA,sign,512,1287919,7318
FN-DSA,sign,512,1284571,7319
FN-DSA,sign,512,1286905,7320
FN-DSA,sign,512,1287029,7321
FN-DSA,sign,512,1288589,7322
FN-DSA,sign,512,1286101,7323
FN-DSA,sign,512,1284463,7324
FN-DSA,sign,512,1284869,7325
FN-DSA,sign,512,1288883,7326
FN-DSA,sign,512,1286913,7327
FN-DSA,sign,512,1290486,7328
FN-DSA,sign,512,1285539,7329
FN-DSA,sign,512,1279961,7330
FN-DSA,sign,512,1288222,7331
FN-DSA,sign,512,1284665,7332
FN-DSA,sign,512,1287356,7333
FN-DSA,sign,512,1288993,7334
FN-DSA,sign,512,1286817,7335
FN-DSA,sign,512,1289753,7336
FN-DSA,sign,512,1284218,7337
FN-DSA,sign,512,1288768,7338
FN-DSA,sign,512,1285147,7339
FN-DSA,sign,512,1285753,7340
FN-DSA,sign,512,1285066,7341
FN-DSA,sign,512,1285204,7342
FN-DSA,sign,512,1284672,7343
FN-DSA,sign,512,1290891,7344
FN-DSA,sign,512,1290663,7345
FN-DSA,sign,512,1285028,7346
FN-DSA,sign,512,1291709,7347
FN-DSA,sign,512,1283898,7348
FN-DSA,sign,512,1287065,7349
FN-DSA,sign,512,1284969,7350
FN-DSA,sign,512,1289378,7351
FN-DSA,sign,512,1287065,7352
FN-DSA,sign,512,1289183,7353
FN-DSA,sign,512,1292340,7354
FN-DSA,sign,512,1285033,7355
FN-DSA,sign,512,1286909,7356
FN-DSA,sign,512,1284390,7357
FN-DSA,sign,512,1284699,7358
FN-DSA,sign,512,1282692,7359
FN-DSA,sign,512,1290271,7360
FN-DSA,sign,512,1284366,7361
FN-DSA,sign,512,1283653,7362
FN-DSA,sign,512,1284547,7363
FN-DSA,sign,512,1288709,7364
FN-DSA,sign,512,1284934,7365
FN-DSA,sign,512,1283074,7366
FN-DSA,sign,512,1290662,7367
FN-DSA,sign,512,1287164,7368
FN-DSA,sign,512,1285091,7369
FN-DSA,sign,512,1282798,7370
FN-DSA,sign,512,1288721,7371
FN-DSA,sign,512,1286940,7372
FN-DSA,sign,512,1286286,7373
FN-DSA,sign,512,1288254,7374
FN-DSA,sign,512,1287762,7375
FN-DSA,sign,512,1282871,7376
FN-DSA,sign,512,1284267,7377
FN-DSA,sign,512,1284453,7378
FN-DSA,sign,512,1281003,7379
FN-DSA,sign,512,1286011,7380
FN-DSA,sign,512,1288283,7381
FN-DSA,sign,512,1288463,7382
FN-DSA,sign,512,1286265,7383
FN-DSA,sign,512,1286851,7384
FN-DSA,sign,512,1287273,7385
FN-DSA,sign,512,1284876,7386
FN-DSA,sign,512,1283880,7387
FN-DSA,sign,512,1289805,7388
FN-DSA,sign,512,1288847,7389
FN-DSA,sign,512,1284696,7390
FN-DSA,sign,512,1282300,7391
FN-DSA,sign,512,1288131,7392
FN-DSA,sign,512,1282948,7393
FN-DSA,sign,512,1283912,7394
FN-DSA,sign,512,1288021,7395
FN-DSA,sign,512,1289185,7396
FN-DSA,sign,512,1283260,7397
FN-DSA,sign,512,1287294,7398
FN-DSA,sign,512,1290573,7399
FN-DSA,sign,512,1289807,7400
FN-DSA,sign,512,1287136,7401
FN-DSA,sign,512,1279340,7402
FN-DSA,sign,512,1284970,7403
FN-DSA,sign,512,1287936,7404
FN-DSA,sign,512,1290094,7405
FN-DSA,sign,512,1288990,7406
FN-DSA,sign,512,1286913,7407
FN-DSA,sign,512,1289709,7408
FN-DSA,sign,512,1287172,7409
FN-DSA,sign,512,1292041,7410
FN-DSA,sign,512,1286946,7411
FN-DSA,sign,512,1291107,7412
FN-DSA,sign,512,1288681,7413
FN-DSA,sign,512,1288878,7414
FN-DSA,sign,512,1288630,7415
FN-DSA,sign,512,1287232,7416
FN-DSA,sign,512,1284943,7417
FN-DSA,sign,512,1284926,7418
FN-DSA,sign,512,1289471,7419
FN-DSA,sign,512,1281749,7420
FN-DSA,sign,512,1286836,7421
FN-DSA,sign,512,1287161,7422
FN-DSA,sign,512,1287207,7423
FN-DSA,sign,512,1283161,7424
FN-DSA,sign,512,1284615,7425
FN-DSA,sign,512,1289103,7426
FN-DSA,sign,512,1286265,7427
FN-DSA,sign,512,1286795,7428
FN-DSA,sign,512,1290496,7429
FN-DSA,sign,512,1280129,7430
FN-DSA,sign,512,1288610,7431
FN-DSA,sign,512,1289118,7432
FN-DSA,sign,512,1291541,7433
FN-DSA,sign,512,1284721,7434
FN-DSA,sign,512,1288092,7435
FN-DSA,sign,512,1287218,7436
FN-DSA,sign,512,1286169,7437
FN-DSA,sign,512,1282450,7438
FN-DSA,sign,512,1286765,7439
FN-DSA,sign,512,1283159,7440
FN-DSA,sign,512,1287286,7441
FN-DSA,sign,512,1285601,7442
FN-DSA,sign,512,1290355,7443
FN-DSA,sign,512,1289330,7444
FN-DSA,sign,512,1285357,7445
FN-DSA,sign,512,1286990,7446
FN-DSA,sign,512,1284388,7447
FN-DSA,sign,512,1290439,7448
FN-DSA,sign,512,1289542,7449
FN-DSA,sign,512,1287054,7450
FN-DSA,sign,512,1285635,7451
FN-DSA,sign,512,1281178,7452
FN-DSA,sign,512,1283611,7453
FN-DSA,sign,512,1288395,7454
FN-DSA,sign,512,1287259,7455
FN-DSA,sign,512,1287416,7456
FN-DSA,sign,512,1285280,7457
FN-DSA,sign,512,1282691,7458
FN-DSA,sign,512,1288953,7459
FN-DSA,sign,512,1286566,7460
FN-DSA,sign,512,1285900,7461
FN-DSA,sign,512,1287570,7462
FN-DSA,sign,512,1280951,7463
FN-DSA,sign,512,1286467,7464
FN-DSA,sign,512,1286360,7465
FN-DSA,sign,512,1288085,7466
FN-DSA,sign,512,1284515,7467
FN-DSA,sign,512,1290672,7468
FN-DSA,sign,512,1282642,7469
FN-DSA,sign,512,1291126,7470
FN-DSA,sign,512,1286696,7471
FN-DSA,sign,512,1288789,7472
FN-DSA,sign,512,1288701,7473
FN-DSA,sign,512,1289759,7474
FN-DSA,sign,512,1287406,7475
FN-DSA,sign,512,1288594,7476
FN-DSA,sign,512,1290447,7477
FN-DSA,sign,512,1285377,7478
FN-DSA,sign,512,1287179,7479
FN-DSA,sign,512,1290909,7480
FN-DSA,sign,512,1287980,7481
FN-DSA,sign,512,1289058,7482
FN-DSA,sign,512,1288018,7483
FN-DSA,sign,512,1287830,7484
FN-DSA,sign,512,1288399,7485
FN-DSA,sign,512,1290716,7486
FN-DSA,sign,512,1290835,7487
FN-DSA,sign,512,1285975,7488
FN-DSA,sign,512,1286489,7489
FN-DSA,sign,512,1285769,7490
FN-DSA,sign,512,1285680,7491
FN-DSA,sign,512,1289201,7492
FN-DSA,sign,512,1288343,7493
FN-DSA,sign,512,1285757,7494
FN-DSA,sign,512,1285393,7495
FN-DSA,sign,512,1285986,7496
FN-DSA,sign,512,1284758,7497
FN-DSA,sign,512,1280072,7498
FN-DSA,sign,512,1286560,7499
FN-DSA,sign,512,1287961,7500
FN-DSA,sign,512,1281337,7501
FN-DSA,sign,512,1289236,7502
FN-DSA,sign,512,1281341,7503
FN-DSA,sign,512,1286413,7504
FN-DSA,sign,512,1284810,7505
FN-DSA,sign,512,1285725,7506
FN-DSA,sign,512,1285335,7507
FN-DSA,sign,512,1285673,7508
FN-DSA,sign,512,1282510,7509
FN-DSA,sign,512,1282349,7510
FN-DSA,sign,512,1285022,7511
FN-DSA,sign,512,1289079,7512
FN-DSA,sign,512,1288657,7513
FN-DSA,sign,512,1286948,7514
FN-DSA,sign,512,1281716,7515
FN-DSA,sign,512,1286656,7516
FN-DSA,sign,512,1288128,7517
FN-DSA,sign,512,1289686,7518
FN-DSA,sign,512,1285686,7519
FN-DSA,sign,512,1290633,7520
FN-DSA,sign,512,1294371,7521
FN-DSA,sign,512,1285430,7522
FN-DSA,sign,512,1286194,7523
FN-DSA,sign,512,1285946,7524
FN-DSA,sign,512,1288645,7525
FN-DSA,sign,512,1284784,7526
FN-DSA,sign,512,1286646,7527
FN-DSA,sign,512,1290627,7528
FN-DSA,sign,512,1286438,7529
FN-DSA,sign,512,1287087,7530
FN-DSA,sign,512,1289026,7531
FN-DSA,sign,512,1287152,7532
FN-DSA,sign,512,1291633,7533
FN-DSA,sign,512,1292017,7534
FN-DSA,sign,512,1287827,7535
FN-DSA,sign,512,1286388,7536
FN-DSA,sign,512,1286285,7537
FN-DSA,sign,512,1288900,7538
FN-DSA,sign,512,1287404,7539
FN-DSA,sign,512,1286043,7540
FN-DSA,sign,512,1289417,7541
FN-DSA,sign,512,1285962,7542
FN-DSA,sign,512,1287419,7543
FN-DSA,sign,512,1284634,7544
FN-DSA,sign,512,1282769,7545
FN-DSA,sign,512,1289427,7546
FN-DSA,sign,512,1287827,7547
FN-DSA,sign,512,1286451,7548
FN-DSA,sign,512,1284806,7549
FN-DSA,sign,512,1291124,7550
FN-DSA,sign,512,1288352,7551
FN-DSA,sign,512,1284499,7552
FN-DSA,sign,512,1289775,7553
FN-DSA,sign,512,1287891,7554
FN-DSA,sign,512,1289854,7555
FN-DSA,sign,512,1285408,7556
FN-DSA,sign,512,1294232,7557
FN-DSA,sign,512,1283727,7558
FN-DSA,sign,512,1286485,7559
FN-DSA,sign,512,1286980,7560
FN-DSA,sign,512,1283413,7561
FN-DSA,sign,512,1281729,7562
FN-DSA,sign,512,1290356,7563
FN-DSA,sign,512,1286189,7564
FN-DSA,sign,512,1285904,7565
FN-DSA,sign,512,1286320,7566
FN-DSA,sign,512,1284408,7567
FN-DSA,sign,512,1286972,7568
FN-DSA,sign,512,1289526,7569
FN-DSA,sign,512,1289742,7570
FN-DSA,sign,512,1283651,7571
FN-DSA,sign,512,1289636,7572
FN-DSA,sign,512,1282695,7573
FN-DSA,sign,512,1282430,7574
FN-DSA,sign,512,1284655,7575
FN-DSA,sign,512,1286565,7576
FN-DSA,sign,512,1286420,7577
FN-DSA,sign,512,1287799,7578
FN-DSA,sign,512,1284815,7579
FN-DSA,sign,512,1286038,7580
FN-DSA,sign,512,1285913,7581
FN-DSA,sign,512,1287989,7582
FN-DSA,sign,512,1284274,7583
FN-DSA,sign,512,1286685,7584
FN-DSA,sign,512,1286594,7585
FN-DSA,sign,512,1286288,7586
FN-DSA,sign,512,1285968,7587
FN-DSA,sign,512,1285518,7588
FN-DSA,sign,512,1284316,7589
FN-DSA,sign,512,1286341,7590
FN-DSA,sign,512,1283930,7591
FN-DSA,sign,512,1286347,7592
FN-DSA,sign,512,1290057,7593
FN-DSA,sign,512,1286461,7594
FN-DSA,sign,512,1289614,7595
FN-DSA,sign,512,1285540,7596
FN-DSA,sign,512,1287309,7597
FN-DSA,sign,512,1280613,7598
FN-DSA,sign,512,1292286,7599
FN-DSA,sign,512,1290597,7600
FN-DSA,sign,512,1282635,7601
FN-DSA,sign,512,1290103,7602
FN-DSA,sign,512,1282325,7603
FN-DSA,sign,512,1286076,7604
FN-DSA,sign,512,1286193,7605
FN-DSA,sign,512,1285750,7606
FN-DSA,sign,512,1286469,7607
FN-DSA,sign,512,1284737,7608
FN-DSA,sign,512,1282725,7609
FN-DSA,sign,512,1288230,7610
FN-DSA,sign,512,1289558,7611
FN-DSA,sign,512,1284979,7612
FN-DSA,sign,512,1289988,7613
FN-DSA,sign,512,1288735,7614
FN-DSA,sign,512,1290444,7615
FN-DSA,sign,512,1286495,7616
FN-DSA,sign,512,1290270,7617
FN-DSA,sign,512,1290790,7618
FN-DSA,sign,512,1287411,7619
FN-DSA,sign,512,1290521,7620
FN-DSA,sign,512,1288354,7621
FN-DSA,sign,512,1288006,7622
FN-DSA,sign,512,1286548,7623
FN-DSA,sign,512,1286557,7624
FN-DSA,sign,512,1289844,7625
FN-DSA,sign,512,1287270,7626
FN-DSA,sign,512,1284521,7627
FN-DSA,sign,512,1288377,7628
FN-DSA,sign,512,1288124,7629
FN-DSA,sign,512,1287406,7630
FN-DSA,sign,512,1287033,7631
FN-DSA,sign,512,1288528,7632
FN-DSA,sign,512,1284443,7633
FN-DSA,sign,512,1286845,7634
FN-DSA,sign,512,1284510,7635
FN-DSA,sign,512,1294589,7636
FN-DSA,sign,512,1289979,7637
FN-DSA,sign,512,1290902,7638
FN-DSA,sign,512,1283684,7639
FN-DSA,sign,512,1282838,7640
FN-DSA,sign,512,1282531,7641
FN-DSA,sign,512,1286985,7642
FN-DSA,sign,512,1289364,7643
FN-DSA,sign,512,1284481,7644
FN-DSA,sign,512,1287881,7645
FN-DSA,sign,512,1282371,7646
FN-DSA,sign,512,1285693,7647
FN-DSA,sign,512,1285122,7648
FN-DSA,sign,512,1283612,7649
FN-DSA,sign,512,1286428,7650
FN-DSA,sign,512,1290793,7651
FN-DSA,sign,512,1282677,7652
FN-DSA,sign,512,1285317,7653
FN-DSA,sign,512,1283413,7654
FN-DSA,sign,512,1286368,7655
FN-DSA,sign,512,1284358,7656
FN-DSA,sign,512,1288579,7657
FN-DSA,sign,512,1285445,7658
FN-DSA,sign,512,1290195,7659
FN-DSA,sign,512,1289390,7660
FN-DSA,sign,512,1292063,7661
FN-DSA,sign,512,1288863,7662
FN-DSA,sign,512,1288620,7663
FN-DSA,sign,512,1282260,7664
FN-DSA,sign,512,1285638,7665
FN-DSA,sign,512,1285176,7666
FN-DSA,sign,512,1287934,7667
FN-DSA,sign,512,1288046,7668
FN-DSA,sign,512,1288977,7669
FN-DSA,sign,512,1288881,7670
FN-DSA,sign,512,1283495,7671
FN-DSA,sign,512,1287306,7672
FN-DSA,sign,512,1287198,7673
FN-DSA,sign,512,1287115,7674
FN-DSA,sign,512,1282125,7675
FN-DSA,sign,512,1286246,7676
FN-DSA,sign,512,1288836,7677
FN-DSA,sign,512,1286715,7678
FN-DSA,sign,512,1286173,7679
FN-DSA,sign,512,1289928,7680
FN-DSA,sign,512,1285943,7681
FN-DSA,sign,512,1285471,7682
FN-DSA,sign,512,1289299,7683
FN-DSA,sign,512,1287975,7684
FN-DSA,sign,512,1290040,7685
FN-DSA,sign,512,1279433,7686
FN-DSA,sign,512,1285361,7687
FN-DSA,sign,512,1288744,7688
FN-DSA,sign,512,1286734,7689
FN-DSA,sign,512,1286722,7690
FN-DSA,sign,512,1290917,7691
FN-DSA,sign,512,1289343,7692
FN-DSA,sign,512,1289436,7693
FN-DSA,sign,512,1289573,7694
FN-DSA,sign,512,1283416,7695
FN-DSA,sign,512,1290129,7696
FN-DSA,sign,512,1285368,7697
FN-DSA,sign,512,1289429,7698
FN-DSA,sign,512,1291968,7699
FN-DSA,sign,512,1288045,7700
FN-DSA,sign,512,1286021,7701
FN-DSA,sign,512,1290125,7702
FN-DSA,sign,512,1285820,7703
FN-DSA,sign,512,1284755,7704
FN-DSA,sign,512,1288436,7705
FN-DSA,sign,512,1286194,7706
FN-DSA,sign,512,1292229,7707
FN-DSA,sign,512,1286797,7708
FN-DSA,sign,512,1283216,7709
FN-DSA,sign,512,1285555,7710
FN-DSA,sign,512,1292116,7711
FN-DSA,sign,512,1289818,7712
FN-DSA,sign,512,1284875,7713
FN-DSA,sign,512,1288103,7714
FN-DSA,sign,512,1290153,7715
FN-DSA,sign,512,1288045,7716
FN-DSA,sign,512,1285637,7717
FN-DSA,sign,512,1287516,7718
FN-DSA,sign,512,1288282,7719
FN-DSA,sign,512,1285784,7720
FN-DSA,sign,512,1286925,7721
FN-DSA,sign,512,1282868,7722
FN-DSA,sign,512,1286071,7723
FN-DSA,sign,512,1289663,7724
FN-DSA,sign,512,1288085,7725
FN-DSA,sign,512,1282580,7726
FN-DSA,sign,512,1283820,7727
FN-DSA,sign,512,1291542,7728
FN-DSA,sign,512,1281010,7729
FN-DSA,sign,512,1283583,7730
FN-DSA,sign,512,1288087,7731
FN-DSA,sign,512,1288114,7732
FN-DSA,sign,512,1291737,7733
FN-DSA,sign,512,1288627,7734
FN-DSA,sign,512,1292190,7735
FN-DSA,sign,512,1288625,7736
FN-DSA,sign,512,1287338,7737
FN-DSA,sign,512,1289265,7738
FN-DSA,sign,512,1283029,7739
FN-DSA,sign,512,1286485,7740
FN-DSA,sign,512,1284830,7741
FN-DSA,sign,512,1287932,7742
FN-DSA,sign,512,1285472,7743
FN-DSA,sign,512,1287305,7744
FN-DSA,sign,512,1287953,7745
FN-DSA,sign,512,1288868,7746
FN-DSA,sign,512,1289113,7747
FN-DSA,sign,512,1287414,7748
FN-DSA,sign,512,1291082,7749
FN-DSA,sign,512,1285965,7750
FN-DSA,sign,512,1285993,7751
FN-DSA,sign,512,1286311,7752
FN-DSA,sign,512,1290918,7753
FN-DSA,sign,512,1288460,7754
FN-DSA,sign,512,1291012,7755
FN-DSA,sign,512,1289801,7756
FN-DSA,sign,512,1283897,7757
FN-DSA,sign,512,1289808,7758
FN-DSA,sign,512,1286175,7759
FN-DSA,sign,512,1286670,7760
FN-DSA,sign,512,1287338,7761
FN-DSA,sign,512,1287287,7762
FN-DSA,sign,512,1283361,7763
FN-DSA,sign,512,1286475,7764
FN-DSA,sign,512,1285544,7765
FN-DSA,sign,512,1286705,7766
FN-DSA,sign,512,1285365,7767
FN-DSA,sign,512,1282775,7768
FN-DSA,sign,512,1288803,7769
FN-DSA,sign,512,1284792,7770
FN-DSA,sign,512,1283810,7771
FN-DSA,sign,512,1286941,7772
FN-DSA,sign,512,1287839,7773
FN-DSA,sign,512,1280229,7774
FN-DSA,sign,512,1282006,7775
FN-DSA,sign,512,1286780,7776
FN-DSA,sign,512,1286778,7777
FN-DSA,sign,512,1288091,7778
FN-DSA,sign,512,1286785,7779
FN-DSA,sign,512,1287855,7780
FN-DSA,sign,512,1287911,7781
FN-DSA,sign,512,1285985,7782
FN-DSA,sign,512,1286800,7783
FN-DSA,sign,512,1288128,7784
FN-DSA,sign,512,1288319,7785
FN-DSA,sign,512,1287256,7786
FN-DSA,sign,512,1285754,7787
FN-DSA,sign,512,1281439,7788
FN-DSA,sign,512,1287997,7789
FN-DSA,sign,512,1285036,7790
FN-DSA,sign,512,1282057,7791
FN-DSA,sign,512,1286999,7792
FN-DSA,sign,512,1283862,7793
FN-DSA,sign,512,1291164,7794
FN-DSA,sign,512,1289300,7795
FN-DSA,sign,512,1283376,7796
FN-DSA,sign,512,1291937,7797
FN-DSA,sign,512,1286375,7798
FN-DSA,sign,512,1283811,7799
FN-DSA,sign,512,1286484,7800
FN-DSA,sign,512,1289166,7801
FN-DSA,sign,512,1286242,7802
FN-DSA,sign,512,1288968,7803
FN-DSA,sign,512,1278051,7804
FN-DSA,sign,512,1286755,7805
FN-DSA,sign,512,1284431,7806
FN-DSA,sign,512,1280806,7807
FN-DSA,sign,512,1286002,7808
FN-DSA,sign,512,1288066,7809
FN-DSA,sign,512,1286791,7810
FN-DSA,sign,512,1287962,7811
FN-DSA,sign,512,1282473,7812
FN-DSA,sign,512,1289166,7813
FN-DSA,sign,512,1289074,7814
FN-DSA,sign,512,1291620,7815
FN-DSA,sign,512,1285903,7816
FN-DSA,sign,512,1285217,7817
FN-DSA,sign,512,1281018,7818
FN-DSA,sign,512,1286558,7819
FN-DSA,sign,512,1288290,7820
FN-DSA,sign,512,1284442,7821
FN-DSA,sign,512,1284645,7822
FN-DSA,sign,512,1288834,7823
FN-DSA,sign,512,1286451,7824
FN-DSA,sign,512,1284676,7825
FN-DSA,sign,512,1292964,7826
FN-DSA,sign,512,1284541,7827
FN-DSA,sign,512,1288590,7828
FN-DSA,sign,512,1283643,7829
FN-DSA,sign,512,1281545,7830
FN-DSA,sign,512,1286407,7831
FN-DSA,sign,512,1287311,7832
FN-DSA,sign,512,1279380,7833
FN-DSA,sign,512,1284521,7834
FN-DSA,sign,512,1293059,7835
FN-DSA,sign,512,1284527,7836
FN-DSA,sign,512,1287956,7837
FN-DSA,sign,512,1291949,7838
FN-DSA,sign,512,1281632,7839
FN-DSA,sign,512,1286306,7840
FN-DSA,sign,512,1288555,7841
FN-DSA,sign,512,1285065,7842
FN-DSA,sign,512,1285618,7843
FN-DSA,sign,512,1286113,7844
FN-DSA,sign,512,1286611,7845
FN-DSA,sign,512,1285450,7846
FN-DSA,sign,512,1285016,7847
FN-DSA,sign,512,1289055,7848
FN-DSA,sign,512,1283098,7849
FN-DSA,sign,512,1285226,7850
FN-DSA,sign,512,1286888,7851
FN-DSA,sign,512,1286576,7852
FN-DSA,sign,512,1289904,7853
FN-DSA,sign,512,1287556,7854
FN-DSA,sign,512,1286251,7855
FN-DSA,sign,512,1288302,7856
FN-DSA,sign,512,1285643,7857
FN-DSA,sign,512,1288857,7858
FN-DSA,sign,512,1281561,7859
FN-DSA,sign,512,1285761,7860
FN-DSA,sign,512,1289165,7861
FN-DSA,sign,512,1285749,7862
FN-DSA,sign,512,1281719,7863
FN-DSA,sign,512,1288213,7864
FN-DSA,sign,512,1285808,7865
FN-DSA,sign,512,1285497,7866
FN-DSA,sign,512,1287325,7867
FN-DSA,sign,512,1283918,7868
FN-DSA,sign,512,1289618,7869
FN-DSA,sign,512,1290148,7870
FN-DSA,sign,512,1290833,7871
FN-DSA,sign,512,1286359,7872
FN-DSA,sign,512,1284568,7873
FN-DSA,sign,512,1286919,7874
FN-DSA,sign,512,1288195,7875
FN-DSA,sign,512,1289907,7876
FN-DSA,sign,512,1285422,7877
FN-DSA,sign,512,1285074,7878
FN-DSA,sign,512,1290170,7879
FN-DSA,sign,512,1289021,7880
FN-DSA,sign,512,1285675,7881
FN-DSA,sign,512,1289508,7882
FN-DSA,sign,512,1283297,7883
FN-DSA,sign,512,1283763,7884
FN-DSA,sign,512,1285739,7885
FN-DSA,sign,512,1282432,7886
FN-DSA,sign,512,1287046,7887
FN-DSA,sign,512,1287064,7888
FN-DSA,sign,512,1288660,7889
FN-DSA,sign,512,1289819,7890
FN-DSA,sign,512,1283662,7891
FN-DSA,sign,512,1286210,7892
FN-DSA,sign,512,1289933,7893
FN-DSA,sign,512,1287350,7894
FN-DSA,sign,512,1287356,7895
FN-DSA,sign,512,1285681,7896
FN-DSA,sign,512,1285636,7897
FN-DSA,sign,512,1282862,7898
FN-DSA,sign,512,1284676,7899
FN-DSA,sign,512,1285049,7900
FN-DSA,sign,512,1287131,7901
FN-DSA,sign,512,1289576,7902
FN-DSA,sign,512,1287532,7903
FN-DSA,sign,512,1287954,7904
FN-DSA,sign,512,1283708,7905
FN-DSA,sign,512,1285375,7906
FN-DSA,sign,512,1281124,7907
FN-DSA,sign,512,1287347,7908
FN-DSA,sign,512,1282390,7909
FN-DSA,sign,512,1287298,7910
FN-DSA,sign,512,1286399,7911
FN-DSA,sign,512,1286103,7912
FN-DSA,sign,512,1284307,7913
FN-DSA,sign,512,1285878,7914
FN-DSA,sign,512,1285309,7915
FN-DSA,sign,512,1292364,7916
FN-DSA,sign,512,1282433,7917
FN-DSA,sign,512,1289672,7918
FN-DSA,sign,512,1290535,7919
FN-DSA,sign,512,1284983,7920
FN-DSA,sign,512,1283627,7921
FN-DSA,sign,512,1281457,7922
FN-DSA,sign,512,1285357,7923
FN-DSA,sign,512,1283858,7924
FN-DSA,sign,512,1285985,7925
FN-DSA,sign,512,1286911,7926
FN-DSA,sign,512,1286944,7927
FN-DSA,sign,512,1287024,7928
FN-DSA,sign,512,1283318,7929
FN-DSA,sign,512,1288217,7930
FN-DSA,sign,512,1289570,7931
FN-DSA,sign,512,1283474,7932
FN-DSA,sign,512,1285203,7933
FN-DSA,sign,512,1286776,7934
FN-DSA,sign,512,1283496,7935
FN-DSA,sign,512,1293320,7936
FN-DSA,sign,512,1286980,7937
FN-DSA,sign,512,1284577,7938
FN-DSA,sign,512,1285449,7939
FN-DSA,sign,512,1281899,7940
FN-DSA,sign,512,1288400,7941
FN-DSA,sign,512,1284758,7942
FN-DSA,sign,512,1288825,7943
FN-DSA,sign,512,1283121,7944
FN-DSA,sign,512,1288627,7945
FN-DSA,sign,512,1284422,7946
FN-DSA,sign,512,1286705,7947
FN-DSA,sign,512,1285925,7948
FN-DSA,sign,512,1289525,7949
FN-DSA,sign,512,1286733,7950
FN-DSA,sign,512,1286221,7951
FN-DSA,sign,512,1284313,7952
FN-DSA,sign,512,1284537,7953
FN-DSA,sign,512,1288899,7954
FN-DSA,sign,512,1286806,7955
FN-DSA,sign,512,1287962,7956
FN-DSA,sign,512,1283743,7957
FN-DSA,sign,512,1286537,7958
FN-DSA,sign,512,1289966,7959
FN-DSA,sign,512,1288142,7960
FN-DSA,sign,512,1290948,7961
FN-DSA,sign,512,1287527,7962
FN-DSA,sign,512,1280824,7963
FN-DSA,sign,512,1284284,7964
FN-DSA,sign,512,1286959,7965
FN-DSA,sign,512,1282284,7966
FN-DSA,sign,512,1286892,7967
FN-DSA,sign,512,1289659,7968
FN-DSA,sign,512,1289751,7969
FN-DSA,sign,512,1285236,7970
FN-DSA,sign,512,1288387,7971
FN-DSA,sign,512,1286867,7972
FN-DSA,sign,512,1283089,7973
FN-DSA,sign,512,1287485,7974
FN-DSA,sign,512,1280835,7975
FN-DSA,sign,512,1292766,7976
FN-DSA,sign,512,1283463,7977
FN-DSA,sign,512,1290026,7978
FN-DSA,sign,512,1283168,7979
FN-DSA,sign,512,1290700,7980
FN-DSA,sign,512,1288284,7981
FN-DSA,sign,512,1280191,7982
FN-DSA,sign,512,1283588,7983
FN-DSA,sign,512,1285022,7984
FN-DSA,sign,512,1287410,7985
FN-DSA,sign,512,1287802,7986
FN-DSA,sign,512,1278162,7987
FN-DSA,sign,512,1289905,7988
FN-DSA,sign,512,1283916,7989
FN-DSA,sign,512,1286745,7990
FN-DSA,sign,512,1282737,7991
FN-DSA,sign,512,1288639,7992
FN-DSA,sign,512,1286538,7993
FN-DSA,sign,512,1285273,7994
FN-DSA,sign,512,1291030,7995
FN-DSA,sign,512,1289900,7996
FN-DSA,sign,512,1290149,7997
FN-DSA,sign,512,1285256,7998
FN-DSA,sign,512,1286364,7999
FN-DSA,sign,512,1291718,8000
FN-DSA,sign,512,1284732,8001
FN-DSA,sign,512,1282386,8002
FN-DSA,sign,512,1288002,8003
FN-DSA,sign,512,1284591,8004
FN-DSA,sign,512,1286483,8005
FN-DSA,sign,512,1289053,8006
FN-DSA,sign,512,1286178,8007
FN-DSA,sign,512,1283434,8008
FN-DSA,sign,512,1289668,8009
FN-DSA,sign,512,1285119,8010
FN-DSA,sign,512,1278809,8011
FN-DSA,sign,512,1288141,8012
FN-DSA,sign,512,1286507,8013
FN-DSA,sign,512,1285703,8014
FN-DSA,sign,512,1286933,8015
FN-DSA,sign,512,1290795,8016
FN-DSA,sign,512,1285778,8017
FN-DSA,sign,512,1286394,8018
FN-DSA,sign,512,1288431,8019
FN-DSA,sign,512,1289000,8020
FN-DSA,sign,512,1281474,8021
FN-DSA,sign,512,1284992,8022
FN-DSA,sign,512,1290499,8023
FN-DSA,sign,512,1284576,8024
FN-DSA,sign,512,1288920,8025
FN-DSA,sign,512,1286586,8026
FN-DSA,sign,512,1292120,8027
FN-DSA,sign,512,1286227,8028
FN-DSA,sign,512,1283491,8029
FN-DSA,sign,512,1283560,8030
FN-DSA,sign,512,1285011,8031
FN-DSA,sign,512,1288970,8032
FN-DSA,sign,512,1289553,8033
FN-DSA,sign,512,1283640,8034
FN-DSA,sign,512,1282754,8035
FN-DSA,sign,512,1287360,8036
FN-DSA,sign,512,1283907,8037
FN-DSA,sign,512,1289716,8038
FN-DSA,sign,512,1283696,8039
FN-DSA,sign,512,1288574,8040
FN-DSA,sign,512,1287407,8041
FN-DSA,sign,512,1291639,8042
FN-DSA,sign,512,1285464,8043
FN-DSA,sign,512,1289307,8044
FN-DSA,sign,512,1284748,8045
FN-DSA,sign,512,1288647,8046
FN-DSA,sign,512,1290849,8047
FN-DSA,sign,512,1286648,8048
FN-DSA,sign,512,1288506,8049
FN-DSA,sign,512,1287081,8050
FN-DSA,sign,512,1284588,8051
FN-DSA,sign,512,1285504,8052
FN-DSA,sign,512,1290696,8053
FN-DSA,sign,512,1289993,8054
FN-DSA,sign,512,1285449,8055
FN-DSA,sign,512,1286166,8056
FN-DSA,sign,512,1286091,8057
FN-DSA,sign,512,1290114,8058
FN-DSA,sign,512,1290398,8059
FN-DSA,sign,512,1284812,8060
FN-DSA,sign,512,1285854,8061
FN-DSA,sign,512,1287614,8062
FN-DSA,sign,512,1287012,8063
FN-DSA,sign,512,1286656,8064
FN-DSA,sign,512,1289829,8065
FN-DSA,sign,512,1287343,8066
FN-DSA,sign,512,1285368,8067
FN-DSA,sign,512,1289197,8068
FN-DSA,sign,512,1286827,8069
FN-DSA,sign,512,1288628,8070
FN-DSA,sign,512,1286394,8071
FN-DSA,sign,512,1286280,8072
FN-DSA,sign,512,1286790,8073
FN-DSA,sign,512,1289050,8074
FN-DSA,sign,512,1285530,8075
FN-DSA,sign,512,1285044,8076
FN-DSA,sign,512,1289742,8077
FN-DSA,sign,512,1290281,8078
FN-DSA,sign,512,1288759,8079
FN-DSA,sign,512,1285426,8080
FN-DSA,sign,512,1283698,8081
FN-DSA,sign,512,1284731,8082
FN-DSA,sign,512,1288315,8083
FN-DSA,sign,512,1282815,8084
FN-DSA,sign,512,1287896,8085
FN-DSA,sign,512,1284724,8086
FN-DSA,sign,512,1283465,8087
FN-DSA,sign,512,1286680,8088
FN-DSA,sign,512,1284539,8089
FN-DSA,sign,512,1285989,8090
FN-DSA,sign,512,1291483,8091
FN-DSA,sign,512,1283627,8092
FN-DSA,sign,512,1290445,8093
FN-DSA,sign,512,1289580,8094
FN-DSA,sign,512,1285482,8095
FN-DSA,sign,512,1286836,8096
FN-DSA,sign,512,1289978,8097
FN-DSA,sign,512,1284479,8098
FN-DSA,sign,512,1282280,8099
FN-DSA,sign,512,1286942,8100
FN-DSA,sign,512,1283916,8101
FN-DSA,sign,512,1286912,8102
FN-DSA,sign,512,1285430,8103
FN-DSA,sign,512,1285974,8104
FN-DSA,sign,512,1290427,8105
FN-DSA,sign,512,1288374,8106
FN-DSA,sign,512,1286836,8107
FN-DSA,sign,512,1283577,8108
FN-DSA,sign,512,1283777,8109
FN-DSA,sign,512,1282072,8110
FN-DSA,sign,512,1283349,8111
FN-DSA,sign,512,1293975,8112
FN-DSA,sign,512,1290286,8113
FN-DSA,sign,512,1286308,8114
FN-DSA,sign,512,1282538,8115
FN-DSA,sign,512,1289672,8116
FN-DSA,sign,512,1288457,8117
FN-DSA,sign,512,1287318,8118
FN-DSA,sign,512,1286108,8119
FN-DSA,sign,512,1283490,8120
FN-DSA,sign,512,1289731,8121
FN-DSA,sign,512,1293701,8122
FN-DSA,sign,512,1282070,8123
FN-DSA,sign,512,1286994,8124
FN-DSA,sign,512,1287555,8125
FN-DSA,sign,512,1283129,8126
FN-DSA,sign,512,1285650,8127
FN-DSA,sign,512,1284382,8128
FN-DSA,sign,512,1288824,8129
FN-DSA,sign,512,1287020,8130
FN-DSA,sign,512,1285992,8131
FN-DSA,sign,512,1291522,8132
FN-DSA,sign,512,1287928,8133
FN-DSA,sign,512,1287940,8134
FN-DSA,sign,512,1287878,8135
FN-DSA,sign,512,1285548,8136
FN-DSA,sign,512,1284443,8137
FN-DSA,sign,512,1288442,8138
FN-DSA,sign,512,1281203,8139
FN-DSA,sign,512,1282851,8140
FN-DSA,sign,512,1285849,8141
FN-DSA,sign,512,1283341,8142
FN-DSA,sign,512,1286501,8143
FN-DSA,sign,512,1285296,8144
FN-DSA,sign,512,1287257,8145
FN-DSA,sign,512,1286370,8146
FN-DSA,sign,512,1289397,8147
FN-DSA,sign,512,1284508,8148
FN-DSA,sign,512,1288723,8149
FN-DSA,sign,512,1287911,8150
FN-DSA,sign,512,1282792,8151
FN-DSA,sign,512,1285826,8152
FN-DSA,sign,512,1292023,8153
FN-DSA,sign,512,1283925,8154
FN-DSA,sign,512,1283304,8155
FN-DSA,sign,512,1286909,8156
FN-DSA,sign,512,1285846,8157
FN-DSA,sign,512,1286710,8158
FN-DSA,sign,512,1286809,8159
FN-DSA,sign,512,1286731,8160
FN-DSA,sign,512,1284789,8161
FN-DSA,sign,512,1287143,8162
FN-DSA,sign,512,1282183,8163
FN-DSA,sign,512,1284481,8164
FN-DSA,sign,512,1284842,8165
FN-DSA,sign,512,1286391,8166
FN-DSA,sign,512,1285904,8167
FN-DSA,sign,512,1287323,8168
FN-DSA,sign,512,1289573,8169
FN-DSA,sign,512,1284654,8170
FN-DSA,sign,512,1289833,8171
FN-DSA,sign,512,1283885,8172
FN-DSA,sign,512,1285749,8173
FN-DSA,sign,512,1286500,8174
FN-DSA,sign,512,1286988,8175
FN-DSA,sign,512,1282257,8176
FN-DSA,sign,512,1286427,8177
FN-DSA,sign,512,1285227,8178
FN-DSA,sign,512,1281306,8179
FN-DSA,sign,512,1285870,8180
FN-DSA,sign,512,1289495,8181
FN-DSA,sign,512,1284198,8182
FN-DSA,sign,512,1288816,8183
FN-DSA,sign,512,1287248,8184
FN-DSA,sign,512,1288519,8185
FN-DSA,sign,512,1286059,8186
FN-DSA,sign,512,1288694,8187
FN-DSA,sign,512,1288147,8188
FN-DSA,sign,512,1288104,8189
FN-DSA,sign,512,1282761,8190
FN-DSA,sign,512,1280276,8191
FN-DSA,sign,512,1290014,8192
FN-DSA,sign,512,1286093,8193
FN-DSA,sign,512,1285340,8194
FN-DSA,sign,512,1288373,8195
FN-DSA,sign,512,1290901,8196
FN-DSA,sign,512,1286960,8197
FN-DSA,sign,512,1285664,8198
FN-DSA,sign,512,1286777,8199
FN-DSA,sign,512,1284343,8200
FN-DSA,sign,512,1287370,8201
FN-DSA,sign,512,1290444,8202
FN-DSA,sign,512,1286645,8203
FN-DSA,sign,512,1281569,8204
FN-DSA,sign,512,1283376,8205
FN-DSA,sign,512,1292858,8206
FN-DSA,sign,512,1288272,8207
FN-DSA,sign,512,1288778,8208
FN-DSA,sign,512,1286539,8209
FN-DSA,sign,512,1284847,8210
FN-DSA,sign,512,1286873,8211
FN-DSA,sign,512,1286200,8212
FN-DSA,sign,512,1284208,8213
FN-DSA,sign,512,1290135,8214
FN-DSA,sign,512,1290873,8215
FN-DSA,sign,512,1285515,8216
FN-DSA,sign,512,1286959,8217
FN-DSA,sign,512,1285990,8218
FN-DSA,sign,512,1287494,8219
FN-DSA,sign,512,1288862,8220
FN-DSA,sign,512,1283270,8221
FN-DSA,sign,512,1288591,8222
FN-DSA,sign,512,1283513,8223
FN-DSA,sign,512,1282314,8224
FN-DSA,sign,512,1286545,8225
FN-DSA,sign,512,1286467,8226
FN-DSA,sign,512,1285154,8227
FN-DSA,sign,512,1282594,8228
FN-DSA,sign,512,1284518,8229
FN-DSA,sign,512,1288330,8230
FN-DSA,sign,512,1283216,8231
FN-DSA,sign,512,1286597,8232
FN-DSA,sign,512,1287913,8233
FN-DSA,sign,512,1288809,8234
FN-DSA,sign,512,1285968,8235
FN-DSA,sign,512,1281917,8236
FN-DSA,sign,512,1289742,8237
FN-DSA,sign,512,1286102,8238
FN-DSA,sign,512,1286364,8239
FN-DSA,sign,512,1282389,8240
FN-DSA,sign,512,1283820,8241
FN-DSA,sign,512,1288337,8242
FN-DSA,sign,512,1288272,8243
FN-DSA,sign,512,1285408,8244
FN-DSA,sign,512,1290264,8245
FN-DSA,sign,512,1284559,8246
FN-DSA,sign,512,1290081,8247
FN-DSA,sign,512,1285285,8248
FN-DSA,sign,512,1283197,8249
FN-DSA,sign,512,1281921,8250
FN-DSA,sign,512,1289559,8251
FN-DSA,sign,512,1285772,8252
FN-DSA,sign,512,1284577,8253
FN-DSA,sign,512,1286650,8254
FN-DSA,sign,512,1289720,8255
FN-DSA,sign,512,1291045,8256
FN-DSA,sign,512,1289731,8257
FN-DSA,sign,512,1283375,8258
FN-DSA,sign,512,1280667,8259
FN-DSA,sign,512,1282320,8260
FN-DSA,sign,512,1281519,8261
FN-DSA,sign,512,1288277,8262
FN-DSA,sign,512,1288864,8263
FN-DSA,sign,512,1290159,8264
FN-DSA,sign,512,1285665,8265
FN-DSA,sign,512,1289069,8266
FN-DSA,sign,512,1285939,8267
FN-DSA,sign,512,1283151,8268
FN-DSA,sign,512,1289291,8269
FN-DSA,sign,512,1289629,8270
FN-DSA,sign,512,1292681,8271
FN-DSA,sign,512,1285620,8272
FN-DSA,sign,512,1286052,8273
FN-DSA,sign,512,1284239,8274
FN-DSA,sign,512,1281887,8275
FN-DSA,sign,512,1283926,8276
FN-DSA,sign,512,1288322,8277
FN-DSA,sign,512,1292220,8278
FN-DSA,sign,512,1285950,8279
FN-DSA,sign,512,1286575,8280
FN-DSA,sign,512,1281796,8281
FN-DSA,sign,512,1285639,8282
FN-DSA,sign,512,1286193,8283
FN-DSA,sign,512,1286839,8284
FN-DSA,sign,512,1288730,8285
FN-DSA,sign,512,1281283,8286
FN-DSA,sign,512,1288130,8287
FN-DSA,sign,512,1287099,8288
FN-DSA,sign,512,1286418,8289
FN-DSA,sign,512,1284809,8290
FN-DSA,sign,512,1288624,8291
FN-DSA,sign,512,1285430,8292
FN-DSA,sign,512,1283098,8293
FN-DSA,sign,512,1282207,8294
FN-DSA,sign,512,1285815,8295
FN-DSA,sign,512,1288714,8296
FN-DSA,sign,512,1284605,8297
FN-DSA,sign,512,1286712,8298
FN-DSA,sign,512,1287554,8299
FN-DSA,sign,512,1285253,8300
FN-DSA,sign,512,1285784,8301
FN-DSA,sign,512,1283832,8302
FN-DSA,sign,512,1281111,8303
FN-DSA,sign,512,1284442,8304
FN-DSA,sign,512,1287285,8305
FN-DSA,sign,512,1288735,8306
FN-DSA,sign,512,1288156,8307
FN-DSA,sign,512,1291552,8308
FN-DSA,sign,512,1287313,8309
FN-DSA,sign,512,1283141,8310
FN-DSA,sign,512,1283528,8311
FN-DSA,sign,512,1285127,8312
FN-DSA,sign,512,1285490,8313
FN-DSA,sign,512,1289328,8314
FN-DSA,sign,512,1285546,8315
FN-DSA,sign,512,1290243,8316
FN-DSA,sign,512,1286073,8317
FN-DSA,sign,512,1289585,8318
FN-DSA,sign,512,1285945,8319
FN-DSA,sign,512,1293354,8320
FN-DSA,sign,512,1288193,8321
FN-DSA,sign,512,1282492,8322
FN-DSA,sign,512,1282037,8323
FN-DSA,sign,512,1288940,8324
FN-DSA,sign,512,1289201,8325
FN-DSA,sign,512,1285246,8326
FN-DSA,sign,512,1290939,8327
FN-DSA,sign,512,1283701,8328
FN-DSA,sign,512,1284416,8329
FN-DSA,sign,512,1285835,8330
FN-DSA,sign,512,1289409,8331
FN-DSA,sign,512,1280786,8332
FN-DSA,sign,512,1282706,8333
FN-DSA,sign,512,1286354,8334
FN-DSA,sign,512,1288108,8335
FN-DSA,sign,512,1284493,8336
FN-DSA,sign,512,1290063,8337
FN-DSA,sign,512,1281921,8338
FN-DSA,sign,512,1280331,8339
FN-DSA,sign,512,1285169,8340
FN-DSA,sign,512,1288622,8341
FN-DSA,sign,512,1281471,8342
FN-DSA,sign,512,1283229,8343
FN-DSA,sign,512,1286516,8344
FN-DSA,sign,512,1286853,8345
FN-DSA,sign,512,1290533,8346
FN-DSA,sign,512,1285923,8347
FN-DSA,sign,512,1282252,8348
FN-DSA,sign,512,1282336,8349
FN-DSA,sign,512,1285862,8350
FN-DSA,sign,512,1289350,8351
FN-DSA,sign,512,1289038,8352
FN-DSA,sign,512,1284634,8353
FN-DSA,sign,512,1289859,8354
FN-DSA,sign,512,1285692,8355
FN-DSA,sign,512,1286363,8356
FN-DSA,sign,512,1293774,8357
FN-DSA,sign,512,1289962,8358
FN-DSA,sign,512,1286328,8359
FN-DSA,sign,512,1282729,8360
FN-DSA,sign,512,1287875,8361
FN-DSA,sign,512,1282310,8362
FN-DSA,sign,512,1291910,8363
FN-DSA,sign,512,1287898,8364
FN-DSA,sign,512,1287311,8365
FN-DSA,sign,512,1287939,8366
FN-DSA,sign,512,1288824,8367
FN-DSA,sign,512,1286011,8368
FN-DSA,sign,512,1290411,8369
FN-DSA,sign,512,1284499,8370
FN-DSA,sign,512,1280259,8371
FN-DSA,sign,512,1283726,8372
FN-DSA,sign,512,1288740,8373
FN-DSA,sign,512,1286440,8374
FN-DSA,sign,512,1289761,8375
FN-DSA,sign,512,1287054,8376
FN-DSA,sign,512,1280175,8377
FN-DSA,sign,512,1290788,8378
FN-DSA,sign,512,1283339,8379
FN-DSA,sign,512,1285515,8380
FN-DSA,sign,512,1289293,8381
FN-DSA,sign,512,1285682,8382
FN-DSA,sign,512,1287423,8383
FN-DSA,sign,512,1282838,8384
FN-DSA,sign,512,1288616,8385
FN-DSA,sign,512,1287134,8386
FN-DSA,sign,512,1288058,8387
FN-DSA,sign,512,1289077,8388
FN-DSA,sign,512,1282177,8389
FN-DSA,sign,512,1289009,8390
FN-DSA,sign,512,1290711,8391
FN-DSA,sign,512,1285091,8392
FN-DSA,sign,512,1285061,8393
FN-DSA,sign,512,1288095,8394
FN-DSA,sign,512,1285215,8395
FN-DSA,sign,512,1279910,8396
FN-DSA,sign,512,1287323,8397
FN-DSA,sign,512,1285881,8398
FN-DSA,sign,512,1290671,8399
FN-DSA,sign,512,1289333,8400
FN-DSA,sign,512,1291413,8401
FN-DSA,sign,512,1279481,8402
FN-DSA,sign,512,1288246,8403
FN-DSA,sign,512,1289795,8404
FN-DSA,sign,512,1286259,8405
FN-DSA,sign,512,1284834,8406
FN-DSA,sign,512,1285370,8407
FN-DSA,sign,512,1287179,8408
FN-DSA,sign,512,1287951,8409
FN-DSA,sign,512,1288998,8410
FN-DSA,sign,512,1285486,8411
FN-DSA,sign,512,1285035,8412
FN-DSA,sign,512,1284527,8413
FN-DSA,sign,512,1286281,8414
FN-DSA,sign,512,1287872,8415
FN-DSA,sign,512,1291767,8416
FN-DSA,sign,512,1290911,8417
FN-DSA,sign,512,1282886,8418
FN-DSA,sign,512,1290298,8419
FN-DSA,sign,512,1289216,8420
FN-DSA,sign,512,1286254,8421
FN-DSA,sign,512,1281882,8422
FN-DSA,sign,512,1286933,8423
FN-DSA,sign,512,1285491,8424
FN-DSA,sign,512,1287272,8425
FN-DSA,sign,512,1286826,8426
FN-DSA,sign,512,1293087,8427
FN-DSA,sign,512,1288497,8428
FN-DSA,sign,512,1285738,8429
FN-DSA,sign,512,1286294,8430
FN-DSA,sign,512,1285426,8431
FN-DSA,sign,512,1284016,8432
FN-DSA,sign,512,1293148,8433
FN-DSA,sign,512,1292629,8434
FN-DSA,sign,512,1282093,8435
FN-DSA,sign,512,1291977,8436
FN-DSA,sign,512,1286519,8437
FN-DSA,sign,512,1282542,8438
FN-DSA,sign,512,1286468,8439
FN-DSA,sign,512,1285130,8440
FN-DSA,sign,512,1285431,8441
FN-DSA,sign,512,1286611,8442
FN-DSA,sign,512,1286254,8443
FN-DSA,sign,512,1282296,8444
FN-DSA,sign,512,1285476,8445
FN-DSA,sign,512,1284346,8446
FN-DSA,sign,512,1288001,8447
FN-DSA,sign,512,1282223,8448
FN-DSA,sign,512,1285503,8449
FN-DSA,sign,512,1288462,8450
FN-DSA,sign,512,1285356,8451
FN-DSA,sign,512,1289186,8452
FN-DSA,sign,512,1284660,8453
FN-DSA,sign,512,1287975,8454
FN-DSA,sign,512,1285971,8455
FN-DSA,sign,512,1282855,8456
FN-DSA,sign,512,1286284,8457
FN-DSA,sign,512,1284315,8458
FN-DSA,sign,512,1283430,8459
FN-DSA,sign,512,1285835,8460
FN-DSA,sign,512,1290103,8461
FN-DSA,sign,512,1289950,8462
FN-DSA,sign,512,1288785,8463
FN-DSA,sign,512,1284229,8464
FN-DSA,sign,512,1283697,8465
FN-DSA,sign,512,1287401,8466
FN-DSA,sign,512,1288665,8467
FN-DSA,sign,512,1285191,8468
FN-DSA,sign,512,1285137,8469
FN-DSA,sign,512,1290895,8470
FN-DSA,sign,512,1286227,8471
FN-DSA,sign,512,1280656,8472
FN-DSA,sign,512,1285470,8473
FN-DSA,sign,512,1288656,8474
FN-DSA,sign,512,1285707,8475
FN-DSA,sign,512,1292116,8476
FN-DSA,sign,512,1287473,8477
FN-DSA,sign,512,1282319,8478
FN-DSA,sign,512,1283846,8479
FN-DSA,sign,512,1289598,8480
FN-DSA,sign,512,1282336,8481
FN-DSA,sign,512,1288690,8482
FN-DSA,sign,512,1293212,8483
FN-DSA,sign,512,1289068,8484
FN-DSA,sign,512,1285703,8485
FN-DSA,sign,512,1283629,8486
FN-DSA,sign,512,1287362,8487
FN-DSA,sign,512,1285986,8488
FN-DSA,sign,512,1288623,8489
FN-DSA,sign,512,1286437,8490
FN-DSA,sign,512,1288287,8491
FN-DSA,sign,512,1290310,8492
FN-DSA,sign,512,1281216,8493
FN-DSA,sign,512,1286645,8494
FN-DSA,sign,512,1287405,8495
FN-DSA,sign,512,1284287,8496
FN-DSA,sign,512,1283171,8497
FN-DSA,sign,512,1293362,8498
FN-DSA,sign,512,1286802,8499
FN-DSA,sign,512,1288258,8500
FN-DSA,sign,512,1284217,8501
FN-DSA,sign,512,1285516,8502
FN-DSA,sign,512,1287575,8503
FN-DSA,sign,512,1289980,8504
FN-DSA,sign,512,1289412,8505
FN-DSA,sign,512,1287842,8506
FN-DSA,sign,512,1288561,8507
FN-DSA,sign,512,1289935,8508
FN-DSA,sign,512,1285489,8509
FN-DSA,sign,512,1286571,8510
FN-DSA,sign,512,1286571,8511
FN-DSA,sign,512,1286520,8512
FN-DSA,sign,512,1284500,8513
FN-DSA,sign,512,1289728,8514
FN-DSA,sign,512,1285819,8515
FN-DSA,sign,512,1286076,8516
FN-DSA,sign,512,1283641,8517
FN-DSA,sign,512,1285614,8518
FN-DSA,sign,512,1283766,8519
FN-DSA,sign,512,1286822,8520
FN-DSA,sign,512,1286399,8521
FN-DSA,sign,512,1286953,8522
FN-DSA,sign,512,1284758,8523
FN-DSA,sign,512,1285640,8524
FN-DSA,sign,512,1286859,8525
FN-DSA,sign,512,1284714,8526
FN-DSA,sign,512,1282252,8527
FN-DSA,sign,512,1287484,8528
FN-DSA,sign,512,1292940,8529
FN-DSA,sign,512,1284514,8530
FN-DSA,sign,512,1286933,8531
FN-DSA,sign,512,1288847,8532
FN-DSA,sign,512,1286260,8533
FN-DSA,sign,512,1286705,8534
FN-DSA,sign,512,1282368,8535
FN-DSA,sign,512,1283455,8536
FN-DSA,sign,512,1288469,8537
FN-DSA,sign,512,1285822,8538
FN-DSA,sign,512,1289431,8539
FN-DSA,sign,512,1282589,8540
FN-DSA,sign,512,1288354,8541
FN-DSA,sign,512,1284571,8542
FN-DSA,sign,512,1288371,8543
FN-DSA,sign,512,1284831,8544
FN-DSA,sign,512,1285452,8545
FN-DSA,sign,512,1281024,8546
FN-DSA,sign,512,1288020,8547
FN-DSA,sign,512,1287843,8548
FN-DSA,sign,512,1286570,8549
FN-DSA,sign,512,1279766,8550
FN-DSA,sign,512,1283899,8551
FN-DSA,sign,512,1284643,8552
FN-DSA,sign,512,1287092,8553
FN-DSA,sign,512,1292683,8554
FN-DSA,sign,512,1283173,8555
FN-DSA,sign,512,1290110,8556
FN-DSA,sign,512,1285760,8557
FN-DSA,sign,512,1286583,8558
FN-DSA,sign,512,1286220,8559
FN-DSA,sign,512,1285733,8560
FN-DSA,sign,512,1284958,8561
FN-DSA,sign,512,1282824,8562
FN-DSA,sign,512,1286450,8563
FN-DSA,sign,512,1286303,8564
FN-DSA,sign,512,1283647,8565
FN-DSA,sign,512,1285694,8566
FN-DSA,sign,512,1291515,8567
FN-DSA,sign,512,1287948,8568
FN-DSA,sign,512,1287082,8569
FN-DSA,sign,512,1285858,8570
FN-DSA,sign,512,1289746,8571
FN-DSA,sign,512,1285298,8572
FN-DSA,sign,512,1290603,8573
FN-DSA,sign,512,1289501,8574
FN-DSA,sign,512,1285276,8575
FN-DSA,sign,512,1282601,8576
FN-DSA,sign,512,1292251,8577
FN-DSA,sign,512,1285460,8578
FN-DSA,sign,512,1288846,8579
FN-DSA,sign,512,1288514,8580
FN-DSA,sign,512,1285583,8581
FN-DSA,sign,512,1286060,8582
FN-DSA,sign,512,1288466,8583
FN-DSA,sign,512,1284898,8584
FN-DSA,sign,512,1281920,8585
FN-DSA,sign,512,1286685,8586
FN-DSA,sign,512,1286817,8587
FN-DSA,sign,512,1284403,8588
FN-DSA,sign,512,1282733,8589
FN-DSA,sign,512,1284740,8590
FN-DSA,sign,512,1281589,8591
FN-DSA,sign,512,1290144,8592
FN-DSA,sign,512,1283324,8593
FN-DSA,sign,512,1289776,8594
FN-DSA,sign,512,1286756,8595
FN-DSA,sign,512,1286136,8596
FN-DSA,sign,512,1284680,8597
FN-DSA,sign,512,1284370,8598
FN-DSA,sign,512,1287242,8599
FN-DSA,sign,512,1282404,8600
FN-DSA,sign,512,1283323,8601
FN-DSA,sign,512,1287327,8602
FN-DSA,sign,512,1289728,8603
FN-DSA,sign,512,1286493,8604
FN-DSA,sign,512,1284483,8605
FN-DSA,sign,512,1282361,8606
FN-DSA,sign,512,1285918,8607
FN-DSA,sign,512,1285832,8608
FN-DSA,sign,512,1288548,8609
FN-DSA,sign,512,1288982,8610
FN-DSA,sign,512,1287165,8611
FN-DSA,sign,512,1288155,8612
FN-DSA,sign,512,1285121,8613
FN-DSA,sign,512,1292022,8614
FN-DSA,sign,512,1293074,8615
FN-DSA,sign,512,1284614,8616
FN-DSA,sign,512,1285478,8617
FN-DSA,sign,512,1289144,8618
FN-DSA,sign,512,1289238,8619
FN-DSA,sign,512,1293513,8620
FN-DSA,sign,512,1286009,8621
FN-DSA,sign,512,1283666,8622
FN-DSA,sign,512,1288648,8623
FN-DSA,sign,512,1282079,8624
FN-DSA,sign,512,1282008,8625
FN-DSA,sign,512,1283512,8626
FN-DSA,sign,512,1284832,8627
FN-DSA,sign,512,1281778,8628
FN-DSA,sign,512,1284327,8629
FN-DSA,sign,512,1285089,8630
FN-DSA,sign,512,1284923,8631
FN-DSA,sign,512,1284661,8632
FN-DSA,sign,512,1278972,8633
FN-DSA,sign,512,1285372,8634
FN-DSA,sign,512,1290511,8635
FN-DSA,sign,512,1287853,8636
FN-DSA,sign,512,1285630,8637
FN-DSA,sign,512,1284783,8638
FN-DSA,sign,512,1281357,8639
FN-DSA,sign,512,1288776,8640
FN-DSA,sign,512,1282049,8641
FN-DSA,sign,512,1289605,8642
FN-DSA,sign,512,1286353,8643
FN-DSA,sign,512,1284363,8644
FN-DSA,sign,512,1285140,8645
FN-DSA,sign,512,1284607,8646
FN-DSA,sign,512,1281340,8647
FN-DSA,sign,512,1286915,8648
FN-DSA,sign,512,1288021,8649
FN-DSA,sign,512,1286043,8650
FN-DSA,sign,512,1286666,8651
FN-DSA,sign,512,1284063,8652
FN-DSA,sign,512,1289373,8653
FN-DSA,sign,512,1282063,8654
FN-DSA,sign,512,1285383,8655
FN-DSA,sign,512,1283501,8656
FN-DSA,sign,512,1283328,8657
FN-DSA,sign,512,1286646,8658
FN-DSA,sign,512,1288289,8659
FN-DSA,sign,512,1284263,8660
FN-DSA,sign,512,1290244,8661
FN-DSA,sign,512,1283927,8662
FN-DSA,sign,512,1289798,8663
FN-DSA,sign,512,1286237,8664
FN-DSA,sign,512,1286182,8665
FN-DSA,sign,512,1292279,8666
FN-DSA,sign,512,1291443,8667
FN-DSA,sign,512,1295414,8668
FN-DSA,sign,512,1288828,8669
FN-DSA,sign,512,1286722,8670
FN-DSA,sign,512,1286679,8671
FN-DSA,sign,512,1286776,8672
FN-DSA,sign,512,1286278,8673
FN-DSA,sign,512,1287355,8674
FN-DSA,sign,512,1288070,8675
FN-DSA,sign,512,1282910,8676
FN-DSA,sign,512,1289305,8677
FN-DSA,sign,512,1285546,8678
FN-DSA,sign,512,1283212,8679
FN-DSA,sign,512,1288299,8680
FN-DSA,sign,512,1290780,8681
FN-DSA,sign,512,1276214,8682
FN-DSA,sign,512,1290711,8683
FN-DSA,sign,512,1286358,8684
FN-DSA,sign,512,1288458,8685
FN-DSA,sign,512,1286064,8686
FN-DSA,sign,512,1283834,8687
FN-DSA,sign,512,1287967,8688
FN-DSA,sign,512,1289511,8689
FN-DSA,sign,512,1280304,8690
FN-DSA,sign,512,1290043,8691
FN-DSA,sign,512,1288676,8692
FN-DSA,sign,512,1284449,8693
FN-DSA,sign,512,1285112,8694
FN-DSA,sign,512,1285529,8695
FN-DSA,sign,512,1285340,8696
FN-DSA,sign,512,1288580,8697
FN-DSA,sign,512,1288699,8698
FN-DSA,sign,512,1285148,8699
FN-DSA,sign,512,1284824,8700
FN-DSA,sign,512,1283877,8701
FN-DSA,sign,512,1280864,8702
FN-DSA,sign,512,1291945,8703
FN-DSA,sign,512,1289394,8704
FN-DSA,sign,512,1287781,8705
FN-DSA,sign,512,1284810,8706
FN-DSA,sign,512,1288832,8707
FN-DSA,sign,512,1288662,8708
FN-DSA,sign,512,1293292,8709
FN-DSA,sign,512,1285985,8710
FN-DSA,sign,512,1284237,8711
FN-DSA,sign,512,1288572,8712
FN-DSA,sign,512,1287919,8713
FN-DSA,sign,512,1283957,8714
FN-DSA,sign,512,1285361,8715
FN-DSA,sign,512,1285892,8716
FN-DSA,sign,512,1288053,8717
FN-DSA,sign,512,1289637,8718
FN-DSA,sign,512,1283443,8719
FN-DSA,sign,512,1281784,8720
FN-DSA,sign,512,1289438,8721
FN-DSA,sign,512,1286631,8722
FN-DSA,sign,512,1285482,8723
FN-DSA,sign,512,1283866,8724
FN-DSA,sign,512,1287351,8725
FN-DSA,sign,512,1288944,8726
FN-DSA,sign,512,1283852,8727
FN-DSA,sign,512,1285540,8728
FN-DSA,sign,512,1282425,8729
FN-DSA,sign,512,1283261,8730
FN-DSA,sign,512,1284818,8731
FN-DSA,sign,512,1284795,8732
FN-DSA,sign,512,1291466,8733
FN-DSA,sign,512,1293279,8734
FN-DSA,sign,512,1289908,8735
FN-DSA,sign,512,1287004,8736
FN-DSA,sign,512,1285389,8737
FN-DSA,sign,512,1286290,8738
FN-DSA,sign,512,1282235,8739
FN-DSA,sign,512,1286753,8740
FN-DSA,sign,512,1286537,8741
FN-DSA,sign,512,1285771,8742
FN-DSA,sign,512,1288046,8743
FN-DSA,sign,512,1286203,8744
FN-DSA,sign,512,1281497,8745
FN-DSA,sign,512,1293851,8746
FN-DSA,sign,512,1287255,8747
FN-DSA,sign,512,1281190,8748
FN-DSA,sign,512,1289284,8749
FN-DSA,sign,512,1282968,8750
FN-DSA,sign,512,1291816,8751
FN-DSA,sign,512,1286846,8752
FN-DSA,sign,512,1285299,8753
FN-DSA,sign,512,1286581,8754
FN-DSA,sign,512,1290239,8755
FN-DSA,sign,512,1285461,8756
FN-DSA,sign,512,1287991,8757
FN-DSA,sign,512,1286911,8758
FN-DSA,sign,512,1289800,8759
FN-DSA,sign,512,1292469,8760
FN-DSA,sign,512,1285854,8761
FN-DSA,sign,512,1284370,8762
FN-DSA,sign,512,1285488,8763
FN-DSA,sign,512,1287276,8764
FN-DSA,sign,512,1287588,8765
FN-DSA,sign,512,1286803,8766
FN-DSA,sign,512,1280212,8767
FN-DSA,sign,512,1285193,8768
FN-DSA,sign,512,1283667,8769
FN-DSA,sign,512,1287394,8770
FN-DSA,sign,512,1285303,8771
FN-DSA,sign,512,1285816,8772
FN-DSA,sign,512,1288857,8773
FN-DSA,sign,512,1290390,8774
FN-DSA,sign,512,1287484,8775
FN-DSA,sign,512,1292561,8776
FN-DSA,sign,512,1282978,8777
FN-DSA,sign,512,1288043,8778
FN-DSA,sign,512,1286956,8779
FN-DSA,sign,512,1286633,8780
FN-DSA,sign,512,1284792,8781
FN-DSA,sign,512,1290525,8782
FN-DSA,sign,512,1287020,8783
FN-DSA,sign,512,1282024,8784
FN-DSA,sign,512,1289542,8785
FN-DSA,sign,512,1286148,8786
FN-DSA,sign,512,1282759,8787
FN-DSA,sign,512,1283733,8788
FN-DSA,sign,512,1290981,8789
FN-DSA,sign,512,1286875,8790
FN-DSA,sign,512,1285461,8791
FN-DSA,sign,512,1285240,8792
FN-DSA,sign,512,1289175,8793
FN-DSA,sign,512,1284398,8794
FN-DSA,sign,512,1286838,8795
FN-DSA,sign,512,1286822,8796
FN-DSA,sign,512,1291510,8797
FN-DSA,sign,512,1284227,8798
FN-DSA,sign,512,1286182,8799
FN-DSA,sign,512,1289082,8800
FN-DSA,sign,512,1287210,8801
FN-DSA,sign,512,1289622,8802
FN-DSA,sign,512,1286910,8803
FN-DSA,sign,512,1285550,8804
FN-DSA,sign,512,1288038,8805
FN-DSA,sign,512,1288539,8806
FN-DSA,sign,512,1282288,8807
FN-DSA,sign,512,1288958,8808
FN-DSA,sign,512,1286624,8809
FN-DSA,sign,512,1287902,8810
FN-DSA,sign,512,1286902,8811
FN-DSA,sign,512,1286997,8812
FN-DSA,sign,512,1284733,8813
FN-DSA,sign,512,1286107,8814
FN-DSA,sign,512,1288391,8815
FN-DSA,sign,512,1284535,8816
FN-DSA,sign,512,1288277,8817
FN-DSA,sign,512,1282586,8818
FN-DSA,sign,512,1282838,8819
FN-DSA,sign,512,1290070,8820
FN-DSA,sign,512,1283760,8821
FN-DSA,sign,512,1287948,8822
FN-DSA,sign,512,1287513,8823
FN-DSA,sign,512,1289926,8824
FN-DSA,sign,512,1290118,8825
FN-DSA,sign,512,1284589,8826
FN-DSA,sign,512,1288258,8827
FN-DSA,sign,512,1289390,8828
FN-DSA,sign,512,1283730,8829
FN-DSA,sign,512,1285465,8830
FN-DSA,sign,512,1285458,8831
FN-DSA,sign,512,1285005,8832
FN-DSA,sign,512,1286737,8833
FN-DSA,sign,512,1285358,8834
FN-DSA,sign,512,1290001,8835
FN-DSA,sign,512,1285902,8836
FN-DSA,sign,512,1282221,8837
FN-DSA,sign,512,1288955,8838
FN-DSA,sign,512,1287165,8839
FN-DSA,sign,512,1287015,8840
FN-DSA,sign,512,1288684,8841
FN-DSA,sign,512,1287883,8842
FN-DSA,sign,512,1290539,8843
FN-DSA,sign,512,1288099,8844
FN-DSA,sign,512,1282403,8845
FN-DSA,sign,512,1290827,8846
FN-DSA,sign,512,1283838,8847
FN-DSA,sign,512,1285362,8848
FN-DSA,sign,512,1285143,8849
FN-DSA,sign,512,1282511,8850
FN-DSA,sign,512,1291976,8851
FN-DSA,sign,512,1286468,8852
FN-DSA,sign,512,1290380,8853
FN-DSA,sign,512,1289892,8854
FN-DSA,sign,512,1288165,8855
FN-DSA,sign,512,1284871,8856
FN-DSA,sign,512,1284963,8857
FN-DSA,sign,512,1286389,8858
FN-DSA,sign,512,1287863,8859
FN-DSA,sign,512,1287450,8860
FN-DSA,sign,512,1285635,8861
FN-DSA,sign,512,1289126,8862
FN-DSA,sign,512,1286065,8863
FN-DSA,sign,512,1282080,8864
FN-DSA,sign,512,1283459,8865
FN-DSA,sign,512,1285444,8866
FN-DSA,sign,512,1282448,8867
FN-DSA,sign,512,1284441,8868
FN-DSA,sign,512,1292279,8869
FN-DSA,sign,512,1283292,8870
FN-DSA,sign,512,1286386,8871
FN-DSA,sign,512,1284340,8872
FN-DSA,sign,512,1285433,8873
FN-DSA,sign,512,1292898,8874
FN-DSA,sign,512,1292974,8875
FN-DSA,sign,512,1284355,8876
FN-DSA,sign,512,1288685,8877
FN-DSA,sign,512,1282702,8878
FN-DSA,sign,512,1278415,8879
FN-DSA,sign,512,1285955,8880
FN-DSA,sign,512,1291045,8881
FN-DSA,sign,512,1287187,8882
FN-DSA,sign,512,1287346,8883
FN-DSA,sign,512,1284859,8884
FN-DSA,sign,512,1284443,8885
FN-DSA,sign,512,1285455,8886
FN-DSA,sign,512,1286093,8887
FN-DSA,sign,512,1289782,8888
FN-DSA,sign,512,1289514,8889
FN-DSA,sign,512,1284522,8890
FN-DSA,sign,512,1285570,8891
FN-DSA,sign,512,1287597,8892
FN-DSA,sign,512,1278857,8893
FN-DSA,sign,512,1287951,8894
FN-DSA,sign,512,1283539,8895
FN-DSA,sign,512,1284288,8896
FN-DSA,sign,512,1288135,8897
FN-DSA,sign,512,1289059,8898
FN-DSA,sign,512,1288218,8899
FN-DSA,sign,512,1283257,8900
FN-DSA,sign,512,1287354,8901
FN-DSA,sign,512,1288213,8902
FN-DSA,sign,512,1283555,8903
FN-DSA,sign,512,1289676,8904
FN-DSA,sign,512,1287998,8905
FN-DSA,sign,512,1285059,8906
FN-DSA,sign,512,1288310,8907
FN-DSA,sign,512,1281615,8908
FN-DSA,sign,512,1286427,8909
FN-DSA,sign,512,1285981,8910
FN-DSA,sign,512,1282081,8911
FN-DSA,sign,512,1288544,8912
FN-DSA,sign,512,1281618,8913
FN-DSA,sign,512,1290840,8914
FN-DSA,sign,512,1284874,8915
FN-DSA,sign,512,1289242,8916
FN-DSA,sign,512,1288854,8917
FN-DSA,sign,512,1286906,8918
FN-DSA,sign,512,1283760,8919
FN-DSA,sign,512,1281916,8920
FN-DSA,sign,512,1285226,8921
FN-DSA,sign,512,1284969,8922
FN-DSA,sign,512,1290150,8923
FN-DSA,sign,512,1285979,8924
FN-DSA,sign,512,1288797,8925
FN-DSA,sign,512,1282695,8926
FN-DSA,sign,512,1284579,8927
FN-DSA,sign,512,1282864,8928
FN-DSA,sign,512,1292558,8929
FN-DSA,sign,512,1283532,8930
FN-DSA,sign,512,1290334,8931
FN-DSA,sign,512,1280873,8932
FN-DSA,sign,512,1282434,8933
FN-DSA,sign,512,1287363,8934
FN-DSA,sign,512,1290383,8935
FN-DSA,sign,512,1282153,8936
FN-DSA,sign,512,1282826,8937
FN-DSA,sign,512,1284800,8938
FN-DSA,sign,512,1283319,8939
FN-DSA,sign,512,1286660,8940
FN-DSA,sign,512,1287411,8941
FN-DSA,sign,512,1284365,8942
FN-DSA,sign,512,1286432,8943
FN-DSA,sign,512,1288761,8944
FN-DSA,sign,512,1287378,8945
FN-DSA,sign,512,1286583,8946
FN-DSA,sign,512,1285047,8947
FN-DSA,sign,512,1287917,8948
FN-DSA,sign,512,1289772,8949
FN-DSA,sign,512,1288597,8950
FN-DSA,sign,512,1285229,8951
FN-DSA,sign,512,1285483,8952
FN-DSA,sign,512,1283617,8953
FN-DSA,sign,512,1285643,8954
FN-DSA,sign,512,1287455,8955
FN-DSA,sign,512,1282880,8956
FN-DSA,sign,512,1283120,8957
FN-DSA,sign,512,1289518,8958
FN-DSA,sign,512,1286204,8959
FN-DSA,sign,512,1288172,8960
FN-DSA,sign,512,1285351,8961
FN-DSA,sign,512,1286121,8962
FN-DSA,sign,512,1287997,8963
FN-DSA,sign,512,1287794,8964
FN-DSA,sign,512,1286277,8965
FN-DSA,sign,512,1283546,8966
FN-DSA,sign,512,1283132,8967
FN-DSA,sign,512,1285875,8968
FN-DSA,sign,512,1278971,8969
FN-DSA,sign,512,1287930,8970
FN-DSA,sign,512,1283627,8971
FN-DSA,sign,512,1283480,8972
FN-DSA,sign,512,1290033,8973
FN-DSA,sign,512,1276763,8974
FN-DSA,sign,512,1287521,8975
FN-DSA,sign,512,1286765,8976
FN-DSA,sign,512,1284635,8977
FN-DSA,sign,512,1283087,8978
FN-DSA,sign,512,1285354,8979
FN-DSA,sign,512,1289443,8980
FN-DSA,sign,512,1288790,8981
FN-DSA,sign,512,1283705,8982
FN-DSA,sign,512,1283209,8983
FN-DSA,sign,512,1291633,8984
FN-DSA,sign,512,1285524,8985
FN-DSA,sign,512,1285758,8986
FN-DSA,sign,512,1286084,8987
FN-DSA,sign,512,1283426,8988
FN-DSA,sign,512,1290009,8989
FN-DSA,sign,512,1289618,8990
FN-DSA,sign,512,1288255,8991
FN-DSA,sign,512,1287041,8992
FN-DSA,sign,512,1289496,8993
FN-DSA,sign,512,1291978,8994
FN-DSA,sign,512,1286372,8995
FN-DSA,sign,512,1290423,8996
FN-DSA,sign,512,1285536,8997
FN-DSA,sign,512,1283270,8998
FN-DSA,sign,512,1289148,8999
FN-DSA,sign,512,1287422,9000
FN-DSA,sign,512,1286180,9001
FN-DSA,sign,512,1284725,9002
FN-DSA,sign,512,1285282,9003
FN-DSA,sign,512,1284739,9004
FN-DSA,sign,512,1292039,9005
FN-DSA,sign,512,1288807,9006
FN-DSA,sign,512,1286775,9007
FN-DSA,sign,512,1284012,9008
FN-DSA,sign,512,1282203,9009
FN-DSA,sign,512,1287910,9010
FN-DSA,sign,512,1286818,9011
FN-DSA,sign,512,1288498,9012
FN-DSA,sign,512,1284721,9013
FN-DSA,sign,512,1290186,9014
FN-DSA,sign,512,1283791,9015
FN-DSA,sign,512,1282839,9016
FN-DSA,sign,512,1286120,9017
FN-DSA,sign,512,1292645,9018
FN-DSA,sign,512,1283241,9019
FN-DSA,sign,512,1285525,9020
FN-DSA,sign,512,1290746,9021
FN-DSA,sign,512,1285053,9022
FN-DSA,sign,512,1290184,9023
FN-DSA,sign,512,1285905,9024
FN-DSA,sign,512,1288116,9025
FN-DSA,sign,512,1281954,9026
FN-DSA,sign,512,1287026,9027
FN-DSA,sign,512,1283516,9028
FN-DSA,sign,512,1285249,9029
FN-DSA,sign,512,1288271,9030
FN-DSA,sign,512,1282299,9031
FN-DSA,sign,512,1286671,9032
FN-DSA,sign,512,1285453,9033
FN-DSA,sign,512,1286439,9034
FN-DSA,sign,512,1288003,9035
FN-DSA,sign,512,1290888,9036
FN-DSA,sign,512,1283017,9037
FN-DSA,sign,512,1287326,9038
FN-DSA,sign,512,1288145,9039
FN-DSA,sign,512,1283559,9040
FN-DSA,sign,512,1283174,9041
FN-DSA,sign,512,1287571,9042
FN-DSA,sign,512,1285070,9043
FN-DSA,sign,512,1285070,9044
FN-DSA,sign,512,1283747,9045
FN-DSA,sign,512,1285364,9046
FN-DSA,sign,512,1289033,9047
FN-DSA,sign,512,1290148,9048
FN-DSA,sign,512,1289764,9049
FN-DSA,sign,512,1281488,9050
FN-DSA,sign,512,1281557,9051
FN-DSA,sign,512,1287828,9052
FN-DSA,sign,512,1282508,9053
FN-DSA,sign,512,1282486,9054
FN-DSA,sign,512,1288303,9055
FN-DSA,sign,512,1285287,9056
FN-DSA,sign,512,1286598,9057
FN-DSA,sign,512,1282313,9058
FN-DSA,sign,512,1282122,9059
FN-DSA,sign,512,1286471,9060
FN-DSA,sign,512,1280736,9061
FN-DSA,sign,512,1284724,9062
FN-DSA,sign,512,1285312,9063
FN-DSA,sign,512,1285399,9064
FN-DSA,sign,512,1290521,9065
FN-DSA,sign,512,1286571,9066
FN-DSA,sign,512,1286195,9067
FN-DSA,sign,512,1287475,9068
FN-DSA,sign,512,1286037,9069
FN-DSA,sign,512,1289661,9070
FN-DSA,sign,512,1289429,9071
FN-DSA,sign,512,1284945,9072
FN-DSA,sign,512,1284301,9073
FN-DSA,sign,512,1286341,9074
FN-DSA,sign,512,1290482,9075
FN-DSA,sign,512,1283074,9076
FN-DSA,sign,512,1283360,9077
FN-DSA,sign,512,1290468,9078
FN-DSA,sign,512,1291499,9079
FN-DSA,sign,512,1286224,9080
FN-DSA,sign,512,1283899,9081
FN-DSA,sign,512,1285504,9082
FN-DSA,sign,512,1289345,9083
FN-DSA,sign,512,1288714,9084
FN-DSA,sign,512,1284933,9085
FN-DSA,sign,512,1286847,9086
FN-DSA,sign,512,1289686,9087
FN-DSA,sign,512,1292676,9088
FN-DSA,sign,512,1293232,9089
FN-DSA,sign,512,1281318,9090
FN-DSA,sign,512,1286033,9091
FN-DSA,sign,512,1281276,9092
FN-DSA,sign,512,1286271,9093
FN-DSA,sign,512,1286441,9094
FN-DSA,sign,512,1281106,9095
FN-DSA,sign,512,1286363,9096
FN-DSA,sign,512,1286492,9097
FN-DSA,sign,512,1289877,9098
FN-DSA,sign,512,1283366,9099
FN-DSA,sign,512,1289946,9100
FN-DSA,sign,512,1286176,9101
FN-DSA,sign,512,1284827,9102
FN-DSA,sign,512,1281508,9103
FN-DSA,sign,512,1285655,9104
FN-DSA,sign,512,1284611,9105
FN-DSA,sign,512,1290134,9106
FN-DSA,sign,512,1286339,9107
FN-DSA,sign,512,1286088,9108
FN-DSA,sign,512,1283524,9109
FN-DSA,sign,512,1281467,9110
FN-DSA,sign,512,1287846,9111
FN-DSA,sign,512,1289799,9112
FN-DSA,sign,512,1289170,9113
FN-DSA,sign,512,1286335,9114
FN-DSA,sign,512,1283943,9115
FN-DSA,sign,512,1285518,9116
FN-DSA,sign,512,1283877,9117
FN-DSA,sign,512,1289526,9118
FN-DSA,sign,512,1290053,9119
FN-DSA,sign,512,1284854,9120
FN-DSA,sign,512,1287292,9121
FN-DSA,sign,512,1282956,9122
FN-DSA,sign,512,1288195,9123
FN-DSA,sign,512,1285170,9124
FN-DSA,sign,512,1286784,9125
FN-DSA,sign,512,1286742,9126
FN-DSA,sign,512,1282635,9127
FN-DSA,sign,512,1286068,9128
FN-DSA,sign,512,1282404,9129
FN-DSA,sign,512,1288986,9130
FN-DSA,sign,512,1285131,9131
FN-DSA,sign,512,1291605,9132
FN-DSA,sign,512,1281281,9133
FN-DSA,sign,512,1282116,9134
FN-DSA,sign,512,1289960,9135
FN-DSA,sign,512,1285955,9136
FN-DSA,sign,512,1289645,9137
FN-DSA,sign,512,1287499,9138
FN-DSA,sign,512,1285883,9139
FN-DSA,sign,512,1288871,9140
FN-DSA,sign,512,1281870,9141
FN-DSA,sign,512,1285370,9142
FN-DSA,sign,512,1287879,9143
FN-DSA,sign,512,1288235,9144
FN-DSA,sign,512,1287963,9145
FN-DSA,sign,512,1288368,9146
FN-DSA,sign,512,1285458,9147
FN-DSA,sign,512,1285770,9148
FN-DSA,sign,512,1285527,9149
FN-DSA,sign,512,1284590,9150
FN-DSA,sign,512,1285918,9151
FN-DSA,sign,512,1289386,9152
FN-DSA,sign,512,1281210,9153
FN-DSA,sign,512,1285776,9154
FN-DSA,sign,512,1286903,9155
FN-DSA,sign,512,1286365,9156
FN-DSA,sign,512,1284874,9157
FN-DSA,sign,512,1284392,9158
FN-DSA,sign,512,1287246,9159
FN-DSA,sign,512,1286312,9160
FN-DSA,sign,512,1283037,9161
FN-DSA,sign,512,1283184,9162
FN-DSA,sign,512,1287256,9163
FN-DSA,sign,512,1287966,9164
FN-DSA,sign,512,1284869,9165
FN-DSA,sign,512,1287532,9166
FN-DSA,sign,512,1285192,9167
FN-DSA,sign,512,1282948,9168
FN-DSA,sign,512,1283419,9169
FN-DSA,sign,512,1290279,9170
FN-DSA,sign,512,1282249,9171
FN-DSA,sign,512,1283453,9172
FN-DSA,sign,512,1289402,9173
FN-DSA,sign,512,1282203,9174
FN-DSA,sign,512,1289609,9175
FN-DSA,sign,512,1283090,9176
FN-DSA,sign,512,1285237,9177
FN-DSA,sign,512,1291990,9178
FN-DSA,sign,512,1283590,9179
FN-DSA,sign,512,1290141,9180
FN-DSA,sign,512,1281399,9181
FN-DSA,sign,512,1290446,9182
FN-DSA,sign,512,1289897,9183
FN-DSA,sign,512,1283388,9184
FN-DSA,sign,512,1290564,9185
FN-DSA,sign,512,1286017,9186
FN-DSA,sign,512,1287356,9187
FN-DSA,sign,512,1284153,9188
FN-DSA,sign,512,1285845,9189
FN-DSA,sign,512,1284268,9190
FN-DSA,sign,512,1285940,9191
FN-DSA,sign,512,1285467,9192
FN-DSA,sign,512,1284201,9193
FN-DSA,sign,512,1282721,9194
FN-DSA,sign,512,1286007,9195
FN-DSA,sign,512,1285853,9196
FN-DSA,sign,512,1289707,9197
FN-DSA,sign,512,1289593,9198
FN-DSA,sign,512,1284970,9199
FN-DSA,sign,512,1291952,9200
FN-DSA,sign,512,1282416,9201
FN-DSA,sign,512,1285679,9202
FN-DSA,sign,512,1285496,9203
FN-DSA,sign,512,1281421,9204
FN-DSA,sign,512,1290098,9205
FN-DSA,sign,512,1285281,9206
FN-DSA,sign,512,1290660,9207
FN-DSA,sign,512,1284463,9208
FN-DSA,sign,512,1287227,9209
FN-DSA,sign,512,1285756,9210
FN-DSA,sign,512,1282578,9211
FN-DSA,sign,512,1293351,9212
FN-DSA,sign,512,1292643,9213
FN-DSA,sign,512,1284953,9214
FN-DSA,sign,512,1286279,9215
FN-DSA,sign,512,1289610,9216
FN-DSA,sign,512,1283834,9217
FN-DSA,sign,512,1286403,9218
FN-DSA,sign,512,1288133,9219
FN-DSA,sign,512,1281637,9220
FN-DSA,sign,512,1281044,9221
FN-DSA,sign,512,1286057,9222
FN-DSA,sign,512,1287936,9223
FN-DSA,sign,512,1292139,9224
FN-DSA,sign,512,1286641,9225
FN-DSA,sign,512,1290634,9226
FN-DSA,sign,512,1285460,9227
FN-DSA,sign,512,1286090,9228
FN-DSA,sign,512,1286140,9229
FN-DSA,sign,512,1289979,9230
FN-DSA,sign,512,1287368,9231
FN-DSA,sign,512,1291813,9232
FN-DSA,sign,512,1288106,9233
FN-DSA,sign,512,1286050,9234
FN-DSA,sign,512,1288576,9235
FN-DSA,sign,512,1283975,9236
FN-DSA,sign,512,1288328,9237
FN-DSA,sign,512,1289246,9238
FN-DSA,sign,512,1283721,9239
FN-DSA,sign,512,1286565,9240
FN-DSA,sign,512,1287961,9241
FN-DSA,sign,512,1283539,9242
FN-DSA,sign,512,1286086,9243
FN-DSA,sign,512,1283486,9244
FN-DSA,sign,512,1285918,9245
FN-DSA,sign,512,1288796,9246
FN-DSA,sign,512,1284284,9247
FN-DSA,sign,512,1285346,9248
FN-DSA,sign,512,1288587,9249
FN-DSA,sign,512,1285282,9250
FN-DSA,sign,512,1279885,9251
FN-DSA,sign,512,1280744,9252
FN-DSA,sign,512,1284505,9253
FN-DSA,sign,512,1286397,9254
FN-DSA,sign,512,1285288,9255
FN-DSA,sign,512,1283505,9256
FN-DSA,sign,512,1285643,9257
FN-DSA,sign,512,1292173,9258
FN-DSA,sign,512,1288999,9259
FN-DSA,sign,512,1284701,9260
FN-DSA,sign,512,1282128,9261
FN-DSA,sign,512,1285895,9262
FN-DSA,sign,512,1285006,9263
FN-DSA,sign,512,1286480,9264
FN-DSA,sign,512,1286262,9265
FN-DSA,sign,512,1288279,9266
FN-DSA,sign,512,1286469,9267
FN-DSA,sign,512,1288338,9268
FN-DSA,sign,512,1283130,9269
FN-DSA,sign,512,1286063,9270
FN-DSA,sign,512,1282469,9271
FN-DSA,sign,512,1281345,9272
FN-DSA,sign,512,1287933,9273
FN-DSA,sign,512,1286082,9274
FN-DSA,sign,512,1294398,9275
FN-DSA,sign,512,1284862,9276
FN-DSA,sign,512,1290399,9277
FN-DSA,sign,512,1283532,9278
FN-DSA,sign,512,1285093,9279
FN-DSA,sign,512,1288504,9280
FN-DSA,sign,512,1288066,9281
FN-DSA,sign,512,1282319,9282
FN-DSA,sign,512,1285526,9283
FN-DSA,sign,512,1288239,9284
FN-DSA,sign,512,1292405,9285
FN-DSA,sign,512,1290676,9286
FN-DSA,sign,512,1285894,9287
FN-DSA,sign,512,1292561,9288
FN-DSA,sign,512,1283337,9289
FN-DSA,sign,512,1284414,9290
FN-DSA,sign,512,1281333,9291
FN-DSA,sign,512,1289524,9292
FN-DSA,sign,512,1284266,9293
FN-DSA,sign,512,1285967,9294
FN-DSA,sign,512,1285606,9295
FN-DSA,sign,512,1286550,9296
FN-DSA,sign,512,1287228,9297
FN-DSA,sign,512,1287526,9298
FN-DSA,sign,512,1283626,9299
FN-DSA,sign,512,1287233,9300
FN-DSA,sign,512,1285024,9301
FN-DSA,sign,512,1285250,9302
FN-DSA,sign,512,1285546,9303
FN-DSA,sign,512,1292988,9304
FN-DSA,sign,512,1285463,9305
FN-DSA,sign,512,1288586,9306
FN-DSA,sign,512,1284534,9307
FN-DSA,sign,512,1282037,9308
FN-DSA,sign,512,1287523,9309
FN-DSA,sign,512,1284917,9310
FN-DSA,sign,512,1284724,9311
FN-DSA,sign,512,1288259,9312
FN-DSA,sign,512,1284569,9313
FN-DSA,sign,512,1285762,9314
FN-DSA,sign,512,1285014,9315
FN-DSA,sign,512,1285627,9316
FN-DSA,sign,512,1290716,9317
FN-DSA,sign,512,1286998,9318
FN-DSA,sign,512,1286574,9319
FN-DSA,sign,512,1284401,9320
FN-DSA,sign,512,1287118,9321
FN-DSA,sign,512,1284624,9322
FN-DSA,sign,512,1286639,9323
FN-DSA,sign,512,1287403,9324
FN-DSA,sign,512,1280292,9325
FN-DSA,sign,512,1289551,9326
FN-DSA,sign,512,1283325,9327
FN-DSA,sign,512,1285109,9328
FN-DSA,sign,512,1284834,9329
FN-DSA,sign,512,1285067,9330
FN-DSA,sign,512,1290279,9331
FN-DSA,sign,512,1283394,9332
FN-DSA,sign,512,1287360,9333
FN-DSA,sign,512,1282116,9334
FN-DSA,sign,512,1286277,9335
FN-DSA,sign,512,1288079,9336
FN-DSA,sign,512,1285585,9337
FN-DSA,sign,512,1285148,9338
FN-DSA,sign,512,1278973,9339
FN-DSA,sign,512,1292094,9340
FN-DSA,sign,512,1285411,9341
FN-DSA,sign,512,1284889,9342
FN-DSA,sign,512,1285530,9343
FN-DSA,sign,512,1289073,9344
FN-DSA,sign,512,1286116,9345
FN-DSA,sign,512,1286647,9346
FN-DSA,sign,512,1282260,9347
FN-DSA,sign,512,1288772,9348
FN-DSA,sign,512,1288162,9349
FN-DSA,sign,512,1284230,9350
FN-DSA,sign,512,1288136,9351
FN-DSA,sign,512,1287252,9352
FN-DSA,sign,512,1285139,9353
FN-DSA,sign,512,1287156,9354
FN-DSA,sign,512,1283640,9355
FN-DSA,sign,512,1290008,9356
FN-DSA,sign,512,1285546,9357
FN-DSA,sign,512,1290556,9358
FN-DSA,sign,512,1283766,9359
FN-DSA,sign,512,1282932,9360
FN-DSA,sign,512,1288362,9361
FN-DSA,sign,512,1282140,9362
FN-DSA,sign,512,1285402,9363
FN-DSA,sign,512,1283238,9364
FN-DSA,sign,512,1283800,9365
FN-DSA,sign,512,1281159,9366
FN-DSA,sign,512,1284711,9367
FN-DSA,sign,512,1289132,9368
FN-DSA,sign,512,1287250,9369
FN-DSA,sign,512,1286817,9370
FN-DSA,sign,512,1283255,9371
FN-DSA,sign,512,1289422,9372
FN-DSA,sign,512,1287992,9373
FN-DSA,sign,512,1288230,9374
FN-DSA,sign,512,1282343,9375
FN-DSA,sign,512,1283331,9376
FN-DSA,sign,512,1285912,9377
FN-DSA,sign,512,1283597,9378
FN-DSA,sign,512,1288283,9379
FN-DSA,sign,512,1287062,9380
FN-DSA,sign,512,1281942,9381
FN-DSA,sign,512,1285823,9382
FN-DSA,sign,512,1294444,9383
FN-DSA,sign,512,1286578,9384
FN-DSA,sign,512,1286475,9385
FN-DSA,sign,512,1288793,9386
FN-DSA,sign,512,1289331,9387
FN-DSA,sign,512,1285245,9388
FN-DSA,sign,512,1291482,9389
FN-DSA,sign,512,1287292,9390
FN-DSA,sign,512,1287199,9391
FN-DSA,sign,512,1279927,9392
FN-DSA,sign,512,1288277,9393
FN-DSA,sign,512,1285845,9394
FN-DSA,sign,512,1287496,9395
FN-DSA,sign,512,1287136,9396
FN-DSA,sign,512,1291560,9397
FN-DSA,sign,512,1286816,9398
FN-DSA,sign,512,1282665,9399
FN-DSA,sign,512,1288132,9400
FN-DSA,sign,512,1281169,9401
FN-DSA,sign,512,1286881,9402
FN-DSA,sign,512,1283160,9403
FN-DSA,sign,512,1288499,9404
FN-DSA,sign,512,1289851,9405
FN-DSA,sign,512,1282818,9406
FN-DSA,sign,512,1287731,9407
FN-DSA,sign,512,1288888,9408
FN-DSA,sign,512,1286514,9409
FN-DSA,sign,512,1282375,9410
FN-DSA,sign,512,1284684,9411
FN-DSA,sign,512,1285411,9412
FN-DSA,sign,512,1285756,9413
FN-DSA,sign,512,1291756,9414
FN-DSA,sign,512,1283322,9415
FN-DSA,sign,512,1284423,9416
FN-DSA,sign,512,1285277,9417
FN-DSA,sign,512,1286756,9418
FN-DSA,sign,512,1290419,9419
FN-DSA,sign,512,1288914,9420
FN-DSA,sign,512,1285286,9421
FN-DSA,sign,512,1286649,9422
FN-DSA,sign,512,1284394,9423
FN-DSA,sign,512,1289378,9424
FN-DSA,sign,512,1285072,9425
FN-DSA,sign,512,1282478,9426
FN-DSA,sign,512,1286795,9427
FN-DSA,sign,512,1290100,9428
FN-DSA,sign,512,1288069,9429
FN-DSA,sign,512,1292083,9430
FN-DSA,sign,512,1279761,9431
FN-DSA,sign,512,1285392,9432
FN-DSA,sign,512,1289600,9433
FN-DSA,sign,512,1283463,9434
FN-DSA,sign,512,1285646,9435
FN-DSA,sign,512,1284915,9436
FN-DSA,sign,512,1284688,9437
FN-DSA,sign,512,1288880,9438
FN-DSA,sign,512,1285585,9439
FN-DSA,sign,512,1291479,9440
FN-DSA,sign,512,1286295,9441
FN-DSA,sign,512,1286397,9442
FN-DSA,sign,512,1286103,9443
FN-DSA,sign,512,1289920,9444
FN-DSA,sign,512,1283422,9445
FN-DSA,sign,512,1287070,9446
FN-DSA,sign,512,1288309,9447
FN-DSA,sign,512,1286596,9448
FN-DSA,sign,512,1290021,9449
FN-DSA,sign,512,1290633,9450
FN-DSA,sign,512,1283261,9451
FN-DSA,sign,512,1287099,9452
FN-DSA,sign,512,1285618,9453
FN-DSA,sign,512,1285552,9454
FN-DSA,sign,512,1282148,9455
FN-DSA,sign,512,1287280,9456
FN-DSA,sign,512,1285844,9457
FN-DSA,sign,512,1288322,9458
FN-DSA,sign,512,1286832,9459
FN-DSA,sign,512,1289445,9460
FN-DSA,sign,512,1286950,9461
FN-DSA,sign,512,1286585,9462
FN-DSA,sign,512,1289718,9463
FN-DSA,sign,512,1285436,9464
FN-DSA,sign,512,1291024,9465
FN-DSA,sign,512,1286418,9466
FN-DSA,sign,512,1288745,9467
FN-DSA,sign,512,1291443,9468
FN-DSA,sign,512,1281364,9469
FN-DSA,sign,512,1288227,9470
FN-DSA,sign,512,1289536,9471
FN-DSA,sign,512,1285921,9472
FN-DSA,sign,512,1289198,9473
FN-DSA,sign,512,1289482,9474
FN-DSA,sign,512,1290440,9475
FN-DSA,sign,512,1283727,9476
FN-DSA,sign,512,1285288,9477
FN-DSA,sign,512,1284486,9478
FN-DSA,sign,512,1286059,9479
FN-DSA,sign,512,1286493,9480
FN-DSA,sign,512,1287378,9481
FN-DSA,sign,512,1288183,9482
FN-DSA,sign,512,1286387,9483
FN-DSA,sign,512,1284658,9484
FN-DSA,sign,512,1284796,9485
FN-DSA,sign,512,1282643,9486
FN-DSA,sign,512,1289433,9487
FN-DSA,sign,512,1278355,9488
FN-DSA,sign,512,1287517,9489
FN-DSA,sign,512,1287336,9490
FN-DSA,sign,512,1289450,9491
FN-DSA,sign,512,1286959,9492
FN-DSA,sign,512,1282633,9493
FN-DSA,sign,512,1288988,9494
FN-DSA,sign,512,1283962,9495
FN-DSA,sign,512,1286683,9496
FN-DSA,sign,512,1285192,9497
FN-DSA,sign,512,1289274,9498
FN-DSA,sign,512,1288557,9499
FN-DSA,sign,512,1285547,9500
FN-DSA,sign,512,1288122,9501
FN-DSA,sign,512,1288399,9502
FN-DSA,sign,512,1286749,9503
FN-DSA,sign,512,1288437,9504
FN-DSA,sign,512,1284514,9505
FN-DSA,sign,512,1282735,9506
FN-DSA,sign,512,1287838,9507
FN-DSA,sign,512,1283400,9508
FN-DSA,sign,512,1288234,9509
FN-DSA,sign,512,1284228,9510
FN-DSA,sign,512,1288602,9511
FN-DSA,sign,512,1286935,9512
FN-DSA,sign,512,1282854,9513
FN-DSA,sign,512,1289570,9514
FN-DSA,sign,512,1283236,9515
FN-DSA,sign,512,1287152,9516
FN-DSA,sign,512,1289339,9517
FN-DSA,sign,512,1291907,9518
FN-DSA,sign,512,1286018,9519
FN-DSA,sign,512,1287919,9520
FN-DSA,sign,512,1282351,9521
FN-DSA,sign,512,1290399,9522
FN-DSA,sign,512,1287373,9523
FN-DSA,sign,512,1285423,9524
FN-DSA,sign,512,1288662,9525
FN-DSA,sign,512,1283690,9526
FN-DSA,sign,512,1285405,9527
FN-DSA,sign,512,1282915,9528
FN-DSA,sign,512,1288263,9529
FN-DSA,sign,512,1283285,9530
FN-DSA,sign,512,1284891,9531
FN-DSA,sign,512,1288298,9532
FN-DSA,sign,512,1285659,9533
FN-DSA,sign,512,1285848,9534
FN-DSA,sign,512,1284564,9535
FN-DSA,sign,512,1283156,9536
FN-DSA,sign,512,1286179,9537
FN-DSA,sign,512,1285435,9538
FN-DSA,sign,512,1287308,9539
FN-DSA,sign,512,1285060,9540
FN-DSA,sign,512,1287826,9541
FN-DSA,sign,512,1290913,9542
FN-DSA,sign,512,1287303,9543
FN-DSA,sign,512,1284891,9544
FN-DSA,sign,512,1291625,9545
FN-DSA,sign,512,1289366,9546
FN-DSA,sign,512,1287022,9547
FN-DSA,sign,512,1285444,9548
FN-DSA,sign,512,1289051,9549
FN-DSA,sign,512,1284232,9550
FN-DSA,sign,512,1285109,9551
FN-DSA,sign,512,1283678,9552
FN-DSA,sign,512,1283349,9553
FN-DSA,sign,512,1288067,9554
FN-DSA,sign,512,1285255,9555
FN-DSA,sign,512,1283081,9556
FN-DSA,sign,512,1287157,9557
FN-DSA,sign,512,1291473,9558
FN-DSA,sign,512,1284929,9559
FN-DSA,sign,512,1285777,9560
FN-DSA,sign,512,1283736,9561
FN-DSA,sign,512,1286789,9562
FN-DSA,sign,512,1289774,9563
FN-DSA,sign,512,1280787,9564
FN-DSA,sign,512,1283333,9565
FN-DSA,sign,512,1289051,9566
FN-DSA,sign,512,1284845,9567
FN-DSA,sign,512,1284575,9568
FN-DSA,sign,512,1285999,9569
FN-DSA,sign,512,1283864,9570
FN-DSA,sign,512,1291444,9571
FN-DSA,sign,512,1288365,9572
FN-DSA,sign,512,1288769,9573
FN-DSA,sign,512,1277984,9574
FN-DSA,sign,512,1281735,9575
FN-DSA,sign,512,1281112,9576
FN-DSA,sign,512,1282906,9577
FN-DSA,sign,512,1284444,9578
FN-DSA,sign,512,1288588,9579
FN-DSA,sign,512,1286336,9580
FN-DSA,sign,512,1283785,9581
FN-DSA,sign,512,1283469,9582
FN-DSA,sign,512,1289449,9583
FN-DSA,sign,512,1284341,9584
FN-DSA,sign,512,1286839,9585
FN-DSA,sign,512,1293208,9586
FN-DSA,sign,512,1293436,9587
FN-DSA,sign,512,1286153,9588
FN-DSA,sign,512,1286839,9589
FN-DSA,sign,512,1277791,9590
FN-DSA,sign,512,1288473,9591
FN-DSA,sign,512,1284371,9592
FN-DSA,sign,512,1283711,9593
FN-DSA,sign,512,1281915,9594
FN-DSA,sign,512,1285702,9595
FN-DSA,sign,512,1284887,9596
FN-DSA,sign,512,1283793,9597
FN-DSA,sign,512,1285295,9598
FN-DSA,sign,512,1288206,9599
FN-DSA,sign,512,1286161,9600
FN-DSA,sign,512,1290899,9601
FN-DSA,sign,512,1286701,9602
FN-DSA,sign,512,1285232,9603
FN-DSA,sign,512,1286724,9604
FN-DSA,sign,512,1285433,9605
FN-DSA,sign,512,1285909,9606
FN-DSA,sign,512,1286733,9607
FN-DSA,sign,512,1287981,9608
FN-DSA,sign,512,1287266,9609
FN-DSA,sign,512,1285014,9610
FN-DSA,sign,512,1284588,9611
FN-DSA,sign,512,1286781,9612
FN-DSA,sign,512,1283680,9613
FN-DSA,sign,512,1287143,9614
FN-DSA,sign,512,1288764,9615
FN-DSA,sign,512,1287342,9616
FN-DSA,sign,512,1286070,9617
FN-DSA,sign,512,1285810,9618
FN-DSA,sign,512,1287477,9619
FN-DSA,sign,512,1286942,9620
FN-DSA,sign,512,1285605,9621
FN-DSA,sign,512,1282848,9622
FN-DSA,sign,512,1286619,9623
FN-DSA,sign,512,1286048,9624
FN-DSA,sign,512,1284681,9625
FN-DSA,sign,512,1283519,9626
FN-DSA,sign,512,1287302,9627
FN-DSA,sign,512,1289290,9628
FN-DSA,sign,512,1289251,9629
FN-DSA,sign,512,1290561,9630
FN-DSA,sign,512,1291048,9631
FN-DSA,sign,512,1290563,9632
FN-DSA,sign,512,1287200,9633
FN-DSA,sign,512,1290112,9634
FN-DSA,sign,512,1281269,9635
FN-DSA,sign,512,1289888,9636
FN-DSA,sign,512,1285295,9637
FN-DSA,sign,512,1288439,9638
FN-DSA,sign,512,1288328,9639
FN-DSA,sign,512,1292111,9640
FN-DSA,sign,512,1281548,9641
FN-DSA,sign,512,1289715,9642
FN-DSA,sign,512,1284650,9643
FN-DSA,sign,512,1286327,9644
FN-DSA,sign,512,1286783,9645
FN-DSA,sign,512,1283858,9646
FN-DSA,sign,512,1285419,9647
FN-DSA,sign,512,1286350,9648
FN-DSA,sign,512,1287457,9649
FN-DSA,sign,512,1286263,9650
FN-DSA,sign,512,1280184,9651
FN-DSA,sign,512,1285621,9652
FN-DSA,sign,512,1288880,9653
FN-DSA,sign,512,1287346,9654
FN-DSA,sign,512,1288405,9655
FN-DSA,sign,512,1288774,9656
FN-DSA,sign,512,1290777,9657
FN-DSA,sign,512,1286225,9658
FN-DSA,sign,512,1287547,9659
FN-DSA,sign,512,1286490,9660
FN-DSA,sign,512,1286971,9661
FN-DSA,sign,512,1290365,9662
FN-DSA,sign,512,1289001,9663
FN-DSA,sign,512,1288744,9664
FN-DSA,sign,512,1285134,9665
FN-DSA,sign,512,1289889,9666
FN-DSA,sign,512,1284891,9667
FN-DSA,sign,512,1285041,9668
FN-DSA,sign,512,1283242,9669
FN-DSA,sign,512,1290740,9670
FN-DSA,sign,512,1287464,9671
FN-DSA,sign,512,1288092,9672
FN-DSA,sign,512,1288780,9673
FN-DSA,sign,512,1287130,9674
FN-DSA,sign,512,1287885,9675
FN-DSA,sign,512,1292479,9676
FN-DSA,sign,512,1286091,9677
FN-DSA,sign,512,1280050,9678
FN-DSA,sign,512,1289343,9679
FN-DSA,sign,512,1287854,9680
FN-DSA,sign,512,1288294,9681
FN-DSA,sign,512,1288906,9682
FN-DSA,sign,512,1289308,9683
FN-DSA,sign,512,1290849,9684
FN-DSA,sign,512,1287473,9685
FN-DSA,sign,512,1288073,9686
FN-DSA,sign,512,1284479,9687
FN-DSA,sign,512,1290824,9688
FN-DSA,sign,512,1286474,9689
FN-DSA,sign,512,1282242,9690
FN-DSA,sign,512,1283700,9691
FN-DSA,sign,512,1286973,9692
FN-DSA,sign,512,1286585,9693
FN-DSA,sign,512,1286465,9694
FN-DSA,sign,512,1289529,9695
FN-DSA,sign,512,1281795,9696
FN-DSA,sign,512,1282194,9697
FN-DSA,sign,512,1287879,9698
FN-DSA,sign,512,1287048,9699
FN-DSA,sign,512,1288939,9700
FN-DSA,sign,512,1284292,9701
FN-DSA,sign,512,1286536,9702
FN-DSA,sign,512,1285185,9703
FN-DSA,sign,512,1286888,9704
FN-DSA,sign,512,1285254,9705
FN-DSA,sign,512,1286405,9706
FN-DSA,sign,512,1289431,9707
FN-DSA,sign,512,1292209,9708
FN-DSA,sign,512,1285383,9709
FN-DSA,sign,512,1290697,9710
FN-DSA,sign,512,1284465,9711
FN-DSA,sign,512,1288268,9712
FN-DSA,sign,512,1286463,9713
FN-DSA,sign,512,1286888,9714
FN-DSA,sign,512,1284919,9715
FN-DSA,sign,512,1285194,9716
FN-DSA,sign,512,1286764,9717
FN-DSA,sign,512,1288906,9718
FN-DSA,sign,512,1286909,9719
FN-DSA,sign,512,1282964,9720
FN-DSA,sign,512,1289787,9721
FN-DSA,sign,512,1286311,9722
FN-DSA,sign,512,1286087,9723
FN-DSA,sign,512,1288107,9724
FN-DSA,sign,512,1285554,9725
FN-DSA,sign,512,1285361,9726
FN-DSA,sign,512,1289133,9727
FN-DSA,sign,512,1283088,9728
FN-DSA,sign,512,1289342,9729
FN-DSA,sign,512,1285211,9730
FN-DSA,sign,512,1285429,9731
FN-DSA,sign,512,1285009,9732
FN-DSA,sign,512,1287328,9733
FN-DSA,sign,512,1286926,9734
FN-DSA,sign,512,1296445,9735
FN-DSA,sign,512,1285812,9736
FN-DSA,sign,512,1285624,9737
FN-DSA,sign,512,1290145,9738
FN-DSA,sign,512,1287813,9739
FN-DSA,sign,512,1286005,9740
FN-DSA,sign,512,1284850,9741
FN-DSA,sign,512,1284509,9742
FN-DSA,sign,512,1286663,9743
FN-DSA,sign,512,1281913,9744
FN-DSA,sign,512,1285142,9745
FN-DSA,sign,512,1285471,9746
FN-DSA,sign,512,1284795,9747
FN-DSA,sign,512,1285304,9748
FN-DSA,sign,512,1289362,9749
FN-DSA,sign,512,1290981,9750
FN-DSA,sign,512,1286317,9751
FN-DSA,sign,512,1283840,9752
FN-DSA,sign,512,1290607,9753
FN-DSA,sign,512,1285562,9754
FN-DSA,sign,512,1285134,9755
FN-DSA,sign,512,1288427,9756
FN-DSA,sign,512,1286834,9757
FN-DSA,sign,512,1283042,9758
FN-DSA,sign,512,1285858,9759
FN-DSA,sign,512,1283848,9760
FN-DSA,sign,512,1281269,9761
FN-DSA,sign,512,1282832,9762
FN-DSA,sign,512,1288454,9763
FN-DSA,sign,512,1281316,9764
FN-DSA,sign,512,1290085,9765
FN-DSA,sign,512,1285067,9766
FN-DSA,sign,512,1287869,9767
FN-DSA,sign,512,1282541,9768
FN-DSA,sign,512,1288579,9769
FN-DSA,sign,512,1286830,9770
FN-DSA,sign,512,1292614,9771
FN-DSA,sign,512,1292072,9772
FN-DSA,sign,512,1283671,9773
FN-DSA,sign,512,1287081,9774
FN-DSA,sign,512,1284953,9775
FN-DSA,sign,512,1290079,9776
FN-DSA,sign,512,1281717,9777
FN-DSA,sign,512,1286097,9778
FN-DSA,sign,512,1285423,9779
FN-DSA,sign,512,1286968,9780
FN-DSA,sign,512,1290031,9781
FN-DSA,sign,512,1286577,9782
FN-DSA,sign,512,1283759,9783
FN-DSA,sign,512,1287842,9784
FN-DSA,sign,512,1284659,9785
FN-DSA,sign,512,1290519,9786
FN-DSA,sign,512,1284920,9787
FN-DSA,sign,512,1282835,9788
FN-DSA,sign,512,1287385,9789
FN-DSA,sign,512,1284978,9790
FN-DSA,sign,512,1291916,9791
FN-DSA,sign,512,1282512,9792
FN-DSA,sign,512,1288792,9793
FN-DSA,sign,512,1284941,9794
FN-DSA,sign,512,1288293,9795
FN-DSA,sign,512,1284734,9796
FN-DSA,sign,512,1288435,9797
FN-DSA,sign,512,1287205,9798
FN-DSA,sign,512,1290563,9799
FN-DSA,sign,512,1284215,9800
FN-DSA,sign,512,1287506,9801
FN-DSA,sign,512,1285700,9802
FN-DSA,sign,512,1289055,9803
FN-DSA,sign,512,1287258,9804
FN-DSA,sign,512,1285695,9805
FN-DSA,sign,512,1288075,9806
FN-DSA,sign,512,1285090,9807
FN-DSA,sign,512,1282197,9808
FN-DSA,sign,512,1284696,9809
FN-DSA,sign,512,1285373,9810
FN-DSA,sign,512,1286238,9811
FN-DSA,sign,512,1286095,9812
FN-DSA,sign,512,1288012,9813
FN-DSA,sign,512,1287084,9814
FN-DSA,sign,512,1285886,9815
FN-DSA,sign,512,1284274,9816
FN-DSA,sign,512,1284129,9817
FN-DSA,sign,512,1289567,9818
FN-DSA,sign,512,1287929,9819
FN-DSA,sign,512,1280602,9820
FN-DSA,sign,512,1286244,9821
FN-DSA,sign,512,1287865,9822
FN-DSA,sign,512,1290976,9823
FN-DSA,sign,512,1286011,9824
FN-DSA,sign,512,1287286,9825
FN-DSA,sign,512,1290199,9826
FN-DSA,sign,512,1285168,9827
FN-DSA,sign,512,1282820,9828
FN-DSA,sign,512,1289031,9829
FN-DSA,sign,512,1289588,9830
FN-DSA,sign,512,1291516,9831
FN-DSA,sign,512,1284742,9832
FN-DSA,sign,512,1286150,9833
FN-DSA,sign,512,1286333,9834
FN-DSA,sign,512,1287497,9835
FN-DSA,sign,512,1285695,9836
FN-DSA,sign,512,1288613,9837
FN-DSA,sign,512,1282966,9838
FN-DSA,sign,512,1286831,9839
FN-DSA,sign,512,1285144,9840
FN-DSA,sign,512,1285024,9841
FN-DSA,sign,512,1285471,9842
FN-DSA,sign,512,1289061,9843
FN-DSA,sign,512,1286727,9844
FN-DSA,sign,512,1288438,9845
FN-DSA,sign,512,1284808,9846
FN-DSA,sign,512,1289907,9847
FN-DSA,sign,512,1286401,9848
FN-DSA,sign,512,1286614,9849
FN-DSA,sign,512,1284876,9850
FN-DSA,sign,512,1285800,9851
FN-DSA,sign,512,1285686,9852
FN-DSA,sign,512,1288209,9853
FN-DSA,sign,512,1281837,9854
FN-DSA,sign,512,1289554,9855
FN-DSA,sign,512,1283251,9856
FN-DSA,sign,512,1286040,9857
FN-DSA,sign,512,1290813,9858
FN-DSA,sign,512,1288053,9859
FN-DSA,sign,512,1285045,9860
FN-DSA,sign,512,1283553,9861
FN-DSA,sign,512,1282844,9862
FN-DSA,sign,512,1282194,9863
FN-DSA,sign,512,1286455,9864
FN-DSA,sign,512,1295932,9865
FN-DSA,sign,512,1285538,9866
FN-DSA,sign,512,1285584,9867
FN-DSA,sign,512,1289056,9868
FN-DSA,sign,512,1279404,9869
FN-DSA,sign,512,1285630,9870
FN-DSA,sign,512,1281972,9871
FN-DSA,sign,512,1286103,9872
FN-DSA,sign,512,1284902,9873
FN-DSA,sign,512,1287299,9874
FN-DSA,sign,512,1288716,9875
FN-DSA,sign,512,1282989,9876
FN-DSA,sign,512,1284402,9877
FN-DSA,sign,512,1284946,9878
FN-DSA,sign,512,1285776,9879
FN-DSA,sign,512,1289348,9880
FN-DSA,sign,512,1282379,9881
FN-DSA,sign,512,1292219,9882
FN-DSA,sign,512,1288620,9883
FN-DSA,sign,512,1288922,9884
FN-DSA,sign,512,1283157,9885
FN-DSA,sign,512,1282923,9886
FN-DSA,sign,512,1287192,9887
FN-DSA,sign,512,1282921,9888
FN-DSA,sign,512,1287275,9889
FN-DSA,sign,512,1286841,9890
FN-DSA,sign,512,1282075,9891
FN-DSA,sign,512,1282069,9892
FN-DSA,sign,512,1280990,9893
FN-DSA,sign,512,1282100,9894
FN-DSA,sign,512,1284943,9895
FN-DSA,sign,512,1284956,9896
FN-DSA,sign,512,1291422,9897
FN-DSA,sign,512,1286806,9898
FN-DSA,sign,512,1286673,9899
FN-DSA,sign,512,1280375,9900
FN-DSA,sign,512,1282958,9901
FN-DSA,sign,512,1289260,9902
FN-DSA,sign,512,1288263,9903
FN-DSA,sign,512,1285925,9904
FN-DSA,sign,512,1286258,9905
FN-DSA,sign,512,1282901,9906
FN-DSA,sign,512,1284682,9907
FN-DSA,sign,512,1281087,9908
FN-DSA,sign,512,1282092,9909
FN-DSA,sign,512,1282153,9910
FN-DSA,sign,512,1287116,9911
FN-DSA,sign,512,1286348,9912
FN-DSA,sign,512,1288070,9913
FN-DSA,sign,512,1286126,9914
FN-DSA,sign,512,1286758,9915
FN-DSA,sign,512,1290573,9916
FN-DSA,sign,512,1288631,9917
FN-DSA,sign,512,1283608,9918
FN-DSA,sign,512,1286214,9919
FN-DSA,sign,512,1286106,9920
FN-DSA,sign,512,1282059,9921
FN-DSA,sign,512,1286959,9922
FN-DSA,sign,512,1286542,9923
FN-DSA,sign,512,1286372,9924
FN-DSA,sign,512,1289091,9925
FN-DSA,sign,512,1296446,9926
FN-DSA,sign,512,1293583,9927
FN-DSA,sign,512,1285701,9928
FN-DSA,sign,512,1288963,9929
FN-DSA,sign,512,1284945,9930
FN-DSA,sign,512,1289969,9931
FN-DSA,sign,512,1286032,9932
FN-DSA,sign,512,1289445,9933
FN-DSA,sign,512,1285968,9934
FN-DSA,sign,512,1290501,9935
FN-DSA,sign,512,1283675,9936
FN-DSA,sign,512,1285272,9937
FN-DSA,sign,512,1288325,9938
FN-DSA,sign,512,1285333,9939
FN-DSA,sign,512,1286505,9940
FN-DSA,sign,512,1284595,9941
FN-DSA,sign,512,1287527,9942
FN-DSA,sign,512,1284680,9943
FN-DSA,sign,512,1288011,9944
FN-DSA,sign,512,1288847,9945
FN-DSA,sign,512,1283853,9946
FN-DSA,sign,512,1284516,9947
FN-DSA,sign,512,1285936,9948
FN-DSA,sign,512,1286584,9949
FN-DSA,sign,512,1288487,9950
FN-DSA,sign,512,1284694,9951
FN-DSA,sign,512,1282877,9952
FN-DSA,sign,512,1284340,9953
FN-DSA,sign,512,1282778,9954
FN-DSA,sign,512,1287340,9955
FN-DSA,sign,512,1282840,9956
FN-DSA,sign,512,1284633,9957
FN-DSA,sign,512,1285962,9958
FN-DSA,sign,512,1285804,9959
FN-DSA,sign,512,1283524,9960
FN-DSA,sign,512,1284338,9961
FN-DSA,sign,512,1285469,9962
FN-DSA,sign,512,1289287,9963
FN-DSA,sign,512,1293380,9964
FN-DSA,sign,512,1287317,9965
FN-DSA,sign,512,1284841,9966
FN-DSA,sign,512,1284347,9967
FN-DSA,sign,512,1285273,9968
FN-DSA,sign,512,1292435,9969
FN-DSA,sign,512,1284864,9970
FN-DSA,sign,512,1282212,9971
FN-DSA,sign,512,1283382,9972
FN-DSA,sign,512,1285541,9973
FN-DSA,sign,512,1285145,9974
FN-DSA,sign,512,1289369,9975
FN-DSA,sign,512,1281956,9976
FN-DSA,sign,512,1285908,9977
FN-DSA,sign,512,1289210,9978
FN-DSA,sign,512,1289245,9979
FN-DSA,sign,512,1286973,9980
FN-DSA,sign,512,1290250,9981
FN-DSA,sign,512,1281958,9982
FN-DSA,sign,512,1290855,9983
FN-DSA,sign,512,1289898,9984
FN-DSA,sign,512,1287328,9985
FN-DSA,sign,512,1282251,9986
FN-DSA,sign,512,1287223,9987
FN-DSA,sign,512,1285553,9988
FN-DSA,sign,512,1286907,9989
FN-DSA,sign,512,1282795,9990
FN-DSA,sign,512,1285109,9991
FN-DSA,sign,512,1286045,9992
FN-DSA,sign,512,1284939,9993
FN-DSA,sign,512,1281372,9994
FN-DSA,sign,512,1289670,9995
FN-DSA,sign,512,1288309,9996
FN-DSA,sign,512,1284739,9997
FN-DSA,sign,512,1284898,9998
FN-DSA,sign,512,1283582,9999
FN-DSA,sign,512,1291002,10000
ML-DSA,sign,44,277448,1
ML-DSA,sign,44,300215,2
ML-DSA,sign,44,80141,3
ML-DSA,sign,44,242524,4
ML-DSA,sign,44,698981,5
ML-DSA,sign,44,201456,6
ML-DSA,sign,44,108973,7
ML-DSA,sign,44,109009,8
ML-DSA,sign,44,172800,9
ML-DSA,sign,44,300217,10
ML-DSA,sign,44,462253,11
ML-DSA,sign,44,109012,12
ML-DSA,sign,44,80158,13
ML-DSA,sign,44,357615,14
ML-DSA,sign,44,468777,15
ML-DSA,sign,44,265288,16
ML-DSA,sign,44,80181,17
ML-DSA,sign,44,137813,18
ML-DSA,sign,44,115084,19
ML-DSA,sign,44,80156,20
ML-DSA,sign,44,207503,21
ML-DSA,sign,44,143887,22
ML-DSA,sign,44,312248,23
ML-DSA,sign,44,80159,24
ML-DSA,sign,44,80162,25
ML-DSA,sign,44,137875,26
ML-DSA,sign,44,213763,27
ML-DSA,sign,44,80184,28
ML-DSA,sign,44,80224,29
ML-DSA,sign,44,201519,30
ML-DSA,sign,44,115106,31
ML-DSA,sign,44,80225,32
ML-DSA,sign,44,143978,33
ML-DSA,sign,44,149996,34
ML-DSA,sign,44,427371,35
ML-DSA,sign,44,376098,36
ML-DSA,sign,44,195473,37
ML-DSA,sign,44,287929,38
ML-DSA,sign,44,80145,39
ML-DSA,sign,44,80192,40
ML-DSA,sign,44,115057,41
ML-DSA,sign,44,242455,42
ML-DSA,sign,44,80180,43
ML-DSA,sign,44,334945,44
ML-DSA,sign,44,322710,45
ML-DSA,sign,44,80153,46
ML-DSA,sign,44,242467,47
ML-DSA,sign,44,172679,48
ML-DSA,sign,44,143923,49
ML-DSA,sign,44,166587,50
ML-DSA,sign,44,207588,51
ML-DSA,sign,44,137822,52
ML-DSA,sign,44,108972,53
ML-DSA,sign,44,150133,54
ML-DSA,sign,44,259149,55
ML-DSA,sign,44,137885,56
ML-DSA,sign,44,137759,57
ML-DSA,sign,44,149958,58
ML-DSA,sign,44,137690,59
ML-DSA,sign,44,236387,60
ML-DSA,sign,44,335090,61
ML-DSA,sign,44,172686,62
ML-DSA,sign,44,306303,63
ML-DSA,sign,44,207533,64
ML-DSA,sign,44,408994,65
ML-DSA,sign,44,109090,66
ML-DSA,sign,44,166661,67
ML-DSA,sign,44,80175,68
ML-DSA,sign,44,143920,69
ML-DSA,sign,44,306166,70
ML-DSA,sign,44,143879,71
ML-DSA,sign,44,474643,72
ML-DSA,sign,44,80204,73
ML-DSA,sign,44,80183,74
ML-DSA,sign,44,137729,75
ML-DSA,sign,44,312181,76
ML-DSA,sign,44,178801,77
ML-DSA,sign,44,166563,78
ML-DSA,sign,44,115171,79
ML-DSA,sign,44,80187,80
ML-DSA,sign,44,178750,81
ML-DSA,sign,44,80163,82
ML-DSA,sign,44,530391,83
ML-DSA,sign,44,185330,84
ML-DSA,sign,44,143860,85
ML-DSA,sign,44,109041,86
ML-DSA,sign,44,577623,87
ML-DSA,sign,44,115042,88
ML-DSA,sign,44,201543,89
ML-DSA,sign,44,230301,90
ML-DSA,sign,44,109002,91
ML-DSA,sign,44,80150,92
ML-DSA,sign,44,207729,93
ML-DSA,sign,44,108964,94
ML-DSA,sign,44,386602,95
ML-DSA,sign,44,109037,96
ML-DSA,sign,44,80145,97
ML-DSA,sign,44,109021,98
ML-DSA,sign,44,109032,99
ML-DSA,sign,44,80159,100
ML-DSA,sign,44,207530,101
ML-DSA,sign,44,415309,102
ML-DSA,sign,44,115138,103
ML-DSA,sign,44,242514,104
ML-DSA,sign,44,137791,105
ML-DSA,sign,44,80141,106
ML-DSA,sign,44,137884,107
ML-DSA,sign,44,137685,108
ML-DSA,sign,44,137816,109
ML-DSA,sign,44,236325,110
ML-DSA,sign,44,115042,111
ML-DSA,sign,44,115071,112
ML-DSA,sign,44,80170,113
ML-DSA,sign,44,583567,114
ML-DSA,sign,44,108966,115
ML-DSA,sign,44,178821,116
ML-DSA,sign,44,115128,117
ML-DSA,sign,44,236361,118
ML-DSA,sign,44,137807,119
ML-DSA,sign,44,201438,120
ML-DSA,sign,44,143936,121
ML-DSA,sign,44,300166,122
ML-DSA,sign,44,137850,123
ML-DSA,sign,44,137752,124
ML-DSA,sign,44,115157,125
ML-DSA,sign,44,166638,126
ML-DSA,sign,44,108993,127
ML-DSA,sign,44,224181,128
ML-DSA,sign,44,137801,129
ML-DSA,sign,44,201452,130
ML-DSA,sign,44,80177,131
ML-DSA,sign,44,80207,132
ML-DSA,sign,44,80212,133
ML-DSA,sign,44,316714,134
ML-DSA,sign,44,207553,135
ML-DSA,sign,44,207493,136
ML-DSA,sign,44,80162,137
ML-DSA,sign,44,201445,138
ML-DSA,sign,44,80161,139
ML-DSA,sign,44,172709,140
ML-DSA,sign,44,242465,141
ML-DSA,sign,44,80174,142
ML-DSA,sign,44,207630,143
ML-DSA,sign,44,80146,144
ML-DSA,sign,44,172618,145
ML-DSA,sign,44,242564,146
ML-DSA,sign,44,80160,147
ML-DSA,sign,44,137775,148
ML-DSA,sign,44,427331,149
ML-DSA,sign,44,421375,150
ML-DSA,sign,44,80157,151
ML-DSA,sign,44,172722,152
ML-DSA,sign,44,682458,153
ML-DSA,sign,44,115049,154
ML-DSA,sign,44,184990,155
ML-DSA,sign,44,386354,156
ML-DSA,sign,44,172716,157
ML-DSA,sign,44,265203,158
ML-DSA,sign,44,328894,159
ML-DSA,sign,44,172726,160
ML-DSA,sign,44,109006,161
ML-DSA,sign,44,265205,162
ML-DSA,sign,44,178911,163
ML-DSA,sign,44,178751,164
ML-DSA,sign,44,166579,165
ML-DSA,sign,44,334871,166
ML-DSA,sign,44,178845,167
ML-DSA,sign,44,143928,168
ML-DSA,sign,44,115062,169
ML-DSA,sign,44,137876,170
ML-DSA,sign,44,108922,171
ML-DSA,sign,44,80183,172
ML-DSA,sign,44,115159,173
ML-DSA,sign,44,519932,174
ML-DSA,sign,44,178796,175
ML-DSA,sign,44,392574,176
ML-DSA,sign,44,143927,177
ML-DSA,sign,44,108970,178
ML-DSA,sign,44,242454,179
ML-DSA,sign,44,80136,180
ML-DSA,sign,44,178739,181
ML-DSA,sign,44,108992,182
ML-DSA,sign,44,108969,183
ML-DSA,sign,44,172716,184
ML-DSA,sign,44,80193,185
ML-DSA,sign,44,433648,186
ML-DSA,sign,44,150014,187
ML-DSA,sign,44,80162,188
ML-DSA,sign,44,80178,189
ML-DSA,sign,44,80141,190
ML-DSA,sign,44,415209,191
ML-DSA,sign,44,115133,192
ML-DSA,sign,44,137822,193
ML-DSA,sign,44,109074,194
ML-DSA,sign,44,369958,195
ML-DSA,sign,44,108941,196
ML-DSA,sign,44,178833,197
ML-DSA,sign,44,80171,198
ML-DSA,sign,44,80142,199
ML-DSA,sign,44,80154,200
ML-DSA,sign,44,889912,201
ML-DSA,sign,44,80150,202
ML-DSA,sign,44,115127,203
ML-DSA,sign,44,322750,204
ML-DSA,sign,44,143922,205
ML-DSA,sign,44,213818,206
ML-DSA,sign,44,172805,207
ML-DSA,sign,44,300006,208
ML-DSA,sign,44,80200,209
ML-DSA,sign,44,143900,210
ML-DSA,sign,44,115156,211
ML-DSA,sign,44,524363,212
ML-DSA,sign,44,150032,213
ML-DSA,sign,44,115082,214
ML-DSA,sign,44,166624,215
ML-DSA,sign,44,172622,216
ML-DSA,sign,44,236447,217
ML-DSA,sign,44,172750,218
ML-DSA,sign,44,213705,219
ML-DSA,sign,44,392735,220
ML-DSA,sign,44,207627,221
ML-DSA,sign,44,115157,222
ML-DSA,sign,44,143847,223
ML-DSA,sign,44,201599,224
ML-DSA,sign,44,363793,225
ML-DSA,sign,44,80224,226
ML-DSA,sign,44,166679,227
ML-DSA,sign,44,491264,228
ML-DSA,sign,44,137859,229
ML-DSA,sign,44,80185,230
ML-DSA,sign,44,80179,231
ML-DSA,sign,44,80149,232
ML-DSA,sign,44,80148,233
ML-DSA,sign,44,207593,234
ML-DSA,sign,44,300171,235
ML-DSA,sign,44,548808,236
ML-DSA,sign,44,80133,237
ML-DSA,sign,44,265210,238
ML-DSA,sign,44,178799,239
ML-DSA,sign,44,137789,240
ML-DSA,sign,44,80173,241
ML-DSA,sign,44,143919,242
ML-DSA,sign,44,201467,243
ML-DSA,sign,44,328959,244
ML-DSA,sign,44,109017,245
ML-DSA,sign,44,670171,246
ML-DSA,sign,44,201453,247
ML-DSA,sign,44,143931,248
ML-DSA,sign,44,172682,249
ML-DSA,sign,44,351454,250
ML-DSA,sign,44,143973,251
ML-DSA,sign,44,80155,252
ML-DSA,sign,44,143927,253
ML-DSA,sign,44,108904,254
ML-DSA,sign,44,80209,255
ML-DSA,sign,44,80143,256
ML-DSA,sign,44,224157,257
ML-DSA,sign,44,166618,258
ML-DSA,sign,44,178845,259
ML-DSA,sign,44,115055,260
ML-DSA,sign,44,242387,261
ML-DSA,sign,44,108976,262
ML-DSA,sign,44,172651,263
ML-DSA,sign,44,172637,264
ML-DSA,sign,44,80167,265
ML-DSA,sign,44,294054,266
ML-DSA,sign,44,80154,267
ML-DSA,sign,44,80205,268
ML-DSA,sign,44,80231,269
ML-DSA,sign,44,166550,270
ML-DSA,sign,44,80169,271
ML-DSA,sign,44,287884,272
ML-DSA,sign,44,137812,273
ML-DSA,sign,44,108959,274
ML-DSA,sign,44,115164,275
ML-DSA,sign,44,479000,276
ML-DSA,sign,44,80171,277
ML-DSA,sign,44,143903,278
ML-DSA,sign,44,392625,279
ML-DSA,sign,44,80167,280
ML-DSA,sign,44,137788,281
ML-DSA,sign,44,108943,282
ML-DSA,sign,44,80209,283
ML-DSA,sign,44,109039,284
ML-DSA,sign,44,230353,285
ML-DSA,sign,44,115203,286
ML-DSA,sign,44,374232,287
ML-DSA,sign,44,201502,288
ML-DSA,sign,44,144051,289
ML-DSA,sign,44,115083,290
ML-DSA,sign,44,80145,291
ML-DSA,sign,44,80140,292
ML-DSA,sign,44,115125,293
ML-DSA,sign,44,300053,294
ML-DSA,sign,44,172697,295
ML-DSA,sign,44,80205,296
ML-DSA,sign,44,108957,297
ML-DSA,sign,44,172720,298
ML-DSA,sign,44,137814,299
ML-DSA,sign,44,224270,300
ML-DSA,sign,44,375949,301
ML-DSA,sign,44,115102,302
ML-DSA,sign,44,143937,303
ML-DSA,sign,44,178772,304
ML-DSA,sign,44,109102,305
ML-DSA,sign,44,259183,306
ML-DSA,sign,44,137788,307
ML-DSA,sign,44,80254,308
ML-DSA,sign,44,80179,309
ML-DSA,sign,44,195457,310
ML-DSA,sign,44,345461,311
ML-DSA,sign,44,80144,312
ML-DSA,sign,44,166542,313
ML-DSA,sign,44,80159,314
ML-DSA,sign,44,178844,315
ML-DSA,sign,44,207523,316
ML-DSA,sign,44,80150,317
ML-DSA,sign,44,109002,318
ML-DSA,sign,44,108996,319
ML-DSA,sign,44,108964,320
ML-DSA,sign,44,108997,321
ML-DSA,sign,44,109085,322
ML-DSA,sign,44,115140,323
ML-DSA,sign,44,179008,324
ML-DSA,sign,44,80181,325
ML-DSA,sign,44,166661,326
ML-DSA,sign,44,312260,327
ML-DSA,sign,44,80187,328
ML-DSA,sign,44,172793,329
ML-DSA,sign,44,380333,330
ML-DSA,sign,44,248640,331
ML-DSA,sign,44,277420,332
ML-DSA,sign,44,80165,333
ML-DSA,sign,44,178767,334
ML-DSA,sign,44,172595,335
ML-DSA,sign,44,293868,336
ML-DSA,sign,44,80195,337
ML-DSA,sign,44,115096,338
ML-DSA,sign,44,287852,339
ML-DSA,sign,44,108967,340
ML-DSA,sign,44,306238,341
ML-DSA,sign,44,115034,342
ML-DSA,sign,44,421436,343
ML-DSA,sign,44,172638,344
ML-DSA,sign,44,80198,345
ML-DSA,sign,44,386306,346
ML-DSA,sign,44,178798,347
ML-DSA,sign,44,271281,348
ML-DSA,sign,44,271356,349
ML-DSA,sign,44,80235,350
ML-DSA,sign,44,258972,351
ML-DSA,sign,44,80141,352
ML-DSA,sign,44,213769,353
ML-DSA,sign,44,271311,354
ML-DSA,sign,44,207562,355
ML-DSA,sign,44,80158,356
ML-DSA,sign,44,80149,357
ML-DSA,sign,44,178716,358
ML-DSA,sign,44,137847,359
ML-DSA,sign,44,80227,360
ML-DSA,sign,44,108921,361
ML-DSA,sign,44,115120,362
ML-DSA,sign,44,80156,363
ML-DSA,sign,44,80212,364
ML-DSA,sign,44,363698,365
ML-DSA,sign,44,80208,366
ML-DSA,sign,44,80211,367
ML-DSA,sign,44,184963,368
ML-DSA,sign,44,485103,369
ML-DSA,sign,44,137909,370
ML-DSA,sign,44,80167,371
ML-DSA,sign,44,143869,372
ML-DSA,sign,44,178772,373
ML-DSA,sign,44,172750,374
ML-DSA,sign,44,207599,375
ML-DSA,sign,44,137926,376
ML-DSA,sign,44,109076,377
ML-DSA,sign,44,80226,378
ML-DSA,sign,44,109019,379
ML-DSA,sign,44,80213,380
ML-DSA,sign,44,137860,381
ML-DSA,sign,44,306176,382
ML-DSA,sign,44,178808,383
ML-DSA,sign,44,347131,384
ML-DSA,sign,44,421558,385
ML-DSA,sign,44,213621,386
ML-DSA,sign,44,421396,387
ML-DSA,sign,44,109010,388
ML-DSA,sign,44,207600,389
ML-DSA,sign,44,80154,390
ML-DSA,sign,44,259024,391
ML-DSA,sign,44,456578,392
ML-DSA,sign,44,143979,393
ML-DSA,sign,44,109007,394
ML-DSA,sign,44,80180,395
ML-DSA,sign,44,299930,396
ML-DSA,sign,44,357606,397
ML-DSA,sign,44,363622,398
ML-DSA,sign,44,80149,399
ML-DSA,sign,44,172766,400
ML-DSA,sign,44,80206,401
ML-DSA,sign,44,172620,402
ML-DSA,sign,44,733659,403
ML-DSA,sign,44,143901,404
ML-DSA,sign,44,143890,405
ML-DSA,sign,44,143929,406
ML-DSA,sign,44,242599,407
ML-DSA,sign,44,178682,408
ML-DSA,sign,44,293964,409
ML-DSA,sign,44,172668,410
ML-DSA,sign,44,80158,411
ML-DSA,sign,44,115091,412
ML-DSA,sign,44,318565,413
ML-DSA,sign,44,143931,414
ML-DSA,sign,44,80143,415
ML-DSA,sign,44,80160,416
ML-DSA,sign,44,503601,417
ML-DSA,sign,44,80205,418
ML-DSA,sign,44,80173,419
ML-DSA,sign,44,172620,420
ML-DSA,sign,44,80184,421
ML-DSA,sign,44,80143,422
ML-DSA,sign,44,143844,423
ML-DSA,sign,44,166590,424
ML-DSA,sign,44,80162,425
ML-DSA,sign,44,80209,426
ML-DSA,sign,44,172728,427
ML-DSA,sign,44,109048,428
ML-DSA,sign,44,213789,429
ML-DSA,sign,44,80201,430
ML-DSA,sign,44,178857,431
ML-DSA,sign,44,172675,432
ML-DSA,sign,44,115032,433
ML-DSA,sign,44,178753,434
ML-DSA,sign,44,462360,435
ML-DSA,sign,44,115064,436
ML-DSA,sign,44,80145,437
ML-DSA,sign,44,80153,438
ML-DSA,sign,44,115200,439
ML-DSA,sign,44,236458,440
ML-DSA,sign,44,80219,441
ML-DSA,sign,44,80145,442
ML-DSA,sign,44,80209,443
ML-DSA,sign,44,80178,444
ML-DSA,sign,44,109014,445
ML-DSA,sign,44,109056,446
ML-DSA,sign,44,80208,447
ML-DSA,sign,44,115071,448
ML-DSA,sign,44,230321,449
ML-DSA,sign,44,427501,450
ML-DSA,sign,44,316609,451
ML-DSA,sign,44,115089,452
ML-DSA,sign,44,236532,453
ML-DSA,sign,44,80167,454
ML-DSA,sign,44,150020,455
ML-DSA,sign,44,219812,456
ML-DSA,sign,44,80148,457
ML-DSA,sign,44,207697,458
ML-DSA,sign,44,109009,459
ML-DSA,sign,44,293955,460
ML-DSA,sign,44,80158,461
ML-DSA,sign,44,271385,462
ML-DSA,sign,44,137811,463
ML-DSA,sign,44,172625,464
ML-DSA,sign,44,115137,465
ML-DSA,sign,44,80170,466
ML-DSA,sign,44,137720,467
ML-DSA,sign,44,109016,468
ML-DSA,sign,44,149996,469
ML-DSA,sign,44,143851,470
ML-DSA,sign,44,137813,471
ML-DSA,sign,44,259181,472
ML-DSA,sign,44,491137,473
ML-DSA,sign,44,109063,474
ML-DSA,sign,44,300202,475
ML-DSA,sign,44,80193,476
ML-DSA,sign,44,462557,477
ML-DSA,sign,44,172682,478
ML-DSA,sign,44,115148,479
ML-DSA,sign,44,115083,480
ML-DSA,sign,44,80199,481
ML-DSA,sign,44,80208,482
ML-DSA,sign,44,149944,483
ML-DSA,sign,44,109019,484
ML-DSA,sign,44,184906,485
ML-DSA,sign,44,80201,486
ML-DSA,sign,44,259033,487
ML-DSA,sign,44,207552,488
ML-DSA,sign,44,80175,489
ML-DSA,sign,44,236394,490
ML-DSA,sign,44,115139,491
ML-DSA,sign,44,532131,492
ML-DSA,sign,44,80167,493
ML-DSA,sign,44,213585,494
ML-DSA,sign,44,172735,495
ML-DSA,sign,44,143939,496
ML-DSA,sign,44,108959,497
ML-DSA,sign,44,115106,498
ML-DSA,sign,44,207601,499
ML-DSA,sign,44,230197,500
ML-DSA,sign,44,201485,501
ML-DSA,sign,44,80243,502
ML-DSA,sign,44,143889,503
ML-DSA,sign,44,108983,504
ML-DSA,sign,44,109009,505
ML-DSA,sign,44,172809,506
ML-DSA,sign,44,438087,507
ML-DSA,sign,44,195332,508
ML-DSA,sign,44,137791,509
ML-DSA,sign,44,143891,510
ML-DSA,sign,44,300151,511
ML-DSA,sign,44,80239,512
ML-DSA,sign,44,207630,513
ML-DSA,sign,44,80154,514
ML-DSA,sign,44,242552,515
ML-DSA,sign,44,80161,516
ML-DSA,sign,44,115049,517
ML-DSA,sign,44,80192,518
ML-DSA,sign,44,137737,519
ML-DSA,sign,44,80193,520
ML-DSA,sign,44,80144,521
ML-DSA,sign,44,80206,522
ML-DSA,sign,44,150027,523
ML-DSA,sign,44,137784,524
ML-DSA,sign,44,109000,525
ML-DSA,sign,44,137837,526
ML-DSA,sign,44,497330,527
ML-DSA,sign,44,178811,528
ML-DSA,sign,44,287915,529
ML-DSA,sign,44,80166,530
ML-DSA,sign,44,137743,531
ML-DSA,sign,44,80185,532
ML-DSA,sign,44,172693,533
ML-DSA,sign,44,109017,534
ML-DSA,sign,44,224099,535
ML-DSA,sign,44,328966,536
ML-DSA,sign,44,80161,537
ML-DSA,sign,44,143970,538
ML-DSA,sign,44,427707,539
ML-DSA,sign,44,271295,540
ML-DSA,sign,44,195415,541
ML-DSA,sign,44,80192,542
ML-DSA,sign,44,80170,543
ML-DSA,sign,44,80198,544
ML-DSA,sign,44,318340,545
ML-DSA,sign,44,271215,546
ML-DSA,sign,44,80139,547
ML-DSA,sign,44,80179,548
ML-DSA,sign,44,109025,549
ML-DSA,sign,44,80149,550
ML-DSA,sign,44,115055,551
ML-DSA,sign,44,166629,552
ML-DSA,sign,44,80174,553
ML-DSA,sign,44,178721,554
ML-DSA,sign,44,80179,555
ML-DSA,sign,44,143870,556
ML-DSA,sign,44,149998,557
ML-DSA,sign,44,526182,558
ML-DSA,sign,44,396875,559
ML-DSA,sign,44,80235,560
ML-DSA,sign,44,150020,561
ML-DSA,sign,44,80177,562
ML-DSA,sign,44,184994,563
ML-DSA,sign,44,137791,564
ML-DSA,sign,44,109045,565
ML-DSA,sign,44,299982,566
ML-DSA,sign,44,230357,567
ML-DSA,sign,44,178836,568
ML-DSA,sign,44,108979,569
ML-DSA,sign,44,172667,570
ML-DSA,sign,44,143850,571
ML-DSA,sign,44,109029,572
ML-DSA,sign,44,201542,573
ML-DSA,sign,44,80139,574
ML-DSA,sign,44,115094,575
ML-DSA,sign,44,201483,576
ML-DSA,sign,44,137771,577
ML-DSA,sign,44,80202,578
ML-DSA,sign,44,207681,579
ML-DSA,sign,44,213725,580
ML-DSA,sign,44,466673,581
ML-DSA,sign,44,137838,582
ML-DSA,sign,44,143929,583
ML-DSA,sign,44,201519,584
ML-DSA,sign,44,115111,585
ML-DSA,sign,44,137879,586
ML-DSA,sign,44,80165,587
ML-DSA,sign,44,80185,588
ML-DSA,sign,44,207588,589
ML-DSA,sign,44,214189,590
ML-DSA,sign,44,109070,591
ML-DSA,sign,44,80155,592
ML-DSA,sign,44,80193,593
ML-DSA,sign,44,80138,594
ML-DSA,sign,44,382112,595
ML-DSA,sign,44,357633,596
ML-DSA,sign,44,115122,597
ML-DSA,sign,44,109011,598
ML-DSA,sign,44,150010,599
ML-DSA,sign,44,80130,600
ML-DSA,sign,44,248559,601
ML-DSA,sign,44,137760,602
ML-DSA,sign,44,271402,603
ML-DSA,sign,44,573060,604
ML-DSA,sign,44,137770,605
ML-DSA,sign,44,277269,606
ML-DSA,sign,44,137829,607
ML-DSA,sign,44,115150,608
ML-DSA,sign,44,115132,609
ML-DSA,sign,44,150051,610
ML-DSA,sign,44,536480,611
ML-DSA,sign,44,300234,612
ML-DSA,sign,44,80218,613
ML-DSA,sign,44,271254,614
ML-DSA,sign,44,108993,615
ML-DSA,sign,44,108986,616
ML-DSA,sign,44,277535,617
ML-DSA,sign,44,421303,618
ML-DSA,sign,44,143806,619
ML-DSA,sign,44,536501,620
ML-DSA,sign,44,144004,621
ML-DSA,sign,44,201536,622
ML-DSA,sign,44,335051,623
ML-DSA,sign,44,80137,624
ML-DSA,sign,44,201462,625
ML-DSA,sign,44,166601,626
ML-DSA,sign,44,80238,627
ML-DSA,sign,44,108962,628
ML-DSA,sign,44,143952,629
ML-DSA,sign,44,80143,630
ML-DSA,sign,44,456295,631
ML-DSA,sign,44,316865,632
ML-DSA,sign,44,369888,633
ML-DSA,sign,44,108980,634
ML-DSA,sign,44,80220,635
ML-DSA,sign,44,80148,636
ML-DSA,sign,44,80146,637
ML-DSA,sign,44,207483,638
ML-DSA,sign,44,143860,639
ML-DSA,sign,44,80165,640
ML-DSA,sign,44,143978,641
ML-DSA,sign,44,80224,642
ML-DSA,sign,44,80203,643
ML-DSA,sign,44,532279,644
ML-DSA,sign,44,115152,645
ML-DSA,sign,44,230348,646
ML-DSA,sign,44,80166,647
ML-DSA,sign,44,554818,648
ML-DSA,sign,44,108951,649
ML-DSA,sign,44,80203,650
ML-DSA,sign,44,143878,651
ML-DSA,sign,44,143927,652
ML-DSA,sign,44,143909,653
ML-DSA,sign,44,172662,654
ML-DSA,sign,44,115072,655
ML-DSA,sign,44,236348,656
ML-DSA,sign,44,80204,657
ML-DSA,sign,44,137798,658
ML-DSA,sign,44,172714,659
ML-DSA,sign,44,230401,660
ML-DSA,sign,44,277481,661
ML-DSA,sign,44,80171,662
ML-DSA,sign,44,108983,663
ML-DSA,sign,44,224196,664
ML-DSA,sign,44,415199,665
ML-DSA,sign,44,172747,666
ML-DSA,sign,44,80204,667
ML-DSA,sign,44,115120,668
ML-DSA,sign,44,137867,669
ML-DSA,sign,44,109018,670
ML-DSA,sign,44,201460,671
ML-DSA,sign,44,259113,672
ML-DSA,sign,44,115111,673
ML-DSA,sign,44,80171,674
ML-DSA,sign,44,230177,675
ML-DSA,sign,44,184983,676
ML-DSA,sign,44,80184,677
ML-DSA,sign,44,80157,678
ML-DSA,sign,44,80229,679
ML-DSA,sign,44,178725,680
ML-DSA,sign,44,143998,681
ML-DSA,sign,44,115129,682
ML-DSA,sign,44,143850,683
ML-DSA,sign,44,109040,684
ML-DSA,sign,44,137835,685
ML-DSA,sign,44,201385,686
ML-DSA,sign,44,80230,687
ML-DSA,sign,44,115092,688
ML-DSA,sign,44,259040,689
ML-DSA,sign,44,108974,690
ML-DSA,sign,44,230402,691
ML-DSA,sign,44,80179,692
ML-DSA,sign,44,369861,693
ML-DSA,sign,44,137835,694
ML-DSA,sign,44,108983,695
ML-DSA,sign,44,80174,696
ML-DSA,sign,44,201509,697
ML-DSA,sign,44,195371,698
ML-DSA,sign,44,433647,699
ML-DSA,sign,44,172754,700
ML-DSA,sign,44,137753,701
ML-DSA,sign,44,178849,702
ML-DSA,sign,44,80232,703
ML-DSA,sign,44,178853,704
ML-DSA,sign,44,299953,705
ML-DSA,sign,44,195422,706
ML-DSA,sign,44,108992,707
ML-DSA,sign,44,80235,708
ML-DSA,sign,44,109007,709
ML-DSA,sign,44,287897,710
ML-DSA,sign,44,195287,711
ML-DSA,sign,44,501638,712
ML-DSA,sign,44,363813,713
ML-DSA,sign,44,80154,714
ML-DSA,sign,44,80223,715
ML-DSA,sign,44,80157,716
ML-DSA,sign,44,242494,717
ML-DSA,sign,44,109026,718
ML-DSA,sign,44,108964,719
ML-DSA,sign,44,548555,720
ML-DSA,sign,44,536456,721
ML-DSA,sign,44,491140,722
ML-DSA,sign,44,392501,723
ML-DSA,sign,44,109042,724
ML-DSA,sign,44,137755,725
ML-DSA,sign,44,137734,726
ML-DSA,sign,44,312312,727
ML-DSA,sign,44,820446,728
ML-DSA,sign,44,178777,729
ML-DSA,sign,44,80197,730
ML-DSA,sign,44,363701,731
ML-DSA,sign,44,115115,732
ML-DSA,sign,44,248605,733
ML-DSA,sign,44,143810,734
ML-DSA,sign,44,80215,735
ML-DSA,sign,44,230364,736
ML-DSA,sign,44,80182,737
ML-DSA,sign,44,201464,738
ML-DSA,sign,44,115065,739
ML-DSA,sign,44,536502,740
ML-DSA,sign,44,201491,741
ML-DSA,sign,44,224232,742
ML-DSA,sign,44,80154,743
ML-DSA,sign,44,108943,744
ML-DSA,sign,44,137804,745
ML-DSA,sign,44,80163,746
ML-DSA,sign,44,306249,747
ML-DSA,sign,44,80187,748
ML-DSA,sign,44,109034,749
ML-DSA,sign,44,143937,750
ML-DSA,sign,44,80237,751
ML-DSA,sign,44,207645,752
ML-DSA,sign,44,137799,753
ML-DSA,sign,44,178743,754
ML-DSA,sign,44,137798,755
ML-DSA,sign,44,265247,756
ML-DSA,sign,44,80187,757
ML-DSA,sign,44,80151,758
ML-DSA,sign,44,230292,759
ML-DSA,sign,44,230312,760
ML-DSA,sign,44,242500,761
ML-DSA,sign,44,376064,762
ML-DSA,sign,44,80199,763
ML-DSA,sign,44,242433,764
ML-DSA,sign,44,109054,765
ML-DSA,sign,44,277429,766
ML-DSA,sign,44,306219,767
ML-DSA,sign,44,80188,768
ML-DSA,sign,44,306157,769
ML-DSA,sign,44,328926,770
ML-DSA,sign,44,466986,771
ML-DSA,sign,44,80247,772
ML-DSA,sign,44,207631,773
ML-DSA,sign,44,80177,774
ML-DSA,sign,44,115221,775
ML-DSA,sign,44,80143,776
ML-DSA,sign,44,80199,777
ML-DSA,sign,44,108992,778
ML-DSA,sign,44,271420,779
ML-DSA,sign,44,80212,780
ML-DSA,sign,44,80169,781
ML-DSA,sign,44,166635,782
ML-DSA,sign,44,80137,783
ML-DSA,sign,44,300119,784
ML-DSA,sign,44,254727,785
ML-DSA,sign,44,80239,786
ML-DSA,sign,44,80147,787
ML-DSA,sign,44,201561,788
ML-DSA,sign,44,538062,789
ML-DSA,sign,44,380158,790
ML-DSA,sign,44,172604,791
ML-DSA,sign,44,178846,792
ML-DSA,sign,44,80154,793
ML-DSA,sign,44,108944,794
ML-DSA,sign,44,143931,795
ML-DSA,sign,44,80222,796
ML-DSA,sign,44,207515,797
ML-DSA,sign,44,115100,798
ML-DSA,sign,44,265114,799
ML-DSA,sign,44,143825,800
ML-DSA,sign,44,283480,801
ML-DSA,sign,44,137728,802
ML-DSA,sign,44,219927,803
ML-DSA,sign,44,143975,804
ML-DSA,sign,44,143841,805
ML-DSA,sign,44,328885,806
ML-DSA,sign,44,137827,807
ML-DSA,sign,44,271360,808
ML-DSA,sign,44,80181,809
ML-DSA,sign,44,300012,810
ML-DSA,sign,44,80152,811
ML-DSA,sign,44,80146,812
ML-DSA,sign,44,501684,813
ML-DSA,sign,44,178763,814
ML-DSA,sign,44,109016,815
ML-DSA,sign,44,115077,816
ML-DSA,sign,44,109028,817
ML-DSA,sign,44,137703,818
ML-DSA,sign,44,178686,819
ML-DSA,sign,44,150032,820
ML-DSA,sign,44,306300,821
ML-DSA,sign,44,752006,822
ML-DSA,sign,44,115058,823
ML-DSA,sign,44,195255,824
ML-DSA,sign,44,143925,825
ML-DSA,sign,44,80247,826
ML-DSA,sign,44,137710,827
ML-DSA,sign,44,172771,828
ML-DSA,sign,44,172764,829
ML-DSA,sign,44,1087138,830
ML-DSA,sign,44,80193,831
ML-DSA,sign,44,80183,832
ML-DSA,sign,44,207480,833
ML-DSA,sign,44,115067,834
ML-DSA,sign,44,166592,835
ML-DSA,sign,44,670110,836
ML-DSA,sign,44,207643,837
ML-DSA,sign,44,207591,838
ML-DSA,sign,44,143941,839
ML-DSA,sign,44,178909,840
ML-DSA,sign,44,249023,841
ML-DSA,sign,44,80169,842
ML-DSA,sign,44,149977,843
ML-DSA,sign,44,109005,844
ML-DSA,sign,44,201399,845
ML-DSA,sign,44,224239,846
ML-DSA,sign,44,172731,847
ML-DSA,sign,44,108985,848
ML-DSA,sign,44,143838,849
ML-DSA,sign,44,115142,850
ML-DSA,sign,44,80200,851
ML-DSA,sign,44,115066,852
ML-DSA,sign,44,80210,853
ML-DSA,sign,44,144045,854
ML-DSA,sign,44,166540,855
ML-DSA,sign,44,143902,856
ML-DSA,sign,44,80246,857
ML-DSA,sign,44,109060,858
ML-DSA,sign,44,108960,859
ML-DSA,sign,44,80145,860
ML-DSA,sign,44,80168,861
ML-DSA,sign,44,491126,862
ML-DSA,sign,44,143872,863
ML-DSA,sign,44,248694,864
ML-DSA,sign,44,80168,865
ML-DSA,sign,44,322755,866
ML-DSA,sign,44,137764,867
ML-DSA,sign,44,207613,868
ML-DSA,sign,44,137754,869
ML-DSA,sign,44,271290,870
ML-DSA,sign,44,80238,871
ML-DSA,sign,44,109003,872
ML-DSA,sign,44,115174,873
ML-DSA,sign,44,108988,874
ML-DSA,sign,44,207651,875
ML-DSA,sign,44,108958,876
ML-DSA,sign,44,213692,877
ML-DSA,sign,44,109034,878
ML-DSA,sign,44,265056,879
ML-DSA,sign,44,80192,880
ML-DSA,sign,44,80162,881
ML-DSA,sign,44,178842,882
ML-DSA,sign,44,207641,883
ML-DSA,sign,44,108935,884
ML-DSA,sign,44,172741,885
ML-DSA,sign,44,254738,886
ML-DSA,sign,44,108965,887
ML-DSA,sign,44,293821,888
ML-DSA,sign,44,109049,889
ML-DSA,sign,44,80223,890
ML-DSA,sign,44,80166,891
ML-DSA,sign,44,80144,892
ML-DSA,sign,44,80202,893
ML-DSA,sign,44,115136,894
ML-DSA,sign,44,137830,895
ML-DSA,sign,44,137875,896
ML-DSA,sign,44,172621,897
ML-DSA,sign,44,80249,898
ML-DSA,sign,44,80229,899
ML-DSA,sign,44,80227,900
ML-DSA,sign,44,143958,901
ML-DSA,sign,44,340969,902
ML-DSA,sign,44,374368,903
ML-DSA,sign,44,80155,904
ML-DSA,sign,44,108989,905
ML-DSA,sign,44,265171,906
ML-DSA,sign,44,293970,907
ML-DSA,sign,44,80193,908
ML-DSA,sign,44,144052,909
ML-DSA,sign,44,143865,910
ML-DSA,sign,44,166583,911
ML-DSA,sign,44,108969,912
ML-DSA,sign,44,207517,913
ML-DSA,sign,44,115066,914
ML-DSA,sign,44,80196,915
ML-DSA,sign,44,207463,916
ML-DSA,sign,44,242482,917
ML-DSA,sign,44,80155,918
ML-DSA,sign,44,421458,919
ML-DSA,sign,44,137850,920
ML-DSA,sign,44,149979,921
ML-DSA,sign,44,80209,922
ML-DSA,sign,44,108954,923
ML-DSA,sign,44,143952,924
ML-DSA,sign,44,137774,925
ML-DSA,sign,44,306269,926
ML-DSA,sign,44,108995,927
ML-DSA,sign,44,80160,928
ML-DSA,sign,44,80221,929
ML-DSA,sign,44,484959,930
ML-DSA,sign,44,230241,931
ML-DSA,sign,44,137872,932
ML-DSA,sign,44,115133,933
ML-DSA,sign,44,115133,934
ML-DSA,sign,44,80158,935
ML-DSA,sign,44,341092,936
ML-DSA,sign,44,265160,937
ML-DSA,sign,44,172715,938
ML-DSA,sign,44,115118,939
ML-DSA,sign,44,115117,940
ML-DSA,sign,44,137789,941
ML-DSA,sign,44,207665,942
ML-DSA,sign,44,80168,943
ML-DSA,sign,44,80195,944
ML-DSA,sign,44,80178,945
ML-DSA,sign,44,80178,946
ML-DSA,sign,44,294106,947
ML-DSA,sign,44,236380,948
ML-DSA,sign,44,143882,949
ML-DSA,sign,44,80166,950
ML-DSA,sign,44,230302,951
ML-DSA,sign,44,293908,952
ML-DSA,sign,44,312364,953
ML-DSA,sign,44,242435,954
ML-DSA,sign,44,80188,955
ML-DSA,sign,44,80162,956
ML-DSA,sign,44,248448,957
ML-DSA,sign,44,80178,958
ML-DSA,sign,44,115073,959
ML-DSA,sign,44,357653,960
ML-DSA,sign,44,108936,961
ML-DSA,sign,44,236436,962
ML-DSA,sign,44,108966,963
ML-DSA,sign,44,137923,964
ML-DSA,sign,44,207504,965
ML-DSA,sign,44,341136,966
ML-DSA,sign,44,108963,967
ML-DSA,sign,44,108971,968
ML-DSA,sign,44,398634,969
ML-DSA,sign,44,172781,970
ML-DSA,sign,44,213718,971
ML-DSA,sign,44,80208,972
ML-DSA,sign,44,80157,973
ML-DSA,sign,44,143886,974
ML-DSA,sign,44,386620,975
ML-DSA,sign,44,236419,976
ML-DSA,sign,44,363788,977
ML-DSA,sign,44,80228,978
ML-DSA,sign,44,328709,979
ML-DSA,sign,44,299977,980
ML-DSA,sign,44,109024,981
ML-DSA,sign,44,178818,982
ML-DSA,sign,44,115158,983
ML-DSA,sign,44,109009,984
ML-DSA,sign,44,201518,985
ML-DSA,sign,44,213583,986
ML-DSA,sign,44,172793,987
ML-DSA,sign,44,108982,988
ML-DSA,sign,44,137664,989
ML-DSA,sign,44,294041,990
ML-DSA,sign,44,80199,991
ML-DSA,sign,44,351632,992
ML-DSA,sign,44,259071,993
ML-DSA,sign,44,108946,994
ML-DSA,sign,44,248665,995
ML-DSA,sign,44,178804,996
ML-DSA,sign,44,328694,997
ML-DSA,sign,44,207582,998
ML-DSA,sign,44,80226,999
ML-DSA,sign,44,109009,1000
ML-DSA,sign,44,143836,1001
ML-DSA,sign,44,80155,1002
ML-DSA,sign,44,108979,1003
ML-DSA,sign,44,137788,1004
ML-DSA,sign,44,178781,1005
ML-DSA,sign,44,143991,1006
ML-DSA,sign,44,710987,1007
ML-DSA,sign,44,316635,1008
ML-DSA,sign,44,172595,1009
ML-DSA,sign,44,201422,1010
ML-DSA,sign,44,108951,1011
ML-DSA,sign,44,109068,1012
ML-DSA,sign,44,115152,1013
ML-DSA,sign,44,341086,1014
ML-DSA,sign,44,172700,1015
ML-DSA,sign,44,115089,1016
ML-DSA,sign,44,80228,1017
ML-DSA,sign,44,172755,1018
ML-DSA,sign,44,172682,1019
ML-DSA,sign,44,115132,1020
ML-DSA,sign,44,166624,1021
ML-DSA,sign,44,108989,1022
ML-DSA,sign,44,80203,1023
ML-DSA,sign,44,80138,1024
ML-DSA,sign,44,172671,1025
ML-DSA,sign,44,207642,1026
ML-DSA,sign,44,115069,1027
ML-DSA,sign,44,294001,1028
ML-DSA,sign,44,172620,1029
ML-DSA,sign,44,242560,1030
ML-DSA,sign,44,201408,1031
ML-DSA,sign,44,109034,1032
ML-DSA,sign,44,109007,1033
ML-DSA,sign,44,300112,1034
ML-DSA,sign,44,149962,1035
ML-DSA,sign,44,80140,1036
ML-DSA,sign,44,80205,1037
ML-DSA,sign,44,178710,1038
ML-DSA,sign,44,137805,1039
ML-DSA,sign,44,363869,1040
ML-DSA,sign,44,109023,1041
ML-DSA,sign,44,166546,1042
ML-DSA,sign,44,195422,1043
ML-DSA,sign,44,293948,1044
ML-DSA,sign,44,108993,1045
ML-DSA,sign,44,236464,1046
ML-DSA,sign,44,80218,1047
ML-DSA,sign,44,108929,1048
ML-DSA,sign,44,322775,1049
ML-DSA,sign,44,143939,1050
ML-DSA,sign,44,230207,1051
ML-DSA,sign,44,230249,1052
ML-DSA,sign,44,213771,1053
ML-DSA,sign,44,143843,1054
ML-DSA,sign,44,109034,1055
ML-DSA,sign,44,80157,1056
ML-DSA,sign,44,248643,1057
ML-DSA,sign,44,80245,1058
ML-DSA,sign,44,248706,1059
ML-DSA,sign,44,178857,1060
ML-DSA,sign,44,115156,1061
ML-DSA,sign,44,115186,1062
ML-DSA,sign,44,80157,1063
ML-DSA,sign,44,259200,1064
ML-DSA,sign,44,115034,1065
ML-DSA,sign,44,80201,1066
ML-DSA,sign,44,207659,1067
ML-DSA,sign,44,137810,1068
ML-DSA,sign,44,108930,1069
ML-DSA,sign,44,108993,1070
ML-DSA,sign,44,80186,1071
ML-DSA,sign,44,109000,1072
ML-DSA,sign,44,80204,1073
ML-DSA,sign,44,328748,1074
ML-DSA,sign,44,115066,1075
ML-DSA,sign,44,80168,1076
ML-DSA,sign,44,328999,1077
ML-DSA,sign,44,80212,1078
ML-DSA,sign,44,242507,1079
ML-DSA,sign,44,207666,1080
ML-DSA,sign,44,80182,1081
ML-DSA,sign,44,80206,1082
ML-DSA,sign,44,143970,1083
ML-DSA,sign,44,178774,1084
ML-DSA,sign,44,115038,1085
ML-DSA,sign,44,80175,1086
ML-DSA,sign,44,259021,1087
ML-DSA,sign,44,109065,1088
ML-DSA,sign,44,108926,1089
ML-DSA,sign,44,115119,1090
ML-DSA,sign,44,80202,1091
ML-DSA,sign,44,143849,1092
ML-DSA,sign,44,115055,1093
ML-DSA,sign,44,548757,1094
ML-DSA,sign,44,166564,1095
ML-DSA,sign,44,491002,1096
ML-DSA,sign,44,265252,1097
ML-DSA,sign,44,137745,1098
ML-DSA,sign,44,137779,1099
ML-DSA,sign,44,80241,1100
ML-DSA,sign,44,380453,1101
ML-DSA,sign,44,109005,1102
ML-DSA,sign,44,386393,1103
ML-DSA,sign,44,230281,1104
ML-DSA,sign,44,213684,1105
ML-DSA,sign,44,201523,1106
ML-DSA,sign,44,80156,1107
ML-DSA,sign,44,115189,1108
ML-DSA,sign,44,143874,1109
ML-DSA,sign,44,300097,1110
ML-DSA,sign,44,143912,1111
ML-DSA,sign,44,207627,1112
ML-DSA,sign,44,271182,1113
ML-DSA,sign,44,178776,1114
ML-DSA,sign,44,166624,1115
ML-DSA,sign,44,150015,1116
ML-DSA,sign,44,115114,1117
ML-DSA,sign,44,150048,1118
ML-DSA,sign,44,195471,1119
ML-DSA,sign,44,271196,1120
ML-DSA,sign,44,149964,1121
ML-DSA,sign,44,440054,1122
ML-DSA,sign,44,166613,1123
ML-DSA,sign,44,242571,1124
ML-DSA,sign,44,172646,1125
ML-DSA,sign,44,137755,1126
ML-DSA,sign,44,201468,1127
ML-DSA,sign,44,287713,1128
ML-DSA,sign,44,236346,1129
ML-DSA,sign,44,80152,1130
ML-DSA,sign,44,115136,1131
ML-DSA,sign,44,80194,1132
ML-DSA,sign,44,219922,1133
ML-DSA,sign,44,172696,1134
ML-DSA,sign,44,109031,1135
ML-DSA,sign,44,80170,1136
ML-DSA,sign,44,80204,1137
ML-DSA,sign,44,306118,1138
ML-DSA,sign,44,80246,1139
ML-DSA,sign,44,143905,1140
ML-DSA,sign,44,80169,1141
ML-DSA,sign,44,340971,1142
ML-DSA,sign,44,80180,1143
ML-DSA,sign,44,166680,1144
ML-DSA,sign,44,289958,1145
ML-DSA,sign,44,80172,1146
ML-DSA,sign,44,108942,1147
ML-DSA,sign,44,80227,1148
ML-DSA,sign,44,143952,1149
ML-DSA,sign,44,137700,1150
ML-DSA,sign,44,137687,1151
ML-DSA,sign,44,80169,1152
ML-DSA,sign,44,115062,1153
ML-DSA,sign,44,109104,1154
ML-DSA,sign,44,108993,1155
ML-DSA,sign,44,242458,1156
ML-DSA,sign,44,207737,1157
ML-DSA,sign,44,207647,1158
ML-DSA,sign,44,108907,1159
ML-DSA,sign,44,80150,1160
ML-DSA,sign,44,108929,1161
ML-DSA,sign,44,433521,1162
ML-DSA,sign,44,108951,1163
ML-DSA,sign,44,450071,1164
ML-DSA,sign,44,80195,1165
ML-DSA,sign,44,80139,1166
ML-DSA,sign,44,503607,1167
ML-DSA,sign,44,838811,1168
ML-DSA,sign,44,109038,1169
ML-DSA,sign,44,115187,1170
ML-DSA,sign,44,80161,1171
ML-DSA,sign,44,201393,1172
ML-DSA,sign,44,80174,1173
ML-DSA,sign,44,137890,1174
ML-DSA,sign,44,143871,1175
ML-DSA,sign,44,172680,1176
ML-DSA,sign,44,115065,1177
ML-DSA,sign,44,271267,1178
ML-DSA,sign,44,172694,1179
ML-DSA,sign,44,80232,1180
ML-DSA,sign,44,265167,1181
ML-DSA,sign,44,143884,1182
ML-DSA,sign,44,357744,1183
ML-DSA,sign,44,115075,1184
ML-DSA,sign,44,80171,1185
ML-DSA,sign,44,172670,1186
ML-DSA,sign,44,277407,1187
ML-DSA,sign,44,485113,1188
ML-DSA,sign,44,143958,1189
ML-DSA,sign,44,80227,1190
ML-DSA,sign,44,80157,1191
ML-DSA,sign,44,109021,1192
ML-DSA,sign,44,108972,1193
ML-DSA,sign,44,439696,1194
ML-DSA,sign,44,115082,1195
ML-DSA,sign,44,386459,1196
ML-DSA,sign,44,369775,1197
ML-DSA,sign,44,143856,1198
ML-DSA,sign,44,80216,1199
ML-DSA,sign,44,109031,1200
ML-DSA,sign,44,230272,1201
ML-DSA,sign,44,265194,1202
ML-DSA,sign,44,491197,1203
ML-DSA,sign,44,312323,1204
ML-DSA,sign,44,172731,1205
ML-DSA,sign,44,80222,1206
ML-DSA,sign,44,143935,1207
ML-DSA,sign,44,236372,1208
ML-DSA,sign,44,172733,1209
ML-DSA,sign,44,236306,1210
ML-DSA,sign,44,172740,1211
ML-DSA,sign,44,80156,1212
ML-DSA,sign,44,328936,1213
ML-DSA,sign,44,230233,1214
ML-DSA,sign,44,137790,1215
ML-DSA,sign,44,178787,1216
ML-DSA,sign,44,115180,1217
ML-DSA,sign,44,224151,1218
ML-DSA,sign,44,115173,1219
ML-DSA,sign,44,109020,1220
ML-DSA,sign,44,213628,1221
ML-DSA,sign,44,166455,1222
ML-DSA,sign,44,80165,1223
ML-DSA,sign,44,109052,1224
ML-DSA,sign,44,115048,1225
ML-DSA,sign,44,265175,1226
ML-DSA,sign,44,259056,1227
ML-DSA,sign,44,224179,1228
ML-DSA,sign,44,172678,1229
ML-DSA,sign,44,334973,1230
ML-DSA,sign,44,445823,1231
ML-DSA,sign,44,415224,1232
ML-DSA,sign,44,109007,1233
ML-DSA,sign,44,172662,1234
ML-DSA,sign,44,115054,1235
ML-DSA,sign,44,115082,1236
ML-DSA,sign,44,80168,1237
ML-DSA,sign,44,115083,1238
ML-DSA,sign,44,80165,1239
ML-DSA,sign,44,80175,1240
ML-DSA,sign,44,80207,1241
ML-DSA,sign,44,80155,1242
ML-DSA,sign,44,341004,1243
ML-DSA,sign,44,172666,1244
ML-DSA,sign,44,236505,1245
ML-DSA,sign,44,236296,1246
ML-DSA,sign,44,143855,1247
ML-DSA,sign,44,294041,1248
ML-DSA,sign,44,80209,1249
ML-DSA,sign,44,108946,1250
ML-DSA,sign,44,80170,1251
ML-DSA,sign,44,80182,1252
ML-DSA,sign,44,144005,1253
ML-DSA,sign,44,80164,1254
ML-DSA,sign,44,178828,1255
ML-DSA,sign,44,443842,1256
ML-DSA,sign,44,143930,1257
ML-DSA,sign,44,624896,1258
ML-DSA,sign,44,109048,1259
ML-DSA,sign,44,363902,1260
ML-DSA,sign,44,265124,1261
ML-DSA,sign,44,178768,1262
ML-DSA,sign,44,149945,1263
ML-DSA,sign,44,137795,1264
ML-DSA,sign,44,201606,1265
ML-DSA,sign,44,109031,1266
ML-DSA,sign,44,80202,1267
ML-DSA,sign,44,143918,1268
ML-DSA,sign,44,137854,1269
ML-DSA,sign,44,115061,1270
ML-DSA,sign,44,80225,1271
ML-DSA,sign,44,410975,1272
ML-DSA,sign,44,108985,1273
ML-DSA,sign,44,137821,1274
ML-DSA,sign,44,410797,1275
ML-DSA,sign,44,450160,1276
ML-DSA,sign,44,363937,1277
ML-DSA,sign,44,80182,1278
ML-DSA,sign,44,80155,1279
ML-DSA,sign,44,137882,1280
ML-DSA,sign,44,300036,1281
ML-DSA,sign,44,115205,1282
ML-DSA,sign,44,109020,1283
ML-DSA,sign,44,143917,1284
ML-DSA,sign,44,178833,1285
ML-DSA,sign,44,115088,1286
ML-DSA,sign,44,80166,1287
ML-DSA,sign,44,248573,1288
ML-DSA,sign,44,80161,1289
ML-DSA,sign,44,108971,1290
ML-DSA,sign,44,150049,1291
ML-DSA,sign,44,108972,1292
ML-DSA,sign,44,109029,1293
ML-DSA,sign,44,80241,1294
ML-DSA,sign,44,178730,1295
ML-DSA,sign,44,271245,1296
ML-DSA,sign,44,207666,1297
ML-DSA,sign,44,207666,1298
ML-DSA,sign,44,80204,1299
ML-DSA,sign,44,398550,1300
ML-DSA,sign,44,80235,1301
ML-DSA,sign,44,80159,1302
ML-DSA,sign,44,80208,1303
ML-DSA,sign,44,109039,1304
ML-DSA,sign,44,185008,1305
ML-DSA,sign,44,115149,1306
ML-DSA,sign,44,143941,1307
ML-DSA,sign,44,172641,1308
ML-DSA,sign,44,80169,1309
ML-DSA,sign,44,137914,1310
ML-DSA,sign,44,213652,1311
ML-DSA,sign,44,115145,1312
ML-DSA,sign,44,398564,1313
ML-DSA,sign,44,201489,1314
ML-DSA,sign,44,166608,1315
ML-DSA,sign,44,80148,1316
ML-DSA,sign,44,80240,1317
ML-DSA,sign,44,271298,1318
ML-DSA,sign,44,166588,1319
ML-DSA,sign,44,242456,1320
ML-DSA,sign,44,108976,1321
ML-DSA,sign,44,398527,1322
ML-DSA,sign,44,137833,1323
ML-DSA,sign,44,80264,1324
ML-DSA,sign,44,236286,1325
ML-DSA,sign,44,144016,1326
ML-DSA,sign,44,80176,1327
ML-DSA,sign,44,219845,1328
ML-DSA,sign,44,80215,1329
ML-DSA,sign,44,242443,1330
ML-DSA,sign,44,80204,1331
ML-DSA,sign,44,322775,1332
ML-DSA,sign,44,143869,1333
ML-DSA,sign,44,109065,1334
ML-DSA,sign,44,80243,1335
ML-DSA,sign,44,172646,1336
ML-DSA,sign,44,184974,1337
ML-DSA,sign,44,143857,1338
ML-DSA,sign,44,166591,1339
ML-DSA,sign,44,513828,1340
ML-DSA,sign,44,108964,1341
ML-DSA,sign,44,380338,1342
ML-DSA,sign,44,80195,1343
ML-DSA,sign,44,108960,1344
ML-DSA,sign,44,80197,1345
ML-DSA,sign,44,109029,1346
ML-DSA,sign,44,143865,1347
ML-DSA,sign,44,357677,1348
ML-DSA,sign,44,115074,1349
ML-DSA,sign,44,115108,1350
ML-DSA,sign,44,172736,1351
ML-DSA,sign,44,258907,1352
ML-DSA,sign,44,143863,1353
ML-DSA,sign,44,392645,1354
ML-DSA,sign,44,80214,1355
ML-DSA,sign,44,236301,1356
ML-DSA,sign,44,80150,1357
ML-DSA,sign,44,300060,1358
ML-DSA,sign,44,386405,1359
ML-DSA,sign,44,115061,1360
ML-DSA,sign,44,392588,1361
ML-DSA,sign,44,143902,1362
ML-DSA,sign,44,207591,1363
ML-DSA,sign,44,294030,1364
ML-DSA,sign,44,80228,1365
ML-DSA,sign,44,137826,1366
ML-DSA,sign,44,109010,1367
ML-DSA,sign,44,115095,1368
ML-DSA,sign,44,137850,1369
ML-DSA,sign,44,137790,1370
ML-DSA,sign,44,80131,1371
ML-DSA,sign,44,80160,1372
ML-DSA,sign,44,80165,1373
ML-DSA,sign,44,520040,1374
ML-DSA,sign,44,80202,1375
ML-DSA,sign,44,172741,1376
ML-DSA,sign,44,184960,1377
ML-DSA,sign,44,236346,1378
ML-DSA,sign,44,195349,1379
ML-DSA,sign,44,80203,1380
ML-DSA,sign,44,236424,1381
ML-DSA,sign,44,109048,1382
ML-DSA,sign,44,271286,1383
ML-DSA,sign,44,207647,1384
ML-DSA,sign,44,109013,1385
ML-DSA,sign,44,80175,1386
ML-DSA,sign,44,340952,1387
ML-DSA,sign,44,363803,1388
ML-DSA,sign,44,108952,1389
ML-DSA,sign,44,294027,1390
ML-DSA,sign,44,115112,1391
ML-DSA,sign,44,166495,1392
ML-DSA,sign,44,80182,1393
ML-DSA,sign,44,236297,1394
ML-DSA,sign,44,115142,1395
ML-DSA,sign,44,109005,1396
ML-DSA,sign,44,143847,1397
ML-DSA,sign,44,80201,1398
ML-DSA,sign,44,178790,1399
ML-DSA,sign,44,80171,1400
ML-DSA,sign,44,109022,1401
ML-DSA,sign,44,219888,1402
ML-DSA,sign,44,224140,1403
ML-DSA,sign,44,195360,1404
ML-DSA,sign,44,195458,1405
ML-DSA,sign,44,108942,1406
ML-DSA,sign,44,172723,1407
ML-DSA,sign,44,172708,1408
ML-DSA,sign,44,230335,1409
ML-DSA,sign,44,80136,1410
ML-DSA,sign,44,80145,1411
ML-DSA,sign,44,363844,1412
ML-DSA,sign,44,178878,1413
ML-DSA,sign,44,242488,1414
ML-DSA,sign,44,80218,1415
ML-DSA,sign,44,207754,1416
ML-DSA,sign,44,178915,1417
ML-DSA,sign,44,137747,1418
ML-DSA,sign,44,108932,1419
ML-DSA,sign,44,109037,1420
ML-DSA,sign,44,109010,1421
ML-DSA,sign,44,80218,1422
ML-DSA,sign,44,80166,1423
ML-DSA,sign,44,520105,1424
ML-DSA,sign,44,80220,1425
ML-DSA,sign,44,109087,1426
ML-DSA,sign,44,115100,1427
ML-DSA,sign,44,230374,1428
ML-DSA,sign,44,108935,1429
ML-DSA,sign,44,178762,1430
ML-DSA,sign,44,335128,1431
ML-DSA,sign,44,109014,1432
ML-DSA,sign,44,80154,1433
ML-DSA,sign,44,328857,1434
ML-DSA,sign,44,444006,1435
ML-DSA,sign,44,108934,1436
ML-DSA,sign,44,386227,1437
ML-DSA,sign,44,80171,1438
ML-DSA,sign,44,115061,1439
ML-DSA,sign,44,293943,1440
ML-DSA,sign,44,207612,1441
ML-DSA,sign,44,143872,1442
ML-DSA,sign,44,115118,1443
ML-DSA,sign,44,80164,1444
ML-DSA,sign,44,172773,1445
ML-DSA,sign,44,108942,1446
ML-DSA,sign,44,115040,1447
ML-DSA,sign,44,115089,1448
ML-DSA,sign,44,265230,1449
ML-DSA,sign,44,242580,1450
ML-DSA,sign,44,80137,1451
ML-DSA,sign,44,166542,1452
ML-DSA,sign,44,80204,1453
ML-DSA,sign,44,80156,1454
ML-DSA,sign,44,300110,1455
ML-DSA,sign,44,201567,1456
ML-DSA,sign,44,109009,1457
ML-DSA,sign,44,421468,1458
ML-DSA,sign,44,115161,1459
ML-DSA,sign,44,334889,1460
ML-DSA,sign,44,265309,1461
ML-DSA,sign,44,172621,1462
ML-DSA,sign,44,248626,1463
ML-DSA,sign,44,80155,1464
ML-DSA,sign,44,108958,1465
ML-DSA,sign,44,80217,1466
ML-DSA,sign,44,230281,1467
ML-DSA,sign,44,108975,1468
ML-DSA,sign,44,80212,1469
ML-DSA,sign,44,265075,1470
ML-DSA,sign,44,271317,1471
ML-DSA,sign,44,294061,1472
ML-DSA,sign,44,443876,1473
ML-DSA,sign,44,143867,1474
ML-DSA,sign,44,137717,1475
ML-DSA,sign,44,172761,1476
ML-DSA,sign,44,277429,1477
ML-DSA,sign,44,137723,1478
ML-DSA,sign,44,137723,1479
ML-DSA,sign,44,80154,1480
ML-DSA,sign,44,80163,1481
ML-DSA,sign,44,166697,1482
ML-DSA,sign,44,143982,1483
ML-DSA,sign,44,172663,1484
ML-DSA,sign,44,427607,1485
ML-DSA,sign,44,80171,1486
ML-DSA,sign,44,184832,1487
ML-DSA,sign,44,334992,1488
ML-DSA,sign,44,242679,1489
ML-DSA,sign,44,195404,1490
ML-DSA,sign,44,80136,1491
ML-DSA,sign,44,80161,1492
ML-DSA,sign,44,207647,1493
ML-DSA,sign,44,150013,1494
ML-DSA,sign,44,80154,1495
ML-DSA,sign,44,80179,1496
ML-DSA,sign,44,363670,1497
ML-DSA,sign,44,109018,1498
ML-DSA,sign,44,357702,1499
ML-DSA,sign,44,80147,1500
ML-DSA,sign,44,115145,1501
ML-DSA,sign,44,277468,1502
ML-DSA,sign,44,178737,1503
ML-DSA,sign,44,236417,1504
ML-DSA,sign,44,80211,1505
ML-DSA,sign,44,80203,1506
ML-DSA,sign,44,143961,1507
ML-DSA,sign,44,143955,1508
ML-DSA,sign,44,184963,1509
ML-DSA,sign,44,195433,1510
ML-DSA,sign,44,137834,1511
ML-DSA,sign,44,201491,1512
ML-DSA,sign,44,137841,1513
ML-DSA,sign,44,80171,1514
ML-DSA,sign,44,335015,1515
ML-DSA,sign,44,80167,1516
ML-DSA,sign,44,80156,1517
ML-DSA,sign,44,109025,1518
ML-DSA,sign,44,149984,1519
ML-DSA,sign,44,300050,1520
ML-DSA,sign,44,109054,1521
ML-DSA,sign,44,115161,1522
ML-DSA,sign,44,265226,1523
ML-DSA,sign,44,80213,1524
ML-DSA,sign,44,242479,1525
ML-DSA,sign,44,143804,1526
ML-DSA,sign,44,195273,1527
ML-DSA,sign,44,143912,1528
ML-DSA,sign,44,207631,1529
ML-DSA,sign,44,143814,1530
ML-DSA,sign,44,80218,1531
ML-DSA,sign,44,80154,1532
ML-DSA,sign,44,80195,1533
ML-DSA,sign,44,236534,1534
ML-DSA,sign,44,80146,1535
ML-DSA,sign,44,236425,1536
ML-DSA,sign,44,150011,1537
ML-DSA,sign,44,143888,1538
ML-DSA,sign,44,137812,1539
ML-DSA,sign,44,137870,1540
ML-DSA,sign,44,322833,1541
ML-DSA,sign,44,115106,1542
ML-DSA,sign,44,108941,1543
ML-DSA,sign,44,80215,1544
ML-DSA,sign,44,236454,1545
ML-DSA,sign,44,80152,1546
ML-DSA,sign,44,109020,1547
ML-DSA,sign,44,184839,1548
ML-DSA,sign,44,143856,1549
ML-DSA,sign,44,259004,1550
ML-DSA,sign,44,207679,1551
ML-DSA,sign,44,108986,1552
ML-DSA,sign,44,109013,1553
ML-DSA,sign,44,201498,1554
ML-DSA,sign,44,230284,1555
ML-DSA,sign,44,201440,1556
ML-DSA,sign,44,80223,1557
ML-DSA,sign,44,115196,1558
ML-DSA,sign,44,363917,1559
ML-DSA,sign,44,80198,1560
ML-DSA,sign,44,259003,1561
ML-DSA,sign,44,143840,1562
ML-DSA,sign,44,485186,1563
ML-DSA,sign,44,786965,1564
ML-DSA,sign,44,201477,1565
ML-DSA,sign,44,207490,1566
ML-DSA,sign,44,80169,1567
ML-DSA,sign,44,108938,1568
ML-DSA,sign,44,224228,1569
ML-DSA,sign,44,172692,1570
ML-DSA,sign,44,236305,1571
ML-DSA,sign,44,137788,1572
ML-DSA,sign,44,80196,1573
ML-DSA,sign,44,115089,1574
ML-DSA,sign,44,80157,1575
ML-DSA,sign,44,108968,1576
ML-DSA,sign,44,137767,1577
ML-DSA,sign,44,109018,1578
ML-DSA,sign,44,150073,1579
ML-DSA,sign,44,108983,1580
ML-DSA,sign,44,300169,1581
ML-DSA,sign,44,236551,1582
ML-DSA,sign,44,456293,1583
ML-DSA,sign,44,236367,1584
ML-DSA,sign,44,80207,1585
ML-DSA,sign,44,143974,1586
ML-DSA,sign,44,80216,1587
ML-DSA,sign,44,398616,1588
ML-DSA,sign,44,80212,1589
ML-DSA,sign,44,195318,1590
ML-DSA,sign,44,108978,1591
ML-DSA,sign,44,242553,1592
ML-DSA,sign,44,80181,1593
ML-DSA,sign,44,115113,1594
ML-DSA,sign,44,213641,1595
ML-DSA,sign,44,80242,1596
ML-DSA,sign,44,242510,1597
ML-DSA,sign,44,143877,1598
ML-DSA,sign,44,80184,1599
ML-DSA,sign,44,172692,1600
ML-DSA,sign,44,80167,1601
ML-DSA,sign,44,80169,1602
ML-DSA,sign,44,172725,1603
ML-DSA,sign,44,108948,1604
ML-DSA,sign,44,388247,1605
ML-DSA,sign,44,334982,1606
ML-DSA,sign,44,80206,1607
ML-DSA,sign,44,137760,1608
ML-DSA,sign,44,80217,1609
ML-DSA,sign,44,143948,1610
ML-DSA,sign,44,80210,1611
ML-DSA,sign,44,369993,1612
ML-DSA,sign,44,230295,1613
ML-DSA,sign,44,166659,1614
ML-DSA,sign,44,80179,1615
ML-DSA,sign,44,462459,1616
ML-DSA,sign,44,166495,1617
ML-DSA,sign,44,80164,1618
ML-DSA,sign,44,80178,1619
ML-DSA,sign,44,80142,1620
ML-DSA,sign,44,115144,1621
ML-DSA,sign,44,137868,1622
ML-DSA,sign,44,115070,1623
ML-DSA,sign,44,277449,1624
ML-DSA,sign,44,108971,1625
ML-DSA,sign,44,236444,1626
ML-DSA,sign,44,259079,1627
ML-DSA,sign,44,421275,1628
ML-DSA,sign,44,172700,1629
ML-DSA,sign,44,80145,1630
ML-DSA,sign,44,172719,1631
ML-DSA,sign,44,80202,1632
ML-DSA,sign,44,80282,1633
ML-DSA,sign,44,80197,1634
ML-DSA,sign,44,219888,1635
ML-DSA,sign,44,109004,1636
ML-DSA,sign,44,166555,1637
ML-DSA,sign,44,172699,1638
ML-DSA,sign,44,137838,1639
ML-DSA,sign,44,137755,1640
ML-DSA,sign,44,143931,1641
ML-DSA,sign,44,265180,1642
ML-DSA,sign,44,306186,1643
ML-DSA,sign,44,172757,1644
ML-DSA,sign,44,513912,1645
ML-DSA,sign,44,80145,1646
ML-DSA,sign,44,150020,1647
ML-DSA,sign,44,328808,1648
ML-DSA,sign,44,172630,1649
ML-DSA,sign,44,230242,1650
ML-DSA,sign,44,137810,1651
ML-DSA,sign,44,213787,1652
ML-DSA,sign,44,178890,1653
ML-DSA,sign,44,80203,1654
ML-DSA,sign,44,201565,1655
ML-DSA,sign,44,339159,1656
ML-DSA,sign,44,80190,1657
ML-DSA,sign,44,230417,1658
ML-DSA,sign,44,236286,1659
ML-DSA,sign,44,109073,1660
ML-DSA,sign,44,115037,1661
ML-DSA,sign,44,213780,1662
ML-DSA,sign,44,80209,1663
ML-DSA,sign,44,466573,1664
ML-DSA,sign,44,80204,1665
ML-DSA,sign,44,80127,1666
ML-DSA,sign,44,149966,1667
ML-DSA,sign,44,271463,1668
ML-DSA,sign,44,143945,1669
ML-DSA,sign,44,137803,1670
ML-DSA,sign,44,80146,1671
ML-DSA,sign,44,80152,1672
ML-DSA,sign,44,115093,1673
ML-DSA,sign,44,80243,1674
ML-DSA,sign,44,143966,1675
ML-DSA,sign,44,108927,1676
ML-DSA,sign,44,230259,1677
ML-DSA,sign,44,236368,1678
ML-DSA,sign,44,115068,1679
ML-DSA,sign,44,456246,1680
ML-DSA,sign,44,80173,1681
ML-DSA,sign,44,115120,1682
ML-DSA,sign,44,80165,1683
ML-DSA,sign,44,109056,1684
ML-DSA,sign,44,80173,1685
ML-DSA,sign,44,532142,1686
ML-DSA,sign,44,108964,1687
ML-DSA,sign,44,143945,1688
ML-DSA,sign,44,468573,1689
ML-DSA,sign,44,150070,1690
ML-DSA,sign,44,109028,1691
ML-DSA,sign,44,108975,1692
ML-DSA,sign,44,265188,1693
ML-DSA,sign,44,80158,1694
ML-DSA,sign,44,178726,1695
ML-DSA,sign,44,80164,1696
ML-DSA,sign,44,80164,1697
ML-DSA,sign,44,108906,1698
ML-DSA,sign,44,248722,1699
ML-DSA,sign,44,404719,1700
ML-DSA,sign,44,207645,1701
ML-DSA,sign,44,207628,1702
ML-DSA,sign,44,380414,1703
ML-DSA,sign,44,201496,1704
ML-DSA,sign,44,143852,1705
ML-DSA,sign,44,108930,1706
ML-DSA,sign,44,108999,1707
ML-DSA,sign,44,184995,1708
ML-DSA,sign,44,108945,1709
ML-DSA,sign,44,207637,1710
ML-DSA,sign,44,115158,1711
ML-DSA,sign,44,143892,1712
ML-DSA,sign,44,421512,1713
ML-DSA,sign,44,109022,1714
ML-DSA,sign,44,172790,1715
ML-DSA,sign,44,861095,1716
ML-DSA,sign,44,178750,1717
ML-DSA,sign,44,115081,1718
ML-DSA,sign,44,80206,1719
ML-DSA,sign,44,271426,1720
ML-DSA,sign,44,115153,1721
ML-DSA,sign,44,468542,1722
ML-DSA,sign,44,172738,1723
ML-DSA,sign,44,554871,1724
ML-DSA,sign,44,108996,1725
ML-DSA,sign,44,404801,1726
ML-DSA,sign,44,328786,1727
ML-DSA,sign,44,80150,1728
ML-DSA,sign,44,368194,1729
ML-DSA,sign,44,184953,1730
ML-DSA,sign,44,80227,1731
ML-DSA,sign,44,166613,1732
ML-DSA,sign,44,577527,1733
ML-DSA,sign,44,80221,1734
ML-DSA,sign,44,80175,1735
ML-DSA,sign,44,143956,1736
ML-DSA,sign,44,328953,1737
ML-DSA,sign,44,80153,1738
ML-DSA,sign,44,80176,1739
ML-DSA,sign,44,80162,1740
ML-DSA,sign,44,80153,1741
ML-DSA,sign,44,80182,1742
ML-DSA,sign,44,172663,1743
ML-DSA,sign,44,318572,1744
ML-DSA,sign,44,166621,1745
ML-DSA,sign,44,80200,1746
ML-DSA,sign,44,178738,1747
ML-DSA,sign,44,80233,1748
ML-DSA,sign,44,236310,1749
ML-DSA,sign,44,108970,1750
ML-DSA,sign,44,137706,1751
ML-DSA,sign,44,201525,1752
ML-DSA,sign,44,312183,1753
ML-DSA,sign,44,137746,1754
ML-DSA,sign,44,143986,1755
ML-DSA,sign,44,201372,1756
ML-DSA,sign,44,115115,1757
ML-DSA,sign,44,491093,1758
ML-DSA,sign,44,80223,1759
ML-DSA,sign,44,80177,1760
ML-DSA,sign,44,207616,1761
ML-DSA,sign,44,115115,1762
ML-DSA,sign,44,201451,1763
ML-DSA,sign,44,855003,1764
ML-DSA,sign,44,178755,1765
ML-DSA,sign,44,415357,1766
ML-DSA,sign,44,143877,1767
ML-DSA,sign,44,353367,1768
ML-DSA,sign,44,80161,1769
ML-DSA,sign,44,115053,1770
ML-DSA,sign,44,230408,1771
ML-DSA,sign,44,265141,1772
ML-DSA,sign,44,80179,1773
ML-DSA,sign,44,676088,1774
ML-DSA,sign,44,178787,1775
ML-DSA,sign,44,334933,1776
ML-DSA,sign,44,207514,1777
ML-DSA,sign,44,398677,1778
ML-DSA,sign,44,80203,1779
ML-DSA,sign,44,115208,1780
ML-DSA,sign,44,137856,1781
ML-DSA,sign,44,150039,1782
ML-DSA,sign,44,172606,1783
ML-DSA,sign,44,108993,1784
ML-DSA,sign,44,108966,1785
ML-DSA,sign,44,115139,1786
ML-DSA,sign,44,335168,1787
ML-DSA,sign,44,115118,1788
ML-DSA,sign,44,137766,1789
ML-DSA,sign,44,109070,1790
ML-DSA,sign,44,242454,1791
ML-DSA,sign,44,108964,1792
ML-DSA,sign,44,143787,1793
ML-DSA,sign,44,80212,1794
ML-DSA,sign,44,80181,1795
ML-DSA,sign,44,236374,1796
ML-DSA,sign,44,137745,1797
ML-DSA,sign,44,137745,1798
ML-DSA,sign,44,293942,1799
ML-DSA,sign,44,300161,1800
ML-DSA,sign,44,80154,1801
ML-DSA,sign,44,80148,1802
ML-DSA,sign,44,108972,1803
ML-DSA,sign,44,300131,1804
ML-DSA,sign,44,300044,1805
ML-DSA,sign,44,108987,1806
ML-DSA,sign,44,80212,1807
ML-DSA,sign,44,236396,1808
ML-DSA,sign,44,415394,1809
ML-DSA,sign,44,207645,1810
ML-DSA,sign,44,115118,1811
ML-DSA,sign,44,137834,1812
ML-DSA,sign,44,108943,1813
ML-DSA,sign,44,178844,1814
ML-DSA,sign,44,108926,1815
ML-DSA,sign,44,80146,1816
ML-DSA,sign,44,108958,1817
ML-DSA,sign,44,80206,1818
ML-DSA,sign,44,195299,1819
ML-DSA,sign,44,80148,1820
ML-DSA,sign,44,405380,1821
ML-DSA,sign,44,80166,1822
ML-DSA,sign,44,115142,1823
ML-DSA,sign,44,172620,1824
ML-DSA,sign,44,265224,1825
ML-DSA,sign,44,109023,1826
ML-DSA,sign,44,80144,1827
ML-DSA,sign,44,230282,1828
ML-DSA,sign,44,115127,1829
ML-DSA,sign,44,201516,1830
ML-DSA,sign,44,143892,1831
ML-DSA,sign,44,178858,1832
ML-DSA,sign,44,300221,1833
ML-DSA,sign,44,80188,1834
ML-DSA,sign,44,172768,1835
ML-DSA,sign,44,316769,1836
ML-DSA,sign,44,236353,1837
ML-DSA,sign,44,143826,1838
ML-DSA,sign,44,526117,1839
ML-DSA,sign,44,108949,1840
ML-DSA,sign,44,108965,1841
ML-DSA,sign,44,341172,1842
ML-DSA,sign,44,115164,1843
ML-DSA,sign,44,224291,1844
ML-DSA,sign,44,265230,1845
ML-DSA,sign,44,108995,1846
ML-DSA,sign,44,421266,1847
ML-DSA,sign,44,166654,1848
ML-DSA,sign,44,115041,1849
ML-DSA,sign,44,115154,1850
ML-DSA,sign,44,149967,1851
ML-DSA,sign,44,213672,1852
ML-DSA,sign,44,115112,1853
ML-DSA,sign,44,80169,1854
ML-DSA,sign,44,253103,1855
ML-DSA,sign,44,80160,1856
ML-DSA,sign,44,143982,1857
ML-DSA,sign,44,143965,1858
ML-DSA,sign,44,80171,1859
ML-DSA,sign,44,265253,1860
ML-DSA,sign,44,207598,1861
ML-DSA,sign,44,306175,1862
ML-DSA,sign,44,80195,1863
ML-DSA,sign,44,178764,1864
ML-DSA,sign,44,224124,1865
ML-DSA,sign,44,80170,1866
ML-DSA,sign,44,109040,1867
ML-DSA,sign,44,485068,1868
ML-DSA,sign,44,150031,1869
ML-DSA,sign,44,427504,1870
ML-DSA,sign,44,242546,1871
ML-DSA,sign,44,213655,1872
ML-DSA,sign,44,195415,1873
ML-DSA,sign,44,166522,1874
ML-DSA,sign,44,80166,1875
ML-DSA,sign,44,166589,1876
ML-DSA,sign,44,115026,1877
ML-DSA,sign,44,137854,1878
ML-DSA,sign,44,201482,1879
ML-DSA,sign,44,201493,1880
ML-DSA,sign,44,195215,1881
ML-DSA,sign,44,109023,1882
ML-DSA,sign,44,150000,1883
ML-DSA,sign,44,178815,1884
ML-DSA,sign,44,236457,1885
ML-DSA,sign,44,236372,1886
ML-DSA,sign,44,143883,1887
ML-DSA,sign,44,80177,1888
ML-DSA,sign,44,80222,1889
ML-DSA,sign,44,80178,1890
ML-DSA,sign,44,294106,1891
ML-DSA,sign,44,143999,1892
ML-DSA,sign,44,178795,1893
ML-DSA,sign,44,172673,1894
ML-DSA,sign,44,108951,1895
ML-DSA,sign,44,201508,1896
ML-DSA,sign,44,80174,1897
ML-DSA,sign,44,178747,1898
ML-DSA,sign,44,108931,1899
ML-DSA,sign,44,108965,1900
ML-DSA,sign,44,201612,1901
ML-DSA,sign,44,108975,1902
ML-DSA,sign,44,265185,1903
ML-DSA,sign,44,109050,1904
ML-DSA,sign,44,236446,1905
ML-DSA,sign,44,213681,1906
ML-DSA,sign,44,143869,1907
ML-DSA,sign,44,80212,1908
ML-DSA,sign,44,108999,1909
ML-DSA,sign,44,108968,1910
ML-DSA,sign,44,137819,1911
ML-DSA,sign,44,109053,1912
ML-DSA,sign,44,201569,1913
ML-DSA,sign,44,166685,1914
ML-DSA,sign,44,172773,1915
ML-DSA,sign,44,109068,1916
ML-DSA,sign,44,143861,1917
ML-DSA,sign,44,207705,1918
ML-DSA,sign,44,392782,1919
ML-DSA,sign,44,80236,1920
ML-DSA,sign,44,115124,1921
ML-DSA,sign,44,328867,1922
ML-DSA,sign,44,80175,1923
ML-DSA,sign,44,259061,1924
ML-DSA,sign,44,143836,1925
ML-DSA,sign,44,108992,1926
ML-DSA,sign,44,172729,1927
ML-DSA,sign,44,115048,1928
ML-DSA,sign,44,248544,1929
ML-DSA,sign,44,473046,1930
ML-DSA,sign,44,109057,1931
ML-DSA,sign,44,108993,1932
ML-DSA,sign,44,172736,1933
ML-DSA,sign,44,166521,1934
ML-DSA,sign,44,380348,1935
ML-DSA,sign,44,115069,1936
ML-DSA,sign,44,137928,1937
ML-DSA,sign,44,115071,1938
ML-DSA,sign,44,294003,1939
ML-DSA,sign,44,80209,1940
ML-DSA,sign,44,178846,1941
ML-DSA,sign,44,178855,1942
ML-DSA,sign,44,277447,1943
ML-DSA,sign,44,80188,1944
ML-DSA,sign,44,230253,1945
ML-DSA,sign,44,571220,1946
ML-DSA,sign,44,80169,1947
ML-DSA,sign,44,201576,1948
ML-DSA,sign,44,201522,1949
ML-DSA,sign,44,80218,1950
ML-DSA,sign,44,242449,1951
ML-DSA,sign,44,143881,1952
ML-DSA,sign,44,316650,1953
ML-DSA,sign,44,584204,1954
ML-DSA,sign,44,224071,1955
ML-DSA,sign,44,137800,1956
ML-DSA,sign,44,80182,1957
ML-DSA,sign,44,149983,1958
ML-DSA,sign,44,109062,1959
ML-DSA,sign,44,322871,1960
ML-DSA,sign,44,651711,1961
ML-DSA,sign,44,150002,1962
ML-DSA,sign,44,80246,1963
ML-DSA,sign,44,137778,1964
ML-DSA,sign,44,150163,1965
ML-DSA,sign,44,80125,1966
ML-DSA,sign,44,80243,1967
ML-DSA,sign,44,143857,1968
ML-DSA,sign,44,108943,1969
ML-DSA,sign,44,115130,1970
ML-DSA,sign,44,80220,1971
ML-DSA,sign,44,392575,1972
ML-DSA,sign,44,109001,1973
ML-DSA,sign,44,242646,1974
ML-DSA,sign,44,357656,1975
ML-DSA,sign,44,137838,1976
ML-DSA,sign,44,108950,1977
ML-DSA,sign,44,137818,1978
ML-DSA,sign,44,80225,1979
ML-DSA,sign,44,316765,1980
ML-DSA,sign,44,195435,1981
ML-DSA,sign,44,80135,1982
ML-DSA,sign,44,143900,1983
ML-DSA,sign,44,316844,1984
ML-DSA,sign,44,300197,1985
ML-DSA,sign,44,115067,1986
ML-DSA,sign,44,166655,1987
ML-DSA,sign,44,293940,1988
ML-DSA,sign,44,178850,1989
ML-DSA,sign,44,149965,1990
ML-DSA,sign,44,143973,1991
ML-DSA,sign,44,80194,1992
ML-DSA,sign,44,115122,1993
ML-DSA,sign,44,312277,1994
ML-DSA,sign,44,207662,1995
ML-DSA,sign,44,80126,1996
ML-DSA,sign,44,108952,1997
ML-DSA,sign,44,172710,1998
ML-DSA,sign,44,172653,1999
ML-DSA,sign,44,207631,2000
ML-DSA,sign,44,271222,2001
ML-DSA,sign,44,178821,2002
ML-DSA,sign,44,392558,2003
ML-DSA,sign,44,345289,2004
ML-DSA,sign,44,115164,2005
ML-DSA,sign,44,166516,2006
ML-DSA,sign,44,80166,2007
ML-DSA,sign,44,80178,2008
ML-DSA,sign,44,109051,2009
ML-DSA,sign,44,259126,2010
ML-DSA,sign,44,80210,2011
ML-DSA,sign,44,201472,2012
ML-DSA,sign,44,201396,2013
ML-DSA,sign,44,329094,2014
ML-DSA,sign,44,369881,2015
ML-DSA,sign,44,259123,2016
ML-DSA,sign,44,137721,2017
ML-DSA,sign,44,143813,2018
ML-DSA,sign,44,80208,2019
ML-DSA,sign,44,300244,2020
ML-DSA,sign,44,143832,2021
ML-DSA,sign,44,115123,2022
ML-DSA,sign,44,108981,2023
ML-DSA,sign,44,108968,2024
ML-DSA,sign,44,115091,2025
ML-DSA,sign,44,290056,2026
ML-DSA,sign,44,265157,2027
ML-DSA,sign,44,207651,2028
ML-DSA,sign,44,143818,2029
ML-DSA,sign,44,80190,2030
ML-DSA,sign,44,80200,2031
ML-DSA,sign,44,143907,2032
ML-DSA,sign,44,265116,2033
ML-DSA,sign,44,80252,2034
ML-DSA,sign,44,115146,2035
ML-DSA,sign,44,80181,2036
ML-DSA,sign,44,108952,2037
ML-DSA,sign,44,172780,2038
ML-DSA,sign,44,143960,2039
ML-DSA,sign,44,109064,2040
ML-DSA,sign,44,80187,2041
ML-DSA,sign,44,213694,2042
ML-DSA,sign,44,109002,2043
ML-DSA,sign,44,115195,2044
ML-DSA,sign,44,80225,2045
ML-DSA,sign,44,277503,2046
ML-DSA,sign,44,318410,2047
ML-DSA,sign,44,80160,2048
ML-DSA,sign,44,108958,2049
ML-DSA,sign,44,80144,2050
ML-DSA,sign,44,230220,2051
ML-DSA,sign,44,178847,2052
ML-DSA,sign,44,137854,2053
ML-DSA,sign,44,172769,2054
ML-DSA,sign,44,115159,2055
ML-DSA,sign,44,219906,2056
ML-DSA,sign,44,80226,2057
ML-DSA,sign,44,80196,2058
ML-DSA,sign,44,271309,2059
ML-DSA,sign,44,80206,2060
ML-DSA,sign,44,80185,2061
ML-DSA,sign,44,143984,2062
ML-DSA,sign,44,300037,2063
ML-DSA,sign,44,172714,2064
ML-DSA,sign,44,207603,2065
ML-DSA,sign,44,172681,2066
ML-DSA,sign,44,143859,2067
ML-DSA,sign,44,172642,2068
ML-DSA,sign,44,201543,2069
ML-DSA,sign,44,137873,2070
ML-DSA,sign,44,242472,2071
ML-DSA,sign,44,137832,2072
ML-DSA,sign,44,357694,2073
ML-DSA,sign,44,328805,2074
ML-DSA,sign,44,108996,2075
ML-DSA,sign,44,178814,2076
ML-DSA,sign,44,277431,2077
ML-DSA,sign,44,80147,2078
ML-DSA,sign,44,439784,2079
ML-DSA,sign,44,248611,2080
ML-DSA,sign,44,213649,2081
ML-DSA,sign,44,242580,2082
ML-DSA,sign,44,143894,2083
ML-DSA,sign,44,242538,2084
ML-DSA,sign,44,137806,2085
ML-DSA,sign,44,293848,2086
ML-DSA,sign,44,328778,2087
ML-DSA,sign,44,80195,2088
ML-DSA,sign,44,115137,2089
ML-DSA,sign,44,248604,2090
ML-DSA,sign,44,137843,2091
ML-DSA,sign,44,80216,2092
ML-DSA,sign,44,363733,2093
ML-DSA,sign,44,376062,2094
ML-DSA,sign,44,265179,2095
ML-DSA,sign,44,281644,2096
ML-DSA,sign,44,283472,2097
ML-DSA,sign,44,277374,2098
ML-DSA,sign,44,415237,2099
ML-DSA,sign,44,80165,2100
ML-DSA,sign,44,236451,2101
ML-DSA,sign,44,143978,2102
ML-DSA,sign,44,335014,2103
ML-DSA,sign,44,322706,2104
ML-DSA,sign,44,80205,2105
ML-DSA,sign,44,195419,2106
ML-DSA,sign,44,115118,2107
ML-DSA,sign,44,109006,2108
ML-DSA,sign,44,501707,2109
ML-DSA,sign,44,143928,2110
ML-DSA,sign,44,236285,2111
ML-DSA,sign,44,179227,2112
ML-DSA,sign,44,108965,2113
ML-DSA,sign,44,80145,2114
ML-DSA,sign,44,149975,2115
ML-DSA,sign,44,143923,2116
ML-DSA,sign,44,201505,2117
ML-DSA,sign,44,80184,2118
ML-DSA,sign,44,236348,2119
ML-DSA,sign,44,357805,2120
ML-DSA,sign,44,115111,2121
ML-DSA,sign,44,108929,2122
ML-DSA,sign,44,80192,2123
ML-DSA,sign,44,322811,2124
ML-DSA,sign,44,172637,2125
ML-DSA,sign,44,335129,2126
ML-DSA,sign,44,115073,2127
ML-DSA,sign,44,306261,2128
ML-DSA,sign,44,109022,2129
ML-DSA,sign,44,178783,2130
ML-DSA,sign,44,149912,2131
ML-DSA,sign,44,80168,2132
ML-DSA,sign,44,236490,2133
ML-DSA,sign,44,351717,2134
ML-DSA,sign,44,80174,2135
ML-DSA,sign,44,80143,2136
ML-DSA,sign,44,143870,2137
ML-DSA,sign,44,115053,2138
ML-DSA,sign,44,178803,2139
ML-DSA,sign,44,108918,2140
ML-DSA,sign,44,143883,2141
ML-DSA,sign,44,294022,2142
ML-DSA,sign,44,219751,2143
ML-DSA,sign,44,207631,2144
ML-DSA,sign,44,207499,2145
ML-DSA,sign,44,271148,2146
ML-DSA,sign,44,115088,2147
ML-DSA,sign,44,80188,2148
ML-DSA,sign,44,184855,2149
ML-DSA,sign,44,80250,2150
ML-DSA,sign,44,108953,2151
ML-DSA,sign,44,201539,2152
ML-DSA,sign,44,80207,2153
ML-DSA,sign,44,115089,2154
ML-DSA,sign,44,80150,2155
ML-DSA,sign,44,201586,2156
ML-DSA,sign,44,172763,2157
ML-DSA,sign,44,80230,2158
ML-DSA,sign,44,80208,2159
ML-DSA,sign,44,109056,2160
ML-DSA,sign,44,271373,2161
ML-DSA,sign,44,80143,2162
ML-DSA,sign,44,369905,2163
ML-DSA,sign,44,137714,2164
ML-DSA,sign,44,115139,2165
ML-DSA,sign,44,80174,2166
ML-DSA,sign,44,143887,2167
ML-DSA,sign,44,328984,2168
ML-DSA,sign,44,236447,2169
ML-DSA,sign,44,80226,2170
ML-DSA,sign,44,143973,2171
ML-DSA,sign,44,80153,2172
ML-DSA,sign,44,80215,2173
ML-DSA,sign,44,137793,2174
ML-DSA,sign,44,80153,2175
ML-DSA,sign,44,507728,2176
ML-DSA,sign,44,80179,2177
ML-DSA,sign,44,80160,2178
ML-DSA,sign,44,213787,2179
ML-DSA,sign,44,265174,2180
ML-DSA,sign,44,166603,2181
ML-DSA,sign,44,259002,2182
ML-DSA,sign,44,213665,2183
ML-DSA,sign,44,450075,2184
ML-DSA,sign,44,293822,2185
ML-DSA,sign,44,404786,2186
ML-DSA,sign,44,236289,2187
ML-DSA,sign,44,207566,2188
ML-DSA,sign,44,462375,2189
ML-DSA,sign,44,335114,2190
ML-DSA,sign,44,172795,2191
ML-DSA,sign,44,80212,2192
ML-DSA,sign,44,236307,2193
ML-DSA,sign,44,80202,2194
ML-DSA,sign,44,80144,2195
ML-DSA,sign,44,178827,2196
ML-DSA,sign,44,80204,2197
ML-DSA,sign,44,115077,2198
ML-DSA,sign,44,201455,2199
ML-DSA,sign,44,80209,2200
ML-DSA,sign,44,80154,2201
ML-DSA,sign,44,386359,2202
ML-DSA,sign,44,172756,2203
ML-DSA,sign,44,224250,2204
ML-DSA,sign,44,172785,2205
ML-DSA,sign,44,115111,2206
ML-DSA,sign,44,80227,2207
ML-DSA,sign,44,172733,2208
ML-DSA,sign,44,80203,2209
ML-DSA,sign,44,115130,2210
ML-DSA,sign,44,178753,2211
ML-DSA,sign,44,108931,2212
ML-DSA,sign,44,143900,2213
ML-DSA,sign,44,143877,2214
ML-DSA,sign,44,265127,2215
ML-DSA,sign,44,178913,2216
ML-DSA,sign,44,172599,2217
ML-DSA,sign,44,115171,2218
ML-DSA,sign,44,80151,2219
ML-DSA,sign,44,322840,2220
ML-DSA,sign,44,143893,2221
ML-DSA,sign,44,80249,2222
ML-DSA,sign,44,143930,2223
ML-DSA,sign,44,335017,2224
ML-DSA,sign,44,178750,2225
ML-DSA,sign,44,137812,2226
ML-DSA,sign,44,80233,2227
ML-DSA,sign,44,178810,2228
ML-DSA,sign,44,80158,2229
ML-DSA,sign,44,172728,2230
ML-DSA,sign,44,184882,2231
ML-DSA,sign,44,236387,2232
ML-DSA,sign,44,80257,2233
ML-DSA,sign,44,207574,2234
ML-DSA,sign,44,242431,2235
ML-DSA,sign,44,115144,2236
ML-DSA,sign,44,236416,2237
ML-DSA,sign,44,300101,2238
ML-DSA,sign,44,172771,2239
ML-DSA,sign,44,143862,2240
ML-DSA,sign,44,184831,2241
ML-DSA,sign,44,80193,2242
ML-DSA,sign,44,178812,2243
ML-DSA,sign,44,335043,2244
ML-DSA,sign,44,80172,2245
ML-DSA,sign,44,242711,2246
ML-DSA,sign,44,80153,2247
ML-DSA,sign,44,80174,2248
ML-DSA,sign,44,201358,2249
ML-DSA,sign,44,80191,2250
ML-DSA,sign,44,115075,2251
ML-DSA,sign,44,108988,2252
ML-DSA,sign,44,109021,2253
ML-DSA,sign,44,265217,2254
ML-DSA,sign,44,363846,2255
ML-DSA,sign,44,150049,2256
ML-DSA,sign,44,108980,2257
ML-DSA,sign,44,328963,2258
ML-DSA,sign,44,376011,2259
ML-DSA,sign,44,444100,2260
ML-DSA,sign,44,80159,2261
ML-DSA,sign,44,172682,2262
ML-DSA,sign,44,172775,2263
ML-DSA,sign,44,474579,2264
ML-DSA,sign,44,80162,2265
ML-DSA,sign,44,248592,2266
ML-DSA,sign,44,166549,2267
ML-DSA,sign,44,115133,2268
ML-DSA,sign,44,143900,2269
ML-DSA,sign,44,207526,2270
ML-DSA,sign,44,172737,2271
ML-DSA,sign,44,184906,2272
ML-DSA,sign,44,80197,2273
ML-DSA,sign,44,166565,2274
ML-DSA,sign,44,137747,2275
ML-DSA,sign,44,80181,2276
ML-DSA,sign,44,287859,2277
ML-DSA,sign,44,172742,2278
ML-DSA,sign,44,172640,2279
ML-DSA,sign,44,236366,2280
ML-DSA,sign,44,80194,2281
ML-DSA,sign,44,143962,2282
ML-DSA,sign,44,108920,2283
ML-DSA,sign,44,259055,2284
ML-DSA,sign,44,80157,2285
ML-DSA,sign,44,375807,2286
ML-DSA,sign,44,357742,2287
ML-DSA,sign,44,150048,2288
ML-DSA,sign,44,207621,2289
ML-DSA,sign,44,109064,2290
ML-DSA,sign,44,259085,2291
ML-DSA,sign,44,392584,2292
ML-DSA,sign,44,80201,2293
ML-DSA,sign,44,265162,2294
ML-DSA,sign,44,213689,2295
ML-DSA,sign,44,80171,2296
ML-DSA,sign,44,318221,2297
ML-DSA,sign,44,207643,2298
ML-DSA,sign,44,109001,2299
ML-DSA,sign,44,80188,2300
ML-DSA,sign,44,115045,2301
ML-DSA,sign,44,115035,2302
ML-DSA,sign,44,115105,2303
ML-DSA,sign,44,80167,2304
ML-DSA,sign,44,109039,2305
ML-DSA,sign,44,236394,2306
ML-DSA,sign,44,213756,2307
ML-DSA,sign,44,328949,2308
ML-DSA,sign,44,80252,2309
ML-DSA,sign,44,115064,2310
ML-DSA,sign,44,108979,2311
ML-DSA,sign,44,172795,2312
ML-DSA,sign,44,108975,2313
ML-DSA,sign,44,172732,2314
ML-DSA,sign,44,265201,2315
ML-DSA,sign,44,80201,2316
ML-DSA,sign,44,80206,2317
ML-DSA,sign,44,115057,2318
ML-DSA,sign,44,137868,2319
ML-DSA,sign,44,80229,2320
ML-DSA,sign,44,207595,2321
ML-DSA,sign,44,115124,2322
ML-DSA,sign,44,271289,2323
ML-DSA,sign,44,166589,2324
ML-DSA,sign,44,115083,2325
ML-DSA,sign,44,213726,2326
ML-DSA,sign,44,357842,2327
ML-DSA,sign,44,178801,2328
ML-DSA,sign,44,172827,2329
ML-DSA,sign,44,357709,2330
ML-DSA,sign,44,143873,2331
ML-DSA,sign,44,409286,2332
ML-DSA,sign,44,80187,2333
ML-DSA,sign,44,115097,2334
ML-DSA,sign,44,80175,2335
ML-DSA,sign,44,456288,2336
ML-DSA,sign,44,115068,2337
ML-DSA,sign,44,236373,2338
ML-DSA,sign,44,287930,2339
ML-DSA,sign,44,115083,2340
ML-DSA,sign,44,137739,2341
ML-DSA,sign,44,201547,2342
ML-DSA,sign,44,115070,2343
ML-DSA,sign,44,80192,2344
ML-DSA,sign,44,526255,2345
ML-DSA,sign,44,150030,2346
ML-DSA,sign,44,80148,2347
ML-DSA,sign,44,80227,2348
ML-DSA,sign,44,108999,2349
ML-DSA,sign,44,137825,2350
ML-DSA,sign,44,115179,2351
ML-DSA,sign,44,293905,2352
ML-DSA,sign,44,415397,2353
ML-DSA,sign,44,80223,2354
ML-DSA,sign,44,172753,2355
ML-DSA,sign,44,201528,2356
ML-DSA,sign,44,115084,2357
ML-DSA,sign,44,115148,2358
ML-DSA,sign,44,80219,2359
ML-DSA,sign,44,80234,2360
ML-DSA,sign,44,137816,2361
ML-DSA,sign,44,80172,2362
ML-DSA,sign,44,392643,2363
ML-DSA,sign,44,143893,2364
ML-DSA,sign,44,201521,2365
ML-DSA,sign,44,294067,2366
ML-DSA,sign,44,143866,2367
ML-DSA,sign,44,80175,2368
ML-DSA,sign,44,172739,2369
ML-DSA,sign,44,277341,2370
ML-DSA,sign,44,108981,2371
ML-DSA,sign,44,172637,2372
ML-DSA,sign,44,207531,2373
ML-DSA,sign,44,166616,2374
ML-DSA,sign,44,172679,2375
ML-DSA,sign,44,109000,2376
ML-DSA,sign,44,80201,2377
ML-DSA,sign,44,80233,2378
ML-DSA,sign,44,306292,2379
ML-DSA,sign,44,201509,2380
ML-DSA,sign,44,178854,2381
ML-DSA,sign,44,115192,2382
ML-DSA,sign,44,172772,2383
ML-DSA,sign,44,80168,2384
ML-DSA,sign,44,143902,2385
ML-DSA,sign,44,201391,2386
ML-DSA,sign,44,109017,2387
ML-DSA,sign,44,115145,2388
ML-DSA,sign,44,421428,2389
ML-DSA,sign,44,150058,2390
ML-DSA,sign,44,149952,2391
ML-DSA,sign,44,242507,2392
ML-DSA,sign,44,213829,2393
ML-DSA,sign,44,271323,2394
ML-DSA,sign,44,236503,2395
ML-DSA,sign,44,143864,2396
ML-DSA,sign,44,80174,2397
ML-DSA,sign,44,178811,2398
ML-DSA,sign,44,109054,2399
ML-DSA,sign,44,80238,2400
ML-DSA,sign,44,573180,2401
ML-DSA,sign,44,80150,2402
ML-DSA,sign,44,137726,2403
ML-DSA,sign,44,108978,2404
ML-DSA,sign,44,230357,2405
ML-DSA,sign,44,80186,2406
ML-DSA,sign,44,265199,2407
ML-DSA,sign,44,80221,2408
ML-DSA,sign,44,207627,2409
ML-DSA,sign,44,115060,2410
ML-DSA,sign,44,386448,2411
ML-DSA,sign,44,137790,2412
ML-DSA,sign,44,80175,2413
ML-DSA,sign,44,137756,2414
ML-DSA,sign,44,143816,2415
ML-DSA,sign,44,80190,2416
ML-DSA,sign,44,143937,2417
ML-DSA,sign,44,143927,2418
ML-DSA,sign,44,80166,2419
ML-DSA,sign,44,108980,2420
ML-DSA,sign,44,115138,2421
ML-DSA,sign,44,207549,2422
ML-DSA,sign,44,283562,2423
ML-DSA,sign,44,166667,2424
ML-DSA,sign,44,375987,2425
ML-DSA,sign,44,172749,2426
ML-DSA,sign,44,80159,2427
ML-DSA,sign,44,80203,2428
ML-DSA,sign,44,224148,2429
ML-DSA,sign,44,184839,2430
ML-DSA,sign,44,328866,2431
ML-DSA,sign,44,109064,2432
ML-DSA,sign,44,108972,2433
ML-DSA,sign,44,300089,2434
ML-DSA,sign,44,178697,2435
ML-DSA,sign,44,80200,2436
ML-DSA,sign,44,230261,2437
ML-DSA,sign,44,213681,2438
ML-DSA,sign,44,242517,2439
ML-DSA,sign,44,242486,2440
ML-DSA,sign,44,137858,2441
ML-DSA,sign,44,676236,2442
ML-DSA,sign,44,80190,2443
ML-DSA,sign,44,108989,2444
ML-DSA,sign,44,80240,2445
ML-DSA,sign,44,143913,2446
ML-DSA,sign,44,80216,2447
ML-DSA,sign,44,172762,2448
ML-DSA,sign,44,310531,2449
ML-DSA,sign,44,236494,2450
ML-DSA,sign,44,172763,2451
ML-DSA,sign,44,80264,2452
ML-DSA,sign,44,265117,2453
ML-DSA,sign,44,178780,2454
ML-DSA,sign,44,293976,2455
ML-DSA,sign,44,108955,2456
ML-DSA,sign,44,207515,2457
ML-DSA,sign,44,143816,2458
ML-DSA,sign,44,115141,2459
ML-DSA,sign,44,108973,2460
ML-DSA,sign,44,115099,2461
ML-DSA,sign,44,236356,2462
ML-DSA,sign,44,705175,2463
ML-DSA,sign,44,109006,2464
ML-DSA,sign,44,80210,2465
ML-DSA,sign,44,108927,2466
ML-DSA,sign,44,213624,2467
ML-DSA,sign,44,137713,2468
ML-DSA,sign,44,109018,2469
ML-DSA,sign,44,80200,2470
ML-DSA,sign,44,172744,2471
ML-DSA,sign,44,259118,2472
ML-DSA,sign,44,195404,2473
ML-DSA,sign,44,108959,2474
ML-DSA,sign,44,300154,2475
ML-DSA,sign,44,80184,2476
ML-DSA,sign,44,207557,2477
ML-DSA,sign,44,115081,2478
ML-DSA,sign,44,109026,2479
ML-DSA,sign,44,115102,2480
ML-DSA,sign,44,80166,2481
ML-DSA,sign,44,242524,2482
ML-DSA,sign,44,565290,2483
ML-DSA,sign,44,143888,2484
ML-DSA,sign,44,277496,2485
ML-DSA,sign,44,80245,2486
ML-DSA,sign,44,115094,2487
ML-DSA,sign,44,115061,2488
ML-DSA,sign,44,109023,2489
ML-DSA,sign,44,322798,2490
ML-DSA,sign,44,109009,2491
ML-DSA,sign,44,230313,2492
ML-DSA,sign,44,277471,2493
ML-DSA,sign,44,322684,2494
ML-DSA,sign,44,380441,2495
ML-DSA,sign,44,172714,2496
ML-DSA,sign,44,108958,2497
ML-DSA,sign,44,271355,2498
ML-DSA,sign,44,277335,2499
ML-DSA,sign,44,143934,2500
ML-DSA,sign,44,80253,2501
ML-DSA,sign,44,108984,2502
ML-DSA,sign,44,316630,2503
ML-DSA,sign,44,150078,2504
ML-DSA,sign,44,80173,2505
ML-DSA,sign,44,322986,2506
ML-DSA,sign,44,248638,2507
ML-DSA,sign,44,143905,2508
ML-DSA,sign,44,491207,2509
ML-DSA,sign,44,80179,2510
ML-DSA,sign,44,80170,2511
ML-DSA,sign,44,80165,2512
ML-DSA,sign,44,80150,2513
ML-DSA,sign,44,143895,2514
ML-DSA,sign,44,80214,2515
ML-DSA,sign,44,178714,2516
ML-DSA,sign,44,109014,2517
ML-DSA,sign,44,386458,2518
ML-DSA,sign,44,201488,2519
ML-DSA,sign,44,277360,2520
ML-DSA,sign,44,109002,2521
ML-DSA,sign,44,172619,2522
ML-DSA,sign,44,108994,2523
ML-DSA,sign,44,115084,2524
ML-DSA,sign,44,80192,2525
ML-DSA,sign,44,172717,2526
ML-DSA,sign,44,80132,2527
ML-DSA,sign,44,108934,2528
ML-DSA,sign,44,109004,2529
ML-DSA,sign,44,80197,2530
ML-DSA,sign,44,474530,2531
ML-DSA,sign,44,172749,2532
ML-DSA,sign,44,150039,2533
ML-DSA,sign,44,109006,2534
ML-DSA,sign,44,649032,2535
ML-DSA,sign,44,513843,2536
ML-DSA,sign,44,478938,2537
ML-DSA,sign,44,80191,2538
ML-DSA,sign,44,115117,2539
ML-DSA,sign,44,300117,2540
ML-DSA,sign,44,80152,2541
ML-DSA,sign,44,80215,2542
ML-DSA,sign,44,201428,2543
ML-DSA,sign,44,433492,2544
ML-DSA,sign,44,143908,2545
ML-DSA,sign,44,150047,2546
ML-DSA,sign,44,143972,2547
ML-DSA,sign,44,195394,2548
ML-DSA,sign,44,80141,2549
ML-DSA,sign,44,115078,2550
ML-DSA,sign,44,230450,2551
ML-DSA,sign,44,109027,2552
ML-DSA,sign,44,109052,2553
ML-DSA,sign,44,265094,2554
ML-DSA,sign,44,137731,2555
ML-DSA,sign,44,166646,2556
ML-DSA,sign,44,265213,2557
ML-DSA,sign,44,166676,2558
ML-DSA,sign,44,166508,2559
ML-DSA,sign,44,109065,2560
ML-DSA,sign,44,80157,2561
ML-DSA,sign,44,109028,2562
ML-DSA,sign,44,108937,2563
ML-DSA,sign,44,195358,2564
ML-DSA,sign,44,242652,2565
ML-DSA,sign,44,80184,2566
ML-DSA,sign,44,137836,2567
ML-DSA,sign,44,80166,2568
ML-DSA,sign,44,115146,2569
ML-DSA,sign,44,108973,2570
ML-DSA,sign,44,201417,2571
ML-DSA,sign,44,115047,2572
ML-DSA,sign,44,115069,2573
ML-DSA,sign,44,80225,2574
ML-DSA,sign,44,542677,2575
ML-DSA,sign,44,149977,2576
ML-DSA,sign,44,172735,2577
ML-DSA,sign,44,109059,2578
ML-DSA,sign,44,143811,2579
ML-DSA,sign,44,143851,2580
ML-DSA,sign,44,213712,2581
ML-DSA,sign,44,80156,2582
ML-DSA,sign,44,109005,2583
ML-DSA,sign,44,166662,2584
ML-DSA,sign,44,201619,2585
ML-DSA,sign,44,178847,2586
ML-DSA,sign,44,80174,2587
ML-DSA,sign,44,271311,2588
ML-DSA,sign,44,80156,2589
ML-DSA,sign,44,115108,2590
ML-DSA,sign,44,80199,2591
ML-DSA,sign,44,271248,2592
ML-DSA,sign,44,108970,2593
ML-DSA,sign,44,115080,2594
ML-DSA,sign,44,80177,2595
ML-DSA,sign,44,433584,2596
ML-DSA,sign,44,172730,2597
ML-DSA,sign,44,236503,2598
ML-DSA,sign,44,137884,2599
ML-DSA,sign,44,109032,2600
ML-DSA,sign,44,178874,2601
ML-DSA,sign,44,80200,2602
ML-DSA,sign,44,109005,2603
ML-DSA,sign,44,236369,2604
ML-DSA,sign,44,80188,2605
ML-DSA,sign,44,80154,2606
ML-DSA,sign,44,143915,2607
ML-DSA,sign,44,109005,2608
ML-DSA,sign,44,108932,2609
ML-DSA,sign,44,306247,2610
ML-DSA,sign,44,201442,2611
ML-DSA,sign,44,109049,2612
ML-DSA,sign,44,80217,2613
ML-DSA,sign,44,150013,2614
ML-DSA,sign,44,172765,2615
ML-DSA,sign,44,143859,2616
ML-DSA,sign,44,172682,2617
ML-DSA,sign,44,178899,2618
ML-DSA,sign,44,166611,2619
ML-DSA,sign,44,109002,2620
ML-DSA,sign,44,80171,2621
ML-DSA,sign,44,491274,2622
ML-DSA,sign,44,137779,2623
ML-DSA,sign,44,80162,2624
ML-DSA,sign,44,137793,2625
ML-DSA,sign,44,328836,2626
ML-DSA,sign,44,108976,2627
ML-DSA,sign,44,109052,2628
ML-DSA,sign,44,322709,2629
ML-DSA,sign,44,143890,2630
ML-DSA,sign,44,421188,2631
ML-DSA,sign,44,172654,2632
ML-DSA,sign,44,207638,2633
ML-DSA,sign,44,137682,2634
ML-DSA,sign,44,201401,2635
ML-DSA,sign,44,80194,2636
ML-DSA,sign,44,80154,2637
ML-DSA,sign,44,468956,2638
ML-DSA,sign,44,688408,2639
ML-DSA,sign,44,109012,2640
ML-DSA,sign,44,201538,2641
ML-DSA,sign,44,80174,2642
ML-DSA,sign,44,526108,2643
ML-DSA,sign,44,80164,2644
ML-DSA,sign,44,271321,2645
ML-DSA,sign,44,80191,2646
ML-DSA,sign,44,80143,2647
ML-DSA,sign,44,166470,2648
ML-DSA,sign,44,137823,2649
ML-DSA,sign,44,80174,2650
ML-DSA,sign,44,109068,2651
ML-DSA,sign,44,201490,2652
ML-DSA,sign,44,80160,2653
ML-DSA,sign,44,80207,2654
ML-DSA,sign,44,80209,2655
ML-DSA,sign,44,166666,2656
ML-DSA,sign,44,115072,2657
ML-DSA,sign,44,115064,2658
ML-DSA,sign,44,80224,2659
ML-DSA,sign,44,265148,2660
ML-DSA,sign,44,108928,2661
ML-DSA,sign,44,207653,2662
ML-DSA,sign,44,249094,2663
ML-DSA,sign,44,254723,2664
ML-DSA,sign,44,143949,2665
ML-DSA,sign,44,409207,2666
ML-DSA,sign,44,115084,2667
ML-DSA,sign,44,542691,2668
ML-DSA,sign,44,137813,2669
ML-DSA,sign,44,380170,2670
ML-DSA,sign,44,80179,2671
ML-DSA,sign,44,328904,2672
ML-DSA,sign,44,80199,2673
ML-DSA,sign,44,80186,2674
ML-DSA,sign,44,519871,2675
ML-DSA,sign,44,115043,2676
ML-DSA,sign,44,137776,2677
ML-DSA,sign,44,80197,2678
ML-DSA,sign,44,109075,2679
ML-DSA,sign,44,306252,2680
ML-DSA,sign,44,80153,2681
ML-DSA,sign,44,108976,2682
ML-DSA,sign,44,115101,2683
ML-DSA,sign,44,242459,2684
ML-DSA,sign,44,242499,2685
ML-DSA,sign,44,265269,2686
ML-DSA,sign,44,172681,2687
ML-DSA,sign,44,143859,2688
ML-DSA,sign,44,80150,2689
ML-DSA,sign,44,108994,2690
ML-DSA,sign,44,108972,2691
ML-DSA,sign,44,137928,2692
ML-DSA,sign,44,277373,2693
ML-DSA,sign,44,80228,2694
ML-DSA,sign,44,201485,2695
ML-DSA,sign,44,242446,2696
ML-DSA,sign,44,172779,2697
ML-DSA,sign,44,80199,2698
ML-DSA,sign,44,80165,2699
ML-DSA,sign,44,80203,2700
ML-DSA,sign,44,115110,2701
ML-DSA,sign,44,80174,2702
ML-DSA,sign,44,150012,2703
ML-DSA,sign,44,108994,2704
ML-DSA,sign,44,172626,2705
ML-DSA,sign,44,109011,2706
ML-DSA,sign,44,137731,2707
ML-DSA,sign,44,80142,2708
ML-DSA,sign,44,80227,2709
ML-DSA,sign,44,108994,2710
ML-DSA,sign,44,80152,2711
ML-DSA,sign,44,137873,2712
ML-DSA,sign,44,166608,2713
ML-DSA,sign,44,207960,2714
ML-DSA,sign,44,143961,2715
ML-DSA,sign,44,115145,2716
ML-DSA,sign,44,583579,2717
ML-DSA,sign,44,80173,2718
ML-DSA,sign,44,201480,2719
ML-DSA,sign,44,80196,2720
ML-DSA,sign,44,109003,2721
ML-DSA,sign,44,178777,2722
ML-DSA,sign,44,392546,2723
ML-DSA,sign,44,328965,2724
ML-DSA,sign,44,80176,2725
ML-DSA,sign,44,80183,2726
ML-DSA,sign,44,80220,2727
ML-DSA,sign,44,80218,2728
ML-DSA,sign,44,80167,2729
ML-DSA,sign,44,80167,2730
ML-DSA,sign,44,80183,2731
ML-DSA,sign,44,149923,2732
ML-DSA,sign,44,207503,2733
ML-DSA,sign,44,265238,2734
ML-DSA,sign,44,80201,2735
ML-DSA,sign,44,80203,2736
ML-DSA,sign,44,230346,2737
ML-DSA,sign,44,80172,2738
ML-DSA,sign,44,80256,2739
ML-DSA,sign,44,109003,2740
ML-DSA,sign,44,485160,2741
ML-DSA,sign,44,201467,2742
ML-DSA,sign,44,207582,2743
ML-DSA,sign,44,115056,2744
ML-DSA,sign,44,143923,2745
ML-DSA,sign,44,201411,2746
ML-DSA,sign,44,115075,2747
ML-DSA,sign,44,143820,2748
ML-DSA,sign,44,374286,2749
ML-DSA,sign,44,207741,2750
ML-DSA,sign,44,80184,2751
ML-DSA,sign,44,80241,2752
ML-DSA,sign,44,115108,2753
ML-DSA,sign,44,143939,2754
ML-DSA,sign,44,115140,2755
ML-DSA,sign,44,80160,2756
ML-DSA,sign,44,80187,2757
ML-DSA,sign,44,137788,2758
ML-DSA,sign,44,143862,2759
ML-DSA,sign,44,137774,2760
ML-DSA,sign,44,80195,2761
ML-DSA,sign,44,178751,2762
ML-DSA,sign,44,108993,2763
ML-DSA,sign,44,184942,2764
ML-DSA,sign,44,80144,2765
ML-DSA,sign,44,115123,2766
ML-DSA,sign,44,80189,2767
ML-DSA,sign,44,115175,2768
ML-DSA,sign,44,213672,2769
ML-DSA,sign,44,80160,2770
ML-DSA,sign,44,322833,2771
ML-DSA,sign,44,80154,2772
ML-DSA,sign,44,450257,2773
ML-DSA,sign,44,80156,2774
ML-DSA,sign,44,115080,2775
ML-DSA,sign,44,80187,2776
ML-DSA,sign,44,149959,2777
ML-DSA,sign,44,294093,2778
ML-DSA,sign,44,115132,2779
ML-DSA,sign,44,80167,2780
ML-DSA,sign,44,277478,2781
ML-DSA,sign,44,230411,2782
ML-DSA,sign,44,80167,2783
ML-DSA,sign,44,166490,2784
ML-DSA,sign,44,172882,2785
ML-DSA,sign,44,108984,2786
ML-DSA,sign,44,306185,2787
ML-DSA,sign,44,178811,2788
ML-DSA,sign,44,386388,2789
ML-DSA,sign,44,195417,2790
ML-DSA,sign,44,201467,2791
ML-DSA,sign,44,80135,2792
ML-DSA,sign,44,277476,2793
ML-DSA,sign,44,201382,2794
ML-DSA,sign,44,143870,2795
ML-DSA,sign,44,109005,2796
ML-DSA,sign,44,427455,2797
ML-DSA,sign,44,115134,2798
ML-DSA,sign,44,137756,2799
ML-DSA,sign,44,178905,2800
ML-DSA,sign,44,207694,2801
ML-DSA,sign,44,416903,2802
ML-DSA,sign,44,184982,2803
ML-DSA,sign,44,80139,2804
ML-DSA,sign,44,143858,2805
ML-DSA,sign,44,108962,2806
ML-DSA,sign,44,316778,2807
ML-DSA,sign,44,201417,2808
ML-DSA,sign,44,137818,2809
ML-DSA,sign,44,80192,2810
ML-DSA,sign,44,80174,2811
ML-DSA,sign,44,80170,2812
ML-DSA,sign,44,80166,2813
ML-DSA,sign,44,242496,2814
ML-DSA,sign,44,201457,2815
ML-DSA,sign,44,108996,2816
ML-DSA,sign,44,80120,2817
ML-DSA,sign,44,248660,2818
ML-DSA,sign,44,213722,2819
ML-DSA,sign,44,143932,2820
ML-DSA,sign,44,109008,2821
ML-DSA,sign,44,287870,2822
ML-DSA,sign,44,178787,2823
ML-DSA,sign,44,108925,2824
ML-DSA,sign,44,80183,2825
ML-DSA,sign,44,80139,2826
ML-DSA,sign,44,80170,2827
ML-DSA,sign,44,201503,2828
ML-DSA,sign,44,108934,2829
ML-DSA,sign,44,236403,2830
ML-DSA,sign,44,80201,2831
ML-DSA,sign,44,109089,2832
ML-DSA,sign,44,137860,2833
ML-DSA,sign,44,80194,2834
ML-DSA,sign,44,80154,2835
ML-DSA,sign,44,80234,2836
ML-DSA,sign,44,328800,2837
ML-DSA,sign,44,80150,2838
ML-DSA,sign,44,750279,2839
ML-DSA,sign,44,178769,2840
ML-DSA,sign,44,937300,2841
ML-DSA,sign,44,172733,2842
ML-DSA,sign,44,109038,2843
ML-DSA,sign,44,80173,2844
ML-DSA,sign,44,172682,2845
ML-DSA,sign,44,108986,2846
ML-DSA,sign,44,287892,2847
ML-DSA,sign,44,80206,2848
ML-DSA,sign,44,115107,2849
ML-DSA,sign,44,287808,2850
ML-DSA,sign,44,143974,2851
ML-DSA,sign,44,80169,2852
ML-DSA,sign,44,207497,2853
ML-DSA,sign,44,178845,2854
ML-DSA,sign,44,532198,2855
ML-DSA,sign,44,80169,2856
ML-DSA,sign,44,236508,2857
ML-DSA,sign,44,80157,2858
ML-DSA,sign,44,80192,2859
ML-DSA,sign,44,143848,2860
ML-DSA,sign,44,108980,2861
ML-DSA,sign,44,497746,2862
ML-DSA,sign,44,115222,2863
ML-DSA,sign,44,115041,2864
ML-DSA,sign,44,108961,2865
ML-DSA,sign,44,149960,2866
ML-DSA,sign,44,178817,2867
ML-DSA,sign,44,513802,2868
ML-DSA,sign,44,300194,2869
ML-DSA,sign,44,478806,2870
ML-DSA,sign,44,115033,2871
ML-DSA,sign,44,213750,2872
ML-DSA,sign,44,143959,2873
ML-DSA,sign,44,80157,2874
ML-DSA,sign,44,369922,2875
ML-DSA,sign,44,143964,2876
ML-DSA,sign,44,201660,2877
ML-DSA,sign,44,80188,2878
ML-DSA,sign,44,334954,2879
ML-DSA,sign,44,236497,2880
ML-DSA,sign,44,201442,2881
ML-DSA,sign,44,450181,2882
ML-DSA,sign,44,258993,2883
ML-DSA,sign,44,80236,2884
ML-DSA,sign,44,80216,2885
ML-DSA,sign,44,316537,2886
ML-DSA,sign,44,201498,2887
ML-DSA,sign,44,166589,2888
ML-DSA,sign,44,363774,2889
ML-DSA,sign,44,166491,2890
ML-DSA,sign,44,172686,2891
ML-DSA,sign,44,109056,2892
ML-DSA,sign,44,109097,2893
ML-DSA,sign,44,80242,2894
ML-DSA,sign,44,143904,2895
ML-DSA,sign,44,80217,2896
ML-DSA,sign,44,80183,2897
ML-DSA,sign,44,109007,2898
ML-DSA,sign,44,271303,2899
ML-DSA,sign,44,109044,2900
ML-DSA,sign,44,108938,2901
ML-DSA,sign,44,312325,2902
ML-DSA,sign,44,108933,2903
ML-DSA,sign,44,80176,2904
ML-DSA,sign,44,80197,2905
ML-DSA,sign,44,80172,2906
ML-DSA,sign,44,115200,2907
ML-DSA,sign,44,334893,2908
ML-DSA,sign,44,137894,2909
ML-DSA,sign,44,137799,2910
ML-DSA,sign,44,230277,2911
ML-DSA,sign,44,357607,2912
ML-DSA,sign,44,207695,2913
ML-DSA,sign,44,80185,2914
ML-DSA,sign,44,80173,2915
ML-DSA,sign,44,172683,2916
ML-DSA,sign,44,137723,2917
ML-DSA,sign,44,80155,2918
ML-DSA,sign,44,357651,2919
ML-DSA,sign,44,108958,2920
ML-DSA,sign,44,143851,2921
ML-DSA,sign,44,143921,2922
ML-DSA,sign,44,137757,2923
ML-DSA,sign,44,166594,2924
ML-DSA,sign,44,172724,2925
ML-DSA,sign,44,143885,2926
ML-DSA,sign,44,236439,2927
ML-DSA,sign,44,115104,2928
ML-DSA,sign,44,375933,2929
ML-DSA,sign,44,369819,2930
ML-DSA,sign,44,248690,2931
ML-DSA,sign,44,115023,2932
ML-DSA,sign,44,335180,2933
ML-DSA,sign,44,369968,2934
ML-DSA,sign,44,248602,2935
ML-DSA,sign,44,80159,2936
ML-DSA,sign,44,80157,2937
ML-DSA,sign,44,201455,2938
ML-DSA,sign,44,80231,2939
ML-DSA,sign,44,137703,2940
ML-DSA,sign,44,277909,2941
ML-DSA,sign,44,137836,2942
ML-DSA,sign,44,80193,2943
ML-DSA,sign,44,328952,2944
ML-DSA,sign,44,80202,2945
ML-DSA,sign,44,143903,2946
ML-DSA,sign,44,80211,2947
ML-DSA,sign,44,427349,2948
ML-DSA,sign,44,143987,2949
ML-DSA,sign,44,328720,2950
ML-DSA,sign,44,195480,2951
ML-DSA,sign,44,207644,2952
ML-DSA,sign,44,242513,2953
ML-DSA,sign,44,80189,2954
ML-DSA,sign,44,341147,2955
ML-DSA,sign,44,80167,2956
ML-DSA,sign,44,345398,2957
ML-DSA,sign,44,195390,2958
ML-DSA,sign,44,80240,2959
ML-DSA,sign,44,80167,2960
ML-DSA,sign,44,80143,2961
ML-DSA,sign,44,166663,2962
ML-DSA,sign,44,115042,2963
ML-DSA,sign,44,281744,2964
ML-DSA,sign,44,108996,2965
ML-DSA,sign,44,80198,2966
ML-DSA,sign,44,242440,2967
ML-DSA,sign,44,80162,2968
ML-DSA,sign,44,80143,2969
ML-DSA,sign,44,293864,2970
ML-DSA,sign,44,80147,2971
ML-DSA,sign,44,195387,2972
ML-DSA,sign,44,207532,2973
ML-DSA,sign,44,80221,2974
ML-DSA,sign,44,271336,2975
ML-DSA,sign,44,137759,2976
ML-DSA,sign,44,108993,2977
ML-DSA,sign,44,80165,2978
ML-DSA,sign,44,108937,2979
ML-DSA,sign,44,80177,2980
ML-DSA,sign,44,80203,2981
ML-DSA,sign,44,80213,2982
ML-DSA,sign,44,115112,2983
ML-DSA,sign,44,80164,2984
ML-DSA,sign,44,80225,2985
ML-DSA,sign,44,503648,2986
ML-DSA,sign,44,415351,2987
ML-DSA,sign,44,115035,2988
ML-DSA,sign,44,80170,2989
ML-DSA,sign,44,143894,2990
ML-DSA,sign,44,109061,2991
ML-DSA,sign,44,300169,2992
ML-DSA,sign,44,277412,2993
ML-DSA,sign,44,172717,2994
ML-DSA,sign,44,143870,2995
ML-DSA,sign,44,172742,2996
ML-DSA,sign,44,80212,2997
ML-DSA,sign,44,115141,2998
ML-DSA,sign,44,137803,2999
ML-DSA,sign,44,293995,3000
ML-DSA,sign,44,242526,3001
ML-DSA,sign,44,115146,3002
ML-DSA,sign,44,80148,3003
ML-DSA,sign,44,259158,3004
ML-DSA,sign,44,80210,3005
ML-DSA,sign,44,207691,3006
ML-DSA,sign,44,80138,3007
ML-DSA,sign,44,577523,3008
ML-DSA,sign,44,201534,3009
ML-DSA,sign,44,259079,3010
ML-DSA,sign,44,224063,3011
ML-DSA,sign,44,172740,3012
ML-DSA,sign,44,230277,3013
ML-DSA,sign,44,109039,3014
ML-DSA,sign,44,115108,3015
ML-DSA,sign,44,80184,3016
ML-DSA,sign,44,80218,3017
ML-DSA,sign,44,80168,3018
ML-DSA,sign,44,115068,3019
ML-DSA,sign,44,137734,3020
ML-DSA,sign,44,277460,3021
ML-DSA,sign,44,380453,3022
ML-DSA,sign,44,271379,3023
ML-DSA,sign,44,271409,3024
ML-DSA,sign,44,201440,3025
ML-DSA,sign,44,207571,3026
ML-DSA,sign,44,115096,3027
ML-DSA,sign,44,80211,3028
ML-DSA,sign,44,80159,3029
ML-DSA,sign,44,207526,3030
ML-DSA,sign,44,386583,3031
ML-DSA,sign,44,109027,3032
ML-DSA,sign,44,109005,3033
ML-DSA,sign,44,150018,3034
ML-DSA,sign,44,242643,3035
ML-DSA,sign,44,542769,3036
ML-DSA,sign,44,195390,3037
ML-DSA,sign,44,80146,3038
ML-DSA,sign,44,172641,3039
ML-DSA,sign,44,137781,3040
ML-DSA,sign,44,137832,3041
ML-DSA,sign,44,115081,3042
ML-DSA,sign,44,149926,3043
ML-DSA,sign,44,937327,3044
ML-DSA,sign,44,236361,3045
ML-DSA,sign,44,137844,3046
ML-DSA,sign,44,143928,3047
ML-DSA,sign,44,109012,3048
ML-DSA,sign,44,80184,3049
ML-DSA,sign,44,427486,3050
ML-DSA,sign,44,149996,3051
ML-DSA,sign,44,415164,3052
ML-DSA,sign,44,108981,3053
ML-DSA,sign,44,80150,3054
ML-DSA,sign,44,115121,3055
ML-DSA,sign,44,108982,3056
ML-DSA,sign,44,421515,3057
ML-DSA,sign,44,172695,3058
ML-DSA,sign,44,143938,3059
ML-DSA,sign,44,108953,3060
ML-DSA,sign,44,207608,3061
ML-DSA,sign,44,80208,3062
ML-DSA,sign,44,80199,3063
ML-DSA,sign,44,80243,3064
ML-DSA,sign,44,80186,3065
ML-DSA,sign,44,80197,3066
ML-DSA,sign,44,207652,3067
ML-DSA,sign,44,143879,3068
ML-DSA,sign,44,115183,3069
ML-DSA,sign,44,137796,3070
ML-DSA,sign,44,108990,3071
ML-DSA,sign,44,143986,3072
ML-DSA,sign,44,80184,3073
ML-DSA,sign,44,80165,3074
ML-DSA,sign,44,80223,3075
ML-DSA,sign,44,172713,3076
ML-DSA,sign,44,108954,3077
ML-DSA,sign,44,166598,3078
ML-DSA,sign,44,312341,3079
ML-DSA,sign,44,143964,3080
ML-DSA,sign,44,143964,3081
ML-DSA,sign,44,335123,3082
ML-DSA,sign,44,386424,3083
ML-DSA,sign,44,143861,3084
ML-DSA,sign,44,444152,3085
ML-DSA,sign,44,80207,3086
ML-DSA,sign,44,236319,3087
ML-DSA,sign,44,80242,3088
ML-DSA,sign,44,137731,3089
ML-DSA,sign,44,300000,3090
ML-DSA,sign,44,80182,3091
ML-DSA,sign,44,80221,3092
ML-DSA,sign,44,230331,3093
ML-DSA,sign,44,172752,3094
ML-DSA,sign,44,80188,3095
ML-DSA,sign,44,201504,3096
ML-DSA,sign,44,80170,3097
ML-DSA,sign,44,456303,3098
ML-DSA,sign,44,80215,3099
ML-DSA,sign,44,259165,3100
ML-DSA,sign,44,115094,3101
ML-DSA,sign,44,80140,3102
ML-DSA,sign,44,80176,3103
ML-DSA,sign,44,143885,3104
ML-DSA,sign,44,80219,3105
ML-DSA,sign,44,248574,3106
ML-DSA,sign,44,166629,3107
ML-DSA,sign,44,115096,3108
ML-DSA,sign,44,172790,3109
ML-DSA,sign,44,108957,3110
ML-DSA,sign,44,345353,3111
ML-DSA,sign,44,300084,3112
ML-DSA,sign,44,149997,3113
ML-DSA,sign,44,178785,3114
ML-DSA,sign,44,300012,3115
ML-DSA,sign,44,172760,3116
ML-DSA,sign,44,374270,3117
ML-DSA,sign,44,80162,3118
ML-DSA,sign,44,334982,3119
ML-DSA,sign,44,236336,3120
ML-DSA,sign,44,230386,3121
ML-DSA,sign,44,137798,3122
ML-DSA,sign,44,195307,3123
ML-DSA,sign,44,109029,3124
ML-DSA,sign,44,207610,3125
ML-DSA,sign,44,532288,3126
ML-DSA,sign,44,236359,3127
ML-DSA,sign,44,207561,3128
ML-DSA,sign,44,144008,3129
ML-DSA,sign,44,115146,3130
ML-DSA,sign,44,80219,3131
ML-DSA,sign,44,242574,3132
ML-DSA,sign,44,80161,3133
ML-DSA,sign,44,115088,3134
ML-DSA,sign,44,178878,3135
ML-DSA,sign,44,115109,3136
ML-DSA,sign,44,178783,3137
ML-DSA,sign,44,109010,3138
ML-DSA,sign,44,108942,3139
ML-DSA,sign,44,143832,3140
ML-DSA,sign,44,115062,3141
ML-DSA,sign,44,265098,3142
ML-DSA,sign,44,277367,3143
ML-DSA,sign,44,207593,3144
ML-DSA,sign,44,207539,3145
ML-DSA,sign,44,137738,3146
ML-DSA,sign,44,115100,3147
ML-DSA,sign,44,115165,3148
ML-DSA,sign,44,115145,3149
ML-DSA,sign,44,137796,3150
ML-DSA,sign,44,172757,3151
ML-DSA,sign,44,108980,3152
ML-DSA,sign,44,143958,3153
ML-DSA,sign,44,230159,3154
ML-DSA,sign,44,398714,3155
ML-DSA,sign,44,115171,3156
ML-DSA,sign,44,172549,3157
ML-DSA,sign,44,554964,3158
ML-DSA,sign,44,178820,3159
ML-DSA,sign,44,137780,3160
ML-DSA,sign,44,236350,3161
ML-DSA,sign,44,80140,3162
ML-DSA,sign,44,236422,3163
ML-DSA,sign,44,80193,3164
ML-DSA,sign,44,80179,3165
ML-DSA,sign,44,108974,3166
ML-DSA,sign,44,201505,3167
ML-DSA,sign,44,762556,3168
ML-DSA,sign,44,80161,3169
ML-DSA,sign,44,80197,3170
ML-DSA,sign,44,80210,3171
ML-DSA,sign,44,115091,3172
ML-DSA,sign,44,143898,3173
ML-DSA,sign,44,404893,3174
ML-DSA,sign,44,149945,3175
ML-DSA,sign,44,137787,3176
ML-DSA,sign,44,213655,3177
ML-DSA,sign,44,80191,3178
ML-DSA,sign,44,143895,3179
ML-DSA,sign,44,137776,3180
ML-DSA,sign,44,294010,3181
ML-DSA,sign,44,207549,3182
ML-DSA,sign,44,277331,3183
ML-DSA,sign,44,80167,3184
ML-DSA,sign,44,195340,3185
ML-DSA,sign,44,195415,3186
ML-DSA,sign,44,207545,3187
ML-DSA,sign,44,137855,3188
ML-DSA,sign,44,201548,3189
ML-DSA,sign,44,230362,3190
ML-DSA,sign,44,271292,3191
ML-DSA,sign,44,115158,3192
ML-DSA,sign,44,137771,3193
ML-DSA,sign,44,80202,3194
ML-DSA,sign,44,207706,3195
ML-DSA,sign,44,166560,3196
ML-DSA,sign,44,80255,3197
ML-DSA,sign,44,80211,3198
ML-DSA,sign,44,143842,3199
ML-DSA,sign,44,172774,3200
ML-DSA,sign,44,357693,3201
ML-DSA,sign,44,80217,3202
ML-DSA,sign,44,554776,3203
ML-DSA,sign,44,150015,3204
ML-DSA,sign,44,236315,3205
ML-DSA,sign,44,376047,3206
ML-DSA,sign,44,80136,3207
ML-DSA,sign,44,236377,3208
ML-DSA,sign,44,149996,3209
ML-DSA,sign,44,230194,3210
ML-DSA,sign,44,143882,3211
ML-DSA,sign,44,166594,3212
ML-DSA,sign,44,80167,3213
ML-DSA,sign,44,115069,3214
ML-DSA,sign,44,277522,3215
ML-DSA,sign,44,213793,3216
ML-DSA,sign,44,80185,3217
ML-DSA,sign,44,351559,3218
ML-DSA,sign,44,108988,3219
ML-DSA,sign,44,195482,3220
ML-DSA,sign,44,207570,3221
ML-DSA,sign,44,287804,3222
ML-DSA,sign,44,207592,3223
ML-DSA,sign,44,80230,3224
ML-DSA,sign,44,80156,3225
ML-DSA,sign,44,178759,3226
ML-DSA,sign,44,137707,3227
ML-DSA,sign,44,80175,3228
ML-DSA,sign,44,80134,3229
ML-DSA,sign,44,137821,3230
ML-DSA,sign,44,144016,3231
ML-DSA,sign,44,80169,3232
ML-DSA,sign,44,80210,3233
ML-DSA,sign,44,236344,3234
ML-DSA,sign,44,213676,3235
ML-DSA,sign,44,115113,3236
ML-DSA,sign,44,335025,3237
ML-DSA,sign,44,80214,3238
ML-DSA,sign,44,201536,3239
ML-DSA,sign,44,109013,3240
ML-DSA,sign,44,109025,3241
ML-DSA,sign,44,224072,3242
ML-DSA,sign,44,166548,3243
ML-DSA,sign,44,143926,3244
ML-DSA,sign,44,109012,3245
ML-DSA,sign,44,172681,3246
ML-DSA,sign,44,143877,3247
ML-DSA,sign,44,519961,3248
ML-DSA,sign,44,115205,3249
ML-DSA,sign,44,207759,3250
ML-DSA,sign,44,80253,3251
ML-DSA,sign,44,109071,3252
ML-DSA,sign,44,456356,3253
ML-DSA,sign,44,143946,3254
ML-DSA,sign,44,409126,3255
ML-DSA,sign,44,137717,3256
ML-DSA,sign,44,80194,3257
ML-DSA,sign,44,137801,3258
ML-DSA,sign,44,80232,3259
ML-DSA,sign,44,80268,3260
ML-DSA,sign,44,80217,3261
ML-DSA,sign,44,339405,3262
ML-DSA,sign,44,80174,3263
ML-DSA,sign,44,207547,3264
ML-DSA,sign,44,386452,3265
ML-DSA,sign,44,236311,3266
ML-DSA,sign,44,80157,3267
ML-DSA,sign,44,80152,3268
ML-DSA,sign,44,150098,3269
ML-DSA,sign,44,80240,3270
ML-DSA,sign,44,178738,3271
ML-DSA,sign,44,259099,3272
ML-DSA,sign,44,172775,3273
ML-DSA,sign,44,137836,3274
ML-DSA,sign,44,137909,3275
ML-DSA,sign,44,80145,3276
ML-DSA,sign,44,236415,3277
ML-DSA,sign,44,404902,3278
ML-DSA,sign,44,277528,3279
ML-DSA,sign,44,166544,3280
ML-DSA,sign,44,166481,3281
ML-DSA,sign,44,201568,3282
ML-DSA,sign,44,415150,3283
ML-DSA,sign,44,172711,3284
ML-DSA,sign,44,108959,3285
ML-DSA,sign,44,143915,3286
ML-DSA,sign,44,115075,3287
ML-DSA,sign,44,143883,3288
ML-DSA,sign,44,207554,3289
ML-DSA,sign,44,80156,3290
ML-DSA,sign,44,670071,3291
ML-DSA,sign,44,109009,3292
ML-DSA,sign,44,230361,3293
ML-DSA,sign,44,265192,3294
ML-DSA,sign,44,293996,3295
ML-DSA,sign,44,230255,3296
ML-DSA,sign,44,80177,3297
ML-DSA,sign,44,421549,3298
ML-DSA,sign,44,184848,3299
ML-DSA,sign,44,80166,3300
ML-DSA,sign,44,115093,3301
ML-DSA,sign,44,306171,3302
ML-DSA,sign,44,109026,3303
ML-DSA,sign,44,166630,3304
ML-DSA,sign,44,115077,3305
ML-DSA,sign,44,108947,3306
ML-DSA,sign,44,300199,3307
ML-DSA,sign,44,404746,3308
ML-DSA,sign,44,108969,3309
ML-DSA,sign,44,137761,3310
ML-DSA,sign,44,172722,3311
ML-DSA,sign,44,115093,3312
ML-DSA,sign,44,115171,3313
ML-DSA,sign,44,271194,3314
ML-DSA,sign,44,242561,3315
ML-DSA,sign,44,80189,3316
ML-DSA,sign,44,80165,3317
ML-DSA,sign,44,143905,3318
ML-DSA,sign,44,80149,3319
ML-DSA,sign,44,80198,3320
ML-DSA,sign,44,80191,3321
ML-DSA,sign,44,80165,3322
ML-DSA,sign,44,108941,3323
ML-DSA,sign,44,108941,3324
ML-DSA,sign,44,80168,3325
ML-DSA,sign,44,80205,3326
ML-DSA,sign,44,201458,3327
ML-DSA,sign,44,80163,3328
ML-DSA,sign,44,172623,3329
ML-DSA,sign,44,328998,3330
ML-DSA,sign,44,80151,3331
ML-DSA,sign,44,704873,3332
ML-DSA,sign,44,213642,3333
ML-DSA,sign,44,108921,3334
ML-DSA,sign,44,201495,3335
ML-DSA,sign,44,143965,3336
ML-DSA,sign,44,109042,3337
ML-DSA,sign,44,108997,3338
ML-DSA,sign,44,80142,3339
ML-DSA,sign,44,149931,3340
ML-DSA,sign,44,166527,3341
ML-DSA,sign,44,80154,3342
ML-DSA,sign,44,80193,3343
ML-DSA,sign,44,109060,3344
ML-DSA,sign,44,108933,3345
ML-DSA,sign,44,137873,3346
ML-DSA,sign,44,80208,3347
ML-DSA,sign,44,248573,3348
ML-DSA,sign,44,80130,3349
ML-DSA,sign,44,248595,3350
ML-DSA,sign,44,328900,3351
ML-DSA,sign,44,80212,3352
ML-DSA,sign,44,80232,3353
ML-DSA,sign,44,213726,3354
ML-DSA,sign,44,115104,3355
ML-DSA,sign,44,80171,3356
ML-DSA,sign,44,80177,3357
ML-DSA,sign,44,259185,3358
ML-DSA,sign,44,427463,3359
ML-DSA,sign,44,80232,3360
ML-DSA,sign,44,201481,3361
ML-DSA,sign,44,172725,3362
ML-DSA,sign,44,80168,3363
ML-DSA,sign,44,427430,3364
ML-DSA,sign,44,172609,3365
ML-DSA,sign,44,143898,3366
ML-DSA,sign,44,300166,3367
ML-DSA,sign,44,108934,3368
ML-DSA,sign,44,137865,3369
ML-DSA,sign,44,271380,3370
ML-DSA,sign,44,80154,3371
ML-DSA,sign,44,80213,3372
ML-DSA,sign,44,150015,3373
ML-DSA,sign,44,80229,3374
ML-DSA,sign,44,80158,3375
ML-DSA,sign,44,80173,3376
ML-DSA,sign,44,236402,3377
ML-DSA,sign,44,108974,3378
ML-DSA,sign,44,115113,3379
ML-DSA,sign,44,80238,3380
ML-DSA,sign,44,137805,3381
ML-DSA,sign,44,80145,3382
ML-DSA,sign,44,150028,3383
ML-DSA,sign,44,404746,3384
ML-DSA,sign,44,108974,3385
ML-DSA,sign,44,334929,3386
ML-DSA,sign,44,271224,3387
ML-DSA,sign,44,242391,3388
ML-DSA,sign,44,287860,3389
ML-DSA,sign,44,80197,3390
ML-DSA,sign,44,80193,3391
ML-DSA,sign,44,115044,3392
ML-DSA,sign,44,137757,3393
ML-DSA,sign,44,150030,3394
ML-DSA,sign,44,144002,3395
ML-DSA,sign,44,143898,3396
ML-DSA,sign,44,369924,3397
ML-DSA,sign,44,826318,3398
ML-DSA,sign,44,258961,3399
ML-DSA,sign,44,80218,3400
ML-DSA,sign,44,80192,3401
ML-DSA,sign,44,115158,3402
ML-DSA,sign,44,115088,3403
ML-DSA,sign,44,172644,3404
ML-DSA,sign,44,80251,3405
ML-DSA,sign,44,185081,3406
ML-DSA,sign,44,109001,3407
ML-DSA,sign,44,392698,3408
ML-DSA,sign,44,178817,3409
ML-DSA,sign,44,201457,3410
ML-DSA,sign,44,143863,3411
ML-DSA,sign,44,207603,3412
ML-DSA,sign,44,242489,3413
ML-DSA,sign,44,178795,3414
ML-DSA,sign,44,293885,3415
ML-DSA,sign,44,178773,3416
ML-DSA,sign,44,293904,3417
ML-DSA,sign,44,80213,3418
ML-DSA,sign,44,172594,3419
ML-DSA,sign,44,80156,3420
ML-DSA,sign,44,172591,3421
ML-DSA,sign,44,201462,3422
ML-DSA,sign,44,137822,3423
ML-DSA,sign,44,80209,3424
ML-DSA,sign,44,80169,3425
ML-DSA,sign,44,271392,3426
ML-DSA,sign,44,236327,3427
ML-DSA,sign,44,328888,3428
ML-DSA,sign,44,207564,3429
ML-DSA,sign,44,351492,3430
ML-DSA,sign,44,80207,3431
ML-DSA,sign,44,259066,3432
ML-DSA,sign,44,80234,3433
ML-DSA,sign,44,293912,3434
ML-DSA,sign,44,166606,3435
ML-DSA,sign,44,80147,3436
ML-DSA,sign,44,265178,3437
ML-DSA,sign,44,172672,3438
ML-DSA,sign,44,115118,3439
ML-DSA,sign,44,80184,3440
ML-DSA,sign,44,207539,3441
ML-DSA,sign,44,115120,3442
ML-DSA,sign,44,166506,3443
ML-DSA,sign,44,115020,3444
ML-DSA,sign,44,178721,3445
ML-DSA,sign,44,137810,3446
ML-DSA,sign,44,374268,3447
ML-DSA,sign,44,178797,3448
ML-DSA,sign,44,80182,3449
ML-DSA,sign,44,143887,3450
ML-DSA,sign,44,143949,3451
ML-DSA,sign,44,80218,3452
ML-DSA,sign,44,108958,3453
ML-DSA,sign,44,108986,3454
ML-DSA,sign,44,201476,3455
ML-DSA,sign,44,178921,3456
ML-DSA,sign,44,143944,3457
ML-DSA,sign,44,172684,3458
ML-DSA,sign,44,115034,3459
ML-DSA,sign,44,328794,3460
ML-DSA,sign,44,207586,3461
ML-DSA,sign,44,265090,3462
ML-DSA,sign,44,259105,3463
ML-DSA,sign,44,80159,3464
ML-DSA,sign,44,80146,3465
ML-DSA,sign,44,363742,3466
ML-DSA,sign,44,109002,3467
ML-DSA,sign,44,115128,3468
ML-DSA,sign,44,144051,3469
ML-DSA,sign,44,80181,3470
ML-DSA,sign,44,80178,3471
ML-DSA,sign,44,201505,3472
ML-DSA,sign,44,137925,3473
ML-DSA,sign,44,143878,3474
ML-DSA,sign,44,80175,3475
ML-DSA,sign,44,80169,3476
ML-DSA,sign,44,80163,3477
ML-DSA,sign,44,80161,3478
ML-DSA,sign,44,287897,3479
ML-DSA,sign,44,80205,3480
ML-DSA,sign,44,172609,3481
ML-DSA,sign,44,386622,3482
ML-DSA,sign,44,80145,3483
ML-DSA,sign,44,172577,3484
ML-DSA,sign,44,80182,3485
ML-DSA,sign,44,115120,3486
ML-DSA,sign,44,328800,3487
ML-DSA,sign,44,143853,3488
ML-DSA,sign,44,236380,3489
ML-DSA,sign,44,137698,3490
ML-DSA,sign,44,80166,3491
ML-DSA,sign,44,172830,3492
ML-DSA,sign,44,172705,3493
ML-DSA,sign,44,80249,3494
ML-DSA,sign,44,80205,3495
ML-DSA,sign,44,143863,3496
ML-DSA,sign,44,80183,3497
ML-DSA,sign,44,259030,3498
ML-DSA,sign,44,421208,3499
ML-DSA,sign,44,108996,3500
ML-DSA,sign,44,80141,3501
ML-DSA,sign,44,108971,3502
ML-DSA,sign,44,143808,3503
ML-DSA,sign,44,143882,3504
ML-DSA,sign,44,108980,3505
ML-DSA,sign,44,80187,3506
ML-DSA,sign,44,398569,3507
ML-DSA,sign,44,172713,3508
ML-DSA,sign,44,259124,3509
ML-DSA,sign,44,507749,3510
ML-DSA,sign,44,166607,3511
ML-DSA,sign,44,108993,3512
ML-DSA,sign,44,421402,3513
ML-DSA,sign,44,80190,3514
ML-DSA,sign,44,213736,3515
ML-DSA,sign,44,207647,3516
ML-DSA,sign,44,172721,3517
ML-DSA,sign,44,80172,3518
ML-DSA,sign,44,80180,3519
ML-DSA,sign,44,166493,3520
ML-DSA,sign,44,258947,3521
ML-DSA,sign,44,427448,3522
ML-DSA,sign,44,80217,3523
ML-DSA,sign,44,143901,3524
ML-DSA,sign,44,421257,3525
ML-DSA,sign,44,115067,3526
ML-DSA,sign,44,80211,3527
ML-DSA,sign,44,115199,3528
ML-DSA,sign,44,236289,3529
ML-DSA,sign,44,115152,3530
ML-DSA,sign,44,80122,3531
ML-DSA,sign,44,172719,3532
ML-DSA,sign,44,143998,3533
ML-DSA,sign,44,150059,3534
ML-DSA,sign,44,207646,3535
ML-DSA,sign,44,265183,3536
ML-DSA,sign,44,236452,3537
ML-DSA,sign,44,427426,3538
ML-DSA,sign,44,207565,3539
ML-DSA,sign,44,265197,3540
ML-DSA,sign,44,115098,3541
ML-DSA,sign,44,80166,3542
ML-DSA,sign,44,150016,3543
ML-DSA,sign,44,80200,3544
ML-DSA,sign,44,115118,3545
ML-DSA,sign,44,271411,3546
ML-DSA,sign,44,201279,3547
ML-DSA,sign,44,80165,3548
ML-DSA,sign,44,166609,3549
ML-DSA,sign,44,265061,3550
ML-DSA,sign,44,108999,3551
ML-DSA,sign,44,80156,3552
ML-DSA,sign,44,207599,3553
ML-DSA,sign,44,80221,3554
ML-DSA,sign,44,109063,3555
ML-DSA,sign,44,150106,3556
ML-DSA,sign,44,236532,3557
ML-DSA,sign,44,230334,3558
ML-DSA,sign,44,109045,3559
ML-DSA,sign,44,80161,3560
ML-DSA,sign,44,108971,3561
ML-DSA,sign,44,207729,3562
ML-DSA,sign,44,236357,3563
ML-DSA,sign,44,230180,3564
ML-DSA,sign,44,427554,3565
ML-DSA,sign,44,213741,3566
ML-DSA,sign,44,341260,3567
ML-DSA,sign,44,80170,3568
ML-DSA,sign,44,109018,3569
ML-DSA,sign,44,143967,3570
ML-DSA,sign,44,80193,3571
ML-DSA,sign,44,265184,3572
ML-DSA,sign,44,80172,3573
ML-DSA,sign,44,80140,3574
ML-DSA,sign,44,201492,3575
ML-DSA,sign,44,109001,3576
ML-DSA,sign,44,143925,3577
ML-DSA,sign,44,80130,3578
ML-DSA,sign,44,80204,3579
ML-DSA,sign,44,80173,3580
ML-DSA,sign,44,201450,3581
ML-DSA,sign,44,207579,3582
ML-DSA,sign,44,80191,3583
ML-DSA,sign,44,351464,3584
ML-DSA,sign,44,80224,3585
ML-DSA,sign,44,178804,3586
ML-DSA,sign,44,230250,3587
ML-DSA,sign,44,242537,3588
ML-DSA,sign,44,121591,3589
ML-DSA,sign,44,109108,3590
ML-DSA,sign,44,201513,3591
ML-DSA,sign,44,80203,3592
ML-DSA,sign,44,353178,3593
ML-DSA,sign,44,137827,3594
ML-DSA,sign,44,172648,3595
ML-DSA,sign,44,80172,3596
ML-DSA,sign,44,80224,3597
ML-DSA,sign,44,265187,3598
ML-DSA,sign,44,80274,3599
ML-DSA,sign,44,294016,3600
ML-DSA,sign,44,149983,3601
ML-DSA,sign,44,115146,3602
ML-DSA,sign,44,115089,3603
ML-DSA,sign,44,80198,3604
ML-DSA,sign,44,80208,3605
ML-DSA,sign,44,386617,3606
ML-DSA,sign,44,236340,3607
ML-DSA,sign,44,230253,3608
ML-DSA,sign,44,143940,3609
ML-DSA,sign,44,80209,3610
ML-DSA,sign,44,80183,3611
ML-DSA,sign,44,115073,3612
ML-DSA,sign,44,328892,3613
ML-DSA,sign,44,80160,3614
ML-DSA,sign,44,271329,3615
ML-DSA,sign,44,341286,3616
ML-DSA,sign,44,340983,3617
ML-DSA,sign,44,115185,3618
ML-DSA,sign,44,115149,3619
ML-DSA,sign,44,195383,3620
ML-DSA,sign,44,80162,3621
ML-DSA,sign,44,178885,3622
ML-DSA,sign,44,172744,3623
ML-DSA,sign,44,80210,3624
ML-DSA,sign,44,137829,3625
ML-DSA,sign,44,201479,3626
ML-DSA,sign,44,80165,3627
ML-DSA,sign,44,265173,3628
ML-DSA,sign,44,109035,3629
ML-DSA,sign,44,80177,3630
ML-DSA,sign,44,109060,3631
ML-DSA,sign,44,265087,3632
ML-DSA,sign,44,503389,3633
ML-DSA,sign,44,80191,3634
ML-DSA,sign,44,184921,3635
ML-DSA,sign,44,166578,3636
ML-DSA,sign,44,143940,3637
ML-DSA,sign,44,207559,3638
ML-DSA,sign,44,277471,3639
ML-DSA,sign,44,143864,3640
ML-DSA,sign,44,468240,3641
ML-DSA,sign,44,80191,3642
ML-DSA,sign,44,184887,3643
ML-DSA,sign,44,80156,3644
ML-DSA,sign,44,115120,3645
ML-DSA,sign,44,80164,3646
ML-DSA,sign,44,137717,3647
ML-DSA,sign,44,108947,3648
ML-DSA,sign,44,80163,3649
ML-DSA,sign,44,80144,3650
ML-DSA,sign,44,172710,3651
ML-DSA,sign,44,137836,3652
ML-DSA,sign,44,351522,3653
ML-DSA,sign,44,143993,3654
ML-DSA,sign,44,137851,3655
ML-DSA,sign,44,108996,3656
ML-DSA,sign,44,178831,3657
ML-DSA,sign,44,415187,3658
ML-DSA,sign,44,80157,3659
ML-DSA,sign,44,80202,3660
ML-DSA,sign,44,283563,3661
ML-DSA,sign,44,281836,3662
ML-DSA,sign,44,80173,3663
ML-DSA,sign,44,137864,3664
ML-DSA,sign,44,137724,3665
ML-DSA,sign,44,306230,3666
ML-DSA,sign,44,224058,3667
ML-DSA,sign,44,236420,3668
ML-DSA,sign,44,80159,3669
ML-DSA,sign,44,560976,3670
ML-DSA,sign,44,433619,3671
ML-DSA,sign,44,80224,3672
ML-DSA,sign,44,236400,3673
ML-DSA,sign,44,143895,3674
ML-DSA,sign,44,421530,3675
ML-DSA,sign,44,115131,3676
ML-DSA,sign,44,293912,3677
ML-DSA,sign,44,143833,3678
ML-DSA,sign,44,150053,3679
ML-DSA,sign,44,184836,3680
ML-DSA,sign,44,115051,3681
ML-DSA,sign,44,109043,3682
ML-DSA,sign,44,108972,3683
ML-DSA,sign,44,108959,3684
ML-DSA,sign,44,80176,3685
ML-DSA,sign,44,201373,3686
ML-DSA,sign,44,109019,3687
ML-DSA,sign,44,115052,3688
ML-DSA,sign,44,80157,3689
ML-DSA,sign,44,115089,3690
ML-DSA,sign,44,242583,3691
ML-DSA,sign,44,143965,3692
ML-DSA,sign,44,281839,3693
ML-DSA,sign,44,242482,3694
ML-DSA,sign,44,80227,3695
ML-DSA,sign,44,300294,3696
ML-DSA,sign,44,207632,3697
ML-DSA,sign,44,341175,3698
ML-DSA,sign,44,143960,3699
ML-DSA,sign,44,137820,3700
ML-DSA,sign,44,143922,3701
ML-DSA,sign,44,201377,3702
ML-DSA,sign,44,300103,3703
ML-DSA,sign,44,80166,3704
ML-DSA,sign,44,230251,3705
ML-DSA,sign,44,115131,3706
ML-DSA,sign,44,277294,3707
ML-DSA,sign,44,166562,3708
ML-DSA,sign,44,108998,3709
ML-DSA,sign,44,80200,3710
ML-DSA,sign,44,178779,3711
ML-DSA,sign,44,80172,3712
ML-DSA,sign,44,271312,3713
ML-DSA,sign,44,80163,3714
ML-DSA,sign,44,80175,3715
ML-DSA,sign,44,108982,3716
ML-DSA,sign,44,334996,3717
ML-DSA,sign,44,80252,3718
ML-DSA,sign,44,201541,3719
ML-DSA,sign,44,115084,3720
ML-DSA,sign,44,115121,3721
ML-DSA,sign,44,184936,3722
ML-DSA,sign,44,310583,3723
ML-DSA,sign,44,306160,3724
ML-DSA,sign,44,80207,3725
ML-DSA,sign,44,80223,3726
ML-DSA,sign,44,80146,3727
ML-DSA,sign,44,115161,3728
ML-DSA,sign,44,310575,3729
ML-DSA,sign,44,433512,3730
ML-DSA,sign,44,80167,3731
ML-DSA,sign,44,80215,3732
ML-DSA,sign,44,207698,3733
ML-DSA,sign,44,115079,3734
ML-DSA,sign,44,195420,3735
ML-DSA,sign,44,265113,3736
ML-DSA,sign,44,80190,3737
ML-DSA,sign,44,80175,3738
ML-DSA,sign,44,224120,3739
ML-DSA,sign,44,468606,3740
ML-DSA,sign,44,265187,3741
ML-DSA,sign,44,80211,3742
ML-DSA,sign,44,415242,3743
ML-DSA,sign,44,207592,3744
ML-DSA,sign,44,398648,3745
ML-DSA,sign,44,293953,3746
ML-DSA,sign,44,150070,3747
ML-DSA,sign,44,259032,3748
ML-DSA,sign,44,143968,3749
ML-DSA,sign,44,137845,3750
ML-DSA,sign,44,236461,3751
ML-DSA,sign,44,137785,3752
ML-DSA,sign,44,108987,3753
ML-DSA,sign,44,115122,3754
ML-DSA,sign,44,201543,3755
ML-DSA,sign,44,108996,3756
ML-DSA,sign,44,109012,3757
ML-DSA,sign,44,519754,3758
ML-DSA,sign,44,137737,3759
ML-DSA,sign,44,172709,3760
ML-DSA,sign,44,80186,3761
ML-DSA,sign,44,143888,3762
ML-DSA,sign,44,108960,3763
ML-DSA,sign,44,1122327,3764
ML-DSA,sign,44,143948,3765
ML-DSA,sign,44,144077,3766
ML-DSA,sign,44,80202,3767
ML-DSA,sign,44,115136,3768
ML-DSA,sign,44,80141,3769
ML-DSA,sign,44,224230,3770
ML-DSA,sign,44,143896,3771
ML-DSA,sign,44,115105,3772
ML-DSA,sign,44,109014,3773
ML-DSA,sign,44,115121,3774
ML-DSA,sign,44,137820,3775
ML-DSA,sign,44,80182,3776
ML-DSA,sign,44,207491,3777
ML-DSA,sign,44,143926,3778
ML-DSA,sign,44,80138,3779
ML-DSA,sign,44,143907,3780
ML-DSA,sign,44,80208,3781
ML-DSA,sign,44,242514,3782
ML-DSA,sign,44,195416,3783
ML-DSA,sign,44,80165,3784
ML-DSA,sign,44,363714,3785
ML-DSA,sign,44,108988,3786
ML-DSA,sign,44,143847,3787
ML-DSA,sign,44,80212,3788
ML-DSA,sign,44,137790,3789
ML-DSA,sign,44,80193,3790
ML-DSA,sign,44,80149,3791
ML-DSA,sign,44,80183,3792
ML-DSA,sign,44,80168,3793
ML-DSA,sign,44,456320,3794
ML-DSA,sign,44,415300,3795
ML-DSA,sign,44,207645,3796
ML-DSA,sign,44,80205,3797
ML-DSA,sign,44,287926,3798
ML-DSA,sign,44,144042,3799
ML-DSA,sign,44,351562,3800
ML-DSA,sign,44,265155,3801
ML-DSA,sign,44,357701,3802
ML-DSA,sign,44,166557,3803
ML-DSA,sign,44,108964,3804
ML-DSA,sign,44,137794,3805
ML-DSA,sign,44,80241,3806
ML-DSA,sign,44,236384,3807
ML-DSA,sign,44,149996,3808
ML-DSA,sign,44,80165,3809
ML-DSA,sign,44,172678,3810
ML-DSA,sign,44,80159,3811
ML-DSA,sign,44,80149,3812
ML-DSA,sign,44,207589,3813
ML-DSA,sign,44,80221,3814
ML-DSA,sign,44,207520,3815
ML-DSA,sign,44,108960,3816
ML-DSA,sign,44,115078,3817
ML-DSA,sign,44,149925,3818
ML-DSA,sign,44,80217,3819
ML-DSA,sign,44,80212,3820
ML-DSA,sign,44,300166,3821
ML-DSA,sign,44,80206,3822
ML-DSA,sign,44,137884,3823
ML-DSA,sign,44,265265,3824
ML-DSA,sign,44,236483,3825
ML-DSA,sign,44,109026,3826
ML-DSA,sign,44,80156,3827
ML-DSA,sign,44,143822,3828
ML-DSA,sign,44,115087,3829
ML-DSA,sign,44,201394,3830
ML-DSA,sign,44,207501,3831
ML-DSA,sign,44,287915,3832
ML-DSA,sign,44,178872,3833
ML-DSA,sign,44,109007,3834
ML-DSA,sign,44,80214,3835
ML-DSA,sign,44,150071,3836
ML-DSA,sign,44,80144,3837
ML-DSA,sign,44,252789,3838
ML-DSA,sign,44,312281,3839
ML-DSA,sign,44,80172,3840
ML-DSA,sign,44,294108,3841
ML-DSA,sign,44,80252,3842
ML-DSA,sign,44,143881,3843
ML-DSA,sign,44,80151,3844
ML-DSA,sign,44,115100,3845
ML-DSA,sign,44,108902,3846
ML-DSA,sign,44,108924,3847
ML-DSA,sign,44,80156,3848
ML-DSA,sign,44,108986,3849
ML-DSA,sign,44,236337,3850
ML-DSA,sign,44,150008,3851
ML-DSA,sign,44,271340,3852
ML-DSA,sign,44,271266,3853
ML-DSA,sign,44,115031,3854
ML-DSA,sign,44,242564,3855
ML-DSA,sign,44,80217,3856
ML-DSA,sign,44,548772,3857
ML-DSA,sign,44,294036,3858
ML-DSA,sign,44,207653,3859
ML-DSA,sign,44,80196,3860
ML-DSA,sign,44,207707,3861
ML-DSA,sign,44,109024,3862
ML-DSA,sign,44,80145,3863
ML-DSA,sign,44,80195,3864
ML-DSA,sign,44,166689,3865
ML-DSA,sign,44,149980,3866
ML-DSA,sign,44,143891,3867
ML-DSA,sign,44,80174,3868
ML-DSA,sign,44,137872,3869
ML-DSA,sign,44,299972,3870
ML-DSA,sign,44,271320,3871
ML-DSA,sign,44,150021,3872
ML-DSA,sign,44,149933,3873
ML-DSA,sign,44,109046,3874
ML-DSA,sign,44,80251,3875
ML-DSA,sign,44,143838,3876
ML-DSA,sign,44,172678,3877
ML-DSA,sign,44,137831,3878
ML-DSA,sign,44,80256,3879
ML-DSA,sign,44,293956,3880
ML-DSA,sign,44,80241,3881
ML-DSA,sign,44,525925,3882
ML-DSA,sign,44,115136,3883
ML-DSA,sign,44,115059,3884
ML-DSA,sign,44,143849,3885
ML-DSA,sign,44,178737,3886
ML-DSA,sign,44,236516,3887
ML-DSA,sign,44,462392,3888
ML-DSA,sign,44,115178,3889
ML-DSA,sign,44,143907,3890
ML-DSA,sign,44,236462,3891
ML-DSA,sign,44,172669,3892
ML-DSA,sign,44,542599,3893
ML-DSA,sign,44,115183,3894
ML-DSA,sign,44,143852,3895
ML-DSA,sign,44,220246,3896
ML-DSA,sign,44,299999,3897
ML-DSA,sign,44,115173,3898
ML-DSA,sign,44,213635,3899
ML-DSA,sign,44,137902,3900
ML-DSA,sign,44,213721,3901
ML-DSA,sign,44,80172,3902
ML-DSA,sign,44,178862,3903
ML-DSA,sign,44,178771,3904
ML-DSA,sign,44,143904,3905
ML-DSA,sign,44,80166,3906
ML-DSA,sign,44,201480,3907
ML-DSA,sign,44,80173,3908
ML-DSA,sign,44,137813,3909
ML-DSA,sign,44,172740,3910
ML-DSA,sign,44,207720,3911
ML-DSA,sign,44,213603,3912
ML-DSA,sign,44,178835,3913
ML-DSA,sign,44,386671,3914
ML-DSA,sign,44,80169,3915
ML-DSA,sign,44,242494,3916
ML-DSA,sign,44,80168,3917
ML-DSA,sign,44,219808,3918
ML-DSA,sign,44,143867,3919
ML-DSA,sign,44,80156,3920
ML-DSA,sign,44,328883,3921
ML-DSA,sign,44,236420,3922
ML-DSA,sign,44,172787,3923
ML-DSA,sign,44,80219,3924
ML-DSA,sign,44,80142,3925
ML-DSA,sign,44,271327,3926
ML-DSA,sign,44,137780,3927
ML-DSA,sign,44,108996,3928
ML-DSA,sign,44,316574,3929
ML-DSA,sign,44,80176,3930
ML-DSA,sign,44,172583,3931
ML-DSA,sign,44,80207,3932
ML-DSA,sign,44,201515,3933
ML-DSA,sign,44,178844,3934
ML-DSA,sign,44,80205,3935
ML-DSA,sign,44,207516,3936
ML-DSA,sign,44,115173,3937
ML-DSA,sign,44,108998,3938
ML-DSA,sign,44,201428,3939
ML-DSA,sign,44,80188,3940
ML-DSA,sign,44,328787,3941
ML-DSA,sign,44,201606,3942
ML-DSA,sign,44,236350,3943
ML-DSA,sign,44,109023,3944
ML-DSA,sign,44,172684,3945
ML-DSA,sign,44,178701,3946
ML-DSA,sign,44,443945,3947
ML-DSA,sign,44,108984,3948
ML-DSA,sign,44,137776,3949
ML-DSA,sign,44,485054,3950
ML-DSA,sign,44,80194,3951
ML-DSA,sign,44,178816,3952
ML-DSA,sign,44,328866,3953
ML-DSA,sign,44,80216,3954
ML-DSA,sign,44,80199,3955
ML-DSA,sign,44,462255,3956
ML-DSA,sign,44,115160,3957
ML-DSA,sign,44,80173,3958
ML-DSA,sign,44,115060,3959
ML-DSA,sign,44,201514,3960
ML-DSA,sign,44,328900,3961
ML-DSA,sign,44,80180,3962
ML-DSA,sign,44,80169,3963
ML-DSA,sign,44,195322,3964
ML-DSA,sign,44,178871,3965
ML-DSA,sign,44,369949,3966
ML-DSA,sign,44,427718,3967
ML-DSA,sign,44,109018,3968
ML-DSA,sign,44,80205,3969
ML-DSA,sign,44,172649,3970
ML-DSA,sign,44,80162,3971
ML-DSA,sign,44,137777,3972
ML-DSA,sign,44,80195,3973
ML-DSA,sign,44,108997,3974
ML-DSA,sign,44,143819,3975
ML-DSA,sign,44,293925,3976
ML-DSA,sign,44,242572,3977
ML-DSA,sign,44,421296,3978
ML-DSA,sign,44,443868,3979
ML-DSA,sign,44,149961,3980
ML-DSA,sign,44,172701,3981
ML-DSA,sign,44,108938,3982
ML-DSA,sign,44,351394,3983
ML-DSA,sign,44,80198,3984
ML-DSA,sign,44,201447,3985
ML-DSA,sign,44,80157,3986
ML-DSA,sign,44,80179,3987
ML-DSA,sign,44,108986,3988
ML-DSA,sign,44,201521,3989
ML-DSA,sign,44,207560,3990
ML-DSA,sign,44,80152,3991
ML-DSA,sign,44,398795,3992
ML-DSA,sign,44,143942,3993
ML-DSA,sign,44,80221,3994
ML-DSA,sign,44,109003,3995
ML-DSA,sign,44,80224,3996
ML-DSA,sign,44,115061,3997
ML-DSA,sign,44,109045,3998
ML-DSA,sign,44,230306,3999
ML-DSA,sign,44,80168,4000
ML-DSA,sign,44,143850,4001
ML-DSA,sign,44,293908,4002
ML-DSA,sign,44,80143,4003
ML-DSA,sign,44,265096,4004
ML-DSA,sign,44,115105,4005
ML-DSA,sign,44,80225,4006
ML-DSA,sign,44,137777,4007
ML-DSA,sign,44,115123,4008
ML-DSA,sign,44,115129,4009
ML-DSA,sign,44,172674,4010
ML-DSA,sign,44,109111,4011
ML-DSA,sign,44,213748,4012
ML-DSA,sign,44,115089,4013
ML-DSA,sign,44,299962,4014
ML-DSA,sign,44,80177,4015
ML-DSA,sign,44,80150,4016
ML-DSA,sign,44,80191,4017
ML-DSA,sign,44,115227,4018
ML-DSA,sign,44,236379,4019
ML-DSA,sign,44,207644,4020
ML-DSA,sign,44,478924,4021
ML-DSA,sign,44,150032,4022
ML-DSA,sign,44,80219,4023
ML-DSA,sign,44,80212,4024
ML-DSA,sign,44,109015,4025
ML-DSA,sign,44,115089,4026
ML-DSA,sign,44,271256,4027
ML-DSA,sign,44,172712,4028
ML-DSA,sign,44,80156,4029
ML-DSA,sign,44,733747,4030
ML-DSA,sign,44,166525,4031
ML-DSA,sign,44,207529,4032
ML-DSA,sign,44,80156,4033
ML-DSA,sign,44,172706,4034
ML-DSA,sign,44,618652,4035
ML-DSA,sign,44,252882,4036
ML-DSA,sign,44,201496,4037
ML-DSA,sign,44,115135,4038
ML-DSA,sign,44,80202,4039
ML-DSA,sign,44,242517,4040
ML-DSA,sign,44,80200,4041
ML-DSA,sign,44,178840,4042
ML-DSA,sign,44,376002,4043
ML-DSA,sign,44,150035,4044
ML-DSA,sign,44,80235,4045
ML-DSA,sign,44,236252,4046
ML-DSA,sign,44,236454,4047
ML-DSA,sign,44,172604,4048
ML-DSA,sign,44,271282,4049
ML-DSA,sign,44,80211,4050
ML-DSA,sign,44,166660,4051
ML-DSA,sign,44,80175,4052
ML-DSA,sign,44,236239,4053
ML-DSA,sign,44,80241,4054
ML-DSA,sign,44,172638,4055
ML-DSA,sign,44,143963,4056
ML-DSA,sign,44,80153,4057
ML-DSA,sign,44,80226,4058
ML-DSA,sign,44,322875,4059
ML-DSA,sign,44,316806,4060
ML-DSA,sign,44,80209,4061
ML-DSA,sign,44,80179,4062
ML-DSA,sign,44,248544,4063
ML-DSA,sign,44,115160,4064
ML-DSA,sign,44,550377,4065
ML-DSA,sign,44,300122,4066
ML-DSA,sign,44,108961,4067
ML-DSA,sign,44,195292,4068
ML-DSA,sign,44,542601,4069
ML-DSA,sign,44,137787,4070
ML-DSA,sign,44,109016,4071
ML-DSA,sign,44,115083,4072
ML-DSA,sign,44,137742,4073
ML-DSA,sign,44,80203,4074
ML-DSA,sign,44,242521,4075
ML-DSA,sign,44,109028,4076
ML-DSA,sign,44,80214,4077
ML-DSA,sign,44,80127,4078
ML-DSA,sign,44,306302,4079
ML-DSA,sign,44,80202,4080
ML-DSA,sign,44,242381,4081
ML-DSA,sign,44,248500,4082
ML-DSA,sign,44,172735,4083
ML-DSA,sign,44,143917,4084
ML-DSA,sign,44,213816,4085
ML-DSA,sign,44,392549,4086
ML-DSA,sign,44,143878,4087
ML-DSA,sign,44,143929,4088
ML-DSA,sign,44,80192,4089
ML-DSA,sign,44,507872,4090
ML-DSA,sign,44,80163,4091
ML-DSA,sign,44,109051,4092
ML-DSA,sign,44,236395,4093
ML-DSA,sign,44,433883,4094
ML-DSA,sign,44,109000,4095
ML-DSA,sign,44,80183,4096
ML-DSA,sign,44,115048,4097
ML-DSA,sign,44,80182,4098
ML-DSA,sign,44,201363,4099
ML-DSA,sign,44,115105,4100
ML-DSA,sign,44,236281,4101
ML-DSA,sign,44,224222,4102
ML-DSA,sign,44,80189,4103
ML-DSA,sign,44,80195,4104
ML-DSA,sign,44,108976,4105
ML-DSA,sign,44,137742,4106
ML-DSA,sign,44,421313,4107
ML-DSA,sign,44,108938,4108
ML-DSA,sign,44,392842,4109
ML-DSA,sign,44,80152,4110
ML-DSA,sign,44,287894,4111
ML-DSA,sign,44,178850,4112
ML-DSA,sign,44,491095,4113
ML-DSA,sign,44,80221,4114
ML-DSA,sign,44,109031,4115
ML-DSA,sign,44,137803,4116
ML-DSA,sign,44,143908,4117
ML-DSA,sign,44,80219,4118
ML-DSA,sign,44,115044,4119
ML-DSA,sign,44,108938,4120
ML-DSA,sign,44,334963,4121
ML-DSA,sign,44,80182,4122
ML-DSA,sign,44,150107,4123
ML-DSA,sign,44,80179,4124
ML-DSA,sign,44,236404,4125
ML-DSA,sign,44,172625,4126
ML-DSA,sign,44,195365,4127
ML-DSA,sign,44,526351,4128
ML-DSA,sign,44,80152,4129
ML-DSA,sign,44,207624,4130
ML-DSA,sign,44,721351,4131
ML-DSA,sign,44,80177,4132
ML-DSA,sign,44,80146,4133
ML-DSA,sign,44,143903,4134
ML-DSA,sign,44,80173,4135
ML-DSA,sign,44,172770,4136
ML-DSA,sign,44,108995,4137
ML-DSA,sign,44,334990,4138
ML-DSA,sign,44,80221,4139
ML-DSA,sign,44,242534,4140
ML-DSA,sign,44,80214,4141
ML-DSA,sign,44,519818,4142
ML-DSA,sign,44,213619,4143
ML-DSA,sign,44,207567,4144
ML-DSA,sign,44,137863,4145
ML-DSA,sign,44,172715,4146
ML-DSA,sign,44,172597,4147
ML-DSA,sign,44,415235,4148
ML-DSA,sign,44,108919,4149
ML-DSA,sign,44,115147,4150
ML-DSA,sign,44,219803,4151
ML-DSA,sign,44,109029,4152
ML-DSA,sign,44,230250,4153
ML-DSA,sign,44,445746,4154
ML-DSA,sign,44,137779,4155
ML-DSA,sign,44,80152,4156
ML-DSA,sign,44,357610,4157
ML-DSA,sign,44,80169,4158
ML-DSA,sign,44,172839,4159
ML-DSA,sign,44,137801,4160
ML-DSA,sign,44,115047,4161
ML-DSA,sign,44,143828,4162
ML-DSA,sign,44,108999,4163
ML-DSA,sign,44,115066,4164
ML-DSA,sign,44,80195,4165
ML-DSA,sign,44,80159,4166
ML-DSA,sign,44,80211,4167
ML-DSA,sign,44,214089,4168
ML-DSA,sign,44,277427,4169
ML-DSA,sign,44,172742,4170
ML-DSA,sign,44,143896,4171
ML-DSA,sign,44,80232,4172
ML-DSA,sign,44,201539,4173
ML-DSA,sign,44,143859,4174
ML-DSA,sign,44,143920,4175
ML-DSA,sign,44,80203,4176
ML-DSA,sign,44,166508,4177
ML-DSA,sign,44,109059,4178
ML-DSA,sign,44,80235,4179
ML-DSA,sign,44,108972,4180
ML-DSA,sign,44,109032,4181
ML-DSA,sign,44,80201,4182
ML-DSA,sign,44,277414,4183
ML-DSA,sign,44,80258,4184
ML-DSA,sign,44,137785,4185
ML-DSA,sign,44,80222,4186
ML-DSA,sign,44,166582,4187
ML-DSA,sign,44,207657,4188
ML-DSA,sign,44,115067,4189
ML-DSA,sign,44,398707,4190
ML-DSA,sign,44,513921,4191
ML-DSA,sign,44,115106,4192
ML-DSA,sign,44,657802,4193
ML-DSA,sign,44,236544,4194
ML-DSA,sign,44,201552,4195
ML-DSA,sign,44,195432,4196
ML-DSA,sign,44,109070,4197
ML-DSA,sign,44,137677,4198
ML-DSA,sign,44,137785,4199
ML-DSA,sign,44,80158,4200
ML-DSA,sign,44,316660,4201
ML-DSA,sign,44,80166,4202
ML-DSA,sign,44,80284,4203
ML-DSA,sign,44,178815,4204
ML-DSA,sign,44,166576,4205
ML-DSA,sign,44,80154,4206
ML-DSA,sign,44,392684,4207
ML-DSA,sign,44,259154,4208
ML-DSA,sign,44,80158,4209
ML-DSA,sign,44,109001,4210
ML-DSA,sign,44,143886,4211
ML-DSA,sign,44,108988,4212
ML-DSA,sign,44,201416,4213
ML-DSA,sign,44,108910,4214
ML-DSA,sign,44,213782,4215
ML-DSA,sign,44,265245,4216
ML-DSA,sign,44,287859,4217
ML-DSA,sign,44,357762,4218
ML-DSA,sign,44,236442,4219
ML-DSA,sign,44,115106,4220
ML-DSA,sign,44,341094,4221
ML-DSA,sign,44,172763,4222
ML-DSA,sign,44,80181,4223
ML-DSA,sign,44,374298,4224
ML-DSA,sign,44,271318,4225
ML-DSA,sign,44,143863,4226
ML-DSA,sign,44,433507,4227
ML-DSA,sign,44,80137,4228
ML-DSA,sign,44,334867,4229
ML-DSA,sign,44,115118,4230
ML-DSA,sign,44,80163,4231
ML-DSA,sign,44,137789,4232
ML-DSA,sign,44,143907,4233
ML-DSA,sign,44,80211,4234
ML-DSA,sign,44,172725,4235
ML-DSA,sign,44,172644,4236
ML-DSA,sign,44,259069,4237
ML-DSA,sign,44,80169,4238
ML-DSA,sign,44,108897,4239
ML-DSA,sign,44,80190,4240
ML-DSA,sign,44,143926,4241
ML-DSA,sign,44,520100,4242
ML-DSA,sign,44,207623,4243
ML-DSA,sign,44,143905,4244
ML-DSA,sign,44,80132,4245
ML-DSA,sign,44,115115,4246
ML-DSA,sign,44,115102,4247
ML-DSA,sign,44,115116,4248
ML-DSA,sign,44,172775,4249
ML-DSA,sign,44,288012,4250
ML-DSA,sign,44,143832,4251
ML-DSA,sign,44,109006,4252
ML-DSA,sign,44,207544,4253
ML-DSA,sign,44,172647,4254
ML-DSA,sign,44,80166,4255
ML-DSA,sign,44,80173,4256
ML-DSA,sign,44,115130,4257
ML-DSA,sign,44,265105,4258
ML-DSA,sign,44,271277,4259
ML-DSA,sign,44,150013,4260
ML-DSA,sign,44,172651,4261
ML-DSA,sign,44,201477,4262
ML-DSA,sign,44,143934,4263
ML-DSA,sign,44,236321,4264
ML-DSA,sign,44,404931,4265
ML-DSA,sign,44,143873,4266
ML-DSA,sign,44,143912,4267
ML-DSA,sign,44,230369,4268
ML-DSA,sign,44,143862,4269
ML-DSA,sign,44,143940,4270
ML-DSA,sign,44,172714,4271
ML-DSA,sign,44,213612,4272
ML-DSA,sign,44,271307,4273
ML-DSA,sign,44,213786,4274
ML-DSA,sign,44,230280,4275
ML-DSA,sign,44,207449,4276
ML-DSA,sign,44,201437,4277
ML-DSA,sign,44,80167,4278
ML-DSA,sign,44,80261,4279
ML-DSA,sign,44,80152,4280
ML-DSA,sign,44,109041,4281
ML-DSA,sign,44,80180,4282
ML-DSA,sign,44,178783,4283
ML-DSA,sign,44,137752,4284
ML-DSA,sign,44,80153,4285
ML-DSA,sign,44,108973,4286
ML-DSA,sign,44,230426,4287
ML-DSA,sign,44,179185,4288
ML-DSA,sign,44,172651,4289
ML-DSA,sign,44,230283,4290
ML-DSA,sign,44,115067,4291
ML-DSA,sign,44,172678,4292
ML-DSA,sign,44,108952,4293
ML-DSA,sign,44,80211,4294
ML-DSA,sign,44,149998,4295
ML-DSA,sign,44,143941,4296
ML-DSA,sign,44,172608,4297
ML-DSA,sign,44,80151,4298
ML-DSA,sign,44,80249,4299
ML-DSA,sign,44,108994,4300
ML-DSA,sign,44,172674,4301
ML-DSA,sign,44,271388,4302
ML-DSA,sign,44,409172,4303
ML-DSA,sign,44,80216,4304
ML-DSA,sign,44,143953,4305
ML-DSA,sign,44,328955,4306
ML-DSA,sign,44,137771,4307
ML-DSA,sign,44,109025,4308
ML-DSA,sign,44,271201,4309
ML-DSA,sign,44,230241,4310
ML-DSA,sign,44,201534,4311
ML-DSA,sign,44,137788,4312
ML-DSA,sign,44,178877,4313
ML-DSA,sign,44,334935,4314
ML-DSA,sign,44,207568,4315
ML-DSA,sign,44,80221,4316
ML-DSA,sign,44,108941,4317
ML-DSA,sign,44,236427,4318
ML-DSA,sign,44,230286,4319
ML-DSA,sign,44,290031,4320
ML-DSA,sign,44,80224,4321
ML-DSA,sign,44,271224,4322
ML-DSA,sign,44,201472,4323
ML-DSA,sign,44,230281,4324
ML-DSA,sign,44,80214,4325
ML-DSA,sign,44,80199,4326
ML-DSA,sign,44,172638,4327
ML-DSA,sign,44,230316,4328
ML-DSA,sign,44,178905,4329
ML-DSA,sign,44,115041,4330
ML-DSA,sign,44,108998,4331
ML-DSA,sign,44,80148,4332
ML-DSA,sign,44,437839,4333
ML-DSA,sign,44,109019,4334
ML-DSA,sign,44,80183,4335
ML-DSA,sign,44,80192,4336
ML-DSA,sign,44,108978,4337
ML-DSA,sign,44,178735,4338
ML-DSA,sign,44,271153,4339
ML-DSA,sign,44,207588,4340
ML-DSA,sign,44,115156,4341
ML-DSA,sign,44,80134,4342
ML-DSA,sign,44,172676,4343
ML-DSA,sign,44,265270,4344
ML-DSA,sign,44,293948,4345
ML-DSA,sign,44,415339,4346
ML-DSA,sign,44,184971,4347
ML-DSA,sign,44,137839,4348
ML-DSA,sign,44,80170,4349
ML-DSA,sign,44,143896,4350
ML-DSA,sign,44,172765,4351
ML-DSA,sign,44,172605,4352
ML-DSA,sign,44,293913,4353
ML-DSA,sign,44,242406,4354
ML-DSA,sign,44,80222,4355
ML-DSA,sign,44,207605,4356
ML-DSA,sign,44,236352,4357
ML-DSA,sign,44,143855,4358
ML-DSA,sign,44,80206,4359
ML-DSA,sign,44,213725,4360
ML-DSA,sign,44,137823,4361
ML-DSA,sign,44,230275,4362
ML-DSA,sign,44,236269,4363
ML-DSA,sign,44,115075,4364
ML-DSA,sign,44,357736,4365
ML-DSA,sign,44,80222,4366
ML-DSA,sign,44,392718,4367
ML-DSA,sign,44,150062,4368
ML-DSA,sign,44,242580,4369
ML-DSA,sign,44,184816,4370
ML-DSA,sign,44,143871,4371
ML-DSA,sign,44,143994,4372
ML-DSA,sign,44,172614,4373
ML-DSA,sign,44,172817,4374
ML-DSA,sign,44,472750,4375
ML-DSA,sign,44,115147,4376
ML-DSA,sign,44,115111,4377
ML-DSA,sign,44,306149,4378
ML-DSA,sign,44,108977,4379
ML-DSA,sign,44,242491,4380
ML-DSA,sign,44,172695,4381
ML-DSA,sign,44,109024,4382
ML-DSA,sign,44,80153,4383
ML-DSA,sign,44,80197,4384
ML-DSA,sign,44,108975,4385
ML-DSA,sign,44,108924,4386
ML-DSA,sign,44,468472,4387
ML-DSA,sign,44,392740,4388
ML-DSA,sign,44,242435,4389
ML-DSA,sign,44,347630,4390
ML-DSA,sign,44,201536,4391
ML-DSA,sign,44,195414,4392
ML-DSA,sign,44,80167,4393
ML-DSA,sign,44,80139,4394
ML-DSA,sign,44,265055,4395
ML-DSA,sign,44,80191,4396
ML-DSA,sign,44,201414,4397
ML-DSA,sign,44,115068,4398
ML-DSA,sign,44,166601,4399
ML-DSA,sign,44,318256,4400
ML-DSA,sign,44,115092,4401
ML-DSA,sign,44,236503,4402
ML-DSA,sign,44,108935,4403
ML-DSA,sign,44,143880,4404
ML-DSA,sign,44,109039,4405
ML-DSA,sign,44,80195,4406
ML-DSA,sign,44,80214,4407
ML-DSA,sign,44,347553,4408
ML-DSA,sign,44,236344,4409
ML-DSA,sign,44,80179,4410
ML-DSA,sign,44,287908,4411
ML-DSA,sign,44,143819,4412
ML-DSA,sign,44,532280,4413
ML-DSA,sign,44,201404,4414
ML-DSA,sign,44,109008,4415
ML-DSA,sign,44,178751,4416
ML-DSA,sign,44,271207,4417
ML-DSA,sign,44,201487,4418
ML-DSA,sign,44,507920,4419
ML-DSA,sign,44,195307,4420
ML-DSA,sign,44,109053,4421
ML-DSA,sign,44,115121,4422
ML-DSA,sign,44,433391,4423
ML-DSA,sign,44,201497,4424
ML-DSA,sign,44,213720,4425
ML-DSA,sign,44,143949,4426
ML-DSA,sign,44,108944,4427
ML-DSA,sign,44,201385,4428
ML-DSA,sign,44,357842,4429
ML-DSA,sign,44,306184,4430
ML-DSA,sign,44,143851,4431
ML-DSA,sign,44,398753,4432
ML-DSA,sign,44,80156,4433
ML-DSA,sign,44,172618,4434
ML-DSA,sign,44,316646,4435
ML-DSA,sign,44,178727,4436
ML-DSA,sign,44,219849,4437
ML-DSA,sign,44,115171,4438
ML-DSA,sign,44,115084,4439
ML-DSA,sign,44,80198,4440
ML-DSA,sign,44,172700,4441
ML-DSA,sign,44,345714,4442
ML-DSA,sign,44,80187,4443
ML-DSA,sign,44,137780,4444
ML-DSA,sign,44,80193,4445
ML-DSA,sign,44,109001,4446
ML-DSA,sign,44,236394,4447
ML-DSA,sign,44,178791,4448
ML-DSA,sign,44,137811,4449
ML-DSA,sign,44,201518,4450
ML-DSA,sign,44,80190,4451
ML-DSA,sign,44,207537,4452
ML-DSA,sign,44,80217,4453
ML-DSA,sign,44,201395,4454
ML-DSA,sign,44,80177,4455
ML-DSA,sign,44,80185,4456
ML-DSA,sign,44,253074,4457
ML-DSA,sign,44,80194,4458
ML-DSA,sign,44,178789,4459
ML-DSA,sign,44,80205,4460
ML-DSA,sign,44,172688,4461
ML-DSA,sign,44,80174,4462
ML-DSA,sign,44,115056,4463
ML-DSA,sign,44,80193,4464
ML-DSA,sign,44,109053,4465
ML-DSA,sign,44,108945,4466
ML-DSA,sign,44,80221,4467
ML-DSA,sign,44,150173,4468
ML-DSA,sign,44,149949,4469
ML-DSA,sign,44,242468,4470
ML-DSA,sign,44,172651,4471
ML-DSA,sign,44,137785,4472
ML-DSA,sign,44,242471,4473
ML-DSA,sign,44,80232,4474
ML-DSA,sign,44,143842,4475
ML-DSA,sign,44,207555,4476
ML-DSA,sign,44,781294,4477
ML-DSA,sign,44,542606,4478
ML-DSA,sign,44,109004,4479
ML-DSA,sign,44,80150,4480
ML-DSA,sign,44,137721,4481
ML-DSA,sign,44,80199,4482
ML-DSA,sign,44,108980,4483
ML-DSA,sign,44,109042,4484
ML-DSA,sign,44,115069,4485
ML-DSA,sign,44,108943,4486
ML-DSA,sign,44,271388,4487
ML-DSA,sign,44,108932,4488
ML-DSA,sign,44,109120,4489
ML-DSA,sign,44,115101,4490
ML-DSA,sign,44,109042,4491
ML-DSA,sign,44,108926,4492
ML-DSA,sign,44,137739,4493
ML-DSA,sign,44,606475,4494
ML-DSA,sign,44,398615,4495
ML-DSA,sign,44,115149,4496
ML-DSA,sign,44,398687,4497
ML-DSA,sign,44,201588,4498
ML-DSA,sign,44,201659,4499
ML-DSA,sign,44,108992,4500
ML-DSA,sign,44,201462,4501
ML-DSA,sign,44,137816,4502
ML-DSA,sign,44,271408,4503
ML-DSA,sign,44,201458,4504
ML-DSA,sign,44,109038,4505
ML-DSA,sign,44,108999,4506
ML-DSA,sign,44,172738,4507
ML-DSA,sign,44,398616,4508
ML-DSA,sign,44,207525,4509
ML-DSA,sign,44,115084,4510
ML-DSA,sign,44,80153,4511
ML-DSA,sign,44,108980,4512
ML-DSA,sign,44,294114,4513
ML-DSA,sign,44,172730,4514
ML-DSA,sign,44,80172,4515
ML-DSA,sign,44,287846,4516
ML-DSA,sign,44,345499,4517
ML-DSA,sign,44,207641,4518
ML-DSA,sign,44,80194,4519
ML-DSA,sign,44,143954,4520
ML-DSA,sign,44,207579,4521
ML-DSA,sign,44,109049,4522
ML-DSA,sign,44,80175,4523
ML-DSA,sign,44,80219,4524
ML-DSA,sign,44,80205,4525
ML-DSA,sign,44,143886,4526
ML-DSA,sign,44,115087,4527
ML-DSA,sign,44,178699,4528
ML-DSA,sign,44,213712,4529
ML-DSA,sign,44,207589,4530
ML-DSA,sign,44,80161,4531
ML-DSA,sign,44,347254,4532
ML-DSA,sign,44,80162,4533
ML-DSA,sign,44,143852,4534
ML-DSA,sign,44,80169,4535
ML-DSA,sign,44,149979,4536
ML-DSA,sign,44,80190,4537
ML-DSA,sign,44,80164,4538
ML-DSA,sign,44,172703,4539
ML-DSA,sign,44,242461,4540
ML-DSA,sign,44,115181,4541
ML-DSA,sign,44,166658,4542
ML-DSA,sign,44,80170,4543
ML-DSA,sign,44,248871,4544
ML-DSA,sign,44,80210,4545
ML-DSA,sign,44,80159,4546
ML-DSA,sign,44,80167,4547
ML-DSA,sign,44,392574,4548
ML-DSA,sign,44,109080,4549
ML-DSA,sign,44,80194,4550
ML-DSA,sign,44,80159,4551
ML-DSA,sign,44,178793,4552
ML-DSA,sign,44,300027,4553
ML-DSA,sign,44,172595,4554
ML-DSA,sign,44,115162,4555
ML-DSA,sign,44,80211,4556
ML-DSA,sign,44,513971,4557
ML-DSA,sign,44,334942,4558
ML-DSA,sign,44,115143,4559
ML-DSA,sign,44,80181,4560
ML-DSA,sign,44,172664,4561
ML-DSA,sign,44,201430,4562
ML-DSA,sign,44,109009,4563
ML-DSA,sign,44,108920,4564
ML-DSA,sign,44,115092,4565
ML-DSA,sign,44,115073,4566
ML-DSA,sign,44,109005,4567
ML-DSA,sign,44,137751,4568
ML-DSA,sign,44,357608,4569
ML-DSA,sign,44,178813,4570
ML-DSA,sign,44,201467,4571
ML-DSA,sign,44,207636,4572
ML-DSA,sign,44,80198,4573
ML-DSA,sign,44,143887,4574
ML-DSA,sign,44,357635,4575
ML-DSA,sign,44,108996,4576
ML-DSA,sign,44,137880,4577
ML-DSA,sign,44,137781,4578
ML-DSA,sign,44,80161,4579
ML-DSA,sign,44,230281,4580
ML-DSA,sign,44,271280,4581
ML-DSA,sign,44,80236,4582
ML-DSA,sign,44,421366,4583
ML-DSA,sign,44,80210,4584
ML-DSA,sign,44,108992,4585
ML-DSA,sign,44,172759,4586
ML-DSA,sign,44,544375,4587
ML-DSA,sign,44,137752,4588
ML-DSA,sign,44,80241,4589
ML-DSA,sign,44,230298,4590
ML-DSA,sign,44,115084,4591
ML-DSA,sign,44,236307,4592
ML-DSA,sign,44,80205,4593
ML-DSA,sign,44,80196,4594
ML-DSA,sign,44,80233,4595
ML-DSA,sign,44,195385,4596
ML-DSA,sign,44,80164,4597
ML-DSA,sign,44,80214,4598
ML-DSA,sign,44,108954,4599
ML-DSA,sign,44,143873,4600
ML-DSA,sign,44,80158,4601
ML-DSA,sign,44,115045,4602
ML-DSA,sign,44,80160,4603
ML-DSA,sign,44,80222,4604
ML-DSA,sign,44,242561,4605
ML-DSA,sign,44,316618,4606
ML-DSA,sign,44,166528,4607
ML-DSA,sign,44,184961,4608
ML-DSA,sign,44,80183,4609
ML-DSA,sign,44,259088,4610
ML-DSA,sign,44,137773,4611
ML-DSA,sign,44,207598,4612
ML-DSA,sign,44,108940,4613
ML-DSA,sign,44,172627,4614
ML-DSA,sign,44,115086,4615
ML-DSA,sign,44,201385,4616
ML-DSA,sign,44,172751,4617
ML-DSA,sign,44,80208,4618
ML-DSA,sign,44,80170,4619
ML-DSA,sign,44,115181,4620
ML-DSA,sign,44,213709,4621
ML-DSA,sign,44,108961,4622
ML-DSA,sign,44,178825,4623
ML-DSA,sign,44,143915,4624
ML-DSA,sign,44,207628,4625
ML-DSA,sign,44,115097,4626
ML-DSA,sign,44,265059,4627
ML-DSA,sign,44,109000,4628
ML-DSA,sign,44,271224,4629
ML-DSA,sign,44,207501,4630
ML-DSA,sign,44,109005,4631
ML-DSA,sign,44,230398,4632
ML-DSA,sign,44,143772,4633
ML-DSA,sign,44,80196,4634
ML-DSA,sign,44,150028,4635
ML-DSA,sign,44,80193,4636
ML-DSA,sign,44,230375,4637
ML-DSA,sign,44,230299,4638
ML-DSA,sign,44,80180,4639
ML-DSA,sign,44,328725,4640
ML-DSA,sign,44,108988,4641
ML-DSA,sign,44,137802,4642
ML-DSA,sign,44,80205,4643
ML-DSA,sign,44,328748,4644
ML-DSA,sign,44,115072,4645
ML-DSA,sign,44,271256,4646
ML-DSA,sign,44,80159,4647
ML-DSA,sign,44,236335,4648
ML-DSA,sign,44,108993,4649
ML-DSA,sign,44,178844,4650
ML-DSA,sign,44,143895,4651
ML-DSA,sign,44,143912,4652
ML-DSA,sign,44,248653,4653
ML-DSA,sign,44,143974,4654
ML-DSA,sign,44,80218,4655
ML-DSA,sign,44,137749,4656
ML-DSA,sign,44,363830,4657
ML-DSA,sign,44,115087,4658
ML-DSA,sign,44,172649,4659
ML-DSA,sign,44,277491,4660
ML-DSA,sign,44,484968,4661
ML-DSA,sign,44,207715,4662
ML-DSA,sign,44,115057,4663
ML-DSA,sign,44,115076,4664
ML-DSA,sign,44,137651,4665
ML-DSA,sign,44,178762,4666
ML-DSA,sign,44,248517,4667
ML-DSA,sign,44,201405,4668
ML-DSA,sign,44,149969,4669
ML-DSA,sign,44,109073,4670
ML-DSA,sign,44,80157,4671
ML-DSA,sign,44,80197,4672
ML-DSA,sign,44,108972,4673
ML-DSA,sign,44,248675,4674
ML-DSA,sign,44,242590,4675
ML-DSA,sign,44,80210,4676
ML-DSA,sign,44,213625,4677
ML-DSA,sign,44,236467,4678
ML-DSA,sign,44,80178,4679
ML-DSA,sign,44,80167,4680
ML-DSA,sign,44,178897,4681
ML-DSA,sign,44,108932,4682
ML-DSA,sign,44,143918,4683
ML-DSA,sign,44,108977,4684
ML-DSA,sign,44,172712,4685
ML-DSA,sign,44,207618,4686
ML-DSA,sign,44,108991,4687
ML-DSA,sign,44,370018,4688
ML-DSA,sign,44,80190,4689
ML-DSA,sign,44,143922,4690
ML-DSA,sign,44,213696,4691
ML-DSA,sign,44,201531,4692
ML-DSA,sign,44,207649,4693
ML-DSA,sign,44,230403,4694
ML-DSA,sign,44,172683,4695
ML-DSA,sign,44,392608,4696
ML-DSA,sign,44,80220,4697
ML-DSA,sign,44,172735,4698
ML-DSA,sign,44,115080,4699
ML-DSA,sign,44,109074,4700
ML-DSA,sign,44,80234,4701
ML-DSA,sign,44,137749,4702
ML-DSA,sign,44,542536,4703
ML-DSA,sign,44,172637,4704
ML-DSA,sign,44,172614,4705
ML-DSA,sign,44,242541,4706
ML-DSA,sign,44,357704,4707
ML-DSA,sign,44,108935,4708
ML-DSA,sign,44,166579,4709
ML-DSA,sign,44,149892,4710
ML-DSA,sign,44,259085,4711
ML-DSA,sign,44,80179,4712
ML-DSA,sign,44,265157,4713
ML-DSA,sign,44,115027,4714
ML-DSA,sign,44,137781,4715
ML-DSA,sign,44,265280,4716
ML-DSA,sign,44,80242,4717
ML-DSA,sign,44,242560,4718
ML-DSA,sign,44,80239,4719
ML-DSA,sign,44,143889,4720
ML-DSA,sign,44,536596,4721
ML-DSA,sign,44,80162,4722
ML-DSA,sign,44,108942,4723
ML-DSA,sign,44,80180,4724
ML-DSA,sign,44,242467,4725
ML-DSA,sign,44,363795,4726
ML-DSA,sign,44,357716,4727
ML-DSA,sign,44,80143,4728
ML-DSA,sign,44,80202,4729
ML-DSA,sign,44,172722,4730
ML-DSA,sign,44,178875,4731
ML-DSA,sign,44,172742,4732
ML-DSA,sign,44,178842,4733
ML-DSA,sign,44,80206,4734
ML-DSA,sign,44,207513,4735
ML-DSA,sign,44,80146,4736
ML-DSA,sign,44,236405,4737
ML-DSA,sign,44,143855,4738
ML-DSA,sign,44,80152,4739
ML-DSA,sign,44,143907,4740
ML-DSA,sign,44,80171,4741
ML-DSA,sign,44,137803,4742
ML-DSA,sign,44,328894,4743
ML-DSA,sign,44,80202,4744
ML-DSA,sign,44,271329,4745
ML-DSA,sign,44,335011,4746
ML-DSA,sign,44,80150,4747
ML-DSA,sign,44,137751,4748
ML-DSA,sign,44,108979,4749
ML-DSA,sign,44,265213,4750
ML-DSA,sign,44,207597,4751
ML-DSA,sign,44,647377,4752
ML-DSA,sign,44,108980,4753
ML-DSA,sign,44,178770,4754
ML-DSA,sign,44,80206,4755
ML-DSA,sign,44,80156,4756
ML-DSA,sign,44,108930,4757
ML-DSA,sign,44,108987,4758
ML-DSA,sign,44,108897,4759
ML-DSA,sign,44,80149,4760
ML-DSA,sign,44,178826,4761
ML-DSA,sign,44,80154,4762
ML-DSA,sign,44,115109,4763
ML-DSA,sign,44,150014,4764
ML-DSA,sign,44,108976,4765
ML-DSA,sign,44,80174,4766
ML-DSA,sign,44,80169,4767
ML-DSA,sign,44,115077,4768
ML-DSA,sign,44,80157,4769
ML-DSA,sign,44,392550,4770
ML-DSA,sign,44,115049,4771
ML-DSA,sign,44,109021,4772
ML-DSA,sign,44,137757,4773
ML-DSA,sign,44,109055,4774
ML-DSA,sign,44,236369,4775
ML-DSA,sign,44,178726,4776
ML-DSA,sign,44,259200,4777
ML-DSA,sign,44,115083,4778
ML-DSA,sign,44,421428,4779
ML-DSA,sign,44,137740,4780
ML-DSA,sign,44,109024,4781
ML-DSA,sign,44,150052,4782
ML-DSA,sign,44,143874,4783
ML-DSA,sign,44,357807,4784
ML-DSA,sign,44,137774,4785
ML-DSA,sign,44,80130,4786
ML-DSA,sign,44,108956,4787
ML-DSA,sign,44,299953,4788
ML-DSA,sign,44,456217,4789
ML-DSA,sign,44,80232,4790
ML-DSA,sign,44,109023,4791
ML-DSA,sign,44,143968,4792
ML-DSA,sign,44,109030,4793
ML-DSA,sign,44,143904,4794
ML-DSA,sign,44,80203,4795
ML-DSA,sign,44,137713,4796
ML-DSA,sign,44,108944,4797
ML-DSA,sign,44,166663,4798
ML-DSA,sign,44,80135,4799
ML-DSA,sign,44,80180,4800
ML-DSA,sign,44,80229,4801
ML-DSA,sign,44,143801,4802
ML-DSA,sign,44,178920,4803
ML-DSA,sign,44,80163,4804
ML-DSA,sign,44,462195,4805
ML-DSA,sign,44,80178,4806
ML-DSA,sign,44,108950,4807
ML-DSA,sign,44,404839,4808
ML-DSA,sign,44,109009,4809
ML-DSA,sign,44,137759,4810
ML-DSA,sign,44,172708,4811
ML-DSA,sign,44,433574,4812
ML-DSA,sign,44,357747,4813
ML-DSA,sign,44,172749,4814
ML-DSA,sign,44,109029,4815
ML-DSA,sign,44,108972,4816
ML-DSA,sign,44,137789,4817
ML-DSA,sign,44,172608,4818
ML-DSA,sign,44,137707,4819
ML-DSA,sign,44,341090,4820
ML-DSA,sign,44,242546,4821
ML-DSA,sign,44,252972,4822
ML-DSA,sign,44,143952,4823
ML-DSA,sign,44,357775,4824
ML-DSA,sign,44,686715,4825
ML-DSA,sign,44,137927,4826
ML-DSA,sign,44,259181,4827
ML-DSA,sign,44,351506,4828
ML-DSA,sign,44,109036,4829
ML-DSA,sign,44,392564,4830
ML-DSA,sign,44,178880,4831
ML-DSA,sign,44,115082,4832
ML-DSA,sign,44,380363,4833
ML-DSA,sign,44,80204,4834
ML-DSA,sign,44,386503,4835
ML-DSA,sign,44,137755,4836
ML-DSA,sign,44,172666,4837
ML-DSA,sign,44,415443,4838
ML-DSA,sign,44,115131,4839
ML-DSA,sign,44,172652,4840
ML-DSA,sign,44,80129,4841
ML-DSA,sign,44,137752,4842
ML-DSA,sign,44,80234,4843
ML-DSA,sign,44,437793,4844
ML-DSA,sign,44,236437,4845
ML-DSA,sign,44,219805,4846
ML-DSA,sign,44,201571,4847
ML-DSA,sign,44,143919,4848
ML-DSA,sign,44,80155,4849
ML-DSA,sign,44,207667,4850
ML-DSA,sign,44,115152,4851
ML-DSA,sign,44,137804,4852
ML-DSA,sign,44,143811,4853
ML-DSA,sign,44,80222,4854
ML-DSA,sign,44,109006,4855
ML-DSA,sign,44,184939,4856
ML-DSA,sign,44,236304,4857
ML-DSA,sign,44,143918,4858
ML-DSA,sign,44,109000,4859
ML-DSA,sign,44,143885,4860
ML-DSA,sign,44,115130,4861
ML-DSA,sign,44,80168,4862
ML-DSA,sign,44,80156,4863
ML-DSA,sign,44,115120,4864
ML-DSA,sign,44,115049,4865
ML-DSA,sign,44,80170,4866
ML-DSA,sign,44,108937,4867
ML-DSA,sign,44,213609,4868
ML-DSA,sign,44,143863,4869
ML-DSA,sign,44,143977,4870
ML-DSA,sign,44,201574,4871
ML-DSA,sign,44,341036,4872
ML-DSA,sign,44,80202,4873
ML-DSA,sign,44,80141,4874
ML-DSA,sign,44,137753,4875
ML-DSA,sign,44,328814,4876
ML-DSA,sign,44,172706,4877
ML-DSA,sign,44,236449,4878
ML-DSA,sign,44,115199,4879
ML-DSA,sign,44,108989,4880
ML-DSA,sign,44,207523,4881
ML-DSA,sign,44,172785,4882
ML-DSA,sign,44,172726,4883
ML-DSA,sign,44,143888,4884
ML-DSA,sign,44,137785,4885
ML-DSA,sign,44,491284,4886
ML-DSA,sign,44,108988,4887
ML-DSA,sign,44,115085,4888
ML-DSA,sign,44,178751,4889
ML-DSA,sign,44,322696,4890
ML-DSA,sign,44,80152,4891
ML-DSA,sign,44,137834,4892
ML-DSA,sign,44,335000,4893
ML-DSA,sign,44,501346,4894
ML-DSA,sign,44,108980,4895
ML-DSA,sign,44,150078,4896
ML-DSA,sign,44,450211,4897
ML-DSA,sign,44,108948,4898
ML-DSA,sign,44,143925,4899
ML-DSA,sign,44,80143,4900
ML-DSA,sign,44,109027,4901
ML-DSA,sign,44,137678,4902
ML-DSA,sign,44,80151,4903
ML-DSA,sign,44,80151,4904
ML-DSA,sign,44,80137,4905
ML-DSA,sign,44,230318,4906
ML-DSA,sign,44,80168,4907
ML-DSA,sign,44,207643,4908
ML-DSA,sign,44,682131,4909
ML-DSA,sign,44,109055,4910
ML-DSA,sign,44,207617,4911
ML-DSA,sign,44,137781,4912
ML-DSA,sign,44,150055,4913
ML-DSA,sign,44,172662,4914
ML-DSA,sign,44,201614,4915
ML-DSA,sign,44,108945,4916
ML-DSA,sign,44,207523,4917
ML-DSA,sign,44,80154,4918
ML-DSA,sign,44,80169,4919
ML-DSA,sign,44,80164,4920
ML-DSA,sign,44,80218,4921
ML-DSA,sign,44,201529,4922
ML-DSA,sign,44,351498,4923
ML-DSA,sign,44,462287,4924
ML-DSA,sign,44,178862,4925
ML-DSA,sign,44,80213,4926
ML-DSA,sign,44,108960,4927
ML-DSA,sign,44,242597,4928
ML-DSA,sign,44,108983,4929
ML-DSA,sign,44,306142,4930
ML-DSA,sign,44,115093,4931
ML-DSA,sign,44,109035,4932
ML-DSA,sign,44,289637,4933
ML-DSA,sign,44,80216,4934
ML-DSA,sign,44,230462,4935
ML-DSA,sign,44,108952,4936
ML-DSA,sign,44,80182,4937
ML-DSA,sign,44,542778,4938
ML-DSA,sign,44,293938,4939
ML-DSA,sign,44,143873,4940
ML-DSA,sign,44,80230,4941
ML-DSA,sign,44,213733,4942
ML-DSA,sign,44,143860,4943
ML-DSA,sign,44,230351,4944
ML-DSA,sign,44,80204,4945
ML-DSA,sign,44,612466,4946
ML-DSA,sign,44,207579,4947
ML-DSA,sign,44,172662,4948
ML-DSA,sign,44,80189,4949
ML-DSA,sign,44,172748,4950
ML-DSA,sign,44,242416,4951
ML-DSA,sign,44,316711,4952
ML-DSA,sign,44,137865,4953
ML-DSA,sign,44,137785,4954
ML-DSA,sign,44,115098,4955
ML-DSA,sign,44,80197,4956
ML-DSA,sign,44,80195,4957
ML-DSA,sign,44,306432,4958
ML-DSA,sign,44,507945,4959
ML-DSA,sign,44,201574,4960
ML-DSA,sign,44,271286,4961
ML-DSA,sign,44,80183,4962
ML-DSA,sign,44,80199,4963
ML-DSA,sign,44,80228,4964
ML-DSA,sign,44,341065,4965
ML-DSA,sign,44,230303,4966
ML-DSA,sign,44,271315,4967
ML-DSA,sign,44,248627,4968
ML-DSA,sign,44,178768,4969
ML-DSA,sign,44,80159,4970
ML-DSA,sign,44,80149,4971
ML-DSA,sign,44,201533,4972
ML-DSA,sign,44,312370,4973
ML-DSA,sign,44,704679,4974
ML-DSA,sign,44,195467,4975
ML-DSA,sign,44,80214,4976
ML-DSA,sign,44,80170,4977
ML-DSA,sign,44,143865,4978
ML-DSA,sign,44,201449,4979
ML-DSA,sign,44,340980,4980
ML-DSA,sign,44,207612,4981
ML-DSA,sign,44,386397,4982
ML-DSA,sign,44,213680,4983
ML-DSA,sign,44,207490,4984
ML-DSA,sign,44,322656,4985
ML-DSA,sign,44,80218,4986
ML-DSA,sign,44,80215,4987
ML-DSA,sign,44,109043,4988
ML-DSA,sign,44,137831,4989
ML-DSA,sign,44,271261,4990
ML-DSA,sign,44,115151,4991
ML-DSA,sign,44,80210,4992
ML-DSA,sign,44,1156792,4993
ML-DSA,sign,44,143881,4994
ML-DSA,sign,44,137691,4995
ML-DSA,sign,44,306140,4996
ML-DSA,sign,44,137814,4997
ML-DSA,sign,44,184936,4998
ML-DSA,sign,44,178708,4999
ML-DSA,sign,44,271370,5000
ML-DSA,sign,44,80151,5001
ML-DSA,sign,44,115174,5002
ML-DSA,sign,44,271220,5003
ML-DSA,sign,44,109007,5004
ML-DSA,sign,44,271429,5005
ML-DSA,sign,44,143935,5006
ML-DSA,sign,44,80147,5007
ML-DSA,sign,44,312283,5008
ML-DSA,sign,44,137750,5009
ML-DSA,sign,44,363871,5010
ML-DSA,sign,44,242464,5011
ML-DSA,sign,44,739792,5012
ML-DSA,sign,44,80209,5013
ML-DSA,sign,44,259069,5014
ML-DSA,sign,44,108999,5015
ML-DSA,sign,44,293987,5016
ML-DSA,sign,44,259109,5017
ML-DSA,sign,44,143857,5018
ML-DSA,sign,44,178850,5019
ML-DSA,sign,44,207646,5020
ML-DSA,sign,44,213760,5021
ML-DSA,sign,44,80213,5022
ML-DSA,sign,44,109058,5023
ML-DSA,sign,44,80160,5024
ML-DSA,sign,44,115146,5025
ML-DSA,sign,44,236207,5026
ML-DSA,sign,44,108995,5027
ML-DSA,sign,44,109075,5028
ML-DSA,sign,44,80156,5029
ML-DSA,sign,44,143922,5030
ML-DSA,sign,44,80206,5031
ML-DSA,sign,44,207602,5032
ML-DSA,sign,44,277411,5033
ML-DSA,sign,44,380329,5034
ML-DSA,sign,44,137876,5035
ML-DSA,sign,44,137731,5036
ML-DSA,sign,44,80204,5037
ML-DSA,sign,44,80160,5038
ML-DSA,sign,44,242468,5039
ML-DSA,sign,44,109085,5040
ML-DSA,sign,44,109001,5041
ML-DSA,sign,44,108926,5042
ML-DSA,sign,44,143875,5043
ML-DSA,sign,44,108977,5044
ML-DSA,sign,44,80212,5045
ML-DSA,sign,44,108992,5046
ML-DSA,sign,44,80192,5047
ML-DSA,sign,44,80142,5048
ML-DSA,sign,44,80197,5049
ML-DSA,sign,44,265253,5050
ML-DSA,sign,44,450066,5051
ML-DSA,sign,44,207445,5052
ML-DSA,sign,44,242577,5053
ML-DSA,sign,44,184959,5054
ML-DSA,sign,44,109013,5055
ML-DSA,sign,44,115125,5056
ML-DSA,sign,44,143987,5057
ML-DSA,sign,44,108968,5058
ML-DSA,sign,44,80181,5059
ML-DSA,sign,44,791145,5060
ML-DSA,sign,44,108957,5061
ML-DSA,sign,44,115098,5062
ML-DSA,sign,44,421400,5063
ML-DSA,sign,44,242435,5064
ML-DSA,sign,44,207590,5065
ML-DSA,sign,44,109018,5066
ML-DSA,sign,44,421475,5067
ML-DSA,sign,44,577698,5068
ML-DSA,sign,44,80188,5069
ML-DSA,sign,44,265122,5070
ML-DSA,sign,44,80149,5071
ML-DSA,sign,44,213653,5072
ML-DSA,sign,44,80223,5073
ML-DSA,sign,44,172579,5074
ML-DSA,sign,44,137748,5075
ML-DSA,sign,44,589756,5076
ML-DSA,sign,44,230227,5077
ML-DSA,sign,44,178825,5078
ML-DSA,sign,44,357735,5079
ML-DSA,sign,44,80188,5080
ML-DSA,sign,44,462582,5081
ML-DSA,sign,44,137815,5082
ML-DSA,sign,44,265301,5083
ML-DSA,sign,44,137712,5084
ML-DSA,sign,44,172698,5085
ML-DSA,sign,44,236301,5086
ML-DSA,sign,44,711305,5087
ML-DSA,sign,44,386665,5088
ML-DSA,sign,44,259190,5089
ML-DSA,sign,44,201538,5090
ML-DSA,sign,44,143895,5091
ML-DSA,sign,44,259056,5092
ML-DSA,sign,44,427506,5093
ML-DSA,sign,44,115059,5094
ML-DSA,sign,44,184961,5095
ML-DSA,sign,44,80168,5096
ML-DSA,sign,44,484797,5097
ML-DSA,sign,44,115192,5098
ML-DSA,sign,44,254783,5099
ML-DSA,sign,44,526129,5100
ML-DSA,sign,44,80191,5101
ML-DSA,sign,44,172549,5102
ML-DSA,sign,44,80190,5103
ML-DSA,sign,44,220228,5104
ML-DSA,sign,44,219777,5105
ML-DSA,sign,44,351718,5106
ML-DSA,sign,44,108999,5107
ML-DSA,sign,44,143879,5108
ML-DSA,sign,44,201374,5109
ML-DSA,sign,44,271269,5110
ML-DSA,sign,44,242809,5111
ML-DSA,sign,44,80215,5112
ML-DSA,sign,44,115084,5113
ML-DSA,sign,44,108929,5114
ML-DSA,sign,44,149939,5115
ML-DSA,sign,44,108964,5116
ML-DSA,sign,44,201570,5117
ML-DSA,sign,44,230377,5118
ML-DSA,sign,44,80197,5119
ML-DSA,sign,44,80172,5120
ML-DSA,sign,44,172825,5121
ML-DSA,sign,44,253063,5122
ML-DSA,sign,44,252911,5123
ML-DSA,sign,44,143916,5124
ML-DSA,sign,44,80177,5125
ML-DSA,sign,44,80197,5126
ML-DSA,sign,44,108975,5127
ML-DSA,sign,44,219796,5128
ML-DSA,sign,44,178795,5129
ML-DSA,sign,44,178783,5130
ML-DSA,sign,44,293904,5131
ML-DSA,sign,44,271337,5132
ML-DSA,sign,44,109057,5133
ML-DSA,sign,44,172796,5134
ML-DSA,sign,44,265276,5135
ML-DSA,sign,44,248475,5136
ML-DSA,sign,44,345528,5137
ML-DSA,sign,44,108987,5138
ML-DSA,sign,44,109017,5139
ML-DSA,sign,44,178740,5140
ML-DSA,sign,44,166690,5141
ML-DSA,sign,44,207713,5142
ML-DSA,sign,44,178781,5143
ML-DSA,sign,44,259090,5144
ML-DSA,sign,44,213779,5145
ML-DSA,sign,44,80161,5146
ML-DSA,sign,44,109009,5147
ML-DSA,sign,44,137902,5148
ML-DSA,sign,44,108993,5149
ML-DSA,sign,44,149970,5150
ML-DSA,sign,44,143922,5151
ML-DSA,sign,44,80160,5152
ML-DSA,sign,44,277381,5153
ML-DSA,sign,44,201371,5154
ML-DSA,sign,44,80216,5155
ML-DSA,sign,44,172641,5156
ML-DSA,sign,44,115117,5157
ML-DSA,sign,44,172680,5158
ML-DSA,sign,44,242567,5159
ML-DSA,sign,44,462295,5160
ML-DSA,sign,44,137752,5161
ML-DSA,sign,44,80157,5162
ML-DSA,sign,44,478957,5163
ML-DSA,sign,44,143823,5164
ML-DSA,sign,44,115102,5165
ML-DSA,sign,44,178687,5166
ML-DSA,sign,44,143796,5167
ML-DSA,sign,44,80181,5168
ML-DSA,sign,44,80155,5169
ML-DSA,sign,44,484957,5170
ML-DSA,sign,44,166623,5171
ML-DSA,sign,44,80207,5172
ML-DSA,sign,44,137815,5173
ML-DSA,sign,44,80168,5174
ML-DSA,sign,44,80171,5175
ML-DSA,sign,44,201565,5176
ML-DSA,sign,44,80212,5177
ML-DSA,sign,44,236352,5178
ML-DSA,sign,44,115092,5179
ML-DSA,sign,44,258994,5180
ML-DSA,sign,44,108967,5181
ML-DSA,sign,44,201512,5182
ML-DSA,sign,44,172639,5183
ML-DSA,sign,44,207551,5184
ML-DSA,sign,44,322869,5185
ML-DSA,sign,44,80199,5186
ML-DSA,sign,44,108980,5187
ML-DSA,sign,44,80190,5188
ML-DSA,sign,44,143955,5189
ML-DSA,sign,44,115048,5190
ML-DSA,sign,44,80179,5191
ML-DSA,sign,44,137769,5192
ML-DSA,sign,44,242609,5193
ML-DSA,sign,44,80201,5194
ML-DSA,sign,44,172729,5195
ML-DSA,sign,44,80185,5196
ML-DSA,sign,44,328870,5197
ML-DSA,sign,44,80220,5198
ML-DSA,sign,44,80224,5199
ML-DSA,sign,44,201476,5200
ML-DSA,sign,44,166636,5201
ML-DSA,sign,44,108946,5202
ML-DSA,sign,44,108974,5203
ML-DSA,sign,44,300134,5204
ML-DSA,sign,44,108932,5205
ML-DSA,sign,44,115093,5206
ML-DSA,sign,44,115104,5207
ML-DSA,sign,44,248576,5208
ML-DSA,sign,44,108979,5209
ML-DSA,sign,44,207526,5210
ML-DSA,sign,44,108945,5211
ML-DSA,sign,44,236287,5212
ML-DSA,sign,44,137730,5213
ML-DSA,sign,44,80195,5214
ML-DSA,sign,44,335088,5215
ML-DSA,sign,44,178877,5216
ML-DSA,sign,44,80192,5217
ML-DSA,sign,44,322784,5218
ML-DSA,sign,44,80193,5219
ML-DSA,sign,44,115136,5220
ML-DSA,sign,44,300095,5221
ML-DSA,sign,44,115121,5222
ML-DSA,sign,44,80155,5223
ML-DSA,sign,44,143922,5224
ML-DSA,sign,44,230289,5225
ML-DSA,sign,44,178786,5226
ML-DSA,sign,44,271226,5227
ML-DSA,sign,44,166577,5228
ML-DSA,sign,44,108961,5229
ML-DSA,sign,44,80217,5230
ML-DSA,sign,44,172733,5231
ML-DSA,sign,44,80132,5232
ML-DSA,sign,44,172660,5233
ML-DSA,sign,44,108975,5234
ML-DSA,sign,44,115086,5235
ML-DSA,sign,44,583553,5236
ML-DSA,sign,44,149979,5237
ML-DSA,sign,44,242506,5238
ML-DSA,sign,44,80172,5239
ML-DSA,sign,44,293909,5240
ML-DSA,sign,44,109004,5241
ML-DSA,sign,44,108962,5242
ML-DSA,sign,44,213788,5243
ML-DSA,sign,44,207584,5244
ML-DSA,sign,44,236516,5245
ML-DSA,sign,44,456274,5246
ML-DSA,sign,44,172652,5247
ML-DSA,sign,44,80221,5248
ML-DSA,sign,44,108968,5249
ML-DSA,sign,44,143864,5250
ML-DSA,sign,44,178856,5251
ML-DSA,sign,44,172692,5252
ML-DSA,sign,44,236427,5253
ML-DSA,sign,44,318385,5254
ML-DSA,sign,44,115183,5255
ML-DSA,sign,44,80147,5256
ML-DSA,sign,44,80251,5257
ML-DSA,sign,44,230354,5258
ML-DSA,sign,44,108910,5259
ML-DSA,sign,44,115060,5260
ML-DSA,sign,44,80195,5261
ML-DSA,sign,44,143972,5262
ML-DSA,sign,44,474564,5263
ML-DSA,sign,44,201590,5264
ML-DSA,sign,44,312523,5265
ML-DSA,sign,44,80180,5266
ML-DSA,sign,44,115139,5267
ML-DSA,sign,44,242538,5268
ML-DSA,sign,44,166561,5269
ML-DSA,sign,44,108973,5270
ML-DSA,sign,44,334950,5271
ML-DSA,sign,44,80211,5272
ML-DSA,sign,44,80171,5273
ML-DSA,sign,44,258953,5274
ML-DSA,sign,44,351456,5275
ML-DSA,sign,44,450158,5276
ML-DSA,sign,44,143902,5277
ML-DSA,sign,44,108968,5278
ML-DSA,sign,44,230251,5279
ML-DSA,sign,44,80152,5280
ML-DSA,sign,44,80190,5281
ML-DSA,sign,44,143873,5282
ML-DSA,sign,44,271260,5283
ML-DSA,sign,44,80238,5284
ML-DSA,sign,44,207477,5285
ML-DSA,sign,44,415307,5286
ML-DSA,sign,44,108951,5287
ML-DSA,sign,44,80171,5288
ML-DSA,sign,44,109069,5289
ML-DSA,sign,44,108985,5290
ML-DSA,sign,44,150046,5291
ML-DSA,sign,44,115113,5292
ML-DSA,sign,44,450155,5293
ML-DSA,sign,44,137808,5294
ML-DSA,sign,44,184938,5295
ML-DSA,sign,44,259048,5296
ML-DSA,sign,44,108927,5297
ML-DSA,sign,44,80178,5298
ML-DSA,sign,44,166614,5299
ML-DSA,sign,44,80189,5300
ML-DSA,sign,44,80117,5301
ML-DSA,sign,44,115131,5302
ML-DSA,sign,44,80162,5303
ML-DSA,sign,44,265249,5304
ML-DSA,sign,44,386385,5305
ML-DSA,sign,44,616672,5306
ML-DSA,sign,44,137817,5307
ML-DSA,sign,44,207472,5308
ML-DSA,sign,44,172738,5309
ML-DSA,sign,44,80206,5310
ML-DSA,sign,44,172601,5311
ML-DSA,sign,44,137748,5312
ML-DSA,sign,44,80159,5313
ML-DSA,sign,44,201480,5314
ML-DSA,sign,44,80159,5315
ML-DSA,sign,44,172748,5316
ML-DSA,sign,44,137774,5317
ML-DSA,sign,44,201588,5318
ML-DSA,sign,44,143901,5319
ML-DSA,sign,44,178801,5320
ML-DSA,sign,44,80158,5321
ML-DSA,sign,44,80173,5322
ML-DSA,sign,44,108999,5323
ML-DSA,sign,44,242630,5324
ML-DSA,sign,44,150011,5325
ML-DSA,sign,44,109014,5326
ML-DSA,sign,44,80198,5327
ML-DSA,sign,44,80217,5328
ML-DSA,sign,44,80143,5329
ML-DSA,sign,44,80161,5330
ML-DSA,sign,44,166443,5331
ML-DSA,sign,44,143949,5332
ML-DSA,sign,44,80144,5333
ML-DSA,sign,44,144050,5334
ML-DSA,sign,44,143857,5335
ML-DSA,sign,44,306171,5336
ML-DSA,sign,44,80194,5337
ML-DSA,sign,44,172709,5338
ML-DSA,sign,44,230345,5339
ML-DSA,sign,44,143854,5340
ML-DSA,sign,44,80166,5341
ML-DSA,sign,44,80162,5342
ML-DSA,sign,44,80157,5343
ML-DSA,sign,44,80167,5344
ML-DSA,sign,44,478957,5345
ML-DSA,sign,44,166698,5346
ML-DSA,sign,44,201572,5347
ML-DSA,sign,44,318391,5348
ML-DSA,sign,44,207636,5349
ML-DSA,sign,44,265246,5350
ML-DSA,sign,44,207602,5351
ML-DSA,sign,44,80180,5352
ML-DSA,sign,44,230322,5353
ML-DSA,sign,44,242572,5354
ML-DSA,sign,44,137772,5355
ML-DSA,sign,44,230252,5356
ML-DSA,sign,44,115096,5357
ML-DSA,sign,44,80159,5358
ML-DSA,sign,44,172669,5359
ML-DSA,sign,44,115054,5360
ML-DSA,sign,44,80226,5361
ML-DSA,sign,44,115125,5362
ML-DSA,sign,44,109010,5363
ML-DSA,sign,44,485039,5364
ML-DSA,sign,44,115107,5365
ML-DSA,sign,44,201500,5366
ML-DSA,sign,44,150027,5367
ML-DSA,sign,44,109014,5368
ML-DSA,sign,44,108976,5369
ML-DSA,sign,44,115162,5370
ML-DSA,sign,44,109044,5371
ML-DSA,sign,44,312839,5372
ML-DSA,sign,44,172814,5373
ML-DSA,sign,44,207549,5374
ML-DSA,sign,44,370085,5375
ML-DSA,sign,44,80224,5376
ML-DSA,sign,44,328819,5377
ML-DSA,sign,44,421294,5378
ML-DSA,sign,44,479072,5379
ML-DSA,sign,44,357739,5380
ML-DSA,sign,44,698718,5381
ML-DSA,sign,44,115114,5382
ML-DSA,sign,44,468565,5383
ML-DSA,sign,44,242590,5384
ML-DSA,sign,44,137811,5385
ML-DSA,sign,44,109027,5386
ML-DSA,sign,44,248670,5387
ML-DSA,sign,44,201460,5388
ML-DSA,sign,44,143928,5389
ML-DSA,sign,44,166528,5390
ML-DSA,sign,44,80138,5391
ML-DSA,sign,44,166562,5392
ML-DSA,sign,44,577621,5393
ML-DSA,sign,44,230275,5394
ML-DSA,sign,44,207523,5395
ML-DSA,sign,44,80234,5396
ML-DSA,sign,44,80198,5397
ML-DSA,sign,44,108955,5398
ML-DSA,sign,44,80144,5399
ML-DSA,sign,44,80150,5400
ML-DSA,sign,44,150039,5401
ML-DSA,sign,44,115169,5402
ML-DSA,sign,44,115073,5403
ML-DSA,sign,44,143912,5404
ML-DSA,sign,44,80167,5405
ML-DSA,sign,44,143932,5406
ML-DSA,sign,44,80153,5407
ML-DSA,sign,44,80162,5408
ML-DSA,sign,44,80149,5409
ML-DSA,sign,44,80126,5410
ML-DSA,sign,44,143910,5411
ML-DSA,sign,44,80156,5412
ML-DSA,sign,44,178861,5413
ML-DSA,sign,44,143868,5414
ML-DSA,sign,44,109004,5415
ML-DSA,sign,44,207562,5416
ML-DSA,sign,44,300138,5417
ML-DSA,sign,44,213685,5418
ML-DSA,sign,44,108977,5419
ML-DSA,sign,44,224093,5420
ML-DSA,sign,44,80168,5421
ML-DSA,sign,44,80200,5422
ML-DSA,sign,44,201469,5423
ML-DSA,sign,44,80145,5424
ML-DSA,sign,44,398787,5425
ML-DSA,sign,44,723457,5426
ML-DSA,sign,44,213677,5427
ML-DSA,sign,44,150089,5428
ML-DSA,sign,44,172616,5429
ML-DSA,sign,44,80182,5430
ML-DSA,sign,44,143832,5431
ML-DSA,sign,44,532132,5432
ML-DSA,sign,44,409183,5433
ML-DSA,sign,44,178806,5434
ML-DSA,sign,44,236404,5435
ML-DSA,sign,44,115138,5436
ML-DSA,sign,44,456315,5437
ML-DSA,sign,44,172644,5438
ML-DSA,sign,44,306298,5439
ML-DSA,sign,44,80168,5440
ML-DSA,sign,44,370034,5441
ML-DSA,sign,44,184819,5442
ML-DSA,sign,44,108962,5443
ML-DSA,sign,44,242556,5444
ML-DSA,sign,44,108967,5445
ML-DSA,sign,44,143922,5446
ML-DSA,sign,44,80146,5447
ML-DSA,sign,44,80200,5448
ML-DSA,sign,44,80194,5449
ML-DSA,sign,44,201486,5450
ML-DSA,sign,44,137771,5451
ML-DSA,sign,44,583686,5452
ML-DSA,sign,44,143974,5453
ML-DSA,sign,44,137829,5454
ML-DSA,sign,44,109048,5455
ML-DSA,sign,44,150042,5456
ML-DSA,sign,44,80240,5457
ML-DSA,sign,44,213792,5458
ML-DSA,sign,44,236317,5459
ML-DSA,sign,44,80155,5460
ML-DSA,sign,44,172673,5461
ML-DSA,sign,44,80203,5462
ML-DSA,sign,44,392588,5463
ML-DSA,sign,44,143872,5464
ML-DSA,sign,44,334971,5465
ML-DSA,sign,44,115080,5466
ML-DSA,sign,44,207548,5467
ML-DSA,sign,44,109005,5468
ML-DSA,sign,44,80157,5469
ML-DSA,sign,44,236433,5470
ML-DSA,sign,44,491158,5471
ML-DSA,sign,44,80172,5472
ML-DSA,sign,44,80197,5473
ML-DSA,sign,44,357576,5474
ML-DSA,sign,44,80141,5475
ML-DSA,sign,44,80180,5476
ML-DSA,sign,44,115113,5477
ML-DSA,sign,44,80175,5478
ML-DSA,sign,44,178804,5479
ML-DSA,sign,44,201433,5480
ML-DSA,sign,44,172740,5481
ML-DSA,sign,44,80217,5482
ML-DSA,sign,44,137695,5483
ML-DSA,sign,44,207566,5484
ML-DSA,sign,44,230264,5485
ML-DSA,sign,44,213774,5486
ML-DSA,sign,44,80223,5487
ML-DSA,sign,44,80254,5488
ML-DSA,sign,44,80185,5489
ML-DSA,sign,44,80160,5490
ML-DSA,sign,44,201454,5491
ML-DSA,sign,44,491243,5492
ML-DSA,sign,44,242504,5493
ML-DSA,sign,44,334978,5494
ML-DSA,sign,44,109018,5495
ML-DSA,sign,44,137859,5496
ML-DSA,sign,44,80180,5497
ML-DSA,sign,44,80153,5498
ML-DSA,sign,44,300124,5499
ML-DSA,sign,44,380262,5500
ML-DSA,sign,44,137744,5501
ML-DSA,sign,44,80213,5502
ML-DSA,sign,44,143834,5503
ML-DSA,sign,44,150078,5504
ML-DSA,sign,44,80200,5505
ML-DSA,sign,44,172827,5506
ML-DSA,sign,44,178697,5507
ML-DSA,sign,44,80192,5508
ML-DSA,sign,44,398567,5509
ML-DSA,sign,44,207680,5510
ML-DSA,sign,44,109001,5511
ML-DSA,sign,44,108946,5512
ML-DSA,sign,44,108935,5513
ML-DSA,sign,44,965938,5514
ML-DSA,sign,44,143853,5515
ML-DSA,sign,44,178818,5516
ML-DSA,sign,44,109006,5517
ML-DSA,sign,44,108989,5518
ML-DSA,sign,44,259023,5519
ML-DSA,sign,44,115110,5520
ML-DSA,sign,44,647387,5521
ML-DSA,sign,44,80189,5522
ML-DSA,sign,44,172692,5523
ML-DSA,sign,44,271288,5524
ML-DSA,sign,44,207601,5525
ML-DSA,sign,44,230373,5526
ML-DSA,sign,44,80151,5527
ML-DSA,sign,44,178811,5528
ML-DSA,sign,44,108955,5529
ML-DSA,sign,44,143917,5530
ML-DSA,sign,44,109030,5531
ML-DSA,sign,44,80214,5532
ML-DSA,sign,44,115114,5533
ML-DSA,sign,44,80186,5534
ML-DSA,sign,44,265160,5535
ML-DSA,sign,44,115085,5536
ML-DSA,sign,44,149977,5537
ML-DSA,sign,44,341068,5538
ML-DSA,sign,44,178768,5539
ML-DSA,sign,44,108941,5540
ML-DSA,sign,44,108970,5541
ML-DSA,sign,44,80203,5542
ML-DSA,sign,44,184895,5543
ML-DSA,sign,44,178867,5544
ML-DSA,sign,44,80163,5545
ML-DSA,sign,44,137814,5546
ML-DSA,sign,44,328922,5547
ML-DSA,sign,44,137768,5548
ML-DSA,sign,44,80177,5549
ML-DSA,sign,44,80175,5550
ML-DSA,sign,44,80151,5551
ML-DSA,sign,44,137739,5552
ML-DSA,sign,44,80219,5553
ML-DSA,sign,44,166672,5554
ML-DSA,sign,44,172740,5555
ML-DSA,sign,44,259145,5556
ML-DSA,sign,44,80198,5557
ML-DSA,sign,44,265174,5558
ML-DSA,sign,44,80198,5559
ML-DSA,sign,44,80155,5560
ML-DSA,sign,44,143861,5561
ML-DSA,sign,44,108968,5562
ML-DSA,sign,44,80208,5563
ML-DSA,sign,44,115102,5564
ML-DSA,sign,44,108997,5565
ML-DSA,sign,44,224235,5566
ML-DSA,sign,44,382325,5567
ML-DSA,sign,44,178752,5568
ML-DSA,sign,44,80212,5569
ML-DSA,sign,44,108968,5570
ML-DSA,sign,44,485240,5571
ML-DSA,sign,44,316722,5572
ML-DSA,sign,44,213648,5573
ML-DSA,sign,44,137835,5574
ML-DSA,sign,44,115060,5575
ML-DSA,sign,44,108947,5576
ML-DSA,sign,44,172746,5577
ML-DSA,sign,44,143898,5578
ML-DSA,sign,44,109004,5579
ML-DSA,sign,44,166553,5580
ML-DSA,sign,44,357739,5581
ML-DSA,sign,44,271188,5582
ML-DSA,sign,44,80163,5583
ML-DSA,sign,44,150054,5584
ML-DSA,sign,44,178819,5585
ML-DSA,sign,44,137745,5586
ML-DSA,sign,44,172680,5587
ML-DSA,sign,44,115161,5588
ML-DSA,sign,44,201450,5589
ML-DSA,sign,44,80225,5590
ML-DSA,sign,44,137871,5591
ML-DSA,sign,44,334882,5592
ML-DSA,sign,44,109006,5593
ML-DSA,sign,44,109058,5594
ML-DSA,sign,44,80159,5595
ML-DSA,sign,44,178806,5596
ML-DSA,sign,44,560989,5597
ML-DSA,sign,44,80185,5598
ML-DSA,sign,44,80233,5599
ML-DSA,sign,44,80197,5600
ML-DSA,sign,44,80168,5601
ML-DSA,sign,44,178783,5602
ML-DSA,sign,44,108940,5603
ML-DSA,sign,44,185285,5604
ML-DSA,sign,44,108974,5605
ML-DSA,sign,44,341089,5606
ML-DSA,sign,44,230353,5607
ML-DSA,sign,44,172737,5608
ML-DSA,sign,44,433485,5609
ML-DSA,sign,44,108953,5610
ML-DSA,sign,44,109108,5611
ML-DSA,sign,44,213742,5612
ML-DSA,sign,44,108987,5613
ML-DSA,sign,44,143896,5614
ML-DSA,sign,44,115058,5615
ML-DSA,sign,44,109066,5616
ML-DSA,sign,44,657820,5617
ML-DSA,sign,44,236438,5618
ML-DSA,sign,44,115083,5619
ML-DSA,sign,44,207689,5620
ML-DSA,sign,44,80199,5621
ML-DSA,sign,44,335106,5622
ML-DSA,sign,44,80243,5623
ML-DSA,sign,44,277332,5624
ML-DSA,sign,44,293958,5625
ML-DSA,sign,44,137729,5626
ML-DSA,sign,44,230308,5627
ML-DSA,sign,44,137754,5628
ML-DSA,sign,44,108968,5629
ML-DSA,sign,44,456338,5630
ML-DSA,sign,44,149943,5631
ML-DSA,sign,44,201497,5632
ML-DSA,sign,44,115082,5633
ML-DSA,sign,44,137849,5634
ML-DSA,sign,44,109019,5635
ML-DSA,sign,44,328851,5636
ML-DSA,sign,44,108939,5637
ML-DSA,sign,44,144000,5638
ML-DSA,sign,44,172645,5639
ML-DSA,sign,44,80208,5640
ML-DSA,sign,44,80154,5641
ML-DSA,sign,44,172781,5642
ML-DSA,sign,44,178874,5643
ML-DSA,sign,44,376105,5644
ML-DSA,sign,44,80209,5645
ML-DSA,sign,44,137802,5646
ML-DSA,sign,44,172734,5647
ML-DSA,sign,44,80205,5648
ML-DSA,sign,44,258887,5649
ML-DSA,sign,44,300091,5650
ML-DSA,sign,44,143893,5651
ML-DSA,sign,44,375886,5652
ML-DSA,sign,44,80217,5653
ML-DSA,sign,44,80160,5654
ML-DSA,sign,44,115037,5655
ML-DSA,sign,44,201485,5656
ML-DSA,sign,44,201638,5657
ML-DSA,sign,44,207604,5658
ML-DSA,sign,44,80203,5659
ML-DSA,sign,44,172668,5660
ML-DSA,sign,44,80170,5661
ML-DSA,sign,44,109010,5662
ML-DSA,sign,44,456349,5663
ML-DSA,sign,44,109056,5664
ML-DSA,sign,44,80198,5665
ML-DSA,sign,44,80274,5666
ML-DSA,sign,44,80207,5667
ML-DSA,sign,44,80215,5668
ML-DSA,sign,44,143868,5669
ML-DSA,sign,44,265242,5670
ML-DSA,sign,44,277329,5671
ML-DSA,sign,44,392676,5672
ML-DSA,sign,44,80146,5673
ML-DSA,sign,44,363903,5674
ML-DSA,sign,44,143913,5675
ML-DSA,sign,44,137725,5676
ML-DSA,sign,44,172753,5677
ML-DSA,sign,44,259116,5678
ML-DSA,sign,44,80176,5679
ML-DSA,sign,44,312326,5680
ML-DSA,sign,44,340959,5681
ML-DSA,sign,44,322638,5682
ML-DSA,sign,44,80216,5683
ML-DSA,sign,44,300212,5684
ML-DSA,sign,44,277443,5685
ML-DSA,sign,44,271216,5686
ML-DSA,sign,44,80158,5687
ML-DSA,sign,44,80137,5688
ML-DSA,sign,44,115133,5689
ML-DSA,sign,44,137796,5690
ML-DSA,sign,44,137837,5691
ML-DSA,sign,44,80174,5692
ML-DSA,sign,44,195310,5693
ML-DSA,sign,44,201592,5694
ML-DSA,sign,44,213795,5695
ML-DSA,sign,44,421290,5696
ML-DSA,sign,44,109033,5697
ML-DSA,sign,44,80156,5698
ML-DSA,sign,44,80171,5699
ML-DSA,sign,44,137800,5700
ML-DSA,sign,44,380542,5701
ML-DSA,sign,44,351518,5702
ML-DSA,sign,44,80227,5703
ML-DSA,sign,44,357739,5704
ML-DSA,sign,44,137857,5705
ML-DSA,sign,44,484989,5706
ML-DSA,sign,44,293955,5707
ML-DSA,sign,44,108973,5708
ML-DSA,sign,44,201498,5709
ML-DSA,sign,44,230238,5710
ML-DSA,sign,44,137712,5711
ML-DSA,sign,44,143840,5712
ML-DSA,sign,44,80178,5713
ML-DSA,sign,44,80205,5714
ML-DSA,sign,44,207647,5715
ML-DSA,sign,44,108980,5716
ML-DSA,sign,44,306186,5717
ML-DSA,sign,44,248442,5718
ML-DSA,sign,44,236466,5719
ML-DSA,sign,44,369945,5720
ML-DSA,sign,44,115144,5721
ML-DSA,sign,44,80225,5722
ML-DSA,sign,44,143905,5723
ML-DSA,sign,44,172696,5724
ML-DSA,sign,44,252916,5725
ML-DSA,sign,44,109042,5726
ML-DSA,sign,44,80166,5727
ML-DSA,sign,44,80209,5728
ML-DSA,sign,44,143988,5729
ML-DSA,sign,44,392480,5730
ML-DSA,sign,44,265092,5731
ML-DSA,sign,44,80202,5732
ML-DSA,sign,44,178705,5733
ML-DSA,sign,44,80173,5734
ML-DSA,sign,44,80240,5735
ML-DSA,sign,44,172667,5736
ML-DSA,sign,44,80230,5737
ML-DSA,sign,44,277753,5738
ML-DSA,sign,44,172679,5739
ML-DSA,sign,44,143901,5740
ML-DSA,sign,44,143948,5741
ML-DSA,sign,44,328893,5742
ML-DSA,sign,44,137820,5743
ML-DSA,sign,44,242485,5744
ML-DSA,sign,44,80171,5745
ML-DSA,sign,44,80226,5746
ML-DSA,sign,44,236360,5747
ML-DSA,sign,44,201572,5748
ML-DSA,sign,44,137792,5749
ML-DSA,sign,44,143998,5750
ML-DSA,sign,44,137801,5751
ML-DSA,sign,44,172693,5752
ML-DSA,sign,44,195315,5753
ML-DSA,sign,44,220236,5754
ML-DSA,sign,44,259084,5755
ML-DSA,sign,44,166525,5756
ML-DSA,sign,44,513879,5757
ML-DSA,sign,44,80245,5758
ML-DSA,sign,44,80212,5759
ML-DSA,sign,44,143820,5760
ML-DSA,sign,44,201495,5761
ML-DSA,sign,44,108971,5762
ML-DSA,sign,44,109037,5763
ML-DSA,sign,44,456227,5764
ML-DSA,sign,44,207468,5765
ML-DSA,sign,44,184807,5766
ML-DSA,sign,44,109019,5767
ML-DSA,sign,44,115095,5768
ML-DSA,sign,44,271279,5769
ML-DSA,sign,44,376023,5770
ML-DSA,sign,44,178824,5771
ML-DSA,sign,44,335135,5772
ML-DSA,sign,44,143963,5773
ML-DSA,sign,44,271274,5774
ML-DSA,sign,44,520157,5775
ML-DSA,sign,44,172650,5776
ML-DSA,sign,44,166526,5777
ML-DSA,sign,44,80171,5778
ML-DSA,sign,44,109022,5779
ML-DSA,sign,44,80241,5780
ML-DSA,sign,44,137783,5781
ML-DSA,sign,44,150042,5782
ML-DSA,sign,44,144092,5783
ML-DSA,sign,44,108961,5784
ML-DSA,sign,44,137787,5785
ML-DSA,sign,44,149947,5786
ML-DSA,sign,44,80180,5787
ML-DSA,sign,44,236430,5788
ML-DSA,sign,44,201469,5789
ML-DSA,sign,44,248551,5790
ML-DSA,sign,44,137825,5791
ML-DSA,sign,44,80150,5792
ML-DSA,sign,44,80211,5793
ML-DSA,sign,44,404806,5794
ML-DSA,sign,44,143955,5795
ML-DSA,sign,44,236400,5796
ML-DSA,sign,44,115041,5797
ML-DSA,sign,44,80171,5798
ML-DSA,sign,44,271310,5799
ML-DSA,sign,44,351608,5800
ML-DSA,sign,44,143800,5801
ML-DSA,sign,44,265140,5802
ML-DSA,sign,44,80167,5803
ML-DSA,sign,44,166455,5804
ML-DSA,sign,44,172592,5805
ML-DSA,sign,44,178912,5806
ML-DSA,sign,44,207556,5807
ML-DSA,sign,44,80138,5808
ML-DSA,sign,44,115090,5809
ML-DSA,sign,44,172772,5810
ML-DSA,sign,44,242584,5811
ML-DSA,sign,44,501768,5812
ML-DSA,sign,44,277346,5813
ML-DSA,sign,44,345697,5814
ML-DSA,sign,44,300023,5815
ML-DSA,sign,44,80141,5816
ML-DSA,sign,44,364193,5817
ML-DSA,sign,44,201659,5818
ML-DSA,sign,44,328756,5819
ML-DSA,sign,44,172679,5820
ML-DSA,sign,44,137865,5821
ML-DSA,sign,44,80161,5822
ML-DSA,sign,44,80145,5823
ML-DSA,sign,44,347172,5824
ML-DSA,sign,44,80194,5825
ML-DSA,sign,44,242491,5826
ML-DSA,sign,44,80236,5827
ML-DSA,sign,44,207613,5828
ML-DSA,sign,44,137828,5829
ML-DSA,sign,44,115129,5830
ML-DSA,sign,44,80157,5831
ML-DSA,sign,44,172668,5832
ML-DSA,sign,44,143857,5833
ML-DSA,sign,44,108965,5834
ML-DSA,sign,44,137782,5835
ML-DSA,sign,44,277533,5836
ML-DSA,sign,44,80167,5837
ML-DSA,sign,44,109006,5838
ML-DSA,sign,44,149953,5839
ML-DSA,sign,44,201523,5840
ML-DSA,sign,44,80175,5841
ML-DSA,sign,44,184842,5842
ML-DSA,sign,44,115060,5843
ML-DSA,sign,44,80182,5844
ML-DSA,sign,44,80237,5845
ML-DSA,sign,44,137807,5846
ML-DSA,sign,44,236420,5847
ML-DSA,sign,44,137801,5848
ML-DSA,sign,44,108953,5849
ML-DSA,sign,44,80220,5850
ML-DSA,sign,44,542501,5851
ML-DSA,sign,44,392774,5852
ML-DSA,sign,44,80160,5853
ML-DSA,sign,44,80157,5854
ML-DSA,sign,44,108964,5855
ML-DSA,sign,44,207595,5856
ML-DSA,sign,44,80197,5857
ML-DSA,sign,44,137738,5858
ML-DSA,sign,44,115199,5859
ML-DSA,sign,44,363861,5860
ML-DSA,sign,44,306195,5861
ML-DSA,sign,44,184883,5862
ML-DSA,sign,44,259077,5863
ML-DSA,sign,44,252993,5864
ML-DSA,sign,44,115027,5865
ML-DSA,sign,44,115102,5866
ML-DSA,sign,44,80227,5867
ML-DSA,sign,44,80194,5868
ML-DSA,sign,44,219923,5869
ML-DSA,sign,44,80166,5870
ML-DSA,sign,44,201406,5871
ML-DSA,sign,44,115161,5872
ML-DSA,sign,44,108959,5873
ML-DSA,sign,44,80191,5874
ML-DSA,sign,44,115139,5875
ML-DSA,sign,44,201359,5876
ML-DSA,sign,44,115130,5877
ML-DSA,sign,44,178808,5878
ML-DSA,sign,44,172721,5879
ML-DSA,sign,44,80168,5880
ML-DSA,sign,44,207620,5881
ML-DSA,sign,44,172680,5882
ML-DSA,sign,44,109022,5883
ML-DSA,sign,44,166595,5884
ML-DSA,sign,44,374116,5885
ML-DSA,sign,44,80173,5886
ML-DSA,sign,44,178830,5887
ML-DSA,sign,44,109048,5888
ML-DSA,sign,44,201484,5889
ML-DSA,sign,44,108981,5890
ML-DSA,sign,44,172644,5891
ML-DSA,sign,44,230356,5892
ML-DSA,sign,44,80161,5893
ML-DSA,sign,44,137773,5894
ML-DSA,sign,44,80165,5895
ML-DSA,sign,44,80168,5896
ML-DSA,sign,44,143936,5897
ML-DSA,sign,44,149920,5898
ML-DSA,sign,44,109025,5899
ML-DSA,sign,44,115102,5900
ML-DSA,sign,44,115100,5901
ML-DSA,sign,44,80206,5902
ML-DSA,sign,44,143930,5903
ML-DSA,sign,44,172823,5904
ML-DSA,sign,44,143988,5905
ML-DSA,sign,44,108987,5906
ML-DSA,sign,44,109095,5907
ML-DSA,sign,44,80154,5908
ML-DSA,sign,44,80179,5909
ML-DSA,sign,44,466797,5910
ML-DSA,sign,44,201507,5911
ML-DSA,sign,44,109038,5912
ML-DSA,sign,44,80156,5913
ML-DSA,sign,44,172813,5914
ML-DSA,sign,44,80197,5915
ML-DSA,sign,44,80139,5916
ML-DSA,sign,44,80155,5917
ML-DSA,sign,44,109025,5918
ML-DSA,sign,44,109018,5919
ML-DSA,sign,44,143887,5920
ML-DSA,sign,44,143825,5921
ML-DSA,sign,44,207548,5922
ML-DSA,sign,44,109077,5923
ML-DSA,sign,44,184864,5924
ML-DSA,sign,44,306158,5925
ML-DSA,sign,44,172723,5926
ML-DSA,sign,44,259116,5927
ML-DSA,sign,44,137751,5928
ML-DSA,sign,44,115140,5929
ML-DSA,sign,44,80197,5930
ML-DSA,sign,44,80155,5931
ML-DSA,sign,44,115197,5932
ML-DSA,sign,44,294082,5933
ML-DSA,sign,44,306210,5934
ML-DSA,sign,44,80146,5935
ML-DSA,sign,44,80150,5936
ML-DSA,sign,44,115141,5937
ML-DSA,sign,44,80176,5938
ML-DSA,sign,44,143900,5939
ML-DSA,sign,44,108932,5940
ML-DSA,sign,44,415162,5941
ML-DSA,sign,44,80220,5942
ML-DSA,sign,44,328964,5943
ML-DSA,sign,44,80137,5944
ML-DSA,sign,44,143799,5945
ML-DSA,sign,44,236217,5946
ML-DSA,sign,44,109112,5947
ML-DSA,sign,44,172756,5948
ML-DSA,sign,44,178894,5949
ML-DSA,sign,44,242447,5950
ML-DSA,sign,44,421565,5951
ML-DSA,sign,44,207553,5952
ML-DSA,sign,44,293918,5953
ML-DSA,sign,44,242563,5954
ML-DSA,sign,44,143940,5955
ML-DSA,sign,44,80200,5956
ML-DSA,sign,44,80155,5957
ML-DSA,sign,44,143893,5958
ML-DSA,sign,44,108936,5959
ML-DSA,sign,44,236346,5960
ML-DSA,sign,44,398820,5961
ML-DSA,sign,44,201541,5962
ML-DSA,sign,44,375949,5963
ML-DSA,sign,44,108997,5964
ML-DSA,sign,44,109016,5965
ML-DSA,sign,44,115146,5966
ML-DSA,sign,44,392579,5967
ML-DSA,sign,44,80186,5968
ML-DSA,sign,44,265281,5969
ML-DSA,sign,44,236370,5970
ML-DSA,sign,44,583645,5971
ML-DSA,sign,44,236475,5972
ML-DSA,sign,44,115123,5973
ML-DSA,sign,44,178810,5974
ML-DSA,sign,44,322753,5975
ML-DSA,sign,44,109060,5976
ML-DSA,sign,44,207596,5977
ML-DSA,sign,44,386404,5978
ML-DSA,sign,44,166617,5979
ML-DSA,sign,44,242598,5980
ML-DSA,sign,44,80211,5981
ML-DSA,sign,44,166673,5982
ML-DSA,sign,44,80220,5983
ML-DSA,sign,44,80176,5984
ML-DSA,sign,44,150147,5985
ML-DSA,sign,44,80208,5986
ML-DSA,sign,44,108991,5987
ML-DSA,sign,44,80224,5988
ML-DSA,sign,44,108971,5989
ML-DSA,sign,44,293944,5990
ML-DSA,sign,44,201485,5991
ML-DSA,sign,44,108978,5992
ML-DSA,sign,44,80193,5993
ML-DSA,sign,44,172742,5994
ML-DSA,sign,44,184895,5995
ML-DSA,sign,44,109000,5996
ML-DSA,sign,44,236434,5997
ML-DSA,sign,44,115091,5998
ML-DSA,sign,44,80155,5999
ML-DSA,sign,44,109073,6000
ML-DSA,sign,44,236250,6001
ML-DSA,sign,44,80149,6002
ML-DSA,sign,44,115079,6003
ML-DSA,sign,44,230266,6004
ML-DSA,sign,44,271260,6005
ML-DSA,sign,44,548799,6006
ML-DSA,sign,44,108981,6007
ML-DSA,sign,44,166571,6008
ML-DSA,sign,44,108966,6009
ML-DSA,sign,44,149951,6010
ML-DSA,sign,44,80144,6011
ML-DSA,sign,44,172738,6012
ML-DSA,sign,44,80189,6013
ML-DSA,sign,44,80169,6014
ML-DSA,sign,44,80156,6015
ML-DSA,sign,44,137726,6016
ML-DSA,sign,44,108987,6017
ML-DSA,sign,44,80158,6018
ML-DSA,sign,44,80229,6019
ML-DSA,sign,44,415393,6020
ML-DSA,sign,44,207574,6021
ML-DSA,sign,44,184816,6022
ML-DSA,sign,44,201356,6023
ML-DSA,sign,44,80132,6024
ML-DSA,sign,44,115137,6025
ML-DSA,sign,44,166578,6026
ML-DSA,sign,44,109030,6027
ML-DSA,sign,44,80210,6028
ML-DSA,sign,44,265079,6029
ML-DSA,sign,44,195455,6030
ML-DSA,sign,44,219780,6031
ML-DSA,sign,44,109043,6032
ML-DSA,sign,44,115063,6033
ML-DSA,sign,44,380352,6034
ML-DSA,sign,44,115133,6035
ML-DSA,sign,44,80180,6036
ML-DSA,sign,44,294123,6037
ML-DSA,sign,44,509468,6038
ML-DSA,sign,44,80217,6039
ML-DSA,sign,44,271393,6040
ML-DSA,sign,44,230192,6041
ML-DSA,sign,44,143964,6042
ML-DSA,sign,44,80170,6043
ML-DSA,sign,44,491142,6044
ML-DSA,sign,44,236401,6045
ML-DSA,sign,44,172764,6046
ML-DSA,sign,44,80150,6047
ML-DSA,sign,44,80127,6048
ML-DSA,sign,44,80198,6049
ML-DSA,sign,44,80136,6050
ML-DSA,sign,44,108974,6051
ML-DSA,sign,44,143824,6052
ML-DSA,sign,44,166478,6053
ML-DSA,sign,44,335036,6054
ML-DSA,sign,44,137776,6055
ML-DSA,sign,44,137825,6056
ML-DSA,sign,44,115160,6057
ML-DSA,sign,44,143864,6058
ML-DSA,sign,44,172755,6059
ML-DSA,sign,44,341211,6060
ML-DSA,sign,44,150026,6061
ML-DSA,sign,44,178763,6062
ML-DSA,sign,44,386525,6063
ML-DSA,sign,44,207546,6064
ML-DSA,sign,44,80183,6065
ML-DSA,sign,44,80203,6066
ML-DSA,sign,44,166551,6067
ML-DSA,sign,44,172727,6068
ML-DSA,sign,44,224051,6069
ML-DSA,sign,44,115147,6070
ML-DSA,sign,44,137811,6071
ML-DSA,sign,44,242472,6072
ML-DSA,sign,44,80202,6073
ML-DSA,sign,44,80162,6074
ML-DSA,sign,44,236436,6075
ML-DSA,sign,44,236469,6076
ML-DSA,sign,44,80224,6077
ML-DSA,sign,44,109037,6078
ML-DSA,sign,44,143859,6079
ML-DSA,sign,44,287881,6080
ML-DSA,sign,44,80215,6081
ML-DSA,sign,44,207662,6082
ML-DSA,sign,44,386542,6083
ML-DSA,sign,44,340930,6084
ML-DSA,sign,44,300115,6085
ML-DSA,sign,44,201445,6086
ML-DSA,sign,44,80203,6087
ML-DSA,sign,44,589677,6088
ML-DSA,sign,44,253068,6089
ML-DSA,sign,44,172701,6090
ML-DSA,sign,44,80193,6091
ML-DSA,sign,44,80150,6092
ML-DSA,sign,44,370033,6093
ML-DSA,sign,44,207620,6094
ML-DSA,sign,44,143832,6095
ML-DSA,sign,44,80144,6096
ML-DSA,sign,44,80154,6097
ML-DSA,sign,44,80219,6098
ML-DSA,sign,44,80160,6099
ML-DSA,sign,44,80211,6100
ML-DSA,sign,44,201507,6101
ML-DSA,sign,44,80149,6102
ML-DSA,sign,44,166598,6103
ML-DSA,sign,44,80153,6104
ML-DSA,sign,44,143904,6105
ML-DSA,sign,44,80243,6106
ML-DSA,sign,44,236289,6107
ML-DSA,sign,44,224182,6108
ML-DSA,sign,44,80184,6109
ML-DSA,sign,44,80197,6110
ML-DSA,sign,44,150016,6111
ML-DSA,sign,44,178740,6112
ML-DSA,sign,44,265120,6113
ML-DSA,sign,44,201483,6114
ML-DSA,sign,44,236271,6115
ML-DSA,sign,44,201585,6116
ML-DSA,sign,44,230179,6117
ML-DSA,sign,44,80264,6118
ML-DSA,sign,44,230329,6119
ML-DSA,sign,44,143836,6120
ML-DSA,sign,44,271242,6121
ML-DSA,sign,44,115133,6122
ML-DSA,sign,44,242538,6123
ML-DSA,sign,44,115141,6124
ML-DSA,sign,44,201557,6125
ML-DSA,sign,44,115121,6126
ML-DSA,sign,44,532080,6127
ML-DSA,sign,44,294043,6128
ML-DSA,sign,44,80182,6129
ML-DSA,sign,44,108934,6130
ML-DSA,sign,44,143874,6131
ML-DSA,sign,44,236361,6132
ML-DSA,sign,44,80205,6133
ML-DSA,sign,44,341148,6134
ML-DSA,sign,44,115059,6135
ML-DSA,sign,44,271238,6136
ML-DSA,sign,44,80190,6137
ML-DSA,sign,44,109055,6138
ML-DSA,sign,44,150025,6139
ML-DSA,sign,44,966095,6140
ML-DSA,sign,44,137806,6141
ML-DSA,sign,44,335022,6142
ML-DSA,sign,44,80192,6143
ML-DSA,sign,44,172748,6144
ML-DSA,sign,44,195275,6145
ML-DSA,sign,44,80205,6146
ML-DSA,sign,44,149990,6147
ML-DSA,sign,44,207570,6148
ML-DSA,sign,44,328965,6149
ML-DSA,sign,44,80123,6150
ML-DSA,sign,44,144005,6151
ML-DSA,sign,44,115052,6152
ML-DSA,sign,44,143909,6153
ML-DSA,sign,44,80137,6154
ML-DSA,sign,44,172575,6155
ML-DSA,sign,44,201439,6156
ML-DSA,sign,44,80177,6157
ML-DSA,sign,44,80136,6158
ML-DSA,sign,44,80199,6159
ML-DSA,sign,44,108963,6160
ML-DSA,sign,44,80174,6161
ML-DSA,sign,44,108920,6162
ML-DSA,sign,44,80170,6163
ML-DSA,sign,44,80168,6164
ML-DSA,sign,44,80170,6165
ML-DSA,sign,44,80164,6166
ML-DSA,sign,44,542516,6167
ML-DSA,sign,44,172639,6168
ML-DSA,sign,44,294057,6169
ML-DSA,sign,44,80180,6170
ML-DSA,sign,44,109023,6171
ML-DSA,sign,44,271304,6172
ML-DSA,sign,44,172657,6173
ML-DSA,sign,44,242428,6174
ML-DSA,sign,44,219859,6175
ML-DSA,sign,44,207534,6176
ML-DSA,sign,44,554831,6177
ML-DSA,sign,44,80155,6178
ML-DSA,sign,44,115145,6179
ML-DSA,sign,44,108979,6180
ML-DSA,sign,44,299956,6181
ML-DSA,sign,44,172744,6182
ML-DSA,sign,44,306048,6183
ML-DSA,sign,44,249049,6184
ML-DSA,sign,44,80211,6185
ML-DSA,sign,44,80213,6186
ML-DSA,sign,44,456327,6187
ML-DSA,sign,44,328980,6188
ML-DSA,sign,44,108991,6189
ML-DSA,sign,44,80231,6190
ML-DSA,sign,44,166591,6191
ML-DSA,sign,44,271256,6192
ML-DSA,sign,44,421295,6193
ML-DSA,sign,44,80173,6194
ML-DSA,sign,44,316690,6195
ML-DSA,sign,44,579367,6196
ML-DSA,sign,44,242633,6197
ML-DSA,sign,44,468589,6198
ML-DSA,sign,44,80159,6199
ML-DSA,sign,44,236474,6200
ML-DSA,sign,44,108991,6201
ML-DSA,sign,44,80134,6202
ML-DSA,sign,44,108989,6203
ML-DSA,sign,44,108954,6204
ML-DSA,sign,44,115049,6205
ML-DSA,sign,44,143915,6206
ML-DSA,sign,44,427603,6207
ML-DSA,sign,44,172706,6208
ML-DSA,sign,44,293990,6209
ML-DSA,sign,44,109038,6210
ML-DSA,sign,44,271329,6211
ML-DSA,sign,44,137796,6212
ML-DSA,sign,44,109106,6213
ML-DSA,sign,44,80206,6214
ML-DSA,sign,44,80141,6215
ML-DSA,sign,44,144071,6216
ML-DSA,sign,44,80147,6217
ML-DSA,sign,44,150050,6218
ML-DSA,sign,44,300119,6219
ML-DSA,sign,44,80223,6220
ML-DSA,sign,44,149939,6221
ML-DSA,sign,44,178815,6222
ML-DSA,sign,44,80219,6223
ML-DSA,sign,44,328837,6224
ML-DSA,sign,44,172737,6225
ML-DSA,sign,44,80219,6226
ML-DSA,sign,44,143845,6227
ML-DSA,sign,44,449946,6228
ML-DSA,sign,44,265289,6229
ML-DSA,sign,44,80159,6230
ML-DSA,sign,44,201543,6231
ML-DSA,sign,44,115138,6232
ML-DSA,sign,44,108979,6233
ML-DSA,sign,44,248642,6234
ML-DSA,sign,44,80204,6235
ML-DSA,sign,44,80133,6236
ML-DSA,sign,44,172656,6237
ML-DSA,sign,44,150076,6238
ML-DSA,sign,44,178768,6239
ML-DSA,sign,44,150139,6240
ML-DSA,sign,44,137761,6241
ML-DSA,sign,44,143949,6242
ML-DSA,sign,44,532412,6243
ML-DSA,sign,44,236379,6244
ML-DSA,sign,44,781016,6245
ML-DSA,sign,44,80149,6246
ML-DSA,sign,44,207532,6247
ML-DSA,sign,44,259175,6248
ML-DSA,sign,44,277408,6249
ML-DSA,sign,44,80278,6250
ML-DSA,sign,44,201640,6251
ML-DSA,sign,44,80201,6252
ML-DSA,sign,44,80167,6253
ML-DSA,sign,44,236307,6254
ML-DSA,sign,44,207609,6255
ML-DSA,sign,44,80235,6256
ML-DSA,sign,44,143807,6257
ML-DSA,sign,44,409016,6258
ML-DSA,sign,44,143982,6259
ML-DSA,sign,44,166623,6260
ML-DSA,sign,44,259050,6261
ML-DSA,sign,44,166539,6262
ML-DSA,sign,44,115144,6263
ML-DSA,sign,44,80174,6264
ML-DSA,sign,44,254796,6265
ML-DSA,sign,44,143854,6266
ML-DSA,sign,44,178899,6267
ML-DSA,sign,44,201536,6268
ML-DSA,sign,44,115103,6269
ML-DSA,sign,44,108962,6270
ML-DSA,sign,44,166631,6271
ML-DSA,sign,44,109044,6272
ML-DSA,sign,44,242415,6273
ML-DSA,sign,44,143817,6274
ML-DSA,sign,44,328875,6275
ML-DSA,sign,44,80171,6276
ML-DSA,sign,44,144005,6277
ML-DSA,sign,44,265347,6278
ML-DSA,sign,44,115088,6279
ML-DSA,sign,44,236458,6280
ML-DSA,sign,44,108996,6281
ML-DSA,sign,44,283647,6282
ML-DSA,sign,44,462528,6283
ML-DSA,sign,44,80169,6284
ML-DSA,sign,44,427348,6285
ML-DSA,sign,44,108976,6286
ML-DSA,sign,44,115127,6287
ML-DSA,sign,44,115085,6288
ML-DSA,sign,44,80202,6289
ML-DSA,sign,44,137806,6290
ML-DSA,sign,44,143841,6291
ML-DSA,sign,44,109077,6292
ML-DSA,sign,44,230368,6293
ML-DSA,sign,44,166728,6294
ML-DSA,sign,44,207516,6295
ML-DSA,sign,44,80206,6296
ML-DSA,sign,44,137848,6297
ML-DSA,sign,44,80231,6298
ML-DSA,sign,44,108923,6299
ML-DSA,sign,44,357729,6300
ML-DSA,sign,44,109066,6301
ML-DSA,sign,44,242542,6302
ML-DSA,sign,44,201597,6303
ML-DSA,sign,44,80191,6304
ML-DSA,sign,44,80237,6305
ML-DSA,sign,44,230159,6306
ML-DSA,sign,44,230105,6307
ML-DSA,sign,44,115230,6308
ML-DSA,sign,44,306030,6309
ML-DSA,sign,44,115150,6310
ML-DSA,sign,44,213811,6311
ML-DSA,sign,44,143860,6312
ML-DSA,sign,44,109087,6313
ML-DSA,sign,44,109093,6314
ML-DSA,sign,44,80215,6315
ML-DSA,sign,44,80197,6316
ML-DSA,sign,44,224256,6317
ML-DSA,sign,44,80140,6318
ML-DSA,sign,44,80149,6319
ML-DSA,sign,44,293964,6320
ML-DSA,sign,44,80209,6321
ML-DSA,sign,44,109000,6322
ML-DSA,sign,44,109028,6323
ML-DSA,sign,44,178748,6324
ML-DSA,sign,44,143905,6325
ML-DSA,sign,44,172682,6326
ML-DSA,sign,44,143906,6327
ML-DSA,sign,44,478984,6328
ML-DSA,sign,44,80172,6329
ML-DSA,sign,44,115074,6330
ML-DSA,sign,44,80187,6331
ML-DSA,sign,44,351641,6332
ML-DSA,sign,44,555006,6333
ML-DSA,sign,44,108925,6334
ML-DSA,sign,44,236305,6335
ML-DSA,sign,44,497367,6336
ML-DSA,sign,44,271245,6337
ML-DSA,sign,44,109024,6338
ML-DSA,sign,44,357700,6339
ML-DSA,sign,44,109053,6340
ML-DSA,sign,44,108988,6341
ML-DSA,sign,44,115139,6342
ML-DSA,sign,44,265196,6343
ML-DSA,sign,44,80146,6344
ML-DSA,sign,44,80189,6345
ML-DSA,sign,44,80267,6346
ML-DSA,sign,44,80177,6347
ML-DSA,sign,44,108983,6348
ML-DSA,sign,44,80192,6349
ML-DSA,sign,44,289703,6350
ML-DSA,sign,44,80213,6351
ML-DSA,sign,44,178824,6352
ML-DSA,sign,44,265051,6353
ML-DSA,sign,44,109047,6354
ML-DSA,sign,44,115066,6355
ML-DSA,sign,44,271404,6356
ML-DSA,sign,44,328875,6357
ML-DSA,sign,44,178763,6358
ML-DSA,sign,44,242607,6359
ML-DSA,sign,44,80150,6360
ML-DSA,sign,44,322916,6361
ML-DSA,sign,44,357567,6362
ML-DSA,sign,44,80207,6363
ML-DSA,sign,44,137862,6364
ML-DSA,sign,44,195336,6365
ML-DSA,sign,44,115156,6366
ML-DSA,sign,44,143917,6367
ML-DSA,sign,44,450117,6368
ML-DSA,sign,44,224198,6369
ML-DSA,sign,44,271420,6370
ML-DSA,sign,44,108921,6371
ML-DSA,sign,44,108928,6372
ML-DSA,sign,44,80159,6373
ML-DSA,sign,44,80199,6374
ML-DSA,sign,44,109009,6375
ML-DSA,sign,44,115080,6376
ML-DSA,sign,44,80211,6377
ML-DSA,sign,44,526043,6378
ML-DSA,sign,44,178822,6379
ML-DSA,sign,44,363866,6380
ML-DSA,sign,44,108992,6381
ML-DSA,sign,44,322662,6382
ML-DSA,sign,44,137764,6383
ML-DSA,sign,44,137747,6384
ML-DSA,sign,44,293970,6385
ML-DSA,sign,44,213760,6386
ML-DSA,sign,44,115158,6387
ML-DSA,sign,44,115104,6388
ML-DSA,sign,44,108975,6389
ML-DSA,sign,44,143952,6390
ML-DSA,sign,44,80137,6391
ML-DSA,sign,44,143927,6392
ML-DSA,sign,44,109012,6393
ML-DSA,sign,44,478971,6394
ML-DSA,sign,44,150090,6395
ML-DSA,sign,44,80180,6396
ML-DSA,sign,44,115074,6397
ML-DSA,sign,44,109003,6398
ML-DSA,sign,44,80183,6399
ML-DSA,sign,44,80167,6400
ML-DSA,sign,44,80204,6401
ML-DSA,sign,44,150033,6402
ML-DSA,sign,44,427556,6403
ML-DSA,sign,44,108994,6404
ML-DSA,sign,44,80143,6405
ML-DSA,sign,44,80141,6406
ML-DSA,sign,44,143960,6407
ML-DSA,sign,44,80231,6408
ML-DSA,sign,44,80164,6409
ML-DSA,sign,44,80212,6410
ML-DSA,sign,44,201486,6411
ML-DSA,sign,44,520104,6412
ML-DSA,sign,44,230211,6413
ML-DSA,sign,44,80157,6414
ML-DSA,sign,44,277409,6415
ML-DSA,sign,44,80167,6416
ML-DSA,sign,44,137918,6417
ML-DSA,sign,44,166583,6418
ML-DSA,sign,44,230382,6419
ML-DSA,sign,44,271375,6420
ML-DSA,sign,44,80177,6421
ML-DSA,sign,44,589637,6422
ML-DSA,sign,44,143883,6423
ML-DSA,sign,44,178721,6424
ML-DSA,sign,44,271360,6425
ML-DSA,sign,44,201429,6426
ML-DSA,sign,44,143839,6427
ML-DSA,sign,44,115121,6428
ML-DSA,sign,44,294112,6429
ML-DSA,sign,44,80180,6430
ML-DSA,sign,44,213668,6431
ML-DSA,sign,44,80166,6432
ML-DSA,sign,44,271328,6433
ML-DSA,sign,44,322751,6434
ML-DSA,sign,44,80206,6435
ML-DSA,sign,44,306338,6436
ML-DSA,sign,44,108943,6437
ML-DSA,sign,44,479039,6438
ML-DSA,sign,44,166596,6439
ML-DSA,sign,44,80209,6440
ML-DSA,sign,44,137716,6441
ML-DSA,sign,44,115043,6442
ML-DSA,sign,44,259179,6443
ML-DSA,sign,44,80158,6444
ML-DSA,sign,44,80162,6445
ML-DSA,sign,44,137808,6446
ML-DSA,sign,44,80137,6447
ML-DSA,sign,44,143928,6448
ML-DSA,sign,44,172735,6449
ML-DSA,sign,44,785222,6450
ML-DSA,sign,44,80228,6451
ML-DSA,sign,44,80167,6452
ML-DSA,sign,44,178831,6453
ML-DSA,sign,44,80188,6454
ML-DSA,sign,44,80241,6455
ML-DSA,sign,44,306136,6456
ML-DSA,sign,44,137776,6457
ML-DSA,sign,44,143934,6458
ML-DSA,sign,44,294092,6459
ML-DSA,sign,44,80196,6460
ML-DSA,sign,44,885387,6461
ML-DSA,sign,44,80167,6462
ML-DSA,sign,44,109011,6463
ML-DSA,sign,44,172665,6464
ML-DSA,sign,44,178782,6465
ML-DSA,sign,44,80208,6466
ML-DSA,sign,44,172698,6467
ML-DSA,sign,44,306093,6468
ML-DSA,sign,44,688420,6469
ML-DSA,sign,44,108925,6470
ML-DSA,sign,44,80150,6471
ML-DSA,sign,44,265263,6472
ML-DSA,sign,44,166648,6473
ML-DSA,sign,44,293937,6474
ML-DSA,sign,44,109000,6475
ML-DSA,sign,44,450173,6476
ML-DSA,sign,44,108951,6477
ML-DSA,sign,44,548804,6478
ML-DSA,sign,44,191402,6479
ML-DSA,sign,44,80180,6480
ML-DSA,sign,44,328870,6481
ML-DSA,sign,44,108979,6482
ML-DSA,sign,44,201431,6483
ML-DSA,sign,44,80186,6484
ML-DSA,sign,44,166547,6485
ML-DSA,sign,44,115069,6486
ML-DSA,sign,44,334877,6487
ML-DSA,sign,44,236400,6488
ML-DSA,sign,44,109065,6489
ML-DSA,sign,44,80135,6490
ML-DSA,sign,44,80189,6491
ML-DSA,sign,44,166634,6492
ML-DSA,sign,44,322927,6493
ML-DSA,sign,44,201420,6494
ML-DSA,sign,44,293950,6495
ML-DSA,sign,44,80182,6496
ML-DSA,sign,44,293961,6497
ML-DSA,sign,44,137738,6498
ML-DSA,sign,44,144045,6499
ML-DSA,sign,44,80208,6500
ML-DSA,sign,44,553136,6501
ML-DSA,sign,44,230229,6502
ML-DSA,sign,44,108939,6503
ML-DSA,sign,44,80171,6504
ML-DSA,sign,44,80164,6505
ML-DSA,sign,44,542727,6506
ML-DSA,sign,44,143901,6507
ML-DSA,sign,44,115051,6508
ML-DSA,sign,44,80191,6509
ML-DSA,sign,44,172691,6510
ML-DSA,sign,44,80214,6511
ML-DSA,sign,44,108961,6512
ML-DSA,sign,44,137799,6513
ML-DSA,sign,44,178881,6514
ML-DSA,sign,44,80173,6515
ML-DSA,sign,44,172692,6516
ML-DSA,sign,44,137741,6517
ML-DSA,sign,44,109098,6518
ML-DSA,sign,44,369822,6519
ML-DSA,sign,44,80173,6520
ML-DSA,sign,44,109031,6521
ML-DSA,sign,44,143912,6522
ML-DSA,sign,44,328771,6523
ML-DSA,sign,44,287831,6524
ML-DSA,sign,44,80194,6525
ML-DSA,sign,44,115074,6526
ML-DSA,sign,44,80170,6527
ML-DSA,sign,44,271296,6528
ML-DSA,sign,44,178776,6529
ML-DSA,sign,44,287808,6530
ML-DSA,sign,44,178825,6531
ML-DSA,sign,44,172615,6532
ML-DSA,sign,44,236340,6533
ML-DSA,sign,44,115089,6534
ML-DSA,sign,44,294038,6535
ML-DSA,sign,44,108963,6536
ML-DSA,sign,44,462407,6537
ML-DSA,sign,44,150033,6538
ML-DSA,sign,44,143906,6539
ML-DSA,sign,44,80190,6540
ML-DSA,sign,44,137741,6541
ML-DSA,sign,44,513908,6542
ML-DSA,sign,44,80231,6543
ML-DSA,sign,44,201496,6544
ML-DSA,sign,44,149951,6545
ML-DSA,sign,44,201433,6546
ML-DSA,sign,44,172659,6547
ML-DSA,sign,44,230201,6548
ML-DSA,sign,44,80160,6549
ML-DSA,sign,44,80196,6550
ML-DSA,sign,44,252881,6551
ML-DSA,sign,44,80170,6552
ML-DSA,sign,44,236518,6553
ML-DSA,sign,44,108950,6554
ML-DSA,sign,44,80151,6555
ML-DSA,sign,44,150027,6556
ML-DSA,sign,44,363642,6557
ML-DSA,sign,44,80154,6558
ML-DSA,sign,44,195300,6559
ML-DSA,sign,44,328848,6560
ML-DSA,sign,44,178754,6561
ML-DSA,sign,44,265180,6562
ML-DSA,sign,44,178811,6563
ML-DSA,sign,44,108950,6564
ML-DSA,sign,44,115108,6565
ML-DSA,sign,44,137789,6566
ML-DSA,sign,44,207689,6567
ML-DSA,sign,44,143977,6568
ML-DSA,sign,44,80222,6569
ML-DSA,sign,44,230323,6570
ML-DSA,sign,44,294016,6571
ML-DSA,sign,44,80145,6572
ML-DSA,sign,44,497213,6573
ML-DSA,sign,44,80250,6574
ML-DSA,sign,44,137770,6575
ML-DSA,sign,44,80215,6576
ML-DSA,sign,44,109022,6577
ML-DSA,sign,44,294035,6578
ML-DSA,sign,44,144005,6579
ML-DSA,sign,44,137798,6580
ML-DSA,sign,44,80166,6581
ML-DSA,sign,44,207559,6582
ML-DSA,sign,44,143929,6583
ML-DSA,sign,44,178769,6584
ML-DSA,sign,44,109062,6585
ML-DSA,sign,44,143990,6586
ML-DSA,sign,44,341012,6587
ML-DSA,sign,44,324514,6588
ML-DSA,sign,44,80177,6589
ML-DSA,sign,44,80202,6590
ML-DSA,sign,44,80218,6591
ML-DSA,sign,44,392484,6592
ML-DSA,sign,44,80220,6593
ML-DSA,sign,44,248675,6594
ML-DSA,sign,44,143827,6595
ML-DSA,sign,44,172684,6596
ML-DSA,sign,44,293959,6597
ML-DSA,sign,44,565208,6598
ML-DSA,sign,44,115065,6599
ML-DSA,sign,44,242514,6600
ML-DSA,sign,44,178805,6601
ML-DSA,sign,44,80143,6602
ML-DSA,sign,44,310559,6603
ML-DSA,sign,44,109046,6604
ML-DSA,sign,44,80234,6605
ML-DSA,sign,44,115151,6606
ML-DSA,sign,44,80162,6607
ML-DSA,sign,44,172697,6608
ML-DSA,sign,44,242548,6609
ML-DSA,sign,44,265493,6610
ML-DSA,sign,44,265131,6611
ML-DSA,sign,44,357675,6612
ML-DSA,sign,44,80169,6613
ML-DSA,sign,44,242447,6614
ML-DSA,sign,44,80254,6615
ML-DSA,sign,44,283470,6616
ML-DSA,sign,44,80174,6617
ML-DSA,sign,44,376445,6618
ML-DSA,sign,44,207584,6619
ML-DSA,sign,44,166551,6620
ML-DSA,sign,44,230267,6621
ML-DSA,sign,44,312289,6622
ML-DSA,sign,44,201440,6623
ML-DSA,sign,44,115059,6624
ML-DSA,sign,44,80178,6625
ML-DSA,sign,44,172762,6626
ML-DSA,sign,44,287905,6627
ML-DSA,sign,44,201514,6628
ML-DSA,sign,44,306241,6629
ML-DSA,sign,44,207628,6630
ML-DSA,sign,44,80163,6631
ML-DSA,sign,44,398668,6632
ML-DSA,sign,44,115084,6633
ML-DSA,sign,44,271361,6634
ML-DSA,sign,44,80223,6635
ML-DSA,sign,44,80172,6636
ML-DSA,sign,44,236336,6637
ML-DSA,sign,44,172794,6638
ML-DSA,sign,44,213766,6639
ML-DSA,sign,44,108985,6640
ML-DSA,sign,44,143893,6641
ML-DSA,sign,44,363866,6642
ML-DSA,sign,44,80155,6643
ML-DSA,sign,44,80187,6644
ML-DSA,sign,44,501525,6645
ML-DSA,sign,44,328852,6646
ML-DSA,sign,44,230223,6647
ML-DSA,sign,44,322592,6648
ML-DSA,sign,44,201593,6649
ML-DSA,sign,44,108987,6650
ML-DSA,sign,44,115115,6651
ML-DSA,sign,44,108944,6652
ML-DSA,sign,44,80170,6653
ML-DSA,sign,44,178739,6654
ML-DSA,sign,44,80204,6655
ML-DSA,sign,44,184859,6656
ML-DSA,sign,44,108939,6657
ML-DSA,sign,44,80153,6658
ML-DSA,sign,44,80152,6659
ML-DSA,sign,44,300003,6660
ML-DSA,sign,44,80178,6661
ML-DSA,sign,44,115103,6662
ML-DSA,sign,44,526093,6663
ML-DSA,sign,44,80224,6664
ML-DSA,sign,44,137844,6665
ML-DSA,sign,44,300303,6666
ML-DSA,sign,44,108993,6667
ML-DSA,sign,44,108955,6668
ML-DSA,sign,44,80208,6669
ML-DSA,sign,44,80185,6670
ML-DSA,sign,44,80147,6671
ML-DSA,sign,44,80154,6672
ML-DSA,sign,44,80142,6673
ML-DSA,sign,44,108910,6674
ML-DSA,sign,44,80174,6675
ML-DSA,sign,44,258916,6676
ML-DSA,sign,44,149997,6677
ML-DSA,sign,44,80234,6678
ML-DSA,sign,44,109011,6679
ML-DSA,sign,44,80163,6680
ML-DSA,sign,44,115124,6681
ML-DSA,sign,44,166624,6682
ML-DSA,sign,44,149947,6683
ML-DSA,sign,44,172717,6684
ML-DSA,sign,44,109005,6685
ML-DSA,sign,44,80241,6686
ML-DSA,sign,44,421302,6687
ML-DSA,sign,44,80194,6688
ML-DSA,sign,44,166662,6689
ML-DSA,sign,44,201454,6690
ML-DSA,sign,44,80188,6691
ML-DSA,sign,44,178796,6692
ML-DSA,sign,44,236268,6693
ML-DSA,sign,44,137713,6694
ML-DSA,sign,44,137783,6695
ML-DSA,sign,44,80129,6696
ML-DSA,sign,44,328952,6697
ML-DSA,sign,44,242526,6698
ML-DSA,sign,44,80223,6699
ML-DSA,sign,44,80183,6700
ML-DSA,sign,44,109059,6701
ML-DSA,sign,44,143904,6702
ML-DSA,sign,44,143911,6703
ML-DSA,sign,44,143928,6704
ML-DSA,sign,44,80142,6705
ML-DSA,sign,44,166601,6706
ML-DSA,sign,44,184862,6707
ML-DSA,sign,44,172691,6708
ML-DSA,sign,44,172721,6709
ML-DSA,sign,44,398802,6710
ML-DSA,sign,44,80154,6711
ML-DSA,sign,44,137817,6712
ML-DSA,sign,44,213805,6713
ML-DSA,sign,44,271342,6714
ML-DSA,sign,44,149942,6715
ML-DSA,sign,44,108975,6716
ML-DSA,sign,44,80195,6717
ML-DSA,sign,44,242370,6718
ML-DSA,sign,44,271239,6719
ML-DSA,sign,44,80145,6720
ML-DSA,sign,44,230306,6721
ML-DSA,sign,44,115114,6722
ML-DSA,sign,44,80181,6723
ML-DSA,sign,44,300108,6724
ML-DSA,sign,44,178884,6725
ML-DSA,sign,44,195389,6726
ML-DSA,sign,44,485033,6727
ML-DSA,sign,44,213707,6728
ML-DSA,sign,44,271326,6729
ML-DSA,sign,44,265232,6730
ML-DSA,sign,44,115064,6731
ML-DSA,sign,44,80199,6732
ML-DSA,sign,44,115189,6733
ML-DSA,sign,44,115042,6734
ML-DSA,sign,44,80170,6735
ML-DSA,sign,44,195459,6736
ML-DSA,sign,44,115133,6737
ML-DSA,sign,44,322779,6738
ML-DSA,sign,44,306281,6739
ML-DSA,sign,44,172729,6740
ML-DSA,sign,44,137791,6741
ML-DSA,sign,44,526019,6742
ML-DSA,sign,44,150006,6743
ML-DSA,sign,44,115106,6744
ML-DSA,sign,44,80214,6745
ML-DSA,sign,44,108972,6746
ML-DSA,sign,44,341038,6747
ML-DSA,sign,44,80183,6748
ML-DSA,sign,44,271170,6749
ML-DSA,sign,44,143897,6750
ML-DSA,sign,44,676228,6751
ML-DSA,sign,44,80223,6752
ML-DSA,sign,44,571391,6753
ML-DSA,sign,44,80183,6754
ML-DSA,sign,44,294044,6755
ML-DSA,sign,44,201432,6756
ML-DSA,sign,44,80184,6757
ML-DSA,sign,44,80231,6758
ML-DSA,sign,44,80186,6759
ML-DSA,sign,44,115069,6760
ML-DSA,sign,44,80162,6761
ML-DSA,sign,44,439839,6762
ML-DSA,sign,44,137718,6763
ML-DSA,sign,44,219918,6764
ML-DSA,sign,44,143921,6765
ML-DSA,sign,44,178766,6766
ML-DSA,sign,44,380341,6767
ML-DSA,sign,44,207651,6768
ML-DSA,sign,44,259050,6769
ML-DSA,sign,44,351708,6770
ML-DSA,sign,44,80213,6771
ML-DSA,sign,44,80158,6772
ML-DSA,sign,44,172832,6773
ML-DSA,sign,44,172617,6774
ML-DSA,sign,44,143834,6775
ML-DSA,sign,44,172708,6776
ML-DSA,sign,44,80130,6777
ML-DSA,sign,44,115085,6778
ML-DSA,sign,44,513935,6779
ML-DSA,sign,44,328982,6780
ML-DSA,sign,44,80167,6781
ML-DSA,sign,44,143869,6782
ML-DSA,sign,44,108974,6783
ML-DSA,sign,44,80160,6784
ML-DSA,sign,44,195477,6785
ML-DSA,sign,44,80215,6786
ML-DSA,sign,44,242540,6787
ML-DSA,sign,44,150069,6788
ML-DSA,sign,44,80169,6789
ML-DSA,sign,44,108976,6790
ML-DSA,sign,44,172733,6791
ML-DSA,sign,44,172768,6792
ML-DSA,sign,44,172783,6793
ML-DSA,sign,44,80207,6794
ML-DSA,sign,44,201425,6795
ML-DSA,sign,44,195354,6796
ML-DSA,sign,44,178799,6797
ML-DSA,sign,44,178839,6798
ML-DSA,sign,44,669905,6799
ML-DSA,sign,44,357754,6800
ML-DSA,sign,44,485022,6801
ML-DSA,sign,44,143901,6802
ML-DSA,sign,44,109021,6803
ML-DSA,sign,44,450031,6804
ML-DSA,sign,44,137803,6805
ML-DSA,sign,44,80187,6806
ML-DSA,sign,44,166548,6807
ML-DSA,sign,44,80147,6808
ML-DSA,sign,44,143800,6809
ML-DSA,sign,44,115100,6810
ML-DSA,sign,44,115049,6811
ML-DSA,sign,44,207681,6812
ML-DSA,sign,44,207650,6813
ML-DSA,sign,44,80160,6814
ML-DSA,sign,44,207511,6815
ML-DSA,sign,44,115071,6816
ML-DSA,sign,44,80169,6817
ML-DSA,sign,44,115094,6818
ML-DSA,sign,44,172677,6819
ML-DSA,sign,44,80225,6820
ML-DSA,sign,44,80156,6821
ML-DSA,sign,44,178776,6822
ML-DSA,sign,44,328891,6823
ML-DSA,sign,44,80157,6824
ML-DSA,sign,44,115100,6825
ML-DSA,sign,44,172658,6826
ML-DSA,sign,44,115105,6827
ML-DSA,sign,44,230320,6828
ML-DSA,sign,44,109020,6829
ML-DSA,sign,44,115082,6830
ML-DSA,sign,44,80174,6831
ML-DSA,sign,44,80159,6832
ML-DSA,sign,44,108964,6833
ML-DSA,sign,44,80233,6834
ML-DSA,sign,44,143927,6835
ML-DSA,sign,44,172749,6836
ML-DSA,sign,44,115098,6837
ML-DSA,sign,44,108897,6838
ML-DSA,sign,44,398841,6839
ML-DSA,sign,44,80152,6840
ML-DSA,sign,44,137710,6841
ML-DSA,sign,44,143900,6842
ML-DSA,sign,44,80164,6843
ML-DSA,sign,44,108912,6844
ML-DSA,sign,44,80247,6845
ML-DSA,sign,44,524491,6846
ML-DSA,sign,44,80133,6847
ML-DSA,sign,44,80200,6848
ML-DSA,sign,44,137755,6849
ML-DSA,sign,44,166607,6850
ML-DSA,sign,44,137802,6851
ML-DSA,sign,44,80183,6852
ML-DSA,sign,44,415376,6853
ML-DSA,sign,44,427295,6854
ML-DSA,sign,44,137724,6855
ML-DSA,sign,44,109006,6856
ML-DSA,sign,44,115107,6857
ML-DSA,sign,44,80199,6858
ML-DSA,sign,44,80145,6859
ML-DSA,sign,44,108957,6860
ML-DSA,sign,44,166507,6861
ML-DSA,sign,44,109038,6862
ML-DSA,sign,44,166586,6863
ML-DSA,sign,44,80195,6864
ML-DSA,sign,44,80155,6865
ML-DSA,sign,44,115206,6866
ML-DSA,sign,44,207623,6867
ML-DSA,sign,44,108972,6868
ML-DSA,sign,44,115082,6869
ML-DSA,sign,44,80220,6870
ML-DSA,sign,44,143912,6871
ML-DSA,sign,44,115072,6872
ML-DSA,sign,44,277608,6873
ML-DSA,sign,44,108993,6874
ML-DSA,sign,44,115067,6875
ML-DSA,sign,44,80227,6876
ML-DSA,sign,44,137750,6877
ML-DSA,sign,44,179217,6878
ML-DSA,sign,44,143808,6879
ML-DSA,sign,44,137836,6880
ML-DSA,sign,44,335098,6881
ML-DSA,sign,44,80205,6882
ML-DSA,sign,44,108937,6883
ML-DSA,sign,44,143919,6884
ML-DSA,sign,44,115063,6885
ML-DSA,sign,44,108967,6886
ML-DSA,sign,44,80167,6887
ML-DSA,sign,44,108965,6888
ML-DSA,sign,44,293980,6889
ML-DSA,sign,44,80171,6890
ML-DSA,sign,44,80222,6891
ML-DSA,sign,44,80159,6892
ML-DSA,sign,44,392564,6893
ML-DSA,sign,44,80207,6894
ML-DSA,sign,44,80153,6895
ML-DSA,sign,44,137702,6896
ML-DSA,sign,44,339405,6897
ML-DSA,sign,44,520034,6898
ML-DSA,sign,44,589581,6899
ML-DSA,sign,44,80205,6900
ML-DSA,sign,44,143850,6901
ML-DSA,sign,44,108963,6902
ML-DSA,sign,44,80212,6903
ML-DSA,sign,44,143875,6904
ML-DSA,sign,44,178719,6905
ML-DSA,sign,44,80153,6906
ML-DSA,sign,44,108952,6907
ML-DSA,sign,44,172769,6908
ML-DSA,sign,44,80139,6909
ML-DSA,sign,44,80187,6910
ML-DSA,sign,44,80175,6911
ML-DSA,sign,44,80144,6912
ML-DSA,sign,44,213693,6913
ML-DSA,sign,44,143868,6914
ML-DSA,sign,44,143904,6915
ML-DSA,sign,44,248680,6916
ML-DSA,sign,44,80239,6917
ML-DSA,sign,44,184921,6918
ML-DSA,sign,44,166682,6919
ML-DSA,sign,44,80142,6920
ML-DSA,sign,44,80221,6921
ML-DSA,sign,44,219709,6922
ML-DSA,sign,44,150022,6923
ML-DSA,sign,44,108945,6924
ML-DSA,sign,44,80169,6925
ML-DSA,sign,44,80226,6926
ML-DSA,sign,44,80186,6927
ML-DSA,sign,44,166648,6928
ML-DSA,sign,44,258973,6929
ML-DSA,sign,44,137808,6930
ML-DSA,sign,44,166685,6931
ML-DSA,sign,44,80261,6932
ML-DSA,sign,44,143968,6933
ML-DSA,sign,44,80167,6934
ML-DSA,sign,44,357953,6935
ML-DSA,sign,44,329007,6936
ML-DSA,sign,44,300135,6937
ML-DSA,sign,44,172674,6938
ML-DSA,sign,44,166589,6939
ML-DSA,sign,44,462475,6940
ML-DSA,sign,44,80158,6941
ML-DSA,sign,44,392593,6942
ML-DSA,sign,44,115132,6943
ML-DSA,sign,44,380447,6944
ML-DSA,sign,44,137721,6945
ML-DSA,sign,44,322770,6946
ML-DSA,sign,44,80194,6947
ML-DSA,sign,44,334987,6948
ML-DSA,sign,44,80201,6949
ML-DSA,sign,44,328840,6950
ML-DSA,sign,44,80213,6951
ML-DSA,sign,44,143959,6952
ML-DSA,sign,44,472694,6953
ML-DSA,sign,44,287894,6954
ML-DSA,sign,44,80190,6955
ML-DSA,sign,44,80174,6956
ML-DSA,sign,44,230452,6957
ML-DSA,sign,44,513732,6958
ML-DSA,sign,44,80231,6959
ML-DSA,sign,44,137766,6960
ML-DSA,sign,44,115085,6961
ML-DSA,sign,44,150011,6962
ML-DSA,sign,44,172612,6963
ML-DSA,sign,44,507730,6964
ML-DSA,sign,44,265168,6965
ML-DSA,sign,44,265243,6966
ML-DSA,sign,44,172800,6967
ML-DSA,sign,44,351532,6968
ML-DSA,sign,44,80157,6969
ML-DSA,sign,44,201432,6970
ML-DSA,sign,44,80154,6971
ML-DSA,sign,44,172727,6972
ML-DSA,sign,44,230411,6973
ML-DSA,sign,44,242566,6974
ML-DSA,sign,44,172631,6975
ML-DSA,sign,44,178674,6976
ML-DSA,sign,44,108953,6977
ML-DSA,sign,44,80149,6978
ML-DSA,sign,44,109026,6979
ML-DSA,sign,44,166559,6980
ML-DSA,sign,44,109049,6981
ML-DSA,sign,44,144012,6982
ML-DSA,sign,44,456129,6983
ML-DSA,sign,44,80184,6984
ML-DSA,sign,44,322749,6985
ML-DSA,sign,44,80152,6986
ML-DSA,sign,44,80164,6987
ML-DSA,sign,44,236395,6988
ML-DSA,sign,44,80204,6989
ML-DSA,sign,44,115093,6990
ML-DSA,sign,44,172647,6991
ML-DSA,sign,44,137774,6992
ML-DSA,sign,44,108922,6993
ML-DSA,sign,44,178912,6994
ML-DSA,sign,44,277492,6995
ML-DSA,sign,44,201473,6996
ML-DSA,sign,44,143958,6997
ML-DSA,sign,44,437922,6998
ML-DSA,sign,44,108985,6999
ML-DSA,sign,44,80190,7000
ML-DSA,sign,44,109057,7001
ML-DSA,sign,44,207550,7002
ML-DSA,sign,44,80198,7003
ML-DSA,sign,44,137780,7004
ML-DSA,sign,44,236434,7005
ML-DSA,sign,44,213795,7006
ML-DSA,sign,44,80193,7007
ML-DSA,sign,44,115088,7008
ML-DSA,sign,44,236273,7009
ML-DSA,sign,44,108921,7010
ML-DSA,sign,44,115078,7011
ML-DSA,sign,44,293925,7012
ML-DSA,sign,44,236263,7013
ML-DSA,sign,44,80156,7014
ML-DSA,sign,44,172769,7015
ML-DSA,sign,44,137780,7016
ML-DSA,sign,44,172734,7017
ML-DSA,sign,44,109003,7018
ML-DSA,sign,44,80195,7019
ML-DSA,sign,44,172683,7020
ML-DSA,sign,44,150105,7021
ML-DSA,sign,44,137887,7022
ML-DSA,sign,44,370076,7023
ML-DSA,sign,44,108978,7024
ML-DSA,sign,44,115087,7025
ML-DSA,sign,44,115177,7026
ML-DSA,sign,44,207636,7027
ML-DSA,sign,44,462420,7028
ML-DSA,sign,44,80210,7029
ML-DSA,sign,44,178796,7030
ML-DSA,sign,44,108927,7031
ML-DSA,sign,44,109052,7032
ML-DSA,sign,44,80204,7033
ML-DSA,sign,44,178836,7034
ML-DSA,sign,44,109008,7035
ML-DSA,sign,44,450104,7036
ML-DSA,sign,44,600191,7037
ML-DSA,sign,44,108991,7038
ML-DSA,sign,44,172693,7039
ML-DSA,sign,44,108995,7040
ML-DSA,sign,44,115076,7041
ML-DSA,sign,44,271358,7042
ML-DSA,sign,44,143806,7043
ML-DSA,sign,44,109009,7044
ML-DSA,sign,44,108923,7045
ML-DSA,sign,44,242564,7046
ML-DSA,sign,44,80237,7047
ML-DSA,sign,44,115117,7048
ML-DSA,sign,44,137773,7049
ML-DSA,sign,44,115128,7050
ML-DSA,sign,44,277246,7051
ML-DSA,sign,44,115162,7052
ML-DSA,sign,44,80152,7053
ML-DSA,sign,44,80210,7054
ML-DSA,sign,44,195393,7055
ML-DSA,sign,44,207620,7056
ML-DSA,sign,44,80223,7057
ML-DSA,sign,44,293910,7058
ML-DSA,sign,44,277375,7059
ML-DSA,sign,44,109011,7060
ML-DSA,sign,44,115046,7061
ML-DSA,sign,44,143812,7062
ML-DSA,sign,44,195375,7063
ML-DSA,sign,44,80194,7064
ML-DSA,sign,44,137883,7065
ML-DSA,sign,44,80133,7066
ML-DSA,sign,44,143951,7067
ML-DSA,sign,44,80211,7068
ML-DSA,sign,44,80166,7069
ML-DSA,sign,44,80221,7070
ML-DSA,sign,44,577603,7071
ML-DSA,sign,44,80188,7072
ML-DSA,sign,44,143904,7073
ML-DSA,sign,44,80142,7074
ML-DSA,sign,44,392766,7075
ML-DSA,sign,44,80201,7076
ML-DSA,sign,44,427587,7077
ML-DSA,sign,44,80163,7078
ML-DSA,sign,44,80167,7079
ML-DSA,sign,44,80243,7080
ML-DSA,sign,44,230208,7081
ML-DSA,sign,44,143960,7082
ML-DSA,sign,44,322599,7083
ML-DSA,sign,44,80170,7084
ML-DSA,sign,44,80196,7085
ML-DSA,sign,44,259081,7086
ML-DSA,sign,44,109038,7087
ML-DSA,sign,44,265173,7088
ML-DSA,sign,44,80180,7089
ML-DSA,sign,44,80161,7090
ML-DSA,sign,44,115155,7091
ML-DSA,sign,44,109011,7092
ML-DSA,sign,44,80149,7093
ML-DSA,sign,44,143867,7094
ML-DSA,sign,44,137777,7095
ML-DSA,sign,44,143858,7096
ML-DSA,sign,44,115060,7097
ML-DSA,sign,44,115082,7098
ML-DSA,sign,44,137735,7099
ML-DSA,sign,44,80160,7100
ML-DSA,sign,44,80213,7101
ML-DSA,sign,44,108975,7102
ML-DSA,sign,44,143915,7103
ML-DSA,sign,44,108946,7104
ML-DSA,sign,44,80220,7105
ML-DSA,sign,44,143929,7106
ML-DSA,sign,44,172771,7107
ML-DSA,sign,44,312274,7108
ML-DSA,sign,44,109060,7109
ML-DSA,sign,44,392485,7110
ML-DSA,sign,44,376100,7111
ML-DSA,sign,44,392537,7112
ML-DSA,sign,44,109006,7113
ML-DSA,sign,44,143856,7114
ML-DSA,sign,44,115094,7115
ML-DSA,sign,44,109043,7116
ML-DSA,sign,44,201544,7117
ML-DSA,sign,44,166481,7118
ML-DSA,sign,44,80172,7119
ML-DSA,sign,44,115081,7120
ML-DSA,sign,44,137852,7121
ML-DSA,sign,44,421213,7122
ML-DSA,sign,44,115092,7123
ML-DSA,sign,44,80206,7124
ML-DSA,sign,44,248749,7125
ML-DSA,sign,44,207613,7126
ML-DSA,sign,44,80168,7127
ML-DSA,sign,44,386509,7128
ML-DSA,sign,44,150026,7129
ML-DSA,sign,44,369956,7130
ML-DSA,sign,44,178814,7131
ML-DSA,sign,44,230239,7132
ML-DSA,sign,44,207567,7133
ML-DSA,sign,44,178707,7134
ML-DSA,sign,44,80124,7135
ML-DSA,sign,44,80140,7136
ML-DSA,sign,44,178810,7137
ML-DSA,sign,44,143874,7138
ML-DSA,sign,44,172683,7139
ML-DSA,sign,44,80179,7140
ML-DSA,sign,44,178751,7141
ML-DSA,sign,44,172714,7142
ML-DSA,sign,44,80173,7143
ML-DSA,sign,44,115093,7144
ML-DSA,sign,44,80191,7145
ML-DSA,sign,44,115113,7146
ML-DSA,sign,44,115099,7147
ML-DSA,sign,44,80163,7148
ML-DSA,sign,44,265238,7149
ML-DSA,sign,44,109030,7150
ML-DSA,sign,44,341171,7151
ML-DSA,sign,44,143916,7152
ML-DSA,sign,44,491249,7153
ML-DSA,sign,44,172783,7154
ML-DSA,sign,44,137828,7155
ML-DSA,sign,44,109002,7156
ML-DSA,sign,44,340893,7157
ML-DSA,sign,44,80238,7158
ML-DSA,sign,44,80238,7159
ML-DSA,sign,44,178794,7160
ML-DSA,sign,44,143906,7161
ML-DSA,sign,44,201513,7162
ML-DSA,sign,44,166652,7163
ML-DSA,sign,44,328813,7164
ML-DSA,sign,44,80170,7165
ML-DSA,sign,44,328767,7166
ML-DSA,sign,44,80166,7167
ML-DSA,sign,44,80210,7168
ML-DSA,sign,44,370011,7169
ML-DSA,sign,44,172747,7170
ML-DSA,sign,44,236315,7171
ML-DSA,sign,44,137845,7172
ML-DSA,sign,44,172621,7173
ML-DSA,sign,44,380451,7174
ML-DSA,sign,44,265255,7175
ML-DSA,sign,44,80185,7176
ML-DSA,sign,44,80209,7177
ML-DSA,sign,44,271224,7178
ML-DSA,sign,44,369901,7179
ML-DSA,sign,44,328824,7180
ML-DSA,sign,44,236332,7181
ML-DSA,sign,44,80213,7182
ML-DSA,sign,44,80195,7183
ML-DSA,sign,44,80164,7184
ML-DSA,sign,44,271304,7185
ML-DSA,sign,44,80167,7186
ML-DSA,sign,44,172652,7187
ML-DSA,sign,44,137789,7188
ML-DSA,sign,44,80157,7189
ML-DSA,sign,44,108981,7190
ML-DSA,sign,44,848961,7191
ML-DSA,sign,44,137726,7192
ML-DSA,sign,44,491223,7193
ML-DSA,sign,44,172649,7194
ML-DSA,sign,44,369876,7195
ML-DSA,sign,44,109001,7196
ML-DSA,sign,44,265220,7197
ML-DSA,sign,44,415382,7198
ML-DSA,sign,44,201472,7199
ML-DSA,sign,44,178776,7200
ML-DSA,sign,44,207463,7201
ML-DSA,sign,44,195414,7202
ML-DSA,sign,44,306294,7203
ML-DSA,sign,44,688891,7204
ML-DSA,sign,44,242462,7205
ML-DSA,sign,44,143831,7206
ML-DSA,sign,44,271350,7207
ML-DSA,sign,44,201439,7208
ML-DSA,sign,44,236384,7209
ML-DSA,sign,44,143847,7210
ML-DSA,sign,44,300082,7211
ML-DSA,sign,44,115120,7212
ML-DSA,sign,44,287888,7213
ML-DSA,sign,44,560910,7214
ML-DSA,sign,44,137768,7215
ML-DSA,sign,44,108927,7216
ML-DSA,sign,44,230352,7217
ML-DSA,sign,44,80207,7218
ML-DSA,sign,44,143933,7219
ML-DSA,sign,44,328888,7220
ML-DSA,sign,44,80177,7221
ML-DSA,sign,44,80242,7222
ML-DSA,sign,44,109063,7223
ML-DSA,sign,44,201436,7224
ML-DSA,sign,44,108969,7225
ML-DSA,sign,44,271303,7226
ML-DSA,sign,44,80153,7227
ML-DSA,sign,44,143913,7228
ML-DSA,sign,44,143920,7229
ML-DSA,sign,44,80154,7230
ML-DSA,sign,44,248583,7231
ML-DSA,sign,44,80213,7232
ML-DSA,sign,44,306165,7233
ML-DSA,sign,44,115105,7234
ML-DSA,sign,44,108983,7235
ML-DSA,sign,44,265243,7236
ML-DSA,sign,44,201501,7237
ML-DSA,sign,44,108942,7238
ML-DSA,sign,44,109068,7239
ML-DSA,sign,44,108957,7240
ML-DSA,sign,44,219780,7241
ML-DSA,sign,44,207534,7242
ML-DSA,sign,44,456173,7243
ML-DSA,sign,44,207612,7244
ML-DSA,sign,44,259051,7245
ML-DSA,sign,44,306302,7246
ML-DSA,sign,44,80211,7247
ML-DSA,sign,44,80156,7248
ML-DSA,sign,44,230234,7249
ML-DSA,sign,44,293933,7250
ML-DSA,sign,44,248607,7251
ML-DSA,sign,44,137836,7252
ML-DSA,sign,44,178758,7253
ML-DSA,sign,44,80149,7254
ML-DSA,sign,44,369923,7255
ML-DSA,sign,44,184933,7256
ML-DSA,sign,44,137833,7257
ML-DSA,sign,44,143975,7258
ML-DSA,sign,44,376172,7259
ML-DSA,sign,44,166687,7260
ML-DSA,sign,44,80166,7261
ML-DSA,sign,44,369847,7262
ML-DSA,sign,44,109010,7263
ML-DSA,sign,44,115122,7264
ML-DSA,sign,44,224148,7265
ML-DSA,sign,44,80206,7266
ML-DSA,sign,44,80156,7267
ML-DSA,sign,44,201514,7268
ML-DSA,sign,44,172665,7269
ML-DSA,sign,44,236289,7270
ML-DSA,sign,44,80161,7271
ML-DSA,sign,44,236475,7272
ML-DSA,sign,44,80202,7273
ML-DSA,sign,44,80201,7274
ML-DSA,sign,44,300141,7275
ML-DSA,sign,44,108961,7276
ML-DSA,sign,44,80203,7277
ML-DSA,sign,44,230160,7278
ML-DSA,sign,44,398677,7279
ML-DSA,sign,44,108990,7280
ML-DSA,sign,44,80160,7281
ML-DSA,sign,44,236367,7282
ML-DSA,sign,44,242467,7283
ML-DSA,sign,44,115121,7284
ML-DSA,sign,44,236416,7285
ML-DSA,sign,44,115070,7286
ML-DSA,sign,44,306148,7287
ML-DSA,sign,44,213602,7288
ML-DSA,sign,44,80235,7289
ML-DSA,sign,44,150017,7290
ML-DSA,sign,44,230355,7291
ML-DSA,sign,44,172788,7292
ML-DSA,sign,44,277530,7293
ML-DSA,sign,44,178754,7294
ML-DSA,sign,44,571349,7295
ML-DSA,sign,44,207608,7296
ML-DSA,sign,44,201589,7297
ML-DSA,sign,44,80179,7298
ML-DSA,sign,44,108927,7299
ML-DSA,sign,44,80241,7300
ML-DSA,sign,44,80178,7301
ML-DSA,sign,44,137711,7302
ML-DSA,sign,44,80191,7303
ML-DSA,sign,44,271341,7304
ML-DSA,sign,44,80157,7305
ML-DSA,sign,44,236560,7306
ML-DSA,sign,44,80158,7307
ML-DSA,sign,44,80168,7308
ML-DSA,sign,44,195448,7309
ML-DSA,sign,44,80210,7310
ML-DSA,sign,44,80209,7311
ML-DSA,sign,44,398550,7312
ML-DSA,sign,44,600056,7313
ML-DSA,sign,44,80158,7314
ML-DSA,sign,44,109014,7315
ML-DSA,sign,44,322901,7316
ML-DSA,sign,44,109007,7317
ML-DSA,sign,44,80208,7318
ML-DSA,sign,44,108983,7319
ML-DSA,sign,44,109047,7320
ML-DSA,sign,44,80184,7321
ML-DSA,sign,44,108935,7322
ML-DSA,sign,44,150003,7323
ML-DSA,sign,44,80154,7324
ML-DSA,sign,44,137759,7325
ML-DSA,sign,44,271351,7326
ML-DSA,sign,44,80155,7327
ML-DSA,sign,44,386577,7328
ML-DSA,sign,44,195341,7329
ML-DSA,sign,44,80154,7330
ML-DSA,sign,44,306276,7331
ML-DSA,sign,44,444136,7332
ML-DSA,sign,44,115073,7333
ML-DSA,sign,44,172661,7334
ML-DSA,sign,44,108990,7335
ML-DSA,sign,44,144001,7336
ML-DSA,sign,44,109028,7337
ML-DSA,sign,44,137735,7338
ML-DSA,sign,44,178784,7339
ML-DSA,sign,44,115042,7340
ML-DSA,sign,44,386332,7341
ML-DSA,sign,44,109022,7342
ML-DSA,sign,44,137820,7343
ML-DSA,sign,44,316595,7344
ML-DSA,sign,44,201451,7345
ML-DSA,sign,44,195390,7346
ML-DSA,sign,44,172735,7347
ML-DSA,sign,44,300145,7348
ML-DSA,sign,44,351680,7349
ML-DSA,sign,44,172578,7350
ML-DSA,sign,44,80216,7351
ML-DSA,sign,44,80170,7352
ML-DSA,sign,44,254740,7353
ML-DSA,sign,44,108986,7354
ML-DSA,sign,44,213753,7355
ML-DSA,sign,44,201417,7356
ML-DSA,sign,44,322736,7357
ML-DSA,sign,44,213639,7358
ML-DSA,sign,44,115192,7359
ML-DSA,sign,44,265214,7360
ML-DSA,sign,44,80223,7361
ML-DSA,sign,44,201449,7362
ML-DSA,sign,44,80200,7363
ML-DSA,sign,44,201399,7364
ML-DSA,sign,44,80167,7365
ML-DSA,sign,44,80151,7366
ML-DSA,sign,44,166595,7367
ML-DSA,sign,44,137802,7368
ML-DSA,sign,44,201451,7369
ML-DSA,sign,44,178778,7370
ML-DSA,sign,44,80173,7371
ML-DSA,sign,44,207716,7372
ML-DSA,sign,44,80209,7373
ML-DSA,sign,44,109005,7374
ML-DSA,sign,44,137776,7375
ML-DSA,sign,44,80169,7376
ML-DSA,sign,44,178828,7377
ML-DSA,sign,44,109045,7378
ML-DSA,sign,44,312346,7379
ML-DSA,sign,44,345537,7380
ML-DSA,sign,44,108945,7381
ML-DSA,sign,44,404855,7382
ML-DSA,sign,44,137790,7383
ML-DSA,sign,44,80236,7384
ML-DSA,sign,44,80210,7385
ML-DSA,sign,44,121616,7386
ML-DSA,sign,44,254716,7387
ML-DSA,sign,44,398765,7388
ML-DSA,sign,44,137842,7389
ML-DSA,sign,44,150110,7390
ML-DSA,sign,44,115145,7391
ML-DSA,sign,44,80220,7392
ML-DSA,sign,44,207638,7393
ML-DSA,sign,44,195416,7394
ML-DSA,sign,44,80148,7395
ML-DSA,sign,44,236304,7396
ML-DSA,sign,44,80155,7397
ML-DSA,sign,44,115039,7398
ML-DSA,sign,44,519995,7399
ML-DSA,sign,44,242607,7400
ML-DSA,sign,44,109119,7401
ML-DSA,sign,44,265078,7402
ML-DSA,sign,44,80226,7403
ML-DSA,sign,44,322725,7404
ML-DSA,sign,44,137868,7405
ML-DSA,sign,44,583799,7406
ML-DSA,sign,44,80189,7407
ML-DSA,sign,44,201475,7408
ML-DSA,sign,44,109034,7409
ML-DSA,sign,44,115103,7410
ML-DSA,sign,44,294037,7411
ML-DSA,sign,44,108955,7412
ML-DSA,sign,44,143844,7413
ML-DSA,sign,44,236332,7414
ML-DSA,sign,44,207597,7415
ML-DSA,sign,44,115145,7416
ML-DSA,sign,44,80201,7417
ML-DSA,sign,44,259034,7418
ML-DSA,sign,44,109016,7419
ML-DSA,sign,44,80175,7420
ML-DSA,sign,44,316685,7421
ML-DSA,sign,44,363896,7422
ML-DSA,sign,44,201425,7423
ML-DSA,sign,44,404841,7424
ML-DSA,sign,44,109075,7425
ML-DSA,sign,44,80189,7426
ML-DSA,sign,44,265301,7427
ML-DSA,sign,44,115121,7428
ML-DSA,sign,44,115186,7429
ML-DSA,sign,44,80192,7430
ML-DSA,sign,44,828012,7431
ML-DSA,sign,44,80152,7432
ML-DSA,sign,44,172636,7433
ML-DSA,sign,44,363714,7434
ML-DSA,sign,44,109017,7435
ML-DSA,sign,44,109099,7436
ML-DSA,sign,44,213667,7437
ML-DSA,sign,44,178763,7438
ML-DSA,sign,44,172678,7439
ML-DSA,sign,44,271306,7440
ML-DSA,sign,44,143808,7441
ML-DSA,sign,44,80157,7442
ML-DSA,sign,44,172801,7443
ML-DSA,sign,44,149999,7444
ML-DSA,sign,44,172742,7445
ML-DSA,sign,44,149977,7446
ML-DSA,sign,44,108996,7447
ML-DSA,sign,44,236402,7448
ML-DSA,sign,44,178864,7449
ML-DSA,sign,44,178808,7450
ML-DSA,sign,44,560929,7451
ML-DSA,sign,44,195203,7452
ML-DSA,sign,44,80166,7453
ML-DSA,sign,44,548956,7454
ML-DSA,sign,44,398565,7455
ML-DSA,sign,44,80202,7456
ML-DSA,sign,44,80235,7457
ML-DSA,sign,44,166522,7458
ML-DSA,sign,44,236443,7459
ML-DSA,sign,44,166652,7460
ML-DSA,sign,44,166580,7461
ML-DSA,sign,44,137811,7462
ML-DSA,sign,44,166578,7463
ML-DSA,sign,44,299980,7464
ML-DSA,sign,44,115147,7465
ML-DSA,sign,44,351540,7466
ML-DSA,sign,44,108956,7467
ML-DSA,sign,44,80155,7468
ML-DSA,sign,44,287961,7469
ML-DSA,sign,44,80145,7470
ML-DSA,sign,44,143883,7471
ML-DSA,sign,44,178789,7472
ML-DSA,sign,44,80207,7473
ML-DSA,sign,44,466834,7474
ML-DSA,sign,44,150079,7475
ML-DSA,sign,44,80189,7476
ML-DSA,sign,44,172657,7477
ML-DSA,sign,44,143857,7478
ML-DSA,sign,44,80182,7479
ML-DSA,sign,44,80237,7480
ML-DSA,sign,44,115137,7481
ML-DSA,sign,44,80190,7482
ML-DSA,sign,44,143930,7483
ML-DSA,sign,44,80148,7484
ML-DSA,sign,44,207566,7485
ML-DSA,sign,44,178836,7486
ML-DSA,sign,44,80237,7487
ML-DSA,sign,44,137710,7488
ML-DSA,sign,44,80173,7489
ML-DSA,sign,44,109022,7490
ML-DSA,sign,44,195331,7491
ML-DSA,sign,44,172714,7492
ML-DSA,sign,44,115137,7493
ML-DSA,sign,44,108941,7494
ML-DSA,sign,44,433858,7495
ML-DSA,sign,44,485179,7496
ML-DSA,sign,44,201559,7497
ML-DSA,sign,44,450787,7498
ML-DSA,sign,44,109079,7499
ML-DSA,sign,44,172645,7500
ML-DSA,sign,44,172683,7501
ML-DSA,sign,44,230331,7502
ML-DSA,sign,44,143906,7503
ML-DSA,sign,44,109033,7504
ML-DSA,sign,44,115125,7505
ML-DSA,sign,44,450083,7506
ML-DSA,sign,44,80183,7507
ML-DSA,sign,44,108938,7508
ML-DSA,sign,44,254693,7509
ML-DSA,sign,44,201515,7510
ML-DSA,sign,44,143914,7511
ML-DSA,sign,44,143807,7512
ML-DSA,sign,44,108968,7513
ML-DSA,sign,44,287977,7514
ML-DSA,sign,44,166632,7515
ML-DSA,sign,44,137737,7516
ML-DSA,sign,44,195398,7517
ML-DSA,sign,44,109038,7518
ML-DSA,sign,44,143949,7519
ML-DSA,sign,44,115044,7520
ML-DSA,sign,44,236400,7521
ML-DSA,sign,44,172683,7522
ML-DSA,sign,44,143884,7523
ML-DSA,sign,44,137794,7524
ML-DSA,sign,44,230324,7525
ML-DSA,sign,44,137853,7526
ML-DSA,sign,44,115100,7527
ML-DSA,sign,44,143978,7528
ML-DSA,sign,44,150060,7529
ML-DSA,sign,44,236383,7530
ML-DSA,sign,44,115102,7531
ML-DSA,sign,44,242453,7532
ML-DSA,sign,44,80198,7533
ML-DSA,sign,44,143883,7534
ML-DSA,sign,44,265312,7535
ML-DSA,sign,44,137802,7536
ML-DSA,sign,44,109041,7537
ML-DSA,sign,44,80207,7538
ML-DSA,sign,44,109051,7539
ML-DSA,sign,44,80192,7540
ML-DSA,sign,44,277436,7541
ML-DSA,sign,44,201626,7542
ML-DSA,sign,44,195505,7543
ML-DSA,sign,44,335024,7544
ML-DSA,sign,44,427567,7545
ML-DSA,sign,44,195299,7546
ML-DSA,sign,44,80226,7547
ML-DSA,sign,44,80165,7548
ML-DSA,sign,44,137789,7549
ML-DSA,sign,44,201528,7550
ML-DSA,sign,44,80163,7551
ML-DSA,sign,44,166603,7552
ML-DSA,sign,44,236369,7553
ML-DSA,sign,44,80145,7554
ML-DSA,sign,44,380348,7555
ML-DSA,sign,44,115125,7556
ML-DSA,sign,44,143926,7557
ML-DSA,sign,44,115183,7558
ML-DSA,sign,44,80240,7559
ML-DSA,sign,44,242454,7560
ML-DSA,sign,44,236346,7561
ML-DSA,sign,44,236351,7562
ML-DSA,sign,44,109034,7563
ML-DSA,sign,44,108965,7564
ML-DSA,sign,44,137787,7565
ML-DSA,sign,44,80251,7566
ML-DSA,sign,44,258988,7567
ML-DSA,sign,44,253041,7568
ML-DSA,sign,44,688272,7569
ML-DSA,sign,44,207615,7570
ML-DSA,sign,44,143878,7571
ML-DSA,sign,44,109037,7572
ML-DSA,sign,44,172719,7573
ML-DSA,sign,44,137767,7574
ML-DSA,sign,44,201470,7575
ML-DSA,sign,44,80163,7576
ML-DSA,sign,44,80161,7577
ML-DSA,sign,44,265305,7578
ML-DSA,sign,44,80214,7579
ML-DSA,sign,44,172795,7580
ML-DSA,sign,44,271429,7581
ML-DSA,sign,44,178791,7582
ML-DSA,sign,44,108941,7583
ML-DSA,sign,44,108984,7584
ML-DSA,sign,44,108953,7585
ML-DSA,sign,44,109064,7586
ML-DSA,sign,44,242559,7587
ML-DSA,sign,44,172701,7588
ML-DSA,sign,44,334825,7589
ML-DSA,sign,44,293956,7590
ML-DSA,sign,44,80195,7591
ML-DSA,sign,44,115079,7592
ML-DSA,sign,44,115180,7593
ML-DSA,sign,44,143932,7594
ML-DSA,sign,44,357699,7595
ML-DSA,sign,44,178822,7596
ML-DSA,sign,44,316561,7597
ML-DSA,sign,44,108994,7598
ML-DSA,sign,44,109008,7599
ML-DSA,sign,44,287782,7600
ML-DSA,sign,44,207447,7601
ML-DSA,sign,44,404762,7602
ML-DSA,sign,44,115137,7603
ML-DSA,sign,44,143873,7604
ML-DSA,sign,44,137849,7605
ML-DSA,sign,44,80234,7606
ML-DSA,sign,44,201467,7607
ML-DSA,sign,44,224302,7608
ML-DSA,sign,44,80174,7609
ML-DSA,sign,44,108998,7610
ML-DSA,sign,44,328800,7611
ML-DSA,sign,44,340993,7612
ML-DSA,sign,44,143871,7613
ML-DSA,sign,44,230254,7614
ML-DSA,sign,44,178731,7615
ML-DSA,sign,44,242530,7616
ML-DSA,sign,44,80159,7617
ML-DSA,sign,44,115151,7618
ML-DSA,sign,44,143856,7619
ML-DSA,sign,44,172696,7620
ML-DSA,sign,44,137811,7621
ML-DSA,sign,44,756426,7622
ML-DSA,sign,44,322824,7623
ML-DSA,sign,44,466721,7624
ML-DSA,sign,44,207685,7625
ML-DSA,sign,44,172679,7626
ML-DSA,sign,44,143875,7627
ML-DSA,sign,44,172661,7628
ML-DSA,sign,44,207636,7629
ML-DSA,sign,44,108928,7630
ML-DSA,sign,44,207590,7631
ML-DSA,sign,44,80203,7632
ML-DSA,sign,44,207657,7633
ML-DSA,sign,44,236373,7634
ML-DSA,sign,44,137797,7635
ML-DSA,sign,44,80199,7636
ML-DSA,sign,44,299957,7637
ML-DSA,sign,44,80206,7638
ML-DSA,sign,44,195448,7639
ML-DSA,sign,44,230352,7640
ML-DSA,sign,44,195384,7641
ML-DSA,sign,44,143833,7642
ML-DSA,sign,44,115247,7643
ML-DSA,sign,44,172780,7644
ML-DSA,sign,44,172842,7645
ML-DSA,sign,44,351621,7646
ML-DSA,sign,44,143906,7647
ML-DSA,sign,44,80187,7648
ML-DSA,sign,44,109007,7649
ML-DSA,sign,44,109015,7650
ML-DSA,sign,44,80249,7651
ML-DSA,sign,44,172675,7652
ML-DSA,sign,44,143925,7653
ML-DSA,sign,44,207541,7654
ML-DSA,sign,44,150035,7655
ML-DSA,sign,44,80264,7656
ML-DSA,sign,44,322748,7657
ML-DSA,sign,44,143931,7658
ML-DSA,sign,44,172724,7659
ML-DSA,sign,44,80180,7660
ML-DSA,sign,44,108994,7661
ML-DSA,sign,44,80230,7662
ML-DSA,sign,44,484979,7663
ML-DSA,sign,44,80203,7664
ML-DSA,sign,44,195493,7665
ML-DSA,sign,44,80174,7666
ML-DSA,sign,44,115088,7667
ML-DSA,sign,44,150027,7668
ML-DSA,sign,44,172743,7669
ML-DSA,sign,44,108993,7670
ML-DSA,sign,44,80202,7671
ML-DSA,sign,44,532121,7672
ML-DSA,sign,44,392583,7673
ML-DSA,sign,44,109038,7674
ML-DSA,sign,44,143948,7675
ML-DSA,sign,44,80160,7676
ML-DSA,sign,44,195428,7677
ML-DSA,sign,44,143966,7678
ML-DSA,sign,44,137855,7679
ML-DSA,sign,44,236352,7680
ML-DSA,sign,44,306175,7681
ML-DSA,sign,44,108985,7682
ML-DSA,sign,44,283450,7683
ML-DSA,sign,44,143978,7684
ML-DSA,sign,44,108939,7685
ML-DSA,sign,44,108983,7686
ML-DSA,sign,44,392550,7687
ML-DSA,sign,44,150028,7688
ML-DSA,sign,44,115048,7689
ML-DSA,sign,44,137851,7690
ML-DSA,sign,44,201584,7691
ML-DSA,sign,44,80178,7692
ML-DSA,sign,44,115061,7693
ML-DSA,sign,44,143886,7694
ML-DSA,sign,44,115056,7695
ML-DSA,sign,44,80185,7696
ML-DSA,sign,44,172667,7697
ML-DSA,sign,44,80168,7698
ML-DSA,sign,44,108948,7699
ML-DSA,sign,44,137736,7700
ML-DSA,sign,44,427577,7701
ML-DSA,sign,44,137874,7702
ML-DSA,sign,44,109060,7703
ML-DSA,sign,44,80188,7704
ML-DSA,sign,44,172646,7705
ML-DSA,sign,44,80159,7706
ML-DSA,sign,44,80223,7707
ML-DSA,sign,44,242456,7708
ML-DSA,sign,44,265224,7709
ML-DSA,sign,44,150032,7710
ML-DSA,sign,44,374251,7711
ML-DSA,sign,44,115104,7712
ML-DSA,sign,44,236392,7713
ML-DSA,sign,44,201584,7714
ML-DSA,sign,44,115093,7715
ML-DSA,sign,44,80170,7716
ML-DSA,sign,44,109075,7717
ML-DSA,sign,44,201458,7718
ML-DSA,sign,44,172762,7719
ML-DSA,sign,44,213784,7720
ML-DSA,sign,44,150132,7721
ML-DSA,sign,44,300134,7722
ML-DSA,sign,44,201480,7723
ML-DSA,sign,44,80222,7724
ML-DSA,sign,44,80178,7725
ML-DSA,sign,44,109057,7726
ML-DSA,sign,44,150057,7727
ML-DSA,sign,44,219781,7728
ML-DSA,sign,44,328766,7729
ML-DSA,sign,44,80199,7730
ML-DSA,sign,44,109041,7731
ML-DSA,sign,44,109036,7732
ML-DSA,sign,44,109023,7733
ML-DSA,sign,44,258946,7734
ML-DSA,sign,44,80143,7735
ML-DSA,sign,44,109040,7736
ML-DSA,sign,44,108941,7737
ML-DSA,sign,44,80188,7738
ML-DSA,sign,44,80252,7739
ML-DSA,sign,44,80203,7740
ML-DSA,sign,44,80181,7741
ML-DSA,sign,44,80161,7742
ML-DSA,sign,44,178828,7743
ML-DSA,sign,44,351638,7744
ML-DSA,sign,44,404686,7745
ML-DSA,sign,44,201379,7746
ML-DSA,sign,44,108934,7747
ML-DSA,sign,44,137804,7748
ML-DSA,sign,44,287891,7749
ML-DSA,sign,44,265066,7750
ML-DSA,sign,44,178852,7751
ML-DSA,sign,44,80232,7752
ML-DSA,sign,44,108981,7753
ML-DSA,sign,44,80207,7754
ML-DSA,sign,44,108986,7755
ML-DSA,sign,44,109034,7756
ML-DSA,sign,44,201544,7757
ML-DSA,sign,44,172764,7758
ML-DSA,sign,44,115092,7759
ML-DSA,sign,44,172711,7760
ML-DSA,sign,44,109030,7761
ML-DSA,sign,44,172699,7762
ML-DSA,sign,44,236505,7763
ML-DSA,sign,44,108992,7764
ML-DSA,sign,44,115088,7765
ML-DSA,sign,44,224130,7766
ML-DSA,sign,44,80151,7767
ML-DSA,sign,44,143915,7768
ML-DSA,sign,44,137833,7769
ML-DSA,sign,44,80155,7770
ML-DSA,sign,44,108928,7771
ML-DSA,sign,44,80206,7772
ML-DSA,sign,44,109016,7773
ML-DSA,sign,44,80144,7774
ML-DSA,sign,44,172750,7775
ML-DSA,sign,44,178781,7776
ML-DSA,sign,44,172631,7777
ML-DSA,sign,44,143884,7778
ML-DSA,sign,44,207615,7779
ML-DSA,sign,44,80241,7780
ML-DSA,sign,44,115065,7781
ML-DSA,sign,44,172628,7782
ML-DSA,sign,44,201539,7783
ML-DSA,sign,44,195366,7784
ML-DSA,sign,44,137803,7785
ML-DSA,sign,44,115099,7786
ML-DSA,sign,44,166538,7787
ML-DSA,sign,44,80201,7788
ML-DSA,sign,44,201563,7789
ML-DSA,sign,44,380540,7790
ML-DSA,sign,44,172694,7791
ML-DSA,sign,44,224073,7792
ML-DSA,sign,44,328892,7793
ML-DSA,sign,44,108959,7794
ML-DSA,sign,44,201517,7795
ML-DSA,sign,44,166645,7796
ML-DSA,sign,44,172779,7797
ML-DSA,sign,44,271249,7798
ML-DSA,sign,44,80171,7799
ML-DSA,sign,44,108959,7800
ML-DSA,sign,44,329061,7801
ML-DSA,sign,44,265141,7802
ML-DSA,sign,44,109062,7803
ML-DSA,sign,44,166546,7804
ML-DSA,sign,44,172792,7805
ML-DSA,sign,44,172719,7806
ML-DSA,sign,44,242494,7807
ML-DSA,sign,44,115047,7808
ML-DSA,sign,44,386337,7809
ML-DSA,sign,44,201678,7810
ML-DSA,sign,44,137882,7811
ML-DSA,sign,44,184853,7812
ML-DSA,sign,44,143884,7813
ML-DSA,sign,44,259019,7814
ML-DSA,sign,44,341143,7815
ML-DSA,sign,44,108999,7816
ML-DSA,sign,44,150061,7817
ML-DSA,sign,44,80156,7818
ML-DSA,sign,44,316746,7819
ML-DSA,sign,44,80180,7820
ML-DSA,sign,44,172752,7821
ML-DSA,sign,44,207539,7822
ML-DSA,sign,44,80179,7823
ML-DSA,sign,44,236299,7824
ML-DSA,sign,44,288067,7825
ML-DSA,sign,44,80181,7826
ML-DSA,sign,44,137774,7827
ML-DSA,sign,44,150007,7828
ML-DSA,sign,44,109073,7829
ML-DSA,sign,44,115062,7830
ML-DSA,sign,44,495527,7831
ML-DSA,sign,44,219838,7832
ML-DSA,sign,44,178843,7833
ML-DSA,sign,44,143835,7834
ML-DSA,sign,44,108951,7835
ML-DSA,sign,44,259169,7836
ML-DSA,sign,44,109004,7837
ML-DSA,sign,44,178792,7838
ML-DSA,sign,44,427343,7839
ML-DSA,sign,44,108925,7840
ML-DSA,sign,44,230243,7841
ML-DSA,sign,44,144035,7842
ML-DSA,sign,44,109006,7843
ML-DSA,sign,44,80162,7844
ML-DSA,sign,44,143932,7845
ML-DSA,sign,44,115077,7846
ML-DSA,sign,44,115161,7847
ML-DSA,sign,44,437900,7848
ML-DSA,sign,44,80163,7849
ML-DSA,sign,44,472782,7850
ML-DSA,sign,44,306163,7851
ML-DSA,sign,44,150081,7852
ML-DSA,sign,44,80163,7853
ML-DSA,sign,44,178737,7854
ML-DSA,sign,44,542724,7855
ML-DSA,sign,44,80154,7856
ML-DSA,sign,44,178851,7857
ML-DSA,sign,44,115143,7858
ML-DSA,sign,44,172685,7859
ML-DSA,sign,44,201453,7860
ML-DSA,sign,44,213627,7861
ML-DSA,sign,44,439642,7862
ML-DSA,sign,44,230359,7863
ML-DSA,sign,44,491295,7864
ML-DSA,sign,44,109020,7865
ML-DSA,sign,44,80220,7866
ML-DSA,sign,44,172584,7867
ML-DSA,sign,44,115137,7868
ML-DSA,sign,44,265129,7869
ML-DSA,sign,44,166678,7870
ML-DSA,sign,44,271328,7871
ML-DSA,sign,44,108926,7872
ML-DSA,sign,44,137763,7873
ML-DSA,sign,44,80153,7874
ML-DSA,sign,44,137793,7875
ML-DSA,sign,44,80186,7876
ML-DSA,sign,44,596364,7877
ML-DSA,sign,44,561143,7878
ML-DSA,sign,44,143887,7879
ML-DSA,sign,44,80226,7880
ML-DSA,sign,44,508004,7881
ML-DSA,sign,44,293947,7882
ML-DSA,sign,44,80196,7883
ML-DSA,sign,44,271299,7884
ML-DSA,sign,44,108983,7885
ML-DSA,sign,44,143945,7886
ML-DSA,sign,44,265107,7887
ML-DSA,sign,44,207431,7888
ML-DSA,sign,44,108961,7889
ML-DSA,sign,44,242508,7890
ML-DSA,sign,44,143943,7891
ML-DSA,sign,44,172722,7892
ML-DSA,sign,44,109007,7893
ML-DSA,sign,44,172718,7894
ML-DSA,sign,44,115182,7895
ML-DSA,sign,44,265242,7896
ML-DSA,sign,44,137783,7897
ML-DSA,sign,44,213700,7898
ML-DSA,sign,44,115099,7899
ML-DSA,sign,44,137817,7900
ML-DSA,sign,44,300001,7901
ML-DSA,sign,44,271333,7902
ML-DSA,sign,44,80152,7903
ML-DSA,sign,44,108973,7904
ML-DSA,sign,44,80149,7905
ML-DSA,sign,44,80160,7906
ML-DSA,sign,44,108890,7907
ML-DSA,sign,44,108998,7908
ML-DSA,sign,44,271250,7909
ML-DSA,sign,44,519843,7910
ML-DSA,sign,44,80204,7911
ML-DSA,sign,44,150037,7912
ML-DSA,sign,44,80146,7913
ML-DSA,sign,44,300123,7914
ML-DSA,sign,44,224184,7915
ML-DSA,sign,44,178820,7916
ML-DSA,sign,44,178784,7917
ML-DSA,sign,44,172819,7918
ML-DSA,sign,44,201400,7919
ML-DSA,sign,44,143854,7920
ML-DSA,sign,44,172731,7921
ML-DSA,sign,44,115142,7922
ML-DSA,sign,44,143859,7923
ML-DSA,sign,44,300102,7924
ML-DSA,sign,44,149992,7925
ML-DSA,sign,44,80220,7926
ML-DSA,sign,44,80161,7927
ML-DSA,sign,44,137807,7928
ML-DSA,sign,44,178807,7929
ML-DSA,sign,44,115138,7930
ML-DSA,sign,44,184984,7931
ML-DSA,sign,44,236454,7932
ML-DSA,sign,44,109006,7933
ML-DSA,sign,44,242564,7934
ML-DSA,sign,44,137833,7935
ML-DSA,sign,44,115142,7936
ML-DSA,sign,44,80197,7937
ML-DSA,sign,44,150057,7938
ML-DSA,sign,44,184878,7939
ML-DSA,sign,44,115092,7940
ML-DSA,sign,44,80166,7941
ML-DSA,sign,44,294180,7942
ML-DSA,sign,44,80163,7943
ML-DSA,sign,44,137741,7944
ML-DSA,sign,44,143913,7945
ML-DSA,sign,44,80236,7946
ML-DSA,sign,44,80224,7947
ML-DSA,sign,44,172687,7948
ML-DSA,sign,44,294059,7949
ML-DSA,sign,44,108987,7950
ML-DSA,sign,44,143921,7951
ML-DSA,sign,44,108943,7952
ML-DSA,sign,44,109028,7953
ML-DSA,sign,44,271284,7954
ML-DSA,sign,44,207638,7955
ML-DSA,sign,44,108948,7956
ML-DSA,sign,44,172635,7957
ML-DSA,sign,44,462218,7958
ML-DSA,sign,44,80203,7959
ML-DSA,sign,44,80212,7960
ML-DSA,sign,44,80210,7961
ML-DSA,sign,44,369975,7962
ML-DSA,sign,44,172680,7963
ML-DSA,sign,44,410734,7964
ML-DSA,sign,44,115159,7965
ML-DSA,sign,44,676062,7966
ML-DSA,sign,44,109040,7967
ML-DSA,sign,44,80229,7968
ML-DSA,sign,44,80177,7969
ML-DSA,sign,44,398734,7970
ML-DSA,sign,44,363768,7971
ML-DSA,sign,44,115140,7972
ML-DSA,sign,44,201504,7973
ML-DSA,sign,44,201431,7974
ML-DSA,sign,44,230240,7975
ML-DSA,sign,44,115087,7976
ML-DSA,sign,44,137731,7977
ML-DSA,sign,44,80197,7978
ML-DSA,sign,44,80201,7979
ML-DSA,sign,44,398737,7980
ML-DSA,sign,44,172753,7981
ML-DSA,sign,44,328880,7982
ML-DSA,sign,44,172613,7983
ML-DSA,sign,44,137840,7984
ML-DSA,sign,44,115117,7985
ML-DSA,sign,44,207551,7986
ML-DSA,sign,44,497307,7987
ML-DSA,sign,44,166540,7988
ML-DSA,sign,44,293973,7989
ML-DSA,sign,44,201377,7990
ML-DSA,sign,44,108938,7991
ML-DSA,sign,44,80222,7992
ML-DSA,sign,44,137806,7993
ML-DSA,sign,44,207467,7994
ML-DSA,sign,44,80244,7995
ML-DSA,sign,44,178792,7996
ML-DSA,sign,44,137815,7997
ML-DSA,sign,44,115061,7998
ML-DSA,sign,44,137727,7999
ML-DSA,sign,44,265295,8000
ML-DSA,sign,44,109017,8001
ML-DSA,sign,44,115074,8002
ML-DSA,sign,44,398916,8003
ML-DSA,sign,44,242549,8004
ML-DSA,sign,44,108997,8005
ML-DSA,sign,44,143861,8006
ML-DSA,sign,44,149956,8007
ML-DSA,sign,44,322728,8008
ML-DSA,sign,44,143874,8009
ML-DSA,sign,44,108934,8010
ML-DSA,sign,44,80202,8011
ML-DSA,sign,44,80207,8012
ML-DSA,sign,44,271351,8013
ML-DSA,sign,44,195338,8014
ML-DSA,sign,44,195290,8015
ML-DSA,sign,44,184954,8016
ML-DSA,sign,44,80167,8017
ML-DSA,sign,44,172616,8018
ML-DSA,sign,44,108989,8019
ML-DSA,sign,44,80199,8020
ML-DSA,sign,44,439474,8021
ML-DSA,sign,44,137781,8022
ML-DSA,sign,44,242603,8023
ML-DSA,sign,44,201411,8024
ML-DSA,sign,44,143949,8025
ML-DSA,sign,44,166564,8026
ML-DSA,sign,44,80163,8027
ML-DSA,sign,44,80214,8028
ML-DSA,sign,44,115111,8029
ML-DSA,sign,44,137816,8030
ML-DSA,sign,44,137768,8031
ML-DSA,sign,44,108969,8032
ML-DSA,sign,44,80156,8033
ML-DSA,sign,44,629094,8034
ML-DSA,sign,44,109002,8035
ML-DSA,sign,44,195425,8036
ML-DSA,sign,44,271127,8037
ML-DSA,sign,44,80169,8038
ML-DSA,sign,44,213666,8039
ML-DSA,sign,44,172693,8040
ML-DSA,sign,44,80194,8041
ML-DSA,sign,44,115116,8042
ML-DSA,sign,44,80163,8043
ML-DSA,sign,44,80140,8044
ML-DSA,sign,44,166729,8045
ML-DSA,sign,44,143982,8046
ML-DSA,sign,44,137813,8047
ML-DSA,sign,44,109003,8048
ML-DSA,sign,44,115085,8049
ML-DSA,sign,44,115125,8050
ML-DSA,sign,44,109003,8051
ML-DSA,sign,44,108942,8052
ML-DSA,sign,44,137790,8053
ML-DSA,sign,44,137762,8054
ML-DSA,sign,44,115151,8055
ML-DSA,sign,44,676004,8056
ML-DSA,sign,44,137771,8057
ML-DSA,sign,44,166714,8058
ML-DSA,sign,44,265121,8059
ML-DSA,sign,44,219778,8060
ML-DSA,sign,44,340999,8061
ML-DSA,sign,44,108981,8062
ML-DSA,sign,44,80142,8063
ML-DSA,sign,44,201390,8064
ML-DSA,sign,44,172736,8065
ML-DSA,sign,44,253020,8066
ML-DSA,sign,44,143957,8067
ML-DSA,sign,44,178828,8068
ML-DSA,sign,44,271347,8069
ML-DSA,sign,44,213687,8070
ML-DSA,sign,44,277406,8071
ML-DSA,sign,44,108912,8072
ML-DSA,sign,44,143831,8073
ML-DSA,sign,44,248583,8074
ML-DSA,sign,44,252945,8075
ML-DSA,sign,44,386692,8076
ML-DSA,sign,44,143853,8077
ML-DSA,sign,44,80147,8078
ML-DSA,sign,44,265156,8079
ML-DSA,sign,44,300133,8080
ML-DSA,sign,44,328946,8081
ML-DSA,sign,44,80169,8082
ML-DSA,sign,44,80211,8083
ML-DSA,sign,44,115062,8084
ML-DSA,sign,44,137773,8085
ML-DSA,sign,44,224274,8086
ML-DSA,sign,44,115090,8087
ML-DSA,sign,44,224243,8088
ML-DSA,sign,44,80149,8089
ML-DSA,sign,44,143868,8090
ML-DSA,sign,44,108934,8091
ML-DSA,sign,44,137782,8092
ML-DSA,sign,44,108993,8093
ML-DSA,sign,44,108954,8094
ML-DSA,sign,44,207622,8095
ML-DSA,sign,44,80200,8096
ML-DSA,sign,44,80183,8097
ML-DSA,sign,44,80177,8098
ML-DSA,sign,44,80169,8099
ML-DSA,sign,44,207548,8100
ML-DSA,sign,44,80195,8101
ML-DSA,sign,44,80161,8102
ML-DSA,sign,44,166531,8103
ML-DSA,sign,44,80229,8104
ML-DSA,sign,44,80175,8105
ML-DSA,sign,44,80179,8106
ML-DSA,sign,44,80207,8107
ML-DSA,sign,44,115128,8108
ML-DSA,sign,44,213693,8109
ML-DSA,sign,44,265220,8110
ML-DSA,sign,44,334935,8111
ML-DSA,sign,44,201456,8112
ML-DSA,sign,44,242511,8113
ML-DSA,sign,44,143951,8114
ML-DSA,sign,44,137776,8115
ML-DSA,sign,44,230154,8116
ML-DSA,sign,44,80165,8117
ML-DSA,sign,44,80156,8118
ML-DSA,sign,44,109016,8119
ML-DSA,sign,44,300097,8120
ML-DSA,sign,44,287881,8121
ML-DSA,sign,44,80161,8122
ML-DSA,sign,44,143930,8123
ML-DSA,sign,44,109012,8124
ML-DSA,sign,44,224134,8125
ML-DSA,sign,44,207647,8126
ML-DSA,sign,44,80242,8127
ML-DSA,sign,44,80197,8128
ML-DSA,sign,44,108985,8129
ML-DSA,sign,44,248957,8130
ML-DSA,sign,44,351515,8131
ML-DSA,sign,44,80144,8132
ML-DSA,sign,44,259108,8133
ML-DSA,sign,44,109032,8134
ML-DSA,sign,44,351620,8135
ML-DSA,sign,44,80169,8136
ML-DSA,sign,44,108989,8137
ML-DSA,sign,44,143879,8138
ML-DSA,sign,44,271390,8139
ML-DSA,sign,44,115084,8140
ML-DSA,sign,44,149971,8141
ML-DSA,sign,44,201503,8142
ML-DSA,sign,44,573232,8143
ML-DSA,sign,44,293925,8144
ML-DSA,sign,44,172622,8145
ML-DSA,sign,44,108992,8146
ML-DSA,sign,44,178844,8147
ML-DSA,sign,44,137767,8148
ML-DSA,sign,44,80197,8149
ML-DSA,sign,44,380331,8150
ML-DSA,sign,44,143880,8151
ML-DSA,sign,44,80144,8152
ML-DSA,sign,44,861120,8153
ML-DSA,sign,44,137773,8154
ML-DSA,sign,44,109054,8155
ML-DSA,sign,44,322766,8156
ML-DSA,sign,44,172639,8157
ML-DSA,sign,44,80183,8158
ML-DSA,sign,44,137870,8159
ML-DSA,sign,44,172645,8160
ML-DSA,sign,44,80163,8161
ML-DSA,sign,44,80184,8162
ML-DSA,sign,44,80151,8163
ML-DSA,sign,44,109027,8164
ML-DSA,sign,44,108975,8165
ML-DSA,sign,44,415105,8166
ML-DSA,sign,44,109027,8167
ML-DSA,sign,44,143932,8168
ML-DSA,sign,44,497354,8169
ML-DSA,sign,44,108973,8170
ML-DSA,sign,44,415453,8171
ML-DSA,sign,44,363898,8172
ML-DSA,sign,44,109007,8173
ML-DSA,sign,44,109045,8174
ML-DSA,sign,44,80217,8175
ML-DSA,sign,44,224094,8176
ML-DSA,sign,44,201557,8177
ML-DSA,sign,44,213694,8178
ML-DSA,sign,44,329045,8179
ML-DSA,sign,44,236323,8180
ML-DSA,sign,44,306165,8181
ML-DSA,sign,44,109101,8182
ML-DSA,sign,44,300095,8183
ML-DSA,sign,44,80164,8184
ML-DSA,sign,44,109002,8185
ML-DSA,sign,44,80205,8186
ML-DSA,sign,44,316844,8187
ML-DSA,sign,44,300100,8188
ML-DSA,sign,44,357828,8189
ML-DSA,sign,44,589832,8190
ML-DSA,sign,44,80219,8191
ML-DSA,sign,44,108984,8192
ML-DSA,sign,44,236503,8193
ML-DSA,sign,44,137788,8194
ML-DSA,sign,44,80217,8195
ML-DSA,sign,44,451842,8196
ML-DSA,sign,44,178940,8197
ML-DSA,sign,44,207582,8198
ML-DSA,sign,44,108918,8199
ML-DSA,sign,44,281923,8200
ML-DSA,sign,44,143883,8201
ML-DSA,sign,44,351667,8202
ML-DSA,sign,44,80172,8203
ML-DSA,sign,44,259107,8204
ML-DSA,sign,44,80166,8205
ML-DSA,sign,44,143878,8206
ML-DSA,sign,44,137789,8207
ML-DSA,sign,44,109026,8208
ML-DSA,sign,44,265161,8209
ML-DSA,sign,44,287927,8210
ML-DSA,sign,44,80216,8211
ML-DSA,sign,44,137732,8212
ML-DSA,sign,44,380329,8213
ML-DSA,sign,44,242448,8214
ML-DSA,sign,44,108971,8215
ML-DSA,sign,44,80212,8216
ML-DSA,sign,44,108928,8217
ML-DSA,sign,44,207732,8218
ML-DSA,sign,44,80215,8219
ML-DSA,sign,44,271464,8220
ML-DSA,sign,44,80172,8221
ML-DSA,sign,44,143879,8222
ML-DSA,sign,44,207603,8223
ML-DSA,sign,44,80185,8224
ML-DSA,sign,44,271422,8225
ML-DSA,sign,44,259084,8226
ML-DSA,sign,44,80237,8227
ML-DSA,sign,44,288019,8228
ML-DSA,sign,44,143895,8229
ML-DSA,sign,44,115146,8230
ML-DSA,sign,44,507923,8231
ML-DSA,sign,44,80166,8232
ML-DSA,sign,44,108962,8233
ML-DSA,sign,44,149911,8234
ML-DSA,sign,44,80184,8235
ML-DSA,sign,44,137757,8236
ML-DSA,sign,44,201547,8237
ML-DSA,sign,44,248573,8238
ML-DSA,sign,44,137782,8239
ML-DSA,sign,44,115075,8240
ML-DSA,sign,44,80167,8241
ML-DSA,sign,44,596068,8242
ML-DSA,sign,44,80131,8243
ML-DSA,sign,44,108955,8244
ML-DSA,sign,44,80160,8245
ML-DSA,sign,44,80188,8246
ML-DSA,sign,44,248578,8247
ML-DSA,sign,44,80208,8248
ML-DSA,sign,44,236331,8249
ML-DSA,sign,44,115065,8250
ML-DSA,sign,44,230204,8251
ML-DSA,sign,44,137814,8252
ML-DSA,sign,44,137844,8253
ML-DSA,sign,44,386387,8254
ML-DSA,sign,44,178797,8255
ML-DSA,sign,44,398867,8256
ML-DSA,sign,44,80208,8257
ML-DSA,sign,44,277366,8258
ML-DSA,sign,44,207591,8259
ML-DSA,sign,44,507792,8260
ML-DSA,sign,44,253106,8261
ML-DSA,sign,44,80170,8262
ML-DSA,sign,44,201537,8263
ML-DSA,sign,44,137844,8264
ML-DSA,sign,44,283489,8265
ML-DSA,sign,44,172729,8266
ML-DSA,sign,44,80224,8267
ML-DSA,sign,44,657728,8268
ML-DSA,sign,44,172704,8269
ML-DSA,sign,44,149954,8270
ML-DSA,sign,44,115060,8271
ML-DSA,sign,44,178904,8272
ML-DSA,sign,44,277404,8273
ML-DSA,sign,44,526096,8274
ML-DSA,sign,44,137863,8275
ML-DSA,sign,44,108973,8276
ML-DSA,sign,44,300062,8277
ML-DSA,sign,44,109018,8278
ML-DSA,sign,44,248640,8279
ML-DSA,sign,44,108991,8280
ML-DSA,sign,44,80224,8281
ML-DSA,sign,44,80179,8282
ML-DSA,sign,44,108997,8283
ML-DSA,sign,44,80146,8284
ML-DSA,sign,44,80159,8285
ML-DSA,sign,44,357673,8286
ML-DSA,sign,44,201488,8287
ML-DSA,sign,44,236246,8288
ML-DSA,sign,44,115127,8289
ML-DSA,sign,44,287867,8290
ML-DSA,sign,44,108955,8291
ML-DSA,sign,44,560861,8292
ML-DSA,sign,44,294020,8293
ML-DSA,sign,44,137870,8294
ML-DSA,sign,44,306329,8295
ML-DSA,sign,44,328669,8296
ML-DSA,sign,44,80180,8297
ML-DSA,sign,44,115032,8298
ML-DSA,sign,44,80153,8299
ML-DSA,sign,44,80159,8300
ML-DSA,sign,44,80212,8301
ML-DSA,sign,44,80165,8302
ML-DSA,sign,44,236495,8303
ML-DSA,sign,44,259063,8304
ML-DSA,sign,44,166556,8305
ML-DSA,sign,44,108973,8306
ML-DSA,sign,44,80210,8307
ML-DSA,sign,44,450158,8308
ML-DSA,sign,44,363642,8309
ML-DSA,sign,44,143924,8310
ML-DSA,sign,44,207582,8311
ML-DSA,sign,44,242495,8312
ML-DSA,sign,44,80182,8313
ML-DSA,sign,44,207503,8314
ML-DSA,sign,44,172636,8315
ML-DSA,sign,44,80209,8316
ML-DSA,sign,44,705110,8317
ML-DSA,sign,44,109005,8318
ML-DSA,sign,44,277574,8319
ML-DSA,sign,44,178773,8320
ML-DSA,sign,44,265282,8321
ML-DSA,sign,44,143998,8322
ML-DSA,sign,44,137719,8323
ML-DSA,sign,44,265207,8324
ML-DSA,sign,44,172705,8325
ML-DSA,sign,44,108951,8326
ML-DSA,sign,44,115100,8327
ML-DSA,sign,44,143838,8328
ML-DSA,sign,44,115046,8329
ML-DSA,sign,44,507896,8330
ML-DSA,sign,44,277326,8331
ML-DSA,sign,44,300193,8332
ML-DSA,sign,44,109010,8333
ML-DSA,sign,44,166615,8334
ML-DSA,sign,44,80175,8335
ML-DSA,sign,44,265222,8336
ML-DSA,sign,44,242458,8337
ML-DSA,sign,44,80178,8338
ML-DSA,sign,44,288074,8339
ML-DSA,sign,44,143838,8340
ML-DSA,sign,44,80206,8341
ML-DSA,sign,44,172698,8342
ML-DSA,sign,44,178789,8343
ML-DSA,sign,44,329013,8344
ML-DSA,sign,44,80207,8345
ML-DSA,sign,44,532152,8346
ML-DSA,sign,44,277485,8347
ML-DSA,sign,44,80216,8348
ML-DSA,sign,44,109037,8349
ML-DSA,sign,44,300115,8350
ML-DSA,sign,44,109002,8351
ML-DSA,sign,44,178840,8352
ML-DSA,sign,44,271344,8353
ML-DSA,sign,44,108980,8354
ML-DSA,sign,44,259045,8355
ML-DSA,sign,44,80255,8356
ML-DSA,sign,44,108965,8357
ML-DSA,sign,44,242377,8358
ML-DSA,sign,44,143874,8359
ML-DSA,sign,44,201530,8360
ML-DSA,sign,44,80164,8361
ML-DSA,sign,44,213727,8362
ML-DSA,sign,44,786914,8363
ML-DSA,sign,44,80144,8364
ML-DSA,sign,44,588162,8365
ML-DSA,sign,44,80141,8366
ML-DSA,sign,44,172686,8367
ML-DSA,sign,44,312246,8368
ML-DSA,sign,44,115175,8369
ML-DSA,sign,44,109030,8370
ML-DSA,sign,44,80143,8371
ML-DSA,sign,44,172655,8372
ML-DSA,sign,44,201496,8373
ML-DSA,sign,44,409296,8374
ML-DSA,sign,44,115091,8375
ML-DSA,sign,44,351479,8376
ML-DSA,sign,44,121681,8377
ML-DSA,sign,44,115191,8378
ML-DSA,sign,44,287934,8379
ML-DSA,sign,44,224201,8380
ML-DSA,sign,44,357643,8381
ML-DSA,sign,44,80137,8382
ML-DSA,sign,44,207636,8383
ML-DSA,sign,44,108992,8384
ML-DSA,sign,44,109054,8385
ML-DSA,sign,44,299978,8386
ML-DSA,sign,44,143955,8387
ML-DSA,sign,44,143861,8388
ML-DSA,sign,44,236366,8389
ML-DSA,sign,44,172659,8390
ML-DSA,sign,44,109043,8391
ML-DSA,sign,44,80190,8392
ML-DSA,sign,44,80177,8393
ML-DSA,sign,44,306070,8394
ML-DSA,sign,44,300111,8395
ML-DSA,sign,44,80192,8396
ML-DSA,sign,44,293922,8397
ML-DSA,sign,44,236488,8398
ML-DSA,sign,44,115064,8399
ML-DSA,sign,44,108908,8400
ML-DSA,sign,44,207595,8401
ML-DSA,sign,44,347262,8402
ML-DSA,sign,44,115090,8403
ML-DSA,sign,44,380265,8404
ML-DSA,sign,44,172675,8405
ML-DSA,sign,44,80149,8406
ML-DSA,sign,44,433764,8407
ML-DSA,sign,44,178755,8408
ML-DSA,sign,44,80174,8409
ML-DSA,sign,44,242468,8410
ML-DSA,sign,44,143935,8411
ML-DSA,sign,44,137799,8412
ML-DSA,sign,44,571456,8413
ML-DSA,sign,44,80186,8414
ML-DSA,sign,44,236403,8415
ML-DSA,sign,44,108999,8416
ML-DSA,sign,44,410932,8417
ML-DSA,sign,44,201484,8418
ML-DSA,sign,44,565196,8419
ML-DSA,sign,44,143873,8420
ML-DSA,sign,44,386550,8421
ML-DSA,sign,44,80171,8422
ML-DSA,sign,44,80173,8423
ML-DSA,sign,44,265147,8424
ML-DSA,sign,44,109011,8425
ML-DSA,sign,44,201426,8426
ML-DSA,sign,44,108966,8427
ML-DSA,sign,44,538415,8428
ML-DSA,sign,44,143872,8429
ML-DSA,sign,44,548625,8430
ML-DSA,sign,44,236297,8431
ML-DSA,sign,44,80225,8432
ML-DSA,sign,44,166444,8433
ML-DSA,sign,44,207565,8434
ML-DSA,sign,44,178850,8435
ML-DSA,sign,44,236376,8436
ML-DSA,sign,44,328902,8437
ML-DSA,sign,44,380246,8438
ML-DSA,sign,44,357676,8439
ML-DSA,sign,44,108984,8440
ML-DSA,sign,44,236416,8441
ML-DSA,sign,44,80149,8442
ML-DSA,sign,44,137800,8443
ML-DSA,sign,44,80172,8444
ML-DSA,sign,44,80161,8445
ML-DSA,sign,44,548824,8446
ML-DSA,sign,44,207565,8447
ML-DSA,sign,44,80180,8448
ML-DSA,sign,44,421496,8449
ML-DSA,sign,44,115125,8450
ML-DSA,sign,44,166534,8451
ML-DSA,sign,44,115031,8452
ML-DSA,sign,44,178767,8453
ML-DSA,sign,44,271330,8454
ML-DSA,sign,44,230154,8455
ML-DSA,sign,44,201475,8456
ML-DSA,sign,44,80198,8457
ML-DSA,sign,44,289556,8458
ML-DSA,sign,44,704690,8459
ML-DSA,sign,44,271301,8460
ML-DSA,sign,44,80166,8461
ML-DSA,sign,44,80217,8462
ML-DSA,sign,44,491236,8463
ML-DSA,sign,44,137742,8464
ML-DSA,sign,44,513803,8465
ML-DSA,sign,44,80228,8466
ML-DSA,sign,44,108966,8467
ML-DSA,sign,44,561088,8468
ML-DSA,sign,44,236328,8469
ML-DSA,sign,44,108913,8470
ML-DSA,sign,44,242550,8471
ML-DSA,sign,44,375881,8472
ML-DSA,sign,44,277530,8473
ML-DSA,sign,44,456281,8474
ML-DSA,sign,44,80217,8475
ML-DSA,sign,44,271231,8476
ML-DSA,sign,44,265242,8477
ML-DSA,sign,44,137768,8478
ML-DSA,sign,44,230403,8479
ML-DSA,sign,44,277365,8480
ML-DSA,sign,44,316629,8481
ML-DSA,sign,44,201533,8482
ML-DSA,sign,44,80215,8483
ML-DSA,sign,44,80163,8484
ML-DSA,sign,44,178818,8485
ML-DSA,sign,44,109008,8486
ML-DSA,sign,44,109005,8487
ML-DSA,sign,44,80173,8488
ML-DSA,sign,44,306230,8489
ML-DSA,sign,44,109003,8490
ML-DSA,sign,44,115089,8491
ML-DSA,sign,44,137934,8492
ML-DSA,sign,44,178769,8493
ML-DSA,sign,44,115101,8494
ML-DSA,sign,44,380396,8495
ML-DSA,sign,44,80162,8496
ML-DSA,sign,44,109001,8497
ML-DSA,sign,44,242483,8498
ML-DSA,sign,44,172804,8499
ML-DSA,sign,44,80154,8500
ML-DSA,sign,44,108948,8501
ML-DSA,sign,44,137779,8502
ML-DSA,sign,44,143948,8503
ML-DSA,sign,44,242377,8504
ML-DSA,sign,44,80162,8505
ML-DSA,sign,44,213655,8506
ML-DSA,sign,44,80164,8507
ML-DSA,sign,44,137751,8508
ML-DSA,sign,44,178856,8509
ML-DSA,sign,44,80144,8510
ML-DSA,sign,44,242379,8511
ML-DSA,sign,44,172697,8512
ML-DSA,sign,44,201545,8513
ML-DSA,sign,44,115167,8514
ML-DSA,sign,44,80154,8515
ML-DSA,sign,44,172699,8516
ML-DSA,sign,44,213731,8517
ML-DSA,sign,44,137817,8518
ML-DSA,sign,44,606262,8519
ML-DSA,sign,44,230184,8520
ML-DSA,sign,44,137842,8521
ML-DSA,sign,44,108994,8522
ML-DSA,sign,44,149963,8523
ML-DSA,sign,44,149991,8524
ML-DSA,sign,44,392588,8525
ML-DSA,sign,44,230260,8526
ML-DSA,sign,44,80233,8527
ML-DSA,sign,44,80175,8528
ML-DSA,sign,44,80208,8529
ML-DSA,sign,44,109011,8530
ML-DSA,sign,44,485112,8531
ML-DSA,sign,44,184960,8532
ML-DSA,sign,44,166643,8533
ML-DSA,sign,44,236360,8534
ML-DSA,sign,44,450217,8535
ML-DSA,sign,44,143936,8536
ML-DSA,sign,44,80242,8537
ML-DSA,sign,44,115101,8538
ML-DSA,sign,44,166618,8539
ML-DSA,sign,44,80216,8540
ML-DSA,sign,44,207708,8541
ML-DSA,sign,44,80144,8542
ML-DSA,sign,44,561161,8543
ML-DSA,sign,44,207708,8544
ML-DSA,sign,44,143853,8545
ML-DSA,sign,44,143987,8546
ML-DSA,sign,44,172805,8547
ML-DSA,sign,44,80179,8548
ML-DSA,sign,44,80196,8549
ML-DSA,sign,44,178844,8550
ML-DSA,sign,44,137905,8551
ML-DSA,sign,44,300043,8552
ML-DSA,sign,44,80210,8553
ML-DSA,sign,44,143824,8554
ML-DSA,sign,44,115080,8555
ML-DSA,sign,44,236357,8556
ML-DSA,sign,44,108929,8557
ML-DSA,sign,44,334913,8558
ML-DSA,sign,44,137764,8559
ML-DSA,sign,44,172627,8560
ML-DSA,sign,44,150061,8561
ML-DSA,sign,44,108956,8562
ML-DSA,sign,44,312389,8563
ML-DSA,sign,44,491170,8564
ML-DSA,sign,44,300179,8565
ML-DSA,sign,44,207587,8566
ML-DSA,sign,44,80167,8567
ML-DSA,sign,44,357571,8568
ML-DSA,sign,44,363614,8569
ML-DSA,sign,44,80192,8570
ML-DSA,sign,44,150060,8571
ML-DSA,sign,44,201499,8572
ML-DSA,sign,44,150065,8573
ML-DSA,sign,44,80177,8574
ML-DSA,sign,44,242499,8575
ML-DSA,sign,44,172710,8576
ML-DSA,sign,44,80166,8577
ML-DSA,sign,44,143912,8578
ML-DSA,sign,44,328934,8579
ML-DSA,sign,44,80271,8580
ML-DSA,sign,44,80187,8581
ML-DSA,sign,44,80144,8582
ML-DSA,sign,44,195382,8583
ML-DSA,sign,44,207705,8584
ML-DSA,sign,44,80228,8585
ML-DSA,sign,44,201593,8586
ML-DSA,sign,44,115107,8587
ML-DSA,sign,44,80247,8588
ML-DSA,sign,44,137777,8589
ML-DSA,sign,44,150060,8590
ML-DSA,sign,44,300073,8591
ML-DSA,sign,44,248638,8592
ML-DSA,sign,44,300181,8593
ML-DSA,sign,44,252976,8594
ML-DSA,sign,44,115138,8595
ML-DSA,sign,44,236436,8596
ML-DSA,sign,44,109004,8597
ML-DSA,sign,44,166533,8598
ML-DSA,sign,44,137781,8599
ML-DSA,sign,44,115119,8600
ML-DSA,sign,44,341144,8601
ML-DSA,sign,44,374229,8602
ML-DSA,sign,44,143979,8603
ML-DSA,sign,44,172590,8604
ML-DSA,sign,44,242432,8605
ML-DSA,sign,44,201389,8606
ML-DSA,sign,44,207538,8607
ML-DSA,sign,44,143935,8608
ML-DSA,sign,44,351506,8609
ML-DSA,sign,44,294029,8610
ML-DSA,sign,44,427507,8611
ML-DSA,sign,44,220139,8612
ML-DSA,sign,44,80128,8613
ML-DSA,sign,44,80219,8614
ML-DSA,sign,44,179304,8615
ML-DSA,sign,44,80155,8616
ML-DSA,sign,44,115119,8617
ML-DSA,sign,44,109006,8618
ML-DSA,sign,44,166555,8619
ML-DSA,sign,44,213709,8620
ML-DSA,sign,44,80177,8621
ML-DSA,sign,44,242656,8622
ML-DSA,sign,44,335134,8623
ML-DSA,sign,44,80137,8624
ML-DSA,sign,44,137825,8625
ML-DSA,sign,44,80135,8626
ML-DSA,sign,44,143909,8627
ML-DSA,sign,44,80177,8628
ML-DSA,sign,44,149970,8629
ML-DSA,sign,44,172714,8630
ML-DSA,sign,44,115169,8631
ML-DSA,sign,44,80214,8632
ML-DSA,sign,44,80215,8633
ML-DSA,sign,44,195391,8634
ML-DSA,sign,44,468519,8635
ML-DSA,sign,44,172715,8636
ML-DSA,sign,44,80206,8637
ML-DSA,sign,44,109071,8638
ML-DSA,sign,44,201558,8639
ML-DSA,sign,44,115105,8640
ML-DSA,sign,44,293948,8641
ML-DSA,sign,44,178775,8642
ML-DSA,sign,44,108962,8643
ML-DSA,sign,44,271431,8644
ML-DSA,sign,44,80163,8645
ML-DSA,sign,44,277323,8646
ML-DSA,sign,44,172719,8647
ML-DSA,sign,44,80205,8648
ML-DSA,sign,44,109002,8649
ML-DSA,sign,44,281825,8650
ML-DSA,sign,44,450209,8651
ML-DSA,sign,44,143806,8652
ML-DSA,sign,44,115051,8653
ML-DSA,sign,44,80158,8654
ML-DSA,sign,44,491029,8655
ML-DSA,sign,44,80195,8656
ML-DSA,sign,44,287930,8657
ML-DSA,sign,44,472849,8658
ML-DSA,sign,44,109023,8659
ML-DSA,sign,44,172725,8660
ML-DSA,sign,44,109029,8661
ML-DSA,sign,44,115039,8662
ML-DSA,sign,44,254641,8663
ML-DSA,sign,44,80174,8664
ML-DSA,sign,44,172795,8665
ML-DSA,sign,44,172566,8666
ML-DSA,sign,44,491293,8667
ML-DSA,sign,44,80222,8668
ML-DSA,sign,44,201441,8669
ML-DSA,sign,44,80169,8670
ML-DSA,sign,44,421367,8671
ML-DSA,sign,44,80233,8672
ML-DSA,sign,44,137800,8673
ML-DSA,sign,44,201450,8674
ML-DSA,sign,44,150036,8675
ML-DSA,sign,44,172650,8676
ML-DSA,sign,44,172562,8677
ML-DSA,sign,44,316433,8678
ML-DSA,sign,44,80142,8679
ML-DSA,sign,44,137762,8680
ML-DSA,sign,44,259148,8681
ML-DSA,sign,44,224251,8682
ML-DSA,sign,44,115070,8683
ML-DSA,sign,44,287857,8684
ML-DSA,sign,44,80163,8685
ML-DSA,sign,44,143985,8686
ML-DSA,sign,44,80143,8687
ML-DSA,sign,44,108953,8688
ML-DSA,sign,44,108942,8689
ML-DSA,sign,44,137692,8690
ML-DSA,sign,44,80134,8691
ML-DSA,sign,44,115057,8692
ML-DSA,sign,44,80241,8693
ML-DSA,sign,44,80168,8694
ML-DSA,sign,44,80254,8695
ML-DSA,sign,44,201454,8696
ML-DSA,sign,44,271143,8697
ML-DSA,sign,44,80231,8698
ML-DSA,sign,44,334910,8699
ML-DSA,sign,44,109008,8700
ML-DSA,sign,44,172774,8701
ML-DSA,sign,44,115169,8702
ML-DSA,sign,44,606371,8703
ML-DSA,sign,44,213743,8704
ML-DSA,sign,44,207507,8705
ML-DSA,sign,44,80216,8706
ML-DSA,sign,44,294089,8707
ML-DSA,sign,44,392578,8708
ML-DSA,sign,44,108958,8709
ML-DSA,sign,44,80219,8710
ML-DSA,sign,44,137703,8711
ML-DSA,sign,44,207706,8712
ML-DSA,sign,44,259056,8713
ML-DSA,sign,44,178733,8714
ML-DSA,sign,44,172746,8715
ML-DSA,sign,44,115088,8716
ML-DSA,sign,44,143877,8717
ML-DSA,sign,44,143943,8718
ML-DSA,sign,44,109029,8719
ML-DSA,sign,44,172696,8720
ML-DSA,sign,44,109036,8721
ML-DSA,sign,44,300013,8722
ML-DSA,sign,44,184821,8723
ML-DSA,sign,44,108967,8724
ML-DSA,sign,44,80225,8725
ML-DSA,sign,44,143897,8726
ML-DSA,sign,44,265223,8727
ML-DSA,sign,44,137775,8728
ML-DSA,sign,44,80217,8729
ML-DSA,sign,44,178920,8730
ML-DSA,sign,44,80165,8731
ML-DSA,sign,44,115060,8732
ML-DSA,sign,44,242554,8733
ML-DSA,sign,44,259085,8734
ML-DSA,sign,44,80140,8735
ML-DSA,sign,44,363843,8736
ML-DSA,sign,44,201536,8737
ML-DSA,sign,44,80194,8738
ML-DSA,sign,44,374348,8739
ML-DSA,sign,44,137785,8740
ML-DSA,sign,44,80211,8741
ML-DSA,sign,44,108949,8742
ML-DSA,sign,44,207635,8743
ML-DSA,sign,44,300045,8744
ML-DSA,sign,44,80156,8745
ML-DSA,sign,44,115151,8746
ML-DSA,sign,44,265282,8747
ML-DSA,sign,44,143889,8748
ML-DSA,sign,44,329263,8749
ML-DSA,sign,44,115047,8750
ML-DSA,sign,44,80197,8751
ML-DSA,sign,44,80185,8752
ML-DSA,sign,44,172821,8753
ML-DSA,sign,44,80159,8754
ML-DSA,sign,44,230210,8755
ML-DSA,sign,44,143946,8756
ML-DSA,sign,44,195304,8757
ML-DSA,sign,44,80141,8758
ML-DSA,sign,44,108946,8759
ML-DSA,sign,44,108923,8760
ML-DSA,sign,44,392664,8761
ML-DSA,sign,44,265133,8762
ML-DSA,sign,44,137794,8763
ML-DSA,sign,44,224241,8764
ML-DSA,sign,44,80151,8765
ML-DSA,sign,44,571301,8766
ML-DSA,sign,44,80230,8767
ML-DSA,sign,44,236429,8768
ML-DSA,sign,44,277543,8769
ML-DSA,sign,44,80223,8770
ML-DSA,sign,44,207531,8771
ML-DSA,sign,44,265207,8772
ML-DSA,sign,44,172658,8773
ML-DSA,sign,44,80151,8774
ML-DSA,sign,44,143858,8775
ML-DSA,sign,44,80144,8776
ML-DSA,sign,44,172726,8777
ML-DSA,sign,44,207711,8778
ML-DSA,sign,44,115153,8779
ML-DSA,sign,44,115082,8780
ML-DSA,sign,44,265194,8781
ML-DSA,sign,44,369796,8782
ML-DSA,sign,44,236465,8783
ML-DSA,sign,44,287919,8784
ML-DSA,sign,44,363978,8785
ML-DSA,sign,44,80189,8786
ML-DSA,sign,44,143912,8787
ML-DSA,sign,44,201424,8788
ML-DSA,sign,44,201514,8789
ML-DSA,sign,44,242411,8790
ML-DSA,sign,44,115126,8791
ML-DSA,sign,44,172623,8792
ML-DSA,sign,44,109031,8793
ML-DSA,sign,44,80237,8794
ML-DSA,sign,44,277387,8795
ML-DSA,sign,44,115127,8796
ML-DSA,sign,44,207618,8797
ML-DSA,sign,44,115071,8798
ML-DSA,sign,44,213665,8799
ML-DSA,sign,44,242524,8800
ML-DSA,sign,44,109019,8801
ML-DSA,sign,44,201553,8802
ML-DSA,sign,44,80170,8803
ML-DSA,sign,44,143942,8804
ML-DSA,sign,44,334999,8805
ML-DSA,sign,44,370048,8806
ML-DSA,sign,44,143986,8807
ML-DSA,sign,44,80186,8808
ML-DSA,sign,44,312542,8809
ML-DSA,sign,44,80162,8810
ML-DSA,sign,44,306073,8811
ML-DSA,sign,44,80166,8812
ML-DSA,sign,44,115086,8813
ML-DSA,sign,44,143858,8814
ML-DSA,sign,44,108949,8815
ML-DSA,sign,44,108975,8816
ML-DSA,sign,44,219831,8817
ML-DSA,sign,44,143815,8818
ML-DSA,sign,44,80159,8819
ML-DSA,sign,44,497174,8820
ML-DSA,sign,44,242448,8821
ML-DSA,sign,44,108958,8822
ML-DSA,sign,44,143862,8823
ML-DSA,sign,44,80186,8824
ML-DSA,sign,44,230413,8825
ML-DSA,sign,44,277465,8826
ML-DSA,sign,44,201483,8827
ML-DSA,sign,44,236367,8828
ML-DSA,sign,44,207464,8829
ML-DSA,sign,44,80180,8830
ML-DSA,sign,44,80175,8831
ML-DSA,sign,44,178849,8832
ML-DSA,sign,44,108993,8833
ML-DSA,sign,44,236289,8834
ML-DSA,sign,44,80204,8835
ML-DSA,sign,44,166624,8836
ML-DSA,sign,44,172671,8837
ML-DSA,sign,44,80204,8838
ML-DSA,sign,44,357841,8839
ML-DSA,sign,44,357773,8840
ML-DSA,sign,44,80160,8841
ML-DSA,sign,44,115059,8842
ML-DSA,sign,44,80254,8843
ML-DSA,sign,44,242546,8844
ML-DSA,sign,44,115105,8845
ML-DSA,sign,44,334935,8846
ML-DSA,sign,44,341225,8847
ML-DSA,sign,44,115113,8848
ML-DSA,sign,44,178915,8849
ML-DSA,sign,44,207466,8850
ML-DSA,sign,44,144003,8851
ML-DSA,sign,44,143857,8852
ML-DSA,sign,44,80143,8853
ML-DSA,sign,44,166613,8854
ML-DSA,sign,44,462370,8855
ML-DSA,sign,44,293976,8856
ML-DSA,sign,44,143874,8857
ML-DSA,sign,44,80140,8858
ML-DSA,sign,44,80155,8859
ML-DSA,sign,44,80199,8860
ML-DSA,sign,44,370028,8861
ML-DSA,sign,44,172653,8862
ML-DSA,sign,44,201516,8863
ML-DSA,sign,44,80237,8864
ML-DSA,sign,44,80216,8865
ML-DSA,sign,44,300111,8866
ML-DSA,sign,44,143838,8867
ML-DSA,sign,44,265301,8868
ML-DSA,sign,44,143922,8869
ML-DSA,sign,44,150031,8870
ML-DSA,sign,44,230296,8871
ML-DSA,sign,44,80169,8872
ML-DSA,sign,44,236414,8873
ML-DSA,sign,44,109028,8874
ML-DSA,sign,44,201341,8875
ML-DSA,sign,44,166701,8876
ML-DSA,sign,44,345518,8877
ML-DSA,sign,44,115122,8878
ML-DSA,sign,44,80211,8879
ML-DSA,sign,44,224201,8880
ML-DSA,sign,44,137734,8881
ML-DSA,sign,44,80163,8882
ML-DSA,sign,44,478789,8883
ML-DSA,sign,44,259056,8884
ML-DSA,sign,44,150043,8885
ML-DSA,sign,44,115145,8886
ML-DSA,sign,44,143870,8887
ML-DSA,sign,44,334983,8888
ML-DSA,sign,44,166539,8889
ML-DSA,sign,44,108984,8890
ML-DSA,sign,44,322713,8891
ML-DSA,sign,44,109033,8892
ML-DSA,sign,44,108994,8893
ML-DSA,sign,44,606306,8894
ML-DSA,sign,44,115135,8895
ML-DSA,sign,44,265361,8896
ML-DSA,sign,44,137779,8897
ML-DSA,sign,44,80226,8898
ML-DSA,sign,44,80190,8899
ML-DSA,sign,44,80136,8900
ML-DSA,sign,44,137726,8901
ML-DSA,sign,44,143996,8902
ML-DSA,sign,44,149978,8903
ML-DSA,sign,44,213819,8904
ML-DSA,sign,44,322737,8905
ML-DSA,sign,44,369993,8906
ML-DSA,sign,44,178739,8907
ML-DSA,sign,44,80143,8908
ML-DSA,sign,44,271348,8909
ML-DSA,sign,44,80201,8910
ML-DSA,sign,44,444101,8911
ML-DSA,sign,44,80184,8912
ML-DSA,sign,44,195480,8913
ML-DSA,sign,44,80134,8914
ML-DSA,sign,44,108963,8915
ML-DSA,sign,44,137797,8916
ML-DSA,sign,44,80153,8917
ML-DSA,sign,44,108956,8918
ML-DSA,sign,44,143930,8919
ML-DSA,sign,44,293960,8920
ML-DSA,sign,44,143790,8921
ML-DSA,sign,44,80214,8922
ML-DSA,sign,44,271284,8923
ML-DSA,sign,44,172713,8924
ML-DSA,sign,44,80159,8925
ML-DSA,sign,44,115096,8926
ML-DSA,sign,44,230304,8927
ML-DSA,sign,44,166585,8928
ML-DSA,sign,44,316765,8929
ML-DSA,sign,44,80233,8930
ML-DSA,sign,44,80148,8931
ML-DSA,sign,44,80206,8932
ML-DSA,sign,44,357773,8933
ML-DSA,sign,44,80136,8934
ML-DSA,sign,44,172753,8935
ML-DSA,sign,44,137815,8936
ML-DSA,sign,44,242504,8937
ML-DSA,sign,44,108920,8938
ML-DSA,sign,44,402971,8939
ML-DSA,sign,44,213652,8940
ML-DSA,sign,44,178723,8941
ML-DSA,sign,44,421429,8942
ML-DSA,sign,44,519913,8943
ML-DSA,sign,44,80163,8944
ML-DSA,sign,44,143892,8945
ML-DSA,sign,44,277354,8946
ML-DSA,sign,44,115213,8947
ML-DSA,sign,44,108940,8948
ML-DSA,sign,44,80177,8949
ML-DSA,sign,44,80159,8950
ML-DSA,sign,44,172781,8951
ML-DSA,sign,44,143948,8952
ML-DSA,sign,44,143884,8953
ML-DSA,sign,44,80204,8954
ML-DSA,sign,44,115116,8955
ML-DSA,sign,44,252948,8956
ML-DSA,sign,44,109018,8957
ML-DSA,sign,44,207665,8958
ML-DSA,sign,44,80160,8959
ML-DSA,sign,44,137789,8960
ML-DSA,sign,44,363812,8961
ML-DSA,sign,44,80229,8962
ML-DSA,sign,44,306239,8963
ML-DSA,sign,44,115119,8964
ML-DSA,sign,44,115108,8965
ML-DSA,sign,44,108988,8966
ML-DSA,sign,44,178775,8967
ML-DSA,sign,44,115169,8968
ML-DSA,sign,44,230448,8969
ML-DSA,sign,44,115159,8970
ML-DSA,sign,44,108960,8971
ML-DSA,sign,44,109020,8972
ML-DSA,sign,44,415579,8973
ML-DSA,sign,44,287951,8974
ML-DSA,sign,44,150010,8975
ML-DSA,sign,44,230253,8976
ML-DSA,sign,44,178877,8977
ML-DSA,sign,44,80138,8978
ML-DSA,sign,44,137722,8979
ML-DSA,sign,44,80152,8980
ML-DSA,sign,44,242597,8981
ML-DSA,sign,44,606384,8982
ML-DSA,sign,44,433613,8983
ML-DSA,sign,44,80202,8984
ML-DSA,sign,44,567105,8985
ML-DSA,sign,44,80215,8986
ML-DSA,sign,44,80215,8987
ML-DSA,sign,44,421467,8988
ML-DSA,sign,44,172657,8989
ML-DSA,sign,44,515634,8990
ML-DSA,sign,44,143952,8991
ML-DSA,sign,44,108994,8992
ML-DSA,sign,44,178846,8993
ML-DSA,sign,44,166596,8994
ML-DSA,sign,44,80202,8995
ML-DSA,sign,44,178910,8996
ML-DSA,sign,44,109049,8997
ML-DSA,sign,44,300137,8998
ML-DSA,sign,44,201543,8999
ML-DSA,sign,44,201510,9000
ML-DSA,sign,44,150019,9001
ML-DSA,sign,44,115176,9002
ML-DSA,sign,44,236338,9003
ML-DSA,sign,44,143899,9004
ML-DSA,sign,44,115079,9005
ML-DSA,sign,44,207531,9006
ML-DSA,sign,44,108965,9007
ML-DSA,sign,44,80208,9008
ML-DSA,sign,44,252949,9009
ML-DSA,sign,44,143903,9010
ML-DSA,sign,44,265075,9011
ML-DSA,sign,44,80148,9012
ML-DSA,sign,44,80166,9013
ML-DSA,sign,44,80216,9014
ML-DSA,sign,44,398735,9015
ML-DSA,sign,44,201363,9016
ML-DSA,sign,44,485029,9017
ML-DSA,sign,44,236353,9018
ML-DSA,sign,44,80160,9019
ML-DSA,sign,44,80142,9020
ML-DSA,sign,44,230328,9021
ML-DSA,sign,44,207653,9022
ML-DSA,sign,44,201471,9023
ML-DSA,sign,44,178729,9024
ML-DSA,sign,44,108968,9025
ML-DSA,sign,44,137762,9026
ML-DSA,sign,44,80193,9027
ML-DSA,sign,44,109062,9028
ML-DSA,sign,44,143894,9029
ML-DSA,sign,44,80198,9030
ML-DSA,sign,44,108988,9031
ML-DSA,sign,44,115077,9032
ML-DSA,sign,44,392404,9033
ML-DSA,sign,44,80176,9034
ML-DSA,sign,44,207590,9035
ML-DSA,sign,44,80253,9036
ML-DSA,sign,44,172644,9037
ML-DSA,sign,44,201502,9038
ML-DSA,sign,44,369883,9039
ML-DSA,sign,44,201493,9040
ML-DSA,sign,44,150001,9041
ML-DSA,sign,44,392597,9042
ML-DSA,sign,44,287841,9043
ML-DSA,sign,44,271199,9044
ML-DSA,sign,44,143905,9045
ML-DSA,sign,44,137869,9046
ML-DSA,sign,44,224200,9047
ML-DSA,sign,44,108919,9048
ML-DSA,sign,44,433454,9049
ML-DSA,sign,44,341056,9050
ML-DSA,sign,44,351608,9051
ML-DSA,sign,44,143848,9052
ML-DSA,sign,44,357674,9053
ML-DSA,sign,44,236380,9054
ML-DSA,sign,44,300038,9055
ML-DSA,sign,44,80216,9056
ML-DSA,sign,44,172845,9057
ML-DSA,sign,44,80203,9058
ML-DSA,sign,44,172748,9059
ML-DSA,sign,44,178772,9060
ML-DSA,sign,44,115033,9061
ML-DSA,sign,44,115150,9062
ML-DSA,sign,44,80222,9063
ML-DSA,sign,44,108945,9064
ML-DSA,sign,44,392581,9065
ML-DSA,sign,44,80201,9066
ML-DSA,sign,44,293976,9067
ML-DSA,sign,44,236448,9068
ML-DSA,sign,44,577533,9069
ML-DSA,sign,44,277415,9070
ML-DSA,sign,44,108987,9071
ML-DSA,sign,44,433569,9072
ML-DSA,sign,44,80185,9073
ML-DSA,sign,44,335124,9074
ML-DSA,sign,44,172715,9075
ML-DSA,sign,44,143916,9076
ML-DSA,sign,44,172704,9077
ML-DSA,sign,44,80225,9078
ML-DSA,sign,44,287806,9079
ML-DSA,sign,44,80168,9080
ML-DSA,sign,44,80209,9081
ML-DSA,sign,44,172745,9082
ML-DSA,sign,44,166656,9083
ML-DSA,sign,44,80146,9084
ML-DSA,sign,44,259109,9085
ML-DSA,sign,44,80243,9086
ML-DSA,sign,44,80173,9087
ML-DSA,sign,44,271159,9088
ML-DSA,sign,44,178825,9089
ML-DSA,sign,44,166620,9090
ML-DSA,sign,44,108949,9091
ML-DSA,sign,44,149955,9092
ML-DSA,sign,44,357754,9093
ML-DSA,sign,44,80160,9094
ML-DSA,sign,44,711254,9095
ML-DSA,sign,44,392531,9096
ML-DSA,sign,44,462351,9097
ML-DSA,sign,44,137742,9098
ML-DSA,sign,44,80147,9099
ML-DSA,sign,44,178819,9100
ML-DSA,sign,44,836637,9101
ML-DSA,sign,44,219847,9102
ML-DSA,sign,44,166522,9103
ML-DSA,sign,44,80221,9104
ML-DSA,sign,44,80216,9105
ML-DSA,sign,44,363703,9106
ML-DSA,sign,44,80159,9107
ML-DSA,sign,44,306241,9108
ML-DSA,sign,44,143831,9109
ML-DSA,sign,44,195496,9110
ML-DSA,sign,44,80132,9111
ML-DSA,sign,44,376068,9112
ML-DSA,sign,44,109007,9113
ML-DSA,sign,44,178763,9114
ML-DSA,sign,44,300066,9115
ML-DSA,sign,44,172756,9116
ML-DSA,sign,44,468571,9117
ML-DSA,sign,44,178805,9118
ML-DSA,sign,44,80230,9119
ML-DSA,sign,44,108963,9120
ML-DSA,sign,44,236442,9121
ML-DSA,sign,44,109035,9122
ML-DSA,sign,44,322657,9123
ML-DSA,sign,44,236470,9124
ML-DSA,sign,44,600287,9125
ML-DSA,sign,44,137728,9126
ML-DSA,sign,44,472671,9127
ML-DSA,sign,44,137755,9128
ML-DSA,sign,44,300019,9129
ML-DSA,sign,44,293977,9130
ML-DSA,sign,44,201468,9131
ML-DSA,sign,44,306312,9132
ML-DSA,sign,44,80137,9133
ML-DSA,sign,44,80210,9134
ML-DSA,sign,44,80205,9135
ML-DSA,sign,44,265241,9136
ML-DSA,sign,44,178884,9137
ML-DSA,sign,44,115164,9138
ML-DSA,sign,44,230297,9139
ML-DSA,sign,44,137760,9140
ML-DSA,sign,44,80227,9141
ML-DSA,sign,44,144030,9142
ML-DSA,sign,44,201501,9143
ML-DSA,sign,44,108941,9144
ML-DSA,sign,44,265165,9145
ML-DSA,sign,44,80176,9146
ML-DSA,sign,44,80207,9147
ML-DSA,sign,44,213799,9148
ML-DSA,sign,44,80216,9149
ML-DSA,sign,44,80241,9150
ML-DSA,sign,44,80134,9151
ML-DSA,sign,44,115052,9152
ML-DSA,sign,44,80176,9153
ML-DSA,sign,44,109040,9154
ML-DSA,sign,44,172567,9155
ML-DSA,sign,44,172619,9156
ML-DSA,sign,44,143970,9157
ML-DSA,sign,44,108977,9158
ML-DSA,sign,44,322709,9159
ML-DSA,sign,44,178812,9160
ML-DSA,sign,44,108965,9161
ML-DSA,sign,44,80187,9162
ML-DSA,sign,44,277362,9163
ML-DSA,sign,44,271307,9164
ML-DSA,sign,44,589849,9165
ML-DSA,sign,44,80156,9166
ML-DSA,sign,44,115146,9167
ML-DSA,sign,44,265206,9168
ML-DSA,sign,44,195447,9169
ML-DSA,sign,44,201621,9170
ML-DSA,sign,44,287803,9171
ML-DSA,sign,44,143962,9172
ML-DSA,sign,44,184892,9173
ML-DSA,sign,44,108971,9174
ML-DSA,sign,44,178806,9175
ML-DSA,sign,44,178752,9176
ML-DSA,sign,44,109061,9177
ML-DSA,sign,44,166687,9178
ML-DSA,sign,44,265273,9179
ML-DSA,sign,44,265135,9180
ML-DSA,sign,44,80178,9181
ML-DSA,sign,44,80148,9182
ML-DSA,sign,44,150042,9183
ML-DSA,sign,44,80183,9184
ML-DSA,sign,44,108950,9185
ML-DSA,sign,44,143863,9186
ML-DSA,sign,44,137791,9187
ML-DSA,sign,44,80175,9188
ML-DSA,sign,44,109051,9189
ML-DSA,sign,44,80160,9190
ML-DSA,sign,44,80130,9191
ML-DSA,sign,44,178815,9192
ML-DSA,sign,44,178780,9193
ML-DSA,sign,44,80223,9194
ML-DSA,sign,44,143908,9195
ML-DSA,sign,44,172682,9196
ML-DSA,sign,44,166608,9197
ML-DSA,sign,44,80212,9198
ML-DSA,sign,44,80145,9199
ML-DSA,sign,44,178861,9200
ML-DSA,sign,44,80204,9201
ML-DSA,sign,44,108916,9202
ML-DSA,sign,44,207607,9203
ML-DSA,sign,44,80229,9204
ML-DSA,sign,44,172586,9205
ML-DSA,sign,44,80180,9206
ML-DSA,sign,44,80178,9207
ML-DSA,sign,44,80154,9208
ML-DSA,sign,44,80189,9209
ML-DSA,sign,44,184879,9210
ML-DSA,sign,44,265172,9211
ML-DSA,sign,44,172725,9212
ML-DSA,sign,44,80173,9213
ML-DSA,sign,44,149985,9214
ML-DSA,sign,44,108926,9215
ML-DSA,sign,44,195301,9216
ML-DSA,sign,44,80150,9217
ML-DSA,sign,44,80217,9218
ML-DSA,sign,44,80163,9219
ML-DSA,sign,44,108967,9220
ML-DSA,sign,44,172662,9221
ML-DSA,sign,44,409184,9222
ML-DSA,sign,44,166568,9223
ML-DSA,sign,44,242451,9224
ML-DSA,sign,44,265241,9225
ML-DSA,sign,44,172700,9226
ML-DSA,sign,44,80130,9227
ML-DSA,sign,44,80235,9228
ML-DSA,sign,44,259008,9229
ML-DSA,sign,44,80159,9230
ML-DSA,sign,44,265191,9231
ML-DSA,sign,44,137817,9232
ML-DSA,sign,44,80153,9233
ML-DSA,sign,44,462482,9234
ML-DSA,sign,44,456294,9235
ML-DSA,sign,44,150071,9236
ML-DSA,sign,44,80165,9237
ML-DSA,sign,44,172704,9238
ML-DSA,sign,44,80232,9239
ML-DSA,sign,44,109071,9240
ML-DSA,sign,44,143868,9241
ML-DSA,sign,44,172717,9242
ML-DSA,sign,44,184871,9243
ML-DSA,sign,44,80167,9244
ML-DSA,sign,44,143970,9245
ML-DSA,sign,44,265236,9246
ML-DSA,sign,44,108912,9247
ML-DSA,sign,44,80183,9248
ML-DSA,sign,44,265326,9249
ML-DSA,sign,44,108981,9250
ML-DSA,sign,44,108988,9251
ML-DSA,sign,44,698989,9252
ML-DSA,sign,44,213742,9253
ML-DSA,sign,44,201611,9254
ML-DSA,sign,44,172758,9255
ML-DSA,sign,44,143977,9256
ML-DSA,sign,44,80191,9257
ML-DSA,sign,44,80221,9258
ML-DSA,sign,44,178749,9259
ML-DSA,sign,44,80187,9260
ML-DSA,sign,44,322929,9261
ML-DSA,sign,44,137837,9262
ML-DSA,sign,44,201487,9263
ML-DSA,sign,44,178783,9264
ML-DSA,sign,44,341219,9265
ML-DSA,sign,44,236376,9266
ML-DSA,sign,44,542716,9267
ML-DSA,sign,44,143857,9268
ML-DSA,sign,44,143802,9269
ML-DSA,sign,44,137803,9270
ML-DSA,sign,44,277336,9271
ML-DSA,sign,44,328962,9272
ML-DSA,sign,44,80217,9273
ML-DSA,sign,44,109004,9274
ML-DSA,sign,44,80206,9275
ML-DSA,sign,44,213703,9276
ML-DSA,sign,44,166559,9277
ML-DSA,sign,44,236327,9278
ML-DSA,sign,44,287834,9279
ML-DSA,sign,44,408955,9280
ML-DSA,sign,44,370032,9281
ML-DSA,sign,44,108979,9282
ML-DSA,sign,44,277469,9283
ML-DSA,sign,44,80155,9284
ML-DSA,sign,44,172676,9285
ML-DSA,sign,44,80211,9286
ML-DSA,sign,44,287869,9287
ML-DSA,sign,44,386492,9288
ML-DSA,sign,44,109002,9289
ML-DSA,sign,44,392534,9290
ML-DSA,sign,44,115147,9291
ML-DSA,sign,44,115110,9292
ML-DSA,sign,44,178767,9293
ML-DSA,sign,44,398524,9294
ML-DSA,sign,44,201562,9295
ML-DSA,sign,44,694518,9296
ML-DSA,sign,44,421436,9297
ML-DSA,sign,44,115103,9298
ML-DSA,sign,44,80186,9299
ML-DSA,sign,44,519981,9300
ML-DSA,sign,44,109001,9301
ML-DSA,sign,44,143848,9302
ML-DSA,sign,44,548634,9303
ML-DSA,sign,44,137829,9304
ML-DSA,sign,44,108979,9305
ML-DSA,sign,44,347388,9306
ML-DSA,sign,44,80198,9307
ML-DSA,sign,44,265070,9308
ML-DSA,sign,44,80266,9309
ML-DSA,sign,44,357629,9310
ML-DSA,sign,44,363614,9311
ML-DSA,sign,44,109008,9312
ML-DSA,sign,44,108974,9313
ML-DSA,sign,44,137736,9314
ML-DSA,sign,44,172731,9315
ML-DSA,sign,44,115035,9316
ML-DSA,sign,44,143948,9317
ML-DSA,sign,44,80177,9318
ML-DSA,sign,44,201465,9319
ML-DSA,sign,44,109054,9320
ML-DSA,sign,44,172700,9321
ML-DSA,sign,44,184923,9322
ML-DSA,sign,44,236527,9323
ML-DSA,sign,44,115092,9324
ML-DSA,sign,44,80150,9325
ML-DSA,sign,44,115096,9326
ML-DSA,sign,44,398888,9327
ML-DSA,sign,44,115125,9328
ML-DSA,sign,44,322803,9329
ML-DSA,sign,44,207637,9330
ML-DSA,sign,44,328781,9331
ML-DSA,sign,44,265136,9332
ML-DSA,sign,44,108931,9333
ML-DSA,sign,44,195422,9334
ML-DSA,sign,44,80179,9335
ML-DSA,sign,44,80158,9336
ML-DSA,sign,44,195507,9337
ML-DSA,sign,44,357643,9338
ML-DSA,sign,44,115079,9339
ML-DSA,sign,44,137756,9340
ML-DSA,sign,44,115029,9341
ML-DSA,sign,44,236400,9342
ML-DSA,sign,44,322742,9343
ML-DSA,sign,44,80147,9344
ML-DSA,sign,44,143863,9345
ML-DSA,sign,44,143853,9346
ML-DSA,sign,44,149988,9347
ML-DSA,sign,44,115198,9348
ML-DSA,sign,44,166616,9349
ML-DSA,sign,44,109048,9350
ML-DSA,sign,44,485050,9351
ML-DSA,sign,44,195276,9352
ML-DSA,sign,44,80230,9353
ML-DSA,sign,44,195370,9354
ML-DSA,sign,44,172813,9355
ML-DSA,sign,44,380428,9356
ML-DSA,sign,44,109058,9357
ML-DSA,sign,44,109095,9358
ML-DSA,sign,44,137743,9359
ML-DSA,sign,44,150077,9360
ML-DSA,sign,44,230280,9361
ML-DSA,sign,44,80167,9362
ML-DSA,sign,44,80148,9363
ML-DSA,sign,44,137780,9364
ML-DSA,sign,44,306145,9365
ML-DSA,sign,44,213701,9366
ML-DSA,sign,44,664016,9367
ML-DSA,sign,44,108923,9368
ML-DSA,sign,44,386507,9369
ML-DSA,sign,44,283449,9370
ML-DSA,sign,44,80126,9371
ML-DSA,sign,44,115109,9372
ML-DSA,sign,44,248560,9373
ML-DSA,sign,44,143848,9374
ML-DSA,sign,44,271307,9375
ML-DSA,sign,44,80194,9376
ML-DSA,sign,44,137757,9377
ML-DSA,sign,44,230235,9378
ML-DSA,sign,44,201487,9379
ML-DSA,sign,44,265176,9380
ML-DSA,sign,44,115074,9381
ML-DSA,sign,44,80219,9382
ML-DSA,sign,44,109061,9383
ML-DSA,sign,44,150027,9384
ML-DSA,sign,44,166616,9385
ML-DSA,sign,44,143973,9386
ML-DSA,sign,44,115150,9387
ML-DSA,sign,44,143856,9388
ML-DSA,sign,44,143871,9389
ML-DSA,sign,44,109047,9390
ML-DSA,sign,44,201444,9391
ML-DSA,sign,44,195358,9392
ML-DSA,sign,44,80152,9393
ML-DSA,sign,44,369950,9394
ML-DSA,sign,44,271214,9395
ML-DSA,sign,44,80176,9396
ML-DSA,sign,44,108991,9397
ML-DSA,sign,44,178769,9398
ML-DSA,sign,44,80135,9399
ML-DSA,sign,44,149999,9400
ML-DSA,sign,44,108936,9401
ML-DSA,sign,44,108958,9402
ML-DSA,sign,44,622748,9403
ML-DSA,sign,44,328745,9404
ML-DSA,sign,44,143851,9405
ML-DSA,sign,44,137884,9406
ML-DSA,sign,44,242534,9407
ML-DSA,sign,44,201548,9408
ML-DSA,sign,44,172559,9409
ML-DSA,sign,44,242525,9410
ML-DSA,sign,44,108972,9411
ML-DSA,sign,44,230367,9412
ML-DSA,sign,44,236359,9413
ML-DSA,sign,44,115097,9414
ML-DSA,sign,44,80221,9415
ML-DSA,sign,44,80159,9416
ML-DSA,sign,44,80140,9417
ML-DSA,sign,44,300159,9418
ML-DSA,sign,44,115086,9419
ML-DSA,sign,44,115127,9420
ML-DSA,sign,44,80148,9421
ML-DSA,sign,44,213702,9422
ML-DSA,sign,44,444192,9423
ML-DSA,sign,44,80149,9424
ML-DSA,sign,44,108964,9425
ML-DSA,sign,44,143903,9426
ML-DSA,sign,44,80150,9427
ML-DSA,sign,44,172667,9428
ML-DSA,sign,44,271323,9429
ML-DSA,sign,44,398655,9430
ML-DSA,sign,44,259086,9431
ML-DSA,sign,44,277460,9432
ML-DSA,sign,44,201551,9433
ML-DSA,sign,44,80156,9434
ML-DSA,sign,44,172682,9435
ML-DSA,sign,44,306276,9436
ML-DSA,sign,44,178844,9437
ML-DSA,sign,44,109040,9438
ML-DSA,sign,44,242418,9439
ML-DSA,sign,44,80234,9440
ML-DSA,sign,44,143861,9441
ML-DSA,sign,44,80170,9442
ML-DSA,sign,44,143883,9443
ML-DSA,sign,44,80213,9444
ML-DSA,sign,44,80120,9445
ML-DSA,sign,44,374325,9446
ML-DSA,sign,44,109041,9447
ML-DSA,sign,44,80195,9448
ML-DSA,sign,44,143789,9449
ML-DSA,sign,44,108964,9450
ML-DSA,sign,44,115160,9451
ML-DSA,sign,44,108943,9452
ML-DSA,sign,44,137797,9453
ML-DSA,sign,44,462468,9454
ML-DSA,sign,44,137794,9455
ML-DSA,sign,44,172808,9456
ML-DSA,sign,44,80228,9457
ML-DSA,sign,44,271417,9458
ML-DSA,sign,44,108938,9459
ML-DSA,sign,44,236365,9460
ML-DSA,sign,44,606476,9461
ML-DSA,sign,44,312255,9462
ML-DSA,sign,44,115127,9463
ML-DSA,sign,44,335109,9464
ML-DSA,sign,44,271210,9465
ML-DSA,sign,44,242441,9466
ML-DSA,sign,44,80163,9467
ML-DSA,sign,44,166513,9468
ML-DSA,sign,44,415294,9469
ML-DSA,sign,44,172592,9470
ML-DSA,sign,44,80208,9471
ML-DSA,sign,44,143936,9472
ML-DSA,sign,44,108992,9473
ML-DSA,sign,44,230357,9474
ML-DSA,sign,44,115018,9475
ML-DSA,sign,44,108954,9476
ML-DSA,sign,44,258989,9477
ML-DSA,sign,44,213717,9478
ML-DSA,sign,44,80196,9479
ML-DSA,sign,44,80237,9480
ML-DSA,sign,44,213705,9481
ML-DSA,sign,44,427492,9482
ML-DSA,sign,44,108956,9483
ML-DSA,sign,44,491198,9484
ML-DSA,sign,44,80159,9485
ML-DSA,sign,44,259006,9486
ML-DSA,sign,44,137748,9487
ML-DSA,sign,44,80173,9488
ML-DSA,sign,44,380345,9489
ML-DSA,sign,44,108923,9490
ML-DSA,sign,44,108951,9491
ML-DSA,sign,44,195320,9492
ML-DSA,sign,44,143877,9493
ML-DSA,sign,44,335013,9494
ML-DSA,sign,44,80202,9495
ML-DSA,sign,44,172719,9496
ML-DSA,sign,44,80170,9497
ML-DSA,sign,44,143943,9498
ML-DSA,sign,44,143909,9499
ML-DSA,sign,44,109057,9500
ML-DSA,sign,44,230294,9501
ML-DSA,sign,44,312368,9502
ML-DSA,sign,44,143948,9503
ML-DSA,sign,44,143874,9504
ML-DSA,sign,44,109002,9505
ML-DSA,sign,44,143863,9506
ML-DSA,sign,44,213701,9507
ML-DSA,sign,44,242641,9508
ML-DSA,sign,44,287998,9509
ML-DSA,sign,44,143931,9510
ML-DSA,sign,44,172652,9511
ML-DSA,sign,44,265159,9512
ML-DSA,sign,44,230308,9513
ML-DSA,sign,44,293889,9514
ML-DSA,sign,44,80193,9515
ML-DSA,sign,44,259085,9516
ML-DSA,sign,44,322751,9517
ML-DSA,sign,44,115136,9518
ML-DSA,sign,44,80213,9519
ML-DSA,sign,44,318361,9520
ML-DSA,sign,44,150001,9521
ML-DSA,sign,44,80150,9522
ML-DSA,sign,44,143915,9523
ML-DSA,sign,44,108975,9524
ML-DSA,sign,44,178823,9525
ML-DSA,sign,44,415349,9526
ML-DSA,sign,44,115181,9527
ML-DSA,sign,44,108969,9528
ML-DSA,sign,44,137763,9529
ML-DSA,sign,44,265233,9530
ML-DSA,sign,44,207598,9531
ML-DSA,sign,44,108978,9532
ML-DSA,sign,44,80155,9533
ML-DSA,sign,44,172678,9534
ML-DSA,sign,44,293961,9535
ML-DSA,sign,44,143916,9536
ML-DSA,sign,44,108988,9537
ML-DSA,sign,44,143822,9538
ML-DSA,sign,44,213759,9539
ML-DSA,sign,44,121609,9540
ML-DSA,sign,44,265136,9541
ML-DSA,sign,44,115114,9542
ML-DSA,sign,44,80221,9543
ML-DSA,sign,44,184933,9544
ML-DSA,sign,44,80145,9545
ML-DSA,sign,44,300049,9546
ML-DSA,sign,44,277326,9547
ML-DSA,sign,44,172727,9548
ML-DSA,sign,44,80155,9549
ML-DSA,sign,44,143855,9550
ML-DSA,sign,44,115106,9551
ML-DSA,sign,44,351434,9552
ML-DSA,sign,44,80219,9553
ML-DSA,sign,44,242580,9554
ML-DSA,sign,44,293826,9555
ML-DSA,sign,44,427563,9556
ML-DSA,sign,44,80260,9557
ML-DSA,sign,44,166522,9558
ML-DSA,sign,44,108972,9559
ML-DSA,sign,44,108967,9560
ML-DSA,sign,44,80230,9561
ML-DSA,sign,44,137762,9562
ML-DSA,sign,44,207743,9563
ML-DSA,sign,44,80169,9564
ML-DSA,sign,44,80166,9565
ML-DSA,sign,44,109066,9566
ML-DSA,sign,44,109024,9567
ML-DSA,sign,44,80211,9568
ML-DSA,sign,44,172603,9569
ML-DSA,sign,44,351687,9570
ML-DSA,sign,44,80157,9571
ML-DSA,sign,44,80175,9572
ML-DSA,sign,44,178784,9573
ML-DSA,sign,44,115055,9574
ML-DSA,sign,44,207569,9575
ML-DSA,sign,44,108957,9576
ML-DSA,sign,44,115145,9577
ML-DSA,sign,44,207657,9578
ML-DSA,sign,44,178805,9579
ML-DSA,sign,44,80211,9580
ML-DSA,sign,44,300020,9581
ML-DSA,sign,44,468293,9582
ML-DSA,sign,44,80189,9583
ML-DSA,sign,44,115071,9584
ML-DSA,sign,44,271284,9585
ML-DSA,sign,44,334978,9586
ML-DSA,sign,44,357695,9587
ML-DSA,sign,44,213863,9588
ML-DSA,sign,44,670185,9589
ML-DSA,sign,44,201541,9590
ML-DSA,sign,44,115072,9591
ML-DSA,sign,44,80159,9592
ML-DSA,sign,44,109001,9593
ML-DSA,sign,44,143886,9594
ML-DSA,sign,44,213646,9595
ML-DSA,sign,44,166657,9596
ML-DSA,sign,44,109077,9597
ML-DSA,sign,44,80172,9598
ML-DSA,sign,44,137795,9599
ML-DSA,sign,44,328820,9600
ML-DSA,sign,44,80209,9601
ML-DSA,sign,44,259058,9602
ML-DSA,sign,44,108907,9603
ML-DSA,sign,44,80161,9604
ML-DSA,sign,44,236399,9605
ML-DSA,sign,44,143944,9606
ML-DSA,sign,44,248607,9607
ML-DSA,sign,44,207657,9608
ML-DSA,sign,44,143938,9609
ML-DSA,sign,44,80260,9610
ML-DSA,sign,44,172686,9611
ML-DSA,sign,44,137733,9612
ML-DSA,sign,44,312313,9613
ML-DSA,sign,44,80150,9614
ML-DSA,sign,44,236336,9615
ML-DSA,sign,44,115095,9616
ML-DSA,sign,44,143915,9617
ML-DSA,sign,44,166709,9618
ML-DSA,sign,44,201427,9619
ML-DSA,sign,44,108966,9620
ML-DSA,sign,44,109098,9621
ML-DSA,sign,44,108900,9622
ML-DSA,sign,44,80207,9623
ML-DSA,sign,44,201503,9624
ML-DSA,sign,44,115176,9625
ML-DSA,sign,44,80165,9626
ML-DSA,sign,44,271318,9627
ML-DSA,sign,44,80174,9628
ML-DSA,sign,44,80225,9629
ML-DSA,sign,44,80195,9630
ML-DSA,sign,44,404686,9631
ML-DSA,sign,44,108939,9632
ML-DSA,sign,44,207657,9633
ML-DSA,sign,44,115090,9634
ML-DSA,sign,44,80205,9635
ML-DSA,sign,44,271252,9636
ML-DSA,sign,44,80202,9637
ML-DSA,sign,44,265067,9638
ML-DSA,sign,44,178666,9639
ML-DSA,sign,44,143916,9640
ML-DSA,sign,44,554997,9641
ML-DSA,sign,44,259220,9642
ML-DSA,sign,44,271333,9643
ML-DSA,sign,44,80178,9644
ML-DSA,sign,44,80179,9645
ML-DSA,sign,44,109026,9646
ML-DSA,sign,44,491064,9647
ML-DSA,sign,44,108993,9648
ML-DSA,sign,44,80176,9649
ML-DSA,sign,44,143866,9650
ML-DSA,sign,44,149993,9651
ML-DSA,sign,44,207598,9652
ML-DSA,sign,44,143832,9653
ML-DSA,sign,44,201467,9654
ML-DSA,sign,44,137792,9655
ML-DSA,sign,44,172620,9656
ML-DSA,sign,44,80151,9657
ML-DSA,sign,44,421333,9658
ML-DSA,sign,44,143941,9659
ML-DSA,sign,44,80144,9660
ML-DSA,sign,44,109018,9661
ML-DSA,sign,44,109016,9662
ML-DSA,sign,44,115150,9663
ML-DSA,sign,44,80192,9664
ML-DSA,sign,44,166625,9665
ML-DSA,sign,44,230304,9666
ML-DSA,sign,44,479262,9667
ML-DSA,sign,44,242394,9668
ML-DSA,sign,44,108935,9669
ML-DSA,sign,44,289565,9670
ML-DSA,sign,44,109012,9671
ML-DSA,sign,44,150095,9672
ML-DSA,sign,44,149920,9673
ML-DSA,sign,44,109014,9674
ML-DSA,sign,44,236336,9675
ML-DSA,sign,44,115085,9676
ML-DSA,sign,44,80207,9677
ML-DSA,sign,44,294027,9678
ML-DSA,sign,44,80216,9679
ML-DSA,sign,44,80220,9680
ML-DSA,sign,44,80172,9681
ML-DSA,sign,44,334996,9682
ML-DSA,sign,44,109070,9683
ML-DSA,sign,44,172573,9684
ML-DSA,sign,44,80218,9685
ML-DSA,sign,44,184916,9686
ML-DSA,sign,44,80186,9687
ML-DSA,sign,44,80175,9688
ML-DSA,sign,44,166635,9689
ML-DSA,sign,44,450264,9690
ML-DSA,sign,44,230236,9691
ML-DSA,sign,44,172713,9692
ML-DSA,sign,44,392494,9693
ML-DSA,sign,44,115188,9694
ML-DSA,sign,44,80162,9695
ML-DSA,sign,44,108961,9696
ML-DSA,sign,44,351661,9697
ML-DSA,sign,44,149988,9698
ML-DSA,sign,44,80226,9699
ML-DSA,sign,44,431862,9700
ML-DSA,sign,44,293890,9701
ML-DSA,sign,44,115146,9702
ML-DSA,sign,44,259114,9703
ML-DSA,sign,44,80193,9704
ML-DSA,sign,44,80188,9705
ML-DSA,sign,44,230183,9706
ML-DSA,sign,44,143911,9707
ML-DSA,sign,44,293968,9708
ML-DSA,sign,44,80256,9709
ML-DSA,sign,44,283537,9710
ML-DSA,sign,44,150057,9711
ML-DSA,sign,44,115119,9712
ML-DSA,sign,44,80136,9713
ML-DSA,sign,44,230277,9714
ML-DSA,sign,44,322758,9715
ML-DSA,sign,44,137776,9716
ML-DSA,sign,44,265270,9717
ML-DSA,sign,44,271273,9718
ML-DSA,sign,44,172781,9719
ML-DSA,sign,44,143897,9720
ML-DSA,sign,44,80176,9721
ML-DSA,sign,44,143881,9722
ML-DSA,sign,44,335016,9723
ML-DSA,sign,44,109012,9724
ML-DSA,sign,44,80155,9725
ML-DSA,sign,44,108983,9726
ML-DSA,sign,44,300051,9727
ML-DSA,sign,44,143892,9728
ML-DSA,sign,44,265068,9729
ML-DSA,sign,44,230216,9730
ML-DSA,sign,44,109058,9731
ML-DSA,sign,44,80182,9732
ML-DSA,sign,44,258886,9733
ML-DSA,sign,44,115132,9734
ML-DSA,sign,44,80162,9735
ML-DSA,sign,44,293946,9736
ML-DSA,sign,44,213662,9737
ML-DSA,sign,44,115055,9738
ML-DSA,sign,44,108982,9739
ML-DSA,sign,44,109041,9740
ML-DSA,sign,44,80202,9741
ML-DSA,sign,44,80184,9742
ML-DSA,sign,44,345378,9743
ML-DSA,sign,44,143974,9744
ML-DSA,sign,44,293929,9745
ML-DSA,sign,44,80153,9746
ML-DSA,sign,44,108934,9747
ML-DSA,sign,44,207587,9748
ML-DSA,sign,44,137751,9749
ML-DSA,sign,44,612442,9750
ML-DSA,sign,44,322836,9751
ML-DSA,sign,44,248575,9752
ML-DSA,sign,44,115147,9753
ML-DSA,sign,44,201526,9754
ML-DSA,sign,44,300256,9755
ML-DSA,sign,44,80196,9756
ML-DSA,sign,44,80165,9757
ML-DSA,sign,44,80204,9758
ML-DSA,sign,44,109011,9759
ML-DSA,sign,44,115146,9760
ML-DSA,sign,44,300100,9761
ML-DSA,sign,44,109078,9762
ML-DSA,sign,44,265229,9763
ML-DSA,sign,44,80197,9764
ML-DSA,sign,44,143855,9765
ML-DSA,sign,44,201520,9766
ML-DSA,sign,44,115122,9767
ML-DSA,sign,44,201508,9768
ML-DSA,sign,44,322764,9769
ML-DSA,sign,44,248659,9770
ML-DSA,sign,44,369987,9771
ML-DSA,sign,44,178819,9772
ML-DSA,sign,44,80196,9773
ML-DSA,sign,44,201434,9774
ML-DSA,sign,44,80166,9775
ML-DSA,sign,44,363664,9776
ML-DSA,sign,44,178829,9777
ML-DSA,sign,44,80192,9778
ML-DSA,sign,44,542709,9779
ML-DSA,sign,44,143890,9780
ML-DSA,sign,44,80150,9781
ML-DSA,sign,44,409076,9782
ML-DSA,sign,44,207581,9783
ML-DSA,sign,44,201507,9784
ML-DSA,sign,44,80159,9785
ML-DSA,sign,44,115125,9786
ML-DSA,sign,44,80157,9787
ML-DSA,sign,44,80163,9788
ML-DSA,sign,44,80187,9789
ML-DSA,sign,44,115108,9790
ML-DSA,sign,44,277522,9791
ML-DSA,sign,44,80173,9792
ML-DSA,sign,44,80227,9793
ML-DSA,sign,44,236411,9794
ML-DSA,sign,44,80230,9795
ML-DSA,sign,44,80181,9796
ML-DSA,sign,44,312195,9797
ML-DSA,sign,44,300087,9798
ML-DSA,sign,44,109010,9799
ML-DSA,sign,44,259163,9800
ML-DSA,sign,44,143802,9801
ML-DSA,sign,44,80145,9802
ML-DSA,sign,44,137745,9803
ML-DSA,sign,44,143858,9804
ML-DSA,sign,44,115087,9805
ML-DSA,sign,44,109057,9806
ML-DSA,sign,44,80157,9807
ML-DSA,sign,44,137771,9808
ML-DSA,sign,44,80178,9809
ML-DSA,sign,44,108911,9810
ML-DSA,sign,44,80226,9811
ML-DSA,sign,44,80204,9812
ML-DSA,sign,44,80206,9813
ML-DSA,sign,44,109041,9814
ML-DSA,sign,44,108963,9815
ML-DSA,sign,44,80162,9816
ML-DSA,sign,44,213634,9817
ML-DSA,sign,44,80151,9818
ML-DSA,sign,44,115056,9819
ML-DSA,sign,44,108995,9820
ML-DSA,sign,44,149948,9821
ML-DSA,sign,44,80189,9822
ML-DSA,sign,44,108979,9823
ML-DSA,sign,44,115094,9824
ML-DSA,sign,44,115019,9825
ML-DSA,sign,44,80166,9826
ML-DSA,sign,44,80207,9827
ML-DSA,sign,44,80239,9828
ML-DSA,sign,44,80182,9829
ML-DSA,sign,44,80204,9830
ML-DSA,sign,44,80196,9831
ML-DSA,sign,44,80229,9832
ML-DSA,sign,44,306310,9833
ML-DSA,sign,44,137854,9834
ML-DSA,sign,44,178781,9835
ML-DSA,sign,44,143865,9836
ML-DSA,sign,44,236511,9837
ML-DSA,sign,44,688403,9838
ML-DSA,sign,44,248578,9839
ML-DSA,sign,44,108971,9840
ML-DSA,sign,44,80154,9841
ML-DSA,sign,44,80182,9842
ML-DSA,sign,44,80166,9843
ML-DSA,sign,44,108932,9844
ML-DSA,sign,44,178877,9845
ML-DSA,sign,44,612427,9846
ML-DSA,sign,44,137833,9847
ML-DSA,sign,44,143849,9848
ML-DSA,sign,44,80252,9849
ML-DSA,sign,44,150024,9850
ML-DSA,sign,44,80168,9851
ML-DSA,sign,44,115113,9852
ML-DSA,sign,44,80211,9853
ML-DSA,sign,44,328932,9854
ML-DSA,sign,44,740011,9855
ML-DSA,sign,44,172776,9856
ML-DSA,sign,44,172570,9857
ML-DSA,sign,44,149993,9858
ML-DSA,sign,44,115114,9859
ML-DSA,sign,44,115109,9860
ML-DSA,sign,44,80183,9861
ML-DSA,sign,44,392664,9862
ML-DSA,sign,44,208019,9863
ML-DSA,sign,44,201449,9864
ML-DSA,sign,44,143866,9865
ML-DSA,sign,44,80198,9866
ML-DSA,sign,44,294072,9867
ML-DSA,sign,44,242435,9868
ML-DSA,sign,44,201376,9869
ML-DSA,sign,44,201390,9870
ML-DSA,sign,44,80187,9871
ML-DSA,sign,44,143883,9872
ML-DSA,sign,44,236447,9873
ML-DSA,sign,44,172781,9874
ML-DSA,sign,44,115056,9875
ML-DSA,sign,44,497224,9876
ML-DSA,sign,44,207541,9877
ML-DSA,sign,44,115103,9878
ML-DSA,sign,44,166672,9879
ML-DSA,sign,44,382242,9880
ML-DSA,sign,44,386519,9881
ML-DSA,sign,44,143977,9882
ML-DSA,sign,44,80222,9883
ML-DSA,sign,44,80165,9884
ML-DSA,sign,44,80144,9885
ML-DSA,sign,44,80171,9886
ML-DSA,sign,44,137814,9887
ML-DSA,sign,44,109018,9888
ML-DSA,sign,44,80225,9889
ML-DSA,sign,44,178887,9890
ML-DSA,sign,44,143937,9891
ML-DSA,sign,44,618691,9892
ML-DSA,sign,44,184893,9893
ML-DSA,sign,44,236282,9894
ML-DSA,sign,44,439834,9895
ML-DSA,sign,44,172696,9896
ML-DSA,sign,44,306171,9897
ML-DSA,sign,44,80155,9898
ML-DSA,sign,44,230364,9899
ML-DSA,sign,44,80157,9900
ML-DSA,sign,44,363751,9901
ML-DSA,sign,44,178913,9902
ML-DSA,sign,44,265165,9903
ML-DSA,sign,44,345340,9904
ML-DSA,sign,44,184872,9905
ML-DSA,sign,44,108957,9906
ML-DSA,sign,44,115152,9907
ML-DSA,sign,44,184988,9908
ML-DSA,sign,44,80185,9909
ML-DSA,sign,44,108968,9910
ML-DSA,sign,44,108998,9911
ML-DSA,sign,44,109004,9912
ML-DSA,sign,44,80173,9913
ML-DSA,sign,44,109049,9914
ML-DSA,sign,44,108994,9915
ML-DSA,sign,44,230220,9916
ML-DSA,sign,44,80190,9917
ML-DSA,sign,44,265169,9918
ML-DSA,sign,44,478986,9919
ML-DSA,sign,44,230228,9920
ML-DSA,sign,44,115101,9921
ML-DSA,sign,44,392693,9922
ML-DSA,sign,44,195444,9923
ML-DSA,sign,44,80204,9924
ML-DSA,sign,44,80177,9925
ML-DSA,sign,44,115115,9926
ML-DSA,sign,44,149995,9927
ML-DSA,sign,44,293927,9928
ML-DSA,sign,44,230133,9929
ML-DSA,sign,44,115090,9930
ML-DSA,sign,44,115082,9931
ML-DSA,sign,44,335064,9932
ML-DSA,sign,44,265056,9933
ML-DSA,sign,44,328975,9934
ML-DSA,sign,44,80153,9935
ML-DSA,sign,44,166484,9936
ML-DSA,sign,44,334991,9937
ML-DSA,sign,44,386555,9938
ML-DSA,sign,44,80204,9939
ML-DSA,sign,44,108938,9940
ML-DSA,sign,44,252971,9941
ML-DSA,sign,44,236313,9942
ML-DSA,sign,44,392574,9943
ML-DSA,sign,44,265256,9944
ML-DSA,sign,44,213663,9945
ML-DSA,sign,44,80197,9946
ML-DSA,sign,44,80235,9947
ML-DSA,sign,44,109007,9948
ML-DSA,sign,44,150122,9949
ML-DSA,sign,44,178797,9950
ML-DSA,sign,44,80222,9951
ML-DSA,sign,44,335056,9952
ML-DSA,sign,44,137826,9953
ML-DSA,sign,44,80176,9954
ML-DSA,sign,44,143944,9955
ML-DSA,sign,44,80162,9956
ML-DSA,sign,44,115088,9957
ML-DSA,sign,44,144070,9958
ML-DSA,sign,44,80180,9959
ML-DSA,sign,44,115106,9960
ML-DSA,sign,44,265214,9961
ML-DSA,sign,44,166557,9962
ML-DSA,sign,44,201443,9963
ML-DSA,sign,44,265180,9964
ML-DSA,sign,44,166564,9965
ML-DSA,sign,44,109027,9966
ML-DSA,sign,44,108993,9967
ML-DSA,sign,44,166516,9968
ML-DSA,sign,44,80171,9969
ML-DSA,sign,44,80243,9970
ML-DSA,sign,44,108997,9971
ML-DSA,sign,44,316608,9972
ML-DSA,sign,44,80173,9973
ML-DSA,sign,44,80156,9974
ML-DSA,sign,44,137709,9975
ML-DSA,sign,44,115119,9976
ML-DSA,sign,44,150142,9977
ML-DSA,sign,44,108926,9978
ML-DSA,sign,44,150029,9979
ML-DSA,sign,44,137737,9980
ML-DSA,sign,44,143884,9981
ML-DSA,sign,44,283548,9982
ML-DSA,sign,44,236221,9983
ML-DSA,sign,44,316710,9984
ML-DSA,sign,44,341099,9985
ML-DSA,sign,44,150018,9986
ML-DSA,sign,44,115167,9987
ML-DSA,sign,44,108966,9988
ML-DSA,sign,44,80184,9989
ML-DSA,sign,44,80174,9990
ML-DSA,sign,44,115090,9991
ML-DSA,sign,44,589804,9992
ML-DSA,sign,44,108997,9993
ML-DSA,sign,44,109063,9994
ML-DSA,sign,44,567261,9995
ML-DSA,sign,44,306272,9996
ML-DSA,sign,44,195460,9997
ML-DSA,sign,44,108978,9998
ML-DSA,sign,44,80176,9999
ML-DSA,sign,44,201434,10000
