invocation_id,block,key_id,message_id,rand_index,start_us,end_us,elapsed_us,K,reject_z,reject_w0,reject_ct0,reject_hint,sign_rc,verify_rc,siglen,rng_ok,k_ok
40000,4,2,0,40000,6963250,6994217,30967,2,0,1,0,0,0,0,2420,1,1
40001,4,2,2,40001,7009357,7031109,21752,1,0,0,0,0,0,0,2420,1,1
40002,4,2,0,40002,7045951,7157046,111095,12,6,5,0,0,0,0,2420,1,1
40003,4,2,1,40003,7171891,7193651,21760,1,0,0,0,0,0,0,2420,1,1
40004,4,2,0,40004,7208491,7230247,21756,1,0,0,0,0,0,0,2420,1,1
40005,4,2,3,40005,7245078,7266826,21748,1,0,0,0,0,0,0,2420,1,1
40006,4,2,1,40006,7281664,7303433,21769,1,0,0,0,0,0,0,2420,1,1
40007,4,2,0,40007,7318279,7340035,21756,1,0,0,0,0,0,0,2420,1,1
40008,4,2,0,40008,7354878,7393021,38143,3,1,1,0,0,0,0,2420,1,1
40009,4,2,1,40009,7407844,7453461,45617,4,2,1,0,0,0,0,2420,1,1
40010,4,2,2,40010,7468295,7490039,21744,1,0,0,0,0,0,0,2420,1,1
40011,4,2,1,40011,7504866,7551924,47058,4,1,2,0,0,0,0,2420,1,1
40012,4,2,3,40012,7566778,7636218,69440,7,4,2,0,0,0,0,2420,1,1
40013,4,2,1,40013,7651041,7672805,21764,1,0,0,0,0,0,0,2420,1,1
40014,4,2,2,40014,7687659,7709404,21745,1,0,0,0,0,0,0,2420,1,1
40015,4,2,1,40015,7724230,7753439,29209,2,1,0,0,0,0,0,2420,1,1
40016,4,2,0,40016,7768289,7821324,53035,5,3,1,0,0,0,0,2420,1,1
40017,4,2,3,40017,7836152,7857895,21743,1,0,0,0,0,0,0,2420,1,1
40018,4,2,1,40018,7872730,7894494,21764,1,0,0,0,0,0,0,2420,1,1
40019,4,2,0,40019,7909337,7986285,76948,8,5,2,0,0,0,0,2420,1,1
40020,4,2,2,40020,8001120,8039243,38123,3,1,1,0,0,0,0,2420,1,1
40021,4,2,2,40021,8054069,8075810,21741,1,0,0,0,0,0,0,2420,1,1
40022,4,2,4,40022,8090676,8180876,90200,9,2,6,0,0,0,0,2420,1,1
40023,4,2,4,40023,8195719,8302265,106546,11,3,7,0,0,0,0,2420,1,1
40024,4,2,3,40024,8317126,8355246,38120,3,1,1,0,0,0,0,2420,1,1
40025,4,2,4,40025,8370069,8391817,21748,1,0,0,0,0,0,0,2420,1,1
40026,4,2,0,40026,8406675,8428434,21759,1,0,0,0,0,0,0,2420,1,1
40027,4,2,4,40027,8443277,8497782,54505,5,2,2,0,0,0,0,2420,1,1
40028,4,2,2,40028,8512617,8559669,47052,4,1,2,0,0,0,0,2420,1,1
40029,4,2,1,40029,8574516,8623009,48493,4,0,3,0,0,0,0,2420,1,1
40030,4,2,1,40030,8637859,8659607,21748,1,0,0,0,0,0,0,2420,1,1
40031,4,2,0,40031,8674435,8696184,21749,1,0,0,0,0,0,0,2420,1,1
40032,4,2,3,40032,8711019,8732767,21748,1,0,0,0,0,0,0,2420,1,1
40033,4,2,2,40033,8747590,8793180,45590,4,2,1,0,0,0,0,2420,1,1
40034,4,2,3,40034,8808039,8846151,38112,3,1,1,0,0,0,0,2420,1,1
40035,4,2,4,40035,8860993,8897658,36665,3,2,0,0,0,0,0,2420,1,1
40036,4,2,0,40036,8912513,8983426,70913,7,3,3,0,0,0,0,2420,1,1
40037,4,2,2,40037,8998265,9042415,44150,4,3,0,0,0,0,0,2420,1,1
40038,4,2,4,40038,9057253,9079006,21753,1,0,0,0,0,0,0,2420,1,1
40039,4,2,0,40039,9093848,9123070,29222,2,1,0,0,0,0,0,2420,1,1
40040,4,2,3,40040,9137924,9207312,69388,7,4,2,0,0,0,0,2420,1,1
40041,4,2,1,40041,9222135,9333234,111099,12,6,5,0,0,0,0,2420,1,1
40042,4,2,0,40042,9348091,9414614,66523,7,6,0,0,0,0,0,2420,1,1
40043,4,2,0,40043,9429437,9540597,111160,12,6,5,0,0,0,0,2420,1,1
40044,4,2,1,40044,9555438,9602472,47034,4,1,2,0,0,0,0,2420,1,1
40045,4,2,1,40045,9617298,9655462,38164,3,1,1,0,0,0,0,2420,1,1
40046,4,2,3,40046,9670297,9723356,53059,5,3,1,0,0,0,0,2420,1,1
40047,4,2,4,40047,9738179,9767379,29200,2,1,0,0,0,0,0,2420,1,1
40048,4,2,4,40048,9782233,9821790,39557,3,0,2,0,0,0,0,2420,1,1
40049,4,2,1,40049,9836632,9935901,99269,11,8,2,0,0,0,0,2420,1,1
40050,4,2,4,40050,9950742,9972481,21739,1,0,0,0,0,0,0,2420,1,1
40051,4,2,4,40051,9987307,10017965,30658,2,0,1,0,0,0,0,2420,1,1
40052,4,2,3,40052,10032825,10124660,91835,10,7,2,0,0,0,0,2420,1,1
40053,4,2,2,40053,10139486,10264128,124642,14,9,4,0,0,0,0,2420,1,1
40054,4,2,4,40054,10278991,10300743,21752,1,0,0,0,0,0,0,2420,1,1
40055,4,2,2,40055,10315587,10368646,53059,5,3,1,0,0,0,0,2420,1,1
40056,4,2,4,40056,10383506,10435104,51598,5,4,0,0,0,0,0,2420,1,1
40057,4,2,3,40057,10449945,10471693,21748,1,0,0,0,0,0,0,2420,1,1
40058,4,2,1,40058,10486554,10508310,21756,1,0,0,0,0,0,0,2420,1,1
40059,4,2,1,40059,10523153,10600084,76931,8,5,2,0,0,0,0,2420,1,1
40060,4,2,4,40060,10614924,10669401,54477,5,2,2,0,0,0,0,2420,1,1
40061,4,2,1,40061,10684230,10773017,88787,9,3,5,0,0,0,0,2420,1,1
40062,4,2,2,40062,10787873,10839466,51593,5,4,0,0,0,0,0,2420,1,1
40063,4,2,3,40063,10854295,10931183,76888,8,5,2,0,0,0,0,2420,1,1
40064,4,2,3,40064,10946044,11024374,78330,8,4,3,0,0,0,0,2420,1,1
40065,4,2,0,40065,11039234,11060994,21760,1,0,0,0,0,0,0,2420,1,1
40066,4,2,3,40066,11075852,11097596,21744,1,0,0,0,0,0,0,2420,1,1
40067,4,2,2,40067,11112420,11143088,30668,2,0,1,0,0,0,0,2420,1,1
40068,4,2,4,40068,11157948,11227383,69435,7,4,2,0,0,0,0,2420,1,1
40069,4,2,3,40069,11242224,11271422,29198,2,1,0,0,0,0,0,2420,1,1
40070,4,2,0,40070,11286283,11316960,30677,2,0,1,0,0,0,0,2420,1,1
40071,4,2,4,40071,11331801,11378844,47043,4,1,2,0,0,0,0,2420,1,1
40072,4,2,1,40072,11393685,11431817,38132,3,1,1,0,0,0,0,2420,1,1
40073,4,2,1,40073,11446666,11475893,29227,2,1,0,0,0,0,0,2420,1,1
40074,4,2,3,40074,11490729,11570557,79828,8,3,4,0,0,0,0,2420,1,1
40075,4,2,4,40075,11585386,11741267,155881,18,12,5,0,0,0,0,2420,1,1
40076,4,2,4,40076,11756133,11792785,36652,3,2,0,0,0,0,0,2420,1,1
40077,4,2,1,40077,11807626,11860661,53035,5,3,1,0,0,0,0,2420,1,1
40078,4,2,1,40078,11875506,11962832,87326,9,4,4,0,0,0,0,2420,1,1
40079,4,2,0,40079,11977657,12008320,30663,2,0,1,0,0,0,0,2420,1,1
40080,4,2,0,40080,12023157,12044913,21756,1,0,0,0,0,0,0,2420,1,1
40081,4,2,3,40081,12059738,12081483,21745,1,0,0,0,0,0,0,2420,1,1
40082,4,2,2,40082,12096323,12204582,108259,12,8,3,0,0,0,0,2420,1,1
40083,4,2,1,40083,12219433,12265019,45586,4,2,1,0,0,0,0,2420,1,1
40084,4,2,2,40084,12279872,12332935,53063,5,3,1,0,0,0,0,2420,1,1
40085,4,2,4,40085,12347760,12378428,30668,2,0,1,0,0,0,0,2420,1,1
40086,4,2,2,40086,12393285,12461251,67966,7,5,1,0,0,0,0,2420,1,1
40087,4,2,4,40087,12476100,12563380,87280,9,4,4,0,0,0,0,2420,1,1
40088,4,2,4,40088,12578232,12632753,54521,5,2,2,0,0,0,0,2420,1,1
40089,4,2,2,40089,12647597,12684250,36653,3,2,0,0,0,0,0,2420,1,1
40090,4,2,3,40090,12699086,12807362,108276,12,8,3,0,0,0,0,2420,1,1
40091,4,2,4,40091,12822210,12852866,30656,2,0,1,0,0,0,0,2420,1,1
40092,4,2,3,40092,12867722,12947508,79786,8,3,4,0,0,0,0,2420,1,1
40093,4,2,3,40093,12962349,12984086,21737,1,0,0,0,0,0,0,2420,1,1
40094,4,2,0,40094,12998959,13060884,61925,6,3,2,0,0,0,0,2420,1,1
40095,4,2,1,40095,13075730,13104944,29214,2,1,0,0,0,0,0,2420,1,1
40096,4,2,0,40096,13119781,13149007,29226,2,1,0,0,0,0,0,2420,1,1
40097,4,2,3,40097,13163835,13249643,85808,9,5,3,0,0,0,0,2420,1,1
40098,4,2,2,40098,13264484,13347214,82730,8,1,6,0,0,0,0,2420,1,1
40099,4,2,2,40099,13362063,13479237,117174,13,8,4,0,0,0,0,2420,1,1
40100,4,2,1,40100,13494112,13565061,70949,7,3,3,0,0,0,0,2420,1,1
40101,4,2,4,40101,13579902,13601643,21741,1,0,0,0,0,0,0,2420,1,1
40102,4,2,1,40102,13616484,13638243,21759,1,0,0,0,0,0,0,2420,1,1
40103,4,2,2,40103,13653089,13674834,21745,1,0,0,0,0,0,0,2420,1,1
40104,4,2,3,40104,13689671,13726377,36706,3,2,0,0,0,0,0,2420,1,1
40105,4,2,0,40105,13741226,13770463,29237,2,1,0,0,0,0,0,2420,1,1
40106,4,2,4,40106,13785328,13838376,53048,5,3,1,0,0,0,0,2420,1,1
40107,4,2,2,40107,13853205,13928677,75472,8,6,1,0,0,0,0,2420,1,1
40108,4,2,0,40108,13943542,13972766,29224,2,1,0,0,0,0,0,2420,1,1
40109,4,2,3,40109,13987610,14189822,202212,24,17,6,0,0,0,0,2420,1,1
40110,4,2,4,40110,14204672,14233886,29214,2,1,0,0,0,0,0,2420,1,1
40111,4,2,3,40111,14248735,14270487,21752,1,0,0,0,0,0,0,2420,1,1
40112,4,2,3,40112,14285349,14338419,53070,5,3,1,0,0,0,0,2420,1,1
40113,4,2,0,40113,14353289,14439146,85857,9,5,3,0,0,0,0,2420,1,1
40114,4,2,2,40114,14454006,14510007,56001,5,1,3,0,0,0,0,2420,1,1
40115,4,2,4,40115,14524839,14628472,103633,11,5,5,0,0,0,0,2420,1,1
40116,4,2,2,40116,14643336,14697864,54528,5,2,2,0,0,0,0,2420,1,1
40117,4,2,4,40117,14712713,14816379,103666,11,5,5,0,0,0,0,2420,1,1
40118,4,2,0,40118,14831238,14893254,62016,6,3,2,0,0,0,0,2420,1,1
40119,4,2,2,40119,14908103,14993931,85828,9,5,3,0,0,0,0,2420,1,1
40120,4,2,2,40120,15008771,15072195,63424,6,2,3,0,0,0,0,2420,1,1
40121,4,2,0,40121,15087059,15134146,47087,4,1,2,0,0,0,0,2420,1,1
40122,4,2,4,40122,15149003,15215534,66531,7,6,0,0,0,0,0,2420,1,1
40123,4,2,1,40123,15230363,15322107,91744,10,7,2,0,0,0,0,2420,1,1
40124,4,2,4,40124,15336974,15366168,29194,2,1,0,0,0,0,0,2420,1,1
40125,4,2,4,40125,15380996,15410197,29201,2,1,0,0,0,0,0,2420,1,1
40126,4,2,0,40126,15425063,15454264,29201,2,1,0,0,0,0,0,2420,1,1
40127,4,2,3,40127,15469093,15525049,55956,5,1,3,0,0,0,0,2420,1,1
40128,4,2,1,40128,15539890,15561653,21763,1,0,0,0,0,0,0,2420,1,1
40129,4,2,0,40129,15576507,15672770,96263,10,4,5,0,0,0,0,2420,1,1
40130,4,2,1,40130,15687613,15725735,38122,3,1,1,0,0,0,0,2420,1,1
40131,4,2,2,40131,15740564,15880100,139536,16,11,4,0,0,0,0,2420,1,1
40132,4,2,0,40132,15894950,15924204,29254,2,1,0,0,0,0,0,2420,1,1
40133,4,2,0,40133,15939049,16029463,90414,10,8,1,0,0,0,0,2420,1,1
40134,4,2,0,40134,16044309,16082432,38123,3,1,1,0,0,0,0,2420,1,1
40135,4,2,4,40135,16097265,16127920,30655,2,0,1,0,0,0,0,2420,1,1
40136,4,2,2,40136,16142765,16173433,30668,2,0,1,0,0,0,0,2420,1,1
40137,4,2,4,40137,16188282,16247367,59085,6,5,0,0,0,0,0,2420,1,1
40138,4,2,1,40138,16262223,16300338,38115,3,1,1,0,0,0,0,2420,1,1
40139,4,2,0,40139,16315191,16369715,54524,5,2,2,0,0,0,0,2420,1,1
40140,4,2,1,40140,16384560,16406316,21756,1,0,0,0,0,0,0,2420,1,1
40141,4,2,4,40141,16421145,16442893,21748,1,0,0,0,0,0,0,2420,1,1
40142,4,2,2,40142,16457734,16497335,39601,3,0,2,0,0,0,0,2420,1,1
40143,4,2,4,40143,16512184,16609762,97578,10,3,6,0,0,0,0,2420,1,1
40144,4,2,1,40144,16624624,16655290,30666,2,0,1,0,0,0,0,2420,1,1
40145,4,2,2,40145,16670139,16758858,88719,9,3,5,0,0,0,0,2420,1,1
40146,4,2,4,40146,16773703,16820773,47070,4,1,2,0,0,0,0,2420,1,1
40147,4,2,0,40147,16835622,16888679,53057,5,3,1,0,0,0,0,2420,1,1
40148,4,2,4,40148,16903544,16932739,29195,2,1,0,0,0,0,0,2420,1,1
40149,4,2,3,40149,16947571,16984235,36664,3,2,0,0,0,0,0,2420,1,1
40150,4,2,2,40150,16999096,17067067,67971,7,5,1,0,0,0,0,2420,1,1
40151,4,2,4,40151,17081915,17134971,53056,5,3,1,0,0,0,0,2420,1,1
40152,4,2,2,40152,17149827,17247495,97668,10,3,6,0,0,0,0,2420,1,1
40153,4,2,4,40153,17262348,17307962,45614,4,2,1,0,0,0,0,2420,1,1
40154,4,2,3,40154,17322824,17360943,38119,3,1,1,0,0,0,0,2420,1,1
40155,4,2,4,40155,17375796,17460174,84378,9,6,2,0,0,0,0,2420,1,1
40156,4,2,3,40156,17475035,17505706,30671,2,0,1,0,0,0,0,2420,1,1
40157,4,2,1,40157,17520554,17542314,21760,1,0,0,0,0,0,0,2420,1,1
40158,4,2,3,40158,17557175,17644473,87298,9,4,4,0,0,0,0,2420,1,1
40159,4,2,1,40159,17659301,17688533,29232,2,1,0,0,0,0,0,2420,1,1
40160,4,2,3,40160,17703398,17741523,38125,3,1,1,0,0,0,0,2420,1,1
40161,4,2,0,40161,17756356,17794486,38130,3,1,1,0,0,0,0,2420,1,1
40162,4,2,4,40162,17809347,17840011,30664,2,0,1,0,0,0,0,2420,1,1
40163,4,2,0,40163,17854843,17933272,78429,8,4,3,0,0,0,0,2420,1,1
40164,4,2,3,40164,17948133,17999751,51618,5,4,0,0,0,0,0,2420,1,1
40165,4,2,3,40165,18014585,18122859,108274,12,8,3,0,0,0,0,2420,1,1
40166,4,2,3,40166,18137738,18168387,30649,2,0,1,0,0,0,0,2420,1,1
40167,4,2,0,40167,18183252,18219966,36714,3,2,0,0,0,0,0,2420,1,1
40168,4,2,1,40168,18234831,18289340,54509,5,2,2,0,0,0,0,2420,1,1
40169,4,2,4,40169,18304169,18333360,29191,2,1,0,0,0,0,0,2420,1,1
40170,4,2,0,40170,18348197,18457904,109707,12,7,4,0,0,0,0,2420,1,1
40171,4,2,3,40171,18472755,18501951,29196,2,1,0,0,0,0,0,2420,1,1
40172,4,2,2,40172,18516791,18633853,117062,13,8,4,0,0,0,0,2420,1,1
40173,4,2,3,40173,18648705,18670453,21748,1,0,0,0,0,0,0,2420,1,1
40174,4,2,3,40174,18685313,18707046,21733,1,0,0,0,0,0,0,2420,1,1
40175,4,2,2,40175,18721906,18752580,30674,2,0,1,0,0,0,0,2420,1,1
40176,4,2,4,40176,18767441,18796648,29207,2,1,0,0,0,0,0,2420,1,1
40177,4,2,2,40177,18811488,18880927,69439,7,4,2,0,0,0,0,2420,1,1
40178,4,2,1,40178,18895789,18932500,36711,3,2,0,0,0,0,0,2420,1,1
40179,4,2,4,40179,18947344,18985472,38128,3,1,1,0,0,0,0,2420,1,1
40180,4,2,0,40180,19000308,19022072,21764,1,0,0,0,0,0,0,2420,1,1
40181,4,2,0,40181,19036921,19097420,60499,6,4,1,0,0,0,0,2420,1,1
40182,4,2,0,40182,19112256,19134016,21760,1,0,0,0,0,0,0,2420,1,1
40183,4,2,1,40183,19148841,19170593,21752,1,0,0,0,0,0,0,2420,1,1
40184,4,2,4,40184,19185434,19314560,129126,15,12,2,0,0,0,0,2420,1,1
40185,4,2,1,40185,19329390,19351150,21760,1,0,0,0,0,0,0,2420,1,1
40186,4,2,2,40186,19366011,19413042,47031,4,1,2,0,0,0,0,2420,1,1
40187,4,2,4,40187,19427867,19474928,47061,4,1,2,0,0,0,0,2420,1,1
40188,4,2,0,40188,19489780,19527925,38145,3,1,1,0,0,0,0,2420,1,1
40189,4,2,1,40189,19542774,19580941,38167,3,1,1,0,0,0,0,2420,1,1
40190,4,2,4,40190,19595781,19624976,29195,2,1,0,0,0,0,0,2420,1,1
40191,4,2,4,40191,19639800,19670441,30641,2,0,1,0,0,0,0,2420,1,1
40192,4,2,2,40192,19685302,19854398,169096,19,9,9,0,0,0,0,2420,1,1
40193,4,2,1,40193,19869226,19890986,21760,1,0,0,0,0,0,0,2420,1,1
40194,4,2,4,40194,19905844,19960329,54485,5,2,2,0,0,0,0,2420,1,1
40195,4,2,4,40195,19975158,20011824,36666,3,2,0,0,0,0,0,2420,1,1
40196,4,2,2,40196,20026685,20048421,21736,1,0,0,0,0,0,0,2420,1,1
40197,4,2,4,40197,20063250,20085003,21753,1,0,0,0,0,0,0,2420,1,1
40198,4,2,3,40198,20099856,20129056,29200,2,1,0,0,0,0,0,2420,1,1
40199,4,2,3,40199,20143904,20180556,36652,3,2,0,0,0,0,0,2420,1,1
40200,4,2,1,40200,20195432,20217192,21760,1,0,0,0,0,0,0,2420,1,1
40201,4,2,1,40201,20232045,20277664,45619,4,2,1,0,0,0,0,2420,1,1
40202,4,2,1,40202,20292508,20330661,38153,3,1,1,0,0,0,0,2420,1,1
40203,4,2,1,40203,20345497,20389632,44135,4,3,0,0,0,0,0,2420,1,1
40204,4,2,1,40204,20404482,20426230,21748,1,0,0,0,0,0,0,2420,1,1
40205,4,2,3,40205,20441063,20462807,21744,1,0,0,0,0,0,0,2420,1,1
40206,4,2,0,40206,20477651,20499415,21764,1,0,0,0,0,0,0,2420,1,1
40207,4,2,3,40207,20514272,20600013,85741,9,5,3,0,0,0,0,2420,1,1
40208,4,2,3,40208,20614862,20644055,29193,2,1,0,0,0,0,0,2420,1,1
40209,4,2,1,40209,20658923,20722342,63419,6,2,3,0,0,0,0,2420,1,1
40210,4,2,1,40210,20737207,20814136,76929,8,5,2,0,0,0,0,2420,1,1
40211,4,2,3,40211,20828969,20850709,21740,1,0,0,0,0,0,0,2420,1,1
40212,4,2,3,40212,20865558,20887290,21732,1,0,0,0,0,0,0,2420,1,1
40213,4,2,4,40213,20902159,20947772,45613,4,2,1,0,0,0,0,2420,1,1
40214,4,2,4,40214,20962632,20991815,29183,2,1,0,0,0,0,0,2420,1,1
40215,4,2,4,40215,21006671,21100003,93332,10,6,3,0,0,0,0,2420,1,1
40216,4,2,3,40216,21114853,21144070,29217,2,1,0,0,0,0,0,2420,1,1
40217,4,2,2,40217,21158923,21222522,63599,6,3,1,0,1,0,0,2420,1,1
40218,4,2,0,40218,21237390,21259154,21764,1,0,0,0,0,0,0,2420,1,1
40219,4,2,0,40219,21274006,21295762,21756,1,0,0,0,0,0,0,2420,1,1
40220,4,2,2,40220,21310607,21387502,76895,8,5,2,0,0,0,0,2420,1,1
40221,4,2,2,40221,21402335,21449370,47035,4,1,2,0,0,0,0,2420,1,1
40222,4,2,3,40222,21464250,21612705,148455,17,11,5,0,0,0,0,2420,1,1
40223,4,2,3,40223,21627566,21656758,29192,2,1,0,0,0,0,0,2420,1,1
40224,4,2,4,40224,21671638,21709778,38140,3,1,1,0,0,0,0,2420,1,1
40225,4,2,2,40225,21724631,21841857,117226,13,8,4,0,0,0,0,2420,1,1
40226,4,2,1,40226,21856728,21920112,63384,6,2,3,0,0,0,0,2420,1,1
40227,4,2,4,40227,21934965,21964172,29207,2,1,0,0,0,0,0,2420,1,1
40228,4,2,4,40228,21979017,22042434,63417,6,2,3,0,0,0,0,2420,1,1
40229,4,2,2,40229,22057290,22086510,29220,2,1,0,0,0,0,0,2420,1,1
40230,4,2,2,40230,22101355,22130543,29188,2,1,0,0,0,0,0,2420,1,1
40231,4,2,1,40231,22145411,22167172,21761,1,0,0,0,0,0,0,2420,1,1
40232,4,2,4,40232,22182032,22203777,21745,1,0,0,0,0,0,0,2420,1,1
40233,4,2,1,40233,22218609,22398379,179770,20,9,9,0,1,0,0,2420,1,1
40234,4,2,0,40234,22413246,22473775,60529,6,4,1,0,0,0,0,2420,1,1
40235,4,2,2,40235,22488607,22565476,76869,8,5,2,0,0,0,0,2420,1,1
40236,4,2,4,40236,22580321,22602074,21753,1,0,0,0,0,0,0,2420,1,1
40237,4,2,3,40237,22616927,22638675,21748,1,0,0,0,0,0,0,2420,1,1
40238,4,2,1,40238,22653543,22702034,48491,4,0,3,0,0,0,0,2420,1,1
40239,4,2,0,40239,22716886,22738638,21752,1,0,0,0,0,0,0,2420,1,1
40240,4,2,3,40240,22753487,22775232,21745,1,0,0,0,0,0,0,2420,1,1
40241,4,2,3,40241,22790065,22865477,75412,8,6,1,0,0,0,0,2420,1,1
40242,4,2,3,40242,22880357,22902089,21732,1,0,0,0,0,0,0,2420,1,1
40243,4,2,3,40243,22916957,22963977,47020,4,1,2,0,0,0,0,2420,1,1
40244,4,2,1,40244,22978857,23045430,66573,7,6,0,0,0,0,0,2420,1,1
40245,4,2,1,40245,23060278,23096963,36685,3,2,0,0,0,0,0,2420,1,1
40246,4,2,3,40246,23111808,23141004,29196,2,1,0,0,0,0,0,2420,1,1
40247,4,2,3,40247,23155841,23177573,21732,1,0,0,0,0,0,0,2420,1,1
40248,4,2,0,40248,23192453,23238055,45602,4,2,1,0,0,0,0,2420,1,1
40249,4,2,3,40249,23252908,23289553,36645,3,2,0,0,0,0,0,2420,1,1
40250,4,2,1,40250,23304402,23349977,45575,4,2,1,0,0,0,0,2420,1,1
40251,4,2,4,40251,23364834,23386574,21740,1,0,0,0,0,0,0,2420,1,1
40252,4,2,3,40252,23401418,23542154,140736,15,4,10,0,0,0,0,2420,1,1
40253,4,2,4,40253,23557016,23602597,45581,4,2,1,0,0,0,0,2420,1,1
40254,4,2,3,40254,23617462,23639211,21749,1,0,0,0,0,0,0,2420,1,1
40255,4,2,4,40255,23654067,23729511,75444,7,1,4,0,1,0,0,2420,1,1
40256,4,2,3,40256,23744375,23775063,30688,2,0,1,0,0,0,0,2420,1,1
40257,4,2,0,40257,23789915,23819160,29245,2,1,0,0,0,0,0,2420,1,1
40258,4,2,2,40258,23834024,23872157,38133,3,1,1,0,0,0,0,2420,1,1
40259,4,2,4,40259,23886994,23925120,38126,3,1,1,0,0,0,0,2420,1,1
40260,4,2,3,40260,23939981,24007911,67930,7,5,1,0,0,0,0,2420,1,1
40261,4,2,3,40261,24022767,24120629,97862,11,9,1,0,0,0,0,2420,1,1
40262,4,2,4,40262,24135511,24198937,63426,6,2,3,0,0,0,0,2420,1,1
40263,4,2,2,40263,24213793,24265364,51571,5,4,0,0,0,0,0,2420,1,1
40264,4,2,0,40264,24280220,24348208,67988,7,5,1,0,0,0,0,2420,1,1
40265,4,2,2,40265,24363045,24418986,55941,5,1,3,0,0,0,0,2420,1,1
40266,4,2,2,40266,24433823,24463025,29202,2,1,0,0,0,0,0,2420,1,1
40267,4,2,0,40267,24477877,24508557,30680,2,0,1,0,0,0,0,2420,1,1
40268,4,2,3,40268,24523408,24577931,54523,5,2,2,0,0,0,0,2420,1,1
40269,4,2,2,40269,24592755,24621956,29201,2,1,0,0,0,0,0,2420,1,1
40270,4,2,0,40270,24636816,24658581,21765,1,0,0,0,0,0,0,2420,1,1
40271,4,2,3,40271,24673421,24738332,64911,6,1,4,0,0,0,0,2420,1,1
40272,4,2,4,40272,24753169,24813724,60555,6,4,1,0,0,0,0,2420,1,1
40273,4,2,4,40273,24828564,24874149,45585,4,2,1,0,0,0,0,2420,1,1
40274,4,2,2,40274,24888997,24918202,29205,2,1,0,0,0,0,0,2420,1,1
40275,4,2,2,40275,24933031,24963689,30658,2,0,1,0,0,0,0,2420,1,1
40276,4,2,4,40276,24978555,25030134,51579,5,4,0,0,0,0,0,2420,1,1
40277,4,2,1,40277,25044976,25118769,73793,7,1,5,0,0,0,0,2420,1,1
40278,4,2,4,40278,25133626,25180629,47003,4,1,2,0,0,0,0,2420,1,1
40279,4,2,4,40279,25195454,25224655,29201,2,1,0,0,0,0,0,2420,1,1
40280,4,2,0,40280,25239508,25285098,45590,4,2,1,0,0,0,0,2420,1,1
40281,4,2,0,40281,25299919,25339667,39748,3,1,0,0,1,0,0,2420,1,1
40282,4,2,4,40282,25354504,25391171,36667,3,2,0,0,0,0,0,2420,1,1
40283,4,2,4,40283,25405996,25435183,29187,2,1,0,0,0,0,0,2420,1,1
40284,4,2,1,40284,25450035,25558251,108216,12,8,3,0,0,0,0,2420,1,1
40285,4,2,0,40285,25573076,25611202,38126,3,1,1,0,0,0,0,2420,1,1
40286,4,2,3,40286,25626039,25686572,60533,6,4,1,0,0,0,0,2420,1,1
40287,4,2,0,40287,25701393,25730623,29230,2,1,0,0,0,0,0,2420,1,1
40288,4,2,1,40288,25745479,25774680,29201,2,1,0,0,0,0,0,2420,1,1
40289,4,2,0,40289,25789501,25888849,99348,11,8,2,0,0,0,0,2420,1,1
40290,4,2,1,40290,25903688,26011896,108208,12,8,3,0,0,0,0,2420,1,1
40291,4,2,0,40291,26026723,26055925,29202,2,1,0,0,0,0,0,2420,1,1
40292,4,2,2,40292,26070758,26116350,45592,4,2,1,0,0,0,0,2420,1,1
40293,4,2,4,40293,26131171,26179674,48503,4,0,3,0,0,0,0,2420,1,1
40294,4,2,0,40294,26194526,26289289,94763,10,5,4,0,0,0,0,2420,1,1
40295,4,2,0,40295,26304135,26349736,45601,4,2,1,0,0,0,0,2420,1,1
40296,4,2,1,40296,26364578,26419096,54518,5,2,2,0,0,0,0,2420,1,1
40297,4,2,4,40297,26433921,26455661,21740,1,0,0,0,0,0,0,2420,1,1
40298,4,2,4,40298,26470494,26547344,76850,8,5,2,0,0,0,0,2420,1,1
40299,4,2,4,40299,26562185,26591377,29192,2,1,0,0,0,0,0,2420,1,1
40300,4,2,2,40300,26606214,26729328,123114,14,10,3,0,0,0,0,2420,1,1
40301,4,2,4,40301,26744177,26797269,53092,5,3,1,0,0,0,0,2420,1,1
40302,4,2,0,40302,26812118,26857713,45595,4,2,1,0,0,0,0,2420,1,1
40303,4,2,0,40303,26872553,26928537,55984,5,1,3,0,0,0,0,2420,1,1
40304,4,2,2,40304,26943373,26965122,21749,1,0,0,0,0,0,0,2420,1,1
40305,4,2,0,40305,26979943,27070364,90421,10,8,1,0,0,0,0,2420,1,1
40306,4,2,4,40306,27085219,27115877,30658,2,0,1,0,0,0,0,2420,1,1
40307,4,2,2,40307,27130697,27219405,88708,9,3,5,0,0,0,0,2420,1,1
40308,4,2,1,40308,27234261,27264925,30664,2,0,1,0,0,0,0,2420,1,1
40309,4,2,3,40309,27279762,27310419,30657,2,0,1,0,0,0,0,2420,1,1
40310,4,2,3,40310,27325256,27449823,124567,14,9,4,0,0,0,0,2420,1,1
40311,4,2,0,40311,27464688,27502861,38173,3,1,1,0,0,0,0,2420,1,1
40312,4,2,0,40312,27517710,27572238,54528,5,2,2,0,0,0,0,2420,1,1
40313,4,2,3,40313,27587063,27608807,21744,1,0,0,0,0,0,0,2420,1,1
40314,4,2,0,40314,27623644,27645408,21764,1,0,0,0,0,0,0,2420,1,1
40315,4,2,4,40315,27660248,27714733,54485,5,2,2,0,0,0,0,2420,1,1
40316,4,2,3,40316,27729566,27751314,21748,1,0,0,0,0,0,0,2420,1,1
40317,4,2,2,40317,27766159,27884716,118557,13,7,5,0,0,0,0,2420,1,1
40318,4,2,2,40318,27899572,27970494,70922,7,3,3,0,0,0,0,2420,1,1
40319,4,2,4,40319,27985350,28048785,63435,6,2,3,0,0,0,0,2420,1,1
40320,4,2,1,40320,28063638,28134542,70904,7,3,3,0,0,0,0,2420,1,1
40321,4,2,2,40321,28149384,28171128,21744,1,0,0,0,0,0,0,2420,1,1
40322,4,2,4,40322,28185965,28316679,130714,15,11,3,0,0,0,0,2420,1,1
40323,4,2,4,40323,28331520,28371063,39543,3,0,2,0,0,0,0,2420,1,1
40324,4,2,2,40324,28385920,28422595,36675,3,2,0,0,0,0,0,2420,1,1
40325,4,2,0,40325,28437420,28509792,72372,7,2,4,0,0,0,0,2420,1,1
40326,4,2,3,40326,28524645,28562762,38117,3,1,1,0,0,0,0,2420,1,1
40327,4,2,0,40327,28577582,28649934,72352,7,2,4,0,0,0,0,2420,1,1
40328,4,2,1,40328,28664795,28719266,54471,5,2,2,0,0,0,0,2420,1,1
40329,4,2,1,40329,28734091,28770758,36667,3,2,0,0,0,0,0,2420,1,1
40330,4,2,3,40330,28785594,28807334,21740,1,0,0,0,0,0,0,2420,1,1
40331,4,2,0,40331,28822155,28852851,30696,2,0,1,0,0,0,0,2420,1,1
40332,4,2,2,40332,28867703,28889451,21748,1,0,0,0,0,0,0,2420,1,1
40333,4,2,0,40333,28904277,28926040,21763,1,0,0,0,0,0,0,2420,1,1
40334,4,2,2,40334,28940888,29034223,93335,10,6,3,0,0,0,0,2420,1,1
40335,4,2,2,40335,29049045,29078241,29196,2,1,0,0,0,0,0,2420,1,1
40336,4,2,2,40336,29093109,29147597,54488,5,2,2,0,0,0,0,2420,1,1
40337,4,2,3,40337,29162449,29202016,39567,3,0,2,0,0,0,0,2420,1,1
40338,4,2,2,40338,29216871,29296702,79831,8,3,4,0,0,0,0,2420,1,1
40339,4,2,3,40339,29311546,29357135,45589,4,2,1,0,0,0,0,2420,1,1
40340,4,2,3,40340,29371987,29402622,30635,2,0,1,0,0,0,0,2420,1,1
40341,4,2,4,40341,29417482,29455589,38107,3,1,1,0,0,0,0,2420,1,1
40342,4,2,2,40342,29470438,29539913,69475,7,4,2,0,0,0,0,2420,1,1
40343,4,2,4,40343,29554758,29658370,103612,11,5,5,0,0,0,0,2420,1,1
40344,4,2,4,40344,29673224,29703867,30643,2,0,1,0,0,0,0,2420,1,1
40345,4,2,3,40345,29718708,29747926,29218,2,1,0,0,0,0,0,2420,1,1
40346,4,2,1,40346,29762762,29815818,53056,5,3,1,0,0,0,0,2420,1,1
40347,4,2,3,40347,29830658,29852398,21740,1,0,0,0,0,0,0,2420,1,1
40348,4,2,1,40348,29867235,29960489,93254,10,6,3,0,0,0,0,2420,1,1
40349,4,2,1,40349,29975336,30013476,38140,3,1,1,0,0,0,0,2420,1,1
40350,4,2,3,40350,30028309,30066420,38111,3,1,1,0,0,0,0,2420,1,1
40351,4,2,4,40351,30081241,30120844,39603,3,0,2,0,0,0,0,2420,1,1
40352,4,2,4,40352,30135701,30182718,47017,4,1,2,0,0,0,0,2420,1,1
40353,4,2,2,40353,30197558,30234258,36700,3,2,0,0,0,0,0,2420,1,1
40354,4,2,0,40354,30249095,30278315,29220,2,1,0,0,0,0,0,2420,1,1
40355,4,2,0,40355,30293153,30407113,113960,12,4,7,0,0,0,0,2420,1,1
40356,4,2,4,40356,30421948,30460087,38139,3,1,1,0,0,0,0,2420,1,1
40357,4,2,0,40357,30474911,30513066,38155,3,1,1,0,0,0,0,2420,1,1
40358,4,2,3,40358,30527919,30574950,47031,4,1,2,0,0,0,0,2420,1,1
40359,4,2,3,40359,30589771,30618966,29195,2,1,0,0,0,0,0,2420,1,1
40360,4,2,3,40360,30633842,30664484,30642,2,0,1,0,0,0,0,2420,1,1
40361,4,2,4,40361,30679336,30724941,45605,4,2,1,0,0,0,0,2420,1,1
40362,4,2,0,40362,30739794,30761553,21759,1,0,0,0,0,0,0,2420,1,1
40363,4,2,3,40363,30776395,30798139,21744,1,0,0,0,0,0,0,2420,1,1
40364,4,2,3,40364,30812976,30851121,38145,3,1,1,0,0,0,0,2420,1,1
40365,4,2,0,40365,30865982,30911593,45611,4,2,1,0,0,0,0,2420,1,1
40366,4,2,0,40366,30926445,30980987,54542,5,2,2,0,0,0,0,2420,1,1
40367,4,2,0,40367,30995812,31071352,75540,8,6,1,0,0,0,0,2420,1,1
40368,4,2,3,40368,31086189,31131757,45568,4,2,1,0,0,0,0,2420,1,1
40369,4,2,1,40369,31146581,31184764,38183,3,1,1,0,0,0,0,2420,1,1
40370,4,2,4,40370,31199616,31252677,53061,5,3,1,0,0,0,0,2420,1,1
40371,4,2,3,40371,31267499,31384635,117136,13,8,4,0,0,0,0,2420,1,1
40372,4,2,2,40372,31399491,31436184,36693,3,2,0,0,0,0,0,2420,1,1
40373,4,2,1,40373,31451024,31472788,21764,1,0,0,0,0,0,0,2420,1,1
40374,4,2,2,40374,31487637,31509381,21744,1,0,0,0,0,0,0,2420,1,1
40375,4,2,2,40375,31524206,31577231,53025,5,3,1,0,0,0,0,2420,1,1
40376,4,2,3,40376,31592096,31679416,87320,9,4,4,0,0,0,0,2420,1,1
40377,4,2,1,40377,31694260,31724931,30671,2,0,1,0,0,0,0,2420,1,1
40378,4,2,1,40378,31739783,31794310,54527,5,2,2,0,0,0,0,2420,1,1
40379,4,2,1,40379,31809130,31854752,45622,4,2,1,0,0,0,0,2420,1,1
40380,4,2,3,40380,31869585,31907681,38096,3,1,1,0,0,0,0,2420,1,1
40381,4,2,2,40381,31922502,31951706,29204,2,1,0,0,0,0,0,2420,1,1
40382,4,2,4,40382,31966566,32035986,69420,7,4,2,0,0,0,0,2420,1,1
40383,4,2,2,40383,32050823,32142650,91827,10,7,2,0,0,0,0,2420,1,1
40384,4,2,2,40384,32157508,32304339,146831,16,6,9,0,0,0,0,2420,1,1
40385,4,2,1,40385,32319194,32406496,87302,9,4,4,0,0,0,0,2420,1,1
40386,4,2,1,40386,32421345,32492243,70898,7,3,3,0,0,0,0,2420,1,1
40387,4,2,4,40387,32507067,32554114,47047,4,1,2,0,0,0,0,2420,1,1
40388,4,2,4,40388,32568947,32607069,38122,3,1,1,0,0,0,0,2420,1,1
40389,4,2,3,40389,32621909,32651119,29210,2,1,0,0,0,0,0,2420,1,1
40390,4,2,4,40390,32665956,32711552,45596,4,2,1,0,0,0,0,2420,1,1
40391,4,2,1,40391,32726396,32755604,29208,2,1,0,0,0,0,0,2420,1,1
40392,4,2,1,40392,32770456,32792204,21748,1,0,0,0,0,0,0,2420,1,1
40393,4,2,4,40393,32807029,32828769,21740,1,0,0,0,0,0,0,2420,1,1
40394,4,2,3,40394,32843606,32881726,38120,3,1,1,0,0,0,0,2420,1,1
40395,4,2,4,40395,32896570,32942188,45618,4,2,1,0,0,0,0,2420,1,1
40396,4,2,3,40396,32957040,33074174,117134,13,8,4,0,0,0,0,2420,1,1
40397,4,2,0,40397,33089017,33118241,29224,2,1,0,0,0,0,0,2420,1,1
40398,4,2,3,40398,33133093,33181589,48496,4,0,3,0,0,0,0,2420,1,1
40399,4,2,1,40399,33196413,33233114,36701,3,2,0,0,0,0,0,2420,1,1
40400,4,2,0,40400,33247967,33269719,21752,1,0,0,0,0,0,0,2420,1,1
40401,4,2,2,40401,33284545,33313746,29201,2,1,0,0,0,0,0,2420,1,1
40402,4,2,1,40402,33328579,33357787,29208,2,1,0,0,0,0,0,2420,1,1
40403,4,2,1,40403,33372624,33483774,111150,12,6,5,0,0,0,0,2420,1,1
40404,4,2,2,40404,33498611,33596408,97797,10,4,4,0,1,0,0,2420,1,1
40405,4,2,2,40405,33611230,33738751,127521,14,7,6,0,0,0,0,2420,1,1
40406,4,2,2,40406,33753622,33782821,29199,2,1,0,0,0,0,0,2420,1,1
40407,4,2,4,40407,33797674,33876053,78379,8,4,3,0,0,0,0,2420,1,1
40408,4,2,4,40408,33890902,33920093,29191,2,1,0,0,0,0,0,2420,1,1
40409,4,2,4,40409,33934938,33993998,59060,6,5,0,0,0,0,0,2420,1,1
40410,4,2,1,40410,34008831,34030591,21760,1,0,0,0,0,0,0,2420,1,1
40411,4,2,0,40411,34045436,34074644,29208,2,1,0,0,0,0,0,2420,1,1
40412,4,2,0,40412,34089478,34136518,47040,4,1,2,0,0,0,0,2420,1,1
40413,4,2,4,40413,34151339,34173088,21749,1,0,0,0,0,0,0,2420,1,1
40414,4,2,0,40414,34187921,34226077,38156,3,1,1,0,0,0,0,2420,1,1
40415,4,2,0,40415,34240918,34302907,61989,6,3,2,0,0,0,0,2420,1,1
40416,4,2,0,40416,34317739,34346961,29222,2,1,0,0,0,0,0,2420,1,1
40417,4,2,3,40417,34361781,34437221,75440,8,6,1,0,0,0,0,2420,1,1
40418,4,2,0,40418,34452054,34557155,105101,11,4,6,0,0,0,0,2420,1,1
40419,4,2,1,40419,34571998,34593754,21756,1,0,0,0,0,0,0,2420,1,1
40420,4,2,4,40420,34608587,34655650,47063,4,1,2,0,0,0,0,2420,1,1
40421,4,2,0,40421,34670471,34707185,36714,3,2,0,0,0,0,0,2420,1,1
40422,4,2,2,40422,34722038,34833312,111274,12,7,3,0,1,0,0,2420,1,1
40423,4,2,0,40423,34848136,34877372,29236,2,1,0,0,0,0,0,2420,1,1
40424,4,2,2,40424,34892225,34936394,44169,4,3,0,0,0,0,0,2420,1,1
40425,4,2,2,40425,34951215,34987907,36692,3,2,0,0,0,0,0,2420,1,1
40426,4,2,3,40426,35002776,35031986,29210,2,1,0,0,0,0,0,2420,1,1
40427,4,2,2,40427,35046830,35099920,53090,5,3,1,0,0,0,0,2420,1,1
40428,4,2,2,40428,35114781,35181335,66554,7,6,0,0,0,0,0,2420,1,1
40429,4,2,2,40429,35196192,35277434,81242,8,2,5,0,0,0,0,2420,1,1
40430,4,2,3,40430,35292301,35331883,39582,3,0,2,0,0,0,0,2420,1,1
40431,4,2,2,40431,35346727,35383387,36660,3,2,0,0,0,0,0,2420,1,1
40432,4,2,1,40432,35398243,35461704,63461,6,2,3,0,0,0,0,2420,1,1
40433,4,2,2,40433,35476546,35498290,21744,1,0,0,0,0,0,0,2420,1,1
40434,4,2,1,40434,35513125,35592944,79819,8,3,4,0,0,0,0,2420,1,1
40435,4,2,3,40435,35607781,35629522,21741,1,0,0,0,0,0,0,2420,1,1
40436,4,2,2,40436,35644359,35675035,30676,2,0,1,0,0,0,0,2420,1,1
40437,4,2,1,40437,35689879,35760767,70888,7,3,3,0,0,0,0,2420,1,1
40438,4,2,0,40438,35775620,35797371,21751,1,0,0,0,0,0,0,2420,1,1
40439,4,2,4,40439,35812191,35841387,29196,2,1,0,0,0,0,0,2420,1,1
40440,4,2,2,40440,35856224,35885431,29207,2,1,0,0,0,0,0,2420,1,1
40441,4,2,2,40441,35900271,35938390,38119,3,1,1,0,0,0,0,2420,1,1
40442,4,2,4,40442,35953258,36047961,94703,10,5,4,0,0,0,0,2420,1,1
40443,4,2,4,40443,36062803,36084536,21733,1,0,0,0,0,0,0,2420,1,1
40444,4,2,1,40444,36099389,36128616,29227,2,1,0,0,0,0,0,2420,1,1
40445,4,2,3,40445,36143441,36206870,63429,6,2,3,0,0,0,0,2420,1,1
40446,4,2,3,40446,36221703,36277637,55934,5,1,3,0,0,0,0,2420,1,1
40447,4,2,4,40447,36292493,36338074,45581,4,2,1,0,0,0,0,2420,1,1
40448,4,2,1,40448,36352927,36404532,51605,5,4,0,0,0,0,0,2420,1,1
40449,4,2,3,40449,36419373,36457501,38128,3,1,1,0,0,0,0,2420,1,1
40450,4,2,1,40450,36472333,36501570,29237,2,1,0,0,0,0,0,2420,1,1
40451,4,2,0,40451,36516414,36547106,30692,2,0,1,0,0,0,0,2420,1,1
40452,4,2,3,40452,36561939,36600050,38111,3,1,1,0,0,0,0,2420,1,1
40453,4,2,3,40453,36614875,36651542,36667,3,2,0,0,0,0,0,2420,1,1
40454,4,2,4,40454,36666415,36688163,21748,1,0,0,0,0,0,0,2420,1,1
40455,4,2,0,40455,36703003,36750070,47067,4,1,2,0,0,0,0,2420,1,1
40456,4,2,2,40456,36764931,36794158,29227,2,1,0,0,0,0,0,2420,1,1
40457,4,2,0,40457,36808979,36839682,30703,2,0,1,0,0,0,0,2420,1,1
40458,4,2,3,40458,36854535,36892653,38118,3,1,1,0,0,0,0,2420,1,1
40459,4,2,4,40459,36907478,37045393,137915,15,6,8,0,0,0,0,2420,1,1
40460,4,2,4,40460,37060249,37156414,96165,10,4,5,0,0,0,0,2420,1,1
40461,4,2,1,40461,37171252,37230304,59052,6,5,0,0,0,0,0,2420,1,1
40462,4,2,2,40462,37245145,37296751,51606,5,4,0,0,0,0,0,2420,1,1
40463,4,2,2,40463,37311572,37333316,21744,1,0,0,0,0,0,0,2420,1,1
40464,4,2,3,40464,37348180,37410323,62143,6,4,0,0,1,0,0,2420,1,1
40465,4,2,1,40465,37425169,37472249,47080,4,1,2,0,0,0,0,2420,1,1
40466,4,2,2,40466,37487105,37541626,54521,5,2,2,0,0,0,0,2420,1,1
40467,4,2,4,40467,37556451,37585681,29230,2,1,0,0,0,0,0,2420,1,1
40468,4,2,4,40468,37600531,37622263,21732,1,0,0,0,0,0,0,2420,1,1
40469,4,2,1,40469,37637107,37684144,47037,4,1,2,0,0,0,0,2420,1,1
40470,4,2,3,40470,37698977,37738542,39565,3,0,2,0,0,0,0,2420,1,1
40471,4,2,0,40471,37753367,37839230,85863,9,5,3,0,0,0,0,2420,1,1
40472,4,2,0,40472,37854087,37907128,53041,5,3,1,0,0,0,0,2420,1,1
40473,4,2,2,40473,37921949,37975004,53055,5,3,1,0,0,0,0,2420,1,1
40474,4,2,4,40474,37989837,38027978,38141,3,1,1,0,0,0,0,2420,1,1
40475,4,2,1,40475,38042818,38151017,108199,12,8,3,0,0,0,0,2420,1,1
40476,4,2,1,40476,38165877,38211461,45584,4,2,1,0,0,0,0,2420,1,1
40477,4,2,2,40477,38226285,38255503,29218,2,1,0,0,0,0,0,2420,1,1
40478,4,2,2,40478,38270337,38299526,29189,2,1,0,0,0,0,0,2420,1,1
40479,4,2,2,40479,38314384,38351033,36649,3,2,0,0,0,0,0,2420,1,1
40480,4,2,2,40480,38365902,38436778,70876,7,3,3,0,0,0,0,2420,1,1
40481,4,2,2,40481,38451630,38491185,39555,3,0,2,0,0,0,0,2420,1,1
40482,4,2,0,40482,38506053,38527817,21764,1,0,0,0,0,0,0,2420,1,1
40483,4,2,1,40483,38542653,38641933,99280,11,8,2,0,0,0,0,2420,1,1
40484,4,2,3,40484,38656771,38693447,36676,3,2,0,0,0,0,0,2420,1,1
40485,4,2,3,40485,38708268,38752352,44084,4,3,0,0,0,0,0,2420,1,1
40486,4,2,3,40486,38767224,38854491,87267,9,4,4,0,0,0,0,2420,1,1
40487,4,2,0,40487,38869344,38898592,29248,2,1,0,0,0,0,0,2420,1,1
40488,4,2,4,40488,38913452,39011303,97851,11,9,1,0,0,0,0,2420,1,1
40489,4,2,3,40489,39026129,39055330,29201,2,1,0,0,0,0,0,2420,1,1
40490,4,2,4,40490,39070183,39130681,60498,6,4,1,0,0,0,0,2420,1,1
40491,4,2,4,40491,39145522,39274633,129111,14,7,5,0,1,0,0,2420,1,1
40492,4,2,3,40492,39289489,39311222,21733,1,0,0,0,0,0,0,2420,1,1
40493,4,2,2,40493,39326047,39347799,21752,1,0,0,0,0,0,0,2420,1,1
40494,4,2,2,40494,39362655,39393318,30663,2,0,1,0,0,0,0,2420,1,1
40495,4,2,2,40495,39408170,39446307,38137,3,1,1,0,0,0,0,2420,1,1
40496,4,2,0,40496,39461172,39622902,161730,18,8,9,0,0,0,0,2420,1,1
40497,4,2,4,40497,39637743,39666956,29213,2,1,0,0,0,0,0,2420,1,1
40498,4,2,1,40498,39681790,39749724,67934,7,5,1,0,0,0,0,2420,1,1
40499,4,2,2,40499,39764569,39795247,30678,2,0,1,0,0,0,0,2420,1,1
40500,4,2,1,40500,39810080,39839288,29208,2,1,0,0,0,0,0,2420,1,1
40501,4,2,1,40501,39854128,39898277,44149,4,3,0,0,0,0,0,2420,1,1
40502,4,2,0,40502,39913113,39949789,36676,3,2,0,0,0,0,0,2420,1,1
40503,4,2,0,40503,39964614,39993824,29210,2,1,0,0,0,0,0,2420,1,1
40504,4,2,4,40504,40008658,40046790,38132,3,1,1,0,0,0,0,2420,1,1
40505,4,2,0,40505,40061611,40184525,122914,13,4,8,0,0,0,0,2420,1,1
40506,4,2,4,40506,40199381,40277723,78342,8,4,3,0,0,0,0,2420,1,1
40507,4,2,3,40507,40292545,40321754,29209,2,1,0,0,0,0,0,2420,1,1
40508,4,2,3,40508,40336611,40388146,51535,5,4,0,0,0,0,0,2420,1,1
40509,4,2,3,40509,40403002,40448585,45583,4,2,1,0,0,0,0,2420,1,1
40510,4,2,3,40510,40463458,40494094,30636,2,0,1,0,0,0,0,2420,1,1
40511,4,2,0,40511,40508946,40588728,79782,8,3,4,0,0,0,0,2420,1,1
40512,4,2,4,40512,40603585,40640271,36686,3,2,0,0,0,0,0,2420,1,1
40513,4,2,2,40513,40655096,40685784,30688,2,0,1,0,0,0,0,2420,1,1
40514,4,2,2,40514,40700636,40753696,53060,5,3,1,0,0,0,0,2420,1,1
40515,4,2,2,40515,40768548,40806664,38116,3,1,1,0,0,0,0,2420,1,1
40516,4,2,3,40516,40821528,40876040,54512,5,2,2,0,0,0,0,2420,1,1
40517,4,2,0,40517,40890882,40921565,30683,2,0,1,0,0,0,0,2420,1,1
40518,4,2,4,40518,40936422,40973137,36715,3,2,0,0,0,0,0,2420,1,1
40519,4,2,1,40519,40987959,41024659,36700,3,2,0,0,0,0,0,2420,1,1
40520,4,2,1,40520,41039516,41152247,112731,12,6,4,0,1,0,0,2420,1,1
40521,4,2,0,40521,41167075,41235053,67978,7,5,1,0,0,0,0,2420,1,1
40522,4,2,2,40522,41249885,41271633,21748,1,0,0,0,0,0,0,2420,1,1
40523,4,2,0,40523,41286458,41317159,30701,2,0,1,0,0,0,0,2420,1,1
40524,4,2,3,40524,41332007,41438576,106569,11,3,7,0,0,0,0,2420,1,1
40525,4,2,1,40525,41453403,41482635,29232,2,1,0,0,0,0,0,2420,1,1
40526,4,2,1,40526,41497492,41543057,45565,4,2,1,0,0,0,0,2420,1,1
40527,4,2,4,40527,41557878,41627312,69434,7,4,2,0,0,0,0,2420,1,1
40528,4,2,1,40528,41642145,41695236,53091,5,3,1,0,0,0,0,2420,1,1
40529,4,2,3,40529,41710077,41754218,44141,4,3,0,0,0,0,0,2420,1,1
40530,4,2,0,40530,41769052,41790815,21763,1,0,0,0,0,0,0,2420,1,1
40531,4,2,1,40531,41805660,41836315,30655,2,0,1,0,0,0,0,2420,1,1
40532,4,2,3,40532,41851149,41920646,69497,7,4,2,0,0,0,0,2420,1,1
40533,4,2,4,40533,41935470,41957218,21748,1,0,0,0,0,0,0,2420,1,1
40534,4,2,1,40534,41972071,42008762,36691,3,2,0,0,0,0,0,2420,1,1
40535,4,2,0,40535,42023603,42045355,21752,1,0,0,0,0,0,0,2420,1,1
40536,4,2,1,40536,42060188,42081940,21752,1,0,0,0,0,0,0,2420,1,1
40537,4,2,4,40537,42096764,42192898,96134,10,4,5,0,0,0,0,2420,1,1
40538,4,2,4,40538,42207733,42229466,21733,1,0,0,0,0,0,0,2420,1,1
40539,4,2,1,40539,42244311,42346485,102174,11,6,4,0,0,0,0,2420,1,1
40540,4,2,2,40540,42361321,42424760,63439,6,2,3,0,0,0,0,2420,1,1
40541,4,2,2,40541,42439581,42495532,55951,5,1,3,0,0,0,0,2420,1,1
40542,4,2,4,40542,42510397,42562040,51643,5,4,0,0,0,0,0,2420,1,1
40543,4,2,0,40543,42576880,42613568,36688,3,2,0,0,0,0,0,2420,1,1
40544,4,2,2,40544,42628421,42657651,29230,2,1,0,0,0,0,0,2420,1,1
40545,4,2,1,40545,42672472,42694235,21763,1,0,0,0,0,0,0,2420,1,1
40546,4,2,2,40546,42709084,42754696,45612,4,2,1,0,0,0,0,2420,1,1
40547,4,2,0,40547,42769517,42815137,45620,4,2,1,0,0,0,0,2420,1,1
40548,4,2,0,40548,42829986,42860660,30674,2,0,1,0,0,0,0,2420,1,1
40549,4,2,4,40549,42875485,42897229,21744,1,0,0,0,0,0,0,2420,1,1
40550,4,2,0,40550,42912062,42941299,29237,2,1,0,0,0,0,0,2420,1,1
40551,4,2,0,40551,42956143,43003179,47036,4,1,2,0,0,0,0,2420,1,1
40552,4,2,1,40552,43018016,43047230,29214,2,1,0,0,0,0,0,2420,1,1
40553,4,2,3,40553,43062051,43098737,36686,3,2,0,0,0,0,0,2420,1,1
40554,4,2,4,40554,43113575,43135323,21748,1,0,0,0,0,0,0,2420,1,1
40555,4,2,2,40555,43150164,43171916,21752,1,0,0,0,0,0,0,2420,1,1
40556,4,2,2,40556,43186770,43215960,29190,2,1,0,0,0,0,0,2420,1,1
40557,4,2,2,40557,43230813,43301688,70875,7,3,3,0,0,0,0,2420,1,1
40558,4,2,4,40558,43316557,43377109,60552,6,4,1,0,0,0,0,2420,1,1
40559,4,2,2,40559,43391946,43439005,47059,4,1,2,0,0,0,0,2420,1,1
40560,4,2,1,40560,43453861,43475621,21760,1,0,0,0,0,0,0,2420,1,1
40561,4,2,2,40561,43490457,43512201,21744,1,0,0,0,0,0,0,2420,1,1
40562,4,2,2,40562,43527038,43548779,21741,1,0,0,0,0,0,0,2420,1,1
40563,4,2,2,40563,43563637,43600326,36689,3,2,0,0,0,0,0,2420,1,1
40564,4,2,4,40564,43615194,43636946,21752,1,0,0,0,0,0,0,2420,1,1
40565,4,2,1,40565,43651783,43673547,21764,1,0,0,0,0,0,0,2420,1,1
40566,4,2,1,40566,43688400,43710148,21748,1,0,0,0,0,0,0,2420,1,1
40567,4,2,0,40567,43724974,43769114,44140,4,3,0,0,0,0,0,2420,1,1
40568,4,2,2,40568,43783951,43823524,39573,3,0,2,0,0,0,0,2420,1,1
40569,4,2,2,40569,43838345,43898865,60520,6,4,1,0,0,0,0,2420,1,1
40570,4,2,2,40570,43913733,43950395,36662,3,2,0,0,0,0,0,2420,1,1
40571,4,2,0,40571,43965252,44049677,84425,9,6,2,0,0,0,0,2420,1,1
40572,4,2,2,40572,44064529,44111603,47074,4,1,2,0,0,0,0,2420,1,1
40573,4,2,4,40573,44126428,44157096,30668,2,0,1,0,0,0,0,2420,1,1
40574,4,2,3,40574,44171944,44265231,93287,10,6,3,0,0,0,0,2420,1,1
40575,4,2,2,40575,44280073,44319660,39587,3,0,2,0,0,0,0,2420,1,1
40576,4,2,0,40576,44334516,44356280,21764,1,0,0,0,0,0,0,2420,1,1
40577,4,2,3,40577,44371117,44465896,94779,10,5,4,0,0,0,0,2420,1,1
40578,4,2,1,40578,44480731,44502491,21760,1,0,0,0,0,0,0,2420,1,1
40579,4,2,1,40579,44517335,44555451,38116,3,1,1,0,0,0,0,2420,1,1
40580,4,2,1,40580,44570284,44592032,21748,1,0,0,0,0,0,0,2420,1,1
40581,4,2,2,40581,44606857,44653927,47070,4,1,2,0,0,0,0,2420,1,1
40582,4,2,1,40582,44668760,44690520,21760,1,0,0,0,0,0,0,2420,1,1
40583,4,2,2,40583,44705361,44742038,36677,3,2,0,0,0,0,0,2420,1,1
40584,4,2,3,40584,44756878,44841260,84382,9,6,2,0,0,0,0,2420,1,1
40585,4,2,3,40585,44856105,44901674,45569,4,2,1,0,0,0,0,2420,1,1
40586,4,2,3,40586,44916546,44938279,21733,1,0,0,0,0,0,0,2420,1,1
40587,4,2,2,40587,44953133,45007632,54499,5,2,2,0,0,0,0,2420,1,1
40588,4,2,4,40588,45022490,45124654,102164,11,6,4,0,0,0,0,2420,1,1
40589,4,2,0,40589,45139493,45177649,38156,3,1,1,0,0,0,0,2420,1,1
40590,4,2,1,40590,45192502,45248478,55976,5,1,3,0,0,0,0,2420,1,1
40591,4,2,4,40591,45263303,45340165,76862,8,5,2,0,0,0,0,2420,1,1
40592,4,2,1,40592,45355002,45416985,61983,6,3,2,0,0,0,0,2420,1,1
40593,4,2,4,40593,45431827,45477425,45598,4,2,1,0,0,0,0,2420,1,1
40594,4,2,4,40594,45492258,45546722,54464,5,2,2,0,0,0,0,2420,1,1
40595,4,2,2,40595,45561563,45608612,47049,4,1,2,0,0,0,0,2420,1,1
40596,4,2,3,40596,45623449,45670501,47052,4,1,2,0,0,0,0,2420,1,1
40597,4,2,3,40597,45685346,45714534,29188,2,1,0,0,0,0,0,2420,1,1
40598,4,2,0,40598,45729401,45751161,21760,1,0,0,0,0,0,0,2420,1,1
40599,4,2,3,40599,45766003,45819055,53052,5,3,1,0,0,0,0,2420,1,1
40600,4,2,2,40600,45833892,45863112,29220,2,1,0,0,0,0,0,2420,1,1
40601,4,2,2,40601,45877956,45908622,30666,2,0,1,0,0,0,0,2420,1,1
40602,4,2,3,40602,45923490,45969071,45581,4,2,1,0,0,0,0,2420,1,1
40603,4,2,3,40603,45983915,46039867,55952,5,1,3,0,0,0,0,2420,1,1
40604,4,2,2,40604,46054739,46076488,21749,1,0,0,0,0,0,0,2420,1,1
40605,4,2,2,40605,46091329,46135492,44163,4,3,0,0,0,0,0,2420,1,1
40606,4,2,3,40606,46150357,46218328,67971,7,5,1,0,0,0,0,2420,1,1
40607,4,2,0,40607,46233169,46272768,39599,3,0,2,0,0,0,0,2420,1,1
40608,4,2,1,40608,46287621,46360032,72411,7,2,4,0,0,0,0,2420,1,1
40609,4,2,0,40609,46374858,46427920,53062,5,3,1,0,0,0,0,2420,1,1
40610,4,2,3,40610,46442755,46525671,82916,9,7,1,0,0,0,0,2420,1,1
40611,4,2,4,40611,46540491,46663388,122897,13,4,8,0,0,0,0,2420,1,1
40612,4,2,1,40612,46678244,46700002,21758,1,0,0,0,0,0,0,2420,1,1
40613,4,2,4,40613,46714842,46769320,54478,5,2,2,0,0,0,0,2420,1,1
40614,4,2,2,40614,46784157,46822291,38134,3,1,1,0,0,0,0,2420,1,1
40615,4,2,4,40615,46837136,46858888,21752,1,0,0,0,0,0,0,2420,1,1
40616,4,2,0,40616,46873745,47028115,154370,17,8,7,0,1,0,0,2420,1,1
40617,4,2,4,40617,47042962,47072175,29213,2,1,0,0,0,0,0,2420,1,1
40618,4,2,4,40618,47087011,47174287,87276,9,4,4,0,0,0,0,2420,1,1
40619,4,2,1,40619,47189127,47210868,21741,1,0,0,0,0,0,0,2420,1,1
40620,4,2,2,40620,47225705,47286220,60515,6,4,1,0,0,0,0,2420,1,1
40621,4,2,3,40621,47301041,47380811,79770,8,3,4,0,0,0,0,2420,1,1
40622,4,2,2,40622,47395667,47451628,55961,5,1,3,0,0,0,0,2420,1,1
40623,4,2,2,40623,47466477,47512062,45585,4,2,1,0,0,0,0,2420,1,1
40624,4,2,0,40624,47526931,47620199,93268,10,6,3,0,0,0,0,2420,1,1
40625,4,2,3,40625,47635042,47656786,21744,1,0,0,0,0,0,0,2420,1,1
40626,4,2,0,40626,47671619,47693387,21768,1,0,0,0,0,0,0,2420,1,1
40627,4,2,0,40627,47708227,47737459,29232,2,1,0,0,0,0,0,2420,1,1
40628,4,2,2,40628,47752292,47782953,30661,2,0,1,0,0,0,0,2420,1,1
40629,4,2,2,40629,47797774,47834419,36645,3,2,0,0,0,0,0,2420,1,1
40630,4,2,0,40630,47849283,47888866,39583,3,0,2,0,0,0,0,2420,1,1
40631,4,2,4,40631,47903707,47925451,21744,1,0,0,0,0,0,0,2420,1,1
40632,4,2,0,40632,47940284,47970962,30678,2,0,1,0,0,0,0,2420,1,1
40633,4,2,3,40633,47985807,48022481,36674,3,2,0,0,0,0,0,2420,1,1
40634,4,2,2,40634,48037318,48059071,21753,1,0,0,0,0,0,0,2420,1,1
40635,4,2,4,40635,48073919,48129868,55949,5,1,3,0,0,0,0,2420,1,1
40636,4,2,1,40636,48144720,48173959,29239,2,1,0,0,0,0,0,2420,1,1
40637,4,2,1,40637,48188800,48228356,39556,3,0,2,0,0,0,0,2420,1,1
40638,4,2,0,40638,48243189,48336451,93262,10,6,3,0,0,0,0,2420,1,1
40639,4,2,4,40639,48351274,48373022,21748,1,0,0,0,0,0,0,2420,1,1
40640,4,2,3,40640,48387855,48451298,63443,6,2,3,0,0,0,0,2420,1,1
40641,4,2,3,40641,48466143,48529524,63381,6,2,3,0,0,0,0,2420,1,1
40642,4,2,2,40642,48544393,48667337,122944,13,4,8,0,0,0,0,2420,1,1
40643,4,2,0,40643,48682184,48738157,55973,5,1,3,0,0,0,0,2420,1,1
40644,4,2,0,40644,48753009,48891120,138111,16,12,3,0,0,0,0,2420,1,1
40645,4,2,3,40645,48905950,48927694,21744,1,0,0,0,0,0,0,2420,1,1
40646,4,2,1,40646,48942527,49037241,94714,10,5,4,0,0,0,0,2420,1,1
40647,4,2,3,40647,49052084,49115496,63412,6,2,3,0,0,0,0,2420,1,1
40648,4,2,2,40648,49130334,49175942,45608,4,2,1,0,0,0,0,2420,1,1
40649,4,2,0,40649,49190787,49212551,21764,1,0,0,0,0,0,0,2420,1,1
40650,4,2,2,40650,49227403,49287928,60525,6,4,1,0,0,0,0,2420,1,1
40651,4,2,1,40651,49302753,49340898,38145,3,1,1,0,0,0,0,2420,1,1
40652,4,2,0,40652,49355751,49449025,93274,10,6,3,0,0,0,0,2420,1,1
40653,4,2,4,40653,49463852,49591373,127521,14,7,6,0,0,0,0,2420,1,1
40654,4,2,3,40654,49606213,49660738,54525,5,2,2,0,0,0,0,2420,1,1
40655,4,2,1,40655,49675583,49697339,21756,1,0,0,0,0,0,0,2420,1,1
40656,4,2,1,40656,49712188,49765227,53039,5,3,1,0,0,0,0,2420,1,1
40657,4,2,2,40657,49780048,49809267,29219,2,1,0,0,0,0,0,2420,1,1
40658,4,2,4,40658,49824104,49853322,29218,2,1,0,0,0,0,0,2420,1,1
40659,4,2,3,40659,49868159,49940497,72338,7,2,4,0,0,0,0,2420,1,1
40660,4,2,1,40660,49955354,50017357,62003,6,3,2,0,0,0,0,2420,1,1
40661,4,2,3,40661,50032194,50053938,21744,1,0,0,0,0,0,0,2420,1,1
40662,4,2,1,40662,50068772,50090532,21760,1,0,0,0,0,0,0,2420,1,1
40663,4,2,1,40663,50105376,50149549,44173,4,3,0,0,0,0,0,2420,1,1
40664,4,2,1,40664,50164386,50201038,36652,3,2,0,0,0,0,0,2420,1,1
40665,4,2,4,40665,50215863,50280772,64909,6,1,4,0,0,0,0,2420,1,1
40666,4,2,3,40666,50295609,50332295,36686,3,2,0,0,0,0,0,2420,1,1
40667,4,2,3,40667,50347140,50394203,47063,4,1,2,0,0,0,0,2420,1,1
40668,4,2,3,40668,50409068,50445735,36667,3,2,0,0,0,0,0,2420,1,1
40669,4,2,4,40669,50460591,50489826,29235,2,1,0,0,0,0,0,2420,1,1
40670,4,2,0,40670,50504678,50526442,21764,1,0,0,0,0,0,0,2420,1,1
40671,4,2,0,40671,50541283,50649487,108204,12,8,3,0,0,0,0,2420,1,1
40672,4,2,2,40672,50664327,50739815,75488,8,6,1,0,0,0,0,2420,1,1
40673,4,2,1,40673,50754640,50858332,103692,11,5,5,0,0,0,0,2420,1,1
40674,4,2,4,40674,50873184,50911337,38153,3,1,1,0,0,0,0,2420,1,1
40675,4,2,1,40675,50926164,51003135,76971,8,5,2,0,0,0,0,2420,1,1
40676,4,2,3,40676,51017988,51056136,38148,3,1,1,0,0,0,0,2420,1,1
40677,4,2,0,40677,51070957,51109114,38157,3,1,1,0,0,0,0,2420,1,1
40678,4,2,2,40678,51123970,51145719,21749,1,0,0,0,0,0,0,2420,1,1
40679,4,2,2,40679,51160540,51191219,30679,2,0,1,0,0,0,0,2420,1,1
40680,4,2,1,40680,51206092,51287348,81256,8,2,5,0,0,0,0,2420,1,1
40681,4,2,1,40681,51302185,51373060,70875,7,3,3,0,0,0,0,2420,1,1
40682,4,2,1,40682,51387893,51432019,44126,4,3,0,0,0,0,0,2420,1,1
40683,4,2,1,40683,51446844,51501369,54525,5,2,2,0,0,0,0,2420,1,1
40684,4,2,0,40684,51516206,51537958,21752,1,0,0,0,0,0,0,2420,1,1
40685,4,2,3,40685,51552780,51574524,21744,1,0,0,0,0,0,0,2420,1,1
40686,4,2,2,40686,51589357,51611110,21753,1,0,0,0,0,0,0,2420,1,1
40687,4,2,0,40687,51625959,51656629,30670,2,0,1,0,0,0,0,2420,1,1
40688,4,2,1,40688,51671477,51700715,29238,2,1,0,0,0,0,0,2420,1,1
40689,4,2,4,40689,51715540,51770040,54500,5,2,2,0,0,0,0,2420,1,1
40690,4,2,3,40690,51784877,51857213,72336,7,2,4,0,0,0,0,2420,1,1
40691,4,2,1,40691,51872054,51910186,38132,3,1,1,0,0,0,0,2420,1,1
40692,4,2,0,40692,51925039,51946792,21753,1,0,0,0,0,0,0,2420,1,1
40693,4,2,4,40693,51961612,52010113,48501,4,0,3,0,0,0,0,2420,1,1
40694,4,2,0,40694,52024950,52046714,21764,1,0,0,0,0,0,0,2420,1,1
40695,4,2,4,40695,52061555,52092204,30649,2,0,1,0,0,0,0,2420,1,1
40696,4,2,3,40696,52107041,52128789,21748,1,0,0,0,0,0,0,2420,1,1
40697,4,2,1,40697,52143634,52195300,51666,5,4,0,0,0,0,0,2420,1,1
40698,4,2,0,40698,52210149,52246820,36671,3,2,0,0,0,0,0,2420,1,1
40699,4,2,0,40699,52261641,52308690,47049,4,1,2,0,0,0,0,2420,1,1
40700,4,2,2,40700,52323527,52403282,79755,8,3,4,0,0,0,0,2420,1,1
40701,4,2,2,40701,52418103,52488986,70883,7,3,3,0,0,0,0,2420,1,1
40702,4,2,1,40702,52503856,52540546,36690,3,2,0,0,0,0,0,2420,1,1
40703,4,2,3,40703,52555387,52593481,38094,3,1,1,0,0,0,0,2420,1,1
40704,4,2,2,40704,52608314,52630066,21752,1,0,0,0,0,0,0,2420,1,1
40705,4,2,3,40705,52644914,52736733,91819,10,7,2,0,0,0,0,2420,1,1
40706,4,2,1,40706,52751588,52789737,38149,3,1,1,0,0,0,0,2420,1,1
40707,4,2,1,40707,52804583,52897878,93295,10,6,3,0,0,0,0,2420,1,1
40708,4,2,2,40708,52912713,52934461,21748,1,0,0,0,0,0,0,2420,1,1
40709,4,2,2,40709,52949282,52994880,45598,4,2,1,0,0,0,0,2420,1,1
40710,4,2,1,40710,53009744,53031504,21760,1,0,0,0,0,0,0,2420,1,1
40711,4,2,0,40711,53046345,53152884,106539,11,3,7,0,0,0,0,2420,1,1
40712,4,2,2,40712,53167723,53226785,59062,6,5,0,0,0,0,0,2420,1,1
40713,4,2,3,40713,53241607,53296126,54519,5,2,2,0,0,0,0,2420,1,1
40714,4,2,0,40714,53310978,53389354,78376,8,4,3,0,0,0,0,2420,1,1
40715,4,2,2,40715,53404198,53434859,30661,2,0,1,0,0,0,0,2420,1,1
40716,4,2,1,40716,53449692,53511642,61950,6,3,2,0,0,0,0,2420,1,1
40717,4,2,0,40717,53526483,53578064,51581,5,4,0,0,0,0,0,2420,1,1
40718,4,2,0,40718,53592900,53614656,21756,1,0,0,0,0,0,0,2420,1,1
40719,4,2,3,40719,53629477,53694338,64861,6,1,4,0,0,0,0,2420,1,1
40720,4,2,1,40720,53709171,53730931,21760,1,0,0,0,0,0,0,2420,1,1
40721,4,2,1,40721,53745776,53831534,85758,9,5,3,0,0,0,0,2420,1,1
40722,4,2,4,40722,53846372,53877014,30642,2,0,1,0,0,0,0,2420,1,1
40723,4,2,0,40723,53891835,53921076,29241,2,1,0,0,0,0,0,2420,1,1
40724,4,2,0,40724,53935934,53990455,54521,5,2,2,0,0,0,0,2420,1,1
40725,4,2,4,40725,54005280,54061231,55951,5,1,3,0,0,0,0,2420,1,1
40726,4,2,0,40726,54076069,54170840,94771,10,5,4,0,0,0,0,2420,1,1
40727,4,2,3,40727,54185687,54222334,36647,3,2,0,0,0,0,0,2420,1,1
40728,4,2,3,40728,54237171,54308127,70956,7,3,3,0,0,0,0,2420,1,1
40729,4,2,3,40729,54322988,54386384,63396,6,2,3,0,0,0,0,2420,1,1
40730,4,2,4,40730,54401249,54437928,36679,3,2,0,0,0,0,0,2420,1,1
40731,4,2,0,40731,54452773,54474533,21760,1,0,0,0,0,0,0,2420,1,1
40732,4,2,3,40732,54489382,54612595,123213,14,10,3,0,0,0,0,2420,1,1
40733,4,2,0,40733,54627425,54649188,21763,1,0,0,0,0,0,0,2420,1,1
40734,4,2,4,40734,54664045,54720001,55956,5,1,3,0,0,0,0,2420,1,1
40735,4,2,0,40735,54734826,54765521,30695,2,0,1,0,0,0,0,2420,1,1
40736,4,2,2,40736,54780374,54901874,121500,13,5,7,0,0,0,0,2420,1,1
40737,4,2,2,40737,54916702,54945902,29200,2,1,0,0,0,0,0,2420,1,1
40738,4,2,3,40738,54960766,54982514,21748,1,0,0,0,0,0,0,2420,1,1
40739,4,2,4,40739,54997358,55068264,70906,7,3,3,0,0,0,0,2420,1,1
40740,4,2,0,40740,55083117,55130177,47060,4,1,2,0,0,0,0,2420,1,1
40741,4,2,4,40741,55145018,55175678,30660,2,0,1,0,0,0,0,2420,1,1
40742,4,2,0,40742,55190511,55228661,38150,3,1,1,0,0,0,0,2420,1,1
40743,4,2,4,40743,55243505,55304038,60533,6,4,1,0,0,0,0,2420,1,1
40744,4,2,1,40744,55318874,55340634,21760,1,0,0,0,0,0,0,2420,1,1
40745,4,2,3,40745,55355479,55417416,61937,6,3,2,0,0,0,0,2420,1,1
40746,4,2,4,40746,55432249,55491317,59068,6,5,0,0,0,0,0,2420,1,1
40747,4,2,2,40747,55506162,55583030,76868,8,5,2,0,0,0,0,2420,1,1
40748,4,2,3,40748,55597879,55628547,30668,2,0,1,0,0,0,0,2420,1,1
40749,4,2,3,40749,55643392,55665124,21732,1,0,0,0,0,0,0,2420,1,1
40750,4,2,2,40750,55679993,55709202,29209,2,1,0,0,0,0,0,2420,1,1
40751,4,2,0,40751,55724046,55815920,91874,10,7,2,0,0,0,0,2420,1,1
40752,4,2,1,40752,55830771,55877840,47069,4,1,2,0,0,0,0,2420,1,1
40753,4,2,0,40753,55892662,55969563,76901,8,5,2,0,0,0,0,2420,1,1
40754,4,2,1,40754,55984401,56038960,54559,5,2,2,0,0,0,0,2420,1,1
40755,4,2,3,40755,56053785,56084440,30655,2,0,1,0,0,0,0,2420,1,1
40756,4,2,0,40756,56099272,56143450,44178,4,3,0,0,0,0,0,2420,1,1
40757,4,2,0,40757,56158290,56187507,29217,2,1,0,0,0,0,0,2420,1,1
40758,4,2,0,40758,56202344,56249380,47036,4,1,2,0,0,0,0,2420,1,1
40759,4,2,2,40759,56264206,56285953,21747,1,0,0,0,0,0,0,2420,1,1
40760,4,2,3,40760,56300786,56338916,38130,3,1,1,0,0,0,0,2420,1,1
40761,4,2,3,40761,56353760,56409745,55985,5,1,3,0,0,0,0,2420,1,1
40762,4,2,2,40762,56424618,56477673,53055,5,3,1,0,0,0,0,2420,1,1
40763,4,2,3,40763,56492514,56555938,63424,6,2,3,0,0,0,0,2420,1,1
40764,4,2,4,40764,56570791,56601450,30659,2,0,1,0,0,0,0,2420,1,1
40765,4,2,4,40765,56616296,56654383,38087,3,1,1,0,0,0,0,2420,1,1
40766,4,2,3,40766,56669232,56705901,36669,3,2,0,0,0,0,0,2420,1,1
40767,4,2,3,40767,56720725,56742457,21732,1,0,0,0,0,0,0,2420,1,1
40768,4,2,1,40768,56757321,56801451,44130,4,3,0,0,0,0,0,2420,1,1
40769,4,2,0,40769,56816296,56863353,47057,4,1,2,0,0,0,0,2420,1,1
40770,4,2,1,40770,56878186,56958005,79819,8,3,4,0,0,0,0,2420,1,1
40771,4,2,1,40771,56972831,57064652,91821,10,7,2,0,0,0,0,2420,1,1
40772,4,2,4,40772,57079487,57139999,60512,6,4,1,0,0,0,0,2420,1,1
40773,4,2,2,40773,57154825,57231766,76941,8,5,2,0,0,0,0,2420,1,1
40774,4,2,0,40774,57246622,57268386,21764,1,0,0,0,0,0,0,2420,1,1
40775,4,2,3,40775,57283227,57345226,61999,6,3,2,0,0,0,0,2420,1,1
40776,4,2,3,40776,57360062,57469763,109701,12,7,4,0,0,0,0,2420,1,1
40777,4,2,4,40777,57484627,57548041,63414,6,2,3,0,0,0,0,2420,1,1
40778,4,2,2,40778,57562894,57592096,29202,2,1,0,0,0,0,0,2420,1,1
40779,4,2,4,40779,57606941,57752291,145350,16,7,8,0,0,0,0,2420,1,1
40780,4,2,1,40780,57767147,57796365,29218,2,1,0,0,0,0,0,2420,1,1
40781,4,2,1,40781,57811205,57864212,53007,5,3,1,0,0,0,0,2420,1,1
40782,4,2,3,40782,57879045,57900785,21740,1,0,0,0,0,0,0,2420,1,1
40783,4,2,1,40783,57915611,57953760,38149,3,1,1,0,0,0,0,2420,1,1
40784,4,2,4,40784,57968613,58006747,38134,3,1,1,0,0,0,0,2420,1,1
40785,4,2,3,40785,58021568,58084989,63421,6,2,3,0,0,0,0,2420,1,1
40786,4,2,0,40786,58099842,58130522,30680,2,0,1,0,0,0,0,2420,1,1
40787,4,2,1,40787,58145364,58167116,21752,1,0,0,0,0,0,0,2420,1,1
40788,4,2,1,40788,58181949,58252886,70937,7,3,3,0,0,0,0,2420,1,1
40789,4,2,3,40789,58267708,58307316,39608,3,0,2,0,0,0,0,2420,1,1
40790,4,2,3,40790,58322149,58351341,29192,2,1,0,0,0,0,0,2420,1,1
40791,4,2,3,40791,58366201,58414676,48475,4,0,3,0,0,0,0,2420,1,1
40792,4,2,3,40792,58429541,58451273,21732,1,0,0,0,0,0,0,2420,1,1
40793,4,2,0,40793,58466133,58502808,36675,3,2,0,0,0,0,0,2420,1,1
40794,4,2,2,40794,58517657,58548318,30661,2,0,1,0,0,0,0,2420,1,1
40795,4,2,4,40795,58563141,58712971,149830,17,10,6,0,0,0,0,2420,1,1
40796,4,2,2,40796,58727824,58782327,54503,5,2,2,0,0,0,0,2420,1,1
40797,4,2,3,40797,58797172,58827831,30659,2,0,1,0,0,0,0,2420,1,1
40798,4,2,3,40798,58842684,58873330,30646,2,0,1,0,0,0,0,2420,1,1
40799,4,2,1,40799,58888186,58909942,21756,1,0,0,0,0,0,0,2420,1,1
40800,4,2,3,40800,58924795,58955444,30649,2,0,1,0,0,0,0,2420,1,1
40801,4,2,0,40801,58970265,59008400,38135,3,1,1,0,0,0,0,2420,1,1
40802,4,2,1,40802,59023257,59092660,69403,7,4,2,0,0,0,0,2420,1,1
40803,4,2,0,40803,59107485,59169482,61997,6,3,2,0,0,0,0,2420,1,1
40804,4,2,4,40804,59184319,59238808,54489,5,2,2,0,0,0,0,2420,1,1
40805,4,2,0,40805,59253634,59282846,29212,2,1,0,0,0,0,0,2420,1,1
40806,4,2,4,40806,59297699,59326916,29217,2,1,0,0,0,0,0,2420,1,1
40807,4,2,3,40807,59341738,59449961,108223,12,8,3,0,0,0,0,2420,1,1
40808,4,2,2,40808,59464825,59494059,29234,2,1,0,0,0,0,0,2420,1,1
40809,4,2,3,40809,59508901,59545560,36659,3,2,0,0,0,0,0,2420,1,1
40810,4,2,4,40810,59560413,59582161,21748,1,0,0,0,0,0,0,2420,1,1
40811,4,2,0,40811,59597006,59659016,62010,6,3,2,0,0,0,0,2420,1,1
40812,4,2,2,40812,59673869,59711993,38124,3,1,1,0,0,0,0,2420,1,1
40813,4,2,0,40813,59726818,59855820,129002,14,6,7,0,0,0,0,2420,1,1
40814,4,2,0,40814,59870671,60001275,130604,14,6,6,0,1,0,0,2420,1,1
40815,4,2,1,40815,60016104,60098984,82880,9,7,1,0,0,0,0,2420,1,1
40816,4,2,1,40816,60113821,60135569,21748,1,0,0,0,0,0,0,2420,1,1
40817,4,2,1,40817,60150390,60212377,61987,6,3,2,0,0,0,0,2420,1,1
40818,4,2,3,40818,60227214,60256420,29206,2,1,0,0,0,0,0,2420,1,1
40819,4,2,0,40819,60271242,60301943,30701,2,0,1,0,0,0,0,2420,1,1
40820,4,2,2,40820,60316799,60368415,51616,5,4,0,0,0,0,0,2420,1,1
40821,4,2,0,40821,60383240,60405005,21765,1,0,0,0,0,0,0,2420,1,1
40822,4,2,2,40822,60419854,60541520,121666,13,6,5,0,1,0,0,2420,1,1
40823,4,2,1,40823,60556349,60672036,115687,13,9,3,0,0,0,0,2420,1,1
40824,4,2,1,40824,60686892,60708640,21748,1,0,0,0,0,0,0,2420,1,1
40825,4,2,2,40825,60723465,60745210,21745,1,0,0,0,0,0,0,2420,1,1
40826,4,2,1,40826,60760043,60790738,30695,2,0,1,0,0,0,0,2420,1,1
40827,4,2,0,40827,60805580,60851198,45618,4,2,1,0,0,0,0,2420,1,1
40828,4,2,2,40828,60866035,60887783,21748,1,0,0,0,0,0,0,2420,1,1
40829,4,2,4,40829,60902604,60939282,36678,3,2,0,0,0,0,0,2420,1,1
40830,4,2,1,40830,60954135,60999744,45609,4,2,1,0,0,0,0,2420,1,1
40831,4,2,2,40831,61014590,61142115,127525,14,7,6,0,0,0,0,2420,1,1
40832,4,2,4,40832,61156955,61178707,21752,1,0,0,0,0,0,0,2420,1,1
40833,4,2,4,40833,61193548,61222729,29181,2,1,0,0,0,0,0,2420,1,1
40834,4,2,3,40834,61237585,61426235,188650,22,14,7,0,0,0,0,2420,1,1
40835,4,2,2,40835,61441060,61480651,39591,3,0,2,0,0,0,0,2420,1,1
40836,4,2,1,40836,61495511,61532178,36667,3,2,0,0,0,0,0,2420,1,1
40837,4,2,3,40837,61547019,61594058,47039,4,1,2,0,0,0,0,2420,1,1
40838,4,2,4,40838,61608892,61667962,59070,6,5,0,0,0,0,0,2420,1,1
40839,4,2,1,40839,61682807,61719469,36662,3,2,0,0,0,0,0,2420,1,1
40840,4,2,4,40840,61734326,61821569,87243,9,4,4,0,0,0,0,2420,1,1
40841,4,2,3,40841,61836394,61881984,45590,4,2,1,0,0,0,0,2420,1,1
40842,4,2,4,40842,61896840,61943916,47076,4,1,2,0,0,0,0,2420,1,1
40843,4,2,3,40843,61958753,61980501,21748,1,0,0,0,0,0,0,2420,1,1
40844,4,2,1,40844,61995358,62075398,80040,8,4,2,0,1,0,0,2420,1,1
40845,4,2,4,40845,62090235,62128365,38130,3,1,1,0,0,0,0,2420,1,1
40846,4,2,0,40846,62143198,62273813,130615,15,11,3,0,0,0,0,2420,1,1
40847,4,2,0,40847,62288659,62332816,44157,4,3,0,0,0,0,0,2420,1,1
40848,4,2,2,40848,62347650,62402184,54534,5,2,2,0,0,0,0,2420,1,1
40849,4,2,0,40849,62417009,62464052,47043,4,1,2,0,0,0,0,2420,1,1
40850,4,2,4,40850,62478901,62533373,54472,5,2,2,0,0,0,0,2420,1,1
40851,4,2,2,40851,62548194,62592337,44143,4,3,0,0,0,0,0,2420,1,1
40852,4,2,4,40852,62607194,62654242,47048,4,1,2,0,0,0,0,2420,1,1
40853,4,2,0,40853,62669079,62753441,84362,9,6,2,0,0,0,0,2420,1,1
40854,4,2,3,40854,62768294,62798968,30674,2,0,1,0,0,0,0,2420,1,1
40855,4,2,4,40855,62813793,62843001,29208,2,1,0,0,0,0,0,2420,1,1
40856,4,2,3,40856,62857854,62879602,21748,1,0,0,0,0,0,0,2420,1,1
40857,4,2,3,40857,62894442,62938590,44148,4,3,0,0,0,0,0,2420,1,1
40858,4,2,1,40858,62953463,63015440,61977,6,3,2,0,0,0,0,2420,1,1
40859,4,2,1,40859,63030277,63171227,140950,16,10,5,0,0,0,0,2420,1,1
40860,4,2,4,40860,63186069,63216716,30647,2,0,1,0,0,0,0,2420,1,1
40861,4,2,0,40861,63231537,63269702,38165,3,1,1,0,0,0,0,2420,1,1
40862,4,2,3,40862,63284559,63313780,29221,2,1,0,0,0,0,0,2420,1,1
40863,4,2,0,40863,63328601,63374256,45655,4,2,1,0,0,0,0,2420,1,1
40864,4,2,4,40864,63389109,63451075,61966,6,3,2,0,0,0,0,2420,1,1
40865,4,2,1,40865,63465900,63518983,53083,5,3,1,0,0,0,0,2420,1,1
40866,4,2,1,40866,63533840,63555589,21749,1,0,0,0,0,0,0,2420,1,1
40867,4,2,4,40867,63570410,63599626,29216,2,1,0,0,0,0,0,2420,1,1
40868,4,2,0,40868,63614464,63651177,36713,3,2,0,0,0,0,0,2420,1,1
40869,4,2,4,40869,63666022,63687766,21744,1,0,0,0,0,0,0,2420,1,1
40870,4,2,1,40870,63702599,63731829,29230,2,1,0,0,0,0,0,2420,1,1
40871,4,2,2,40871,63746674,63768418,21744,1,0,0,0,0,0,0,2420,1,1
40872,4,2,2,40872,63783260,63805000,21740,1,0,0,0,0,0,0,2420,1,1
40873,4,2,4,40873,63819853,63883305,63452,6,2,3,0,0,0,0,2420,1,1
40874,4,2,4,40874,63898154,63927364,29210,2,1,0,0,0,0,0,2420,1,1
40875,4,2,0,40875,63942205,63972885,30680,2,0,1,0,0,0,0,2420,1,1
40876,4,2,4,40876,63987718,64016925,29207,2,1,0,0,0,0,0,2420,1,1
40877,4,2,3,40877,64031746,64120491,88745,9,3,5,0,0,0,0,2420,1,1
40878,4,2,0,40878,64135348,64197311,61963,6,3,2,0,0,0,0,2420,1,1
40879,4,2,2,40879,64212148,64248825,36677,3,2,0,0,0,0,0,2420,1,1
40880,4,2,2,40880,64263662,64285402,21740,1,0,0,0,0,0,0,2420,1,1
40881,4,2,3,40881,64300255,64372579,72324,7,2,4,0,0,0,0,2420,1,1
40882,4,2,1,40882,64387436,64504560,117124,13,8,4,0,0,0,0,2420,1,1
40883,4,2,1,40883,64519404,64703555,184151,21,11,9,0,0,0,0,2420,1,1
40884,4,2,2,40884,64718392,64778908,60516,6,4,1,0,0,0,0,2420,1,1
40885,4,2,2,40885,64793733,64870661,76928,8,5,2,0,0,0,0,2420,1,1
40886,4,2,0,40886,64885530,64972844,87314,9,4,4,0,0,0,0,2420,1,1
40887,4,2,2,40887,64987681,65018361,30680,2,0,1,0,0,0,0,2420,1,1
40888,4,2,0,40888,65033193,65071317,38124,3,1,1,0,0,0,0,2420,1,1
40889,4,2,1,40889,65086158,65148118,61960,6,3,2,0,0,0,0,2420,1,1
40890,4,2,0,40890,65162954,65199648,36694,3,2,0,0,0,0,0,2420,1,1
40891,4,2,0,40891,65214473,65236227,21754,1,0,0,0,0,0,0,2420,1,1
40892,4,2,4,40892,65251059,65272807,21748,1,0,0,0,0,0,0,2420,1,1
40893,4,2,1,40893,65287628,65316853,29225,2,1,0,0,0,0,0,2420,1,1
40894,4,2,3,40894,65331706,65453163,121457,13,5,7,0,0,0,0,2420,1,1
40895,4,2,4,40895,65467988,65506109,38121,3,1,1,0,0,0,0,2420,1,1
40896,4,2,0,40896,65520961,65591870,70909,7,3,3,0,0,0,0,2420,1,1
40897,4,2,2,40897,65606710,65635925,29215,2,1,0,0,0,0,0,2420,1,1
40898,4,2,3,40898,65650759,65672507,21748,1,0,0,0,0,0,0,2420,1,1
40899,4,2,4,40899,65687351,65709100,21749,1,0,0,0,0,0,0,2420,1,1
40900,4,2,2,40900,65723957,65753194,29237,2,1,0,0,0,0,0,2420,1,1
40901,4,2,2,40901,65768031,65815070,47039,4,1,2,0,0,0,0,2420,1,1
40902,4,2,2,40902,65829935,65851675,21740,1,0,0,0,0,0,0,2420,1,1
40903,4,2,1,40903,65866531,65903193,36662,3,2,0,0,0,0,0,2420,1,1
40904,4,2,0,40904,65918046,65948702,30656,2,0,1,0,0,0,0,2420,1,1
40905,4,2,4,40905,65963527,65985272,21745,1,0,0,0,0,0,0,2420,1,1
40906,4,2,1,40906,66000105,66038230,38125,3,1,1,0,0,0,0,2420,1,1
40907,4,2,0,40907,66053073,66082295,29222,2,1,0,0,0,0,0,2420,1,1
40908,4,2,2,40908,66097132,66126365,29233,2,1,0,0,0,0,0,2420,1,1
40909,4,2,3,40909,66141186,66188238,47052,4,1,2,0,0,0,0,2420,1,1
40910,4,2,1,40910,66203093,66281458,78365,8,4,3,0,0,0,0,2420,1,1
40911,4,2,4,40911,66296303,66341894,45591,4,2,1,0,0,0,0,2420,1,1
40912,4,2,1,40912,66356731,66427615,70884,7,3,3,0,0,0,0,2420,1,1
40913,4,2,3,40913,66442455,66560965,118510,13,7,5,0,0,0,0,2420,1,1
40914,4,2,4,40914,66575805,66597553,21748,1,0,0,0,0,0,0,2420,1,1
40915,4,2,4,40915,66612394,66690721,78327,8,4,3,0,0,0,0,2420,1,1
40916,4,2,2,40916,66705574,66743691,38117,3,1,1,0,0,0,0,2420,1,1
40917,4,2,3,40917,66758517,66787715,29198,2,1,0,0,0,0,0,2420,1,1
40918,4,2,2,40918,66802568,66842148,39580,3,0,2,0,0,0,0,2420,1,1
40919,4,2,4,40919,66856996,66878749,21753,1,0,0,0,0,0,0,2420,1,1
40920,4,2,1,40920,66893601,66946687,53086,5,3,1,0,0,0,0,2420,1,1
40921,4,2,1,40921,66961528,67038480,76952,8,5,2,0,0,0,0,2420,1,1
40922,4,2,2,40922,67053317,67107835,54518,5,2,2,0,0,0,0,2420,1,1
40923,4,2,0,40923,67122656,67153330,30674,2,0,1,0,0,0,0,2420,1,1
40924,4,2,0,40924,67168178,67282237,114059,12,4,7,0,0,0,0,2420,1,1
40925,4,2,0,40925,67297065,67318821,21756,1,0,0,0,0,0,0,2420,1,1
40926,4,2,0,40926,67333657,67355414,21757,1,0,0,0,0,0,0,2420,1,1
40927,4,2,1,40927,67370235,67439659,69424,7,4,2,0,0,0,0,2420,1,1
40928,4,2,0,40928,67454496,67507577,53081,5,3,1,0,0,0,0,2420,1,1
40929,4,2,0,40929,67522398,67544158,21760,1,0,0,0,0,0,0,2420,1,1
40930,4,2,0,40930,67558991,67613537,54546,5,2,2,0,0,0,0,2420,1,1
40931,4,2,3,40931,67628358,67667939,39581,3,0,2,0,0,0,0,2420,1,1
40932,4,2,4,40932,67682776,67720914,38138,3,1,1,0,0,0,0,2420,1,1
40933,4,2,3,40933,67735758,67757507,21749,1,0,0,0,0,0,0,2420,1,1
40934,4,2,0,40934,67772355,67794124,21769,1,0,0,0,0,0,0,2420,1,1
40935,4,2,1,40935,67808964,67830716,21752,1,0,0,0,0,0,0,2420,1,1
40936,4,2,1,40936,67845557,67883708,38151,3,1,1,0,0,0,0,2420,1,1
40937,4,2,3,40937,67898529,67960476,61947,6,3,2,0,0,0,0,2420,1,1
40938,4,2,3,40938,67975314,68061159,85845,9,5,3,0,0,0,0,2420,1,1
40939,4,2,2,40939,68076019,68105230,29211,2,1,0,0,0,0,0,2420,1,1
40940,4,2,0,40940,68120083,68141847,21764,1,0,0,0,0,0,0,2420,1,1
40941,4,2,2,40941,68156687,68200854,44167,4,3,0,0,0,0,0,2420,1,1
40942,4,2,4,40942,68215691,68237443,21752,1,0,0,0,0,0,0,2420,1,1
40943,4,2,0,40943,68252280,68290449,38169,3,1,1,0,0,0,0,2420,1,1
40944,4,2,4,40944,68305307,68335959,30652,2,0,1,0,0,0,0,2420,1,1
40945,4,2,2,40945,68350780,68380009,29229,2,1,0,0,0,0,0,2420,1,1
40946,4,2,1,40946,68394866,68446502,51636,5,4,0,0,0,0,0,2420,1,1
40947,4,2,2,40947,68461339,68539731,78392,8,4,3,0,0,0,0,2420,1,1
40948,4,2,1,40948,68554569,68637501,82932,9,7,1,0,0,0,0,2420,1,1
40949,4,2,1,40949,68652340,68736671,84331,9,6,2,0,0,0,0,2420,1,1
40950,4,2,1,40950,68751504,68789611,38107,3,1,1,0,0,0,0,2420,1,1
40951,4,2,2,40951,68804436,68856002,51566,5,4,0,0,0,0,0,2420,1,1
40952,4,2,2,40952,68870835,68908980,38145,3,1,1,0,0,0,0,2420,1,1
40953,4,2,1,40953,68923837,68945597,21760,1,0,0,0,0,0,0,2420,1,1
40954,4,2,4,40954,68960446,68982186,21740,1,0,0,0,0,0,0,2420,1,1
40955,4,2,0,40955,68997010,69026260,29250,2,1,0,0,0,0,0,2420,1,1
40956,4,2,2,40956,69041113,69092709,51596,5,4,0,0,0,0,0,2420,1,1
40957,4,2,0,40957,69107534,69169529,61995,6,3,2,0,0,0,0,2420,1,1
40958,4,2,0,40958,69184382,69213587,29205,2,1,0,0,0,0,0,2420,1,1
40959,4,2,0,40959,69228408,69339543,111135,12,6,5,0,0,0,0,2420,1,1
40960,4,2,2,40960,69354383,69376131,21748,1,0,0,0,0,0,0,2420,1,1
40961,4,2,1,40961,69390952,69430535,39583,3,0,2,0,0,0,0,2420,1,1
40962,4,2,1,40962,69445389,69467138,21749,1,0,0,0,0,0,0,2420,1,1
40963,4,2,1,40963,69481959,69503712,21753,1,0,0,0,0,0,0,2420,1,1
40964,4,2,0,40964,69518545,69602941,84396,9,6,2,0,0,0,0,2420,1,1
40965,4,2,2,40965,69617763,69639511,21748,1,0,0,0,0,0,0,2420,1,1
40966,4,2,1,40966,69654348,69676107,21759,1,0,0,0,0,0,0,2420,1,1
40967,4,2,1,40967,69690944,69712692,21748,1,0,0,0,0,0,0,2420,1,1
40968,4,2,0,40968,69727531,69749283,21752,1,0,0,0,0,0,0,2420,1,1
40969,4,2,0,40969,69764110,69785866,21756,1,0,0,0,0,0,0,2420,1,1
40970,4,2,3,40970,69800700,69880489,79789,8,3,4,0,0,0,0,2420,1,1
40971,4,2,0,40971,69895315,69924547,29232,2,1,0,0,0,0,0,2420,1,1
40972,4,2,2,40972,69939400,69995365,55965,5,1,3,0,0,0,0,2420,1,1
40973,4,2,2,40973,70010187,70070687,60500,6,4,1,0,0,0,0,2420,1,1
40974,4,2,2,40974,70085556,70114761,29205,2,1,0,0,0,0,0,2420,1,1
40975,4,2,3,40975,70129614,70175243,45629,4,2,1,0,0,0,0,2420,1,1
40976,4,2,3,40976,70190096,70211828,21732,1,0,0,0,0,0,0,2420,1,1
40977,4,2,3,40977,70226688,70248420,21732,1,0,0,0,0,0,0,2420,1,1
40978,4,2,2,40978,70263290,70299997,36707,3,2,0,0,0,0,0,2420,1,1
40979,4,2,4,40979,70314847,70354429,39582,3,0,2,0,0,0,0,2420,1,1
40980,4,2,2,40980,70369278,70432744,63466,6,2,3,0,0,0,0,2420,1,1
40981,4,2,1,40981,70447587,70493215,45628,4,2,1,0,0,0,0,2420,1,1
40982,4,2,1,40982,70508065,70595329,87264,9,4,4,0,0,0,0,2420,1,1
40983,4,2,1,40983,70610150,70700308,90158,9,2,6,0,0,0,0,2420,1,1
40984,4,2,4,40984,70715145,70747419,32274,2,0,0,0,1,0,0,2420,1,1
40985,4,2,1,40985,70762240,70874827,112587,12,5,6,0,0,0,0,2420,1,1
40986,4,2,0,40986,70889683,70976996,87313,9,4,4,0,0,0,0,2420,1,1
40987,4,2,4,40987,70991817,71061275,69458,7,4,2,0,0,0,0,2420,1,1
40988,4,2,3,40988,71076112,71106761,30649,2,0,1,0,0,0,0,2420,1,1
40989,4,2,4,40989,71121602,71184998,63396,6,2,3,0,0,0,0,2420,1,1
40990,4,2,1,40990,71199847,71279680,79833,8,3,4,0,0,0,0,2420,1,1
40991,4,2,0,40991,71294525,71316277,21752,1,0,0,0,0,0,0,2420,1,1
40992,4,2,1,40992,71331110,71361788,30678,2,0,1,0,0,0,0,2420,1,1
40993,4,2,3,40993,71376613,71398353,21740,1,0,0,0,0,0,0,2420,1,1
40994,4,2,1,40994,71413189,71434950,21761,1,0,0,0,0,0,0,2420,1,1
40995,4,2,4,40995,71449791,71471530,21739,1,0,0,0,0,0,0,2420,1,1
40996,4,2,4,40996,71486368,71508101,21733,1,0,0,0,0,0,0,2420,1,1
40997,4,2,3,40997,71522946,71544678,21732,1,0,0,0,0,0,0,2420,1,1
40998,4,2,2,40998,71559511,71658800,99289,11,8,2,0,0,0,0,2420,1,1
40999,4,2,4,40999,71673650,71695403,21753,1,0,0,0,0,0,0,2420,1,1
41000,4,4,0,41000,71710256,71739812,29556,2,1,0,0,0,0,0,2420,1,1
41001,4,4,2,41001,71754709,71776430,21721,1,0,0,0,0,0,0,2420,1,1
41002,4,4,4,41002,71791145,71884364,93219,10,6,3,0,0,0,0,2420,1,1
41003,4,4,0,41003,71899081,71920787,21706,1,0,0,0,0,0,0,2420,1,1
41004,4,4,4,41004,71935514,71966123,30609,2,0,1,0,0,0,0,2420,1,1
41005,4,4,4,41005,71980837,72002527,21690,1,0,0,0,0,0,0,2420,1,1
41006,4,4,2,41006,72017245,72046384,29139,2,1,0,0,0,0,0,2420,1,1
41007,4,4,1,41007,72061099,72091740,30641,2,0,1,0,0,0,0,2420,1,1
41008,4,4,3,41008,72106471,72150552,44081,4,3,0,0,0,0,0,2420,1,1
41009,4,4,1,41009,72165271,72218306,53035,5,3,1,0,0,0,0,2420,1,1
41010,4,4,2,41010,72233033,72272707,39674,3,1,0,0,1,0,0,2420,1,1
41011,4,4,4,41011,72287426,72326942,39516,3,0,2,0,0,0,0,2420,1,1
41012,4,4,2,41012,72341657,72381188,39531,3,0,2,0,0,0,0,2420,1,1
41013,4,4,2,41013,72395907,72425046,29139,2,1,0,0,0,0,0,2420,1,1
41014,4,4,3,41014,72439762,72468925,29163,2,1,0,0,0,0,0,2420,1,1
41015,4,4,2,41015,72483644,72520234,36590,3,2,0,0,0,0,0,2420,1,1
41016,4,4,4,41016,72534953,72587947,52994,5,3,1,0,0,0,0,2420,1,1
41017,4,4,4,41017,72602662,72661722,59060,6,5,0,0,0,0,0,2420,1,1
41018,4,4,0,41018,72676441,72728011,51570,5,4,0,0,0,0,0,2420,1,1
41019,4,4,4,41019,72742733,72779365,36632,3,2,0,0,0,0,0,2420,1,1
41020,4,4,4,41020,72794084,72815774,21690,1,0,0,0,0,0,0,2420,1,1
41021,4,4,3,41021,72830489,72852179,21690,1,0,0,0,0,0,0,2420,1,1
41022,4,4,1,41022,72866897,72888610,21713,1,0,0,0,0,0,0,2420,1,1
41023,4,4,3,41023,72903341,72933950,30609,2,0,1,0,0,0,0,2420,1,1
41024,4,4,2,41024,72948665,72986718,38053,3,1,1,0,0,0,0,2420,1,1
41025,4,4,1,41025,73001433,73079734,78301,8,4,3,0,0,0,0,2420,1,1
41026,4,4,1,41026,73094465,73201146,106681,12,9,2,0,0,0,0,2420,1,1
41027,4,4,4,41027,73215879,73252503,36624,3,2,0,0,0,0,0,2420,1,1
41028,4,4,4,41028,73267222,73305297,38075,3,1,1,0,0,0,0,2420,1,1
41029,4,4,2,41029,73320012,73349175,29163,2,1,0,0,0,0,0,2420,1,1
41030,4,4,3,41030,73363894,73443603,79709,8,3,4,0,0,0,0,2420,1,1
41031,4,4,0,41031,73458318,73480023,21705,1,0,0,0,0,0,0,2420,1,1
41032,4,4,2,41032,73494755,73534252,39497,3,0,2,0,0,0,0,2420,1,1
41033,4,4,2,41033,73548967,73639096,90129,9,2,6,0,0,0,0,2420,1,1
41034,4,4,2,41034,73653815,73706842,53027,5,3,1,0,0,0,0,2420,1,1
41035,4,4,3,41035,73721557,73777503,55946,5,1,3,0,0,0,0,2420,1,1
41036,4,4,1,41036,73792218,73830337,38119,3,1,1,0,0,0,0,2420,1,1
41037,4,4,3,41037,73845068,73866758,21690,1,0,0,0,0,0,0,2420,1,1
41038,4,4,4,41038,73881473,73903166,21693,1,0,0,0,0,0,0,2420,1,1
41039,4,4,2,41039,73917881,73948490,30609,2,0,1,0,0,0,0,2420,1,1
41040,4,4,1,41040,73963209,73992379,29170,2,1,0,0,0,0,0,2420,1,1
41041,4,4,1,41041,74007110,74045207,38097,3,1,1,0,0,0,0,2420,1,1
41042,4,4,3,41042,74059934,74081623,21689,1,0,0,0,0,0,0,2420,1,1
41043,4,4,4,41043,74096343,74118033,21690,1,0,0,0,0,0,0,2420,1,1
41044,4,4,3,41044,74132751,74170844,38093,3,1,1,0,0,0,0,2420,1,1
41045,4,4,4,41045,74185563,74268391,82828,9,7,1,0,0,0,0,2420,1,1
41046,4,4,2,41046,74283110,74312256,29146,2,1,0,0,0,0,0,2420,1,1
41047,4,4,1,41047,74326975,74348688,21713,1,0,0,0,0,0,0,2420,1,1
41048,4,4,0,41048,74363419,74385125,21706,1,0,0,0,0,0,0,2420,1,1
41049,4,4,2,41049,74399848,74493034,93186,10,6,3,0,0,0,0,2420,1,1
41050,4,4,4,41050,74507750,74536897,29147,2,1,0,0,0,0,0,2420,1,1
41051,4,4,2,41051,74551612,74573306,21694,1,0,0,0,0,0,0,2420,1,1
41052,4,4,0,41052,74588020,74618632,30612,2,0,1,0,0,0,0,2420,1,1
41053,4,4,0,41053,74633358,74678929,45571,4,2,1,0,0,0,0,2420,1,1
41054,4,4,2,41054,74693656,74791481,97825,11,9,1,0,0,0,0,2420,1,1
41055,4,4,1,41055,74806202,74844313,38111,3,1,1,0,0,0,0,2420,1,1
41056,4,4,4,41056,74859040,74914938,55898,5,1,3,0,0,0,0,2420,1,1
41057,4,4,4,41057,74929653,74951343,21690,1,0,0,0,0,0,0,2420,1,1
41058,4,4,0,41058,74966062,74995251,29189,2,1,0,0,0,0,0,2420,1,1
41059,4,4,3,41059,75009974,75040569,30595,2,0,1,0,0,0,0,2420,1,1
41060,4,4,4,41060,75055288,75076978,21690,1,0,0,0,0,0,0,2420,1,1
41061,4,4,0,41061,75091693,75129770,38077,3,1,1,0,0,0,0,2420,1,1
41062,4,4,0,41062,75144497,75173651,29154,2,1,0,0,0,0,0,2420,1,1
41063,4,4,4,41063,75188373,75269715,81342,8,3,3,0,1,0,0,2420,1,1
41064,4,4,2,41064,75284439,75306128,21689,1,0,0,0,0,0,0,2420,1,1
41065,4,4,2,41065,75320843,75379818,58975,6,5,0,0,0,0,0,2420,1,1
41066,4,4,0,41066,75394537,75416242,21705,1,0,0,0,0,0,0,2420,1,1
41067,4,4,4,41067,75430965,75565939,134974,15,8,6,0,0,0,0,2420,1,1
41068,4,4,3,41068,75580656,75609824,29168,2,1,0,0,0,0,0,2420,1,1
41069,4,4,3,41069,75624543,75664037,39494,3,0,2,0,0,0,0,2420,1,1
41070,4,4,1,41070,75678752,75700465,21713,1,0,0,0,0,0,0,2420,1,1
41071,4,4,0,41071,75715196,75745814,30618,2,0,1,0,0,0,0,2420,1,1
41072,4,4,2,41072,75760536,75782225,21689,1,0,0,0,0,0,0,2420,1,1
41073,4,4,2,41073,75796944,75826106,29162,2,1,0,0,0,0,0,2420,1,1
41074,4,4,3,41074,75840820,75944433,103613,11,5,5,0,0,0,0,2420,1,1
41075,4,4,2,41075,75959151,76119408,160257,18,9,8,0,0,0,0,2420,1,1
41076,4,4,1,41076,76134130,76181129,46999,4,1,2,0,0,0,0,2420,1,1
41077,4,4,0,41077,76195859,76217564,21705,1,0,0,0,0,0,0,2420,1,1
41078,4,4,1,41078,76232289,76318137,85848,9,5,3,0,0,0,0,2420,1,1
41079,4,4,2,41079,76332868,76406817,73949,8,7,0,0,0,0,0,2420,1,1
41080,4,4,0,41080,76421532,76467097,45565,4,2,1,0,0,0,0,2420,1,1
41081,4,4,4,41081,76481820,76533347,51527,5,4,0,0,0,0,0,2420,1,1
41082,4,4,0,41082,76548062,76603950,55888,5,1,3,0,0,0,0,2420,1,1
41083,4,4,0,41083,76618673,76664241,45568,4,2,1,0,0,0,0,2420,1,1
41084,4,4,1,41084,76678964,76724535,45571,4,2,1,0,0,0,0,2420,1,1
41085,4,4,2,41085,76739262,76760952,21690,1,0,0,0,0,0,0,2420,1,1
41086,4,4,4,41086,76775671,76891278,115607,13,9,3,0,0,0,0,2420,1,1
41087,4,4,4,41087,76905999,76944051,38052,3,1,1,0,0,0,0,2420,1,1
41088,4,4,1,41088,76958766,76980479,21713,1,0,0,0,0,0,0,2420,1,1
41089,4,4,0,41089,76995210,77025835,30625,2,0,1,0,0,0,0,2420,1,1
41090,4,4,1,41090,77040558,77160555,119997,13,6,6,0,0,0,0,2420,1,1
41091,4,4,3,41091,77175289,77253655,78366,8,4,3,0,0,0,0,2420,1,1
41092,4,4,1,41092,77268370,77290083,21713,1,0,0,0,0,0,0,2420,1,1
41093,4,4,0,41093,77304814,77326519,21705,1,0,0,0,0,0,0,2420,1,1
41094,4,4,2,41094,77341243,77394266,53023,5,3,1,0,0,0,0,2420,1,1
41095,4,4,2,41095,77408980,77476889,67909,7,5,1,0,0,0,0,2420,1,1
41096,4,4,3,41096,77491608,77513302,21694,1,0,0,0,0,0,0,2420,1,1
41097,4,4,1,41097,77528017,77558635,30618,2,0,1,0,0,0,0,2420,1,1
41098,4,4,4,41098,77573366,77602534,29168,2,1,0,0,0,0,0,2420,1,1
41099,4,4,0,41099,77617252,77638957,21705,1,0,0,0,0,0,0,2420,1,1
41100,4,4,3,41100,77653684,77675373,21689,1,0,0,0,0,0,0,2420,1,1
41101,4,4,2,41101,77690088,77735593,45505,4,2,1,0,0,0,0,2420,1,1
41102,4,4,2,41102,77750308,77844976,94668,10,5,4,0,0,0,0,2420,1,1
41103,4,4,1,41103,77859693,77938021,78328,8,4,3,0,0,0,0,2420,1,1
41104,4,4,0,41104,77952753,77999784,47031,4,1,2,0,0,0,0,2420,1,1
41105,4,4,3,41105,78014511,78061491,46980,4,1,2,0,0,0,0,2420,1,1
41106,4,4,1,41106,78076209,78106857,30648,2,0,1,0,0,0,0,2420,1,1
41107,4,4,3,41107,78121584,78159678,38094,3,1,1,0,0,0,0,2420,1,1
41108,4,4,2,41108,78174398,78245249,70851,7,3,3,0,0,0,0,2420,1,1
41109,4,4,1,41109,78259965,78299519,39554,3,0,2,0,0,0,0,2420,1,1
41110,4,4,2,41110,78314250,78408943,94693,10,5,4,0,0,0,0,2420,1,1
41111,4,4,1,41111,78423664,78475228,51564,5,4,0,0,0,0,0,2420,1,1
41112,4,4,4,41112,78489955,78583182,93227,10,6,3,0,0,0,0,2420,1,1
41113,4,4,1,41113,78597899,78650918,53019,5,3,1,0,0,0,0,2420,1,1
41114,4,4,0,41114,78665648,78745425,79777,8,3,4,0,0,0,0,2420,1,1
41115,4,4,2,41115,78760147,78789297,29150,2,1,0,0,0,0,0,2420,1,1
41116,4,4,3,41116,78804015,78842084,38069,3,1,1,0,0,0,0,2420,1,1
41117,4,4,0,41117,78856803,78948593,91790,10,7,2,0,0,0,0,2420,1,1
41118,4,4,4,41118,78963322,78992456,29134,2,1,0,0,0,0,0,2420,1,1
41119,4,4,0,41119,79007175,79028880,21705,1,0,0,0,0,0,0,2420,1,1
41120,4,4,4,41120,79043608,79065298,21690,1,0,0,0,0,0,0,2420,1,1
41121,4,4,4,41121,79080012,79134459,54447,5,2,2,0,0,0,0,2420,1,1
41122,4,4,2,41122,79149174,79197622,48448,4,0,3,0,0,0,0,2420,1,1
41123,4,4,3,41123,79212337,79250380,38043,3,1,1,0,0,0,0,2420,1,1
41124,4,4,4,41124,79265099,79379441,114342,13,11,0,0,1,0,0,2420,1,1
41125,4,4,3,41125,79394164,79471023,76859,8,5,2,0,0,0,0,2420,1,1
41126,4,4,1,41126,79485742,79552206,66464,7,6,0,0,0,0,0,2420,1,1
41127,4,4,1,41127,79566936,79655638,88702,9,3,5,0,0,0,0,2420,1,1
41128,4,4,1,41128,79670368,79715944,45576,4,2,1,0,0,0,0,2420,1,1
41129,4,4,3,41129,79730671,79783661,52990,5,3,1,0,0,0,0,2420,1,1
41130,4,4,2,41130,79798376,79820065,21689,1,0,0,0,0,0,0,2420,1,1
41131,4,4,0,41131,79834784,79886298,51514,5,4,0,0,0,0,0,2420,1,1
41132,4,4,1,41132,79901020,79930182,29162,2,1,0,0,0,0,0,2420,1,1
41133,4,4,1,41133,79944913,79966627,21714,1,0,0,0,0,0,0,2420,1,1
41134,4,4,0,41134,79981354,80026932,45578,4,2,1,0,0,0,0,2420,1,1
41135,4,4,0,41135,80041654,80096094,54440,5,2,2,0,0,0,0,2420,1,1
41136,4,4,0,41136,80110817,80156355,45538,4,2,1,0,0,0,0,2420,1,1
41137,4,4,0,41137,80171079,80328374,157295,18,11,6,0,0,0,0,2420,1,1
41138,4,4,4,41138,80343102,80469056,125954,14,8,5,0,0,0,0,2420,1,1
41139,4,4,4,41139,80483779,80505468,21689,1,0,0,0,0,0,0,2420,1,1
41140,4,4,4,41140,80520183,80631333,111150,12,6,5,0,0,0,0,2420,1,1
41141,4,4,3,41141,80646055,80667745,21690,1,0,0,0,0,0,0,2420,1,1
41142,4,4,3,41142,80682459,80753287,70828,7,3,3,0,0,0,0,2420,1,1
41143,4,4,4,41143,80768001,80797148,29147,2,1,0,0,0,0,0,2420,1,1
41144,4,4,1,41144,80811863,80833581,21718,1,0,0,0,0,0,0,2420,1,1
41145,4,4,1,41145,80848308,80884949,36641,3,2,0,0,0,0,0,2420,1,1
41146,4,4,1,41146,80899676,80994334,94658,10,5,4,0,0,0,0,2420,1,1
41147,4,4,1,41147,81009062,81047169,38107,3,1,1,0,0,0,0,2420,1,1
41148,4,4,2,41148,81061895,81106006,44111,4,3,0,0,0,0,0,2420,1,1
41149,4,4,1,41149,81120721,81164811,44090,4,3,0,0,0,0,0,2420,1,1
41150,4,4,1,41150,81179538,81201252,21714,1,0,0,0,0,0,0,2420,1,1
41151,4,4,2,41151,81215982,81307803,91821,10,7,2,0,0,0,0,2420,1,1
41152,4,4,3,41152,81322519,81390430,67911,7,5,1,0,0,0,0,2420,1,1
41153,4,4,4,41153,81405149,81459584,54435,5,2,2,0,0,0,0,2420,1,1
41154,4,4,1,41154,81474304,81503478,29174,2,1,0,0,0,0,0,2420,1,1
41155,4,4,4,41155,81518205,81539895,21690,1,0,0,0,0,0,0,2420,1,1
41156,4,4,4,41156,81554614,81594166,39552,3,0,2,0,0,0,0,2420,1,1
41157,4,4,4,41157,81608880,81703741,94861,10,6,2,0,1,0,0,2420,1,1
41158,4,4,4,41158,81718458,81777482,59024,6,5,0,0,0,0,0,2420,1,1
41159,4,4,1,41159,81792197,81845216,53019,5,3,1,0,0,0,0,2420,1,1
41160,4,4,0,41160,81859946,81912962,53016,5,3,1,0,0,0,0,2420,1,1
41161,4,4,2,41161,81927685,81949375,21690,1,0,0,0,0,0,0,2420,1,1
41162,4,4,3,41162,81964093,82009633,45540,4,2,1,0,0,0,0,2420,1,1
41163,4,4,3,41163,82024352,82086246,61894,6,3,2,0,0,0,0,2420,1,1
41164,4,4,4,41164,82100961,82149416,48455,4,0,3,0,0,0,0,2420,1,1
41165,4,4,4,41165,82164135,82208187,44052,4,3,0,0,0,0,0,2420,1,1
41166,4,4,3,41166,82222905,82313035,90130,9,2,6,0,0,0,0,2420,1,1
41167,4,4,4,41167,82327750,82389653,61903,6,3,2,0,0,0,0,2420,1,1
41168,4,4,3,41168,82404373,82442456,38083,3,1,1,0,0,0,0,2420,1,1
41169,4,4,0,41169,82457174,82517636,60462,6,4,1,0,0,0,0,2420,1,1
41170,4,4,3,41170,82532359,82554053,21694,1,0,0,0,0,0,0,2420,1,1
41171,4,4,0,41171,82568768,82590473,21705,1,0,0,0,0,0,0,2420,1,1
41172,4,4,3,41172,82605200,82635809,30609,2,0,1,0,0,0,0,2420,1,1
41173,4,4,3,41173,82650524,82687152,36628,3,2,0,0,0,0,0,2420,1,1
41174,4,4,1,41174,82701866,82757809,55943,5,1,3,0,0,0,0,2420,1,1
41175,4,4,0,41175,82772536,82809178,36642,3,2,0,0,0,0,0,2420,1,1
41176,4,4,0,41176,82823905,82845610,21705,1,0,0,0,0,0,0,2420,1,1
41177,4,4,4,41177,82860333,82882022,21689,1,0,0,0,0,0,0,2420,1,1
41178,4,4,3,41178,82896740,82925890,29150,2,1,0,0,0,0,0,2420,1,1
41179,4,4,0,41179,82940605,82962311,21706,1,0,0,0,0,0,0,2420,1,1
41180,4,4,3,41180,82977038,83074806,97768,11,9,1,0,0,0,0,2420,1,1
41181,4,4,1,41181,83089522,83111235,21713,1,0,0,0,0,0,0,2420,1,1
41182,4,4,4,41182,83125966,83172944,46978,4,1,2,0,0,0,0,2420,1,1
41183,4,4,3,41183,83187659,83234669,47010,4,1,2,0,0,0,0,2420,1,1
41184,4,4,0,41184,83249384,83293474,44090,4,3,0,0,0,0,0,2420,1,1
41185,4,4,3,41185,83308197,83387908,79711,8,3,4,0,0,0,0,2420,1,1
41186,4,4,4,41186,83402623,83431780,29157,2,1,0,0,0,0,0,2420,1,1
41187,4,4,4,41187,83446499,83468188,21689,1,0,0,0,0,0,0,2420,1,1
41188,4,4,1,41188,83482907,83504620,21713,1,0,0,0,0,0,0,2420,1,1
41189,4,4,1,41189,83519348,83558896,39548,3,0,2,0,0,0,0,2420,1,1
41190,4,4,4,41190,83573626,83619178,45552,4,2,1,0,0,0,0,2420,1,1
41191,4,4,4,41191,83633897,83677947,44050,4,3,0,0,0,0,0,2420,1,1
41192,4,4,4,41192,83692665,83714359,21694,1,0,0,0,0,0,0,2420,1,1
41193,4,4,0,41193,83729073,83804429,75356,8,6,1,0,0,0,0,2420,1,1
41194,4,4,1,41194,83819152,83887112,67960,7,5,1,0,0,0,0,2420,1,1
41195,4,4,1,41195,83901839,83939941,38102,3,1,1,0,0,0,0,2420,1,1
41196,4,4,1,41196,83954673,83998786,44113,4,3,0,0,0,0,0,2420,1,1
41197,4,4,2,41197,84013516,84074027,60511,6,4,1,0,0,0,0,2420,1,1
41198,4,4,2,41198,84088742,84152131,63389,6,2,3,0,0,0,0,2420,1,1
41199,4,4,3,41199,84166849,84243714,76865,8,5,2,0,0,0,0,2420,1,1
41200,4,4,2,41200,84258428,84280118,21690,1,0,0,0,0,0,0,2420,1,1
41201,4,4,0,41201,84294837,84323998,29161,2,1,0,0,0,0,0,2420,1,1
41202,4,4,3,41202,84338720,84391702,52982,5,3,1,0,0,0,0,2420,1,1
41203,4,4,2,41203,84406420,84459433,53013,5,3,1,0,0,0,0,2420,1,1
41204,4,4,2,41204,84474151,84540623,66472,6,1,3,0,1,0,0,2420,1,1
41205,4,4,0,41205,84555341,84630732,75391,8,6,1,0,0,0,0,2420,1,1
41206,4,4,1,41206,84645459,84722349,76890,8,5,2,0,0,0,0,2420,1,1
41207,4,4,3,41207,84737079,84816881,79802,8,3,4,0,0,0,0,2420,1,1
41208,4,4,1,41208,84831596,84853313,21717,1,0,0,0,0,0,0,2420,1,1
41209,4,4,2,41209,84868040,84928531,60491,6,4,1,0,0,0,0,2420,1,1
41210,4,4,2,41210,84943250,84964939,21689,1,0,0,0,0,0,0,2420,1,1
41211,4,4,3,41211,84979654,85034099,54445,5,2,2,0,0,0,0,2420,1,1
41212,4,4,4,41212,85048813,85070502,21689,1,0,0,0,0,0,0,2420,1,1
41213,4,4,1,41213,85085221,85129306,44085,4,3,0,0,0,0,0,2420,1,1
41214,4,4,4,41214,85144036,85192458,48422,4,0,3,0,0,0,0,2420,1,1
41215,4,4,0,41215,85207177,85245258,38081,3,1,1,0,0,0,0,2420,1,1
41216,4,4,3,41216,85259980,85299511,39531,3,0,2,0,0,0,0,2420,1,1
41217,4,4,4,41217,85314230,85344849,30619,2,0,1,0,0,0,0,2420,1,1
41218,4,4,4,41218,85359564,85420094,60530,6,4,1,0,0,0,0,2420,1,1
41219,4,4,2,41219,85434813,85480376,45563,4,2,1,0,0,0,0,2420,1,1
41220,4,4,0,41220,85495095,85516800,21705,1,0,0,0,0,0,0,2420,1,1
41221,4,4,2,41221,85531523,85609840,78317,8,4,3,0,0,0,0,2420,1,1
41222,4,4,0,41222,85624559,85696842,72283,7,2,4,0,0,0,0,2420,1,1
41223,4,4,1,41223,85711566,85810705,99139,10,2,7,0,0,0,0,2420,1,1
41224,4,4,0,41224,85825441,85912663,87222,9,4,4,0,0,0,0,2420,1,1
41225,4,4,2,41225,85927390,85956550,29160,2,1,0,0,0,0,0,2420,1,1
41226,4,4,1,41226,85971265,86040655,69390,7,4,2,0,0,0,0,2420,1,1
41227,4,4,0,41227,86055386,86092031,36645,3,2,0,0,0,0,0,2420,1,1
41228,4,4,1,41228,86106757,86128470,21713,1,0,0,0,0,0,0,2420,1,1
41229,4,4,2,41229,86143200,86276643,133443,15,9,5,0,0,0,0,2420,1,1
41230,4,4,3,41230,86291360,86393567,102207,11,6,4,0,0,0,0,2420,1,1
41231,4,4,4,41231,86408284,86459829,51545,5,4,0,0,0,0,0,2420,1,1
41232,4,4,0,41232,86474549,86512651,38102,3,1,1,0,0,0,0,2420,1,1
41233,4,4,4,41233,86527378,86549068,21690,1,0,0,0,0,0,0,2420,1,1
41234,4,4,2,41234,86563787,86601872,38085,3,1,1,0,0,0,0,2420,1,1
41235,4,4,4,41235,86616591,86681377,64786,6,1,4,0,0,0,0,2420,1,1
41236,4,4,1,41236,86696096,86717809,21713,1,0,0,0,0,0,0,2420,1,1
41237,4,4,1,41237,86732535,86776687,44152,4,3,0,0,0,0,0,2420,1,1
41238,4,4,2,41238,86791414,86813107,21693,1,0,0,0,0,0,0,2420,1,1
41239,4,4,1,41239,86827822,86874858,47036,4,1,2,0,0,0,0,2420,1,1
41240,4,4,0,41240,86889585,86911290,21705,1,0,0,0,0,0,0,2420,1,1
41241,4,4,2,41241,86926017,86980466,54449,5,2,2,0,0,0,0,2420,1,1
41242,4,4,2,41242,86995185,87066046,70861,7,3,3,0,0,0,0,2420,1,1
41243,4,4,2,41243,87080762,87135183,54421,5,2,2,0,0,0,0,2420,1,1
41244,4,4,3,41244,87149898,87292243,142345,16,9,6,0,0,0,0,2420,1,1
41245,4,4,4,41245,87306964,87386742,79778,8,3,4,0,0,0,0,2420,1,1
41246,4,4,0,41246,87401458,87430623,29165,2,1,0,0,0,0,0,2420,1,1
41247,4,4,3,41247,87445349,87490874,45525,4,2,1,0,0,0,0,2420,1,1
41248,4,4,3,41248,87505593,87542234,36641,3,2,0,0,0,0,0,2420,1,1
41249,4,4,4,41249,87556952,87578641,21689,1,0,0,0,0,0,0,2420,1,1
41250,4,4,0,41250,87593360,87615065,21705,1,0,0,0,0,0,0,2420,1,1
41251,4,4,2,41251,87629788,87658947,29159,2,1,0,0,0,0,0,2420,1,1
41252,4,4,3,41252,87673665,87754856,81191,8,2,5,0,0,0,0,2420,1,1
41253,4,4,3,41253,87769570,87824023,54453,5,2,2,0,0,0,0,2420,1,1
41254,4,4,3,41254,87838738,87869333,30595,2,0,1,0,0,0,0,2420,1,1
41255,4,4,1,41255,87884051,87914678,30627,2,0,1,0,0,0,0,2420,1,1
41256,4,4,1,41256,87929408,87958606,29198,2,1,0,0,0,0,0,2420,1,1
41257,4,4,0,41257,87973337,88009979,36642,3,2,0,0,0,0,0,2420,1,1
41258,4,4,3,41258,88024706,88046395,21689,1,0,0,0,0,0,0,2420,1,1
41259,4,4,3,41259,88061111,88082804,21693,1,0,0,0,0,0,0,2420,1,1
41260,4,4,3,41260,88097519,88137039,39520,3,0,2,0,0,0,0,2420,1,1
41261,4,4,2,41261,88151754,88173448,21694,1,0,0,0,0,0,0,2420,1,1
41262,4,4,0,41262,88188163,88209868,21705,1,0,0,0,0,0,0,2420,1,1
41263,4,4,3,41263,88224594,88246284,21690,1,0,0,0,0,0,0,2420,1,1
41264,4,4,3,41264,88260999,88282688,21689,1,0,0,0,0,0,0,2420,1,1
41265,4,4,3,41265,88297408,88319098,21690,1,0,0,0,0,0,0,2420,1,1
41266,4,4,1,41266,88333817,88379362,45545,4,2,1,0,0,0,0,2420,1,1
41267,4,4,0,41267,88394094,88415799,21705,1,0,0,0,0,0,0,2420,1,1
41268,4,4,1,41268,88430522,88485007,54485,5,2,2,0,0,0,0,2420,1,1
41269,4,4,3,41269,88499734,88551293,51559,5,4,0,0,0,0,0,2420,1,1
41270,4,4,3,41270,88566012,88694936,128924,14,6,7,0,0,0,0,2420,1,1
41271,4,4,4,41271,88709654,88738822,29168,2,1,0,0,0,0,0,2420,1,1
41272,4,4,0,41272,88753541,88782708,29167,2,1,0,0,0,0,0,2420,1,1
41273,4,4,1,41273,88797434,88884761,87327,9,4,4,0,0,0,0,2420,1,1
41274,4,4,1,41274,88899489,88928657,29168,2,1,0,0,0,0,0,2420,1,1
41275,4,4,2,41275,88943387,88965077,21690,1,0,0,0,0,0,0,2420,1,1
41276,4,4,4,41276,88979791,89001481,21690,1,0,0,0,0,0,0,2420,1,1
41277,4,4,1,41277,89016200,89054299,38099,3,1,1,0,0,0,0,2420,1,1
41278,4,4,1,41278,89069025,89090738,21713,1,0,0,0,0,0,0,2420,1,1
41279,4,4,2,41279,89105468,89127158,21690,1,0,0,0,0,0,0,2420,1,1
41280,4,4,4,41280,89141873,89187416,45543,4,2,1,0,0,0,0,2420,1,1
41281,4,4,3,41281,89202131,89241663,39532,3,0,2,0,0,0,0,2420,1,1
41282,4,4,4,41282,89256382,89285531,29149,2,1,0,0,0,0,0,2420,1,1
41283,4,4,4,41283,89300245,89330838,30593,2,0,1,0,0,0,0,2420,1,1
41284,4,4,0,41284,89345557,89401460,55903,5,1,3,0,0,0,0,2420,1,1
41285,4,4,2,41285,89416187,89454247,38060,3,1,1,0,0,0,0,2420,1,1
41286,4,4,4,41286,89468962,89515948,46986,4,1,2,0,0,0,0,2420,1,1
41287,4,4,2,41287,89530662,89586567,55905,5,1,3,0,0,0,0,2420,1,1
41288,4,4,3,41288,89601286,89746453,145167,16,7,8,0,0,0,0,2420,1,1
41289,4,4,2,41289,89761170,89808209,47039,4,1,2,0,0,0,0,2420,1,1
41290,4,4,3,41290,89822929,89874499,51570,5,4,0,0,0,0,0,2420,1,1
41291,4,4,4,41291,89889214,89936201,46987,4,1,2,0,0,0,0,2420,1,1
41292,4,4,3,41292,89950916,90003971,53055,5,3,1,0,0,0,0,2420,1,1
41293,4,4,1,41293,90018686,90040400,21714,1,0,0,0,0,0,0,2420,1,1
41294,4,4,4,41294,90055130,90167614,112484,12,5,6,0,0,0,0,2420,1,1
41295,4,4,2,41295,90182332,90204025,21693,1,0,0,0,0,0,0,2420,1,1
41296,4,4,4,41296,90218740,90262794,44054,4,3,0,0,0,0,0,2420,1,1
41297,4,4,4,41297,90277509,90299199,21690,1,0,0,0,0,0,0,2420,1,1
41298,4,4,2,41298,90313918,90343057,29139,2,1,0,0,0,0,0,2420,1,1
41299,4,4,2,41299,90357771,90422585,64814,6,1,4,0,0,0,0,2420,1,1
41300,4,4,3,41300,90437303,90493210,55907,5,1,3,0,0,0,0,2420,1,1
41301,4,4,1,41301,90507925,90529638,21713,1,0,0,0,0,0,0,2420,1,1
41302,4,4,2,41302,90544369,90566059,21690,1,0,0,0,0,0,0,2420,1,1
41303,4,4,1,41303,90580774,90618875,38101,3,1,1,0,0,0,0,2420,1,1
41304,4,4,3,41304,90633606,90655295,21689,1,0,0,0,0,0,0,2420,1,1
41305,4,4,4,41305,90670009,90691699,21690,1,0,0,0,0,0,0,2420,1,1
41306,4,4,1,41306,90706418,90753430,47012,4,1,2,0,0,0,0,2420,1,1
41307,4,4,3,41307,90768157,90822638,54481,5,2,2,0,0,0,0,2420,1,1
41308,4,4,2,41308,90837356,90884339,46983,4,1,2,0,0,0,0,2420,1,1
41309,4,4,0,41309,90899054,90938586,39532,3,0,2,0,0,0,0,2420,1,1
41310,4,4,4,41310,90953313,90975003,21690,1,0,0,0,0,0,0,2420,1,1
41311,4,4,2,41311,90989717,91048704,58987,6,5,0,0,0,0,0,2420,1,1
41312,4,4,3,41312,91063423,91117834,54411,5,2,2,0,0,0,0,2420,1,1
41313,4,4,3,41313,91132548,91161725,29177,2,1,0,0,0,0,0,2420,1,1
41314,4,4,1,41314,91176444,91198157,21713,1,0,0,0,0,0,0,2420,1,1
41315,4,4,2,41315,91212887,91349201,136314,15,7,7,0,0,0,0,2420,1,1
41316,4,4,2,41316,91363922,91385612,21690,1,0,0,0,0,0,0,2420,1,1
41317,4,4,3,41317,91400327,91436938,36611,3,2,0,0,0,0,0,2420,1,1
41318,4,4,1,41318,91451653,91504672,53019,5,3,1,0,0,0,0,2420,1,1
41319,4,4,2,41319,91519400,91575268,55868,5,1,3,0,0,0,0,2420,1,1
41320,4,4,0,41320,91589986,91657936,67950,7,5,1,0,0,0,0,2420,1,1
41321,4,4,2,41321,91672660,91749538,76878,8,5,2,0,0,0,0,2420,1,1
41322,4,4,0,41322,91764258,91826229,61971,6,3,2,0,0,0,0,2420,1,1
41323,4,4,4,41323,91840952,91862641,21689,1,0,0,0,0,0,0,2420,1,1
41324,4,4,2,41324,91877360,91913991,36631,3,2,0,0,0,0,0,2420,1,1
41325,4,4,3,41325,91928706,92054779,126073,14,8,5,0,0,0,0,2420,1,1
41326,4,4,3,41326,92069497,92098664,29167,2,1,0,0,0,0,0,2420,1,1
41327,4,4,1,41327,92113383,92144029,30646,2,0,1,0,0,0,0,2420,1,1
41328,4,4,1,41328,92158756,92202898,44142,4,3,0,0,0,0,0,2420,1,1
41329,4,4,4,41329,92217625,92246780,29155,2,1,0,0,0,0,0,2420,1,1
41330,4,4,0,41330,92261495,92298142,36647,3,2,0,0,0,0,0,2420,1,1
41331,4,4,1,41331,92312869,92343498,30629,2,0,1,0,0,0,0,2420,1,1
41332,4,4,0,41332,92358226,92394838,36612,3,2,0,0,0,0,0,2420,1,1
41333,4,4,4,41333,92409561,92431251,21690,1,0,0,0,0,0,0,2420,1,1
41334,4,4,0,41334,92445970,92467675,21705,1,0,0,0,0,0,0,2420,1,1
41335,4,4,1,41335,92482398,92504115,21717,1,0,0,0,0,0,0,2420,1,1
41336,4,4,0,41336,92518842,92571830,52988,5,3,1,0,0,0,0,2420,1,1
41337,4,4,3,41337,92586557,92632117,45560,4,2,1,0,0,0,0,2420,1,1
41338,4,4,3,41338,92646835,92707346,60511,6,4,1,0,0,0,0,2420,1,1
41339,4,4,0,41339,92722060,92743770,21710,1,0,0,0,0,0,0,2420,1,1
41340,4,4,2,41340,92758492,92818977,60485,6,4,1,0,0,0,0,2420,1,1
41341,4,4,1,41341,92833695,92897079,63384,6,2,3,0,0,0,0,2420,1,1
41342,4,4,0,41342,92911806,92940990,29184,2,1,0,0,0,0,0,2420,1,1
41343,4,4,4,41343,92955718,92986329,30611,2,0,1,0,0,0,0,2420,1,1
41344,4,4,2,41344,93001043,93143386,142343,16,9,6,0,0,0,0,2420,1,1
41345,4,4,3,41345,93158104,93179793,21689,1,0,0,0,0,0,0,2420,1,1
41346,4,4,2,41346,93194512,93254984,60472,6,4,1,0,0,0,0,2420,1,1
41347,4,4,2,41347,93269700,93403187,133487,15,9,5,0,0,0,0,2420,1,1
41348,4,4,4,41348,93417905,93457401,39496,3,0,2,0,0,0,0,2420,1,1
41349,4,4,2,41349,93472116,93501283,29167,2,1,0,0,0,0,0,2420,1,1
41350,4,4,1,41350,93516002,93561571,45569,4,2,1,0,0,0,0,2420,1,1
41351,4,4,4,41351,93576302,93659161,82859,9,7,1,0,0,0,0,2420,1,1
41352,4,4,2,41352,93673883,93719416,45533,4,2,1,0,0,0,0,2420,1,1
41353,4,4,4,41353,93734135,93755825,21690,1,0,0,0,0,0,0,2420,1,1
41354,4,4,1,41354,93770539,93808641,38102,3,1,1,0,0,0,0,2420,1,1
41355,4,4,2,41355,93823372,93845061,21689,1,0,0,0,0,0,0,2420,1,1
41356,4,4,2,41356,93859776,93950122,90346,10,8,1,0,0,0,0,2420,1,1
41357,4,4,2,41357,93964843,94013291,48448,4,0,3,0,0,0,0,2420,1,1
41358,4,4,0,41358,94028006,94088509,60503,6,4,1,0,0,0,0,2420,1,1
41359,4,4,2,41359,94103236,94203974,100738,11,7,3,0,0,0,0,2420,1,1
41360,4,4,2,41360,94218692,94262798,44106,4,3,0,0,0,0,0,2420,1,1
41361,4,4,4,41361,94277513,94315590,38077,3,1,1,0,0,0,0,2420,1,1
41362,4,4,4,41362,94330304,94392237,61933,6,3,2,0,0,0,0,2420,1,1
41363,4,4,1,41363,94406956,94506192,99236,11,8,2,0,0,0,0,2420,1,1
41364,4,4,4,41364,94520920,94560450,39530,3,0,2,0,0,0,0,2420,1,1
41365,4,4,0,41365,94575169,94604332,29163,2,1,0,0,0,0,0,2420,1,1
41366,4,4,4,41366,94619054,94658593,39539,3,0,2,0,0,0,0,2420,1,1
41367,4,4,4,41367,94673312,94695002,21690,1,0,0,0,0,0,0,2420,1,1
41368,4,4,4,41368,94709717,94738862,29145,2,1,0,0,0,0,0,2420,1,1
41369,4,4,3,41369,94753580,94793128,39548,3,0,2,0,0,0,0,2420,1,1
41370,4,4,2,41370,94807843,94829532,21689,1,0,0,0,0,0,0,2420,1,1
41371,4,4,4,41371,94844251,94882309,38058,3,1,1,0,0,0,0,2420,1,1
41372,4,4,3,41372,94897028,94926183,29155,2,1,0,0,0,0,0,2420,1,1
41373,4,4,3,41373,94940897,94970055,29158,2,1,0,0,0,0,0,2420,1,1
41374,4,4,2,41374,94984774,95021391,36617,3,2,0,0,0,0,0,2420,1,1
41375,4,4,0,41375,95036109,95122043,85934,9,6,1,0,1,0,0,2420,1,1
41376,4,4,1,41376,95136770,95200147,63377,6,2,3,0,0,0,0,2420,1,1
41377,4,4,3,41377,95214877,95244049,29172,2,1,0,0,0,0,0,2420,1,1
41378,4,4,0,41378,95258764,95304307,45543,4,2,1,0,0,0,0,2420,1,1
41379,4,4,1,41379,95319030,95443584,124554,14,9,4,0,0,0,0,2420,1,1
41380,4,4,0,41380,95458314,95488933,30619,2,0,1,0,0,0,0,2420,1,1
41381,4,4,3,41381,95503660,95525350,21690,1,0,0,0,0,0,0,2420,1,1
41382,4,4,3,41382,95540065,95601931,61866,6,3,2,0,0,0,0,2420,1,1
41383,4,4,1,41383,95616650,95638364,21714,1,0,0,0,0,0,0,2420,1,1
41384,4,4,0,41384,95653094,95689737,36643,3,2,0,0,0,0,0,2420,1,1
41385,4,4,1,41385,95704464,95799161,94697,10,5,4,0,0,0,0,2420,1,1
41386,4,4,2,41386,95813893,95851962,38069,3,1,1,0,0,0,0,2420,1,1
41387,4,4,3,41387,95866681,95959958,93277,10,6,3,0,0,0,0,2420,1,1
41388,4,4,1,41388,95974679,96029171,54492,5,2,2,0,0,0,0,2420,1,1
41389,4,4,3,41389,96043902,96073046,29144,2,1,0,0,0,0,0,2420,1,1
41390,4,4,3,41390,96087761,96116931,29170,2,1,0,0,0,0,0,2420,1,1
41391,4,4,4,41391,96131646,96160806,29160,2,1,0,0,0,0,0,2420,1,1
41392,4,4,3,41392,96175524,96197213,21689,1,0,0,0,0,0,0,2420,1,1
41393,4,4,0,41393,96211928,96233638,21710,1,0,0,0,0,0,0,2420,1,1
41394,4,4,1,41394,96248360,96278977,30617,2,0,1,0,0,0,0,2420,1,1
41395,4,4,0,41395,96293708,96315413,21705,1,0,0,0,0,0,0,2420,1,1
41396,4,4,2,41396,96330135,96400965,70830,7,3,3,0,0,0,0,2420,1,1
41397,4,4,4,41397,96415684,96508903,93219,10,6,3,0,0,0,0,2420,1,1
41398,4,4,4,41398,96523624,96545313,21689,1,0,0,0,0,0,0,2420,1,1
41399,4,4,3,41399,96560028,96598084,38056,3,1,1,0,0,0,0,2420,1,1
41400,4,4,0,41400,96612802,96691153,78351,8,4,3,0,0,0,0,2420,1,1
41401,4,4,3,41401,96705880,96799087,93207,10,6,3,0,0,0,0,2420,1,1
41402,4,4,2,41402,96813808,96842969,29161,2,1,0,0,0,0,0,2420,1,1
41403,4,4,1,41403,96857683,96879396,21713,1,0,0,0,0,0,0,2420,1,1
41404,4,4,3,41404,96894128,96932187,38059,3,1,1,0,0,0,0,2420,1,1
41405,4,4,1,41405,96946905,97052028,105123,11,4,6,0,0,0,0,2420,1,1
41406,4,4,1,41406,97066761,97095948,29187,2,1,0,0,0,0,0,2420,1,1
41407,4,4,0,41407,97110675,97162209,51534,5,4,0,0,0,0,0,2420,1,1
41408,4,4,1,41408,97176935,97206117,29182,2,1,0,0,0,0,0,2420,1,1
41409,4,4,4,41409,97220844,97273857,53013,5,3,1,0,0,0,0,2420,1,1
41410,4,4,1,41410,97288572,97326658,38086,3,1,1,0,0,0,0,2420,1,1
41411,4,4,3,41411,97341385,97474920,133535,15,9,5,0,0,0,0,2420,1,1
41412,4,4,1,41412,97489638,97511351,21713,1,0,0,0,0,0,0,2420,1,1
41413,4,4,4,41413,97526083,97588022,61939,6,3,2,0,0,0,0,2420,1,1
41414,4,4,4,41414,97602736,97624430,21694,1,0,0,0,0,0,0,2420,1,1
41415,4,4,3,41415,97639145,97675761,36616,3,2,0,0,0,0,0,2420,1,1
41416,4,4,3,41416,97690479,97853839,163360,19,13,5,0,0,0,0,2420,1,1
41417,4,4,0,41417,97868558,97890263,21705,1,0,0,0,0,0,0,2420,1,1
41418,4,4,1,41418,97904990,97952021,47031,4,1,2,0,0,0,0,2420,1,1
41419,4,4,2,41419,97966751,97988440,21689,1,0,0,0,0,0,0,2420,1,1
41420,4,4,0,41420,98003158,98024863,21705,1,0,0,0,0,0,0,2420,1,1
41421,4,4,1,41421,98039586,98086648,47062,4,1,2,0,0,0,0,2420,1,1
41422,4,4,4,41422,98101374,98172207,70833,7,3,3,0,0,0,0,2420,1,1
41423,4,4,0,41423,98186925,98239979,53054,5,3,1,0,0,0,0,2420,1,1
41424,4,4,0,41424,98254707,98316594,61887,6,3,2,0,0,0,0,2420,1,1
41425,4,4,1,41425,98331316,98393224,61908,6,3,2,0,0,0,0,2420,1,1
41426,4,4,2,41426,98407950,98453501,45551,4,2,1,0,0,0,0,2420,1,1
41427,4,4,4,41427,98468216,98521212,52996,5,3,1,0,0,0,0,2420,1,1
41428,4,4,0,41428,98535930,98609675,73745,7,1,5,0,0,0,0,2420,1,1
41429,4,4,2,41429,98624402,98654998,30596,2,0,1,0,0,0,0,2420,1,1
41430,4,4,1,41430,98669713,98764390,94677,10,5,4,0,0,0,0,2420,1,1
41431,4,4,1,41431,98779119,98800832,21713,1,0,0,0,0,0,0,2420,1,1
41432,4,4,3,41432,98815563,98861081,45518,4,2,1,0,0,0,0,2420,1,1
41433,4,4,2,41433,98875800,98897489,21689,1,0,0,0,0,0,0,2420,1,1
41434,4,4,1,41434,98912204,98957816,45612,4,2,1,0,0,0,0,2420,1,1
41435,4,4,4,41435,98972544,99025529,52985,5,3,1,0,0,0,0,2420,1,1
41436,4,4,4,41436,99040244,99079759,39515,3,0,2,0,0,0,0,2420,1,1
41437,4,4,0,41437,99094478,99223441,128963,14,6,7,0,0,0,0,2420,1,1
41438,4,4,2,41438,99238167,99276237,38070,3,1,1,0,0,0,0,2420,1,1
41439,4,4,1,41439,99290951,99416943,125992,14,8,5,0,0,0,0,2420,1,1
41440,4,4,1,41440,99431673,99453391,21718,1,0,0,0,0,0,0,2420,1,1
41441,4,4,2,41441,99468117,99537505,69388,7,4,2,0,0,0,0,2420,1,1
41442,4,4,0,41442,99552220,99582836,30616,2,0,1,0,0,0,0,2420,1,1
41443,4,4,1,41443,99597559,99644567,47008,4,1,2,0,0,0,0,2420,1,1
41444,4,4,1,41444,99659294,99695936,36642,3,2,0,0,0,0,0,2420,1,1
41445,4,4,0,41445,99710662,99757659,46997,4,1,2,0,0,0,0,2420,1,1
41446,4,4,2,41446,99772382,99801534,29152,2,1,0,0,0,0,0,2420,1,1
41447,4,4,0,41447,99816253,99960104,143851,16,8,7,0,0,0,0,2420,1,1
41448,4,4,1,41448,99974838,99996551,21713,1,0,0,0,0,0,0,2420,1,1
41449,4,4,4,41449,100011278,100040447,29169,2,1,0,0,0,0,0,2420,1,1
41450,4,4,3,41450,100055169,100093239,38070,3,1,1,0,0,0,0,2420,1,1
41451,4,4,0,41451,100107956,100138597,30641,2,0,1,0,0,0,0,2420,1,1
41452,4,4,2,41452,100153326,100189949,36623,3,2,0,0,0,0,0,2420,1,1
41453,4,4,3,41453,100204670,100268036,63366,6,2,3,0,0,0,0,2420,1,1
41454,4,4,4,41454,100282757,100429720,146963,17,12,4,0,0,0,0,2420,1,1
41455,4,4,4,41455,100444446,100466136,21690,1,0,0,0,0,0,0,2420,1,1
41456,4,4,2,41456,100480854,100539869,59015,6,5,0,0,0,0,0,2420,1,1
41457,4,4,1,41457,100554591,100576304,21713,1,0,0,0,0,0,0,2420,1,1
41458,4,4,4,41458,100591033,100664979,73946,8,7,0,0,0,0,0,2420,1,1
41459,4,4,3,41459,100679696,100701386,21690,1,0,0,0,0,0,0,2420,1,1
41460,4,4,0,41460,100716107,100737812,21705,1,0,0,0,0,0,0,2420,1,1
41461,4,4,2,41461,100752537,100781678,29141,2,1,0,0,0,0,0,2420,1,1
41462,4,4,4,41462,100796399,100844820,48421,4,0,3,0,0,0,0,2420,1,1
41463,4,4,0,41463,100859537,100897605,38068,3,1,1,0,0,0,0,2420,1,1
41464,4,4,3,41464,100912330,100934024,21694,1,0,0,0,0,0,0,2420,1,1
41465,4,4,2,41465,100948741,100994264,45523,4,2,1,0,0,0,0,2420,1,1
41466,4,4,1,41466,101008981,101030694,21713,1,0,0,0,0,0,0,2420,1,1
41467,4,4,4,41467,101045427,101067116,21689,1,0,0,0,0,0,0,2420,1,1
41468,4,4,2,41468,101081833,101136271,54438,5,2,2,0,0,0,0,2420,1,1
41469,4,4,0,41469,101150988,101172693,21705,1,0,0,0,0,0,0,2420,1,1
41470,4,4,3,41470,101187422,101331244,143822,16,8,7,0,0,0,0,2420,1,1
41471,4,4,2,41471,101345968,101376575,30607,2,0,1,0,0,0,0,2420,1,1
41472,4,4,1,41472,101391292,101469636,78344,8,4,3,0,0,0,0,2420,1,1
41473,4,4,3,41473,101484369,101506059,21690,1,0,0,0,0,0,0,2420,1,1
41474,4,4,0,41474,101520775,101549930,29155,2,1,0,0,0,0,0,2420,1,1
41475,4,4,4,41475,101564660,101595251,30591,2,0,1,0,0,0,0,2420,1,1
41476,4,4,0,41476,101609968,101631674,21706,1,0,0,0,0,0,0,2420,1,1
41477,4,4,3,41477,101646403,101668093,21690,1,0,0,0,0,0,0,2420,1,1
41478,4,4,2,41478,101682813,101787872,105059,11,4,6,0,0,0,0,2420,1,1
41479,4,4,0,41479,101802592,101831763,29171,2,1,0,0,0,0,0,2420,1,1
41480,4,4,3,41480,101846496,101893507,47011,4,1,2,0,0,0,0,2420,1,1
41481,4,4,4,41481,101908224,101938842,30618,2,0,1,0,0,0,0,2420,1,1
41482,4,4,0,41482,101953563,101991687,38124,3,1,1,0,0,0,0,2420,1,1
41483,4,4,0,41483,102006416,102092212,85796,9,5,3,0,0,0,0,2420,1,1
41484,4,4,2,41484,102106941,102158497,51556,5,4,0,0,0,0,0,2420,1,1
41485,4,4,2,41485,102173218,102202357,29139,2,1,0,0,0,0,0,2420,1,1
41486,4,4,2,41486,102217078,102238767,21689,1,0,0,0,0,0,0,2420,1,1
41487,4,4,2,41487,102253488,102313933,60445,6,4,1,0,0,0,0,2420,1,1
41488,4,4,2,41488,102328650,102439677,111027,12,6,5,0,0,0,0,2420,1,1
41489,4,4,4,41489,102454401,102517775,63374,6,2,3,0,0,0,0,2420,1,1
41490,4,4,4,41490,102532492,102576568,44076,4,3,0,0,0,0,0,2420,1,1
41491,4,4,0,41491,102591285,102612994,21709,1,0,0,0,0,0,0,2420,1,1
41492,4,4,4,41492,102627719,102649408,21689,1,0,0,0,0,0,0,2420,1,1
41493,4,4,4,41493,102664128,102685818,21690,1,0,0,0,0,0,0,2420,1,1
41494,4,4,0,41494,102700534,102737171,36637,3,2,0,0,0,0,0,2420,1,1
41495,4,4,1,41495,102751896,102781072,29176,2,1,0,0,0,0,0,2420,1,1
41496,4,4,1,41496,102795806,102848854,53048,5,3,1,0,0,0,0,2420,1,1
41497,4,4,1,41497,102863587,102885301,21714,1,0,0,0,0,0,0,2420,1,1
41498,4,4,1,41498,102900029,102921743,21714,1,0,0,0,0,0,0,2420,1,1
41499,4,4,1,41499,102936476,102974576,38100,3,1,1,0,0,0,0,2420,1,1
41500,4,4,1,41500,102989305,103011017,21712,1,0,0,0,0,0,0,2420,1,1
41501,4,4,2,41501,103025750,103054897,29147,2,1,0,0,0,0,0,2420,1,1
41502,4,4,2,41502,103069614,103100211,30597,2,0,1,0,0,0,0,2420,1,1
41503,4,4,0,41503,103114932,103188678,73746,7,1,5,0,0,0,0,2420,1,1
41504,4,4,3,41504,103203407,103341458,138051,16,12,3,0,0,0,0,2420,1,1
41505,4,4,2,41505,103356183,103392823,36640,3,2,0,0,0,0,0,2420,1,1
41506,4,4,3,41506,103407540,103502226,94686,10,5,4,0,0,0,0,2420,1,1
41507,4,4,0,41507,103516948,103547555,30607,2,0,1,0,0,0,0,2420,1,1
41508,4,4,2,41508,103562279,103583973,21694,1,0,0,0,0,0,0,2420,1,1
41509,4,4,0,41509,103598690,103629305,30615,2,0,1,0,0,0,0,2420,1,1
41510,4,4,1,41510,103644034,103673207,29173,2,1,0,0,0,0,0,2420,1,1
41511,4,4,1,41511,103687936,103775207,87271,9,4,4,0,0,0,0,2420,1,1
41512,4,4,0,41512,103789940,103811645,21705,1,0,0,0,0,0,0,2420,1,1
41513,4,4,1,41513,103826374,103864468,38094,3,1,1,0,0,0,0,2420,1,1
41514,4,4,3,41514,103879197,103908339,29142,2,1,0,0,0,0,0,2420,1,1
41515,4,4,0,41515,103923056,103944761,21705,1,0,0,0,0,0,0,2420,1,1
41516,4,4,1,41516,103959486,103996133,36647,3,2,0,0,0,0,0,2420,1,1
41517,4,4,4,41517,104010862,104032551,21689,1,0,0,0,0,0,0,2420,1,1
41518,4,4,3,41518,104047272,104068962,21690,1,0,0,0,0,0,0,2420,1,1
41519,4,4,2,41519,104083684,104121749,38065,3,1,1,0,0,0,0,2420,1,1
41520,4,4,2,41520,104136470,104173071,36601,3,2,0,0,0,0,0,2420,1,1
41521,4,4,3,41521,104187788,104216933,29145,2,1,0,0,0,0,0,2420,1,1
41522,4,4,2,41522,104231649,104277205,45556,4,2,1,0,0,0,0,2420,1,1
41523,4,4,2,41523,104291922,104358398,66476,7,6,0,0,0,0,0,2420,1,1
41524,4,4,4,41524,104373116,104394806,21690,1,0,0,0,0,0,0,2420,1,1
41525,4,4,4,41525,104409523,104463962,54439,5,2,2,0,0,0,0,2420,1,1
41526,4,4,0,41526,104478679,104515323,36644,3,2,0,0,0,0,0,2420,1,1
41527,4,4,1,41527,104530047,104551760,21713,1,0,0,0,0,0,0,2420,1,1
41528,4,4,0,41528,104566493,104588198,21705,1,0,0,0,0,0,0,2420,1,1
41529,4,4,4,41529,104602927,104640988,38061,3,1,1,0,0,0,0,2420,1,1
41530,4,4,4,41530,104655710,104684868,29158,2,1,0,0,0,0,0,2420,1,1
41531,4,4,4,41531,104699584,104762982,63398,6,2,3,0,0,0,0,2420,1,1
41532,4,4,2,41532,104777700,104924412,146712,16,6,9,0,0,0,0,2420,1,1
41533,4,4,0,41533,104939132,105014529,75397,8,6,1,0,0,0,0,2420,1,1
41534,4,4,1,41534,105029254,105067329,38075,3,1,1,0,0,0,0,2420,1,1
41535,4,4,1,41535,105082058,105103776,21718,1,0,0,0,0,0,0,2420,1,1
41536,4,4,1,41536,105118504,105140218,21714,1,0,0,0,0,0,0,2420,1,1
41537,4,4,0,41537,105154952,105193038,38086,3,1,1,0,0,0,0,2420,1,1
41538,4,4,4,41538,105207762,105244417,36655,3,2,0,0,0,0,0,2420,1,1
41539,4,4,4,41539,105259134,105298673,39539,3,0,2,0,0,0,0,2420,1,1
41540,4,4,4,41540,105313394,105399186,85792,9,5,3,0,0,0,0,2420,1,1
41541,4,4,4,41541,105413908,105508613,94705,10,5,4,0,0,0,0,2420,1,1
41542,4,4,0,41542,105523336,105545041,21705,1,0,0,0,0,0,0,2420,1,1
41543,4,4,1,41543,105559766,105590414,30648,2,0,1,0,0,0,0,2420,1,1
41544,4,4,3,41544,105605151,105626841,21690,1,0,0,0,0,0,0,2420,1,1
41545,4,4,2,41545,105641557,105736229,94672,10,5,4,0,0,0,0,2420,1,1
41546,4,4,2,41546,105750948,105812855,61907,6,3,2,0,0,0,0,2420,1,1
41547,4,4,3,41547,105827572,105880594,53022,5,3,1,0,0,0,0,2420,1,1
41548,4,4,1,41548,105895315,105925929,30614,2,0,1,0,0,0,0,2420,1,1
41549,4,4,1,41549,105940658,105986235,45577,4,2,1,0,0,0,0,2420,1,1
41550,4,4,0,41550,106000964,106030118,29154,2,1,0,0,0,0,0,2420,1,1
41551,4,4,1,41551,106044848,106074012,29164,2,1,0,0,0,0,0,2420,1,1
41552,4,4,3,41552,106088741,106143202,54461,5,2,2,0,0,0,0,2420,1,1
41553,4,4,2,41553,106157920,106179609,21689,1,0,0,0,0,0,0,2420,1,1
41554,4,4,4,41554,106194331,106241282,46951,4,1,2,0,0,0,0,2420,1,1
41555,4,4,2,41555,106256002,106277692,21690,1,0,0,0,0,0,0,2420,1,1
41556,4,4,2,41556,106292408,106314102,21694,1,0,0,0,0,0,0,2420,1,1
41557,4,4,4,41557,106328819,106383254,54435,5,2,2,0,0,0,0,2420,1,1
41558,4,4,1,41558,106397971,106450994,53023,5,3,1,0,0,0,0,2420,1,1
41559,4,4,0,41559,106465728,106487432,21704,1,0,0,0,0,0,0,2420,1,1
41560,4,4,3,41560,106502158,106555129,52971,5,3,1,0,0,0,0,2420,1,1
41561,4,4,4,41561,106569845,106630293,60448,6,4,1,0,0,0,0,2420,1,1
41562,4,4,0,41562,106645014,106666719,21705,1,0,0,0,0,0,0,2420,1,1
41563,4,4,1,41563,106681444,106712090,30646,2,0,1,0,0,0,0,2420,1,1
41564,4,4,4,41564,106726822,106755971,29149,2,1,0,0,0,0,0,2420,1,1
41565,4,4,4,41565,106770687,106834065,63378,6,2,3,0,0,0,0,2420,1,1
41566,4,4,4,41566,106848782,106870471,21689,1,0,0,0,0,0,0,2420,1,1
41567,4,4,2,41567,106885192,107012646,127454,14,7,6,0,0,0,0,2420,1,1
41568,4,4,3,41568,107027370,107056533,29163,2,1,0,0,0,0,0,2420,1,1
41569,4,4,2,41569,107071250,107192654,121404,13,5,7,0,0,0,0,2420,1,1
41570,4,4,2,41570,107207379,107236546,29167,2,1,0,0,0,0,0,2420,1,1
41571,4,4,1,41571,107251263,107272980,21717,1,0,0,0,0,0,0,2420,1,1
41572,4,4,3,41572,107287709,107361426,73717,7,1,5,0,0,0,0,2420,1,1
41573,4,4,1,41573,107376148,107423151,47003,4,1,2,0,0,0,0,2420,1,1
41574,4,4,4,41574,107437880,107493803,55923,5,1,3,0,0,0,0,2420,1,1
41575,4,4,2,41575,107508519,107539132,30613,2,0,1,0,0,0,0,2420,1,1
41576,4,4,4,41576,107553857,107575546,21689,1,0,0,0,0,0,0,2420,1,1
41577,4,4,4,41577,107590264,107629784,39520,3,0,2,0,0,0,0,2420,1,1
41578,4,4,1,41578,107644505,107673672,29167,2,1,0,0,0,0,0,2420,1,1
41579,4,4,4,41579,107688402,107799421,111019,12,6,5,0,0,0,0,2420,1,1
41580,4,4,4,41580,107814145,107852199,38054,3,1,1,0,0,0,0,2420,1,1
41581,4,4,2,41581,107866919,107912467,45548,4,2,1,0,0,0,0,2420,1,1
41582,4,4,4,41582,107927188,107948877,21689,1,0,0,0,0,0,0,2420,1,1
41583,4,4,0,41583,107963599,108033003,69404,7,4,2,0,0,0,0,2420,1,1
41584,4,4,0,41584,108047728,108093301,45573,4,2,1,0,0,0,0,2420,1,1
41585,4,4,0,41585,108108026,108156635,48609,4,1,1,0,1,0,0,2420,1,1
41586,4,4,2,41586,108171360,108225811,54451,5,2,2,0,0,0,0,2420,1,1
41587,4,4,4,41587,108240528,108278573,38045,3,1,1,0,0,0,0,2420,1,1
41588,4,4,4,41588,108293294,108370131,76837,8,5,2,0,0,0,0,2420,1,1
41589,4,4,0,41589,108384852,108406557,21705,1,0,0,0,0,0,0,2420,1,1
41590,4,4,2,41590,108421282,108506988,85706,9,5,3,0,0,0,0,2420,1,1
41591,4,4,1,41591,108521706,108597126,75420,8,6,1,0,0,0,0,2420,1,1
41592,4,4,3,41592,108611855,108701972,90117,9,2,6,0,0,0,0,2420,1,1
41593,4,4,1,41593,108716693,108738406,21713,1,0,0,0,0,0,0,2420,1,1
41594,4,4,2,41594,108753136,108774826,21690,1,0,0,0,0,0,0,2420,1,1
41595,4,4,3,41595,108789543,108811232,21689,1,0,0,0,0,0,0,2420,1,1
41596,4,4,2,41596,108825954,108870006,44052,4,3,0,0,0,0,0,2420,1,1
41597,4,4,1,41597,108884728,109103110,218382,25,12,12,0,0,0,0,2420,1,1
41598,4,4,3,41598,109117846,109169360,51514,5,4,0,0,0,0,0,2420,1,1
41599,4,4,4,41599,109184082,109295111,111029,12,6,5,0,0,0,0,2420,1,1
41600,4,4,4,41600,109309830,109347928,38098,3,1,1,0,0,0,0,2420,1,1
41601,4,4,0,41601,109362645,109384353,21708,1,0,0,0,0,0,0,2420,1,1
41602,4,4,3,41602,109399078,109437134,38056,3,1,1,0,0,0,0,2420,1,1
41603,4,4,3,41603,109451851,109473545,21694,1,0,0,0,0,0,0,2420,1,1
41604,4,4,0,41604,109488262,109517424,29162,2,1,0,0,0,0,0,2420,1,1
41605,4,4,3,41605,109532149,109570198,38049,3,1,1,0,0,0,0,2420,1,1
41606,4,4,1,41606,109584920,109624458,39538,3,0,2,0,0,0,0,2420,1,1
41607,4,4,0,41607,109639187,109699671,60484,6,4,1,0,0,0,0,2420,1,1
41608,4,4,4,41608,109714404,109745030,30626,2,0,1,0,0,0,0,2420,1,1
41609,4,4,3,41609,109759747,109821670,61923,6,3,2,0,0,0,0,2420,1,1
41610,4,4,0,41610,109836391,109917675,81284,8,2,5,0,0,0,0,2420,1,1
41611,4,4,1,41611,109932400,109969062,36662,3,2,0,0,0,0,0,2420,1,1
41612,4,4,0,41612,109983795,110032250,48455,4,0,3,0,0,0,0,2420,1,1
41613,4,4,4,41613,110046979,110091073,44094,4,3,0,0,0,0,0,2420,1,1
41614,4,4,2,41614,110105795,110151336,45541,4,2,1,0,0,0,0,2420,1,1
41615,4,4,0,41615,110166057,110213066,47009,4,1,2,0,0,0,0,2420,1,1
41616,4,4,3,41616,110227792,110249481,21689,1,0,0,0,0,0,0,2420,1,1
41617,4,4,0,41617,110264202,110300849,36647,3,2,0,0,0,0,0,2420,1,1
41618,4,4,1,41618,110315578,110352193,36615,3,2,0,0,0,0,0,2420,1,1
41619,4,4,1,41619,110366926,110404995,38069,3,1,1,0,0,0,0,2420,1,1
41620,4,4,0,41620,110419724,110457811,38087,3,1,1,0,0,0,0,2420,1,1
41621,4,4,2,41621,110472536,110494229,21693,1,0,0,0,0,0,0,2420,1,1
41622,4,4,0,41622,110508946,110530647,21701,1,0,0,0,0,0,0,2420,1,1
41623,4,4,2,41623,110545377,110592374,46997,4,1,2,0,0,0,0,2420,1,1
41624,4,4,2,41624,110607094,110668992,61898,6,3,2,0,0,0,0,2420,1,1
41625,4,4,0,41625,110683713,110745688,61975,6,3,2,0,0,0,0,2420,1,1
41626,4,4,1,41626,110760414,110838752,78338,8,4,3,0,0,0,0,2420,1,1
41627,4,4,0,41627,110853485,110891569,38084,3,1,1,0,0,0,0,2420,1,1
41628,4,4,1,41628,110906298,110944392,38094,3,1,1,0,0,0,0,2420,1,1
41629,4,4,2,41629,110959121,110995761,36640,3,2,0,0,0,0,0,2420,1,1
41630,4,4,0,41630,111010479,111032184,21705,1,0,0,0,0,0,0,2420,1,1
41631,4,4,1,41631,111046913,111077539,30626,2,0,1,0,0,0,0,2420,1,1
41632,4,4,4,41632,111092268,111154187,61919,6,3,2,0,0,0,0,2420,1,1
41633,4,4,4,41633,111168905,111229400,60495,6,4,1,0,0,0,0,2420,1,1
41634,4,4,0,41634,111244122,111298605,54483,5,2,2,0,0,0,0,2420,1,1
41635,4,4,4,41635,111313333,111358868,45535,4,2,1,0,0,0,0,2420,1,1
41636,4,4,3,41636,111373589,111395279,21690,1,0,0,0,0,0,0,2420,1,1
41637,4,4,0,41637,111409997,111489698,79701,8,3,4,0,0,0,0,2420,1,1
41638,4,4,1,41638,111504428,111535052,30624,2,0,1,0,0,0,0,2420,1,1
41639,4,4,0,41639,111549781,111571487,21706,1,0,0,0,0,0,0,2420,1,1
41640,4,4,3,41640,111586220,111615362,29142,2,1,0,0,0,0,0,2420,1,1
41641,4,4,0,41641,111630079,111675594,45515,4,2,1,0,0,0,0,2420,1,1
41642,4,4,3,41642,111690319,111712008,21689,1,0,0,0,0,0,0,2420,1,1
41643,4,4,0,41643,111726730,111785733,59003,6,5,0,0,0,0,0,2420,1,1
41644,4,4,4,41644,111800457,111822146,21689,1,0,0,0,0,0,0,2420,1,1
41645,4,4,2,41645,111836867,111891289,54422,5,2,2,0,0,0,0,2420,1,1
41646,4,4,4,41646,111906010,111935180,29170,2,1,0,0,0,0,0,2420,1,1
41647,4,4,2,41647,111949897,112020727,70830,7,3,3,0,0,0,0,2420,1,1
41648,4,4,1,41648,112035448,112081010,45562,4,2,1,0,0,0,0,2420,1,1
41649,4,4,3,41649,112095743,112126357,30614,2,0,1,0,0,0,0,2420,1,1
41650,4,4,2,41650,112141073,112195537,54464,5,2,2,0,0,0,0,2420,1,1
41651,4,4,2,41651,112210254,112264709,54455,5,2,2,0,0,0,0,2420,1,1
41652,4,4,2,41652,112279425,112317493,38068,3,1,1,0,0,0,0,2420,1,1
41653,4,4,1,41653,112332209,112386687,54478,5,2,2,0,0,0,0,2420,1,1
41654,4,4,4,41654,112401416,112440929,39513,3,0,2,0,0,0,0,2420,1,1
41655,4,4,3,41655,112455650,112516138,60488,6,4,1,0,0,0,0,2420,1,1
41656,4,4,3,41656,112530855,112568905,38050,3,1,1,0,0,0,0,2420,1,1
41657,4,4,3,41657,112583626,112639496,55870,5,1,3,0,0,0,0,2420,1,1
41658,4,4,3,41658,112654217,112720746,66529,7,6,0,0,0,0,0,2420,1,1
41659,4,4,0,41659,112735467,112766080,30613,2,0,1,0,0,0,0,2420,1,1
41660,4,4,2,41660,112780804,112802494,21690,1,0,0,0,0,0,0,2420,1,1
41661,4,4,4,41661,112817215,112846377,29162,2,1,0,0,0,0,0,2420,1,1
41662,4,4,2,41662,112861095,112899151,38056,3,1,1,0,0,0,0,2420,1,1
41663,4,4,0,41663,112913873,112944517,30644,2,0,1,0,0,0,0,2420,1,1
41664,4,4,0,41664,112959242,112988415,29173,2,1,0,0,0,0,0,2420,1,1
41665,4,4,3,41665,113003144,113024834,21690,1,0,0,0,0,0,0,2420,1,1
41666,4,4,4,41666,113039551,113201155,161604,18,8,9,0,0,0,0,2420,1,1
41667,4,4,0,41667,113215879,113252522,36643,3,2,0,0,0,0,0,2420,1,1
41668,4,4,0,41668,113267250,113305316,38066,3,1,1,0,0,0,0,2420,1,1
41669,4,4,2,41669,113320041,113413245,93204,10,6,3,0,0,0,0,2420,1,1
41670,4,4,0,41670,113427963,113495897,67934,7,5,1,0,0,0,0,2420,1,1
41671,4,4,2,41671,113510622,113605288,94666,10,5,4,0,0,0,0,2420,1,1
41672,4,4,2,41672,113620011,113649152,29141,2,1,0,0,0,0,0,2420,1,1
41673,4,4,3,41673,113663872,113730347,66475,7,6,0,0,0,0,0,2420,1,1
41674,4,4,1,41674,113745067,113829473,84406,9,6,2,0,0,0,0,2420,1,1
41675,4,4,0,41675,113844207,113913581,69374,7,4,2,0,0,0,0,2420,1,1
41676,4,4,0,41676,113928306,113975296,46990,4,1,2,0,0,0,0,2420,1,1
41677,4,4,1,41677,113990021,114026672,36651,3,2,0,0,0,0,0,2420,1,1
41678,4,4,4,41678,114041401,114070558,29157,2,1,0,0,0,0,0,2420,1,1
41679,4,4,3,41679,114085279,114121873,36594,3,2,0,0,0,0,0,2420,1,1
41680,4,4,0,41680,114136593,114188131,51538,5,4,0,0,0,0,0,2420,1,1
41681,4,4,0,41681,114202859,114255909,53050,5,3,1,0,0,0,0,2420,1,1
41682,4,4,4,41682,114270635,114326521,55886,5,1,3,0,0,0,0,2420,1,1
41683,4,4,1,41683,114341238,114362955,21717,1,0,0,0,0,0,0,2420,1,1
41684,4,4,3,41684,114377683,114406825,29142,2,1,0,0,0,0,0,2420,1,1
41685,4,4,0,41685,114421543,114495281,73738,7,1,5,0,0,0,0,2420,1,1
41686,4,4,1,41686,114510006,114546654,36648,3,2,0,0,0,0,0,2420,1,1
41687,4,4,4,41687,114561383,114583077,21694,1,0,0,0,0,0,0,2420,1,1
41688,4,4,4,41688,114597794,114635876,38082,3,1,1,0,0,0,0,2420,1,1
41689,4,4,0,41689,114650594,114679758,29164,2,1,0,0,0,0,0,2420,1,1
41690,4,4,3,41690,114694487,114747480,52993,5,3,1,0,0,0,0,2420,1,1
41691,4,4,0,41691,114762197,114792844,30647,2,0,1,0,0,0,0,2420,1,1
41692,4,4,4,41692,114807569,114836720,29151,2,1,0,0,0,0,0,2420,1,1
41693,4,4,3,41693,114851437,114922241,70804,7,3,3,0,0,0,0,2420,1,1
41694,4,4,1,41694,114936962,114975059,38097,3,1,1,0,0,0,0,2420,1,1
41695,4,4,3,41695,114989788,115044236,54448,5,2,2,0,0,0,0,2420,1,1
41696,4,4,2,41696,115058953,115089553,30600,2,0,1,0,0,0,0,2420,1,1
41697,4,4,3,41697,115104274,115133425,29151,2,1,0,0,0,0,0,2420,1,1
41698,4,4,2,41698,115148142,115235388,87246,9,4,4,0,0,0,0,2420,1,1
41699,4,4,2,41699,115250105,115334369,84264,8,1,5,0,1,0,0,2420,1,1
41700,4,4,2,41700,115349087,115385713,36626,3,2,0,0,0,0,0,2420,1,1
41701,4,4,1,41701,115400429,115438511,38082,3,1,1,0,0,0,0,2420,1,1
41702,4,4,4,41702,115453244,115500236,46992,4,1,2,0,0,0,0,2420,1,1
41703,4,4,3,41703,115514958,115551573,36615,3,2,0,0,0,0,0,2420,1,1
41704,4,4,2,41704,115566298,115629661,63363,6,2,3,0,0,0,0,2420,1,1
41705,4,4,2,41705,115644382,115719815,75433,8,6,1,0,0,0,0,2420,1,1
41706,4,4,1,41706,115734536,115851700,117164,13,8,4,0,0,0,0,2420,1,1
41707,4,4,1,41707,115866436,115913447,47011,4,1,2,0,0,0,0,2420,1,1
41708,4,4,2,41708,115928176,116015392,87216,9,4,4,0,0,0,0,2420,1,1
41709,4,4,3,41709,116030110,116068179,38069,3,1,1,0,0,0,0,2420,1,1
41710,4,4,0,41710,116082899,116104605,21706,1,0,0,0,0,0,0,2420,1,1
41711,4,4,1,41711,116119330,116181298,61968,6,3,2,0,0,0,0,2420,1,1
41712,4,4,3,41712,116196031,116289262,93231,10,6,3,0,0,0,0,2420,1,1
41713,4,4,0,41713,116303985,116333138,29153,2,1,0,0,0,0,0,2420,1,1
41714,4,4,4,41714,116347863,116403765,55902,5,1,3,0,0,0,0,2420,1,1
41715,4,4,2,41715,116418483,116523540,105057,11,4,6,0,0,0,0,2420,1,1
41716,4,4,3,41716,116538260,116576347,38087,3,1,1,0,0,0,0,2420,1,1
41717,4,4,4,41717,116591064,116644069,53005,5,3,1,0,0,0,0,2420,1,1
41718,4,4,3,41718,116658786,116680476,21690,1,0,0,0,0,0,0,2420,1,1
41719,4,4,4,41719,116695197,116716886,21689,1,0,0,0,0,0,0,2420,1,1
41720,4,4,0,41720,116731603,116863435,131832,14,4,9,0,0,0,0,2420,1,1
41721,4,4,4,41721,116878163,116907306,29143,2,1,0,0,0,0,0,2420,1,1
41722,4,4,2,41722,116922023,116983977,61954,6,3,2,0,0,0,0,2420,1,1
41723,4,4,0,41723,116998694,117020399,21705,1,0,0,0,0,0,0,2420,1,1
41724,4,4,2,41724,117035128,117056818,21690,1,0,0,0,0,0,0,2420,1,1
41725,4,4,4,41725,117071535,117102145,30610,2,0,1,0,0,0,0,2420,1,1
41726,4,4,2,41726,117116866,117195194,78328,8,4,3,0,0,0,0,2420,1,1
41727,4,4,1,41727,117209911,117240541,30630,2,0,1,0,0,0,0,2420,1,1
41728,4,4,1,41728,117255273,117300847,45574,4,2,1,0,0,0,0,2420,1,1
41729,4,4,1,41729,117315579,117337292,21713,1,0,0,0,0,0,0,2420,1,1
41730,4,4,0,41730,117352021,117373731,21710,1,0,0,0,0,0,0,2420,1,1
41731,4,4,1,41731,117388456,117434043,45587,4,2,1,0,0,0,0,2420,1,1
41732,4,4,3,41732,117448773,117556997,108224,12,8,3,0,0,0,0,2420,1,1
41733,4,4,4,41733,117571717,117593408,21691,1,0,0,0,0,0,0,2420,1,1
41734,4,4,2,41734,117608125,117678954,70829,7,3,3,0,0,0,0,2420,1,1
41735,4,4,3,41735,117693674,117715364,21690,1,0,0,0,0,0,0,2420,1,1
41736,4,4,2,41736,117730085,117853178,123093,14,10,3,0,0,0,0,2420,1,1
41737,4,4,4,41737,117867900,117920892,52992,5,3,1,0,0,0,0,2420,1,1
41738,4,4,1,41738,117935614,117964786,29172,2,1,0,0,0,0,0,2420,1,1
41739,4,4,0,41739,117979515,118025058,45543,4,2,1,0,0,0,0,2420,1,1
41740,4,4,0,41740,118039782,118068945,29163,2,1,0,0,0,0,0,2420,1,1
41741,4,4,0,41741,118083674,118172422,88748,9,3,5,0,0,0,0,2420,1,1
41742,4,4,1,41742,118187151,118223782,36631,3,2,0,0,0,0,0,2420,1,1
41743,4,4,0,41743,118238512,118269128,30616,2,0,1,0,0,0,0,2420,1,1
41744,4,4,3,41744,118283857,118327940,44083,4,3,0,0,0,0,0,2420,1,1
41745,4,4,0,41745,118342657,118450836,108179,12,8,3,0,0,0,0,2420,1,1
41746,4,4,1,41746,118465568,118487282,21714,1,0,0,0,0,0,0,2420,1,1
41747,4,4,2,41747,118502011,118561018,59007,6,5,0,0,0,0,0,2420,1,1
41748,4,4,3,41748,118575739,118597428,21689,1,0,0,0,0,0,0,2420,1,1
41749,4,4,2,41749,118612145,118674083,61938,6,3,2,0,0,0,0,2420,1,1
41750,4,4,1,41750,118688800,118771685,82885,9,7,1,0,0,0,0,2420,1,1
41751,4,4,3,41751,118786418,118864706,78288,8,4,3,0,0,0,0,2420,1,1
41752,4,4,3,41752,118879422,119013081,133659,15,10,3,0,1,0,0,2420,1,1
41753,4,4,3,41753,119027803,119092659,64856,6,1,4,0,0,0,0,2420,1,1
41754,4,4,4,41754,119107379,119138009,30630,2,0,1,0,0,0,0,2420,1,1
41755,4,4,0,41755,119152725,119213245,60520,6,4,1,0,0,0,0,2420,1,1
41756,4,4,1,41756,119227970,119249683,21713,1,0,0,0,0,0,0,2420,1,1
41757,4,4,3,41757,119264416,119286106,21690,1,0,0,0,0,0,0,2420,1,1
41758,4,4,1,41758,119300822,119355335,54513,5,2,2,0,0,0,0,2420,1,1
41759,4,4,2,41759,119370064,119399221,29157,2,1,0,0,0,0,0,2420,1,1
41760,4,4,3,41760,119413942,119468428,54486,5,2,2,0,0,0,0,2420,1,1
41761,4,4,3,41761,119483144,119521228,38084,3,1,1,0,0,0,0,2420,1,1
41762,4,4,2,41762,119535949,119557639,21690,1,0,0,0,0,0,0,2420,1,1
41763,4,4,0,41763,119572356,119601527,29171,2,1,0,0,0,0,0,2420,1,1
41764,4,4,3,41764,119616257,119688612,72355,7,2,4,0,0,0,0,2420,1,1
41765,4,4,1,41765,119703333,119811429,108096,12,8,3,0,0,0,0,2420,1,1
41766,4,4,3,41766,119826166,119871671,45505,4,2,1,0,0,0,0,2420,1,1
41767,4,4,3,41767,119886392,119931915,45523,4,2,1,0,0,0,0,2420,1,1
41768,4,4,0,41768,119946639,119968344,21705,1,0,0,0,0,0,0,2420,1,1
41769,4,4,3,41769,119983071,120012242,29171,2,1,0,0,0,0,0,2420,1,1
41770,4,4,4,41770,120026963,120056102,29139,2,1,0,0,0,0,0,2420,1,1
41771,4,4,0,41771,120070818,120092524,21706,1,0,0,0,0,0,0,2420,1,1
41772,4,4,2,41772,120107253,120200488,93235,10,6,3,0,0,0,0,2420,1,1
41773,4,4,0,41773,120215211,120260742,45531,4,2,1,0,0,0,0,2420,1,1
41774,4,4,4,41774,120275471,120297161,21690,1,0,0,0,0,0,0,2420,1,1
41775,4,4,0,41775,120311878,120364878,53000,5,3,1,0,0,0,0,2420,1,1
41776,4,4,0,41776,120379603,120401308,21705,1,0,0,0,0,0,0,2420,1,1
41777,4,4,2,41777,120416037,120446637,30600,2,0,1,0,0,0,0,2420,1,1
41778,4,4,1,41778,120461354,120521869,60515,6,4,1,0,0,0,0,2420,1,1
41779,4,4,2,41779,120536601,120567213,30612,2,0,1,0,0,0,0,2420,1,1
41780,4,4,4,41780,120581929,120628936,47007,4,1,2,0,0,0,0,2420,1,1
41781,4,4,1,41781,120643657,120672836,29179,2,1,0,0,0,0,0,2420,1,1
41782,4,4,0,41782,120687566,120746533,58967,6,5,0,0,0,0,0,2420,1,1
41783,4,4,3,41783,120761258,120815710,54452,5,2,2,0,0,0,0,2420,1,1
41784,4,4,4,41784,120830427,120852116,21689,1,0,0,0,0,0,0,2420,1,1
41785,4,4,2,41785,120866837,120896004,29167,2,1,0,0,0,0,0,2420,1,1
41786,4,4,0,41786,120910721,120932426,21705,1,0,0,0,0,0,0,2420,1,1
41787,4,4,2,41787,120947155,121009071,61916,6,3,2,0,0,0,0,2420,1,1
41788,4,4,2,41788,121023791,121070750,46959,4,1,2,0,0,0,0,2420,1,1
41789,4,4,4,41789,121085471,121107160,21689,1,0,0,0,0,0,0,2420,1,1
41790,4,4,4,41790,121121877,121143571,21694,1,0,0,0,0,0,0,2420,1,1
41791,4,4,3,41791,121158288,121187463,29175,2,1,0,0,0,0,0,2420,1,1
41792,4,4,0,41792,121202181,121240294,38113,3,1,1,0,0,0,0,2420,1,1
41793,4,4,4,41793,121255023,121276713,21690,1,0,0,0,0,0,0,2420,1,1
41794,4,4,3,41794,121291430,121329503,38073,3,1,1,0,0,0,0,2420,1,1
41795,4,4,1,41795,121344223,121365936,21713,1,0,0,0,0,0,0,2420,1,1
41796,4,4,1,41796,121380665,121427668,47003,4,1,2,0,0,0,0,2420,1,1
41797,4,4,2,41797,121442397,121464091,21694,1,0,0,0,0,0,0,2420,1,1
41798,4,4,3,41798,121478807,121549599,70792,7,3,3,0,0,0,0,2420,1,1
41799,4,4,0,41799,121564320,121660508,96188,10,4,5,0,0,0,0,2420,1,1
41800,4,4,0,41800,121675243,121696948,21705,1,0,0,0,0,0,0,2420,1,1
41801,4,4,2,41801,121711673,121742282,30609,2,0,1,0,0,0,0,2420,1,1
41802,4,4,2,41802,121757002,121786145,29143,2,1,0,0,0,0,0,2420,1,1
41803,4,4,1,41803,121800862,121831491,30629,2,0,1,0,0,0,0,2420,1,1
41804,4,4,3,41804,121846224,121875375,29151,2,1,0,0,0,0,0,2420,1,1
41805,4,4,0,41805,121890092,121911797,21705,1,0,0,0,0,0,0,2420,1,1
41806,4,4,0,41806,121926526,121982428,55902,5,1,3,0,0,0,0,2420,1,1
41807,4,4,4,41807,121997157,122059072,61915,6,3,2,0,0,0,0,2420,1,1
41808,4,4,1,41808,122073793,122183442,109649,12,7,4,0,0,0,0,2420,1,1
41809,4,4,1,41809,122198174,122260113,61939,6,3,2,0,0,0,0,2420,1,1
41810,4,4,1,41810,122274847,122296560,21713,1,0,0,0,0,0,0,2420,1,1
41811,4,4,2,41811,122311288,122341907,30619,2,0,1,0,0,0,0,2420,1,1
41812,4,4,4,41812,122356628,122396165,39537,3,0,2,0,0,0,0,2420,1,1
41813,4,4,3,41813,122410882,122519090,108208,12,8,3,0,0,0,0,2420,1,1
41814,4,4,0,41814,122533814,122564459,30645,2,0,1,0,0,0,0,2420,1,1
41815,4,4,2,41815,122579184,122608331,29147,2,1,0,0,0,0,0,2420,1,1
41816,4,4,0,41816,122623052,122670059,47007,4,1,2,0,0,0,0,2420,1,1
41817,4,4,1,41817,122684788,122721431,36643,3,2,0,0,0,0,0,2420,1,1
41818,4,4,4,41818,122736164,122757853,21689,1,0,0,0,0,0,0,2420,1,1
41819,4,4,2,41819,122772570,122810644,38074,3,1,1,0,0,0,0,2420,1,1
41820,4,4,1,41820,122825365,122856017,30652,2,0,1,0,0,0,0,2420,1,1
41821,4,4,3,41821,122870746,122907337,36591,3,2,0,0,0,0,0,2420,1,1
41822,4,4,0,41822,122922054,122952664,30610,2,0,1,0,0,0,0,2420,1,1
41823,4,4,0,41823,122967393,122996574,29181,2,1,0,0,0,0,0,2420,1,1
41824,4,4,2,41824,123011299,123070267,58968,6,5,0,0,0,0,0,2420,1,1
41825,4,4,0,41825,123084988,123129091,44103,4,3,0,0,0,0,0,2420,1,1
41826,4,4,0,41826,123143821,123253455,109634,12,7,4,0,0,0,0,2420,1,1
41827,4,4,1,41827,123268182,123438884,170702,19,8,10,0,0,0,0,2420,1,1
41828,4,4,1,41828,123453623,123490263,36640,3,2,0,0,0,0,0,2420,1,1
41829,4,4,2,41829,123504996,123599659,94663,10,5,4,0,0,0,0,2420,1,1
41830,4,4,0,41830,123614382,123636087,21705,1,0,0,0,0,0,0,2420,1,1
41831,4,4,1,41831,123650812,123726184,75372,8,6,1,0,0,0,0,2420,1,1
41832,4,4,4,41832,123740917,123862361,121444,13,5,7,0,0,0,0,2420,1,1
41833,4,4,0,41833,123877085,123937567,60482,6,4,1,0,0,0,0,2420,1,1
41834,4,4,4,41834,123952296,123996363,44067,4,3,0,0,0,0,0,2420,1,1
41835,4,4,0,41835,124011080,124049161,38081,3,1,1,0,0,0,0,2420,1,1
41836,4,4,4,41836,124063889,124100496,36607,3,2,0,0,0,0,0,2420,1,1
41837,4,4,3,41837,124115217,124277073,161856,18,9,7,0,1,0,0,2420,1,1
41838,4,4,1,41838,124291794,124347756,55962,5,1,3,0,0,0,0,2420,1,1
41839,4,4,0,41839,124362485,124391665,29180,2,1,0,0,0,0,0,2420,1,1
41840,4,4,1,41840,124406394,124468349,61955,6,3,2,0,0,0,0,2420,1,1
41841,4,4,1,41841,124483080,124512254,29174,2,1,0,0,0,0,0,2420,1,1
41842,4,4,3,41842,124526986,124563610,36624,3,2,0,0,0,0,0,2420,1,1
41843,4,4,4,41843,124578326,124600016,21690,1,0,0,0,0,0,0,2420,1,1
41844,4,4,4,41844,124614737,124679554,64817,6,1,4,0,0,0,0,2420,1,1
41845,4,4,1,41845,124694275,124733810,39535,3,0,2,0,0,0,0,2420,1,1
41846,4,4,0,41846,124748538,124770244,21706,1,0,0,0,0,0,0,2420,1,1
41847,4,4,0,41847,124784973,124806678,21705,1,0,0,0,0,0,0,2420,1,1
41848,4,4,4,41848,124821403,124843097,21694,1,0,0,0,0,0,0,2420,1,1
41849,4,4,4,41849,124857814,124879503,21689,1,0,0,0,0,0,0,2420,1,1
41850,4,4,4,41850,124894225,124939731,45506,4,2,1,0,0,0,0,2420,1,1
41851,4,4,3,41851,124954452,125014868,60416,6,4,1,0,0,0,0,2420,1,1
41852,4,4,3,41852,125029584,125082591,53007,5,3,1,0,0,0,0,2420,1,1
41853,4,4,1,41853,125097312,125142891,45579,4,2,1,0,0,0,0,2420,1,1
41854,4,4,3,41854,125157620,125241930,84310,9,6,2,0,0,0,0,2420,1,1
41855,4,4,4,41855,125256650,125278340,21690,1,0,0,0,0,0,0,2420,1,1
41856,4,4,3,41856,125293060,125314749,21689,1,0,0,0,0,0,0,2420,1,1
41857,4,4,0,41857,125329466,125403273,73807,7,1,5,0,0,0,0,2420,1,1
41858,4,4,0,41858,125417998,125670499,252501,29,13,15,0,0,0,0,2420,1,1
41859,4,4,0,41859,125685235,125730760,45525,4,2,1,0,0,0,0,2420,1,1
41860,4,4,1,41860,125745490,125825231,79741,8,3,4,0,0,0,0,2420,1,1
41861,4,4,1,41861,125839959,125861672,21713,1,0,0,0,0,0,0,2420,1,1
41862,4,4,3,41862,125876405,125898095,21690,1,0,0,0,0,0,0,2420,1,1
41863,4,4,1,41863,125912815,125980791,67976,7,5,1,0,0,0,0,2420,1,1
41864,4,4,2,41864,125995528,126048532,53004,5,3,1,0,0,0,0,2420,1,1
41865,4,4,3,41865,126063253,126143021,79768,8,3,4,0,0,0,0,2420,1,1
41866,4,4,1,41866,126157737,126204764,47027,4,1,2,0,0,0,0,2420,1,1
41867,4,4,4,41867,126219492,126248630,29138,2,1,0,0,0,0,0,2420,1,1
41868,4,4,4,41868,126263350,126389294,125944,14,8,5,0,0,0,0,2420,1,1
41869,4,4,2,41869,126404018,126489786,85768,9,5,3,0,0,0,0,2420,1,1
41870,4,4,3,41870,126504508,126535130,30622,2,0,1,0,0,0,0,2420,1,1
41871,4,4,0,41871,126549847,126620666,70819,7,3,3,0,0,0,0,2420,1,1
41872,4,4,4,41872,126635396,126657086,21690,1,0,0,0,0,0,0,2420,1,1
41873,4,4,0,41873,126671803,126751590,79787,8,3,4,0,0,0,0,2420,1,1
41874,4,4,2,41874,126766319,126813327,47008,4,1,2,0,0,0,0,2420,1,1
41875,4,4,3,41875,126828044,126913855,85811,9,5,3,0,0,0,0,2420,1,1
41876,4,4,2,41876,126928572,126950262,21690,1,0,0,0,0,0,0,2420,1,1
41877,4,4,4,41877,126964982,127025491,60509,6,4,1,0,0,0,0,2420,1,1
41878,4,4,1,41878,127040209,127069405,29196,2,1,0,0,0,0,0,2420,1,1
41879,4,4,3,41879,127084138,127114751,30613,2,0,1,0,0,0,0,2420,1,1
41880,4,4,4,41880,127129468,127160088,30620,2,0,1,0,0,0,0,2420,1,1
41881,4,4,4,41881,127174809,127218888,44079,4,3,0,0,0,0,0,2420,1,1
41882,4,4,3,41882,127233609,127296929,63320,6,2,3,0,0,0,0,2420,1,1
41883,4,4,3,41883,127311646,127333340,21694,1,0,0,0,0,0,0,2420,1,1
41884,4,4,3,41884,127348057,127401036,52979,5,3,1,0,0,0,0,2420,1,1
41885,4,4,0,41885,127415757,127461309,45552,4,2,1,0,0,0,0,2420,1,1
41886,4,4,4,41886,127476038,127515599,39561,3,0,2,0,0,0,0,2420,1,1
41887,4,4,0,41887,127530316,127566950,36634,3,2,0,0,0,0,0,2420,1,1
41888,4,4,4,41888,127581675,127603369,21694,1,0,0,0,0,0,0,2420,1,1
41889,4,4,3,41889,127618086,127639776,21690,1,0,0,0,0,0,0,2420,1,1
41890,4,4,3,41890,127654497,127792549,138052,16,12,3,0,0,0,0,2420,1,1
41891,4,4,2,41891,127807274,127837880,30606,2,0,1,0,0,0,0,2420,1,1
41892,4,4,3,41892,127852598,127874291,21693,1,0,0,0,0,0,0,2420,1,1
41893,4,4,3,41893,127889008,127976207,87199,9,4,4,0,0,0,0,2420,1,1
41894,4,4,4,41894,127990924,128027546,36622,3,2,0,0,0,0,0,2420,1,1
41895,4,4,0,41895,128042263,128105677,63414,6,2,3,0,0,0,0,2420,1,1
41896,4,4,1,41896,128120406,128151030,30624,2,0,1,0,0,0,0,2420,1,1
41897,4,4,3,41897,128165763,128229125,63362,6,2,3,0,0,0,0,2420,1,1
41898,4,4,1,41898,128243846,128308847,65001,6,2,2,0,1,0,0,2420,1,1
41899,4,4,3,41899,128323580,128363113,39533,3,0,2,0,0,0,0,2420,1,1
41900,4,4,4,41900,128377830,128456115,78285,8,4,3,0,0,0,0,2420,1,1
41901,4,4,0,41901,128470832,128516374,45542,4,2,1,0,0,0,0,2420,1,1
41902,4,4,2,41902,128531099,128552792,21693,1,0,0,0,0,0,0,2420,1,1
41903,4,4,4,41903,128567509,128692084,124575,14,9,4,0,0,0,0,2420,1,1
41904,4,4,3,41904,128706807,128798574,91767,10,7,2,0,0,0,0,2420,1,1
41905,4,4,3,41905,128813297,128873748,60451,6,4,1,0,0,0,0,2420,1,1
41906,4,4,0,41906,128888464,128950399,61935,6,3,2,0,0,0,0,2420,1,1
41907,4,4,0,41907,128965129,129028533,63404,6,2,3,0,0,0,0,2420,1,1
41908,4,4,3,41908,129043261,129087332,44071,4,3,0,0,0,0,0,2420,1,1
41909,4,4,1,41909,129102049,129193885,91836,10,7,2,0,0,0,0,2420,1,1
41910,4,4,1,41910,129208615,129246700,38085,3,1,1,0,0,0,0,2420,1,1
41911,4,4,1,41911,129261429,129298096,36667,3,2,0,0,0,0,0,2420,1,1
41912,4,4,0,41912,129312829,129374722,61893,6,3,2,0,0,0,0,2420,1,1
41913,4,4,3,41913,129389447,129460315,70868,7,3,3,0,0,0,0,2420,1,1
41914,4,4,1,41914,129475036,129511682,36646,3,2,0,0,0,0,0,2420,1,1
41915,4,4,0,41915,129526416,129585405,58989,6,5,0,0,0,0,0,2420,1,1
41916,4,4,0,41916,129600131,129621837,21706,1,0,0,0,0,0,0,2420,1,1
41917,4,4,2,41917,129636566,129665730,29164,2,1,0,0,0,0,0,2420,1,1
41918,4,4,1,41918,129680447,129733460,53013,5,3,1,0,0,0,0,2420,1,1
41919,4,4,0,41919,129748190,129883121,134931,15,8,6,0,0,0,0,2420,1,1
41920,4,4,3,41920,129897849,130004479,106630,12,9,2,0,0,0,0,2420,1,1
41921,4,4,1,41921,130019198,130064750,45552,4,2,1,0,0,0,0,2420,1,1
41922,4,4,3,41922,130079479,130108624,29145,2,1,0,0,0,0,0,2420,1,1
41923,4,4,2,41923,130123344,130168849,45505,4,2,1,0,0,0,0,2420,1,1
41924,4,4,4,41924,130183570,130205260,21690,1,0,0,0,0,0,0,2420,1,1
41925,4,4,0,41925,130219977,130281921,61944,6,3,2,0,0,0,0,2420,1,1
41926,4,4,1,41926,130296650,130318363,21713,1,0,0,0,0,0,0,2420,1,1
41927,4,4,3,41927,130333092,130377171,44079,4,3,0,0,0,0,0,2420,1,1
41928,4,4,2,41928,130391891,130437451,45560,4,2,1,0,0,0,0,2420,1,1
41929,4,4,2,41929,130452168,130481327,29159,2,1,0,0,0,0,0,2420,1,1
41930,4,4,0,41930,130496048,130517753,21705,1,0,0,0,0,0,0,2420,1,1
41931,4,4,0,41931,130532478,130570553,38075,3,1,1,0,0,0,0,2420,1,1
41932,4,4,2,41932,130585282,130621886,36604,3,2,0,0,0,0,0,2420,1,1
41933,4,4,2,41933,130636607,130676170,39563,3,0,2,0,0,0,0,2420,1,1
41934,4,4,3,41934,130690887,130721489,30602,2,0,1,0,0,0,0,2420,1,1
41935,4,4,1,41935,130736210,130835431,99221,11,8,2,0,0,0,0,2420,1,1
41936,4,4,1,41936,130850161,130977616,127455,14,7,6,0,0,0,0,2420,1,1
41937,4,4,3,41937,130992349,131022972,30623,2,0,1,0,0,0,0,2420,1,1
41938,4,4,4,41938,131037688,131075749,38061,3,1,1,0,0,0,0,2420,1,1
41939,4,4,3,41939,131090466,131128531,38065,3,1,1,0,0,0,0,2420,1,1
41940,4,4,4,41940,131143251,131188782,45531,4,2,1,0,0,0,0,2420,1,1
41941,4,4,3,41941,131203503,131249017,45514,4,2,1,0,0,0,0,2420,1,1
41942,4,4,3,41942,131263738,131285428,21690,1,0,0,0,0,0,0,2420,1,1
41943,4,4,4,41943,131300145,131329308,29163,2,1,0,0,0,0,0,2420,1,1
41944,4,4,4,41944,131344029,131425233,81204,8,2,5,0,0,0,0,2420,1,1
41945,4,4,2,41945,131439949,131485474,45525,4,2,1,0,0,0,0,2420,1,1
41946,4,4,1,41946,131500191,131568132,67941,7,5,1,0,0,0,0,2420,1,1
41947,4,4,3,41947,131582864,131604554,21690,1,0,0,0,0,0,0,2420,1,1
41948,4,4,2,41948,131619271,131640961,21690,1,0,0,0,0,0,0,2420,1,1
41949,4,4,3,41949,131655682,131677371,21689,1,0,0,0,0,0,0,2420,1,1
41950,4,4,2,41950,131692088,131713782,21694,1,0,0,0,0,0,0,2420,1,1
41951,4,4,2,41951,131728499,131829171,100672,11,7,3,0,0,0,0,2420,1,1
41952,4,4,1,41952,131843895,131907271,63376,6,2,3,0,0,0,0,2420,1,1
41953,4,4,4,41953,131922000,131951158,29158,2,1,0,0,0,0,0,2420,1,1
41954,4,4,2,41954,131965880,131987570,21690,1,0,0,0,0,0,0,2420,1,1
41955,4,4,4,41955,132002288,132067141,64853,6,1,4,0,0,0,0,2420,1,1
41956,4,4,0,41956,132081858,132121375,39517,3,0,2,0,0,0,0,2420,1,1
41957,4,4,2,41957,132136103,132189072,52969,5,3,1,0,0,0,0,2420,1,1
41958,4,4,4,41958,132203793,132225483,21690,1,0,0,0,0,0,0,2420,1,1
41959,4,4,4,41959,132240199,132279734,39535,3,0,2,0,0,0,0,2420,1,1
41960,4,4,4,41960,132294460,132316150,21690,1,0,0,0,0,0,0,2420,1,1
41961,4,4,1,41961,132330867,132392803,61936,6,3,2,0,0,0,0,2420,1,1
41962,4,4,3,41962,132407532,132436703,29171,2,1,0,0,0,0,0,2420,1,1
41963,4,4,1,41963,132451419,132489508,38089,3,1,1,0,0,0,0,2420,1,1
41964,4,4,3,41964,132504241,132525930,21689,1,0,0,0,0,0,0,2420,1,1
41965,4,4,4,41965,132540647,132562336,21689,1,0,0,0,0,0,0,2420,1,1
41966,4,4,2,41966,132577057,132622564,45507,4,2,1,0,0,0,0,2420,1,1
41967,4,4,4,41967,132637285,132691704,54419,5,2,2,0,0,0,0,2420,1,1
41968,4,4,1,41968,132706426,132728138,21712,1,0,0,0,0,0,0,2420,1,1
41969,4,4,3,41969,132742871,132821196,78325,8,4,3,0,0,0,0,2420,1,1
41970,4,4,3,41970,132835916,132873996,38080,3,1,1,0,0,0,0,2420,1,1
41971,4,4,2,41971,132888713,132935716,47003,4,1,2,0,0,0,0,2420,1,1
41972,4,4,0,41972,132950432,132972138,21706,1,0,0,0,0,0,0,2420,1,1
41973,4,4,0,41973,132986867,133008572,21705,1,0,0,0,0,0,0,2420,1,1
41974,4,4,4,41974,133023301,133044990,21689,1,0,0,0,0,0,0,2420,1,1
41975,4,4,2,41975,133059707,133103788,44081,4,3,0,0,0,0,0,2420,1,1
41976,4,4,1,41976,133118505,133171538,53033,5,3,1,0,0,0,0,2420,1,1
41977,4,4,4,41977,133186271,133231796,45525,4,2,1,0,0,0,0,2420,1,1
41978,4,4,4,41978,133246518,133268207,21689,1,0,0,0,0,0,0,2420,1,1
41979,4,4,2,41979,133282928,133313532,30604,2,0,1,0,0,0,0,2420,1,1
41980,4,4,0,41980,133328249,133366319,38070,3,1,1,0,0,0,0,2420,1,1
41981,4,4,3,41981,133381044,133410187,29143,2,1,0,0,0,0,0,2420,1,1
41982,4,4,1,41982,133424908,133477954,53046,5,3,1,0,0,0,0,2420,1,1
41983,4,4,0,41983,133492683,133558991,66308,6,0,5,0,0,0,0,2420,1,1
41984,4,4,0,41984,133573720,133620740,47020,4,1,2,0,0,0,0,2420,1,1
41985,4,4,1,41985,133635469,133682503,47034,4,1,2,0,0,0,0,2420,1,1
41986,4,4,3,41986,133697236,133733842,36606,3,2,0,0,0,0,0,2420,1,1
41987,4,4,0,41987,133748559,133779176,30617,2,0,1,0,0,0,0,2420,1,1
41988,4,4,4,41988,133793905,133855815,61910,6,3,2,0,0,0,0,2420,1,1
41989,4,4,2,41989,133870532,133901158,30626,2,0,1,0,0,0,0,2420,1,1
41990,4,4,3,41990,133915879,133946487,30608,2,0,1,0,0,0,0,2420,1,1
41991,4,4,3,41991,133961204,134005315,44111,4,3,0,0,0,0,0,2420,1,1
41992,4,4,1,41992,134020036,134147542,127506,14,7,6,0,0,0,0,2420,1,1
41993,4,4,2,41993,134162274,134254066,91792,10,7,2,0,0,0,0,2420,1,1
41994,4,4,2,41994,134268786,134348540,79754,8,3,4,0,0,0,0,2420,1,1
41995,4,4,2,41995,134363261,134384951,21690,1,0,0,0,0,0,0,2420,1,1
41996,4,4,2,41996,134399668,134446649,46981,4,1,2,0,0,0,0,2420,1,1
41997,4,4,1,41997,134461366,134505459,44093,4,3,0,0,0,0,0,2420,1,1
41998,4,4,0,41998,134520188,134549381,29193,2,1,0,0,0,0,0,2420,1,1
41999,4,4,3,41999,134564109,134602188,38079,3,1,1,0,0,0,0,2420,1,1
42000,4,3,3,42000,134616908,134638917,22009,1,0,0,0,0,0,0,2420,1,1
42001,4,3,3,42001,134653859,134706977,53118,5,3,1,0,0,0,0,2420,1,1
42002,4,3,3,42002,134721784,134767456,45672,4,2,1,0,0,0,0,2420,1,1
42003,4,3,1,42003,134782265,134819049,36784,3,2,0,0,0,0,0,2420,1,1
42004,4,3,2,42004,134833873,134927224,93351,10,6,3,0,0,0,0,2420,1,1
42005,4,3,3,42005,134942034,135001158,59124,6,5,0,0,0,0,0,2420,1,1
42006,4,3,0,42006,135015970,135054215,38245,3,1,1,0,0,0,0,2420,1,1
42007,4,3,2,42007,135069030,135138549,69519,7,4,2,0,0,0,0,2420,1,1
42008,4,3,3,42008,135153360,135175184,21824,1,0,0,0,0,0,0,2420,1,1
42009,4,3,0,42009,135189992,135228214,38222,3,1,1,0,0,0,0,2420,1,1
42010,4,3,1,42010,135243031,135279810,36779,3,2,0,0,0,0,0,2420,1,1
42011,4,3,4,42011,135294633,135426786,132153,15,10,4,0,0,0,0,2420,1,1
42012,4,3,3,42012,135441597,135481248,39651,3,0,2,0,0,0,0,2420,1,1
42013,4,3,4,42013,135496060,135558132,62072,6,3,2,0,0,0,0,2420,1,1
42014,4,3,2,42014,135572941,135612788,39847,3,1,0,0,1,0,0,2420,1,1
42015,4,3,3,42015,135627592,135674746,47154,4,1,2,0,0,0,0,2420,1,1
42016,4,3,0,42016,135689554,135711393,21839,1,0,0,0,0,0,0,2420,1,1
42017,4,3,2,42017,135726212,135764403,38191,3,1,1,0,0,0,0,2420,1,1
42018,4,3,1,42018,135779210,135808540,29330,2,1,0,0,0,0,0,2420,1,1
42019,4,3,0,42019,135823362,135852653,29291,2,1,0,0,0,0,0,2420,1,1
42020,4,3,3,42020,135867472,135905714,38242,3,1,1,0,0,0,0,2420,1,1
42021,4,3,3,42021,135920520,135958716,38196,3,1,1,0,0,0,0,2420,1,1
42022,4,3,0,42022,135973527,135995366,21839,1,0,0,0,0,0,0,2420,1,1
42023,4,3,4,42023,136010182,136039478,29296,2,1,0,0,0,0,0,2420,1,1
42024,4,3,1,42024,136054294,136101405,47111,4,1,2,0,0,0,0,2420,1,1
42025,4,3,4,42025,136116229,136193222,76993,8,5,2,0,0,0,0,2420,1,1
42026,4,3,3,42026,136208029,136229853,21824,1,0,0,0,0,0,0,2420,1,1
42027,4,3,1,42027,136244664,136297842,53178,5,3,1,0,0,0,0,2420,1,1
42028,4,3,2,42028,136312662,136391102,78440,8,4,3,0,0,0,0,2420,1,1
42029,4,3,1,42029,136405914,136488882,82968,9,7,1,0,0,0,0,2420,1,1
42030,4,3,3,42030,136503705,136547948,44243,4,3,0,0,0,0,0,2420,1,1
42031,4,3,1,42031,136562755,136599540,36785,3,2,0,0,0,0,0,2420,1,1
42032,4,3,2,42032,136614363,136636187,21824,1,0,0,0,0,0,0,2420,1,1
42033,4,3,1,42033,136650994,136689209,38215,3,1,1,0,0,0,0,2420,1,1
42034,4,3,2,42034,136704033,136733319,29286,2,1,0,0,0,0,0,2420,1,1
42035,4,3,2,42035,136748125,136801264,53139,5,3,1,0,0,0,0,2420,1,1
42036,4,3,3,42036,136816075,136837898,21823,1,0,0,0,0,0,0,2420,1,1
42037,4,3,1,42037,136852705,136883492,30787,2,0,1,0,0,0,0,2420,1,1
42038,4,3,4,42038,136898312,136927619,29307,2,1,0,0,0,0,0,2420,1,1
42039,4,3,3,42039,136942427,137020899,78472,8,4,3,0,0,0,0,2420,1,1
42040,4,3,0,42040,137035711,137066478,30767,2,0,1,0,0,0,0,2420,1,1
42041,4,3,1,42041,137081293,137186782,105489,11,5,4,0,1,0,0,2420,1,1
42042,4,3,4,42042,137201600,137230881,29281,2,1,0,0,0,0,0,2420,1,1
42043,4,3,3,42043,137245692,137267516,21824,1,0,0,0,0,0,0,2420,1,1
42044,4,3,4,42044,137282323,137366786,84463,9,6,2,0,0,0,0,2420,1,1
42045,4,3,0,42045,137381594,137410885,29291,2,1,0,0,0,0,0,2420,1,1
42046,4,3,1,42046,137425705,137519037,93332,10,6,3,0,0,0,0,2420,1,1
42047,4,3,0,42047,137533861,137555701,21840,1,0,0,0,0,0,0,2420,1,1
42048,4,3,3,42048,137570517,137623633,53116,5,3,1,0,0,0,0,2420,1,1
42049,4,3,4,42049,137638440,137675206,36766,3,2,0,0,0,0,0,2420,1,1
42050,4,3,4,42050,137690013,137726742,36729,3,2,0,0,0,0,0,2420,1,1
42051,4,3,2,42051,137741549,137779763,38214,3,1,1,0,0,0,0,2420,1,1
42052,4,3,2,42052,137794574,137883359,88785,9,3,5,0,0,0,0,2420,1,1
42053,4,3,3,42053,137898166,137928895,30729,2,0,1,0,0,0,0,2420,1,1
42054,4,3,3,42054,137943706,137965529,21823,1,0,0,0,0,0,0,2420,1,1
42055,4,3,3,42055,137980337,138002160,21823,1,0,0,0,0,0,0,2420,1,1
42056,4,3,4,42056,138016975,138073005,56030,5,1,3,0,0,0,0,2420,1,1
42057,4,3,1,42057,138087812,138117124,29312,2,1,0,0,0,0,0,2420,1,1
42058,4,3,3,42058,138131944,138247652,115708,13,9,3,0,0,0,0,2420,1,1
42059,4,3,4,42059,138262463,138309554,47091,4,1,2,0,0,0,0,2420,1,1
42060,4,3,4,42060,138324366,138378918,54552,5,2,2,0,0,0,0,2420,1,1
42061,4,3,1,42061,138393729,138415576,21847,1,0,0,0,0,0,0,2420,1,1
42062,4,3,0,42062,138430395,138513399,83004,9,7,1,0,0,0,0,2420,1,1
42063,4,3,0,42063,138528214,138581402,53188,5,3,1,0,0,0,0,2420,1,1
42064,4,3,0,42064,138596222,138618061,21839,1,0,0,0,0,0,0,2420,1,1
42065,4,3,2,42065,138632881,138687443,54562,5,2,2,0,0,0,0,2420,1,1
42066,4,3,1,42066,138702251,138789626,87375,9,4,4,0,0,0,0,2420,1,1
42067,4,3,3,42067,138804450,138826273,21823,1,0,0,0,0,0,0,2420,1,1
42068,4,3,3,42068,138841080,138913502,72422,7,2,4,0,0,0,0,2420,1,1
42069,4,3,0,42069,138928309,138957602,29293,2,1,0,0,0,0,0,2420,1,1
42070,4,3,4,42070,138972417,139046286,73869,7,1,5,0,0,0,0,2420,1,1
42071,4,3,0,42071,139061093,139105350,44257,4,3,0,0,0,0,0,2420,1,1
42072,4,3,2,42072,139120166,139150906,30740,2,0,1,0,0,0,0,2420,1,1
42073,4,3,4,42073,139165717,139224847,59130,6,5,0,0,0,0,0,2420,1,1
42074,4,3,0,42074,139239655,139298773,59118,6,5,0,0,0,0,0,2420,1,1
42075,4,3,1,42075,139313592,139335440,21848,1,0,0,0,0,0,0,2420,1,1
42076,4,3,4,42076,139350260,139372082,21822,1,0,0,0,0,0,0,2420,1,1
42077,4,3,4,42077,139386893,139426539,39646,3,0,2,0,0,0,0,2420,1,1
42078,4,3,3,42078,139441346,139507948,66602,7,6,0,0,0,0,0,2420,1,1
42079,4,3,0,42079,139522755,139575886,53131,5,3,1,0,0,0,0,2420,1,1
42080,4,3,2,42080,139590700,139651340,60640,6,4,1,0,0,0,0,2420,1,1
42081,4,3,2,42081,139666151,139710362,44211,4,3,0,0,0,0,0,2420,1,1
42082,4,3,1,42082,139725173,139813983,88810,9,3,5,0,0,0,0,2420,1,1
42083,4,3,0,42083,139828801,139858093,29292,2,1,0,0,0,0,0,2420,1,1
42084,4,3,3,42084,139872910,139921462,48552,4,0,3,0,0,0,0,2420,1,1
42085,4,3,0,42085,139936274,140005789,69515,7,4,2,0,0,0,0,2420,1,1
42086,4,3,4,42086,140020604,140090083,69479,7,4,2,0,0,0,0,2420,1,1
42087,4,3,3,42087,140104895,140126718,21823,1,0,0,0,0,0,0,2420,1,1
42088,4,3,0,42088,140141529,140264754,123225,14,10,3,0,0,0,0,2420,1,1
42089,4,3,4,42089,140279573,140316328,36755,3,2,0,0,0,0,0,2420,1,1
42090,4,3,2,42090,140331135,140352962,21827,1,0,0,0,0,0,0,2420,1,1
42091,4,3,1,42091,140367769,140446218,78449,8,4,3,0,0,0,0,2420,1,1
42092,4,3,4,42092,140461037,140523109,62072,6,3,2,0,0,0,0,2420,1,1
42093,4,3,4,42093,140537916,140583571,45655,4,2,1,0,0,0,0,2420,1,1
42094,4,3,4,42094,140598378,140638053,39675,3,0,2,0,0,0,0,2420,1,1
42095,4,3,3,42095,140652864,140683610,30746,2,0,1,0,0,0,0,2420,1,1
42096,4,3,4,42096,140698417,140753021,54604,5,2,2,0,0,0,0,2420,1,1
42097,4,3,0,42097,140767828,140806052,38224,3,1,1,0,0,0,0,2420,1,1
42098,4,3,3,42098,140820866,140867976,47110,4,1,2,0,0,0,0,2420,1,1
42099,4,3,4,42099,140882787,140904610,21823,1,0,0,0,0,0,0,2420,1,1
42100,4,3,4,42100,140919417,141005310,85893,9,5,3,0,0,0,0,2420,1,1
42101,4,3,4,42101,141020117,141059764,39647,3,0,2,0,0,0,0,2420,1,1
42102,4,3,3,42102,141074576,141121678,47102,4,1,2,0,0,0,0,2420,1,1
42103,4,3,0,42103,141136489,141174717,38228,3,1,1,0,0,0,0,2420,1,1
42104,4,3,4,42104,141189532,141329088,139556,16,11,4,0,0,0,0,2420,1,1
42105,4,3,1,42105,141343903,141407398,63495,6,2,3,0,0,0,0,2420,1,1
42106,4,3,2,42106,141422217,141475308,53091,5,3,1,0,0,0,0,2420,1,1
42107,4,3,1,42107,141490115,141568554,78439,8,4,3,0,0,0,0,2420,1,1
42108,4,3,4,42108,141583377,141621596,38219,3,1,1,0,0,0,0,2420,1,1
42109,4,3,0,42109,141636408,141658247,21839,1,0,0,0,0,0,0,2420,1,1
42110,4,3,1,42110,141673064,141766402,93338,10,6,3,0,0,0,0,2420,1,1
42111,4,3,4,42111,141781223,141850709,69486,7,4,2,0,0,0,0,2420,1,1
42112,4,3,3,42112,141865520,141933619,68099,7,5,1,0,0,0,0,2420,1,1
42113,4,3,1,42113,141948426,142006262,57836,5,2,0,0,2,0,0,2420,1,1
42114,4,3,0,42114,142021076,142108441,87365,9,4,4,0,0,0,0,2420,1,1
42115,4,3,0,42115,142123260,142259947,136687,15,8,5,0,1,0,0,2420,1,1
42116,4,3,2,42116,142274766,142312967,38201,3,1,1,0,0,0,0,2420,1,1
42117,4,3,2,42117,142327774,142365965,38191,3,1,1,0,0,0,0,2420,1,1
42118,4,3,3,42118,142380772,142402595,21823,1,0,0,0,0,0,0,2420,1,1
42119,4,3,2,42119,142417406,142448144,30738,2,0,1,0,0,0,0,2420,1,1
42120,4,3,3,42120,142462959,142484782,21823,1,0,0,0,0,0,0,2420,1,1
42121,4,3,3,42121,142499590,142537778,38188,3,1,1,0,0,0,0,2420,1,1
42122,4,3,2,42122,142552586,142614648,62062,6,3,2,0,0,0,0,2420,1,1
42123,4,3,1,42123,142629455,142697519,68064,7,5,1,0,0,0,0,2420,1,1
42124,4,3,0,42124,142712338,142734178,21840,1,0,0,0,0,0,0,2420,1,1
42125,4,3,3,42125,142748993,142797582,48589,4,0,3,0,0,0,0,2420,1,1
42126,4,3,4,42126,142812388,142892310,79922,8,3,4,0,0,0,0,2420,1,1
42127,4,3,3,42127,142907121,142985620,78499,8,4,3,0,0,0,0,2420,1,1
42128,4,3,0,42128,143000427,143029739,29312,2,1,0,0,0,0,0,2420,1,1
42129,4,3,0,42129,143044558,143146892,102334,11,6,4,0,0,0,0,2420,1,1
42130,4,3,1,42130,143161709,143192474,30765,2,0,1,0,0,0,0,2420,1,1
42131,4,3,2,42131,143207293,143229116,21823,1,0,0,0,0,0,0,2420,1,1
42132,4,3,1,42132,143243927,143282179,38252,3,1,1,0,0,0,0,2420,1,1
42133,4,3,0,42133,143297002,143326306,29304,2,1,0,0,0,0,0,2420,1,1
42134,4,3,1,42134,143341122,143428504,87382,9,4,4,0,0,0,0,2420,1,1
42135,4,3,4,42135,143443327,143581239,137912,15,6,8,0,0,0,0,2420,1,1
42136,4,3,2,42136,143596053,143632806,36753,3,2,0,0,0,0,0,2420,1,1
42137,4,3,2,42137,143647613,143669436,21823,1,0,0,0,0,0,0,2420,1,1
42138,4,3,2,42138,143684248,143723908,39660,3,0,2,0,0,0,0,2420,1,1
42139,4,3,1,42139,143738715,143776915,38200,3,1,1,0,0,0,0,2420,1,1
42140,4,3,3,42140,143791734,143862705,70971,7,3,3,0,0,0,0,2420,1,1
42141,4,3,1,42141,143877514,143899361,21847,1,0,0,0,0,0,0,2420,1,1
42142,4,3,2,42142,143914184,143936007,21823,1,0,0,0,0,0,0,2420,1,1
42143,4,3,0,42143,143950815,143987581,36766,3,2,0,0,0,0,0,2420,1,1
42144,4,3,4,42144,144002396,144024224,21828,1,0,0,0,0,0,0,2420,1,1
42145,4,3,1,42145,144039031,144060878,21847,1,0,0,0,0,0,0,2420,1,1
42146,4,3,3,42146,144075702,144112454,36752,3,2,0,0,0,0,0,2420,1,1
42147,4,3,1,42147,144127265,144156589,29324,2,1,0,0,0,0,0,2420,1,1
42148,4,3,3,42148,144171409,144209635,38226,3,1,1,0,0,0,0,2420,1,1
42149,4,3,0,42149,144224446,144298534,74088,8,7,0,0,0,0,0,2420,1,1
42150,4,3,2,42150,144313353,144344081,30728,2,0,1,0,0,0,0,2420,1,1
42151,4,3,2,42151,144358888,144380711,21823,1,0,0,0,0,0,0,2420,1,1
42152,4,3,4,42152,144395526,144424800,29274,2,1,0,0,0,0,0,2420,1,1
42153,4,3,3,42153,144439607,144468907,29300,2,1,0,0,0,0,0,2420,1,1
42154,4,3,4,42154,144483717,144548827,65110,6,2,2,0,1,0,0,2420,1,1
42155,4,3,2,42155,144563635,144601841,38206,3,1,1,0,0,0,0,2420,1,1
42156,4,3,2,42156,144616652,144638475,21823,1,0,0,0,0,0,0,2420,1,1
42157,4,3,3,42157,144653286,144675109,21823,1,0,0,0,0,0,0,2420,1,1
42158,4,3,4,42158,144689916,144711739,21823,1,0,0,0,0,0,0,2420,1,1
42159,4,3,2,42159,144726550,144790028,63478,6,2,3,0,0,0,0,2420,1,1
42160,4,3,0,42160,144804839,144948773,143934,16,8,7,0,0,0,0,2420,1,1
42161,4,3,0,42161,144963596,145001806,38210,3,1,1,0,0,0,0,2420,1,1
42162,4,3,4,42162,145016625,145053392,36767,3,2,0,0,0,0,0,2420,1,1
42163,4,3,0,42163,145068199,145113895,45696,4,2,1,0,0,0,0,2420,1,1
42164,4,3,3,42164,145128710,145184722,56012,5,1,3,0,0,0,0,2420,1,1
42165,4,3,3,42165,145199528,145245161,45633,4,2,1,0,0,0,0,2420,1,1
42166,4,3,4,42166,145259968,145296703,36735,3,2,0,0,0,0,0,2420,1,1
42167,4,3,2,42167,145311510,145373587,62077,6,3,2,0,0,0,0,2420,1,1
42168,4,3,3,42168,145388394,145450439,62045,6,3,2,0,0,0,0,2420,1,1
42169,4,3,4,42169,145465251,145510926,45675,4,2,1,0,0,0,0,2420,1,1
42170,4,3,2,42170,145525738,145555038,29300,2,1,0,0,0,0,0,2420,1,1
42171,4,3,4,42171,145569845,145634800,64955,6,1,4,0,0,0,0,2420,1,1
42172,4,3,0,42172,145649608,145792172,142564,16,9,6,0,0,0,0,2420,1,1
42173,4,3,0,42173,145806994,145843738,36744,3,2,0,0,0,0,0,2420,1,1
42174,4,3,2,42174,145858554,145974156,115602,12,3,8,0,0,0,0,2420,1,1
42175,4,3,4,42175,145988966,146010789,21823,1,0,0,0,0,0,0,2420,1,1
42176,4,3,0,42176,146025600,146063814,38214,3,1,1,0,0,0,0,2420,1,1
42177,4,3,1,42177,146078629,146137838,59209,6,5,0,0,0,0,0,2420,1,1
42178,4,3,3,42178,146152656,146189413,36757,3,2,0,0,0,0,0,2420,1,1
42179,4,3,1,42179,146204224,146318432,114208,12,4,7,0,0,0,0,2420,1,1
42180,4,3,3,42180,146333258,146386402,53144,5,3,1,0,0,0,0,2420,1,1
42181,4,3,0,42181,146401211,146539317,138106,16,12,3,0,0,0,0,2420,1,1
42182,4,3,4,42182,146554141,146590892,36751,3,2,0,0,0,0,0,2420,1,1
42183,4,3,0,42183,146605704,146636468,30764,2,0,1,0,0,0,0,2420,1,1
42184,4,3,2,42184,146651287,146673114,21827,1,0,0,0,0,0,0,2420,1,1
42185,4,3,0,42185,146687922,146709761,21839,1,0,0,0,0,0,0,2420,1,1
42186,4,3,0,42186,146724580,146746419,21839,1,0,0,0,0,0,0,2420,1,1
42187,4,3,1,42187,146761234,146783085,21851,1,0,0,0,0,0,0,2420,1,1
42188,4,3,0,42188,146797906,146859990,62084,6,3,2,0,0,0,0,2420,1,1
42189,4,3,1,42189,146874810,146904121,29311,2,1,0,0,0,0,0,2420,1,1
42190,4,3,4,42190,146918941,146940764,21823,1,0,0,0,0,0,0,2420,1,1
42191,4,3,1,42191,146955576,147044363,88787,9,3,5,0,0,0,0,2420,1,1
42192,4,3,3,42192,147059182,147088459,29277,2,1,0,0,0,0,0,2420,1,1
42193,4,3,0,42193,147103269,147125109,21840,1,0,0,0,0,0,0,2420,1,1
42194,4,3,2,42194,147139925,147200503,60578,6,4,1,0,0,0,0,2420,1,1
42195,4,3,1,42195,147215315,147293752,78437,8,4,3,0,0,0,0,2420,1,1
42196,4,3,0,42196,147308572,147348230,39658,3,0,2,0,0,0,0,2420,1,1
42197,4,3,4,42197,147363048,147384871,21823,1,0,0,0,0,0,0,2420,1,1
42198,4,3,4,42198,147399678,147428953,29275,2,1,0,0,0,0,0,2420,1,1
42199,4,3,2,42199,147443764,147473046,29282,2,1,0,0,0,0,0,2420,1,1
42200,4,3,2,42200,147487853,147551363,63510,6,2,3,0,0,0,0,2420,1,1
42201,4,3,3,42201,147566174,147587998,21824,1,0,0,0,0,0,0,2420,1,1
42202,4,3,0,42202,147602808,147678393,75585,8,6,1,0,0,0,0,2420,1,1
42203,4,3,0,42203,147693213,147764179,70966,7,3,3,0,0,0,0,2420,1,1
42204,4,3,2,42204,147778994,147899183,120189,13,6,6,0,0,0,0,2420,1,1
42205,4,3,0,42205,147913997,147959721,45724,4,2,1,0,0,0,0,2420,1,1
42206,4,3,1,42206,147974540,148035154,60614,6,4,1,0,0,0,0,2420,1,1
42207,4,3,1,42207,148049973,148097130,47157,4,1,2,0,0,0,0,2420,1,1
42208,4,3,1,42208,148111950,148212831,100881,11,7,3,0,0,0,0,2420,1,1
42209,4,3,2,42209,148227653,148267316,39663,3,0,2,0,0,0,0,2420,1,1
42210,4,3,0,42210,148282124,148311410,29286,2,1,0,0,0,0,0,2420,1,1
42211,4,3,0,42211,148326230,148364464,38234,3,1,1,0,0,0,0,2420,1,1
42212,4,3,0,42212,148379280,148417506,38226,3,1,1,0,0,0,0,2420,1,1
42213,4,3,3,42213,148432321,148461607,29286,2,1,0,0,0,0,0,2420,1,1
42214,4,3,3,42214,148476419,148498242,21823,1,0,0,0,0,0,0,2420,1,1
42215,4,3,1,42215,148513052,148543828,30776,2,0,1,0,0,0,0,2420,1,1
42216,4,3,4,42216,148558651,148587955,29304,2,1,0,0,0,0,0,2420,1,1
42217,4,3,0,42217,148602765,148639516,36751,3,2,0,0,0,0,0,2420,1,1
42218,4,3,1,42218,148654336,148676183,21847,1,0,0,0,0,0,0,2420,1,1
42219,4,3,1,42219,148691002,148744149,53147,5,3,1,0,0,0,0,2420,1,1
42220,4,3,4,42220,148758968,148846486,87518,9,5,2,0,1,0,0,2420,1,1
42221,4,3,3,42221,148861290,148883117,21827,1,0,0,0,0,0,0,2420,1,1
42222,4,3,0,42222,148897925,148919764,21839,1,0,0,0,0,0,0,2420,1,1
42223,4,3,1,42223,148934584,148963916,29332,2,1,0,0,0,0,0,2420,1,1
42224,4,3,4,42224,148978734,149067564,88830,9,3,5,0,0,0,0,2420,1,1
42225,4,3,1,42225,149082372,149283014,200642,23,12,10,0,0,0,0,2420,1,1
42226,4,3,1,42226,149297840,149344971,47131,4,1,2,0,0,0,0,2420,1,1
42227,4,3,4,42227,149359791,149405434,45643,4,2,1,0,0,0,0,2420,1,1
42228,4,3,3,42228,149420240,149482286,62046,6,3,2,0,0,0,0,2420,1,1
42229,4,3,1,42229,149497097,149648522,151425,17,9,7,0,0,0,0,2420,1,1
42230,4,3,3,42230,149663348,149717919,54571,5,2,2,0,0,0,0,2420,1,1
42231,4,3,0,42231,149732727,149845423,112696,12,5,6,0,0,0,0,2420,1,1
42232,4,3,3,42232,149860241,149882064,21823,1,0,0,0,0,0,0,2420,1,1
42233,4,3,1,42233,149896875,149957460,60585,6,4,1,0,0,0,0,2420,1,1
42234,4,3,3,42234,149972280,150040328,68048,7,5,1,0,0,0,0,2420,1,1
42235,4,3,4,42235,150055140,150076964,21824,1,0,0,0,0,0,0,2420,1,1
42236,4,3,4,42236,150091771,150113599,21828,1,0,0,0,0,0,0,2420,1,1
42237,4,3,3,42237,150128405,150150228,21823,1,0,0,0,0,0,0,2420,1,1
42238,4,3,4,42238,150165040,150194339,29299,2,1,0,0,0,0,0,2420,1,1
42239,4,3,1,42239,150209146,150257726,48580,4,0,3,0,0,0,0,2420,1,1
42240,4,3,0,42240,150272545,150301844,29299,2,1,0,0,0,0,0,2420,1,1
42241,4,3,0,42241,150316663,150369792,53129,5,3,1,0,0,0,0,2420,1,1
42242,4,3,4,42242,150384612,150406435,21823,1,0,0,0,0,0,0,2420,1,1
42243,4,3,2,42243,150421242,150459455,38213,3,1,1,0,0,0,0,2420,1,1
42244,4,3,4,42244,150474266,150518471,44205,4,3,0,0,0,0,0,2420,1,1
42245,4,3,3,42245,150533283,150587871,54588,5,2,2,0,0,0,0,2420,1,1
42246,4,3,4,42246,150602678,150743838,141160,16,10,5,0,0,0,0,2420,1,1
42247,4,3,3,42247,150758649,150849106,90457,10,8,1,0,0,0,0,2420,1,1
42248,4,3,2,42248,150863923,150885746,21823,1,0,0,0,0,0,0,2420,1,1
42249,4,3,1,42249,150900553,150922400,21847,1,0,0,0,0,0,0,2420,1,1
42250,4,3,1,42250,150937223,151000753,63530,6,2,3,0,0,0,0,2420,1,1
42251,4,3,3,42251,151015577,151044853,29276,2,1,0,0,0,0,0,2420,1,1
42252,4,3,2,42252,151059661,151114267,54606,5,2,2,0,0,0,0,2420,1,1
42253,4,3,2,42253,151129074,151183653,54579,5,2,2,0,0,0,0,2420,1,1
42254,4,3,4,42254,151198460,151251579,53119,5,3,1,0,0,0,0,2420,1,1
42255,4,3,1,42255,151266391,151288237,21846,1,0,0,0,0,0,0,2420,1,1
42256,4,3,2,42256,151303060,151350155,47095,4,1,2,0,0,0,0,2420,1,1
42257,4,3,3,42257,151364966,151403191,38225,3,1,1,0,0,0,0,2420,1,1
42258,4,3,3,42258,151417999,151497877,79878,8,3,4,0,0,0,0,2420,1,1
42259,4,3,3,42259,151512684,151594279,81595,9,8,0,0,0,0,0,2420,1,1
42260,4,3,4,42260,151609087,151647301,38214,3,1,1,0,0,0,0,2420,1,1
42261,4,3,2,42261,151662108,151683936,21828,1,0,0,0,0,0,0,2420,1,1
42262,4,3,1,42262,151698743,151744437,45694,4,2,1,0,0,0,0,2420,1,1
42263,4,3,3,42263,151759255,151781079,21824,1,0,0,0,0,0,0,2420,1,1
42264,4,3,4,42264,151795889,151826627,30738,2,0,1,0,0,0,0,2420,1,1
42265,4,3,2,42265,151841434,151885641,44207,4,3,0,0,0,0,0,2420,1,1
42266,4,3,2,42266,151900448,151922272,21824,1,0,0,0,0,0,0,2420,1,1
42267,4,3,0,42267,151937082,151958922,21840,1,0,0,0,0,0,0,2420,1,1
42268,4,3,3,42268,151973741,152064176,90435,10,8,1,0,0,0,0,2420,1,1
42269,4,3,2,42269,152078985,152100808,21823,1,0,0,0,0,0,0,2420,1,1
42270,4,3,2,42270,152115619,152152407,36788,3,2,0,0,0,0,0,2420,1,1
42271,4,3,4,42271,152167219,152203965,36746,3,2,0,0,0,0,0,2420,1,1
42272,4,3,1,42272,152218773,152262994,44221,4,3,0,0,0,0,0,2420,1,1
42273,4,3,4,42273,152277814,152314600,36786,3,2,0,0,0,0,0,2420,1,1
42274,4,3,2,42274,152329407,152351230,21823,1,0,0,0,0,0,0,2420,1,1
42275,4,3,2,42275,152366041,152387865,21824,1,0,0,0,0,0,0,2420,1,1
42276,4,3,2,42276,152402672,152439444,36772,3,2,0,0,0,0,0,2420,1,1
42277,4,3,3,42277,152454255,152476075,21820,1,0,0,0,0,0,0,2420,1,1
42278,4,3,4,42278,152490882,152520156,29274,2,1,0,0,0,0,0,2420,1,1
42279,4,3,1,42279,152534966,152573209,38243,3,1,1,0,0,0,0,2420,1,1
42280,4,3,0,42280,152588031,152627699,39668,3,0,2,0,0,0,0,2420,1,1
42281,4,3,4,42281,152642514,152679295,36781,3,2,0,0,0,0,0,2420,1,1
42282,4,3,0,42282,152694106,152715945,21839,1,0,0,0,0,0,0,2420,1,1
42283,4,3,1,42283,152730761,152760063,29302,2,1,0,0,0,0,0,2420,1,1
42284,4,3,3,42284,152774887,152829476,54589,5,2,2,0,0,0,0,2420,1,1
42285,4,3,1,42285,152844287,152889969,45682,4,2,1,0,0,0,0,2420,1,1
42286,4,3,1,42286,152904793,152943050,38257,3,1,1,0,0,0,0,2420,1,1
42287,4,3,0,42287,152957869,153003548,45679,4,2,1,0,0,0,0,2420,1,1
42288,4,3,2,42288,153018364,153087886,69522,7,4,2,0,0,0,0,2420,1,1
42289,4,3,4,42289,153102694,153124520,21826,1,0,0,0,0,0,0,2420,1,1
42290,4,3,4,42290,153139327,153222316,82989,9,7,1,0,0,0,0,2420,1,1
42291,4,3,1,42291,153237127,153315577,78450,8,4,3,0,0,0,0,2420,1,1
42292,4,3,4,42292,153330396,153405874,75478,8,6,1,0,0,0,0,2420,1,1
42293,4,3,2,42293,153420681,153457450,36769,3,2,0,0,0,0,0,2420,1,1
42294,4,3,2,42294,153472257,153519372,47115,4,1,2,0,0,0,0,2420,1,1
42295,4,3,0,42295,153534184,153590277,56093,5,1,3,0,0,0,0,2420,1,1
42296,4,3,1,42296,153605096,153751959,146863,16,6,9,0,0,0,0,2420,1,1
42297,4,3,1,42297,153766784,153818457,51673,5,4,0,0,0,0,0,2420,1,1
42298,4,3,0,42298,153833280,153893877,60597,6,4,1,0,0,0,0,2420,1,1
42299,4,3,3,42299,153908692,153946910,38218,3,1,1,0,0,0,0,2420,1,1
42300,4,3,2,42300,153961717,154010275,48558,4,0,3,0,0,0,0,2420,1,1
42301,4,3,0,42301,154025086,154054404,29318,2,1,0,0,0,0,0,2420,1,1
42302,4,3,3,42302,154069219,154123778,54559,5,2,2,0,0,0,0,2420,1,1
42303,4,3,0,42303,154138584,154199198,60614,6,4,1,0,0,0,0,2420,1,1
42304,4,3,3,42304,154214017,154268607,54590,5,2,2,0,0,0,0,2420,1,1
42305,4,3,3,42305,154283418,154312718,29300,2,1,0,0,0,0,0,2420,1,1
42306,4,3,0,42306,154327527,154356833,29306,2,1,0,0,0,0,0,2420,1,1
42307,4,3,0,42307,154371648,154448673,77025,8,5,2,0,0,0,0,2420,1,1
42308,4,3,4,42308,154463492,154492787,29295,2,1,0,0,0,0,0,2420,1,1
42309,4,3,3,42309,154507594,154553279,45685,4,2,1,0,0,0,0,2420,1,1
42310,4,3,3,42310,154568086,154589909,21823,1,0,0,0,0,0,0,2420,1,1
42311,4,3,0,42311,154604720,154635472,30752,2,0,1,0,0,0,0,2420,1,1
42312,4,3,0,42312,154650291,154688515,38224,3,1,1,0,0,0,0,2420,1,1
42313,4,3,4,42313,154703334,154734076,30742,2,0,1,0,0,0,0,2420,1,1
42314,4,3,2,42314,154748884,154852627,103743,11,5,5,0,0,0,0,2420,1,1
42315,4,3,2,42315,154867441,154904182,36741,3,2,0,0,0,0,0,2420,1,1
42316,4,3,2,42316,154918989,155039248,120259,13,7,4,0,1,0,0,2420,1,1
42317,4,3,3,42317,155054058,155110114,56056,5,1,3,0,0,0,0,2420,1,1
42318,4,3,0,42318,155124925,155173509,48584,4,0,3,0,0,0,0,2420,1,1
42319,4,3,0,42319,155188325,155241515,53190,5,3,1,0,0,0,0,2420,1,1
42320,4,3,1,42320,155256335,155364685,108350,12,8,3,0,0,0,0,2420,1,1
42321,4,3,0,42321,155379507,155553463,173956,20,13,5,0,1,0,0,2420,1,1
42322,4,3,1,42322,155568280,155606513,38233,3,1,1,0,0,0,0,2420,1,1
42323,4,3,3,42323,155621332,155643160,21828,1,0,0,0,0,0,0,2420,1,1
42324,4,3,4,42324,155657967,155679790,21823,1,0,0,0,0,0,0,2420,1,1
42325,4,3,0,42325,155694602,155796934,102332,11,6,4,0,0,0,0,2420,1,1
42326,4,3,3,42326,155811752,155885777,74025,7,2,3,0,1,0,0,2420,1,1
42327,4,3,0,42327,155900580,155931359,30779,2,0,1,0,0,0,0,2420,1,1
42328,4,3,4,42328,155946178,155976931,30753,2,0,1,0,0,0,0,2420,1,1
42329,4,3,0,42329,155991738,156029952,38214,3,1,1,0,0,0,0,2420,1,1
42330,4,3,4,42330,156044771,156108302,63531,6,2,3,0,0,0,0,2420,1,1
42331,4,3,1,42331,156123112,156144959,21847,1,0,0,0,0,0,0,2420,1,1
42332,4,3,0,42332,156159778,156181617,21839,1,0,0,0,0,0,0,2420,1,1
42333,4,3,0,42333,156196437,156234666,38229,3,1,1,0,0,0,0,2420,1,1
42334,4,3,3,42334,156249481,156295148,45667,4,2,1,0,0,0,0,2420,1,1
42335,4,3,2,42335,156309955,156436082,126127,14,8,5,0,0,0,0,2420,1,1
42336,4,3,4,42336,156450892,156472715,21823,1,0,0,0,0,0,0,2420,1,1
42337,4,3,4,42337,156487526,156555590,68064,7,5,1,0,0,0,0,2420,1,1
42338,4,3,0,42338,156570397,156592237,21840,1,0,0,0,0,0,0,2420,1,1
42339,4,3,4,42339,156607056,156701834,94778,10,5,4,0,0,0,0,2420,1,1
42340,4,3,3,42340,156716647,156753377,36730,3,2,0,0,0,0,0,2420,1,1
42341,4,3,0,42341,156768185,156806378,38193,3,1,1,0,0,0,0,2420,1,1
42342,4,3,4,42342,156821193,156859383,38190,3,1,1,0,0,0,0,2420,1,1
42343,4,3,4,42343,156874195,156940833,66638,7,6,0,0,0,0,0,2420,1,1
42344,4,3,4,42344,156955648,157043127,87479,9,5,2,0,1,0,0,2420,1,1
42345,4,3,0,42345,157057931,157120003,62072,6,3,2,0,0,0,0,2420,1,1
42346,4,3,1,42346,157134823,157198341,63518,6,2,3,0,0,0,0,2420,1,1
42347,4,3,1,42347,157213160,157276738,63578,6,2,3,0,0,0,0,2420,1,1
42348,4,3,4,42348,157291557,157399840,108283,12,8,3,0,0,0,0,2420,1,1
42349,4,3,1,42349,157414654,157491676,77022,8,5,2,0,0,0,0,2420,1,1
42350,4,3,4,42350,157506499,157537245,30746,2,0,1,0,0,0,0,2420,1,1
42351,4,3,0,42351,157552052,157573896,21844,1,0,0,0,0,0,0,2420,1,1
42352,4,3,0,42352,157588711,157625496,36785,3,2,0,0,0,0,0,2420,1,1
42353,4,3,2,42353,157640311,157662135,21824,1,0,0,0,0,0,0,2420,1,1
42354,4,3,1,42354,157676946,157715192,38246,3,1,1,0,0,0,0,2420,1,1
42355,4,3,0,42355,157730011,157775662,45651,4,2,1,0,0,0,0,2420,1,1
42356,4,3,0,42356,157790477,157828703,38226,3,1,1,0,0,0,0,2420,1,1
42357,4,3,4,42357,157843522,157905563,62041,6,3,2,0,0,0,0,2420,1,1
42358,4,3,0,42358,157920371,157942210,21839,1,0,0,0,0,0,0,2420,1,1
42359,4,3,2,42359,157957030,158017624,60594,6,4,1,0,0,0,0,2420,1,1
42360,4,3,0,42360,158032432,158061732,29300,2,1,0,0,0,0,0,2420,1,1
42361,4,3,1,42361,158076551,158098398,21847,1,0,0,0,0,0,0,2420,1,1
42362,4,3,3,42362,158113221,158173792,60571,6,4,1,0,0,0,0,2420,1,1
42363,4,3,3,42363,158188599,158210422,21823,1,0,0,0,0,0,0,2420,1,1
42364,4,3,4,42364,158225234,158296183,70949,7,3,3,0,0,0,0,2420,1,1
42365,4,3,1,42365,158310991,158332841,21850,1,0,0,0,0,0,0,2420,1,1
42366,4,3,0,42366,158347660,158369500,21840,1,0,0,0,0,0,0,2420,1,1
42367,4,3,2,42367,158384319,158522238,137919,15,6,8,0,0,0,0,2420,1,1
42368,4,3,0,42368,158537052,158567794,30742,2,0,1,0,0,0,0,2420,1,1
42369,4,3,3,42369,158582610,158611890,29280,2,1,0,0,0,0,0,2420,1,1
42370,4,3,4,42370,158626701,158705161,78460,8,4,3,0,0,0,0,2420,1,1
42371,4,3,4,42371,158719969,158749245,29276,2,1,0,0,0,0,0,2420,1,1
42372,4,3,1,42372,158764056,158852852,88796,9,3,5,0,0,0,0,2420,1,1
42373,4,3,2,42373,158867672,158889495,21823,1,0,0,0,0,0,0,2420,1,1
42374,4,3,4,42374,158904307,159020044,115737,13,9,3,0,0,0,0,2420,1,1
42375,4,3,4,42375,159034858,159105803,70945,7,3,3,0,0,0,0,2420,1,1
42376,4,3,1,42376,159120615,159158842,38227,3,1,1,0,0,0,0,2420,1,1
42377,4,3,2,42377,159173665,159195489,21824,1,0,0,0,0,0,0,2420,1,1
42378,4,3,4,42378,159210297,159232120,21823,1,0,0,0,0,0,0,2420,1,1
42379,4,3,4,42379,159246931,159268755,21824,1,0,0,0,0,0,0,2420,1,1
42380,4,3,4,42380,159283566,159320337,36771,3,2,0,0,0,0,0,2420,1,1
42381,4,3,3,42381,159335149,159421041,85892,9,5,3,0,0,0,0,2420,1,1
42382,4,3,4,42382,159435853,159518904,83051,9,7,1,0,0,0,0,2420,1,1
42383,4,3,2,42383,159533715,159555538,21823,1,0,0,0,0,0,0,2420,1,1
42384,4,3,4,42384,159570345,159592168,21823,1,0,0,0,0,0,0,2420,1,1
42385,4,3,3,42385,159606980,159628804,21824,1,0,0,0,0,0,0,2420,1,1
42386,4,3,2,42386,159643615,159672920,29305,2,1,0,0,0,0,0,2420,1,1
42387,4,3,2,42387,159687727,159751249,63522,6,2,3,0,0,0,0,2420,1,1
42388,4,3,4,42388,159766061,159820684,54623,5,2,2,0,0,0,0,2420,1,1
42389,4,3,0,42389,159835496,159882645,47149,4,1,2,0,0,0,0,2420,1,1
42390,4,3,4,42390,159897464,160005772,108308,12,8,3,0,0,0,0,2420,1,1
42391,4,3,2,42391,160020582,160042406,21824,1,0,0,0,0,0,0,2420,1,1
42392,4,3,1,42392,160057217,160079064,21847,1,0,0,0,0,0,0,2420,1,1
42393,4,3,0,42393,160093887,160187271,93384,10,6,3,0,0,0,0,2420,1,1
42394,4,3,0,42394,160202088,160247792,45704,4,2,1,0,0,0,0,2420,1,1
42395,4,3,3,42395,160262607,160291905,29298,2,1,0,0,0,0,0,2420,1,1
42396,4,3,3,42396,160306716,160377690,70974,7,3,3,0,0,0,0,2420,1,1
42397,4,3,3,42397,160392497,160432191,39694,3,0,2,0,0,0,0,2420,1,1
42398,4,3,2,42398,160447002,160477757,30755,2,0,1,0,0,0,0,2420,1,1
42399,4,3,1,42399,160492565,160563756,71191,7,4,1,0,1,0,0,2420,1,1
42400,4,3,3,42400,160578571,160633164,54593,5,2,2,0,0,0,0,2420,1,1
42401,4,3,4,42401,160647970,160686187,38217,3,1,1,0,0,0,0,2420,1,1
42402,4,3,4,42402,160700994,160785455,84461,9,6,2,0,0,0,0,2420,1,1
42403,4,3,0,42403,160800263,160862373,62110,6,3,2,0,0,0,0,2420,1,1
42404,4,3,3,42404,160877192,160899016,21824,1,0,0,0,0,0,0,2420,1,1
42405,4,3,1,42405,160913827,160935674,21847,1,0,0,0,0,0,0,2420,1,1
42406,4,3,1,42406,160950493,161006563,56070,5,1,3,0,0,0,0,2420,1,1
42407,4,3,2,42407,161021382,161223335,201953,23,11,11,0,0,0,0,2420,1,1
42408,4,3,4,42408,161238153,161259976,21823,1,0,0,0,0,0,0,2420,1,1
42409,4,3,4,42409,161274788,161304073,29285,2,1,0,0,0,0,0,2420,1,1
42410,4,3,0,42410,161318881,161406217,87336,9,4,4,0,0,0,0,2420,1,1
42411,4,3,3,42411,161421032,161459246,38214,3,1,1,0,0,0,0,2420,1,1
42412,4,3,0,42412,161474057,161495896,21839,1,0,0,0,0,0,0,2420,1,1
42413,4,3,1,42413,161510711,161547510,36799,3,2,0,0,0,0,0,2420,1,1
42414,4,3,3,42414,161562328,161683872,121544,13,5,7,0,0,0,0,2420,1,1
42415,4,3,4,42415,161698682,161720506,21824,1,0,0,0,0,0,0,2420,1,1
42416,4,3,1,42416,161735318,161757165,21847,1,0,0,0,0,0,0,2420,1,1
42417,4,3,3,42417,161771984,161823668,51684,5,4,0,0,0,0,0,2420,1,1
42418,4,3,1,42418,161838476,161909458,70982,7,3,3,0,0,0,0,2420,1,1
42419,4,3,3,42419,161924281,161990673,66392,6,0,5,0,0,0,0,2420,1,1
42420,4,3,4,42420,162005484,162051158,45674,4,2,1,0,0,0,0,2420,1,1
42421,4,3,3,42421,162065969,162128016,62047,6,3,2,0,0,0,0,2420,1,1
42422,4,3,2,42422,162142828,162172121,29293,2,1,0,0,0,0,0,2420,1,1
42423,4,3,0,42423,162186932,162260778,73846,7,1,5,0,0,0,0,2420,1,1
42424,4,3,1,42424,162275597,162312357,36760,3,2,0,0,0,0,0,2420,1,1
42425,4,3,1,42425,162327180,162357961,30781,2,0,1,0,0,0,0,2420,1,1
42426,4,3,3,42426,162372784,162403522,30738,2,0,1,0,0,0,0,2420,1,1
42427,4,3,3,42427,162418329,162440153,21824,1,0,0,0,0,0,0,2420,1,1
42428,4,3,0,42428,162454964,162525916,70952,7,3,3,0,0,0,0,2420,1,1
42429,4,3,0,42429,162540732,162562570,21838,1,0,0,0,0,0,0,2420,1,1
42430,4,3,2,42430,162577389,162608147,30758,2,0,1,0,0,0,0,2420,1,1
42431,4,3,3,42431,162622956,162644780,21824,1,0,0,0,0,0,0,2420,1,1
42432,4,3,2,42432,162659587,162681410,21823,1,0,0,0,0,0,0,2420,1,1
42433,4,3,4,42433,162696221,162734411,38190,3,1,1,0,0,0,0,2420,1,1
42434,4,3,4,42434,162749218,162787420,38202,3,1,1,0,0,0,0,2420,1,1
42435,4,3,1,42435,162802227,162824079,21852,1,0,0,0,0,0,0,2420,1,1
42436,4,3,0,42436,162838898,162899495,60597,6,4,1,0,0,0,0,2420,1,1
42437,4,3,2,42437,162914314,162936135,21821,1,0,0,0,0,0,0,2420,1,1
42438,4,3,1,42438,162950942,162980242,29300,2,1,0,0,0,0,0,2420,1,1
42439,4,3,3,42439,162995065,163031809,36744,3,2,0,0,0,0,0,2420,1,1
42440,4,3,1,42440,163046624,163092325,45701,4,2,1,0,0,0,0,2420,1,1
42441,4,3,4,42441,163107148,163170645,63497,6,2,3,0,0,0,0,2420,1,1
42442,4,3,4,42442,163185457,163222187,36730,3,2,0,0,0,0,0,2420,1,1
42443,4,3,1,42443,163236998,163273796,36798,3,2,0,0,0,0,0,2420,1,1
42444,4,3,0,42444,163288614,163390851,102237,11,6,4,0,0,0,0,2420,1,1
42445,4,3,0,42445,163405673,163506506,100833,11,7,3,0,0,0,0,2420,1,1
42446,4,3,2,42446,163521324,163604291,82967,9,7,1,0,0,0,0,2420,1,1
42447,4,3,4,42447,163619098,163648389,29291,2,1,0,0,0,0,0,2420,1,1
42448,4,3,0,42448,163663200,163699980,36780,3,2,0,0,0,0,0,2420,1,1
42449,4,3,4,42449,163714800,163761947,47147,4,1,2,0,0,0,0,2420,1,1
42450,4,3,2,42450,163776758,163798579,21821,1,0,0,0,0,0,0,2420,1,1
42451,4,3,3,42451,163813390,163866567,53177,5,3,1,0,0,0,0,2420,1,1
42452,4,3,1,42452,163881375,163973311,91936,10,7,2,0,0,0,0,2420,1,1
42453,4,3,4,42453,163988132,164050160,62028,6,3,2,0,0,0,0,2420,1,1
42454,4,3,3,42454,164064971,164103176,38205,3,1,1,0,0,0,0,2420,1,1
42455,4,3,2,42455,164117983,164156200,38217,3,1,1,0,0,0,0,2420,1,1
42456,4,3,0,42456,164171007,164200297,29290,2,1,0,0,0,0,0,2420,1,1
42457,4,3,3,42457,164215117,164236940,21823,1,0,0,0,0,0,0,2420,1,1
42458,4,3,1,42458,164251748,164273599,21851,1,0,0,0,0,0,0,2420,1,1
42459,4,3,4,42459,164288418,164392130,103712,11,5,5,0,0,0,0,2420,1,1
42460,4,3,4,42460,164406944,164428767,21823,1,0,0,0,0,0,0,2420,1,1
42461,4,3,0,42461,164443578,164519098,75520,8,6,1,0,0,0,0,2420,1,1
42462,4,3,3,42462,164533917,164555741,21824,1,0,0,0,0,0,0,2420,1,1
42463,4,3,1,42463,164570548,164601301,30753,2,0,1,0,0,0,0,2420,1,1
42464,4,3,0,42464,164616125,164685683,69558,7,4,2,0,0,0,0,2420,1,1
42465,4,3,2,42465,164700498,164722321,21823,1,0,0,0,0,0,0,2420,1,1
42466,4,3,2,42466,164737132,164766407,29275,2,1,0,0,0,0,0,2420,1,1
42467,4,3,0,42467,164781215,164810502,29287,2,1,0,0,0,0,0,2420,1,1
42468,4,3,3,42468,164825322,164847145,21823,1,0,0,0,0,0,0,2420,1,1
42469,4,3,3,42469,164861952,164883780,21828,1,0,0,0,0,0,0,2420,1,1
42470,4,3,2,42470,164898587,164944234,45647,4,2,1,0,0,0,0,2420,1,1
42471,4,3,3,42471,164959041,165004686,45645,4,2,1,0,0,0,0,2420,1,1
42472,4,3,2,42472,165019497,165126214,106717,11,3,7,0,0,0,0,2420,1,1
42473,4,3,4,42473,165141025,165252188,111163,12,6,5,0,0,0,0,2420,1,1
42474,4,3,2,42474,165267001,165305191,38190,3,1,1,0,0,0,0,2420,1,1
42475,4,3,3,42475,165319999,165341822,21823,1,0,0,0,0,0,0,2420,1,1
42476,4,3,0,42476,165356633,165429030,72397,7,2,4,0,0,0,0,2420,1,1
42477,4,3,2,42477,165443849,165498478,54629,5,2,2,0,0,0,0,2420,1,1
42478,4,3,1,42478,165513289,165535137,21848,1,0,0,0,0,0,0,2420,1,1
42479,4,3,2,42479,165549956,165626974,77018,8,5,2,0,0,0,0,2420,1,1
42480,4,3,2,42480,165641781,165714361,72580,7,3,2,0,1,0,0,2420,1,1
42481,4,3,0,42481,165729164,165751004,21840,1,0,0,0,0,0,0,2420,1,1
42482,4,3,3,42482,165765824,165811525,45701,4,2,1,0,0,0,0,2420,1,1
42483,4,3,3,42483,165826336,165913763,87427,9,4,4,0,0,0,0,2420,1,1
42484,4,3,4,42484,165928570,165959312,30742,2,0,1,0,0,0,0,2420,1,1
42485,4,3,1,42485,165974123,166025817,51694,5,4,0,0,0,0,0,2420,1,1
42486,4,3,2,42486,166040636,166102701,62065,6,3,2,0,0,0,0,2420,1,1
42487,4,3,1,42487,166117511,166222776,105265,11,4,6,0,0,0,0,2420,1,1
42488,4,3,3,42488,166237598,166298216,60618,6,4,1,0,0,0,0,2420,1,1
42489,4,3,3,42489,166313027,166406484,93457,10,6,3,0,0,0,0,2420,1,1
42490,4,3,3,42490,166421294,166499730,78436,8,4,3,0,0,0,0,2420,1,1
42491,4,3,1,42491,166514541,166552780,38239,3,1,1,0,0,0,0,2420,1,1
42492,4,3,3,42492,166567599,166647437,79838,8,3,4,0,0,0,0,2420,1,1
42493,4,3,1,42493,166662244,166764554,102310,11,6,4,0,0,0,0,2420,1,1
42494,4,3,2,42494,166779376,166850307,70931,7,3,3,0,0,0,0,2420,1,1
42495,4,3,1,42495,166865118,166953914,88796,9,3,5,0,0,0,0,2420,1,1
42496,4,3,4,42496,166968733,167030761,62028,6,3,2,0,0,0,0,2420,1,1
42497,4,3,2,42497,167045571,167067395,21824,1,0,0,0,0,0,0,2420,1,1
42498,4,3,0,42498,167082202,167111504,29302,2,1,0,0,0,0,0,2420,1,1
42499,4,3,0,42499,167126323,167148163,21840,1,0,0,0,0,0,0,2420,1,1
42500,4,3,3,42500,167162982,167271261,108279,12,8,3,0,0,0,0,2420,1,1
42501,4,3,2,42501,167286075,167315370,29295,2,1,0,0,0,0,0,2420,1,1
42502,4,3,2,42502,167330178,167375840,45662,4,2,1,0,0,0,0,2420,1,1
42503,4,3,1,42503,167390648,167437801,47153,4,1,2,0,0,0,0,2420,1,1
42504,4,3,2,42504,167452624,167583339,130715,15,11,3,0,0,0,0,2420,1,1
42505,4,3,0,42505,167598151,167654193,56042,5,1,3,0,0,0,0,2420,1,1
42506,4,3,2,42506,167669008,167705758,36750,3,2,0,0,0,0,0,2420,1,1
42507,4,3,3,42507,167720566,167742389,21823,1,0,0,0,0,0,0,2420,1,1
42508,4,3,1,42508,167757200,167828242,71042,7,3,3,0,0,0,0,2420,1,1
42509,4,3,2,42509,167843064,167864888,21824,1,0,0,0,0,0,0,2420,1,1
42510,4,3,4,42510,167879695,167908993,29298,2,1,0,0,0,0,0,2420,1,1
42511,4,3,3,42511,167923804,167945628,21824,1,0,0,0,0,0,0,2420,1,1
42512,4,3,0,42512,167960436,168034519,74083,8,7,0,0,0,0,0,2420,1,1
42513,4,3,1,42513,168049334,168087571,38237,3,1,1,0,0,0,0,2420,1,1
42514,4,3,4,42514,168102390,168124218,21828,1,0,0,0,0,0,0,2420,1,1
42515,4,3,2,42515,168139025,168177217,38192,3,1,1,0,0,0,0,2420,1,1
42516,4,3,3,42516,168192025,168231665,39640,3,0,2,0,0,0,0,2420,1,1
42517,4,3,0,42517,168246477,168277246,30769,2,0,1,0,0,0,0,2420,1,1
42518,4,3,1,42518,168292061,168322836,30775,2,0,1,0,0,0,0,2420,1,1
42519,4,3,1,42519,168337655,168359503,21848,1,0,0,0,0,0,0,2420,1,1
42520,4,3,0,42520,168374325,168396165,21840,1,0,0,0,0,0,0,2420,1,1
42521,4,3,0,42521,168410980,168473117,62137,6,3,2,0,0,0,0,2420,1,1
42522,4,3,4,42522,168487931,168509755,21824,1,0,0,0,0,0,0,2420,1,1
42523,4,3,3,42523,168524566,168608979,84413,9,6,2,0,0,0,0,2420,1,1
42524,4,3,4,42524,168623790,168678367,54577,5,2,2,0,0,0,0,2420,1,1
42525,4,3,1,42525,168693178,168731371,38193,3,1,1,0,0,0,0,2420,1,1
42526,4,3,2,42526,168746195,168768018,21823,1,0,0,0,0,0,0,2420,1,1
42527,4,3,3,42527,168782830,168804654,21824,1,0,0,0,0,0,0,2420,1,1
42528,4,3,0,42528,168819461,168850238,30777,2,0,1,0,0,0,0,2420,1,1
42529,4,3,4,42529,168865058,168941975,76917,8,5,2,0,0,0,0,2420,1,1
42530,4,3,1,42530,168956787,168978634,21847,1,0,0,0,0,0,0,2420,1,1
42531,4,3,2,42531,168993457,169022734,29277,2,1,0,0,0,0,0,2420,1,1
42532,4,3,4,42532,169037544,169059368,21824,1,0,0,0,0,0,0,2420,1,1
42533,4,3,0,42533,169074178,169179280,105102,11,4,6,0,0,0,0,2420,1,1
42534,4,3,2,42534,169194102,169232321,38219,3,1,1,0,0,0,0,2420,1,1
42535,4,3,2,42535,169247132,169331567,84435,9,6,2,0,0,0,0,2420,1,1
42536,4,3,4,42536,169346380,169383158,36778,3,2,0,0,0,0,0,2420,1,1
42537,4,3,0,42537,169397966,169419802,21836,1,0,0,0,0,0,0,2420,1,1
42538,4,3,4,42538,169434622,169465383,30761,2,0,1,0,0,0,0,2420,1,1
42539,4,3,4,42539,169480190,169518373,38183,3,1,1,0,0,0,0,2420,1,1
42540,4,3,1,42540,169533184,169572879,39695,3,0,2,0,0,0,0,2420,1,1
42541,4,3,1,42541,169587697,169627399,39702,3,0,2,0,0,0,0,2420,1,1
42542,4,3,2,42542,169642218,169687911,45693,4,2,1,0,0,0,0,2420,1,1
42543,4,3,1,42543,169702718,169740948,38230,3,1,1,0,0,0,0,2420,1,1
42544,4,3,1,42544,169755772,169777619,21847,1,0,0,0,0,0,0,2420,1,1
42545,4,3,0,42545,169792438,169814281,21843,1,0,0,0,0,0,0,2420,1,1
42546,4,3,0,42546,169829096,169874786,45690,4,2,1,0,0,0,0,2420,1,1
42547,4,3,4,42547,169889601,169920333,30732,2,0,1,0,0,0,0,2420,1,1
42548,4,3,0,42548,169935145,169995742,60597,6,4,1,0,0,0,0,2420,1,1
42549,4,3,2,42549,170010557,170032380,21823,1,0,0,0,0,0,0,2420,1,1
42550,4,3,0,42550,170047191,170069031,21840,1,0,0,0,0,0,0,2420,1,1
42551,4,3,3,42551,170083851,170114580,30729,2,0,1,0,0,0,0,2420,1,1
42552,4,3,4,42552,170129388,170160124,30736,2,0,1,0,0,0,0,2420,1,1
42553,4,3,0,42553,170174936,170205697,30761,2,0,1,0,0,0,0,2420,1,1
42554,4,3,0,42554,170220512,170257274,36762,3,2,0,0,0,0,0,2420,1,1
42555,4,3,3,42555,170272089,170301362,29273,2,1,0,0,0,0,0,2420,1,1
42556,4,3,1,42556,170316173,170338020,21847,1,0,0,0,0,0,0,2420,1,1
42557,4,3,3,42557,170352843,170374667,21824,1,0,0,0,0,0,0,2420,1,1
42558,4,3,2,42558,170389474,170427680,38206,3,1,1,0,0,0,0,2420,1,1
42559,4,3,4,42559,170442487,170565751,123264,14,10,3,0,0,0,0,2420,1,1
42560,4,3,4,42560,170580562,170602386,21824,1,0,0,0,0,0,0,2420,1,1
42561,4,3,2,42561,170617197,170656851,39654,3,0,2,0,0,0,0,2420,1,1
42562,4,3,2,42562,170671659,170693487,21828,1,0,0,0,0,0,0,2420,1,1
42563,4,3,0,42563,170708295,170895365,187070,21,9,11,0,0,0,0,2420,1,1
42564,4,3,2,42564,170910185,170949842,39657,3,0,2,0,0,0,0,2420,1,1
42565,4,3,4,42565,170964653,171002870,38217,3,1,1,0,0,0,0,2420,1,1
42566,4,3,1,42566,171017677,171039524,21847,1,0,0,0,0,0,0,2420,1,1
42567,4,3,3,42567,171054347,171091101,36754,3,2,0,0,0,0,0,2420,1,1
42568,4,3,3,42568,171105917,171127741,21824,1,0,0,0,0,0,0,2420,1,1
42569,4,3,2,42569,171142548,171171849,29301,2,1,0,0,0,0,0,2420,1,1
42570,4,3,0,42570,171186661,171275487,88826,9,3,5,0,0,0,0,2420,1,1
42571,4,3,3,42571,171290303,171312126,21823,1,0,0,0,0,0,0,2420,1,1
42572,4,3,2,42572,171326937,171444086,117149,13,8,4,0,0,0,0,2420,1,1
42573,4,3,3,42573,171458896,171520989,62093,6,3,2,0,0,0,0,2420,1,1
42574,4,3,2,42574,171535801,171599329,63528,6,2,3,0,0,0,0,2420,1,1
42575,4,3,1,42575,171614140,171691127,76987,8,5,2,0,0,0,0,2420,1,1
42576,4,3,4,42576,171705951,171757674,51723,5,4,0,0,0,0,0,2420,1,1
42577,4,3,1,42577,171772481,171837685,65204,6,2,2,0,1,0,0,2420,1,1
42578,4,3,2,42578,171852500,171890719,38219,3,1,1,0,0,0,0,2420,1,1
42579,4,3,2,42579,171905531,172019808,114277,13,10,2,0,0,0,0,2420,1,1
42580,4,3,4,42580,172034624,172154739,120115,13,6,6,0,0,0,0,2420,1,1
42581,4,3,0,42581,172169549,172248015,78466,8,4,3,0,0,0,0,2420,1,1
42582,4,3,2,42582,172262834,172345796,82962,9,7,1,0,0,0,0,2420,1,1
42583,4,3,3,42583,172360603,172415372,54769,5,3,0,0,1,0,0,2420,1,1
42584,4,3,4,42584,172430176,172451999,21823,1,0,0,0,0,0,0,2420,1,1
42585,4,3,3,42585,172466810,172528853,62043,6,3,2,0,0,0,0,2420,1,1
42586,4,3,0,42586,172543665,172565504,21839,1,0,0,0,0,0,0,2420,1,1
42587,4,3,3,42587,172580319,172651288,70969,7,3,3,0,0,0,0,2420,1,1
42588,4,3,1,42588,172666099,172738517,72418,7,2,4,0,0,0,0,2420,1,1
42589,4,3,3,42589,172753340,172807919,54579,5,2,2,0,0,0,0,2420,1,1
42590,4,3,0,42590,172822726,172877335,54609,5,2,2,0,0,0,0,2420,1,1
42591,4,3,3,42591,172892151,172922880,30729,2,0,1,0,0,0,0,2420,1,1
42592,4,3,4,42592,172937687,172959511,21824,1,0,0,0,0,0,0,2420,1,1
42593,4,3,2,42593,172974322,173011074,36752,3,2,0,0,0,0,0,2420,1,1
42594,4,3,4,42594,173025885,173047709,21824,1,0,0,0,0,0,0,2420,1,1
42595,4,3,2,42595,173062516,173148407,85891,9,5,3,0,0,0,0,2420,1,1
42596,4,3,0,42596,173163219,173249145,85926,9,5,3,0,0,0,0,2420,1,1
42597,4,3,4,42597,173263964,173300717,36753,3,2,0,0,0,0,0,2420,1,1
42598,4,3,2,42598,173315528,173337351,21823,1,0,0,0,0,0,0,2420,1,1
42599,4,3,0,42599,173352159,173438090,85931,9,5,3,0,0,0,0,2420,1,1
42600,4,3,2,42600,173452913,173474737,21824,1,0,0,0,0,0,0,2420,1,1
42601,4,3,4,42601,173489544,173608168,118624,13,7,5,0,0,0,0,2420,1,1
42602,4,3,4,42602,173622982,173686513,63531,6,2,3,0,0,0,0,2420,1,1
42603,4,3,2,42603,173701320,173723148,21828,1,0,0,0,0,0,0,2420,1,1
42604,4,3,1,42604,173737955,173768725,30770,2,0,1,0,0,0,0,2420,1,1
42605,4,3,0,42605,173783548,173835282,51734,5,4,0,0,0,0,0,2420,1,1
42606,4,3,2,42606,173850096,173880844,30748,2,0,1,0,0,0,0,2420,1,1
42607,4,3,4,42607,173895655,173926390,30735,2,0,1,0,0,0,0,2420,1,1
42608,4,3,4,42608,173941197,173970487,29290,2,1,0,0,0,0,0,2420,1,1
42609,4,3,4,42609,173985297,174089001,103704,11,5,5,0,0,0,0,2420,1,1
42610,4,3,1,42610,174103815,174231385,127570,14,7,6,0,0,0,0,2420,1,1
42611,4,3,3,42611,174246212,174268035,21823,1,0,0,0,0,0,0,2420,1,1
42612,4,3,1,42612,174282845,174312150,29305,2,1,0,0,0,0,0,2420,1,1
42613,4,3,0,42613,174326973,174430732,103759,11,5,5,0,0,0,0,2420,1,1
42614,4,3,1,42614,174445554,174474882,29328,2,1,0,0,0,0,0,2420,1,1
42615,4,3,1,42615,174489701,174535405,45704,4,2,1,0,0,0,0,2420,1,1
42616,4,3,0,42616,174550224,174597371,47147,4,1,2,0,0,0,0,2420,1,1
42617,4,3,3,42617,174612186,174634014,21828,1,0,0,0,0,0,0,2420,1,1
42618,4,3,0,42618,174648821,174695957,47136,4,1,2,0,0,0,0,2420,1,1
42619,4,3,4,42619,174710772,174732595,21823,1,0,0,0,0,0,0,2420,1,1
42620,4,3,4,42620,174747407,174793086,45679,4,2,1,0,0,0,0,2420,1,1
42621,4,3,1,42621,174807894,174870002,62108,6,3,2,0,0,0,0,2420,1,1
42622,4,3,1,42622,174884825,174906672,21847,1,0,0,0,0,0,0,2420,1,1
42623,4,3,1,42623,174921491,174959723,38232,3,1,1,0,0,0,0,2420,1,1
42624,4,3,1,42624,174974545,175111144,136599,15,7,7,0,0,0,0,2420,1,1
42625,4,3,3,42625,175125970,175164172,38202,3,1,1,0,0,0,0,2420,1,1
42626,4,3,3,42626,175178979,175200803,21824,1,0,0,0,0,0,0,2420,1,1
42627,4,3,0,42627,175215614,175310422,94808,10,5,4,0,0,0,0,2420,1,1
42628,4,3,1,42628,175325242,175364915,39673,3,0,2,0,0,0,0,2420,1,1
42629,4,3,2,42629,175379733,175440394,60661,6,4,1,0,0,0,0,2420,1,1
42630,4,3,0,42630,175455206,175477045,21839,1,0,0,0,0,0,0,2420,1,1
42631,4,3,4,42631,175491860,175592646,100786,11,7,3,0,0,0,0,2420,1,1
42632,4,3,2,42632,175607464,175700830,93366,10,6,3,0,0,0,0,2420,1,1
42633,4,3,3,42633,175715643,175800086,84443,9,6,2,0,0,0,0,2420,1,1
42634,4,3,1,42634,175814898,175844223,29325,2,1,0,0,0,0,0,2420,1,1
42635,4,3,2,42635,175859042,175927085,68043,7,5,1,0,0,0,0,2420,1,1
42636,4,3,1,42636,175941892,175980138,38246,3,1,1,0,0,0,0,2420,1,1
42637,4,3,0,42637,175994962,176083769,88807,9,3,5,0,0,0,0,2420,1,1
42638,4,3,2,42638,176098585,176217232,118647,13,7,5,0,0,0,0,2420,1,1
42639,4,3,3,42639,176232042,176304433,72391,7,2,4,0,0,0,0,2420,1,1
42640,4,3,3,42640,176319241,176341065,21824,1,0,0,0,0,0,0,2420,1,1
42641,4,3,2,42641,176355877,176414990,59113,6,5,0,0,0,0,0,2420,1,1
42642,4,3,3,42642,176429797,176485884,56087,5,1,3,0,0,0,0,2420,1,1
42643,4,3,0,42643,176500691,176553835,53144,5,3,1,0,0,0,0,2420,1,1
42644,4,3,2,42644,176568651,176639673,71022,7,3,3,0,0,0,0,2420,1,1
42645,4,3,0,42645,176654484,176685232,30748,2,0,1,0,0,0,0,2420,1,1
42646,4,3,0,42646,176700047,176721886,21839,1,0,0,0,0,0,0,2420,1,1
42647,4,3,4,42647,176736706,176758529,21823,1,0,0,0,0,0,0,2420,1,1
42648,4,3,0,42648,176773341,176795180,21839,1,0,0,0,0,0,0,2420,1,1
42649,4,3,3,42649,176809995,176912249,102254,11,6,4,0,0,0,0,2420,1,1
42650,4,3,2,42650,176927063,176948887,21824,1,0,0,0,0,0,0,2420,1,1
42651,4,3,1,42651,176963698,176993016,29318,2,1,0,0,0,0,0,2420,1,1
42652,4,3,3,42652,177007834,177029658,21824,1,0,0,0,0,0,0,2420,1,1
42653,4,3,0,42653,177044469,177081251,36782,3,2,0,0,0,0,0,2420,1,1
42654,4,3,1,42654,177096070,177117917,21847,1,0,0,0,0,0,0,2420,1,1
42655,4,3,0,42655,177132735,177200806,68071,7,5,1,0,0,0,0,2420,1,1
42656,4,3,0,42656,177215625,177252374,36749,3,2,0,0,0,0,0,2420,1,1
42657,4,3,3,42657,177267193,177289017,21824,1,0,0,0,0,0,0,2420,1,1
42658,4,3,4,42658,177303828,177325652,21824,1,0,0,0,0,0,0,2420,1,1
42659,4,3,3,42659,177340459,177378649,38190,3,1,1,0,0,0,0,2420,1,1
42660,4,3,0,42660,177393460,177504669,111209,12,6,5,0,0,0,0,2420,1,1
42661,4,3,0,42661,177519488,177541327,21839,1,0,0,0,0,0,0,2420,1,1
42662,4,3,0,42662,177556146,177639165,83019,9,7,1,0,0,0,0,2420,1,1
42663,4,3,3,42663,177653984,177699669,45685,4,2,1,0,0,0,0,2420,1,1
42664,4,3,0,42664,177714484,177745249,30765,2,0,1,0,0,0,0,2420,1,1
42665,4,3,4,42665,177760064,177837045,76981,8,5,2,0,0,0,0,2420,1,1
42666,4,3,1,42666,177851853,177881178,29325,2,1,0,0,0,0,0,2420,1,1
42667,4,3,1,42667,177896001,177932794,36793,3,2,0,0,0,0,0,2420,1,1
42668,4,3,1,42668,177947613,177978383,30770,2,0,1,0,0,0,0,2420,1,1
42669,4,3,4,42669,177993207,178031429,38222,3,1,1,0,0,0,0,2420,1,1
42670,4,3,1,42670,178046240,178076990,30750,2,0,1,0,0,0,0,2420,1,1
42671,4,3,1,42671,178091809,178138969,47160,4,1,2,0,0,0,0,2420,1,1
42672,4,3,1,42672,178153792,178364950,211158,25,17,7,0,0,0,0,2420,1,1
42673,4,3,2,42673,178379774,178423993,44219,4,3,0,0,0,0,0,2420,1,1
42674,4,3,0,42674,178438800,178460639,21839,1,0,0,0,0,0,0,2420,1,1
42675,4,3,1,42675,178475458,178519699,44241,4,3,0,0,0,0,0,2420,1,1
42676,4,3,0,42676,178534523,178556362,21839,1,0,0,0,0,0,0,2420,1,1
42677,4,3,4,42677,178571177,178609403,38226,3,1,1,0,0,0,0,2420,1,1
42678,4,3,4,42678,178624215,178662402,38187,3,1,1,0,0,0,0,2420,1,1
42679,4,3,3,42679,178677214,178745272,68058,7,5,1,0,0,0,0,2420,1,1
42680,4,3,0,42680,178760079,178781918,21839,1,0,0,0,0,0,0,2420,1,1
42681,4,3,1,42681,178796736,178842393,45657,4,2,1,0,0,0,0,2420,1,1
42682,4,3,1,42682,178857216,178932751,75535,8,6,1,0,0,0,0,2420,1,1
42683,4,3,0,42683,178947570,178969410,21840,1,0,0,0,0,0,0,2420,1,1
42684,4,3,4,42684,178984229,179052284,68055,7,5,1,0,0,0,0,2420,1,1
42685,4,3,4,42685,179067095,179112784,45689,4,2,1,0,0,0,0,2420,1,1
42686,4,3,1,42686,179127592,179168900,41308,3,0,1,0,1,0,0,2420,1,1
42687,4,3,2,42687,179183718,179214444,30726,2,0,1,0,0,0,0,2420,1,1
42688,4,3,1,42688,179229251,179288439,59188,6,5,0,0,0,0,0,2420,1,1
42689,4,3,0,42689,179303262,179420482,117220,13,8,4,0,0,0,0,2420,1,1
42690,4,3,1,42690,179435304,179564340,129036,14,6,7,0,0,0,0,2420,1,1
42691,4,3,4,42691,179579162,179608451,29289,2,1,0,0,0,0,0,2420,1,1
42692,4,3,4,42692,179623262,179652538,29276,2,1,0,0,0,0,0,2420,1,1
42693,4,3,2,42693,179667349,179696644,29295,2,1,0,0,0,0,0,2420,1,1
42694,4,3,4,42694,179711451,179740739,29288,2,1,0,0,0,0,0,2420,1,1
42695,4,3,0,42695,179755551,179825069,69518,7,4,2,0,0,0,0,2420,1,1
42696,4,3,2,42696,179839888,179878073,38185,3,1,1,0,0,0,0,2420,1,1
42697,4,3,1,42697,179892884,179922205,29321,2,1,0,0,0,0,0,2420,1,1
42698,4,3,0,42698,179937029,179991644,54615,5,2,2,0,0,0,0,2420,1,1
42699,4,3,2,42699,180006464,180035756,29292,2,1,0,0,0,0,0,2420,1,1
42700,4,3,4,42700,180050563,180079845,29282,2,1,0,0,0,0,0,2420,1,1
42701,4,3,3,42701,180094657,180131424,36767,3,2,0,0,0,0,0,2420,1,1
42702,4,3,2,42702,180146235,180260366,114131,12,4,7,0,0,0,0,2420,1,1
42703,4,3,2,42703,180275181,180328342,53161,5,3,1,0,0,0,0,2420,1,1
42704,4,3,0,42704,180343153,180473851,130698,15,11,3,0,0,0,0,2420,1,1
42705,4,3,0,42705,180488671,180510510,21839,1,0,0,0,0,0,0,2420,1,1
42706,4,3,1,42706,180525329,180563548,38219,3,1,1,0,0,0,0,2420,1,1
42707,4,3,3,42707,180578368,180600191,21823,1,0,0,0,0,0,0,2420,1,1
42708,4,3,4,42708,180615002,180645731,30729,2,0,1,0,0,0,0,2420,1,1
42709,4,3,3,42709,180660539,180700210,39671,3,0,2,0,0,0,0,2420,1,1
42710,4,3,2,42710,180715022,180818686,103664,11,5,5,0,0,0,0,2420,1,1
42711,4,3,2,42711,180833500,180855324,21824,1,0,0,0,0,0,0,2420,1,1
42712,4,3,3,42712,180870132,180891956,21824,1,0,0,0,0,0,0,2420,1,1
42713,4,3,1,42713,180906767,180928614,21847,1,0,0,0,0,0,0,2420,1,1
42714,4,3,2,42714,180943437,180981643,38206,3,1,1,0,0,0,0,2420,1,1
42715,4,3,0,42715,180996454,181051024,54570,5,2,2,0,0,0,0,2420,1,1
42716,4,3,4,42716,181065844,181190318,124474,13,3,9,0,0,0,0,2420,1,1
42717,4,3,4,42717,181205132,181235861,30729,2,0,1,0,0,0,0,2420,1,1
42718,4,3,2,42718,181250668,181279947,29279,2,1,0,0,0,0,0,2420,1,1
42719,4,3,2,42719,181294758,181316582,21824,1,0,0,0,0,0,0,2420,1,1
42720,4,3,4,42720,181331389,181360671,29282,2,1,0,0,0,0,0,2420,1,1
42721,4,3,0,42721,181375483,181413699,38216,3,1,1,0,0,0,0,2420,1,1
42722,4,3,2,42722,181428515,181489091,60576,6,4,1,0,0,0,0,2420,1,1
42723,4,3,1,42723,181503903,181568864,64961,6,1,4,0,0,0,0,2420,1,1
42724,4,3,0,42724,181583687,181632283,48596,4,0,3,0,0,0,0,2420,1,1
42725,4,3,3,42725,181647102,181741900,94798,10,5,4,0,0,0,0,2420,1,1
42726,4,3,1,42726,181756713,181787477,30764,2,0,1,0,0,0,0,2420,1,1
42727,4,3,2,42727,181802296,181846507,44211,4,3,0,0,0,0,0,2420,1,1
42728,4,3,3,42728,181861318,181923414,62096,6,3,2,0,0,0,0,2420,1,1
42729,4,3,4,42729,181938222,181985343,47121,4,1,2,0,0,0,0,2420,1,1
42730,4,3,4,42730,182000151,182021975,21824,1,0,0,0,0,0,0,2420,1,1
42731,4,3,2,42731,182036785,182067529,30744,2,0,1,0,0,0,0,2420,1,1
42732,4,3,4,42732,182082337,182104165,21828,1,0,0,0,0,0,0,2420,1,1
42733,4,3,2,42733,182118971,182243617,124646,14,9,4,0,0,0,0,2420,1,1
42734,4,3,4,42734,182258428,182304097,45669,4,2,1,0,0,0,0,2420,1,1
42735,4,3,4,42735,182318904,182357118,38214,3,1,1,0,0,0,0,2420,1,1
42736,4,3,4,42736,182371925,182402650,30725,2,0,1,0,0,0,0,2420,1,1
42737,4,3,2,42737,182417461,182537566,120105,13,6,6,0,0,0,0,2420,1,1
42738,4,3,0,42738,182552376,182581688,29312,2,1,0,0,0,0,0,2420,1,1
42739,4,3,4,42739,182596508,182618332,21824,1,0,0,0,0,0,0,2420,1,1
42740,4,3,4,42740,182633140,182686281,53141,5,3,1,0,0,0,0,2420,1,1
42741,4,3,1,42741,182701088,182722939,21851,1,0,0,0,0,0,0,2420,1,1
42742,4,3,0,42742,182737758,182789426,51668,5,4,0,0,0,0,0,2420,1,1
42743,4,3,1,42743,182804246,182843948,39702,3,0,2,0,0,0,0,2420,1,1
42744,4,3,0,42744,182858767,182880606,21839,1,0,0,0,0,0,0,2420,1,1
42745,4,3,2,42745,182895425,182933639,38214,3,1,1,0,0,0,0,2420,1,1
42746,4,3,4,42746,182948447,183009040,60593,6,4,1,0,0,0,0,2420,1,1
42747,4,3,2,42747,183023851,183062030,38179,3,1,1,0,0,0,0,2420,1,1
42748,4,3,4,42748,183076841,183098664,21823,1,0,0,0,0,0,0,2420,1,1
42749,4,3,0,42749,183113476,183166629,53153,5,3,1,0,0,0,0,2420,1,1
42750,4,3,0,42750,183181444,183203287,21843,1,0,0,0,0,0,0,2420,1,1
42751,4,3,3,42751,183218103,183303973,85870,9,5,3,0,0,0,0,2420,1,1
42752,4,3,1,42752,183318781,183365965,47184,4,1,2,0,0,0,0,2420,1,1
42753,4,3,3,42753,183380785,183469552,88767,9,3,5,0,0,0,0,2420,1,1
42754,4,3,2,42754,183484363,183515114,30751,2,0,1,0,0,0,0,2420,1,1
42755,4,3,4,42755,183529921,183636833,106912,12,9,2,0,0,0,0,2420,1,1
42756,4,3,3,42756,183651643,183689842,38199,3,1,1,0,0,0,0,2420,1,1
42757,4,3,0,42757,183704653,183726492,21839,1,0,0,0,0,0,0,2420,1,1
42758,4,3,3,42758,183741307,183770611,29304,2,1,0,0,0,0,0,2420,1,1
42759,4,3,2,42759,183785423,183807246,21823,1,0,0,0,0,0,0,2420,1,1
42760,4,3,4,42760,183822058,183858786,36728,3,2,0,0,0,0,0,2420,1,1
42761,4,3,0,42761,183873597,183926753,53156,5,3,1,0,0,0,0,2420,1,1
42762,4,3,1,42762,183941568,183972325,30757,2,0,1,0,0,0,0,2420,1,1
42763,4,3,2,42763,183987148,184008972,21824,1,0,0,0,0,0,0,2420,1,1
42764,4,3,2,42764,184023783,184060530,36747,3,2,0,0,0,0,0,2420,1,1
42765,4,3,3,42765,184075341,184149208,73867,7,1,5,0,0,0,0,2420,1,1
42766,4,3,0,42766,184164020,184185859,21839,1,0,0,0,0,0,0,2420,1,1
42767,4,3,4,42767,184200674,184237432,36758,3,2,0,0,0,0,0,2420,1,1
42768,4,3,0,42768,184252240,184315741,63501,6,2,3,0,0,0,0,2420,1,1
42769,4,3,2,42769,184330556,184385130,54574,5,2,2,0,0,0,0,2420,1,1
42770,4,3,3,42770,184399937,184444146,44209,4,3,0,0,0,0,0,2420,1,1
42771,4,3,1,42771,184458954,184504651,45697,4,2,1,0,0,0,0,2420,1,1
42772,4,3,1,42772,184519470,184574081,54611,5,2,2,0,0,0,0,2420,1,1
42773,4,3,2,42773,184588899,184610723,21824,1,0,0,0,0,0,0,2420,1,1
42774,4,3,1,42774,184625534,184647381,21847,1,0,0,0,0,0,0,2420,1,1
42775,4,3,3,42775,184662200,184692929,30729,2,0,1,0,0,0,0,2420,1,1
42776,4,3,3,42776,184707736,184799675,91939,10,7,2,0,0,0,0,2420,1,1
42777,4,3,3,42777,184814488,184915381,100893,11,7,3,0,0,0,0,2420,1,1
42778,4,3,2,42778,184930190,185166441,236251,27,12,14,0,0,0,0,2420,1,1
42779,4,3,1,42779,185181254,185210573,29319,2,1,0,0,0,0,0,2420,1,1
42780,4,3,1,42780,185225396,185247243,21847,1,0,0,0,0,0,0,2420,1,1
42781,4,3,0,42781,185262061,185283905,21844,1,0,0,0,0,0,0,2420,1,1
42782,4,3,2,42782,185298720,185560503,261783,31,19,11,0,0,0,0,2420,1,1
42783,4,3,2,42783,185575320,185597144,21824,1,0,0,0,0,0,0,2420,1,1
42784,4,3,1,42784,185611951,185641271,29320,2,1,0,0,0,0,0,2420,1,1
42785,4,3,2,42785,185656094,185695779,39685,3,0,2,0,0,0,0,2420,1,1
42786,4,3,3,42786,185710585,185748770,38185,3,1,1,0,0,0,0,2420,1,1
42787,4,3,1,42787,185763582,185824213,60631,6,4,1,0,0,0,0,2420,1,1
42788,4,3,1,42788,185839033,185908575,69542,7,4,2,0,0,0,0,2420,1,1
42789,4,3,1,42789,185923398,185945246,21848,1,0,0,0,0,0,0,2420,1,1
42790,4,3,0,42790,185960065,186020714,60649,6,4,1,0,0,0,0,2420,1,1
42791,4,3,3,42791,186035534,186140676,105142,11,4,6,0,0,0,0,2420,1,1
42792,4,3,2,42792,186155493,186239887,84394,9,6,2,0,0,0,0,2420,1,1
42793,4,3,3,42793,186254699,186291461,36762,3,2,0,0,0,0,0,2420,1,1
42794,4,3,2,42794,186306273,186360874,54601,5,2,2,0,0,0,0,2420,1,1
42795,4,3,4,42795,186375686,186452713,77027,8,5,2,0,0,0,0,2420,1,1
42796,4,3,4,42796,186467525,186489349,21824,1,0,0,0,0,0,0,2420,1,1
42797,4,3,2,42797,186504159,186525982,21823,1,0,0,0,0,0,0,2420,1,1
42798,4,3,4,42798,186540789,186601386,60597,6,4,1,0,0,0,0,2420,1,1
42799,4,3,2,42799,186616198,186638021,21823,1,0,0,0,0,0,0,2420,1,1
42800,4,3,2,42800,186652832,186732679,79847,8,3,4,0,0,0,0,2420,1,1
42801,4,3,2,42801,186747490,186769314,21824,1,0,0,0,0,0,0,2420,1,1
42802,4,3,0,42802,186784124,186813422,29298,2,1,0,0,0,0,0,2420,1,1
42803,4,3,1,42803,186828237,186944062,115825,13,9,3,0,0,0,0,2420,1,1
42804,4,3,1,42804,186958884,186980731,21847,1,0,0,0,0,0,0,2420,1,1
42805,4,3,2,42805,186995555,187017378,21823,1,0,0,0,0,0,0,2420,1,1
42806,4,3,0,42806,187032185,187095695,63510,6,2,3,0,0,0,0,2420,1,1
42807,4,3,0,42807,187110510,187132349,21839,1,0,0,0,0,0,0,2420,1,1
42808,4,3,1,42808,187147168,187273246,126078,14,8,5,0,0,0,0,2420,1,1
42809,4,3,3,42809,187288068,187332289,44221,4,3,0,0,0,0,0,2420,1,1
42810,4,3,1,42810,187347100,187385328,38228,3,1,1,0,0,0,0,2420,1,1
42811,4,3,1,42811,187400147,187445830,45683,4,2,1,0,0,0,0,2420,1,1
42812,4,3,3,42812,187460650,187491394,30744,2,0,1,0,0,0,0,2420,1,1
42813,4,3,1,42813,187506206,187553388,47182,4,1,2,0,0,0,0,2420,1,1
42814,4,3,0,42814,187568207,187613894,45687,4,2,1,0,0,0,0,2420,1,1
42815,4,3,4,42815,187628709,187690775,62066,6,3,2,0,0,0,0,2420,1,1
42816,4,3,0,42816,187705588,187743809,38221,3,1,1,0,0,0,0,2420,1,1
42817,4,3,3,42817,187758624,187851941,93317,10,6,3,0,0,0,0,2420,1,1
42818,4,3,3,42818,187866754,187888577,21823,1,0,0,0,0,0,0,2420,1,1
42819,4,3,3,42819,187903388,187940118,36730,3,2,0,0,0,0,0,2420,1,1
42820,4,3,1,42820,187954929,187985702,30773,2,0,1,0,0,0,0,2420,1,1
42821,4,3,0,42821,188000520,188037294,36774,3,2,0,0,0,0,0,2420,1,1
42822,4,3,3,42822,188052109,188091764,39655,3,0,2,0,0,0,0,2420,1,1
42823,4,3,2,42823,188106576,188128399,21823,1,0,0,0,0,0,0,2420,1,1
42824,4,3,0,42824,188143214,188165054,21840,1,0,0,0,0,0,0,2420,1,1
42825,4,3,1,42825,188179869,188235930,56061,5,1,3,0,0,0,0,2420,1,1
42826,4,3,2,42826,188250749,188280033,29284,2,1,0,0,0,0,0,2420,1,1
42827,4,3,1,42827,188294844,188325600,30756,2,0,1,0,0,0,0,2420,1,1
42828,4,3,3,42828,188340418,188362242,21824,1,0,0,0,0,0,0,2420,1,1
42829,4,3,2,42829,188377053,188406342,29289,2,1,0,0,0,0,0,2420,1,1
42830,4,3,4,42830,188421149,188442976,21827,1,0,0,0,0,0,0,2420,1,1
42831,4,3,3,42831,188457784,188479607,21823,1,0,0,0,0,0,0,2420,1,1
42832,4,3,2,42832,188494418,188605629,111211,12,6,5,0,0,0,0,2420,1,1
42833,4,3,4,42833,188620440,188642263,21823,1,0,0,0,0,0,0,2420,1,1
42834,4,3,3,42834,188657074,188713135,56061,5,1,3,0,0,0,0,2420,1,1
42835,4,3,3,42835,188727943,188830206,102263,11,6,4,0,0,0,0,2420,1,1
42836,4,3,3,42836,188845021,188883227,38206,3,1,1,0,0,0,0,2420,1,1
42837,4,3,2,42837,188898034,188928763,30729,2,0,1,0,0,0,0,2420,1,1
42838,4,3,0,42838,188943575,188965414,21839,1,0,0,0,0,0,0,2420,1,1
42839,4,3,1,42839,188980229,189173325,193096,22,11,10,0,0,0,0,2420,1,1
42840,4,3,3,42840,189188150,189217445,29295,2,1,0,0,0,0,0,2420,1,1
42841,4,3,4,42841,189232252,189312187,79935,8,3,4,0,0,0,0,2420,1,1
42842,4,3,0,42842,189326998,189365208,38210,3,1,1,0,0,0,0,2420,1,1
42843,4,3,0,42843,189380024,189524002,143978,16,8,7,0,0,0,0,2420,1,1
42844,4,3,2,42844,189538820,189560643,21823,1,0,0,0,0,0,0,2420,1,1
42845,4,3,0,42845,189575454,189686830,111376,12,7,3,0,1,0,0,2420,1,1
42846,4,3,3,42846,189701644,189723472,21828,1,0,0,0,0,0,0,2420,1,1
42847,4,3,1,42847,189738279,189769033,30754,2,0,1,0,0,0,0,2420,1,1
42848,4,3,1,42848,189783855,189814617,30762,2,0,1,0,0,0,0,2420,1,1
42849,4,3,4,42849,189829436,189898977,69541,7,4,2,0,0,0,0,2420,1,1
42850,4,3,2,42850,189913788,189951978,38190,3,1,1,0,0,0,0,2420,1,1
42851,4,3,0,42851,189966789,190003536,36747,3,2,0,0,0,0,0,2420,1,1
42852,4,3,3,42852,190018351,190090769,72418,7,2,4,0,0,0,0,2420,1,1
42853,4,3,3,42853,190105582,190136320,30738,2,0,1,0,0,0,0,2420,1,1
42854,4,3,0,42854,190151127,190187920,36793,3,2,0,0,0,0,0,2420,1,1
42855,4,3,3,42855,190202735,190315450,112715,12,5,6,0,0,0,0,2420,1,1
42856,4,3,1,42856,190330266,190352112,21846,1,0,0,0,0,0,0,2420,1,1
42857,4,3,0,42857,190366935,190405153,38218,3,1,1,0,0,0,0,2420,1,1
42858,4,3,2,42858,190419968,190450703,30735,2,0,1,0,0,0,0,2420,1,1
42859,4,3,4,42859,190465514,190543914,78400,8,4,3,0,0,0,0,2420,1,1
42860,4,3,3,42860,190558721,190580545,21824,1,0,0,0,0,0,0,2420,1,1
42861,4,3,1,42861,190595356,190617203,21847,1,0,0,0,0,0,0,2420,1,1
42862,4,3,2,42862,190632023,190653850,21827,1,0,0,0,0,0,0,2420,1,1
42863,4,3,3,42863,190668658,190690481,21823,1,0,0,0,0,0,0,2420,1,1
42864,4,3,2,42864,190705292,190743469,38177,3,1,1,0,0,0,0,2420,1,1
42865,4,3,0,42865,190758276,190844192,85916,9,5,3,0,0,0,0,2420,1,1
42866,4,3,1,42866,190859007,190889758,30751,2,0,1,0,0,0,0,2420,1,1
42867,4,3,1,42867,190904582,190981569,76987,8,5,2,0,0,0,0,2420,1,1
42868,4,3,2,42868,190996394,191018217,21823,1,0,0,0,0,0,0,2420,1,1
42869,4,3,1,42869,191033027,191062349,29322,2,1,0,0,0,0,0,2420,1,1
42870,4,3,2,42870,191077171,191098994,21823,1,0,0,0,0,0,0,2420,1,1
42871,4,3,2,42871,191113805,191175850,62045,6,3,2,0,0,0,0,2420,1,1
42872,4,3,2,42872,191190657,191236315,45658,4,2,1,0,0,0,0,2420,1,1
42873,4,3,1,42873,191251122,191290794,39672,3,0,2,0,0,0,0,2420,1,1
42874,4,3,0,42874,191305616,191327456,21840,1,0,0,0,0,0,0,2420,1,1
42875,4,3,4,42875,191342271,191380473,38202,3,1,1,0,0,0,0,2420,1,1
42876,4,3,4,42876,191395284,191463354,68070,7,5,1,0,0,0,0,2420,1,1
42877,4,3,2,42877,191478161,191523820,45659,4,2,1,0,0,0,0,2420,1,1
42878,4,3,4,42878,191538628,191611042,72414,7,2,4,0,0,0,0,2420,1,1
42879,4,3,4,42879,191625854,191672970,47116,4,1,2,0,0,0,0,2420,1,1
42880,4,3,3,42880,191687778,191717080,29302,2,1,0,0,0,0,0,2420,1,1
42881,4,3,3,42881,191731887,191826731,94844,10,5,4,0,0,0,0,2420,1,1
42882,4,3,1,42882,191841540,191863392,21852,1,0,0,0,0,0,0,2420,1,1
42883,4,3,4,42883,191878211,191900035,21824,1,0,0,0,0,0,0,2420,1,1
42884,4,3,4,42884,191914846,191967977,53131,5,3,1,0,0,0,0,2420,1,1
42885,4,3,4,42885,191982788,192092527,109739,12,7,4,0,0,0,0,2420,1,1
42886,4,3,2,42886,192107341,192161942,54601,5,2,2,0,0,0,0,2420,1,1
42887,4,3,2,42887,192176753,192198576,21823,1,0,0,0,0,0,0,2420,1,1
42888,4,3,1,42888,192213395,192257650,44255,4,3,0,0,0,0,0,2420,1,1
42889,4,3,4,42889,192272469,192318143,45674,4,2,1,0,0,0,0,2420,1,1
42890,4,3,1,42890,192332955,192354802,21847,1,0,0,0,0,0,0,2420,1,1
42891,4,3,4,42891,192369621,192480873,111252,12,6,5,0,0,0,0,2420,1,1
42892,4,3,1,42892,192495688,192535376,39688,3,0,2,0,0,0,0,2420,1,1
42893,4,3,3,42893,192550195,192572018,21823,1,0,0,0,0,0,0,2420,1,1
42894,4,3,4,42894,192586829,192608653,21824,1,0,0,0,0,0,0,2420,1,1
42895,4,3,3,42895,192623464,192645288,21824,1,0,0,0,0,0,0,2420,1,1
42896,4,3,1,42896,192660096,192731046,70950,7,3,3,0,0,0,0,2420,1,1
42897,4,3,3,42897,192745870,192767693,21823,1,0,0,0,0,0,0,2420,1,1
42898,4,3,3,42898,192782500,192804328,21828,1,0,0,0,0,0,0,2420,1,1
42899,4,3,2,42899,192819135,192866235,47100,4,1,2,0,0,0,0,2420,1,1
42900,4,3,0,42900,192881043,192926730,45687,4,2,1,0,0,0,0,2420,1,1
42901,4,3,4,42901,192941545,192988694,47149,4,1,2,0,0,0,0,2420,1,1
42902,4,3,1,42902,193003505,193041738,38233,3,1,1,0,0,0,0,2420,1,1
42903,4,3,1,42903,193056561,193094760,38199,3,1,1,0,0,0,0,2420,1,1
42904,4,3,0,42904,193109579,193177671,68092,7,5,1,0,0,0,0,2420,1,1
42905,4,3,1,42905,193192486,193253158,60672,6,4,1,0,0,0,0,2420,1,1
42906,4,3,3,42906,193267977,193297263,29286,2,1,0,0,0,0,0,2420,1,1
42907,4,3,3,42907,193312070,193333898,21828,1,0,0,0,0,0,0,2420,1,1
42908,4,3,3,42908,193348705,193370529,21824,1,0,0,0,0,0,0,2420,1,1
42909,4,3,0,42909,193385341,193454898,69557,7,4,2,0,0,0,0,2420,1,1
42910,4,3,1,42910,193469713,193491560,21847,1,0,0,0,0,0,0,2420,1,1
42911,4,3,4,42911,193506380,193552049,45669,4,2,1,0,0,0,0,2420,1,1
42912,4,3,2,42912,193566860,193615409,48549,4,0,3,0,0,0,0,2420,1,1
42913,4,3,1,42913,193630217,193717588,87371,9,4,4,0,0,0,0,2420,1,1
42914,4,3,3,42914,193732407,193770622,38215,3,1,1,0,0,0,0,2420,1,1
42915,4,3,1,42915,193785433,193825110,39677,3,0,2,0,0,0,0,2420,1,1
42916,4,3,4,42916,193839929,193900559,60630,6,4,1,0,0,0,0,2420,1,1
42917,4,3,4,42917,193915371,193937194,21823,1,0,0,0,0,0,0,2420,1,1
42918,4,3,2,42918,193952001,193982734,30733,2,0,1,0,0,0,0,2420,1,1
42919,4,3,3,42919,193997545,194090845,93300,10,6,3,0,0,0,0,2420,1,1
42920,4,3,2,42920,194105666,194136393,30727,2,0,1,0,0,0,0,2420,1,1
42921,4,3,2,42921,194151200,194173027,21827,1,0,0,0,0,0,0,2420,1,1
42922,4,3,0,42922,194187834,194258798,70964,7,3,3,0,0,0,0,2420,1,1
42923,4,3,4,42923,194273617,194302913,29296,2,1,0,0,0,0,0,2420,1,1
42924,4,3,1,42924,194317721,194387302,69581,7,4,2,0,0,0,0,2420,1,1
42925,4,3,3,42925,194402121,194511924,109803,12,7,4,0,0,0,0,2420,1,1
42926,4,3,3,42926,194526738,194557477,30739,2,0,1,0,0,0,0,2420,1,1
42927,4,3,0,42927,194572285,194594129,21844,1,0,0,0,0,0,0,2420,1,1
42928,4,3,2,42928,194608944,194639686,30742,2,0,1,0,0,0,0,2420,1,1
42929,4,3,1,42929,194654498,194676345,21847,1,0,0,0,0,0,0,2420,1,1
42930,4,3,1,42930,194691164,194713015,21851,1,0,0,0,0,0,0,2420,1,1
42931,4,3,3,42931,194727833,194797349,69516,7,4,2,0,0,0,0,2420,1,1
42932,4,3,3,42932,194812157,194865280,53123,5,3,1,0,0,0,0,2420,1,1
42933,4,3,0,42933,194880088,194962918,82830,8,1,6,0,0,0,0,2420,1,1
42934,4,3,1,42934,194977733,194999581,21848,1,0,0,0,0,0,0,2420,1,1
42935,4,3,1,42935,195014403,195036250,21847,1,0,0,0,0,0,0,2420,1,1
42936,4,3,1,42936,195051069,195080380,29311,2,1,0,0,0,0,0,2420,1,1
42937,4,3,2,42937,195095204,195183990,88786,9,3,5,0,0,0,0,2420,1,1
42938,4,3,2,42938,195198797,195237002,38205,3,1,1,0,0,0,0,2420,1,1
42939,4,3,4,42939,195251809,195282555,30746,2,0,1,0,0,0,0,2420,1,1
42940,4,3,3,42940,195297366,195328105,30739,2,0,1,0,0,0,0,2420,1,1
42941,4,3,4,42941,195342914,195500107,157193,17,5,11,0,0,0,0,2420,1,1
42942,4,3,0,42942,195514923,195594794,79871,8,3,4,0,0,0,0,2420,1,1
42943,4,3,4,42943,195609610,195646369,36759,3,2,0,0,0,0,0,2420,1,1
42944,4,3,2,42944,195661176,195715770,54594,5,2,2,0,0,0,0,2420,1,1
42945,4,3,3,42945,195730577,195761311,30734,2,0,1,0,0,0,0,2420,1,1
42946,4,3,2,42946,195776122,195806853,30731,2,0,1,0,0,0,0,2420,1,1
42947,4,3,1,42947,195821661,195861345,39684,3,0,2,0,0,0,0,2420,1,1
42948,4,3,0,42948,195876168,195969589,93421,10,6,3,0,0,0,0,2420,1,1
42949,4,3,1,42949,195984410,196031529,47119,4,1,2,0,0,0,0,2420,1,1
42950,4,3,1,42950,196046353,196100981,54628,5,2,2,0,0,0,0,2420,1,1
42951,4,3,4,42951,196115805,196249381,133576,15,9,5,0,0,0,0,2420,1,1
42952,4,3,3,42952,196264198,196357551,93353,10,6,3,0,0,0,0,2420,1,1
42953,4,3,1,42953,196372360,196401672,29312,2,1,0,0,0,0,0,2420,1,1
42954,4,3,1,42954,196416495,196454717,38222,3,1,1,0,0,0,0,2420,1,1
42955,4,3,2,42955,196469535,196491359,21824,1,0,0,0,0,0,0,2420,1,1
42956,4,3,2,42956,196506170,196583182,77012,8,5,2,0,0,0,0,2420,1,1
42957,4,3,2,42957,196597990,196668929,70939,7,3,3,0,0,0,0,2420,1,1
42958,4,3,3,42958,196683740,196705564,21824,1,0,0,0,0,0,0,2420,1,1
42959,4,3,0,42959,196720372,196776413,56041,5,1,3,0,0,0,0,2420,1,1
42960,4,3,1,42960,196791228,196813079,21851,1,0,0,0,0,0,0,2420,1,1
42961,4,3,0,42961,196827898,196849737,21839,1,0,0,0,0,0,0,2420,1,1
42962,4,3,4,42962,196864556,196904204,39648,3,0,2,0,0,0,0,2420,1,1
42963,4,3,3,42963,196919011,196955776,36765,3,2,0,0,0,0,0,2420,1,1
42964,4,3,4,42964,196970582,197010231,39649,3,0,2,0,0,0,0,2420,1,1
42965,4,3,2,42965,197025042,197070713,45671,4,2,1,0,0,0,0,2420,1,1
42966,4,3,4,42966,197085525,197157940,72415,7,2,4,0,0,0,0,2420,1,1
42967,4,3,1,42967,197172751,197218460,45709,4,2,1,0,0,0,0,2420,1,1
42968,4,3,2,42968,197233283,197271497,38214,3,1,1,0,0,0,0,2420,1,1
42969,4,3,0,42969,197286309,197308148,21839,1,0,0,0,0,0,0,2420,1,1
42970,4,3,2,42970,197322966,197492191,169225,19,9,9,0,0,0,0,2420,1,1
42971,4,3,2,42971,197507006,197649570,142564,16,9,6,0,0,0,0,2420,1,1
42972,4,3,3,42972,197664385,197708585,44200,4,3,0,0,0,0,0,2420,1,1
42973,4,3,1,42973,197723396,197745243,21847,1,0,0,0,0,0,0,2420,1,1
42974,4,3,1,42974,197760062,197781909,21847,1,0,0,0,0,0,0,2420,1,1
42975,4,3,0,42975,197796732,197827488,30756,2,0,1,0,0,0,0,2420,1,1
42976,4,3,0,42976,197842303,197944582,102279,11,6,4,0,0,0,0,2420,1,1
42977,4,3,3,42977,197959400,197988689,29289,2,1,0,0,0,0,0,2420,1,1
42978,4,3,1,42978,198003500,198049173,45673,4,2,1,0,0,0,0,2420,1,1
42979,4,3,3,42979,198063996,198085820,21824,1,0,0,0,0,0,0,2420,1,1
42980,4,3,3,42980,198100627,198131384,30757,2,0,1,0,0,0,0,2420,1,1
42981,4,3,1,42981,198146196,198184441,38245,3,1,1,0,0,0,0,2420,1,1
42982,4,3,2,42982,198199260,198307552,108292,12,8,3,0,0,0,0,2420,1,1
42983,4,3,0,42983,198322362,198362042,39680,3,0,2,0,0,0,0,2420,1,1
42984,4,3,1,42984,198376864,198398712,21848,1,0,0,0,0,0,0,2420,1,1
42985,4,3,4,42985,198413535,198515786,102251,11,6,4,0,0,0,0,2420,1,1
42986,4,3,4,42986,198530596,198628503,97907,11,9,1,0,0,0,0,2420,1,1
42987,4,3,1,42987,198643316,198665163,21847,1,0,0,0,0,0,0,2420,1,1
42988,4,3,0,42988,198679983,198752422,72439,7,2,4,0,0,0,0,2420,1,1
42989,4,3,2,42989,198767241,198789064,21823,1,0,0,0,0,0,0,2420,1,1
42990,4,3,0,42990,198803876,198825716,21840,1,0,0,0,0,0,0,2420,1,1
42991,4,3,2,42991,198840531,198908587,68056,7,5,1,0,0,0,0,2420,1,1
42992,4,3,2,42992,198923398,198984009,60611,6,4,1,0,0,0,0,2420,1,1
42993,4,3,4,42993,198998817,199044517,45700,4,2,1,0,0,0,0,2420,1,1
42994,4,3,4,42994,199059324,199104990,45666,4,2,1,0,0,0,0,2420,1,1
42995,4,3,2,42995,199119797,199210298,90501,10,8,1,0,0,0,0,2420,1,1
42996,4,3,0,42996,199225113,199272256,47143,4,1,2,0,0,0,0,2420,1,1
42997,4,3,2,42997,199287075,199308899,21824,1,0,0,0,0,0,0,2420,1,1
42998,4,3,3,42998,199323709,199353001,29292,2,1,0,0,0,0,0,2420,1,1
42999,4,3,4,42999,199367809,199389632,21823,1,0,0,0,0,0,0,2420,1,1
43000,4,1,2,43000,199404444,199426330,21886,1,0,0,0,0,0,0,2420,1,1
43001,4,1,3,43001,199441414,199471978,30564,2,0,1,0,0,0,0,2420,1,1
43002,4,1,0,43002,199486832,199538270,51438,5,4,0,0,0,0,0,2420,1,1
43003,4,1,4,43003,199553132,199574762,21630,1,0,0,0,0,0,0,2420,1,1
43004,4,1,1,43004,199589612,199620177,30565,2,0,1,0,0,0,0,2420,1,1
43005,4,1,2,43005,199635044,199746057,111013,12,6,5,0,0,0,0,2420,1,1
43006,4,1,2,43006,199760910,199816748,55838,5,1,3,0,0,0,0,2420,1,1
43007,4,1,2,43007,199831598,199912731,81133,8,2,5,0,0,0,0,2420,1,1
43008,4,1,4,43008,199927586,199996948,69362,7,4,2,0,0,0,0,2420,1,1
43009,4,1,3,43009,200011799,200033433,21634,1,0,0,0,0,0,0,2420,1,1
43010,4,1,4,43010,200048284,200069914,21630,1,0,0,0,0,0,0,2420,1,1
43011,4,1,1,43011,200084770,200113905,29135,2,1,0,0,0,0,0,2420,1,1
43012,4,1,3,43012,200128768,200311328,182560,21,12,8,0,0,0,0,2420,1,1
43013,4,1,0,43013,200326189,200396985,70796,7,3,3,0,0,0,0,2420,1,1
43014,4,1,0,43014,200411844,200440946,29102,2,1,0,0,0,0,0,2420,1,1
43015,4,1,4,43015,200455809,200477438,21629,1,0,0,0,0,0,0,2420,1,1
43016,4,1,1,43016,200492293,200522883,30590,2,0,1,0,0,0,0,2420,1,1
43017,4,1,4,43017,200537746,200669648,131902,14,5,7,0,1,0,0,2420,1,1
43018,4,1,1,43018,200684506,200706160,21654,1,0,0,0,0,0,0,2420,1,1
43019,4,1,4,43019,200721023,200742652,21629,1,0,0,0,0,0,0,2420,1,1
43020,4,1,3,43020,200757507,200788057,30550,2,0,1,0,0,0,0,2420,1,1
43021,4,1,2,43021,200802911,200848386,45475,4,2,1,0,0,0,0,2420,1,1
43022,4,1,0,43022,200863241,200934027,70786,7,3,3,0,0,0,0,2420,1,1
43023,4,1,1,43023,200948886,200986946,38060,3,1,1,0,0,0,0,2420,1,1
43024,4,1,4,43024,201001809,201080025,78216,8,4,3,0,0,0,0,2420,1,1
43025,4,1,1,43025,201094880,201165678,70798,7,3,3,0,0,0,0,2420,1,1
43026,4,1,4,43026,201180541,201255897,75356,8,6,1,0,0,0,0,2420,1,1
43027,4,1,0,43027,201270749,201308783,38034,3,1,1,0,0,0,0,2420,1,1
43028,4,1,0,43028,201323646,201369164,45518,4,2,1,0,0,0,0,2420,1,1
43029,4,1,1,43029,201384027,201478689,94662,10,5,4,0,0,0,0,2420,1,1
43030,4,1,1,43030,201493557,201515210,21653,1,0,0,0,0,0,0,2420,1,1
43031,4,1,4,43031,201530073,201551703,21630,1,0,0,0,0,0,0,2420,1,1
43032,4,1,2,43032,201566557,201597124,30567,2,0,1,0,0,0,0,2420,1,1
43033,4,1,2,43033,201611975,201670951,58976,6,5,0,0,0,0,0,2420,1,1
43034,4,1,2,43034,201685806,201707436,21630,1,0,0,0,0,0,0,2420,1,1
43035,4,1,3,43035,201722286,201743920,21634,1,0,0,0,0,0,0,2420,1,1
43036,4,1,2,43036,201758771,201838439,79668,8,3,4,0,0,0,0,2420,1,1
43037,4,1,0,43037,201853294,201900220,46926,4,1,2,0,0,0,0,2420,1,1
43038,4,1,3,43038,201915083,201944161,29078,2,1,0,0,0,0,0,2420,1,1
43039,4,1,0,43039,201959011,202003030,44019,4,3,0,0,0,0,0,2420,1,1
43040,4,1,1,43040,202017889,202039542,21653,1,0,0,0,0,0,0,2420,1,1
43041,4,1,2,43041,202054410,202093856,39446,3,0,2,0,0,0,0,2420,1,1
43042,4,1,1,43042,202108706,202184047,75341,8,6,1,0,0,0,0,2420,1,1
43043,4,1,0,43043,202198910,202220555,21645,1,0,0,0,0,0,0,2420,1,1
43044,4,1,1,43044,202235418,202355431,120013,13,6,6,0,0,0,0,2420,1,1
43045,4,1,2,43045,202370297,202430698,60401,6,4,1,0,0,0,0,2420,1,1
43046,4,1,0,43046,202445552,202482119,36567,3,2,0,0,0,0,0,2420,1,1
43047,4,1,1,43047,202496982,202615487,118505,13,7,5,0,0,0,0,2420,1,1
43048,4,1,2,43048,202630357,202668378,38021,3,1,1,0,0,0,0,2420,1,1
43049,4,1,2,43049,202683233,202759983,76750,8,5,2,0,0,0,0,2420,1,1
43050,4,1,4,43050,202774839,202812864,38025,3,1,1,0,0,0,0,2420,1,1
43051,4,1,1,43051,202827715,202865762,38047,3,1,1,0,0,0,0,2420,1,1
43052,4,1,3,43052,202880625,202902254,21629,1,0,0,0,0,0,0,2420,1,1
43053,4,1,1,43053,202917109,203029589,112480,12,5,6,0,0,0,0,2420,1,1
43054,4,1,0,43054,203044459,203110707,66248,6,0,5,0,0,0,0,2420,1,1
43055,4,1,4,43055,203125569,203162107,36538,3,2,0,0,0,0,0,2420,1,1
43056,4,1,0,43056,203176961,203198606,21645,1,0,0,0,0,0,0,2420,1,1
43057,4,1,2,43057,203213469,203284236,70767,7,3,3,0,0,0,0,2420,1,1
43058,4,1,2,43058,203299087,203375861,76774,8,5,2,0,0,0,0,2420,1,1
43059,4,1,3,43059,203390712,203452553,61841,6,3,2,0,0,0,0,2420,1,1
43060,4,1,1,43060,203467408,203489061,21653,1,0,0,0,0,0,0,2420,1,1
43061,4,1,1,43061,203503928,203525582,21654,1,0,0,0,0,0,0,2420,1,1
43062,4,1,3,43062,203540444,203593364,52920,5,3,1,0,0,0,0,2420,1,1
43063,4,1,1,43063,203608215,203637326,29111,2,1,0,0,0,0,0,2420,1,1
43064,4,1,1,43064,203652189,203778145,125956,14,8,5,0,0,0,0,2420,1,1
43065,4,1,1,43065,203793010,203886142,93132,10,6,3,0,0,0,0,2420,1,1
43066,4,1,4,43066,203901007,203961448,60441,6,4,1,0,0,0,0,2420,1,1
43067,4,1,0,43067,203976303,204005417,29114,2,1,0,0,0,0,0,2420,1,1
43068,4,1,4,43068,204020276,204050818,30542,2,0,1,0,0,0,0,2420,1,1
43069,4,1,0,43069,204065673,204112592,46919,4,1,2,0,0,0,0,2420,1,1
43070,4,1,1,43070,204127454,204175863,48409,4,0,3,0,0,0,0,2420,1,1
43071,4,1,4,43071,204190726,204212355,21629,1,0,0,0,0,0,0,2420,1,1
43072,4,1,4,43072,204227210,204272714,45504,4,2,1,0,0,0,0,2420,1,1
43073,4,1,3,43073,204287566,204309196,21630,1,0,0,0,0,0,0,2420,1,1
43074,4,1,2,43074,204324050,204396257,72207,7,2,4,0,0,0,0,2420,1,1
43075,4,1,0,43075,204411108,204527923,116815,12,2,9,0,0,0,0,2420,1,1
43076,4,1,4,43076,204542788,204604648,61860,6,3,2,0,0,0,0,2420,1,1
43077,4,1,2,43077,204619498,204688795,69297,7,4,2,0,0,0,0,2420,1,1
43078,4,1,0,43078,204703649,204749133,45484,4,2,1,0,0,0,0,2420,1,1
43079,4,1,4,43079,204763996,204793076,29080,2,1,0,0,0,0,0,2420,1,1
43080,4,1,0,43080,204807931,204853437,45506,4,2,1,0,0,0,0,2420,1,1
43081,4,1,1,43081,204868296,204897432,29136,2,1,0,0,0,0,0,2420,1,1
43082,4,1,0,43082,204912300,205115740,203440,24,16,7,0,0,0,0,2420,1,1
43083,4,1,2,43083,205130604,205159691,29087,2,1,0,0,0,0,0,2420,1,1
43084,4,1,3,43084,205174546,205196176,21630,1,0,0,0,0,0,0,2420,1,1
43085,4,1,2,43085,205211026,205269951,58925,6,5,0,0,0,0,0,2420,1,1
43086,4,1,1,43086,205284806,205355546,70740,7,3,3,0,0,0,0,2420,1,1
43087,4,1,0,43087,205370409,205408434,38025,3,1,1,0,0,0,0,2420,1,1
43088,4,1,1,43088,205423297,205459886,36589,3,2,0,0,0,0,0,2420,1,1
43089,4,1,2,43089,205474753,205573864,99111,11,8,2,0,0,0,0,2420,1,1
43090,4,1,2,43090,205588718,205619268,30550,2,0,1,0,0,0,0,2420,1,1
43091,4,1,4,43091,205634123,205664662,30539,2,0,1,0,0,0,0,2420,1,1
43092,4,1,0,43092,205679513,205780153,100640,11,7,3,0,0,0,0,2420,1,1
43093,4,1,3,43093,205795019,205816648,21629,1,0,0,0,0,0,0,2420,1,1
43094,4,1,3,43094,205831499,205893368,61869,6,3,2,0,0,0,0,2420,1,1
43095,4,1,4,43095,205908219,205952250,44031,4,3,0,0,0,0,0,2420,1,1
43096,4,1,1,43096,205967104,206005153,38049,3,1,1,0,0,0,0,2420,1,1
43097,4,1,1,43097,206020016,206056616,36600,3,2,0,0,0,0,0,2420,1,1
43098,4,1,3,43098,206071479,206127331,55852,5,1,3,0,0,0,0,2420,1,1
43099,4,1,1,43099,206142183,206190590,48407,4,0,3,0,0,0,0,2420,1,1
43100,4,1,1,43100,206205456,206292665,87209,9,4,4,0,0,0,0,2420,1,1
43101,4,1,1,43101,206307528,206329183,21655,1,0,0,0,0,0,0,2420,1,1
43102,4,1,0,43102,206344050,206374613,30563,2,0,1,0,0,0,0,2420,1,1
43103,4,1,4,43103,206389472,206467733,78261,8,4,3,0,0,0,0,2420,1,1
43104,4,1,2,43104,206482584,206535503,52919,5,3,1,0,0,0,0,2420,1,1
43105,4,1,4,43105,206550354,206571983,21629,1,0,0,0,0,0,0,2420,1,1
43106,4,1,1,43106,206586837,206615974,29137,2,1,0,0,0,0,0,2420,1,1
43107,4,1,0,43107,206630836,206686712,55876,5,1,3,0,0,0,0,2420,1,1
43108,4,1,0,43108,206701571,206723221,21650,1,0,0,0,0,0,0,2420,1,1
43109,4,1,1,43109,206738079,206783562,45483,4,2,1,0,0,0,0,2420,1,1
43110,4,1,2,43110,206798426,206843929,45503,4,2,1,0,0,0,0,2420,1,1
43111,4,1,0,43111,206858779,206895353,36574,3,2,0,0,0,0,0,2420,1,1
43112,4,1,3,43112,206910216,206931845,21629,1,0,0,0,0,0,0,2420,1,1
43113,4,1,3,43113,206946699,207025015,78316,8,4,3,0,0,0,0,2420,1,1
43114,4,1,4,43114,207039866,207085329,45463,4,2,1,0,0,0,0,2420,1,1
43115,4,1,4,43115,207100180,207130725,30545,2,0,1,0,0,0,0,2420,1,1
43116,4,1,3,43116,207145579,207183574,37995,3,1,1,0,0,0,0,2420,1,1
43117,4,1,3,43117,207198425,207227523,29098,2,1,0,0,0,0,0,2420,1,1
43118,4,1,1,43118,207242374,207331001,88627,9,3,5,0,0,0,0,2420,1,1
43119,4,1,0,43119,207345868,207391360,45492,4,2,1,0,0,0,0,2420,1,1
43120,4,1,4,43120,207406223,207427852,21629,1,0,0,0,0,0,0,2420,1,1
43121,4,1,0,43121,207442703,207553678,110975,12,6,5,0,0,0,0,2420,1,1
43122,4,1,4,43122,207568540,207606554,38014,3,1,1,0,0,0,0,2420,1,1
43123,4,1,0,43123,207621404,207666861,45457,4,2,1,0,0,0,0,2420,1,1
43124,4,1,2,43124,207681720,207712263,30543,2,0,1,0,0,0,0,2420,1,1
43125,4,1,4,43125,207727117,207915704,188587,22,14,7,0,0,0,0,2420,1,1
43126,4,1,2,43126,207930559,207998408,67849,7,5,1,0,0,0,0,2420,1,1
43127,4,1,4,43127,208013263,208043807,30544,2,0,1,0,0,0,0,2420,1,1
43128,4,1,0,43128,208058657,208102695,44038,4,3,0,0,0,0,0,2420,1,1
43129,4,1,3,43129,208117558,208185402,67844,7,5,1,0,0,0,0,2420,1,1
43130,4,1,4,43130,208200253,208297761,97508,10,3,6,0,0,0,0,2420,1,1
43131,4,1,2,43131,208312614,208364088,51474,5,4,0,0,0,0,0,2420,1,1
43132,4,1,4,43132,208378939,208418556,39617,3,1,0,0,1,0,0,2420,1,1
43133,4,1,0,43133,208433411,208455057,21646,1,0,0,0,0,0,0,2420,1,1
43134,4,1,2,43134,208469915,208522862,52947,5,3,1,0,0,0,0,2420,1,1
43135,4,1,4,43135,208537713,208608522,70809,7,3,3,0,0,0,0,2420,1,1
43136,4,1,4,43136,208623377,208659961,36584,3,2,0,0,0,0,0,2420,1,1
43137,4,1,1,43137,208674815,208705378,30563,2,0,1,0,0,0,0,2420,1,1
43138,4,1,2,43138,208720241,208776033,55792,5,1,3,0,0,0,0,2420,1,1
43139,4,1,4,43139,208790884,208821439,30555,2,0,1,0,0,0,0,2420,1,1
43140,4,1,2,43140,208836295,208890700,54405,5,2,2,0,0,0,0,2420,1,1
43141,4,1,4,43141,208905555,208927184,21629,1,0,0,0,0,0,0,2420,1,1
43142,4,1,4,43142,208942036,208993527,51491,5,4,0,0,0,0,0,2420,1,1
43143,4,1,2,43143,209008378,209119426,111048,12,6,5,0,0,0,0,2420,1,1
43144,4,1,4,43144,209134289,209178351,44062,4,3,0,0,0,0,0,2420,1,1
43145,4,1,2,43145,209193204,209277477,84273,9,6,2,0,0,0,0,2420,1,1
43146,4,1,0,43146,209292327,209313977,21650,1,0,0,0,0,0,0,2420,1,1
43147,4,1,1,43147,209328835,209357967,29132,2,1,0,0,0,0,0,2420,1,1
43148,4,1,0,43148,209372832,209394478,21646,1,0,0,0,0,0,0,2420,1,1
43149,4,1,1,43149,209409337,209471212,61875,6,3,2,0,0,0,0,2420,1,1
43150,4,1,0,43150,209486080,209507725,21645,1,0,0,0,0,0,0,2420,1,1
43151,4,1,0,43151,209522585,209551679,29094,2,1,0,0,0,0,0,2420,1,1
43152,4,1,4,43152,209566542,209588171,21629,1,0,0,0,0,0,0,2420,1,1
43153,4,1,1,43153,209603025,209632137,29112,2,1,0,0,0,0,0,2420,1,1
43154,4,1,0,43154,209647003,209677552,30549,2,0,1,0,0,0,0,2420,1,1
43155,4,1,3,43155,209692411,209714045,21634,1,0,0,0,0,0,0,2420,1,1
43156,4,1,2,43156,209728896,209766885,37989,3,1,1,0,0,0,0,2420,1,1
43157,4,1,1,43157,209781736,209803394,21658,1,0,0,0,0,0,0,2420,1,1
43158,4,1,0,43158,209818257,209863720,45463,4,2,1,0,0,0,0,2420,1,1
43159,4,1,1,43159,209878578,209946507,67929,7,5,1,0,0,0,0,2420,1,1
43160,4,1,0,43160,209961370,209990465,29095,2,1,0,0,0,0,0,2420,1,1
43161,4,1,2,43161,210005328,210099933,94605,10,5,4,0,0,0,0,2420,1,1
43162,4,1,0,43162,210114791,210160267,45476,4,2,1,0,0,0,0,2420,1,1
43163,4,1,2,43163,210175131,210204247,29116,2,1,0,0,0,0,0,2420,1,1
43164,4,1,0,43164,210219098,210386745,167647,19,10,8,0,0,0,0,2420,1,1
43165,4,1,2,43165,210401608,210423242,21634,1,0,0,0,0,0,0,2420,1,1
43166,4,1,1,43166,210438092,210467212,29120,2,1,0,0,0,0,0,2420,1,1
43167,4,1,3,43167,210482074,210503707,21633,1,0,0,0,0,0,0,2420,1,1
43168,4,1,2,43168,210518558,210540188,21630,1,0,0,0,0,0,0,2420,1,1
43169,4,1,2,43169,210555042,210618403,63361,6,2,3,0,0,0,0,2420,1,1
43170,4,1,1,43170,210633258,210662385,29127,2,1,0,0,0,0,0,2420,1,1
43171,4,1,3,43171,210677251,210715262,38011,3,1,1,0,0,0,0,2420,1,1
43172,4,1,4,43172,210730113,210866402,136289,15,7,7,0,0,0,0,2420,1,1
43173,4,1,0,43173,210881257,210902906,21649,1,0,0,0,0,0,0,2420,1,1
43174,4,1,4,43174,210917765,210957207,39442,3,0,2,0,0,0,0,2420,1,1
43175,4,1,0,43175,210972058,211018993,46935,4,1,2,0,0,0,0,2420,1,1
43176,4,1,0,43176,211033860,211055505,21645,1,0,0,0,0,0,0,2420,1,1
43177,4,1,1,43177,211070364,211124789,54425,5,2,2,0,0,0,0,2420,1,1
43178,4,1,2,43178,211139652,211161282,21630,1,0,0,0,0,0,0,2420,1,1
43179,4,1,0,43179,211176137,211297766,121629,14,11,2,0,0,0,0,2420,1,1
43180,4,1,1,43180,211312630,211334287,21657,1,0,0,0,0,0,0,2420,1,1
43181,4,1,1,43181,211349149,211428831,79682,8,3,4,0,0,0,0,2420,1,1
43182,4,1,3,43182,211443697,211474258,30561,2,0,1,0,0,0,0,2420,1,1
43183,4,1,4,43183,211489109,211708869,219760,25,11,13,0,0,0,0,2420,1,1
43184,4,1,1,43184,211723730,211760318,36588,3,2,0,0,0,0,0,2420,1,1
43185,4,1,3,43185,211775185,211804276,29091,2,1,0,0,0,0,0,2420,1,1
43186,4,1,3,43186,211819127,211848229,29102,2,1,0,0,0,0,0,2420,1,1
43187,4,1,2,43187,211863079,211917445,54366,5,2,2,0,0,0,0,2420,1,1
43188,4,1,3,43188,211932300,212067196,134896,15,8,6,0,0,0,0,2420,1,1
43189,4,1,0,43189,212082050,212175237,93187,10,6,3,0,0,0,0,2420,1,1
43190,4,1,1,43190,212190097,212220675,30578,2,0,1,0,0,0,0,2420,1,1
43191,4,1,3,43191,212235542,212303447,67905,7,5,1,0,0,0,0,2420,1,1
43192,4,1,1,43192,212318298,212366692,48394,4,0,3,0,0,0,0,2420,1,1
43193,4,1,2,43193,212381555,212403189,21634,1,0,0,0,0,0,0,2420,1,1
43194,4,1,1,43194,212418039,212456079,38040,3,1,1,0,0,0,0,2420,1,1
43195,4,1,3,43195,212470942,212492571,21629,1,0,0,0,0,0,0,2420,1,1
43196,4,1,4,43196,212507426,212563247,55821,5,1,3,0,0,0,0,2420,1,1
43197,4,1,4,43197,212578097,212599727,21630,1,0,0,0,0,0,0,2420,1,1
43198,4,1,1,43198,212614583,212660106,45523,4,2,1,0,0,0,0,2420,1,1
43199,4,1,2,43199,212674973,212729391,54418,5,2,2,0,0,0,0,2420,1,1
43200,4,1,0,43200,212744246,212765891,21645,1,0,0,0,0,0,0,2420,1,1
43201,4,1,1,43201,212780750,212826275,45525,4,2,1,0,0,0,0,2420,1,1
43202,4,1,0,43202,212841138,212905916,64778,6,1,4,0,0,0,0,2420,1,1
43203,4,1,0,43203,212920775,212991552,70777,7,3,3,0,0,0,0,2420,1,1
43204,4,1,4,43204,213006416,213057916,51500,5,4,0,0,0,0,0,2420,1,1
43205,4,1,1,43205,213072770,213201593,128823,14,6,7,0,0,0,0,2420,1,1
43206,4,1,3,43206,213216463,213276839,60376,6,4,1,0,0,0,0,2420,1,1
43207,4,1,4,43207,213291690,213392371,100681,11,7,3,0,0,0,0,2420,1,1
43208,4,1,0,43208,213407233,213428882,21649,1,0,0,0,0,0,0,2420,1,1
43209,4,1,0,43209,213443745,213481760,38015,3,1,1,0,0,0,0,2420,1,1
43210,4,1,4,43210,213496622,213527186,30564,2,0,1,0,0,0,0,2420,1,1
43211,4,1,3,43211,213542037,213586079,44042,4,3,0,0,0,0,0,2420,1,1
43212,4,1,3,43212,213600929,213656770,55841,5,1,3,0,0,0,0,2420,1,1
43213,4,1,4,43213,213671621,213693255,21634,1,0,0,0,0,0,0,2420,1,1
43214,4,1,0,43214,213708106,213729752,21646,1,0,0,0,0,0,0,2420,1,1
43215,4,1,4,43215,213744615,213766245,21630,1,0,0,0,0,0,0,2420,1,1
43216,4,1,0,43216,213781096,213829473,48377,4,0,3,0,0,0,0,2420,1,1
43217,4,1,0,43217,213844336,213913658,69322,7,4,2,0,0,0,0,2420,1,1
43218,4,1,2,43218,213928517,213957603,29086,2,1,0,0,0,0,0,2420,1,1
43219,4,1,4,43219,213972453,214019371,46918,4,1,2,0,0,0,0,2420,1,1
43220,4,1,4,43220,214034225,214169077,134852,15,8,6,0,0,0,0,2420,1,1
43221,4,1,4,43221,214183935,214223420,39485,3,0,2,0,0,0,0,2420,1,1
43222,4,1,4,43222,214238271,214301583,63312,6,2,3,0,0,0,0,2420,1,1
43223,4,1,1,43223,214316437,214347012,30575,2,0,1,0,0,0,0,2420,1,1
43224,4,1,3,43224,214361874,214431235,69361,7,4,2,0,0,0,0,2420,1,1
43225,4,1,0,43225,214446090,214475223,29133,2,1,0,0,0,0,0,2420,1,1
43226,4,1,0,43226,214490081,214528118,38037,3,1,1,0,0,0,0,2420,1,1
43227,4,1,3,43227,214542981,214579514,36533,3,2,0,0,0,0,0,2420,1,1
43228,4,1,3,43228,214594368,214715753,121385,13,5,7,0,0,0,0,2420,1,1
43229,4,1,0,43229,214730607,214752252,21645,1,0,0,0,0,0,0,2420,1,1
43230,4,1,1,43230,214767115,214820090,52975,5,3,1,0,0,0,0,2420,1,1
43231,4,1,4,43231,214834957,214856587,21630,1,0,0,0,0,0,0,2420,1,1
43232,4,1,2,43232,214871437,214893071,21634,1,0,0,0,0,0,0,2420,1,1
43233,4,1,3,43233,214907922,214929551,21629,1,0,0,0,0,0,0,2420,1,1
43234,4,1,0,43234,214944406,214973525,29119,2,1,0,0,0,0,0,2420,1,1
43235,4,1,0,43235,214988384,215010029,21645,1,0,0,0,0,0,0,2420,1,1
43236,4,1,1,43236,215024892,215054029,29137,2,1,0,0,0,0,0,2420,1,1
43237,4,1,4,43237,215068892,215098002,29110,2,1,0,0,0,0,0,2420,1,1
43238,4,1,4,43238,215112857,215234378,121521,13,6,5,0,1,0,0,2420,1,1
43239,4,1,0,43239,215249231,215270877,21646,1,0,0,0,0,0,0,2420,1,1
43240,4,1,0,43240,215285744,215307393,21649,1,0,0,0,0,0,0,2420,1,1
43241,4,1,0,43241,215322252,215343902,21650,1,0,0,0,0,0,0,2420,1,1
43242,4,1,1,43242,215358760,215395363,36603,3,2,0,0,0,0,0,2420,1,1
43243,4,1,1,43243,215410226,215491415,81189,8,2,5,0,0,0,0,2420,1,1
43244,4,1,1,43244,215506282,215535400,29118,2,1,0,0,0,0,0,2420,1,1
43245,4,1,2,43245,215550263,215571892,21629,1,0,0,0,0,0,0,2420,1,1
43246,4,1,3,43246,215586747,215660621,73874,7,2,3,0,1,0,0,2420,1,1
43247,4,1,4,43247,215675475,215697106,21631,1,0,0,0,0,0,0,2420,1,1
43248,4,1,3,43248,215711956,215741044,29088,2,1,0,0,0,0,0,2420,1,1
43249,4,1,0,43249,215755899,215858023,102124,11,6,4,0,0,0,0,2420,1,1
43250,4,1,3,43250,215872888,215901966,29078,2,1,0,0,0,0,0,2420,1,1
43251,4,1,4,43251,215916821,215960838,44017,4,3,0,0,0,0,0,2420,1,1
43252,4,1,3,43252,215975693,216022591,46898,4,1,2,0,0,0,0,2420,1,1
43253,4,1,0,43253,216037445,216068020,30575,2,0,1,0,0,0,0,2420,1,1
43254,4,1,0,43254,216082880,216119484,36604,3,2,0,0,0,0,0,2420,1,1
43255,4,1,4,43255,216134347,216179795,45448,4,2,1,0,0,0,0,2420,1,1
43256,4,1,4,43256,216194650,216249065,54415,5,2,2,0,0,0,0,2420,1,1
43257,4,1,4,43257,216263920,216327267,63347,6,2,3,0,0,0,0,2420,1,1
43258,4,1,3,43258,216342118,216381612,39494,3,0,2,0,0,0,0,2420,1,1
43259,4,1,3,43259,216396467,216449409,52942,5,3,1,0,0,0,0,2420,1,1
43260,4,1,1,43260,216464264,216548491,84227,9,6,2,0,0,0,0,2420,1,1
43261,4,1,3,43261,216563358,216617758,54400,5,2,2,0,0,0,0,2420,1,1
43262,4,1,4,43262,216632609,216654243,21634,1,0,0,0,0,0,0,2420,1,1
43263,4,1,4,43263,216669093,216690723,21630,1,0,0,0,0,0,0,2420,1,1
43264,4,1,4,43264,216705577,216736142,30565,2,0,1,0,0,0,0,2420,1,1
43265,4,1,3,43265,216750993,216781535,30542,2,0,1,0,0,0,0,2420,1,1
43266,4,1,2,43266,216796390,216818019,21629,1,0,0,0,0,0,0,2420,1,1
43267,4,1,1,43267,216832872,216940908,108036,12,8,3,0,0,0,0,2420,1,1
43268,4,1,3,43268,216955777,216984869,29092,2,1,0,0,0,0,0,2420,1,1
43269,4,1,2,43269,216999720,217030254,30534,2,0,1,0,0,0,0,2420,1,1
43270,4,1,4,43270,217045108,217177140,132032,15,10,4,0,0,0,0,2420,1,1
43271,4,1,0,43271,217191995,217221111,29116,2,1,0,0,0,0,0,2420,1,1
43272,4,1,3,43272,217235978,217288933,52955,5,3,1,0,0,0,0,2420,1,1
43273,4,1,4,43273,217303788,217343229,39441,3,0,2,0,0,0,0,2420,1,1
43274,4,1,3,43274,217358080,217388627,30547,2,0,1,0,0,0,0,2420,1,1
43275,4,1,4,43275,217403482,217440030,36548,3,2,0,0,0,0,0,2420,1,1
43276,4,1,1,43276,217454884,217522721,67837,7,5,1,0,0,0,0,2420,1,1
43277,4,1,4,43277,217537588,217568148,30560,2,0,1,0,0,0,0,2420,1,1
43278,4,1,1,43278,217583002,217621036,38034,3,1,1,0,0,0,0,2420,1,1
43279,4,1,2,43279,217635903,217724748,88845,10,9,0,0,0,0,0,2420,1,1
43280,4,1,4,43280,217739601,217777598,37997,3,1,1,0,0,0,0,2420,1,1
43281,4,1,0,43281,217792449,217830485,38036,3,1,1,0,0,0,0,2420,1,1
43282,4,1,1,43282,217845348,217874460,29112,2,1,0,0,0,0,0,2420,1,1
43283,4,1,2,43283,217889323,217919876,30553,2,0,1,0,0,0,0,2420,1,1
43284,4,1,4,43284,217934731,217978741,44010,4,3,0,0,0,0,0,2420,1,1
43285,4,1,2,43285,217993596,218031598,38002,3,1,1,0,0,0,0,2420,1,1
43286,4,1,0,43286,218046454,218068099,21645,1,0,0,0,0,0,0,2420,1,1
43287,4,1,2,43287,218082961,218138837,55876,5,1,3,0,0,0,0,2420,1,1
43288,4,1,1,43288,218153692,218184269,30577,2,0,1,0,0,0,0,2420,1,1
43289,4,1,0,43289,218199131,218252077,52946,5,3,1,0,0,0,0,2420,1,1
43290,4,1,2,43290,218266940,218288569,21629,1,0,0,0,0,0,0,2420,1,1
43291,4,1,3,43291,218303424,218333973,30549,2,0,1,0,0,0,0,2420,1,1
43292,4,1,2,43292,218348824,218379379,30555,2,0,1,0,0,0,0,2420,1,1
43293,4,1,3,43293,218394232,218432223,37991,3,1,1,0,0,0,0,2420,1,1
43294,4,1,0,43294,218447078,218477661,30583,2,0,1,0,0,0,0,2420,1,1
43295,4,1,1,43295,218492520,218514177,21657,1,0,0,0,0,0,0,2420,1,1
43296,4,1,0,43296,218529039,218568511,39472,3,0,2,0,0,0,0,2420,1,1
43297,4,1,0,43297,218583373,218612471,29098,2,1,0,0,0,0,0,2420,1,1
43298,4,1,2,43298,218627334,218657879,30545,2,0,1,0,0,0,0,2420,1,1
43299,4,1,1,43299,218672731,218760079,87348,9,5,2,0,1,0,0,2420,1,1
43300,4,1,1,43300,218774946,218818984,44038,4,3,0,0,0,0,0,2420,1,1
43301,4,1,4,43301,218833852,218879328,45476,4,2,1,0,0,0,0,2420,1,1
43302,4,1,1,43302,218894183,219026146,131963,15,10,4,0,0,0,0,2420,1,1
43303,4,1,0,43303,219041014,219077585,36571,3,2,0,0,0,0,0,2420,1,1
43304,4,1,3,43304,219092448,219176666,84218,9,6,2,0,0,0,0,2420,1,1
43305,4,1,0,43305,219191517,219222097,30580,2,0,1,0,0,0,0,2420,1,1
43306,4,1,0,43306,219236960,219298828,61868,6,3,2,0,0,0,0,2420,1,1
43307,4,1,1,43307,219313691,219342808,29117,2,1,0,0,0,0,0,2420,1,1
43308,4,1,3,43308,219357670,219403153,45483,4,2,1,0,0,0,0,2420,1,1
43309,4,1,1,43309,219418004,219472420,54416,5,2,2,0,0,0,0,2420,1,1
43310,4,1,3,43310,219487284,219607181,119897,13,6,6,0,0,0,0,2420,1,1
43311,4,1,2,43311,219622035,219774717,152682,17,8,8,0,0,0,0,2420,1,1
43312,4,1,0,43312,219789570,219811215,21645,1,0,0,0,0,0,0,2420,1,1
43313,4,1,0,43313,219826078,219856646,30568,2,0,1,0,0,0,0,2420,1,1
43314,4,1,2,43314,219871504,219893138,21634,1,0,0,0,0,0,0,2420,1,1
43315,4,1,4,43315,219907989,219929618,21629,1,0,0,0,0,0,0,2420,1,1
43316,4,1,4,43316,219944473,219966099,21626,1,0,0,0,0,0,0,2420,1,1
43317,4,1,2,43317,219980950,220065210,84260,9,6,2,0,0,0,0,2420,1,1
43318,4,1,3,43318,220080061,220140464,60403,6,4,1,0,0,0,0,2420,1,1
43319,4,1,3,43319,220155319,220200770,45451,4,2,1,0,0,0,0,2420,1,1
43320,4,1,3,43320,220215625,220314661,99036,10,2,7,0,0,0,0,2420,1,1
43321,4,1,2,43321,220329513,220407743,78230,8,4,3,0,0,0,0,2420,1,1
43322,4,1,1,43322,220422593,220477002,54409,5,2,2,0,0,0,0,2420,1,1
43323,4,1,3,43323,220491865,220513499,21634,1,0,0,0,0,0,0,2420,1,1
43324,4,1,4,43324,220528350,220643860,115510,13,9,3,0,0,0,0,2420,1,1
43325,4,1,0,43325,220658713,220741591,82878,9,7,1,0,0,0,0,2420,1,1
43326,4,1,0,43326,220756453,220873442,116989,13,8,4,0,0,0,0,2420,1,1
43327,4,1,3,43327,220888304,220951617,63313,6,2,3,0,0,0,0,2420,1,1
43328,4,1,4,43328,220966472,221053614,87142,9,4,4,0,0,0,0,2420,1,1
43329,4,1,4,43329,221068465,221106457,37992,3,1,1,0,0,0,0,2420,1,1
43330,4,1,3,43330,221121308,221205592,84284,9,6,2,0,0,0,0,2420,1,1
43331,4,1,2,43331,221220443,221268966,48523,4,1,1,0,1,0,0,2420,1,1
43332,4,1,2,43332,221283821,221336759,52938,5,3,1,0,0,0,0,2420,1,1
43333,4,1,3,43333,221351610,221443363,91753,10,7,2,0,0,0,0,2420,1,1
43334,4,1,4,43334,221458216,221494771,36555,3,2,0,0,0,0,0,2420,1,1
43335,4,1,4,43335,221509622,221547613,37991,3,1,1,0,0,0,0,2420,1,1
43336,4,1,2,43336,221562467,221584105,21638,1,0,0,0,0,0,0,2420,1,1
43337,4,1,0,43337,221598956,221636997,38041,3,1,1,0,0,0,0,2420,1,1
43338,4,1,4,43338,221651855,221673489,21634,1,0,0,0,0,0,0,2420,1,1
43339,4,1,2,43339,221688340,221717418,29078,2,1,0,0,0,0,0,2420,1,1
43340,4,1,0,43340,221732270,221761378,29108,2,1,0,0,0,0,0,2420,1,1
43341,4,1,3,43341,221776241,221829201,52960,5,3,1,0,0,0,0,2420,1,1
43342,4,1,4,43342,221844055,221928299,84244,9,6,2,0,0,0,0,2420,1,1
43343,4,1,2,43343,221943152,221973684,30532,2,0,1,0,0,0,0,2420,1,1
43344,4,1,3,43344,221988536,222025081,36545,3,2,0,0,0,0,0,2420,1,1
43345,4,1,4,43345,222039932,222069035,29103,2,1,0,0,0,0,0,2420,1,1
43346,4,1,2,43346,222083889,222112988,29099,2,1,0,0,0,0,0,2420,1,1
43347,4,1,2,43347,222127839,222223893,96054,10,4,5,0,0,0,0,2420,1,1
43348,4,1,3,43348,222238745,222267832,29087,2,1,0,0,0,0,0,2420,1,1
43349,4,1,1,43349,222282683,222335649,52966,5,3,1,0,0,0,0,2420,1,1
43350,4,1,1,43350,222350512,222404914,54402,5,2,2,0,0,0,0,2420,1,1
43351,4,1,1,43351,222419776,222466722,46946,4,1,2,0,0,0,0,2420,1,1
43352,4,1,0,43352,222481584,222536022,54438,5,2,2,0,0,0,0,2420,1,1
43353,4,1,2,43353,222550881,222579994,29113,2,1,0,0,0,0,0,2420,1,1
43354,4,1,1,43354,222594849,222649280,54431,5,2,2,0,0,0,0,2420,1,1
43355,4,1,2,43355,222664147,222734925,70778,7,3,3,0,0,0,0,2420,1,1
43356,4,1,2,43356,222749776,222875722,125946,14,8,5,0,0,0,0,2420,1,1
43357,4,1,2,43357,222890576,222919674,29098,2,1,0,0,0,0,0,2420,1,1
43358,4,1,1,43358,222934529,222956182,21653,1,0,0,0,0,0,0,2420,1,1
43359,4,1,4,43359,222971045,223023985,52940,5,3,1,0,0,0,0,2420,1,1
43360,4,1,3,43360,223038835,223124541,85706,9,5,3,0,0,0,0,2420,1,1
43361,4,1,1,43361,223139392,223186366,46974,4,1,2,0,0,0,0,2420,1,1
43362,4,1,3,43362,223201229,223254189,52960,5,3,1,0,0,0,0,2420,1,1
43363,4,1,1,43363,223269039,223375673,106634,12,9,2,0,0,0,0,2420,1,1
43364,4,1,4,43364,223390538,223430008,39470,3,0,2,0,0,0,0,2420,1,1
43365,4,1,1,43365,223444863,223491812,46949,4,1,2,0,0,0,0,2420,1,1
43366,4,1,1,43366,223506678,223608810,102132,11,6,4,0,0,0,0,2420,1,1
43367,4,1,4,43367,223623679,223676618,52939,5,3,1,0,0,0,0,2420,1,1
43368,4,1,0,43368,223691473,223745910,54437,5,2,2,0,0,0,0,2420,1,1
43369,4,1,3,43369,223760768,223798797,38029,3,1,1,0,0,0,0,2420,1,1
43370,4,1,4,43370,223813651,223850204,36553,3,2,0,0,0,0,0,2420,1,1
43371,4,1,4,43371,223865059,223926914,61855,6,3,2,0,0,0,0,2420,1,1
43372,4,1,3,43372,223941764,223963398,21634,1,0,0,0,0,0,0,2420,1,1
43373,4,1,0,43373,223978249,224016292,38043,3,1,1,0,0,0,0,2420,1,1
43374,4,1,3,43374,224031151,224052785,21634,1,0,0,0,0,0,0,2420,1,1
43375,4,1,2,43375,224067636,224105670,38034,3,1,1,0,0,0,0,2420,1,1
43376,4,1,2,43376,224120521,224142150,21629,1,0,0,0,0,0,0,2420,1,1
43377,4,1,4,43377,224157005,224178634,21629,1,0,0,0,0,0,0,2420,1,1
43378,4,1,3,43378,224193489,224215119,21630,1,0,0,0,0,0,0,2420,1,1
43379,4,1,3,43379,224229969,224282904,52935,5,3,1,0,0,0,0,2420,1,1
43380,4,1,3,43380,224297754,224319384,21630,1,0,0,0,0,0,0,2420,1,1
43381,4,1,2,43381,224334238,224387210,52972,5,3,1,0,0,0,0,2420,1,1
43382,4,1,3,43382,224402060,224487735,85675,9,5,3,0,0,0,0,2420,1,1
43383,4,1,3,43383,224502585,224549553,46968,4,1,2,0,0,0,0,2420,1,1
43384,4,1,1,43384,224564408,224593537,29129,2,1,0,0,0,0,0,2420,1,1
43385,4,1,4,43385,224608400,224653897,45497,4,2,1,0,0,0,0,2420,1,1
43386,4,1,0,43386,224668748,224757357,88609,9,3,5,0,0,0,0,2420,1,1
43387,4,1,1,43387,224772216,224801326,29110,2,1,0,0,0,0,0,2420,1,1
43388,4,1,2,43388,224816193,224886983,70790,7,3,3,0,0,0,0,2420,1,1
43389,4,1,4,43389,224901834,224923468,21634,1,0,0,0,0,0,0,2420,1,1
43390,4,1,2,43390,224938319,224977769,39450,3,0,2,0,0,0,0,2420,1,1
43391,4,1,3,43391,224992619,225023163,30544,2,0,1,0,0,0,0,2420,1,1
43392,4,1,0,43392,225038014,225090936,52922,5,3,1,0,0,0,0,2420,1,1
43393,4,1,2,43393,225105799,225219899,114100,13,10,2,0,0,0,0,2420,1,1
43394,4,1,0,43394,225234759,225314476,79717,8,3,4,0,0,0,0,2420,1,1
43395,4,1,1,43395,225329335,225419429,90094,9,2,6,0,0,0,0,2420,1,1
43396,4,1,2,43396,225434296,225470844,36548,3,2,0,0,0,0,0,2420,1,1
43397,4,1,4,43397,225485699,225525164,39465,3,0,2,0,0,0,0,2420,1,1
43398,4,1,0,43398,225540014,225634708,94694,10,5,4,0,0,0,0,2420,1,1
43399,4,1,3,43399,225649569,225671198,21629,1,0,0,0,0,0,0,2420,1,1
43400,4,1,4,43400,225686058,225707688,21630,1,0,0,0,0,0,0,2420,1,1
43401,4,1,1,43401,225722538,225744197,21659,1,0,0,0,0,0,0,2420,1,1
43402,4,1,2,43402,225759059,225844714,85655,9,5,3,0,0,0,0,2420,1,1
43403,4,1,0,43403,225859565,225945270,85705,9,5,3,0,0,0,0,2420,1,1
43404,4,1,4,43404,225960129,226005606,45477,4,2,1,0,0,0,0,2420,1,1
43405,4,1,4,43405,226020456,226049543,29087,2,1,0,0,0,0,0,2420,1,1
43406,4,1,0,43406,226064398,226093522,29124,2,1,0,0,0,0,0,2420,1,1
43407,4,1,1,43407,226108380,226146426,38046,3,1,1,0,0,0,0,2420,1,1
43408,4,1,1,43408,226161289,226197883,36594,3,2,0,0,0,0,0,2420,1,1
43409,4,1,1,43409,226212746,226292411,79665,8,3,4,0,0,0,0,2420,1,1
43410,4,1,3,43410,226307276,226337825,30549,2,0,1,0,0,0,0,2420,1,1
43411,4,1,4,43411,226352676,226407083,54407,5,2,2,0,0,0,0,2420,1,1
43412,4,1,1,43412,226421935,226459988,38053,3,1,1,0,0,0,0,2420,1,1
43413,4,1,3,43413,226474855,226496485,21630,1,0,0,0,0,0,0,2420,1,1
43414,4,1,1,43414,226511336,226541901,30565,2,0,1,0,0,0,0,2420,1,1
43415,4,1,2,43415,226556769,226594773,38004,3,1,1,0,0,0,0,2420,1,1
43416,4,1,2,43416,226609624,226631254,21630,1,0,0,0,0,0,0,2420,1,1
43417,4,1,2,43417,226646108,226822644,176536,20,10,9,0,0,0,0,2420,1,1
43418,4,1,3,43418,226837503,226859133,21630,1,0,0,0,0,0,0,2420,1,1
43419,4,1,4,43419,226873988,226912017,38029,3,1,1,0,0,0,0,2420,1,1
43420,4,1,1,43420,226926872,226948525,21653,1,0,0,0,0,0,0,2420,1,1
43421,4,1,4,43421,226963392,226993932,30540,2,0,1,0,0,0,0,2420,1,1
43422,4,1,3,43422,227008782,227054230,45448,4,2,1,0,0,0,0,2420,1,1
43423,4,1,4,43423,227069081,227090711,21630,1,0,0,0,0,0,0,2420,1,1
43424,4,1,1,43424,227105566,227134688,29122,2,1,0,0,0,0,0,2420,1,1
43425,4,1,0,43425,227149550,227171195,21645,1,0,0,0,0,0,0,2420,1,1
43426,4,1,2,43426,227186058,227259724,73666,7,1,5,0,0,0,0,2420,1,1
43427,4,1,2,43427,227274579,227296209,21630,1,0,0,0,0,0,0,2420,1,1
43428,4,1,2,43428,227311060,227341623,30563,2,0,1,0,0,0,0,2420,1,1
43429,4,1,2,43429,227356478,227409413,52935,5,3,1,0,0,0,0,2420,1,1
43430,4,1,0,43430,227424268,227460828,36560,3,2,0,0,0,0,0,2420,1,1
43431,4,1,3,43431,227475691,227521157,45466,4,2,1,0,0,0,0,2420,1,1
43432,4,1,3,43432,227536017,227581509,45492,4,2,1,0,0,0,0,2420,1,1
43433,4,1,3,43433,227596364,227656757,60393,6,4,1,0,0,0,0,2420,1,1
43434,4,1,0,43434,227671608,227709629,38021,3,1,1,0,0,0,0,2420,1,1
43435,4,1,2,43435,227724492,227755051,30559,2,0,1,0,0,0,0,2420,1,1
43436,4,1,1,43436,227769901,227799006,29105,2,1,0,0,0,0,0,2420,1,1
43437,4,1,4,43437,227813873,227842958,29085,2,1,0,0,0,0,0,2420,1,1
43438,4,1,3,43438,227857809,227901830,44021,4,3,0,0,0,0,0,2420,1,1
43439,4,1,1,43439,227916685,227938338,21653,1,0,0,0,0,0,0,2420,1,1
43440,4,1,0,43440,227953204,227992689,39485,3,0,2,0,0,0,0,2420,1,1
43441,4,1,4,43441,228007549,228044120,36571,3,2,0,0,0,0,0,2420,1,1
43442,4,1,3,43442,228058971,228088058,29087,2,1,0,0,0,0,0,2420,1,1
43443,4,1,1,43443,228102913,228149825,46912,4,1,2,0,0,0,0,2420,1,1
43444,4,1,1,43444,228164692,228186346,21654,1,0,0,0,0,0,0,2420,1,1
43445,4,1,3,43445,228201209,228249619,48410,4,0,3,0,0,0,0,2420,1,1
43446,4,1,2,43446,228264475,228303909,39434,3,0,2,0,0,0,0,2420,1,1
43447,4,1,3,43447,228318759,228355316,36557,3,2,0,0,0,0,0,2420,1,1
43448,4,1,3,43448,228370166,228391796,21630,1,0,0,0,0,0,0,2420,1,1
43449,4,1,0,43449,228406650,228444694,38044,3,1,1,0,0,0,0,2420,1,1
43450,4,1,2,43450,228459554,228488661,29107,2,1,0,0,0,0,0,2420,1,1
43451,4,1,1,43451,228503516,228532620,29104,2,1,0,0,0,0,0,2420,1,1
43452,4,1,0,43452,228547487,228569132,21645,1,0,0,0,0,0,0,2420,1,1
43453,4,1,0,43453,228583995,228628024,44029,4,3,0,0,0,0,0,2420,1,1
43454,4,1,2,43454,228642886,228682317,39431,3,0,2,0,0,0,0,2420,1,1
43455,4,1,0,43455,228697172,228776921,79749,8,3,4,0,0,0,0,2420,1,1
43456,4,1,4,43456,228791779,228853651,61872,6,3,2,0,0,0,0,2420,1,1
43457,4,1,3,43457,228868502,228970566,102064,11,6,4,0,0,0,0,2420,1,1
43458,4,1,3,43458,228985424,229041267,55843,5,1,3,0,0,0,0,2420,1,1
43459,4,1,2,43459,229056122,229092709,36587,3,2,0,0,0,0,0,2420,1,1
43460,4,1,1,43460,229107561,229129214,21653,1,0,0,0,0,0,0,2420,1,1
43461,4,1,0,43461,229144081,229198474,54393,5,2,2,0,0,0,0,2420,1,1
43462,4,1,3,43462,229213336,229242444,29108,2,1,0,0,0,0,0,2420,1,1
43463,4,1,4,43463,229257297,229278927,21630,1,0,0,0,0,0,0,2420,1,1
43464,4,1,0,43464,229293786,229348182,54396,5,2,2,0,0,0,0,2420,1,1
43465,4,1,0,43465,229363043,229384689,21646,1,0,0,0,0,0,0,2420,1,1
43466,4,1,3,43466,229399548,229479227,79679,8,3,4,0,0,0,0,2420,1,1
43467,4,1,0,43467,229494082,229523207,29125,2,1,0,0,0,0,0,2420,1,1
43468,4,1,4,43468,229538066,229574624,36558,3,2,0,0,0,0,0,2420,1,1
43469,4,1,3,43469,229589474,229633489,44015,4,3,0,0,0,0,0,2420,1,1
43470,4,1,1,43470,229648340,229722004,73664,7,1,5,0,0,0,0,2420,1,1
43471,4,1,2,43471,229736870,229767426,30556,2,0,1,0,0,0,0,2420,1,1
43472,4,1,1,43472,229782278,229812853,30575,2,0,1,0,0,0,0,2420,1,1
43473,4,1,0,43473,229827716,229891016,63300,6,2,3,0,0,0,0,2420,1,1
43474,4,1,4,43474,229905879,229973752,67873,7,5,1,0,0,0,0,2420,1,1
43475,4,1,1,43475,229988603,230017717,29114,2,1,0,0,0,0,0,2420,1,1
43476,4,1,1,43476,230032580,230079529,46949,4,1,2,0,0,0,0,2420,1,1
43477,4,1,4,43477,230094396,230141297,46901,4,1,2,0,0,0,0,2420,1,1
43478,4,1,0,43478,230156152,230203074,46922,4,1,2,0,0,0,0,2420,1,1
43479,4,1,3,43479,230217934,230239564,21630,1,0,0,0,0,0,0,2420,1,1
43480,4,1,2,43480,230254419,230284977,30558,2,0,1,0,0,0,0,2420,1,1
43481,4,1,1,43481,230299828,230328930,29102,2,1,0,0,0,0,0,2420,1,1
43482,4,1,1,43482,230343797,230448787,104990,11,4,6,0,0,0,0,2420,1,1
43483,4,1,2,43483,230463657,230485287,21630,1,0,0,0,0,0,0,2420,1,1
43484,4,1,4,43484,230500138,230585868,85730,9,5,3,0,0,0,0,2420,1,1
43485,4,1,1,43485,230600719,230637298,36579,3,2,0,0,0,0,0,2420,1,1
43486,4,1,3,43486,230652161,230673795,21634,1,0,0,0,0,0,0,2420,1,1
43487,4,1,1,43487,230688645,230756508,67863,7,5,1,0,0,0,0,2420,1,1
43488,4,1,0,43488,230771371,230800475,29104,2,1,0,0,0,0,0,2420,1,1
43489,4,1,3,43489,230815338,230836968,21630,1,0,0,0,0,0,0,2420,1,1
43490,4,1,0,43490,230851818,230904792,52974,5,3,1,0,0,0,0,2420,1,1
43491,4,1,3,43491,230919651,230948737,29086,2,1,0,0,0,0,0,2420,1,1
43492,4,1,1,43492,230963592,230985246,21654,1,0,0,0,0,0,0,2420,1,1
43493,4,1,1,43493,231000109,231029237,29128,2,1,0,0,0,0,0,2420,1,1
43494,4,1,0,43494,231044104,231146159,102055,11,6,4,0,0,0,0,2420,1,1
43495,4,1,2,43495,231161020,231221428,60408,6,4,1,0,0,0,0,2420,1,1
43496,4,1,0,43496,231236287,231265393,29106,2,1,0,0,0,0,0,2420,1,1
43497,4,1,4,43497,231280252,231325712,45460,4,2,1,0,0,0,0,2420,1,1
43498,4,1,3,43498,231340563,231411347,70784,7,3,3,0,0,0,0,2420,1,1
43499,4,1,0,43499,231426201,231471712,45511,4,2,1,0,0,0,0,2420,1,1
43500,4,1,2,43500,231486575,231594674,108099,12,8,3,0,0,0,0,2420,1,1
43501,4,1,1,43501,231609528,231707089,97561,10,3,6,0,0,0,0,2420,1,1
43502,4,1,1,43502,231721953,231743612,21659,1,0,0,0,0,0,0,2420,1,1
43503,4,1,1,43503,231758474,231795051,36577,3,2,0,0,0,0,0,2420,1,1
43504,4,1,3,43504,231809914,231831543,21629,1,0,0,0,0,0,0,2420,1,1
43505,4,1,2,43505,231846399,231868028,21629,1,0,0,0,0,0,0,2420,1,1
43506,4,1,1,43506,231882880,231911997,29117,2,1,0,0,0,0,0,2420,1,1
43507,4,1,4,43507,231926864,231957409,30545,2,0,1,0,0,0,0,2420,1,1
43508,4,1,1,43508,231972260,231993917,21657,1,0,0,0,0,0,0,2420,1,1
43509,4,1,0,43509,232008781,232037875,29094,2,1,0,0,0,0,0,2420,1,1
43510,4,1,1,43510,232052734,232074391,21657,1,0,0,0,0,0,0,2420,1,1
43511,4,1,1,43511,232089253,232127303,38050,3,1,1,0,0,0,0,2420,1,1
43512,4,1,1,43512,232142165,232172727,30562,2,0,1,0,0,0,0,2420,1,1
43513,4,1,4,43513,232187594,232224162,36568,3,2,0,0,0,0,0,2420,1,1
43514,4,1,3,43514,232239013,232291938,52925,5,3,1,0,0,0,0,2420,1,1
43515,4,1,2,43515,232306793,232335873,29080,2,1,0,0,0,0,0,2420,1,1
43516,4,1,3,43516,232350725,232372354,21629,1,0,0,0,0,0,0,2420,1,1
43517,4,1,2,43517,232387209,232450520,63311,6,2,3,0,0,0,0,2420,1,1
43518,4,1,0,43518,232465375,232495929,30554,2,0,1,0,0,0,0,2420,1,1
43519,4,1,2,43519,232510788,232532417,21629,1,0,0,0,0,0,0,2420,1,1
43520,4,1,3,43520,232547268,232592751,45483,4,2,1,0,0,0,0,2420,1,1
43521,4,1,4,43521,232607602,232629231,21629,1,0,0,0,0,0,0,2420,1,1
43522,4,1,3,43522,232644087,232732625,88538,9,3,5,0,0,0,0,2420,1,1
43523,4,1,0,43523,232747480,232769125,21645,1,0,0,0,0,0,0,2420,1,1
43524,4,1,3,43524,232783988,232854744,70756,7,3,3,0,0,0,0,2420,1,1
43525,4,1,3,43525,232869596,232891225,21629,1,0,0,0,0,0,0,2420,1,1
43526,4,1,2,43526,232906080,232975402,69322,7,4,2,0,0,0,0,2420,1,1
43527,4,1,2,43527,232990253,233090938,100685,11,7,3,0,0,0,0,2420,1,1
43528,4,1,2,43528,233105801,233210949,105148,11,5,4,0,1,0,0,2420,1,1
43529,4,1,3,43529,233225810,233247444,21634,1,0,0,0,0,0,0,2420,1,1
43530,4,1,0,43530,233262304,233318153,55849,5,1,3,0,0,0,0,2420,1,1
43531,4,1,4,43531,233333020,233362104,29084,2,1,0,0,0,0,0,2420,1,1
43532,4,1,4,43532,233376963,233406054,29091,2,1,0,0,0,0,0,2420,1,1
43533,4,1,3,43533,233420908,233494751,73843,8,7,0,0,0,0,0,2420,1,1
43534,4,1,4,43534,233509606,233538718,29112,2,1,0,0,0,0,0,2420,1,1
43535,4,1,1,43535,233553577,233582686,29109,2,1,0,0,0,0,0,2420,1,1
43536,4,1,0,43536,233597557,233619202,21645,1,0,0,0,0,0,0,2420,1,1
43537,4,1,4,43537,233634069,233697355,63286,6,2,3,0,0,0,0,2420,1,1
43538,4,1,3,43538,233712212,233780102,67890,7,5,1,0,0,0,0,2420,1,1
43539,4,1,4,43539,233794961,233816595,21634,1,0,0,0,0,0,0,2420,1,1
43540,4,1,0,43540,233831449,233868016,36567,3,2,0,0,0,0,0,2420,1,1
43541,4,1,2,43541,233882880,233904514,21634,1,0,0,0,0,0,0,2420,1,1
43542,4,1,2,43542,233919370,233982665,63295,6,2,3,0,0,0,0,2420,1,1
43543,4,1,4,43543,233997520,234104174,106654,12,9,2,0,0,0,0,2420,1,1
43544,4,1,3,43544,234119031,234140661,21630,1,0,0,0,0,0,0,2420,1,1
43545,4,1,0,43545,234155519,234177169,21650,1,0,0,0,0,0,0,2420,1,1
43546,4,1,1,43546,234192031,234222588,30557,2,0,1,0,0,0,0,2420,1,1
43547,4,1,2,43547,234237459,234299340,61881,6,3,2,0,0,0,0,2420,1,1
43548,4,1,1,43548,234314199,234367166,52967,5,3,1,0,0,0,0,2420,1,1
43549,4,1,2,43549,234382033,234403670,21637,1,0,0,0,0,0,0,2420,1,1
43550,4,1,3,43550,234418525,234447611,29086,2,1,0,0,0,0,0,2420,1,1
43551,4,1,2,43551,234462466,234516888,54422,5,2,2,0,0,0,0,2420,1,1
43552,4,1,3,43552,234531743,234553377,21634,1,0,0,0,0,0,0,2420,1,1
43553,4,1,4,43553,234568232,234597334,29102,2,1,0,0,0,0,0,2420,1,1
43554,4,1,1,43554,234612188,234633845,21657,1,0,0,0,0,0,0,2420,1,1
43555,4,1,4,43555,234648712,234726984,78272,8,4,3,0,0,0,0,2420,1,1
43556,4,1,3,43556,234741839,234772396,30557,2,0,1,0,0,0,0,2420,1,1
43557,4,1,0,43557,234787255,234874439,87184,9,4,4,0,0,0,0,2420,1,1
43558,4,1,3,43558,234889302,234967590,78288,8,4,3,0,0,0,0,2420,1,1
43559,4,1,0,43559,234982444,235004098,21654,1,0,0,0,0,0,0,2420,1,1
43560,4,1,4,43560,235018960,235071897,52937,5,3,1,0,0,0,0,2420,1,1
43561,4,1,3,43561,235086751,235117283,30532,2,0,1,0,0,0,0,2420,1,1
43562,4,1,3,43562,235132134,235185043,52909,5,3,1,0,0,0,0,2420,1,1
43563,4,1,0,43563,235199894,235229006,29112,2,1,0,0,0,0,0,2420,1,1
43564,4,1,3,43564,235243869,235298242,54373,5,2,2,0,0,0,0,2420,1,1
43565,4,1,2,43565,235313096,235416716,103620,11,5,5,0,0,0,0,2420,1,1
43566,4,1,2,43566,235431570,235471037,39467,3,0,2,0,0,0,0,2420,1,1
43567,4,1,1,43567,235485892,235529915,44023,4,3,0,0,0,0,0,2420,1,1
43568,4,1,4,43568,235544782,235616993,72211,7,2,4,0,0,0,0,2420,1,1
43569,4,1,2,43569,235631846,235662393,30547,2,0,1,0,0,0,0,2420,1,1
43570,4,1,0,43570,235677248,235825549,148301,17,11,5,0,0,0,0,2420,1,1
43571,4,1,4,43571,235840412,235869490,29078,2,1,0,0,0,0,0,2420,1,1
43572,4,1,4,43572,235884346,235922326,37980,3,1,1,0,0,0,0,2420,1,1
43573,4,1,2,43573,235937180,235973719,36539,3,2,0,0,0,0,0,2420,1,1
43574,4,1,1,43574,235988570,236017687,29117,2,1,0,0,0,0,0,2420,1,1
43575,4,1,2,43575,236032550,236054184,21634,1,0,0,0,0,0,0,2420,1,1
43576,4,1,4,43576,236069034,236223156,154122,17,7,9,0,0,0,0,2420,1,1
43577,4,1,4,43577,236238010,236267092,29082,2,1,0,0,0,0,0,2420,1,1
43578,4,1,3,43578,236281942,236351268,69326,7,4,2,0,0,0,0,2420,1,1
43579,4,1,2,43579,236366123,236395210,29087,2,1,0,0,0,0,0,2420,1,1
43580,4,1,4,43580,236410060,236455549,45489,4,2,1,0,0,0,0,2420,1,1
43581,4,1,1,43581,236470400,236499529,29129,2,1,0,0,0,0,0,2420,1,1
43582,4,1,4,43582,236514396,236536025,21629,1,0,0,0,0,0,0,2420,1,1
43583,4,1,2,43583,236550876,236687150,136274,15,7,7,0,0,0,0,2420,1,1
43584,4,1,2,43584,236702004,236738561,36557,3,2,0,0,0,0,0,2420,1,1
43585,4,1,0,43585,236753416,236800375,46959,4,1,2,0,0,0,0,2420,1,1
43586,4,1,2,43586,236815237,236883076,67839,7,5,1,0,0,0,0,2420,1,1
43587,4,1,4,43587,236897927,236934486,36559,3,2,0,0,0,0,0,2420,1,1
43588,4,1,1,43588,236949337,237037923,88586,9,3,5,0,0,0,0,2420,1,1
43589,4,1,0,43589,237052789,237122154,69365,7,4,2,0,0,0,0,2420,1,1
43590,4,1,0,43590,237137017,237158662,21645,1,0,0,0,0,0,0,2420,1,1
43591,4,1,3,43591,237173525,237195155,21630,1,0,0,0,0,0,0,2420,1,1
43592,4,1,1,43592,237210010,237249518,39508,3,0,2,0,0,0,0,2420,1,1
43593,4,1,4,43593,237264385,237294915,30530,2,0,1,0,0,0,0,2420,1,1
43594,4,1,1,43594,237309766,237401508,91742,10,7,2,0,0,0,0,2420,1,1
43595,4,1,0,43595,237416377,237494664,78287,8,4,3,0,0,0,0,2420,1,1
43596,4,1,0,43596,237509523,237531168,21645,1,0,0,0,0,0,0,2420,1,1
43597,4,1,4,43597,237546031,237600421,54390,5,2,2,0,0,0,0,2420,1,1
43598,4,1,0,43598,237615276,237684624,69348,7,4,2,0,0,0,0,2420,1,1
43599,4,1,0,43599,237699483,237736054,36571,3,2,0,0,0,0,0,2420,1,1
43600,4,1,0,43600,237750912,237797845,46933,4,1,2,0,0,0,0,2420,1,1
43601,4,1,4,43601,237812703,237841786,29083,2,1,0,0,0,0,0,2420,1,1
43602,4,1,3,43602,237856640,237948272,91632,10,7,2,0,0,0,0,2420,1,1
43603,4,1,0,43603,237963125,237992215,29090,2,1,0,0,0,0,0,2420,1,1
43604,4,1,4,43604,238007078,238048144,41066,3,0,1,0,1,0,0,2420,1,1
43605,4,1,4,43605,238062999,238084628,21629,1,0,0,0,0,0,0,2420,1,1
43606,4,1,2,43606,238099480,238186768,87288,9,5,2,0,1,0,0,2420,1,1
43607,4,1,3,43607,238201619,238248576,46957,4,1,2,0,0,0,0,2420,1,1
43608,4,1,4,43608,238263431,238292515,29084,2,1,0,0,0,0,0,2420,1,1
43609,4,1,2,43609,238307370,238329000,21630,1,0,0,0,0,0,0,2420,1,1
43610,4,1,2,43610,238343855,238398262,54407,5,2,2,0,0,0,0,2420,1,1
43611,4,1,2,43611,238413115,238434746,21631,1,0,0,0,0,0,0,2420,1,1
43612,4,1,3,43612,238449596,238471225,21629,1,0,0,0,0,0,0,2420,1,1
43613,4,1,2,43613,238486080,238555389,69309,7,4,2,0,0,0,0,2420,1,1
43614,4,1,2,43614,238570240,238632123,61883,6,3,2,0,0,0,0,2420,1,1
43615,4,1,0,43615,238646978,238716278,69300,7,4,2,0,0,0,0,2420,1,1
43616,4,1,0,43616,238731137,238760258,29121,2,1,0,0,0,0,0,2420,1,1
43617,4,1,3,43617,238775122,238829515,54393,5,2,2,0,0,0,0,2420,1,1
43618,4,1,4,43618,238844370,238946386,102016,11,6,4,0,0,0,0,2420,1,1
43619,4,1,1,43619,238961239,239008191,46952,4,1,2,0,0,0,0,2420,1,1
43620,4,1,4,43620,239023056,239090879,67823,7,5,1,0,0,0,0,2420,1,1
43621,4,1,3,43621,239105734,239188284,82550,8,1,6,0,0,0,0,2420,1,1
43622,4,1,4,43622,239203136,239232244,29108,2,1,0,0,0,0,0,2420,1,1
43623,4,1,4,43623,239247099,239291116,44017,4,3,0,0,0,0,0,2420,1,1
43624,4,1,4,43624,239305975,239366410,60435,6,4,1,0,0,0,0,2420,1,1
43625,4,1,3,43625,239381262,239419268,38006,3,1,1,0,0,0,0,2420,1,1
43626,4,1,3,43626,239434122,239488692,54570,5,3,0,0,1,0,0,2420,1,1
43627,4,1,3,43627,239503547,239534109,30562,2,0,1,0,0,0,0,2420,1,1
43628,4,1,3,43628,239548959,239585524,36565,3,2,0,0,0,0,0,2420,1,1
43629,4,1,2,43629,239600375,239622005,21630,1,0,0,0,0,0,0,2420,1,1
43630,4,1,1,43630,239636859,239658512,21653,1,0,0,0,0,0,0,2420,1,1
43631,4,1,4,43631,239673379,239759052,85673,9,5,3,0,0,0,0,2420,1,1
43632,4,1,1,43632,239773906,239811957,38051,3,1,1,0,0,0,0,2420,1,1
43633,4,1,3,43633,239826823,239848452,21629,1,0,0,0,0,0,0,2420,1,1
43634,4,1,4,43634,239863307,239884937,21630,1,0,0,0,0,0,0,2420,1,1
43635,4,1,0,43635,239899787,240012271,112484,12,5,6,0,0,0,0,2420,1,1
43636,4,1,2,43636,240027136,240082984,55848,5,1,3,0,0,0,0,2420,1,1
43637,4,1,3,43637,240097835,240201404,103569,11,5,5,0,0,0,0,2420,1,1
43638,4,1,4,43638,240216262,240245342,29080,2,1,0,0,0,0,0,2420,1,1
43639,4,1,3,43639,240260193,240281822,21629,1,0,0,0,0,0,0,2420,1,1
43640,4,1,1,43640,240296677,240360050,63373,6,2,3,0,0,0,0,2420,1,1
43641,4,1,1,43641,240374917,240405495,30578,2,0,1,0,0,0,0,2420,1,1
43642,4,1,0,43642,240420358,240442003,21645,1,0,0,0,0,0,0,2420,1,1
43643,4,1,0,43643,240456865,240502356,45491,4,2,1,0,0,0,0,2420,1,1
43644,4,1,0,43644,240517218,240538863,21645,1,0,0,0,0,0,0,2420,1,1
43645,4,1,4,43645,240553725,240591726,38001,3,1,1,0,0,0,0,2420,1,1
43646,4,1,4,43646,240606581,240678834,72253,7,2,4,0,0,0,0,2420,1,1
43647,4,1,3,43647,240693689,240745184,51495,5,4,0,0,0,0,0,2420,1,1
43648,4,1,3,43648,240760035,240829358,69323,7,4,2,0,0,0,0,2420,1,1
43649,4,1,4,43649,240844213,240880773,36560,3,2,0,0,0,0,0,2420,1,1
43650,4,1,1,43650,240895628,240917281,21653,1,0,0,0,0,0,0,2420,1,1
43651,4,1,2,43651,240932143,240953778,21635,1,0,0,0,0,0,0,2420,1,1
43652,4,1,1,43652,240968629,240990282,21653,1,0,0,0,0,0,0,2420,1,1
43653,4,1,0,43653,241005149,241034253,29104,2,1,0,0,0,0,0,2420,1,1
43654,4,1,3,43654,241049111,241096023,46912,4,1,2,0,0,0,0,2420,1,1
43655,4,1,3,43655,241110874,241214431,103557,11,5,5,0,0,0,0,2420,1,1
43656,4,1,4,43656,241229289,241268788,39499,3,0,2,0,0,0,0,2420,1,1
43657,4,1,3,43657,241283643,241393187,109544,12,7,4,0,0,0,0,2420,1,1
43658,4,1,1,43658,241408041,241429694,21653,1,0,0,0,0,0,0,2420,1,1
43659,4,1,0,43659,241444561,241466206,21645,1,0,0,0,0,0,0,2420,1,1
43660,4,1,0,43660,241481065,241529454,48389,4,0,3,0,0,0,0,2420,1,1
43661,4,1,4,43661,241544316,241573403,29087,2,1,0,0,0,0,0,2420,1,1
43662,4,1,4,43662,241588253,241639759,51506,5,4,0,0,0,0,0,2420,1,1
43663,4,1,0,43663,241654614,241801505,146891,16,7,7,0,1,0,0,2420,1,1
43664,4,1,2,43664,241816372,241838001,21629,1,0,0,0,0,0,0,2420,1,1
43665,4,1,3,43665,241852855,241881948,29093,2,1,0,0,0,0,0,2420,1,1
43666,4,1,4,43666,241896802,242040528,143726,16,8,7,0,0,0,0,2420,1,1
43667,4,1,1,43667,242055386,242109771,54385,5,2,2,0,0,0,0,2420,1,1
43668,4,1,0,43668,242124639,242146284,21645,1,0,0,0,0,0,0,2420,1,1
43669,4,1,3,43669,242161143,242231922,70779,7,3,3,0,0,0,0,2420,1,1
43670,4,1,2,43670,242246777,242268406,21629,1,0,0,0,0,0,0,2420,1,1
43671,4,1,1,43671,242283261,242312390,29129,2,1,0,0,0,0,0,2420,1,1
43672,4,1,4,43672,242327257,242398000,70743,7,3,3,0,0,0,0,2420,1,1
43673,4,1,4,43673,242412855,242501480,88625,9,3,5,0,0,0,0,2420,1,1
43674,4,1,4,43674,242516336,242537965,21629,1,0,0,0,0,0,0,2420,1,1
43675,4,1,2,43675,242552820,242657829,105009,11,4,6,0,0,0,0,2420,1,1
43676,4,1,0,43676,242672684,242746381,73697,7,1,5,0,0,0,0,2420,1,1
43677,4,1,2,43677,242761240,242852942,91702,10,7,2,0,0,0,0,2420,1,1
43678,4,1,4,43678,242867794,242896887,29093,2,1,0,0,0,0,0,2420,1,1
43679,4,1,2,43679,242911738,242973595,61857,6,3,2,0,0,0,0,2420,1,1
43680,4,1,0,43680,242988446,243017545,29099,2,1,0,0,0,0,0,2420,1,1
43681,4,1,3,43681,243032404,243077897,45493,4,2,1,0,0,0,0,2420,1,1
43682,4,1,2,43682,243092751,243121826,29075,2,1,0,0,0,0,0,2420,1,1
43683,4,1,2,43683,243136680,243183626,46946,4,1,2,0,0,0,0,2420,1,1
43684,4,1,2,43684,243198478,243227571,29093,2,1,0,0,0,0,0,2420,1,1
43685,4,1,3,43685,243242422,243293902,51480,5,4,0,0,0,0,0,2420,1,1
43686,4,1,3,43686,243308753,243337858,29105,2,1,0,0,0,0,0,2420,1,1
43687,4,1,2,43687,243352709,243405636,52927,5,3,1,0,0,0,0,2420,1,1
43688,4,1,4,43688,243420491,243449596,29105,2,1,0,0,0,0,0,2420,1,1
43689,4,1,3,43689,243464455,243486089,21634,1,0,0,0,0,0,0,2420,1,1
43690,4,1,0,43690,243500943,243546473,45530,4,2,1,0,0,0,0,2420,1,1
43691,4,1,1,43691,243561335,243590459,29124,2,1,0,0,0,0,0,2420,1,1
43692,4,1,1,43692,243605330,243720671,115341,12,3,8,0,0,0,0,2420,1,1
43693,4,1,1,43693,243735546,243806358,70812,7,3,3,0,0,0,0,2420,1,1
43694,4,1,1,43694,243821226,243874212,52986,5,3,1,0,0,0,0,2420,1,1
43695,4,1,3,43695,243889079,243961339,72260,7,2,4,0,0,0,0,2420,1,1
43696,4,1,3,43696,243976199,244014228,38029,3,1,1,0,0,0,0,2420,1,1
43697,4,1,3,43697,244029083,244083504,54421,5,2,2,0,0,0,0,2420,1,1
43698,4,1,0,43698,244098359,244143809,45450,4,2,1,0,0,0,0,2420,1,1
43699,4,1,2,43699,244158672,244251859,93187,10,6,3,0,0,0,0,2420,1,1
43700,4,1,2,43700,244266719,244288348,21629,1,0,0,0,0,0,0,2420,1,1
43701,4,1,0,43701,244303204,244359064,55860,5,1,3,0,0,0,0,2420,1,1
43702,4,1,2,43702,244373931,244395561,21630,1,0,0,0,0,0,0,2420,1,1
43703,4,1,1,43703,244410415,244432072,21657,1,0,0,0,0,0,0,2420,1,1
43704,4,1,2,43704,244446943,244468572,21629,1,0,0,0,0,0,0,2420,1,1
43705,4,1,1,43705,244483431,244527484,44053,4,3,0,0,0,0,0,2420,1,1
43706,4,1,3,43706,244542351,244563985,21634,1,0,0,0,0,0,0,2420,1,1
43707,4,1,1,43707,244578840,244600497,21657,1,0,0,0,0,0,0,2420,1,1
43708,4,1,1,43708,244615368,244659392,44024,4,3,0,0,0,0,0,2420,1,1
43709,4,1,2,43709,244674262,244743613,69351,7,4,2,0,0,0,0,2420,1,1
43710,4,1,1,43710,244758469,244821827,63358,6,2,3,0,0,0,0,2420,1,1
43711,4,1,0,43711,244836697,244865832,29135,2,1,0,0,0,0,0,2420,1,1
43712,4,1,2,43712,244880695,244902324,21629,1,0,0,0,0,0,0,2420,1,1
43713,4,1,2,43713,244917182,244977615,60433,6,4,1,0,0,0,0,2420,1,1
43714,4,1,3,43714,244992470,245021565,29095,2,1,0,0,0,0,0,2420,1,1
43715,4,1,4,43715,245036424,245065530,29106,2,1,0,0,0,0,0,2420,1,1
43716,4,1,4,43716,245080384,245102014,21630,1,0,0,0,0,0,0,2420,1,1
43717,4,1,1,43717,245116873,245163829,46956,4,1,2,0,0,0,0,2420,1,1
43718,4,1,0,43718,245178695,245216715,38020,3,1,1,0,0,0,0,2420,1,1
43719,4,1,0,43719,245231577,245253230,21653,1,0,0,0,0,0,0,2420,1,1
43720,4,1,1,43720,245268094,245321035,52941,5,3,1,0,0,0,0,2420,1,1
43721,4,1,4,43721,245335907,245423139,87232,9,4,4,0,0,0,0,2420,1,1
43722,4,1,0,43722,245437994,245483493,45499,4,2,1,0,0,0,0,2420,1,1
43723,4,1,3,43723,245498356,245528919,30563,2,0,1,0,0,0,0,2420,1,1
43724,4,1,4,43724,245543778,245589241,45463,4,2,1,0,0,0,0,2420,1,1
43725,4,1,0,43725,245604100,245648153,44053,4,3,0,0,0,0,0,2420,1,1
43726,4,1,2,43726,245663018,245741228,78210,8,4,3,0,0,0,0,2420,1,1
43727,4,1,4,43727,245756087,245777721,21634,1,0,0,0,0,0,0,2420,1,1
43728,4,1,1,43728,245792576,245844070,51494,5,4,0,0,0,0,0,2420,1,1
43729,4,1,3,43729,245858936,245922295,63359,6,2,3,0,0,0,0,2420,1,1
43730,4,1,2,43730,245937153,245958783,21630,1,0,0,0,0,0,0,2420,1,1
43731,4,1,2,43731,245973641,246041496,67855,7,5,1,0,0,0,0,2420,1,1
43732,4,1,0,43732,246056355,246085467,29112,2,1,0,0,0,0,0,2420,1,1
43733,4,1,4,43733,246100331,246121964,21633,1,0,0,0,0,0,0,2420,1,1
43734,4,1,3,43734,246136822,246215048,78226,8,4,3,0,0,0,0,2420,1,1
43735,4,1,1,43735,246229903,246275386,45483,4,2,1,0,0,0,0,2420,1,1
43736,4,1,2,43736,246290253,246320803,30550,2,0,1,0,0,0,0,2420,1,1
43737,4,1,1,43737,246335661,246390069,54408,5,2,2,0,0,0,0,2420,1,1
43738,4,1,3,43738,246404940,246434019,29079,2,1,0,0,0,0,0,2420,1,1
43739,4,1,1,43739,246448874,246479448,30574,2,0,1,0,0,0,0,2420,1,1
43740,4,1,0,43740,246494319,246515965,21646,1,0,0,0,0,0,0,2420,1,1
43741,4,1,4,43741,246530827,246570287,39460,3,0,2,0,0,0,0,2420,1,1
43742,4,1,1,43742,246585146,246655919,70773,7,3,3,0,0,0,0,2420,1,1
43743,4,1,0,43743,246670786,246716312,45526,4,2,1,0,0,0,0,2420,1,1
43744,4,1,0,43744,246731174,246760282,29108,2,1,0,0,0,0,0,2420,1,1
43745,4,1,1,43745,246775149,246869828,94679,10,5,4,0,0,0,0,2420,1,1
43746,4,1,2,43746,246884701,246955509,70808,7,3,3,0,0,0,0,2420,1,1
43747,4,1,1,43747,246970364,246999478,29114,2,1,0,0,0,0,0,2420,1,1
43748,4,1,2,43748,247014349,247098589,84240,9,6,2,0,0,0,0,2420,1,1
43749,4,1,1,43749,247113448,247157476,44028,4,3,0,0,0,0,0,2420,1,1
43750,4,1,0,43750,247172343,247274454,102111,11,6,4,0,0,0,0,2420,1,1
43751,4,1,3,43751,247289319,247318425,29106,2,1,0,0,0,0,0,2420,1,1
43752,4,1,3,43752,247333284,247354914,21630,1,0,0,0,0,0,0,2420,1,1
43753,4,1,2,43753,247369764,247391394,21630,1,0,0,0,0,0,0,2420,1,1
43754,4,1,2,43754,247406249,247427879,21630,1,0,0,0,0,0,0,2420,1,1
43755,4,1,2,43755,247442730,247558295,115565,13,9,3,0,0,0,0,2420,1,1
43756,4,1,3,43756,247573151,247612610,39459,3,0,2,0,0,0,0,2420,1,1
43757,4,1,1,43757,247627464,247656566,29102,2,1,0,0,0,0,0,2420,1,1
43758,4,1,3,43758,247671430,247709430,38000,3,1,1,0,0,0,0,2420,1,1
43759,4,1,3,43759,247724285,247771348,47063,4,2,0,0,1,0,0,2420,1,1
43760,4,1,2,43760,247786204,247822792,36588,3,2,0,0,0,0,0,2420,1,1
43761,4,1,0,43761,247837643,247859288,21645,1,0,0,0,0,0,0,2420,1,1
43762,4,1,2,43762,247874152,247930000,55848,5,1,3,0,0,0,0,2420,1,1
43763,4,1,3,43763,247944855,247966485,21630,1,0,0,0,0,0,0,2420,1,1
43764,4,1,3,43764,247981335,248035744,54409,5,2,2,0,0,0,0,2420,1,1
43765,4,1,3,43765,248050595,248079691,29096,2,1,0,0,0,0,0,2420,1,1
43766,4,1,4,43766,248094547,248116176,21629,1,0,0,0,0,0,0,2420,1,1
43767,4,1,3,43767,248131027,248152656,21629,1,0,0,0,0,0,0,2420,1,1
43768,4,1,0,43768,248167511,248206991,39480,3,0,2,0,0,0,0,2420,1,1
43769,4,1,2,43769,248221850,248243484,21634,1,0,0,0,0,0,0,2420,1,1
43770,4,1,4,43770,248258335,248279965,21630,1,0,0,0,0,0,0,2420,1,1
43771,4,1,1,43771,248294820,248417706,122886,13,4,8,0,0,0,0,2420,1,1
43772,4,1,3,43772,248432572,248463110,30538,2,0,1,0,0,0,0,2420,1,1
43773,4,1,4,43773,248477960,248530871,52911,5,3,1,0,0,0,0,2420,1,1
43774,4,1,4,43774,248545727,248641788,96061,10,4,5,0,0,0,0,2420,1,1
43775,4,1,2,43775,248656644,248685733,29089,2,1,0,0,0,0,0,2420,1,1
43776,4,1,2,43776,248700583,248801162,100579,11,7,3,0,0,0,0,2420,1,1
43777,4,1,1,43777,248816020,248913584,97564,10,3,6,0,0,0,0,2420,1,1
43778,4,1,2,43778,248928449,248950078,21629,1,0,0,0,0,0,0,2420,1,1
43779,4,1,0,43779,248964933,249020810,55877,5,1,3,0,0,0,0,2420,1,1
43780,4,1,4,43780,249035672,249057302,21630,1,0,0,0,0,0,0,2420,1,1
43781,4,1,3,43781,249072153,249132583,60430,6,4,1,0,0,0,0,2420,1,1
43782,4,1,3,43782,249147439,249185443,38004,3,1,1,0,0,0,0,2420,1,1
43783,4,1,0,43783,249200294,249221939,21645,1,0,0,0,0,0,0,2420,1,1
43784,4,1,3,43784,249236806,249297223,60417,6,4,1,0,0,0,0,2420,1,1
43785,4,1,1,43785,249312073,249357575,45502,4,2,1,0,0,0,0,2420,1,1
43786,4,1,0,43786,249372438,249419367,46929,4,1,2,0,0,0,0,2420,1,1
43787,4,1,2,43787,249434231,249473688,39457,3,0,2,0,0,0,0,2420,1,1
43788,4,1,2,43788,249488539,249600933,112394,12,5,6,0,0,0,0,2420,1,1
43789,4,1,1,43789,249615792,249686609,70817,7,3,3,0,0,0,0,2420,1,1
43790,4,1,1,43790,249701471,249730590,29119,2,1,0,0,0,0,0,2420,1,1
43791,4,1,0,43791,249745457,249767103,21646,1,0,0,0,0,0,0,2420,1,1
43792,4,1,0,43792,249781962,249812522,30560,2,0,1,0,0,0,0,2420,1,1
43793,4,1,1,43793,249827384,249849037,21653,1,0,0,0,0,0,0,2420,1,1
43794,4,1,1,43794,249863904,249921224,57320,5,0,4,0,0,0,0,2420,1,1
43795,4,1,2,43795,249936091,249983014,46923,4,1,2,0,0,0,0,2420,1,1
43796,4,1,1,43796,249997866,250026970,29104,2,1,0,0,0,0,0,2420,1,1
43797,4,1,4,43797,250041833,250118638,76805,8,5,2,0,0,0,0,2420,1,1
43798,4,1,3,43798,250133493,250155123,21630,1,0,0,0,0,0,0,2420,1,1
43799,4,1,3,43799,250169973,250239274,69301,7,4,2,0,0,0,0,2420,1,1
43800,4,1,2,43800,250254130,250338362,84232,9,6,2,0,0,0,0,2420,1,1
43801,4,1,3,43801,250353216,250374846,21630,1,0,0,0,0,0,0,2420,1,1
43802,4,1,3,43802,250389697,250418806,29109,2,1,0,0,0,0,0,2420,1,1
43803,4,1,2,43803,250433660,250565437,131777,14,4,9,0,0,0,0,2420,1,1
43804,4,1,3,43804,250580290,250601920,21630,1,0,0,0,0,0,0,2420,1,1
43805,4,1,4,43805,250616774,250654768,37994,3,1,1,0,0,0,0,2420,1,1
43806,4,1,4,43806,250669619,250707625,38006,3,1,1,0,0,0,0,2420,1,1
43807,4,1,3,43807,250722475,250767975,45500,4,2,1,0,0,0,0,2420,1,1
43808,4,1,2,43808,250782829,250804459,21630,1,0,0,0,0,0,0,2420,1,1
43809,4,1,2,43809,250819310,250848392,29082,2,1,0,0,0,0,0,2420,1,1
43810,4,1,0,43810,250863247,250884893,21646,1,0,0,0,0,0,0,2420,1,1
43811,4,1,0,43811,250899752,250984014,84262,9,6,2,0,0,0,0,2420,1,1
43812,4,1,3,43812,250998872,251027988,29116,2,1,0,0,0,0,0,2420,1,1
43813,4,1,1,43813,251042841,251097248,54407,5,2,2,0,0,0,0,2420,1,1
43814,4,1,4,43814,251112111,251190291,78180,8,4,3,0,0,0,0,2420,1,1
43815,4,1,1,43815,251205146,251243190,38044,3,1,1,0,0,0,0,2420,1,1
43816,4,1,4,43816,251258057,251401835,143778,16,8,7,0,0,0,0,2420,1,1
43817,4,1,2,43817,251416693,251438322,21629,1,0,0,0,0,0,0,2420,1,1
43818,4,1,0,43818,251453175,251571718,118543,13,7,5,0,0,0,0,2420,1,1
43819,4,1,1,43819,251586584,251657395,70811,7,3,3,0,0,0,0,2420,1,1
43820,4,1,2,43820,251672258,251770049,97791,11,9,1,0,0,0,0,2420,1,1
43821,4,1,2,43821,251784907,251836391,51484,5,4,0,0,0,0,0,2420,1,1
43822,4,1,1,43822,251851242,251887810,36568,3,2,0,0,0,0,0,2420,1,1
43823,4,1,2,43823,251902673,251949621,46948,4,1,2,0,0,0,0,2420,1,1
43824,4,1,4,43824,251964476,251986106,21630,1,0,0,0,0,0,0,2420,1,1
43825,4,1,1,43825,252000957,252030060,29103,2,1,0,0,0,0,0,2420,1,1
43826,4,1,1,43826,252044926,252074030,29104,2,1,0,0,0,0,0,2420,1,1
43827,4,1,2,43827,252088893,252126928,38035,3,1,1,0,0,0,0,2420,1,1
43828,4,1,4,43828,252141780,252163414,21634,1,0,0,0,0,0,0,2420,1,1
43829,4,1,0,43829,252178265,252272913,94648,10,5,4,0,0,0,0,2420,1,1
43830,4,1,0,43830,252287774,252316881,29107,2,1,0,0,0,0,0,2420,1,1
43831,4,1,1,43831,252331741,252432369,100628,11,7,3,0,0,0,0,2420,1,1
43832,4,1,2,43832,252447239,252476353,29114,2,1,0,0,0,0,0,2420,1,1
43833,4,1,0,43833,252491204,252529218,38014,3,1,1,0,0,0,0,2420,1,1
43834,4,1,1,43834,252544080,252573209,29129,2,1,0,0,0,0,0,2420,1,1
43835,4,1,4,43835,252588072,252664793,76721,8,5,2,0,0,0,0,2420,1,1
43836,4,1,2,43836,252679644,252701274,21630,1,0,0,0,0,0,0,2420,1,1
43837,4,1,1,43837,252716128,252781113,64985,6,2,2,0,1,0,0,2420,1,1
43838,4,1,1,43838,252795981,252892088,96107,10,4,5,0,0,0,0,2420,1,1
43839,4,1,4,43839,252906956,252936060,29104,2,1,0,0,0,0,0,2420,1,1
43840,4,1,1,43840,252950911,253133419,182508,21,12,8,0,0,0,0,2420,1,1
43841,4,1,0,43841,253148285,253250383,102098,11,6,4,0,0,0,0,2420,1,1
43842,4,1,0,43842,253265249,253327107,61858,6,3,2,0,0,0,0,2420,1,1
43843,4,1,0,43843,253341966,253371086,29120,2,1,0,0,0,0,0,2420,1,1
43844,4,1,2,43844,253385948,253407578,21630,1,0,0,0,0,0,0,2420,1,1
43845,4,1,4,43845,253422429,253452983,30554,2,0,1,0,0,0,0,2420,1,1
43846,4,1,3,43846,253467835,253489465,21630,1,0,0,0,0,0,0,2420,1,1
43847,4,1,4,43847,253504320,253607858,103538,11,5,5,0,0,0,0,2420,1,1
43848,4,1,2,43848,253622716,253786039,163323,19,13,5,0,0,0,0,2420,1,1
43849,4,1,4,43849,253800894,253837476,36582,3,2,0,0,0,0,0,2420,1,1
43850,4,1,3,43850,253852327,253897821,45494,4,2,1,0,0,0,0,2420,1,1
43851,4,1,3,43851,253912671,253941774,29103,2,1,0,0,0,0,0,2420,1,1
43852,4,1,3,43852,253956628,254051236,94608,10,5,4,0,0,0,0,2420,1,1
43853,4,1,3,43853,254066094,254087723,21629,1,0,0,0,0,0,0,2420,1,1
43854,4,1,3,43854,254102574,254139134,36560,3,2,0,0,0,0,0,2420,1,1
43855,4,1,4,43855,254153989,254217286,63297,6,2,3,0,0,0,0,2420,1,1
43856,4,1,0,43856,254232137,254294018,61881,6,3,2,0,0,0,0,2420,1,1
43857,4,1,1,43857,254308876,254330530,21654,1,0,0,0,0,0,0,2420,1,1
43858,4,1,1,43858,254345397,254390901,45504,4,2,1,0,0,0,0,2420,1,1
43859,4,1,3,43859,254405769,254427398,21629,1,0,0,0,0,0,0,2420,1,1
43860,4,1,3,43860,254442250,254496703,54453,5,2,2,0,0,0,0,2420,1,1
43861,4,1,3,43861,254511553,254540658,29105,2,1,0,0,0,0,0,2420,1,1
43862,4,1,2,43862,254555513,254586076,30563,2,0,1,0,0,0,0,2420,1,1
43863,4,1,1,43863,254600926,254722331,121405,13,5,7,0,0,0,0,2420,1,1
43864,4,1,2,43864,254737200,254758830,21630,1,0,0,0,0,0,0,2420,1,1
43865,4,1,4,43865,254773685,254850490,76805,8,5,2,0,0,0,0,2420,1,1
43866,4,1,2,43866,254865346,254886975,21629,1,0,0,0,0,0,0,2420,1,1
43867,4,1,3,43867,254901826,254923460,21634,1,0,0,0,0,0,0,2420,1,1
43868,4,1,1,43868,254938310,254976347,38037,3,1,1,0,0,0,0,2420,1,1
43869,4,1,2,43869,254991210,255063422,72212,7,2,4,0,0,0,0,2420,1,1
43870,4,1,3,43870,255078273,255108823,30550,2,0,1,0,0,0,0,2420,1,1
43871,4,1,3,43871,255123678,255145308,21630,1,0,0,0,0,0,0,2420,1,1
43872,4,1,0,43872,255160158,255181803,21645,1,0,0,0,0,0,0,2420,1,1
43873,4,1,4,43873,255196666,255227200,30534,2,0,1,0,0,0,0,2420,1,1
43874,4,1,2,43874,255242051,255281527,39476,3,0,2,0,0,0,0,2420,1,1
43875,4,1,3,43875,255296382,255359867,63485,6,3,1,0,1,0,0,2420,1,1
43876,4,1,4,43876,255374722,255396351,21629,1,0,0,0,0,0,0,2420,1,1
43877,4,1,4,43877,255411202,255432836,21634,1,0,0,0,0,0,0,2420,1,1
43878,4,1,0,43878,255447686,255509541,61855,6,3,2,0,0,0,0,2420,1,1
43879,4,1,0,43879,255524404,255546046,21642,1,0,0,0,0,0,0,2420,1,1
43880,4,1,0,43880,255560908,255582553,21645,1,0,0,0,0,0,0,2420,1,1
43881,4,1,0,43881,255597416,255641480,44064,4,3,0,0,0,0,0,2420,1,1
43882,4,1,0,43882,255656343,255847824,191481,22,12,9,0,0,0,0,2420,1,1
43883,4,1,1,43883,255862689,255917113,54424,5,2,2,0,0,0,0,2420,1,1
43884,4,1,4,43884,255931976,255969996,38020,3,1,1,0,0,0,0,2420,1,1
43885,4,1,2,43885,255984851,256040694,55843,5,1,3,0,0,0,0,2420,1,1
43886,4,1,2,43886,256055548,256077178,21630,1,0,0,0,0,0,0,2420,1,1
43887,4,1,2,43887,256092028,256153936,61908,6,3,2,0,0,0,0,2420,1,1
43888,4,1,0,43888,256168787,256206803,38016,3,1,1,0,0,0,0,2420,1,1
43889,4,1,0,43889,256221661,256268624,46963,4,1,2,0,0,0,0,2420,1,1
43890,4,1,4,43890,256283487,256337854,54367,5,2,2,0,0,0,0,2420,1,1
43891,4,1,3,43891,256352705,256502478,149773,17,10,6,0,0,0,0,2420,1,1
43892,4,1,4,43892,256517337,256546440,29103,2,1,0,0,0,0,0,2420,1,1
43893,4,1,0,43893,256561291,256648435,87144,9,4,4,0,0,0,0,2420,1,1
43894,4,1,3,43894,256663297,256801049,137752,15,6,8,0,0,0,0,2420,1,1
43895,4,1,4,43895,256815908,256837537,21629,1,0,0,0,0,0,0,2420,1,1
43896,4,1,2,43896,256852388,256973801,121413,13,5,7,0,0,0,0,2420,1,1
43897,4,1,0,43897,256988655,257019216,30561,2,0,1,0,0,0,0,2420,1,1
43898,4,1,1,43898,257034079,257055732,21653,1,0,0,0,0,0,0,2420,1,1
43899,4,1,2,43899,257070596,257116040,45444,4,2,1,0,0,0,0,2420,1,1
43900,4,1,1,43900,257130890,257152543,21653,1,0,0,0,0,0,0,2420,1,1
43901,4,1,2,43901,257167409,257189039,21630,1,0,0,0,0,0,0,2420,1,1
43902,4,1,1,43902,257203894,257249356,45462,4,2,1,0,0,0,0,2420,1,1
43903,4,1,0,43903,257264223,257318624,54401,5,2,2,0,0,0,0,2420,1,1
43904,4,1,4,43904,257333486,257378974,45488,4,2,1,0,0,0,0,2420,1,1
43905,4,1,3,43905,257393828,257415458,21630,1,0,0,0,0,0,0,2420,1,1
43906,4,1,2,43906,257430310,257501101,70791,7,3,3,0,0,0,0,2420,1,1
43907,4,1,3,43907,257515956,257577821,61865,6,3,2,0,0,0,0,2420,1,1
43908,4,1,1,43908,257592672,257621805,29133,2,1,0,0,0,0,0,2420,1,1
43909,4,1,0,43909,257636671,257665783,29112,2,1,0,0,0,0,0,2420,1,1
43910,4,1,0,43910,257680641,257802291,121650,14,11,2,0,0,0,0,2420,1,1
43911,4,1,3,43911,257817158,257944581,127423,14,7,6,0,0,0,0,2420,1,1
43912,4,1,1,43912,257959438,257998935,39497,3,0,2,0,0,0,0,2420,1,1
43913,4,1,4,43913,258013802,258159198,145396,16,8,6,0,1,0,0,2420,1,1
43914,4,1,4,43914,258174056,258203143,29087,2,1,0,0,0,0,0,2420,1,1
43915,4,1,1,43915,258217993,258256036,38043,3,1,1,0,0,0,0,2420,1,1
43916,4,1,3,43916,258270898,258355115,84217,9,6,2,0,0,0,0,2420,1,1
43917,4,1,2,43917,258369966,258425805,55839,5,1,3,0,0,0,0,2420,1,1
43918,4,1,0,43918,258440655,258621748,181093,21,13,7,0,0,0,0,2420,1,1
43919,4,1,1,43919,258636616,258665726,29110,2,1,0,0,0,0,0,2420,1,1
43920,4,1,2,43920,258680588,258733578,52990,5,3,1,0,0,0,0,2420,1,1
43921,4,1,4,43921,258748429,258777539,29110,2,1,0,0,0,0,0,2420,1,1
43922,4,1,4,43922,258792390,258821495,29105,2,1,0,0,0,0,0,2420,1,1
43923,4,1,0,43923,258836350,258944263,107913,11,2,8,0,0,0,0,2420,1,1
43924,4,1,1,43924,258959125,258980778,21653,1,0,0,0,0,0,0,2420,1,1
43925,4,1,0,43925,258995645,259017291,21646,1,0,0,0,0,0,0,2420,1,1
43926,4,1,1,43926,259032149,259178967,146818,17,12,4,0,0,0,0,2420,1,1
43927,4,1,3,43927,259193838,259222929,29091,2,1,0,0,0,0,0,2420,1,1
43928,4,1,0,43928,259237780,259277261,39481,3,0,2,0,0,0,0,2420,1,1
43929,4,1,1,43929,259292120,259321227,29107,2,1,0,0,0,0,0,2420,1,1
43930,4,1,2,43930,259336094,259375580,39486,3,0,2,0,0,0,0,2420,1,1
43931,4,1,4,43931,259390431,259444853,54422,5,2,2,0,0,0,0,2420,1,1
43932,4,1,0,43932,259459703,259481348,21645,1,0,0,0,0,0,0,2420,1,1
43933,4,1,2,43933,259496211,259572992,76781,8,5,2,0,0,0,0,2420,1,1
43934,4,1,4,43934,259587843,259642252,54409,5,2,2,0,0,0,0,2420,1,1
43935,4,1,4,43935,259657106,259678736,21630,1,0,0,0,0,0,0,2420,1,1
43936,4,1,0,43936,259693590,259812072,118482,13,7,5,0,0,0,0,2420,1,1
43937,4,1,4,43937,259826938,259848563,21625,1,0,0,0,0,0,0,2420,1,1
43938,4,1,1,43938,259863418,259928177,64759,6,1,4,0,0,0,0,2420,1,1
43939,4,1,3,43939,259943043,259973598,30555,2,0,1,0,0,0,0,2420,1,1
43940,4,1,3,43940,259988449,260042820,54371,5,2,2,0,0,0,0,2420,1,1
43941,4,1,3,43941,260057671,260103169,45498,4,2,1,0,0,0,0,2420,1,1
43942,4,1,2,43942,260118019,260156063,38044,3,1,1,0,0,0,0,2420,1,1
43943,4,1,1,43943,260170913,260192566,21653,1,0,0,0,0,0,0,2420,1,1
43944,4,1,0,43944,260207436,260296093,88657,9,3,5,0,0,0,0,2420,1,1
43945,4,1,2,43945,260310952,260497843,186891,21,9,11,0,0,0,0,2420,1,1
43946,4,1,2,43946,260512699,260550718,38019,3,1,1,0,0,0,0,2420,1,1
43947,4,1,3,43947,260565573,260587202,21629,1,0,0,0,0,0,0,2420,1,1
43948,4,1,1,43948,260602053,260631163,29110,2,1,0,0,0,0,0,2420,1,1
43949,4,1,1,43949,260646030,260675140,29110,2,1,0,0,0,0,0,2420,1,1
43950,4,1,1,43950,260690003,260720567,30564,2,0,1,0,0,0,0,2420,1,1
43951,4,1,3,43951,260735434,260859874,124440,14,9,4,0,0,0,0,2420,1,1
43952,4,1,0,43952,260874732,260929145,54413,5,2,2,0,0,0,0,2420,1,1
43953,4,1,1,43953,260944009,260965663,21654,1,0,0,0,0,0,0,2420,1,1
43954,4,1,1,43954,260980526,261113951,133425,15,9,5,0,0,0,0,2420,1,1
43955,4,1,0,43955,261128817,261241279,112462,12,5,6,0,0,0,0,2420,1,1
43956,4,1,3,43956,261256144,261301606,45462,4,2,1,0,0,0,0,2420,1,1
43957,4,1,1,43957,261316462,261369418,52956,5,3,1,0,0,0,0,2420,1,1
43958,4,1,0,43958,261384285,261405930,21645,1,0,0,0,0,0,0,2420,1,1
43959,4,1,4,43959,261420789,261458783,37994,3,1,1,0,0,0,0,2420,1,1
43960,4,1,1,43960,261473638,261502751,29113,2,1,0,0,0,0,0,2420,1,1
43961,4,1,3,43961,261517613,261589839,72226,7,2,4,0,0,0,0,2420,1,1
43962,4,1,4,43962,261604694,261666519,61825,6,3,2,0,0,0,0,2420,1,1
43963,4,1,1,43963,261681370,261720839,39469,3,0,2,0,0,0,0,2420,1,1
43964,4,1,3,43964,261735706,261764811,29105,2,1,0,0,0,0,0,2420,1,1
43965,4,1,0,43965,261779661,261801306,21645,1,0,0,0,0,0,0,2420,1,1
43966,4,1,1,43966,261816169,261916881,100712,11,7,3,0,0,0,0,2420,1,1
43967,4,1,0,43967,261931748,261960864,29116,2,1,0,0,0,0,0,2420,1,1
43968,4,1,4,43968,261975727,262031571,55844,5,1,3,0,0,0,0,2420,1,1
43969,4,1,4,43969,262046426,262068055,21629,1,0,0,0,0,0,0,2420,1,1
43970,4,1,0,43970,262082909,262126936,44027,4,3,0,0,0,0,0,2420,1,1
43971,4,1,2,43971,262141795,262211108,69313,7,4,2,0,0,0,0,2420,1,1
43972,4,1,2,43972,262225963,262256513,30550,2,0,1,0,0,0,0,2420,1,1
43973,4,1,1,43973,262271363,262307939,36576,3,2,0,0,0,0,0,2420,1,1
43974,4,1,0,43974,262322805,262359358,36553,3,2,0,0,0,0,0,2420,1,1
43975,4,1,3,43975,262374220,262410766,36546,3,2,0,0,0,0,0,2420,1,1
43976,4,1,1,43976,262425625,262462198,36573,3,2,0,0,0,0,0,2420,1,1
43977,4,1,2,43977,262477064,262546428,69364,7,4,2,0,0,0,0,2420,1,1
43978,4,1,2,43978,262561278,262582911,21633,1,0,0,0,0,0,0,2420,1,1
43979,4,1,2,43979,262597763,262650719,52956,5,3,1,0,0,0,0,2420,1,1
43980,4,1,0,43980,262665574,262718501,52927,5,3,1,0,0,0,0,2420,1,1
43981,4,1,2,43981,262733363,262789201,55838,5,1,3,0,0,0,0,2420,1,1
43982,4,1,2,43982,262804056,262834609,30553,2,0,1,0,0,0,0,2420,1,1
43983,4,1,3,43983,262849460,262871089,21629,1,0,0,0,0,0,0,2420,1,1
43984,4,1,3,43984,262885944,263005852,119908,13,6,6,0,0,0,0,2420,1,1
43985,4,1,0,43985,263020706,263042351,21645,1,0,0,0,0,0,0,2420,1,1
43986,4,1,2,43986,263057213,263086304,29091,2,1,0,0,0,0,0,2420,1,1
43987,4,1,2,43987,263101155,263204628,103473,11,5,5,0,0,0,0,2420,1,1
43988,4,1,1,43988,263219483,263256052,36569,3,2,0,0,0,0,0,2420,1,1
43989,4,1,4,43989,263270915,263292544,21629,1,0,0,0,0,0,0,2420,1,1
43990,4,1,2,43990,263307399,263369263,61864,6,3,2,0,0,0,0,2420,1,1
43991,4,1,4,43991,263384118,263414684,30566,2,0,1,0,0,0,0,2420,1,1
43992,4,1,0,43992,263429535,263466114,36579,3,2,0,0,0,0,0,2420,1,1
43993,4,1,4,43993,263480973,263533911,52938,5,3,1,0,0,0,0,2420,1,1
43994,4,1,3,43994,263548761,263592802,44041,4,3,0,0,0,0,0,2420,1,1
43995,4,1,4,43995,263607652,263644206,36554,3,2,0,0,0,0,0,2420,1,1
43996,4,1,0,43996,263659057,263680702,21645,1,0,0,0,0,0,0,2420,1,1
43997,4,1,3,43997,263695564,263717193,21629,1,0,0,0,0,0,0,2420,1,1
43998,4,1,4,43998,263732044,263787889,55845,5,1,3,0,0,0,0,2420,1,1
43999,4,1,2,43999,263802740,263824373,21633,1,0,0,0,0,0,0,2420,1,1
44000,4,7,3,44000,263839224,263861098,21874,1,0,0,0,0,0,0,2420,1,1
44001,4,7,3,44001,263876012,263919995,43983,4,3,0,0,0,0,0,2420,1,1
44002,4,7,1,44002,263934723,264027908,93185,10,6,3,0,0,0,0,2420,1,1
44003,4,7,4,44003,264042647,264064249,21602,1,0,0,0,0,0,0,2420,1,1
44004,4,7,2,44004,264078972,264155750,76778,8,5,2,0,0,0,0,2420,1,1
44005,4,7,2,44005,264170474,264206986,36512,3,2,0,0,0,0,0,2420,1,1
44006,4,7,1,44006,264221709,264252234,30525,2,0,1,0,0,0,0,2420,1,1
44007,4,7,3,44007,264266973,264391436,124463,14,9,4,0,0,0,0,2420,1,1
44008,4,7,0,44008,264406171,264436690,30519,2,0,1,0,0,0,0,2420,1,1
44009,4,7,4,44009,264451421,264473023,21602,1,0,0,0,0,0,0,2420,1,1
44010,4,7,1,44010,264487746,264509368,21622,1,0,0,0,0,0,0,2420,1,1
44011,4,7,3,44011,264524108,264545706,21598,1,0,0,0,0,0,0,2420,1,1
44012,4,7,2,44012,264560430,264646136,85706,9,5,3,0,0,0,0,2420,1,1
44013,4,7,1,44013,264660860,264682482,21622,1,0,0,0,0,0,0,2420,1,1
44014,4,7,0,44014,264697221,264726285,29064,2,1,0,0,0,0,0,2420,1,1
44015,4,7,0,44015,264741017,264770105,29088,2,1,0,0,0,0,0,2420,1,1
44016,4,7,1,44016,264784841,264860185,75344,8,6,1,0,0,0,0,2420,1,1
44017,4,7,0,44017,264874925,264912959,38034,3,1,1,0,0,0,0,2420,1,1
44018,4,7,4,44018,264927691,264997015,69324,7,4,2,0,0,0,0,2420,1,1
44019,4,7,0,44019,265011739,265042276,30537,2,0,1,0,0,0,0,2420,1,1
44020,4,7,2,44020,265057012,265086071,29059,2,1,0,0,0,0,0,2420,1,1
44021,4,7,0,44021,265100795,265122408,21613,1,0,0,0,0,0,0,2420,1,1
44022,4,7,4,44022,265137144,265234814,97670,11,9,1,0,0,0,0,2420,1,1
44023,4,7,3,44023,265249540,265280068,30528,2,0,1,0,0,0,0,2420,1,1
44024,4,7,3,44024,265294796,265370166,75370,8,6,1,0,0,0,0,2420,1,1
44025,4,7,0,44025,265384894,265437815,52921,5,3,1,0,0,0,0,2420,1,1
44026,4,7,1,44026,265452546,265481623,29077,2,1,0,0,0,0,0,2420,1,1
44027,4,7,1,44027,265496363,265543273,46910,4,1,2,0,0,0,0,2420,1,1
44028,4,7,4,44028,265558009,265579607,21598,1,0,0,0,0,0,0,2420,1,1
44029,4,7,0,44029,265594335,265678561,84226,9,6,2,0,0,0,0,2420,1,1
44030,4,7,3,44030,265693297,265729807,36510,3,2,0,0,0,0,0,2420,1,1
44031,4,7,1,44031,265744535,265830227,85692,9,5,3,0,0,0,0,2420,1,1
44032,4,7,3,44032,265844967,265866565,21598,1,0,0,0,0,0,0,2420,1,1
44033,4,7,3,44033,265881289,265944526,63237,6,2,3,0,0,0,0,2420,1,1
44034,4,7,3,44034,265959250,266055298,96048,10,4,5,0,0,0,0,2420,1,1
44035,4,7,2,44035,266070024,266107999,37975,3,1,1,0,0,0,0,2420,1,1
44036,4,7,4,44036,266122723,266159253,36530,3,2,0,0,0,0,0,2420,1,1
44037,4,7,4,44037,266173981,266261140,87159,9,4,4,0,0,0,0,2420,1,1
44038,4,7,0,44038,266275868,266391339,115471,12,4,6,0,1,0,0,2420,1,1
44039,4,7,0,44039,266406079,266469502,63423,6,3,1,0,1,0,0,2420,1,1
44040,4,7,0,44040,266484242,266514796,30554,2,0,1,0,0,0,0,2420,1,1
44041,4,7,4,44041,266529528,266589888,60360,6,4,1,0,0,0,0,2420,1,1
44042,4,7,4,44042,266604616,266658976,54360,5,2,2,0,0,0,0,2420,1,1
44043,4,7,3,44043,266673704,266702788,29084,2,1,0,0,0,0,0,2420,1,1
44044,4,7,1,44044,266717511,266788256,70745,7,3,3,0,0,0,0,2420,1,1
44045,4,7,4,44045,266802992,266851326,48334,4,0,3,0,0,0,0,2420,1,1
44046,4,7,4,44046,266866053,266927896,61843,6,3,2,0,0,0,0,2420,1,1
44047,4,7,2,44047,266942620,267043269,100649,11,7,3,0,0,0,0,2420,1,1
44048,4,7,1,44048,267057996,267088544,30548,2,0,1,0,0,0,0,2420,1,1
44049,4,7,0,44049,267103284,267180062,76778,8,5,2,0,0,0,0,2420,1,1
44050,4,7,1,44050,267194798,267225341,30543,2,0,1,0,0,0,0,2420,1,1
44051,4,7,1,44051,267240077,267261699,21622,1,0,0,0,0,0,0,2420,1,1
44052,4,7,3,44052,267276439,267306955,30516,2,0,1,0,0,0,0,2420,1,1
44053,4,7,4,44053,267321678,267393850,72172,7,2,4,0,0,0,0,2420,1,1
44054,4,7,2,44054,267408574,267437634,29060,2,1,0,0,0,0,0,2420,1,1
44055,4,7,1,44055,267452358,267532060,79702,8,3,4,0,0,0,0,2420,1,1
44056,4,7,0,44056,267546800,267575890,29090,2,1,0,0,0,0,0,2420,1,1
44057,4,7,0,44057,267590622,267649598,58976,6,5,0,0,0,0,0,2420,1,1
44058,4,7,3,44058,267664334,267685932,21598,1,0,0,0,0,0,0,2420,1,1
44059,4,7,4,44059,267700656,267722254,21598,1,0,0,0,0,0,0,2420,1,1
44060,4,7,4,44060,267736983,267813756,76773,8,5,2,0,0,0,0,2420,1,1
44061,4,7,0,44061,267828479,267857571,29092,2,1,0,0,0,0,0,2420,1,1
44062,4,7,1,44062,267872302,267901402,29100,2,1,0,0,0,0,0,2420,1,1
44063,4,7,0,44063,267916142,268004767,88625,9,3,5,0,0,0,0,2420,1,1
44064,4,7,4,44064,268019499,268050033,30534,2,0,1,0,0,0,0,2420,1,1
44065,4,7,2,44065,268064761,268144393,79632,8,3,4,0,0,0,0,2420,1,1
44066,4,7,3,44066,268159116,268189617,30501,2,0,1,0,0,0,0,2420,1,1
44067,4,7,1,44067,268204345,268248327,43982,4,3,0,0,0,0,0,2420,1,1
44068,4,7,3,44068,268263067,268309978,46911,4,1,2,0,0,0,0,2420,1,1
44069,4,7,4,44069,268324707,268411843,87136,9,4,4,0,0,0,0,2420,1,1
44070,4,7,3,44070,268426570,268448168,21598,1,0,0,0,0,0,0,2420,1,1
44071,4,7,1,44071,268462895,268515845,52950,5,3,1,0,0,0,0,2420,1,1
44072,4,7,3,44072,268530585,268567138,36553,3,2,0,0,0,0,0,2420,1,1
44073,4,7,4,44073,268581862,268636231,54369,5,2,2,0,0,0,0,2420,1,1
44074,4,7,3,44074,268650959,268672561,21602,1,0,0,0,0,0,0,2420,1,1
44075,4,7,4,44075,268687289,268717805,30516,2,0,1,0,0,0,0,2420,1,1
44076,4,7,0,44076,268732533,268770534,38001,3,1,1,0,0,0,0,2420,1,1
44077,4,7,3,44077,268785271,268806873,21602,1,0,0,0,0,0,0,2420,1,1
44078,4,7,3,44078,268821600,268843206,21606,1,0,0,0,0,0,0,2420,1,1
44079,4,7,4,44079,268857931,268888458,30527,2,0,1,0,0,0,0,2420,1,1
44080,4,7,4,44080,268903190,268984277,81087,8,2,5,0,0,0,0,2420,1,1
44081,4,7,2,44081,268999001,269036977,37976,3,1,1,0,0,0,0,2420,1,1
44082,4,7,0,44082,269051705,269073326,21621,1,0,0,0,0,0,0,2420,1,1
44083,4,7,2,44083,269088059,269117137,29078,2,1,0,0,0,0,0,2420,1,1
44084,4,7,3,44084,269131865,269275548,143683,16,8,7,0,0,0,0,2420,1,1
44085,4,7,3,44085,269290275,269311877,21602,1,0,0,0,0,0,0,2420,1,1
44086,4,7,4,44086,269326609,269421136,94527,10,5,4,0,0,0,0,2420,1,1
44087,4,7,4,44087,269435866,269457468,21602,1,0,0,0,0,0,0,2420,1,1
44088,4,7,4,44088,269472195,269493802,21607,1,0,0,0,0,0,0,2420,1,1
44089,4,7,2,44089,269508526,269530128,21602,1,0,0,0,0,0,0,2420,1,1
44090,4,7,1,44090,269544860,269582898,38038,3,1,1,0,0,0,0,2420,1,1
44091,4,7,1,44091,269597634,269732486,134852,15,8,6,0,0,0,0,2420,1,1
44092,4,7,4,44092,269747234,269801599,54365,5,2,2,0,0,0,0,2420,1,1
44093,4,7,4,44093,269816327,269876693,60366,6,4,1,0,0,0,0,2420,1,1
44094,4,7,2,44094,269891421,270037932,146511,16,6,9,0,0,0,0,2420,1,1
44095,4,7,4,44095,270052659,270107030,54371,5,2,2,0,0,0,0,2420,1,1
44096,4,7,0,44096,270121757,270194014,72257,7,2,4,0,0,0,0,2420,1,1
44097,4,7,4,44097,270208746,270239253,30507,2,0,1,0,0,0,0,2420,1,1
44098,4,7,0,44098,270253985,270298016,44031,4,3,0,0,0,0,0,2420,1,1
44099,4,7,4,44099,270312753,270334355,21602,1,0,0,0,0,0,0,2420,1,1
44100,4,7,3,44100,270349083,270452543,103460,11,5,5,0,0,0,0,2420,1,1
44101,4,7,0,44101,270467274,270542571,75297,8,6,1,0,0,0,0,2420,1,1
44102,4,7,4,44102,270557311,270586397,29086,2,1,0,0,0,0,0,2420,1,1
44103,4,7,4,44103,270601122,270662945,61823,6,3,2,0,0,0,0,2420,1,1
44104,4,7,3,44104,270677673,270721673,44000,4,3,0,0,0,0,0,2420,1,1
44105,4,7,0,44105,270736401,270822156,85755,9,5,3,0,0,0,0,2420,1,1
44106,4,7,3,44106,270836895,270865967,29072,2,1,0,0,0,0,0,2420,1,1
44107,4,7,1,44107,270880691,270909782,29091,2,1,0,0,0,0,0,2420,1,1
44108,4,7,0,44108,270924527,270946144,21617,1,0,0,0,0,0,0,2420,1,1
44109,4,7,0,44109,270960877,270989948,29071,2,1,0,0,0,0,0,2420,1,1
44110,4,7,2,44110,271004688,271026289,21601,1,0,0,0,0,0,0,2420,1,1
44111,4,7,4,44111,271041014,271070072,29058,2,1,0,0,0,0,0,2420,1,1
44112,4,7,0,44112,271084804,271121331,36527,3,2,0,0,0,0,0,2420,1,1
44113,4,7,3,44113,271136068,271232120,96052,10,4,5,0,0,0,0,2420,1,1
44114,4,7,1,44114,271246854,271307265,60411,6,4,1,0,0,0,0,2420,1,1
44115,4,7,4,44115,271322001,271343607,21606,1,0,0,0,0,0,0,2420,1,1
44116,4,7,1,44116,271358336,271457519,99183,11,8,2,0,0,0,0,2420,1,1
44117,4,7,0,44117,271472257,271493879,21622,1,0,0,0,0,0,0,2420,1,1
44118,4,7,3,44118,271508615,271530217,21602,1,0,0,0,0,0,0,2420,1,1
44119,4,7,0,44119,271544945,271591860,46915,4,1,2,0,0,0,0,2420,1,1
44120,4,7,4,44120,271606600,271644592,37992,3,1,1,0,0,0,0,2420,1,1
44121,4,7,0,44121,271659316,271697330,38014,3,1,1,0,0,0,0,2420,1,1
44122,4,7,0,44122,271712065,271748612,36547,3,2,0,0,0,0,0,2420,1,1
44123,4,7,2,44123,271763348,271859399,96051,10,4,5,0,0,0,0,2420,1,1
44124,4,7,1,44124,271874133,271956951,82818,9,7,1,0,0,0,0,2420,1,1
44125,4,7,4,44125,271971688,272027499,55811,5,1,3,0,0,0,0,2420,1,1
44126,4,7,4,44126,272042227,272063831,21604,1,0,0,0,0,0,0,2420,1,1
44127,4,7,3,44127,272078555,272173171,94616,10,5,4,0,0,0,0,2420,1,1
44128,4,7,3,44128,272187901,272234831,46930,4,1,2,0,0,0,0,2420,1,1
44129,4,7,0,44129,272249555,272314305,64750,6,1,4,0,0,0,0,2420,1,1
44130,4,7,4,44130,272329041,272358118,29077,2,1,0,0,0,0,0,2420,1,1
44131,4,7,1,44131,272372846,272394472,21626,1,0,0,0,0,0,0,2420,1,1
44132,4,7,1,44132,272409212,272454666,45454,4,2,1,0,0,0,0,2420,1,1
44133,4,7,3,44133,272469402,272507368,37966,3,1,1,0,0,0,0,2420,1,1
44134,4,7,4,44134,272522095,272552624,30529,2,0,1,0,0,0,0,2420,1,1
44135,4,7,0,44135,272567353,272605339,37986,3,1,1,0,0,0,0,2420,1,1
44136,4,7,2,44136,272620075,272641677,21602,1,0,0,0,0,0,0,2420,1,1
44137,4,7,2,44137,272656406,272733147,76741,8,5,2,0,0,0,0,2420,1,1
44138,4,7,4,44138,272747875,272811160,63285,6,2,3,0,0,0,0,2420,1,1
44139,4,7,0,44139,272825888,272869889,44001,4,3,0,0,0,0,0,2420,1,1
44140,4,7,3,44140,272884629,273041860,157231,18,11,6,0,0,0,0,2420,1,1
44141,4,7,0,44141,273056592,273087122,30530,2,0,1,0,0,0,0,2420,1,1
44142,4,7,3,44142,273101858,273132398,30540,2,0,1,0,0,0,0,2420,1,1
44143,4,7,3,44143,273147127,273168729,21602,1,0,0,0,0,0,0,2420,1,1
44144,4,7,4,44144,273183462,273212531,29069,2,1,0,0,0,0,0,2420,1,1
44145,4,7,2,44145,273227259,273280140,52881,5,3,1,0,0,0,0,2420,1,1
44146,4,7,1,44146,273294871,273325409,30538,2,0,1,0,0,0,0,2420,1,1
44147,4,7,0,44147,273340145,273403417,63272,6,2,3,0,0,0,0,2420,1,1
44148,4,7,3,44148,273418154,273439756,21602,1,0,0,0,0,0,0,2420,1,1
44149,4,7,4,44149,273454484,273525218,70734,7,3,3,0,0,0,0,2420,1,1
44150,4,7,4,44150,273539946,273679129,139183,15,5,9,0,0,0,0,2420,1,1
44151,4,7,4,44151,273693860,273730403,36543,3,2,0,0,0,0,0,2420,1,1
44152,4,7,0,44152,273745135,273766752,21617,1,0,0,0,0,0,0,2420,1,1
44153,4,7,4,44153,273781484,273820925,39441,3,0,2,0,0,0,0,2420,1,1
44154,4,7,0,44154,273835656,273864736,29080,2,1,0,0,0,0,0,2420,1,1
44155,4,7,2,44155,273879468,273916006,36538,3,2,0,0,0,0,0,2420,1,1
44156,4,7,1,44156,273930733,273974743,44010,4,3,0,0,0,0,0,2420,1,1
44157,4,7,2,44157,273989478,274027468,37990,3,1,1,0,0,0,0,2420,1,1
44158,4,7,0,44158,274042196,274105493,63297,6,2,3,0,0,0,0,2420,1,1
44159,4,7,4,44159,274120225,274141828,21603,1,0,0,0,0,0,0,2420,1,1
44160,4,7,0,44160,274156559,274178177,21618,1,0,0,0,0,0,0,2420,1,1
44161,4,7,1,44161,274192911,274247319,54408,5,2,2,0,0,0,0,2420,1,1
44162,4,7,1,44162,274262059,274307547,45488,4,2,1,0,0,0,0,2420,1,1
44163,4,7,0,44163,274322284,274410889,88605,9,3,5,0,0,0,0,2420,1,1
44164,4,7,4,44164,274425628,274454690,29062,2,1,0,0,0,0,0,2420,1,1
44165,4,7,2,44165,274469415,274540161,70746,7,3,3,0,0,0,0,2420,1,1
44166,4,7,4,44166,274554893,274591422,36529,3,2,0,0,0,0,0,2420,1,1
44167,4,7,2,44167,274606151,274627753,21602,1,0,0,0,0,0,0,2420,1,1
44168,4,7,2,44168,274642480,274735672,93192,10,6,3,0,0,0,0,2420,1,1
44169,4,7,1,44169,274750401,274772022,21621,1,0,0,0,0,0,0,2420,1,1
44170,4,7,2,44170,274786766,274823309,36543,3,2,0,0,0,0,0,2420,1,1
44171,4,7,4,44171,274838037,274876015,37978,3,1,1,0,0,0,0,2420,1,1
44172,4,7,1,44172,274890744,274937669,46925,4,1,2,0,0,0,0,2420,1,1
44173,4,7,4,44173,274952410,274974012,21602,1,0,0,0,0,0,0,2420,1,1
44174,4,7,3,44174,274988740,275025271,36531,3,2,0,0,0,0,0,2420,1,1
44175,4,7,3,44175,275039998,275094338,54340,5,2,2,0,0,0,0,2420,1,1
44176,4,7,4,44176,275109066,275130664,21598,1,0,0,0,0,0,0,2420,1,1
44177,4,7,0,44177,275145396,275216143,70747,7,3,3,0,0,0,0,2420,1,1
44178,4,7,2,44178,275230879,275261400,30521,2,0,1,0,0,0,0,2420,1,1
44179,4,7,1,44179,275276133,275321609,45476,4,2,1,0,0,0,0,2420,1,1
44180,4,7,0,44180,275336353,275487815,151462,18,15,2,0,0,0,0,2420,1,1
44181,4,7,1,44181,275502556,275540546,37990,3,1,1,0,0,0,0,2420,1,1
44182,4,7,4,44182,275555290,275576888,21598,1,0,0,0,0,0,0,2420,1,1
44183,4,7,2,44183,275591616,275653440,61824,6,3,2,0,0,0,0,2420,1,1
44184,4,7,2,44184,275668168,275697238,29070,2,1,0,0,0,0,0,2420,1,1
44185,4,7,4,44185,275711966,275733569,21603,1,0,0,0,0,0,0,2420,1,1
44186,4,7,4,44186,275748297,275769895,21598,1,0,0,0,0,0,0,2420,1,1
44187,4,7,0,44187,275784627,275821167,36540,3,2,0,0,0,0,0,2420,1,1
44188,4,7,1,44188,275835907,275894838,58931,6,5,0,0,0,0,0,2420,1,1
44189,4,7,2,44189,275909578,276017558,107980,12,8,3,0,0,0,0,2420,1,1
44190,4,7,2,44190,276032291,276068830,36539,3,2,0,0,0,0,0,2420,1,1
44191,4,7,2,44191,276083562,276112606,29044,2,1,0,0,0,0,0,2420,1,1
44192,4,7,0,44192,276127338,276196668,69330,7,4,2,0,0,0,0,2420,1,1
44193,4,7,3,44193,276211404,276264285,52881,5,3,1,0,0,0,0,2420,1,1
44194,4,7,3,44194,276279013,276308064,29051,2,1,0,0,0,0,0,2420,1,1
44195,4,7,3,44195,276322796,276353299,30503,2,0,1,0,0,0,0,2420,1,1
44196,4,7,4,44196,276368026,276413456,45430,4,2,1,0,0,0,0,2420,1,1
44197,4,7,4,44197,276428185,276449783,21598,1,0,0,0,0,0,0,2420,1,1
44198,4,7,2,44198,276464515,276486113,21598,1,0,0,0,0,0,0,2420,1,1
44199,4,7,1,44199,276500841,276522462,21621,1,0,0,0,0,0,0,2420,1,1
44200,4,7,3,44200,276537206,276567732,30526,2,0,1,0,0,0,0,2420,1,1
44201,4,7,0,44201,276582460,276651781,69321,7,4,2,0,0,0,0,2420,1,1
44202,4,7,0,44202,276666521,276703057,36536,3,2,0,0,0,0,0,2420,1,1
44203,4,7,1,44203,276717793,276778209,60416,6,4,1,0,0,0,0,2420,1,1
44204,4,7,4,44204,276792952,276822004,29052,2,1,0,0,0,0,0,2420,1,1
44205,4,7,1,44205,276836735,276865817,29082,2,1,0,0,0,0,0,2420,1,1
44206,4,7,4,44206,276880556,276902154,21598,1,0,0,0,0,0,0,2420,1,1
44207,4,7,2,44207,276916885,276938487,21602,1,0,0,0,0,0,0,2420,1,1
44208,4,7,2,44208,276953219,276974817,21598,1,0,0,0,0,0,0,2420,1,1
44209,4,7,0,44209,276989546,277011164,21618,1,0,0,0,0,0,0,2420,1,1
44210,4,7,1,44210,277025904,277071385,45481,4,2,1,0,0,0,0,2420,1,1
44211,4,7,3,44211,277086129,277107731,21602,1,0,0,0,0,0,0,2420,1,1
44212,4,7,2,44212,277122459,277194786,72327,7,3,2,0,1,0,0,2420,1,1
44213,4,7,3,44213,277209515,277286283,76768,8,5,2,0,0,0,0,2420,1,1
44214,4,7,4,44214,277301011,277331540,30529,2,0,1,0,0,0,0,2420,1,1
44215,4,7,3,44215,277346272,277375357,29085,2,1,0,0,0,0,0,2420,1,1
44216,4,7,3,44216,277390084,277420594,30510,2,0,1,0,0,0,0,2420,1,1
44217,4,7,2,44217,277435326,277473336,38010,3,1,1,0,0,0,0,2420,1,1
44218,4,7,4,44218,277488063,277567728,79665,8,3,4,0,0,0,0,2420,1,1
44219,4,7,4,44219,277582456,277618973,36517,3,2,0,0,0,0,0,2420,1,1
44220,4,7,1,44220,277633705,277655327,21622,1,0,0,0,0,0,0,2420,1,1
44221,4,7,4,44221,277670067,277716962,46895,4,1,2,0,0,0,0,2420,1,1
44222,4,7,1,44222,277731691,277753317,21626,1,0,0,0,0,0,0,2420,1,1
44223,4,7,4,44223,277768057,277843382,75325,8,6,1,0,0,0,0,2420,1,1
44224,4,7,3,44224,277858110,277904972,46862,4,1,2,0,0,0,0,2420,1,1
44225,4,7,2,44225,277919700,278060520,140820,16,10,5,0,0,0,0,2420,1,1
44226,4,7,0,44226,278075257,278096870,21613,1,0,0,0,0,0,0,2420,1,1
44227,4,7,4,44227,278111606,278140660,29054,2,1,0,0,0,0,0,2420,1,1
44228,4,7,3,44228,278155393,278220127,64734,6,1,4,0,0,0,0,2420,1,1
44229,4,7,0,44229,278234859,278280310,45451,4,2,1,0,0,0,0,2420,1,1
44230,4,7,0,44230,278295050,278316663,21613,1,0,0,0,0,0,0,2420,1,1
44231,4,7,0,44231,278331400,278419983,88583,9,3,5,0,0,0,0,2420,1,1
44232,4,7,3,44232,278434723,278472707,37984,3,1,1,0,0,0,0,2420,1,1
44233,4,7,2,44233,278487436,278516498,29062,2,1,0,0,0,0,0,2420,1,1
44234,4,7,3,44234,278531225,278561732,30507,2,0,1,0,0,0,0,2420,1,1
44235,4,7,4,44235,278576464,278614430,37966,3,1,1,0,0,0,0,2420,1,1
44236,4,7,0,44236,278629158,278699959,70801,7,3,3,0,0,0,0,2420,1,1
44237,4,7,2,44237,278714699,278754129,39430,3,0,2,0,0,0,0,2420,1,1
44238,4,7,3,44238,278768856,278806831,37975,3,1,1,0,0,0,0,2420,1,1
44239,4,7,2,44239,278821559,278878854,57295,5,0,4,0,0,0,0,2420,1,1
44240,4,7,0,44240,278893587,278915202,21615,1,0,0,0,0,0,0,2420,1,1
44241,4,7,0,44241,278929938,278951555,21617,1,0,0,0,0,0,0,2420,1,1
44242,4,7,2,44242,278966295,279115963,149668,17,10,6,0,0,0,0,2420,1,1
44243,4,7,0,44243,279130695,279183633,52938,5,3,1,0,0,0,0,2420,1,1
44244,4,7,0,44244,279198370,279285553,87183,9,4,4,0,0,0,0,2420,1,1
44245,4,7,3,44245,279300289,279347166,46877,4,1,2,0,0,0,0,2420,1,1
44246,4,7,1,44246,279361895,279422303,60408,6,4,1,0,0,0,0,2420,1,1
44247,4,7,3,44247,279437047,279483956,46909,4,1,2,0,0,0,0,2420,1,1
44248,4,7,2,44248,279498684,279538132,39448,3,0,2,0,0,0,0,2420,1,1
44249,4,7,4,44249,279552864,279574466,21602,1,0,0,0,0,0,0,2420,1,1
44250,4,7,4,44250,279589194,279627186,37992,3,1,1,0,0,0,0,2420,1,1
44251,4,7,3,44251,279641913,279909450,267537,32,21,10,0,0,0,0,2420,1,1
44252,4,7,0,44252,279924188,279988944,64756,6,1,4,0,0,0,0,2420,1,1
44253,4,7,2,44253,280003684,280032730,29046,2,1,0,0,0,0,0,2420,1,1
44254,4,7,4,44254,280047462,280069060,21598,1,0,0,0,0,0,0,2420,1,1
44255,4,7,3,44255,280083792,280105394,21602,1,0,0,0,0,0,0,2420,1,1
44256,4,7,1,44256,280120121,280159565,39444,3,0,2,0,0,0,0,2420,1,1
44257,4,7,3,44257,280174309,280228642,54333,5,2,2,0,0,0,0,2420,1,1
44258,4,7,2,44258,280243374,280288824,45450,4,2,1,0,0,0,0,2420,1,1
44259,4,7,3,44259,280303556,280325159,21603,1,0,0,0,0,0,0,2420,1,1
44260,4,7,1,44260,280339886,280468727,128841,14,6,7,0,0,0,0,2420,1,1
44261,4,7,3,44261,280483474,280589903,106429,11,3,7,0,0,0,0,2420,1,1
44262,4,7,3,44262,280604638,280626236,21598,1,0,0,0,0,0,0,2420,1,1
44263,4,7,3,44263,280640963,280702797,61834,6,3,2,0,0,0,0,2420,1,1
44264,4,7,3,44264,280717524,280739122,21598,1,0,0,0,0,0,0,2420,1,1
44265,4,7,2,44265,280753854,280784365,30511,2,0,1,0,0,0,0,2420,1,1
44266,4,7,4,44266,280799093,280837060,37967,3,1,1,0,0,0,0,2420,1,1
44267,4,7,0,44267,280851787,280927128,75341,8,6,1,0,0,0,0,2420,1,1
44268,4,7,0,44268,280941863,280978404,36541,3,2,0,0,0,0,0,2420,1,1
44269,4,7,2,44269,280993139,281022201,29062,2,1,0,0,0,0,0,2420,1,1
44270,4,7,2,44270,281036933,281113669,76736,8,5,2,0,0,0,0,2420,1,1
44271,4,7,4,44271,281128398,281150000,21602,1,0,0,0,0,0,0,2420,1,1
44272,4,7,4,44272,281164731,281186330,21599,1,0,0,0,0,0,0,2420,1,1
44273,4,7,0,44273,281201057,281237600,36543,3,2,0,0,0,0,0,2420,1,1
44274,4,7,0,44274,281252337,281315632,63295,6,2,3,0,0,0,0,2420,1,1
44275,4,7,3,44275,281330368,281418965,88597,9,3,5,0,0,0,0,2420,1,1
44276,4,7,3,44276,281433697,281511900,78203,8,4,3,0,0,0,0,2420,1,1
44277,4,7,1,44277,281526632,281548258,21626,1,0,0,0,0,0,0,2420,1,1
44278,4,7,1,44278,281563000,281609885,46885,4,1,2,0,0,0,0,2420,1,1
44279,4,7,1,44279,281624629,281679006,54377,5,2,2,0,0,0,0,2420,1,1
44280,4,7,2,44280,281693749,281731727,37978,3,1,1,0,0,0,0,2420,1,1
44281,4,7,2,44281,281746460,281809760,63300,6,2,3,0,0,0,0,2420,1,1
44282,4,7,2,44282,281824492,281887746,63254,6,2,3,0,0,0,0,2420,1,1
44283,4,7,3,44283,281902474,281931559,29085,2,1,0,0,0,0,0,2420,1,1
44284,4,7,0,44284,281946291,281967905,21614,1,0,0,0,0,0,0,2420,1,1
44285,4,7,1,44285,281982642,282035550,52908,5,3,1,0,0,0,0,2420,1,1
44286,4,7,4,44286,282050290,282097155,46865,4,1,2,0,0,0,0,2420,1,1
44287,4,7,3,44287,282111883,282184100,72217,7,2,4,0,0,0,0,2420,1,1
44288,4,7,3,44288,282198828,282236781,37953,3,1,1,0,0,0,0,2420,1,1
44289,4,7,1,44289,282251509,282289534,38025,3,1,1,0,0,0,0,2420,1,1
44290,4,7,0,44290,282304279,282358638,54359,5,2,2,0,0,0,0,2420,1,1
44291,4,7,3,44291,282373378,282436636,63258,6,2,3,0,0,0,0,2420,1,1
44292,4,7,1,44292,282451363,282472989,21626,1,0,0,0,0,0,0,2420,1,1
44293,4,7,2,44293,282487728,282539169,51441,5,4,0,0,0,0,0,2420,1,1
44294,4,7,1,44294,282553901,282575523,21622,1,0,0,0,0,0,0,2420,1,1
44295,4,7,3,44295,282590263,282619337,29074,2,1,0,0,0,0,0,2420,1,1
44296,4,7,0,44296,282634069,282762848,128779,14,6,7,0,0,0,0,2420,1,1
44297,4,7,3,44297,282777583,282867828,90245,10,8,1,0,0,0,0,2420,1,1
44298,4,7,0,44298,282882554,282977136,94582,10,5,4,0,0,0,0,2420,1,1
44299,4,7,1,44299,282991871,283020959,29088,2,1,0,0,0,0,0,2420,1,1
44300,4,7,0,44300,283035698,283073672,37974,3,1,1,0,0,0,0,2420,1,1
44301,4,7,4,44301,283088403,283156243,67840,7,5,1,0,0,0,0,2420,1,1
44302,4,7,2,44302,283170967,283192565,21598,1,0,0,0,0,0,0,2420,1,1
44303,4,7,3,44303,283207292,283228890,21598,1,0,0,0,0,0,0,2420,1,1
44304,4,7,1,44304,283243618,283327901,84283,9,6,2,0,0,0,0,2420,1,1
44305,4,7,1,44305,283342638,283371711,29073,2,1,0,0,0,0,0,2420,1,1
44306,4,7,0,44306,283386451,283454269,67818,7,5,1,0,0,0,0,2420,1,1
44307,4,7,1,44307,283469002,283580026,111024,12,6,5,0,0,0,0,2420,1,1
44308,4,7,4,44308,283594769,283616367,21598,1,0,0,0,0,0,0,2420,1,1
44309,4,7,3,44309,283631091,283652689,21598,1,0,0,0,0,0,0,2420,1,1
44310,4,7,1,44310,283667417,283756039,88622,9,3,5,0,0,0,0,2420,1,1
44311,4,7,0,44311,283770775,283792390,21615,1,0,0,0,0,0,0,2420,1,1
44312,4,7,3,44312,283807126,283860040,52914,5,3,1,0,0,0,0,2420,1,1
44313,4,7,4,44313,283874769,283975363,100594,11,7,3,0,0,0,0,2420,1,1
44314,4,7,2,44314,283990090,284034093,44003,4,3,0,0,0,0,0,2420,1,1
44315,4,7,2,44315,284048817,284085321,36504,3,2,0,0,0,0,0,2420,1,1
44316,4,7,1,44316,284100045,284130592,30547,2,0,1,0,0,0,0,2420,1,1
44317,4,7,3,44317,284145333,284166931,21598,1,0,0,0,0,0,0,2420,1,1
44318,4,7,3,44318,284181655,284203258,21603,1,0,0,0,0,0,0,2420,1,1
44319,4,7,1,44319,284217982,284239603,21621,1,0,0,0,0,0,0,2420,1,1
44320,4,7,1,44320,284254343,284439783,185440,21,10,10,0,0,0,0,2420,1,1
44321,4,7,3,44321,284454530,284476128,21598,1,0,0,0,0,0,0,2420,1,1
44322,4,7,3,44322,284490852,284521354,30502,2,0,1,0,0,0,0,2420,1,1
44323,4,7,3,44323,284536083,284557681,21598,1,0,0,0,0,0,0,2420,1,1
44324,4,7,4,44324,284572405,284602920,30515,2,0,1,0,0,0,0,2420,1,1
44325,4,7,2,44325,284617643,284648154,30511,2,0,1,0,0,0,0,2420,1,1
44326,4,7,3,44326,284662881,284684479,21598,1,0,0,0,0,0,0,2420,1,1
44327,4,7,1,44327,284699204,284737230,38026,3,1,1,0,0,0,0,2420,1,1
44328,4,7,0,44328,284751970,284828745,76775,8,5,2,0,0,0,0,2420,1,1
44329,4,7,3,44329,284843481,284873999,30518,2,0,1,0,0,0,0,2420,1,1
44330,4,7,0,44330,284888724,284917818,29094,2,1,0,0,0,0,0,2420,1,1
44331,4,7,3,44331,284932550,284964684,32134,2,0,0,0,1,0,0,2420,1,1
44332,4,7,4,44332,284979408,285051636,72228,7,2,4,0,0,0,0,2420,1,1
44333,4,7,1,44333,285066365,285143126,76761,8,5,2,0,0,0,0,2420,1,1
44334,4,7,3,44334,285157862,285188395,30533,2,0,1,0,0,0,0,2420,1,1
44335,4,7,3,44335,285203119,285232164,29045,2,1,0,0,0,0,0,2420,1,1
44336,4,7,2,44336,285246891,285322175,75284,8,6,1,0,0,0,0,2420,1,1
44337,4,7,3,44337,285336904,285388383,51479,5,4,0,0,0,0,0,2420,1,1
44338,4,7,1,44338,285403111,285448563,45452,4,2,1,0,0,0,0,2420,1,1
44339,4,7,1,44339,285463303,285508782,45479,4,2,1,0,0,0,0,2420,1,1
44340,4,7,0,44340,285523522,285665948,142426,16,9,6,0,0,0,0,2420,1,1
44341,4,7,3,44341,285680683,285709737,29054,2,1,0,0,0,0,0,2420,1,1
44342,4,7,0,44342,285724466,285762444,37978,3,1,1,0,0,0,0,2420,1,1
44343,4,7,2,44343,285777180,285798778,21598,1,0,0,0,0,0,0,2420,1,1
44344,4,7,3,44344,285813506,285842554,29048,2,1,0,0,0,0,0,2420,1,1
44345,4,7,4,44345,285857281,285887785,30504,2,0,1,0,0,0,0,2420,1,1
44346,4,7,0,44346,285902509,285949434,46925,4,1,2,0,0,0,0,2420,1,1
44347,4,7,2,44347,285964169,286035085,70916,7,4,1,0,1,0,0,2420,1,1
44348,4,7,4,44348,286049809,286117713,67904,7,5,1,0,0,0,0,2420,1,1
44349,4,7,4,44349,286132438,286170423,37985,3,1,1,0,0,0,0,2420,1,1
44350,4,7,1,44350,286185151,286239547,54396,5,2,2,0,0,0,0,2420,1,1
44351,4,7,2,44351,286254288,286308696,54408,5,2,2,0,0,0,0,2420,1,1
44352,4,7,4,44352,286323424,286431446,108022,12,8,3,0,0,0,0,2420,1,1
44353,4,7,3,44353,286446178,286491628,45450,4,2,1,0,0,0,0,2420,1,1
44354,4,7,1,44354,286506356,286557840,51484,5,4,0,0,0,0,0,2420,1,1
44355,4,7,4,44355,286572576,286594178,21602,1,0,0,0,0,0,0,2420,1,1
44356,4,7,3,44356,286608902,286730410,121508,14,11,2,0,0,0,0,2420,1,1
44357,4,7,2,44357,286745142,286766740,21598,1,0,0,0,0,0,0,2420,1,1
44358,4,7,2,44358,286781464,286803066,21602,1,0,0,0,0,0,0,2420,1,1
44359,4,7,0,44359,286817790,287001771,183981,21,11,9,0,0,0,0,2420,1,1
44360,4,7,3,44360,287016515,287055988,39473,3,0,2,0,0,0,0,2420,1,1
44361,4,7,4,44361,287070716,287092318,21602,1,0,0,0,0,0,0,2420,1,1
44362,4,7,4,44362,287107050,287155430,48380,4,0,3,0,0,0,0,2420,1,1
44363,4,7,2,44363,287170158,287243836,73678,7,1,5,0,0,0,0,2420,1,1
44364,4,7,1,44364,287258564,287280185,21621,1,0,0,0,0,0,0,2420,1,1
44365,4,7,2,44365,287294929,287338929,44000,4,3,0,0,0,0,0,2420,1,1
44366,4,7,0,44366,287353662,287433352,79690,8,3,4,0,0,0,0,2420,1,1
44367,4,7,1,44367,287448088,287509955,61867,6,3,2,0,0,0,0,2420,1,1
44368,4,7,1,44368,287524699,287587962,63263,6,2,3,0,0,0,0,2420,1,1
44369,4,7,4,44369,287602702,287664581,61879,6,3,2,0,0,0,0,2420,1,1
44370,4,7,0,44370,287679309,287700922,21613,1,0,0,0,0,0,0,2420,1,1
44371,4,7,4,44371,287715662,287744725,29063,2,1,0,0,0,0,0,2420,1,1
44372,4,7,0,44372,287759452,287821331,61879,6,3,2,0,0,0,0,2420,1,1
44373,4,7,0,44373,287836072,287872628,36556,3,2,0,0,0,0,0,2420,1,1
44374,4,7,1,44374,287887368,287979089,91721,10,7,2,0,0,0,0,2420,1,1
44375,4,7,0,44375,287993834,288022933,29099,2,1,0,0,0,0,0,2420,1,1
44376,4,7,3,44376,288037670,288059268,21598,1,0,0,0,0,0,0,2420,1,1
44377,4,7,3,44377,288074000,288162521,88521,9,3,5,0,0,0,0,2420,1,1
44378,4,7,3,44378,288177254,288206322,29068,2,1,0,0,0,0,0,2420,1,1
44379,4,7,1,44379,288221050,288265105,44055,4,3,0,0,0,0,0,2420,1,1
44380,4,7,2,44380,288279845,288366953,87108,9,4,4,0,0,0,0,2420,1,1
44381,4,7,1,44381,288381681,288428598,46917,4,1,2,0,0,0,0,2420,1,1
44382,4,7,4,44382,288443342,288473871,30529,2,0,1,0,0,0,0,2420,1,1
44383,4,7,2,44383,288488599,288583217,94618,10,5,4,0,0,0,0,2420,1,1
44384,4,7,0,44384,288597947,288619561,21614,1,0,0,0,0,0,0,2420,1,1
44385,4,7,2,44385,288634301,288670856,36555,3,2,0,0,0,0,0,2420,1,1
44386,4,7,3,44386,288685588,288805495,119907,13,6,6,0,0,0,0,2420,1,1
44387,4,7,2,44387,288820226,288849308,29082,2,1,0,0,0,0,0,2420,1,1
44388,4,7,1,44388,288864041,288916940,52899,5,3,1,0,0,0,0,2420,1,1
44389,4,7,4,44389,288931681,288962203,30522,2,0,1,0,0,0,0,2420,1,1
44390,4,7,1,44390,288976935,289023864,46929,4,1,2,0,0,0,0,2420,1,1
44391,4,7,0,44391,289038604,289075135,36531,3,2,0,0,0,0,0,2420,1,1
44392,4,7,2,44392,289089871,289111470,21599,1,0,0,0,0,0,0,2420,1,1
44393,4,7,0,44393,289126202,289162765,36563,3,2,0,0,0,0,0,2420,1,1
44394,4,7,3,44394,289177501,289224383,46882,4,1,2,0,0,0,0,2420,1,1
44395,4,7,2,44395,289239112,289283114,44002,4,3,0,0,0,0,0,2420,1,1
44396,4,7,1,44396,289297842,289326931,29089,2,1,0,0,0,0,0,2420,1,1
44397,4,7,3,44397,289341671,289363277,21606,1,0,0,0,0,0,0,2420,1,1
44398,4,7,1,44398,289378005,289399627,21622,1,0,0,0,0,0,0,2420,1,1
44399,4,7,4,44399,289414372,289444895,30523,2,0,1,0,0,0,0,2420,1,1
44400,4,7,3,44400,289459624,289512521,52897,5,3,1,0,0,0,0,2420,1,1
44401,4,7,0,44401,289527253,289557804,30551,2,0,1,0,0,0,0,2420,1,1
44402,4,7,1,44402,289572540,289601630,29090,2,1,0,0,0,0,0,2420,1,1
44403,4,7,2,44403,289616375,289637976,21601,1,0,0,0,0,0,0,2420,1,1
44404,4,7,3,44404,289652705,289681777,29072,2,1,0,0,0,0,0,2420,1,1
44405,4,7,4,44405,289696509,289718111,21602,1,0,0,0,0,0,0,2420,1,1
44406,4,7,0,44406,289732841,289805045,72204,7,2,4,0,0,0,0,2420,1,1
44407,4,7,2,44407,289819781,289874130,54349,5,2,2,0,0,0,0,2420,1,1
44408,4,7,4,44408,289888858,289910456,21598,1,0,0,0,0,0,0,2420,1,1
44409,4,7,0,44409,289925189,289985564,60375,6,4,1,0,0,0,0,2420,1,1
44410,4,7,3,44410,290000300,290047182,46882,4,1,2,0,0,0,0,2420,1,1
44411,4,7,2,44411,290061910,290128103,66193,6,0,5,0,0,0,0,2420,1,1
44412,4,7,0,44412,290142832,290197159,54327,5,2,2,0,0,0,0,2420,1,1
44413,4,7,4,44413,290211895,290336367,124472,14,9,4,0,0,0,0,2420,1,1
44414,4,7,2,44414,290351098,290372696,21598,1,0,0,0,0,0,0,2420,1,1
44415,4,7,1,44415,290387428,290432903,45475,4,2,1,0,0,0,0,2420,1,1
44416,4,7,0,44416,290447643,290530414,82771,9,7,1,0,0,0,0,2420,1,1
44417,4,7,1,44417,290545154,290574242,29088,2,1,0,0,0,0,0,2420,1,1
44418,4,7,4,44418,290588981,290610579,21598,1,0,0,0,0,0,0,2420,1,1
44419,4,7,4,44419,290625311,290655843,30532,2,0,1,0,0,0,0,2420,1,1
44420,4,7,1,44420,290670571,290692193,21622,1,0,0,0,0,0,0,2420,1,1
44421,4,7,3,44421,290706936,290791163,84227,9,6,2,0,0,0,0,2420,1,1
44422,4,7,4,44422,290805895,290827493,21598,1,0,0,0,0,0,0,2420,1,1
44423,4,7,1,44423,290842221,290886246,44025,4,3,0,0,0,0,0,2420,1,1
44424,4,7,3,44424,290900986,290962807,61821,6,3,2,0,0,0,0,2420,1,1
44425,4,7,4,44425,290977531,291057214,79683,8,3,4,0,0,0,0,2420,1,1
44426,4,7,2,44426,291071938,291126284,54346,5,2,2,0,0,0,0,2420,1,1
44427,4,7,1,44427,291141008,291195410,54402,5,2,2,0,0,0,0,2420,1,1
44428,4,7,0,44428,291210146,291264542,54396,5,2,2,0,0,0,0,2420,1,1
44429,4,7,2,44429,291279273,291326192,46919,4,1,2,0,0,0,0,2420,1,1
44430,4,7,4,44430,291340917,291362515,21598,1,0,0,0,0,0,0,2420,1,1
44431,4,7,0,44431,291377242,291446558,69316,7,4,2,0,0,0,0,2420,1,1
44432,4,7,0,44432,291461290,291482907,21617,1,0,0,0,0,0,0,2420,1,1
44433,4,7,2,44433,291497639,291519237,21598,1,0,0,0,0,0,0,2420,1,1
44434,4,7,2,44434,291533965,291570510,36545,3,2,0,0,0,0,0,2420,1,1
44435,4,7,4,44435,291585238,291678369,93131,10,6,3,0,0,0,0,2420,1,1
44436,4,7,4,44436,291693097,291756350,63253,6,2,3,0,0,0,0,2420,1,1
44437,4,7,0,44437,291771074,291858198,87124,9,4,4,0,0,0,0,2420,1,1
44438,4,7,1,44438,291872933,291902012,29079,2,1,0,0,0,0,0,2420,1,1
44439,4,7,2,44439,291916752,291986044,69292,7,4,2,0,0,0,0,2420,1,1
44440,4,7,2,44440,292000768,292031290,30522,2,0,1,0,0,0,0,2420,1,1
44441,4,7,2,44441,292046019,292098924,52905,5,3,1,0,0,0,0,2420,1,1
44442,4,7,3,44442,292113652,292173971,60319,6,4,1,0,0,0,0,2420,1,1
44443,4,7,3,44443,292188695,292210293,21598,1,0,0,0,0,0,0,2420,1,1
44444,4,7,1,44444,292225022,292246643,21621,1,0,0,0,0,0,0,2420,1,1
44445,4,7,4,44445,292261379,292361995,100616,11,7,3,0,0,0,0,2420,1,1
44446,4,7,3,44446,292376726,292444596,67870,7,5,1,0,0,0,0,2420,1,1
44447,4,7,4,44447,292459322,292480919,21597,1,0,0,0,0,0,0,2420,1,1
44448,4,7,1,44448,292495647,292526173,30526,2,0,1,0,0,0,0,2420,1,1
44449,4,7,2,44449,292540908,292562506,21598,1,0,0,0,0,0,0,2420,1,1
44450,4,7,3,44450,292577234,292656886,79652,8,3,4,0,0,0,0,2420,1,1
44451,4,7,2,44451,292671610,292702141,30531,2,0,1,0,0,0,0,2420,1,1
44452,4,7,4,44452,292716868,292787583,70715,7,3,3,0,0,0,0,2420,1,1
44453,4,7,4,44453,292802307,292916403,114096,13,10,2,0,0,0,0,2420,1,1
44454,4,7,4,44454,292931132,292967691,36559,3,2,0,0,0,0,0,2420,1,1
44455,4,7,2,44455,292982414,293018941,36527,3,2,0,0,0,0,0,2420,1,1
44456,4,7,1,44456,293033672,293144684,111012,12,6,5,0,0,0,0,2420,1,1
44457,4,7,3,44457,293159423,293221326,61903,6,3,2,0,0,0,0,2420,1,1
44458,4,7,2,44458,293236055,293281496,45441,4,2,1,0,0,0,0,2420,1,1
44459,4,7,2,44459,293296224,293373015,76791,8,5,2,0,0,0,0,2420,1,1
44460,4,7,2,44460,293387739,293433195,45456,4,2,1,0,0,0,0,2420,1,1
44461,4,7,0,44461,293447919,293477004,29085,2,1,0,0,0,0,0,2420,1,1
44462,4,7,2,44462,293491736,293520788,29052,2,1,0,0,0,0,0,2420,1,1
44463,4,7,1,44463,293535517,293566067,30550,2,0,1,0,0,0,0,2420,1,1
44464,4,7,1,44464,293580802,293661934,81132,8,2,5,0,0,0,0,2420,1,1
44465,4,7,0,44465,293676675,293729624,52949,5,3,1,0,0,0,0,2420,1,1
44466,4,7,3,44466,293744360,293773437,29077,2,1,0,0,0,0,0,2420,1,1
44467,4,7,1,44467,293788161,293999104,210943,25,17,7,0,0,0,0,2420,1,1
44468,4,7,2,44468,294013849,294090582,76733,8,5,2,0,0,0,0,2420,1,1
44469,4,7,4,44469,294105310,294211914,106604,12,9,2,0,0,0,0,2420,1,1
44470,4,7,1,44470,294226645,294307959,81314,9,8,0,0,0,0,0,2420,1,1
44471,4,7,0,44471,294322694,294369616,46922,4,1,2,0,0,0,0,2420,1,1
44472,4,7,4,44472,294384352,294413410,29058,2,1,0,0,0,0,0,2420,1,1
44473,4,7,0,44473,294428134,294472154,44020,4,3,0,0,0,0,0,2420,1,1
44474,4,7,0,44474,294486890,294517437,30547,2,0,1,0,0,0,0,2420,1,1
44475,4,7,0,44475,294532169,294613304,81135,8,2,5,0,0,0,0,2420,1,1
44476,4,7,2,44476,294628036,294657099,29063,2,1,0,0,0,0,0,2420,1,1
44477,4,7,4,44477,294671823,294758951,87128,9,4,4,0,0,0,0,2420,1,1
44478,4,7,4,44478,294773680,294828049,54369,5,2,2,0,0,0,0,2420,1,1
44479,4,7,0,44479,294842777,294895738,52961,5,3,1,0,0,0,0,2420,1,1
44480,4,7,2,44480,294910470,295003610,93140,10,6,3,0,0,0,0,2420,1,1
44481,4,7,3,44481,295018336,295047407,29071,2,1,0,0,0,0,0,2420,1,1
44482,4,7,4,44482,295062131,295083734,21603,1,0,0,0,0,0,0,2420,1,1
44483,4,7,4,44483,295098458,295151407,52949,5,3,1,0,0,0,0,2420,1,1
44484,4,7,0,44484,295166136,295187749,21613,1,0,0,0,0,0,0,2420,1,1
44485,4,7,2,44485,295202481,295224084,21603,1,0,0,0,0,0,0,2420,1,1
44486,4,7,2,44486,295238808,295284269,45461,4,2,1,0,0,0,0,2420,1,1
44487,4,7,1,44487,295298993,295354788,55795,5,1,3,0,0,0,0,2420,1,1
44488,4,7,4,44488,295369528,295423882,54354,5,2,2,0,0,0,0,2420,1,1
44489,4,7,2,44489,295438606,295467659,29053,2,1,0,0,0,0,0,2420,1,1
44490,4,7,0,44490,295482383,295512940,30557,2,0,1,0,0,0,0,2420,1,1
44491,4,7,0,44491,295527672,295564217,36545,3,2,0,0,0,0,0,2420,1,1
44492,4,7,2,44492,295578949,295716682,137733,15,6,8,0,0,0,0,2420,1,1
44493,4,7,3,44493,295731409,295769371,37962,3,1,1,0,0,0,0,2420,1,1
44494,4,7,2,44494,295784099,295830996,46897,4,1,2,0,0,0,0,2420,1,1
44495,4,7,3,44495,295845724,295892619,46895,4,1,2,0,0,0,0,2420,1,1
44496,4,7,2,44496,295907347,295960268,52921,5,3,1,0,0,0,0,2420,1,1
44497,4,7,2,44497,295974997,296018973,43976,4,3,0,0,0,0,0,2420,1,1
44498,4,7,1,44498,296033701,296055323,21622,1,0,0,0,0,0,0,2420,1,1
44499,4,7,4,44499,296070059,296099136,29077,2,1,0,0,0,0,0,2420,1,1
44500,4,7,3,44500,296113864,296144363,30499,2,0,1,0,0,0,0,2420,1,1
44501,4,7,2,44501,296159087,296237257,78170,8,4,3,0,0,0,0,2420,1,1
44502,4,7,2,44502,296251982,296315248,63266,6,2,3,0,0,0,0,2420,1,1
44503,4,7,2,44503,296329972,296351569,21597,1,0,0,0,0,0,0,2420,1,1
44504,4,7,1,44504,296366298,296395381,29083,2,1,0,0,0,0,0,2420,1,1
44505,4,7,2,44505,296410116,296457010,46894,4,1,2,0,0,0,0,2420,1,1
44506,4,7,3,44506,296471734,296493336,21602,1,0,0,0,0,0,0,2420,1,1
44507,4,7,1,44507,296508061,296529683,21622,1,0,0,0,0,0,0,2420,1,1
44508,4,7,3,44508,296544423,296566018,21595,1,0,0,0,0,0,0,2420,1,1
44509,4,7,4,44509,296580743,296641117,60374,6,4,1,0,0,0,0,2420,1,1
44510,4,7,0,44510,296655845,296677458,21613,1,0,0,0,0,0,0,2420,1,1
44511,4,7,1,44511,296692190,296721292,29102,2,1,0,0,0,0,0,2420,1,1
44512,4,7,0,44512,296736032,296911029,174997,20,11,8,0,0,0,0,2420,1,1
44513,4,7,1,44513,296925770,296947392,21622,1,0,0,0,0,0,0,2420,1,1
44514,4,7,0,44514,296962127,297017939,55812,5,1,3,0,0,0,0,2420,1,1
44515,4,7,1,44515,297032672,297061757,29085,2,1,0,0,0,0,0,2420,1,1
44516,4,7,4,44516,297076497,297180159,103662,11,6,3,0,1,0,0,2420,1,1
44517,4,7,1,44517,297194890,297225419,30529,2,0,1,0,0,0,0,2420,1,1
44518,4,7,1,44518,297240155,297269250,29095,2,1,0,0,0,0,0,2420,1,1
44519,4,7,1,44519,297283990,297320537,36547,3,2,0,0,0,0,0,2420,1,1
44520,4,7,3,44520,297335281,297365796,30515,2,0,1,0,0,0,0,2420,1,1
44521,4,7,0,44521,297380520,297402134,21614,1,0,0,0,0,0,0,2420,1,1
44522,4,7,0,44522,297416870,297460898,44028,4,3,0,0,0,0,0,2420,1,1
44523,4,7,4,44523,297475635,297561378,85743,9,5,3,0,0,0,0,2420,1,1
44524,4,7,4,44524,297576106,297605174,29068,2,1,0,0,0,0,0,2420,1,1
44525,4,7,2,44525,297619898,297710151,90253,10,8,1,0,0,0,0,2420,1,1
44526,4,7,2,44526,297724881,297779255,54374,5,2,2,0,0,0,0,2420,1,1
44527,4,7,0,44527,297793982,297848415,54433,5,2,2,0,0,0,0,2420,1,1
44528,4,7,1,44528,297863148,297908625,45477,4,2,1,0,0,0,0,2420,1,1
44529,4,7,2,44529,297923365,297968826,45461,4,2,1,0,0,0,0,2420,1,1
44530,4,7,0,44530,297983554,298014074,30520,2,0,1,0,0,0,0,2420,1,1
44531,4,7,1,44531,298028806,298065338,36532,3,2,0,0,0,0,0,2420,1,1
44532,4,7,1,44532,298080075,298101696,21621,1,0,0,0,0,0,0,2420,1,1
44533,4,7,0,44533,298116437,298178284,61847,6,3,2,0,0,0,0,2420,1,1
44534,4,7,3,44534,298193019,298229523,36504,3,2,0,0,0,0,0,2420,1,1
44535,4,7,0,44535,298244252,298321014,76762,8,5,2,0,0,0,0,2420,1,1
44536,4,7,2,44536,298335750,298387219,51469,5,4,0,0,0,0,0,2420,1,1
44537,4,7,3,44537,298401942,298439920,37978,3,1,1,0,0,0,0,2420,1,1
44538,4,7,0,44538,298454648,298501583,46935,4,1,2,0,0,0,0,2420,1,1
44539,4,7,1,44539,298516319,298588510,72191,7,2,4,0,0,0,0,2420,1,1
44540,4,7,3,44540,298603250,298642676,39426,3,0,2,0,0,0,0,2420,1,1
44541,4,7,0,44541,298657404,298679018,21614,1,0,0,0,0,0,0,2420,1,1
44542,4,7,1,44542,298693754,298722824,29070,2,1,0,0,0,0,0,2420,1,1
44543,4,7,1,44543,298737560,298768086,30526,2,0,1,0,0,0,0,2420,1,1
44544,4,7,1,44544,298782826,298850647,67821,7,5,1,0,0,0,0,2420,1,1
44545,4,7,2,44545,298865387,298903380,37993,3,1,1,0,0,0,0,2420,1,1
44546,4,7,1,44546,298918104,298939726,21622,1,0,0,0,0,0,0,2420,1,1
44547,4,7,3,44547,298954467,298976063,21596,1,0,0,0,0,0,0,2420,1,1
44548,4,7,0,44548,298990787,299019850,29063,2,1,0,0,0,0,0,2420,1,1
44549,4,7,4,44549,299034586,299056184,21598,1,0,0,0,0,0,0,2420,1,1
44550,4,7,1,44550,299070908,299160911,90003,9,2,6,0,0,0,0,2420,1,1
44551,4,7,0,44551,299175651,299228539,52888,5,3,1,0,0,0,0,2420,1,1
44552,4,7,4,44552,299243279,299279825,36546,3,2,0,0,0,0,0,2420,1,1
44553,4,7,0,44553,299294561,299331091,36530,3,2,0,0,0,0,0,2420,1,1
44554,4,7,2,44554,299345835,299397262,51427,5,4,0,0,0,0,0,2420,1,1
44555,4,7,4,44555,299411994,299449989,37995,3,1,1,0,0,0,0,2420,1,1
44556,4,7,4,44556,299464725,299486327,21602,1,0,0,0,0,0,0,2420,1,1
44557,4,7,1,44557,299501059,299595696,94637,10,5,4,0,0,0,0,2420,1,1
44558,4,7,4,44558,299610442,299632043,21601,1,0,0,0,0,0,0,2420,1,1
44559,4,7,1,44559,299646779,299735438,88659,9,3,5,0,0,0,0,2420,1,1
44560,4,7,0,44560,299750181,299819484,69303,7,4,2,0,0,0,0,2420,1,1
44561,4,7,3,44561,299834228,299931897,97669,11,9,1,0,0,0,0,2420,1,1
44562,4,7,2,44562,299946634,299984623,37989,3,1,1,0,0,0,0,2420,1,1
44563,4,7,0,44563,299999355,300071610,72255,7,2,4,0,0,0,0,2420,1,1
44564,4,7,2,44564,300086354,300172052,85698,9,5,3,0,0,0,0,2420,1,1
44565,4,7,2,44565,300186788,300251477,64689,6,1,4,0,0,0,0,2420,1,1
44566,4,7,3,44566,300266213,300287815,21602,1,0,0,0,0,0,0,2420,1,1
44567,4,7,0,44567,300302547,300331617,29070,2,1,0,0,0,0,0,2420,1,1
44568,4,7,0,44568,300346361,300384350,37989,3,1,1,0,0,0,0,2420,1,1
44569,4,7,1,44569,300399089,300420715,21626,1,0,0,0,0,0,0,2420,1,1
44570,4,7,2,44570,300435462,300464548,29086,2,1,0,0,0,0,0,2420,1,1
44571,4,7,2,44571,300479280,300508368,29088,2,1,0,0,0,0,0,2420,1,1
44572,4,7,1,44572,300523100,300644600,121500,13,6,5,0,1,0,0,2420,1,1
44573,4,7,2,44573,300659347,300689885,30538,2,0,1,0,0,0,0,2420,1,1
44574,4,7,3,44574,300704621,300726223,21602,1,0,0,0,0,0,0,2420,1,1
44575,4,7,3,44575,300740955,300816302,75347,8,6,1,0,0,0,0,2420,1,1
44576,4,7,3,44576,300831033,300861546,30513,2,0,1,0,0,0,0,2420,1,1
44577,4,7,2,44577,300876282,300927739,51457,5,4,0,0,0,0,0,2420,1,1
44578,4,7,1,44578,300942471,300971553,29082,2,1,0,0,0,0,0,2420,1,1
44579,4,7,4,44579,300986301,301015371,29070,2,1,0,0,0,0,0,2420,1,1
44580,4,7,3,44580,301030103,301115837,85734,9,5,3,0,0,0,0,2420,1,1
44581,4,7,0,44581,301130568,301275797,145229,16,7,8,0,0,0,0,2420,1,1
44582,4,7,0,44582,301290540,301312157,21617,1,0,0,0,0,0,0,2420,1,1
44583,4,7,1,44583,301326901,301357446,30545,2,0,1,0,0,0,0,2420,1,1
44584,4,7,4,44584,301372190,301402726,30536,2,0,1,0,0,0,0,2420,1,1
44585,4,7,4,44585,301417456,301439054,21598,1,0,0,0,0,0,0,2420,1,1
44586,4,7,0,44586,301453786,301490313,36527,3,2,0,0,0,0,0,2420,1,1
44587,4,7,0,44587,301505053,301556509,51456,5,4,0,0,0,0,0,2420,1,1
44588,4,7,3,44588,301571245,301618110,46865,4,1,2,0,0,0,0,2420,1,1
44589,4,7,2,44589,301632841,301654440,21599,1,0,0,0,0,0,0,2420,1,1
44590,4,7,4,44590,301669168,301794969,125801,14,8,5,0,0,0,0,2420,1,1
44591,4,7,1,44591,301809700,301858060,48360,4,0,3,0,0,0,0,2420,1,1
44592,4,7,0,44592,301872804,301965911,93107,10,6,3,0,0,0,0,2420,1,1
44593,4,7,2,44593,301980650,302009706,29056,2,1,0,0,0,0,0,2420,1,1
44594,4,7,3,44594,302024438,302062412,37974,3,1,1,0,0,0,0,2420,1,1
44595,4,7,1,44595,302077144,302115122,37978,3,1,1,0,0,0,0,2420,1,1
44596,4,7,4,44596,302129862,302190263,60401,6,4,1,0,0,0,0,2420,1,1
44597,4,7,2,44597,302204994,302226593,21599,1,0,0,0,0,0,0,2420,1,1
44598,4,7,0,44598,302241321,302270398,29077,2,1,0,0,0,0,0,2420,1,1
44599,4,7,4,44599,302285138,302306737,21599,1,0,0,0,0,0,0,2420,1,1
44600,4,7,3,44600,302321465,302350548,29083,2,1,0,0,0,0,0,2420,1,1
44601,4,7,4,44601,302365280,302403273,37993,3,1,1,0,0,0,0,2420,1,1
44602,4,7,4,44602,302418001,302447080,29079,2,1,0,0,0,0,0,2420,1,1
44603,4,7,4,44603,302461808,302565348,103540,11,5,5,0,0,0,0,2420,1,1
44604,4,7,0,44604,302580080,302616635,36555,3,2,0,0,0,0,0,2420,1,1
44605,4,7,1,44605,302631370,302684309,52939,5,3,1,0,0,0,0,2420,1,1
44606,4,7,1,44606,302699049,302737048,37999,3,1,1,0,0,0,0,2420,1,1
44607,4,7,3,44607,302751788,302846390,94602,10,5,4,0,0,0,0,2420,1,1
44608,4,7,1,44608,302861120,302964701,103581,11,5,5,0,0,0,0,2420,1,1
44609,4,7,2,44609,302979444,303017432,37988,3,1,1,0,0,0,0,2420,1,1
44610,4,7,0,44610,303032161,303086534,54373,5,2,2,0,0,0,0,2420,1,1
44611,4,7,4,44611,303101269,303122871,21602,1,0,0,0,0,0,0,2420,1,1
44612,4,7,3,44612,303137599,303217247,79648,8,3,4,0,0,0,0,2420,1,1
44613,4,7,0,44613,303231975,303283457,51482,5,4,0,0,0,0,0,2420,1,1
44614,4,7,0,44614,303298193,303327267,29074,2,1,0,0,0,0,0,2420,1,1
44615,4,7,2,44615,303342002,303421658,79656,8,3,4,0,0,0,0,2420,1,1
44616,4,7,1,44616,303436391,303519213,82822,9,7,1,0,0,0,0,2420,1,1
44617,4,7,3,44617,303533960,303609275,75315,8,6,1,0,0,0,0,2420,1,1
44618,4,7,1,44618,303624011,303645637,21626,1,0,0,0,0,0,0,2420,1,1
44619,4,7,2,44619,303660381,303681982,21601,1,0,0,0,0,0,0,2420,1,1
44620,4,7,1,44620,303696718,303785287,88569,9,3,5,0,0,0,0,2420,1,1
44621,4,7,2,44621,303800031,303829084,29053,2,1,0,0,0,0,0,2420,1,1
44622,4,7,4,44622,303843820,303889296,45476,4,2,1,0,0,0,0,2420,1,1
44623,4,7,4,44623,303904032,303948019,43987,4,3,0,0,0,0,0,2420,1,1
44624,4,7,2,44624,303962754,303984356,21602,1,0,0,0,0,0,0,2420,1,1
44625,4,7,4,44625,303999088,304028155,29067,2,1,0,0,0,0,0,2420,1,1
44626,4,7,4,44626,304042892,304088376,45484,4,2,1,0,0,0,0,2420,1,1
44627,4,7,1,44627,304103113,304124739,21626,1,0,0,0,0,0,0,2420,1,1
44628,4,7,1,44628,304139483,304202810,63327,6,2,3,0,0,0,0,2420,1,1
44629,4,7,4,44629,304217553,304279354,61801,6,3,2,0,0,0,0,2420,1,1
44630,4,7,0,44630,304294090,304324614,30524,2,0,1,0,0,0,0,2420,1,1
44631,4,7,1,44631,304339354,304431038,91684,10,7,2,0,0,0,0,2420,1,1
44632,4,7,3,44632,304445789,304482316,36527,3,2,0,0,0,0,0,2420,1,1
44633,4,7,3,44633,304497051,304518653,21602,1,0,0,0,0,0,0,2420,1,1
44634,4,7,4,44634,304533389,304617604,84215,9,6,2,0,0,0,0,2420,1,1
44635,4,7,2,44635,304632336,304653942,21606,1,0,0,0,0,0,0,2420,1,1
44636,4,7,0,44636,304668674,304739477,70803,7,3,3,0,0,0,0,2420,1,1
44637,4,7,2,44637,304754220,304801132,46912,4,1,2,0,0,0,0,2420,1,1
44638,4,7,4,44638,304815868,304837470,21602,1,0,0,0,0,0,0,2420,1,1
44639,4,7,1,44639,304852201,304900555,48354,4,0,3,0,0,0,0,2420,1,1
44640,4,7,0,44640,304915303,305006978,91675,10,7,2,0,0,0,0,2420,1,1
44641,4,7,0,44641,305021719,305058242,36523,3,2,0,0,0,0,0,2420,1,1
44642,4,7,4,44642,305072983,305103518,30535,2,0,1,0,0,0,0,2420,1,1
44643,4,7,2,44643,305118250,305139852,21602,1,0,0,0,0,0,0,2420,1,1
44644,4,7,0,44644,305154588,305185122,30534,2,0,1,0,0,0,0,2420,1,1
44645,4,7,2,44645,305199862,305243907,44045,4,3,0,0,0,0,0,2420,1,1
44646,4,7,3,44646,305258639,305280241,21602,1,0,0,0,0,0,0,2420,1,1
44647,4,7,1,44647,305294977,305340455,45478,4,2,1,0,0,0,0,2420,1,1
44648,4,7,1,44648,305355203,305376829,21626,1,0,0,0,0,0,0,2420,1,1
44649,4,7,2,44649,305391573,305420628,29055,2,1,0,0,0,0,0,2420,1,1
44650,4,7,2,44650,305435364,305456966,21602,1,0,0,0,0,0,0,2420,1,1
44651,4,7,1,44651,305471698,305500808,29110,2,1,0,0,0,0,0,2420,1,1
44652,4,7,3,44652,305515556,305544641,29085,2,1,0,0,0,0,0,2420,1,1
44653,4,7,2,44653,305559372,305612301,52929,5,3,1,0,0,0,0,2420,1,1
44654,4,7,1,44654,305627037,305681424,54387,5,2,2,0,0,0,0,2420,1,1
44655,4,7,3,44655,305696172,305726702,30530,2,0,1,0,0,0,0,2420,1,1
44656,4,7,4,44656,305741435,305779402,37967,3,1,1,0,0,0,0,2420,1,1
44657,4,7,4,44657,305794138,305839607,45469,4,2,1,0,0,0,0,2420,1,1
44658,4,7,0,44658,305854343,305892345,38002,3,1,1,0,0,0,0,2420,1,1
44659,4,7,2,44659,305907088,305928690,21602,1,0,0,0,0,0,0,2420,1,1
44660,4,7,0,44660,305943426,305965044,21618,1,0,0,0,0,0,0,2420,1,1
44661,4,7,4,44661,305979784,306001385,21601,1,0,0,0,0,0,0,2420,1,1
44662,4,7,4,44662,306016121,306150905,134784,15,8,6,0,0,0,0,2420,1,1
44663,4,7,2,44663,306165643,306261766,96123,10,4,5,0,0,0,0,2420,1,1
44664,4,7,3,44664,306276504,306305568,29064,2,1,0,0,0,0,0,2420,1,1
44665,4,7,4,44665,306320299,306349373,29074,2,1,0,0,0,0,0,2420,1,1
44666,4,7,1,44666,306364108,306400651,36543,3,2,0,0,0,0,0,2420,1,1
44667,4,7,1,44667,306415399,306454876,39477,3,0,2,0,0,0,0,2420,1,1
44668,4,7,1,44668,306469620,306546449,76829,8,5,2,0,0,0,0,2420,1,1
44669,4,7,4,44669,306561193,306591704,30511,2,0,1,0,0,0,0,2420,1,1
44670,4,7,1,44670,306606440,306628066,21626,1,0,0,0,0,0,0,2420,1,1
44671,4,7,1,44671,306642813,306671912,29099,2,1,0,0,0,0,0,2420,1,1
44672,4,7,1,44672,306686660,306724691,38031,3,1,1,0,0,0,0,2420,1,1
44673,4,7,3,44673,306739434,306761036,21602,1,0,0,0,0,0,0,2420,1,1
44674,4,7,4,44674,306775772,306806309,30537,2,0,1,0,0,0,0,2420,1,1
44675,4,7,1,44675,306821040,306851568,30528,2,0,1,0,0,0,0,2420,1,1
44676,4,7,1,44676,306866316,306928153,61837,6,3,2,0,0,0,0,2420,1,1
44677,4,7,2,44677,306942899,306986901,44002,4,3,0,0,0,0,0,2420,1,1
44678,4,7,3,44678,307001633,307032139,30506,2,0,1,0,0,0,0,2420,1,1
44679,4,7,3,44679,307046875,307075940,29065,2,1,0,0,0,0,0,2420,1,1
44680,4,7,1,44680,307090671,307112297,21626,1,0,0,0,0,0,0,2420,1,1
44681,4,7,2,44681,307127045,307188863,61818,6,3,2,0,0,0,0,2420,1,1
44682,4,7,0,44682,307203599,307234131,30532,2,0,1,0,0,0,0,2420,1,1
44683,4,7,2,44683,307248872,307285397,36525,3,2,0,0,0,0,0,2420,1,1
44684,4,7,1,44684,307300128,307347065,46937,4,1,2,0,0,0,0,2420,1,1
44685,4,7,4,44685,307361809,307583042,221233,26,16,9,0,0,0,0,2420,1,1
44686,4,7,1,44686,307597779,307644689,46910,4,1,2,0,0,0,0,2420,1,1
44687,4,7,0,44687,307659432,307688514,29082,2,1,0,0,0,0,0,2420,1,1
44688,4,7,2,44688,307703258,307733786,30528,2,0,1,0,0,0,0,2420,1,1
44689,4,7,1,44689,307748518,307770144,21626,1,0,0,0,0,0,0,2420,1,1
44690,4,7,3,44690,307784892,307922791,137899,16,12,3,0,0,0,0,2420,1,1
44691,4,7,0,44691,307937528,307959146,21618,1,0,0,0,0,0,0,2420,1,1
44692,4,7,2,44692,307973890,308010437,36547,3,2,0,0,0,0,0,2420,1,1
44693,4,7,0,44693,308025173,308054253,29080,2,1,0,0,0,0,0,2420,1,1
44694,4,7,2,44694,308068992,308106982,37990,3,1,1,0,0,0,0,2420,1,1
44695,4,7,3,44695,308121713,308159736,38023,3,1,1,0,0,0,0,2420,1,1
44696,4,7,0,44696,308174471,308196089,21618,1,0,0,0,0,0,0,2420,1,1
44697,4,7,0,44697,308210829,308263783,52954,5,3,1,0,0,0,0,2420,1,1
44698,4,7,4,44698,308278523,308300125,21602,1,0,0,0,0,0,0,2420,1,1
44699,4,7,0,44699,308314861,308343930,29069,2,1,0,0,0,0,0,2420,1,1
44700,4,7,4,44700,308358670,308380272,21602,1,0,0,0,0,0,0,2420,1,1
44701,4,7,0,44701,308395009,308425558,30549,2,0,1,0,0,0,0,2420,1,1
44702,4,7,1,44702,308440298,308499279,58981,6,5,0,0,0,0,0,2420,1,1
44703,4,7,4,44703,308514026,308560954,46928,4,1,2,0,0,0,0,2420,1,1
44704,4,7,1,44704,308575690,308642135,66445,7,6,0,0,0,0,0,2420,1,1
44705,4,7,0,44705,308656883,308678501,21618,1,0,0,0,0,0,0,2420,1,1
44706,4,7,3,44706,308693244,308755079,61835,6,3,2,0,0,0,0,2420,1,1
44707,4,7,0,44707,308769811,308800351,30540,2,0,1,0,0,0,0,2420,1,1
44708,4,7,0,44708,308815095,308917172,102077,11,6,4,0,0,0,0,2420,1,1
44709,4,7,3,44709,308931915,309159193,227278,27,18,8,0,0,0,0,2420,1,1
44710,4,7,1,44710,309173934,309195560,21626,1,0,0,0,0,0,0,2420,1,1
44711,4,7,1,44711,309210303,309297453,87150,9,4,4,0,0,0,0,2420,1,1
44712,4,7,0,44712,309312196,309342740,30544,2,0,1,0,0,0,0,2420,1,1
44713,4,7,3,44713,309357485,309395483,37998,3,1,1,0,0,0,0,2420,1,1
44714,4,7,3,44714,309410215,309440723,30508,2,0,1,0,0,0,0,2420,1,1
44715,4,7,3,44715,309455459,309509822,54363,5,2,2,0,0,0,0,2420,1,1
44716,4,7,4,44716,309524558,309561079,36521,3,2,0,0,0,0,0,2420,1,1
44717,4,7,0,44717,309575815,309621254,45439,4,2,1,0,0,0,0,2420,1,1
44718,4,7,1,44718,309635998,309672565,36567,3,2,0,0,0,0,0,2420,1,1
44719,4,7,3,44719,309687313,309716376,29063,2,1,0,0,0,0,0,2420,1,1
44720,4,7,2,44720,309731108,309752710,21602,1,0,0,0,0,0,0,2420,1,1
44721,4,7,1,44721,309767445,309797976,30531,2,0,1,0,0,0,0,2420,1,1
44722,4,7,0,44722,309812720,309850752,38032,3,1,1,0,0,0,0,2420,1,1
44723,4,7,3,44723,309865497,309887100,21603,1,0,0,0,0,0,0,2420,1,1
44724,4,7,4,44724,309901832,309953328,51496,5,4,0,0,0,0,0,2420,1,1
44725,4,7,1,44725,309968060,310013503,45443,4,2,1,0,0,0,0,2420,1,1
44726,4,7,0,44726,310028247,310058801,30554,2,0,1,0,0,0,0,2420,1,1
44727,4,7,2,44727,310073546,310153200,79654,8,3,4,0,0,0,0,2420,1,1
44728,4,7,3,44728,310167932,310213373,45441,4,2,1,0,0,0,0,2420,1,1
44729,4,7,0,44729,310228105,310258633,30528,2,0,1,0,0,0,0,2420,1,1
44730,4,7,1,44730,310273377,310303920,30543,2,0,1,0,0,0,0,2420,1,1
44731,4,7,4,44731,310318664,310373050,54386,5,2,2,0,0,0,0,2420,1,1
44732,4,7,1,44732,310387782,310473545,85763,9,5,3,0,0,0,0,2420,1,1
44733,4,7,3,44733,310488289,310542679,54390,5,2,2,0,0,0,0,2420,1,1
44734,4,7,2,44734,310557414,310587939,30525,2,0,1,0,0,0,0,2420,1,1
44735,4,7,2,44735,310602671,310686906,84235,9,6,2,0,0,0,0,2420,1,1
44736,4,7,0,44736,310701637,310748544,46907,4,1,2,0,0,0,0,2420,1,1
44737,4,7,2,44737,310763288,310802696,39408,3,0,2,0,0,0,0,2420,1,1
44738,4,7,4,44738,310817432,310839034,21602,1,0,0,0,0,0,0,2420,1,1
44739,4,7,2,44739,310853770,310891757,37987,3,1,1,0,0,0,0,2420,1,1
44740,4,7,1,44740,310906493,310960879,54386,5,2,2,0,0,0,0,2420,1,1
44741,4,7,2,44741,310975627,311004690,29063,2,1,0,0,0,0,0,2420,1,1
44742,4,7,3,44742,311019422,311048488,29066,2,1,0,0,0,0,0,2420,1,1
44743,4,7,1,44743,311063224,311101205,37981,3,1,1,0,0,0,0,2420,1,1
44744,4,7,1,44744,311115953,311194219,78266,8,4,3,0,0,0,0,2420,1,1
44745,4,7,4,44745,311208963,311239474,30511,2,0,1,0,0,0,0,2420,1,1
44746,4,7,0,44746,311254210,311322073,67863,7,5,1,0,0,0,0,2420,1,1
44747,4,7,2,44747,311336817,311383728,46911,4,1,2,0,0,0,0,2420,1,1
44748,4,7,3,44748,311398460,311420062,21602,1,0,0,0,0,0,0,2420,1,1
44749,4,7,1,44749,311434798,311456424,21626,1,0,0,0,0,0,0,2420,1,1
44750,4,7,3,44750,311471167,311507730,36563,3,2,0,0,0,0,0,2420,1,1
44751,4,7,0,44751,311522462,311551567,29105,2,1,0,0,0,0,0,2420,1,1
44752,4,7,1,44752,311566311,311662408,96097,10,4,5,0,0,0,0,2420,1,1
44753,4,7,3,44753,311677158,311749569,72411,7,3,2,0,1,0,0,2420,1,1
44754,4,7,1,44754,311764305,311887366,123061,14,10,3,0,0,0,0,2420,1,1
44755,4,7,4,44755,311902115,311923721,21606,1,0,0,0,0,0,0,2420,1,1
44756,4,7,0,44756,311938453,311960070,21617,1,0,0,0,0,0,0,2420,1,1
44757,4,7,0,44757,311974814,312020256,45442,4,2,1,0,0,0,0,2420,1,1
44758,4,7,2,44758,312035000,312128126,93126,10,6,3,0,0,0,0,2420,1,1
44759,4,7,2,44759,312142864,312164467,21603,1,0,0,0,0,0,0,2420,1,1
44760,4,7,4,44760,312179199,312208270,29071,2,1,0,0,0,0,0,2420,1,1
44761,4,7,3,44761,312223006,312308658,85652,9,5,3,0,0,0,0,2420,1,1
44762,4,7,2,44762,312323395,312344997,21602,1,0,0,0,0,0,0,2420,1,1
44763,4,7,3,44763,312359728,312390254,30526,2,0,1,0,0,0,0,2420,1,1
44764,4,7,4,44764,312404990,312441520,36530,3,2,0,0,0,0,0,2420,1,1
44765,4,7,0,44765,312456256,312477874,21618,1,0,0,0,0,0,0,2420,1,1
44766,4,7,4,44766,312492613,312530587,37974,3,1,1,0,0,0,0,2420,1,1
44767,4,7,0,44767,312545323,312575848,30525,2,0,1,0,0,0,0,2420,1,1
44768,4,7,4,44768,312590588,312644975,54387,5,2,2,0,0,0,0,2420,1,1
44769,4,7,4,44769,312659707,312690233,30526,2,0,1,0,0,0,0,2420,1,1
44770,4,7,3,44770,312704969,312734051,29082,2,1,0,0,0,0,0,2420,1,1
44771,4,7,3,44771,312748783,312828409,79626,8,3,4,0,0,0,0,2420,1,1
44772,4,7,3,44772,312843144,312971972,128828,14,6,7,0,0,0,0,2420,1,1
44773,4,7,3,44773,312986710,313024702,37992,3,1,1,0,0,0,0,2420,1,1
44774,4,7,2,44774,313039434,313083460,44026,4,3,0,0,0,0,0,2420,1,1
44775,4,7,2,44775,313098192,313145067,46875,4,1,2,0,0,0,0,2420,1,1
44776,4,7,1,44776,313159799,313300362,140563,15,4,10,0,0,0,0,2420,1,1
44777,4,7,3,44777,313315111,313344167,29056,2,1,0,0,0,0,0,2420,1,1
44778,4,7,4,44778,313358896,313380494,21598,1,0,0,0,0,0,0,2420,1,1
44779,4,7,4,44779,313395226,313416824,21598,1,0,0,0,0,0,0,2420,1,1
44780,4,7,1,44780,313431552,313477006,45454,4,2,1,0,0,0,0,2420,1,1
44781,4,7,0,44781,313491746,313529718,37972,3,1,1,0,0,0,0,2420,1,1
44782,4,7,4,44782,313544458,313636156,91698,10,7,2,0,0,0,0,2420,1,1
44783,4,7,0,44783,313650885,313688878,37993,3,1,1,0,0,0,0,2420,1,1
44784,4,7,3,44784,313703618,313786401,82783,9,7,1,0,0,0,0,2420,1,1
44785,4,7,3,44785,313801130,313939122,137992,16,12,3,0,0,0,0,2420,1,1
44786,4,7,2,44786,313953858,313999301,45443,4,2,1,0,0,0,0,2420,1,1
44787,4,7,3,44787,314014032,314035631,21599,1,0,0,0,0,0,0,2420,1,1
44788,4,7,1,44788,314050359,314079437,29078,2,1,0,0,0,0,0,2420,1,1
44789,4,7,0,44789,314094181,314124717,30536,2,0,1,0,0,0,0,2420,1,1
44790,4,7,2,44790,314139453,314161051,21598,1,0,0,0,0,0,0,2420,1,1
44791,4,7,2,44791,314175783,314204846,29063,2,1,0,0,0,0,0,2420,1,1
44792,4,7,3,44792,314219573,314279946,60373,6,4,1,0,0,0,0,2420,1,1
44793,4,7,2,44793,314294678,314395312,100634,11,7,3,0,0,0,0,2420,1,1
44794,4,7,1,44794,314410043,314464405,54362,5,2,2,0,0,0,0,2420,1,1
44795,4,7,1,44795,314479145,314500767,21622,1,0,0,0,0,0,0,2420,1,1
44796,4,7,0,44796,314515511,314552043,36532,3,2,0,0,0,0,0,2420,1,1
44797,4,7,0,44797,314566782,314637558,70776,7,3,3,0,0,0,0,2420,1,1
44798,4,7,2,44798,314652296,314696293,43997,4,3,0,0,0,0,0,2420,1,1
44799,4,7,2,44799,314711021,314741538,30517,2,0,1,0,0,0,0,2420,1,1
44800,4,7,0,44800,314756270,314777883,21613,1,0,0,0,0,0,0,2420,1,1
44801,4,7,1,44801,314792619,314917135,124516,14,9,4,0,0,0,0,2420,1,1
44802,4,7,3,44802,314931878,314962387,30509,2,0,1,0,0,0,0,2420,1,1
44803,4,7,1,44803,314977119,314998741,21622,1,0,0,0,0,0,0,2420,1,1
44804,4,7,0,44804,315013485,315044005,30520,2,0,1,0,0,0,0,2420,1,1
44805,4,7,2,44805,315058741,315087790,29049,2,1,0,0,0,0,0,2420,1,1
44806,4,7,0,44806,315102518,315139067,36549,3,2,0,0,0,0,0,2420,1,1
44807,4,7,4,44807,315153807,315175405,21598,1,0,0,0,0,0,0,2420,1,1
44808,4,7,3,44808,315190133,315234102,43969,4,3,0,0,0,0,0,2420,1,1
44809,4,7,1,44809,315248834,315312140,63306,6,2,3,0,0,0,0,2420,1,1
44810,4,7,0,44810,315326888,315357422,30534,2,0,1,0,0,0,0,2420,1,1
44811,4,7,4,44811,315372162,315408675,36513,3,2,0,0,0,0,0,2420,1,1
44812,4,7,3,44812,315423411,315507639,84228,9,6,2,0,0,0,0,2420,1,1
44813,4,7,2,44813,315522372,315558904,36532,3,2,0,0,0,0,0,2420,1,1
44814,4,7,3,44814,315573641,315626525,52884,5,3,1,0,0,0,0,2420,1,1
44815,4,7,1,44815,315641256,315679283,38027,3,1,1,0,0,0,0,2420,1,1
44816,4,7,3,44816,315694031,315766212,72181,7,2,4,0,0,0,0,2420,1,1
44817,4,7,0,44817,315780944,315811474,30530,2,0,1,0,0,0,0,2420,1,1
44818,4,7,2,44818,315826219,315877695,51476,5,4,0,0,0,0,0,2420,1,1
44819,4,7,0,44819,315892427,316016967,124540,14,9,4,0,0,0,0,2420,1,1
44820,4,7,2,44820,316031709,316069711,38002,3,1,1,0,0,0,0,2420,1,1
44821,4,7,1,44821,316084447,316129935,45488,4,2,1,0,0,0,0,2420,1,1
44822,4,7,0,44822,316144682,316182681,37999,3,1,1,0,0,0,0,2420,1,1
44823,4,7,0,44823,316197425,316250350,52925,5,3,1,0,0,0,0,2420,1,1
44824,4,7,3,44824,316265094,316303088,37994,3,1,1,0,0,0,0,2420,1,1
44825,4,7,1,44825,316317819,316339445,21626,1,0,0,0,0,0,0,2420,1,1
44826,4,7,4,44826,316354192,316459137,104945,11,4,6,0,0,0,0,2420,1,1
44827,4,7,0,44827,316473876,316547581,73705,7,1,5,0,0,0,0,2420,1,1
44828,4,7,3,44828,316562321,316583927,21606,1,0,0,0,0,0,0,2420,1,1
44829,4,7,0,44829,316598659,316644147,45488,4,2,1,0,0,0,0,2420,1,1
44830,4,7,4,44830,316658886,316687948,29062,2,1,0,0,0,0,0,2420,1,1
44831,4,7,0,44831,316702680,316757057,54377,5,2,2,0,0,0,0,2420,1,1
44832,4,7,3,44832,316771797,316802318,30521,2,0,1,0,0,0,0,2420,1,1
44833,4,7,4,44833,316817053,316856467,39414,3,0,2,0,0,0,0,2420,1,1
44834,4,7,1,44834,316871199,316892829,21630,1,0,0,0,0,0,0,2420,1,1
44835,4,7,4,44835,316907573,316969427,61854,6,3,2,0,0,0,0,2420,1,1
44836,4,7,3,44836,316984162,317014703,30541,2,0,1,0,0,0,0,2420,1,1
44837,4,7,3,44837,317029436,317119442,90006,9,2,6,0,0,0,0,2420,1,1
44838,4,7,4,44838,317134178,317172196,38018,3,1,1,0,0,0,0,2420,1,1
44839,4,7,3,44839,317186932,317217459,30527,2,0,1,0,0,0,0,2420,1,1
44840,4,7,3,44840,317232191,317280534,48343,4,0,3,0,0,0,0,2420,1,1
44841,4,7,2,44841,317295271,317351125,55854,5,1,3,0,0,0,0,2420,1,1
44842,4,7,1,44842,317365861,317396408,30547,2,0,1,0,0,0,0,2420,1,1
44843,4,7,0,44843,317411152,317464096,52944,5,3,1,0,0,0,0,2420,1,1
44844,4,7,1,44844,317478836,317500461,21625,1,0,0,0,0,0,0,2420,1,1
44845,4,7,2,44845,317515209,317536811,21602,1,0,0,0,0,0,0,2420,1,1
44846,4,7,0,44846,317551543,317573165,21622,1,0,0,0,0,0,0,2420,1,1
44847,4,7,3,44847,317587905,317609507,21602,1,0,0,0,0,0,0,2420,1,1
44848,4,7,0,44848,317624242,317653317,29075,2,1,0,0,0,0,0,2420,1,1
44849,4,7,4,44849,317668056,317712043,43987,4,3,0,0,0,0,0,2420,1,1
44850,4,7,2,44850,317726778,317755829,29051,2,1,0,0,0,0,0,2420,1,1
44851,4,7,1,44851,317770560,317799651,29091,2,1,0,0,0,0,0,2420,1,1
44852,4,7,1,44852,317814399,317836023,21624,1,0,0,0,0,0,0,2420,1,1
44853,4,7,0,44853,317850767,317928929,78162,8,4,3,0,0,0,0,2420,1,1
44854,4,7,2,44854,317943673,318029381,85708,9,5,3,0,0,0,0,2420,1,1
44855,4,7,2,44855,318044117,318223708,179591,21,14,6,0,0,0,0,2420,1,1
44856,4,7,4,44856,318238445,318276425,37980,3,1,1,0,0,0,0,2420,1,1
44857,4,7,3,44857,318291157,318312763,21606,1,0,0,0,0,0,0,2420,1,1
44858,4,7,4,44858,318327495,318365474,37979,3,1,1,0,0,0,0,2420,1,1
44859,4,7,1,44859,318380205,318410735,30530,2,0,1,0,0,0,0,2420,1,1
44860,4,7,1,44860,318425483,318463469,37986,3,1,1,0,0,0,0,2420,1,1
44861,4,7,3,44861,318478213,318499814,21601,1,0,0,0,0,0,0,2420,1,1
44862,4,7,2,44862,318514550,318586778,72228,7,2,4,0,0,0,0,2420,1,1
44863,4,7,2,44863,318601509,318623115,21606,1,0,0,0,0,0,0,2420,1,1
44864,4,7,3,44864,318637846,318707161,69315,7,4,2,0,0,0,0,2420,1,1
44865,4,7,4,44865,318721893,318752419,30526,2,0,1,0,0,0,0,2420,1,1
44866,4,7,3,44866,318767154,318873601,106447,11,3,7,0,0,0,0,2420,1,1
44867,4,7,4,44867,318888336,318968005,79669,8,3,4,0,0,0,0,2420,1,1
44868,4,7,0,44868,318982737,319102880,120143,14,12,1,0,0,0,0,2420,1,1
44869,4,7,1,44869,319117625,319179487,61862,6,3,2,0,0,0,0,2420,1,1
44870,4,7,2,44870,319194235,319215836,21601,1,0,0,0,0,0,0,2420,1,1
44871,4,7,0,44871,319230568,319329764,99196,11,8,2,0,0,0,0,2420,1,1
44872,4,7,2,44872,319344510,319366112,21602,1,0,0,0,0,0,0,2420,1,1
44873,4,7,3,44873,319380845,319402446,21601,1,0,0,0,0,0,0,2420,1,1
44874,4,7,2,44874,319417182,319455150,37968,3,1,1,0,0,0,0,2420,1,1
44875,4,7,4,44875,319469882,319507842,37960,3,1,1,0,0,0,0,2420,1,1
44876,4,7,4,44876,319522574,319544180,21606,1,0,0,0,0,0,0,2420,1,1
44877,4,7,1,44877,319558911,319580537,21626,1,0,0,0,0,0,0,2420,1,1
44878,4,7,4,44878,319595285,319658556,63271,6,2,3,0,0,0,0,2420,1,1
44879,4,7,4,44879,319673291,319733667,60376,6,4,1,0,0,0,0,2420,1,1
44880,4,7,2,44880,319748398,319826622,78224,8,4,3,0,0,0,0,2420,1,1
44881,4,7,0,44881,319841354,319943380,102026,11,6,4,0,0,0,0,2420,1,1
44882,4,7,4,44882,319958122,320116828,158706,18,10,7,0,0,0,0,2420,1,1
44883,4,7,3,44883,320131565,320169552,37987,3,1,1,0,0,0,0,2420,1,1
44884,4,7,3,44884,320184288,320252117,67829,7,5,1,0,0,0,0,2420,1,1
44885,4,7,4,44885,320266853,320295905,29052,2,1,0,0,0,0,0,2420,1,1
44886,4,7,3,44886,320310637,320332238,21601,1,0,0,0,0,0,0,2420,1,1
44887,4,7,2,44887,320346974,320376052,29078,2,1,0,0,0,0,0,2420,1,1
44888,4,7,1,44888,320390785,320437669,46884,4,1,2,0,0,0,0,2420,1,1
44889,4,7,3,44889,320452412,320474018,21606,1,0,0,0,0,0,0,2420,1,1
44890,4,7,4,44890,320488750,320517833,29083,2,1,0,0,0,0,0,2420,1,1
44891,4,7,3,44891,320532566,320563098,30532,2,0,1,0,0,0,0,2420,1,1
44892,4,7,0,44892,320577829,320624735,46906,4,1,2,0,0,0,0,2420,1,1
44893,4,7,1,44893,320639474,320670018,30544,2,0,1,0,0,0,0,2420,1,1
44894,4,7,0,44894,320684766,320722746,37980,3,1,1,0,0,0,0,2420,1,1
44895,4,7,2,44895,320737486,320774026,36540,3,2,0,0,0,0,0,2420,1,1
44896,4,7,1,44896,320788758,320877327,88569,9,3,5,0,0,0,0,2420,1,1
44897,4,7,2,44897,320892071,320922580,30509,2,0,1,0,0,0,0,2420,1,1
44898,4,7,2,44898,320937315,320982721,45406,4,2,1,0,0,0,0,2420,1,1
44899,4,7,4,44899,320997457,321044391,46934,4,1,2,0,0,0,0,2420,1,1
44900,4,7,4,44900,321059122,321088198,29076,2,1,0,0,0,0,0,2420,1,1
44901,4,7,3,44901,321102934,321197572,94638,10,5,4,0,0,0,0,2420,1,1
44902,4,7,2,44902,321212306,321233913,21607,1,0,0,0,0,0,0,2420,1,1
44903,4,7,2,44903,321248645,321295543,46898,4,1,2,0,0,0,0,2420,1,1
44904,4,7,4,44904,321310275,321385585,75310,8,6,1,0,0,0,0,2420,1,1
44905,4,7,4,44905,321400317,321463631,63314,6,2,3,0,0,0,0,2420,1,1
44906,4,7,2,44906,321478363,321620691,142328,16,9,6,0,0,0,0,2420,1,1
44907,4,7,0,44907,321635430,321700163,64733,6,1,4,0,0,0,0,2420,1,1
44908,4,7,1,44908,321714907,321752913,38006,3,1,1,0,0,0,0,2420,1,1
44909,4,7,1,44909,321767657,321811698,44041,4,3,0,0,0,0,0,2420,1,1
44910,4,7,0,44910,321826446,321857002,30556,2,0,1,0,0,0,0,2420,1,1
44911,4,7,4,44911,321871741,321908263,36522,3,2,0,0,0,0,0,2420,1,1
44912,4,7,2,44912,321922995,321944598,21603,1,0,0,0,0,0,0,2420,1,1
44913,4,7,1,44913,321959329,321998793,39464,3,0,2,0,0,0,0,2420,1,1
44914,4,7,2,44914,322013540,322035143,21603,1,0,0,0,0,0,0,2420,1,1
44915,4,7,1,44915,322049874,322111665,61791,6,3,2,0,0,0,0,2420,1,1
44916,4,7,2,44916,322126413,322148015,21602,1,0,0,0,0,0,0,2420,1,1
44917,4,7,0,44917,322162746,322191813,29067,2,1,0,0,0,0,0,2420,1,1
44918,4,7,0,44918,322206557,322244552,37995,3,1,1,0,0,0,0,2420,1,1
44919,4,7,3,44919,322259292,322352367,93075,10,6,3,0,0,0,0,2420,1,1
44920,4,7,4,44920,322367105,322396155,29050,2,1,0,0,0,0,0,2420,1,1
44921,4,7,1,44921,322410887,322432512,21625,1,0,0,0,0,0,0,2420,1,1
44922,4,7,2,44922,322447260,322556834,109574,12,7,4,0,0,0,0,2420,1,1
44923,4,7,0,44923,322571569,322609561,37992,3,1,1,0,0,0,0,2420,1,1
44924,4,7,2,44924,322624305,322727805,103500,11,5,5,0,0,0,0,2420,1,1
44925,4,7,1,44925,322742541,322764170,21629,1,0,0,0,0,0,0,2420,1,1
44926,4,7,1,44926,322778914,322809466,30552,2,0,1,0,0,0,0,2420,1,1
44927,4,7,2,44927,322824213,322845815,21602,1,0,0,0,0,0,0,2420,1,1
44928,4,7,2,44928,322860548,322882149,21601,1,0,0,0,0,0,0,2420,1,1
44929,4,7,3,44929,322896885,322940874,43989,4,3,0,0,0,0,0,2420,1,1
44930,4,7,2,44930,322955610,322977211,21601,1,0,0,0,0,0,0,2420,1,1
44931,4,7,3,44931,322991943,323037381,45438,4,2,1,0,0,0,0,2420,1,1
44932,4,7,0,44932,323052113,323082650,30537,2,0,1,0,0,0,0,2420,1,1
44933,4,7,1,44933,323097394,323127926,30532,2,0,1,0,0,0,0,2420,1,1
44934,4,7,0,44934,323142670,323180679,38009,3,1,1,0,0,0,0,2420,1,1
44935,4,7,4,44935,323195423,323224493,29070,2,1,0,0,0,0,0,2420,1,1
44936,4,7,2,44936,323239225,323379902,140677,15,4,10,0,0,0,0,2420,1,1
44937,4,7,2,44937,323394643,323416245,21602,1,0,0,0,0,0,0,2420,1,1
44938,4,7,3,44938,323430977,323486803,55826,5,1,3,0,0,0,0,2420,1,1
44939,4,7,1,44939,323501535,323603669,102134,11,6,4,0,0,0,0,2420,1,1
44940,4,7,4,44940,323618416,323729357,110941,12,6,5,0,0,0,0,2420,1,1
44941,4,7,4,44941,323744095,323992195,248100,29,16,12,0,0,0,0,2420,1,1
44942,4,7,1,44942,324006938,324028564,21626,1,0,0,0,0,0,0,2420,1,1
44943,4,7,4,44943,324043311,324073835,30524,2,0,1,0,0,0,0,2420,1,1
44944,4,7,1,44944,324088567,324207019,118452,13,7,5,0,0,0,0,2420,1,1
44945,4,7,2,44945,324221766,324250849,29083,2,1,0,0,0,0,0,2420,1,1
44946,4,7,1,44946,324265585,324302141,36556,3,2,0,0,0,0,0,2420,1,1
44947,4,7,1,44947,324316889,324353429,36540,3,2,0,0,0,0,0,2420,1,1
44948,4,7,0,44948,324368173,324407631,39458,3,0,2,0,0,0,0,2420,1,1
44949,4,7,0,44949,324422371,324443993,21622,1,0,0,0,0,0,0,2420,1,1
44950,4,7,2,44950,324458733,324480335,21602,1,0,0,0,0,0,0,2420,1,1
44951,4,7,4,44951,324495070,324540513,45443,4,2,1,0,0,0,0,2420,1,1
44952,4,7,2,44952,324555249,324593219,37970,3,1,1,0,0,0,0,2420,1,1
44953,4,7,0,44953,324607951,324703979,96028,10,4,5,0,0,0,0,2420,1,1
44954,4,7,2,44954,324718721,324790896,72175,7,2,4,0,0,0,0,2420,1,1
44955,4,7,1,44955,324805632,324834725,29093,2,1,0,0,0,0,0,2420,1,1
44956,4,7,1,44956,324849468,324871094,21626,1,0,0,0,0,0,0,2420,1,1
44957,4,7,1,44957,324885842,324907468,21626,1,0,0,0,0,0,0,2420,1,1
44958,4,7,3,44958,324922212,324960237,38025,3,1,1,0,0,0,0,2420,1,1
44959,4,7,3,44959,324974973,325179962,204989,24,15,8,0,0,0,0,2420,1,1
44960,4,7,4,44960,325194703,325243042,48339,4,0,3,0,0,0,0,2420,1,1
44961,4,7,4,44961,325257773,325312140,54367,5,2,2,0,0,0,0,2420,1,1
44962,4,7,3,44962,325326876,325348478,21602,1,0,0,0,0,0,0,2420,1,1
44963,4,7,2,44963,325363214,325401208,37994,3,1,1,0,0,0,0,2420,1,1
44964,4,7,3,44964,325415944,325535772,119828,13,6,6,0,0,0,0,2420,1,1
44965,4,7,3,44965,325550506,325606313,55807,5,1,3,0,0,0,0,2420,1,1
44966,4,7,2,44966,325621045,325666510,45465,4,2,1,0,0,0,0,2420,1,1
44967,4,7,3,44967,325681242,325741660,60418,6,4,1,0,0,0,0,2420,1,1
44968,4,7,2,44968,325756396,325810753,54357,5,2,2,0,0,0,0,2420,1,1
44969,4,7,0,44969,325825485,325854554,29069,2,1,0,0,0,0,0,2420,1,1
44970,4,7,0,44970,325869289,325890903,21614,1,0,0,0,0,0,0,2420,1,1
44971,4,7,0,44971,325905642,325982467,76825,8,5,2,0,0,0,0,2420,1,1
44972,4,7,3,44972,325997206,326035196,37990,3,1,1,0,0,0,0,2420,1,1
44973,4,7,2,44973,326049923,326093907,43984,4,3,0,0,0,0,0,2420,1,1
44974,4,7,1,44974,326108635,326169070,60435,6,4,1,0,0,0,0,2420,1,1
44975,4,7,0,44975,326183813,326230732,46919,4,1,2,0,0,0,0,2420,1,1
44976,4,7,3,44976,326245473,326267071,21598,1,0,0,0,0,0,0,2420,1,1
44977,4,7,2,44977,326281798,326310879,29081,2,1,0,0,0,0,0,2420,1,1
44978,4,7,2,44978,326325611,326347209,21598,1,0,0,0,0,0,0,2420,1,1
44979,4,7,4,44979,326361938,326435576,73638,7,1,5,0,0,0,0,2420,1,1
44980,4,7,2,44980,326450304,326495739,45435,4,2,1,0,0,0,0,2420,1,1
44981,4,7,1,44981,326510467,326547028,36561,3,2,0,0,0,0,0,2420,1,1
44982,4,7,1,44982,326561768,326623615,61847,6,3,2,0,0,0,0,2420,1,1
44983,4,7,4,44983,326638355,326659954,21599,1,0,0,0,0,0,0,2420,1,1
44984,4,7,3,44984,326674686,326703771,29085,2,1,0,0,0,0,0,2420,1,1
44985,4,7,2,44985,326718498,326755037,36539,3,2,0,0,0,0,0,2420,1,1
44986,4,7,4,44986,326769764,326815203,45439,4,2,1,0,0,0,0,2420,1,1
44987,4,7,0,44987,326829930,326851544,21614,1,0,0,0,0,0,0,2420,1,1
44988,4,7,2,44988,326866284,326911747,45463,4,2,1,0,0,0,0,2420,1,1
44989,4,7,1,44989,326926479,326948100,21621,1,0,0,0,0,0,0,2420,1,1
44990,4,7,0,44990,326962841,326984455,21614,1,0,0,0,0,0,0,2420,1,1
44991,4,7,1,44991,326999191,327099823,100632,11,7,3,0,0,0,0,2420,1,1
44992,4,7,4,44992,327114570,327192759,78189,8,4,3,0,0,0,0,2420,1,1
44993,4,7,4,44993,327207486,327331914,124428,14,9,4,0,0,0,0,2420,1,1
44994,4,7,2,44994,327346649,327441233,94584,10,5,4,0,0,0,0,2420,1,1
44995,4,7,3,44995,327455966,327516376,60410,6,4,1,0,0,0,0,2420,1,1
44996,4,7,0,44996,327531104,327569079,37975,3,1,1,0,0,0,0,2420,1,1
44997,4,7,3,44997,327583819,327621790,37971,3,1,1,0,0,0,0,2420,1,1
44998,4,7,4,44998,327636522,327658120,21598,1,0,0,0,0,0,0,2420,1,1
44999,4,7,1,44999,327672852,327694474,21622,1,0,0,0,0,0,0,2420,1,1
45000,4,5,1,45000,327709213,327780384,71171,7,3,3,0,0,0,0,2420,1,1
45001,4,5,2,45001,327795357,327833409,38052,3,1,1,0,0,0,0,2420,1,1
45002,4,5,2,45002,327848125,327892214,44089,4,3,0,0,0,0,0,2420,1,1
45003,4,5,1,45003,327906934,327959948,53014,5,3,1,0,0,0,0,2420,1,1
45004,4,5,3,45004,327974681,328027718,53037,5,3,1,0,0,0,0,2420,1,1
45005,4,5,2,45005,328042435,328153468,111033,12,6,5,0,0,0,0,2420,1,1
45006,4,5,1,45006,328168188,328189892,21704,1,0,0,0,0,0,0,2420,1,1
45007,4,5,4,45007,328204625,328233765,29140,2,1,0,0,0,0,0,2420,1,1
45008,4,5,3,45008,328248482,328368452,119970,13,6,6,0,0,0,0,2420,1,1
45009,4,5,4,45009,328383177,328404858,21681,1,0,0,0,0,0,0,2420,1,1
45010,4,5,3,45010,328419575,328465075,45500,4,2,1,0,0,0,0,2420,1,1
45011,4,5,1,45011,328479792,328628156,148364,17,11,5,0,0,0,0,2420,1,1
45012,4,5,2,45012,328642893,328703318,60425,6,4,1,0,0,0,0,2420,1,1
45013,4,5,2,45013,328718034,328748621,30587,2,0,1,0,0,0,0,2420,1,1
45014,4,5,2,45014,328763342,328792491,29149,2,1,0,0,0,0,0,2420,1,1
45015,4,5,2,45015,328807211,328828891,21680,1,0,0,0,0,0,0,2420,1,1
45016,4,5,0,45016,328843612,328927916,84304,9,6,2,0,0,0,0,2420,1,1
45017,4,5,2,45017,328942640,328964325,21685,1,0,0,0,0,0,0,2420,1,1
45018,4,5,3,45018,328979042,329023129,44087,4,3,0,0,0,0,0,2420,1,1
45019,4,5,4,45019,329037846,329068432,30586,2,0,1,0,0,0,0,2420,1,1
45020,4,5,3,45020,329083152,329104833,21681,1,0,0,0,0,0,0,2420,1,1
45021,4,5,4,45021,329119550,329163601,44051,4,3,0,0,0,0,0,2420,1,1
45022,4,5,0,45022,329178316,329249149,70833,7,3,3,0,0,0,0,2420,1,1
45023,4,5,4,45023,329263877,329293033,29156,2,1,0,0,0,0,0,2420,1,1
45024,4,5,2,45024,329307749,329354701,46952,4,1,2,0,0,0,0,2420,1,1
45025,4,5,0,45025,329369417,329437332,67915,7,5,1,0,0,0,0,2420,1,1
45026,4,5,2,45026,329452057,329490147,38090,3,1,1,0,0,0,0,2420,1,1
45027,4,5,2,45027,329504868,329526548,21680,1,0,0,0,0,0,0,2420,1,1
45028,4,5,3,45028,329541265,329570417,29152,2,1,0,0,0,0,0,2420,1,1
45029,4,5,3,45029,329585139,329690188,105049,11,4,6,0,0,0,0,2420,1,1
45030,4,5,3,45030,329704912,329734067,29155,2,1,0,0,0,0,0,2420,1,1
45031,4,5,2,45031,329748783,329786854,38071,3,1,1,0,0,0,0,2420,1,1
45032,4,5,0,45032,329801574,329823275,21701,1,0,0,0,0,0,0,2420,1,1
45033,4,5,1,45033,329837999,329859704,21705,1,0,0,0,0,0,0,2420,1,1
45034,4,5,0,45034,329874437,329896133,21696,1,0,0,0,0,0,0,2420,1,1
45035,4,5,1,45035,329910857,330042689,131832,14,4,9,0,0,0,0,2420,1,1
45036,4,5,2,45036,330057424,330079105,21681,1,0,0,0,0,0,0,2420,1,1
45037,4,5,0,45037,330093825,330158632,64807,6,1,4,0,0,0,0,2420,1,1
45038,4,5,3,45038,330173361,330195042,21681,1,0,0,0,0,0,0,2420,1,1
45039,4,5,2,45039,330209758,330231439,21681,1,0,0,0,0,0,0,2420,1,1
45040,4,5,2,45040,330246160,330363245,117085,13,8,4,0,0,0,0,2420,1,1
45041,4,5,4,45041,330377965,330407097,29132,2,1,0,0,0,0,0,2420,1,1
45042,4,5,4,45042,330421813,330507558,85745,9,5,3,0,0,0,0,2420,1,1
45043,4,5,2,45043,330522274,330552867,30593,2,0,1,0,0,0,0,2420,1,1
45044,4,5,4,45044,330567583,330596717,29134,2,1,0,0,0,0,0,2420,1,1
45045,4,5,2,45045,330611434,330670468,59034,6,5,0,0,0,0,0,2420,1,1
45046,4,5,0,45046,330685189,330714342,29153,2,1,0,0,0,0,0,2420,1,1
45047,4,5,0,45047,330729066,330774589,45523,4,2,1,0,0,0,0,2420,1,1
45048,4,5,2,45048,330789313,330842244,52931,5,3,1,0,0,0,0,2420,1,1
45049,4,5,4,45049,330856964,330920484,63520,6,3,1,0,1,0,0,2420,1,1
45050,4,5,3,45050,330935204,330979304,44100,4,3,0,0,0,0,0,2420,1,1
45051,4,5,0,45051,330994024,331023191,29167,2,1,0,0,0,0,0,2420,1,1
45052,4,5,4,45052,331037916,331075982,38066,3,1,1,0,0,0,0,2420,1,1
45053,4,5,0,45053,331090699,331215226,124527,14,9,4,0,0,0,0,2420,1,1
45054,4,5,2,45054,331229954,331274001,44047,4,3,0,0,0,0,0,2420,1,1
45055,4,5,4,45055,331288717,331332817,44100,4,3,0,0,0,0,0,2420,1,1
45056,4,5,4,45056,331347534,331376693,29159,2,1,0,0,0,0,0,2420,1,1
45057,4,5,3,45057,331391410,331413094,21684,1,0,0,0,0,0,0,2420,1,1
45058,4,5,0,45058,331427811,331449508,21697,1,0,0,0,0,0,0,2420,1,1
45059,4,5,4,45059,331464237,331485917,21680,1,0,0,0,0,0,0,2420,1,1
45060,4,5,2,45060,331500634,331561088,60454,6,4,1,0,0,0,0,2420,1,1
45061,4,5,2,45061,331575809,331597490,21681,1,0,0,0,0,0,0,2420,1,1
45062,4,5,3,45062,331612206,331633891,21685,1,0,0,0,0,0,0,2420,1,1
45063,4,5,3,45063,331648608,331685236,36628,3,2,0,0,0,0,0,2420,1,1
45064,4,5,1,45064,331699957,331763330,63373,6,2,3,0,0,0,0,2420,1,1
45065,4,5,1,45065,331778058,331816170,38112,3,1,1,0,0,0,0,2420,1,1
45066,4,5,2,45066,331830898,331892825,61927,6,3,2,0,0,0,0,2420,1,1
45067,4,5,4,45067,331907541,331984410,76869,8,5,2,0,0,0,0,2420,1,1
45068,4,5,3,45068,331999126,332063916,64790,6,1,4,0,0,0,0,2420,1,1
45069,4,5,4,45069,332078632,332152596,73964,8,7,0,0,0,0,0,2420,1,1
45070,4,5,4,45070,332167316,332203897,36581,3,2,0,0,0,0,0,2420,1,1
45071,4,5,4,45071,332218613,332255230,36617,3,2,0,0,0,0,0,2420,1,1
45072,4,5,3,45072,332269947,332291627,21680,1,0,0,0,0,0,0,2420,1,1
45073,4,5,1,45073,332306348,332360824,54476,5,2,2,0,0,0,0,2420,1,1
45074,4,5,3,45074,332375557,332412178,36621,3,2,0,0,0,0,0,2420,1,1
45075,4,5,4,45075,332426898,332448578,21680,1,0,0,0,0,0,0,2420,1,1
45076,4,5,2,45076,332463300,332492431,29131,2,1,0,0,0,0,0,2420,1,1
45077,4,5,1,45077,332507151,332560145,52994,5,3,1,0,0,0,0,2420,1,1
45078,4,5,1,45078,332574877,332629349,54472,5,2,2,0,0,0,0,2420,1,1
45079,4,5,2,45079,332644082,332738716,94634,10,5,4,0,0,0,0,2420,1,1
45080,4,5,1,45080,332753438,332927157,173719,20,12,7,0,0,0,0,2420,1,1
45081,4,5,0,45081,332941890,332972490,30600,2,0,1,0,0,0,0,2420,1,1
45082,4,5,2,45082,332987218,333032710,45492,4,2,1,0,0,0,0,2420,1,1
45083,4,5,2,45083,333047430,333084032,36602,3,2,0,0,0,0,0,2420,1,1
45084,4,5,4,45084,333098748,333120429,21681,1,0,0,0,0,0,0,2420,1,1
45085,4,5,4,45085,333135149,333229824,94675,10,5,4,0,0,0,0,2420,1,1
45086,4,5,1,45086,333244546,333281204,36658,3,2,0,0,0,0,0,2420,1,1
45087,4,5,3,45087,333295937,333340003,44066,4,3,0,0,0,0,0,2420,1,1
45088,4,5,3,45088,333354725,333392782,38057,3,1,1,0,0,0,0,2420,1,1
45089,4,5,0,45089,333407499,333490168,82669,8,1,6,0,0,0,0,2420,1,1
45090,4,5,1,45090,333504897,333526602,21705,1,0,0,0,0,0,0,2420,1,1
45091,4,5,4,45091,333541330,333570479,29149,2,1,0,0,0,0,0,2420,1,1
45092,4,5,1,45092,333585200,333641294,56094,5,2,1,0,1,0,0,2420,1,1
45093,4,5,1,45093,333656027,333685198,29171,2,1,0,0,0,0,0,2420,1,1
45094,4,5,1,45094,333699927,333778278,78351,8,4,3,0,0,0,0,2420,1,1
45095,4,5,0,45095,333793007,333878782,85775,9,5,3,0,0,0,0,2420,1,1
45096,4,5,2,45096,333893515,333922649,29134,2,1,0,0,0,0,0,2420,1,1
45097,4,5,2,45097,333937370,333966511,29141,2,1,0,0,0,0,0,2420,1,1
45098,4,5,4,45098,333981228,334037152,55924,5,1,3,0,0,0,0,2420,1,1
45099,4,5,4,45099,334051869,334073554,21685,1,0,0,0,0,0,0,2420,1,1
45100,4,5,4,45100,334088271,334165150,76879,8,5,2,0,0,0,0,2420,1,1
45101,4,5,1,45101,334179867,334201571,21704,1,0,0,0,0,0,0,2420,1,1
45102,4,5,2,45102,334216304,334245453,29149,2,1,0,0,0,0,0,2420,1,1
45103,4,5,0,45103,334260170,334281866,21696,1,0,0,0,0,0,0,2420,1,1
45104,4,5,2,45104,334296594,334334631,38037,3,1,1,0,0,0,0,2420,1,1
45105,4,5,4,45105,334349348,334458900,109552,12,7,4,0,0,0,0,2420,1,1
45106,4,5,4,45106,334473623,334557927,84304,9,6,2,0,0,0,0,2420,1,1
45107,4,5,0,45107,334572644,334665841,93197,10,6,3,0,0,0,0,2420,1,1
45108,4,5,1,45108,334680567,334709721,29154,2,1,0,0,0,0,0,2420,1,1
45109,4,5,2,45109,334724453,334746134,21681,1,0,0,0,0,0,0,2420,1,1
45110,4,5,4,45110,334760851,334880828,119977,13,6,6,0,0,0,0,2420,1,1
45111,4,5,2,45111,334895552,334942510,46958,4,1,2,0,0,0,0,2420,1,1
45112,4,5,4,45112,334957230,334995316,38086,3,1,1,0,0,0,0,2420,1,1
45113,4,5,2,45113,335010032,335031713,21681,1,0,0,0,0,0,0,2420,1,1
45114,4,5,2,45114,335046434,335091964,45530,4,2,1,0,0,0,0,2420,1,1
45115,4,5,2,45115,335106685,335161122,54437,5,2,2,0,0,0,0,2420,1,1
45116,4,5,0,45116,335175843,335228864,53021,5,3,1,0,0,0,0,2420,1,1
45117,4,5,1,45117,335243593,335327928,84335,9,6,2,0,0,0,0,2420,1,1
45118,4,5,1,45118,335342657,335403154,60497,6,4,1,0,0,0,0,2420,1,1
45119,4,5,3,45119,335417883,335472319,54436,5,2,2,0,0,0,0,2420,1,1
45120,4,5,2,45120,335487040,335516191,29151,2,1,0,0,0,0,0,2420,1,1
45121,4,5,1,45121,335530907,335567538,36631,3,2,0,0,0,0,0,2420,1,1
45122,4,5,4,45122,335582267,335603951,21684,1,0,0,0,0,0,0,2420,1,1
45123,4,5,0,45123,335618668,335688081,69413,7,4,2,0,0,0,0,2420,1,1
45124,4,5,0,45124,335702810,335724506,21696,1,0,0,0,0,0,0,2420,1,1
45125,4,5,0,45125,335739231,335810110,70879,7,3,3,0,0,0,0,2420,1,1
45126,4,5,1,45126,335824839,335888233,63394,6,2,3,0,0,0,0,2420,1,1
45127,4,5,0,45127,335902965,336046850,143885,16,8,7,0,0,0,0,2420,1,1
45128,4,5,1,45128,336061581,336101106,39525,3,0,2,0,0,0,0,2420,1,1
45129,4,5,3,45129,336115839,336153911,38072,3,1,1,0,0,0,0,2420,1,1
45130,4,5,1,45130,336168628,336214170,45542,4,2,1,0,0,0,0,2420,1,1
45131,4,5,0,45131,336228898,336346054,117156,13,8,4,0,0,0,0,2420,1,1
45132,4,5,0,45132,336360781,336413791,53010,5,3,1,0,0,0,0,2420,1,1
45133,4,5,0,45133,336428517,336450213,21696,1,0,0,0,0,0,0,2420,1,1
45134,4,5,0,45134,336464942,336511933,46991,4,1,2,0,0,0,0,2420,1,1
45135,4,5,2,45135,336526661,336548342,21681,1,0,0,0,0,0,0,2420,1,1
45136,4,5,2,45136,336563059,336616058,52999,5,3,1,0,0,0,0,2420,1,1
45137,4,5,4,45137,336630774,336677738,46964,4,1,2,0,0,0,0,2420,1,1
45138,4,5,0,45138,336692455,336721623,29168,2,1,0,0,0,0,0,2420,1,1
45139,4,5,2,45139,336736352,336765482,29130,2,1,0,0,0,0,0,2420,1,1
45140,4,5,0,45140,336780199,336840660,60461,6,4,1,0,0,0,0,2420,1,1
45141,4,5,1,45141,336855388,336886003,30615,2,0,1,0,0,0,0,2420,1,1
45142,4,5,1,45142,336900731,336970160,69429,7,4,2,0,0,0,0,2420,1,1
45143,4,5,2,45143,336984892,337006573,21681,1,0,0,0,0,0,0,2420,1,1
45144,4,5,4,45144,337021290,337107055,85765,9,5,3,0,0,0,0,2420,1,1
45145,4,5,0,45145,337121771,337143472,21701,1,0,0,0,0,0,0,2420,1,1
45146,4,5,1,45146,337158197,337202312,44115,4,3,0,0,0,0,0,2420,1,1
45147,4,5,4,45147,337217044,337289436,72392,7,3,2,0,1,0,0,2420,1,1
45148,4,5,3,45148,337304157,337361507,57350,5,0,4,0,0,0,0,2420,1,1
45149,4,5,2,45149,337376228,337397909,21681,1,0,0,0,0,0,0,2420,1,1
45150,4,5,4,45150,337412626,337483460,70834,7,3,3,0,0,0,0,2420,1,1
45151,4,5,4,45151,337498176,337519857,21681,1,0,0,0,0,0,0,2420,1,1
45152,4,5,0,45152,337534578,337605585,71007,7,4,1,0,1,0,0,2420,1,1
45153,4,5,1,45153,337620309,337656943,36634,3,2,0,0,0,0,0,2420,1,1
45154,4,5,0,45154,337671671,337718641,46970,4,1,2,0,0,0,0,2420,1,1
45155,4,5,3,45155,337733370,337755051,21681,1,0,0,0,0,0,0,2420,1,1
45156,4,5,3,45156,337769768,337800373,30605,2,0,1,0,0,0,0,2420,1,1
45157,4,5,4,45157,337815094,337853146,38052,3,1,1,0,0,0,0,2420,1,1
45158,4,5,0,45158,337867863,337928349,60486,6,4,1,0,0,0,0,2420,1,1
45159,4,5,3,45159,337943075,337972237,29162,2,1,0,0,0,0,0,2420,1,1
45160,4,5,0,45160,337986961,338080239,93278,10,6,3,0,0,0,0,2420,1,1
45161,4,5,2,45161,338094970,338116652,21682,1,0,0,0,0,0,0,2420,1,1
45162,4,5,1,45162,338131368,338248400,117032,13,8,4,0,0,0,0,2420,1,1
45163,4,5,0,45163,338263134,338292291,29157,2,1,0,0,0,0,0,2420,1,1
45164,4,5,3,45164,338307019,338361442,54423,5,2,2,0,0,0,0,2420,1,1
45165,4,5,2,45165,338376163,338414255,38092,3,1,1,0,0,0,0,2420,1,1
45166,4,5,4,45166,338428971,338520696,91725,10,7,2,0,0,0,0,2420,1,1
45167,4,5,2,45167,338535418,338597352,61934,6,3,2,0,0,0,0,2420,1,1
45168,4,5,2,45168,338612069,338665028,52959,5,3,1,0,0,0,0,2420,1,1
45169,4,5,1,45169,338679745,338756607,76862,8,5,2,0,0,0,0,2420,1,1
45170,4,5,3,45170,338771335,338793019,21684,1,0,0,0,0,0,0,2420,1,1
45171,4,5,3,45171,338807736,338872575,64839,6,1,4,0,0,0,0,2420,1,1
45172,4,5,4,45172,338887296,338940264,52968,5,3,1,0,0,0,0,2420,1,1
45173,4,5,0,45173,338954985,338984133,29148,2,1,0,0,0,0,0,2420,1,1
45174,4,5,4,45174,338998858,339036893,38035,3,1,1,0,0,0,0,2420,1,1
45175,4,5,2,45175,339051610,339106064,54454,5,2,2,0,0,0,0,2420,1,1
45176,4,5,3,45176,339120780,339173800,53020,5,3,1,0,0,0,0,2420,1,1
45177,4,5,1,45177,339188516,339242985,54469,5,2,2,0,0,0,0,2420,1,1
45178,4,5,0,45178,339257714,339286865,29151,2,1,0,0,0,0,0,2420,1,1
45179,4,5,0,45179,339301589,339396291,94702,10,5,4,0,0,0,0,2420,1,1
45180,4,5,1,45180,339411018,339440193,29175,2,1,0,0,0,0,0,2420,1,1
45181,4,5,1,45181,339454925,339476631,21706,1,0,0,0,0,0,0,2420,1,1
45182,4,5,4,45182,339491359,339587459,96100,10,4,5,0,0,0,0,2420,1,1
45183,4,5,2,45183,339602178,339623863,21685,1,0,0,0,0,0,0,2420,1,1
45184,4,5,0,45184,339638579,339693042,54463,5,2,2,0,0,0,0,2420,1,1
45185,4,5,3,45185,339707767,339762209,54442,5,2,2,0,0,0,0,2420,1,1
45186,4,5,0,45186,339776930,339823901,46971,4,1,2,0,0,0,0,2420,1,1
45187,4,5,1,45187,339838626,339882720,44094,4,3,0,0,0,0,0,2420,1,1
45188,4,5,1,45188,339897452,340016002,118550,13,7,5,0,0,0,0,2420,1,1
45189,4,5,3,45189,340030733,340076268,45535,4,2,1,0,0,0,0,2420,1,1
45190,4,5,1,45190,340090985,340130520,39535,3,0,2,0,0,0,0,2420,1,1
45191,4,5,0,45191,340145254,340183340,38086,3,1,1,0,0,0,0,2420,1,1
45192,4,5,2,45192,340198069,340285290,87221,9,4,4,0,0,0,0,2420,1,1
45193,4,5,4,45193,340300007,340321688,21681,1,0,0,0,0,0,0,2420,1,1
45194,4,5,0,45194,340336409,340374497,38088,3,1,1,0,0,0,0,2420,1,1
45195,4,5,0,45195,340389221,340427304,38083,3,1,1,0,0,0,0,2420,1,1
45196,4,5,0,45196,340442028,340487567,45539,4,2,1,0,0,0,0,2420,1,1
45197,4,5,4,45197,340502292,340523978,21686,1,0,0,0,0,0,0,2420,1,1
45198,4,5,3,45198,340538694,340602118,63424,6,2,3,0,0,0,0,2420,1,1
45199,4,5,0,45199,340616839,340695148,78309,8,4,3,0,0,0,0,2420,1,1
45200,4,5,1,45200,340709873,340755425,45552,4,2,1,0,0,0,0,2420,1,1
45201,4,5,3,45201,340770153,340817115,46962,4,1,2,0,0,0,0,2420,1,1
45202,4,5,0,45202,340831831,340902692,70861,7,3,3,0,0,0,0,2420,1,1
45203,4,5,4,45203,340917420,340970428,53008,5,3,1,0,0,0,0,2420,1,1
45204,4,5,1,45204,340985149,341103797,118648,13,8,3,0,1,0,0,2420,1,1
45205,4,5,2,45205,341118528,341156588,38060,3,1,1,0,0,0,0,2420,1,1
45206,4,5,1,45206,341171304,341209395,38091,3,1,1,0,0,0,0,2420,1,1
45207,4,5,2,45207,341224127,341333767,109640,12,7,4,0,0,0,0,2420,1,1
45208,4,5,2,45208,341348486,341443150,94664,10,5,4,0,0,0,0,2420,1,1
45209,4,5,2,45209,341457868,341494483,36615,3,2,0,0,0,0,0,2420,1,1
45210,4,5,0,45210,341509200,341606994,97794,11,9,1,0,0,0,0,2420,1,1
45211,4,5,1,45211,341621722,341643430,21708,1,0,0,0,0,0,0,2420,1,1
45212,4,5,2,45212,341658159,341679840,21681,1,0,0,0,0,0,0,2420,1,1
45213,4,5,3,45213,341694561,341747522,52961,5,3,1,0,0,0,0,2420,1,1
45214,4,5,3,45214,341762239,341809199,46960,4,1,2,0,0,0,0,2420,1,1
45215,4,5,0,45215,341823920,341885856,61936,6,3,2,0,0,0,0,2420,1,1
45216,4,5,3,45216,341900580,341931175,30595,2,0,1,0,0,0,0,2420,1,1
45217,4,5,3,45217,341945896,341975043,29147,2,1,0,0,0,0,0,2420,1,1
45218,4,5,1,45218,341989760,342027855,38095,3,1,1,0,0,0,0,2420,1,1
45219,4,5,3,45219,342042584,342088124,45540,4,2,1,0,0,0,0,2420,1,1
45220,4,5,4,45220,342102844,342154352,51508,5,4,0,0,0,0,0,2420,1,1
45221,4,5,3,45221,342169069,342216023,46954,4,1,2,0,0,0,0,2420,1,1
45222,4,5,4,45222,342230739,342267367,36628,3,2,0,0,0,0,0,2420,1,1
45223,4,5,3,45223,342282084,342303769,21685,1,0,0,0,0,0,0,2420,1,1
45224,4,5,1,45224,342318490,342347657,29167,2,1,0,0,0,0,0,2420,1,1
45225,4,5,2,45225,342362386,342407900,45514,4,2,1,0,0,0,0,2420,1,1
45226,4,5,3,45226,342422616,342492016,69400,7,4,2,0,0,0,0,2420,1,1
45227,4,5,2,45227,342506736,342528417,21681,1,0,0,0,0,0,0,2420,1,1
45228,4,5,2,45228,342543136,342581212,38076,3,1,1,0,0,0,0,2420,1,1
45229,4,5,0,45229,342595933,342617629,21696,1,0,0,0,0,0,0,2420,1,1
45230,4,5,3,45230,342632354,342677863,45509,4,2,1,0,0,0,0,2420,1,1
45231,4,5,0,45231,342692580,342714280,21700,1,0,0,0,0,0,0,2420,1,1
45232,4,5,1,45232,342729004,342750708,21704,1,0,0,0,0,0,0,2420,1,1
45233,4,5,3,45233,342765441,342810965,45524,4,2,1,0,0,0,0,2420,1,1
45234,4,5,4,45234,342825686,342871219,45533,4,2,1,0,0,0,0,2420,1,1
45235,4,5,2,45235,342885940,342999864,113924,12,4,7,0,0,0,0,2420,1,1
45236,4,5,2,45236,343014587,343216575,201988,24,17,6,0,0,0,0,2420,1,1
45237,4,5,0,45237,343231296,343260469,29173,2,1,0,0,0,0,0,2420,1,1
45238,4,5,3,45238,343275197,343304343,29146,2,1,0,0,0,0,0,2420,1,1
45239,4,5,3,45239,343319060,343372055,52995,5,3,1,0,0,0,0,2420,1,1
45240,4,5,2,45240,343386775,343415939,29164,2,1,0,0,0,0,0,2420,1,1
45241,4,5,1,45241,343430656,343467289,36633,3,2,0,0,0,0,0,2420,1,1
45242,4,5,3,45242,343482017,343664603,182586,21,12,8,0,0,0,0,2420,1,1
45243,4,5,1,45243,343679324,343701029,21705,1,0,0,0,0,0,0,2420,1,1
45244,4,5,0,45244,343715762,343817864,102102,11,6,4,0,0,0,0,2420,1,1
45245,4,5,0,45245,343832593,343885631,53038,5,3,1,0,0,0,0,2420,1,1
45246,4,5,2,45246,343900355,343922035,21680,1,0,0,0,0,0,0,2420,1,1
45247,4,5,4,45247,343936756,343974822,38066,3,1,1,0,0,0,0,2420,1,1
45248,4,5,2,45248,343989539,344084253,94714,10,5,4,0,0,0,0,2420,1,1
45249,4,5,3,45249,344098972,344120652,21680,1,0,0,0,0,0,0,2420,1,1
45250,4,5,0,45250,344135373,344198720,63347,6,2,3,0,0,0,0,2420,1,1
45251,4,5,1,45251,344213448,344328884,115436,12,3,8,0,0,0,0,2420,1,1
45252,4,5,1,45252,344343620,344365325,21705,1,0,0,0,0,0,0,2420,1,1
45253,4,5,1,45253,344380054,344401758,21704,1,0,0,0,0,0,0,2420,1,1
45254,4,5,3,45254,344416490,344533593,117103,13,8,4,0,0,0,0,2420,1,1
45255,4,5,3,45255,344548313,344602754,54441,5,2,2,0,0,0,0,2420,1,1
45256,4,5,4,45256,344617474,344686902,69428,7,4,2,0,0,0,0,2420,1,1
45257,4,5,0,45257,344701618,344769559,67941,7,5,1,0,0,0,0,2420,1,1
45258,4,5,4,45258,344784288,344814893,30605,2,0,1,0,0,0,0,2420,1,1
45259,4,5,3,45259,344829610,344851291,21681,1,0,0,0,0,0,0,2420,1,1
45260,4,5,3,45260,344866012,344904093,38081,3,1,1,0,0,0,0,2420,1,1
45261,4,5,3,45261,344918810,345014999,96189,10,4,5,0,0,0,0,2420,1,1
45262,4,5,3,45262,345029717,345140819,111102,12,6,5,0,0,0,0,2420,1,1
45263,4,5,1,45263,345155543,345201109,45566,4,2,1,0,0,0,0,2420,1,1
45264,4,5,1,45264,345215842,345271772,55930,5,1,3,0,0,0,0,2420,1,1
45265,4,5,3,45265,345286504,345403571,117067,13,8,4,0,0,0,0,2420,1,1
45266,4,5,1,45266,345418291,345456366,38075,3,1,1,0,0,0,0,2420,1,1
45267,4,5,1,45267,345471094,345492802,21708,1,0,0,0,0,0,0,2420,1,1
45268,4,5,0,45268,345507531,345568032,60501,6,4,1,0,0,0,0,2420,1,1
45269,4,5,1,45269,345582760,345604465,21705,1,0,0,0,0,0,0,2420,1,1
45270,4,5,1,45270,345619193,345640897,21704,1,0,0,0,0,0,0,2420,1,1
45271,4,5,0,45271,345655630,345677326,21696,1,0,0,0,0,0,0,2420,1,1
45272,4,5,4,45272,345692050,345751041,58991,6,5,0,0,0,0,0,2420,1,1
45273,4,5,1,45273,345765761,345794950,29189,2,1,0,0,0,0,0,2420,1,1
45274,4,5,1,45274,345809679,345838843,29164,2,1,0,0,0,0,0,2420,1,1
45275,4,5,4,45275,345853575,346015460,161885,19,14,4,0,0,0,0,2420,1,1
45276,4,5,4,45276,346030181,346069674,39493,3,0,2,0,0,0,0,2420,1,1
45277,4,5,3,45277,346084394,346171624,87230,9,4,4,0,0,0,0,2420,1,1
45278,4,5,1,45278,346186345,346208051,21706,1,0,0,0,0,0,0,2420,1,1
45279,4,5,0,45279,346222780,346284689,61909,6,3,2,0,0,0,0,2420,1,1
45280,4,5,4,45280,346299414,346330001,30587,2,0,1,0,0,0,0,2420,1,1
45281,4,5,4,45281,346344722,346397739,53017,5,3,1,0,0,0,0,2420,1,1
45282,4,5,4,45282,346412456,346441606,29150,2,1,0,0,0,0,0,2420,1,1
45283,4,5,4,45283,346456327,346509308,52981,5,3,1,0,0,0,0,2420,1,1
45284,4,5,0,45284,346524029,346545726,21697,1,0,0,0,0,0,0,2420,1,1
45285,4,5,0,45285,346560450,346582147,21697,1,0,0,0,0,0,0,2420,1,1
45286,4,5,1,45286,346596875,346634978,38103,3,1,1,0,0,0,0,2420,1,1
45287,4,5,3,45287,346649706,346702729,53023,5,3,1,0,0,0,0,2420,1,1
45288,4,5,3,45288,346717454,346764456,47002,4,1,2,0,0,0,0,2420,1,1
45289,4,5,3,45289,346779173,346873864,94691,10,5,4,0,0,0,0,2420,1,1
45290,4,5,1,45290,346888582,346917738,29156,2,1,0,0,0,0,0,2420,1,1
45291,4,5,4,45291,346932466,346977982,45516,4,2,1,0,0,0,0,2420,1,1
45292,4,5,1,45292,346992698,347014407,21709,1,0,0,0,0,0,0,2420,1,1
45293,4,5,1,45293,347029135,347067239,38104,3,1,1,0,0,0,0,2420,1,1
45294,4,5,3,45294,347081967,347103653,21686,1,0,0,0,0,0,0,2420,1,1
45295,4,5,3,45295,347118370,347169911,51541,5,4,0,0,0,0,0,2420,1,1
45296,4,5,3,45296,347184632,347206313,21681,1,0,0,0,0,0,0,2420,1,1
45297,4,5,1,45297,347221030,347290386,69356,7,4,2,0,0,0,0,2420,1,1
45298,4,5,2,45298,347305119,347401235,96116,10,4,5,0,0,0,0,2420,1,1
45299,4,5,1,45299,347415958,347437662,21704,1,0,0,0,0,0,0,2420,1,1
45300,4,5,0,45300,347452390,347497924,45534,4,2,1,0,0,0,0,2420,1,1
45301,4,5,3,45301,347512648,347550714,38066,3,1,1,0,0,0,0,2420,1,1
45302,4,5,3,45302,347565435,347651201,85766,9,5,3,0,0,0,0,2420,1,1
45303,4,5,2,45303,347665922,347741293,75371,8,6,1,0,0,0,0,2420,1,1
45304,4,5,3,45304,347756014,347889414,133400,15,9,5,0,0,0,0,2420,1,1
45305,4,5,3,45305,347904138,347942195,38057,3,1,1,0,0,0,0,2420,1,1
45306,4,5,4,45306,347956916,347987512,30596,2,0,1,0,0,0,0,2420,1,1
45307,4,5,0,45307,348002228,348038890,36662,3,2,0,0,0,0,0,2420,1,1
45308,4,5,4,45308,348053618,348115538,61920,6,3,2,0,0,0,0,2420,1,1
45309,4,5,4,45309,348130254,348168331,38077,3,1,1,0,0,0,0,2420,1,1
45310,4,5,1,45310,348183051,348222593,39542,3,0,2,0,0,0,0,2420,1,1
45311,4,5,3,45311,348237325,348302117,64792,6,1,4,0,0,0,0,2420,1,1
45312,4,5,2,45312,348316837,348354871,38034,3,1,1,0,0,0,0,2420,1,1
45313,4,5,4,45313,348369588,348391269,21681,1,0,0,0,0,0,0,2420,1,1
45314,4,5,2,45314,348405990,348497782,91792,10,7,2,0,0,0,0,2420,1,1
45315,4,5,3,45315,348512501,348541635,29134,2,1,0,0,0,0,0,2420,1,1
45316,4,5,2,45316,348556356,348688444,132088,15,10,4,0,0,0,0,2420,1,1
45317,4,5,2,45317,348703165,348724846,21681,1,0,0,0,0,0,0,2420,1,1
45318,4,5,2,45318,348739563,348788147,48584,4,1,1,0,1,0,0,2420,1,1
45319,4,5,4,45319,348802867,348833460,30593,2,0,1,0,0,0,0,2420,1,1
45320,4,5,0,45320,348848180,348877354,29174,2,1,0,0,0,0,0,2420,1,1
45321,4,5,4,45321,348892078,349015144,123066,14,10,3,0,0,0,0,2420,1,1
45322,4,5,1,45322,349029866,349051570,21704,1,0,0,0,0,0,0,2420,1,1
45323,4,5,1,45323,349066303,349104373,38070,3,1,1,0,0,0,0,2420,1,1
45324,4,5,3,45324,349119101,349204879,85778,9,5,3,0,0,0,0,2420,1,1
45325,4,5,2,45325,349219595,349290458,70863,7,3,3,0,0,0,0,2420,1,1
45326,4,5,1,45326,349305179,349438649,133470,15,9,5,0,0,0,0,2420,1,1
45327,4,5,0,45327,349453385,349482554,29169,2,1,0,0,0,0,0,2420,1,1
45328,4,5,3,45328,349497282,349550251,52969,5,3,1,0,0,0,0,2420,1,1
45329,4,5,4,45329,349564972,349603052,38080,3,1,1,0,0,0,0,2420,1,1
45330,4,5,2,45330,349617769,349696057,78288,8,4,3,0,0,0,0,2420,1,1
45331,4,5,0,45331,349710774,349757791,47017,4,1,2,0,0,0,0,2420,1,1
45332,4,5,0,45332,349772516,349826989,54473,5,2,2,0,0,0,0,2420,1,1
45333,4,5,2,45333,349841716,349939493,97777,11,9,1,0,0,0,0,2420,1,1
45334,4,5,3,45334,349954214,349983376,29162,2,1,0,0,0,0,0,2420,1,1
45335,4,5,3,45335,349998094,350061431,63337,6,2,3,0,0,0,0,2420,1,1
45336,4,5,4,45336,350076152,350196103,119951,13,6,6,0,0,0,0,2420,1,1
45337,4,5,1,45337,350210822,350265293,54471,5,2,2,0,0,0,0,2420,1,1
45338,4,5,2,45338,350280021,350309152,29131,2,1,0,0,0,0,0,2420,1,1
45339,4,5,2,45339,350323872,350409614,85742,9,5,3,0,0,0,0,2420,1,1
45340,4,5,1,45340,350424336,350477350,53014,5,3,1,0,0,0,0,2420,1,1
45341,4,5,1,45341,350492079,350513787,21708,1,0,0,0,0,0,0,2420,1,1
45342,4,5,0,45342,350528516,350557665,29149,2,1,0,0,0,0,0,2420,1,1
45343,4,5,1,45343,350572390,350594097,21707,1,0,0,0,0,0,0,2420,1,1
45344,4,5,4,45344,350608826,350645454,36628,3,2,0,0,0,0,0,2420,1,1
45345,4,5,3,45345,350660170,350681851,21681,1,0,0,0,0,0,0,2420,1,1
45346,4,5,0,45346,350696571,350743543,46972,4,1,2,0,0,0,0,2420,1,1
45347,4,5,3,45347,350758267,350830510,72243,7,2,4,0,0,0,0,2420,1,1
45348,4,5,4,45348,350845231,350866912,21681,1,0,0,0,0,0,0,2420,1,1
45349,4,5,1,45349,350881628,350903337,21709,1,0,0,0,0,0,0,2420,1,1
45350,4,5,0,45350,350918065,350971037,52972,5,3,1,0,0,0,0,2420,1,1
45351,4,5,0,45351,350985766,351061130,75364,8,6,1,0,0,0,0,2420,1,1
45352,4,5,4,45352,351075862,351097543,21681,1,0,0,0,0,0,0,2420,1,1
45353,4,5,2,45353,351112259,351144478,32219,2,0,0,0,1,0,0,2420,1,1
45354,4,5,3,45354,351159194,351195809,36615,3,2,0,0,0,0,0,2420,1,1
45355,4,5,0,45355,351210525,351288983,78458,8,5,1,0,1,0,0,2420,1,1
45356,4,5,2,45356,351303712,351325393,21681,1,0,0,0,0,0,0,2420,1,1
45357,4,5,4,45357,351340109,351403460,63351,6,2,3,0,0,0,0,2420,1,1
45358,4,5,4,45358,351418177,351439858,21681,1,0,0,0,0,0,0,2420,1,1
45359,4,5,3,45359,351454579,351518074,63495,6,3,1,0,1,0,0,2420,1,1
45360,4,5,3,45360,351532794,351572294,39500,3,0,2,0,0,0,0,2420,1,1
45361,4,5,3,45361,351587015,351665280,78265,8,4,3,0,0,0,0,2420,1,1
45362,4,5,4,45362,351679997,351840111,160114,18,9,8,0,0,0,0,2420,1,1
45363,4,5,4,45363,351854834,351883980,29146,2,1,0,0,0,0,0,2420,1,1
45364,4,5,1,45364,351898696,351975537,76841,8,5,2,0,0,0,0,2420,1,1
45365,4,5,2,45365,351990266,352011946,21680,1,0,0,0,0,0,0,2420,1,1
45366,4,5,3,45366,352026666,352064731,38065,3,1,1,0,0,0,0,2420,1,1
45367,4,5,0,45367,352079447,352138491,59044,6,5,0,0,0,0,0,2420,1,1
45368,4,5,1,45368,352153219,352239027,85808,9,5,3,0,0,0,0,2420,1,1
45369,4,5,2,45369,352253759,352300705,46946,4,1,2,0,0,0,0,2420,1,1
45370,4,5,4,45370,352315426,352386197,70771,7,3,3,0,0,0,0,2420,1,1
45371,4,5,2,45371,352400913,352431524,30611,2,0,1,0,0,0,0,2420,1,1
45372,4,5,2,45372,352446245,352484304,38059,3,1,1,0,0,0,0,2420,1,1
45373,4,5,4,45373,352499020,352520701,21681,1,0,0,0,0,0,0,2420,1,1
45374,4,5,4,45374,352535422,352557103,21681,1,0,0,0,0,0,0,2420,1,1
45375,4,5,3,45375,352571820,352657596,85776,9,5,3,0,0,0,0,2420,1,1
45376,4,5,1,45376,352672312,352701501,29189,2,1,0,0,0,0,0,2420,1,1
45377,4,5,2,45377,352716234,352787033,70799,7,3,3,0,0,0,0,2420,1,1
45378,4,5,1,45378,352801750,352823459,21709,1,0,0,0,0,0,0,2420,1,1
45379,4,5,1,45379,352838188,352877727,39539,3,0,2,0,0,0,0,2420,1,1
45380,4,5,4,45380,352892455,352961857,69402,7,4,2,0,0,0,0,2420,1,1
45381,4,5,4,45381,352976578,353014618,38040,3,1,1,0,0,0,0,2420,1,1
45382,4,5,4,45382,353029335,353051016,21681,1,0,0,0,0,0,0,2420,1,1
45383,4,5,2,45383,353065737,353105276,39539,3,0,2,0,0,0,0,2420,1,1
45384,4,5,0,45384,353119996,353181907,61911,6,3,2,0,0,0,0,2420,1,1
45385,4,5,2,45385,353196635,353242158,45523,4,2,1,0,0,0,0,2420,1,1
45386,4,5,0,45386,353256879,353314243,57364,5,0,4,0,0,0,0,2420,1,1
45387,4,5,4,45387,353328968,353386302,57334,5,0,4,0,0,0,0,2420,1,1
45388,4,5,3,45388,353401018,353464409,63391,6,2,3,0,0,0,0,2420,1,1
45389,4,5,4,45389,353479126,353614011,134885,15,8,6,0,0,0,0,2420,1,1
45390,4,5,0,45390,353628731,353666837,38106,3,1,1,0,0,0,0,2420,1,1
45391,4,5,4,45391,353681562,353721115,39553,3,0,2,0,0,0,0,2420,1,1
45392,4,5,3,45392,353735836,353781319,45483,4,2,1,0,0,0,0,2420,1,1
45393,4,5,0,45393,353796041,353853413,57372,5,0,4,0,0,0,0,2420,1,1
45394,4,5,4,45394,353868138,353898724,30586,2,0,1,0,0,0,0,2420,1,1
45395,4,5,2,45395,353913445,353966470,53025,5,3,1,0,0,0,0,2420,1,1
45396,4,5,0,45396,353981187,354002887,21700,1,0,0,0,0,0,0,2420,1,1
45397,4,5,4,45397,354017612,354039293,21681,1,0,0,0,0,0,0,2420,1,1
45398,4,5,2,45398,354054014,354084607,30593,2,0,1,0,0,0,0,2420,1,1
45399,4,5,4,45399,354099324,354121005,21681,1,0,0,0,0,0,0,2420,1,1
45400,4,5,2,45400,354135725,354166321,30596,2,0,1,0,0,0,0,2420,1,1
45401,4,5,0,45401,354181038,354202734,21696,1,0,0,0,0,0,0,2420,1,1
45402,4,5,3,45402,354217463,354239143,21680,1,0,0,0,0,0,0,2420,1,1
45403,4,5,0,45403,354253864,354484224,230360,26,11,13,0,1,0,0,2420,1,1
45404,4,5,1,45404,354498956,354538494,39538,3,0,2,0,0,0,0,2420,1,1
45405,4,5,1,45405,354553226,354628641,75415,8,6,1,0,0,0,0,2420,1,1
45406,4,5,0,45406,354643373,354672529,29156,2,1,0,0,0,0,0,2420,1,1
45407,4,5,0,45407,354687258,354716407,29149,2,1,0,0,0,0,0,2420,1,1
45408,4,5,2,45408,354731132,354775233,44101,4,3,0,0,0,0,0,2420,1,1
45409,4,5,4,45409,354789948,354829466,39518,3,0,2,0,0,0,0,2420,1,1
45410,4,5,4,45410,354844187,354874796,30609,2,0,1,0,0,0,0,2420,1,1
45411,4,5,2,45411,354889512,354911193,21681,1,0,0,0,0,0,0,2420,1,1
45412,4,5,0,45412,354925914,354947610,21696,1,0,0,0,0,0,0,2420,1,1
45413,4,5,2,45413,354962334,355016781,54447,5,2,2,0,0,0,0,2420,1,1
45414,4,5,3,45414,355031498,355069539,38041,3,1,1,0,0,0,0,2420,1,1
45415,4,5,2,45415,355084261,355105941,21680,1,0,0,0,0,0,0,2420,1,1
45416,4,5,1,45416,355120662,355151276,30614,2,0,1,0,0,0,0,2420,1,1
45417,4,5,4,45417,355166008,355202608,36600,3,2,0,0,0,0,0,2420,1,1
45418,4,5,1,45418,355217329,355247941,30612,2,0,1,0,0,0,0,2420,1,1
45419,4,5,3,45419,355262670,355284355,21685,1,0,0,0,0,0,0,2420,1,1
45420,4,5,2,45420,355299071,355352050,52979,5,3,1,0,0,0,0,2420,1,1
45421,4,5,3,45421,355366770,355388451,21681,1,0,0,0,0,0,0,2420,1,1
45422,4,5,3,45422,355403168,355439788,36620,3,2,0,0,0,0,0,2420,1,1
45423,4,5,4,45423,355454509,355514966,60457,6,4,1,0,0,0,0,2420,1,1
45424,4,5,0,45424,355529683,355566308,36625,3,2,0,0,0,0,0,2420,1,1
45425,4,5,4,45425,355581033,355620520,39487,3,0,2,0,0,0,0,2420,1,1
45426,4,5,0,45426,355635241,355759755,124514,14,9,4,0,0,0,0,2420,1,1
45427,4,5,1,45427,355774486,355860215,85729,9,5,3,0,0,0,0,2420,1,1
45428,4,5,0,45428,355874949,355896645,21696,1,0,0,0,0,0,0,2420,1,1
45429,4,5,1,45429,355911369,355941981,30612,2,0,1,0,0,0,0,2420,1,1
45430,4,5,0,45430,355956714,355985879,29165,2,1,0,0,0,0,0,2420,1,1
45431,4,5,2,45431,356000604,356022285,21681,1,0,0,0,0,0,0,2420,1,1
45432,4,5,2,45432,356037005,356066140,29135,2,1,0,0,0,0,0,2420,1,1
45433,4,5,4,45433,356080856,356110000,29144,2,1,0,0,0,0,0,2420,1,1
45434,4,5,2,45434,356124721,356188270,63549,6,3,1,0,1,0,0,2420,1,1
45435,4,5,1,45435,356202991,356241056,38065,3,1,1,0,0,0,0,2420,1,1
45436,4,5,3,45436,356255789,356284944,29155,2,1,0,0,0,0,0,2420,1,1
45437,4,5,2,45437,356299661,356330256,30595,2,0,1,0,0,0,0,2420,1,1
45438,4,5,2,45438,356344977,356381578,36601,3,2,0,0,0,0,0,2420,1,1
45439,4,5,4,45439,356396299,356443279,46980,4,1,2,0,0,0,0,2420,1,1
45440,4,5,0,45440,356457995,356487151,29156,2,1,0,0,0,0,0,2420,1,1
45441,4,5,0,45441,356501875,356523576,21701,1,0,0,0,0,0,0,2420,1,1
45442,4,5,2,45442,356538300,356568889,30589,2,0,1,0,0,0,0,2420,1,1
45443,4,5,4,45443,356583611,356612742,29131,2,1,0,0,0,0,0,2420,1,1
45444,4,5,1,45444,356627462,356707234,79772,8,3,4,0,0,0,0,2420,1,1
45445,4,5,2,45445,356721963,356751101,29138,2,1,0,0,0,0,0,2420,1,1
45446,4,5,0,45446,356765821,356787517,21696,1,0,0,0,0,0,0,2420,1,1
45447,4,5,1,45447,356802241,356840302,38061,3,1,1,0,0,0,0,2420,1,1
45448,4,5,3,45448,356855040,356884172,29132,2,1,0,0,0,0,0,2420,1,1
45449,4,5,4,45449,356898888,356920569,21681,1,0,0,0,0,0,0,2420,1,1
45450,4,5,3,45450,356935290,356965891,30601,2,0,1,0,0,0,0,2420,1,1
45451,4,5,1,45451,356980608,357002313,21705,1,0,0,0,0,0,0,2420,1,1
45452,4,5,1,45452,357017045,357064039,46994,4,1,2,0,0,0,0,2420,1,1
45453,4,5,4,45453,357078767,357100448,21681,1,0,0,0,0,0,0,2420,1,1
45454,4,5,3,45454,357115169,357144305,29136,2,1,0,0,0,0,0,2420,1,1
45455,4,5,0,45455,357159021,357188200,29179,2,1,0,0,0,0,0,2420,1,1
45456,4,5,0,45456,357202926,357239545,36619,3,2,0,0,0,0,0,2420,1,1
45457,4,5,4,45457,357254274,357275955,21681,1,0,0,0,0,0,0,2420,1,1
45458,4,5,0,45458,357290672,357312369,21697,1,0,0,0,0,0,0,2420,1,1
45459,4,5,3,45459,357327098,357371174,44076,4,3,0,0,0,0,0,2420,1,1
45460,4,5,2,45460,357385895,357431416,45521,4,2,1,0,0,0,0,2420,1,1
45461,4,5,0,45461,357446137,357467834,21697,1,0,0,0,0,0,0,2420,1,1
45462,4,5,4,45462,357482558,357519160,36602,3,2,0,0,0,0,0,2420,1,1
45463,4,5,4,45463,357533881,357555562,21681,1,0,0,0,0,0,0,2420,1,1
45464,4,5,1,45464,357570278,357606920,36642,3,2,0,0,0,0,0,2420,1,1
45465,4,5,1,45465,357621648,357652270,30622,2,0,1,0,0,0,0,2420,1,1
45466,4,5,1,45466,357667002,357715459,48457,4,0,3,0,0,0,0,2420,1,1
45467,4,5,4,45467,357730188,357751868,21680,1,0,0,0,0,0,0,2420,1,1
45468,4,5,2,45468,357766588,357804642,38054,3,1,1,0,0,0,0,2420,1,1
45469,4,5,1,45469,357819358,357855976,36618,3,2,0,0,0,0,0,2420,1,1
45470,4,5,4,45470,357870704,357899854,29150,2,1,0,0,0,0,0,2420,1,1
45471,4,5,2,45471,357914575,358033058,118483,13,7,5,0,0,0,0,2420,1,1
45472,4,5,2,45472,358047777,358126286,78509,8,5,1,0,1,0,0,2420,1,1
45473,4,5,3,45473,358141002,358186552,45550,4,2,1,0,0,0,0,2420,1,1
45474,4,5,0,45474,358201268,358222968,21700,1,0,0,0,0,0,0,2420,1,1
45475,4,5,0,45475,358237693,358275777,38084,3,1,1,0,0,0,0,2420,1,1
45476,4,5,1,45476,358290502,358434298,143796,16,8,7,0,0,0,0,2420,1,1
45477,4,5,1,45477,358449030,358503519,54489,5,2,2,0,0,0,0,2420,1,1
45478,4,5,3,45478,358518247,358587587,69340,7,4,2,0,0,0,0,2420,1,1
45479,4,5,3,45479,358602306,358623991,21685,1,0,0,0,0,0,0,2420,1,1
45480,4,5,1,45480,358638711,358839119,200408,23,12,10,0,0,0,0,2420,1,1
45481,4,5,0,45481,358853857,358875554,21697,1,0,0,0,0,0,0,2420,1,1
45482,4,5,2,45482,358890278,358919434,29156,2,1,0,0,0,0,0,2420,1,1
45483,4,5,0,45483,358934155,358964765,30610,2,0,1,0,0,0,0,2420,1,1
45484,4,5,3,45484,358979489,359026449,46960,4,1,2,0,0,0,0,2420,1,1
45485,4,5,3,45485,359041166,359095629,54463,5,2,2,0,0,0,0,2420,1,1
45486,4,5,2,45486,359110346,359132026,21680,1,0,0,0,0,0,0,2420,1,1
45487,4,5,2,45487,359146747,359168427,21680,1,0,0,0,0,0,0,2420,1,1
45488,4,5,2,45488,359183144,359228682,45538,4,2,1,0,0,0,0,2420,1,1
45489,4,5,3,45489,359243403,359297881,54478,5,2,2,0,0,0,0,2420,1,1
45490,4,5,3,45490,359312598,359359614,47016,4,1,2,0,0,0,0,2420,1,1
45491,4,5,1,45491,359374335,359403507,29172,2,1,0,0,0,0,0,2420,1,1
45492,4,5,1,45492,359418235,359439940,21705,1,0,0,0,0,0,0,2420,1,1
45493,4,5,1,45493,359454672,359476376,21704,1,0,0,0,0,0,0,2420,1,1
45494,4,5,3,45494,359491104,359520244,29140,2,1,0,0,0,0,0,2420,1,1
45495,4,5,2,45495,359534965,359613261,78296,8,4,3,0,0,0,0,2420,1,1
45496,4,5,0,45496,359627978,359649674,21696,1,0,0,0,0,0,0,2420,1,1
45497,4,5,2,45497,359664403,359717377,52974,5,3,1,0,0,0,0,2420,1,1
45498,4,5,1,45498,359732094,359753803,21709,1,0,0,0,0,0,0,2420,1,1
45499,4,5,0,45499,359768531,359790228,21697,1,0,0,0,0,0,0,2420,1,1
45500,4,5,0,45500,359804956,359893675,88719,9,3,5,0,0,0,0,2420,1,1
45501,4,5,2,45501,359908401,359930082,21681,1,0,0,0,0,0,0,2420,1,1
45502,4,5,0,45502,359944803,359966500,21697,1,0,0,0,0,0,0,2420,1,1
45503,4,5,0,45503,359981224,360035699,54475,5,2,2,0,0,0,0,2420,1,1
45504,4,5,1,45504,360050423,360072127,21704,1,0,0,0,0,0,0,2420,1,1
45505,4,5,0,45505,360086860,360117475,30615,2,0,1,0,0,0,0,2420,1,1
45506,4,5,3,45506,360132200,360171703,39503,3,0,2,0,0,0,0,2420,1,1
45507,4,5,1,45507,360186424,360238022,51598,5,4,0,0,0,0,0,2420,1,1
45508,4,5,0,45508,360252755,360274452,21697,1,0,0,0,0,0,0,2420,1,1
45509,4,5,1,45509,360289176,360334734,45558,4,2,1,0,0,0,0,2420,1,1
45510,4,5,4,45510,360349463,360387529,38066,3,1,1,0,0,0,0,2420,1,1
45511,4,5,0,45511,360402245,360483419,81174,8,2,5,0,0,0,0,2420,1,1
45512,4,5,0,45512,360498148,360543715,45567,4,2,1,0,0,0,0,2420,1,1
45513,4,5,1,45513,360558440,360597997,39557,3,0,2,0,0,0,0,2420,1,1
45514,4,5,1,45514,360612725,360641900,29175,2,1,0,0,0,0,0,2420,1,1
45515,4,5,3,45515,360656632,360685788,29156,2,1,0,0,0,0,0,2420,1,1
45516,4,5,1,45516,360700504,360771385,70881,7,3,3,0,0,0,0,2420,1,1
45517,4,5,0,45517,360786118,360822713,36595,3,2,0,0,0,0,0,2420,1,1
45518,4,5,3,45518,360837441,360915768,78327,8,4,3,0,0,0,0,2420,1,1
45519,4,5,1,45519,360930486,360959653,29167,2,1,0,0,0,0,0,2420,1,1
45520,4,5,3,45520,360974386,361064635,90249,10,8,1,0,0,0,0,2420,1,1
45521,4,5,3,45521,361079354,361108511,29157,2,1,0,0,0,0,0,2420,1,1
45522,4,5,3,45522,361123232,361161328,38096,3,1,1,0,0,0,0,2420,1,1
45523,4,5,4,45523,361176050,361206639,30589,2,0,1,0,0,0,0,2420,1,1
45524,4,5,1,45524,361221355,361260868,39513,3,0,2,0,0,0,0,2420,1,1
45525,4,5,1,45525,361275600,361370273,94673,10,5,4,0,0,0,0,2420,1,1
45526,4,5,2,45526,361385008,361406689,21681,1,0,0,0,0,0,0,2420,1,1
45527,4,5,4,45527,361421406,361450566,29160,2,1,0,0,0,0,0,2420,1,1
45528,4,5,2,45528,361465286,361513698,48412,4,0,3,0,0,0,0,2420,1,1
45529,4,5,4,45529,361528415,361550096,21681,1,0,0,0,0,0,0,2420,1,1
45530,4,5,3,45530,361564817,361643067,78250,8,4,3,0,0,0,0,2420,1,1
45531,4,5,0,45531,361657783,361697303,39520,3,0,2,0,0,0,0,2420,1,1
45532,4,5,4,45532,361712028,361765000,52972,5,3,1,0,0,0,0,2420,1,1
45533,4,5,1,45533,361779716,361801420,21704,1,0,0,0,0,0,0,2420,1,1
45534,4,5,2,45534,361816152,361837833,21681,1,0,0,0,0,0,0,2420,1,1
45535,4,5,3,45535,361852550,361881679,29129,2,1,0,0,0,0,0,2420,1,1
45536,4,5,4,45536,361896400,361926988,30588,2,0,1,0,0,0,0,2420,1,1
45537,4,5,3,45537,361941706,362046782,105076,11,4,6,0,0,0,0,2420,1,1
45538,4,5,3,45538,362061501,362138339,76838,8,5,2,0,0,0,0,2420,1,1
45539,4,5,0,45539,362153059,362198586,45527,4,2,1,0,0,0,0,2420,1,1
45540,4,5,1,45540,362213314,362325891,112577,12,5,6,0,0,0,0,2420,1,1
45541,4,5,2,45541,362340622,362362304,21682,1,0,0,0,0,0,0,2420,1,1
45542,4,5,3,45542,362377024,362430026,53002,5,3,1,0,0,0,0,2420,1,1
45543,4,5,1,45543,362444746,362473909,29163,2,1,0,0,0,0,0,2420,1,1
45544,4,5,2,45544,362488642,362526706,38064,3,1,1,0,0,0,0,2420,1,1
45545,4,5,0,45545,362541422,362586955,45533,4,2,1,0,0,0,0,2420,1,1
45546,4,5,4,45546,362601680,362648681,47001,4,1,2,0,0,0,0,2420,1,1
45547,4,5,2,45547,362663402,362701484,38082,3,1,1,0,0,0,0,2420,1,1
45548,4,5,3,45548,362716205,362737886,21681,1,0,0,0,0,0,0,2420,1,1
45549,4,5,1,45549,362752602,362823481,70879,7,3,3,0,0,0,0,2420,1,1
45550,4,5,2,45550,362838210,362944941,106731,12,9,2,0,0,0,0,2420,1,1
45551,4,5,4,45551,362959660,363005156,45496,4,2,1,0,0,0,0,2420,1,1
45552,4,5,0,45552,363019873,363072848,52975,5,3,1,0,0,0,0,2420,1,1
45553,4,5,1,45553,363087572,363250888,163316,19,13,5,0,0,0,0,2420,1,1
45554,4,5,1,45554,363265627,363287332,21705,1,0,0,0,0,0,0,2420,1,1
45555,4,5,3,45555,363302060,363398219,96159,10,4,5,0,0,0,0,2420,1,1
45556,4,5,2,45556,363412941,363443541,30600,2,0,1,0,0,0,0,2420,1,1
45557,4,5,4,45557,363458258,363505226,46968,4,1,2,0,0,0,0,2420,1,1
45558,4,5,1,45558,363519941,363558023,38082,3,1,1,0,0,0,0,2420,1,1
45559,4,5,3,45559,363572754,363656855,84101,8,0,7,0,0,0,0,2420,1,1
45560,4,5,4,45560,363671571,363693257,21686,1,0,0,0,0,0,0,2420,1,1
45561,4,5,2,45561,363707974,363729655,21681,1,0,0,0,0,0,0,2420,1,1
45562,4,5,2,45562,363744375,363781021,36646,3,2,0,0,0,0,0,2420,1,1
45563,4,5,3,45563,363795741,363847277,51536,5,4,0,0,0,0,0,2420,1,1
45564,4,5,0,45564,363861993,363883694,21701,1,0,0,0,0,0,0,2420,1,1
45565,4,5,3,45565,363898419,363942512,44093,4,3,0,0,0,0,0,2420,1,1
45566,4,5,4,45566,363957232,363986389,29157,2,1,0,0,0,0,0,2420,1,1
45567,4,5,2,45567,364001105,364040628,39523,3,0,2,0,0,0,0,2420,1,1
45568,4,5,1,45568,364055348,364106917,51569,5,4,0,0,0,0,0,2420,1,1
45569,4,5,1,45569,364121645,364143354,21709,1,0,0,0,0,0,0,2420,1,1
45570,4,5,4,45570,364158082,364187218,29136,2,1,0,0,0,0,0,2420,1,1
45571,4,5,3,45571,364201935,364272795,70860,7,3,3,0,0,0,0,2420,1,1
45572,4,5,1,45572,364287511,364309216,21705,1,0,0,0,0,0,0,2420,1,1
45573,4,5,4,45573,364323948,364391861,67913,7,5,1,0,0,0,0,2420,1,1
45574,4,5,2,45574,364406581,364480496,73915,7,2,3,0,1,0,0,2420,1,1
45575,4,5,0,45575,364495217,364598814,103597,11,5,5,0,0,0,0,2420,1,1
45576,4,5,2,45576,364613549,364738106,124557,14,9,4,0,0,0,0,2420,1,1
45577,4,5,0,45577,364752830,364838556,85726,9,5,3,0,0,0,0,2420,1,1
45578,4,5,3,45578,364853285,364883873,30588,2,0,1,0,0,0,0,2420,1,1
45579,4,5,2,45579,364898590,364942638,44048,4,3,0,0,0,0,0,2420,1,1
45580,4,5,3,45580,364957358,365022169,64811,6,1,4,0,0,0,0,2420,1,1
45581,4,5,2,45581,365036890,365089918,53028,5,3,1,0,0,0,0,2420,1,1
45582,4,5,4,45582,365104639,365133793,29154,2,1,0,0,0,0,0,2420,1,1
45583,4,5,1,45583,365148510,365201528,53018,5,3,1,0,0,0,0,2420,1,1
45584,4,5,4,45584,365216260,365237941,21681,1,0,0,0,0,0,0,2420,1,1
45585,4,5,2,45585,365252658,365315991,63333,6,2,3,0,0,0,0,2420,1,1
45586,4,5,0,45586,365330708,365385160,54452,5,2,2,0,0,0,0,2420,1,1
45587,4,5,3,45587,365399885,365537669,137784,15,6,8,0,0,0,0,2420,1,1
45588,4,5,2,45588,365552389,365582998,30609,2,0,1,0,0,0,0,2420,1,1
45589,4,5,0,45589,365597715,365755148,157433,18,12,4,0,1,0,0,2420,1,1
45590,4,5,1,45590,365769877,365806500,36623,3,2,0,0,0,0,0,2420,1,1
45591,4,5,0,45591,365821229,365892066,70837,7,3,3,0,0,0,0,2420,1,1
45592,4,5,1,45592,365906794,365928499,21705,1,0,0,0,0,0,0,2420,1,1
45593,4,5,2,45593,365943232,366061761,118529,13,7,5,0,0,0,0,2420,1,1
45594,4,5,2,45594,366076484,366098165,21681,1,0,0,0,0,0,0,2420,1,1
45595,4,5,1,45595,366112886,366158431,45545,4,2,1,0,0,0,0,2420,1,1
45596,4,5,4,45596,366173160,366227610,54450,5,2,2,0,0,0,0,2420,1,1
45597,4,5,4,45597,366242328,366287844,45516,4,2,1,0,0,0,0,2420,1,1
45598,4,5,1,45598,366302560,366324269,21709,1,0,0,0,0,0,0,2420,1,1
45599,4,5,0,45599,366338997,366384536,45539,4,2,1,0,0,0,0,2420,1,1
45600,4,5,0,45600,366399261,366462638,63377,6,2,3,0,0,0,0,2420,1,1
45601,4,5,1,45601,366477367,366551314,73947,8,7,0,0,0,0,0,2420,1,1
45602,4,5,4,45602,366566047,366587728,21681,1,0,0,0,0,0,0,2420,1,1
45603,4,5,3,45603,366602445,366648009,45564,4,2,1,0,0,0,0,2420,1,1
45604,4,5,3,45604,366662726,366700812,38086,3,1,1,0,0,0,0,2420,1,1
45605,4,5,3,45605,366715532,366761042,45510,4,2,1,0,0,0,0,2420,1,1
45606,4,5,0,45606,366775763,366804928,29165,2,1,0,0,0,0,0,2420,1,1
45607,4,5,2,45607,366819652,366841333,21681,1,0,0,0,0,0,0,2420,1,1
45608,4,5,3,45608,366856058,366916519,60461,6,4,1,0,0,0,0,2420,1,1
45609,4,5,2,45609,366931237,366952922,21685,1,0,0,0,0,0,0,2420,1,1
45610,4,5,4,45610,366967638,367011743,44105,4,3,0,0,0,0,0,2420,1,1
45611,4,5,1,45611,367026464,367073456,46992,4,1,2,0,0,0,0,2420,1,1
45612,4,5,1,45612,367088185,367109890,21705,1,0,0,0,0,0,0,2420,1,1
45613,4,5,2,45613,367124623,367164144,39521,3,0,2,0,0,0,0,2420,1,1
45614,4,5,4,45614,367178862,367208015,29153,2,1,0,0,0,0,0,2420,1,1
45615,4,5,1,45615,367222732,367268321,45589,4,2,1,0,0,0,0,2420,1,1
45616,4,5,4,45616,367283051,367313640,30589,2,0,1,0,0,0,0,2420,1,1
45617,4,5,0,45617,367328357,367350055,21698,1,0,0,0,0,0,0,2420,1,1
45618,4,5,2,45618,367364784,367408873,44089,4,3,0,0,0,0,0,2420,1,1
45619,4,5,4,45619,367423594,367469114,45520,4,2,1,0,0,0,0,2420,1,1
45620,4,5,3,45620,367483835,367520437,36602,3,2,0,0,0,0,0,2420,1,1
45621,4,5,4,45621,367535157,367556838,21681,1,0,0,0,0,0,0,2420,1,1
45622,4,5,4,45622,367571555,367600702,29147,2,1,0,0,0,0,0,2420,1,1
45623,4,5,2,45623,367615422,367637104,21682,1,0,0,0,0,0,0,2420,1,1
45624,4,5,1,45624,367651820,367673529,21709,1,0,0,0,0,0,0,2420,1,1
45625,4,5,0,45625,367688257,367742714,54457,5,2,2,0,0,0,0,2420,1,1
45626,4,5,0,45626,367757442,367795525,38083,3,1,1,0,0,0,0,2420,1,1
45627,4,5,1,45627,367810249,367855792,45543,4,2,1,0,0,0,0,2420,1,1
45628,4,5,3,45628,367870520,367923529,53009,5,3,1,0,0,0,0,2420,1,1
45629,4,5,4,45629,367938245,367983785,45540,4,2,1,0,0,0,0,2420,1,1
45630,4,5,2,45630,367998501,368035123,36622,3,2,0,0,0,0,0,2420,1,1
45631,4,5,2,45631,368049840,368108875,59035,6,5,0,0,0,0,0,2420,1,1
45632,4,5,0,45632,368123596,368186979,63383,6,2,3,0,0,0,0,2420,1,1
45633,4,5,2,45633,368201704,368223389,21685,1,0,0,0,0,0,0,2420,1,1
45634,4,5,4,45634,368238106,368350630,112524,12,5,6,0,0,0,0,2420,1,1
45635,4,5,2,45635,368365353,368410879,45526,4,2,1,0,0,0,0,2420,1,1
45636,4,5,1,45636,368425600,368447304,21704,1,0,0,0,0,0,0,2420,1,1
45637,4,5,1,45637,368462032,368523953,61921,6,3,2,0,0,0,0,2420,1,1
45638,4,5,3,45638,368538682,368585664,46982,4,1,2,0,0,0,0,2420,1,1
45639,4,5,2,45639,368600381,368629521,29140,2,1,0,0,0,0,0,2420,1,1
45640,4,5,2,45640,368644246,368680883,36637,3,2,0,0,0,0,0,2420,1,1
45641,4,5,4,45641,368695603,368724734,29131,2,1,0,0,0,0,0,2420,1,1
45642,4,5,0,45642,368739451,368786445,46994,4,1,2,0,0,0,0,2420,1,1
45643,4,5,3,45643,368801169,368822853,21684,1,0,0,0,0,0,0,2420,1,1
45644,4,5,3,45644,368837570,368921858,84288,9,6,2,0,0,0,0,2420,1,1
45645,4,5,2,45645,368936579,369084928,148349,17,11,5,0,0,0,0,2420,1,1
45646,4,5,0,45646,369099649,369130260,30611,2,0,1,0,0,0,0,2420,1,1
45647,4,5,1,45647,369144988,369166693,21705,1,0,0,0,0,0,0,2420,1,1
45648,4,5,1,45648,369181421,369212057,30636,2,0,1,0,0,0,0,2420,1,1
45649,4,5,2,45649,369226790,369282691,55901,5,1,3,0,0,0,0,2420,1,1
45650,4,5,3,45650,369297411,369319092,21681,1,0,0,0,0,0,0,2420,1,1
45651,4,5,3,45651,369333812,369355493,21681,1,0,0,0,0,0,0,2420,1,1
45652,4,5,0,45652,369370209,369391906,21697,1,0,0,0,0,0,0,2420,1,1
45653,4,5,3,45653,369406635,369444699,38064,3,1,1,0,0,0,0,2420,1,1
45654,4,5,2,45654,369459416,369481097,21681,1,0,0,0,0,0,0,2420,1,1
45655,4,5,2,45655,369495818,369526411,30593,2,0,1,0,0,0,0,2420,1,1
45656,4,5,1,45656,369541127,369570284,29157,2,1,0,0,0,0,0,2420,1,1
45657,4,5,4,45657,369585016,369630533,45517,4,2,1,0,0,0,0,2420,1,1
45658,4,5,0,45658,369645253,369666950,21697,1,0,0,0,0,0,0,2420,1,1
45659,4,5,0,45659,369681674,369718333,36659,3,2,0,0,0,0,0,2420,1,1
45660,4,5,0,45660,369733059,369788951,55892,5,1,3,0,0,0,0,2420,1,1
45661,4,5,1,45661,369803679,369840332,36653,3,2,0,0,0,0,0,2420,1,1
45662,4,5,3,45662,369855065,369900624,45559,4,2,1,0,0,0,0,2420,1,1
45663,4,5,4,45663,369915345,369937026,21681,1,0,0,0,0,0,0,2420,1,1
45664,4,5,0,45664,369951743,370038925,87182,9,4,4,0,0,0,0,2420,1,1
45665,4,5,1,45665,370053654,370082828,29174,2,1,0,0,0,0,0,2420,1,1
45666,4,5,4,45666,370097557,370135640,38083,3,1,1,0,0,0,0,2420,1,1
45667,4,5,1,45667,370150357,370180969,30612,2,0,1,0,0,0,0,2420,1,1
45668,4,5,2,45668,370195702,370224848,29146,2,1,0,0,0,0,0,2420,1,1
45669,4,5,1,45669,370239564,370323873,84309,9,6,2,0,0,0,0,2420,1,1
45670,4,5,0,45670,370338601,370376679,38078,3,1,1,0,0,0,0,2420,1,1
45671,4,5,0,45671,370391404,370413105,21701,1,0,0,0,0,0,0,2420,1,1
45672,4,5,2,45672,370427834,370449515,21681,1,0,0,0,0,0,0,2420,1,1
45673,4,5,3,45673,370464236,370502275,38039,3,1,1,0,0,0,0,2420,1,1
45674,4,5,4,45674,370516995,370547580,30585,2,0,1,0,0,0,0,2420,1,1
45675,4,5,0,45675,370562299,370584000,21701,1,0,0,0,0,0,0,2420,1,1
45676,4,5,2,45676,370598725,370636762,38037,3,1,1,0,0,0,0,2420,1,1
45677,4,5,3,45677,370651479,370711937,60458,6,4,1,0,0,0,0,2420,1,1
45678,4,5,3,45678,370726658,370755801,29143,2,1,0,0,0,0,0,2420,1,1
45679,4,5,0,45679,370770517,370823492,52975,5,3,1,0,0,0,0,2420,1,1
45680,4,5,0,45680,370838217,370859913,21696,1,0,0,0,0,0,0,2420,1,1
45681,4,5,0,45681,370874643,370896339,21696,1,0,0,0,0,0,0,2420,1,1
45682,4,5,4,45682,370911064,370962618,51554,5,4,0,0,0,0,0,2420,1,1
45683,4,5,4,45683,370977338,371037829,60491,6,4,1,0,0,0,0,2420,1,1
45684,4,5,2,45684,371052546,371089177,36631,3,2,0,0,0,0,0,2420,1,1
45685,4,5,1,45685,371103898,371164384,60486,6,4,1,0,0,0,0,2420,1,1
45686,4,5,2,45686,371179112,371251353,72241,7,2,4,0,0,0,0,2420,1,1
45687,4,5,1,45687,371266074,371311624,45550,4,2,1,0,0,0,0,2420,1,1
45688,4,5,0,45688,371326356,371379380,53024,5,3,1,0,0,0,0,2420,1,1
45689,4,5,3,45689,371394109,371456047,61938,6,3,2,0,0,0,0,2420,1,1
45690,4,5,0,45690,371470765,371507388,36623,3,2,0,0,0,0,0,2420,1,1
45691,4,5,3,45691,371522112,371609337,87225,9,4,4,0,0,0,0,2420,1,1
45692,4,5,0,45692,371624058,371690502,66444,7,6,0,0,0,0,0,2420,1,1
45693,4,5,3,45693,371705232,371743281,38049,3,1,1,0,0,0,0,2420,1,1
45694,4,5,1,45694,371757998,371779702,21704,1,0,0,0,0,0,0,2420,1,1
45695,4,5,0,45695,371794435,371890603,96168,10,4,5,0,0,0,0,2420,1,1
45696,4,5,0,45696,371905333,371953769,48436,4,0,3,0,0,0,0,2420,1,1
45697,4,5,0,45697,371968494,371997649,29155,2,1,0,0,0,0,0,2420,1,1
45698,4,5,1,45698,372012373,372066848,54475,5,2,2,0,0,0,0,2420,1,1
45699,4,5,3,45699,372081575,372103261,21686,1,0,0,0,0,0,0,2420,1,1
45700,4,5,3,45700,372117977,372179870,61893,6,3,2,0,0,0,0,2420,1,1
45701,4,5,3,45701,372194591,372263973,69382,7,4,2,0,0,0,0,2420,1,1
45702,4,5,4,45702,372278690,372350980,72290,7,2,4,0,0,0,0,2420,1,1
45703,4,5,0,45703,372365700,372394877,29177,2,1,0,0,0,0,0,2420,1,1
45704,4,5,1,45704,372409605,372455139,45534,4,2,1,0,0,0,0,2420,1,1
45705,4,5,2,45705,372469868,372499026,29158,2,1,0,0,0,0,0,2420,1,1
45706,4,5,0,45706,372513747,372566745,52998,5,3,1,0,0,0,0,2420,1,1
45707,4,5,3,45707,372581470,372659781,78311,8,4,3,0,0,0,0,2420,1,1
45708,4,5,0,45708,372674502,372696198,21696,1,0,0,0,0,0,0,2420,1,1
45709,4,5,1,45709,372710922,372759376,48454,4,0,3,0,0,0,0,2420,1,1
45710,4,5,2,45710,372774108,372867346,93238,10,6,3,0,0,0,0,2420,1,1
45711,4,5,0,45711,372882064,372920148,38084,3,1,1,0,0,0,0,2420,1,1
45712,4,5,4,45712,372934876,372956557,21681,1,0,0,0,0,0,0,2420,1,1
45713,4,5,3,45713,372971274,373040644,69370,7,4,2,0,0,0,0,2420,1,1
45714,4,5,1,45714,373055365,373100899,45534,4,2,1,0,0,0,0,2420,1,1
45715,4,5,0,45715,373115631,373137327,21696,1,0,0,0,0,0,0,2420,1,1
45716,4,5,4,45716,373152052,373190119,38067,3,1,1,0,0,0,0,2420,1,1
45717,4,5,4,45717,373204840,373235422,30582,2,0,1,0,0,0,0,2420,1,1
45718,4,5,3,45718,373250139,373298565,48426,4,0,3,0,0,0,0,2420,1,1
45719,4,5,2,45719,373313285,373334967,21682,1,0,0,0,0,0,0,2420,1,1
45720,4,5,3,45720,373349683,373436924,87241,9,4,4,0,0,0,0,2420,1,1
45721,4,5,3,45721,373451640,373473324,21684,1,0,0,0,0,0,0,2420,1,1
45722,4,5,0,45722,373488041,373567842,79801,8,3,4,0,0,0,0,2420,1,1
45723,4,5,0,45723,373582567,373604267,21700,1,0,0,0,0,0,0,2420,1,1
45724,4,5,1,45724,373618992,373640697,21705,1,0,0,0,0,0,0,2420,1,1
45725,4,5,0,45725,373655429,373744067,88638,9,3,5,0,0,0,0,2420,1,1
45726,4,5,2,45726,373758791,373787921,29130,2,1,0,0,0,0,0,2420,1,1
45727,4,5,4,45727,373802638,373824323,21685,1,0,0,0,0,0,0,2420,1,1
45728,4,5,2,45728,373839039,373883106,44067,4,3,0,0,0,0,0,2420,1,1
45729,4,5,3,45729,373897822,373950849,53027,5,3,1,0,0,0,0,2420,1,1
45730,4,5,4,45730,373965570,373994700,29130,2,1,0,0,0,0,0,2420,1,1
45731,4,5,3,45731,374009417,374060952,51535,5,4,0,0,0,0,0,2420,1,1
45732,4,5,2,45732,374075673,374112287,36614,3,2,0,0,0,0,0,2420,1,1
45733,4,5,4,45733,374127007,374157598,30591,2,0,1,0,0,0,0,2420,1,1
45734,4,5,1,45734,374172314,374229695,57381,5,0,4,0,0,0,0,2420,1,1
45735,4,5,2,45735,374244428,374331648,87220,9,4,4,0,0,0,0,2420,1,1
45736,4,5,0,45736,374346373,374368069,21696,1,0,0,0,0,0,0,2420,1,1
45737,4,5,0,45737,374382798,374404494,21696,1,0,0,0,0,0,0,2420,1,1
45738,4,5,4,45738,374419219,374457281,38062,3,1,1,0,0,0,0,2420,1,1
45739,4,5,0,45739,374471997,374536847,64850,6,1,4,0,0,0,0,2420,1,1
45740,4,5,4,45740,374551571,374573257,21686,1,0,0,0,0,0,0,2420,1,1
45741,4,5,2,45741,374587974,374609655,21681,1,0,0,0,0,0,0,2420,1,1
45742,4,5,0,45742,374624375,374675933,51558,5,4,0,0,0,0,0,2420,1,1
45743,4,5,3,45743,374690657,374728740,38083,3,1,1,0,0,0,0,2420,1,1
45744,4,5,4,45744,374743461,374805369,61908,6,3,2,0,0,0,0,2420,1,1
45745,4,5,0,45745,374820086,374883488,63402,6,2,3,0,0,0,0,2420,1,1
45746,4,5,2,45746,374898213,374966095,67882,7,5,1,0,0,0,0,2420,1,1
45747,4,5,0,45747,374980812,375002508,21696,1,0,0,0,0,0,0,2420,1,1
45748,4,5,4,45748,375017237,375077701,60464,6,4,1,0,0,0,0,2420,1,1
45749,4,5,4,45749,375092417,375121555,29138,2,1,0,0,0,0,0,2420,1,1
45750,4,5,1,45750,375136276,375165445,29169,2,1,0,0,0,0,0,2420,1,1
45751,4,5,3,45751,375180174,375301596,121422,13,5,7,0,0,0,0,2420,1,1
45752,4,5,1,45752,375316320,375345480,29160,2,1,0,0,0,0,0,2420,1,1
45753,4,5,2,45753,375360208,375405719,45511,4,2,1,0,0,0,0,2420,1,1
45754,4,5,4,45754,375420436,375442116,21680,1,0,0,0,0,0,0,2420,1,1
45755,4,5,0,45755,375456837,375561856,105019,11,4,6,0,0,0,0,2420,1,1
45756,4,5,3,45756,375576587,375598268,21681,1,0,0,0,0,0,0,2420,1,1
45757,4,5,4,45757,375612987,375667396,54409,5,2,2,0,0,0,0,2420,1,1
45758,4,5,3,45758,375682113,375813893,131780,14,4,9,0,0,0,0,2420,1,1
45759,4,5,2,45759,375828612,375923232,94620,10,5,4,0,0,0,0,2420,1,1
45760,4,5,0,45760,375937951,376023696,85745,9,5,3,0,0,0,0,2420,1,1
45761,4,5,4,45761,376038421,376060102,21681,1,0,0,0,0,0,0,2420,1,1
45762,4,5,2,45762,376074823,376105408,30585,2,0,1,0,0,0,0,2420,1,1
45763,4,5,3,45763,376120125,376149266,29141,2,1,0,0,0,0,0,2420,1,1
45764,4,5,0,45764,376163987,376210980,46993,4,1,2,0,0,0,0,2420,1,1
45765,4,5,1,45765,376225709,376286244,60535,6,4,1,0,0,0,0,2420,1,1
45766,4,5,3,45766,376300973,376330128,29155,2,1,0,0,0,0,0,2420,1,1
45767,4,5,0,45767,376344849,376384393,39544,3,0,2,0,0,0,0,2420,1,1
45768,4,5,4,45768,376399121,376446082,46961,4,1,2,0,0,0,0,2420,1,1
45769,4,5,4,45769,376460798,376513760,52962,5,3,1,0,0,0,0,2420,1,1
45770,4,5,0,45770,376528476,376590418,61942,6,3,2,0,0,0,0,2420,1,1
45771,4,5,1,45771,376605146,376686557,81411,8,3,3,0,1,0,0,2420,1,1
45772,4,5,0,45772,376701286,376748448,47162,4,2,0,0,1,0,0,2420,1,1
45773,4,5,0,45773,376763176,376792336,29160,2,1,0,0,0,0,0,2420,1,1
45774,4,5,0,45774,376807065,376868976,61911,6,3,2,0,0,0,0,2420,1,1
45775,4,5,3,45775,376883704,376945625,61921,6,3,2,0,0,0,0,2420,1,1
45776,4,5,4,45776,376960342,376990925,30583,2,0,1,0,0,0,0,2420,1,1
45777,4,5,3,45777,377005646,377174885,169239,19,10,7,0,1,0,0,2420,1,1
45778,4,5,0,45778,377189606,377242578,52972,5,3,1,0,0,0,0,2420,1,1
45779,4,5,1,45779,377257306,377295411,38105,3,1,1,0,0,0,0,2420,1,1
45780,4,5,4,45780,377310139,377355637,45498,4,2,1,0,0,0,0,2420,1,1
45781,4,5,3,45781,377370354,377406966,36612,3,2,0,0,0,0,0,2420,1,1
45782,4,5,0,45782,377421682,377450832,29150,2,1,0,0,0,0,0,2420,1,1
45783,4,5,2,45783,377465561,377487242,21681,1,0,0,0,0,0,0,2420,1,1
45784,4,5,0,45784,377501958,377534192,32234,2,0,0,0,1,0,0,2420,1,1
45785,4,5,2,45785,377548917,377658534,109617,12,7,4,0,0,0,0,2420,1,1
45786,4,5,3,45786,377673257,377720226,46969,4,1,2,0,0,0,0,2420,1,1
45787,4,5,2,45787,377734947,377774469,39522,3,0,2,0,0,0,0,2420,1,1
45788,4,5,4,45788,377789185,377849643,60458,6,4,1,0,0,0,0,2420,1,1
45789,4,5,4,45789,377864364,377903868,39504,3,0,2,0,0,0,0,2420,1,1
45790,4,5,4,45790,377918584,377955206,36622,3,2,0,0,0,0,0,2420,1,1
45791,4,5,1,45791,377969922,378063208,93286,10,6,3,0,0,0,0,2420,1,1
45792,4,5,3,45792,378077939,378114551,36612,3,2,0,0,0,0,0,2420,1,1
45793,4,5,4,45793,378129268,378150948,21680,1,0,0,0,0,0,0,2420,1,1
45794,4,5,2,45794,378165669,378187349,21680,1,0,0,0,0,0,0,2420,1,1
45795,4,5,2,45795,378202066,378238677,36611,3,2,0,0,0,0,0,2420,1,1
45796,4,5,2,45796,378253397,378275078,21681,1,0,0,0,0,0,0,2420,1,1
45797,4,5,2,45797,378289795,378365200,75405,8,6,1,0,0,0,0,2420,1,1
45798,4,5,1,45798,378379917,378401621,21704,1,0,0,0,0,0,0,2420,1,1
45799,4,5,4,45799,378416354,378438035,21681,1,0,0,0,0,0,0,2420,1,1
45800,4,5,2,45800,378452759,378474440,21681,1,0,0,0,0,0,0,2420,1,1
45801,4,5,2,45801,378489157,378537620,48463,4,0,3,0,0,0,0,2420,1,1
45802,4,5,2,45802,378552337,378581495,29158,2,1,0,0,0,0,0,2420,1,1
45803,4,5,2,45803,378596216,378669968,73752,7,1,5,0,0,0,0,2420,1,1
45804,4,5,4,45804,378684688,378728746,44058,4,3,0,0,0,0,0,2420,1,1
45805,4,5,1,45805,378743467,378765171,21704,1,0,0,0,0,0,0,2420,1,1
45806,4,5,4,45806,378779900,378819566,39666,3,1,0,0,1,0,0,2420,1,1
45807,4,5,0,45807,378834286,378855983,21697,1,0,0,0,0,0,0,2420,1,1
45808,4,5,4,45808,378870707,378901297,30590,2,0,1,0,0,0,0,2420,1,1
45809,4,5,3,45809,378916018,378937698,21680,1,0,0,0,0,0,0,2420,1,1
45810,4,5,1,45810,378952414,379054580,102166,11,6,4,0,0,0,0,2420,1,1
45811,4,5,3,45811,379069311,379152126,82815,9,7,1,0,0,0,0,2420,1,1
45812,4,5,4,45812,379166847,379195990,29143,2,1,0,0,0,0,0,2420,1,1
45813,4,5,0,45813,379210707,379241306,30599,2,0,1,0,0,0,0,2420,1,1
45814,4,5,3,45814,379256035,379277716,21681,1,0,0,0,0,0,0,2420,1,1
45815,4,5,1,45815,379292432,379321604,29172,2,1,0,0,0,0,0,2420,1,1
45816,4,5,3,45816,379336337,379365483,29146,2,1,0,0,0,0,0,2420,1,1
45817,4,5,0,45817,379380200,379419739,39539,3,0,2,0,0,0,0,2420,1,1
45818,4,5,1,45818,379434467,379490392,55925,5,1,3,0,0,0,0,2420,1,1
45819,4,5,3,45819,379505124,379526805,21681,1,0,0,0,0,0,0,2420,1,1
45820,4,5,1,45820,379541522,379578139,36617,3,2,0,0,0,0,0,2420,1,1
45821,4,5,3,45821,379592871,379629479,36608,3,2,0,0,0,0,0,2420,1,1
45822,4,5,0,45822,379644200,379680810,36610,3,2,0,0,0,0,0,2420,1,1
45823,4,5,3,45823,379695538,379747072,51534,5,4,0,0,0,0,0,2420,1,1
45824,4,5,4,45824,379761788,379799834,38046,3,1,1,0,0,0,0,2420,1,1
45825,4,5,4,45825,379814556,379845164,30608,2,0,1,0,0,0,0,2420,1,1
45826,4,5,1,45826,379859880,379881585,21705,1,0,0,0,0,0,0,2420,1,1
45827,4,5,3,45827,379896318,379949330,53012,5,3,1,0,0,0,0,2420,1,1
45828,4,5,4,45828,379964051,379985731,21680,1,0,0,0,0,0,0,2420,1,1
45829,4,5,1,45829,380000448,380045994,45546,4,2,1,0,0,0,0,2420,1,1
45830,4,5,4,45830,380060723,380106270,45547,4,2,1,0,0,0,0,2420,1,1
45831,4,5,3,45831,380120985,380166512,45527,4,2,1,0,0,0,0,2420,1,1
45832,4,5,4,45832,380181234,380202918,21684,1,0,0,0,0,0,0,2420,1,1
45833,4,5,4,45833,380217634,380263165,45531,4,2,1,0,0,0,0,2420,1,1
45834,4,5,1,45834,380277881,380299586,21705,1,0,0,0,0,0,0,2420,1,1
45835,4,5,4,45835,380314318,380350930,36612,3,2,0,0,0,0,0,2420,1,1
45836,4,5,4,45836,380365651,380411176,45525,4,2,1,0,0,0,0,2420,1,1
45837,4,5,3,45837,380425897,380456510,30613,2,0,1,0,0,0,0,2420,1,1
45838,4,5,2,45838,380471227,380555491,84264,9,6,2,0,0,0,0,2420,1,1
45839,4,5,2,45839,380570208,380691579,121371,13,5,7,0,0,0,0,2420,1,1
45840,4,5,2,45840,380706303,380736906,30603,2,0,1,0,0,0,0,2420,1,1
45841,4,5,1,45841,380751621,380797176,45555,4,2,1,0,0,0,0,2420,1,1
45842,4,5,3,45842,380811905,380841038,29133,2,1,0,0,0,0,0,2420,1,1
45843,4,5,4,45843,380855759,380895430,39671,3,1,0,0,1,0,0,2420,1,1
45844,4,5,3,45844,380910147,380949702,39555,3,0,2,0,0,0,0,2420,1,1
45845,4,5,2,45845,380964423,381068028,103605,11,5,5,0,0,0,0,2420,1,1
45846,4,5,1,45846,381082751,381168509,85758,9,5,3,0,0,0,0,2420,1,1
45847,4,5,0,45847,381183242,381204939,21697,1,0,0,0,0,0,0,2420,1,1
45848,4,5,2,45848,381219664,381265211,45547,4,2,1,0,0,0,0,2420,1,1
45849,4,5,0,45849,381279928,381325487,45559,4,2,1,0,0,0,0,2420,1,1
45850,4,5,3,45850,381340211,381378302,38091,3,1,1,0,0,0,0,2420,1,1
45851,4,5,0,45851,381393019,381414716,21697,1,0,0,0,0,0,0,2420,1,1
45852,4,5,1,45852,381429440,381491368,61928,6,3,2,0,0,0,0,2420,1,1
45853,4,5,0,45853,381506101,381561995,55894,5,1,3,0,0,0,0,2420,1,1
45854,4,5,0,45854,381576723,381598419,21696,1,0,0,0,0,0,0,2420,1,1
45855,4,5,1,45855,381613144,381634849,21705,1,0,0,0,0,0,0,2420,1,1
45856,4,5,3,45856,381649577,381702573,52996,5,3,1,0,0,0,0,2420,1,1
45857,4,5,1,45857,381717294,381762853,45559,4,2,1,0,0,0,0,2420,1,1
45858,4,5,2,45858,381777582,381808176,30594,2,0,1,0,0,0,0,2420,1,1
45859,4,5,0,45859,381822896,381875897,53001,5,3,1,0,0,0,0,2420,1,1
45860,4,5,1,45860,381890622,381936157,45535,4,2,1,0,0,0,0,2420,1,1
45861,4,5,2,45861,381950885,381980048,29163,2,1,0,0,0,0,0,2420,1,1
45862,4,5,0,45862,381994769,382016466,21697,1,0,0,0,0,0,0,2420,1,1
45863,4,5,1,45863,382031191,382137907,106716,12,9,2,0,0,0,0,2420,1,1
45864,4,5,2,45864,382152641,382214551,61910,6,3,2,0,0,0,0,2420,1,1
45865,4,5,2,45865,382229268,382258414,29146,2,1,0,0,0,0,0,2420,1,1
45866,4,5,3,45866,382273132,382294813,21681,1,0,0,0,0,0,0,2420,1,1
45867,4,5,1,45867,382309529,382340147,30618,2,0,1,0,0,0,0,2420,1,1
45868,4,5,0,45868,382354880,382439204,84324,9,6,2,0,0,0,0,2420,1,1
45869,4,5,2,45869,382453933,382506956,53023,5,3,1,0,0,0,0,2420,1,1
45870,4,5,1,45870,382521673,382558317,36644,3,2,0,0,0,0,0,2420,1,1
45871,4,5,3,45871,382573047,382713963,140916,16,10,5,0,0,0,0,2420,1,1
45872,4,5,2,45872,382728684,382750365,21681,1,0,0,0,0,0,0,2420,1,1
45873,4,5,1,45873,382765085,382871562,106477,11,3,7,0,0,0,0,2420,1,1
45874,4,5,4,45874,382886297,382979558,93261,10,6,3,0,0,0,0,2420,1,1
45875,4,5,2,45875,382994281,383024872,30591,2,0,1,0,0,0,0,2420,1,1
45876,4,5,0,45876,383039589,383085113,45524,4,2,1,0,0,0,0,2420,1,1
45877,4,5,0,45877,383099838,383121535,21697,1,0,0,0,0,0,0,2420,1,1
45878,4,5,4,45878,383136264,383165397,29133,2,1,0,0,0,0,0,2420,1,1
45879,4,5,4,45879,383180113,383234549,54436,5,2,2,0,0,0,0,2420,1,1
45880,4,5,2,45880,383249266,383320101,70835,7,3,3,0,0,0,0,2420,1,1
45881,4,5,2,45881,383334822,383420558,85736,9,5,3,0,0,0,0,2420,1,1
45882,4,5,1,45882,383435279,383497187,61908,6,3,2,0,0,0,0,2420,1,1
45883,4,5,0,45883,383511915,383533616,21701,1,0,0,0,0,0,0,2420,1,1
45884,4,5,0,45884,383548341,383586428,38087,3,1,1,0,0,0,0,2420,1,1
45885,4,5,0,45885,383601153,383685454,84301,9,6,2,0,0,0,0,2420,1,1
45886,4,5,1,45886,383700179,383738246,38067,3,1,1,0,0,0,0,2420,1,1
45887,4,5,0,45887,383752978,383774675,21697,1,0,0,0,0,0,0,2420,1,1
45888,4,5,4,45888,383789400,383869179,79779,8,3,4,0,0,0,0,2420,1,1
45889,4,5,4,45889,383883900,383945794,61894,6,3,2,0,0,0,0,2420,1,1
45890,4,5,4,45890,383960511,384116293,155782,17,7,8,0,1,0,0,2420,1,1
45891,4,5,2,45891,384131013,384161617,30604,2,0,1,0,0,0,0,2420,1,1
45892,4,5,4,45892,384176339,384214409,38070,3,1,1,0,0,0,0,2420,1,1
45893,4,5,3,45893,384229125,384259732,30607,2,0,1,0,0,0,0,2420,1,1
45894,4,5,0,45894,384274453,384311084,36631,3,2,0,0,0,0,0,2420,1,1
45895,4,5,4,45895,384325813,384347493,21680,1,0,0,0,0,0,0,2420,1,1
45896,4,5,0,45896,384362214,384448018,85804,9,5,3,0,0,0,0,2420,1,1
45897,4,5,4,45897,384462743,384484427,21684,1,0,0,0,0,0,0,2420,1,1
45898,4,5,4,45898,384499144,384520824,21680,1,0,0,0,0,0,0,2420,1,1
45899,4,5,3,45899,384535545,384588570,53025,5,3,1,0,0,0,0,2420,1,1
45900,4,5,1,45900,384603291,384683075,79784,8,3,4,0,0,0,0,2420,1,1
45901,4,5,4,45901,384697805,384802845,105040,11,4,6,0,0,0,0,2420,1,1
45902,4,5,1,45902,384817565,384878038,60473,6,4,1,0,0,0,0,2420,1,1
45903,4,5,1,45903,384892770,384947252,54482,5,2,2,0,0,0,0,2420,1,1
45904,4,5,0,45904,384961981,385014954,52973,5,3,1,0,0,0,0,2420,1,1
45905,4,5,4,45905,385029679,385140795,111116,12,6,5,0,0,0,0,2420,1,1
45906,4,5,3,45906,385155518,385245595,90077,9,2,6,0,0,0,0,2420,1,1
45907,4,5,2,45907,385260311,385305856,45545,4,2,1,0,0,0,0,2420,1,1
45908,4,5,0,45908,385320572,385358688,38116,3,1,1,0,0,0,0,2420,1,1
45909,4,5,2,45909,385373416,385395098,21682,1,0,0,0,0,0,0,2420,1,1
45910,4,5,2,45910,385409816,385447890,38074,3,1,1,0,0,0,0,2420,1,1
45911,4,5,2,45911,385462607,385524535,61928,6,3,2,0,0,0,0,2420,1,1
45912,4,5,1,45912,385539252,385622152,82900,9,7,1,0,0,0,0,2420,1,1
45913,4,5,0,45913,385636884,385718269,81385,9,8,0,0,0,0,0,2420,1,1
45914,4,5,0,45914,385732998,385778552,45554,4,2,1,0,0,0,0,2420,1,1
45915,4,5,3,45915,385793281,385822417,29136,2,1,0,0,0,0,0,2420,1,1
45916,4,5,3,45916,385837138,385858819,21681,1,0,0,0,0,0,0,2420,1,1
45917,4,5,4,45917,385873540,385895221,21681,1,0,0,0,0,0,0,2420,1,1
45918,4,5,0,45918,385909938,385940548,30610,2,0,1,0,0,0,0,2420,1,1
45919,4,5,3,45919,385955277,385984422,29145,2,1,0,0,0,0,0,2420,1,1
45920,4,5,3,45920,385999139,386028289,29150,2,1,0,0,0,0,0,2420,1,1
45921,4,5,4,45921,386043007,386072165,29158,2,1,0,0,0,0,0,2420,1,1
45922,4,5,0,45922,386086886,386108582,21696,1,0,0,0,0,0,0,2420,1,1
45923,4,5,0,45923,386123311,386234360,111049,12,6,5,0,0,0,0,2420,1,1
45924,4,5,0,45924,386249087,386278256,29169,2,1,0,0,0,0,0,2420,1,1
45925,4,5,3,45925,386292984,386339943,46959,4,1,2,0,0,0,0,2420,1,1
45926,4,5,4,45926,386354665,386419467,64802,6,1,4,0,0,0,0,2420,1,1
45927,4,5,1,45927,386434189,386455893,21704,1,0,0,0,0,0,0,2420,1,1
45928,4,5,4,45928,386470626,386510137,39511,3,0,2,0,0,0,0,2420,1,1
45929,4,5,3,45929,386524857,386774559,249702,29,16,11,0,1,0,0,2420,1,1
45930,4,5,3,45930,386789282,386941994,152712,17,8,8,0,0,0,0,2420,1,1
45931,4,5,1,45931,386956718,387017163,60445,6,4,1,0,0,0,0,2420,1,1
45932,4,5,4,45932,387031892,387172800,140908,16,10,5,0,0,0,0,2420,1,1
45933,4,5,1,45933,387187521,387233056,45535,4,2,1,0,0,0,0,2420,1,1
45934,4,5,2,45934,387247784,387269465,21681,1,0,0,0,0,0,0,2420,1,1
45935,4,5,4,45935,387284186,387347722,63536,6,3,1,0,1,0,0,2420,1,1
45936,4,5,0,45936,387362439,387384140,21701,1,0,0,0,0,0,0,2420,1,1
45937,4,5,1,45937,387398865,387460814,61949,6,3,2,0,0,0,0,2420,1,1
45938,4,5,3,45938,387475546,387497226,21680,1,0,0,0,0,0,0,2420,1,1
45939,4,5,4,45939,387511944,387584245,72301,7,2,4,0,0,0,0,2420,1,1
45940,4,5,1,45940,387598961,387643056,44095,4,3,0,0,0,0,0,2420,1,1
45941,4,5,1,45941,387657785,387695887,38102,3,1,1,0,0,0,0,2420,1,1
45942,4,5,4,45942,387710616,387732298,21682,1,0,0,0,0,0,0,2420,1,1
45943,4,5,4,45943,387747019,387808915,61896,6,3,2,0,0,0,0,2420,1,1
45944,4,5,2,45944,387823636,387921205,97569,10,3,6,0,0,0,0,2420,1,1
45945,4,5,3,45945,387935928,387974004,38076,3,1,1,0,0,0,0,2420,1,1
45946,4,5,2,45946,387988720,388010402,21682,1,0,0,0,0,0,0,2420,1,1
45947,4,5,3,45947,388025123,388118285,93162,10,6,3,0,0,0,0,2420,1,1
45948,4,5,3,45948,388133005,388202369,69364,7,4,2,0,0,0,0,2420,1,1
45949,4,5,0,45949,388217090,388238787,21697,1,0,0,0,0,0,0,2420,1,1
45950,4,5,2,45950,388253516,388293045,39529,3,0,2,0,0,0,0,2420,1,1
45951,4,5,4,45951,388307761,388338345,30584,2,0,1,0,0,0,0,2420,1,1
45952,4,5,3,45952,388353063,388400064,47001,4,1,2,0,0,0,0,2420,1,1
45953,4,5,4,45953,388414785,388436465,21680,1,0,0,0,0,0,0,2420,1,1
45954,4,5,4,45954,388451182,388472866,21684,1,0,0,0,0,0,0,2420,1,1
45955,4,5,4,45955,388487582,388542051,54469,5,2,2,0,0,0,0,2420,1,1
45956,4,5,3,45956,388556772,388642536,85764,9,5,3,0,0,0,0,2420,1,1
45957,4,5,3,45957,388657256,388678937,21681,1,0,0,0,0,0,0,2420,1,1
45958,4,5,1,45958,388693657,388737716,44059,4,3,0,0,0,0,0,2420,1,1
45959,4,5,1,45959,388752445,388838202,85757,9,5,3,0,0,0,0,2420,1,1
45960,4,5,1,45960,388852938,388874643,21705,1,0,0,0,0,0,0,2420,1,1
45961,4,5,1,45961,388889372,389007952,118580,13,7,5,0,0,0,0,2420,1,1
45962,4,5,4,45962,389022684,389059318,36634,3,2,0,0,0,0,0,2420,1,1
45963,4,5,0,45963,389074039,389128454,54415,5,2,2,0,0,0,0,2420,1,1
45964,4,5,1,45964,389143183,389202202,59019,6,5,0,0,0,0,0,2420,1,1
45965,4,5,3,45965,389216934,389345790,128856,14,6,7,0,0,0,0,2420,1,1
45966,4,5,1,45966,389360510,389382214,21704,1,0,0,0,0,0,0,2420,1,1
45967,4,5,4,45967,389396947,389418627,21680,1,0,0,0,0,0,0,2420,1,1
45968,4,5,1,45968,389433347,389462532,29185,2,1,0,0,0,0,0,2420,1,1
45969,4,5,4,45969,389477264,389515304,38040,3,1,1,0,0,0,0,2420,1,1
45970,4,5,3,45970,389530020,389568095,38075,3,1,1,0,0,0,0,2420,1,1
45971,4,5,2,45971,389582815,389604496,21681,1,0,0,0,0,0,0,2420,1,1
45972,4,5,0,45972,389619212,389648363,29151,2,1,0,0,0,0,0,2420,1,1
45973,4,5,3,45973,389663091,389692255,29164,2,1,0,0,0,0,0,2420,1,1
45974,4,5,2,45974,389706975,389745047,38072,3,1,1,0,0,0,0,2420,1,1
45975,4,5,0,45975,389759763,389881359,121596,13,6,5,0,1,0,0,2420,1,1
45976,4,5,4,45976,389896091,389964004,67913,7,5,1,0,0,0,0,2420,1,1
45977,4,5,1,45977,389978720,390057058,78338,8,4,3,0,0,0,0,2420,1,1
45978,4,5,1,45978,390071786,390108430,36644,3,2,0,0,0,0,0,2420,1,1
45979,4,5,2,45979,390123160,390144841,21681,1,0,0,0,0,0,0,2420,1,1
45980,4,5,4,45980,390159558,390205107,45549,4,2,1,0,0,0,0,2420,1,1
45981,4,5,3,45981,390219823,390256425,36602,3,2,0,0,0,0,0,2420,1,1
45982,4,5,1,45982,390271141,390374905,103764,11,6,3,0,1,0,0,2420,1,1
45983,4,5,3,45983,390389637,390411317,21680,1,0,0,0,0,0,0,2420,1,1
45984,4,5,2,45984,390426038,390505758,79720,8,3,4,0,0,0,0,2420,1,1
45985,4,5,1,45985,390520474,390567513,47039,4,1,2,0,0,0,0,2420,1,1
45986,4,5,1,45986,390582242,390620328,38086,3,1,1,0,0,0,0,2420,1,1
45987,4,5,1,45987,390635061,390664249,29188,2,1,0,0,0,0,0,2420,1,1
45988,4,5,4,45988,390678978,390734871,55893,5,1,3,0,0,0,0,2420,1,1
45989,4,5,2,45989,390749588,390786214,36626,3,2,0,0,0,0,0,2420,1,1
45990,4,5,4,45990,390800931,390847912,46981,4,1,2,0,0,0,0,2420,1,1
45991,4,5,3,45991,390862629,391013983,151354,17,9,7,0,0,0,0,2420,1,1
45992,4,5,1,45992,391028707,391092082,63375,6,2,3,0,0,0,0,2420,1,1
45993,4,5,2,45993,391106815,391137398,30583,2,0,1,0,0,0,0,2420,1,1
45994,4,5,3,45994,391152114,391182732,30618,2,0,1,0,0,0,0,2420,1,1
45995,4,5,3,45995,391197452,391219132,21680,1,0,0,0,0,0,0,2420,1,1
45996,4,5,1,45996,391233853,391255558,21705,1,0,0,0,0,0,0,2420,1,1
45997,4,5,2,45997,391270287,391356110,85823,9,5,3,0,0,0,0,2420,1,1
45998,4,5,3,45998,391370827,391438732,67905,7,5,1,0,0,0,0,2420,1,1
45999,4,5,0,45999,391453453,391500424,46971,4,1,2,0,0,0,0,2420,1,1
46000,4,6,1,46000,391515153,391560955,45802,4,2,1,0,0,0,0,2420,1,1
46001,4,6,0,46001,391575825,391639226,63401,6,2,3,0,0,0,0,2420,1,1
46002,4,6,0,46002,391654018,391683226,29208,2,1,0,0,0,0,0,2420,1,1
46003,4,6,3,46003,391698010,391734719,36709,3,2,0,0,0,0,0,2420,1,1
46004,4,6,0,46004,391749498,391786170,36672,3,2,0,0,0,0,0,2420,1,1
46005,4,6,1,46005,391800952,391830193,29241,2,1,0,0,0,0,0,2420,1,1
46006,4,6,3,46006,391844988,392008211,163223,18,7,10,0,0,0,0,2420,1,1
46007,4,6,3,46007,392022994,392044735,21741,1,0,0,0,0,0,0,2420,1,1
46008,4,6,4,46008,392059513,392081253,21740,1,0,0,0,0,0,0,2420,1,1
46009,4,6,3,46009,392096032,392141619,45587,4,2,1,0,0,0,0,2420,1,1
46010,4,6,0,46010,392156403,392280783,124380,13,3,9,0,0,0,0,2420,1,1
46011,4,6,0,46011,392295573,392333730,38157,3,1,1,0,0,0,0,2420,1,1
46012,4,6,1,46012,392348517,392394169,45652,4,2,1,0,0,0,0,2420,1,1
46013,4,6,3,46013,392408956,392493134,84178,8,0,7,0,0,0,0,2420,1,1
46014,4,6,0,46014,392507913,392537120,29207,2,1,0,0,0,0,0,2420,1,1
46015,4,6,1,46015,392551903,392606406,54503,5,2,2,0,0,0,0,2420,1,1
46016,4,6,2,46016,392621197,392657842,36645,3,2,0,0,0,0,0,2420,1,1
46017,4,6,3,46017,392672618,392694362,21744,1,0,0,0,0,0,0,2420,1,1
46018,4,6,1,46018,392709141,392739817,30676,2,0,1,0,0,0,0,2420,1,1
46019,4,6,4,46019,392754609,392776349,21740,1,0,0,0,0,0,0,2420,1,1
46020,4,6,2,46020,392791128,392835273,44145,4,3,0,0,0,0,0,2420,1,1
46021,4,6,4,46021,392850049,392888181,38132,3,1,1,0,0,0,0,2420,1,1
46022,4,6,1,46022,392902964,392924728,21764,1,0,0,0,0,0,0,2420,1,1
46023,4,6,0,46023,392939515,392970178,30663,2,0,1,0,0,0,0,2420,1,1
46024,4,6,2,46024,392984974,393078225,93251,10,6,3,0,0,0,0,2420,1,1
46025,4,6,2,46025,393093006,393154971,61965,6,3,2,0,0,0,0,2420,1,1
46026,4,6,3,46026,393169750,393255750,86000,9,6,1,0,1,0,0,2420,1,1
46027,4,6,4,46027,393270525,393292265,21740,1,0,0,0,0,0,0,2420,1,1
46028,4,6,0,46028,393307048,393361599,54551,5,2,2,0,0,0,0,2420,1,1
46029,4,6,1,46029,393376386,393426517,50131,4,0,2,0,1,0,0,2420,1,1
46030,4,6,4,46030,393441307,393479427,38120,3,1,1,0,0,0,0,2420,1,1
46031,4,6,2,46031,393494207,393523420,29213,2,1,0,0,0,0,0,2420,1,1
46032,4,6,1,46032,393538200,393559964,21764,1,0,0,0,0,0,0,2420,1,1
46033,4,6,0,46033,393574755,393603959,29204,2,1,0,0,0,0,0,2420,1,1
46034,4,6,4,46034,393618745,393640485,21740,1,0,0,0,0,0,0,2420,1,1
46035,4,6,2,46035,393655265,393693367,38102,3,1,1,0,0,0,0,2420,1,1
46036,4,6,2,46036,393708145,393753704,45559,4,2,1,0,0,0,0,2420,1,1
46037,4,6,1,46037,393768479,393790243,21764,1,0,0,0,0,0,0,2420,1,1
46038,4,6,1,46038,393805038,393834250,29212,2,1,0,0,0,0,0,2420,1,1
46039,4,6,3,46039,393849037,393885699,36662,3,2,0,0,0,0,0,2420,1,1
46040,4,6,2,46040,393900478,393922218,21740,1,0,0,0,0,0,0,2420,1,1
46041,4,6,3,46041,393936997,393967647,30650,2,0,1,0,0,0,0,2420,1,1
46042,4,6,0,46042,393982426,394004186,21760,1,0,0,0,0,0,0,2420,1,1
46043,4,6,0,46043,394018969,394049648,30679,2,0,1,0,0,0,0,2420,1,1
46044,4,6,1,46044,394064439,394123510,59071,6,5,0,0,0,0,0,2420,1,1
46045,4,6,2,46045,394138297,394264354,126057,14,8,5,0,0,0,0,2420,1,1
46046,4,6,4,46046,394279136,394333681,54545,5,2,2,0,0,0,0,2420,1,1
46047,4,6,3,46047,394348456,394370196,21740,1,0,0,0,0,0,0,2420,1,1
46048,4,6,1,46048,394384979,394455925,70946,7,3,3,0,0,0,0,2420,1,1
46049,4,6,4,46049,394470712,394523815,53103,5,3,1,0,0,0,0,2420,1,1
46050,4,6,3,46050,394538595,394625849,87254,9,4,4,0,0,0,0,2420,1,1
46051,4,6,2,46051,394640624,394669813,29189,2,1,0,0,0,0,0,2420,1,1
46052,4,6,0,46052,394684596,394722704,38108,3,1,1,0,0,0,0,2420,1,1
46053,4,6,1,46053,394737487,394759251,21764,1,0,0,0,0,0,0,2420,1,1
46054,4,6,0,46054,394774046,394846381,72335,7,2,4,0,0,0,0,2420,1,1
46055,4,6,3,46055,394861165,394882909,21744,1,0,0,0,0,0,0,2420,1,1
46056,4,6,3,46056,394897692,394928368,30676,2,0,1,0,0,0,0,2420,1,1
46057,4,6,1,46057,394943147,394988737,45590,4,2,1,0,0,0,0,2420,1,1
46058,4,6,2,46058,395003532,395135618,132086,15,10,4,0,0,0,0,2420,1,1
46059,4,6,3,46059,395150398,395189999,39601,3,0,2,0,0,0,0,2420,1,1
46060,4,6,2,46060,395204783,395259296,54513,5,2,2,0,0,0,0,2420,1,1
46061,4,6,1,46061,395274075,395336098,62023,6,3,2,0,0,0,0,2420,1,1
46062,4,6,2,46062,395350888,395381544,30656,2,0,1,0,0,0,0,2420,1,1
46063,4,6,3,46063,395396324,395425539,29215,2,1,0,0,0,0,0,2420,1,1
46064,4,6,3,46064,395440318,395527597,87279,9,4,4,0,0,0,0,2420,1,1
46065,4,6,3,46065,395542372,395580514,38142,3,1,1,0,0,0,0,2420,1,1
46066,4,6,0,46066,395595297,395639433,44136,4,3,0,0,0,0,0,2420,1,1
46067,4,6,4,46067,395654221,395683435,29214,2,1,0,0,0,0,0,2420,1,1
46068,4,6,2,46068,395698214,395758745,60531,6,4,1,0,0,0,0,2420,1,1
46069,4,6,1,46069,395773524,395795288,21764,1,0,0,0,0,0,0,2420,1,1
46070,4,6,2,46070,395810079,395886969,76890,8,5,2,0,0,0,0,2420,1,1
46071,4,6,0,46071,395901745,395932430,30685,2,0,1,0,0,0,0,2420,1,1
46072,4,6,0,46072,395947221,395991390,44169,4,3,0,0,0,0,0,2420,1,1
46073,4,6,4,46073,396006177,396065269,59092,6,5,0,0,0,0,0,2420,1,1
46074,4,6,4,46074,396080048,396133133,53085,5,3,1,0,0,0,0,2420,1,1
46075,4,6,2,46075,396147908,396209917,62009,6,3,2,0,0,0,0,2420,1,1
46076,4,6,4,46076,396224699,396253911,29212,2,1,0,0,0,0,0,2420,1,1
46077,4,6,2,46077,396268686,396338159,69473,7,4,2,0,0,0,0,2420,1,1
46078,4,6,1,46078,396352942,396422419,69477,7,4,2,0,0,0,0,2420,1,1
46079,4,6,2,46079,396437210,396490258,53048,5,3,1,0,0,0,0,2420,1,1
46080,4,6,0,46080,396505042,396599749,94707,10,5,4,0,0,0,0,2420,1,1
46081,4,6,1,46081,396614538,396692980,78442,8,4,3,0,0,0,0,2420,1,1
46082,4,6,1,46082,396707771,396729535,21764,1,0,0,0,0,0,0,2420,1,1
46083,4,6,1,46083,396744327,396937426,193099,22,11,10,0,0,0,0,2420,1,1
46084,4,6,3,46084,396952223,396991791,39568,3,0,2,0,0,0,0,2420,1,1
46085,4,6,2,46085,397006569,397043264,36695,3,2,0,0,0,0,0,2420,1,1
46086,4,6,3,46086,397058043,397103601,45558,4,2,1,0,0,0,0,2420,1,1
46087,4,6,1,46087,397118376,397170003,51627,5,4,0,0,0,0,0,2420,1,1
46088,4,6,4,46088,397184802,397239299,54497,5,2,2,0,0,0,0,2420,1,1
46089,4,6,4,46089,397254086,397283277,29191,2,1,0,0,0,0,0,2420,1,1
46090,4,6,4,46090,397298060,397319800,21740,1,0,0,0,0,0,0,2420,1,1
46091,4,6,3,46091,397334588,397402583,67995,7,5,1,0,0,0,0,2420,1,1
46092,4,6,0,46092,397417370,397448031,30661,2,0,1,0,0,0,0,2420,1,1
46093,4,6,2,46093,397462826,397484567,21741,1,0,0,0,0,0,0,2420,1,1
46094,4,6,0,46094,397499350,397521106,21756,1,0,0,0,0,0,0,2420,1,1
46095,4,6,3,46095,397535902,397557642,21740,1,0,0,0,0,0,0,2420,1,1
46096,4,6,4,46096,397572424,397626933,54509,5,2,2,0,0,0,0,2420,1,1
46097,4,6,0,46097,397641716,397696249,54533,5,2,2,0,0,0,0,2420,1,1
46098,4,6,0,46098,397711040,397732799,21759,1,0,0,0,0,0,0,2420,1,1
46099,4,6,3,46099,397747591,397778248,30657,2,0,1,0,0,0,0,2420,1,1
46100,4,6,4,46100,397793031,397829679,36648,3,2,0,0,0,0,0,2420,1,1
46101,4,6,3,46101,397844466,397881117,36651,3,2,0,0,0,0,0,2420,1,1
46102,4,6,1,46102,397895904,397942963,47059,4,1,2,0,0,0,0,2420,1,1
46103,4,6,4,46103,397957758,397986979,29221,2,1,0,0,0,0,0,2420,1,1
46104,4,6,2,46104,398001763,398065185,63422,6,2,3,0,0,0,0,2420,1,1
46105,4,6,1,46105,398079968,398135990,56022,5,1,3,0,0,0,0,2420,1,1
46106,4,6,1,46106,398150785,398208362,57577,5,1,2,0,1,0,0,2420,1,1
46107,4,6,3,46107,398223162,398276182,53020,5,3,1,0,0,0,0,2420,1,1
46108,4,6,0,46108,398290965,398391822,100857,11,7,3,0,0,0,0,2420,1,1
46109,4,6,0,46109,398406620,398428375,21755,1,0,0,0,0,0,0,2420,1,1
46110,4,6,0,46110,398443171,398481303,38132,3,1,1,0,0,0,0,2420,1,1
46111,4,6,3,46111,398496098,398592284,96186,10,4,5,0,0,0,0,2420,1,1
46112,4,6,0,46112,398607072,398652676,45604,4,2,1,0,0,0,0,2420,1,1
46113,4,6,2,46113,398667467,398714498,47031,4,1,2,0,0,0,0,2420,1,1
46114,4,6,3,46114,398729282,398794130,64848,6,1,4,0,0,0,0,2420,1,1
46115,4,6,0,46115,398808914,398830670,21756,1,0,0,0,0,0,0,2420,1,1
46116,4,6,3,46116,398845465,398905984,60519,6,4,1,0,0,0,0,2420,1,1
46117,4,6,3,46117,398920767,398996284,75517,8,6,1,0,0,0,0,2420,1,1
46118,4,6,2,46118,399011067,399047721,36654,3,2,0,0,0,0,0,2420,1,1
46119,4,6,4,46119,399062504,399137914,75410,8,6,1,0,0,0,0,2420,1,1
46120,4,6,2,46120,399152697,399232704,80007,8,4,2,0,1,0,0,2420,1,1
46121,4,6,3,46121,399247484,399276708,29224,2,1,0,0,0,0,0,2420,1,1
46122,4,6,2,46122,399291487,399322165,30678,2,0,1,0,0,0,0,2420,1,1
46123,4,6,1,46123,399336943,399422844,85901,9,5,3,0,0,0,0,2420,1,1
46124,4,6,4,46124,399437635,399542763,105128,11,4,6,0,0,0,0,2420,1,1
46125,4,6,0,46125,399557541,399732730,175189,20,11,8,0,0,0,0,2420,1,1
46126,4,6,2,46126,399747525,399810966,63441,6,2,3,0,0,0,0,2420,1,1
46127,4,6,4,46127,399825745,399847485,21740,1,0,0,0,0,0,0,2420,1,1
46128,4,6,1,46128,399862264,399902030,39766,3,1,0,0,1,0,0,2420,1,1
46129,4,6,1,46129,399916822,399938585,21763,1,0,0,0,0,0,0,2420,1,1
46130,4,6,4,46130,399953380,400009320,55940,5,1,3,0,0,0,0,2420,1,1
46131,4,6,2,46131,400024098,400100972,76874,8,5,2,0,0,0,0,2420,1,1
46132,4,6,0,46132,400115755,400137511,21756,1,0,0,0,0,0,0,2420,1,1
46133,4,6,0,46133,400152294,400218798,66504,7,6,0,0,0,0,0,2420,1,1
46134,4,6,1,46134,400233589,400322363,88774,9,3,5,0,0,0,0,2420,1,1
46135,4,6,3,46135,400337153,400397632,60479,6,4,1,0,0,0,0,2420,1,1
46136,4,6,1,46136,400412411,400434180,21769,1,0,0,0,0,0,0,2420,1,1
46137,4,6,0,46137,400448967,400540800,91833,10,7,2,0,0,0,0,2420,1,1
46138,4,6,4,46138,400555593,400592243,36650,3,2,0,0,0,0,0,2420,1,1
46139,4,6,3,46139,400607023,400654087,47064,4,1,2,0,0,0,0,2420,1,1
46140,4,6,0,46140,400668866,400730842,61976,6,3,2,0,0,0,0,2420,1,1
46141,4,6,3,46141,400745629,400774839,29210,2,1,0,0,0,0,0,2420,1,1
46142,4,6,3,46142,400789618,400811358,21740,1,0,0,0,0,0,0,2420,1,1
46143,4,6,4,46143,400826137,400924023,97886,11,9,1,0,0,0,0,2420,1,1
46144,4,6,4,46144,400938805,400967999,29194,2,1,0,0,0,0,0,2420,1,1
46145,4,6,3,46145,400982778,401046177,63399,6,2,3,0,0,0,0,2420,1,1
46146,4,6,0,46146,401060956,401105140,44184,4,3,0,0,0,0,0,2420,1,1
46147,4,6,4,46147,401119923,401204303,84380,9,6,2,0,0,0,0,2420,1,1
46148,4,6,4,46148,401219082,401272157,53075,5,3,1,0,0,0,0,2420,1,1
46149,4,6,3,46149,401286937,401359308,72371,7,2,4,0,0,0,0,2420,1,1
46150,4,6,1,46150,401374091,401418264,44173,4,3,0,0,0,0,0,2420,1,1
46151,4,6,3,46151,401433052,401462266,29214,2,1,0,0,0,0,0,2420,1,1
46152,4,6,2,46152,401477053,401585325,108272,12,8,3,0,0,0,0,2420,1,1
46153,4,6,4,46153,401600115,401685928,85813,9,5,3,0,0,0,0,2420,1,1
46154,4,6,2,46154,401700719,401788003,87284,9,4,4,0,0,0,0,2420,1,1
46155,4,6,3,46155,401802794,401842355,39561,3,0,2,0,0,0,0,2420,1,1
46156,4,6,2,46156,401857150,401878890,21740,1,0,0,0,0,0,0,2420,1,1
46157,4,6,1,46157,401893681,401915445,21764,1,0,0,0,0,0,0,2420,1,1
46158,4,6,0,46158,401930248,402008641,78393,8,4,3,0,0,0,0,2420,1,1
46159,4,6,4,46159,402023439,402068999,45560,4,2,1,0,0,0,0,2420,1,1
46160,4,6,0,46160,402083794,402105550,21756,1,0,0,0,0,0,0,2420,1,1
46161,4,6,1,46161,402120345,402159924,39579,3,0,2,0,0,0,0,2420,1,1
46162,4,6,0,46162,402174731,402299286,124555,14,9,4,0,0,0,0,2420,1,1
46163,4,6,3,46163,402314087,402335828,21741,1,0,0,0,0,0,0,2420,1,1
46164,4,6,1,46164,402350618,402388761,38143,3,1,1,0,0,0,0,2420,1,1
46165,4,6,0,46165,402403565,402425321,21756,1,0,0,0,0,0,0,2420,1,1
46166,4,6,1,46166,402440120,402461884,21764,1,0,0,0,0,0,0,2420,1,1
46167,4,6,0,46167,402476686,402516315,39629,3,0,2,0,0,0,0,2420,1,1
46168,4,6,0,46168,402531115,402567778,36663,3,2,0,0,0,0,0,2420,1,1
46169,4,6,2,46169,402582572,402701202,118630,13,7,5,0,0,0,0,2420,1,1
46170,4,6,1,46170,402716001,402752668,36667,3,2,0,0,0,0,0,2420,1,1
46171,4,6,1,46171,402767470,402813050,45580,4,2,1,0,0,0,0,2420,1,1
46172,4,6,2,46172,402827853,402880932,53079,5,3,1,0,0,0,0,2420,1,1
46173,4,6,0,46173,402895724,402917479,21755,1,0,0,0,0,0,0,2420,1,1
46174,4,6,1,46174,402932279,402976399,44120,4,3,0,0,0,0,0,2420,1,1
46175,4,6,2,46175,402991198,403012941,21743,1,0,0,0,0,0,0,2420,1,1
46176,4,6,1,46176,403027732,403056980,29248,2,1,0,0,0,0,0,2420,1,1
46177,4,6,4,46177,403071779,403120274,48495,4,0,3,0,0,0,0,2420,1,1
46178,4,6,3,46178,403135069,403156809,21740,1,0,0,0,0,0,0,2420,1,1
46179,4,6,0,46179,403171595,403193355,21760,1,0,0,0,0,0,0,2420,1,1
46180,4,6,4,46180,403208155,403301420,93265,10,6,3,0,0,0,0,2420,1,1
46181,4,6,4,46181,403316213,403388528,72315,7,2,4,0,0,0,0,2420,1,1
46182,4,6,3,46182,403403324,403456340,53016,5,3,1,0,0,0,0,2420,1,1
46183,4,6,3,46183,403471128,403545113,73985,8,7,0,0,0,0,0,2420,1,1
46184,4,6,2,46184,403559904,403590556,30652,2,0,1,0,0,0,0,2420,1,1
46185,4,6,1,46185,403605335,403627099,21764,1,0,0,0,0,0,0,2420,1,1
46186,4,6,3,46186,403641890,403750110,108220,12,8,3,0,0,0,0,2420,1,1
46187,4,6,4,46187,403764893,403794114,29221,2,1,0,0,0,0,0,2420,1,1
46188,4,6,2,46188,403808893,403848482,39589,3,0,2,0,0,0,0,2420,1,1
46189,4,6,4,46189,403863261,403908855,45594,4,2,1,0,0,0,0,2420,1,1
46190,4,6,1,46190,403923638,403945402,21764,1,0,0,0,0,0,0,2420,1,1
46191,4,6,2,46191,403960188,404031066,70878,7,3,3,0,0,0,0,2420,1,1
46192,4,6,4,46192,404045849,404067588,21739,1,0,0,0,0,0,0,2420,1,1
46193,4,6,0,46193,404082362,404148964,66602,7,6,0,0,0,0,0,2420,1,1
46194,4,6,4,46194,404163755,404201871,38116,3,1,1,0,0,0,0,2420,1,1
46195,4,6,1,46195,404216650,404293571,76921,8,5,2,0,0,0,0,2420,1,1
46196,4,6,2,46196,404308362,404361362,53000,5,3,1,0,0,0,0,2420,1,1
46197,4,6,4,46197,404376142,404397882,21740,1,0,0,0,0,0,0,2420,1,1
46198,4,6,2,46198,404412660,404434401,21741,1,0,0,0,0,0,0,2420,1,1
46199,4,6,0,46199,404449176,404470932,21756,1,0,0,0,0,0,0,2420,1,1
46200,4,6,2,46200,404485724,404522395,36671,3,2,0,0,0,0,0,2420,1,1
46201,4,6,4,46201,404537173,404590253,53080,5,3,1,0,0,0,0,2420,1,1
46202,4,6,3,46202,404605036,404649195,44159,4,3,0,0,0,0,0,2420,1,1
46203,4,6,2,46203,404663975,404685716,21741,1,0,0,0,0,0,0,2420,1,1
46204,4,6,2,46204,404700495,404738645,38150,3,1,1,0,0,0,0,2420,1,1
46205,4,6,1,46205,404753424,404797618,44194,4,3,0,0,0,0,0,2420,1,1
46206,4,6,0,46206,404812409,404834169,21760,1,0,0,0,0,0,0,2420,1,1
46207,4,6,3,46207,404848952,404879605,30653,2,0,1,0,0,0,0,2420,1,1
46208,4,6,4,46208,404894388,404923605,29217,2,1,0,0,0,0,0,2420,1,1
46209,4,6,1,46209,404938380,404960144,21764,1,0,0,0,0,0,0,2420,1,1
46210,4,6,2,46210,404974939,405063653,88714,9,3,5,0,0,0,0,2420,1,1
46211,4,6,0,46211,405078429,405107650,29221,2,1,0,0,0,0,0,2420,1,1
46212,4,6,0,46212,405122438,405162001,39563,3,0,2,0,0,0,0,2420,1,1
46213,4,6,1,46213,405176788,405214932,38144,3,1,1,0,0,0,0,2420,1,1
46214,4,6,2,46214,405229723,405291719,61996,6,3,2,0,0,0,0,2420,1,1
46215,4,6,2,46215,405306498,405335696,29198,2,1,0,0,0,0,0,2420,1,1
46216,4,6,1,46216,405350479,405381161,30682,2,0,1,0,0,0,0,2420,1,1
46217,4,6,0,46217,405395952,405502745,106793,12,9,2,0,0,0,0,2420,1,1
46218,4,6,4,46218,405517536,405554192,36656,3,2,0,0,0,0,0,2420,1,1
46219,4,6,0,46219,405568967,405616017,47050,4,1,2,0,0,0,0,2420,1,1
46220,4,6,4,46220,405630804,405703132,72328,7,2,4,0,0,0,0,2420,1,1
46221,4,6,1,46221,405717908,405756059,38151,3,1,1,0,0,0,0,2420,1,1
46222,4,6,2,46222,405770850,405800055,29205,2,1,0,0,0,0,0,2420,1,1
46223,4,6,1,46223,405814834,405879767,64933,6,1,4,0,0,0,0,2420,1,1
46224,4,6,2,46224,405894562,405925207,30645,2,0,1,0,0,0,0,2420,1,1
46225,4,6,2,46225,405939982,405970623,30641,2,0,1,0,0,0,0,2420,1,1
46226,4,6,3,46226,405985406,406022056,36650,3,2,0,0,0,0,0,2420,1,1
46227,4,6,2,46227,406036835,406074945,38110,3,1,1,0,0,0,0,2420,1,1
46228,4,6,1,46228,406089724,406111489,21765,1,0,0,0,0,0,0,2420,1,1
46229,4,6,4,46229,406126280,406198645,72365,7,2,4,0,0,0,0,2420,1,1
46230,4,6,2,46230,406213429,406267908,54479,5,2,2,0,0,0,0,2420,1,1
46231,4,6,2,46231,406282683,406343137,60454,6,4,1,0,0,0,0,2420,1,1
46232,4,6,1,46232,406357916,406436204,78288,8,4,3,0,0,0,0,2420,1,1
46233,4,6,4,46233,406450991,406495144,44153,4,3,0,0,0,0,0,2420,1,1
46234,4,6,1,46234,406509923,406531687,21764,1,0,0,0,0,0,0,2420,1,1
46235,4,6,2,46235,406546478,406568218,21740,1,0,0,0,0,0,0,2420,1,1
46236,4,6,1,46236,406583001,406619699,36698,3,2,0,0,0,0,0,2420,1,1
46237,4,6,4,46237,406634491,406656231,21740,1,0,0,0,0,0,0,2420,1,1
46238,4,6,1,46238,406671010,406700244,29234,2,1,0,0,0,0,0,2420,1,1
46239,4,6,3,46239,406715035,406768062,53027,5,3,1,0,0,0,0,2420,1,1
46240,4,6,3,46240,406782846,406843394,60548,6,4,1,0,0,0,0,2420,1,1
46241,4,6,4,46241,406858170,406879910,21740,1,0,0,0,0,0,0,2420,1,1
46242,4,6,4,46242,406894693,406916434,21741,1,0,0,0,0,0,0,2420,1,1
46243,4,6,2,46243,406931209,406952952,21743,1,0,0,0,0,0,0,2420,1,1
46244,4,6,1,46244,406967731,407050653,82922,9,7,1,0,0,0,0,2420,1,1
46245,4,6,3,46245,407065446,407096094,30648,2,0,1,0,0,0,0,2420,1,1
46246,4,6,0,46246,407110872,407132628,21756,1,0,0,0,0,0,0,2420,1,1
46247,4,6,0,46247,407147412,407236150,88738,9,3,5,0,0,0,0,2420,1,1
46248,4,6,3,46248,407250941,407280133,29192,2,1,0,0,0,0,0,2420,1,1
46249,4,6,2,46249,407294912,407347948,53036,5,3,1,0,0,0,0,2420,1,1
46250,4,6,4,46250,407362726,407408329,45603,4,2,1,0,0,0,0,2420,1,1
46251,4,6,2,46251,407423104,407461216,38112,3,1,1,0,0,0,0,2420,1,1
46252,4,6,4,46252,407476000,407530552,54552,5,2,2,0,0,0,0,2420,1,1
46253,4,6,2,46253,407545332,407567072,21740,1,0,0,0,0,0,0,2420,1,1
46254,4,6,4,46254,407581852,407603596,21744,1,0,0,0,0,0,0,2420,1,1
46255,4,6,0,46255,407618371,407647604,29233,2,1,0,0,0,0,0,2420,1,1
46256,4,6,2,46256,407662391,407684135,21744,1,0,0,0,0,0,0,2420,1,1
46257,4,6,2,46257,407698911,407783250,84339,9,6,2,0,0,0,0,2420,1,1
46258,4,6,0,46258,407798029,407843635,45606,4,2,1,0,0,0,0,2420,1,1
46259,4,6,4,46259,407858418,407887623,29205,2,1,0,0,0,0,0,2420,1,1
46260,4,6,3,46260,407902402,407924146,21744,1,0,0,0,0,0,0,2420,1,1
46261,4,6,3,46261,407938922,407969577,30655,2,0,1,0,0,0,0,2420,1,1
46262,4,6,2,46262,407984361,408006101,21740,1,0,0,0,0,0,0,2420,1,1
46263,4,6,1,46263,408020876,408051562,30686,2,0,1,0,0,0,0,2420,1,1
46264,4,6,3,46264,408066357,408088097,21740,1,0,0,0,0,0,0,2420,1,1
46265,4,6,4,46265,408102876,408132088,29212,2,1,0,0,0,0,0,2420,1,1
46266,4,6,1,46266,408146871,408168635,21764,1,0,0,0,0,0,0,2420,1,1
46267,4,6,0,46267,408183426,408205183,21757,1,0,0,0,0,0,0,2420,1,1
46268,4,6,3,46268,408219970,408241710,21740,1,0,0,0,0,0,0,2420,1,1
46269,4,6,0,46269,408256489,408303541,47052,4,1,2,0,0,0,0,2420,1,1
46270,4,6,2,46270,408318328,408340069,21741,1,0,0,0,0,0,0,2420,1,1
46271,4,6,4,46271,408354849,408394421,39572,3,0,2,0,0,0,0,2420,1,1
46272,4,6,2,46272,408409201,408430941,21740,1,0,0,0,0,0,0,2420,1,1
46273,4,6,2,46273,408445721,408516543,70822,7,3,3,0,0,0,0,2420,1,1
46274,4,6,1,46274,408531322,408593300,61978,6,3,2,0,0,0,0,2420,1,1
46275,4,6,3,46275,408608086,408735623,127537,14,7,6,0,0,0,0,2420,1,1
46276,4,6,0,46276,408750404,408779633,29229,2,1,0,0,0,0,0,2420,1,1
46277,4,6,1,46277,408794421,408856438,62017,6,3,2,0,0,0,0,2420,1,1
46278,4,6,4,46278,408871229,408900436,29207,2,1,0,0,0,0,0,2420,1,1
46279,4,6,4,46279,408915215,408944436,29221,2,1,0,0,0,0,0,2420,1,1
46280,4,6,1,46280,408959219,409037558,78339,8,4,3,0,0,0,0,2420,1,1
46281,4,6,4,46281,409052357,409074102,21745,1,0,0,0,0,0,0,2420,1,1
46282,4,6,2,46282,409088893,409177634,88741,9,3,5,0,0,0,0,2420,1,1
46283,4,6,3,46283,409192421,409230565,38144,3,1,1,0,0,0,0,2420,1,1
46284,4,6,4,46284,409245360,409283477,38117,3,1,1,0,0,0,0,2420,1,1
46285,4,6,1,46285,409298265,409336420,38155,3,1,1,0,0,0,0,2420,1,1
46286,4,6,3,46286,409351223,409380416,29193,2,1,0,0,0,0,0,2420,1,1
46287,4,6,0,46287,409395206,409449720,54514,5,2,2,0,0,0,0,2420,1,1
46288,4,6,4,46288,409464523,409539799,75276,7,0,6,0,0,0,0,2420,1,1
46289,4,6,2,46289,409554590,409592707,38117,3,1,1,0,0,0,0,2420,1,1
46290,4,6,4,46290,409607501,409653068,45567,4,2,1,0,0,0,0,2420,1,1
46291,4,6,3,46291,409667855,409707445,39590,3,0,2,0,0,0,0,2420,1,1
46292,4,6,2,46292,409722236,409743980,21744,1,0,0,0,0,0,0,2420,1,1
46293,4,6,4,46293,409758767,409780507,21740,1,0,0,0,0,0,0,2420,1,1
46294,4,6,1,46294,409795302,409858760,63458,6,2,3,0,0,0,0,2420,1,1
46295,4,6,4,46295,409873563,409911684,38121,3,1,1,0,0,0,0,2420,1,1
46296,4,6,1,46296,409926479,409988445,61966,6,3,2,0,0,0,0,2420,1,1
46297,4,6,3,46297,410003249,410127862,124613,14,9,4,0,0,0,0,2420,1,1
46298,4,6,1,46298,410142656,410197150,54494,5,2,2,0,0,0,0,2420,1,1
46299,4,6,4,46299,410211949,410297749,85800,9,5,3,0,0,0,0,2420,1,1
46300,4,6,1,46300,410312540,410350682,38142,3,1,1,0,0,0,0,2420,1,1
46301,4,6,0,46301,410365485,410394698,29213,2,1,0,0,0,0,0,2420,1,1
46302,4,6,3,46302,410409497,410455075,45578,4,2,1,0,0,0,0,2420,1,1
46303,4,6,3,46303,410469862,410528898,59036,6,5,0,0,0,0,0,2420,1,1
46304,4,6,2,46304,410543692,410583250,39558,3,0,2,0,0,0,0,2420,1,1
46305,4,6,4,46305,410598037,410619777,21740,1,0,0,0,0,0,0,2420,1,1
46306,4,6,0,46306,410634572,410663782,29210,2,1,0,0,0,0,0,2420,1,1
46307,4,6,3,46307,410678577,410707788,29211,2,1,0,0,0,0,0,2420,1,1
46308,4,6,0,46308,410722580,410799529,76949,8,5,2,0,0,0,0,2420,1,1
46309,4,6,4,46309,410814328,410859942,45614,4,2,1,0,0,0,0,2420,1,1
46310,4,6,2,46310,410874737,410935225,60488,6,4,1,0,0,0,0,2420,1,1
46311,4,6,0,46311,410950011,410971767,21756,1,0,0,0,0,0,0,2420,1,1
46312,4,6,1,46312,410986570,411008333,21763,1,0,0,0,0,0,0,2420,1,1
46313,4,6,0,46313,411023120,411110418,87298,9,4,4,0,0,0,0,2420,1,1
46314,4,6,1,46314,411125209,411161910,36701,3,2,0,0,0,0,0,2420,1,1
46315,4,6,4,46315,411176701,411220862,44161,4,3,0,0,0,0,0,2420,1,1
46316,4,6,3,46316,411235646,411266304,30658,2,0,1,0,0,0,0,2420,1,1
46317,4,6,1,46317,411281078,411366914,85836,9,5,3,0,0,0,0,2420,1,1
46318,4,6,1,46318,411381706,411418415,36709,3,2,0,0,0,0,0,2420,1,1
46319,4,6,4,46319,411433206,411499707,66501,6,1,3,0,1,0,0,2420,1,1
46320,4,6,1,46320,411514491,411613766,99275,11,8,2,0,0,0,0,2420,1,1
46321,4,6,1,46321,411628554,411657771,29217,2,1,0,0,0,0,0,2420,1,1
46322,4,6,1,46322,411672562,411725619,53057,5,3,1,0,0,0,0,2420,1,1
46323,4,6,4,46323,411740406,411762146,21740,1,0,0,0,0,0,0,2420,1,1
46324,4,6,2,46324,411776928,411822523,45595,4,2,1,0,0,0,0,2420,1,1
46325,4,6,1,46325,411837302,411859066,21764,1,0,0,0,0,0,0,2420,1,1
46326,4,6,4,46326,411873861,411938756,64895,6,1,4,0,0,0,0,2420,1,1
46327,4,6,0,46327,411953536,411991701,38165,3,1,1,0,0,0,0,2420,1,1
46328,4,6,3,46328,412006492,412028232,21740,1,0,0,0,0,0,0,2420,1,1
46329,4,6,1,46329,412043010,412118266,75256,7,0,6,0,0,0,0,2420,1,1
46330,4,6,1,46330,412133060,412212886,79826,8,3,4,0,0,0,0,2420,1,1
46331,4,6,0,46331,412227674,412249430,21756,1,0,0,0,0,0,0,2420,1,1
46332,4,6,2,46332,412264221,412302383,38162,3,1,1,0,0,0,0,2420,1,1
46333,4,6,0,46333,412317162,412379197,62035,6,3,2,0,0,0,0,2420,1,1
46334,4,6,1,46334,412393989,412415753,21764,1,0,0,0,0,0,0,2420,1,1
46335,4,6,3,46335,412430541,412452280,21739,1,0,0,0,0,0,0,2420,1,1
46336,4,6,2,46336,412467063,412544137,77074,8,6,0,0,1,0,0,2420,1,1
46337,4,6,0,46337,412558913,412598520,39607,3,0,2,0,0,0,0,2420,1,1
46338,4,6,4,46338,412613311,412743845,130534,14,6,6,0,1,0,0,2420,1,1
46339,4,6,2,46339,412758624,412787814,29190,2,1,0,0,0,0,0,2420,1,1
46340,4,6,1,46340,412802594,412831826,29232,2,1,0,0,0,0,0,2420,1,1
46341,4,6,4,46341,412846617,412938447,91830,10,7,2,0,0,0,0,2420,1,1
46342,4,6,2,46342,412953232,412982440,29208,2,1,0,0,0,0,0,2420,1,1
46343,4,6,4,46343,412997219,413026441,29222,2,1,0,0,0,0,0,2420,1,1
46344,4,6,3,46344,413041224,413095748,54524,5,2,2,0,0,0,0,2420,1,1
46345,4,6,2,46345,413110524,413157590,47066,4,1,2,0,0,0,0,2420,1,1
46346,4,6,2,46346,413172370,413216503,44133,4,3,0,0,0,0,0,2420,1,1
46347,4,6,1,46347,413231278,413267956,36678,3,2,0,0,0,0,0,2420,1,1
46348,4,6,1,46348,413282751,413313437,30686,2,0,1,0,0,0,0,2420,1,1
46349,4,6,3,46349,413328224,413373850,45626,4,2,1,0,0,0,0,2420,1,1
46350,4,6,4,46350,413388629,413441652,53023,5,3,1,0,0,0,0,2420,1,1
46351,4,6,2,46351,413456432,413494564,38132,3,1,1,0,0,0,0,2420,1,1
46352,4,6,3,46352,413509343,413539997,30654,2,0,1,0,0,0,0,2420,1,1
46353,4,6,4,46353,413554777,413583969,29192,2,1,0,0,0,0,0,2420,1,1
46354,4,6,4,46354,413598748,413651823,53075,5,3,1,0,0,0,0,2420,1,1
46355,4,6,2,46355,413666602,413722568,55966,5,1,3,0,0,0,0,2420,1,1
46356,4,6,4,46356,413737351,413781463,44112,4,3,0,0,0,0,0,2420,1,1
46357,4,6,0,46357,413796243,413844904,48661,4,1,1,0,1,0,0,2420,1,1
46358,4,6,2,46358,413859691,413920225,60534,6,4,1,0,0,0,0,2420,1,1
46359,4,6,1,46359,413935005,414004479,69474,7,4,2,0,0,0,0,2420,1,1
46360,4,6,0,46360,414019270,414064862,45592,4,2,1,0,0,0,0,2420,1,1
46361,4,6,2,46361,414079644,414108842,29198,2,1,0,0,0,0,0,2420,1,1
46362,4,6,3,46362,414123625,414160287,36662,3,2,0,0,0,0,0,2420,1,1
46363,4,6,0,46363,414175066,414229590,54524,5,2,2,0,0,0,0,2420,1,1
46364,4,6,1,46364,414244381,414282519,38138,3,1,1,0,0,0,0,2420,1,1
46365,4,6,3,46365,414297310,414344320,47010,4,1,2,0,0,0,0,2420,1,1
46366,4,6,2,46366,414359099,414397214,38115,3,1,1,0,0,0,0,2420,1,1
46367,4,6,3,46367,414411990,414442652,30662,2,0,1,0,0,0,0,2420,1,1
46368,4,6,2,46368,414457432,414479173,21741,1,0,0,0,0,0,0,2420,1,1
46369,4,6,4,46369,414493952,414532072,38120,3,1,1,0,0,0,0,2420,1,1
46370,4,6,0,46370,414546854,414591018,44164,4,3,0,0,0,0,0,2420,1,1
46371,4,6,2,46371,414605805,414667735,61930,6,3,2,0,0,0,0,2420,1,1
46372,4,6,3,46372,414682515,414704260,21745,1,0,0,0,0,0,0,2420,1,1
46373,4,6,2,46373,414719035,414740776,21741,1,0,0,0,0,0,0,2420,1,1
46374,4,6,1,46374,414755559,414784781,29222,2,1,0,0,0,0,0,2420,1,1
46375,4,6,2,46375,414799568,414877952,78384,8,4,3,0,0,0,0,2420,1,1
46376,4,6,3,46376,414892734,414921931,29197,2,1,0,0,0,0,0,2420,1,1
46377,4,6,2,46377,414936710,415016528,79818,8,3,4,0,0,0,0,2420,1,1
46378,4,6,0,46378,415031307,415053067,21760,1,0,0,0,0,0,0,2420,1,1
46379,4,6,0,46379,415067850,415114902,47052,4,1,2,0,0,0,0,2420,1,1
46380,4,6,3,46380,415129689,415182753,53064,5,3,1,0,0,0,0,2420,1,1
46381,4,6,3,46381,415197528,415226755,29227,2,1,0,0,0,0,0,2420,1,1
46382,4,6,2,46382,415241534,415263278,21744,1,0,0,0,0,0,0,2420,1,1
46383,4,6,2,46383,415278053,415299793,21740,1,0,0,0,0,0,0,2420,1,1
46384,4,6,0,46384,415314576,415343814,29238,2,1,0,0,0,0,0,2420,1,1
46385,4,6,4,46385,415358597,415524694,166097,18,5,12,0,0,0,0,2420,1,1
46386,4,6,0,46386,415539478,415602919,63441,6,2,3,0,0,0,0,2420,1,1
46387,4,6,3,46387,415617701,415679646,61945,6,3,2,0,0,0,0,2420,1,1
46388,4,6,1,46388,415694430,415725112,30682,2,0,1,0,0,0,0,2420,1,1
46389,4,6,1,46389,415739898,415788408,48510,4,0,3,0,0,0,0,2420,1,1
46390,4,6,0,46390,415803203,415824959,21756,1,0,0,0,0,0,0,2420,1,1
46391,4,6,0,46391,415839742,415883897,44155,4,3,0,0,0,0,0,2420,1,1
46392,4,6,1,46392,415898684,415984509,85825,9,5,3,0,0,0,0,2420,1,1
46393,4,6,0,46393,415999296,416110424,111128,12,6,5,0,0,0,0,2420,1,1
46394,4,6,0,46394,416125218,416187222,62004,6,3,2,0,0,0,0,2420,1,1
46395,4,6,4,46395,416202006,416249062,47056,4,1,2,0,0,0,0,2420,1,1
46396,4,6,2,46396,416263846,416325800,61954,6,3,2,0,0,0,0,2420,1,1
46397,4,6,1,46397,416340576,416439697,99121,10,2,7,0,0,0,0,2420,1,1
46398,4,6,3,46398,416454493,416485171,30678,2,0,1,0,0,0,0,2420,1,1
46399,4,6,2,46399,416499947,416548432,48485,4,0,3,0,0,0,0,2420,1,1
46400,4,6,4,46400,416563214,416584955,21741,1,0,0,0,0,0,0,2420,1,1
46401,4,6,4,46401,416599731,416621471,21740,1,0,0,0,0,0,0,2420,1,1
46402,4,6,3,46402,416636255,416672928,36673,3,2,0,0,0,0,0,2420,1,1
46403,4,6,3,46403,416687704,416725827,38123,3,1,1,0,0,0,0,2420,1,1
46404,4,6,1,46404,416740606,416835316,94710,10,5,4,0,0,0,0,2420,1,1
46405,4,6,2,46405,416850105,416959717,109612,12,7,4,0,0,0,0,2420,1,1
46406,4,6,0,46406,416974504,416996260,21756,1,0,0,0,0,0,0,2420,1,1
46407,4,6,0,46407,417011042,417032802,21760,1,0,0,0,0,0,0,2420,1,1
46408,4,6,4,46408,417047593,417084274,36681,3,2,0,0,0,0,0,2420,1,1
46409,4,6,0,46409,417099049,417120804,21755,1,0,0,0,0,0,0,2420,1,1
46410,4,6,3,46410,417135596,417173742,38146,3,1,1,0,0,0,0,2420,1,1
46411,4,6,3,46411,417188518,417302569,114051,12,4,7,0,0,0,0,2420,1,1
46412,4,6,0,46412,417317355,417370391,53036,5,3,1,0,0,0,0,2420,1,1
46413,4,6,2,46413,417385178,417432200,47022,4,1,2,0,0,0,0,2420,1,1
46414,4,6,4,46414,417446983,417476175,29192,2,1,0,0,0,0,0,2420,1,1
46415,4,6,3,46415,417490950,417545433,54483,5,2,2,0,0,0,0,2420,1,1
46416,4,6,1,46416,417560213,417590893,30680,2,0,1,0,0,0,0,2420,1,1
46417,4,6,4,46417,417605684,417664758,59074,6,5,0,0,0,0,0,2420,1,1
46418,4,6,1,46418,417679537,417716247,36710,3,2,0,0,0,0,0,2420,1,1
46419,4,6,3,46419,417731035,417793049,62014,6,3,2,0,0,0,0,2420,1,1
46420,4,6,2,46420,417807828,417837020,29192,2,1,0,0,0,0,0,2420,1,1
46421,4,6,4,46421,417851794,417873539,21745,1,0,0,0,0,0,0,2420,1,1
46422,4,6,4,46422,417888318,417917538,29220,2,1,0,0,0,0,0,2420,1,1
46423,4,6,0,46423,417932315,417985355,53040,5,3,1,0,0,0,0,2420,1,1
46424,4,6,1,46424,418000142,418021906,21764,1,0,0,0,0,0,0,2420,1,1
46425,4,6,4,46425,418036697,418074828,38131,3,1,1,0,0,0,0,2420,1,1
46426,4,6,2,46426,418089608,418111348,21740,1,0,0,0,0,0,0,2420,1,1
46427,4,6,3,46427,418126128,418147868,21740,1,0,0,0,0,0,0,2420,1,1
46428,4,6,1,46428,418162647,418193328,30681,2,0,1,0,0,0,0,2420,1,1
46429,4,6,4,46429,418208116,418229856,21740,1,0,0,0,0,0,0,2420,1,1
46430,4,6,0,46430,418244639,418266395,21756,1,0,0,0,0,0,0,2420,1,1
46431,4,6,0,46431,418281180,418334245,53065,5,3,1,0,0,0,0,2420,1,1
46432,4,6,1,46432,418349032,418396095,47063,4,1,2,0,0,0,0,2420,1,1
46433,4,6,3,46433,418410882,418440087,29205,2,1,0,0,0,0,0,2420,1,1
46434,4,6,0,46434,418454871,418500457,45586,4,2,1,0,0,0,0,2420,1,1
46435,4,6,0,46435,418515244,418599620,84376,9,6,2,0,0,0,0,2420,1,1
46436,4,6,0,46436,418614412,418661430,47018,4,1,2,0,0,0,0,2420,1,1
46437,4,6,1,46437,418676218,418705441,29223,2,1,0,0,0,0,0,2420,1,1
46438,4,6,2,46438,418720233,418741973,21740,1,0,0,0,0,0,0,2420,1,1
46439,4,6,3,46439,418756752,418796322,39570,3,0,2,0,0,0,0,2420,1,1
46440,4,6,3,46440,418811105,418889462,78357,8,4,3,0,0,0,0,2420,1,1
46441,4,6,1,46441,418904242,418975137,70895,7,3,3,0,0,0,0,2420,1,1
46442,4,6,2,46442,418989928,419011668,21740,1,0,0,0,0,0,0,2420,1,1
46443,4,6,3,46443,419026447,419112274,85827,9,5,3,0,0,0,0,2420,1,1
46444,4,6,2,46444,419127057,419157711,30654,2,0,1,0,0,0,0,2420,1,1
46445,4,6,4,46445,419172486,419246269,73783,7,1,5,0,0,0,0,2420,1,1
46446,4,6,3,46446,419261048,419331935,70887,7,3,3,0,0,0,0,2420,1,1
46447,4,6,4,46447,419346714,419375923,29209,2,1,0,0,0,0,0,2420,1,1
46448,4,6,2,46448,419390702,419427391,36689,3,2,0,0,0,0,0,2420,1,1
46449,4,6,0,46449,419442166,419480308,38142,3,1,1,0,0,0,0,2420,1,1
46450,4,6,2,46450,419495099,419634416,139317,15,5,9,0,0,0,0,2420,1,1
46451,4,6,0,46451,419649194,419678428,29234,2,1,0,0,0,0,0,2420,1,1
46452,4,6,4,46452,419693218,419723877,30659,2,0,1,0,0,0,0,2420,1,1
46453,4,6,2,46453,419738652,419760392,21740,1,0,0,0,0,0,0,2420,1,1
46454,4,6,3,46454,419775176,419811842,36666,3,2,0,0,0,0,0,2420,1,1
46455,4,6,0,46455,419826623,419870796,44173,4,3,0,0,0,0,0,2420,1,1
46456,4,6,4,46456,419885587,419907327,21740,1,0,0,0,0,0,0,2420,1,1
46457,4,6,2,46457,419922102,419960209,38107,3,1,1,0,0,0,0,2420,1,1
46458,4,6,3,46458,419974993,419996733,21740,1,0,0,0,0,0,0,2420,1,1
46459,4,6,1,46459,420011508,420055667,44159,4,3,0,0,0,0,0,2420,1,1
46460,4,6,4,46460,420070458,420092198,21740,1,0,0,0,0,0,0,2420,1,1
46461,4,6,3,46461,420106978,420164404,57426,5,0,4,0,0,0,0,2420,1,1
46462,4,6,4,46462,420179183,420208372,29189,2,1,0,0,0,0,0,2420,1,1
46463,4,6,0,46463,420223152,420244909,21757,1,0,0,0,0,0,0,2420,1,1
46464,4,6,3,46464,420259696,420303849,44153,4,3,0,0,0,0,0,2420,1,1
46465,4,6,4,46465,420318624,420356720,38096,3,1,1,0,0,0,0,2420,1,1
46466,4,6,1,46466,420371498,420408226,36728,3,2,0,0,0,0,0,2420,1,1
46467,4,6,0,46467,420423015,420559486,136471,15,7,7,0,0,0,0,2420,1,1
46468,4,6,3,46468,420574280,420652594,78314,8,4,3,0,0,0,0,2420,1,1
46469,4,6,1,46469,420667373,420727957,60584,6,4,1,0,0,0,0,2420,1,1
46470,4,6,3,46470,420742753,420764494,21741,1,0,0,0,0,0,0,2420,1,1
46471,4,6,3,46471,420779269,420847275,68006,7,5,1,0,0,0,0,2420,1,1
46472,4,6,2,46472,420862058,420892714,30656,2,0,1,0,0,0,0,2420,1,1
46473,4,6,3,46473,420907493,420954535,47042,4,1,2,0,0,0,0,2420,1,1
46474,4,6,1,46474,420969315,421031294,61979,6,3,2,0,0,0,0,2420,1,1
46475,4,6,0,46475,421046084,421067840,21756,1,0,0,0,0,0,0,2420,1,1
46476,4,6,3,46476,421082627,421134235,51608,5,4,0,0,0,0,0,2420,1,1
46477,4,6,1,46477,421149010,421236307,87297,9,4,4,0,0,0,0,2420,1,1
46478,4,6,3,46478,421251098,421272842,21744,1,0,0,0,0,0,0,2420,1,1
46479,4,6,2,46479,421287617,421333185,45568,4,2,1,0,0,0,0,2420,1,1
46480,4,6,4,46480,421347964,421369704,21740,1,0,0,0,0,0,0,2420,1,1
46481,4,6,1,46481,421384485,421415170,30685,2,0,1,0,0,0,0,2420,1,1
46482,4,6,3,46482,421429961,421460613,30652,2,0,1,0,0,0,0,2420,1,1
46483,4,6,1,46483,421475392,421543382,67990,7,5,1,0,0,0,0,2420,1,1
46484,4,6,2,46484,421558174,421579914,21740,1,0,0,0,0,0,0,2420,1,1
46485,4,6,0,46485,421594693,421641745,47052,4,1,2,0,0,0,0,2420,1,1
46486,4,6,2,46486,421656536,421678276,21740,1,0,0,0,0,0,0,2420,1,1
46487,4,6,3,46487,421693052,421729736,36684,3,2,0,0,0,0,0,2420,1,1
46488,4,6,4,46488,421744519,421766260,21741,1,0,0,0,0,0,0,2420,1,1
46489,4,6,3,46489,421781035,421834132,53097,5,3,1,0,0,0,0,2420,1,1
46490,4,6,0,46490,421848912,421900536,51624,5,4,0,0,0,0,0,2420,1,1
46491,4,6,4,46491,421915323,421937063,21740,1,0,0,0,0,0,0,2420,1,1
46492,4,6,1,46492,421951843,421982540,30697,2,0,1,0,0,0,0,2420,1,1
46493,4,6,3,46493,421997331,422041445,44114,4,3,0,0,0,0,0,2420,1,1
46494,4,6,2,46494,422056228,422127105,70877,7,3,3,0,0,0,0,2420,1,1
46495,4,6,0,46495,422141881,422257543,115662,13,9,3,0,0,0,0,2420,1,1
46496,4,6,3,46496,422272333,422310477,38144,3,1,1,0,0,0,0,2420,1,1
46497,4,6,3,46497,422325256,422379754,54498,5,2,2,0,0,0,0,2420,1,1
46498,4,6,1,46498,422394537,422416301,21764,1,0,0,0,0,0,0,2420,1,1
46499,4,6,4,46499,422431088,422452831,21743,1,0,0,0,0,0,0,2420,1,1
46500,4,6,4,46500,422467610,422489350,21740,1,0,0,0,0,0,0,2420,1,1
46501,4,6,3,46501,422504130,422525870,21740,1,0,0,0,0,0,0,2420,1,1
46502,4,6,2,46502,422540650,422569860,29210,2,1,0,0,0,0,0,2420,1,1
46503,4,6,0,46503,422584640,422615323,30683,2,0,1,0,0,0,0,2420,1,1
46504,4,6,1,46504,422630114,422709971,79857,8,3,4,0,0,0,0,2420,1,1
46505,4,6,0,46505,422724763,422762888,38125,3,1,1,0,0,0,0,2420,1,1
46506,4,6,2,46506,422777675,422850019,72344,7,2,4,0,0,0,0,2420,1,1
46507,4,6,3,46507,422864799,422886539,21740,1,0,0,0,0,0,0,2420,1,1
46508,4,6,3,46508,422901318,422945453,44135,4,3,0,0,0,0,0,2420,1,1
46509,4,6,2,46509,422960229,422981969,21740,1,0,0,0,0,0,0,2420,1,1
46510,4,6,1,46510,422996752,423036348,39596,3,0,2,0,0,0,0,2420,1,1
46511,4,6,0,46511,423051136,423102762,51626,5,4,0,0,0,0,0,2420,1,1
46512,4,6,0,46512,423117549,423172042,54493,5,2,2,0,0,0,0,2420,1,1
46513,4,6,0,46513,423186829,423224956,38127,3,1,1,0,0,0,0,2420,1,1
46514,4,6,4,46514,423239744,423403103,163359,19,13,5,0,0,0,0,2420,1,1
46515,4,6,0,46515,423417883,423439638,21755,1,0,0,0,0,0,0,2420,1,1
46516,4,6,0,46516,423454430,423555209,100779,11,7,3,0,0,0,0,2420,1,1
46517,4,6,2,46517,423569995,423615629,45634,4,2,1,0,0,0,0,2420,1,1
46518,4,6,4,46518,423630409,423669964,39555,3,0,2,0,0,0,0,2420,1,1
46519,4,6,2,46519,423684743,423749621,64878,6,1,4,0,0,0,0,2420,1,1
46520,4,6,3,46520,423764405,423786145,21740,1,0,0,0,0,0,0,2420,1,1
46521,4,6,0,46521,423800920,423839052,38132,3,1,1,0,0,0,0,2420,1,1
46522,4,6,4,46522,423853843,423932223,78380,8,4,3,0,0,0,0,2420,1,1
46523,4,6,1,46523,423947003,423968767,21764,1,0,0,0,0,0,0,2420,1,1
46524,4,6,1,46524,423983562,424020260,36698,3,2,0,0,0,0,0,2420,1,1
46525,4,6,3,46525,424035052,424181764,146712,16,6,9,0,0,0,0,2420,1,1
46526,4,6,1,46526,424196550,424225778,29228,2,1,0,0,0,0,0,2420,1,1
46527,4,6,0,46527,424240565,424338205,97640,10,3,6,0,0,0,0,2420,1,1
46528,4,6,1,46528,424352998,424374762,21764,1,0,0,0,0,0,0,2420,1,1
46529,4,6,1,46529,424389549,424427696,38147,3,1,1,0,0,0,0,2420,1,1
46530,4,6,0,46530,424442487,424480604,38117,3,1,1,0,0,0,0,2420,1,1
46531,4,6,3,46531,424495391,424652729,157338,17,6,9,0,1,0,0,2420,1,1
46532,4,6,0,46532,424667515,424689271,21756,1,0,0,0,0,0,0,2420,1,1
46533,4,6,3,46533,424704058,424743642,39584,3,0,2,0,0,0,0,2420,1,1
46534,4,6,0,46534,424758421,424811509,53088,5,3,1,0,0,0,0,2420,1,1
46535,4,6,4,46535,424826297,424856963,30666,2,0,1,0,0,0,0,2420,1,1
46536,4,6,0,46536,424871746,424939764,68018,7,5,1,0,0,0,0,2420,1,1
46537,4,6,4,46537,424954552,424983750,29198,2,1,0,0,0,0,0,2420,1,1
46538,4,6,1,46538,424998530,425063394,64864,6,1,4,0,0,0,0,2420,1,1
46539,4,6,0,46539,425078181,425131251,53070,5,3,1,0,0,0,0,2420,1,1
46540,4,6,4,46540,425146042,425175247,29205,2,1,0,0,0,0,0,2420,1,1
46541,4,6,3,46541,425190022,425211762,21740,1,0,0,0,0,0,0,2420,1,1
46542,4,6,2,46542,425226545,425304856,78311,8,4,3,0,0,0,0,2420,1,1
46543,4,6,4,46543,425319632,425357750,38118,3,1,1,0,0,0,0,2420,1,1
46544,4,6,0,46544,425372530,425401772,29242,2,1,0,0,0,0,0,2420,1,1
46545,4,6,4,46545,425416559,425454680,38121,3,1,1,0,0,0,0,2420,1,1
46546,4,6,3,46546,425469460,425531423,61963,6,3,2,0,0,0,0,2420,1,1
46547,4,6,2,46547,425546203,425608161,61958,6,3,2,0,0,0,0,2420,1,1
46548,4,6,3,46548,425622943,425644684,21741,1,0,0,0,0,0,0,2420,1,1
46549,4,6,2,46549,425659459,425789843,130384,14,5,8,0,0,0,0,2420,1,1
46550,4,6,2,46550,425804629,425897873,93244,10,6,3,0,0,0,0,2420,1,1
46551,4,6,3,46551,425912651,425934393,21742,1,0,0,0,0,0,0,2420,1,1
46552,4,6,0,46552,425949172,425988914,39742,3,1,0,0,1,0,0,2420,1,1
46553,4,6,2,46553,426003701,426098413,94712,10,5,4,0,0,0,0,2420,1,1
46554,4,6,2,46554,426113197,426182649,69452,7,4,2,0,0,0,0,2420,1,1
46555,4,6,4,46555,426197428,426251929,54501,5,2,2,0,0,0,0,2420,1,1
46556,4,6,2,46556,426266712,426288452,21740,1,0,0,0,0,0,0,2420,1,1
46557,4,6,0,46557,426303232,426324988,21756,1,0,0,0,0,0,0,2420,1,1
46558,4,6,0,46558,426339775,426361531,21756,1,0,0,0,0,0,0,2420,1,1
46559,4,6,0,46559,426376318,426414450,38132,3,1,1,0,0,0,0,2420,1,1
46560,4,6,4,46560,426429237,426550687,121450,13,5,7,0,0,0,0,2420,1,1
46561,4,6,1,46561,426565469,426594689,29220,2,1,0,0,0,0,0,2420,1,1
46562,4,6,1,46562,426609481,426653651,44170,4,3,0,0,0,0,0,2420,1,1
46563,4,6,1,46563,426668439,426705158,36719,3,2,0,0,0,0,0,2420,1,1
46564,4,6,4,46564,426719949,426749166,29217,2,1,0,0,0,0,0,2420,1,1
46565,4,6,4,46565,426763945,426828849,64904,6,1,4,0,0,0,0,2420,1,1
46566,4,6,2,46566,426843632,426972566,128934,14,6,7,0,0,0,0,2420,1,1
46567,4,6,1,46567,426987348,427016572,29224,2,1,0,0,0,0,0,2420,1,1
46568,4,6,4,46568,427031367,427053112,21745,1,0,0,0,0,0,0,2420,1,1
46569,4,6,4,46569,427067887,427120927,53040,5,3,1,0,0,0,0,2420,1,1
46570,4,6,1,46570,427135711,427157474,21763,1,0,0,0,0,0,0,2420,1,1
46571,4,6,0,46571,427172261,427194022,21761,1,0,0,0,0,0,0,2420,1,1
46572,4,6,1,46572,427208810,427230574,21764,1,0,0,0,0,0,0,2420,1,1
46573,4,6,3,46573,427245366,427276013,30647,2,0,1,0,0,0,0,2420,1,1
46574,4,6,0,46574,427290792,427312548,21756,1,0,0,0,0,0,0,2420,1,1
46575,4,6,0,46575,427327335,427349091,21756,1,0,0,0,0,0,0,2420,1,1
46576,4,6,0,46576,427363882,427451139,87257,9,4,4,0,0,0,0,2420,1,1
46577,4,6,0,46577,427465927,427502617,36690,3,2,0,0,0,0,0,2420,1,1
46578,4,6,2,46578,427517407,427546597,29190,2,1,0,0,0,0,0,2420,1,1
46579,4,6,2,46579,427561372,427608390,47018,4,1,2,0,0,0,0,2420,1,1
46580,4,6,1,46580,427623173,427670198,47025,4,1,2,0,0,0,0,2420,1,1
46581,4,6,1,46581,427684989,427706753,21764,1,0,0,0,0,0,0,2420,1,1
46582,4,6,3,46582,427721544,427819176,97632,10,3,6,0,0,0,0,2420,1,1
46583,4,6,0,46583,427833956,427894511,60555,6,4,1,0,0,0,0,2420,1,1
46584,4,6,3,46584,427909298,428017461,108163,11,3,6,0,1,0,0,2420,1,1
46585,4,6,4,46585,428032239,428062905,30666,2,0,1,0,0,0,0,2420,1,1
46586,4,6,0,46586,428077684,428132210,54526,5,2,2,0,0,0,0,2420,1,1
46587,4,6,1,46587,428146997,428200081,53084,5,3,1,0,0,0,0,2420,1,1
46588,4,6,2,46588,428214877,428236617,21740,1,0,0,0,0,0,0,2420,1,1
46589,4,6,3,46589,428251392,428380335,128943,14,6,7,0,0,0,0,2420,1,1
46590,4,6,1,46590,428395121,428425791,30670,2,0,1,0,0,0,0,2420,1,1
46591,4,6,3,46591,428440578,428477264,36686,3,2,0,0,0,0,0,2420,1,1
46592,4,6,0,46592,428492043,428513804,21761,1,0,0,0,0,0,0,2420,1,1
46593,4,6,1,46593,428528587,428660658,132071,15,10,4,0,0,0,0,2420,1,1
46594,4,6,3,46594,428675458,428697198,21740,1,0,0,0,0,0,0,2420,1,1
46595,4,6,0,46595,428711973,428741180,29207,2,1,0,0,0,0,0,2420,1,1
46596,4,6,1,46596,428755972,428861263,105291,12,10,1,0,0,0,0,2420,1,1
46597,4,6,0,46597,428876059,428930619,54560,5,2,2,0,0,0,0,2420,1,1
46598,4,6,1,46598,428945410,428967174,21764,1,0,0,0,0,0,0,2420,1,1
46599,4,6,2,46599,428981960,429106504,124544,14,9,4,0,0,0,0,2420,1,1
46600,4,6,0,46600,429121290,429157971,36681,3,2,0,0,0,0,0,2420,1,1
46601,4,6,1,46601,429172770,429194534,21764,1,0,0,0,0,0,0,2420,1,1
46602,4,6,1,46602,429209338,429240017,30679,2,0,1,0,0,0,0,2420,1,1
46603,4,6,2,46603,429254820,429292931,38111,3,1,1,0,0,0,0,2420,1,1
46604,4,6,4,46604,429307722,429411381,103659,11,5,5,0,0,0,0,2420,1,1
46605,4,6,2,46605,429426175,429477744,51569,5,4,0,0,0,0,0,2420,1,1
46606,4,6,1,46606,429492535,429562011,69476,7,4,2,0,0,0,0,2420,1,1
46607,4,6,0,46607,429576814,429607495,30681,2,0,1,0,0,0,0,2420,1,1
46608,4,6,0,46608,429622296,429667933,45637,4,2,1,0,0,0,0,2420,1,1
46609,4,6,0,46609,429682727,429711957,29230,2,1,0,0,0,0,0,2420,1,1
46610,4,6,0,46610,429726760,429755975,29215,2,1,0,0,0,0,0,2420,1,1
46611,4,6,3,46611,429770769,429799987,29218,2,1,0,0,0,0,0,2420,1,1
46612,4,6,1,46612,429814782,429860398,45616,4,2,1,0,0,0,0,2420,1,1
46613,4,6,2,46613,429875202,429907475,32273,2,0,0,0,1,0,0,2420,1,1
46614,4,6,1,46614,429922266,430008112,85846,9,5,3,0,0,0,0,2420,1,1
46615,4,6,3,46615,430022916,430044656,21740,1,0,0,0,0,0,0,2420,1,1
46616,4,6,4,46616,430059447,430119996,60549,6,4,1,0,0,0,0,2420,1,1
46617,4,6,0,46617,430134787,430207126,72339,7,2,4,0,0,0,0,2420,1,1
46618,4,6,3,46618,430221926,430260063,38137,3,1,1,0,0,0,0,2420,1,1
46619,4,6,1,46619,430274854,430311550,36696,3,2,0,0,0,0,0,2420,1,1
46620,4,6,4,46620,430326357,430373566,47209,4,2,0,0,1,0,0,2420,1,1
46621,4,6,2,46621,430388353,430425006,36653,3,2,0,0,0,0,0,2420,1,1
46622,4,6,3,46622,430439798,430533116,93318,10,6,3,0,0,0,0,2420,1,1
46623,4,6,0,46623,430547905,430569661,21756,1,0,0,0,0,0,0,2420,1,1
46624,4,6,0,46624,430584464,430613674,29210,2,1,0,0,0,0,0,2420,1,1
46625,4,6,1,46625,430628468,430665153,36685,3,2,0,0,0,0,0,2420,1,1
46626,4,6,4,46626,430679956,430740485,60529,6,4,1,0,0,0,0,2420,1,1
46627,4,6,3,46627,430755276,430826168,70892,7,3,3,0,0,0,0,2420,1,1
46628,4,6,4,46628,430840960,430862699,21739,1,0,0,0,0,0,0,2420,1,1
46629,4,6,4,46629,430877490,430906698,29208,2,1,0,0,0,0,0,2420,1,1
46630,4,6,3,46630,430921489,431020759,99270,11,8,2,0,0,0,0,2420,1,1
46631,4,6,3,46631,431035553,431057293,21740,1,0,0,0,0,0,0,2420,1,1
46632,4,6,4,46632,431072084,431102737,30653,2,0,1,0,0,0,0,2420,1,1
46633,4,6,2,46633,431117513,431170594,53081,5,3,1,0,0,0,0,2420,1,1
46634,4,6,3,46634,431185373,431223508,38135,3,1,1,0,0,0,0,2420,1,1
46635,4,6,1,46635,431238284,431277868,39584,3,0,2,0,0,0,0,2420,1,1
46636,4,6,3,46636,431292660,431377003,84343,9,6,2,0,0,0,0,2420,1,1
46637,4,6,3,46637,431391778,431422431,30653,2,0,1,0,0,0,0,2420,1,1
46638,4,6,1,46638,431437214,431482831,45617,4,2,1,0,0,0,0,2420,1,1
46639,4,6,4,46639,431497619,431526815,29196,2,1,0,0,0,0,0,2420,1,1
46640,4,6,3,46640,431541593,431603530,61937,6,3,2,0,0,0,0,2420,1,1
46641,4,6,0,46641,431618305,431663907,45602,4,2,1,0,0,0,0,2420,1,1
46642,4,6,1,46642,431678695,431757065,78370,8,4,3,0,0,0,0,2420,1,1
46643,4,6,1,46643,431771852,431824948,53096,5,3,1,0,0,0,0,2420,1,1
46644,4,6,1,46644,431839739,431892845,53106,5,3,1,0,0,0,0,2420,1,1
46645,4,6,2,46645,431907632,431936851,29219,2,1,0,0,0,0,0,2420,1,1
46646,4,6,0,46646,431951630,432071675,120045,13,6,6,0,0,0,0,2420,1,1
46647,4,6,0,46647,432086465,432115677,29212,2,1,0,0,0,0,0,2420,1,1
46648,4,6,0,46648,432130464,432159671,29207,2,1,0,0,0,0,0,2420,1,1
46649,4,6,4,46649,432174459,432346624,172165,19,7,11,0,0,0,0,2420,1,1
46650,4,6,2,46650,432361407,432424825,63418,6,2,3,0,0,0,0,2420,1,1
46651,4,6,4,46651,432439600,432485199,45599,4,2,1,0,0,0,0,2420,1,1
46652,4,6,3,46652,432499978,432578293,78315,8,4,3,0,0,0,0,2420,1,1
46653,4,6,1,46653,432593072,432631236,38164,3,1,1,0,0,0,0,2420,1,1
46654,4,6,1,46654,432646033,432684192,38159,3,1,1,0,0,0,0,2420,1,1
46655,4,6,2,46655,432698979,432866695,167716,19,10,8,0,0,0,0,2420,1,1
46656,4,6,2,46656,432881479,432910700,29221,2,1,0,0,0,0,0,2420,1,1
46657,4,6,4,46657,432925479,433084272,158793,18,10,7,0,0,0,0,2420,1,1
46658,4,6,4,46658,433099057,433129722,30665,2,0,1,0,0,0,0,2420,1,1
46659,4,6,1,46659,433144502,433216882,72380,7,2,4,0,0,0,0,2420,1,1
46660,4,6,0,46660,433231673,433286178,54505,5,2,2,0,0,0,0,2420,1,1
46661,4,6,2,46661,433300961,433348031,47070,4,1,2,0,0,0,0,2420,1,1
46662,4,6,3,46662,433362814,433384555,21741,1,0,0,0,0,0,0,2420,1,1
46663,4,6,1,46663,433399329,433477676,78347,8,4,3,0,0,0,0,2420,1,1
46664,4,6,1,46664,433492471,433529161,36690,3,2,0,0,0,0,0,2420,1,1
46665,4,6,1,46665,433543956,433588116,44160,4,3,0,0,0,0,0,2420,1,1
46666,4,6,2,46666,433602910,433639586,36676,3,2,0,0,0,0,0,2420,1,1
46667,4,6,4,46667,433654366,433699988,45622,4,2,1,0,0,0,0,2420,1,1
46668,4,6,3,46668,433714771,433775272,60501,6,4,1,0,0,0,0,2420,1,1
46669,4,6,2,46669,433790047,433828177,38130,3,1,1,0,0,0,0,2420,1,1
46670,4,6,4,46670,433842960,433879617,36657,3,2,0,0,0,0,0,2420,1,1
46671,4,6,3,46671,433894397,433932526,38129,3,1,1,0,0,0,0,2420,1,1
46672,4,6,1,46672,433947309,434027104,79795,8,3,4,0,0,0,0,2420,1,1
46673,4,6,4,46673,434041891,434078562,36671,3,2,0,0,0,0,0,2420,1,1
46674,4,6,3,46674,434093345,434122533,29188,2,1,0,0,0,0,0,2420,1,1
46675,4,6,1,46675,434137312,434221694,84382,9,6,2,0,0,0,0,2420,1,1
46676,4,6,2,46676,434236489,434258229,21740,1,0,0,0,0,0,0,2420,1,1
46677,4,6,2,46677,434273008,434361676,88668,9,3,5,0,0,0,0,2420,1,1
46678,4,6,0,46678,434376460,434398215,21755,1,0,0,0,0,0,0,2420,1,1
46679,4,6,4,46679,434413002,434442223,29221,2,1,0,0,0,0,0,2420,1,1
46680,4,6,1,46680,434457006,434501155,44149,4,3,0,0,0,0,0,2420,1,1
46681,4,6,0,46681,434515946,434554066,38120,3,1,1,0,0,0,0,2420,1,1
46682,4,6,1,46682,434568853,434590617,21764,1,0,0,0,0,0,0,2420,1,1
46683,4,6,2,46683,434605408,434680848,75440,8,6,1,0,0,0,0,2420,1,1
46684,4,6,0,46684,434695632,434732294,36662,3,2,0,0,0,0,0,2420,1,1
46685,4,6,3,46685,434747081,434809069,61988,6,3,2,0,0,0,0,2420,1,1
46686,4,6,4,46686,434823853,434853064,29211,2,1,0,0,0,0,0,2420,1,1
46687,4,6,2,46687,434867839,435055046,187207,21,10,9,0,1,0,0,2420,1,1
46688,4,6,3,46688,435069830,435107985,38155,3,1,1,0,0,0,0,2420,1,1
46689,4,6,2,46689,435122764,435151967,29203,2,1,0,0,0,0,0,2420,1,1
46690,4,6,3,46690,435166750,435228690,61940,6,3,2,0,0,0,0,2420,1,1
46691,4,6,4,46691,435243469,435290476,47007,4,1,2,0,0,0,0,2420,1,1
46692,4,6,4,46692,435305259,435377587,72328,7,2,4,0,0,0,0,2420,1,1
46693,4,6,0,46693,435392362,435430489,38127,3,1,1,0,0,0,0,2420,1,1
46694,4,6,0,46694,435445281,435474496,29215,2,1,0,0,0,0,0,2420,1,1
46695,4,6,2,46695,435489280,435527431,38151,3,1,1,0,0,0,0,2420,1,1
46696,4,6,0,46696,435542214,435613121,70907,7,3,3,0,0,0,0,2420,1,1
46697,4,6,2,46697,435627904,435719707,91803,10,7,2,0,0,0,0,2420,1,1
46698,4,6,2,46698,435734493,435765152,30659,2,0,1,0,0,0,0,2420,1,1
46699,4,6,2,46699,435779927,435834432,54505,5,2,2,0,0,0,0,2420,1,1
46700,4,6,0,46700,435849211,435870967,21756,1,0,0,0,0,0,0,2420,1,1
46701,4,6,3,46701,435885754,435914971,29217,2,1,0,0,0,0,0,2420,1,1
46702,4,6,0,46702,435929752,435973896,44144,4,3,0,0,0,0,0,2420,1,1
46703,4,6,1,46703,435988679,436034279,45600,4,2,1,0,0,0,0,2420,1,1
46704,4,6,4,46704,436049070,436079718,30648,2,0,1,0,0,0,0,2420,1,1
46705,4,6,0,46705,436094497,436116253,21756,1,0,0,0,0,0,0,2420,1,1
46706,4,6,1,46706,436131040,436167743,36703,3,2,0,0,0,0,0,2420,1,1
46707,4,6,1,46707,436182530,436220676,38146,3,1,1,0,0,0,0,2420,1,1
46708,4,6,2,46708,436235471,436281022,45551,4,2,1,0,0,0,0,2420,1,1
46709,4,6,1,46709,436295801,436325023,29222,2,1,0,0,0,0,0,2420,1,1
46710,4,6,3,46710,436339813,436370466,30653,2,0,1,0,0,0,0,2420,1,1
46711,4,6,3,46711,436385245,436406985,21740,1,0,0,0,0,0,0,2420,1,1
46712,4,6,4,46712,436421764,436500098,78334,8,4,3,0,0,0,0,2420,1,1
46713,4,6,2,46713,436514877,436544075,29198,2,1,0,0,0,0,0,2420,1,1
46714,4,6,4,46714,436558855,436622277,63422,6,2,3,0,0,0,0,2420,1,1
46715,4,6,3,46715,436637055,436696100,59045,6,5,0,0,0,0,0,2420,1,1
46716,4,6,4,46716,436710879,436796629,85750,9,5,3,0,0,0,0,2420,1,1
46717,4,6,2,46717,436811404,436879341,67937,7,5,1,0,0,0,0,2420,1,1
46718,4,6,4,46718,436894124,436950098,55974,5,1,3,0,0,0,0,2420,1,1
46719,4,6,2,46719,436964877,436994103,29226,2,1,0,0,0,0,0,2420,1,1
46720,4,6,3,46720,437008882,437030623,21741,1,0,0,0,0,0,0,2420,1,1
46721,4,6,0,46721,437045402,437104475,59073,6,5,0,0,0,0,0,2420,1,1
46722,4,6,2,46722,437119262,437197654,78392,8,4,3,0,0,0,0,2420,1,1
46723,4,6,3,46723,437212428,437234173,21745,1,0,0,0,0,0,0,2420,1,1
46724,4,6,2,46724,437248952,437312356,63404,6,2,3,0,0,0,0,2420,1,1
46725,4,6,4,46725,437327136,437372695,45559,4,2,1,0,0,0,0,2420,1,1
46726,4,6,3,46726,437387474,437427029,39555,3,0,2,0,0,0,0,2420,1,1
46727,4,6,3,46727,437441805,437487372,45567,4,2,1,0,0,0,0,2420,1,1
46728,4,6,0,46728,437502155,437523915,21760,1,0,0,0,0,0,0,2420,1,1
46729,4,6,1,46729,437538698,437609635,70937,7,3,3,0,0,0,0,2420,1,1
46730,4,6,4,46730,437624430,437692359,67929,7,5,1,0,0,0,0,2420,1,1
46731,4,6,0,46731,437707138,437737809,30671,2,0,1,0,0,0,0,2420,1,1
46732,4,6,0,46732,437752597,437774355,21758,1,0,0,0,0,0,0,2420,1,1
46733,4,6,3,46733,437789138,437834710,45572,4,2,1,0,0,0,0,2420,1,1
46734,4,6,1,46734,437849489,437942768,93279,10,6,3,0,0,0,0,2420,1,1
46735,4,6,3,46735,437957557,437988221,30664,2,0,1,0,0,0,0,2420,1,1
46736,4,6,0,46736,438003003,438033676,30673,2,0,1,0,0,0,0,2420,1,1
46737,4,6,4,46737,438048459,438120798,72339,7,2,4,0,0,0,0,2420,1,1
46738,4,6,2,46738,438135582,438213930,78348,8,4,3,0,0,0,0,2420,1,1
46739,4,6,1,46739,438228705,438259390,30685,2,0,1,0,0,0,0,2420,1,1
46740,4,6,2,46740,438274186,438321201,47015,4,1,2,0,0,0,0,2420,1,1
46741,4,6,2,46741,438335981,438391969,55988,5,1,3,0,0,0,0,2420,1,1
46742,4,6,3,46742,438406751,438498639,91888,10,7,2,0,0,0,0,2420,1,1
46743,4,6,4,46743,438513421,438618680,105259,12,10,1,0,0,0,0,2420,1,1
46744,4,6,0,46744,438633468,438671612,38144,3,1,1,0,0,0,0,2420,1,1
46745,4,6,1,46745,438686400,438725968,39568,3,0,2,0,0,0,0,2420,1,1
46746,4,6,0,46746,438740760,438780528,39768,3,1,0,0,1,0,0,2420,1,1
46747,4,6,3,46747,438795315,438855819,60504,6,4,1,0,0,0,0,2420,1,1
46748,4,6,2,46748,438870598,438907275,36677,3,2,0,0,0,0,0,2420,1,1
46749,4,6,1,46749,438922050,438943819,21769,1,0,0,0,0,0,0,2420,1,1
46750,4,6,1,46750,438958609,439174127,215518,25,14,10,0,0,0,0,2420,1,1
46751,4,6,0,46751,439188920,439225625,36705,3,2,0,0,0,0,0,2420,1,1
46752,4,6,2,46752,439240412,439286006,45594,4,2,1,0,0,0,0,2420,1,1
46753,4,6,0,46753,439300780,439329989,29209,2,1,0,0,0,0,0,2420,1,1
46754,4,6,0,46754,439344781,439384369,39588,3,0,2,0,0,0,0,2420,1,1
46755,4,6,0,46755,439399152,439504254,105102,11,4,6,0,0,0,0,2420,1,1
46756,4,6,0,46756,439519045,439612316,93271,10,6,3,0,0,0,0,2420,1,1
46757,4,6,2,46757,439627104,439678746,51642,5,4,0,0,0,0,0,2420,1,1
46758,4,6,4,46758,439693529,439762950,69421,7,4,2,0,0,0,0,2420,1,1
46759,4,6,4,46759,439777726,439806923,29197,2,1,0,0,0,0,0,2420,1,1
46760,4,6,3,46760,439821706,439843448,21742,1,0,0,0,0,0,0,2420,1,1
46761,4,6,3,46761,439858224,440005261,147037,17,12,4,0,0,0,0,2420,1,1
46762,4,6,3,46762,440020044,440041785,21741,1,0,0,0,0,0,0,2420,1,1
46763,4,6,0,46763,440056563,440142373,85810,9,5,3,0,0,0,0,2420,1,1
46764,4,6,0,46764,440157164,440193881,36717,3,2,0,0,0,0,0,2420,1,1
46765,4,6,0,46765,440208663,440239330,30667,2,0,1,0,0,0,0,2420,1,1
46766,4,6,1,46766,440254122,440317539,63417,6,2,3,0,0,0,0,2420,1,1
46767,4,6,3,46767,440332326,440370418,38092,3,1,1,0,0,0,0,2420,1,1
46768,4,6,2,46768,440385202,440479992,94790,10,5,4,0,0,0,0,2420,1,1
46769,4,6,2,46769,440494774,440595445,100671,11,7,3,0,0,0,0,2420,1,1
46770,4,6,4,46770,440610228,440640895,30667,2,0,1,0,0,0,0,2420,1,1
46771,4,6,3,46771,440655675,440686336,30661,2,0,1,0,0,0,0,2420,1,1
46772,4,6,3,46772,440701115,440771994,70879,7,3,3,0,0,0,0,2420,1,1
46773,4,6,2,46773,440786773,440833798,47025,4,1,2,0,0,0,0,2420,1,1
46774,4,6,1,46774,440848578,440877792,29214,2,1,0,0,0,0,0,2420,1,1
46775,4,6,0,46775,440892579,440969499,76920,8,5,2,0,0,0,0,2420,1,1
46776,4,6,1,46776,440984290,441006050,21760,1,0,0,0,0,0,0,2420,1,1
46777,4,6,1,46777,441020837,441081359,60522,6,4,1,0,0,0,0,2420,1,1
46778,4,6,4,46778,441096155,441134260,38105,3,1,1,0,0,0,0,2420,1,1
46779,4,6,4,46779,441149035,441170775,21740,1,0,0,0,0,0,0,2420,1,1
46780,4,6,0,46780,441185558,441247557,61999,6,3,2,0,0,0,0,2420,1,1
46781,4,6,1,46781,441262340,441284108,21768,1,0,0,0,0,0,0,2420,1,1
46782,4,6,0,46782,441298899,441375850,76951,8,5,2,0,0,0,0,2420,1,1
46783,4,6,4,46783,441390633,441436232,45599,4,2,1,0,0,0,0,2420,1,1
46784,4,6,1,46784,441451011,441472779,21768,1,0,0,0,0,0,0,2420,1,1
46785,4,6,2,46785,441487566,441516754,29188,2,1,0,0,0,0,0,2420,1,1
46786,4,6,1,46786,441531534,441577108,45574,4,2,1,0,0,0,0,2420,1,1
46787,4,6,1,46787,441591895,441664437,72542,7,3,2,0,1,0,0,2420,1,1
46788,4,6,4,46788,441679228,441718819,39591,3,0,2,0,0,0,0,2420,1,1
46789,4,6,4,46789,441733598,441780624,47026,4,1,2,0,0,0,0,2420,1,1
46790,4,6,4,46790,441795408,441939290,143882,16,8,7,0,0,0,0,2420,1,1
46791,4,6,4,46791,441954072,442022086,68014,7,5,1,0,0,0,0,2420,1,1
46792,4,6,0,46792,442036873,442098881,62008,6,3,2,0,0,0,0,2420,1,1
46793,4,6,1,46793,442113672,442168174,54502,5,2,2,0,0,0,0,2420,1,1
46794,4,6,1,46794,442182968,442236064,53096,5,3,1,0,0,0,0,2420,1,1
46795,4,6,2,46795,442250850,442272590,21740,1,0,0,0,0,0,0,2420,1,1
46796,4,6,0,46796,442287374,442316587,29213,2,1,0,0,0,0,0,2420,1,1
46797,4,6,4,46797,442331370,442362021,30651,2,0,1,0,0,0,0,2420,1,1
46798,4,6,0,46798,442376804,442470022,93218,10,6,3,0,0,0,0,2420,1,1
46799,4,6,2,46799,442484811,442506552,21741,1,0,0,0,0,0,0,2420,1,1
46800,4,6,2,46800,442521330,442715994,194664,22,11,9,0,1,0,0,2420,1,1
46801,4,6,4,46801,442730774,442807646,76872,8,5,2,0,0,0,0,2420,1,1
46802,4,6,0,46802,442822426,442875487,53061,5,3,1,0,0,0,0,2420,1,1
46803,4,6,3,46803,442890271,442920927,30656,2,0,1,0,0,0,0,2420,1,1
46804,4,6,3,46804,442935710,443005145,69435,7,4,2,0,0,0,0,2420,1,1
46805,4,6,3,46805,443019921,443049117,29196,2,1,0,0,0,0,0,2420,1,1
46806,4,6,3,46806,443063900,443151168,87268,9,4,4,0,0,0,0,2420,1,1
46807,4,6,0,46807,443165947,443221908,55961,5,1,3,0,0,0,0,2420,1,1
46808,4,6,4,46808,443236699,443258439,21740,1,0,0,0,0,0,0,2420,1,1
46809,4,6,0,46809,443273218,443378321,105103,11,4,6,0,0,0,0,2420,1,1
46810,4,6,4,46810,443393115,443478956,85841,9,5,3,0,0,0,0,2420,1,1
46811,4,6,4,46811,443493735,443515476,21741,1,0,0,0,0,0,0,2420,1,1
46812,4,6,3,46812,443530256,443559475,29219,2,1,0,0,0,0,0,2420,1,1
46813,4,6,3,46813,443574254,443595994,21740,1,0,0,0,0,0,0,2420,1,1
46814,4,6,1,46814,443610774,443659286,48512,4,0,3,0,0,0,0,2420,1,1
46815,4,6,4,46815,443674077,443712172,38095,3,1,1,0,0,0,0,2420,1,1
46816,4,6,2,46816,443726955,443818573,91618,9,1,7,0,0,0,0,2420,1,1
46817,4,6,3,46817,443833353,443871463,38110,3,1,1,0,0,0,0,2420,1,1
46818,4,6,0,46818,443886246,443949702,63456,6,2,3,0,0,0,0,2420,1,1
46819,4,6,4,46819,443964490,443993682,29192,2,1,0,0,0,0,0,2420,1,1
46820,4,6,3,46820,444008460,444045138,36678,3,2,0,0,0,0,0,2420,1,1
46821,4,6,2,46821,444059914,444081654,21740,1,0,0,0,0,0,0,2420,1,1
46822,4,6,1,46822,444096437,444118200,21763,1,0,0,0,0,0,0,2420,1,1
46823,4,6,0,46823,444132991,444178582,45591,4,2,1,0,0,0,0,2420,1,1
46824,4,6,4,46824,444193377,444317939,124562,14,9,4,0,0,0,0,2420,1,1
46825,4,6,2,46825,444332720,444419967,87247,9,4,4,0,0,0,0,2420,1,1
46826,4,6,1,46826,444434751,444490732,55981,5,1,3,0,0,0,0,2420,1,1
46827,4,6,2,46827,444505524,444567490,61966,6,3,2,0,0,0,0,2420,1,1
46828,4,6,3,46828,444582269,444627867,45598,4,2,1,0,0,0,0,2420,1,1
46829,4,6,3,46829,444642642,444673296,30654,2,0,1,0,0,0,0,2420,1,1
46830,4,6,1,46830,444688076,444726226,38150,3,1,1,0,0,0,0,2420,1,1
46831,4,6,2,46831,444741013,444762757,21744,1,0,0,0,0,0,0,2420,1,1
46832,4,6,3,46832,444777536,444912456,134920,15,8,6,0,0,0,0,2420,1,1
46833,4,6,2,46833,444927239,444978812,51573,5,4,0,0,0,0,0,2420,1,1
46834,4,6,0,46834,444993595,445097285,103690,11,5,5,0,0,0,0,2420,1,1
46835,4,6,1,46835,445112071,445133840,21769,1,0,0,0,0,0,0,2420,1,1
46836,4,6,1,46836,445148631,445194218,45587,4,2,1,0,0,0,0,2420,1,1
46837,4,6,3,46837,445209005,445355777,146772,16,6,9,0,0,0,0,2420,1,1
46838,4,6,2,46838,445370558,445399749,29191,2,1,0,0,0,0,0,2420,1,1
46839,4,6,4,46839,445414528,445460103,45575,4,2,1,0,0,0,0,2420,1,1
46840,4,6,2,46840,445474887,445541395,66508,7,6,0,0,0,0,0,2420,1,1
46841,4,6,1,46841,445556176,445600338,44162,4,3,0,0,0,0,0,2420,1,1
46842,4,6,4,46842,445615133,445636873,21740,1,0,0,0,0,0,0,2420,1,1
46843,4,6,4,46843,445651649,445713647,61998,6,3,2,0,0,0,0,2420,1,1
46844,4,6,4,46844,445728426,445806773,78347,8,4,3,0,0,0,0,2420,1,1
46845,4,6,0,46845,445821548,445870075,48527,4,0,3,0,0,0,0,2420,1,1
46846,4,6,4,46846,445884867,445954287,69420,7,4,2,0,0,0,0,2420,1,1
46847,4,6,4,46847,445969063,446014670,45607,4,2,1,0,0,0,0,2420,1,1
46848,4,6,2,46848,446029449,446127137,97688,10,3,6,0,0,0,0,2420,1,1
46849,4,6,4,46849,446141914,446163659,21745,1,0,0,0,0,0,0,2420,1,1
46850,4,6,2,46850,446178438,446216589,38151,3,1,1,0,0,0,0,2420,1,1
46851,4,6,2,46851,446231364,446311134,79770,8,3,4,0,0,0,0,2420,1,1
46852,4,6,4,46852,446325917,446364056,38139,3,1,1,0,0,0,0,2420,1,1
46853,4,6,2,46853,446378830,446400570,21740,1,0,0,0,0,0,0,2420,1,1
46854,4,6,4,46854,446415353,446460944,45591,4,2,1,0,0,0,0,2420,1,1
46855,4,6,2,46855,446475723,446650887,175164,20,11,8,0,0,0,0,2420,1,1
46856,4,6,4,46856,446665680,446709795,44115,4,3,0,0,0,0,0,2420,1,1
46857,4,6,0,46857,446724579,446746334,21755,1,0,0,0,0,0,0,2420,1,1
46858,4,6,4,46858,446761121,446782865,21744,1,0,0,0,0,0,0,2420,1,1
46859,4,6,1,46859,446797641,446828321,30680,2,0,1,0,0,0,0,2420,1,1
46860,4,6,1,46860,446843112,446887255,44143,4,3,0,0,0,0,0,2420,1,1
46861,4,6,0,46861,446902042,446931246,29204,2,1,0,0,0,0,0,2420,1,1
46862,4,6,1,46862,446946036,447000539,54503,5,2,2,0,0,0,0,2420,1,1
46863,4,6,2,46863,447015330,447077302,61972,6,3,2,0,0,0,0,2420,1,1
46864,4,6,3,46864,447092081,447113826,21745,1,0,0,0,0,0,0,2420,1,1
46865,4,6,2,46865,447128600,447184582,55982,5,1,3,0,0,0,0,2420,1,1
46866,4,6,4,46866,447199362,447317917,118555,13,7,5,0,0,0,0,2420,1,1
46867,4,6,3,46867,447332696,447427440,94744,10,5,4,0,0,0,0,2420,1,1
46868,4,6,1,46868,447442220,447463989,21769,1,0,0,0,0,0,0,2420,1,1
46869,4,6,3,46869,447478776,447509445,30669,2,0,1,0,0,0,0,2420,1,1
46870,4,6,3,46870,447524229,447553441,29212,2,1,0,0,0,0,0,2420,1,1
46871,4,6,0,46871,447568215,447606360,38145,3,1,1,0,0,0,0,2420,1,1
46872,4,6,2,46872,447621148,447650364,29216,2,1,0,0,0,0,0,2420,1,1
46873,4,6,2,46873,447665144,447752341,87197,9,4,4,0,0,0,0,2420,1,1
46874,4,6,4,46874,447767124,447812731,45607,4,2,1,0,0,0,0,2420,1,1
46875,4,6,0,46875,447827508,447856720,29212,2,1,0,0,0,0,0,2420,1,1
46876,4,6,4,46876,447871507,448000423,128916,14,6,7,0,0,0,0,2420,1,1
46877,4,6,0,46877,448015205,448062244,47039,4,1,2,0,0,0,0,2420,1,1
46878,4,6,3,46878,448077036,448115155,38119,3,1,1,0,0,0,0,2420,1,1
46879,4,6,2,46879,448129931,448168055,38124,3,1,1,0,0,0,0,2420,1,1
46880,4,6,1,46880,448182838,448212053,29215,2,1,0,0,0,0,0,2420,1,1
46881,4,6,3,46881,448226844,448279919,53075,5,3,1,0,0,0,0,2420,1,1
46882,4,6,4,46882,448294702,448346280,51578,5,4,0,0,0,0,0,2420,1,1
46883,4,6,1,46883,448361056,448390276,29220,2,1,0,0,0,0,0,2420,1,1
46884,4,6,3,46884,448405072,448538419,133347,14,3,10,0,0,0,0,2420,1,1
46885,4,6,3,46885,448553203,448653930,100727,11,7,3,0,0,0,0,2420,1,1
46886,4,6,0,46886,448668712,448730673,61961,6,3,2,0,0,0,0,2420,1,1
46887,4,6,3,46887,448745460,448767200,21740,1,0,0,0,0,0,0,2420,1,1
46888,4,6,3,46888,448781983,448803728,21745,1,0,0,0,0,0,0,2420,1,1
46889,4,6,2,46889,448818507,448856641,38134,3,1,1,0,0,0,0,2420,1,1
46890,4,6,2,46890,448871420,448991647,120227,13,7,4,0,1,0,0,2420,1,1
46891,4,6,4,46891,449006429,449037083,30654,2,0,1,0,0,0,0,2420,1,1
46892,4,6,3,46892,449051862,449073607,21745,1,0,0,0,0,0,0,2420,1,1
46893,4,6,4,46893,449088382,449125053,36671,3,2,0,0,0,0,0,2420,1,1
46894,4,6,2,46894,449139832,449228773,88941,10,9,0,0,0,0,0,2420,1,1
46895,4,6,2,46895,449243554,449265295,21741,1,0,0,0,0,0,0,2420,1,1
46896,4,6,0,46896,449280074,449318232,38158,3,1,1,0,0,0,0,2420,1,1
46897,4,6,0,46897,449333015,449371173,38158,3,1,1,0,0,0,0,2420,1,1
46898,4,6,3,46898,449385965,449416610,30645,2,0,1,0,0,0,0,2420,1,1
46899,4,6,3,46899,449431386,449517209,85823,9,5,3,0,0,0,0,2420,1,1
46900,4,6,2,46900,449531988,449570088,38100,3,1,1,0,0,0,0,2420,1,1
46901,4,6,3,46901,449584868,449614078,29210,2,1,0,0,0,0,0,2420,1,1
46902,4,6,1,46902,449628857,449696879,68022,7,5,1,0,0,0,0,2420,1,1
46903,4,6,4,46903,449711666,449742312,30646,2,0,1,0,0,0,0,2420,1,1
46904,4,6,2,46904,449757095,449796679,39584,3,0,2,0,0,0,0,2420,1,1
46905,4,6,4,46905,449811455,449870549,59094,6,5,0,0,0,0,0,2420,1,1
46906,4,6,4,46906,449885333,449939825,54492,5,2,2,0,0,0,0,2420,1,1
46907,4,6,0,46907,449954604,450022612,68008,7,5,1,0,0,0,0,2420,1,1
46908,4,6,3,46908,450037402,450059143,21741,1,0,0,0,0,0,0,2420,1,1
46909,4,6,3,46909,450073923,450095663,21740,1,0,0,0,0,0,0,2420,1,1
46910,4,6,3,46910,450110442,450139651,29209,2,1,0,0,0,0,0,2420,1,1
46911,4,6,3,46911,450154430,450192556,38126,3,1,1,0,0,0,0,2420,1,1
46912,4,6,1,46912,450207339,450245477,38138,3,1,1,0,0,0,0,2420,1,1
46913,4,6,1,46913,450260264,450305886,45622,4,2,1,0,0,0,0,2420,1,1
46914,4,6,1,46914,450320677,450428900,108223,12,8,3,0,0,0,0,2420,1,1
46915,4,6,0,46915,450443694,450505662,61968,6,3,2,0,0,0,0,2420,1,1
46916,4,6,4,46916,450520449,450564562,44113,4,3,0,0,0,0,0,2420,1,1
46917,4,6,1,46917,450579338,450624944,45606,4,2,1,0,0,0,0,2420,1,1
46918,4,6,2,46918,450639735,450692803,53068,5,3,1,0,0,0,0,2420,1,1
46919,4,6,3,46919,450707578,450729319,21741,1,0,0,0,0,0,0,2420,1,1
46920,4,6,4,46920,450744106,450834466,90360,10,8,1,0,0,0,0,2420,1,1
46921,4,6,4,46921,450849243,450896241,46998,4,1,2,0,0,0,0,2420,1,1
46922,4,6,1,46922,450911020,450964087,53067,5,3,1,0,0,0,0,2420,1,1
46923,4,6,1,46923,450978874,451000638,21764,1,0,0,0,0,0,0,2420,1,1
46924,4,6,4,46924,451015434,451053569,38135,3,1,1,0,0,0,0,2420,1,1
46925,4,6,2,46925,451068344,451090085,21741,1,0,0,0,0,0,0,2420,1,1
46926,4,6,0,46926,451104869,451174289,69420,7,4,2,0,0,0,0,2420,1,1
46927,4,6,1,46927,451189072,451227247,38175,3,1,1,0,0,0,0,2420,1,1
46928,4,6,1,46928,451242038,451263807,21769,1,0,0,0,0,0,0,2420,1,1
46929,4,6,4,46929,451278594,451316711,38117,3,1,1,0,0,0,0,2420,1,1
46930,4,6,0,46930,451331489,451362172,30683,2,0,1,0,0,0,0,2420,1,1
46931,4,6,0,46931,451376959,451428558,51599,5,4,0,0,0,0,0,2420,1,1
46932,4,6,1,46932,451443349,451527675,84326,9,6,2,0,0,0,0,2420,1,1
46933,4,6,1,46933,451542463,451603013,60550,6,4,1,0,0,0,0,2420,1,1
46934,4,6,4,46934,451617804,451664835,47031,4,1,2,0,0,0,0,2420,1,1
46935,4,6,4,46935,451679610,451780306,100696,11,7,3,0,0,0,0,2420,1,1
46936,4,6,3,46936,451795092,451833206,38114,3,1,1,0,0,0,0,2420,1,1
46937,4,6,4,46937,451847982,451918894,70912,7,3,3,0,0,0,0,2420,1,1
46938,4,6,2,46938,451933677,451962901,29224,2,1,0,0,0,0,0,2420,1,1
46939,4,6,0,46939,451977676,451999432,21756,1,0,0,0,0,0,0,2420,1,1
46940,4,6,3,46940,452014224,452082195,67971,7,5,1,0,0,0,0,2420,1,1
46941,4,6,1,46941,452096975,452150098,53123,5,3,1,0,0,0,0,2420,1,1
46942,4,6,3,46942,452164894,452217943,53049,5,3,1,0,0,0,0,2420,1,1
46943,4,6,4,46943,452232718,452254462,21744,1,0,0,0,0,0,0,2420,1,1
46944,4,6,2,46944,452269241,452305913,36672,3,2,0,0,0,0,0,2420,1,1
46945,4,6,1,46945,452320689,452358839,38150,3,1,1,0,0,0,0,2420,1,1
46946,4,6,3,46946,452373634,452402852,29218,2,1,0,0,0,0,0,2420,1,1
46947,4,6,1,46947,452417627,452461765,44138,4,3,0,0,0,0,0,2420,1,1
46948,4,6,1,46948,452476561,452516164,39603,3,0,2,0,0,0,0,2420,1,1
46949,4,6,3,46949,452530951,452552692,21741,1,0,0,0,0,0,0,2420,1,1
46950,4,6,0,46950,452567474,452645816,78342,8,4,3,0,0,0,0,2420,1,1
46951,4,6,2,46951,452660599,452682341,21742,1,0,0,0,0,0,0,2420,1,1
46952,4,6,0,46952,452697128,452733833,36705,3,2,0,0,0,0,0,2420,1,1
46953,4,6,3,46953,452748620,452770361,21741,1,0,0,0,0,0,0,2420,1,1
46954,4,6,3,46954,452785144,452814340,29196,2,1,0,0,0,0,0,2420,1,1
46955,4,6,4,46955,452829115,452919425,90310,10,8,1,0,0,0,0,2420,1,1
46956,4,6,1,46956,452934211,452990191,55980,5,1,3,0,0,0,0,2420,1,1
46957,4,6,4,46957,453004983,453059435,54452,5,2,2,0,0,0,0,2420,1,1
46958,4,6,0,46958,453074218,453103429,29211,2,1,0,0,0,0,0,2420,1,1
46959,4,6,2,46959,453118212,453204081,85869,9,5,3,0,0,0,0,2420,1,1
46960,4,6,0,46960,453218860,453248088,29228,2,1,0,0,0,0,0,2420,1,1
46961,4,6,0,46961,453262876,453315949,53073,5,3,1,0,0,0,0,2420,1,1
46962,4,6,2,46962,453330737,453374869,44132,4,3,0,0,0,0,0,2420,1,1
46963,4,6,4,46963,453389645,453453064,63419,6,2,3,0,0,0,0,2420,1,1
46964,4,6,0,46964,453467844,453549311,81467,9,8,0,0,0,0,0,2420,1,1
46965,4,6,4,46965,453564098,453594768,30670,2,0,1,0,0,0,0,2420,1,1
46966,4,6,3,46966,453609547,453655162,45615,4,2,1,0,0,0,0,2420,1,1
46967,4,6,2,46967,453669937,453751190,81253,8,2,5,0,0,0,0,2420,1,1
46968,4,6,1,46968,453765974,453813009,47035,4,1,2,0,0,0,0,2420,1,1
46969,4,6,2,46969,453827796,453873359,45563,4,2,1,0,0,0,0,2420,1,1
46970,4,6,4,46970,453888138,453958996,70858,7,3,3,0,0,0,0,2420,1,1
46971,4,6,4,46971,453973776,453995517,21741,1,0,0,0,0,0,0,2420,1,1
46972,4,6,3,46972,454010296,454032036,21740,1,0,0,0,0,0,0,2420,1,1
46973,4,6,2,46973,454046815,454155008,108193,12,8,3,0,0,0,0,2420,1,1
46974,4,6,2,46974,454169791,454191531,21740,1,0,0,0,0,0,0,2420,1,1
46975,4,6,4,46975,454206310,454357714,151404,17,9,7,0,0,0,0,2420,1,1
46976,4,6,0,46976,454372496,454394254,21758,1,0,0,0,0,0,0,2420,1,1
46977,4,6,2,46977,454409037,454468075,59038,6,5,0,0,0,0,0,2420,1,1
46978,4,6,1,46978,454482858,454520980,38122,3,1,1,0,0,0,0,2420,1,1
46979,4,6,0,46979,454535771,454678225,142454,16,9,6,0,0,0,0,2420,1,1
46980,4,6,4,46980,454693018,454761015,67997,7,5,1,0,0,0,0,2420,1,1
46981,4,6,4,46981,454775795,454821394,45599,4,2,1,0,0,0,0,2420,1,1
46982,4,6,0,46982,454836177,454857933,21756,1,0,0,0,0,0,0,2420,1,1
46983,4,6,2,46983,454872716,454909388,36672,3,2,0,0,0,0,0,2420,1,1
46984,4,6,2,46984,454924175,454945915,21740,1,0,0,0,0,0,0,2420,1,1
46985,4,6,2,46985,454960691,455097308,136617,16,13,2,0,0,0,0,2420,1,1
46986,4,6,0,46986,455112092,455133852,21760,1,0,0,0,0,0,0,2420,1,1
46987,4,6,1,46987,455148636,455194243,45607,4,2,1,0,0,0,0,2420,1,1
46988,4,6,3,46988,455209034,455262092,53058,5,3,1,0,0,0,0,2420,1,1
46989,4,6,1,46989,455276872,455298635,21763,1,0,0,0,0,0,0,2420,1,1
46990,4,6,2,46990,455313431,455335171,21740,1,0,0,0,0,0,0,2420,1,1
46991,4,6,1,46991,455349947,455403053,53106,5,3,1,0,0,0,0,2420,1,1
46992,4,6,1,46992,455417845,455447066,29221,2,1,0,0,0,0,0,2420,1,1
46993,4,6,0,46993,455461853,455483614,21761,1,0,0,0,0,0,0,2420,1,1
46994,4,6,4,46994,455498401,455520141,21740,1,0,0,0,0,0,0,2420,1,1
46995,4,6,4,46995,455534920,455616190,81270,8,2,5,0,0,0,0,2420,1,1
46996,4,6,1,46996,455630969,455701840,70871,7,3,3,0,0,0,0,2420,1,1
46997,4,6,3,46997,455716632,455754780,38148,3,1,1,0,0,0,0,2420,1,1
46998,4,6,0,46998,455769559,455800220,30661,2,0,1,0,0,0,0,2420,1,1
46999,4,6,4,46999,455815008,455918655,103647,11,5,5,0,0,0,0,2420,1,1
47000,4,9,1,47000,455933441,456025784,92343,10,7,2,0,0,0,0,2420,1,1
47001,4,9,2,47001,456040720,456062740,22020,1,0,0,0,0,0,0,2420,1,1
47002,4,9,2,47002,456077516,456099470,21954,1,0,0,0,0,0,0,2420,1,1
47003,4,9,3,47003,456114245,456170437,56192,5,1,3,0,0,0,0,2420,1,1
47004,4,9,4,47004,456185217,456207171,21954,1,0,0,0,0,0,0,2420,1,1
47005,4,9,2,47005,456221942,456254445,32503,2,0,0,0,1,0,0,2420,1,1
47006,4,9,4,47006,456269217,456300084,30867,2,0,1,0,0,0,0,2420,1,1
47007,4,9,4,47007,456314859,456345733,30874,2,0,1,0,0,0,0,2420,1,1
47008,4,9,0,47008,456360509,456398873,38364,3,1,1,0,0,0,0,2420,1,1
47009,4,9,1,47009,456413657,456469852,56195,5,1,3,0,0,0,0,2420,1,1
47010,4,9,0,47010,456484644,456530439,45795,4,2,1,0,0,0,0,2420,1,1
47011,4,9,0,47011,456545223,456583555,38332,3,1,1,0,0,0,0,2420,1,1
47012,4,9,3,47012,456598338,456703708,105370,11,4,6,0,0,0,0,2420,1,1
47013,4,9,3,47013,456718484,456756811,38327,3,1,1,0,0,0,0,2420,1,1
47014,4,9,0,47014,456771587,456793561,21974,1,0,0,0,0,0,0,2420,1,1
47015,4,9,4,47015,456808341,456871994,63653,6,2,3,0,0,0,0,2420,1,1
47016,4,9,4,47016,456886777,456916203,29426,2,1,0,0,0,0,0,2420,1,1
47017,4,9,2,47017,456930975,456969317,38342,3,1,1,0,0,0,0,2420,1,1
47018,4,9,3,47018,456984096,457006047,21951,1,0,0,0,0,0,0,2420,1,1
47019,4,9,3,47019,457020819,457042784,21965,1,0,0,0,0,0,0,2420,1,1
47020,4,9,2,47020,457057559,457122639,65080,6,1,4,0,0,0,0,2420,1,1
47021,4,9,3,47021,457137415,457166835,29420,2,1,0,0,0,0,0,2420,1,1
47022,4,9,2,47022,457181611,457276539,94928,10,5,4,0,0,0,0,2420,1,1
47023,4,9,3,47023,457291313,457313278,21965,1,0,0,0,0,0,0,2420,1,1
47024,4,9,4,47024,457328053,457399166,71113,7,3,3,0,0,0,0,2420,1,1
47025,4,9,2,47025,457413941,457476131,62190,6,3,2,0,0,0,0,2420,1,1
47026,4,9,1,47026,457490906,457562012,71106,7,3,3,0,0,0,0,2420,1,1
47027,4,9,0,47027,457576800,457598777,21977,1,0,0,0,0,0,0,2420,1,1
47028,4,9,1,47028,457613565,457635543,21978,1,0,0,0,0,0,0,2420,1,1
47029,4,9,4,47029,457650326,457672288,21962,1,0,0,0,0,0,0,2420,1,1
47030,4,9,3,47030,457687068,457709021,21953,1,0,0,0,0,0,0,2420,1,1
47031,4,9,1,47031,457723797,457844070,120273,13,6,6,0,0,0,0,2420,1,1
47032,4,9,1,47032,457858860,457889755,30895,2,0,1,0,0,0,0,2420,1,1
47033,4,9,1,47033,457904542,457934013,29471,2,1,0,0,0,0,0,2420,1,1
47034,4,9,0,47034,457948801,458028876,80075,8,3,4,0,0,0,0,2420,1,1
47035,4,9,4,47035,458043660,458096910,53250,5,3,1,0,0,0,0,2420,1,1
47036,4,9,4,47036,458111686,458150016,38330,3,1,1,0,0,0,0,2420,1,1
47037,4,9,1,47037,458164792,458203155,38363,3,1,1,0,0,0,0,2420,1,1
47038,4,9,4,47038,458217943,458248834,30891,2,0,1,0,0,0,0,2420,1,1
47039,4,9,3,47039,458263610,458285572,21962,1,0,0,0,0,0,0,2420,1,1
47040,4,9,1,47040,458300347,458329792,29445,2,1,0,0,0,0,0,2420,1,1
47041,4,9,1,47041,458344580,458375481,30901,2,0,1,0,0,0,0,2420,1,1
47042,4,9,0,47042,458390268,458437517,47249,4,1,2,0,0,0,0,2420,1,1
47043,4,9,1,47043,458452299,458490669,38370,3,1,1,0,0,0,0,2420,1,1
47044,4,9,1,47044,458505460,458527437,21977,1,0,0,0,0,0,0,2420,1,1
47045,4,9,3,47045,458542221,458614745,72524,7,2,4,0,0,0,0,2420,1,1
47046,4,9,2,47046,458629520,458706637,77117,8,5,2,0,0,0,0,2420,1,1
47047,4,9,0,47047,458721409,458743390,21981,1,0,0,0,0,0,0,2420,1,1
47048,4,9,4,47048,458758178,458844197,86019,9,5,3,0,0,0,0,2420,1,1
47049,4,9,4,47049,458858969,458880931,21962,1,0,0,0,0,0,0,2420,1,1
47050,4,9,2,47050,458895710,458943010,47300,4,1,2,0,0,0,0,2420,1,1
47051,4,9,4,47051,458957781,459037837,80056,8,3,4,0,0,0,0,2420,1,1
47052,4,9,2,47052,459052612,459082039,29427,2,1,0,0,0,0,0,2420,1,1
47053,4,9,3,47053,459096814,459173963,77149,8,5,2,0,0,0,0,2420,1,1
47054,4,9,4,47054,459188740,459292587,103847,11,5,5,0,0,0,0,2420,1,1
47055,4,9,4,47055,459307365,459383059,75694,8,6,1,0,0,0,0,2420,1,1
47056,4,9,1,47056,459397834,459512141,114307,12,4,7,0,0,0,0,2420,1,1
47057,4,9,1,47057,459526931,459581693,54762,5,2,2,0,0,0,0,2420,1,1
47058,4,9,3,47058,459596485,459683965,87480,9,4,4,0,0,0,0,2420,1,1
47059,4,9,2,47059,459698736,459752019,53283,5,3,1,0,0,0,0,2420,1,1
47060,4,9,3,47060,459766799,459815509,48710,4,0,3,0,0,0,0,2420,1,1
47061,4,9,1,47061,459830281,459922327,92046,10,7,2,0,0,0,0,2420,1,1
47062,4,9,4,47062,459937120,459966551,29431,2,1,0,0,0,0,0,2420,1,1
47063,4,9,4,47063,459981323,460010768,29445,2,1,0,0,0,0,0,2420,1,1
47064,4,9,4,47064,460025548,460111560,86012,9,5,3,0,0,0,0,2420,1,1
47065,4,9,2,47065,460126336,460179633,53297,5,3,1,0,0,0,0,2420,1,1
47066,4,9,1,47066,460194412,460216390,21978,1,0,0,0,0,0,0,2420,1,1
47067,4,9,2,47067,460231173,460268069,36896,3,2,0,0,0,0,0,2420,1,1
47068,4,9,1,47068,460282848,460319763,36915,3,2,0,0,0,0,0,2420,1,1
47069,4,9,2,47069,460334552,460363995,29443,2,1,0,0,0,0,0,2420,1,1
47070,4,9,1,47070,460378770,460408206,29436,2,1,0,0,0,0,0,2420,1,1
47071,4,9,4,47071,460422993,460477689,54696,5,2,2,0,0,0,0,2420,1,1
47072,4,9,3,47072,460492464,460523361,30897,2,0,1,0,0,0,0,2420,1,1
47073,4,9,2,47073,460538132,460591401,53269,5,3,1,0,0,0,0,2420,1,1
47074,4,9,1,47074,460606181,460635614,29433,2,1,0,0,0,0,0,2420,1,1
47075,4,9,1,47075,460650397,460730467,80070,8,3,4,0,0,0,0,2420,1,1
47076,4,9,2,47076,460745259,460767212,21953,1,0,0,0,0,0,0,2420,1,1
47077,4,9,4,47077,460781984,460818862,36878,3,2,0,0,0,0,0,2420,1,1
47078,4,9,3,47078,460833642,460863064,29422,2,1,0,0,0,0,0,2420,1,1
47079,4,9,3,47079,460877836,460938578,60742,6,4,1,0,0,0,0,2420,1,1
47080,4,9,2,47080,460953362,460991688,38326,3,1,1,0,0,0,0,2420,1,1
47081,4,9,3,47081,461006463,461043343,36880,3,2,0,0,0,0,0,2420,1,1
47082,4,9,4,47082,461058119,461112845,54726,5,2,2,0,0,0,0,2420,1,1
47083,4,9,4,47083,461127616,461171952,44336,4,3,0,0,0,0,0,2420,1,1
47084,4,9,0,47084,461186731,461280210,93479,10,6,3,0,0,0,0,2420,1,1
47085,4,9,3,47085,461294996,461358676,63680,6,2,3,0,0,0,0,2420,1,1
47086,4,9,2,47086,461373456,461395410,21954,1,0,0,0,0,0,0,2420,1,1
47087,4,9,3,47087,461410181,461505197,95016,10,5,4,0,0,0,0,2420,1,1
47088,4,9,4,47088,461519974,461589675,69701,7,4,2,0,0,0,0,2420,1,1
47089,4,9,1,47089,461604451,461648814,44363,4,3,0,0,0,0,0,2420,1,1
47090,4,9,4,47090,461663605,461700493,36888,3,2,0,0,0,0,0,2420,1,1
47091,4,9,4,47091,461715269,461737231,21962,1,0,0,0,0,0,0,2420,1,1
47092,4,9,0,47092,461752006,461773979,21973,1,0,0,0,0,0,0,2420,1,1
47093,4,9,3,47093,461788759,461840586,51827,5,4,0,0,0,0,0,2420,1,1
47094,4,9,0,47094,461855365,461886241,30876,2,0,1,0,0,0,0,2420,1,1
47095,4,9,4,47095,461901020,461997398,96378,10,4,5,0,0,0,0,2420,1,1
47096,4,9,1,47096,462012175,462041605,29430,2,1,0,0,0,0,0,2420,1,1
47097,4,9,2,47097,462056393,462102180,45787,4,2,1,0,0,0,0,2420,1,1
47098,4,9,4,47098,462116959,462162787,45828,4,2,1,0,0,0,0,2420,1,1
47099,4,9,2,47099,462177559,462206987,29428,2,1,0,0,0,0,0,2420,1,1
47100,4,9,0,47100,462221762,462243736,21974,1,0,0,0,0,0,0,2420,1,1
47101,4,9,2,47101,462258516,462295406,36890,3,2,0,0,0,0,0,2420,1,1
47102,4,9,0,47102,462310182,462332151,21969,1,0,0,0,0,0,0,2420,1,1
47103,4,9,4,47103,462346935,462376361,29426,2,1,0,0,0,0,0,2420,1,1
47104,4,9,0,47104,462391137,462413110,21973,1,0,0,0,0,0,0,2420,1,1
47105,4,9,1,47105,462427890,462449875,21985,1,0,0,0,0,0,0,2420,1,1
47106,4,9,1,47106,462464666,462503013,38347,3,1,1,0,0,0,0,2420,1,1
47107,4,9,2,47107,462517797,462548677,30880,2,0,1,0,0,0,0,2420,1,1
47108,4,9,3,47108,462563457,462627114,63657,6,2,3,0,0,0,0,2420,1,1
47109,4,9,3,47109,462641885,462663851,21966,1,0,0,0,0,0,0,2420,1,1
47110,4,9,3,47110,462678627,462708045,29418,2,1,0,0,0,0,0,2420,1,1
47111,4,9,2,47111,462722820,462744783,21963,1,0,0,0,0,0,0,2420,1,1
47112,4,9,1,47112,462759562,462781539,21977,1,0,0,0,0,0,0,2420,1,1
47113,4,9,0,47113,462796331,462825779,29448,2,1,0,0,0,0,0,2420,1,1
47114,4,9,4,47114,462840562,462862516,21954,1,0,0,0,0,0,0,2420,1,1
47115,4,9,2,47115,462877291,462955870,78579,8,4,3,0,0,0,0,2420,1,1
47116,4,9,1,47116,462970645,462992623,21978,1,0,0,0,0,0,0,2420,1,1
47117,4,9,4,47117,463007410,463029371,21961,1,0,0,0,0,0,0,2420,1,1
47118,4,9,2,47118,463044151,463113834,69683,7,4,2,0,0,0,0,2420,1,1
47119,4,9,0,47119,463128606,463227982,99376,10,2,7,0,0,0,0,2420,1,1
47120,4,9,4,47120,463242772,463339202,96430,10,4,5,0,0,0,0,2420,1,1
47121,4,9,4,47121,463353979,463432544,78565,8,4,3,0,0,0,0,2420,1,1
47122,4,9,4,47122,463447323,463494592,47269,4,1,2,0,0,0,0,2420,1,1
47123,4,9,2,47123,463509364,463622145,112781,12,5,6,0,0,0,0,2420,1,1
47124,4,9,0,47124,463636927,463666361,29434,2,1,0,0,0,0,0,2420,1,1
47125,4,9,0,47125,463681141,463728425,47284,4,1,2,0,0,0,0,2420,1,1
47126,4,9,4,47126,463743213,463820272,77059,8,5,2,0,0,0,0,2420,1,1
47127,4,9,0,47127,463835048,463873418,38370,3,1,1,0,0,0,0,2420,1,1
47128,4,9,0,47128,463888201,463987603,99402,10,2,7,0,0,0,0,2420,1,1
47129,4,9,2,47129,464002384,464033264,30880,2,0,1,0,0,0,0,2420,1,1
47130,4,9,0,47130,464048039,464070008,21969,1,0,0,0,0,0,0,2420,1,1
47131,4,9,3,47131,464084792,464106754,21962,1,0,0,0,0,0,0,2420,1,1
47132,4,9,4,47132,464121529,464152410,30881,2,0,1,0,0,0,0,2420,1,1
47133,4,9,1,47133,464167185,464244327,77142,8,5,2,0,0,0,0,2420,1,1
47134,4,9,3,47134,464259115,464354050,94935,10,5,4,0,0,0,0,2420,1,1
47135,4,9,4,47135,464368824,464390785,21961,1,0,0,0,0,0,0,2420,1,1
47136,4,9,3,47136,464405565,464442439,36874,3,2,0,0,0,0,0,2420,1,1
47137,4,9,4,47137,464457214,464494122,36908,3,2,0,0,0,0,0,2420,1,1
47138,4,9,0,47138,464508898,464547239,38341,3,1,1,0,0,0,0,2420,1,1
47139,4,9,2,47139,464562019,464591440,29421,2,1,0,0,0,0,0,2420,1,1
47140,4,9,2,47140,464606220,464666952,60732,6,4,1,0,0,0,0,2420,1,1
47141,4,9,4,47141,464681724,464735023,53299,5,3,1,0,0,0,0,2420,1,1
47142,4,9,4,47142,464749799,464771752,21953,1,0,0,0,0,0,0,2420,1,1
47143,4,9,1,47143,464786528,464815965,29437,2,1,0,0,0,0,0,2420,1,1
47144,4,9,0,47144,464830756,464867634,36878,3,2,0,0,0,0,0,2420,1,1
47145,4,9,4,47145,464882414,464946024,63610,6,2,3,0,0,0,0,2420,1,1
47146,4,9,1,47146,464960800,464982781,21981,1,0,0,0,0,0,0,2420,1,1
47147,4,9,2,47147,464997565,465053761,56196,5,1,3,0,0,0,0,2420,1,1
47148,4,9,2,47148,465068536,465121754,53218,5,3,1,0,0,0,0,2420,1,1
47149,4,9,1,47149,465136529,465182369,45840,4,2,1,0,0,0,0,2420,1,1
47150,4,9,4,47150,465197161,465251864,54703,5,2,2,0,0,0,0,2420,1,1
47151,4,9,1,47151,465266639,465288624,21985,1,0,0,0,0,0,0,2420,1,1
47152,4,9,2,47152,465303416,465332832,29416,2,1,0,0,0,0,0,2420,1,1
47153,4,9,4,47153,465347604,465409771,62167,6,3,2,0,0,0,0,2420,1,1
47154,4,9,3,47154,465424552,465544785,120233,13,6,6,0,0,0,0,2420,1,1
47155,4,9,3,47155,465559560,465723168,163608,19,13,5,0,0,0,0,2420,1,1
47156,4,9,2,47156,465737949,465791213,53264,5,3,1,0,0,0,0,2420,1,1
47157,4,9,2,47157,465805988,465827949,21961,1,0,0,0,0,0,0,2420,1,1
47158,4,9,4,47158,465842725,465934793,92068,10,7,2,0,0,0,0,2420,1,1
47159,4,9,4,47159,465949566,465978994,29428,2,1,0,0,0,0,0,2420,1,1
47160,4,9,1,47160,465993773,466015748,21975,1,0,0,0,0,0,0,2420,1,1
47161,4,9,3,47161,466030531,466052492,21961,1,0,0,0,0,0,0,2420,1,1
47162,4,9,4,47162,466067271,466098155,30884,2,0,1,0,0,0,0,2420,1,1
47163,4,9,4,47163,466112930,466176553,63623,6,2,3,0,0,0,0,2420,1,1
47164,4,9,2,47164,466191329,466237119,45790,4,2,1,0,0,0,0,2420,1,1
47165,4,9,1,47165,466251891,466299188,47297,4,1,2,0,0,0,0,2420,1,1
47166,4,9,4,47166,466313980,466410412,96432,10,4,5,0,0,0,0,2420,1,1
47167,4,9,0,47167,466425189,466447167,21978,1,0,0,0,0,0,0,2420,1,1
47168,4,9,1,47168,466461950,466554007,92057,10,7,2,0,0,0,0,2420,1,1
47169,4,9,0,47169,466568793,466590770,21977,1,0,0,0,0,0,0,2420,1,1
47170,4,9,3,47170,466605558,466649913,44355,4,3,0,0,0,0,0,2420,1,1
47171,4,9,0,47171,466664689,466686666,21977,1,0,0,0,0,0,0,2420,1,1
47172,4,9,4,47172,466701449,466738304,36855,3,2,0,0,0,0,0,2420,1,1
47173,4,9,4,47173,466753076,466801763,48687,4,0,3,0,0,0,0,2420,1,1
47174,4,9,2,47174,466816542,466899624,83082,9,7,1,0,0,0,0,2420,1,1
47175,4,9,3,47175,466914400,466945275,30875,2,0,1,0,0,0,0,2420,1,1
47176,4,9,4,47176,466960055,466982008,21953,1,0,0,0,0,0,0,2420,1,1
47177,4,9,0,47177,466996795,467027705,30910,2,0,1,0,0,0,0,2420,1,1
47178,4,9,0,47178,467042501,467079423,36922,3,2,0,0,0,0,0,2420,1,1
47179,4,9,4,47179,467094218,467165341,71123,7,3,3,0,0,0,0,2420,1,1
47180,4,9,0,47180,467180129,467267597,87468,9,4,4,0,0,0,0,2420,1,1
47181,4,9,4,47181,467282389,467329675,47286,4,1,2,0,0,0,0,2420,1,1
47182,4,9,1,47182,467344467,467375346,30879,2,0,1,0,0,0,0,2420,1,1
47183,4,9,0,47183,467390141,467502915,112774,12,5,6,0,0,0,0,2420,1,1
47184,4,9,2,47184,467517714,467563516,45802,4,2,1,0,0,0,0,2420,1,1
47185,4,9,4,47185,467578299,467652290,73991,7,1,5,0,0,0,0,2420,1,1
47186,4,9,0,47186,467667081,467696514,29433,2,1,0,0,0,0,0,2420,1,1
47187,4,9,3,47187,467711306,467803304,91998,10,7,2,0,0,0,0,2420,1,1
47188,4,9,1,47188,467818093,467847526,29433,2,1,0,0,0,0,0,2420,1,1
47189,4,9,3,47189,467862320,467924498,62178,6,3,2,0,0,0,0,2420,1,1
47190,4,9,0,47190,467939286,467970179,30893,2,0,1,0,0,0,0,2420,1,1
47191,4,9,2,47191,467984975,468006937,21962,1,0,0,0,0,0,0,2420,1,1
47192,4,9,2,47192,468021725,468051128,29403,2,1,0,0,0,0,0,2420,1,1
47193,4,9,2,47193,468065916,468157922,92006,10,7,2,0,0,0,0,2420,1,1
47194,4,9,0,47194,468172711,468194684,21973,1,0,0,0,0,0,0,2420,1,1
47195,4,9,3,47195,468209476,468240356,30880,2,0,1,0,0,0,0,2420,1,1
47196,4,9,4,47196,468255149,468277102,21953,1,0,0,0,0,0,0,2420,1,1
47197,4,9,1,47197,468291885,468313875,21990,1,0,0,0,0,0,0,2420,1,1
47198,4,9,0,47198,468328675,468350644,21969,1,0,0,0,0,0,0,2420,1,1
47199,4,9,3,47199,468365439,468394858,29419,2,1,0,0,0,0,0,2420,1,1
47200,4,9,4,47200,468409646,468494168,84522,9,6,2,0,0,0,0,2420,1,1
47201,4,9,4,47201,468508952,468530913,21961,1,0,0,0,0,0,0,2420,1,1
47202,4,9,0,47202,468545705,468590049,44344,4,3,0,0,0,0,0,2420,1,1
47203,4,9,3,47203,468604845,468635711,30866,2,0,1,0,0,0,0,2420,1,1
47204,4,9,3,47204,468650498,468672453,21955,1,0,0,0,0,0,0,2420,1,1
47205,4,9,4,47205,468687240,468709202,21962,1,0,0,0,0,0,0,2420,1,1
47206,4,9,1,47206,468723993,468778708,54715,5,2,2,0,0,0,0,2420,1,1
47207,4,9,4,47207,468793507,468833303,39796,3,0,2,0,0,0,0,2420,1,1
47208,4,9,0,47208,468848090,468893874,45784,4,2,1,0,0,0,0,2420,1,1
47209,4,9,3,47209,468908666,468930627,21961,1,0,0,0,0,0,0,2420,1,1
47210,4,9,3,47210,468945419,469058166,112747,12,5,6,0,0,0,0,2420,1,1
47211,4,9,0,47211,469072956,469139683,66727,7,6,0,0,0,0,0,2420,1,1
47212,4,9,0,47212,469154481,469298589,144108,16,8,7,0,0,0,0,2420,1,1
47213,4,9,4,47213,469313387,469342799,29412,2,1,0,0,0,0,0,2420,1,1
47214,4,9,4,47214,469357586,469394456,36870,3,2,0,0,0,0,0,2420,1,1
47215,4,9,3,47215,469409239,469598182,188943,22,14,7,0,0,0,0,2420,1,1
47216,4,9,3,47216,469612978,469681204,68226,7,5,1,0,0,0,0,2420,1,1
47217,4,9,1,47217,469695992,469717976,21984,1,0,0,0,0,0,0,2420,1,1
47218,4,9,0,47218,469732780,469800965,68185,7,5,1,0,0,0,0,2420,1,1
47219,4,9,1,47219,469815762,469882508,66746,6,1,3,0,1,0,0,2420,1,1
47220,4,9,0,47220,469897308,469959522,62214,6,3,2,0,0,0,0,2420,1,1
47221,4,9,0,47221,469974318,469996295,21977,1,0,0,0,0,0,0,2420,1,1
47222,4,9,3,47222,470011090,470041958,30868,2,0,1,0,0,0,0,2420,1,1
47223,4,9,3,47223,470056745,470163506,106761,11,3,7,0,0,0,0,2420,1,1
47224,4,9,1,47224,470178297,470207724,29427,2,1,0,0,0,0,0,2420,1,1
47225,4,9,2,47225,470222520,470244485,21965,1,0,0,0,0,0,0,2420,1,1
47226,4,9,4,47226,470259272,470312509,53237,5,3,1,0,0,0,0,2420,1,1
47227,4,9,4,47227,470327297,470386583,59286,6,5,0,0,0,0,0,2420,1,1
47228,4,9,1,47228,470401371,470432261,30890,2,0,1,0,0,0,0,2420,1,1
47229,4,9,2,47229,470447060,470469022,21962,1,0,0,0,0,0,0,2420,1,1
47230,4,9,1,47230,470483814,470522168,38354,3,1,1,0,0,0,0,2420,1,1
47231,4,9,0,47231,470536967,470566415,29448,2,1,0,0,0,0,0,2420,1,1
47232,4,9,1,47232,470581210,470649429,68219,7,5,1,0,0,0,0,2420,1,1
47233,4,9,0,47233,470664227,470693669,29442,2,1,0,0,0,0,0,2420,1,1
47234,4,9,2,47234,470708465,470730419,21954,1,0,0,0,0,0,0,2420,1,1
47235,4,9,4,47235,470745207,470790996,45789,4,2,1,0,0,0,0,2420,1,1
47236,4,9,0,47236,470805788,470988764,182976,21,12,8,0,0,0,0,2420,1,1
47237,4,9,2,47237,471003564,471068863,65299,6,2,2,0,1,0,0,2420,1,1
47238,4,9,4,47238,471083651,471105604,21953,1,0,0,0,0,0,0,2420,1,1
47239,4,9,3,47239,471120388,471158703,38315,3,1,1,0,0,0,0,2420,1,1
47240,4,9,2,47240,471173495,471268408,94913,10,5,4,0,0,0,0,2420,1,1
47241,4,9,3,47241,471283190,471305152,21962,1,0,0,0,0,0,0,2420,1,1
47242,4,9,1,47242,471319932,471455273,135341,15,9,4,0,1,0,0,2420,1,1
47243,4,9,1,47243,471470060,471533686,63626,6,2,3,0,0,0,0,2420,1,1
47244,4,9,1,47244,471548478,471577903,29425,2,1,0,0,0,0,0,2420,1,1
47245,4,9,1,47245,471592690,471614679,21989,1,0,0,0,0,0,0,2420,1,1
47246,4,9,1,47246,471629471,471669263,39792,3,0,2,0,0,0,0,2420,1,1
47247,4,9,0,47247,471684054,471752241,68187,7,5,1,0,0,0,0,2420,1,1
47248,4,9,2,47248,471767033,471797920,30887,2,0,1,0,0,0,0,2420,1,1
47249,4,9,2,47249,471812696,471834661,21965,1,0,0,0,0,0,0,2420,1,1
47250,4,9,1,47250,471849441,471911665,62224,6,3,2,0,0,0,0,2420,1,1
47251,4,9,0,47251,471926457,472012529,86072,9,5,3,0,0,0,0,2420,1,1
47252,4,9,0,47252,472027320,472058198,30878,2,0,1,0,0,0,0,2420,1,1
47253,4,9,1,47253,472072986,472094971,21985,1,0,0,0,0,0,0,2420,1,1
47254,4,9,2,47254,472109763,472131716,21953,1,0,0,0,0,0,0,2420,1,1
47255,4,9,2,47255,472146496,472195201,48705,4,0,3,0,0,0,0,2420,1,1
47256,4,9,2,47256,472209981,472240848,30867,2,0,1,0,0,0,0,2420,1,1
47257,4,9,0,47257,472255627,472277603,21976,1,0,0,0,0,0,0,2420,1,1
47258,4,9,0,47258,472292391,472354563,62172,6,3,2,0,0,0,0,2420,1,1
47259,4,9,0,47259,472369347,472391324,21977,1,0,0,0,0,0,0,2420,1,1
47260,4,9,1,47260,472406115,472498166,92051,10,7,2,0,0,0,0,2420,1,1
47261,4,9,4,47261,472512960,472549866,36906,3,2,0,0,0,0,0,2420,1,1
47262,4,9,4,47262,472564649,472595535,30886,2,0,1,0,0,0,0,2420,1,1
47263,4,9,4,47263,472610310,472642813,32503,2,0,0,0,1,0,0,2420,1,1
47264,4,9,3,47264,472657588,472704849,47261,4,1,2,0,0,0,0,2420,1,1
47265,4,9,3,47265,472719625,472820609,100984,11,7,3,0,0,0,0,2420,1,1
47266,4,9,2,47266,472835395,472872270,36875,3,2,0,0,0,0,0,2420,1,1
47267,4,9,4,47267,472887050,472974460,87410,9,4,4,0,0,0,0,2420,1,1
47268,4,9,4,47268,472989240,473079798,90558,10,8,1,0,0,0,0,2420,1,1
47269,4,9,1,47269,473094580,473141877,47297,4,1,2,0,0,0,0,2420,1,1
47270,4,9,4,47270,473156672,473187528,30856,2,0,1,0,0,0,0,2420,1,1
47271,4,9,2,47271,473202304,473255587,53283,5,3,1,0,0,0,0,2420,1,1
47272,4,9,1,47272,473270366,473326557,56191,5,1,3,0,0,0,0,2420,1,1
47273,4,9,1,47273,473341344,473400642,59298,6,5,0,0,0,0,0,2420,1,1
47274,4,9,1,47274,473415439,473462712,47273,4,1,2,0,0,0,0,2420,1,1
47275,4,9,3,47275,473477501,473508374,30873,2,0,1,0,0,0,0,2420,1,1
47276,4,9,0,47276,473523156,473545126,21970,1,0,0,0,0,0,0,2420,1,1
47277,4,9,0,47277,473559909,473622111,62202,6,3,2,0,0,0,0,2420,1,1
47278,4,9,3,47278,473636903,473658857,21954,1,0,0,0,0,0,0,2420,1,1
47279,4,9,3,47279,473673636,473713412,39776,3,0,2,0,0,0,0,2420,1,1
47280,4,9,3,47280,473728192,473781429,53237,5,3,1,0,0,0,0,2420,1,1
47281,4,9,3,47281,473796209,473874795,78586,8,4,3,0,0,0,0,2420,1,1
47282,4,9,1,47282,473889574,473920474,30900,2,0,1,0,0,0,0,2420,1,1
47283,4,9,0,47283,473935266,473964709,29443,2,1,0,0,0,0,0,2420,1,1
47284,4,9,2,47284,473979496,474075908,96412,10,4,5,0,0,0,0,2420,1,1
47285,4,9,1,47285,474090685,474112670,21985,1,0,0,0,0,0,0,2420,1,1
47286,4,9,1,47286,474127465,474234521,107056,12,9,2,0,0,0,0,2420,1,1
47287,4,9,3,47287,474249311,474296539,47228,4,1,2,0,0,0,0,2420,1,1
47288,4,9,0,47288,474311319,474342213,30894,2,0,1,0,0,0,0,2420,1,1
47289,4,9,2,47289,474357001,474419152,62151,6,3,2,0,0,0,0,2420,1,1
47290,4,9,0,47290,474433935,474473760,39825,3,0,2,0,0,0,0,2420,1,1
47291,4,9,3,47291,474488543,474519442,30899,2,0,1,0,0,0,0,2420,1,1
47292,4,9,1,47292,474534225,474571118,36893,3,2,0,0,0,0,0,2420,1,1
47293,4,9,2,47293,474585910,474631733,45823,4,2,1,0,0,0,0,2420,1,1
47294,4,9,4,47294,474646517,474677409,30892,2,0,1,0,0,0,0,2420,1,1
47295,4,9,2,47295,474692185,474714151,21966,1,0,0,0,0,0,0,2420,1,1
47296,4,9,4,47296,474728931,474765828,36897,3,2,0,0,0,0,0,2420,1,1
47297,4,9,0,47297,474780603,474860625,80022,8,3,4,0,0,0,0,2420,1,1
47298,4,9,0,47298,474875417,474904864,29447,2,1,0,0,0,0,0,2420,1,1
47299,4,9,0,47299,474919649,474941626,21977,1,0,0,0,0,0,0,2420,1,1
47300,4,9,4,47300,474956417,474987279,30862,2,0,1,0,0,0,0,2420,1,1
47301,4,9,0,47301,475002054,475024033,21979,1,0,0,0,0,0,0,2420,1,1
47302,4,9,2,47302,475038821,475168018,129197,14,6,7,0,0,0,0,2420,1,1
47303,4,9,2,47303,475182801,475228595,45794,4,2,1,0,0,0,0,2420,1,1
47304,4,9,0,47304,475243379,475298087,54708,5,2,2,0,0,0,0,2420,1,1
47305,4,9,3,47305,475312883,475424231,111348,12,6,5,0,0,0,0,2420,1,1
47306,4,9,4,47306,475439021,475501369,62348,6,4,0,0,1,0,0,2420,1,1
47307,4,9,2,47307,475516153,475538115,21962,1,0,0,0,0,0,0,2420,1,1
47308,4,9,2,47308,475552902,475604690,51788,5,4,0,0,0,0,0,2420,1,1
47309,4,9,4,47309,475619472,475692171,72699,7,3,2,0,1,0,0,2420,1,1
47310,4,9,1,47310,475706959,475778111,71152,7,3,3,0,0,0,0,2420,1,1
47311,4,9,3,47311,475792909,475853657,60748,6,4,1,0,0,0,0,2420,1,1
47312,4,9,1,47312,475868444,475906799,38355,3,1,1,0,0,0,0,2420,1,1
47313,4,9,2,47313,475921595,475985275,63680,6,2,3,0,0,0,0,2420,1,1
47314,4,9,0,47314,476000062,476030952,30890,2,0,1,0,0,0,0,2420,1,1
47315,4,9,3,47315,476045747,476075175,29428,2,1,0,0,0,0,0,2420,1,1
47316,4,9,1,47316,476089962,476111939,21977,1,0,0,0,0,0,0,2420,1,1
47317,4,9,0,47317,476126738,476163654,36916,3,2,0,0,0,0,0,2420,1,1
47318,4,9,4,47318,476178449,476222812,44363,4,3,0,0,0,0,0,2420,1,1
47319,4,9,0,47319,476237595,476302711,65116,6,1,4,0,0,0,0,2420,1,1
47320,4,9,1,47320,476317509,476354424,36915,3,2,0,0,0,0,0,2420,1,1
47321,4,9,2,47321,476369219,476400086,30867,2,0,1,0,0,0,0,2420,1,1
47322,4,9,2,47322,476414878,476463580,48702,4,0,3,0,0,0,0,2420,1,1
47323,4,9,4,47323,476478363,476546620,68257,7,5,1,0,0,0,0,2420,1,1
47324,4,9,0,47324,476561407,476583380,21973,1,0,0,0,0,0,0,2420,1,1
47325,4,9,1,47325,476598172,476658948,60776,6,4,1,0,0,0,0,2420,1,1
47326,4,9,3,47326,476673751,476710663,36912,3,2,0,0,0,0,0,2420,1,1
47327,4,9,0,47327,476725450,476812947,87497,9,4,4,0,0,0,0,2420,1,1
47328,4,9,4,47328,476827743,476849697,21954,1,0,0,0,0,0,0,2420,1,1
47329,4,9,1,47329,476864485,476910336,45851,4,2,1,0,0,0,0,2420,1,1
47330,4,9,1,47330,476925140,476962021,36881,3,2,0,0,0,0,0,2420,1,1
47331,4,9,2,47331,476976820,477024092,47272,4,1,2,0,0,0,0,2420,1,1
47332,4,9,4,47332,477038880,477093622,54742,5,2,2,0,0,0,0,2420,1,1
47333,4,9,2,47333,477108406,477164589,56183,5,1,3,0,0,0,0,2420,1,1
47334,4,9,4,47334,477179376,477256498,77122,8,5,2,0,0,0,0,2420,1,1
47335,4,9,1,47335,477271281,477335136,63855,6,3,1,0,1,0,0,2420,1,1
47336,4,9,1,47336,477349932,477371909,21977,1,0,0,0,0,0,0,2420,1,1
47337,4,9,1,47337,477386700,477483107,96407,10,4,5,0,0,0,0,2420,1,1
47338,4,9,4,47338,477497900,477583933,86033,9,5,3,0,0,0,0,2420,1,1
47339,4,9,3,47339,477598709,477629584,30875,2,0,1,0,0,0,0,2420,1,1
47340,4,9,0,47340,477644368,477684167,39799,3,0,2,0,0,0,0,2420,1,1
47341,4,9,0,47341,477698950,477747702,48752,4,0,3,0,0,0,0,2420,1,1
47342,4,9,4,47342,477762489,477808280,45791,4,2,1,0,0,0,0,2420,1,1
47343,4,9,4,47343,477823056,477910564,87508,9,4,4,0,0,0,0,2420,1,1
47344,4,9,4,47344,477925348,477963683,38335,3,1,1,0,0,0,0,2420,1,1
47345,4,9,2,47345,477978459,478000420,21961,1,0,0,0,0,0,0,2420,1,1
47346,4,9,0,47346,478015204,478059559,44355,4,3,0,0,0,0,0,2420,1,1
47347,4,9,3,47347,478074347,478096308,21961,1,0,0,0,0,0,0,2420,1,1
47348,4,9,4,47348,478111087,478133045,21958,1,0,0,0,0,0,0,2420,1,1
47349,4,9,0,47349,478147821,478184756,36935,3,2,0,0,0,0,0,2420,1,1
47350,4,9,4,47350,478199544,478221497,21953,1,0,0,0,0,0,0,2420,1,1
47351,4,9,1,47351,478236277,478258262,21985,1,0,0,0,0,0,0,2420,1,1
47352,4,9,0,47352,478273055,478333846,60791,6,4,1,0,0,0,0,2420,1,1
47353,4,9,0,47353,478348630,478403347,54717,5,2,2,0,0,0,0,2420,1,1
47354,4,9,3,47354,478418135,478457919,39784,3,0,2,0,0,0,0,2420,1,1
47355,4,9,3,47355,478472695,478549805,77110,8,5,2,0,0,0,0,2420,1,1
47356,4,9,2,47356,478564589,478611823,47234,4,1,2,0,0,0,0,2420,1,1
47357,4,9,3,47357,478626603,478663487,36884,3,2,0,0,0,0,0,2420,1,1
47358,4,9,1,47358,478678267,478700244,21977,1,0,0,0,0,0,0,2420,1,1
47359,4,9,4,47359,478715037,478760860,45823,4,2,1,0,0,0,0,2420,1,1
47360,4,9,3,47360,478775644,478813986,38342,3,1,1,0,0,0,0,2420,1,1
47361,4,9,3,47361,478828761,478873167,44406,4,3,0,0,0,0,0,2420,1,1
47362,4,9,3,47362,478887947,478909901,21954,1,0,0,0,0,0,0,2420,1,1
47363,4,9,3,47363,478924680,478946641,21961,1,0,0,0,0,0,0,2420,1,1
47364,4,9,2,47364,478961421,479039939,78518,8,4,3,0,0,0,0,2420,1,1
47365,4,9,4,47365,479054719,479085590,30871,2,0,1,0,0,0,0,2420,1,1
47366,4,9,3,47366,479100369,479137237,36868,3,2,0,0,0,0,0,2420,1,1
47367,4,9,1,47367,479152012,479248503,96491,10,4,5,0,0,0,0,2420,1,1
47368,4,9,0,47368,479263300,479325493,62193,6,3,2,0,0,0,0,2420,1,1
47369,4,9,3,47369,479340285,479371177,30892,2,0,1,0,0,0,0,2420,1,1
47370,4,9,2,47370,479385968,479439181,53213,5,3,1,0,0,0,0,2420,1,1
47371,4,9,3,47371,479453969,479490872,36903,3,2,0,0,0,0,0,2420,1,1
47372,4,9,0,47372,479505663,479536534,30871,2,0,1,0,0,0,0,2420,1,1
47373,4,9,3,47373,479551325,479603120,51795,5,4,0,0,0,0,0,2420,1,1
47374,4,9,4,47374,479617908,479648780,30872,2,0,1,0,0,0,0,2420,1,1
47375,4,9,0,47375,479663568,479685546,21978,1,0,0,0,0,0,0,2420,1,1
47376,4,9,3,47376,479700341,479722295,21954,1,0,0,0,0,0,0,2420,1,1
47377,4,9,2,47377,479737082,479784341,47259,4,1,2,0,0,0,0,2420,1,1
47378,4,9,0,47378,479799129,479910405,111276,12,6,5,0,0,0,0,2420,1,1
47379,4,9,2,47379,479925204,480036560,111356,12,6,5,0,0,0,0,2420,1,1
47380,4,9,0,47380,480051350,480080789,29439,2,1,0,0,0,0,0,2420,1,1
47381,4,9,4,47381,480095585,480133931,38346,3,1,1,0,0,0,0,2420,1,1
47382,4,9,1,47382,480148719,480239339,90620,10,8,1,0,0,0,0,2420,1,1
47383,4,9,0,47383,480254141,480293964,39823,3,0,2,0,0,0,0,2420,1,1
47384,4,9,4,47384,480308760,480330713,21953,1,0,0,0,0,0,0,2420,1,1
47385,4,9,1,47385,480345501,480391351,45850,4,2,1,0,0,0,0,2420,1,1
47386,4,9,4,47386,480406155,480428109,21954,1,0,0,0,0,0,0,2420,1,1
47387,4,9,2,47387,480442896,480549867,106971,12,9,2,0,0,0,0,2420,1,1
47388,4,9,1,47388,480564661,480714863,150202,17,10,6,0,0,0,0,2420,1,1
47389,4,9,1,47389,480729663,480751648,21985,1,0,0,0,0,0,0,2420,1,1
47390,4,9,0,47390,480766451,480910566,144115,16,8,7,0,0,0,0,2420,1,1
47391,4,9,2,47391,480925364,480962243,36879,3,2,0,0,0,0,0,2420,1,1
47392,4,9,2,47392,480977034,481069095,92061,10,7,2,0,0,0,0,2420,1,1
47393,4,9,0,47393,481083885,481105862,21977,1,0,0,0,0,0,0,2420,1,1
47394,4,9,4,47394,481120658,481200650,79992,8,3,4,0,0,0,0,2420,1,1
47395,4,9,4,47395,481215437,481244849,29412,2,1,0,0,0,0,0,2420,1,1
47396,4,9,0,47396,481259636,481281605,21969,1,0,0,0,0,0,0,2420,1,1
47397,4,9,0,47397,481296401,481318378,21977,1,0,0,0,0,0,0,2420,1,1
47398,4,9,0,47398,481333177,481355146,21969,1,0,0,0,0,0,0,2420,1,1
47399,4,9,3,47399,481369938,481399352,29414,2,1,0,0,0,0,0,2420,1,1
47400,4,9,2,47400,481414144,481461407,47263,4,1,2,0,0,0,0,2420,1,1
47401,4,9,1,47401,481476186,481498171,21985,1,0,0,0,0,0,0,2420,1,1
47402,4,9,2,47402,481512971,481561645,48674,4,0,3,0,0,0,0,2420,1,1
47403,4,9,3,47403,481576425,481628251,51826,5,4,0,0,0,0,0,2420,1,1
47404,4,9,3,47404,481643035,481664989,21954,1,0,0,0,0,0,0,2420,1,1
47405,4,9,2,47405,481679765,481701726,21961,1,0,0,0,0,0,0,2420,1,1
47406,4,9,4,47406,481716515,481763822,47307,4,1,2,0,0,0,0,2420,1,1
47407,4,9,1,47407,481778598,481840806,62208,6,3,2,0,0,0,0,2420,1,1
47408,4,9,1,47408,481855606,481893997,38391,3,1,1,0,0,0,0,2420,1,1
47409,4,9,2,47409,481908784,481964947,56163,5,1,3,0,0,0,0,2420,1,1
47410,4,9,4,47410,481979731,482001684,21953,1,0,0,0,0,0,0,2420,1,1
47411,4,9,2,47411,482016464,482038425,21961,1,0,0,0,0,0,0,2420,1,1
47412,4,9,3,47412,482053212,482082645,29433,2,1,0,0,0,0,0,2420,1,1
47413,4,9,1,47413,482097425,482196935,99510,10,3,5,0,1,0,0,2420,1,1
47414,4,9,3,47414,482211729,482242594,30865,2,0,1,0,0,0,0,2420,1,1
47415,4,9,3,47415,482257373,482295714,38341,3,1,1,0,0,0,0,2420,1,1
47416,4,9,3,47416,482310497,482426370,115873,13,9,3,0,0,0,0,2420,1,1
47417,4,9,3,47417,482441148,482519706,78558,8,4,3,0,0,0,0,2420,1,1
47418,4,9,4,47418,482534494,482589210,54716,5,2,2,0,0,0,0,2420,1,1
47419,4,9,0,47419,482603989,482649804,45815,4,2,1,0,0,0,0,2420,1,1
47420,4,9,1,47420,482664599,482735681,71082,7,3,3,0,0,0,0,2420,1,1
47421,4,9,3,47421,482750468,482787356,36888,3,2,0,0,0,0,0,2420,1,1
47422,4,9,3,47422,482802139,482840507,38368,3,1,1,0,0,0,0,2420,1,1
47423,4,9,2,47423,482855287,482884702,29415,2,1,0,0,0,0,0,2420,1,1
47424,4,9,2,47424,482899486,482946729,47243,4,1,2,0,0,0,0,2420,1,1
47425,4,9,3,47425,482961505,482992376,30871,2,0,1,0,0,0,0,2420,1,1
47426,4,9,1,47426,483007164,483054423,47259,4,1,2,0,0,0,0,2420,1,1
47427,4,9,2,47427,483069210,483115000,45790,4,2,1,0,0,0,0,2420,1,1
47428,4,9,3,47428,483129783,483206904,77121,8,5,2,0,0,0,0,2420,1,1
47429,4,9,1,47429,483221679,483289955,68276,7,5,1,0,0,0,0,2420,1,1
47430,4,9,1,47430,483304755,483326732,21977,1,0,0,0,0,0,0,2420,1,1
47431,4,9,1,47431,483341519,483370959,29440,2,1,0,0,0,0,0,2420,1,1
47432,4,9,1,47432,483385759,483422667,36908,3,2,0,0,0,0,0,2420,1,1
47433,4,9,3,47433,483437467,483477300,39833,3,0,2,0,0,0,0,2420,1,1
47434,4,9,3,47434,483492088,483530425,38337,3,1,1,0,0,0,0,2420,1,1
47435,4,9,1,47435,483545213,483598520,53307,5,3,1,0,0,0,0,2420,1,1
47436,4,9,3,47436,483613323,483727562,114239,12,4,7,0,0,0,0,2420,1,1
47437,4,9,2,47437,483742349,483864205,121856,14,11,2,0,0,0,0,2420,1,1
47438,4,9,0,47438,483878998,483909869,30871,2,0,1,0,0,0,0,2420,1,1
47439,4,9,2,47439,483924665,484018128,93463,10,6,3,0,0,0,0,2420,1,1
47440,4,9,2,47440,484032920,484093657,60737,6,4,1,0,0,0,0,2420,1,1
47441,4,9,3,47441,484108441,484283818,175377,20,11,8,0,0,0,0,2420,1,1
47442,4,9,3,47442,484298610,484328022,29412,2,1,0,0,0,0,0,2420,1,1
47443,4,9,1,47443,484342810,484372260,29450,2,1,0,0,0,0,0,2420,1,1
47444,4,9,2,47444,484387063,484416466,29403,2,1,0,0,0,0,0,2420,1,1
47445,4,9,3,47445,484431250,484502352,71102,7,3,3,0,0,0,0,2420,1,1
47446,4,9,4,47446,484517144,484570454,53310,5,3,1,0,0,0,0,2420,1,1
47447,4,9,2,47447,484585242,484614660,29418,2,1,0,0,0,0,0,2420,1,1
47448,4,9,1,47448,484629447,484667808,38361,3,1,1,0,0,0,0,2420,1,1
47449,4,9,3,47449,484682604,484729866,47262,4,1,2,0,0,0,0,2420,1,1
47450,4,9,3,47450,484744658,484766612,21954,1,0,0,0,0,0,0,2420,1,1
47451,4,9,0,47451,484781395,484868894,87499,9,4,4,0,0,0,0,2420,1,1
47452,4,9,3,47452,484883694,484922031,38337,3,1,1,0,0,0,0,2420,1,1
47453,4,9,4,47453,484936818,484958781,21963,1,0,0,0,0,0,0,2420,1,1
47454,4,9,0,47454,484973572,485003015,29443,2,1,0,0,0,0,0,2420,1,1
47455,4,9,1,47455,485017806,485054729,36923,3,2,0,0,0,0,0,2420,1,1
47456,4,9,4,47456,485069528,485100387,30859,2,0,1,0,0,0,0,2420,1,1
47457,4,9,4,47457,485115174,485177355,62181,6,3,2,0,0,0,0,2420,1,1
47458,4,9,3,47458,485192143,485221554,29411,2,1,0,0,0,0,0,2420,1,1
47459,4,9,3,47459,485236342,485282121,45779,4,2,1,0,0,0,0,2420,1,1
47460,4,9,0,47460,485296912,485367988,71076,7,3,3,0,0,0,0,2420,1,1
47461,4,9,4,47461,485382783,485450974,68191,7,5,1,0,0,0,0,2420,1,1
47462,4,9,1,47462,485465766,485529386,63620,6,2,3,0,0,0,0,2420,1,1
47463,4,9,0,47463,485544185,485590017,45832,4,2,1,0,0,0,0,2420,1,1
47464,4,9,4,47464,485604817,485652085,47268,4,1,2,0,0,0,0,2420,1,1
47465,4,9,4,47465,485666861,485705209,38348,3,1,1,0,0,0,0,2420,1,1
47466,4,9,4,47466,485719984,485758298,38314,3,1,1,0,0,0,0,2420,1,1
47467,4,9,4,47467,485773072,485802499,29427,2,1,0,0,0,0,0,2420,1,1
47468,4,9,4,47468,485817276,485864522,47246,4,1,2,0,0,0,0,2420,1,1
47469,4,9,1,47469,485879293,485926596,47303,4,1,2,0,0,0,0,2420,1,1
47470,4,9,0,47470,485941383,485963361,21978,1,0,0,0,0,0,0,2420,1,1
47471,4,9,2,47471,485978140,486017937,39797,3,0,2,0,0,0,0,2420,1,1
47472,4,9,0,47472,486032713,486069638,36925,3,2,0,0,0,0,0,2420,1,1
47473,4,9,4,47473,486084422,486106388,21966,1,0,0,0,0,0,0,2420,1,1
47474,4,9,2,47474,486121164,486150580,29416,2,1,0,0,0,0,0,2420,1,1
47475,4,9,1,47475,486165356,486187345,21989,1,0,0,0,0,0,0,2420,1,1
47476,4,9,3,47476,486202132,486224094,21962,1,0,0,0,0,0,0,2420,1,1
47477,4,9,3,47477,486238866,486363655,124789,14,9,4,0,0,0,0,2420,1,1
47478,4,9,0,47478,486378434,486449577,71143,7,3,3,0,0,0,0,2420,1,1
47479,4,9,2,47479,486464361,486486326,21965,1,0,0,0,0,0,0,2420,1,1
47480,4,9,0,47480,486501102,486545436,44334,4,3,0,0,0,0,0,2420,1,1
47481,4,9,4,47481,486560216,486589656,29440,2,1,0,0,0,0,0,2420,1,1
47482,4,9,0,47482,486604436,486633864,29428,2,1,0,0,0,0,0,2420,1,1
47483,4,9,0,47483,486648643,486670625,21982,1,0,0,0,0,0,0,2420,1,1
47484,4,9,1,47484,486685413,486796795,111382,12,6,5,0,0,0,0,2420,1,1
47485,4,9,2,47485,486811581,486873754,62173,6,3,2,0,0,0,0,2420,1,1
47486,4,9,3,47486,486888529,486910487,21958,1,0,0,0,0,0,0,2420,1,1
47487,4,9,3,47487,486925262,486956156,30894,2,0,1,0,0,0,0,2420,1,1
47488,4,9,2,47488,486970932,487185208,214276,25,15,9,0,0,0,0,2420,1,1
47489,4,9,2,47489,487199985,487247225,47240,4,1,2,0,0,0,0,2420,1,1
47490,4,9,2,47490,487262001,487283963,21962,1,0,0,0,0,0,0,2420,1,1
47491,4,9,3,47491,487298734,487320698,21964,1,0,0,0,0,0,0,2420,1,1
47492,4,9,3,47492,487335478,487373828,38350,3,1,1,0,0,0,0,2420,1,1
47493,4,9,4,47493,487388600,487452218,63618,6,2,3,0,0,0,0,2420,1,1
47494,4,9,1,47494,487466997,487520294,53297,5,3,1,0,0,0,0,2420,1,1
47495,4,9,1,47495,487535083,487557072,21989,1,0,0,0,0,0,0,2420,1,1
47496,4,9,1,47496,487571859,487602756,30897,2,0,1,0,0,0,0,2420,1,1
47497,4,9,4,47497,487617544,487670803,53259,5,3,1,0,0,0,0,2420,1,1
47498,4,9,0,47498,487685587,487707563,21976,1,0,0,0,0,0,0,2420,1,1
47499,4,9,2,47499,487722347,487744316,21969,1,0,0,0,0,0,0,2420,1,1
47500,4,9,2,47500,487759096,487788523,29427,2,1,0,0,0,0,0,2420,1,1
47501,4,9,2,47501,487803303,487832738,29435,2,1,0,0,0,0,0,2420,1,1
47502,4,9,1,47502,487847522,487891885,44363,4,3,0,0,0,0,0,2420,1,1
47503,4,9,0,47503,487906677,487928658,21981,1,0,0,0,0,0,0,2420,1,1
47504,4,9,4,47504,487943449,488066789,123340,14,10,3,0,0,0,0,2420,1,1
47505,4,9,4,47505,488081570,488143786,62216,6,3,2,0,0,0,0,2420,1,1
47506,4,9,0,47506,488158567,488180544,21977,1,0,0,0,0,0,0,2420,1,1
47507,4,9,3,47507,488195332,488235138,39806,3,0,2,0,0,0,0,2420,1,1
47508,4,9,4,47508,488249917,488280787,30870,2,0,1,0,0,0,0,2420,1,1
47509,4,9,3,47509,488295566,488326466,30900,2,0,1,0,0,0,0,2420,1,1
47510,4,9,1,47510,488341247,488372136,30889,2,0,1,0,0,0,0,2420,1,1
47511,4,9,3,47511,488386928,488408893,21965,1,0,0,0,0,0,0,2420,1,1
47512,4,9,0,47512,488423677,488517217,93540,10,6,3,0,0,0,0,2420,1,1
47513,4,9,3,47513,488532003,488553973,21970,1,0,0,0,0,0,0,2420,1,1
47514,4,9,4,47514,488568753,488617464,48711,4,0,3,0,0,0,0,2420,1,1
47515,4,9,2,47515,488632240,488663114,30874,2,0,1,0,0,0,0,2420,1,1
47516,4,9,2,47516,488677893,488722249,44356,4,3,0,0,0,0,0,2420,1,1
47517,4,9,3,47517,488737029,488827420,90391,9,2,6,0,0,0,0,2420,1,1
47518,4,9,3,47518,488842200,488919327,77127,8,5,2,0,0,0,0,2420,1,1
47519,4,9,2,47519,488934107,488996272,62165,6,3,2,0,0,0,0,2420,1,1
47520,4,9,1,47520,489011052,489086480,75428,7,0,6,0,0,0,0,2420,1,1
47521,4,9,0,47521,489101267,489138168,36901,3,2,0,0,0,0,0,2420,1,1
47522,4,9,2,47522,489152960,489174922,21962,1,0,0,0,0,0,0,2420,1,1
47523,4,9,1,47523,489189698,489254871,65173,6,1,4,0,0,0,0,2420,1,1
47524,4,9,3,47524,489269663,489358633,88970,9,3,5,0,0,0,0,2420,1,1
47525,4,9,2,47525,489373413,489402826,29413,2,1,0,0,0,0,0,2420,1,1
47526,4,9,3,47526,489417605,489470880,53275,5,3,1,0,0,0,0,2420,1,1
47527,4,9,4,47527,489485660,489543314,57654,5,0,4,0,0,0,0,2420,1,1
47528,4,9,3,47528,489558094,489594978,36884,3,2,0,0,0,0,0,2420,1,1
47529,4,9,1,47529,489609750,489631743,21993,1,0,0,0,0,0,0,2420,1,1
47530,4,9,1,47530,489646534,489675993,29459,2,1,0,0,0,0,0,2420,1,1
47531,4,9,4,47531,489690777,489721683,30906,2,0,1,0,0,0,0,2420,1,1
47532,4,9,3,47532,489736463,489758428,21965,1,0,0,0,0,0,0,2420,1,1
47533,4,9,1,47533,489773204,489795197,21993,1,0,0,0,0,0,0,2420,1,1
47534,4,9,3,47534,489809984,489855834,45850,4,2,1,0,0,0,0,2420,1,1
47535,4,9,3,47535,489870605,489892575,21970,1,0,0,0,0,0,0,2420,1,1
47536,4,9,4,47536,489907354,489947135,39781,3,0,2,0,0,0,0,2420,1,1
47537,4,9,2,47537,489961907,490094356,132449,15,11,2,0,1,0,0,2420,1,1
47538,4,9,0,47538,490109133,490131114,21981,1,0,0,0,0,0,0,2420,1,1
47539,4,9,3,47539,490145898,490167868,21970,1,0,0,0,0,0,0,2420,1,1
47540,4,9,4,47540,490182643,490246284,63641,6,2,3,0,0,0,0,2420,1,1
47541,4,9,1,47541,490261055,490290496,29441,2,1,0,0,0,0,0,2420,1,1
47542,4,9,0,47542,490305288,490361481,56193,5,1,3,0,0,0,0,2420,1,1
47543,4,9,1,47543,490376265,490407161,30896,2,0,1,0,0,0,0,2420,1,1
47544,4,9,1,47544,490421949,490451387,29438,2,1,0,0,0,0,0,2420,1,1
47545,4,9,0,47545,490466175,490495628,29453,2,1,0,0,0,0,0,2420,1,1
47546,4,9,1,47546,490510412,490532401,21989,1,0,0,0,0,0,0,2420,1,1
47547,4,9,1,47547,490547188,490569181,21993,1,0,0,0,0,0,0,2420,1,1
47548,4,9,1,47548,490583973,490605962,21989,1,0,0,0,0,0,0,2420,1,1
47549,4,9,3,47549,490620745,490642715,21970,1,0,0,0,0,0,0,2420,1,1
47550,4,9,4,47550,490657494,490688374,30880,2,0,1,0,0,0,0,2420,1,1
47551,4,9,1,47551,490703150,490740066,36916,3,2,0,0,0,0,0,2420,1,1
47552,4,9,2,47552,490754857,490886955,132098,14,4,9,0,0,0,0,2420,1,1
47553,4,9,4,47553,490901729,490923703,21974,1,0,0,0,0,0,0,2420,1,1
47554,4,9,3,47554,490938479,490985767,47288,4,1,2,0,0,0,0,2420,1,1
47555,4,9,3,47555,491000539,491040339,39800,3,0,2,0,0,0,0,2420,1,1
47556,4,9,0,47556,491055119,491132242,77123,8,5,2,0,0,0,0,2420,1,1
47557,4,9,1,47557,491147025,491225605,78580,8,4,3,0,0,0,0,2420,1,1
47558,4,9,1,47558,491240393,491287693,47300,4,1,2,0,0,0,0,2420,1,1
47559,4,9,0,47559,491302477,491331933,29456,2,1,0,0,0,0,0,2420,1,1
47560,4,9,0,47560,491346724,491368705,21981,1,0,0,0,0,0,0,2420,1,1
47561,4,9,1,47561,491383496,491405489,21993,1,0,0,0,0,0,0,2420,1,1
47562,4,9,1,47562,491420285,491498913,78628,8,4,3,0,0,0,0,2420,1,1
47563,4,9,0,47563,491513709,491629594,115885,13,9,3,0,0,0,0,2420,1,1
47564,4,9,4,47564,491644393,491748252,103859,11,5,5,0,0,0,0,2420,1,1
47565,4,9,2,47565,491763038,491860867,97829,10,3,6,0,0,0,0,2420,1,1
47566,4,9,3,47566,491875656,491960252,84596,9,6,2,0,0,0,0,2420,1,1
47567,4,9,3,47567,491975036,491997005,21969,1,0,0,0,0,0,0,2420,1,1
47568,4,9,0,47568,492011790,492076896,65106,6,1,4,0,0,0,0,2420,1,1
47569,4,9,1,47569,492091684,492121158,29474,2,1,0,0,0,0,0,2420,1,1
47570,4,9,0,47570,492135958,492157939,21981,1,0,0,0,0,0,0,2420,1,1
47571,4,9,2,47571,492172727,492226031,53304,5,3,1,0,0,0,0,2420,1,1
47572,4,9,0,47572,492240815,492271719,30904,2,0,1,0,0,0,0,2420,1,1
47573,4,9,1,47573,492286510,492332341,45831,4,2,1,0,0,0,0,2420,1,1
47574,4,9,4,47574,492347140,492386936,39796,3,0,2,0,0,0,0,2420,1,1
47575,4,9,1,47575,492401716,492431174,29458,2,1,0,0,0,0,0,2420,1,1
47576,4,9,4,47576,492445973,492517083,71110,7,3,3,0,0,0,0,2420,1,1
47577,4,9,4,47577,492531863,492553836,21973,1,0,0,0,0,0,0,2420,1,1
47578,4,9,1,47578,492568619,492696334,127715,14,7,6,0,0,0,0,2420,1,1
47579,4,9,1,47579,492711128,492748085,36957,3,2,0,0,0,0,0,2420,1,1
47580,4,9,1,47580,492762884,492799788,36904,3,2,0,0,0,0,0,2420,1,1
47581,4,9,2,47581,492814583,492915579,100996,11,7,3,0,0,0,0,2420,1,1
47582,4,9,1,47582,492930365,492976201,45836,4,2,1,0,0,0,0,2420,1,1
47583,4,9,3,47583,492990992,493036812,45820,4,2,1,0,0,0,0,2420,1,1
47584,4,9,4,47584,493051595,493073565,21970,1,0,0,0,0,0,0,2420,1,1
47585,4,9,2,47585,493088345,493125243,36898,3,2,0,0,0,0,0,2420,1,1
47586,4,9,0,47586,493140027,493169470,29443,2,1,0,0,0,0,0,2420,1,1
47587,4,9,2,47587,493184262,493228630,44368,4,3,0,0,0,0,0,2420,1,1
47588,4,9,1,47588,493243418,493272879,29461,2,1,0,0,0,0,0,2420,1,1
47589,4,9,4,47589,493287670,493324573,36903,3,2,0,0,0,0,0,2420,1,1
47590,4,9,1,47590,493339357,493361346,21989,1,0,0,0,0,0,0,2420,1,1
47591,4,9,1,47591,493376142,493413085,36943,3,2,0,0,0,0,0,2420,1,1
47592,4,9,0,47592,493427881,493449862,21981,1,0,0,0,0,0,0,2420,1,1
47593,4,9,1,47593,493464646,493510515,45869,4,2,1,0,0,0,0,2420,1,1
47594,4,9,3,47594,493525307,493554722,29415,2,1,0,0,0,0,0,2420,1,1
47595,4,9,0,47595,493569494,493644972,75478,7,0,6,0,0,0,0,2420,1,1
47596,4,9,2,47596,493659756,493681721,21965,1,0,0,0,0,0,0,2420,1,1
47597,4,9,4,47597,493696497,493782487,85990,9,5,3,0,0,0,0,2420,1,1
47598,4,9,2,47598,493797266,493920573,123307,14,10,3,0,0,0,0,2420,1,1
47599,4,9,2,47599,493935353,493957323,21970,1,0,0,0,0,0,0,2420,1,1
47600,4,9,3,47600,493972098,494026824,54726,5,2,2,0,0,0,0,2420,1,1
47601,4,9,2,47601,494041596,494063569,21973,1,0,0,0,0,0,0,2420,1,1
47602,4,9,0,47602,494078346,494124170,45824,4,2,1,0,0,0,0,2420,1,1
47603,4,9,3,47603,494138950,494202596,63646,6,2,3,0,0,0,0,2420,1,1
47604,4,9,1,47604,494217376,494296022,78646,8,4,3,0,0,0,0,2420,1,1
47605,4,9,3,47605,494310806,494340233,29427,2,1,0,0,0,0,0,2420,1,1
47606,4,9,0,47606,494355013,494385897,30884,2,0,1,0,0,0,0,2420,1,1
47607,4,9,2,47607,494400676,494678971,278295,33,20,12,0,0,0,0,2420,1,1
47608,4,9,0,47608,494693756,494755955,62199,6,3,2,0,0,0,0,2420,1,1
47609,4,9,2,47609,494770735,494822581,51846,5,4,0,0,0,0,0,2420,1,1
47610,4,9,0,47610,494837360,494919107,81747,9,8,0,0,0,0,0,2420,1,1
47611,4,9,4,47611,494933891,494963329,29438,2,1,0,0,0,0,0,2420,1,1
47612,4,9,1,47612,494978104,495041795,63691,6,2,3,0,0,0,0,2420,1,1
47613,4,9,3,47613,495056582,495086012,29430,2,1,0,0,0,0,0,2420,1,1
47614,4,9,0,47614,495100787,495162975,62188,6,3,2,0,0,0,0,2420,1,1
47615,4,9,3,47615,495177754,495262313,84559,9,6,2,0,0,0,0,2420,1,1
47616,4,9,0,47616,495277092,495321458,44366,4,3,0,0,0,0,0,2420,1,1
47617,4,9,1,47617,495336242,495380634,44392,4,3,0,0,0,0,0,2420,1,1
47618,4,9,2,47618,495395426,495417391,21965,1,0,0,0,0,0,0,2420,1,1
47619,4,9,0,47619,495432164,495470550,38386,3,1,1,0,0,0,0,2420,1,1
47620,4,9,0,47620,495485338,495516243,30905,2,0,1,0,0,0,0,2420,1,1
47621,4,9,0,47621,495531022,495560470,29448,2,1,0,0,0,0,0,2420,1,1
47622,4,9,4,47622,495575259,495621098,45839,4,2,1,0,0,0,0,2420,1,1
47623,4,9,2,47623,495635873,495700950,65077,6,1,4,0,0,0,0,2420,1,1
47624,4,9,2,47624,495715734,495737699,21965,1,0,0,0,0,0,0,2420,1,1
47625,4,9,4,47625,495752471,495781911,29440,2,1,0,0,0,0,0,2420,1,1
47626,4,9,4,47626,495796691,495835042,38351,3,1,1,0,0,0,0,2420,1,1
47627,4,9,2,47627,495849814,495879242,29428,2,1,0,0,0,0,0,2420,1,1
47628,4,9,0,47628,495894021,495995050,101029,11,7,3,0,0,0,0,2420,1,1
47629,4,9,3,47629,496009833,496080932,71099,7,3,3,0,0,0,0,2420,1,1
47630,4,9,2,47630,496095712,496135522,39810,3,0,2,0,0,0,0,2420,1,1
47631,4,9,2,47631,496150294,496188638,38344,3,1,1,0,0,0,0,2420,1,1
47632,4,9,0,47632,496203417,496232882,29465,2,1,0,0,0,0,0,2420,1,1
47633,4,9,0,47633,496247662,496269647,21985,1,0,0,0,0,0,0,2420,1,1
47634,4,9,3,47634,496284435,496313867,29432,2,1,0,0,0,0,0,2420,1,1
47635,4,9,0,47635,496328638,496350624,21986,1,0,0,0,0,0,0,2420,1,1
47636,4,9,3,47636,496365411,496396278,30867,2,0,1,0,0,0,0,2420,1,1
47637,4,9,0,47637,496411050,496450847,39797,3,0,2,0,0,0,0,2420,1,1
47638,4,9,3,47638,496465635,496609742,144107,16,8,7,0,0,0,0,2420,1,1
47639,4,9,4,47639,496624521,496662860,38339,3,1,1,0,0,0,0,2420,1,1
47640,4,9,2,47640,496677635,496724927,47292,4,1,2,0,0,0,0,2420,1,1
47641,4,9,1,47641,496739698,496761691,21993,1,0,0,0,0,0,0,2420,1,1
47642,4,9,2,47642,496776483,496829791,53308,5,3,1,0,0,0,0,2420,1,1
47643,4,9,2,47643,496844566,496920207,75641,7,1,4,0,1,0,0,2420,1,1
47644,4,9,4,47644,496934983,497035967,100984,11,7,3,0,0,0,0,2420,1,1
47645,4,9,3,47645,497050741,497081622,30881,2,0,1,0,0,0,0,2420,1,1
47646,4,9,4,47646,497096402,497225570,129168,14,6,7,0,0,0,0,2420,1,1
47647,4,9,2,47647,497240345,497262314,21969,1,0,0,0,0,0,0,2420,1,1
47648,4,9,2,47648,497277093,497340736,63643,6,2,3,0,0,0,0,2420,1,1
47649,4,9,1,47649,497355511,497417752,62241,6,3,2,0,0,0,0,2420,1,1
47650,4,9,4,47650,497432540,497503688,71148,7,3,3,0,0,0,0,2420,1,1
47651,4,9,2,47651,497518460,497562811,44351,4,3,0,0,0,0,0,2420,1,1
47652,4,9,3,47652,497577586,497686000,108414,12,8,3,0,0,0,0,2420,1,1
47653,4,9,3,47653,497700774,497825545,124771,14,9,4,0,0,0,0,2420,1,1
47654,4,9,2,47654,497840324,497862289,21965,1,0,0,0,0,0,0,2420,1,1
47655,4,9,2,47655,497877064,497930394,53330,5,3,1,0,0,0,0,2420,1,1
47656,4,9,1,47656,497945174,497983541,38367,3,1,1,0,0,0,0,2420,1,1
47657,4,9,2,47657,497998325,498035211,36886,3,2,0,0,0,0,0,2420,1,1
47658,4,9,0,47658,498049991,498079438,29447,2,1,0,0,0,0,0,2420,1,1
47659,4,9,3,47659,498094221,498116191,21970,1,0,0,0,0,0,0,2420,1,1
47660,4,9,0,47660,498130970,498170797,39827,3,0,2,0,0,0,0,2420,1,1
47661,4,9,3,47661,498185580,498207550,21970,1,0,0,0,0,0,0,2420,1,1
47662,4,9,0,47662,498222329,498463275,240946,28,15,12,0,0,0,0,2420,1,1
47663,4,9,1,47663,498478061,498541776,63715,6,2,3,0,0,0,0,2420,1,1
47664,4,9,4,47664,498556572,498587471,30899,2,0,1,0,0,0,0,2420,1,1
47665,4,9,2,47665,498602242,498648075,45833,4,2,1,0,0,0,0,2420,1,1
47666,4,9,1,47666,498662859,498693768,30909,2,0,1,0,0,0,0,2420,1,1
47667,4,9,2,47667,498708551,498730521,21970,1,0,0,0,0,0,0,2420,1,1
47668,4,9,2,47668,498745305,498767270,21965,1,0,0,0,0,0,0,2420,1,1
47669,4,9,4,47669,498782041,498812924,30883,2,0,1,0,0,0,0,2420,1,1
47670,4,9,2,47670,498827703,498857146,29443,2,1,0,0,0,0,0,2420,1,1
47671,4,9,2,47671,498871919,498901347,29428,2,1,0,0,0,0,0,2420,1,1
47672,4,9,1,47672,498916130,499028958,112828,12,5,6,0,0,0,0,2420,1,1
47673,4,9,2,47673,499043749,499080656,36907,3,2,0,0,0,0,0,2420,1,1
47674,4,9,4,47674,499095439,499117404,21965,1,0,0,0,0,0,0,2420,1,1
47675,4,9,4,47675,499132177,499154149,21972,1,0,0,0,0,0,0,2420,1,1
47676,4,9,3,47676,499168930,499199808,30878,2,0,1,0,0,0,0,2420,1,1
47677,4,9,3,47677,499214583,499258943,44360,4,3,0,0,0,0,0,2420,1,1
47678,4,9,0,47678,499273726,499318082,44356,4,3,0,0,0,0,0,2420,1,1
47679,4,9,2,47679,499332865,499354835,21970,1,0,0,0,0,0,0,2420,1,1
47680,4,9,4,47680,499369614,499422922,53308,5,3,1,0,0,0,0,2420,1,1
47681,4,9,1,47681,499437694,499497022,59328,6,5,0,0,0,0,0,2420,1,1
47682,4,9,4,47682,499511813,499542710,30897,2,0,1,0,0,0,0,2420,1,1
47683,4,9,0,47683,499557485,499604772,47287,4,1,2,0,0,0,0,2420,1,1
47684,4,9,1,47684,499619561,499732391,112830,12,5,6,0,0,0,0,2420,1,1
47685,4,9,1,47685,499747182,499778104,30922,2,0,1,0,0,0,0,2420,1,1
47686,4,9,3,47686,499792896,499823771,30875,2,0,1,0,0,0,0,2420,1,1
47687,4,9,3,47687,499838543,499875474,36931,3,2,0,0,0,0,0,2420,1,1
47688,4,9,4,47688,499890253,499953886,63633,6,2,3,0,0,0,0,2420,1,1
47689,4,9,2,47689,499968658,500015907,47249,4,1,2,0,0,0,0,2420,1,1
47690,4,9,4,47690,500030686,500098941,68255,7,5,1,0,0,0,0,2420,1,1
47691,4,9,3,47691,500113716,500158092,44376,4,3,0,0,0,0,0,2420,1,1
47692,4,9,2,47692,500172875,500218709,45834,4,2,1,0,0,0,0,2420,1,1
47693,4,9,4,47693,500233485,500288220,54735,5,2,2,0,0,0,0,2420,1,1
47694,4,9,2,47694,500303003,500324969,21966,1,0,0,0,0,0,0,2420,1,1
47695,4,9,2,47695,500339740,500369164,29424,2,1,0,0,0,0,0,2420,1,1
47696,4,9,4,47696,500383948,500413364,29416,2,1,0,0,0,0,0,2420,1,1
47697,4,9,2,47697,500428135,500473986,45851,4,2,1,0,0,0,0,2420,1,1
47698,4,9,4,47698,500488766,500518192,29426,2,1,0,0,0,0,0,2420,1,1
47699,4,9,2,47699,500532968,500604142,71174,7,3,3,0,0,0,0,2420,1,1
47700,4,9,0,47700,500618922,500673670,54748,5,2,2,0,0,0,0,2420,1,1
47701,4,9,3,47701,500688450,500732850,44400,4,3,0,0,0,0,0,2420,1,1
47702,4,9,0,47702,500747629,500769610,21981,1,0,0,0,0,0,0,2420,1,1
47703,4,9,2,47703,500784394,500806364,21970,1,0,0,0,0,0,0,2420,1,1
47704,4,9,1,47704,500821143,500874452,53309,5,3,1,0,0,0,0,2420,1,1
47705,4,9,1,47705,500889236,500911229,21993,1,0,0,0,0,0,0,2420,1,1
47706,4,9,2,47706,500926025,500995676,69651,7,4,2,0,0,0,0,2420,1,1
47707,4,9,2,47707,501010447,501032417,21970,1,0,0,0,0,0,0,2420,1,1
47708,4,9,0,47708,501047200,501084112,36912,3,2,0,0,0,0,0,2420,1,1
47709,4,9,2,47709,501098892,501137266,38374,3,1,1,0,0,0,0,2420,1,1
47710,4,9,2,47710,501152046,501174013,21967,1,0,0,0,0,0,0,2420,1,1
47711,4,9,4,47711,501188785,501264448,75663,8,6,1,0,0,0,0,2420,1,1
47712,4,9,1,47712,501279227,501310147,30920,2,0,1,0,0,0,0,2420,1,1
47713,4,9,2,47713,501324934,501378201,53267,5,3,1,0,0,0,0,2420,1,1
47714,4,9,0,47714,501392983,501453717,60734,6,4,1,0,0,0,0,2420,1,1
47715,4,9,3,47715,501468497,501593370,124873,14,9,4,0,0,0,0,2420,1,1
47716,4,9,1,47716,501608153,501752513,144360,17,14,2,0,0,0,0,2420,1,1
47717,4,9,1,47717,501767305,501816093,48788,4,0,3,0,0,0,0,2420,1,1
47718,4,9,1,47718,501830885,501861774,30889,2,0,1,0,0,0,0,2420,1,1
47719,4,9,0,47719,501876562,501898547,21985,1,0,0,0,0,0,0,2420,1,1
47720,4,9,2,47720,501913338,502020235,106897,11,4,5,0,1,0,0,2420,1,1
47721,4,9,3,47721,502035010,502056979,21969,1,0,0,0,0,0,0,2420,1,1
47722,4,9,4,47722,502071759,502110115,38356,3,1,1,0,0,0,0,2420,1,1
47723,4,9,0,47723,502124890,502194554,69664,7,4,2,0,0,0,0,2420,1,1
47724,4,9,0,47724,502209341,502262604,53263,5,3,1,0,0,0,0,2420,1,1
47725,4,9,2,47725,502277388,502329213,51825,5,4,0,0,0,0,0,2420,1,1
47726,4,9,0,47726,502343997,502428578,84581,9,6,2,0,0,0,0,2420,1,1
47727,4,9,4,47727,502443361,502495208,51847,5,4,0,0,0,0,0,2420,1,1
47728,4,9,0,47728,502509988,502591444,81456,8,2,5,0,0,0,0,2420,1,1
47729,4,9,0,47729,502606227,502643137,36910,3,2,0,0,0,0,0,2420,1,1
47730,4,9,2,47730,502657924,502714099,56175,5,1,3,0,0,0,0,2420,1,1
47731,4,9,2,47731,502728872,502783613,54741,5,2,2,0,0,0,0,2420,1,1
47732,4,9,1,47732,502798393,502935079,136686,15,7,7,0,0,0,0,2420,1,1
47733,4,9,2,47733,502949864,503053770,103906,11,5,5,0,0,0,0,2420,1,1
47734,4,9,3,47734,503068552,503163487,94935,10,5,4,0,0,0,0,2420,1,1
47735,4,9,4,47735,503178262,503234474,56212,5,1,3,0,0,0,0,2420,1,1
47736,4,9,4,47736,503249254,503293604,44350,4,3,0,0,0,0,0,2420,1,1
47737,4,9,4,47737,503308376,503339255,30879,2,0,1,0,0,0,0,2420,1,1
47738,4,9,2,47738,503354038,503376003,21965,1,0,0,0,0,0,0,2420,1,1
47739,4,9,0,47739,503390775,503412763,21988,1,0,0,0,0,0,0,2420,1,1
47740,4,9,4,47740,503427551,503489775,62224,6,3,2,0,0,0,0,2420,1,1
47741,4,9,3,47741,503504551,503534002,29451,2,1,0,0,0,0,0,2420,1,1
47742,4,9,2,47742,503548782,503671914,123132,13,4,8,0,0,0,0,2420,1,1
47743,4,9,1,47743,503686692,503726501,39809,3,0,2,0,0,0,0,2420,1,1
47744,4,9,0,47744,503741292,503828794,87502,9,4,4,0,0,0,0,2420,1,1
47745,4,9,1,47745,503843578,503865571,21993,1,0,0,0,0,0,0,2420,1,1
47746,4,9,4,47746,503880362,503933643,53281,5,3,1,0,0,0,0,2420,1,1
47747,4,9,0,47747,503948415,503979320,30905,2,0,1,0,0,0,0,2420,1,1
47748,4,9,3,47748,503994112,504016076,21964,1,0,0,0,0,0,0,2420,1,1
47749,4,9,1,47749,504030848,504061747,30899,2,0,1,0,0,0,0,2420,1,1
47750,4,9,0,47750,504076543,504098524,21981,1,0,0,0,0,0,0,2420,1,1
47751,4,9,1,47751,504113307,504135301,21994,1,0,0,0,0,0,0,2420,1,1
47752,4,9,0,47752,504150092,504172073,21981,1,0,0,0,0,0,0,2420,1,1
47753,4,9,2,47753,504186857,504339874,153017,17,8,8,0,0,0,0,2420,1,1
47754,4,9,3,47754,504354660,504407964,53304,5,3,1,0,0,0,0,2420,1,1
47755,4,9,3,47755,504422736,504467085,44349,4,3,0,0,0,0,0,2420,1,1
47756,4,9,3,47756,504481865,504503835,21970,1,0,0,0,0,0,0,2420,1,1
47757,4,9,1,47757,504518606,504540599,21993,1,0,0,0,0,0,0,2420,1,1
47758,4,9,2,47758,504555395,504577360,21965,1,0,0,0,0,0,0,2420,1,1
47759,4,9,0,47759,504592131,504621582,29451,2,1,0,0,0,0,0,2420,1,1
47760,4,9,3,47760,504636374,504674735,38361,3,1,1,0,0,0,0,2420,1,1
47761,4,9,0,47761,504689507,504718949,29442,2,1,0,0,0,0,0,2420,1,1
47762,4,9,0,47762,504733741,504795939,62198,6,3,2,0,0,0,0,2420,1,1
47763,4,9,3,47763,504810718,504855098,44380,4,3,0,0,0,0,0,2420,1,1
47764,4,9,0,47764,504869879,504899336,29457,2,1,0,0,0,0,0,2420,1,1
47765,4,9,0,47765,504914119,504968871,54752,5,2,2,0,0,0,0,2420,1,1
47766,4,9,4,47766,504983663,505069682,86019,9,5,3,0,0,0,0,2420,1,1
47767,4,9,3,47767,505084458,505113885,29427,2,1,0,0,0,0,0,2420,1,1
47768,4,9,4,47768,505128665,505183381,54716,5,2,2,0,0,0,0,2420,1,1
47769,4,9,1,47769,505198154,505314058,115904,13,9,3,0,0,0,0,2420,1,1
47770,4,9,4,47770,505328853,505414870,86017,9,5,3,0,0,0,0,2420,1,1
47771,4,9,4,47771,505429642,505482941,53299,5,3,1,0,0,0,0,2420,1,1
47772,4,9,3,47772,505497721,505585197,87476,9,4,4,0,0,0,0,2420,1,1
47773,4,9,3,47773,505599968,505629387,29419,2,1,0,0,0,0,0,2420,1,1
47774,4,9,2,47774,505644170,505666133,21963,1,0,0,0,0,0,0,2420,1,1
47775,4,9,3,47775,505680905,505710339,29434,2,1,0,0,0,0,0,2420,1,1
47776,4,9,3,47776,505725123,505769465,44342,4,3,0,0,0,0,0,2420,1,1
47777,4,9,2,47777,505784241,505824037,39796,3,0,2,0,0,0,0,2420,1,1
47778,4,9,0,47778,505838817,505860798,21981,1,0,0,0,0,0,0,2420,1,1
47779,4,9,0,47779,505875582,505922880,47298,4,1,2,0,0,0,0,2420,1,1
47780,4,9,3,47780,505937668,505976012,38344,3,1,1,0,0,0,0,2420,1,1
47781,4,9,4,47781,505990784,506055886,65102,6,1,4,0,0,0,0,2420,1,1
47782,4,9,2,47782,506070666,506092631,21965,1,0,0,0,0,0,0,2420,1,1
47783,4,9,3,47783,506107406,506177059,69653,7,4,2,0,0,0,0,2420,1,1
47784,4,9,3,47784,506191838,506221253,29415,2,1,0,0,0,0,0,2420,1,1
47785,4,9,3,47785,506236025,506328078,92053,10,7,2,0,0,0,0,2420,1,1
47786,4,9,3,47786,506342855,506396162,53307,5,3,1,0,0,0,0,2420,1,1
47787,4,9,3,47787,506410929,506432902,21973,1,0,0,0,0,0,0,2420,1,1
47788,4,9,4,47788,506447674,506526249,78575,8,4,3,0,0,0,0,2420,1,1
47789,4,9,4,47789,506541016,506579367,38351,3,1,1,0,0,0,0,2420,1,1
47790,4,9,0,47790,506594143,506631079,36936,3,2,0,0,0,0,0,2420,1,1
47791,4,9,4,47791,506645859,506685840,39981,3,1,0,0,1,0,0,2420,1,1
47792,4,9,2,47792,506700607,506809026,108419,12,8,3,0,0,0,0,2420,1,1
47793,4,9,3,47793,506823800,506845770,21970,1,0,0,0,0,0,0,2420,1,1
47794,4,9,1,47794,506860541,506889982,29441,2,1,0,0,0,0,0,2420,1,1
47795,4,9,0,47795,506904766,506926751,21985,1,0,0,0,0,0,0,2420,1,1
47796,4,9,4,47796,506941531,506963500,21969,1,0,0,0,0,0,0,2420,1,1
47797,4,9,2,47797,506978268,507082152,103884,11,5,5,0,0,0,0,2420,1,1
47798,4,9,0,47798,507096930,507118912,21982,1,0,0,0,0,0,0,2420,1,1
47799,4,9,0,47799,507133692,507219920,86228,9,6,1,0,1,0,0,2420,1,1
47800,4,9,3,47800,507234700,507281953,47253,4,1,2,0,0,0,0,2420,1,1
47801,4,9,3,47801,507296725,507335090,38365,3,1,1,0,0,0,0,2420,1,1
47802,4,9,3,47802,507349861,507379299,29438,2,1,0,0,0,0,0,2420,1,1
47803,4,9,3,47803,507394071,507502497,108426,12,8,3,0,0,0,0,2420,1,1
47804,4,9,1,47804,507517276,507563134,45858,4,2,1,0,0,0,0,2420,1,1
47805,4,9,1,47805,507577913,507625213,47300,4,1,2,0,0,0,0,2420,1,1
47806,4,9,4,47806,507639996,507661962,21966,1,0,0,0,0,0,0,2420,1,1
47807,4,9,2,47807,507676733,507723989,47256,4,1,2,0,0,0,0,2420,1,1
47808,4,9,2,47808,507738761,507775657,36896,3,2,0,0,0,0,0,2420,1,1
47809,4,9,1,47809,507790424,507836248,45824,4,2,1,0,0,0,0,2420,1,1
47810,4,9,0,47810,507851032,507898322,47290,4,1,2,0,0,0,0,2420,1,1
47811,4,9,4,47811,507913100,508063198,150098,17,10,6,0,0,0,0,2420,1,1
47812,4,9,4,47812,508077974,508123788,45814,4,2,1,0,0,0,0,2420,1,1
47813,4,9,0,47813,508138555,508178400,39845,3,0,2,0,0,0,0,2420,1,1
47814,4,9,0,47814,508193180,508222641,29461,2,1,0,0,0,0,0,2420,1,1
47815,4,9,3,47815,508237420,508368079,130659,14,5,8,0,0,0,0,2420,1,1
47816,4,9,4,47816,508382861,508404827,21966,1,0,0,0,0,0,0,2420,1,1
47817,4,9,3,47817,508419595,508450494,30899,2,0,1,0,0,0,0,2420,1,1
47818,4,9,1,47818,508465270,508487260,21990,1,0,0,0,0,0,0,2420,1,1
47819,4,9,0,47819,508502039,508541861,39822,3,0,2,0,0,0,0,2420,1,1
47820,4,9,3,47820,508556644,508614260,57616,5,0,4,0,0,0,0,2420,1,1
47821,4,9,1,47821,508629028,508683812,54784,5,2,2,0,0,0,0,2420,1,1
47822,4,9,4,47822,508698596,508728033,29437,2,1,0,0,0,0,0,2420,1,1
47823,4,9,2,47823,508742805,508813930,71125,7,3,3,0,0,0,0,2420,1,1
47824,4,9,2,47824,508828702,508884861,56159,5,1,3,0,0,0,0,2420,1,1
47825,4,9,1,47825,508899629,508921622,21993,1,0,0,0,0,0,0,2420,1,1
47826,4,9,1,47826,508936410,509038815,102405,11,6,4,0,0,0,0,2420,1,1
47827,4,9,0,47827,509053601,509083069,29468,2,1,0,0,0,0,0,2420,1,1
47828,4,9,3,47828,509097848,509134734,36886,3,2,0,0,0,0,0,2420,1,1
47829,4,9,0,47829,509149501,509186449,36948,3,2,0,0,0,0,0,2420,1,1
47830,4,9,1,47830,509201228,509230687,29459,2,1,0,0,0,0,0,2420,1,1
47831,4,9,1,47831,509245470,509411992,166522,19,11,7,0,0,0,0,2420,1,1
47832,4,9,0,47832,509426785,509448766,21981,1,0,0,0,0,0,0,2420,1,1
47833,4,9,3,47833,509463545,509518262,54717,5,2,2,0,0,0,0,2420,1,1
47834,4,9,3,47834,509533037,509587770,54733,5,2,2,0,0,0,0,2420,1,1
47835,4,9,0,47835,509602538,509664765,62227,6,3,2,0,0,0,0,2420,1,1
47836,4,9,3,47836,509679545,509755238,75693,8,6,1,0,0,0,0,2420,1,1
47837,4,9,1,47837,509770005,509791999,21994,1,0,0,0,0,0,0,2420,1,1
47838,4,9,2,47838,509806786,509886807,80021,8,3,4,0,0,0,0,2420,1,1
47839,4,9,2,47839,509901575,509939928,38353,3,1,1,0,0,0,0,2420,1,1
47840,4,9,1,47840,509954703,509976693,21990,1,0,0,0,0,0,0,2420,1,1
47841,4,9,2,47841,509991472,510013446,21974,1,0,0,0,0,0,0,2420,1,1
47842,4,9,1,47842,510028217,510091868,63651,6,2,3,0,0,0,0,2420,1,1
47843,4,9,0,47843,510106651,510195645,88994,9,3,5,0,0,0,0,2420,1,1
47844,4,9,3,47844,510210424,510250233,39809,3,0,2,0,0,0,0,2420,1,1
47845,4,9,4,47845,510265005,510342140,77135,8,5,2,0,0,0,0,2420,1,1
47846,4,9,1,47846,510356917,510387831,30914,2,0,1,0,0,0,0,2420,1,1
47847,4,9,2,47847,510402611,510484124,81513,8,2,5,0,0,0,0,2420,1,1
47848,4,9,0,47848,510498899,510529789,30890,2,0,1,0,0,0,0,2420,1,1
47849,4,9,4,47849,510544568,510644113,99545,11,8,2,0,0,0,0,2420,1,1
47850,4,9,0,47850,510658886,510680867,21981,1,0,0,0,0,0,0,2420,1,1
47851,4,9,0,47851,510695646,510717631,21985,1,0,0,0,0,0,0,2420,1,1
47852,4,9,1,47852,510732411,510769308,36897,3,2,0,0,0,0,0,2420,1,1
47853,4,9,4,47853,510784092,510844816,60724,6,4,1,0,0,0,0,2420,1,1
47854,4,9,0,47854,510859588,510956027,96439,10,4,5,0,0,0,0,2420,1,1
47855,4,9,2,47855,510970804,511076115,105311,11,4,6,0,0,0,0,2420,1,1
47856,4,9,3,47856,511090890,511127817,36927,3,2,0,0,0,0,0,2420,1,1
47857,4,9,3,47857,511142584,511180935,38351,3,1,1,0,0,0,0,2420,1,1
47858,4,9,4,47858,511195711,511217676,21965,1,0,0,0,0,0,0,2420,1,1
47859,4,9,3,47859,511232444,511299234,66790,7,6,0,0,0,0,0,2420,1,1
47860,4,9,2,47860,511314009,511343423,29414,2,1,0,0,0,0,0,2420,1,1
47861,4,9,2,47861,511358191,511380160,21969,1,0,0,0,0,0,0,2420,1,1
47862,4,9,2,47862,511394936,511464618,69682,7,4,2,0,0,0,0,2420,1,1
47863,4,9,0,47863,511479386,511551971,72585,7,2,4,0,0,0,0,2420,1,1
47864,4,9,0,47864,511566755,511605106,38351,3,1,1,0,0,0,0,2420,1,1
47865,4,9,3,47865,511619881,511641850,21969,1,0,0,0,0,0,0,2420,1,1
47866,4,9,3,47866,511656626,511686074,29448,2,1,0,0,0,0,0,2420,1,1
47867,4,9,1,47867,511700841,511788353,87512,9,4,4,0,0,0,0,2420,1,1
47868,4,9,1,47868,511803140,511832597,29457,2,1,0,0,0,0,0,2420,1,1
47869,4,9,0,47869,511847381,511878283,30902,2,0,1,0,0,0,0,2420,1,1
47870,4,9,0,47870,511893064,511915045,21981,1,0,0,0,0,0,0,2420,1,1
47871,4,9,4,47871,511929823,511969643,39820,3,0,2,0,0,0,0,2420,1,1
47872,4,9,0,47872,511984419,512054132,69713,7,4,2,0,0,0,0,2420,1,1
47873,4,9,2,47873,512068908,512090878,21970,1,0,0,0,0,0,0,2420,1,1
47874,4,9,4,47874,512105654,512175308,69654,7,4,2,0,0,0,0,2420,1,1
47875,4,9,4,47875,512190076,512234434,44358,4,3,0,0,0,0,0,2420,1,1
47876,4,9,1,47876,512249206,512271195,21989,1,0,0,0,0,0,0,2420,1,1
47877,4,9,2,47877,512285978,512307947,21969,1,0,0,0,0,0,0,2420,1,1
47878,4,9,1,47878,512322719,512359628,36909,3,2,0,0,0,0,0,2420,1,1
47879,4,9,0,47879,512374412,512396397,21985,1,0,0,0,0,0,0,2420,1,1
47880,4,9,0,47880,512411180,512433166,21986,1,0,0,0,0,0,0,2420,1,1
47881,4,9,0,47881,512447942,512469927,21985,1,0,0,0,0,0,0,2420,1,1
47882,4,9,3,47882,512484711,512576596,91885,9,1,7,0,0,0,0,2420,1,1
47883,4,9,0,47883,512591364,512613354,21990,1,0,0,0,0,0,0,2420,1,1
47884,4,9,3,47884,512628134,512650100,21966,1,0,0,0,0,0,0,2420,1,1
47885,4,9,4,47885,512664872,512716722,51850,5,4,0,0,0,0,0,2420,1,1
47886,4,9,4,47886,512731493,512753463,21970,1,0,0,0,0,0,0,2420,1,1
47887,4,9,3,47887,512768230,512797650,29420,2,1,0,0,0,0,0,2420,1,1
47888,4,9,1,47888,512812422,512834415,21993,1,0,0,0,0,0,0,2420,1,1
47889,4,9,1,47889,512849195,512896493,47298,4,1,2,0,0,0,0,2420,1,1
47890,4,9,2,47890,512911276,512933246,21970,1,0,0,0,0,0,0,2420,1,1
47891,4,9,1,47891,512948014,512970007,21993,1,0,0,0,0,0,0,2420,1,1
47892,4,9,1,47892,512984795,513036622,51827,5,4,0,0,0,0,0,2420,1,1
47893,4,9,1,47893,513051401,513073398,21997,1,0,0,0,0,0,0,2420,1,1
47894,4,9,2,47894,513088182,513217342,129160,14,6,7,0,0,0,0,2420,1,1
47895,4,9,0,47895,513232112,513263005,30893,2,0,1,0,0,0,0,2420,1,1
47896,4,9,1,47896,513277785,513314696,36911,3,2,0,0,0,0,0,2420,1,1
47897,4,9,0,47897,513329475,513373847,44372,4,3,0,0,0,0,0,2420,1,1
47898,4,9,4,47898,513388627,513425498,36871,3,2,0,0,0,0,0,2420,1,1
47899,4,9,4,47899,513440266,513471146,30880,2,0,1,0,0,0,0,2420,1,1
47900,4,9,0,47900,513485921,513539247,53326,5,3,1,0,0,0,0,2420,1,1
47901,4,9,1,47901,513554026,513599880,45854,4,2,1,0,0,0,0,2420,1,1
47902,4,9,1,47902,513614668,513653040,38372,3,1,1,0,0,0,0,2420,1,1
47903,4,9,1,47903,513667819,513731499,63680,6,2,3,0,0,0,0,2420,1,1
47904,4,9,0,47904,513746287,513851599,105312,11,4,6,0,0,0,0,2420,1,1
47905,4,9,2,47905,513866381,513906215,39834,3,0,2,0,0,0,0,2420,1,1
47906,4,9,4,47906,513920988,513942957,21969,1,0,0,0,0,0,0,2420,1,1
47907,4,9,4,47907,513957725,513979695,21970,1,0,0,0,0,0,0,2420,1,1
47908,4,9,2,47908,513994471,514038844,44373,4,3,0,0,0,0,0,2420,1,1
47909,4,9,1,47909,514053615,514075608,21993,1,0,0,0,0,0,0,2420,1,1
47910,4,9,2,47910,514090392,514112357,21965,1,0,0,0,0,0,0,2420,1,1
47911,4,9,4,47911,514127129,514214701,87572,9,4,4,0,0,0,0,2420,1,1
47912,4,9,3,47912,514229477,514299115,69638,7,4,2,0,0,0,0,2420,1,1
47913,4,9,0,47913,514313887,514343331,29444,2,1,0,0,0,0,0,2420,1,1
47914,4,9,3,47914,514358110,514380076,21966,1,0,0,0,0,0,0,2420,1,1
47915,4,9,2,47915,514394848,514482319,87471,9,4,4,0,0,0,0,2420,1,1
47916,4,9,3,47916,514497095,514535437,38342,3,1,1,0,0,0,0,2420,1,1
47917,4,9,3,47917,514550205,514587124,36919,3,2,0,0,0,0,0,2420,1,1
47918,4,9,3,47918,514601895,514774415,172520,20,13,6,0,0,0,0,2420,1,1
47919,4,9,0,47919,514789187,514866294,77107,8,5,2,0,0,0,0,2420,1,1
47920,4,9,4,47920,514881074,514949232,68158,7,5,1,0,0,0,0,2420,1,1
47921,4,9,0,47921,514964004,515033689,69685,7,4,2,0,0,0,0,2420,1,1
47922,4,9,4,47922,515048469,515079355,30886,2,0,1,0,0,0,0,2420,1,1
47923,4,9,2,47923,515094126,515162333,68207,7,5,1,0,0,0,0,2420,1,1
47924,4,9,2,47924,515177109,515246780,69671,7,4,2,0,0,0,0,2420,1,1
47925,4,9,0,47925,515261548,515283537,21989,1,0,0,0,0,0,0,2420,1,1
47926,4,9,1,47926,515298317,515375437,77120,8,5,2,0,0,0,0,2420,1,1
47927,4,9,1,47927,515390216,515442084,51868,5,4,0,0,0,0,0,2420,1,1
47928,4,9,1,47928,515456872,515478862,21990,1,0,0,0,0,0,0,2420,1,1
47929,4,9,0,47929,515493645,515554438,60793,6,4,1,0,0,0,0,2420,1,1
47930,4,9,3,47930,515569218,515758103,188885,22,14,7,0,0,0,0,2420,1,1
47931,4,9,0,47931,515772876,515794861,21985,1,0,0,0,0,0,0,2420,1,1
47932,4,9,2,47932,515809641,515950869,141228,16,10,5,0,0,0,0,2420,1,1
47933,4,9,1,47933,515965646,516114169,148523,16,5,10,0,0,0,0,2420,1,1
47934,4,9,0,47934,516128958,516198661,69703,7,4,2,0,0,0,0,2420,1,1
47935,4,9,1,47935,516213440,516235434,21994,1,0,0,0,0,0,0,2420,1,1
47936,4,9,1,47936,516250217,516328821,78604,8,4,3,0,0,0,0,2420,1,1
47937,4,9,4,47937,516343605,516398367,54762,5,2,2,0,0,0,0,2420,1,1
47938,4,9,4,47938,516413140,516457513,44373,4,3,0,0,0,0,0,2420,1,1
47939,4,9,3,47939,516472281,516558297,86016,9,5,3,0,0,0,0,2420,1,1
47940,4,9,4,47940,516573072,516603954,30882,2,0,1,0,0,0,0,2420,1,1
47941,4,9,1,47941,516618722,516640710,21988,1,0,0,0,0,0,0,2420,1,1
47942,4,9,3,47942,516655497,516695323,39826,3,0,2,0,0,0,0,2420,1,1
47943,4,9,4,47943,516710091,516748436,38345,3,1,1,0,0,0,0,2420,1,1
47944,4,9,3,47944,516763216,516785182,21966,1,0,0,0,0,0,0,2420,1,1
47945,4,9,3,47945,516799949,516829393,29444,2,1,0,0,0,0,0,2420,1,1
47946,4,9,2,47946,516844169,516866133,21964,1,0,0,0,0,0,0,2420,1,1
47947,4,9,0,47947,516880901,516925318,44417,4,3,0,0,0,0,0,2420,1,1
47948,4,9,4,47948,516940098,516970966,30868,2,0,1,0,0,0,0,2420,1,1
47949,4,9,0,47949,516985738,517025559,39821,3,0,2,0,0,0,0,2420,1,1
47950,4,9,1,47950,517040339,517102570,62231,6,3,2,0,0,0,0,2420,1,1
47951,4,9,2,47951,517117353,517193007,75654,8,6,1,0,0,0,0,2420,1,1
47952,4,9,0,47952,517207778,517229759,21981,1,0,0,0,0,0,0,2420,1,1
47953,4,9,4,47953,517244539,517266508,21969,1,0,0,0,0,0,0,2420,1,1
47954,4,9,4,47954,517281280,517310705,29425,2,1,0,0,0,0,0,2420,1,1
47955,4,9,1,47955,517325476,517427874,102398,11,6,4,0,0,0,0,2420,1,1
47956,4,9,3,47956,517442660,517464625,21965,1,0,0,0,0,0,0,2420,1,1
47957,4,9,3,47957,517479393,517501362,21969,1,0,0,0,0,0,0,2420,1,1
47958,4,9,4,47958,517516138,517560506,44368,4,3,0,0,0,0,0,2420,1,1
47959,4,9,4,47959,517575278,517621090,45812,4,2,1,0,0,0,0,2420,1,1
47960,4,9,2,47960,517635866,517681692,45826,4,2,1,0,0,0,0,2420,1,1
47961,4,9,4,47961,517696464,517718433,21969,1,0,0,0,0,0,0,2420,1,1
47962,4,9,1,47962,517733208,517755198,21990,1,0,0,0,0,0,0,2420,1,1
47963,4,9,0,47963,517769977,517791962,21985,1,0,0,0,0,0,0,2420,1,1
47964,4,9,4,47964,517806745,517836176,29431,2,1,0,0,0,0,0,2420,1,1
47965,4,9,4,47965,517850944,517880372,29428,2,1,0,0,0,0,0,2420,1,1
47966,4,9,1,47966,517895149,517924596,29447,2,1,0,0,0,0,0,2420,1,1
47967,4,9,1,47967,517939375,518022360,82985,8,1,6,0,0,0,0,2420,1,1
47968,4,9,2,47968,518037147,518074030,36883,3,2,0,0,0,0,0,2420,1,1
47969,4,9,2,47969,518088798,518110767,21969,1,0,0,0,0,0,0,2420,1,1
47970,4,9,0,47970,518125542,518239788,114246,12,4,7,0,0,0,0,2420,1,1
47971,4,9,1,47971,518254570,518313904,59334,6,5,0,0,0,0,0,2420,1,1
47972,4,9,3,47972,518328687,518374514,45827,4,2,1,0,0,0,0,2420,1,1
47973,4,9,1,47973,518389281,518426198,36917,3,2,0,0,0,0,0,2420,1,1
47974,4,9,3,47974,518440982,518477883,36901,3,2,0,0,0,0,0,2420,1,1
47975,4,9,2,47975,518492652,518560881,68229,7,5,1,0,0,0,0,2420,1,1
47976,4,9,4,47976,518575661,518614017,38356,3,1,1,0,0,0,0,2420,1,1
47977,4,9,2,47977,518628789,518682052,53263,5,3,1,0,0,0,0,2420,1,1
47978,4,9,3,47978,518696832,518767932,71100,7,3,3,0,0,0,0,2420,1,1
47979,4,9,0,47979,518782703,518813603,30900,2,0,1,0,0,0,0,2420,1,1
47980,4,9,2,47980,518828387,518860889,32502,2,0,0,0,1,0,0,2420,1,1
47981,4,9,0,47981,518875660,518897650,21990,1,0,0,0,0,0,0,2420,1,1
47982,4,9,1,47982,518912433,518943329,30896,2,0,1,0,0,0,0,2420,1,1
47983,4,9,1,47983,518958113,519054577,96464,10,4,5,0,0,0,0,2420,1,1
47984,4,9,2,47984,519069368,519159793,90425,9,2,6,0,0,0,0,2420,1,1
47985,4,9,0,47985,519174568,519196558,21990,1,0,0,0,0,0,0,2420,1,1
47986,4,9,3,47986,519211341,519345019,133678,15,9,5,0,0,0,0,2420,1,1
47987,4,9,1,47987,519359793,519390710,30917,2,0,1,0,0,0,0,2420,1,1
47988,4,9,2,47988,519405502,519427467,21965,1,0,0,0,0,0,0,2420,1,1
47989,4,9,1,47989,519442239,519503014,60775,6,4,1,0,0,0,0,2420,1,1
47990,4,9,0,47990,519517802,519539783,21981,1,0,0,0,0,0,0,2420,1,1
47991,4,9,4,47991,519554567,519639163,84596,9,6,2,0,0,0,0,2420,1,1
47992,4,9,2,47992,519653943,519675908,21965,1,0,0,0,0,0,0,2420,1,1
47993,4,9,2,47993,519690679,519720127,29448,2,1,0,0,0,0,0,2420,1,1
47994,4,9,2,47994,519734907,519756872,21965,1,0,0,0,0,0,0,2420,1,1
47995,4,9,3,47995,519771643,519793621,21978,1,0,0,0,0,0,0,2420,1,1
47996,4,9,2,47996,519808398,519830363,21965,1,0,0,0,0,0,0,2420,1,1
47997,4,9,0,47997,519845140,519867129,21989,1,0,0,0,0,0,0,2420,1,1
47998,4,9,4,47998,519881913,519929172,47259,4,1,2,0,0,0,0,2420,1,1
47999,4,9,1,47999,519943948,519965945,21997,1,0,0,0,0,0,0,2420,1,1
48000,4,8,1,48000,519980732,520010136,29404,2,1,0,0,0,0,0,2420,1,1
48001,4,8,2,48001,520025178,520063290,38112,3,1,1,0,0,0,0,2420,1,1
48002,4,8,2,48002,520078110,520122209,44099,4,3,0,0,0,0,0,2420,1,1
48003,4,8,0,48003,520137059,520158792,21733,1,0,0,0,0,0,0,2420,1,1
48004,4,8,1,48004,520173631,520202812,29181,2,1,0,0,0,0,0,2420,1,1
48005,4,8,0,48005,520217628,520263208,45580,4,2,1,0,0,0,0,2420,1,1
48006,4,8,1,48006,520278028,520299748,21720,1,0,0,0,0,0,0,2420,1,1
48007,4,8,2,48007,520314568,520360169,45601,4,2,1,0,0,0,0,2420,1,1
48008,4,8,3,48008,520374993,520405631,30638,2,0,1,0,0,0,0,2420,1,1
48009,4,8,3,48009,520420470,520466027,45557,4,2,1,0,0,0,0,2420,1,1
48010,4,8,3,48010,520480882,520511525,30643,2,0,1,0,0,0,0,2420,1,1
48011,4,8,0,48011,520526381,520618217,91836,10,7,2,0,0,0,0,2420,1,1
48012,4,8,4,48012,520633061,520672622,39561,3,0,2,0,0,0,0,2420,1,1
48013,4,8,4,48013,520687445,520724060,36615,3,2,0,0,0,0,0,2420,1,1
48014,4,8,4,48014,520738899,520783013,44114,4,3,0,0,0,0,0,2420,1,1
48015,4,8,2,48015,520797832,520819561,21729,1,0,0,0,0,0,0,2420,1,1
48016,4,8,2,48016,520834405,520871072,36667,3,2,0,0,0,0,0,2420,1,1
48017,4,8,0,48017,520885927,520925481,39554,3,0,2,0,0,0,0,2420,1,1
48018,4,8,1,48018,520940317,521032157,91840,10,7,2,0,0,0,0,2420,1,1
48019,4,8,4,48019,521046982,521120939,73957,7,2,3,0,1,0,0,2420,1,1
48020,4,8,4,48020,521135763,521173837,38074,3,1,1,0,0,0,0,2420,1,1
48021,4,8,4,48021,521188676,521258069,69393,7,4,2,0,0,0,0,2420,1,1
48022,4,8,4,48022,521272892,521343720,70828,7,3,3,0,0,0,0,2420,1,1
48023,4,8,2,48023,521358558,521420472,61914,6,3,2,0,0,0,0,2420,1,1
48024,4,8,1,48024,521435296,521457028,21732,1,0,0,0,0,0,0,2420,1,1
48025,4,8,4,48025,521471864,521493581,21717,1,0,0,0,0,0,0,2420,1,1
48026,4,8,1,48026,521508401,521545057,36656,3,2,0,0,0,0,0,2420,1,1
48027,4,8,0,48027,521559896,521604043,44147,4,3,0,0,0,0,0,2420,1,1
48028,4,8,3,48028,521618862,521665845,46983,4,1,2,0,0,0,0,2420,1,1
48029,4,8,0,48029,521680665,521711324,30659,2,0,1,0,0,0,0,2420,1,1
48030,4,8,2,48030,521726167,521779210,53043,5,3,1,0,0,0,0,2420,1,1
48031,4,8,4,48031,521794034,521815758,21724,1,0,0,0,0,0,0,2420,1,1
48032,4,8,1,48032,521830594,521941704,111110,12,6,5,0,0,0,0,2420,1,1
48033,4,8,1,48033,521956550,521996099,39549,3,0,2,0,0,0,0,2420,1,1
48034,4,8,1,48034,522010920,522049023,38103,3,1,1,0,0,0,0,2420,1,1
48035,4,8,0,48035,522063846,522094501,30655,2,0,1,0,0,0,0,2420,1,1
48036,4,8,4,48036,522109320,522162371,53051,5,3,1,0,0,0,0,2420,1,1
48037,4,8,4,48037,522177194,522198898,21704,1,0,0,0,0,0,0,2420,1,1
48038,4,8,2,48038,522213741,522268212,54471,5,2,2,0,0,0,0,2420,1,1
48039,4,8,3,48039,522283035,522304756,21721,1,0,0,0,0,0,0,2420,1,1
48040,4,8,1,48040,522319595,522348800,29205,2,1,0,0,0,0,0,2420,1,1
48041,4,8,4,48041,522363644,522416683,53039,5,3,1,0,0,0,0,2420,1,1
48042,4,8,3,48042,522431503,522468167,36664,3,2,0,0,0,0,0,2420,1,1
48043,4,8,4,48043,522483011,522555290,72279,7,2,4,0,0,0,0,2420,1,1
48044,4,8,3,48044,522570125,522617194,47069,4,1,2,0,0,0,0,2420,1,1
48045,4,8,0,48045,522632033,522653770,21737,1,0,0,0,0,0,0,2420,1,1
48046,4,8,0,48046,522668605,522690333,21728,1,0,0,0,0,0,0,2420,1,1
48047,4,8,4,48047,522705157,522726873,21716,1,0,0,0,0,0,0,2420,1,1
48048,4,8,2,48048,522741693,522849726,108033,11,2,8,0,0,0,0,2420,1,1
48049,4,8,0,48049,522864572,522902675,38103,3,1,1,0,0,0,0,2420,1,1
48050,4,8,0,48050,522917513,523006258,88745,9,3,5,0,0,0,0,2420,1,1
48051,4,8,1,48051,523021078,523059155,38077,3,1,1,0,0,0,0,2420,1,1
48052,4,8,2,48052,523073979,523244563,170584,19,8,10,0,0,0,0,2420,1,1
48053,4,8,0,48053,523259389,523296091,36702,3,2,0,0,0,0,0,2420,1,1
48054,4,8,0,48054,523310926,523332654,21728,1,0,0,0,0,0,0,2420,1,1
48055,4,8,4,48055,523347476,523369193,21717,1,0,0,0,0,0,0,2420,1,1
48056,4,8,4,48056,523384016,523456464,72448,7,3,2,0,1,0,0,2420,1,1
48057,4,8,2,48057,523471303,523500469,29166,2,1,0,0,0,0,0,2420,1,1
48058,4,8,3,48058,523515293,523577278,61985,6,3,2,0,0,0,0,2420,1,1
48059,4,8,2,48059,523592117,523630222,38105,3,1,1,0,0,0,0,2420,1,1
48060,4,8,2,48060,523645071,523754723,109652,12,7,4,0,0,0,0,2420,1,1
48061,4,8,1,48061,523769578,523798759,29181,2,1,0,0,0,0,0,2420,1,1
48062,4,8,2,48062,523813598,523909794,96196,10,4,5,0,0,0,0,2420,1,1
48063,4,8,3,48063,523924619,523946339,21720,1,0,0,0,0,0,0,2420,1,1
48064,4,8,0,48064,523961178,524014253,53075,5,3,1,0,0,0,0,2420,1,1
48065,4,8,3,48065,524029092,524050808,21716,1,0,0,0,0,0,0,2420,1,1
48066,4,8,0,48066,524065632,524127589,61957,6,3,2,0,0,0,0,2420,1,1
48067,4,8,3,48067,524142429,524164150,21721,1,0,0,0,0,0,0,2420,1,1
48068,4,8,2,48068,524178969,524270761,91792,10,7,2,0,0,0,0,2420,1,1
48069,4,8,4,48069,524285610,524341516,55906,5,1,3,0,0,0,0,2420,1,1
48070,4,8,2,48070,524356356,524407921,51565,5,4,0,0,0,0,0,2420,1,1
48071,4,8,0,48071,524422765,524453424,30659,2,0,1,0,0,0,0,2420,1,1
48072,4,8,3,48072,524468259,524554068,85809,9,5,3,0,0,0,0,2420,1,1
48073,4,8,4,48073,524568887,524590608,21721,1,0,0,0,0,0,0,2420,1,1
48074,4,8,2,48074,524605451,524627175,21724,1,0,0,0,0,0,0,2420,1,1
48075,4,8,0,48075,524642010,524672651,30641,2,0,1,0,0,0,0,2420,1,1
48076,4,8,4,48076,524687490,524743424,55934,5,1,3,0,0,0,0,2420,1,1
48077,4,8,2,48077,524758244,524796341,38097,3,1,1,0,0,0,0,2420,1,1
48078,4,8,3,48078,524811180,524931313,120133,13,7,4,0,1,0,0,2420,1,1
48079,4,8,4,48079,524946158,524967878,21720,1,0,0,0,0,0,0,2420,1,1
48080,4,8,4,48080,524982717,525055045,72328,7,2,4,0,0,0,0,2420,1,1
48081,4,8,4,48081,525069880,525108001,38121,3,1,1,0,0,0,0,2420,1,1
48082,4,8,3,48082,525122828,525174425,51597,5,4,0,0,0,0,0,2420,1,1
48083,4,8,0,48083,525189260,525210996,21736,1,0,0,0,0,0,0,2420,1,1
48084,4,8,0,48084,525225840,525330890,105050,11,4,6,0,0,0,0,2420,1,1
48085,4,8,3,48085,525345717,525452483,106766,12,9,2,0,0,0,0,2420,1,1
48086,4,8,1,48086,525467309,525512861,45552,4,2,1,0,0,0,0,2420,1,1
48087,4,8,3,48087,525527700,525582173,54473,5,2,2,0,0,0,0,2420,1,1
48088,4,8,2,48088,525596996,525627626,30630,2,0,1,0,0,0,0,2420,1,1
48089,4,8,0,48089,525642468,525689508,47040,4,1,2,0,0,0,0,2420,1,1
48090,4,8,2,48090,525704348,525791599,87251,9,4,4,0,0,0,0,2420,1,1
48091,4,8,2,48091,525806423,525837071,30648,2,0,1,0,0,0,0,2420,1,1
48092,4,8,4,48092,525851922,525965883,113961,12,4,7,0,0,0,0,2420,1,1
48093,4,8,3,48093,525980721,526081603,100882,11,8,1,0,1,0,0,2420,1,1
48094,4,8,3,48094,526096450,526118154,21704,1,0,0,0,0,0,0,2420,1,1
48095,4,8,4,48095,526133009,526162195,29186,2,1,0,0,0,0,0,2420,1,1
48096,4,8,2,48096,526177038,526198763,21725,1,0,0,0,0,0,0,2420,1,1
48097,4,8,3,48097,526213602,526244225,30623,2,0,1,0,0,0,0,2420,1,1
48098,4,8,4,48098,526259064,526352312,93248,10,6,3,0,0,0,0,2420,1,1
48099,4,8,4,48099,526367157,526423062,55905,5,1,3,0,0,0,0,2420,1,1
48100,4,8,4,48100,526437897,526467050,29153,2,1,0,0,0,0,0,2420,1,1
48101,4,8,4,48101,526481874,526512487,30613,2,0,1,0,0,0,0,2420,1,1
48102,4,8,0,48102,526527326,526563956,36630,3,2,0,0,0,0,0,2420,1,1
48103,4,8,3,48103,526578779,526607957,29178,2,1,0,0,0,0,0,2420,1,1
48104,4,8,0,48104,526622781,526719019,96238,10,4,5,0,0,0,0,2420,1,1
48105,4,8,3,48105,526733864,526807622,73758,7,1,5,0,0,0,0,2420,1,1
48106,4,8,3,48106,526822441,526844150,21709,1,0,0,0,0,0,0,2420,1,1
48107,4,8,2,48107,526859006,526912060,53054,5,3,1,0,0,0,0,2420,1,1
48108,4,8,4,48108,526926903,526948627,21724,1,0,0,0,0,0,0,2420,1,1
48109,4,8,4,48109,526963466,527017932,54466,5,2,2,0,0,0,0,2420,1,1
48110,4,8,2,48110,527032775,527054484,21709,1,0,0,0,0,0,0,2420,1,1
48111,4,8,1,48111,527069304,527105937,36633,3,2,0,0,0,0,0,2420,1,1
48112,4,8,3,48112,527120772,527200565,79793,8,3,4,0,0,0,0,2420,1,1
48113,4,8,2,48113,527215389,527268416,53027,5,3,1,0,0,0,0,2420,1,1
48114,4,8,3,48114,527283264,527319903,36639,3,2,0,0,0,0,0,2420,1,1
48115,4,8,4,48115,527334746,527372870,38124,3,1,1,0,0,0,0,2420,1,1
48116,4,8,2,48116,527387709,527494512,106803,12,9,2,0,0,0,0,2420,1,1
48117,4,8,4,48117,527509351,527547471,38120,3,1,1,0,0,0,0,2420,1,1
48118,4,8,0,48118,527562312,527609333,47021,4,1,2,0,0,0,0,2420,1,1
48119,4,8,2,48119,527624176,527707091,82915,9,7,1,0,0,0,0,2420,1,1
48120,4,8,3,48120,527721910,527751083,29173,2,1,0,0,0,0,0,2420,1,1
48121,4,8,0,48121,527765926,527804045,38119,3,1,1,0,0,0,0,2420,1,1
48122,4,8,3,48122,527818885,527863004,44119,4,3,0,0,0,0,0,2420,1,1
48123,4,8,2,48123,527877824,527899549,21725,1,0,0,0,0,0,0,2420,1,1
48124,4,8,0,48124,527914396,527943604,29208,2,1,0,0,0,0,0,2420,1,1
48125,4,8,4,48125,527958440,528014347,55907,5,1,3,0,0,0,0,2420,1,1
48126,4,8,3,48126,528029166,528058341,29175,2,1,0,0,0,0,0,2420,1,1
48127,4,8,3,48127,528073184,528147107,73923,8,7,0,0,0,0,0,2420,1,1
48128,4,8,1,48128,528161958,528183695,21737,1,0,0,0,0,0,0,2420,1,1
48129,4,8,2,48129,528198534,528306526,107992,11,2,8,0,0,0,0,2420,1,1
48130,4,8,4,48130,528321348,528350525,29177,2,1,0,0,0,0,0,2420,1,1
48131,4,8,1,48131,528365364,528387096,21732,1,0,0,0,0,0,0,2420,1,1
48132,4,8,4,48132,528401935,528431120,29185,2,1,0,0,0,0,0,2420,1,1
48133,4,8,3,48133,528445944,528491500,45556,4,2,1,0,0,0,0,2420,1,1
48134,4,8,3,48134,528506343,528536953,30610,2,0,1,0,0,0,0,2420,1,1
48135,4,8,4,48135,528551804,528616699,64895,6,1,4,0,0,0,0,2420,1,1
48136,4,8,0,48136,528631539,528684603,53064,5,3,1,0,0,0,0,2420,1,1
48137,4,8,2,48137,528699434,528721150,21716,1,0,0,0,0,0,0,2420,1,1
48138,4,8,1,48138,528735973,528766628,30655,2,0,1,0,0,0,0,2420,1,1
48139,4,8,3,48139,528781459,528818098,36639,3,2,0,0,0,0,0,2420,1,1
48140,4,8,1,48140,528832921,528958930,126009,14,8,5,0,0,0,0,2420,1,1
48141,4,8,1,48141,528973772,529050659,76887,8,5,2,0,0,0,0,2420,1,1
48142,4,8,4,48142,529065483,529118520,53037,5,3,1,0,0,0,0,2420,1,1
48143,4,8,1,48143,529133339,529162516,29177,2,1,0,0,0,0,0,2420,1,1
48144,4,8,0,48144,529177359,529206555,29196,2,1,0,0,0,0,0,2420,1,1
48145,4,8,1,48145,529221370,529277265,55895,5,1,3,0,0,0,0,2420,1,1
48146,4,8,4,48146,529292085,529313798,21713,1,0,0,0,0,0,0,2420,1,1
48147,4,8,4,48147,529328613,529350313,21700,1,0,0,0,0,0,0,2420,1,1
48148,4,8,0,48148,529365157,529461287,96130,10,4,5,0,0,0,0,2420,1,1
48149,4,8,4,48149,529476109,529497821,21712,1,0,0,0,0,0,0,2420,1,1
48150,4,8,1,48150,529512641,529549294,36653,3,2,0,0,0,0,0,2420,1,1
48151,4,8,2,48151,529564133,529617153,53020,5,3,1,0,0,0,0,2420,1,1
48152,4,8,3,48152,529631973,529662599,30626,2,0,1,0,0,0,0,2420,1,1
48153,4,8,2,48153,529677438,529714073,36635,3,2,0,0,0,0,0,2420,1,1
48154,4,8,1,48154,529728916,529775949,47033,4,1,2,0,0,0,0,2420,1,1
48155,4,8,0,48155,529790780,529828900,38120,3,1,1,0,0,0,0,2420,1,1
48156,4,8,3,48156,529843724,529865437,21713,1,0,0,0,0,0,0,2420,1,1
48157,4,8,0,48157,529880252,529927311,47059,4,1,2,0,0,0,0,2420,1,1
48158,4,8,3,48158,529942150,529987685,45535,4,2,1,0,0,0,0,2420,1,1
48159,4,8,1,48159,530002500,530049549,47049,4,1,2,0,0,0,0,2420,1,1
48160,4,8,3,48160,530064392,530095025,30633,2,0,1,0,0,0,0,2420,1,1
48161,4,8,2,48161,530109840,530146494,36654,3,2,0,0,0,0,0,2420,1,1
48162,4,8,1,48162,530161338,530238230,76892,8,5,2,0,0,0,0,2420,1,1
48163,4,8,3,48163,530253064,530429639,176575,20,10,9,0,0,0,0,2420,1,1
48164,4,8,1,48164,530444467,530466195,21728,1,0,0,0,0,0,0,2420,1,1
48165,4,8,1,48165,530481031,530502747,21716,1,0,0,0,0,0,0,2420,1,1
48166,4,8,4,48166,530517570,530548202,30632,2,0,1,0,0,0,0,2420,1,1
48167,4,8,0,48167,530563019,530618985,55966,5,1,3,0,0,0,0,2420,1,1
48168,4,8,3,48168,530633827,530662994,29167,2,1,0,0,0,0,0,2420,1,1
48169,4,8,4,48169,530677810,530730821,53011,5,3,1,0,0,0,0,2420,1,1
48170,4,8,2,48170,530745664,530800138,54474,5,2,2,0,0,0,0,2420,1,1
48171,4,8,2,48171,530814974,530860527,45553,4,2,1,0,0,0,0,2420,1,1
48172,4,8,4,48172,530875382,530897102,21720,1,0,0,0,0,0,0,2420,1,1
48173,4,8,3,48173,530911933,530973887,61954,6,3,2,0,0,0,0,2420,1,1
48174,4,8,4,48174,530988726,531010442,21716,1,0,0,0,0,0,0,2420,1,1
48175,4,8,2,48175,531025277,531079751,54474,5,2,2,0,0,0,0,2420,1,1
48176,4,8,4,48176,531094596,531116316,21720,1,0,0,0,0,0,0,2420,1,1
48177,4,8,3,48177,531131147,531152867,21720,1,0,0,0,0,0,0,2420,1,1
48178,4,8,1,48178,531167707,531220735,53028,5,3,1,0,0,0,0,2420,1,1
48179,4,8,2,48179,531235572,531281109,45537,4,2,1,0,0,0,0,2420,1,1
48180,4,8,3,48180,531295932,531325126,29194,2,1,0,0,0,0,0,2420,1,1
48181,4,8,1,48181,531339961,531392973,53012,5,3,1,0,0,0,0,2420,1,1
48182,4,8,1,48182,531407813,531437001,29188,2,1,0,0,0,0,0,2420,1,1
48183,4,8,3,48183,531451817,531534675,82858,9,7,1,0,0,0,0,2420,1,1
48184,4,8,0,48184,531549494,531694979,145485,17,13,3,0,0,0,0,2420,1,1
48185,4,8,2,48185,531709819,531756866,47047,4,1,2,0,0,0,0,2420,1,1
48186,4,8,3,48186,531771686,531793407,21721,1,0,0,0,0,0,0,2420,1,1
48187,4,8,4,48187,531808243,531898623,90380,10,8,1,0,0,0,0,2420,1,1
48188,4,8,4,48188,531913468,531942634,29166,2,1,0,0,0,0,0,2420,1,1
48189,4,8,4,48189,531957469,532017964,60495,6,4,1,0,0,0,0,2420,1,1
48190,4,8,3,48190,532032792,532096220,63428,6,2,3,0,0,0,0,2420,1,1
48191,4,8,2,48191,532111051,532173037,61986,6,3,2,0,0,0,0,2420,1,1
48192,4,8,4,48192,532187880,532251276,63396,6,2,3,0,0,0,0,2420,1,1
48193,4,8,4,48193,532266111,532304214,38103,3,1,1,0,0,0,0,2420,1,1
48194,4,8,3,48194,532319053,532424102,105049,11,4,6,0,0,0,0,2420,1,1
48195,4,8,0,48195,532438920,532514326,75406,7,1,4,0,1,0,0,2420,1,1
48196,4,8,2,48196,532529165,532559808,30643,2,0,1,0,0,0,0,2420,1,1
48197,4,8,4,48197,532574628,532596348,21720,1,0,0,0,0,0,0,2420,1,1
48198,4,8,4,48198,532611183,532641823,30640,2,0,1,0,0,0,0,2420,1,1
48199,4,8,4,48199,532656662,532693288,36626,3,2,0,0,0,0,0,2420,1,1
48200,4,8,2,48200,532708108,532755124,47016,4,1,2,0,0,0,0,2420,1,1
48201,4,8,4,48201,532769960,532799145,29185,2,1,0,0,0,0,0,2420,1,1
48202,4,8,1,48202,532813984,532860986,47002,4,1,2,0,0,0,0,2420,1,1
48203,4,8,1,48203,532875825,532960194,84369,9,6,2,0,0,0,0,2420,1,1
48204,4,8,3,48204,532975018,532996727,21709,1,0,0,0,0,0,0,2420,1,1
48205,4,8,2,48205,533011542,533033267,21725,1,0,0,0,0,0,0,2420,1,1
48206,4,8,3,48206,533048110,533157718,109608,12,7,4,0,0,0,0,2420,1,1
48207,4,8,4,48207,533172557,533259797,87240,9,4,4,0,0,0,0,2420,1,1
48208,4,8,3,48208,533274640,533345529,70889,7,3,3,0,0,0,0,2420,1,1
48209,4,8,1,48209,533360360,533440139,79779,8,3,4,0,0,0,0,2420,1,1
48210,4,8,3,48210,533454982,533491619,36637,3,2,0,0,0,0,0,2420,1,1
48211,4,8,0,48211,533506439,533592253,85814,9,5,3,0,0,0,0,2420,1,1
48212,4,8,2,48212,533607097,533670495,63398,6,2,3,0,0,0,0,2420,1,1
48213,4,8,0,48213,533685316,533739781,54465,5,2,2,0,0,0,0,2420,1,1
48214,4,8,3,48214,533754620,533785235,30615,2,0,1,0,0,0,0,2420,1,1
48215,4,8,1,48215,533800051,533839774,39723,3,1,0,0,1,0,0,2420,1,1
48216,4,8,3,48216,533854618,534084847,230229,27,16,10,0,0,0,0,2420,1,1
48217,4,8,4,48217,534099668,534167654,67986,7,5,1,0,0,0,0,2420,1,1
48218,4,8,0,48218,534182494,534204226,21732,1,0,0,0,0,0,0,2420,1,1
48219,4,8,4,48219,534219057,534288486,69429,7,4,2,0,0,0,0,2420,1,1
48220,4,8,3,48220,534303310,534339948,36638,3,2,0,0,0,0,0,2420,1,1
48221,4,8,0,48221,534354787,534385424,30637,2,0,1,0,0,0,0,2420,1,1
48222,4,8,4,48222,534400260,534421971,21711,1,0,0,0,0,0,0,2420,1,1
48223,4,8,2,48223,534436791,534491246,54455,5,2,2,0,0,0,0,2420,1,1
48224,4,8,0,48224,534506090,534605403,99313,11,8,2,0,0,0,0,2420,1,1
48225,4,8,1,48225,534620236,534641957,21721,1,0,0,0,0,0,0,2420,1,1
48226,4,8,3,48226,534656780,534700862,44082,4,3,0,0,0,0,0,2420,1,1
48227,4,8,2,48227,534715682,534737402,21720,1,0,0,0,0,0,0,2420,1,1
48228,4,8,4,48228,534752245,534827676,75431,8,6,1,0,0,0,0,2420,1,1
48229,4,8,3,48229,534842507,534904493,61986,6,3,2,0,0,0,0,2420,1,1
48230,4,8,3,48230,534919333,534941033,21700,1,0,0,0,0,0,0,2420,1,1
48231,4,8,4,48231,534955884,534986517,30633,2,0,1,0,0,0,0,2420,1,1
48232,4,8,4,48232,535001357,535045452,44095,4,3,0,0,0,0,0,2420,1,1
48233,4,8,2,48233,535060287,535216086,155799,18,12,5,0,0,0,0,2420,1,1
48234,4,8,4,48234,535230914,535269028,38114,3,1,1,0,0,0,0,2420,1,1
48235,4,8,1,48235,535283867,535329460,45593,4,2,1,0,0,0,0,2420,1,1
48236,4,8,1,48236,535344304,535406180,61876,6,3,2,0,0,0,0,2420,1,1
48237,4,8,3,48237,535421000,535442704,21704,1,0,0,0,0,0,0,2420,1,1
48238,4,8,1,48238,535457527,535553844,96317,10,5,3,0,1,0,0,2420,1,1
48239,4,8,2,48239,535568684,535623148,54464,5,2,2,0,0,0,0,2420,1,1
48240,4,8,0,48240,535637968,535705909,67941,7,5,1,0,0,0,0,2420,1,1
48241,4,8,4,48241,535720745,535742453,21708,1,0,0,0,0,0,0,2420,1,1
48242,4,8,4,48242,535757276,535796779,39503,3,0,2,0,0,0,0,2420,1,1
48243,4,8,4,48243,535811618,535909180,97562,10,3,6,0,0,0,0,2420,1,1
48244,4,8,1,48244,535924006,535960658,36652,3,2,0,0,0,0,0,2420,1,1
48245,4,8,0,48245,535975501,536004683,29182,2,1,0,0,0,0,0,2420,1,1
48246,4,8,3,48246,536019503,536121681,102178,11,6,4,0,0,0,0,2420,1,1
48247,4,8,3,48247,536136508,536189533,53025,5,3,1,0,0,0,0,2420,1,1
48248,4,8,2,48248,536204393,536328968,124575,14,9,4,0,0,0,0,2420,1,1
48249,4,8,1,48249,536343814,536390845,47031,4,1,2,0,0,0,0,2420,1,1
48250,4,8,4,48250,536405685,536436310,30625,2,0,1,0,0,0,0,2420,1,1
48251,4,8,1,48251,536451129,536487760,36631,3,2,0,0,0,0,0,2420,1,1
48252,4,8,0,48252,536502599,536524318,21719,1,0,0,0,0,0,0,2420,1,1
48253,4,8,0,48253,536539137,536560858,21721,1,0,0,0,0,0,0,2420,1,1
48254,4,8,3,48254,536575682,536597390,21708,1,0,0,0,0,0,0,2420,1,1
48255,4,8,4,48255,536612209,536650291,38082,3,1,1,0,0,0,0,2420,1,1
48256,4,8,0,48256,536665134,536727050,61916,6,3,2,0,0,0,0,2420,1,1
48257,4,8,1,48257,536741885,536763605,21720,1,0,0,0,0,0,0,2420,1,1
48258,4,8,2,48258,536778425,536800134,21709,1,0,0,0,0,0,0,2420,1,1
48259,4,8,1,48259,536814957,536851602,36645,3,2,0,0,0,0,0,2420,1,1
48260,4,8,2,48260,536866442,536970042,103600,11,5,5,0,0,0,0,2420,1,1
48261,4,8,2,48261,536984869,537021499,36630,3,2,0,0,0,0,0,2420,1,1
48262,4,8,0,48262,537036355,537058083,21728,1,0,0,0,0,0,0,2420,1,1
48263,4,8,1,48263,537072922,537176572,103650,11,5,5,0,0,0,0,2420,1,1
48264,4,8,0,48264,537191394,537230958,39564,3,0,2,0,0,0,0,2420,1,1
48265,4,8,3,48265,537245777,537274938,29161,2,1,0,0,0,0,0,2420,1,1
48266,4,8,4,48266,537289758,537350257,60499,6,4,1,0,0,0,0,2420,1,1
48267,4,8,1,48267,537365097,537428522,63425,6,2,3,0,0,0,0,2420,1,1
48268,4,8,2,48268,537443362,537527754,84392,9,6,2,0,0,0,0,2420,1,1
48269,4,8,0,48269,537542569,537595650,53081,5,3,1,0,0,0,0,2420,1,1
48270,4,8,0,48270,537610485,537654604,44119,4,3,0,0,0,0,0,2420,1,1
48271,4,8,2,48271,537669420,537698584,29164,2,1,0,0,0,0,0,2420,1,1
48272,4,8,4,48272,537713407,537784225,70818,7,3,3,0,0,0,0,2420,1,1
48273,4,8,0,48273,537799056,537902703,103647,11,5,5,0,0,0,0,2420,1,1
48274,4,8,0,48274,537917549,537972027,54478,5,2,2,0,0,0,0,2420,1,1
48275,4,8,4,48275,537986846,538075555,88709,9,3,5,0,0,0,0,2420,1,1
48276,4,8,4,48276,538090374,538168680,78306,8,4,3,0,0,0,0,2420,1,1
48277,4,8,2,48277,538183519,538212695,29176,2,1,0,0,0,0,0,2420,1,1
48278,4,8,0,48278,538227517,538265607,38090,3,1,1,0,0,0,0,2420,1,1
48279,4,8,3,48279,538280439,538317092,36653,3,2,0,0,0,0,0,2420,1,1
48280,4,8,4,48280,538331912,538376011,44099,4,3,0,0,0,0,0,2420,1,1
48281,4,8,0,48281,538390846,538509356,118510,13,7,5,0,0,0,0,2420,1,1
48282,4,8,2,48282,538524199,538583249,59050,6,5,0,0,0,0,0,2420,1,1
48283,4,8,3,48283,538598065,538649583,51518,5,4,0,0,0,0,0,2420,1,1
48284,4,8,0,48284,538664427,538736737,72310,7,2,4,0,0,0,0,2420,1,1
48285,4,8,0,48285,538751572,538821019,69447,7,4,2,0,0,0,0,2420,1,1
48286,4,8,2,48286,538835843,538891935,56092,5,2,1,0,1,0,0,2420,1,1
48287,4,8,3,48287,538906755,538937394,30639,2,0,1,0,0,0,0,2420,1,1
48288,4,8,1,48288,538952233,538973965,21732,1,0,0,0,0,0,0,2420,1,1
48289,4,8,0,48289,538988801,539010521,21720,1,0,0,0,0,0,0,2420,1,1
48290,4,8,1,48290,539025345,539085832,60487,6,4,1,0,0,0,0,2420,1,1
48291,4,8,3,48291,539100647,539129838,29191,2,1,0,0,0,0,0,2420,1,1
48292,4,8,2,48292,539144662,539166382,21720,1,0,0,0,0,0,0,2420,1,1
48293,4,8,3,48293,539181221,539210397,29176,2,1,0,0,0,0,0,2420,1,1
48294,4,8,0,48294,539225240,539263342,38102,3,1,1,0,0,0,0,2420,1,1
48295,4,8,0,48295,539278177,539332645,54468,5,2,2,0,0,0,0,2420,1,1
48296,4,8,1,48296,539347468,539387026,39558,3,0,2,0,0,0,0,2420,1,1
48297,4,8,1,48297,539401842,539423562,21720,1,0,0,0,0,0,0,2420,1,1
48298,4,8,4,48298,539438382,539555509,117127,13,8,4,0,0,0,0,2420,1,1
48299,4,8,0,48299,539570328,539615946,45618,4,2,1,0,0,0,0,2420,1,1
48300,4,8,3,48300,539630785,539756788,126003,14,8,5,0,0,0,0,2420,1,1
48301,4,8,4,48301,539771606,539852826,81220,8,2,5,0,0,0,0,2420,1,1
48302,4,8,0,48302,539867666,539914705,47039,4,1,2,0,0,0,0,2420,1,1
48303,4,8,4,48303,539929536,539985470,55934,5,1,3,0,0,0,0,2420,1,1
48304,4,8,4,48304,540000290,540021990,21700,1,0,0,0,0,0,0,2420,1,1
48305,4,8,2,48305,540036829,540089811,52982,5,3,1,0,0,0,0,2420,1,1
48306,4,8,1,48306,540104635,540126363,21728,1,0,0,0,0,0,0,2420,1,1
48307,4,8,4,48307,540141195,540162907,21712,1,0,0,0,0,0,0,2420,1,1
48308,4,8,0,48308,540177726,540215827,38101,3,1,1,0,0,0,0,2420,1,1
48309,4,8,2,48309,540230662,540270208,39546,3,0,2,0,0,0,0,2420,1,1
48310,4,8,3,48310,540285032,540363530,78498,8,5,1,0,1,0,0,2420,1,1
48311,4,8,2,48311,540378365,540408987,30622,2,0,1,0,0,0,0,2420,1,1
48312,4,8,2,48312,540423834,540445543,21709,1,0,0,0,0,0,0,2420,1,1
48313,4,8,0,48313,540460390,540489576,29186,2,1,0,0,0,0,0,2420,1,1
48314,4,8,2,48314,540504416,540651291,146875,16,7,7,0,1,0,0,2420,1,1
48315,4,8,0,48315,540666114,540696755,30641,2,0,1,0,0,0,0,2420,1,1
48316,4,8,1,48316,540711591,540757183,45592,4,2,1,0,0,0,0,2420,1,1
48317,4,8,1,48317,540771999,540825063,53064,5,3,1,0,0,0,0,2420,1,1
48318,4,8,3,48318,540839883,540931657,91774,10,7,2,0,0,0,0,2420,1,1
48319,4,8,1,48319,540946478,541072505,126027,14,8,5,0,0,0,0,2420,1,1
48320,4,8,3,48320,541087352,541125450,38098,3,1,1,0,0,0,0,2420,1,1
48321,4,8,0,48321,541140265,541223194,82929,9,7,1,0,0,0,0,2420,1,1
48322,4,8,3,48322,541238033,541268651,30618,2,0,1,0,0,0,0,2420,1,1
48323,4,8,1,48323,541283470,541351468,67998,7,5,1,0,0,0,0,2420,1,1
48324,4,8,0,48324,541366312,541402957,36645,3,2,0,0,0,0,0,2420,1,1
48325,4,8,4,48325,541417773,541448416,30643,2,0,1,0,0,0,0,2420,1,1
48326,4,8,2,48326,541463240,541499878,36638,3,2,0,0,0,0,0,2420,1,1
48327,4,8,1,48327,541514718,541561726,47008,4,1,2,0,0,0,0,2420,1,1
48328,4,8,4,48328,541576566,541605731,29165,2,1,0,0,0,0,0,2420,1,1
48329,4,8,3,48329,541620546,541649730,29184,2,1,0,0,0,0,0,2420,1,1
48330,4,8,4,48330,541664574,541765320,100746,11,7,3,0,0,0,0,2420,1,1
48331,4,8,1,48331,541780154,541831718,51564,5,4,0,0,0,0,0,2420,1,1
48332,4,8,1,48332,541846561,541868277,21716,1,0,0,0,0,0,0,2420,1,1
48333,4,8,3,48333,541883095,541934686,51591,5,4,0,0,0,0,0,2420,1,1
48334,4,8,4,48334,541949506,542069611,120105,13,7,4,0,1,0,0,2420,1,1
48335,4,8,4,48335,542084453,542106154,21701,1,0,0,0,0,0,0,2420,1,1
48336,4,8,0,48336,542120988,542176956,55968,5,1,3,0,0,0,0,2420,1,1
48337,4,8,3,48337,542191775,542228401,36626,3,2,0,0,0,0,0,2420,1,1
48338,4,8,1,48338,542243224,542290229,47005,4,1,2,0,0,0,0,2420,1,1
48339,4,8,1,48339,542305069,542334244,29175,2,1,0,0,0,0,0,2420,1,1
48340,4,8,2,48340,542349063,542370776,21713,1,0,0,0,0,0,0,2420,1,1
48341,4,8,0,48341,542385595,542414800,29205,2,1,0,0,0,0,0,2420,1,1
48342,4,8,1,48342,542429636,542482655,53019,5,3,1,0,0,0,0,2420,1,1
48343,4,8,4,48343,542497473,542519181,21708,1,0,0,0,0,0,0,2420,1,1
48344,4,8,1,48344,542534005,542563196,29191,2,1,0,0,0,0,0,2420,1,1
48345,4,8,0,48345,542578031,542599752,21721,1,0,0,0,0,0,0,2420,1,1
48346,4,8,4,48346,542614576,542712094,97518,10,3,6,0,0,0,0,2420,1,1
48347,4,8,1,48347,542726915,542836537,109622,12,7,4,0,0,0,0,2420,1,1
48348,4,8,1,48348,542851379,542889477,38098,3,1,1,0,0,0,0,2420,1,1
48349,4,8,1,48349,542904297,542940930,36633,3,2,0,0,0,0,0,2420,1,1
48350,4,8,2,48350,542955754,542977466,21712,1,0,0,0,0,0,0,2420,1,1
48351,4,8,1,48351,542992283,543110841,118558,13,7,5,0,0,0,0,2420,1,1
48352,4,8,0,48352,543125682,543147402,21720,1,0,0,0,0,0,0,2420,1,1
48353,4,8,0,48353,543162219,543183947,21728,1,0,0,0,0,0,0,2420,1,1
48354,4,8,3,48354,543198767,543227948,29181,2,1,0,0,0,0,0,2420,1,1
48355,4,8,1,48355,543242767,543271955,29188,2,1,0,0,0,0,0,2420,1,1
48356,4,8,4,48356,543286798,543342700,55902,5,1,3,0,0,0,0,2420,1,1
48357,4,8,2,48357,543357518,543499940,142422,16,9,6,0,0,0,0,2420,1,1
48358,4,8,1,48358,543514786,543544000,29214,2,1,0,0,0,0,0,2420,1,1
48359,4,8,0,48359,543558832,543596935,38103,3,1,1,0,0,0,0,2420,1,1
48360,4,8,2,48360,543611755,543633476,21721,1,0,0,0,0,0,0,2420,1,1
48361,4,8,1,48361,543648291,543677491,29200,2,1,0,0,0,0,0,2420,1,1
48362,4,8,3,48362,543692326,543728972,36646,3,2,0,0,0,0,0,2420,1,1
48363,4,8,1,48363,543743791,543799895,56104,5,2,1,0,1,0,0,2420,1,1
48364,4,8,2,48364,543814739,543836452,21713,1,0,0,0,0,0,0,2420,1,1
48365,4,8,1,48365,543851267,543920713,69446,7,4,2,0,0,0,0,2420,1,1
48366,4,8,1,48366,543935553,543972210,36657,3,2,0,0,0,0,0,2420,1,1
48367,4,8,3,48367,543987030,544017649,30619,2,0,1,0,0,0,0,2420,1,1
48368,4,8,2,48368,544032469,544071996,39527,3,0,2,0,0,0,0,2420,1,1
48369,4,8,2,48369,544086839,544138357,51518,5,4,0,0,0,0,0,2420,1,1
48370,4,8,3,48370,544153208,544183848,30640,2,0,1,0,0,0,0,2420,1,1
48371,4,8,0,48371,544198684,544220416,21732,1,0,0,0,0,0,0,2420,1,1
48372,4,8,0,48372,544235259,544315048,79789,8,3,4,0,0,0,0,2420,1,1
48373,4,8,3,48373,544329864,544417066,87202,9,4,4,0,0,0,0,2420,1,1
48374,4,8,4,48374,544431885,544462522,30637,2,0,1,0,0,0,0,2420,1,1
48375,4,8,4,48375,544477361,544531811,54450,5,2,2,0,0,0,0,2420,1,1
48376,4,8,0,48376,544546650,544568366,21716,1,0,0,0,0,0,0,2420,1,1
48377,4,8,0,48377,544583188,544612382,29194,2,1,0,0,0,0,0,2420,1,1
48378,4,8,3,48378,544627205,544733979,106774,12,9,2,0,0,0,0,2420,1,1
48379,4,8,3,48379,544748798,544777959,29161,2,1,0,0,0,0,0,2420,1,1
48380,4,8,2,48380,544792818,544847306,54488,5,2,2,0,0,0,0,2420,1,1
48381,4,8,2,48381,544862142,544901692,39550,3,0,2,0,0,0,0,2420,1,1
48382,4,8,2,48382,544916547,544968085,51538,5,4,0,0,0,0,0,2420,1,1
48383,4,8,0,48383,544982934,545004666,21732,1,0,0,0,0,0,0,2420,1,1
48384,4,8,0,48384,545019502,545048701,29199,2,1,0,0,0,0,0,2420,1,1
48385,4,8,0,48385,545063521,545110541,47020,4,1,2,0,0,0,0,2420,1,1
48386,4,8,2,48386,545125365,545172355,46990,4,1,2,0,0,0,0,2420,1,1
48387,4,8,1,48387,545187174,545264072,76898,8,5,2,0,0,0,0,2420,1,1
48388,4,8,3,48388,545278909,545300617,21708,1,0,0,0,0,0,0,2420,1,1
48389,4,8,0,48389,545315437,545346085,30648,2,0,1,0,0,0,0,2420,1,1
48390,4,8,2,48390,545360924,545399028,38104,3,1,1,0,0,0,0,2420,1,1
48391,4,8,2,48391,545413847,545443020,29173,2,1,0,0,0,0,0,2420,1,1
48392,4,8,2,48392,545457872,545488499,30627,2,0,1,0,0,0,0,2420,1,1
48393,4,8,0,48393,545503350,545556383,53033,5,3,1,0,0,0,0,2420,1,1
48394,4,8,2,48394,545571218,545648070,76852,8,5,2,0,0,0,0,2420,1,1
48395,4,8,3,48395,545662888,545693528,30640,2,0,1,0,0,0,0,2420,1,1
48396,4,8,0,48396,545708368,545739036,30668,2,0,1,0,0,0,0,2420,1,1
48397,4,8,4,48397,545753875,545815790,61915,6,3,2,0,0,0,0,2420,1,1
48398,4,8,1,48398,545830609,545885111,54502,5,2,2,0,0,0,0,2420,1,1
48399,4,8,2,48399,545899946,545938019,38073,3,1,1,0,0,0,0,2420,1,1
48400,4,8,3,48400,545952842,546004433,51591,5,4,0,0,0,0,0,2420,1,1
48401,4,8,4,48401,546019268,546049901,30633,2,0,1,0,0,0,0,2420,1,1
48402,4,8,0,48402,546064745,546095403,30658,2,0,1,0,0,0,0,2420,1,1
48403,4,8,4,48403,546110235,546185598,75363,8,6,1,0,0,0,0,2420,1,1
48404,4,8,4,48404,546200418,546256294,55876,5,1,3,0,0,0,0,2420,1,1
48405,4,8,1,48405,546271129,546356902,85773,9,5,3,0,0,0,0,2420,1,1
48406,4,8,0,48406,546371721,546420173,48452,4,0,3,0,0,0,0,2420,1,1
48407,4,8,4,48407,546434993,546474533,39540,3,0,2,0,0,0,0,2420,1,1
48408,4,8,1,48408,546489352,546558770,69418,7,4,2,0,0,0,0,2420,1,1
48409,4,8,1,48409,546573610,546602794,29184,2,1,0,0,0,0,0,2420,1,1
48410,4,8,2,48410,546617613,546654258,36645,3,2,0,0,0,0,0,2420,1,1
48411,4,8,1,48411,546669074,546714649,45575,4,2,1,0,0,0,0,2420,1,1
48412,4,8,1,48412,546729484,546777974,48490,4,0,3,0,0,0,0,2420,1,1
48413,4,8,2,48413,546792793,546869620,76827,8,5,2,0,0,0,0,2420,1,1
48414,4,8,1,48414,546884444,546913650,29206,2,1,0,0,0,0,0,2420,1,1
48415,4,8,1,48415,546928481,546959138,30657,2,0,1,0,0,0,0,2420,1,1
48416,4,8,3,48416,546973962,547010598,36636,3,2,0,0,0,0,0,2420,1,1
48417,4,8,3,48417,547025417,547087348,61931,6,3,2,0,0,0,0,2420,1,1
48418,4,8,1,48418,547102203,547149212,47009,4,1,2,0,0,0,0,2420,1,1
48419,4,8,4,48419,547164048,547243831,79783,8,3,4,0,0,0,0,2420,1,1
48420,4,8,4,48420,547258651,547296733,38082,3,1,1,0,0,0,0,2420,1,1
48421,4,8,4,48421,547311568,547349667,38099,3,1,1,0,0,0,0,2420,1,1
48422,4,8,0,48422,547364490,547393709,29219,2,1,0,0,0,0,0,2420,1,1
48423,4,8,0,48423,547408544,547470535,61991,6,3,2,0,0,0,0,2420,1,1
48424,4,8,3,48424,547485358,547515983,30625,2,0,1,0,0,0,0,2420,1,1
48425,4,8,2,48425,547530799,547568886,38087,3,1,1,0,0,0,0,2420,1,1
48426,4,8,1,48426,547583734,547620416,36682,3,2,0,0,0,0,0,2420,1,1
48427,4,8,2,48427,547635251,547656963,21712,1,0,0,0,0,0,0,2420,1,1
48428,4,8,0,48428,547671783,547709899,38116,3,1,1,0,0,0,0,2420,1,1
48429,4,8,2,48429,547724734,547807604,82870,9,7,1,0,0,0,0,2420,1,1
48430,4,8,4,48430,547822424,547844148,21724,1,0,0,0,0,0,0,2420,1,1
48431,4,8,2,48431,547858980,547938722,79742,8,3,4,0,0,0,0,2420,1,1
48432,4,8,1,48432,547953566,547982779,29213,2,1,0,0,0,0,0,2420,1,1
48433,4,8,0,48433,547997610,548058120,60510,6,4,1,0,0,0,0,2420,1,1
48434,4,8,4,48434,548072942,548134861,61919,6,3,2,0,0,0,0,2420,1,1
48435,4,8,2,48435,548149677,548171401,21724,1,0,0,0,0,0,0,2420,1,1
48436,4,8,2,48436,548186244,548207952,21708,1,0,0,0,0,0,0,2420,1,1
48437,4,8,0,48437,548222804,548253458,30654,2,0,1,0,0,0,0,2420,1,1
48438,4,8,1,48438,548268293,548357015,88722,9,3,5,0,0,0,0,2420,1,1
48439,4,8,3,48439,548371831,548409918,38087,3,1,1,0,0,0,0,2420,1,1
48440,4,8,3,48440,548424741,548537289,112548,12,5,6,0,0,0,0,2420,1,1
48441,4,8,0,48441,548552143,548603703,51560,5,4,0,0,0,0,0,2420,1,1
48442,4,8,1,48442,548618539,548741615,123076,14,10,3,0,0,0,0,2420,1,1
48443,4,8,1,48443,548756439,548819798,63359,6,2,3,0,0,0,0,2420,1,1
48444,4,8,3,48444,548834622,548863803,29181,2,1,0,0,0,0,0,2420,1,1
48445,4,8,3,48445,548878617,548909233,30616,2,0,1,0,0,0,0,2420,1,1
48446,4,8,0,48446,548924092,548986039,61947,6,3,2,0,0,0,0,2420,1,1
48447,4,8,2,48447,549000871,549059916,59045,6,5,0,0,0,0,0,2420,1,1
48448,4,8,1,48448,549074740,549096468,21728,1,0,0,0,0,0,0,2420,1,1
48449,4,8,1,48449,549111299,549171803,60504,6,4,1,0,0,0,0,2420,1,1
48450,4,8,1,48450,549186626,549215807,29181,2,1,0,0,0,0,0,2420,1,1
48451,4,8,4,48451,549230623,549252331,21708,1,0,0,0,0,0,0,2420,1,1
48452,4,8,2,48452,549267155,549354413,87258,9,4,4,0,0,0,0,2420,1,1
48453,4,8,4,48453,549369247,549632139,262892,30,12,17,0,0,0,0,2420,1,1
48454,4,8,1,48454,549646985,549683655,36670,3,2,0,0,0,0,0,2420,1,1
48455,4,8,2,48455,549698490,549735135,36645,3,2,0,0,0,0,0,2420,1,1
48456,4,8,0,48456,549749954,549797013,47059,4,1,2,0,0,0,0,2420,1,1
48457,4,8,4,48457,549811845,549848466,36621,3,2,0,0,0,0,0,2420,1,1
48458,4,8,4,48458,549863290,549902834,39544,3,0,2,0,0,0,0,2420,1,1
48459,4,8,0,48459,549917669,549939382,21713,1,0,0,0,0,0,0,2420,1,1
48460,4,8,3,48460,549954205,549975917,21712,1,0,0,0,0,0,0,2420,1,1
48461,4,8,0,48461,549990732,550034832,44100,4,3,0,0,0,0,0,2420,1,1
48462,4,8,3,48462,550049672,550086307,36635,3,2,0,0,0,0,0,2420,1,1
48463,4,8,2,48463,550101122,550122847,21725,1,0,0,0,0,0,0,2420,1,1
48464,4,8,0,48464,550137691,550233888,96197,10,4,5,0,0,0,0,2420,1,1
48465,4,8,0,48465,550248722,550310681,61959,6,3,2,0,0,0,0,2420,1,1
48466,4,8,4,48466,550325504,550356125,30621,2,0,1,0,0,0,0,2420,1,1
48467,4,8,1,48467,550370941,550458153,87212,9,4,4,0,0,0,0,2420,1,1
48468,4,8,0,48468,550472992,550576572,103580,11,5,5,0,0,0,0,2420,1,1
48469,4,8,1,48469,550591391,550675738,84347,9,6,2,0,0,0,0,2420,1,1
48470,4,8,3,48470,550690557,550824066,133509,15,9,5,0,0,0,0,2420,1,1
48471,4,8,4,48471,550838885,550860601,21716,1,0,0,0,0,0,0,2420,1,1
48472,4,8,2,48472,550875445,550950846,75401,8,6,1,0,0,0,0,2420,1,1
48473,4,8,4,48473,550965682,551018775,53093,5,3,1,0,0,0,0,2420,1,1
48474,4,8,2,48474,551033614,551095574,61960,6,3,2,0,0,0,0,2420,1,1
48475,4,8,1,48475,551110409,551166356,55947,5,1,3,0,0,0,0,2420,1,1
48476,4,8,0,48476,551181191,551210370,29179,2,1,0,0,0,0,0,2420,1,1
48477,4,8,2,48477,551225189,551264741,39552,3,0,2,0,0,0,0,2420,1,1
48478,4,8,1,48478,551279561,551301289,21728,1,0,0,0,0,0,0,2420,1,1
48479,4,8,3,48479,551316125,551346767,30642,2,0,1,0,0,0,0,2420,1,1
48480,4,8,4,48480,551361587,551463773,102186,11,6,4,0,0,0,0,2420,1,1
48481,4,8,4,48481,551478611,551553996,75385,8,6,1,0,0,0,0,2420,1,1
48482,4,8,1,48482,551568831,551659171,90340,10,8,1,0,0,0,0,2420,1,1
48483,4,8,0,48483,551673996,551719581,45585,4,2,1,0,0,0,0,2420,1,1
48484,4,8,2,48484,551734405,551756121,21716,1,0,0,0,0,0,0,2420,1,1
48485,4,8,1,48485,551770936,551849235,78299,8,4,3,0,0,0,0,2420,1,1
48486,4,8,1,48486,551864074,551902149,38075,3,1,1,0,0,0,0,2420,1,1
48487,4,8,0,48487,551916969,551946140,29171,2,1,0,0,0,0,0,2420,1,1
48488,4,8,3,48488,551960959,551982672,21713,1,0,0,0,0,0,0,2420,1,1
48489,4,8,0,48489,551997495,552041582,44087,4,3,0,0,0,0,0,2420,1,1
48490,4,8,1,48490,552056425,552085623,29198,2,1,0,0,0,0,0,2420,1,1
48491,4,8,0,48491,552100443,552147480,47037,4,1,2,0,0,0,0,2420,1,1
48492,4,8,3,48492,552162299,552192923,30624,2,0,1,0,0,0,0,2420,1,1
48493,4,8,4,48493,552207742,552263656,55914,5,1,3,0,0,0,0,2420,1,1
48494,4,8,1,48494,552278495,552300223,21728,1,0,0,0,0,0,0,2420,1,1
48495,4,8,1,48495,552315063,552345703,30640,2,0,1,0,0,0,0,2420,1,1
48496,4,8,3,48496,552360522,552382235,21713,1,0,0,0,0,0,0,2420,1,1
48497,4,8,4,48497,552397058,552418778,21720,1,0,0,0,0,0,0,2420,1,1
48498,4,8,1,48498,552433622,552505966,72344,7,2,4,0,0,0,0,2420,1,1
48499,4,8,1,48499,552520801,552542521,21720,1,0,0,0,0,0,0,2420,1,1
48500,4,8,3,48500,552557345,552587980,30635,2,0,1,0,0,0,0,2420,1,1
48501,4,8,0,48501,552602804,552642365,39561,3,0,2,0,0,0,0,2420,1,1
48502,4,8,1,48502,552657207,552695295,38088,3,1,1,0,0,0,0,2420,1,1
48503,4,8,1,48503,552710115,552731835,21720,1,0,0,0,0,0,0,2420,1,1
48504,4,8,4,48504,552746658,552768370,21712,1,0,0,0,0,0,0,2420,1,1
48505,4,8,1,48505,552783192,552867505,84313,9,6,2,0,0,0,0,2420,1,1
48506,4,8,2,48506,552882349,553000921,118572,13,7,5,0,0,0,0,2420,1,1
48507,4,8,0,48507,553015748,553037480,21732,1,0,0,0,0,0,0,2420,1,1
48508,4,8,1,48508,553052316,553106783,54467,5,2,2,0,0,0,0,2420,1,1
48509,4,8,4,48509,553121603,553243045,121442,13,5,7,0,0,0,0,2420,1,1
48510,4,8,0,48510,553257867,553322784,64917,6,1,4,0,0,0,0,2420,1,1
48511,4,8,3,48511,553337624,553472507,134883,15,8,6,0,0,0,0,2420,1,1
48512,4,8,2,48512,553487334,553523972,36638,3,2,0,0,0,0,0,2420,1,1
48513,4,8,0,48513,553538815,553623158,84343,9,6,2,0,0,0,0,2420,1,1
48514,4,8,2,48514,553637994,553668648,30654,2,0,1,0,0,0,0,2420,1,1
48515,4,8,4,48515,553683471,553720164,36693,3,2,0,0,0,0,0,2420,1,1
48516,4,8,3,48516,553735003,553773116,38113,3,1,1,0,0,0,0,2420,1,1
48517,4,8,4,48517,553787956,553826029,38073,3,1,1,0,0,0,0,2420,1,1
48518,4,8,0,48518,553840864,553951956,111092,12,6,5,0,0,0,0,2420,1,1
48519,4,8,3,48519,553966801,554013799,46998,4,1,2,0,0,0,0,2420,1,1
48520,4,8,1,48520,554028619,554112986,84367,9,6,2,0,0,0,0,2420,1,1
48521,4,8,1,48521,554127826,554189743,61917,6,3,2,0,0,0,0,2420,1,1
48522,4,8,4,48522,554204567,554250119,45552,4,2,1,0,0,0,0,2420,1,1
48523,4,8,2,48523,554264942,554294123,29181,2,1,0,0,0,0,0,2420,1,1
48524,4,8,1,48524,554308963,554330687,21724,1,0,0,0,0,0,0,2420,1,1
48525,4,8,4,48525,554345527,554367232,21705,1,0,0,0,0,0,0,2420,1,1
48526,4,8,3,48526,554382051,554433637,51586,5,4,0,0,0,0,0,2420,1,1
48527,4,8,0,48527,554448476,554470196,21720,1,0,0,0,0,0,0,2420,1,1
48528,4,8,0,48528,554485035,554506751,21716,1,0,0,0,0,0,0,2420,1,1
48529,4,8,4,48529,554521574,554726582,205008,24,15,8,0,0,0,0,2420,1,1
48530,4,8,0,48530,554741406,554779488,38082,3,1,1,0,0,0,0,2420,1,1
48531,4,8,3,48531,554794332,554816044,21712,1,0,0,0,0,0,0,2420,1,1
48532,4,8,0,48532,554830864,554901693,70829,7,3,3,0,0,0,0,2420,1,1
48533,4,8,0,48533,554916536,554960614,44078,4,3,0,0,0,0,0,2420,1,1
48534,4,8,0,48534,554975441,555029930,54489,5,2,2,0,0,0,0,2420,1,1
48535,4,8,0,48535,555044757,555066474,21717,1,0,0,0,0,0,0,2420,1,1
48536,4,8,2,48536,555081297,555111935,30638,2,0,1,0,0,0,0,2420,1,1
48537,4,8,2,48537,555126758,555148462,21704,1,0,0,0,0,0,0,2420,1,1
48538,4,8,2,48538,555163318,555192483,29165,2,1,0,0,0,0,0,2420,1,1
48539,4,8,2,48539,555207338,555251453,44115,4,3,0,0,0,0,0,2420,1,1
48540,4,8,2,48540,555266308,555310373,44065,4,3,0,0,0,0,0,2420,1,1
48541,4,8,3,48541,555325228,555378236,53008,5,3,1,0,0,0,0,2420,1,1
48542,4,8,1,48542,555393076,555423723,30647,2,0,1,0,0,0,0,2420,1,1
48543,4,8,3,48543,555438562,555500467,61905,6,3,2,0,0,0,0,2420,1,1
48544,4,8,1,48544,555515291,555568352,53061,5,3,1,0,0,0,0,2420,1,1
48545,4,8,2,48545,555583192,555636194,53002,5,3,1,0,0,0,0,2420,1,1
48546,4,8,1,48546,555651013,555672737,21724,1,0,0,0,0,0,0,2420,1,1
48547,4,8,2,48547,555687574,555709282,21708,1,0,0,0,0,0,0,2420,1,1
48548,4,8,4,48548,555724106,555772601,48495,4,0,3,0,0,0,0,2420,1,1
48549,4,8,1,48549,555787440,555809164,21724,1,0,0,0,0,0,0,2420,1,1
48550,4,8,1,48550,555824007,555854625,30618,2,0,1,0,0,0,0,2420,1,1
48551,4,8,3,48551,555869444,555949189,79745,8,3,4,0,0,0,0,2420,1,1
48552,4,8,2,48552,555964013,555993206,29193,2,1,0,0,0,0,0,2420,1,1
48553,4,8,1,48553,556008045,556038691,30646,2,0,1,0,0,0,0,2420,1,1
48554,4,8,3,48554,556053530,556166064,112534,12,5,6,0,0,0,0,2420,1,1
48555,4,8,4,48555,556180883,556218986,38103,3,1,1,0,0,0,0,2420,1,1
48556,4,8,1,48556,556233829,556313742,79913,8,4,2,0,1,0,0,2420,1,1
48557,4,8,4,48557,556328573,556359218,30645,2,0,1,0,0,0,0,2420,1,1
48558,4,8,2,48558,556374042,556436021,61979,6,3,2,0,0,0,0,2420,1,1
48559,4,8,1,48559,556450856,556472584,21728,1,0,0,0,0,0,0,2420,1,1
48560,4,8,2,48560,556487424,556516586,29162,2,1,0,0,0,0,0,2420,1,1
48561,4,8,1,48561,556531401,556553133,21732,1,0,0,0,0,0,0,2420,1,1
48562,4,8,0,48562,556567968,556606046,38078,3,1,1,0,0,0,0,2420,1,1
48563,4,8,2,48563,556620866,556642586,21720,1,0,0,0,0,0,0,2420,1,1
48564,4,8,0,48564,556657410,556696978,39568,3,0,2,0,0,0,0,2420,1,1
48565,4,8,3,48565,556711813,556782651,70838,7,3,3,0,0,0,0,2420,1,1
48566,4,8,4,48566,556797475,556834159,36684,3,2,0,0,0,0,0,2420,1,1
48567,4,8,4,48567,556848998,556919852,70854,7,3,3,0,0,0,0,2420,1,1
48568,4,8,1,48568,556934692,556956408,21716,1,0,0,0,0,0,0,2420,1,1
48569,4,8,0,48569,556971231,557009335,38104,3,1,1,0,0,0,0,2420,1,1
48570,4,8,4,48570,557024158,557060790,36632,3,2,0,0,0,0,0,2420,1,1
48571,4,8,3,48571,557075614,557195640,120026,13,6,6,0,0,0,0,2420,1,1
48572,4,8,3,48572,557210482,557279891,69409,7,4,2,0,0,0,0,2420,1,1
48573,4,8,1,48573,557294746,557396941,102195,11,6,4,0,0,0,0,2420,1,1
48574,4,8,3,48574,557411783,557590036,178253,21,15,5,0,0,0,0,2420,1,1
48575,4,8,1,48575,557604866,557635503,30637,2,0,1,0,0,0,0,2420,1,1
48576,4,8,2,48576,557650342,557765926,115584,13,9,3,0,0,0,0,2420,1,1
48577,4,8,3,48577,557780749,557884419,103670,11,5,5,0,0,0,0,2420,1,1
48578,4,8,4,48578,557899262,557938832,39570,3,0,2,0,0,0,0,2420,1,1
48579,4,8,3,48579,557953675,557990335,36660,3,2,0,0,0,0,0,2420,1,1
48580,4,8,1,48580,558005175,558034364,29189,2,1,0,0,0,0,0,2420,1,1
48581,4,8,2,48581,558049203,558179486,130283,14,5,8,0,0,0,0,2420,1,1
48582,4,8,0,48582,558194313,558216041,21728,1,0,0,0,0,0,0,2420,1,1
48583,4,8,3,48583,558230876,558276466,45590,4,2,1,0,0,0,0,2420,1,1
48584,4,8,3,48584,558291285,558347198,55913,5,1,3,0,0,0,0,2420,1,1
48585,4,8,2,48585,558362049,558424016,61967,6,3,2,0,0,0,0,2420,1,1
48586,4,8,0,48586,558438856,558476941,38085,3,1,1,0,0,0,0,2420,1,1
48587,4,8,0,48587,558491776,558529880,38104,3,1,1,0,0,0,0,2420,1,1
48588,4,8,2,48588,558544712,558596289,51577,5,4,0,0,0,0,0,2420,1,1
48589,4,8,4,48589,558611108,558632836,21728,1,0,0,0,0,0,0,2420,1,1
48590,4,8,0,48590,558647671,558669395,21724,1,0,0,0,0,0,0,2420,1,1
48591,4,8,1,48591,558684238,558746208,61970,6,3,2,0,0,0,0,2420,1,1
48592,4,8,4,48592,558761028,558812610,51582,5,4,0,0,0,0,0,2420,1,1
48593,4,8,3,48593,558827433,558849153,21720,1,0,0,0,0,0,0,2420,1,1
48594,4,8,0,48594,558863996,558885716,21720,1,0,0,0,0,0,0,2420,1,1
48595,4,8,1,48595,558900551,558969999,69448,7,4,2,0,0,0,0,2420,1,1
48596,4,8,4,48596,558984823,559043843,59020,6,5,0,0,0,0,0,2420,1,1
48597,4,8,3,48597,559058663,559119173,60510,6,4,1,0,0,0,0,2420,1,1
48598,4,8,4,48598,559134016,559181005,46989,4,1,2,0,0,0,0,2420,1,1
48599,4,8,2,48599,559195845,559266735,70890,7,3,3,0,0,0,0,2420,1,1
48600,4,8,0,48600,559281574,559334611,53037,5,3,1,0,0,0,0,2420,1,1
48601,4,8,1,48601,559349447,559485792,136345,15,7,7,0,0,0,0,2420,1,1
48602,4,8,0,48602,559500615,559546185,45570,4,2,1,0,0,0,0,2420,1,1
48603,4,8,0,48603,559561004,559582717,21713,1,0,0,0,0,0,0,2420,1,1
48604,4,8,2,48604,559597547,559650595,53048,5,3,1,0,0,0,0,2420,1,1
48605,4,8,0,48605,559665418,559687142,21724,1,0,0,0,0,0,0,2420,1,1
48606,4,8,2,48606,559701977,559723706,21729,1,0,0,0,0,0,0,2420,1,1
48607,4,8,3,48607,559738525,559784084,45559,4,2,1,0,0,0,0,2420,1,1
48608,4,8,1,48608,559798924,559828115,29191,2,1,0,0,0,0,0,2420,1,1
48609,4,8,2,48609,559842958,559864675,21717,1,0,0,0,0,0,0,2420,1,1
48610,4,8,2,48610,559879495,560014360,134865,15,8,6,0,0,0,0,2420,1,1
48611,4,8,4,48611,560029214,560082239,53025,5,3,1,0,0,0,0,2420,1,1
48612,4,8,1,48612,560097078,560199296,102218,11,6,4,0,0,0,0,2420,1,1
48613,4,8,4,48613,560214143,560243329,29186,2,1,0,0,0,0,0,2420,1,1
48614,4,8,4,48614,560258148,560296246,38098,3,1,1,0,0,0,0,2420,1,1
48615,4,8,4,48615,560311085,560417635,106550,11,3,7,0,0,0,0,2420,1,1
48616,4,8,0,48616,560432458,560510779,78321,8,4,3,0,0,0,0,2420,1,1
48617,4,8,2,48617,560525623,560556285,30662,2,0,1,0,0,0,0,2420,1,1
48618,4,8,3,48618,560571105,560616640,45535,4,2,1,0,0,0,0,2420,1,1
48619,4,8,0,48619,560631479,560662125,30646,2,0,1,0,0,0,0,2420,1,1
48620,4,8,3,48620,560676967,560722540,45573,4,2,1,0,0,0,0,2420,1,1
48621,4,8,0,48621,560737363,560812775,75412,8,6,1,0,0,0,0,2420,1,1
48622,4,8,2,48622,560827615,560964036,136421,15,7,7,0,0,0,0,2420,1,1
48623,4,8,4,48623,560978858,561040834,61976,6,3,2,0,0,0,0,2420,1,1
48624,4,8,2,48624,561055673,561086313,30640,2,0,1,0,0,0,0,2420,1,1
48625,4,8,4,48625,561101152,561131806,30654,2,0,1,0,0,0,0,2420,1,1
48626,4,8,0,48626,561146645,561233901,87256,9,4,4,0,0,0,0,2420,1,1
48627,4,8,4,48627,561248740,561312169,63429,6,2,3,0,0,0,0,2420,1,1
48628,4,8,3,48628,561326993,561348705,21712,1,0,0,0,0,0,0,2420,1,1
48629,4,8,1,48629,561363548,561401653,38105,3,1,1,0,0,0,0,2420,1,1
48630,4,8,0,48630,561416492,561438196,21704,1,0,0,0,0,0,0,2420,1,1
48631,4,8,3,48631,561453019,561482191,29172,2,1,0,0,0,0,0,2420,1,1
48632,4,8,1,48632,561497014,561593164,96150,10,4,5,0,0,0,0,2420,1,1
48633,4,8,0,48633,561608005,561629710,21705,1,0,0,0,0,0,0,2420,1,1
48634,4,8,2,48634,561644533,561673731,29198,2,1,0,0,0,0,0,2420,1,1
48635,4,8,0,48635,561688550,561759371,70821,7,3,3,0,0,0,0,2420,1,1
48636,4,8,2,48636,561774211,561803415,29204,2,1,0,0,0,0,0,2420,1,1
48637,4,8,0,48637,561818235,561856354,38119,3,1,1,0,0,0,0,2420,1,1
48638,4,8,2,48638,561871189,561933123,61934,6,3,2,0,0,0,0,2420,1,1
48639,4,8,1,48639,561947943,561978579,30636,2,0,1,0,0,0,0,2420,1,1
48640,4,8,3,48640,561993418,562032963,39545,3,0,2,0,0,0,0,2420,1,1
48641,4,8,3,48641,562047783,562140993,93210,10,6,3,0,0,0,0,2420,1,1
48642,4,8,2,48642,562155855,562177567,21712,1,0,0,0,0,0,0,2420,1,1
48643,4,8,1,48643,562192406,562214135,21729,1,0,0,0,0,0,0,2420,1,1
48644,4,8,3,48644,562228971,562250675,21704,1,0,0,0,0,0,0,2420,1,1
48645,4,8,0,48645,562265498,562303594,38096,3,1,1,0,0,0,0,2420,1,1
48646,4,8,1,48646,562318434,562371478,53044,5,3,1,0,0,0,0,2420,1,1
48647,4,8,3,48647,562386302,562430395,44093,4,3,0,0,0,0,0,2420,1,1
48648,4,8,2,48648,562445219,562474408,29189,2,1,0,0,0,0,0,2420,1,1
48649,4,8,4,48649,562489251,562510968,21717,1,0,0,0,0,0,0,2420,1,1
48650,4,8,3,48650,562525807,562580263,54456,5,2,2,0,0,0,0,2420,1,1
48651,4,8,1,48651,562595106,562631747,36641,3,2,0,0,0,0,0,2420,1,1
48652,4,8,1,48652,562646587,562668299,21712,1,0,0,0,0,0,0,2420,1,1
48653,4,8,4,48653,562683120,562704824,21704,1,0,0,0,0,0,0,2420,1,1
48654,4,8,2,48654,562719644,562750291,30647,2,0,1,0,0,0,0,2420,1,1
48655,4,8,3,48655,562765135,562794296,29161,2,1,0,0,0,0,0,2420,1,1
48656,4,8,3,48656,562809135,562887402,78267,8,4,3,0,0,0,0,2420,1,1
48657,4,8,2,48657,562902257,562923973,21716,1,0,0,0,0,0,0,2420,1,1
48658,4,8,4,48658,562938813,562960529,21716,1,0,0,0,0,0,0,2420,1,1
48659,4,8,2,48659,562975368,562997088,21720,1,0,0,0,0,0,0,2420,1,1
48660,4,8,3,48660,563011928,563048588,36660,3,2,0,0,0,0,0,2420,1,1
48661,4,8,4,48661,563063431,563094073,30642,2,0,1,0,0,0,0,2420,1,1
48662,4,8,1,48662,563108913,563138104,29191,2,1,0,0,0,0,0,2420,1,1
48663,4,8,4,48663,563152942,563182111,29169,2,1,0,0,0,0,0,2420,1,1
48664,4,8,2,48664,563196934,563218654,21720,1,0,0,0,0,0,0,2420,1,1
48665,4,8,4,48665,563233498,563255215,21717,1,0,0,0,0,0,0,2420,1,1
48666,4,8,2,48666,563270050,563291770,21720,1,0,0,0,0,0,0,2420,1,1
48667,4,8,3,48667,563306613,563335794,29181,2,1,0,0,0,0,0,2420,1,1
48668,4,8,3,48668,563350634,563405084,54450,5,2,2,0,0,0,0,2420,1,1
48669,4,8,3,48669,563419940,563441636,21696,1,0,0,0,0,0,0,2420,1,1
48670,4,8,1,48670,563456491,563487137,30646,2,0,1,0,0,0,0,2420,1,1
48671,4,8,4,48671,563501976,563538599,36623,3,2,0,0,0,0,0,2420,1,1
48672,4,8,1,48672,563553422,563606437,53015,5,3,1,0,0,0,0,2420,1,1
48673,4,8,2,48673,563621276,563651902,30626,2,0,1,0,0,0,0,2420,1,1
48674,4,8,2,48674,563666726,563704819,38093,3,1,1,0,0,0,0,2420,1,1
48675,4,8,1,48675,563719671,563790531,70860,7,3,3,0,0,0,0,2420,1,1
48676,4,8,0,48676,563805370,563827075,21705,1,0,0,0,0,0,0,2420,1,1
48677,4,8,4,48677,563841894,563942630,100736,11,7,3,0,0,0,0,2420,1,1
48678,4,8,1,48678,563957456,563979180,21724,1,0,0,0,0,0,0,2420,1,1
48679,4,8,2,48679,563994023,564039610,45587,4,2,1,0,0,0,0,2420,1,1
48680,4,8,2,48680,564054433,564076142,21709,1,0,0,0,0,0,0,2420,1,1
48681,4,8,4,48681,564090989,564154401,63412,6,2,3,0,0,0,0,2420,1,1
48682,4,8,1,48682,564169236,564229755,60519,6,4,1,0,0,0,0,2420,1,1
48683,4,8,2,48683,564244598,564281238,36640,3,2,0,0,0,0,0,2420,1,1
48684,4,8,0,48684,564296062,564343074,47012,4,1,2,0,0,0,0,2420,1,1
48685,4,8,3,48685,564357910,564379638,21728,1,0,0,0,0,0,0,2420,1,1
48686,4,8,0,48686,564394461,564440029,45568,4,2,1,0,0,0,0,2420,1,1
48687,4,8,2,48687,564454873,564476605,21732,1,0,0,0,0,0,0,2420,1,1
48688,4,8,2,48688,564491424,564528077,36653,3,2,0,0,0,0,0,2420,1,1
48689,4,8,4,48689,564542930,564582478,39548,3,0,2,0,0,0,0,2420,1,1
48690,4,8,4,48690,564597313,564619018,21705,1,0,0,0,0,0,0,2420,1,1
48691,4,8,2,48691,564633861,564670478,36617,3,2,0,0,0,0,0,2420,1,1
48692,4,8,1,48692,564685301,564723422,38121,3,1,1,0,0,0,0,2420,1,1
48693,4,8,0,48693,564738257,564815135,76878,8,5,2,0,0,0,0,2420,1,1
48694,4,8,4,48694,564829954,564866625,36671,3,2,0,0,0,0,0,2420,1,1
48695,4,8,2,48695,564881444,564903177,21733,1,0,0,0,0,0,0,2420,1,1
48696,4,8,2,48696,564918016,564948630,30614,2,0,1,0,0,0,0,2420,1,1
48697,4,8,3,48697,564963485,565064206,100721,11,7,3,0,0,0,0,2420,1,1
48698,4,8,3,48698,565079048,565124624,45576,4,2,1,0,0,0,0,2420,1,1
48699,4,8,3,48699,565139480,565176110,36630,3,2,0,0,0,0,0,2420,1,1
48700,4,8,1,48700,565190961,565236526,45565,4,2,1,0,0,0,0,2420,1,1
48701,4,8,3,48701,565251365,565273078,21713,1,0,0,0,0,0,0,2420,1,1
48702,4,8,4,48702,565287897,565326001,38104,3,1,1,0,0,0,0,2420,1,1
48703,4,8,0,48703,565340840,565410285,69445,7,4,2,0,0,0,0,2420,1,1
48704,4,8,0,48704,565425125,565455751,30626,2,0,1,0,0,0,0,2420,1,1
48705,4,8,2,48705,565470583,565543107,72524,7,3,2,0,1,0,0,2420,1,1
48706,4,8,1,48706,565557926,565588572,30646,2,0,1,0,0,0,0,2420,1,1
48707,4,8,4,48707,565603411,565642933,39522,3,0,2,0,0,0,0,2420,1,1
48708,4,8,3,48708,565657752,565694399,36647,3,2,0,0,0,0,0,2420,1,1
48709,4,8,3,48709,565709238,565738397,29159,2,1,0,0,0,0,0,2420,1,1
48710,4,8,4,48710,565753252,565783896,30644,2,0,1,0,0,0,0,2420,1,1
48711,4,8,0,48711,565798735,565847392,48657,4,1,1,0,1,0,0,2420,1,1
48712,4,8,3,48712,565862228,565924211,61983,6,3,2,0,0,0,0,2420,1,1
48713,4,8,2,48713,565939030,565960747,21717,1,0,0,0,0,0,0,2420,1,1
48714,4,8,1,48714,565975594,566004776,29182,2,1,0,0,0,0,0,2420,1,1
48715,4,8,2,48715,566019611,566048792,29181,2,1,0,0,0,0,0,2420,1,1
48716,4,8,0,48716,566063616,566118083,54467,5,2,2,0,0,0,0,2420,1,1
48717,4,8,1,48717,566132923,566163575,30652,2,0,1,0,0,0,0,2420,1,1
48718,4,8,0,48718,566178394,566270248,91854,10,7,2,0,0,0,0,2420,1,1
48719,4,8,4,48719,566285074,566351592,66518,7,6,0,0,0,0,0,2420,1,1
48720,4,8,2,48720,566366415,566388135,21720,1,0,0,0,0,0,0,2420,1,1
48721,4,8,1,48721,566402978,566433605,30627,2,0,1,0,0,0,0,2420,1,1
48722,4,8,4,48722,566448440,566477604,29164,2,1,0,0,0,0,0,2420,1,1
48723,4,8,1,48723,566492424,566529058,36634,3,2,0,0,0,0,0,2420,1,1
48724,4,8,3,48724,566543901,566671311,127410,14,7,6,0,0,0,0,2420,1,1
48725,4,8,4,48725,566686137,566725684,39547,3,0,2,0,0,0,0,2420,1,1
48726,4,8,1,48726,566740523,566811398,70875,7,3,3,0,0,0,0,2420,1,1
48727,4,8,2,48727,566826237,566847949,21712,1,0,0,0,0,0,0,2420,1,1
48728,4,8,0,48728,566862773,566908329,45556,4,2,1,0,0,0,0,2420,1,1
48729,4,8,2,48729,566923167,566944892,21725,1,0,0,0,0,0,0,2420,1,1
48730,4,8,0,48730,566959712,566996362,36650,3,2,0,0,0,0,0,2420,1,1
48731,4,8,4,48731,567011197,567049340,38143,3,1,1,0,0,0,0,2420,1,1
48732,4,8,2,48732,567064163,567094817,30654,2,0,1,0,0,0,0,2420,1,1
48733,4,8,3,48733,567109656,567164129,54473,5,2,2,0,0,0,0,2420,1,1
48734,4,8,2,48734,567178969,567233465,54496,5,2,2,0,0,0,0,2420,1,1
48735,4,8,2,48735,567248308,567301330,53022,5,3,1,0,0,0,0,2420,1,1
48736,4,8,1,48736,567316186,567355891,39705,3,1,0,0,1,0,0,2420,1,1
48737,4,8,3,48737,567370727,567449031,78304,8,4,3,0,0,0,0,2420,1,1
48738,4,8,0,48738,567463855,567510886,47031,4,1,2,0,0,0,0,2420,1,1
48739,4,8,4,48739,567525729,567639920,114191,13,10,2,0,0,0,0,2420,1,1
48740,4,8,3,48740,567654748,567786832,132084,15,10,4,0,0,0,0,2420,1,1
48741,4,8,4,48741,567801676,567832321,30645,2,0,1,0,0,0,0,2420,1,1
48742,4,8,3,48742,567847160,567876348,29188,2,1,0,0,0,0,0,2420,1,1
48743,4,8,4,48743,567891188,567947165,55977,5,1,3,0,0,0,0,2420,1,1
48744,4,8,4,48744,567962000,568049281,87281,9,4,4,0,0,0,0,2420,1,1
48745,4,8,0,48745,568064120,568085820,21700,1,0,0,0,0,0,0,2420,1,1
48746,4,8,1,48746,568100640,568137286,36646,3,2,0,0,0,0,0,2420,1,1
48747,4,8,0,48747,568152106,568191630,39524,3,0,2,0,0,0,0,2420,1,1
48748,4,8,1,48748,568206453,568243132,36679,3,2,0,0,0,0,0,2420,1,1
48749,4,8,2,48749,568257952,568304966,47014,4,1,2,0,0,0,0,2420,1,1
48750,4,8,3,48750,568319786,568456360,136574,15,8,5,0,1,0,0,2420,1,1
48751,4,8,2,48751,568471202,568646394,175192,20,11,8,0,0,0,0,2420,1,1
48752,4,8,3,48752,568661241,568760662,99421,10,4,3,0,2,0,0,2420,1,1
48753,4,8,3,48753,568775507,568823938,48431,4,0,3,0,0,0,0,2420,1,1
48754,4,8,1,48754,568838793,568891812,53019,5,3,1,0,0,0,0,2420,1,1
48755,4,8,1,48755,568906651,568928359,21708,1,0,0,0,0,0,0,2420,1,1
48756,4,8,1,48756,568943184,569085800,142616,16,10,4,0,1,0,0,2420,1,1
48757,4,8,3,48757,569100629,569201292,100663,11,7,3,0,0,0,0,2420,1,1
48758,4,8,0,48758,569216119,569273497,57378,5,0,4,0,0,0,0,2420,1,1
48759,4,8,1,48759,569288336,569317521,29185,2,1,0,0,0,0,0,2420,1,1
48760,4,8,3,48760,569332341,569415200,82859,9,7,1,0,0,0,0,2420,1,1
48761,4,8,3,48761,569430020,569485922,55902,5,1,3,0,0,0,0,2420,1,1
48762,4,8,3,48762,569500778,569547790,47012,4,1,2,0,0,0,0,2420,1,1
48763,4,8,0,48763,569562642,569837571,274929,32,16,15,0,0,0,0,2420,1,1
48764,4,8,2,48764,569852417,569899442,47025,4,1,2,0,0,0,0,2420,1,1
48765,4,8,3,48765,569914265,570046111,131846,14,4,9,0,0,0,0,2420,1,1
48766,4,8,4,48766,570060953,570082673,21720,1,0,0,0,0,0,0,2420,1,1
48767,4,8,2,48767,570097515,570244371,146856,16,7,7,0,1,0,0,2420,1,1
48768,4,8,4,48768,570259210,570280930,21720,1,0,0,0,0,0,0,2420,1,1
48769,4,8,3,48769,570295769,570366643,70874,7,3,3,0,0,0,0,2420,1,1
48770,4,8,0,48770,570381482,570410651,29169,2,1,0,0,0,0,0,2420,1,1
48771,4,8,0,48771,570425490,570500913,75423,8,6,1,0,0,0,0,2420,1,1
48772,4,8,4,48772,570515749,570577754,62005,6,3,2,0,0,0,0,2420,1,1
48773,4,8,1,48773,570592573,570630680,38107,3,1,1,0,0,0,0,2420,1,1
48774,4,8,3,48774,570645523,570667236,21713,1,0,0,0,0,0,0,2420,1,1
48775,4,8,3,48775,570682055,570781350,99295,11,8,2,0,0,0,0,2420,1,1
48776,4,8,4,48776,570796210,570840295,44085,4,3,0,0,0,0,0,2420,1,1
48777,4,8,3,48777,570855139,570885775,30636,2,0,1,0,0,0,0,2420,1,1
48778,4,8,4,48778,570900618,570922334,21716,1,0,0,0,0,0,0,2420,1,1
48779,4,8,2,48779,570937177,571049685,112508,12,5,6,0,0,0,0,2420,1,1
48780,4,8,3,48780,571064536,571086252,21716,1,0,0,0,0,0,0,2420,1,1
48781,4,8,2,48781,571101092,571146639,45547,4,2,1,0,0,0,0,2420,1,1
48782,4,8,0,48782,571161486,571215973,54487,5,2,2,0,0,0,0,2420,1,1
48783,4,8,2,48783,571230809,571361367,130558,14,6,6,0,1,0,0,2420,1,1
48784,4,8,3,48784,571376198,571423238,47040,4,1,2,0,0,0,0,2420,1,1
48785,4,8,2,48785,571438077,571514981,76904,8,5,2,0,0,0,0,2420,1,1
48786,4,8,3,48786,571529828,571600651,70823,7,3,3,0,0,0,0,2420,1,1
48787,4,8,0,48787,571615495,571644664,29169,2,1,0,0,0,0,0,2420,1,1
48788,4,8,1,48788,571659507,571688686,29179,2,1,0,0,0,0,0,2420,1,1
48789,4,8,4,48789,571703514,571756558,53044,5,3,1,0,0,0,0,2420,1,1
48790,4,8,3,48790,571771381,571793102,21721,1,0,0,0,0,0,0,2420,1,1
48791,4,8,3,48791,571807946,571869861,61915,6,3,2,0,0,0,0,2420,1,1
48792,4,8,4,48792,571884720,571915352,30632,2,0,1,0,0,0,0,2420,1,1
48793,4,8,0,48793,571930195,572002478,72283,7,2,4,0,0,0,0,2420,1,1
48794,4,8,2,48794,572017321,572039045,21724,1,0,0,0,0,0,0,2420,1,1
48795,4,8,0,48795,572053872,572126156,72284,7,2,4,0,0,0,0,2420,1,1
48796,4,8,2,48796,572140991,572232831,91840,10,7,2,0,0,0,0,2420,1,1
48797,4,8,2,48797,572247657,572318499,70842,7,3,3,0,0,0,0,2420,1,1
48798,4,8,1,48798,572333354,572450610,117256,13,9,2,0,1,0,0,2420,1,1
48799,4,8,0,48799,572465456,572494646,29190,2,1,0,0,0,0,0,2420,1,1
48800,4,8,0,48800,572509469,572605561,96092,10,4,5,0,0,0,0,2420,1,1
48801,4,8,4,48801,572620398,572688357,67959,7,5,1,0,0,0,0,2420,1,1
48802,4,8,2,48802,572703184,572742745,39561,3,0,2,0,0,0,0,2420,1,1
48803,4,8,1,48803,572757590,572819526,61936,6,3,2,0,0,0,0,2420,1,1
48804,4,8,4,48804,572834370,572932029,97659,10,3,6,0,0,0,0,2420,1,1
48805,4,8,1,48805,572946857,572968577,21720,1,0,0,0,0,0,0,2420,1,1
48806,4,8,0,48806,572983424,573060309,76885,8,5,2,0,0,0,0,2420,1,1
48807,4,8,0,48807,573075137,573113232,38095,3,1,1,0,0,0,0,2420,1,1
48808,4,8,3,48808,573128068,573149792,21724,1,0,0,0,0,0,0,2420,1,1
48809,4,8,4,48809,573164620,573202724,38104,3,1,1,0,0,0,0,2420,1,1
48810,4,8,1,48810,573217571,573270616,53045,5,3,1,0,0,0,0,2420,1,1
48811,4,8,2,48811,573285459,573429382,143923,16,8,7,0,0,0,0,2420,1,1
48812,4,8,2,48812,573444216,573507588,63372,6,2,3,0,0,0,0,2420,1,1
48813,4,8,0,48813,573522439,573632039,109600,12,7,4,0,0,0,0,2420,1,1
48814,4,8,4,48814,573646880,573668604,21724,1,0,0,0,0,0,0,2420,1,1
48815,4,8,0,48815,573683432,573712623,29191,2,1,0,0,0,0,0,2420,1,1
48816,4,8,4,48816,573727470,573756669,29199,2,1,0,0,0,0,0,2420,1,1
48817,4,8,4,48817,573771493,573802095,30602,2,0,1,0,0,0,0,2420,1,1
48818,4,8,1,48818,573816942,573898371,81429,8,3,3,0,1,0,0,2420,1,1
48819,4,8,0,48819,573913199,574025738,112539,12,5,6,0,0,0,0,2420,1,1
48820,4,8,3,48820,574040564,574071198,30634,2,0,1,0,0,0,0,2420,1,1
48821,4,8,1,48821,574086026,574131589,45563,4,2,1,0,0,0,0,2420,1,1
48822,4,8,0,48822,574146437,574177069,30632,2,0,1,0,0,0,0,2420,1,1
48823,4,8,2,48823,574191893,574285187,93294,10,6,3,0,0,0,0,2420,1,1
48824,4,8,4,48824,574300012,574355960,55948,5,1,3,0,0,0,0,2420,1,1
48825,4,8,4,48825,574370796,574392496,21700,1,0,0,0,0,0,0,2420,1,1
48826,4,8,0,48826,574407343,574470727,63384,6,2,3,0,0,0,0,2420,1,1
48827,4,8,4,48827,574485554,574522200,36646,3,2,0,0,0,0,0,2420,1,1
48828,4,8,1,48828,574537028,574566220,29192,2,1,0,0,0,0,0,2420,1,1
48829,4,8,0,48829,574581063,574602784,21721,1,0,0,0,0,0,0,2420,1,1
48830,4,8,4,48830,574617607,574767482,149875,17,10,6,0,0,0,0,2420,1,1
48831,4,8,2,48831,574782313,574804037,21724,1,0,0,0,0,0,0,2420,1,1
48832,4,8,1,48832,574818881,574849528,30647,2,0,1,0,0,0,0,2420,1,1
48833,4,8,2,48833,574864371,574893541,29170,2,1,0,0,0,0,0,2420,1,1
48834,4,8,3,48834,574908369,574982110,73741,7,1,5,0,0,0,0,2420,1,1
48835,4,8,4,48835,574996953,575027596,30643,2,0,1,0,0,0,0,2420,1,1
48836,4,8,4,48836,575042439,575089444,47005,4,1,2,0,0,0,0,2420,1,1
48837,4,8,0,48837,575104287,575125992,21705,1,0,0,0,0,0,0,2420,1,1
48838,4,8,0,48838,575140819,575170000,29181,2,1,0,0,0,0,0,2420,1,1
48839,4,8,4,48839,575184840,575245323,60483,6,4,1,0,0,0,0,2420,1,1
48840,4,8,3,48840,575260146,575281862,21716,1,0,0,0,0,0,0,2420,1,1
48841,4,8,3,48841,575296709,575333331,36622,3,2,0,0,0,0,0,2420,1,1
48842,4,8,3,48842,575348185,575369886,21701,1,0,0,0,0,0,0,2420,1,1
48843,4,8,3,48843,575384749,575413905,29156,2,1,0,0,0,0,0,2420,1,1
48844,4,8,0,48844,575428760,575450480,21720,1,0,0,0,0,0,0,2420,1,1
48845,4,8,4,48845,575465328,575557187,91859,10,7,2,0,0,0,0,2420,1,1
48846,4,8,2,48846,575572012,575626507,54495,5,2,2,0,0,0,0,2420,1,1
48847,4,8,4,48847,575641350,575718223,76873,8,5,2,0,0,0,0,2420,1,1
48848,4,8,1,48848,575733059,575754780,21721,1,0,0,0,0,0,0,2420,1,1
48849,4,8,2,48849,575769624,575798822,29198,2,1,0,0,0,0,0,2420,1,1
48850,4,8,1,48850,575813654,575851735,38081,3,1,1,0,0,0,0,2420,1,1
48851,4,8,4,48851,575866579,575897210,30631,2,0,1,0,0,0,0,2420,1,1
48852,4,8,2,48852,575912032,575959045,47013,4,1,2,0,0,0,0,2420,1,1
48853,4,8,3,48853,575973893,575995609,21716,1,0,0,0,0,0,0,2420,1,1
48854,4,8,0,48854,576010448,576039627,29179,2,1,0,0,0,0,0,2420,1,1
48855,4,8,2,48855,576054474,576085107,30633,2,0,1,0,0,0,0,2420,1,1
48856,4,8,4,48856,576099931,576138034,38103,3,1,1,0,0,0,0,2420,1,1
48857,4,8,1,48857,576152873,576199896,47023,4,1,2,0,0,0,0,2420,1,1
48858,4,8,3,48858,576214743,576236459,21716,1,0,0,0,0,0,0,2420,1,1
48859,4,8,2,48859,576251283,576281932,30649,2,0,1,0,0,0,0,2420,1,1
48860,4,8,4,48860,576296783,576471991,175208,20,11,8,0,0,0,0,2420,1,1
48861,4,8,4,48861,576486835,576508537,21702,1,0,0,0,0,0,0,2420,1,1
48862,4,8,0,48862,576523384,576570387,47003,4,1,2,0,0,0,0,2420,1,1
48863,4,8,2,48863,576585215,576614393,29178,2,1,0,0,0,0,0,2420,1,1
48864,4,8,2,48864,576629217,576650922,21705,1,0,0,0,0,0,0,2420,1,1
48865,4,8,4,48865,576665777,576742676,76899,8,5,2,0,0,0,0,2420,1,1
48866,4,8,3,48866,576757513,576786689,29176,2,1,0,0,0,0,0,2420,1,1
48867,4,8,0,48867,576801532,576823252,21720,1,0,0,0,0,0,0,2420,1,1
48868,4,8,4,48868,576838091,576876233,38142,3,1,1,0,0,0,0,2420,1,1
48869,4,8,1,48869,576891057,576981226,90169,9,2,6,0,0,0,0,2420,1,1
48870,4,8,0,48870,576996073,577026695,30622,2,0,1,0,0,0,0,2420,1,1
48871,4,8,0,48871,577041519,577063235,21716,1,0,0,0,0,0,0,2420,1,1
48872,4,8,0,48872,577078071,577107244,29173,2,1,0,0,0,0,0,2420,1,1
48873,4,8,0,48873,577122078,577158757,36679,3,2,0,0,0,0,0,2420,1,1
48874,4,8,4,48874,577173596,577220604,47008,4,1,2,0,0,0,0,2420,1,1
48875,4,8,2,48875,577235432,577264607,29175,2,1,0,0,0,0,0,2420,1,1
48876,4,8,0,48876,577279451,577350324,70873,7,3,3,0,0,0,0,2420,1,1
48877,4,8,1,48877,577365163,577427114,61951,6,3,2,0,0,0,0,2420,1,1
48878,4,8,0,48878,577441937,577463658,21721,1,0,0,0,0,0,0,2420,1,1
48879,4,8,2,48879,577478481,577553917,75436,8,6,1,0,0,0,0,2420,1,1
48880,4,8,2,48880,577568741,577599361,30620,2,0,1,0,0,0,0,2420,1,1
48881,4,8,1,48881,577614216,577683599,69383,7,4,2,0,0,0,0,2420,1,1
48882,4,8,1,48882,577698439,577727608,29169,2,1,0,0,0,0,0,2420,1,1
48883,4,8,2,48883,577742439,577780539,38100,3,1,1,0,0,0,0,2420,1,1
48884,4,8,3,48884,577795371,577825999,30628,2,0,1,0,0,0,0,2420,1,1
48885,4,8,2,48885,577840834,577871489,30655,2,0,1,0,0,0,0,2420,1,1
48886,4,8,0,48886,577886332,577916955,30623,2,0,1,0,0,0,0,2420,1,1
48887,4,8,1,48887,577931790,577978846,47056,4,1,2,0,0,0,0,2420,1,1
48888,4,8,0,48888,577993673,578077997,84324,9,6,2,0,0,0,0,2420,1,1
48889,4,8,0,48889,578092825,578114537,21712,1,0,0,0,0,0,0,2420,1,1
48890,4,8,4,48890,578129373,578180965,51592,5,4,0,0,0,0,0,2420,1,1
48891,4,8,2,48891,578195793,578242847,47054,4,1,2,0,0,0,0,2420,1,1
48892,4,8,1,48892,578257690,578279406,21716,1,0,0,0,0,0,0,2420,1,1
48893,4,8,1,48893,578294249,578323433,29184,2,1,0,0,0,0,0,2420,1,1
48894,4,8,0,48894,578338264,578367451,29187,2,1,0,0,0,0,0,2420,1,1
48895,4,8,3,48895,578382274,578411460,29186,2,1,0,0,0,0,0,2420,1,1
48896,4,8,1,48896,578426288,578486755,60467,6,4,1,0,0,0,0,2420,1,1
48897,4,8,0,48897,578501595,578530760,29165,2,1,0,0,0,0,0,2420,1,1
48898,4,8,1,48898,578545587,578574760,29173,2,1,0,0,0,0,0,2420,1,1
48899,4,8,0,48899,578589584,578611300,21716,1,0,0,0,0,0,0,2420,1,1
48900,4,8,1,48900,578626128,578734072,107944,11,2,8,0,0,0,0,2420,1,1
48901,4,8,3,48901,578748898,578770614,21716,1,0,0,0,0,0,0,2420,1,1
48902,4,8,1,48902,578785442,578865193,79751,8,3,4,0,0,0,0,2420,1,1
48903,4,8,3,48903,578880032,578901749,21717,1,0,0,0,0,0,0,2420,1,1
48904,4,8,0,48904,578916576,578947203,30627,2,0,1,0,0,0,0,2420,1,1
48905,4,8,3,48905,578962038,579016532,54494,5,2,2,0,0,0,0,2420,1,1
48906,4,8,1,48906,579031359,579053080,21721,1,0,0,0,0,0,0,2420,1,1
48907,4,8,4,48907,579067915,579107481,39566,3,0,2,0,0,0,0,2420,1,1
48908,4,8,3,48908,579122307,579225918,103611,11,5,5,0,0,0,0,2420,1,1
48909,4,8,0,48909,579240769,579277388,36619,3,2,0,0,0,0,0,2420,1,1
48910,4,8,0,48910,579292220,579313937,21717,1,0,0,0,0,0,0,2420,1,1
48911,4,8,1,48911,579328772,579359414,30642,2,0,1,0,0,0,0,2420,1,1
48912,4,8,2,48912,579374241,579395953,21712,1,0,0,0,0,0,0,2420,1,1
48913,4,8,4,48913,579410784,579457802,47018,4,1,2,0,0,0,0,2420,1,1
48914,4,8,3,48914,579472638,579544990,72352,7,2,4,0,0,0,0,2420,1,1
48915,4,8,4,48915,579559837,579614309,54472,5,2,2,0,0,0,0,2420,1,1
48916,4,8,0,48916,579629139,579685084,55945,5,1,3,0,0,0,0,2420,1,1
48917,4,8,3,48917,579699927,579721651,21724,1,0,0,0,0,0,0,2420,1,1
48918,4,8,3,48918,579736483,579822254,85771,9,5,3,0,0,0,0,2420,1,1
48919,4,8,3,48919,579837105,579866279,29174,2,1,0,0,0,0,0,2420,1,1
48920,4,8,3,48920,579881123,579926685,45562,4,2,1,0,0,0,0,2420,1,1
48921,4,8,4,48921,579941532,579972150,30618,2,0,1,0,0,0,0,2420,1,1
48922,4,8,1,48922,579986985,580016163,29178,2,1,0,0,0,0,0,2420,1,1
48923,4,8,1,48923,580031006,580086915,55909,5,1,3,0,0,0,0,2420,1,1
48924,4,8,1,48924,580101748,580189007,87259,9,4,4,0,0,0,0,2420,1,1
48925,4,8,3,48925,580203842,580241957,38115,3,1,1,0,0,0,0,2420,1,1
48926,4,8,0,48926,580256788,580312731,55943,5,1,3,0,0,0,0,2420,1,1
48927,4,8,4,48927,580327568,580356770,29202,2,1,0,0,0,0,0,2420,1,1
48928,4,8,2,48928,580371593,580402241,30648,2,0,1,0,0,0,0,2420,1,1
48929,4,8,4,48929,580417092,580489441,72349,7,2,4,0,0,0,0,2420,1,1
48930,4,8,1,48930,580504281,580526001,21720,1,0,0,0,0,0,0,2420,1,1
48931,4,8,1,48931,580540845,580604252,63407,6,2,3,0,0,0,0,2420,1,1
48932,4,8,3,48932,580619084,580640800,21716,1,0,0,0,0,0,0,2420,1,1
48933,4,8,3,48933,580655631,580677336,21705,1,0,0,0,0,0,0,2420,1,1
48934,4,8,1,48934,580692183,580713900,21717,1,0,0,0,0,0,0,2420,1,1
48935,4,8,1,48935,580728731,580759366,30635,2,0,1,0,0,0,0,2420,1,1
48936,4,8,3,48936,580774201,580810840,36639,3,2,0,0,0,0,0,2420,1,1
48937,4,8,1,48937,580825671,580935358,109687,12,7,4,0,0,0,0,2420,1,1
48938,4,8,1,48938,580950196,581101493,151297,17,9,7,0,0,0,0,2420,1,1
48939,4,8,1,48939,581116331,581145495,29164,2,1,0,0,0,0,0,2420,1,1
48940,4,8,3,48940,581160327,581211889,51562,5,4,0,0,0,0,0,2420,1,1
48941,4,8,4,48941,581226720,581248433,21713,1,0,0,0,0,0,0,2420,1,1
48942,4,8,4,48942,581263272,581332626,69354,7,4,2,0,0,0,0,2420,1,1
48943,4,8,3,48943,581347470,581384105,36635,3,2,0,0,0,0,0,2420,1,1
48944,4,8,3,48944,581398936,581428122,29186,2,1,0,0,0,0,0,2420,1,1
48945,4,8,2,48945,581442970,581488538,45568,4,2,1,0,0,0,0,2420,1,1
48946,4,8,2,48946,581503381,581541477,38096,3,1,1,0,0,0,0,2420,1,1
48947,4,8,4,48947,581556336,581685236,128900,14,6,7,0,0,0,0,2420,1,1
48948,4,8,2,48948,581700074,581760593,60519,6,4,1,0,0,0,0,2420,1,1
48949,4,8,1,48949,581775444,581813548,38104,3,1,1,0,0,0,0,2420,1,1
48950,4,8,3,48950,581828387,581867911,39524,3,0,2,0,0,0,0,2420,1,1
48951,4,8,0,48951,581882738,581904455,21717,1,0,0,0,0,0,0,2420,1,1
48952,4,8,3,48952,581919291,581955953,36662,3,2,0,0,0,0,0,2420,1,1
48953,4,8,3,48953,581970781,582066984,96203,10,4,5,0,0,0,0,2420,1,1
48954,4,8,0,48954,582081832,582111012,29180,2,1,0,0,0,0,0,2420,1,1
48955,4,8,2,48955,582125849,582155040,29191,2,1,0,0,0,0,0,2420,1,1
48956,4,8,0,48956,582169868,582191592,21724,1,0,0,0,0,0,0,2420,1,1
48957,4,8,3,48957,582206431,582251986,45555,4,2,1,0,0,0,0,2420,1,1
48958,4,8,0,48958,582266817,582313825,47008,4,1,2,0,0,0,0,2420,1,1
48959,4,8,2,48959,582328660,582357862,29202,2,1,0,0,0,0,0,2420,1,1
48960,4,8,4,48960,582372689,582401882,29193,2,1,0,0,0,0,0,2420,1,1
48961,4,8,2,48961,582416721,582454826,38105,3,1,1,0,0,0,0,2420,1,1
48962,4,8,0,48962,582469672,582491396,21724,1,0,0,0,0,0,0,2420,1,1
48963,4,8,1,48963,582506236,582545774,39538,3,0,2,0,0,0,0,2420,1,1
48964,4,8,2,48964,582560597,582582310,21713,1,0,0,0,0,0,0,2420,1,1
48965,4,8,1,48965,582597146,582648759,51613,5,4,0,0,0,0,0,2420,1,1
48966,4,8,0,48966,582663602,582743428,79826,8,3,4,0,0,0,0,2420,1,1
48967,4,8,2,48967,582758252,582826168,67916,7,5,1,0,0,0,0,2420,1,1
48968,4,8,4,48968,582840995,582870187,29192,2,1,0,0,0,0,0,2420,1,1
48969,4,8,0,48969,582885027,582914218,29191,2,1,0,0,0,0,0,2420,1,1
48970,4,8,1,48970,582929061,583014848,85787,9,5,3,0,0,0,0,2420,1,1
48971,4,8,0,48971,583029671,583084132,54461,5,2,2,0,0,0,0,2420,1,1
48972,4,8,1,48972,583098955,583159483,60528,6,4,1,0,0,0,0,2420,1,1
48973,4,8,0,48973,583174310,583212387,38077,3,1,1,0,0,0,0,2420,1,1
48974,4,8,0,48974,583227215,583272763,45548,4,2,1,0,0,0,0,2420,1,1
48975,4,8,3,48975,583287598,583324248,36650,3,2,0,0,0,0,0,2420,1,1
48976,4,8,2,48976,583339075,583384636,45561,4,2,1,0,0,0,0,2420,1,1
48977,4,8,2,48977,583399475,583421183,21708,1,0,0,0,0,0,0,2420,1,1
48978,4,8,1,48978,583436042,583483104,47062,4,1,2,0,0,0,0,2420,1,1
48979,4,8,2,48979,583497943,583519656,21713,1,0,0,0,0,0,0,2420,1,1
48980,4,8,0,48980,583534491,583556215,21724,1,0,0,0,0,0,0,2420,1,1
48981,4,8,2,48981,583571051,583633035,61984,6,3,2,0,0,0,0,2420,1,1
48982,4,8,2,48982,583647862,583678477,30615,2,0,1,0,0,0,0,2420,1,1
48983,4,8,3,48983,583693335,583715060,21725,1,0,0,0,0,0,0,2420,1,1
48984,4,8,4,48984,583729900,583751612,21712,1,0,0,0,0,0,0,2420,1,1
48985,4,8,4,48985,583766451,583788152,21701,1,0,0,0,0,0,0,2420,1,1
48986,4,8,2,48986,583802991,583841066,38075,3,1,1,0,0,0,0,2420,1,1
48987,4,8,3,48987,583855901,583910380,54479,5,2,2,0,0,0,0,2420,1,1
48988,4,8,0,48988,583925223,583946940,21717,1,0,0,0,0,0,0,2420,1,1
48989,4,8,4,48989,583961775,583990967,29192,2,1,0,0,0,0,0,2420,1,1
48990,4,8,2,48990,584005794,584027514,21720,1,0,0,0,0,0,0,2420,1,1
48991,4,8,2,48991,584042361,584087907,45546,4,2,1,0,0,0,0,2420,1,1
48992,4,8,2,48992,584102766,584124475,21709,1,0,0,0,0,0,0,2420,1,1
48993,4,8,0,48993,584139330,584161054,21724,1,0,0,0,0,0,0,2420,1,1
48994,4,8,3,48994,584175894,584197617,21723,1,0,0,0,0,0,0,2420,1,1
48995,4,8,1,48995,584212444,584266930,54486,5,2,2,0,0,0,0,2420,1,1
48996,4,8,3,48996,584281766,584303486,21720,1,0,0,0,0,0,0,2420,1,1
48997,4,8,3,48997,584318314,584372810,54496,5,2,2,0,0,0,0,2420,1,1
48998,4,8,1,48998,584387658,584409370,21712,1,0,0,0,0,0,0,2420,1,1
48999,4,8,1,48999,584424206,584526361,102155,11,6,4,0,0,0,0,2420,1,1
49000,4,0,0,49000,584541195,584563176,21981,1,0,0,0,0,0,0,2420,1,1
49001,4,0,1,49001,584578182,584625084,46902,4,1,2,0,0,0,0,2420,1,1
49002,4,0,0,49002,584639746,584670268,30522,2,0,1,0,0,0,0,2420,1,1
49003,4,0,1,49003,584684929,584715450,30521,2,0,1,0,0,0,0,2420,1,1
49004,4,0,3,49004,584730110,584769556,39446,3,0,2,0,0,0,0,2420,1,1
49005,4,0,1,49005,584784221,584840012,55791,5,1,3,0,0,0,0,2420,1,1
49006,4,0,1,49006,584854677,584964213,109536,12,7,4,0,0,0,0,2420,1,1
49007,4,0,3,49007,584978877,585000460,21583,1,0,0,0,0,0,0,2420,1,1
49008,4,0,4,49008,585015121,585120214,105093,11,5,4,0,1,0,0,2420,1,1
49009,4,0,0,49009,585134879,585171412,36533,3,2,0,0,0,0,0,2420,1,1
49010,4,0,2,49010,585186074,585215128,29054,2,1,0,0,0,0,0,2420,1,1
49011,4,0,0,49011,585229777,585282645,52868,5,3,1,0,0,0,0,2420,1,1
49012,4,0,4,49012,585297306,585333827,36521,3,2,0,0,0,0,0,2420,1,1
49013,4,0,0,49013,585348484,585370079,21595,1,0,0,0,0,0,0,2420,1,1
49014,4,0,3,49014,585384741,585413775,29034,2,1,0,0,0,0,0,2420,1,1
49015,4,0,3,49015,585428432,585497676,69244,7,4,2,0,0,0,0,2420,1,1
49016,4,0,2,49016,585512333,585557768,45435,4,2,1,0,0,0,0,2420,1,1
49017,4,0,2,49017,585572417,585625302,52885,5,3,1,0,0,0,0,2420,1,1
49018,4,0,2,49018,585639952,585661530,21578,1,0,0,0,0,0,0,2420,1,1
49019,4,0,2,49019,585676184,585706667,30483,2,0,1,0,0,0,0,2420,1,1
49020,4,0,3,49020,585721316,585742902,21586,1,0,0,0,0,0,0,2420,1,1
49021,4,0,0,49021,585757560,585849065,91505,9,1,7,0,0,0,0,2420,1,1
49022,4,0,2,49022,585863726,585901691,37965,3,1,1,0,0,0,0,2420,1,1
49023,4,0,0,49023,585916345,586064641,148296,17,11,5,0,0,0,0,2420,1,1
49024,4,0,1,49024,586079303,586176802,97499,10,3,6,0,0,0,0,2420,1,1
49025,4,0,0,49025,586191465,586284609,93144,10,6,3,0,0,0,0,2420,1,1
49026,4,0,0,49026,586299268,586343267,43999,4,3,0,0,0,0,0,2420,1,1
49027,4,0,1,49027,586357925,586419758,61833,6,3,2,0,0,0,0,2420,1,1
49028,4,0,3,49028,586434423,586463481,29058,2,1,0,0,0,0,0,2420,1,1
49029,4,0,4,49029,586478139,586508630,30491,2,0,1,0,0,0,0,2420,1,1
49030,4,0,1,49030,586523291,586570239,46948,4,1,2,0,0,0,0,2420,1,1
49031,4,0,3,49031,586584905,586606487,21582,1,0,0,0,0,0,0,2420,1,1
49032,4,0,4,49032,586621144,586754494,133350,15,9,5,0,0,0,0,2420,1,1
49033,4,0,0,49033,586769150,586798219,29069,2,1,0,0,0,0,0,2420,1,1
49034,4,0,2,49034,586812880,586850853,37973,3,1,1,0,0,0,0,2420,1,1
49035,4,0,2,49035,586865506,586904943,39437,3,0,2,0,0,0,0,2420,1,1
49036,4,0,3,49036,586919592,587015643,96051,10,4,5,0,0,0,0,2420,1,1
49037,4,0,4,49037,587030294,587130868,100574,11,7,3,0,0,0,0,2420,1,1
49038,4,0,3,49038,587145528,587176028,30500,2,0,1,0,0,0,0,2420,1,1
49039,4,0,4,49039,587190681,587212263,21582,1,0,0,0,0,0,0,2420,1,1
49040,4,0,2,49040,587226920,587255949,29029,2,1,0,0,0,0,0,2420,1,1
49041,4,0,2,49041,587270602,587309996,39394,3,0,2,0,0,0,0,2420,1,1
49042,4,0,4,49042,587324650,587407356,82706,9,7,1,0,0,0,0,2420,1,1
49043,4,0,1,49043,587422010,587476385,54375,5,2,2,0,0,0,0,2420,1,1
49044,4,0,1,49044,587491050,587512652,21602,1,0,0,0,0,0,0,2420,1,1
49045,4,0,4,49045,587527318,587571293,43975,4,3,0,0,0,0,0,2420,1,1
49046,4,0,4,49046,587585951,587667013,81062,8,2,5,0,0,0,0,2420,1,1
49047,4,0,1,49047,587681666,587774783,93117,10,6,3,0,0,0,0,2420,1,1
49048,4,0,4,49048,587789446,587833449,44003,4,3,0,0,0,0,0,2420,1,1
49049,4,0,1,49049,587848102,587884634,36532,3,2,0,0,0,0,0,2420,1,1
49050,4,0,4,49050,587899300,587920883,21583,1,0,0,0,0,0,0,2420,1,1
49051,4,0,1,49051,587935541,587964617,29076,2,1,0,0,0,0,0,2420,1,1
49052,4,0,3,49052,587979283,588008326,29043,2,1,0,0,0,0,0,2420,1,1
49053,4,0,1,49053,588022980,588068395,45415,4,2,1,0,0,0,0,2420,1,1
49054,4,0,0,49054,588083060,588344650,261590,31,19,11,0,0,0,0,2420,1,1
49055,4,0,1,49055,588359314,588380916,21602,1,0,0,0,0,0,0,2420,1,1
49056,4,0,1,49056,588395581,588432116,36535,3,2,0,0,0,0,0,2420,1,1
49057,4,0,1,49057,588446782,588475861,29079,2,1,0,0,0,0,0,2420,1,1
49058,4,0,2,49058,588490522,588577642,87120,9,4,4,0,0,0,0,2420,1,1
49059,4,0,1,49059,588592292,588666192,73900,8,7,0,0,0,0,0,2420,1,1
49060,4,0,4,49060,588680854,588742680,61826,6,3,2,0,0,0,0,2420,1,1
49061,4,0,0,49061,588757338,588863770,106432,11,3,7,0,0,0,0,2420,1,1
49062,4,0,4,49062,588878434,588923845,45411,4,2,1,0,0,0,0,2420,1,1
49063,4,0,0,49063,588938498,588977939,39441,3,0,2,0,0,0,0,2420,1,1
49064,4,0,4,49064,588992604,589048365,55761,5,1,3,0,0,0,0,2420,1,1
49065,4,0,1,49065,589063020,589101005,37985,3,1,1,0,0,0,0,2420,1,1
49066,4,0,1,49066,589115671,589137273,21602,1,0,0,0,0,0,0,2420,1,1
49067,4,0,1,49067,589151934,589200291,48357,4,0,3,0,0,0,0,2420,1,1
49068,4,0,0,49068,589214957,589270740,55783,5,1,3,0,0,0,0,2420,1,1
49069,4,0,4,49069,589285401,589315900,30499,2,0,1,0,0,0,0,2420,1,1
49070,4,0,4,49070,589330553,589352131,21578,1,0,0,0,0,0,0,2420,1,1
49071,4,0,3,49071,589366788,589419717,52929,5,3,1,0,0,0,0,2420,1,1
49072,4,0,2,49072,589434371,589455950,21579,1,0,0,0,0,0,0,2420,1,1
49073,4,0,0,49073,589470600,589507113,36513,3,2,0,0,0,0,0,2420,1,1
49074,4,0,3,49074,589521770,589552261,30491,2,0,1,0,0,0,0,2420,1,1
49075,4,0,2,49075,589566914,589588493,21579,1,0,0,0,0,0,0,2420,1,1
49076,4,0,1,49076,589603146,589657502,54356,5,2,2,0,0,0,0,2420,1,1
49077,4,0,2,49077,589672164,589717579,45415,4,2,1,0,0,0,0,2420,1,1
49078,4,0,1,49078,589732229,589770240,38011,3,1,1,0,0,0,0,2420,1,1
49079,4,0,0,49079,589784905,589806499,21594,1,0,0,0,0,0,0,2420,1,1
49080,4,0,2,49080,589821156,589876953,55797,5,1,3,0,0,0,0,2420,1,1
49081,4,0,3,49081,589891602,589945941,54339,5,2,2,0,0,0,0,2420,1,1
49082,4,0,3,49082,589960590,589998558,37968,3,1,1,0,0,0,0,2420,1,1
49083,4,0,2,49083,590013211,590057180,43969,4,3,0,0,0,0,0,2420,1,1
49084,4,0,4,49084,590071830,590138216,66386,7,6,0,0,0,0,0,2420,1,1
49085,4,0,3,49085,590152872,590190851,37979,3,1,1,0,0,0,0,2420,1,1
49086,4,0,0,49086,590205509,590309022,103513,11,5,5,0,0,0,0,2420,1,1
49087,4,0,3,49087,590323686,590370583,46897,4,1,2,0,0,0,0,2420,1,1
49088,4,0,4,49088,590385236,590481236,96000,10,4,5,0,0,0,0,2420,1,1
49089,4,0,1,49089,590495895,590569713,73818,8,7,0,0,0,0,0,2420,1,1
49090,4,0,3,49090,590584383,590756421,172038,20,13,6,0,0,0,0,2420,1,1
49091,4,0,2,49091,590771074,590800114,29040,2,1,0,0,0,0,0,2420,1,1
49092,4,0,1,49092,590814768,590843843,29075,2,1,0,0,0,0,0,2420,1,1
49093,4,0,0,49093,590858505,590895035,36530,3,2,0,0,0,0,0,2420,1,1
49094,4,0,3,49094,590909693,590931271,21578,1,0,0,0,0,0,0,2420,1,1
49095,4,0,2,49095,590945924,590983858,37934,3,1,1,0,0,0,0,2420,1,1
49096,4,0,2,49096,590998511,591121512,123001,14,10,3,0,0,0,0,2420,1,1
49097,4,0,2,49097,591136174,591166666,30492,2,0,1,0,0,0,0,2420,1,1
49098,4,0,1,49098,591181316,591202921,21605,1,0,0,0,0,0,0,2420,1,1
49099,4,0,1,49099,591217583,591303291,85708,9,5,3,0,0,0,0,2420,1,1
49100,4,0,2,49100,591317952,591348447,30495,2,0,1,0,0,0,0,2420,1,1
49101,4,0,0,49101,591363097,591448723,85626,9,5,3,0,0,0,0,2420,1,1
49102,4,0,4,49102,591463384,591526651,63267,6,2,3,0,0,0,0,2420,1,1
49103,4,0,3,49103,591541304,591579253,37949,3,1,1,0,0,0,0,2420,1,1
49104,4,0,3,49104,591593910,591682691,88781,10,9,0,0,0,0,0,2420,1,1
49105,4,0,1,49105,591697346,591736773,39427,3,0,2,0,0,0,0,2420,1,1
49106,4,0,4,49106,591751435,591838530,87095,9,4,4,0,0,0,0,2420,1,1
49107,4,0,3,49107,591853187,591929911,76724,8,5,2,0,0,0,0,2420,1,1
49108,4,0,0,49108,591944569,591982547,37978,3,1,1,0,0,0,0,2420,1,1
49109,4,0,0,49109,591997209,592026284,29075,2,1,0,0,0,0,0,2420,1,1
49110,4,0,3,49110,592040941,592110219,69278,7,4,2,0,0,0,0,2420,1,1
49111,4,0,3,49111,592124872,592217979,93107,10,6,3,0,0,0,0,2420,1,1
49112,4,0,1,49112,592232629,592254236,21607,1,0,0,0,0,0,0,2420,1,1
49113,4,0,0,49113,592268897,592393385,124488,14,9,4,0,0,0,0,2420,1,1
49114,4,0,4,49114,592408045,592429628,21583,1,0,0,0,0,0,0,2420,1,1
49115,4,0,0,49115,592444285,592500139,55854,5,1,3,0,0,0,0,2420,1,1
49116,4,0,0,49116,592514804,592545335,30531,2,0,1,0,0,0,0,2420,1,1
49117,4,0,2,49117,592559992,592581571,21579,1,0,0,0,0,0,0,2420,1,1
49118,4,0,1,49118,592596224,592698345,102121,11,6,4,0,0,0,0,2420,1,1
49119,4,0,0,49119,592713012,592783777,70765,7,3,3,0,0,0,0,2420,1,1
49120,4,0,3,49120,592798434,592820012,21578,1,0,0,0,0,0,0,2420,1,1
49121,4,0,3,49121,592834666,592872600,37934,3,1,1,0,0,0,0,2420,1,1
49122,4,0,3,49122,592887254,592925198,37944,3,1,1,0,0,0,0,2420,1,1
49123,4,0,1,49123,592939847,593024079,84232,9,6,2,0,0,0,0,2420,1,1
49124,4,0,2,49124,593038740,593075249,36509,3,2,0,0,0,0,0,2420,1,1
49125,4,0,2,49125,593089898,593166609,76711,8,5,2,0,0,0,0,2420,1,1
49126,4,0,0,49126,593181258,593202856,21598,1,0,0,0,0,0,0,2420,1,1
49127,4,0,3,49127,593217514,593246562,29048,2,1,0,0,0,0,0,2420,1,1
49128,4,0,2,49128,593261215,593346855,85640,9,5,3,0,0,0,0,2420,1,1
49129,4,0,3,49129,593361507,593390559,29052,2,1,0,0,0,0,0,2420,1,1
49130,4,0,1,49130,593405212,593527983,122771,13,4,8,0,0,0,0,2420,1,1
49131,4,0,1,49131,593542648,593614872,72224,7,2,4,0,0,0,0,2420,1,1
49132,4,0,0,49132,593629533,593668962,39429,3,0,2,0,0,0,0,2420,1,1
49133,4,0,2,49133,593683623,593729025,45402,4,2,1,0,0,0,0,2420,1,1
49134,4,0,1,49134,593743678,593787702,44024,4,3,0,0,0,0,0,2420,1,1
49135,4,0,3,49135,593802362,593838866,36504,3,2,0,0,0,0,0,2420,1,1
49136,4,0,4,49136,593853518,593891488,37970,3,1,1,0,0,0,0,2420,1,1
49137,4,0,1,49137,593906145,593953022,46877,4,1,2,0,0,0,0,2420,1,1
49138,4,0,1,49138,593967687,594005695,38008,3,1,1,0,0,0,0,2420,1,1
49139,4,0,2,49139,594020356,594056853,36497,3,2,0,0,0,0,0,2420,1,1
49140,4,0,4,49140,594071502,594109468,37966,3,1,1,0,0,0,0,2420,1,1
49141,4,0,4,49141,594124126,594177005,52879,5,3,1,0,0,0,0,2420,1,1
49142,4,0,3,49142,594191659,594246052,54393,5,2,2,0,0,0,0,2420,1,1
49143,4,0,1,49143,594260702,594322529,61827,6,3,2,0,0,0,0,2420,1,1
49144,4,0,0,49144,594337195,594384128,46933,4,1,2,0,0,0,0,2420,1,1
49145,4,0,4,49145,594398785,594454582,55797,5,1,3,0,0,0,0,2420,1,1
49146,4,0,2,49146,594469235,594498274,29039,2,1,0,0,0,0,0,2420,1,1
49147,4,0,4,49147,594512931,594634228,121297,13,5,7,0,0,0,0,2420,1,1
49148,4,0,4,49148,594648885,594685388,36503,3,2,0,0,0,0,0,2420,1,1
49149,4,0,3,49149,594700042,594736548,36506,3,2,0,0,0,0,0,2420,1,1
49150,4,0,4,49150,594751198,594787708,36510,3,2,0,0,0,0,0,2420,1,1
49151,4,0,2,49151,594802361,594850676,48315,4,0,3,0,0,0,0,2420,1,1
49152,4,0,4,49152,594865333,594886916,21583,1,0,0,0,0,0,0,2420,1,1
49153,4,0,1,49153,594901569,594923175,21606,1,0,0,0,0,0,0,2420,1,1
49154,4,0,2,49154,594937841,594959420,21579,1,0,0,0,0,0,0,2420,1,1
49155,4,0,1,49155,594974073,594995675,21602,1,0,0,0,0,0,0,2420,1,1
49156,4,0,0,49156,595010336,595039385,29049,2,1,0,0,0,0,0,2420,1,1
49157,4,0,0,49157,595054046,595083125,29079,2,1,0,0,0,0,0,2420,1,1
49158,4,0,1,49158,595097783,595134327,36544,3,2,0,0,0,0,0,2420,1,1
49159,4,0,4,49159,595148988,595194388,45400,4,2,1,0,0,0,0,2420,1,1
49160,4,0,1,49160,595209041,595238095,29054,2,1,0,0,0,0,0,2420,1,1
49161,4,0,2,49161,595252764,595304161,51397,5,4,0,0,0,0,0,2420,1,1
49162,4,0,4,49162,595318811,595340389,21578,1,0,0,0,0,0,0,2420,1,1
49163,4,0,1,49163,595355043,595401948,46905,4,1,2,0,0,0,0,2420,1,1
49164,4,0,3,49164,595416613,595566297,149684,17,10,6,0,0,0,0,2420,1,1
49165,4,0,2,49165,595580951,595648767,67816,7,5,1,0,0,0,0,2420,1,1
49166,4,0,0,49166,595663420,595702849,39429,3,0,2,0,0,0,0,2420,1,1
49167,4,0,1,49167,595717506,595762933,45427,4,2,1,0,0,0,0,2420,1,1
49168,4,0,3,49168,595777595,595799173,21578,1,0,0,0,0,0,0,2420,1,1
49169,4,0,0,49169,595813827,595835421,21594,1,0,0,0,0,0,0,2420,1,1
49170,4,0,0,49170,595850078,595910502,60424,6,4,1,0,0,0,0,2420,1,1
49171,4,0,4,49171,595925164,596012284,87120,9,4,4,0,0,0,0,2420,1,1
49172,4,0,1,49172,596026938,596072366,45428,4,2,1,0,0,0,0,2420,1,1
49173,4,0,1,49173,596087031,596125006,37975,3,1,1,0,0,0,0,2420,1,1
49174,4,0,0,49174,596139667,596176204,36537,3,2,0,0,0,0,0,2420,1,1
49175,4,0,2,49175,596190861,596212439,21578,1,0,0,0,0,0,0,2420,1,1
49176,4,0,0,49176,596227091,596256155,29064,2,1,0,0,0,0,0,2420,1,1
49177,4,0,4,49177,596270813,596359519,88706,9,4,3,0,1,0,0,2420,1,1
49178,4,0,4,49178,596374172,596428567,54395,5,2,2,0,0,0,0,2420,1,1
49179,4,0,2,49179,596443220,596472274,29054,2,1,0,0,0,0,0,2420,1,1
49180,4,0,1,49180,596486927,596542739,55812,5,1,3,0,0,0,0,2420,1,1
49181,4,0,1,49181,596557404,596617800,60396,6,4,1,0,0,0,0,2420,1,1
49182,4,0,2,49182,596632462,596710643,78181,8,4,3,0,0,0,0,2420,1,1
49183,4,0,4,49183,596725296,596754325,29029,2,1,0,0,0,0,0,2420,1,1
49184,4,0,3,49184,596768974,596790552,21578,1,0,0,0,0,0,0,2420,1,1
49185,4,0,3,49185,596805205,596834244,29039,2,1,0,0,0,0,0,2420,1,1
49186,4,0,4,49186,596848893,596903251,54358,5,2,2,0,0,0,0,2420,1,1
49187,4,0,1,49187,596917901,597045289,127388,14,7,6,0,0,0,0,2420,1,1
49188,4,0,1,49188,597059953,597121790,61837,6,3,2,0,0,0,0,2420,1,1
49189,4,0,2,49189,597136455,597248866,112411,12,5,6,0,0,0,0,2420,1,1
49190,4,0,2,49190,597263522,597468431,204909,24,15,8,0,0,0,0,2420,1,1
49191,4,0,0,49191,597483085,597568768,85683,9,5,3,0,0,0,0,2420,1,1
49192,4,0,3,49192,597583433,597605012,21579,1,0,0,0,0,0,0,2420,1,1
49193,4,0,3,49193,597619665,597641244,21579,1,0,0,0,0,0,0,2420,1,1
49194,4,0,3,49194,597655898,597743035,87137,9,4,4,0,0,0,0,2420,1,1
49195,4,0,2,49195,597757684,597859737,102053,11,6,4,0,0,0,0,2420,1,1
49196,4,0,4,49196,597874393,597904894,30501,2,0,1,0,0,0,0,2420,1,1
49197,4,0,4,49197,597919544,597957510,37966,3,1,1,0,0,0,0,2420,1,1
49198,4,0,3,49198,597972160,598001197,29037,2,1,0,0,0,0,0,2420,1,1
49199,4,0,2,49199,598015851,598037429,21578,1,0,0,0,0,0,0,2420,1,1
49200,4,0,2,49200,598052078,598073661,21583,1,0,0,0,0,0,0,2420,1,1
49201,4,0,1,49201,598088311,598156071,67760,7,5,1,0,0,0,0,2420,1,1
49202,4,0,4,49202,598170732,598192310,21578,1,0,0,0,0,0,0,2420,1,1
49203,4,0,0,49203,598206963,598228557,21594,1,0,0,0,0,0,0,2420,1,1
49204,4,0,1,49204,598243218,598264821,21603,1,0,0,0,0,0,0,2420,1,1
49205,4,0,0,49205,598279482,598301076,21594,1,0,0,0,0,0,0,2420,1,1
49206,4,0,3,49206,598315738,598346241,30503,2,0,1,0,0,0,0,2420,1,1
49207,4,0,3,49207,598360890,598397388,36498,3,2,0,0,0,0,0,2420,1,1
49208,4,0,4,49208,598412036,598433619,21583,1,0,0,0,0,0,0,2420,1,1
49209,4,0,0,49209,598448269,598469864,21595,1,0,0,0,0,0,0,2420,1,1
49210,4,0,4,49210,598484525,598549250,64725,6,1,4,0,0,0,0,2420,1,1
49211,4,0,1,49211,598563903,598603342,39439,3,0,2,0,0,0,0,2420,1,1
49212,4,0,4,49212,598618003,598655993,37990,3,1,1,0,0,0,0,2420,1,1
49213,4,0,2,49213,598670642,598699677,29035,2,1,0,0,0,0,0,2420,1,1
49214,4,0,1,49214,598714332,598752325,37993,3,1,1,0,0,0,0,2420,1,1
49215,4,0,4,49215,598766991,598788569,21578,1,0,0,0,0,0,0,2420,1,1
49216,4,0,2,49216,598803223,598856159,52936,5,3,1,0,0,0,0,2420,1,1
49217,4,0,2,49217,598870809,598892388,21579,1,0,0,0,0,0,0,2420,1,1
49218,4,0,1,49218,598907041,598936116,29075,2,1,0,0,0,0,0,2420,1,1
49219,4,0,3,49219,598950777,598972356,21579,1,0,0,0,0,0,0,2420,1,1
49220,4,0,0,49220,598987010,599016059,29049,2,1,0,0,0,0,0,2420,1,1
49221,4,0,0,49221,599030716,599059762,29046,2,1,0,0,0,0,0,2420,1,1
49222,4,0,1,49222,599074423,599128788,54365,5,2,2,0,0,0,0,2420,1,1
49223,4,0,0,49223,599143453,599182871,39418,3,0,2,0,0,0,0,2420,1,1
49224,4,0,2,49224,599197532,599219111,21579,1,0,0,0,0,0,0,2420,1,1
49225,4,0,1,49225,599233775,599361163,127388,14,7,6,0,0,0,0,2420,1,1
49226,4,0,4,49226,599375844,599458592,82748,9,7,1,0,0,0,0,2420,1,1
49227,4,0,3,49227,599473257,599521604,48347,4,0,3,0,0,0,0,2420,1,1
49228,4,0,1,49228,599536270,599690574,154304,17,8,7,0,1,0,0,2420,1,1
49229,4,0,1,49229,599705255,599735761,30506,2,0,1,0,0,0,0,2420,1,1
49230,4,0,0,49230,599750435,599772029,21594,1,0,0,0,0,0,0,2420,1,1
49231,4,0,4,49231,599786702,599830648,43946,4,3,0,0,0,0,0,2420,1,1
49232,4,0,2,49232,599845313,599907113,61800,6,3,2,0,0,0,0,2420,1,1
49233,4,0,4,49233,599921774,599967163,45389,4,2,1,0,0,0,0,2420,1,1
49234,4,0,2,49234,599981825,600012322,30497,2,0,1,0,0,0,0,2420,1,1
49235,4,0,3,49235,600026987,600072406,45419,4,2,1,0,0,0,0,2420,1,1
49236,4,0,2,49236,600087071,600108649,21578,1,0,0,0,0,0,0,2420,1,1
49237,4,0,2,49237,600123314,600201497,78183,8,4,3,0,0,0,0,2420,1,1
49238,4,0,4,49238,600216163,600344884,128721,14,6,7,0,0,0,0,2420,1,1
49239,4,0,1,49239,600359549,600399004,39455,3,0,2,0,0,0,0,2420,1,1
49240,4,0,1,49240,600413681,600444186,30505,2,0,1,0,0,0,0,2420,1,1
49241,4,0,4,49241,600458859,600498270,39411,3,0,2,0,0,0,0,2420,1,1
49242,4,0,4,49242,600512935,600549443,36508,3,2,0,0,0,0,0,2420,1,1
49243,4,0,3,49243,600564107,600640833,76726,8,5,2,0,0,0,0,2420,1,1
49244,4,0,0,49244,600655498,600699509,44011,4,3,0,0,0,0,0,2420,1,1
49245,4,0,0,49245,600714181,600743258,29077,2,1,0,0,0,0,0,2420,1,1
49246,4,0,2,49246,600757927,600779506,21579,1,0,0,0,0,0,0,2420,1,1
49247,4,0,4,49247,600794171,600815750,21579,1,0,0,0,0,0,0,2420,1,1
49248,4,0,0,49248,600830411,600926429,96018,10,4,5,0,0,0,0,2420,1,1
49249,4,0,3,49249,600941100,600996909,55809,5,1,3,0,0,0,0,2420,1,1
49250,4,0,4,49250,601011571,601033153,21582,1,0,0,0,0,0,0,2420,1,1
49251,4,0,1,49251,601047814,601118563,70749,7,3,3,0,0,0,0,2420,1,1
49252,4,0,3,49252,601133239,601171167,37928,3,1,1,0,0,0,0,2420,1,1
49253,4,0,1,49253,601185832,601258190,72358,7,3,2,0,1,0,0,2420,1,1
49254,4,0,1,49254,601272868,601325739,52871,5,3,1,0,0,0,0,2420,1,1
49255,4,0,2,49255,601340412,601426083,85671,9,5,3,0,0,0,0,2420,1,1
49256,4,0,3,49256,601440745,601502546,61801,6,3,2,0,0,0,0,2420,1,1
49257,4,0,2,49257,601517212,601538790,21578,1,0,0,0,0,0,0,2420,1,1
49258,4,0,0,49258,601553456,601575050,21594,1,0,0,0,0,0,0,2420,1,1
49259,4,0,3,49259,601589720,601685755,96035,10,4,5,0,0,0,0,2420,1,1
49260,4,0,3,49260,601700419,601730899,30480,2,0,1,0,0,0,0,2420,1,1
49261,4,0,1,49261,601745563,601799950,54387,5,2,2,0,0,0,0,2420,1,1
49262,4,0,3,49262,601814627,601858636,44009,4,3,0,0,0,0,0,2420,1,1
49263,4,0,2,49263,601873302,601902348,29046,2,1,0,0,0,0,0,2420,1,1
49264,4,0,3,49264,601917013,601955004,37991,3,1,1,0,0,0,0,2420,1,1
49265,4,0,2,49265,601969666,602009067,39401,3,0,2,0,0,0,0,2420,1,1
49266,4,0,0,49266,602023731,602080999,57268,5,0,4,0,0,0,0,2420,1,1
49267,4,0,3,49267,602095672,602117251,21579,1,0,0,0,0,0,0,2420,1,1
49268,4,0,2,49268,602131912,602153495,21583,1,0,0,0,0,0,0,2420,1,1
49269,4,0,3,49269,602168156,602215046,46890,4,1,2,0,0,0,0,2420,1,1
49270,4,0,3,49270,602229708,602251286,21578,1,0,0,0,0,0,0,2420,1,1
49271,4,0,4,49271,602265951,602287530,21579,1,0,0,0,0,0,0,2420,1,1
49272,4,0,0,49272,602302191,602323789,21598,1,0,0,0,0,0,0,2420,1,1
49273,4,0,0,49273,602338458,602360053,21595,1,0,0,0,0,0,0,2420,1,1
49274,4,0,1,49274,602374726,602411263,36537,3,2,0,0,0,0,0,2420,1,1
49275,4,0,4,49275,602425940,602526487,100547,11,7,3,0,0,0,0,2420,1,1
49276,4,0,0,49276,602541151,602595532,54381,5,2,2,0,0,0,0,2420,1,1
49277,4,0,3,49277,602610201,602673458,63257,6,2,3,0,0,0,0,2420,1,1
49278,4,0,0,49278,602688119,602717177,29058,2,1,0,0,0,0,0,2420,1,1
49279,4,0,0,49279,602731847,602841326,109479,12,7,4,0,0,0,0,2420,1,1
49280,4,0,4,49280,602856003,602877580,21577,1,0,0,0,0,0,0,2420,1,1
49281,4,0,2,49281,602892241,602946612,54371,5,2,2,0,0,0,0,2420,1,1
49282,4,0,1,49282,602961273,602982879,21606,1,0,0,0,0,0,0,2420,1,1
49283,4,0,2,49283,602997551,603060832,63281,6,2,3,0,0,0,0,2420,1,1
49284,4,0,1,49284,603075497,603144809,69312,7,4,2,0,0,0,0,2420,1,1
49285,4,0,2,49285,603159483,603195993,36510,3,2,0,0,0,0,0,2420,1,1
49286,4,0,4,49286,603210654,603354280,143626,16,8,7,0,0,0,0,2420,1,1
49287,4,0,3,49287,603368944,603429309,60365,6,4,1,0,0,0,0,2420,1,1
49288,4,0,2,49288,603443974,603492308,48334,4,0,3,0,0,0,0,2420,1,1
49289,4,0,1,49289,603506961,603528563,21602,1,0,0,0,0,0,0,2420,1,1
49290,4,0,0,49290,603543228,603564823,21595,1,0,0,0,0,0,0,2420,1,1
49291,4,0,1,49291,603579480,603624898,45418,4,2,1,0,0,0,0,2420,1,1
49292,4,0,3,49292,603639559,603668620,29061,2,1,0,0,0,0,0,2420,1,1
49293,4,0,1,49293,603683273,603752531,69258,7,4,2,0,0,0,0,2420,1,1
49294,4,0,2,49294,603767197,603788776,21579,1,0,0,0,0,0,0,2420,1,1
49295,4,0,1,49295,603803429,603825032,21603,1,0,0,0,0,0,0,2420,1,1
49296,4,0,3,49296,603839693,603870174,30481,2,0,1,0,0,0,0,2420,1,1
49297,4,0,2,49297,603884828,603939177,54349,5,2,2,0,0,0,0,2420,1,1
49298,4,0,3,49298,603953831,603975409,21578,1,0,0,0,0,0,0,2420,1,1
49299,4,0,2,49299,603990058,604019104,29046,2,1,0,0,0,0,0,2420,1,1
49300,4,0,2,49300,604033756,604088108,54352,5,2,2,0,0,0,0,2420,1,1
49301,4,0,0,49301,604102762,604139258,36496,3,2,0,0,0,0,0,2420,1,1
49302,4,0,0,49302,604153920,604182972,29052,2,1,0,0,0,0,0,2420,1,1
49303,4,0,4,49303,604197629,604260928,63299,6,2,3,0,0,0,0,2420,1,1
49304,4,0,3,49304,604275582,604306065,30483,2,0,1,0,0,0,0,2420,1,1
49305,4,0,2,49305,604320714,604391416,70702,7,3,3,0,0,0,0,2420,1,1
49306,4,0,0,49306,604406070,604436573,30503,2,0,1,0,0,0,0,2420,1,1
49307,4,0,4,49307,604451231,604532313,81082,8,2,5,0,0,0,0,2420,1,1
49308,4,0,2,49308,604546967,604568545,21578,1,0,0,0,0,0,0,2420,1,1
49309,4,0,0,49309,604583197,604703081,119884,13,6,6,0,0,0,0,2420,1,1
49310,4,0,2,49310,604717742,604804951,87209,9,4,4,0,0,0,0,2420,1,1
49311,4,0,1,49311,604819600,604876853,57253,5,0,4,0,0,0,0,2420,1,1
49312,4,0,3,49312,604891514,604951873,60359,6,4,1,0,0,0,0,2420,1,1
49313,4,0,0,49313,604966526,604995572,29046,2,1,0,0,0,0,0,2420,1,1
49314,4,0,1,49314,605010230,605048220,37990,3,1,1,0,0,0,0,2420,1,1
49315,4,0,4,49315,605062885,605139626,76741,8,5,2,0,0,0,0,2420,1,1
49316,4,0,0,49316,605154280,605232505,78225,8,4,3,0,0,0,0,2420,1,1
49317,4,0,4,49317,605247166,605285132,37966,3,1,1,0,0,0,0,2420,1,1
49318,4,0,4,49318,605299781,605321360,21579,1,0,0,0,0,0,0,2420,1,1
49319,4,0,4,49319,605336013,605365058,29045,2,1,0,0,0,0,0,2420,1,1
49320,4,0,2,49320,605379711,605408765,29054,2,1,0,0,0,0,0,2420,1,1
49321,4,0,0,49321,605423418,605494134,70716,7,3,3,0,0,0,0,2420,1,1
49322,4,0,3,49322,605508791,605539277,30486,2,0,1,0,0,0,0,2420,1,1
49323,4,0,3,49323,605553930,605584431,30501,2,0,1,0,0,0,0,2420,1,1
49324,4,0,0,49324,605599081,605736757,137676,15,6,8,0,0,0,0,2420,1,1
49325,4,0,2,49325,605751417,605813261,61844,6,3,2,0,0,0,0,2420,1,1
49326,4,0,4,49326,605827910,605849489,21579,1,0,0,0,0,0,0,2420,1,1
49327,4,0,3,49327,605864142,605900636,36494,3,2,0,0,0,0,0,2420,1,1
49328,4,0,3,49328,605915289,605945780,30491,2,0,1,0,0,0,0,2420,1,1
49329,4,0,0,49329,605960429,605996937,36508,3,2,0,0,0,0,0,2420,1,1
49330,4,0,2,49330,606011594,606040623,29029,2,1,0,0,0,0,0,2420,1,1
49331,4,0,4,49331,606055276,606115652,60376,6,4,1,0,0,0,0,2420,1,1
49332,4,0,4,49332,606130301,606151880,21579,1,0,0,0,0,0,0,2420,1,1
49333,4,0,2,49333,606166533,606188111,21578,1,0,0,0,0,0,0,2420,1,1
49334,4,0,1,49334,606202764,606242194,39430,3,0,2,0,0,0,0,2420,1,1
49335,4,0,2,49335,606256858,606278437,21579,1,0,0,0,0,0,0,2420,1,1
49336,4,0,1,49336,606293088,606338530,45442,4,2,1,0,0,0,0,2420,1,1
49337,4,0,4,49337,606353195,606374774,21579,1,0,0,0,0,0,0,2420,1,1
49338,4,0,4,49338,606389423,606411001,21578,1,0,0,0,0,0,0,2420,1,1
49339,4,0,0,49339,606425655,606480024,54369,5,2,2,0,0,0,0,2420,1,1
49340,4,0,0,49340,606494686,606540153,45467,4,2,1,0,0,0,0,2420,1,1
49341,4,0,3,49341,606554814,606600232,45418,4,2,1,0,0,0,0,2420,1,1
49342,4,0,3,49342,606614885,606636464,21579,1,0,0,0,0,0,0,2420,1,1
49343,4,0,4,49343,606651112,606729316,78204,8,4,3,0,0,0,0,2420,1,1
49344,4,0,4,49344,606743970,606774479,30509,2,0,1,0,0,0,0,2420,1,1
49345,4,0,1,49345,606789128,606810730,21602,1,0,0,0,0,0,0,2420,1,1
49346,4,0,1,49346,606825395,606876818,51423,5,4,0,0,0,0,0,2420,1,1
49347,4,0,2,49347,606891478,606929442,37964,3,1,1,0,0,0,0,2420,1,1
49348,4,0,0,49348,606944095,606989516,45421,4,2,1,0,0,0,0,2420,1,1
49349,4,0,0,49349,607004177,607033242,29065,2,1,0,0,0,0,0,2420,1,1
49350,4,0,3,49350,607047900,607094778,46878,4,1,2,0,0,0,0,2420,1,1
49351,4,0,3,49351,607109427,607147391,37964,3,1,1,0,0,0,0,2420,1,1
49352,4,0,3,49352,607162044,607183628,21584,1,0,0,0,0,0,0,2420,1,1
49353,4,0,0,49353,607198281,607219875,21594,1,0,0,0,0,0,0,2420,1,1
49354,4,0,2,49354,607234536,607263565,29029,2,1,0,0,0,0,0,2420,1,1
49355,4,0,2,49355,607278214,607387663,109449,12,7,4,0,0,0,0,2420,1,1
49356,4,0,3,49356,607402318,607423900,21582,1,0,0,0,0,0,0,2420,1,1
49357,4,0,4,49357,607438550,607525631,87081,9,4,4,0,0,0,0,2420,1,1
49358,4,0,3,49358,607540281,607603559,63278,6,2,3,0,0,0,0,2420,1,1
49359,4,0,0,49359,607618209,607669663,51454,5,4,0,0,0,0,0,2420,1,1
49360,4,0,2,49360,607684325,607731235,46910,4,1,2,0,0,0,0,2420,1,1
49361,4,0,2,49361,607745888,607767467,21579,1,0,0,0,0,0,0,2420,1,1
49362,4,0,2,49362,607782117,607818625,36508,3,2,0,0,0,0,0,2420,1,1
49363,4,0,2,49363,607833278,607854857,21579,1,0,0,0,0,0,0,2420,1,1
49364,4,0,4,49364,607869506,607898564,29058,2,1,0,0,0,0,0,2420,1,1
49365,4,0,4,49365,607913217,607934796,21579,1,0,0,0,0,0,0,2420,1,1
49366,4,0,3,49366,607949446,607971024,21578,1,0,0,0,0,0,0,2420,1,1
49367,4,0,0,49367,607985677,608047474,61797,6,3,2,0,0,0,0,2420,1,1
49368,4,0,4,49368,608062132,608128513,66381,7,6,0,0,0,0,0,2420,1,1
49369,4,0,4,49369,608143166,608212418,69252,7,4,2,0,0,0,0,2420,1,1
49370,4,0,4,49370,608227071,608257569,30498,2,0,1,0,0,0,0,2420,1,1
49371,4,0,2,49371,608272218,608372582,100364,10,1,8,0,0,0,0,2420,1,1
49372,4,0,3,49372,608387238,608416268,29030,2,1,0,0,0,0,0,2420,1,1
49373,4,0,0,49373,608430917,608558318,127401,14,7,6,0,0,0,0,2420,1,1
49374,4,0,0,49374,608572982,608603503,30521,2,0,1,0,0,0,0,2420,1,1
49375,4,0,1,49375,608618160,608647212,29052,2,1,0,0,0,0,0,2420,1,1
49376,4,0,2,49376,608661873,608708920,47047,4,2,0,0,1,0,0,2420,1,1
49377,4,0,2,49377,608723573,608779336,55763,5,1,3,0,0,0,0,2420,1,1
49378,4,0,3,49378,608793989,608815568,21579,1,0,0,0,0,0,0,2420,1,1
49379,4,0,0,49379,608830219,608859277,29058,2,1,0,0,0,0,0,2420,1,1
49380,4,0,4,49380,608873938,608968483,94545,10,5,4,0,0,0,0,2420,1,1
49381,4,0,0,49381,608983138,609004733,21595,1,0,0,0,0,0,0,2420,1,1
49382,4,0,4,49382,609019389,609164519,145130,16,7,8,0,0,0,0,2420,1,1
49383,4,0,0,49383,609179171,609208237,29066,2,1,0,0,0,0,0,2420,1,1
49384,4,0,4,49384,609222901,609244484,21583,1,0,0,0,0,0,0,2420,1,1
49385,4,0,0,49385,609259141,609280739,21598,1,0,0,0,0,0,0,2420,1,1
49386,4,0,2,49386,609295408,609363182,67774,7,5,1,0,0,0,0,2420,1,1
49387,4,0,2,49387,609377840,609462120,84280,9,6,2,0,0,0,0,2420,1,1
49388,4,0,2,49388,609476782,609498364,21582,1,0,0,0,0,0,0,2420,1,1
49389,4,0,2,49389,609513023,609557011,43988,4,3,0,0,0,0,0,2420,1,1
49390,4,0,2,49390,609571668,609600703,29035,2,1,0,0,0,0,0,2420,1,1
49391,4,0,1,49391,609615365,609777162,161797,19,14,4,0,0,0,0,2420,1,1
49392,4,0,3,49392,609791836,609822337,30501,2,0,1,0,0,0,0,2420,1,1
49393,4,0,0,49393,609836998,609858596,21598,1,0,0,0,0,0,0,2420,1,1
49394,4,0,1,49394,609873266,609918694,45428,4,2,1,0,0,0,0,2420,1,1
49395,4,0,0,49395,609933367,609972792,39425,3,0,2,0,0,0,0,2420,1,1
49396,4,0,4,49396,609987458,610050774,63316,6,2,3,0,0,0,0,2420,1,1
49397,4,0,4,49397,610065437,610087019,21582,1,0,0,0,0,0,0,2420,1,1
49398,4,0,3,49398,610101677,610267878,166201,19,11,7,0,0,0,0,2420,1,1
49399,4,0,1,49399,610282540,610335486,52946,5,3,1,0,0,0,0,2420,1,1
49400,4,0,1,49400,610350155,610397078,46923,4,1,2,0,0,0,0,2420,1,1
49401,4,0,3,49401,610411747,610433334,21587,1,0,0,0,0,0,0,2420,1,1
49402,4,0,1,49402,610447991,610509832,61841,6,3,2,0,0,0,0,2420,1,1
49403,4,0,2,49403,610524506,610561032,36526,3,2,0,0,0,0,0,2420,1,1
49404,4,0,3,49404,610575694,610604740,29046,2,1,0,0,0,0,0,2420,1,1
49405,4,0,2,49405,610619397,610648440,29043,2,1,0,0,0,0,0,2420,1,1
49406,4,0,2,49406,610663100,610693617,30517,2,0,1,0,0,0,0,2420,1,1
49407,4,0,3,49407,610708274,610843020,134746,15,8,6,0,0,0,0,2420,1,1
49408,4,0,1,49408,610857680,610996887,139207,15,5,9,0,0,0,0,2420,1,1
49409,4,0,0,49409,611011559,611033161,21602,1,0,0,0,0,0,0,2420,1,1
49410,4,0,2,49410,611047827,611103579,55752,5,1,3,0,0,0,0,2420,1,1
49411,4,0,1,49411,611118236,611148744,30508,2,0,1,0,0,0,0,2420,1,1
49412,4,0,1,49412,611163418,611192468,29050,2,1,0,0,0,0,0,2420,1,1
49413,4,0,0,49413,611207141,611315213,108072,12,8,3,0,0,0,0,2420,1,1
49414,4,0,2,49414,611329881,611406595,76714,8,5,2,0,0,0,0,2420,1,1
49415,4,0,4,49415,611421252,611459218,37966,3,1,1,0,0,0,0,2420,1,1
49416,4,0,0,49416,611473879,611504413,30534,2,0,1,0,0,0,0,2420,1,1
49417,4,0,0,49417,611519078,611604721,85643,9,5,3,0,0,0,0,2420,1,1
49418,4,0,1,49418,611619386,611655916,36530,3,2,0,0,0,0,0,2420,1,1
49419,4,0,0,49419,611670585,611789017,118432,13,7,5,0,0,0,0,2420,1,1
49420,4,0,2,49420,611803689,611825272,21583,1,0,0,0,0,0,0,2420,1,1
49421,4,0,3,49421,611839929,611877865,37936,3,1,1,0,0,0,0,2420,1,1
49422,4,0,0,49422,611892523,611921579,29056,2,1,0,0,0,0,0,2420,1,1
49423,4,0,4,49423,611936248,611975833,39585,3,1,0,0,1,0,0,2420,1,1
49424,4,0,3,49424,611990490,612012072,21582,1,0,0,0,0,0,0,2420,1,1
49425,4,0,2,49425,612026733,612186782,160049,18,9,8,0,0,0,0,2420,1,1
49426,4,0,2,49426,612201442,612254301,52859,5,3,1,0,0,0,0,2420,1,1
49427,4,0,1,49427,612268958,612299488,30530,2,0,1,0,0,0,0,2420,1,1
49428,4,0,2,49428,612314161,612361045,46884,4,1,2,0,0,0,0,2420,1,1
49429,4,0,4,49429,612375706,612485268,109562,12,7,4,0,0,0,0,2420,1,1
49430,4,0,2,49430,612499928,612521510,21582,1,0,0,0,0,0,0,2420,1,1
49431,4,0,0,49431,612536172,612557770,21598,1,0,0,0,0,0,0,2420,1,1
49432,4,0,0,49432,612572435,612594037,21602,1,0,0,0,0,0,0,2420,1,1
49433,4,0,4,49433,612608703,612639187,30484,2,0,1,0,0,0,0,2420,1,1
49434,4,0,3,49434,612653848,612675431,21583,1,0,0,0,0,0,0,2420,1,1
49435,4,0,2,49435,612690088,612842911,152823,18,14,3,0,0,0,0,2420,1,1
49436,4,0,3,49436,612857573,612879156,21583,1,0,0,0,0,0,0,2420,1,1
49437,4,0,0,49437,612893817,612933242,39425,3,0,2,0,0,0,0,2420,1,1
49438,4,0,2,49438,612947908,612976972,29064,2,1,0,0,0,0,0,2420,1,1
49439,4,0,1,49439,612991630,613054938,63308,6,2,3,0,0,0,0,2420,1,1
49440,4,0,3,49440,613069607,613091189,21582,1,0,0,0,0,0,0,2420,1,1
49441,4,0,4,49441,613105851,613242077,136226,15,7,7,0,0,0,0,2420,1,1
49442,4,0,3,49442,613256740,613300730,43990,4,3,0,0,0,0,0,2420,1,1
49443,4,0,3,49443,613315391,613336974,21583,1,0,0,0,0,0,0,2420,1,1
49444,4,0,0,49444,613351631,613492276,140645,15,4,10,0,0,0,0,2420,1,1
49445,4,0,4,49445,613506950,613528532,21582,1,0,0,0,0,0,0,2420,1,1
49446,4,0,1,49446,613543193,613572274,29081,2,1,0,0,0,0,0,2420,1,1
49447,4,0,0,49447,613586947,613623483,36536,3,2,0,0,0,0,0,2420,1,1
49448,4,0,1,49448,613638149,613698528,60379,6,4,1,0,0,0,0,2420,1,1
49449,4,0,4,49449,613713201,613757179,43978,4,3,0,0,0,0,0,2420,1,1
49450,4,0,3,49450,613771836,613802341,30505,2,0,1,0,0,0,0,2420,1,1
49451,4,0,4,49451,613817002,613847494,30492,2,0,1,0,0,0,0,2420,1,1
49452,4,0,4,49452,613862151,613932891,70740,7,3,3,0,0,0,0,2420,1,1
49453,4,0,4,49453,613947548,613984043,36495,3,2,0,0,0,0,0,2420,1,1
49454,4,0,1,49454,613998700,614027762,29062,2,1,0,0,0,0,0,2420,1,1
49455,4,0,4,49455,614042431,614064018,21587,1,0,0,0,0,0,0,2420,1,1
49456,4,0,1,49456,614078675,614195447,116772,12,2,9,0,0,0,0,2420,1,1
49457,4,0,2,49457,614210119,614239156,29037,2,1,0,0,0,0,0,2420,1,1
49458,4,0,2,49458,614253817,614275400,21583,1,0,0,0,0,0,0,2420,1,1
49459,4,0,3,49459,614290057,614311639,21582,1,0,0,0,0,0,0,2420,1,1
49460,4,0,4,49460,614326300,614386680,60380,6,4,1,0,0,0,0,2420,1,1
49461,4,0,1,49461,614401336,614464659,63323,6,2,3,0,0,0,0,2420,1,1
49462,4,0,4,49462,614479329,614509848,30519,2,0,1,0,0,0,0,2420,1,1
49463,4,0,1,49463,614524509,614561053,36544,3,2,0,0,0,0,0,2420,1,1
49464,4,0,0,49464,614575726,614612245,36519,3,2,0,0,0,0,0,2420,1,1
49465,4,0,3,49465,614626913,614666350,39437,3,0,2,0,0,0,0,2420,1,1
49466,4,0,0,49466,614681007,614774269,93262,10,7,1,0,1,0,0,2420,1,1
49467,4,0,3,49467,614788935,614810518,21583,1,0,0,0,0,0,0,2420,1,1
49468,4,0,0,49468,614825180,614888455,63275,6,2,3,0,0,0,0,2420,1,1
49469,4,0,4,49469,614903120,614932153,29033,2,1,0,0,0,0,0,2420,1,1
49470,4,0,0,49470,614946814,614968412,21598,1,0,0,0,0,0,0,2420,1,1
49471,4,0,4,49471,614983080,615037578,54498,5,3,0,0,1,0,0,2420,1,1
49472,4,0,3,49472,615052236,615139285,87049,9,4,4,0,0,0,0,2420,1,1
49473,4,0,0,49473,615153946,615183013,29067,2,1,0,0,0,0,0,2420,1,1
49474,4,0,1,49474,615197678,615241643,43965,4,3,0,0,0,0,0,2420,1,1
49475,4,0,4,49475,615256315,615294276,37961,3,1,1,0,0,0,0,2420,1,1
49476,4,0,2,49476,615308933,615330515,21582,1,0,0,0,0,0,0,2420,1,1
49477,4,0,2,49477,615345177,615390605,45428,4,2,1,0,0,0,0,2420,1,1
49478,4,0,2,49478,615405266,615441794,36528,3,2,0,0,0,0,0,2420,1,1
49479,4,0,1,49479,615456456,615486971,30515,2,0,1,0,0,0,0,2420,1,1
49480,4,0,1,49480,615501640,615523250,21610,1,0,0,0,0,0,0,2420,1,1
49481,4,0,0,49481,615537920,615599761,61841,6,3,2,0,0,0,0,2420,1,1
49482,4,0,3,49482,615614430,615652386,37956,3,1,1,0,0,0,0,2420,1,1
49483,4,0,0,49483,615667047,615688645,21598,1,0,0,0,0,0,0,2420,1,1
49484,4,0,2,49484,615703314,615742733,39419,3,0,2,0,0,0,0,2420,1,1
49485,4,0,2,49485,615757394,615786433,29039,2,1,0,0,0,0,0,2420,1,1
49486,4,0,0,49486,615801090,615822688,21598,1,0,0,0,0,0,0,2420,1,1
49487,4,0,3,49487,615837357,615875323,37966,3,1,1,0,0,0,0,2420,1,1
49488,4,0,4,49488,615889980,615920500,30520,2,0,1,0,0,0,0,2420,1,1
49489,4,0,0,49489,615935161,615956759,21598,1,0,0,0,0,0,0,2420,1,1
49490,4,0,3,49490,615971424,616009369,37945,3,1,1,0,0,0,0,2420,1,1
49491,4,0,4,49491,616024030,616045613,21583,1,0,0,0,0,0,0,2420,1,1
49492,4,0,2,49492,616060269,616090778,30509,2,0,1,0,0,0,0,2420,1,1
49493,4,0,3,49493,616105440,616127022,21582,1,0,0,0,0,0,0,2420,1,1
49494,4,0,3,49494,616141679,616187128,45449,4,2,1,0,0,0,0,2420,1,1
49495,4,0,3,49495,616201785,616254706,52921,5,3,1,0,0,0,0,2420,1,1
49496,4,0,1,49496,616269363,616334113,64750,6,1,4,0,0,0,0,2420,1,1
49497,4,0,3,49497,616348783,616370365,21582,1,0,0,0,0,0,0,2420,1,1
49498,4,0,4,49498,616385026,616539097,154071,17,7,9,0,0,0,0,2420,1,1
49499,4,0,3,49499,616553761,616620177,66416,7,6,0,0,0,0,0,2420,1,1
49500,4,0,1,49500,616634838,616745800,110962,12,6,5,0,0,0,0,2420,1,1
49501,4,0,1,49501,616760472,616799906,39434,3,0,2,0,0,0,0,2420,1,1
49502,4,0,0,49502,616814579,616836177,21598,1,0,0,0,0,0,0,2420,1,1
49503,4,0,2,49503,616850842,616879879,29037,2,1,0,0,0,0,0,2420,1,1
49504,4,0,4,49504,616894540,616931066,36526,3,2,0,0,0,0,0,2420,1,1
49505,4,0,2,49505,616945728,617001483,55755,5,1,3,0,0,0,0,2420,1,1
49506,4,0,0,49506,617016145,617063048,46903,4,1,2,0,0,0,0,2420,1,1
49507,4,0,0,49507,617077713,617099311,21598,1,0,0,0,0,0,0,2420,1,1
49508,4,0,0,49508,617113980,617151959,37979,3,1,1,0,0,0,0,2420,1,1
49509,4,0,0,49509,617166629,617228454,61825,6,3,2,0,0,0,0,2420,1,1
49510,4,0,1,49510,617243120,617296038,52918,5,3,1,0,0,0,0,2420,1,1
49511,4,0,2,49511,617310708,617347200,36492,3,2,0,0,0,0,0,2420,1,1
49512,4,0,2,49512,617361857,617401448,39591,3,1,0,0,1,0,0,2420,1,1
49513,4,0,4,49513,617416110,617437692,21582,1,0,0,0,0,0,0,2420,1,1
49514,4,0,3,49514,617452349,617505260,52911,5,3,1,0,0,0,0,2420,1,1
49515,4,0,2,49515,617519918,617548983,29065,2,1,0,0,0,0,0,2420,1,1
49516,4,0,0,49516,617563644,617720955,157311,18,11,6,0,0,0,0,2420,1,1
49517,4,0,2,49517,617735629,617842210,106581,12,9,2,0,0,0,0,2420,1,1
49518,4,0,2,49518,617856873,617887377,30504,2,0,1,0,0,0,0,2420,1,1
49519,4,0,1,49519,617902034,617948948,46914,4,1,2,0,0,0,0,2420,1,1
49520,4,0,0,49520,617963621,617992669,29048,2,1,0,0,0,0,0,2420,1,1
49521,4,0,4,49521,618007338,618036407,29069,2,1,0,0,0,0,0,2420,1,1
49522,4,0,4,49522,618051064,618080117,29053,2,1,0,0,0,0,0,2420,1,1
49523,4,0,0,49523,618094778,618116377,21599,1,0,0,0,0,0,0,2420,1,1
49524,4,0,1,49524,618131042,618167574,36532,3,2,0,0,0,0,0,2420,1,1
49525,4,0,1,49525,618182242,618203851,21609,1,0,0,0,0,0,0,2420,1,1
49526,4,0,4,49526,618218519,618290664,72145,7,2,4,0,0,0,0,2420,1,1
49527,4,0,0,49527,618305326,618390974,85648,9,5,3,0,0,0,0,2420,1,1
49528,4,0,0,49528,618405643,618449663,44020,4,3,0,0,0,0,0,2420,1,1
49529,4,0,3,49529,618464333,618485915,21582,1,0,0,0,0,0,0,2420,1,1
49530,4,0,1,49530,618500573,618547494,46921,4,1,2,0,0,0,0,2420,1,1
49531,4,0,0,49531,618562164,618598722,36558,3,2,0,0,0,0,0,2420,1,1
49532,4,0,1,49532,618613391,618634998,21607,1,0,0,0,0,0,0,2420,1,1
49533,4,0,0,49533,618649667,618678732,29065,2,1,0,0,0,0,0,2420,1,1
49534,4,0,4,49534,618693401,618756641,63240,6,2,3,0,0,0,0,2420,1,1
49535,4,0,0,49535,618771297,618800346,29049,2,1,0,0,0,0,0,2420,1,1
49536,4,0,2,49536,618815015,618858948,43933,4,3,0,0,0,0,0,2420,1,1
49537,4,0,0,49537,618873610,618911578,37968,3,1,1,0,0,0,0,2420,1,1
49538,4,0,2,49538,618926247,618973140,46893,4,1,2,0,0,0,0,2420,1,1
49539,4,0,0,49539,618987798,619025810,38012,3,1,1,0,0,0,0,2420,1,1
49540,4,0,1,49540,619040474,619118691,78217,8,4,3,0,0,0,0,2420,1,1
49541,4,0,1,49541,619133364,619217551,84187,9,6,2,0,0,0,0,2420,1,1
49542,4,0,0,49542,619232220,619285109,52889,5,3,1,0,0,0,0,2420,1,1
49543,4,0,0,49543,619299775,619337748,37973,3,1,1,0,0,0,0,2420,1,1
49544,4,0,0,49544,619352412,619390377,37965,3,1,1,0,0,0,0,2420,1,1
49545,4,0,1,49545,619405047,619451941,46894,4,1,2,0,0,0,0,2420,1,1
49546,4,0,1,49546,619466614,619503147,36533,3,2,0,0,0,0,0,2420,1,1
49547,4,0,1,49547,619517816,619539422,21606,1,0,0,0,0,0,0,2420,1,1
49548,4,0,2,49548,619554095,619590632,36537,3,2,0,0,0,0,0,2420,1,1
49549,4,0,0,49549,619605294,619626892,21598,1,0,0,0,0,0,0,2420,1,1
49550,4,0,2,49550,619641557,619682603,41046,3,0,1,0,1,0,0,2420,1,1
49551,4,0,3,49551,619697264,619727760,30496,2,0,1,0,0,0,0,2420,1,1
49552,4,0,3,49552,619742417,619787850,45433,4,2,1,0,0,0,0,2420,1,1
49553,4,0,1,49553,619802507,619889680,87173,9,4,4,0,0,0,0,2420,1,1
49554,4,0,0,49554,619904353,619957274,52921,5,3,1,0,0,0,0,2420,1,1
49555,4,0,0,49555,619971939,619993541,21602,1,0,0,0,0,0,0,2420,1,1
49556,4,0,2,49556,620008207,620046163,37956,3,1,1,0,0,0,0,2420,1,1
49557,4,0,2,49557,620060820,620128648,67828,7,5,1,0,0,0,0,2420,1,1
49558,4,0,3,49558,620143309,620181287,37978,3,1,1,0,0,0,0,2420,1,1
49559,4,0,3,49559,620195948,620250302,54354,5,2,2,0,0,0,0,2420,1,1
49560,4,0,2,49560,620264964,620304395,39431,3,0,2,0,0,0,0,2420,1,1
49561,4,0,4,49561,620319051,620364476,45425,4,2,1,0,0,0,0,2420,1,1
49562,4,0,3,49562,620379133,620409629,30496,2,0,1,0,0,0,0,2420,1,1
49563,4,0,3,49563,620424291,620483193,58902,6,5,0,0,0,0,0,2420,1,1
49564,4,0,1,49564,620497850,620519456,21606,1,0,0,0,0,0,0,2420,1,1
49565,4,0,4,49565,620534129,620555711,21582,1,0,0,0,0,0,0,2420,1,1
49566,4,0,0,49566,620570368,620591966,21598,1,0,0,0,0,0,0,2420,1,1
49567,4,0,0,49567,620606635,620841337,234702,27,14,11,0,1,0,0,2420,1,1
49568,4,0,0,49568,620856013,620886527,30514,2,0,1,0,0,0,0,2420,1,1
49569,4,0,2,49569,620901193,620922780,21587,1,0,0,0,0,0,0,2420,1,1
49570,4,0,1,49570,620937437,620966494,29057,2,1,0,0,0,0,0,2420,1,1
49571,4,0,3,49571,620981164,621019128,37964,3,1,1,0,0,0,0,2420,1,1
49572,4,0,4,49572,621033790,621088165,54375,5,2,2,0,0,0,0,2420,1,1
49573,4,0,1,49573,621102826,621131913,29087,2,1,0,0,0,0,0,2420,1,1
49574,4,0,1,49574,621146585,621245701,99116,11,8,2,0,0,0,0,2420,1,1
49575,4,0,0,49575,621260372,621289450,29078,2,1,0,0,0,0,0,2420,1,1
49576,4,0,2,49576,621304118,621333167,29049,2,1,0,0,0,0,0,2420,1,1
49577,4,0,3,49577,621347824,621458705,110881,12,6,5,0,0,0,0,2420,1,1
49578,4,0,2,49578,621473368,621494951,21583,1,0,0,0,0,0,0,2420,1,1
49579,4,0,0,49579,621509609,621619176,109567,12,7,4,0,0,0,0,2420,1,1
49580,4,0,2,49580,621633849,621718025,84176,9,6,2,0,0,0,0,2420,1,1
49581,4,0,0,49581,621732682,621754284,21602,1,0,0,0,0,0,0,2420,1,1
49582,4,0,3,49582,621768949,621790531,21582,1,0,0,0,0,0,0,2420,1,1
49583,4,0,3,49583,621805192,621834258,29066,2,1,0,0,0,0,0,2420,1,1
49584,4,0,4,49584,621848916,621934635,85719,9,5,3,0,0,0,0,2420,1,1
49585,4,0,3,49585,621949292,622118308,169016,19,9,9,0,0,0,0,2420,1,1
49586,4,0,0,49586,622132972,622169490,36518,3,2,0,0,0,0,0,2420,1,1
49587,4,0,3,49587,622184159,622229558,45399,4,2,1,0,0,0,0,2420,1,1
49588,4,0,0,49588,622244220,622288203,43983,4,3,0,0,0,0,0,2420,1,1
49589,4,0,2,49589,622302872,622333389,30517,2,0,1,0,0,0,0,2420,1,1
49590,4,0,2,49590,622348047,622386028,37981,3,1,1,0,0,0,0,2420,1,1
49591,4,0,0,49591,622400684,622514760,114076,13,10,2,0,0,0,0,2420,1,1
49592,4,0,0,49592,622529429,622551027,21598,1,0,0,0,0,0,0,2420,1,1
49593,4,0,1,49593,622565697,622633556,67859,7,5,1,0,0,0,0,2420,1,1
49594,4,0,0,49594,622648225,622678748,30523,2,0,1,0,0,0,0,2420,1,1
49595,4,0,1,49595,622693418,622731404,37986,3,1,1,0,0,0,0,2420,1,1
49596,4,0,2,49596,622746078,622791497,45419,4,2,1,0,0,0,0,2420,1,1
49597,4,0,0,49597,622806158,622827756,21598,1,0,0,0,0,0,0,2420,1,1
49598,4,0,2,49598,622842422,622880392,37970,3,1,1,0,0,0,0,2420,1,1
49599,4,0,1,49599,622895053,622916659,21606,1,0,0,0,0,0,0,2420,1,1
49600,4,0,4,49600,622931328,622952915,21587,1,0,0,0,0,0,0,2420,1,1
49601,4,0,0,49601,622967572,622989171,21599,1,0,0,0,0,0,0,2420,1,1
49602,4,0,4,49602,623003841,623058153,54312,5,2,2,0,0,0,0,2420,1,1
49603,4,0,2,49603,623072814,623094397,21583,1,0,0,0,0,0,0,2420,1,1
49604,4,0,4,49604,623109055,623130637,21582,1,0,0,0,0,0,0,2420,1,1
49605,4,0,2,49605,623145299,623229413,84114,9,6,2,0,0,0,0,2420,1,1
49606,4,0,3,49606,623244074,623273140,29066,2,1,0,0,0,0,0,2420,1,1
49607,4,0,4,49607,623287796,623333202,45406,4,2,1,0,0,0,0,2420,1,1
49608,4,0,0,49608,623347860,623408249,60389,6,4,1,0,0,0,0,2420,1,1
49609,4,0,2,49609,623422914,623468361,45447,4,2,1,0,0,0,0,2420,1,1
49610,4,0,2,49610,623483019,623528431,45412,4,2,1,0,0,0,0,2420,1,1
49611,4,0,2,49611,623543088,623581038,37950,3,1,1,0,0,0,0,2420,1,1
49612,4,0,3,49612,623595700,623672453,76753,8,5,2,0,0,0,0,2420,1,1
49613,4,0,3,49613,623687114,623708697,21583,1,0,0,0,0,0,0,2420,1,1
49614,4,0,3,49614,623723358,623789692,66334,7,6,0,0,0,0,0,2420,1,1
49615,4,0,4,49615,623804353,623834856,30503,2,0,1,0,0,0,0,2420,1,1
49616,4,0,3,49616,623849513,623871096,21583,1,0,0,0,0,0,0,2420,1,1
49617,4,0,1,49617,623885758,623956513,70755,7,3,3,0,0,0,0,2420,1,1
49618,4,0,3,49618,623971183,624010610,39427,3,0,2,0,0,0,0,2420,1,1
49619,4,0,2,49619,624025271,624054327,29056,2,1,0,0,0,0,0,2420,1,1
49620,4,0,0,49620,624068984,624090582,21598,1,0,0,0,0,0,0,2420,1,1
49621,4,0,2,49621,624105252,624177428,72176,7,2,4,0,0,0,0,2420,1,1
49622,4,0,4,49622,624192085,624213672,21587,1,0,0,0,0,0,0,2420,1,1
49623,4,0,4,49623,624228331,624272307,43976,4,3,0,0,0,0,0,2420,1,1
49624,4,0,2,49624,624286968,624339873,52905,5,3,1,0,0,0,0,2420,1,1
49625,4,0,3,49625,624354534,624472909,118375,13,7,5,0,0,0,0,2420,1,1
49626,4,0,3,49626,624487569,624541904,54335,5,2,2,0,0,0,0,2420,1,1
49627,4,0,0,49627,624556565,624603467,46902,4,1,2,0,0,0,0,2420,1,1
49628,4,0,2,49628,624618133,624657536,39403,3,0,2,0,0,0,0,2420,1,1
49629,4,0,0,49629,624672193,624726521,54328,5,2,2,0,0,0,0,2420,1,1
49630,4,0,3,49630,624741187,624794106,52919,5,3,1,0,0,0,0,2420,1,1
49631,4,0,3,49631,624808763,624839252,30489,2,0,1,0,0,0,0,2420,1,1
49632,4,0,1,49632,624853913,624883000,29087,2,1,0,0,0,0,0,2420,1,1
49633,4,0,2,49633,624897669,624951999,54330,5,2,2,0,0,0,0,2420,1,1
49634,4,0,4,49634,624966660,625021031,54371,5,2,2,0,0,0,0,2420,1,1
49635,4,0,4,49635,625035693,625103493,67800,7,5,1,0,0,0,0,2420,1,1
49636,4,0,3,49636,625118151,625139733,21582,1,0,0,0,0,0,0,2420,1,1
49637,4,0,3,49637,625154395,625247476,93081,10,6,3,0,0,0,0,2420,1,1
49638,4,0,3,49638,625262136,625283723,21587,1,0,0,0,0,0,0,2420,1,1
49639,4,0,1,49639,625298380,625319986,21606,1,0,0,0,0,0,0,2420,1,1
49640,4,0,0,49640,625334660,625412827,78167,8,4,3,0,0,0,0,2420,1,1
49641,4,0,0,49641,625427483,625456530,29047,2,1,0,0,0,0,0,2420,1,1
49642,4,0,4,49642,625471188,625509131,37943,3,1,1,0,0,0,0,2420,1,1
49643,4,0,0,49643,625523784,625560330,36546,3,2,0,0,0,0,0,2420,1,1
49644,4,0,2,49644,625574991,625685941,110950,12,6,5,0,0,0,0,2420,1,1
49645,4,0,4,49645,625700593,625746015,45422,4,2,1,0,0,0,0,2420,1,1
49646,4,0,4,49646,625760664,625832829,72165,7,2,4,0,0,0,0,2420,1,1
49647,4,0,4,49647,625847478,625877975,30497,2,0,1,0,0,0,0,2420,1,1
49648,4,0,3,49648,625892624,625921684,29060,2,1,0,0,0,0,0,2420,1,1
49649,4,0,2,49649,625936338,625966820,30482,2,0,1,0,0,0,0,2420,1,1
49650,4,0,2,49650,625981469,626003052,21583,1,0,0,0,0,0,0,2420,1,1
49651,4,0,3,49651,626017701,626069194,51493,5,4,0,0,0,0,0,2420,1,1
49652,4,0,3,49652,626083848,626154592,70744,7,3,3,0,0,0,0,2420,1,1
49653,4,0,2,49653,626169241,626199758,30517,2,0,1,0,0,0,0,2420,1,1
49654,4,0,0,49654,626214411,626236005,21594,1,0,0,0,0,0,0,2420,1,1
49655,4,0,3,49655,626250663,626288635,37972,3,1,1,0,0,0,0,2420,1,1
49656,4,0,3,49656,626303288,626342692,39404,3,0,2,0,0,0,0,2420,1,1
49657,4,0,0,49657,626357345,626410276,52931,5,3,1,0,0,0,0,2420,1,1
49658,4,0,1,49658,626424938,626491133,66195,6,0,5,0,0,0,0,2420,1,1
49659,4,0,3,49659,626505799,626596016,90217,10,8,1,0,0,0,0,2420,1,1
49660,4,0,4,49660,626610667,626672438,61771,6,3,2,0,0,0,0,2420,1,1
49661,4,0,1,49661,626687091,626732559,45468,4,2,1,0,0,0,0,2420,1,1
49662,4,0,1,49662,626747225,626792684,45459,4,2,1,0,0,0,0,2420,1,1
49663,4,0,4,49663,626807350,626828929,21579,1,0,0,0,0,0,0,2420,1,1
49664,4,0,0,49664,626843582,626912857,69275,7,4,2,0,0,0,0,2420,1,1
49665,4,0,1,49665,626927514,626949116,21602,1,0,0,0,0,0,0,2420,1,1
49666,4,0,2,49666,626963781,626985360,21579,1,0,0,0,0,0,0,2420,1,1
49667,4,0,4,49667,627000009,627021587,21578,1,0,0,0,0,0,0,2420,1,1
49668,4,0,2,49668,627036240,627104050,67810,7,5,1,0,0,0,0,2420,1,1
49669,4,0,0,49669,627118699,627165609,46910,4,1,2,0,0,0,0,2420,1,1
49670,4,0,4,49670,627180267,627209302,29035,2,1,0,0,0,0,0,2420,1,1
49671,4,0,1,49671,627223955,627254459,30504,2,0,1,0,0,0,0,2420,1,1
49672,4,0,0,49672,627269125,627290720,21595,1,0,0,0,0,0,0,2420,1,1
49673,4,0,4,49673,627305381,627403024,97643,11,9,1,0,0,0,0,2420,1,1
49674,4,0,3,49674,627417675,627512260,94585,10,5,4,0,0,0,0,2420,1,1
49675,4,0,4,49675,627526915,627618555,91640,10,7,2,0,0,0,0,2420,1,1
49676,4,0,3,49676,627633210,627654789,21579,1,0,0,0,0,0,0,2420,1,1
49677,4,0,4,49677,627669438,627691017,21579,1,0,0,0,0,0,0,2420,1,1
49678,4,0,1,49678,627705671,627727273,21602,1,0,0,0,0,0,0,2420,1,1
49679,4,0,2,49679,627741934,627796244,54310,5,2,2,0,0,0,0,2420,1,1
49680,4,0,1,49680,627810893,627872715,61822,6,3,2,0,0,0,0,2420,1,1
49681,4,0,4,49681,627887381,627940277,52896,5,3,1,0,0,0,0,2420,1,1
49682,4,0,0,49682,627954930,628000370,45440,4,2,1,0,0,0,0,2420,1,1
49683,4,0,3,49683,628015032,628084339,69307,7,4,2,0,0,0,0,2420,1,1
49684,4,0,2,49684,628098988,628144446,45458,4,2,1,0,0,0,0,2420,1,1
49685,4,0,4,49685,628159096,628180674,21578,1,0,0,0,0,0,0,2420,1,1
49686,4,0,1,49686,628195328,628288431,93103,10,6,3,0,0,0,0,2420,1,1
49687,4,0,3,49687,628303094,628332118,29024,2,1,0,0,0,0,0,2420,1,1
49688,4,0,3,49688,628346772,628401151,54379,5,2,2,0,0,0,0,2420,1,1
49689,4,0,4,49689,628415805,628453765,37960,3,1,1,0,0,0,0,2420,1,1
49690,4,0,4,49690,628468415,628489993,21578,1,0,0,0,0,0,0,2420,1,1
49691,4,0,4,49691,628504647,628526225,21578,1,0,0,0,0,0,0,2420,1,1
49692,4,0,1,49692,628540874,628571404,30530,2,0,1,0,0,0,0,2420,1,1
49693,4,0,4,49693,628586069,628607648,21579,1,0,0,0,0,0,0,2420,1,1
49694,4,0,3,49694,628622297,628666307,44010,4,3,0,0,0,0,0,2420,1,1
49695,4,0,1,49695,628680957,628718929,37972,3,1,1,0,0,0,0,2420,1,1
49696,4,0,1,49696,628733594,628764102,30508,2,0,1,0,0,0,0,2420,1,1
49697,4,0,1,49697,628778763,628877734,98971,10,2,7,0,0,0,0,2420,1,1
49698,4,0,2,49698,628892397,628930381,37984,3,1,1,0,0,0,0,2420,1,1
49699,4,0,3,49699,628945035,628966614,21579,1,0,0,0,0,0,0,2420,1,1
49700,4,0,1,49700,628981263,629026716,45453,4,2,1,0,0,0,0,2420,1,1
49701,4,0,2,49701,629041377,629070418,29041,2,1,0,0,0,0,0,2420,1,1
49702,4,0,4,49702,629085071,629115554,30483,2,0,1,0,0,0,0,2420,1,1
49703,4,0,1,49703,629130204,629174221,44017,4,3,0,0,0,0,0,2420,1,1
49704,4,0,4,49704,629188887,629275970,87083,9,4,4,0,0,0,0,2420,1,1
49705,4,0,3,49705,629290623,629361330,70707,7,3,3,0,0,0,0,2420,1,1
49706,4,0,4,49706,629375983,629509344,133361,15,9,5,0,0,0,0,2420,1,1
49707,4,0,4,49707,629524000,629569424,45424,4,2,1,0,0,0,0,2420,1,1
49708,4,0,4,49708,629584077,629645862,61785,6,3,2,0,0,0,0,2420,1,1
49709,4,0,0,49709,629660511,629705934,45423,4,2,1,0,0,0,0,2420,1,1
49710,4,0,4,49710,629720592,629757113,36521,3,2,0,0,0,0,0,2420,1,1
49711,4,0,4,49711,629771762,629809738,37976,3,1,1,0,0,0,0,2420,1,1
49712,4,0,3,49712,629824392,629880171,55779,5,1,3,0,0,0,0,2420,1,1
49713,4,0,0,49713,629894825,629931356,36531,3,2,0,0,0,0,0,2420,1,1
49714,4,0,1,49714,629946017,629983973,37956,3,1,1,0,0,0,0,2420,1,1
49715,4,0,2,49715,629998634,630124438,125804,14,8,5,0,0,0,0,2420,1,1
49716,4,0,3,49716,630139091,630177055,37964,3,1,1,0,0,0,0,2420,1,1
49717,4,0,0,49717,630191705,630253529,61824,6,3,2,0,0,0,0,2420,1,1
49718,4,0,0,49718,630268186,630338911,70725,7,3,3,0,0,0,0,2420,1,1
49719,4,0,1,49719,630353572,630375175,21603,1,0,0,0,0,0,0,2420,1,1
49720,4,0,0,49720,630389836,630551362,161526,18,8,9,0,0,0,0,2420,1,1
49721,4,0,0,49721,630566027,630587621,21594,1,0,0,0,0,0,0,2420,1,1
49722,4,0,3,49722,630602279,630640254,37975,3,1,1,0,0,0,0,2420,1,1
49723,4,0,4,49723,630654908,630676486,21578,1,0,0,0,0,0,0,2420,1,1
49724,4,0,0,49724,630691136,630760403,69267,7,4,2,0,0,0,0,2420,1,1
49725,4,0,1,49725,630775065,630819080,44015,4,3,0,0,0,0,0,2420,1,1
49726,4,0,4,49726,630833745,630911911,78166,8,4,3,0,0,0,0,2420,1,1
49727,4,0,1,49727,630926565,630980966,54401,5,2,2,0,0,0,0,2420,1,1
49728,4,0,2,49728,630995632,631024677,29045,2,1,0,0,0,0,0,2420,1,1
49729,4,0,4,49729,631039327,631114628,75301,8,6,1,0,0,0,0,2420,1,1
49730,4,0,4,49730,631129278,631243397,114119,13,10,2,0,0,0,0,2420,1,1
49731,4,0,4,49731,631258051,631287081,29030,2,1,0,0,0,0,0,2420,1,1
49732,4,0,3,49732,631301730,631323312,21582,1,0,0,0,0,0,0,2420,1,1
49733,4,0,1,49733,631337962,631367047,29085,2,1,0,0,0,0,0,2420,1,1
49734,4,0,0,49734,631381708,631465930,84222,9,6,2,0,0,0,0,2420,1,1
49735,4,0,0,49735,631480587,631578091,97504,10,3,6,0,0,0,0,2420,1,1
49736,4,0,1,49736,631592757,631645674,52917,5,3,1,0,0,0,0,2420,1,1
49737,4,0,3,49737,631660340,631681918,21578,1,0,0,0,0,0,0,2420,1,1
49738,4,0,2,49738,631696571,631718149,21578,1,0,0,0,0,0,0,2420,1,1
49739,4,0,0,49739,631732802,631754397,21595,1,0,0,0,0,0,0,2420,1,1
49740,4,0,3,49740,631769054,631798094,29040,2,1,0,0,0,0,0,2420,1,1
49741,4,0,4,49741,631812743,631858144,45401,4,2,1,0,0,0,0,2420,1,1
49742,4,0,2,49742,631872798,631910740,37942,3,1,1,0,0,0,0,2420,1,1
49743,4,0,4,49743,631925394,631946972,21578,1,0,0,0,0,0,0,2420,1,1
49744,4,0,1,49744,631961621,631992137,30516,2,0,1,0,0,0,0,2420,1,1
49745,4,0,2,49745,632006803,632028381,21578,1,0,0,0,0,0,0,2420,1,1
49746,4,0,0,49746,632043032,632064626,21594,1,0,0,0,0,0,0,2420,1,1
49747,4,0,0,49747,632079284,632288507,209223,24,12,11,0,0,0,0,2420,1,1
49748,4,0,1,49748,632303175,632324778,21603,1,0,0,0,0,0,0,2420,1,1
49749,4,0,0,49749,632339439,632390902,51463,5,4,0,0,0,0,0,2420,1,1
49750,4,0,4,49750,632405563,632465882,60319,6,4,1,0,0,0,0,2420,1,1
49751,4,0,1,49751,632480532,632569162,88630,9,3,5,0,0,0,0,2420,1,1
49752,4,0,1,49752,632583827,632629274,45447,4,2,1,0,0,0,0,2420,1,1
49753,4,0,2,49753,632643939,632747383,103444,11,5,5,0,0,0,0,2420,1,1
49754,4,0,1,49754,632762035,632825274,63239,6,2,3,0,0,0,0,2420,1,1
49755,4,0,4,49755,632839935,632861514,21579,1,0,0,0,0,0,0,2420,1,1
49756,4,0,3,49756,632876168,632914116,37948,3,1,1,0,0,0,0,2420,1,1
49757,4,0,3,49757,632928765,632950344,21579,1,0,0,0,0,0,0,2420,1,1
49758,4,0,4,49758,632964997,632986576,21579,1,0,0,0,0,0,0,2420,1,1
49759,4,0,4,49759,633001225,633054141,52916,5,3,1,0,0,0,0,2420,1,1
49760,4,0,3,49760,633068790,633139499,70709,7,3,3,0,0,0,0,2420,1,1
49761,4,0,3,49761,633154153,633175731,21578,1,0,0,0,0,0,0,2420,1,1
49762,4,0,4,49762,633190380,633228353,37973,3,1,1,0,0,0,0,2420,1,1
49763,4,0,4,49763,633243006,633273504,30498,2,0,1,0,0,0,0,2420,1,1
49764,4,0,1,49764,633288153,633333603,45450,4,2,1,0,0,0,0,2420,1,1
49765,4,0,2,49765,633348265,633386238,37973,3,1,1,0,0,0,0,2420,1,1
49766,4,0,4,49766,633400887,633422465,21578,1,0,0,0,0,0,0,2420,1,1
49767,4,0,1,49767,633437119,633516851,79732,8,3,4,0,0,0,0,2420,1,1
49768,4,0,4,49768,633531516,633587286,55770,5,1,3,0,0,0,0,2420,1,1
49769,4,0,0,49769,633601940,633632435,30495,2,0,1,0,0,0,0,2420,1,1
49770,4,0,2,49770,633647096,633668675,21579,1,0,0,0,0,0,0,2420,1,1
49771,4,0,4,49771,633683328,633789952,106624,12,9,2,0,0,0,0,2420,1,1
49772,4,0,3,49772,633804609,633858967,54358,5,2,2,0,0,0,0,2420,1,1
49773,4,0,0,49773,633873620,633895215,21595,1,0,0,0,0,0,0,2420,1,1
49774,4,0,3,49774,633909871,633931450,21579,1,0,0,0,0,0,0,2420,1,1
49775,4,0,1,49775,633946104,634015419,69315,7,4,2,0,0,0,0,2420,1,1
49776,4,0,1,49776,634030081,634060596,30515,2,0,1,0,0,0,0,2420,1,1
49777,4,0,0,49777,634075262,634114707,39445,3,0,2,0,0,0,0,2420,1,1
49778,4,0,0,49778,634129365,634174812,45447,4,2,1,0,0,0,0,2420,1,1
49779,4,0,3,49779,634189469,634337738,148269,17,11,5,0,0,0,0,2420,1,1
49780,4,0,4,49780,634352392,634397798,45406,4,2,1,0,0,0,0,2420,1,1
49781,4,0,1,49781,634412447,634434054,21607,1,0,0,0,0,0,0,2420,1,1
49782,4,0,3,49782,634448715,634510551,61836,6,3,2,0,0,0,0,2420,1,1
49783,4,0,3,49783,634525204,634555698,30494,2,0,1,0,0,0,0,2420,1,1
49784,4,0,1,49784,634570347,634591949,21602,1,0,0,0,0,0,0,2420,1,1
49785,4,0,2,49785,634606614,634643122,36508,3,2,0,0,0,0,0,2420,1,1
49786,4,0,4,49786,634657771,634704675,46904,4,1,2,0,0,0,0,2420,1,1
49787,4,0,2,49787,634719324,634757305,37981,3,1,1,0,0,0,0,2420,1,1
49788,4,0,2,49788,634771955,634841208,69253,7,4,2,0,0,0,0,2420,1,1
49789,4,0,1,49789,634855862,634877464,21602,1,0,0,0,0,0,0,2420,1,1
49790,4,0,2,49790,634892126,634913709,21583,1,0,0,0,0,0,0,2420,1,1
49791,4,0,1,49791,634928358,634957442,29084,2,1,0,0,0,0,0,2420,1,1
49792,4,0,0,49792,634972103,635002605,30502,2,0,1,0,0,0,0,2420,1,1
49793,4,0,3,49793,635017265,635038843,21578,1,0,0,0,0,0,0,2420,1,1
49794,4,0,4,49794,635053497,635075076,21579,1,0,0,0,0,0,0,2420,1,1
49795,4,0,0,49795,635089725,635118777,29052,2,1,0,0,0,0,0,2420,1,1
49796,4,0,2,49796,635133438,635193789,60351,6,4,1,0,0,0,0,2420,1,1
49797,4,0,0,49797,635208438,635261325,52887,5,3,1,0,0,0,0,2420,1,1
49798,4,0,4,49798,635275987,635305048,29061,2,1,0,0,0,0,0,2420,1,1
49799,4,0,1,49799,635319697,635341299,21602,1,0,0,0,0,0,0,2420,1,1
49800,4,0,0,49800,635355969,635386472,30503,2,0,1,0,0,0,0,2420,1,1
49801,4,0,4,49801,635401133,635431633,30500,2,0,1,0,0,0,0,2420,1,1
49802,4,0,0,49802,635446286,635484262,37976,3,1,1,0,0,0,0,2420,1,1
49803,4,0,4,49803,635498919,635553223,54304,5,2,2,0,0,0,0,2420,1,1
49804,4,0,3,49804,635567872,635656445,88573,9,3,5,0,0,0,0,2420,1,1
49805,4,0,0,49805,635671094,635700145,29051,2,1,0,0,0,0,0,2420,1,1
49806,4,0,2,49806,635714806,635743838,29032,2,1,0,0,0,0,0,2420,1,1
49807,4,0,3,49807,635758487,635780065,21578,1,0,0,0,0,0,0,2420,1,1
49808,4,0,1,49808,635794719,635816321,21602,1,0,0,0,0,0,0,2420,1,1
49809,4,0,2,49809,635830982,635944876,113894,12,4,7,0,0,0,0,2420,1,1
49810,4,0,1,49810,635959528,636039238,79710,8,3,4,0,0,0,0,2420,1,1
49811,4,0,3,49811,636053903,636114282,60379,6,4,1,0,0,0,0,2420,1,1
49812,4,0,2,49812,636128932,636159414,30482,2,0,1,0,0,0,0,2420,1,1
49813,4,0,0,49813,636174067,636195662,21595,1,0,0,0,0,0,0,2420,1,1
49814,4,0,1,49814,636210319,636240849,30530,2,0,1,0,0,0,0,2420,1,1
49815,4,0,3,49815,636255515,636308383,52868,5,3,1,0,0,0,0,2420,1,1
49816,4,0,4,49816,636323036,636359511,36475,3,2,0,0,0,0,0,2420,1,1
49817,4,0,4,49817,636374164,636395743,21579,1,0,0,0,0,0,0,2420,1,1
49818,4,0,3,49818,636410391,636440874,30483,2,0,1,0,0,0,0,2420,1,1
49819,4,0,0,49819,636455527,636484574,29047,2,1,0,0,0,0,0,2420,1,1
49820,4,0,1,49820,636499230,636544702,45472,4,2,1,0,0,0,0,2420,1,1
49821,4,0,1,49821,636559363,636603365,44002,4,3,0,0,0,0,0,2420,1,1
49822,4,0,3,49822,636618027,636655964,37937,3,1,1,0,0,0,0,2420,1,1
49823,4,0,2,49823,636670613,636692192,21579,1,0,0,0,0,0,0,2420,1,1
49824,4,0,3,49824,636706845,636753731,46886,4,1,2,0,0,0,0,2420,1,1
49825,4,0,1,49825,636768381,636836249,67868,7,5,1,0,0,0,0,2420,1,1
49826,4,0,4,49826,636850910,636949807,98897,10,2,7,0,0,0,0,2420,1,1
49827,4,0,1,49827,636964463,637002435,37972,3,1,1,0,0,0,0,2420,1,1
49828,4,0,3,49828,637017101,637148952,131851,15,10,4,0,0,0,0,2420,1,1
49829,4,0,0,49829,637163610,637235803,72193,7,2,4,0,0,0,0,2420,1,1
49830,4,0,2,49830,637250460,637310833,60373,6,4,1,0,0,0,0,2420,1,1
49831,4,0,3,49831,637325487,637433483,107996,12,8,3,0,0,0,0,2420,1,1
49832,4,0,3,49832,637448140,637500999,52859,5,3,1,0,0,0,0,2420,1,1
49833,4,0,3,49833,637515657,637537235,21578,1,0,0,0,0,0,0,2420,1,1
49834,4,0,3,49834,637551884,637597274,45390,4,2,1,0,0,0,0,2420,1,1
49835,4,0,4,49835,637611924,637642439,30515,2,0,1,0,0,0,0,2420,1,1
49836,4,0,1,49836,637657091,637701088,43997,4,3,0,0,0,0,0,2420,1,1
49837,4,0,2,49837,637715753,637801379,85626,9,5,3,0,0,0,0,2420,1,1
49838,4,0,3,49838,637816032,637870366,54334,5,2,2,0,0,0,0,2420,1,1
49839,4,0,2,49839,637885020,637906598,21578,1,0,0,0,0,0,0,2420,1,1
49840,4,0,4,49840,637921247,637951739,30492,2,0,1,0,0,0,0,2420,1,1
49841,4,0,1,49841,637966393,638020801,54408,5,2,2,0,0,0,0,2420,1,1
49842,4,0,0,49842,638035466,638113641,78175,8,4,3,0,0,0,0,2420,1,1
49843,4,0,0,49843,638128298,638181200,52902,5,3,1,0,0,0,0,2420,1,1
49844,4,0,2,49844,638195862,638233853,37991,3,1,1,0,0,0,0,2420,1,1
49845,4,0,3,49845,638248503,638323797,75294,8,6,1,0,0,0,0,2420,1,1
49846,4,0,1,49846,638338447,638374972,36525,3,2,0,0,0,0,0,2420,1,1
49847,4,0,0,49847,638389633,638427590,37957,3,1,1,0,0,0,0,2420,1,1
49848,4,0,4,49848,638442246,638486253,44007,4,3,0,0,0,0,0,2420,1,1
49849,4,0,0,49849,638500902,638531414,30512,2,0,1,0,0,0,0,2420,1,1
49850,4,0,4,49850,638546075,638582574,36499,3,2,0,0,0,0,0,2420,1,1
49851,4,0,2,49851,638597228,638678299,81071,8,2,5,0,0,0,0,2420,1,1
49852,4,0,2,49852,638692953,638738414,45461,4,2,1,0,0,0,0,2420,1,1
49853,4,0,1,49853,638753068,638774671,21603,1,0,0,0,0,0,0,2420,1,1
49854,4,0,4,49854,638789331,638955542,166211,19,11,7,0,0,0,0,2420,1,1
49855,4,0,3,49855,638970196,638999227,29031,2,1,0,0,0,0,0,2420,1,1
49856,4,0,2,49856,639013880,639035459,21579,1,0,0,0,0,0,0,2420,1,1
49857,4,0,0,49857,639050108,639135793,85685,9,5,3,0,0,0,0,2420,1,1
49858,4,0,4,49858,639150451,639228642,78191,8,4,3,0,0,0,0,2420,1,1
49859,4,0,1,49859,639243295,639273816,30521,2,0,1,0,0,0,0,2420,1,1
49860,4,0,2,49860,639288477,639324974,36497,3,2,0,0,0,0,0,2420,1,1
49861,4,0,3,49861,639339623,639387961,48338,4,0,3,0,0,0,0,2420,1,1
49862,4,0,0,49862,639402610,639424208,21598,1,0,0,0,0,0,0,2420,1,1
49863,4,0,1,49863,639438865,639482845,43980,4,3,0,0,0,0,0,2420,1,1
49864,4,0,1,49864,639497509,639590606,93097,10,6,3,0,0,0,0,2420,1,1
49865,4,0,4,49865,639605274,639635791,30517,2,0,1,0,0,0,0,2420,1,1
49866,4,0,4,49866,639650441,639731544,81103,8,2,5,0,0,0,0,2420,1,1
49867,4,0,4,49867,639746198,639767777,21579,1,0,0,0,0,0,0,2420,1,1
49868,4,0,3,49868,639782426,639818953,36527,3,2,0,0,0,0,0,2420,1,1
49869,4,0,4,49869,639833606,639880493,46887,4,1,2,0,0,0,0,2420,1,1
49870,4,0,2,49870,639895147,639931654,36507,3,2,0,0,0,0,0,2420,1,1
49871,4,0,3,49871,639946307,639984243,37936,3,1,1,0,0,0,0,2420,1,1
49872,4,0,1,49872,639998893,640027944,29051,2,1,0,0,0,0,0,2420,1,1
49873,4,0,2,49873,640042605,640080592,37987,3,1,1,0,0,0,0,2420,1,1
49874,4,0,3,49874,640095245,640134693,39448,3,0,2,0,0,0,0,2420,1,1
49875,4,0,1,49875,640149343,640220075,70732,7,3,3,0,0,0,0,2420,1,1
49876,4,0,0,49876,640234741,640256335,21594,1,0,0,0,0,0,0,2420,1,1
49877,4,0,3,49877,640270992,640323851,52859,5,3,1,0,0,0,0,2420,1,1
49878,4,0,2,49878,640338500,640360078,21578,1,0,0,0,0,0,0,2420,1,1
49879,4,0,1,49879,640374732,640412733,38001,3,1,1,0,0,0,0,2420,1,1
49880,4,0,3,49880,640427398,640544567,117169,13,9,2,0,1,0,0,2420,1,1
49881,4,0,4,49881,640559219,640635977,76758,8,5,2,0,0,0,0,2420,1,1
49882,4,0,4,49882,640650627,640672205,21578,1,0,0,0,0,0,0,2420,1,1
49883,4,0,0,49883,640686859,640772529,85670,9,5,3,0,0,0,0,2420,1,1
49884,4,0,1,49884,640787190,640808792,21602,1,0,0,0,0,0,0,2420,1,1
49885,4,0,0,49885,640823457,640867463,44006,4,3,0,0,0,0,0,2420,1,1
49886,4,0,0,49886,640882121,640926146,44025,4,3,0,0,0,0,0,2420,1,1
49887,4,0,2,49887,640940803,641001158,60355,6,4,1,0,0,0,0,2420,1,1
49888,4,0,2,49888,641015812,641080530,64718,6,1,4,0,0,0,0,2420,1,1
49889,4,0,3,49889,641095184,641131702,36518,3,2,0,0,0,0,0,2420,1,1
49890,4,0,4,49890,641146355,641175401,29046,2,1,0,0,0,0,0,2420,1,1
49891,4,0,0,49891,641190050,641290645,100595,11,7,3,0,0,0,0,2420,1,1
49892,4,0,0,49892,641305309,641326903,21594,1,0,0,0,0,0,0,2420,1,1
49893,4,0,4,49893,641341560,641393031,51471,5,4,0,0,0,0,0,2420,1,1
49894,4,0,0,49894,641407680,641429275,21595,1,0,0,0,0,0,0,2420,1,1
49895,4,0,4,49895,641443936,641572863,128927,14,7,5,0,1,0,0,2420,1,1
49896,4,0,4,49896,641587520,641609099,21579,1,0,0,0,0,0,0,2420,1,1
49897,4,0,4,49897,641623753,641645332,21579,1,0,0,0,0,0,0,2420,1,1
49898,4,0,4,49898,641659981,641696467,36486,3,2,0,0,0,0,0,2420,1,1
49899,4,0,0,49899,641711116,641789320,78204,8,4,3,0,0,0,0,2420,1,1
49900,4,0,1,49900,641803981,641895671,91690,10,7,2,0,0,0,0,2420,1,1
49901,4,0,2,49901,641910334,641931913,21579,1,0,0,0,0,0,0,2420,1,1
49902,4,0,4,49902,641946567,641975599,29032,2,1,0,0,0,0,0,2420,1,1
49903,4,0,2,49903,641990248,642037100,46852,4,1,2,0,0,0,0,2420,1,1
49904,4,0,3,49904,642051749,642089710,37961,3,1,1,0,0,0,0,2420,1,1
49905,4,0,3,49905,642104364,642134844,30480,2,0,1,0,0,0,0,2420,1,1
49906,4,0,0,49906,642149493,642171088,21595,1,0,0,0,0,0,0,2420,1,1
49907,4,0,4,49907,642185750,642207328,21578,1,0,0,0,0,0,0,2420,1,1
49908,4,0,2,49908,642221977,642265916,43939,4,3,0,0,0,0,0,2420,1,1
49909,4,0,1,49909,642280566,642311076,30510,2,0,1,0,0,0,0,2420,1,1
49910,4,0,2,49910,642325742,642356232,30490,2,0,1,0,0,0,0,2420,1,1
49911,4,0,4,49911,642370881,642417777,46896,4,1,2,0,0,0,0,2420,1,1
49912,4,0,1,49912,642432426,642468955,36529,3,2,0,0,0,0,0,2420,1,1
49913,4,0,3,49913,642483620,642561804,78184,8,4,3,0,0,0,0,2420,1,1
49914,4,0,2,49914,642576458,642636813,60355,6,4,1,0,0,0,0,2420,1,1
49915,4,0,1,49915,642651462,642673068,21606,1,0,0,0,0,0,0,2420,1,1
49916,4,0,4,49916,642687730,642740611,52881,5,3,1,0,0,0,0,2420,1,1
49917,4,0,2,49917,642755264,642809592,54328,5,2,2,0,0,0,0,2420,1,1
49918,4,0,1,49918,642824246,642892078,67832,7,5,1,0,0,0,0,2420,1,1
49919,4,0,1,49919,642906742,642935827,29085,2,1,0,0,0,0,0,2420,1,1
49920,4,0,3,49920,642950489,643046500,96011,10,4,5,0,0,0,0,2420,1,1
49921,4,0,2,49921,643061151,643158865,97714,11,9,1,0,0,0,0,2420,1,1
49922,4,0,3,49922,643173521,643218956,45435,4,2,1,0,0,0,0,2420,1,1
49923,4,0,4,49923,643233609,643271547,37938,3,1,1,0,0,0,0,2420,1,1
49924,4,0,3,49924,643286201,643397185,110984,12,6,5,0,0,0,0,2420,1,1
49925,4,0,4,49925,643411837,643467646,55809,5,1,3,0,0,0,0,2420,1,1
49926,4,0,4,49926,643482296,643518823,36527,3,2,0,0,0,0,0,2420,1,1
49927,4,0,1,49927,643533477,643593862,60385,6,4,1,0,0,0,0,2420,1,1
49928,4,0,2,49928,643608528,643661404,52876,5,3,1,0,0,0,0,2420,1,1
49929,4,0,3,49929,643676057,643714021,37964,3,1,1,0,0,0,0,2420,1,1
49930,4,0,2,49930,643728671,643765217,36546,3,2,0,0,0,0,0,2420,1,1
49931,4,0,1,49931,643779866,643801468,21602,1,0,0,0,0,0,0,2420,1,1
49932,4,0,0,49932,643816133,643855548,39415,3,0,2,0,0,0,0,2420,1,1
49933,4,0,3,49933,643870205,643899268,29063,2,1,0,0,0,0,0,2420,1,1
49934,4,0,2,49934,643913922,643942962,29040,2,1,0,0,0,0,0,2420,1,1
49935,4,0,2,49935,643957612,643979190,21578,1,0,0,0,0,0,0,2420,1,1
49936,4,0,4,49936,643993843,644015422,21579,1,0,0,0,0,0,0,2420,1,1
49937,4,0,4,49937,644030072,644051650,21578,1,0,0,0,0,0,0,2420,1,1
49938,4,0,4,49938,644066304,644190661,124357,13,4,7,0,1,0,0,2420,1,1
49939,4,0,0,49939,644205317,644226911,21594,1,0,0,0,0,0,0,2420,1,1
49940,4,0,2,49940,644241569,644421192,179623,21,14,6,0,0,0,0,2420,1,1
49941,4,0,2,49941,644435851,644473806,37955,3,1,1,0,0,0,0,2420,1,1
49942,4,0,0,49942,644488456,644578649,90193,10,8,1,0,0,0,0,2420,1,1
49943,4,0,3,49943,644593313,644623807,30494,2,0,1,0,0,0,0,2420,1,1
49944,4,0,3,49944,644638456,644677882,39426,3,0,2,0,0,0,0,2420,1,1
49945,4,0,0,49945,644692531,644743965,51434,5,4,0,0,0,0,0,2420,1,1
49946,4,0,1,49946,644758622,644789152,30530,2,0,1,0,0,0,0,2420,1,1
49947,4,0,0,49947,644803817,644825412,21595,1,0,0,0,0,0,0,2420,1,1
49948,4,0,0,49948,644840069,644861663,21594,1,0,0,0,0,0,0,2420,1,1
49949,4,0,1,49949,644876324,644996188,119864,13,6,6,0,0,0,0,2420,1,1
49950,4,0,1,49950,645010852,645041370,30518,2,0,1,0,0,0,0,2420,1,1
49951,4,0,4,49951,645056035,645125283,69248,7,4,2,0,0,0,0,2420,1,1
49952,4,0,1,49952,645139934,645276166,136232,15,7,7,0,0,0,0,2420,1,1
49953,4,0,2,49953,645290830,645343695,52865,5,3,1,0,0,0,0,2420,1,1
49954,4,0,3,49954,645358345,645421622,63277,6,2,3,0,0,0,0,2420,1,1
49955,4,0,2,49955,645436277,645538311,102034,11,6,4,0,0,0,0,2420,1,1
49956,4,0,3,49956,645552968,645608765,55797,5,1,3,0,0,0,0,2420,1,1
49957,4,0,4,49957,645623418,645644997,21579,1,0,0,0,0,0,0,2420,1,1
49958,4,0,3,49958,645659647,645690155,30508,2,0,1,0,0,0,0,2420,1,1
49959,4,0,3,49959,645704808,645751669,46861,4,1,2,0,0,0,0,2420,1,1
49960,4,0,1,49960,645766327,645787929,21602,1,0,0,0,0,0,0,2420,1,1
49961,4,0,1,49961,645802591,645831654,29063,2,1,0,0,0,0,0,2420,1,1
49962,4,0,0,49962,645846320,645867914,21594,1,0,0,0,0,0,0,2420,1,1
49963,4,0,0,49963,645882572,645929471,46899,4,1,2,0,0,0,0,2420,1,1
49964,4,0,1,49964,645944132,645989583,45451,4,2,1,0,0,0,0,2420,1,1
49965,4,0,2,49965,646004248,646033301,29053,2,1,0,0,0,0,0,2420,1,1
49966,4,0,1,49966,646047950,646077007,29057,2,1,0,0,0,0,0,2420,1,1
49967,4,0,3,49967,646091667,646226436,134769,15,8,6,0,0,0,0,2420,1,1
49968,4,0,1,49968,646241088,646478977,237889,27,14,9,0,3,0,0,2420,1,1
49969,4,0,1,49969,646493647,646558360,64713,6,1,4,0,0,0,0,2420,1,1
49970,4,0,0,49970,646573024,646616980,43956,4,3,0,0,0,0,0,2420,1,1
49971,4,0,2,49971,646631638,646678506,46868,4,1,2,0,0,0,0,2420,1,1
49972,4,0,2,49972,646693160,646738561,45401,4,2,1,0,0,0,0,2420,1,1
49973,4,0,1,49973,646753214,646792649,39435,3,0,2,0,0,0,0,2420,1,1
49974,4,0,3,49974,646807314,646854178,46864,4,1,2,0,0,0,0,2420,1,1
49975,4,0,1,49975,646868828,646914278,45450,4,2,1,0,0,0,0,2420,1,1
49976,4,0,0,49976,646928938,646950532,21594,1,0,0,0,0,0,0,2420,1,1
49977,4,0,2,49977,646965194,647001678,36484,3,2,0,0,0,0,0,2420,1,1
49978,4,0,4,49978,647016331,647110926,94595,10,5,4,0,0,0,0,2420,1,1
49979,4,0,2,49979,647125581,647147159,21578,1,0,0,0,0,0,0,2420,1,1
49980,4,0,3,49980,647161809,647183392,21583,1,0,0,0,0,0,0,2420,1,1
49981,4,0,2,49981,647198041,647243465,45424,4,2,1,0,0,0,0,2420,1,1
49982,4,0,1,49982,647258116,647317045,58929,6,5,0,0,0,0,0,2420,1,1
49983,4,0,4,49983,647331706,647353289,21583,1,0,0,0,0,0,0,2420,1,1
49984,4,0,3,49984,647367938,647446103,78165,8,4,3,0,0,0,0,2420,1,1
49985,4,0,2,49985,647460753,647507640,46887,4,1,2,0,0,0,0,2420,1,1
49986,4,0,1,49986,647522292,647621389,99097,11,8,2,0,0,0,0,2420,1,1
49987,4,0,1,49987,647636057,647690432,54375,5,2,2,0,0,0,0,2420,1,1
49988,4,0,3,49988,647705098,647726677,21579,1,0,0,0,0,0,0,2420,1,1
49989,4,0,2,49989,647741326,647785281,43955,4,3,0,0,0,0,0,2420,1,1
49990,4,0,3,49990,647799930,647848273,48343,4,0,3,0,0,0,0,2420,1,1
49991,4,0,4,49991,647862922,647953167,90245,9,3,4,0,1,0,0,2420,1,1
49992,4,0,1,49992,647967819,647998328,30509,2,0,1,0,0,0,0,2420,1,1
49993,4,0,0,49993,648012992,648059853,46861,4,1,2,0,0,0,0,2420,1,1
49994,4,0,1,49994,648074514,648096117,21603,1,0,0,0,0,0,0,2420,1,1
49995,4,0,0,49995,648110778,648139831,29053,2,1,0,0,0,0,0,2420,1,1
49996,4,0,4,49996,648154494,648176071,21577,1,0,0,0,0,0,0,2420,1,1
49997,4,0,0,49997,648190720,648237619,46899,4,1,2,0,0,0,0,2420,1,1
49998,4,0,1,49998,648252277,648290284,38007,3,1,1,0,0,0,0,2420,1,1
49999,4,0,0,49999,648304949,648326544,21595,1,0,0,0,0,0,0,2420,1,1
