invocation_id,block,key_id,message_id,rand_index,start_us,end_us,elapsed_us,K,reject_z,reject_w0,reject_ct0,reject_hint,sign_rc,verify_rc,siglen,rng_ok,k_ok
0,0,0,4,0,6963226,6984860,21634,1,0,0,0,0,0,0,2420,1,1
1,0,0,1,1,6999894,7021499,21605,1,0,0,0,0,0,0,2420,1,1
2,0,0,1,2,7036154,7065235,29081,2,1,0,0,0,0,0,2420,1,1
3,0,0,4,3,7079885,7101468,21583,1,0,0,0,0,0,0,2420,1,1
4,0,0,2,4,7116114,7170466,54352,5,2,2,0,0,0,0,2420,1,1
5,0,0,1,5,7185112,7215637,30525,2,0,1,0,0,0,0,2420,1,1
6,0,0,2,6,7230287,7251869,21582,1,0,0,0,0,0,0,2420,1,1
7,0,0,1,7,7266514,7288113,21599,1,0,0,0,0,0,0,2420,1,1
8,0,0,0,8,7302770,7434666,131896,15,10,4,0,0,0,0,2420,1,1
9,0,0,3,9,7449321,7537928,88607,9,3,5,0,0,0,0,2420,1,1
10,0,0,0,10,7552571,7678484,125913,14,8,5,0,0,0,0,2420,1,1
11,0,0,1,11,7693145,7714743,21598,1,0,0,0,0,0,0,2420,1,1
12,0,0,0,12,7729398,7782324,52926,5,3,1,0,0,0,0,2420,1,1
13,0,0,4,13,7796981,7833494,36513,3,2,0,0,0,0,0,2420,1,1
14,0,0,0,14,7848140,7893547,45407,4,2,1,0,0,0,0,2420,1,1
15,0,0,1,15,7908201,7929799,21598,1,0,0,0,0,0,0,2420,1,1
16,0,0,3,16,7944457,8006291,61834,6,3,2,0,0,0,0,2420,1,1
17,0,0,3,17,8020937,8078164,57227,5,0,4,0,0,0,0,2420,1,1
18,0,0,0,18,8092814,8138278,45464,4,2,1,0,0,0,0,2420,1,1
19,0,0,2,19,8152932,8183440,30508,2,0,1,0,0,0,0,2420,1,1
20,0,0,3,20,8198086,8219668,21582,1,0,0,0,0,0,0,2420,1,1
21,0,0,4,21,8234318,8348127,113809,12,4,7,0,0,0,0,2420,1,1
22,0,0,4,22,8362779,8417155,54376,5,2,2,0,0,0,0,2420,1,1
23,0,0,4,23,8431800,8453386,21586,1,0,0,0,0,0,0,2420,1,1
24,0,0,2,24,8468031,8522364,54333,5,2,2,0,0,0,0,2420,1,1
25,0,0,0,25,8537014,8558612,21598,1,0,0,0,0,0,0,2420,1,1
26,0,0,1,26,8573269,8594868,21599,1,0,0,0,0,0,0,2420,1,1
27,0,0,2,27,8609521,8671374,61853,6,3,2,0,0,0,0,2420,1,1
28,0,0,0,28,8686023,8724015,37992,3,1,1,0,0,0,0,2420,1,1
29,0,0,2,29,8738669,8807942,69273,7,4,2,0,0,0,0,2420,1,1
30,0,0,3,30,8822588,8844175,21587,1,0,0,0,0,0,0,2420,1,1
31,0,0,3,31,8858820,8880403,21583,1,0,0,0,0,0,0,2420,1,1
32,0,0,0,32,8895053,8924134,29081,2,1,0,0,0,0,0,2420,1,1
33,0,0,2,33,8938787,9002074,63287,6,2,3,0,0,0,0,2420,1,1
34,0,0,1,34,9016724,9081612,64888,6,2,2,0,1,0,0,2420,1,1
35,0,0,4,35,9096269,9208633,112364,12,5,6,0,0,0,0,2420,1,1
36,0,0,1,36,9223285,9279083,55798,5,1,3,0,0,0,0,2420,1,1
37,0,0,2,37,9293740,9358451,64711,6,1,4,0,0,0,0,2420,1,1
38,0,0,4,38,9373098,9536403,163305,19,13,5,0,0,0,0,2420,1,1
39,0,0,1,39,9551053,9587567,36514,3,2,0,0,0,0,0,2420,1,1
40,0,0,2,40,9602225,9623812,21587,1,0,0,0,0,0,0,2420,1,1
41,0,0,4,41,9638457,9668954,30497,2,0,1,0,0,0,0,2420,1,1
42,0,0,0,42,9683604,9721595,37991,3,1,1,0,0,0,0,2420,1,1
43,0,0,4,43,9736253,9766756,30503,2,0,1,0,0,0,0,2420,1,1
44,0,0,3,44,9781402,9802988,21586,1,0,0,0,0,0,0,2420,1,1
45,0,0,4,45,9817634,9886920,69286,7,4,2,0,0,0,0,2420,1,1
46,0,0,1,46,9901565,9923167,21602,1,0,0,0,0,0,0,2420,1,1
47,0,0,3,47,9937821,10008549,70728,7,3,3,0,0,0,0,2420,1,1
48,0,0,2,48,10023199,10044782,21583,1,0,0,0,0,0,0,2420,1,1
49,0,0,3,49,10059430,10204540,145110,16,7,8,0,0,0,0,2420,1,1
50,0,0,4,50,10219191,10319738,100547,11,7,3,0,0,0,0,2420,1,1
51,0,0,1,51,10334393,10420043,85650,9,5,3,0,0,0,0,2420,1,1
52,0,0,3,52,10434703,10499430,64727,6,1,4,0,0,0,0,2420,1,1
53,0,0,4,53,10514081,10535664,21583,1,0,0,0,0,0,0,2420,1,1
54,0,0,4,54,10550312,10571895,21583,1,0,0,0,0,0,0,2420,1,1
55,0,0,3,55,10586546,10678162,91616,9,2,5,0,1,0,0,2420,1,1
56,0,0,4,56,10692814,10714397,21583,1,0,0,0,0,0,0,2420,1,1
57,0,0,1,57,10729044,10750642,21598,1,0,0,0,0,0,0,2420,1,1
58,0,0,2,58,10765302,10879270,113968,12,5,5,0,1,0,0,2420,1,1
59,0,0,1,59,10893925,10915524,21599,1,0,0,0,0,0,0,2420,1,1
60,0,0,3,60,10930179,11024720,94541,10,5,4,0,0,0,0,2420,1,1
61,0,0,2,61,11039369,11077332,37963,3,1,1,0,0,0,0,2420,1,1
62,0,0,4,62,11091979,11138866,46887,4,1,2,0,0,0,0,2420,1,1
63,0,0,1,63,11153518,11319630,166112,19,11,7,0,0,0,0,2420,1,1
64,0,0,0,64,11334295,11364796,30501,2,0,1,0,0,0,0,2420,1,1
65,0,0,0,65,11379452,11432403,52951,5,3,1,0,0,0,0,2420,1,1
66,0,0,2,66,11447062,11485009,37947,3,1,1,0,0,0,0,2420,1,1
67,0,0,4,67,11499657,11620996,121339,13,5,7,0,0,0,0,2420,1,1
68,0,0,2,68,11635651,11666144,30493,2,0,1,0,0,0,0,2420,1,1
69,0,0,1,69,11680792,11751529,70737,7,3,3,0,0,0,0,2420,1,1
70,0,0,4,70,11766188,11811608,45420,4,2,1,0,0,0,0,2420,1,1
71,0,0,1,71,11826260,11862765,36505,3,2,0,0,0,0,0,2420,1,1
72,0,0,4,72,11877425,11899008,21583,1,0,0,0,0,0,0,2420,1,1
73,0,0,0,73,11913663,12003869,90206,10,8,1,0,0,0,0,2420,1,1
74,0,0,4,74,12018535,12072865,54330,5,2,2,0,0,0,0,2420,1,1
75,0,0,0,75,12087516,12132984,45468,4,2,1,0,0,0,0,2420,1,1
76,0,0,0,76,12147648,12169247,21599,1,0,0,0,0,0,0,2420,1,1
77,0,0,4,77,12183910,12247153,63243,6,2,3,0,0,0,0,2420,1,1
78,0,0,2,78,12261808,12299776,37968,3,1,1,0,0,0,0,2420,1,1
79,0,0,2,79,12314432,12336015,21583,1,0,0,0,0,0,0,2420,1,1
80,0,0,4,80,12350670,12402072,51402,5,4,0,0,0,0,0,2420,1,1
81,0,0,0,81,12416728,12462165,45437,4,2,1,0,0,0,0,2420,1,1
82,0,0,0,82,12476834,12513363,36529,3,2,0,0,0,0,0,2420,1,1
83,0,0,3,83,12528022,12592747,64725,6,1,4,0,0,0,0,2420,1,1
84,0,0,1,84,12607407,12654299,46892,4,1,2,0,0,0,0,2420,1,1
85,0,0,4,85,12668959,12690541,21582,1,0,0,0,0,0,0,2420,1,1
86,0,0,1,86,12705201,12726799,21598,1,0,0,0,0,0,0,2420,1,1
87,0,0,4,87,12741458,12770498,29040,2,1,0,0,0,0,0,2420,1,1
88,0,0,4,88,12785158,12806741,21583,1,0,0,0,0,0,0,2420,1,1
89,0,0,4,89,12821393,12901027,79634,8,3,4,0,0,0,0,2420,1,1
90,0,0,2,90,12915687,13010262,94575,10,5,4,0,0,0,0,2420,1,1
91,0,0,2,91,13024919,13062887,37968,3,1,1,0,0,0,0,2420,1,1
92,0,0,1,92,13077543,13106626,29083,2,1,0,0,0,0,0,2420,1,1
93,0,0,1,93,13121285,13151789,30504,2,0,1,0,0,0,0,2420,1,1
94,0,0,3,94,13166456,13188039,21583,1,0,0,0,0,0,0,2420,1,1
95,0,0,0,95,13202691,13233195,30504,2,0,1,0,0,0,0,2420,1,1
96,0,0,2,96,13247859,13269442,21583,1,0,0,0,0,0,0,2420,1,1
97,0,0,1,97,13284098,13322058,37960,3,1,1,0,0,0,0,2420,1,1
98,0,0,4,98,13336726,13358309,21583,1,0,0,0,0,0,0,2420,1,1
99,0,0,0,99,13372964,13419868,46904,4,1,2,0,0,0,0,2420,1,1
100,0,0,0,100,13434535,13456133,21598,1,0,0,0,0,0,0,2420,1,1
101,0,0,4,101,13470795,13501297,30502,2,0,1,0,0,0,0,2420,1,1
102,0,0,3,102,13515960,13574885,58925,6,5,0,0,0,0,0,2420,1,1
103,0,0,3,103,13589539,13620030,30491,2,0,1,0,0,0,0,2420,1,1
104,0,0,1,104,13634691,13671228,36537,3,2,0,0,0,0,0,2420,1,1
105,0,0,1,105,13685894,13707492,21598,1,0,0,0,0,0,0,2420,1,1
106,0,0,2,106,13722157,13785563,63406,6,3,1,0,1,0,0,2420,1,1
107,0,0,3,107,13800218,13821800,21582,1,0,0,0,0,0,0,2420,1,1
108,0,0,1,108,13836463,13899743,63280,6,2,3,0,0,0,0,2420,1,1
109,0,0,4,109,13914409,13985150,70741,7,3,3,0,0,0,0,2420,1,1
110,0,0,4,110,13999808,14052679,52871,5,3,1,0,0,0,0,2420,1,1
111,0,0,4,111,14067337,14096377,29040,2,1,0,0,0,0,0,2420,1,1
112,0,0,1,112,14111034,14189234,78200,8,4,3,0,0,0,0,2420,1,1
113,0,0,0,113,14203900,14301354,97454,10,3,6,0,0,0,0,2420,1,1
114,0,0,0,114,14316025,14345091,29066,2,1,0,0,0,0,0,2420,1,1
115,0,0,1,115,14359753,14388827,29074,2,1,0,0,0,0,0,2420,1,1
116,0,0,3,116,14403496,14425079,21583,1,0,0,0,0,0,0,2420,1,1
117,0,0,1,117,14439734,14461332,21598,1,0,0,0,0,0,0,2420,1,1
118,0,0,4,118,14476002,14497584,21582,1,0,0,0,0,0,0,2420,1,1
119,0,0,4,119,14512239,14541272,29033,2,1,0,0,0,0,0,2420,1,1
120,0,0,0,120,14555934,14595379,39445,3,0,2,0,0,0,0,2420,1,1
121,0,0,1,121,14610041,14655454,45413,4,2,1,0,0,0,0,2420,1,1
122,0,0,4,122,14670120,14708107,37987,3,1,1,0,0,0,0,2420,1,1
123,0,0,4,123,14722765,14760696,37931,3,1,1,0,0,0,0,2420,1,1
124,0,0,4,124,14775358,14805871,30513,2,0,1,0,0,0,0,2420,1,1
125,0,0,3,125,14820525,14882394,61869,6,3,2,0,0,0,0,2420,1,1
126,0,0,2,126,14897055,14918637,21582,1,0,0,0,0,0,0,2420,1,1
127,0,0,1,127,14933295,14962358,29063,2,1,0,0,0,0,0,2420,1,1
128,0,0,1,128,14977027,14998625,21598,1,0,0,0,0,0,0,2420,1,1
129,0,0,2,129,15013291,15034874,21583,1,0,0,0,0,0,0,2420,1,1
130,0,0,0,130,15049532,15078588,29056,2,1,0,0,0,0,0,2420,1,1
131,0,0,3,131,15093253,15114836,21583,1,0,0,0,0,0,0,2420,1,1
132,0,0,0,132,15129494,15151092,21598,1,0,0,0,0,0,0,2420,1,1
133,0,0,0,133,15165759,15218675,52916,5,3,1,0,0,0,0,2420,1,1
134,0,0,1,134,15233345,15254944,21599,1,0,0,0,0,0,0,2420,1,1
135,0,0,1,135,15269606,15307608,38002,3,1,1,0,0,0,0,2420,1,1
136,0,0,0,136,15322274,15358841,36567,3,2,0,0,0,0,0,2420,1,1
137,0,0,3,137,15373503,15404021,30518,2,0,1,0,0,0,0,2420,1,1
138,0,0,0,138,15418671,15456636,37965,3,1,1,0,0,0,0,2420,1,1
139,0,0,4,139,15471293,15500358,29065,2,1,0,0,0,0,0,2420,1,1
140,0,0,2,140,15515012,15552995,37983,3,1,1,0,0,0,0,2420,1,1
141,0,0,1,141,15567645,15605635,37990,3,1,1,0,0,0,0,2420,1,1
142,0,0,1,142,15620293,15698533,78240,8,4,3,0,0,0,0,2420,1,1
143,0,0,1,143,15713195,15751156,37961,3,1,1,0,0,0,0,2420,1,1
144,0,0,0,144,15765819,15787417,21598,1,0,0,0,0,0,0,2420,1,1
145,0,0,0,145,15802074,15869966,67892,7,5,1,0,0,0,0,2420,1,1
146,0,0,0,146,15884628,15906226,21598,1,0,0,0,0,0,0,2420,1,1
147,0,0,3,147,15920884,15966343,45459,4,2,1,0,0,0,0,2420,1,1
148,0,0,0,148,15980993,16002591,21598,1,0,0,0,0,0,0,2420,1,1
149,0,0,2,149,16017253,16046300,29047,2,1,0,0,0,0,0,2420,1,1
150,0,0,0,150,16060950,16133128,72178,7,2,4,0,0,0,0,2420,1,1
151,0,0,3,151,16147786,16184320,36534,3,2,0,0,0,0,0,2420,1,1
152,0,0,1,152,16198969,16251893,52924,5,3,1,0,0,0,0,2420,1,1
153,0,0,4,153,16266555,16288138,21583,1,0,0,0,0,0,0,2420,1,1
154,0,0,4,154,16302792,16331851,29059,2,1,0,0,0,0,0,2420,1,1
155,0,0,4,155,16346505,16393379,46874,4,1,2,0,0,0,0,2420,1,1
156,0,0,1,156,16408029,16446014,37985,3,1,1,0,0,0,0,2420,1,1
157,0,0,3,157,16460671,16498670,37999,3,1,1,0,0,0,0,2420,1,1
158,0,0,3,158,16513324,16561662,48338,4,0,3,0,0,0,0,2420,1,1
159,0,0,1,159,16576317,16597915,21598,1,0,0,0,0,0,0,2420,1,1
160,0,0,3,160,16612573,16634160,21587,1,0,0,0,0,0,0,2420,1,1
161,0,0,1,161,16648810,16692840,44030,4,3,0,0,0,0,0,2420,1,1
162,0,0,2,162,16707498,16760371,52873,5,3,1,0,0,0,0,2420,1,1
163,0,0,3,163,16775025,16835379,60354,6,4,1,0,0,0,0,2420,1,1
164,0,0,3,164,16850029,16887987,37958,3,1,1,0,0,0,0,2420,1,1
165,0,0,0,165,16902637,16931712,29075,2,1,0,0,0,0,0,2420,1,1
166,0,0,2,166,16946375,16975406,29031,2,1,0,0,0,0,0,2420,1,1
167,0,0,4,167,16990056,17011639,21583,1,0,0,0,0,0,0,2420,1,1
168,0,0,2,168,17026297,17047880,21583,1,0,0,0,0,0,0,2420,1,1
169,0,0,2,169,17062529,17084116,21587,1,0,0,0,0,0,0,2420,1,1
170,0,0,3,170,17098766,17127819,29053,2,1,0,0,0,0,0,2420,1,1
171,0,0,2,171,17142470,17164056,21586,1,0,0,0,0,0,0,2420,1,1
172,0,0,0,172,17178707,17207787,29080,2,1,0,0,0,0,0,2420,1,1
173,0,0,2,173,17222444,17244031,21587,1,0,0,0,0,0,0,2420,1,1
174,0,0,2,174,17258681,17348916,90235,10,8,1,0,0,0,0,2420,1,1
175,0,0,3,175,17363572,17394088,30516,2,0,1,0,0,0,0,2420,1,1
176,0,0,3,176,17408737,17446711,37974,3,1,1,0,0,0,0,2420,1,1
177,0,0,1,177,17461362,17499322,37960,3,1,1,0,0,0,0,2420,1,1
178,0,0,2,178,17513983,17608478,94495,10,5,4,0,0,0,0,2420,1,1
179,0,0,2,179,17623134,17644718,21584,1,0,0,0,0,0,0,2420,1,1
180,0,0,2,180,17659368,17706252,46884,4,1,2,0,0,0,0,2420,1,1
181,0,0,2,181,17720902,17784187,63285,6,2,3,0,0,0,0,2420,1,1
182,0,0,1,182,17798838,17906965,108127,12,8,3,0,0,0,0,2420,1,1
183,0,0,0,183,17921626,17967059,45433,4,2,1,0,0,0,0,2420,1,1
184,0,0,1,184,17981717,18003319,21602,1,0,0,0,0,0,0,2420,1,1
185,0,0,3,185,18017977,18082648,64671,6,1,4,0,0,0,0,2420,1,1
186,0,0,0,186,18097302,18153117,55815,5,1,3,0,0,0,0,2420,1,1
187,0,0,0,187,18167775,18205738,37963,3,1,1,0,0,0,0,2420,1,1
188,0,0,2,188,18220395,18314934,94539,10,5,4,0,0,0,0,2420,1,1
189,0,0,3,189,18329585,18367538,37953,3,1,1,0,0,0,0,2420,1,1
190,0,0,2,190,18382188,18412687,30499,2,0,1,0,0,0,0,2420,1,1
191,0,0,0,191,18427341,18448939,21598,1,0,0,0,0,0,0,2420,1,1
192,0,0,1,192,18463600,18500103,36503,3,2,0,0,0,0,0,2420,1,1
193,0,0,1,193,18514765,18536363,21598,1,0,0,0,0,0,0,2420,1,1
194,0,0,3,194,18551021,18581513,30492,2,0,1,0,0,0,0,2420,1,1
195,0,0,4,195,18596167,18680393,84226,9,6,2,0,0,0,0,2420,1,1
196,0,0,0,196,18695048,18739010,43962,4,3,0,0,0,0,0,2420,1,1
197,0,0,2,197,18753671,18831892,78221,8,4,3,0,0,0,0,2420,1,1
198,0,0,3,198,18846546,18900900,54354,5,2,2,0,0,0,0,2420,1,1
199,0,0,3,199,18915554,18944591,29037,2,1,0,0,0,0,0,2420,1,1
200,0,0,3,200,18959245,19012138,52893,5,3,1,0,0,0,0,2420,1,1
201,0,0,1,201,19026792,19048390,21598,1,0,0,0,0,0,0,2420,1,1
202,0,0,3,202,19063051,19120326,57275,5,0,4,0,0,0,0,2420,1,1
203,0,0,1,203,19134979,19164027,29048,2,1,0,0,0,0,0,2420,1,1
204,0,0,1,204,19178684,19215197,36513,3,2,0,0,0,0,0,2420,1,1
205,0,0,0,205,19229855,19273856,44001,4,3,0,0,0,0,0,2420,1,1
206,0,0,3,206,19288514,19317547,29033,2,1,0,0,0,0,0,2420,1,1
207,0,0,2,207,19332197,19362686,30489,2,0,1,0,0,0,0,2420,1,1
208,0,0,2,208,19377339,19437700,60361,6,4,1,0,0,0,0,2420,1,1
209,0,0,2,209,19452349,19530539,78190,8,4,3,0,0,0,0,2420,1,1
210,0,0,0,210,19545194,19592103,46909,4,1,2,0,0,0,0,2420,1,1
211,0,0,3,211,19606764,19650708,43944,4,3,0,0,0,0,0,2420,1,1
212,0,0,1,212,19665362,19804729,139367,16,11,4,0,0,0,0,2420,1,1
213,0,0,3,213,19819392,19863346,43954,4,3,0,0,0,0,0,2420,1,1
214,0,0,3,214,19877997,19899579,21582,1,0,0,0,0,0,0,2420,1,1
215,0,0,0,215,19914234,20016271,102037,11,6,4,0,0,0,0,2420,1,1
216,0,0,0,216,20030931,20052530,21599,1,0,0,0,0,0,0,2420,1,1
217,0,0,0,217,20067192,20103717,36525,3,2,0,0,0,0,0,2420,1,1
218,0,0,1,218,20118375,20202596,84221,9,6,2,0,0,0,0,2420,1,1
219,0,0,1,219,20217257,20247772,30515,2,0,1,0,0,0,0,2420,1,1
220,0,0,4,220,20262430,20284017,21587,1,0,0,0,0,0,0,2420,1,1
221,0,0,4,221,20298666,20344082,45416,4,2,1,0,0,0,0,2420,1,1
222,0,0,2,222,20358732,20387795,29063,2,1,0,0,0,0,0,2420,1,1
223,0,0,4,223,20402445,20431480,29035,2,1,0,0,0,0,0,2420,1,1
224,0,0,1,224,20446135,20540740,94605,10,5,4,0,0,0,0,2420,1,1
225,0,0,4,225,20555403,20576985,21582,1,0,0,0,0,0,0,2420,1,1
226,0,0,0,226,20591636,20620721,29085,2,1,0,0,0,0,0,2420,1,1
227,0,0,2,227,20635383,20673322,37939,3,1,1,0,0,0,0,2420,1,1
228,0,0,0,228,20687972,20725928,37956,3,1,1,0,0,0,0,2420,1,1
229,0,0,0,229,20740586,20762184,21598,1,0,0,0,0,0,0,2420,1,1
230,0,0,3,230,20776846,20798428,21582,1,0,0,0,0,0,0,2420,1,1
231,0,0,0,231,20813079,20834678,21599,1,0,0,0,0,0,0,2420,1,1
232,0,0,4,232,20849340,20870926,21586,1,0,0,0,0,0,0,2420,1,1
233,0,0,3,233,20885589,20931008,45419,4,2,1,0,0,0,0,2420,1,1
234,0,0,0,234,20945669,20967272,21603,1,0,0,0,0,0,0,2420,1,1
235,0,0,1,235,20981938,21052689,70751,7,3,3,0,0,0,0,2420,1,1
236,0,0,4,236,21067359,21088946,21587,1,0,0,0,0,0,0,2420,1,1
237,0,0,1,237,21103607,21125209,21602,1,0,0,0,0,0,0,2420,1,1
238,0,0,0,238,21139875,21161477,21602,1,0,0,0,0,0,0,2420,1,1
239,0,0,4,239,21176147,21212669,36522,3,2,0,0,0,0,0,2420,1,1
240,0,0,3,240,21227330,21248917,21587,1,0,0,0,0,0,0,2420,1,1
241,0,0,2,241,21263579,21285165,21586,1,0,0,0,0,0,0,2420,1,1
242,0,0,0,242,21299823,21337795,37972,3,1,1,0,0,0,0,2420,1,1
243,0,0,0,243,21352461,21381512,29051,2,1,0,0,0,0,0,2420,1,1
244,0,0,1,244,21396182,21483275,87093,9,4,4,0,0,0,0,2420,1,1
245,0,0,2,245,21497941,21559786,61845,6,3,2,0,0,0,0,2420,1,1
246,0,0,2,246,21574448,21596034,21586,1,0,0,0,0,0,0,2420,1,1
247,0,0,2,247,21610694,21639744,29050,2,1,0,0,0,0,0,2420,1,1
248,0,0,2,248,21654407,21741500,87093,9,4,4,0,0,0,0,2420,1,1
249,0,0,0,249,21756162,21803111,46949,4,1,2,0,0,0,0,2420,1,1
250,0,0,2,250,21817777,21888544,70767,7,3,3,0,0,0,0,2420,1,1
251,0,0,2,251,21903206,22046823,143617,16,8,7,0,0,0,0,2420,1,1
252,0,0,4,252,22061484,22121822,60338,6,4,1,0,0,0,0,2420,1,1
253,0,0,2,253,22136483,22174425,37942,3,1,1,0,0,0,0,2420,1,1
254,0,0,0,254,22189083,22210686,21603,1,0,0,0,0,0,0,2420,1,1
255,0,0,0,255,22225356,22278270,52914,5,3,1,0,0,0,0,2420,1,1
256,0,0,1,256,22292937,22323444,30507,2,0,1,0,0,0,0,2420,1,1
257,0,0,3,257,22338110,22425312,87202,9,4,4,0,0,0,0,2420,1,1
258,0,0,2,258,22439970,22470488,30518,2,0,1,0,0,0,0,2420,1,1
259,0,0,0,259,22485150,22532046,46896,4,1,2,0,0,0,0,2420,1,1
260,0,0,2,260,22546715,22568301,21586,1,0,0,0,0,0,0,2420,1,1
261,0,0,3,261,22582963,22604549,21586,1,0,0,0,0,0,0,2420,1,1
262,0,0,3,262,22619207,22640793,21586,1,0,0,0,0,0,0,2420,1,1
263,0,0,2,263,22655455,22700879,45424,4,2,1,0,0,0,0,2420,1,1
264,0,0,1,264,22715541,22744623,29082,2,1,0,0,0,0,0,2420,1,1
265,0,0,0,265,22759288,22822564,63276,6,2,3,0,0,0,0,2420,1,1
266,0,0,0,266,22837234,22866299,29065,2,1,0,0,0,0,0,2420,1,1
267,0,0,0,267,22880965,22902567,21602,1,0,0,0,0,0,0,2420,1,1
268,0,0,4,268,22917237,22955218,37981,3,1,1,0,0,0,0,2420,1,1
269,0,0,2,269,22969876,23007839,37963,3,1,1,0,0,0,0,2420,1,1
270,0,0,3,270,23022497,23067933,45436,4,2,1,0,0,0,0,2420,1,1
271,0,0,3,271,23082592,23128000,45408,4,2,1,0,0,0,0,2420,1,1
272,0,0,2,272,23142658,23188131,45473,4,2,1,0,0,0,0,2420,1,1
273,0,0,2,273,23202793,23224379,21586,1,0,0,0,0,0,0,2420,1,1
274,0,0,0,274,23239037,23260640,21603,1,0,0,0,0,0,0,2420,1,1
275,0,0,4,275,23275310,23313273,37963,3,1,1,0,0,0,0,2420,1,1
276,0,0,2,276,23327931,23403269,75338,8,6,1,0,0,0,0,2420,1,1
277,0,0,0,277,23417927,23439529,21602,1,0,0,0,0,0,0,2420,1,1
278,0,0,4,278,23454199,23492155,37956,3,1,1,0,0,0,0,2420,1,1
279,0,0,0,279,23506816,23583599,76783,8,5,2,0,0,0,0,2420,1,1
280,0,0,3,280,23598265,23636212,37947,3,1,1,0,0,0,0,2420,1,1
281,0,0,1,281,23650870,23696292,45422,4,2,1,0,0,0,0,2420,1,1
282,0,0,4,282,23710958,23757840,46882,4,1,2,0,0,0,0,2420,1,1
283,0,0,0,283,23772497,23819386,46889,4,1,2,0,0,0,0,2420,1,1
284,0,0,4,284,23834056,24019426,185370,21,10,10,0,0,0,0,2420,1,1
285,0,0,1,285,24034094,24070629,36535,3,2,0,0,0,0,0,2420,1,1
286,0,0,0,286,24085299,24136744,51445,5,4,0,0,0,0,0,2420,1,1
287,0,0,2,287,24151409,24195377,43968,4,3,0,0,0,0,0,2420,1,1
288,0,0,4,288,24210034,24248036,38002,3,1,1,0,0,0,0,2420,1,1
289,0,0,4,289,24262693,24342475,79782,8,4,2,0,1,0,0,2420,1,1
290,0,0,0,290,24357138,24378740,21602,1,0,0,0,0,0,0,2420,1,1
291,0,0,0,291,24393410,24415013,21603,1,0,0,0,0,0,0,2420,1,1
292,0,0,4,292,24429679,24451265,21586,1,0,0,0,0,0,0,2420,1,1
293,0,0,3,293,24465927,24487514,21587,1,0,0,0,0,0,0,2420,1,1
294,0,0,0,294,24502172,24546164,43992,4,3,0,0,0,0,0,2420,1,1
295,0,0,2,295,24560831,24582418,21587,1,0,0,0,0,0,0,2420,1,1
296,0,0,1,296,24597079,24661854,64775,6,1,4,0,0,0,0,2420,1,1
297,0,0,1,297,24676523,24698125,21602,1,0,0,0,0,0,0,2420,1,1
298,0,0,0,298,24712795,24750746,37951,3,1,1,0,0,0,0,2420,1,1
299,0,0,2,299,24765417,24852547,87130,9,4,4,0,0,0,0,2420,1,1
300,0,0,3,300,24867209,24930474,63265,6,2,3,0,0,0,0,2420,1,1
301,0,0,2,301,24945136,25017348,72212,7,2,4,0,0,0,0,2420,1,1
302,0,0,1,302,25032005,25053612,21607,1,0,0,0,0,0,0,2420,1,1
303,0,0,3,303,25068278,25098787,30509,2,0,1,0,0,0,0,2420,1,1
304,0,0,2,304,25113449,25169399,55950,5,2,1,0,1,0,0,2420,1,1
305,0,0,1,305,25184061,25205663,21602,1,0,0,0,0,0,0,2420,1,1
306,0,0,2,306,25220329,25241916,21587,1,0,0,0,0,0,0,2420,1,1
307,0,0,2,307,25256577,25278163,21586,1,0,0,0,0,0,0,2420,1,1
308,0,0,4,308,25292825,25371047,78222,8,4,3,0,0,0,0,2420,1,1
309,0,0,2,309,25385709,25447492,61783,6,3,2,0,0,0,0,2420,1,1
310,0,0,2,310,25462150,25523930,61780,6,3,2,0,0,0,0,2420,1,1
311,0,0,2,311,25538588,25592954,54366,5,2,2,0,0,0,0,2420,1,1
312,0,0,4,312,25607611,25687236,79625,8,3,4,0,0,0,0,2420,1,1
313,0,0,1,313,25701894,25793565,91671,10,7,2,0,0,0,0,2420,1,1
314,0,0,1,314,25808233,25853681,45448,4,2,1,0,0,0,0,2420,1,1
315,0,0,2,315,25868347,25904866,36519,3,2,0,0,0,0,0,2420,1,1
316,0,0,2,316,25919524,25941110,21586,1,0,0,0,0,0,0,2420,1,1
317,0,0,4,317,25955772,26114488,158716,18,10,7,0,0,0,0,2420,1,1
318,0,0,0,318,26129151,26158207,29056,2,1,0,0,0,0,0,2420,1,1
319,0,0,1,319,26172876,26201930,29054,2,1,0,0,0,0,0,2420,1,1
320,0,0,2,320,26216600,26238186,21586,1,0,0,0,0,0,0,2420,1,1
321,0,0,0,321,26252847,26283383,30536,2,0,1,0,0,0,0,2420,1,1
322,0,0,3,322,26298049,26336033,37984,3,1,1,0,0,0,0,2420,1,1
323,0,0,0,323,26350692,26379750,29058,2,1,0,0,0,0,0,2420,1,1
324,0,0,1,324,26394420,26456266,61846,6,3,2,0,0,0,0,2420,1,1
325,0,0,1,325,26470932,26562632,91700,10,7,2,0,0,0,0,2420,1,1
326,0,0,2,326,26577303,26613820,36517,3,2,0,0,0,0,0,2420,1,1
327,0,0,0,327,26628478,26664987,36509,3,2,0,0,0,0,0,2420,1,1
328,0,0,3,328,26679653,26735448,55795,5,1,3,0,0,0,0,2420,1,1
329,0,0,4,329,26750106,26771693,21587,1,0,0,0,0,0,0,2420,1,1
330,0,0,1,330,26786355,26815421,29066,2,1,0,0,0,0,0,2420,1,1
331,0,0,3,331,26830087,26902444,72357,7,3,2,0,1,0,0,2420,1,1
332,0,0,4,332,26917106,26947595,30489,2,0,1,0,0,0,0,2420,1,1
333,0,0,1,333,26962252,26983856,21604,1,0,0,0,0,0,0,2420,1,1
334,0,0,3,334,26998522,27020109,21587,1,0,0,0,0,0,0,2420,1,1
335,0,0,1,335,27034771,27065309,30538,2,0,1,0,0,0,0,2420,1,1
336,0,0,4,336,27079975,27116493,36518,3,2,0,0,0,0,0,2420,1,1
337,0,0,0,337,27131150,27215417,84267,9,6,2,0,0,0,0,2420,1,1
338,0,0,3,338,27230082,27266594,36512,3,2,0,0,0,0,0,2420,1,1
339,0,0,0,339,27281251,27310320,29069,2,1,0,0,0,0,0,2420,1,1
340,0,0,2,340,27324990,27363001,38011,3,1,1,0,0,0,0,2420,1,1
341,0,0,1,341,27377659,27415637,37978,3,1,1,0,0,0,0,2420,1,1
342,0,0,0,342,27430303,27468315,38012,3,1,1,0,0,0,0,2420,1,1
343,0,0,0,343,27482985,27537357,54372,5,2,2,0,0,0,0,2420,1,1
344,0,0,0,344,27552022,27573629,21607,1,0,0,0,0,0,0,2420,1,1
345,0,0,2,345,27588295,27657582,69287,7,4,2,0,0,0,0,2420,1,1
346,0,0,1,346,27672240,27717675,45435,4,2,1,0,0,0,0,2420,1,1
347,0,0,0,347,27732341,27753948,21607,1,0,0,0,0,0,0,2420,1,1
348,0,0,1,348,27768613,27820086,51473,5,4,0,0,0,0,0,2420,1,1
349,0,0,3,349,27834756,27938287,103531,11,5,5,0,0,0,0,2420,1,1
350,0,0,2,350,27952951,27974538,21587,1,0,0,0,0,0,0,2420,1,1
351,0,0,3,351,27989196,28070290,81094,8,2,5,0,0,0,0,2420,1,1
352,0,0,3,352,28084953,28106539,21586,1,0,0,0,0,0,0,2420,1,1
353,0,0,2,353,28121196,28142786,21590,1,0,0,0,0,0,0,2420,1,1
354,0,0,2,354,28157444,28187951,30507,2,0,1,0,0,0,0,2420,1,1
355,0,0,2,355,28202609,28231646,29037,2,1,0,0,0,0,0,2420,1,1
356,0,0,2,356,28246309,28302117,55808,5,1,3,0,0,0,0,2420,1,1
357,0,0,2,357,28316779,28362201,45422,4,2,1,0,0,0,0,2420,1,1
358,0,0,0,358,28376863,28423731,46868,4,1,2,0,0,0,0,2420,1,1
359,0,0,4,359,28438396,28474921,36525,3,2,0,0,0,0,0,2420,1,1
360,0,0,2,360,28489578,28543916,54338,5,2,2,0,0,0,0,2420,1,1
361,0,0,2,361,28558574,28580160,21586,1,0,0,0,0,0,0,2420,1,1
362,0,0,4,362,28594822,28693915,99093,11,8,2,0,0,0,0,2420,1,1
363,0,0,2,363,28708574,28739091,30517,2,0,1,0,0,0,0,2420,1,1
364,0,0,3,364,28753753,28817088,63335,6,2,3,0,0,0,0,2420,1,1
365,0,0,0,365,28831746,28853352,21606,1,0,0,0,0,0,0,2420,1,1
366,0,0,2,366,28868018,28959691,91673,10,7,2,0,0,0,0,2420,1,1
367,0,0,3,367,28974354,28995941,21587,1,0,0,0,0,0,0,2420,1,1
368,0,0,1,368,29010598,29063495,52897,5,3,1,0,0,0,0,2420,1,1
369,0,0,2,369,29078161,29116118,37957,3,1,1,0,0,0,0,2420,1,1
370,0,0,4,370,29130776,29152362,21586,1,0,0,0,0,0,0,2420,1,1
371,0,0,2,371,29167024,29212494,45470,4,2,1,0,0,0,0,2420,1,1
372,0,0,4,372,29227156,29248743,21587,1,0,0,0,0,0,0,2420,1,1
373,0,0,4,373,29263405,29316276,52871,5,3,1,0,0,0,0,2420,1,1
374,0,0,3,374,29330934,29367438,36504,3,2,0,0,0,0,0,2420,1,1
375,0,0,1,375,29382096,29403703,21607,1,0,0,0,0,0,0,2420,1,1
376,0,0,4,376,29418368,29447435,29067,2,1,0,0,0,0,0,2420,1,1
377,0,0,4,377,29462093,29491131,29038,2,1,0,0,0,0,0,2420,1,1
378,0,0,1,378,29505794,29590001,84207,9,6,2,0,0,0,0,2420,1,1
379,0,0,3,379,29604671,29667940,63269,6,2,3,0,0,0,0,2420,1,1
380,0,0,4,380,29682598,29711654,29056,2,1,0,0,0,0,0,2420,1,1
381,0,0,1,381,29726315,29774820,48505,4,1,1,0,1,0,0,2420,1,1
382,0,0,1,382,29789486,29826011,36525,3,2,0,0,0,0,0,2420,1,1
383,0,0,1,383,29840676,29907036,66360,7,6,0,0,0,0,0,2420,1,1
384,0,0,1,384,29921702,29990980,69278,7,4,2,0,0,0,0,2420,1,1
385,0,0,0,385,30005650,30034724,29074,2,1,0,0,0,0,0,2420,1,1
386,0,0,2,386,30049389,30070976,21587,1,0,0,0,0,0,0,2420,1,1
387,0,0,2,387,30085638,30107224,21586,1,0,0,0,0,0,0,2420,1,1
388,0,0,4,388,30121882,30161285,39403,3,0,2,0,0,0,0,2420,1,1
389,0,0,1,389,30175947,30221411,45464,4,2,1,0,0,0,0,2420,1,1
390,0,0,2,390,30236081,30265133,29052,2,1,0,0,0,0,0,2420,1,1
391,0,0,3,391,30279790,30319221,39431,3,0,2,0,0,0,0,2420,1,1
392,0,0,0,392,30333883,30388242,54359,5,2,2,0,0,0,0,2420,1,1
393,0,0,1,393,30402912,30424514,21602,1,0,0,0,0,0,0,2420,1,1
394,0,0,1,394,30439180,30460782,21602,1,0,0,0,0,0,0,2420,1,1
395,0,0,3,395,30475452,30497038,21586,1,0,0,0,0,0,0,2420,1,1
396,0,0,1,396,30511695,30566074,54379,5,2,2,0,0,0,0,2420,1,1
397,0,0,1,397,30580739,30651495,70756,7,3,3,0,0,0,0,2420,1,1
398,0,0,2,398,30666164,30687751,21587,1,0,0,0,0,0,0,2420,1,1
399,0,0,2,399,30702409,30738915,36506,3,2,0,0,0,0,0,2420,1,1
400,0,0,0,400,30753576,30827232,73656,7,1,5,0,0,0,0,2420,1,1
401,0,0,0,401,30841897,30879882,37985,3,1,1,0,0,0,0,2420,1,1
402,0,0,4,402,30894552,30925049,30497,2,0,1,0,0,0,0,2420,1,1
403,0,0,0,403,30939707,30977700,37993,3,1,1,0,0,0,0,2420,1,1
404,0,0,2,404,30992365,31022859,30494,2,0,1,0,0,0,0,2420,1,1
405,0,0,1,405,31037517,31059119,21602,1,0,0,0,0,0,0,2420,1,1
406,0,0,3,406,31073788,31158015,84227,9,6,2,0,0,0,0,2420,1,1
407,0,0,0,407,31172673,31219584,46911,4,1,2,0,0,0,0,2420,1,1
408,0,0,2,408,31234254,31255841,21587,1,0,0,0,0,0,0,2420,1,1
409,0,0,4,409,31270499,31292085,21586,1,0,0,0,0,0,0,2420,1,1
410,0,0,4,410,31306747,31386384,79637,8,3,4,0,0,0,0,2420,1,1
411,0,0,3,411,31401042,31422628,21586,1,0,0,0,0,0,0,2420,1,1
412,0,0,3,412,31437289,31507984,70695,7,3,3,0,0,0,0,2420,1,1
413,0,0,3,413,31522642,31553163,30521,2,0,1,0,0,0,0,2420,1,1
414,0,0,0,414,31567822,31671280,103458,11,5,5,0,0,0,0,2420,1,1
415,0,0,1,415,31685953,31731393,45440,4,2,1,0,0,0,0,2420,1,1
416,0,0,3,416,31746063,31784016,37953,3,1,1,0,0,0,0,2420,1,1
417,0,0,3,417,31798674,31820260,21586,1,0,0,0,0,0,0,2420,1,1
418,0,0,0,418,31834922,31856524,21602,1,0,0,0,0,0,0,2420,1,1
419,0,0,3,419,31871190,31892780,21590,1,0,0,0,0,0,0,2420,1,1
420,0,0,0,420,31907438,31937977,30539,2,0,1,0,0,0,0,2420,1,1
421,0,0,2,421,31952643,32039764,87121,9,4,4,0,0,0,0,2420,1,1
422,0,0,1,422,32054426,32152105,97679,10,4,4,0,1,0,0,2420,1,1
423,0,0,4,423,32166777,32222555,55778,5,1,3,0,0,0,0,2420,1,1
424,0,0,2,424,32237216,32389821,152605,17,8,8,0,0,0,0,2420,1,1
425,0,0,4,425,32404488,32426072,21584,1,0,0,0,0,0,0,2420,1,1
426,0,0,1,426,32440730,32484778,44048,4,3,0,0,0,0,0,2420,1,1
427,0,0,1,427,32499444,32537435,37991,3,1,1,0,0,0,0,2420,1,1
428,0,0,0,428,32552101,32590101,38000,3,1,1,0,0,0,0,2420,1,1
429,0,0,1,429,32604771,32660588,55817,5,1,3,0,0,0,0,2420,1,1
430,0,0,3,430,32675258,32722143,46885,4,1,2,0,0,0,0,2420,1,1
431,0,0,2,431,32736805,32776236,39431,3,0,2,0,0,0,0,2420,1,1
432,0,0,3,432,32790893,32812480,21587,1,0,0,0,0,0,0,2420,1,1
433,0,0,3,433,32827142,32856195,29053,2,1,0,0,0,0,0,2420,1,1
434,0,0,0,434,32870853,32926683,55830,5,1,3,0,0,0,0,2420,1,1
435,0,0,3,435,32941349,33034515,93166,10,6,3,0,0,0,0,2420,1,1
436,0,0,2,436,33049175,33088611,39436,3,0,2,0,0,0,0,2420,1,1
437,0,0,0,437,33103273,33276913,173640,20,12,7,0,0,0,0,2420,1,1
438,0,0,1,438,33291583,33415909,124326,13,4,7,0,1,0,0,2420,1,1
439,0,0,3,439,33430578,33452164,21586,1,0,0,0,0,0,0,2420,1,1
440,0,0,1,440,33466825,33515204,48379,4,0,3,0,0,0,0,2420,1,1
441,0,0,4,441,33529869,33560393,30524,2,0,1,0,0,0,0,2420,1,1
442,0,0,4,442,33575055,33620510,45455,4,2,1,0,0,0,0,2420,1,1
443,0,0,0,443,33635172,33664234,29062,2,1,0,0,0,0,0,2420,1,1
444,0,0,3,444,33678899,33724358,45459,4,2,1,0,0,0,0,2420,1,1
445,0,0,4,445,33739016,33776966,37950,3,1,1,0,0,0,0,2420,1,1
446,0,0,0,446,33791624,33839989,48365,4,0,3,0,0,0,0,2420,1,1
447,0,0,0,447,33854659,33876262,21603,1,0,0,0,0,0,0,2420,1,1
448,0,0,3,448,33890927,33921426,30499,2,0,1,0,0,0,0,2420,1,1
449,0,0,1,449,33936088,33983005,46917,4,1,2,0,0,0,0,2420,1,1
450,0,0,2,450,33997671,34019257,21586,1,0,0,0,0,0,0,2420,1,1
451,0,0,4,451,34033920,34064416,30496,2,0,1,0,0,0,0,2420,1,1
452,0,0,3,452,34079075,34108122,29047,2,1,0,0,0,0,0,2420,1,1
453,0,0,4,453,34122784,34144370,21586,1,0,0,0,0,0,0,2420,1,1
454,0,0,3,454,34159029,34188069,29040,2,1,0,0,0,0,0,2420,1,1
455,0,0,0,455,34202726,34273468,70742,7,3,3,0,0,0,0,2420,1,1
456,0,0,0,456,34288134,34324659,36525,3,2,0,0,0,0,0,2420,1,1
457,0,0,4,457,34339325,34460874,121549,14,11,2,0,0,0,0,2420,1,1
458,0,0,0,458,34475540,34555246,79706,8,3,4,0,0,0,0,2420,1,1
459,0,0,1,459,34569912,34655578,85666,9,5,3,0,0,0,0,2420,1,1
460,0,0,2,460,34670244,34699313,29069,2,1,0,0,0,0,0,2420,1,1
461,0,0,2,461,34713975,34790722,76747,8,5,2,0,0,0,0,2420,1,1
462,0,0,1,462,34805384,34826986,21602,1,0,0,0,0,0,0,2420,1,1
463,0,0,2,463,34841653,34863244,21591,1,0,0,0,0,0,0,2420,1,1
464,0,0,4,464,34877902,34930748,52846,5,3,1,0,0,0,0,2420,1,1
465,0,0,1,465,34945409,34981933,36524,3,2,0,0,0,0,0,2420,1,1
466,0,0,3,466,34996602,35089661,93059,10,6,3,0,0,0,0,2420,1,1
467,0,0,4,467,35104324,35151220,46896,4,1,2,0,0,0,0,2420,1,1
468,0,0,4,468,35165882,35196383,30501,2,0,1,0,0,0,0,2420,1,1
469,0,0,0,469,35211040,35266875,55835,5,1,3,0,0,0,0,2420,1,1
470,0,0,2,470,35281541,35352313,70772,7,3,3,0,0,0,0,2420,1,1
471,0,0,4,471,35366975,35396030,29055,2,1,0,0,0,0,0,2420,1,1
472,0,0,0,472,35410688,35484514,73826,7,2,3,0,1,0,0,2420,1,1
473,0,0,3,473,35499180,35544627,45447,4,2,1,0,0,0,0,2420,1,1
474,0,0,3,474,35559285,35604705,45420,4,2,1,0,0,0,0,2420,1,1
475,0,0,4,475,35619363,35640949,21586,1,0,0,0,0,0,0,2420,1,1
476,0,0,0,476,35655611,35693582,37971,3,1,1,0,0,0,0,2420,1,1
477,0,0,0,477,35708248,35729851,21603,1,0,0,0,0,0,0,2420,1,1
478,0,0,0,478,35744520,35788513,43993,4,3,0,0,0,0,0,2420,1,1
479,0,0,4,479,35803183,35866453,63270,6,2,3,0,0,0,0,2420,1,1
480,0,0,4,480,35881111,35902697,21586,1,0,0,0,0,0,0,2420,1,1
481,0,0,1,481,35917358,35964256,46898,4,1,2,0,0,0,0,2420,1,1
482,0,0,0,482,35978922,36000525,21603,1,0,0,0,0,0,0,2420,1,1
483,0,0,4,483,36015196,36091935,76739,8,5,2,0,0,0,0,2420,1,1
484,0,0,1,484,36106596,36128198,21602,1,0,0,0,0,0,0,2420,1,1
485,0,0,3,485,36142869,36164455,21586,1,0,0,0,0,0,0,2420,1,1
486,0,0,1,486,36179114,36200716,21602,1,0,0,0,0,0,0,2420,1,1
487,0,0,2,487,36215387,36277212,61825,6,3,2,0,0,0,0,2420,1,1
488,0,0,2,488,36291870,36337306,45436,4,2,1,0,0,0,0,2420,1,1
489,0,0,2,489,36351956,36389918,37962,3,1,1,0,0,0,0,2420,1,1
490,0,0,4,490,36404572,36426155,21583,1,0,0,0,0,0,0,2420,1,1
491,0,0,4,491,36440804,36480226,39422,3,0,2,0,0,0,0,2420,1,1
492,0,0,4,492,36494880,36523931,29051,2,1,0,0,0,0,0,2420,1,1
493,0,0,3,493,36538581,36567634,29053,2,1,0,0,0,0,0,2420,1,1
494,0,0,4,494,36582286,36644126,61840,6,3,2,0,0,0,0,2420,1,1
495,0,0,3,495,36658776,36687810,29034,2,1,0,0,0,0,0,2420,1,1
496,0,0,2,496,36702460,36740425,37965,3,1,1,0,0,0,0,2420,1,1
497,0,0,3,497,36755080,36815402,60322,6,4,1,0,0,0,0,2420,1,1
498,0,0,2,498,36830052,36875479,45427,4,2,1,0,0,0,0,2420,1,1
499,0,0,3,499,36890130,36928077,37947,3,1,1,0,0,0,0,2420,1,1
500,0,0,3,500,36942727,37031335,88608,9,3,5,0,0,0,0,2420,1,1
501,0,0,2,501,37045989,37083947,37958,3,1,1,0,0,0,0,2420,1,1
502,0,0,3,502,37098597,37184260,85663,9,5,3,0,0,0,0,2420,1,1
503,0,0,0,503,37198909,37227985,29076,2,1,0,0,0,0,0,2420,1,1
504,0,0,0,504,37242643,37393963,151320,17,10,5,0,1,0,0,2420,1,1
505,0,0,4,505,37408626,37454039,45413,4,2,1,0,0,0,0,2420,1,1
506,0,0,0,506,37468689,37506671,37982,3,1,1,0,0,0,0,2420,1,1
507,0,0,3,507,37521328,37550364,29036,2,1,0,0,0,0,0,2420,1,1
508,0,0,1,508,37565018,37611899,46881,4,1,2,0,0,0,0,2420,1,1
509,0,0,4,509,37626561,37679455,52894,5,3,1,0,0,0,0,2420,1,1
510,0,0,0,510,37694108,37715707,21599,1,0,0,0,0,0,0,2420,1,1
511,0,0,3,511,37730365,37751947,21582,1,0,0,0,0,0,0,2420,1,1
512,0,0,0,512,37766601,37828421,61820,6,3,2,0,0,0,0,2420,1,1
513,0,0,2,513,37843079,38013792,170713,20,14,5,0,0,0,0,2420,1,1
514,0,0,2,514,38028447,38067881,39434,3,0,2,0,0,0,0,2420,1,1
515,0,0,3,515,38082531,38119038,36507,3,2,0,0,0,0,0,2420,1,1
516,0,0,0,516,38133691,38179154,45463,4,2,1,0,0,0,0,2420,1,1
517,0,0,3,517,38193816,38257065,63249,6,2,3,0,0,0,0,2420,1,1
518,0,0,0,518,38271715,38332090,60375,6,4,1,0,0,0,0,2420,1,1
519,0,0,4,519,38346752,38384754,38002,3,1,1,0,0,0,0,2420,1,1
520,0,0,2,520,38399407,38429906,30499,2,0,1,0,0,0,0,2420,1,1
521,0,0,0,521,38444560,38466159,21599,1,0,0,0,0,0,0,2420,1,1
522,0,0,1,522,38480816,38572328,91512,9,1,7,0,0,0,0,2420,1,1
523,0,0,4,523,38586989,38616040,29051,2,1,0,0,0,0,0,2420,1,1
524,0,0,4,524,38630691,38695401,64710,6,1,4,0,0,0,0,2420,1,1
525,0,0,4,525,38710051,38747997,37946,3,1,1,0,0,0,0,2420,1,1
526,0,0,0,526,38762648,38799181,36533,3,2,0,0,0,0,0,2420,1,1
527,0,0,4,527,38813843,38835425,21582,1,0,0,0,0,0,0,2420,1,1
528,0,0,4,528,38850075,38880565,30490,2,0,1,0,0,0,0,2420,1,1
529,0,0,2,529,38895219,39110507,215288,25,14,10,0,0,0,0,2420,1,1
530,0,0,0,530,39125168,39146766,21598,1,0,0,0,0,0,0,2420,1,1
531,0,0,0,531,39161423,39215765,54342,5,2,2,0,0,0,0,2420,1,1
532,0,0,2,532,39230424,39268385,37961,3,1,1,0,0,0,0,2420,1,1
533,0,0,3,533,39283035,39352308,69273,7,4,2,0,0,0,0,2420,1,1
534,0,0,4,534,39366961,39436269,69308,7,4,2,0,0,0,0,2420,1,1
535,0,0,4,535,39450919,39488868,37949,3,1,1,0,0,0,0,2420,1,1
536,0,0,1,536,39503523,39534024,30501,2,0,1,0,0,0,0,2420,1,1
537,0,0,4,537,39548682,39609033,60351,6,4,1,0,0,0,0,2420,1,1
538,0,0,3,538,39623687,39706211,82524,8,1,6,0,0,0,0,2420,1,1
539,0,0,1,539,39720860,39742459,21599,1,0,0,0,0,0,0,2420,1,1
540,0,0,0,540,39757120,39817482,60362,6,4,1,0,0,0,0,2420,1,1
541,0,0,0,541,39832140,39861188,29048,2,1,0,0,0,0,0,2420,1,1
542,0,0,2,542,39875849,39906355,30506,2,0,1,0,0,0,0,2420,1,1
543,0,0,0,543,39921005,39973933,52928,5,3,1,0,0,0,0,2420,1,1
544,0,0,0,544,39988591,40010189,21598,1,0,0,0,0,0,0,2420,1,1
545,0,0,3,545,40024851,40053902,29051,2,1,0,0,0,0,0,2420,1,1
546,0,0,2,546,40068552,40137813,69261,7,4,2,0,0,0,0,2420,1,1
547,0,0,0,547,40152463,40174065,21602,1,0,0,0,0,0,0,2420,1,1
548,0,0,1,548,40188723,40226706,37983,3,1,1,0,0,0,0,2420,1,1
549,0,0,2,549,40241364,40306079,64715,6,1,4,0,0,0,0,2420,1,1
550,0,0,4,550,40320729,40342311,21582,1,0,0,0,0,0,0,2420,1,1
551,0,0,1,551,40356966,40420256,63290,6,2,3,0,0,0,0,2420,1,1
552,0,0,2,552,40434922,40522001,87079,9,4,4,0,0,0,0,2420,1,1
553,0,0,1,553,40536655,40583526,46871,4,1,2,0,0,0,0,2420,1,1
554,0,0,4,554,40598183,40737502,139319,16,11,4,0,0,0,0,2420,1,1
555,0,0,2,555,40752157,40790103,37946,3,1,1,0,0,0,0,2420,1,1
556,0,0,3,556,40804758,40826340,21582,1,0,0,0,0,0,0,2420,1,1
557,0,0,0,557,40840990,40871518,30528,2,0,1,0,0,0,0,2420,1,1
558,0,0,1,558,40886180,40939084,52904,5,3,1,0,0,0,0,2420,1,1
559,0,0,3,559,40953746,40975329,21583,1,0,0,0,0,0,0,2420,1,1
560,0,0,2,560,40989979,41020467,30488,2,0,1,0,0,0,0,2420,1,1
561,0,0,0,561,41035121,41056719,21598,1,0,0,0,0,0,0,2420,1,1
562,0,0,1,562,41071377,41148204,76827,8,5,2,0,0,0,0,2420,1,1
563,0,0,2,563,41162866,41184449,21583,1,0,0,0,0,0,0,2420,1,1
564,0,0,1,564,41199098,41220696,21598,1,0,0,0,0,0,0,2420,1,1
565,0,0,4,565,41235359,41295719,60360,6,4,1,0,0,0,0,2420,1,1
566,0,0,4,566,41310369,41425849,115480,13,9,3,0,0,0,0,2420,1,1
567,0,0,1,567,41440503,41469570,29067,2,1,0,0,0,0,0,2420,1,1
568,0,0,3,568,41484233,41520747,36514,3,2,0,0,0,0,0,2420,1,1
569,0,0,4,569,41535401,41606105,70704,7,3,3,0,0,0,0,2420,1,1
570,0,0,2,570,41620756,41658736,37980,3,1,1,0,0,0,0,2420,1,1
571,0,0,3,571,41673389,41694972,21583,1,0,0,0,0,0,0,2420,1,1
572,0,0,1,572,41709622,41731220,21598,1,0,0,0,0,0,0,2420,1,1
573,0,0,4,573,41745883,41791283,45400,4,2,1,0,0,0,0,2420,1,1
574,0,0,1,574,41805937,41915455,109518,12,7,4,0,0,0,0,2420,1,1
575,0,0,4,575,41930116,42036557,106441,11,3,7,0,0,0,0,2420,1,1
576,0,0,2,576,42051210,42080268,29058,2,1,0,0,0,0,0,2420,1,1
577,0,0,2,577,42094922,42141793,46871,4,1,2,0,0,0,0,2420,1,1
578,0,0,2,578,42156447,42210814,54367,5,2,2,0,0,0,0,2420,1,1
579,0,0,1,579,42225468,42333481,108013,12,8,3,0,0,0,0,2420,1,1
580,0,0,3,580,42348141,42377193,29052,2,1,0,0,0,0,0,2420,1,1
581,0,0,1,581,42391843,42437309,45466,4,2,1,0,0,0,0,2420,1,1
582,0,0,3,582,42451967,42506330,54363,5,2,2,0,0,0,0,2420,1,1
583,0,0,1,583,42520980,42567862,46882,4,1,2,0,0,0,0,2420,1,1
584,0,0,3,584,42582524,42626521,43997,4,3,0,0,0,0,0,2420,1,1
585,0,0,3,585,42641171,42680594,39423,3,0,2,0,0,0,0,2420,1,1
586,0,0,1,586,42695249,42733252,38003,3,1,1,0,0,0,0,2420,1,1
587,0,0,3,587,42747910,42800789,52879,5,3,1,0,0,0,0,2420,1,1
588,0,0,2,588,42815443,42844491,29048,2,1,0,0,0,0,0,2420,1,1
589,0,0,2,589,42859141,42907483,48342,4,0,3,0,0,0,0,2420,1,1
590,0,0,1,590,42922133,42951204,29071,2,1,0,0,0,0,0,2420,1,1
591,0,0,0,591,42965867,42987465,21598,1,0,0,0,0,0,0,2420,1,1
592,0,0,2,592,43002123,43057965,55842,5,1,3,0,0,0,0,2420,1,1
593,0,0,4,593,43072616,43101674,29058,2,1,0,0,0,0,0,2420,1,1
594,0,0,2,594,43116329,43163217,46888,4,1,2,0,0,0,0,2420,1,1
595,0,0,3,595,43177867,43199451,21584,1,0,0,0,0,0,0,2420,1,1
596,0,0,3,596,43214105,43235689,21584,1,0,0,0,0,0,0,2420,1,1
597,0,0,2,597,43250338,43336015,85677,9,5,3,0,0,0,0,2420,1,1
598,0,0,2,598,43350665,43379728,29063,2,1,0,0,0,0,0,2420,1,1
599,0,0,4,599,43394382,43423414,29032,2,1,0,0,0,0,0,2420,1,1
600,0,0,4,600,43438065,43483471,45406,4,2,1,0,0,0,0,2420,1,1
601,0,0,3,601,43498121,43534631,36510,3,2,0,0,0,0,0,2420,1,1
602,0,0,3,602,43549281,43578316,29035,2,1,0,0,0,0,0,2420,1,1
603,0,0,1,603,43592970,43686137,93167,10,6,3,0,0,0,0,2420,1,1
604,0,0,1,604,43700797,43790889,90092,9,2,6,0,0,0,0,2420,1,1
605,0,0,4,605,43805551,43836073,30522,2,0,1,0,0,0,0,2420,1,1
606,0,0,3,606,43850723,43914024,63301,6,2,3,0,0,0,0,2420,1,1
607,0,0,2,607,43928674,44011407,82733,9,7,1,0,0,0,0,2420,1,1
608,0,0,1,608,44026062,44055109,29047,2,1,0,0,0,0,0,2420,1,1
609,0,0,4,609,44069767,44098805,29038,2,1,0,0,0,0,0,2420,1,1
610,0,0,4,610,44113459,44166339,52880,5,3,1,0,0,0,0,2420,1,1
611,0,0,4,611,44180990,44202573,21583,1,0,0,0,0,0,0,2420,1,1
612,0,0,1,612,44217226,44238825,21599,1,0,0,0,0,0,0,2420,1,1
613,0,0,3,613,44253486,44275069,21583,1,0,0,0,0,0,0,2420,1,1
614,0,0,4,614,44289719,44320234,30515,2,0,1,0,0,0,0,2420,1,1
615,0,0,3,615,44334888,44423415,88527,9,3,5,0,0,0,0,2420,1,1
616,0,0,3,616,44438069,44522278,84209,9,6,2,0,0,0,0,2420,1,1
617,0,0,1,617,44536932,44567451,30519,2,0,1,0,0,0,0,2420,1,1
618,0,0,4,618,44582110,44603696,21586,1,0,0,0,0,0,0,2420,1,1
619,0,0,3,619,44618347,44647407,29060,2,1,0,0,0,0,0,2420,1,1
620,0,0,1,620,44662057,44683660,21603,1,0,0,0,0,0,0,2420,1,1
621,0,0,3,621,44698319,44719901,21582,1,0,0,0,0,0,0,2420,1,1
622,0,0,4,622,44734556,44756139,21583,1,0,0,0,0,0,0,2420,1,1
623,0,0,2,623,44770789,44792372,21583,1,0,0,0,0,0,0,2420,1,1
624,0,0,3,624,44807026,44828608,21582,1,0,0,0,0,0,0,2420,1,1
625,0,0,0,625,44843262,44922954,79692,8,3,4,0,0,0,0,2420,1,1
626,0,0,4,626,44937612,44984501,46889,4,1,2,0,0,0,0,2420,1,1
627,0,0,3,627,44999152,45020734,21582,1,0,0,0,0,0,0,2420,1,1
628,0,0,4,628,45035388,45056971,21583,1,0,0,0,0,0,0,2420,1,1
629,0,0,2,629,45071621,45100674,29053,2,1,0,0,0,0,0,2420,1,1
630,0,0,1,630,45115327,45136926,21599,1,0,0,0,0,0,0,2420,1,1
631,0,0,0,631,45151583,45180640,29057,2,1,0,0,0,0,0,2420,1,1
632,0,0,3,632,45195302,45279517,84215,9,6,2,0,0,0,0,2420,1,1
633,0,0,1,633,45294171,45323220,29049,2,1,0,0,0,0,0,2420,1,1
634,0,0,2,634,45337878,45359460,21582,1,0,0,0,0,0,0,2420,1,1
635,0,0,2,635,45374114,45418054,43940,4,3,0,0,0,0,0,2420,1,1
636,0,0,2,636,45432704,45470656,37952,3,1,1,0,0,0,0,2420,1,1
637,0,0,2,637,45485310,45521820,36510,3,2,0,0,0,0,0,2420,1,1
638,0,0,3,638,45536473,45668410,131937,15,10,4,0,0,0,0,2420,1,1
639,0,0,3,639,45683068,45780558,97490,10,3,6,0,0,0,0,2420,1,1
640,0,0,2,640,45795214,45833168,37954,3,1,1,0,0,0,0,2420,1,1
641,0,0,0,641,45847819,45894742,46923,4,1,2,0,0,0,0,2420,1,1
642,0,0,4,642,45909399,45971225,61826,6,3,2,0,0,0,0,2420,1,1
643,0,0,2,643,45985879,46014920,29041,2,1,0,0,0,0,0,2420,1,1
644,0,0,3,644,46029570,46051153,21583,1,0,0,0,0,0,0,2420,1,1
645,0,0,4,645,46065807,46118651,52844,5,3,1,0,0,0,0,2420,1,1
646,0,0,2,646,46133305,46162363,29058,2,1,0,0,0,0,0,2420,1,1
647,0,0,0,647,46177017,46256685,79668,8,3,4,0,0,0,0,2420,1,1
648,0,0,4,648,46271346,46310768,39422,3,0,2,0,0,0,0,2420,1,1
649,0,0,4,649,46325423,46481125,155702,18,12,5,0,0,0,0,2420,1,1
650,0,0,3,650,46495784,46517366,21582,1,0,0,0,0,0,0,2420,1,1
651,0,0,3,651,46532016,46599854,67838,7,5,1,0,0,0,0,2420,1,1
652,0,0,1,652,46614509,46700195,85686,9,5,3,0,0,0,0,2420,1,1
653,0,0,1,653,46714857,46794485,79628,8,3,4,0,0,0,0,2420,1,1
654,0,0,1,654,46809144,46856092,46948,4,1,2,0,0,0,0,2420,1,1
655,0,0,0,655,46870751,46917666,46915,4,1,2,0,0,0,0,2420,1,1
656,0,0,0,656,46932324,46953926,21602,1,0,0,0,0,0,0,2420,1,1
657,0,0,3,657,46968585,46997621,29036,2,1,0,0,0,0,0,2420,1,1
658,0,0,3,658,47012272,47042772,30500,2,0,1,0,0,0,0,2420,1,1
659,0,0,3,659,47057422,47087906,30484,2,0,1,0,0,0,0,2420,1,1
660,0,0,2,660,47102556,47149443,46887,4,1,2,0,0,0,0,2420,1,1
661,0,0,0,661,47164096,47224456,60360,6,4,1,0,0,0,0,2420,1,1
662,0,0,4,662,47239114,47321879,82765,9,7,1,0,0,0,0,2420,1,1
663,0,0,0,663,47336533,47388004,51471,5,4,0,0,0,0,0,2420,1,1
664,0,0,0,664,47402662,47448088,45426,4,2,1,0,0,0,0,2420,1,1
665,0,0,3,665,47462746,47493241,30495,2,0,1,0,0,0,0,2420,1,1
666,0,0,1,666,47507891,47529489,21598,1,0,0,0,0,0,0,2420,1,1
667,0,0,0,667,47544151,47565749,21598,1,0,0,0,0,0,0,2420,1,1
668,0,0,1,668,47580407,47616958,36551,3,2,0,0,0,0,0,2420,1,1
669,0,0,4,669,47631616,47679959,48343,4,0,3,0,0,0,0,2420,1,1
670,0,0,4,670,47694614,47731116,36502,3,2,0,0,0,0,0,2420,1,1
671,0,0,4,671,47745770,47797189,51419,5,4,0,0,0,0,0,2420,1,1
672,0,0,2,672,47811839,47842351,30512,2,0,1,0,0,0,0,2420,1,1
673,0,0,1,673,47857006,47918808,61802,6,3,2,0,0,0,0,2420,1,1
674,0,0,1,674,47933470,47969985,36515,3,2,0,0,0,0,0,2420,1,1
675,0,0,1,675,47984647,48013695,29048,2,1,0,0,0,0,0,2420,1,1
676,0,0,3,676,48028354,48049937,21583,1,0,0,0,0,0,0,2420,1,1
677,0,0,0,677,48064590,48093649,29059,2,1,0,0,0,0,0,2420,1,1
678,0,0,4,678,48108307,48167150,58843,6,5,0,0,0,0,0,2420,1,1
679,0,0,3,679,48181800,48212289,30489,2,0,1,0,0,0,0,2420,1,1
680,0,0,4,680,48226947,48257450,30503,2,0,1,0,0,0,0,2420,1,1
681,0,0,1,681,48272101,48302613,30512,2,0,1,0,0,0,0,2420,1,1
682,0,0,4,682,48317274,48402921,85647,9,5,3,0,0,0,0,2420,1,1
683,0,0,3,683,48417572,48439154,21582,1,0,0,0,0,0,0,2420,1,1
684,0,0,1,684,48453808,48475407,21599,1,0,0,0,0,0,0,2420,1,1
685,0,0,3,685,48490065,48520551,30486,2,0,1,0,0,0,0,2420,1,1
686,0,0,1,686,48535205,48668498,133293,15,9,5,0,0,0,0,2420,1,1
687,0,0,0,687,48683163,48730045,46882,4,1,2,0,0,0,0,2420,1,1
688,0,0,1,688,48744707,48781228,36521,3,2,0,0,0,0,0,2420,1,1
689,0,0,3,689,48795891,48817473,21582,1,0,0,0,0,0,0,2420,1,1
690,0,0,0,690,48832123,48853726,21603,1,0,0,0,0,0,0,2420,1,1
691,0,0,3,691,48868384,48889966,21582,1,0,0,0,0,0,0,2420,1,1
692,0,0,2,692,48904621,48933667,29046,2,1,0,0,0,0,0,2420,1,1
693,0,0,1,693,48948318,49069858,121540,14,11,2,0,0,0,0,2420,1,1
694,0,0,4,694,49084524,49106107,21583,1,0,0,0,0,0,0,2420,1,1
695,0,0,3,695,49120757,49166191,45434,4,2,1,0,0,0,0,2420,1,1
696,0,0,3,696,49180841,49209885,29044,2,1,0,0,0,0,0,2420,1,1
697,0,0,1,697,49224539,49255046,30507,2,0,1,0,0,0,0,2420,1,1
698,0,0,1,698,49269703,49338980,69277,7,4,2,0,0,0,0,2420,1,1
699,0,0,2,699,49353641,49382684,29043,2,1,0,0,0,0,0,2420,1,1
700,0,0,0,700,49397337,49459137,61800,6,3,2,0,0,0,0,2420,1,1
701,0,0,2,701,49473799,49495382,21583,1,0,0,0,0,0,0,2420,1,1
702,0,0,4,702,49510032,49562933,52901,5,3,1,0,0,0,0,2420,1,1
703,0,0,1,703,49577583,49649817,72234,7,2,4,0,0,0,0,2420,1,1
704,0,0,2,704,49664480,49787506,123026,14,10,3,0,0,0,0,2420,1,1
705,0,0,3,705,49802160,49823747,21587,1,0,0,0,0,0,0,2420,1,1
706,0,0,0,706,49838397,49949365,110968,12,6,5,0,0,0,0,2420,1,1
707,0,0,0,707,49964030,49985629,21599,1,0,0,0,0,0,0,2420,1,1
708,0,0,3,708,50000287,50129239,128952,14,7,5,0,1,0,0,2420,1,1
709,0,0,1,709,50143896,50165494,21598,1,0,0,0,0,0,0,2420,1,1
710,0,0,4,710,50180153,50234510,54357,5,2,2,0,0,0,0,2420,1,1
711,0,0,2,711,50249160,50278201,29041,2,1,0,0,0,0,0,2420,1,1
712,0,0,1,712,50292859,50380069,87210,9,4,4,0,0,0,0,2420,1,1
713,0,0,3,713,50394732,50416314,21582,1,0,0,0,0,0,0,2420,1,1
714,0,0,0,714,50430964,50461498,30534,2,0,1,0,0,0,0,2420,1,1
715,0,0,4,715,50476161,50514121,37960,3,1,1,0,0,0,0,2420,1,1
716,0,0,3,716,50528771,50550354,21583,1,0,0,0,0,0,0,2420,1,1
717,0,0,4,717,50565008,50628236,63228,6,2,3,0,0,0,0,2420,1,1
718,0,0,3,718,50642890,50688335,45445,4,2,1,0,0,0,0,2420,1,1
719,0,0,3,719,50702989,50748454,45465,4,2,1,0,0,0,0,2420,1,1
720,0,0,2,720,50763107,50793613,30506,2,0,1,0,0,0,0,2420,1,1
721,0,0,3,721,50808263,50944461,136198,15,7,7,0,0,0,0,2420,1,1
722,0,0,2,722,50959114,50989608,30494,2,0,1,0,0,0,0,2420,1,1
723,0,0,0,723,51004262,51040793,36531,3,2,0,0,0,0,0,2420,1,1
724,0,0,0,724,51055456,51156032,100576,11,7,3,0,0,0,0,2420,1,1
725,0,0,1,725,51170694,51241666,70972,7,4,1,0,1,0,0,2420,1,1
726,0,0,0,726,51256330,51285404,29074,2,1,0,0,0,0,0,2420,1,1
727,0,0,1,727,51300062,51338042,37980,3,1,1,0,0,0,0,2420,1,1
728,0,0,3,728,51352700,51381740,29040,2,1,0,0,0,0,0,2420,1,1
729,0,0,1,729,51396395,51434357,37962,3,1,1,0,0,0,0,2420,1,1
730,0,0,1,730,51449015,51478067,29052,2,1,0,0,0,0,0,2420,1,1
731,0,0,2,731,51492724,51539605,46881,4,1,2,0,0,0,0,2420,1,1
732,0,0,2,732,51554259,51686159,131900,15,10,4,0,0,0,0,2420,1,1
733,0,0,4,733,51700814,51771581,70767,7,3,3,0,0,0,0,2420,1,1
734,0,0,0,734,51786236,51889745,103509,11,5,5,0,0,0,0,2420,1,1
735,0,0,1,735,51904410,51943865,39455,3,0,2,0,0,0,0,2420,1,1
736,0,0,1,736,51958523,51989054,30531,2,0,1,0,0,0,0,2420,1,1
737,0,0,4,737,52003716,52025298,21582,1,0,0,0,0,0,0,2420,1,1
738,0,0,3,738,52039949,52061531,21582,1,0,0,0,0,0,0,2420,1,1
739,0,0,2,739,52076186,52179686,103500,11,5,5,0,0,0,0,2420,1,1
740,0,0,1,740,52194343,52224843,30500,2,0,1,0,0,0,0,2420,1,1
741,0,0,4,741,52239501,52293819,54318,5,2,2,0,0,0,0,2420,1,1
742,0,0,3,742,52308468,52362808,54340,5,2,2,0,0,0,0,2420,1,1
743,0,0,0,743,52377459,52422922,45463,4,2,1,0,0,0,0,2420,1,1
744,0,0,2,744,52437584,52554478,116894,13,8,4,0,0,0,0,2420,1,1
745,0,0,4,745,52569130,52708282,139152,15,5,9,0,0,0,0,2420,1,1
746,0,0,0,746,52722938,52760904,37966,3,1,1,0,0,0,0,2420,1,1
747,0,0,4,747,52775567,52797149,21582,1,0,0,0,0,0,0,2420,1,1
748,0,0,1,748,52811799,52833401,21602,1,0,0,0,0,0,0,2420,1,1
749,0,0,3,749,52848058,52877109,29051,2,1,0,0,0,0,0,2420,1,1
750,0,0,2,750,52891759,52913345,21586,1,0,0,0,0,0,0,2420,1,1
751,0,0,3,751,52927996,52958499,30503,2,0,1,0,0,0,0,2420,1,1
752,0,0,1,752,52973153,53020042,46889,4,1,2,0,0,0,0,2420,1,1
753,0,0,1,753,53034704,53072685,37981,3,1,1,0,0,0,0,2420,1,1
754,0,0,0,754,53087347,53108945,21598,1,0,0,0,0,0,0,2420,1,1
755,0,0,0,755,53123607,53145206,21599,1,0,0,0,0,0,0,2420,1,1
756,0,0,3,756,53159864,53229132,69268,7,4,2,0,0,0,0,2420,1,1
757,0,0,2,757,53243787,53272822,29035,2,1,0,0,0,0,0,2420,1,1
758,0,0,3,758,53287472,53340402,52930,5,3,1,0,0,0,0,2420,1,1
759,0,0,2,759,53355056,53458548,103492,11,5,5,0,0,0,0,2420,1,1
760,0,0,4,760,53473204,53511173,37969,3,1,1,0,0,0,0,2420,1,1
761,0,0,2,761,53525828,53572700,46872,4,1,2,0,0,0,0,2420,1,1
762,0,0,2,762,53587354,53671593,84239,9,6,2,0,0,0,0,2420,1,1
763,0,0,1,763,53686248,53715327,29079,2,1,0,0,0,0,0,2420,1,1
764,0,0,2,764,53729986,53760505,30519,2,0,1,0,0,0,0,2420,1,1
765,0,0,4,765,53775160,53823490,48330,4,0,3,0,0,0,0,2420,1,1
766,0,0,4,766,53838141,53867206,29065,2,1,0,0,0,0,0,2420,1,1
767,0,0,1,767,53881856,54049440,167584,19,10,8,0,0,0,0,2420,1,1
768,0,0,4,768,54064107,54085689,21582,1,0,0,0,0,0,0,2420,1,1
769,0,0,3,769,54100340,54129407,29067,2,1,0,0,0,0,0,2420,1,1
770,0,0,4,770,54144061,54189481,45420,4,2,1,0,0,0,0,2420,1,1
771,0,0,3,771,54204135,54234624,30489,2,0,1,0,0,0,0,2420,1,1
772,0,0,3,772,54249274,54288698,39424,3,0,2,0,0,0,0,2420,1,1
773,0,0,1,773,54303352,54348830,45478,4,2,1,0,0,0,0,2420,1,1
774,0,0,4,774,54363492,54401442,37950,3,1,1,0,0,0,0,2420,1,1
775,0,0,3,775,54416097,54500337,84240,9,6,2,0,0,0,0,2420,1,1
776,0,0,2,776,54514995,54544055,29060,2,1,0,0,0,0,0,2420,1,1
777,0,0,4,777,54558706,54587764,29058,2,1,0,0,0,0,0,2420,1,1
778,0,0,3,778,54602414,54632915,30501,2,0,1,0,0,0,0,2420,1,1
779,0,0,3,779,54647565,54685522,37957,3,1,1,0,0,0,0,2420,1,1
780,0,0,0,780,54700172,54721770,21598,1,0,0,0,0,0,0,2420,1,1
781,0,0,4,781,54736432,54758014,21582,1,0,0,0,0,0,0,2420,1,1
782,0,0,3,782,54772664,54873243,100579,11,7,3,0,0,0,0,2420,1,1
783,0,0,2,783,54887897,54918395,30498,2,0,1,0,0,0,0,2420,1,1
784,0,0,4,784,54933047,55012692,79645,8,3,4,0,0,0,0,2420,1,1
785,0,0,3,785,55027347,55129401,102054,11,6,4,0,0,0,0,2420,1,1
786,0,0,2,786,55144058,55229706,85648,9,5,3,0,0,0,0,2420,1,1
787,0,0,2,787,55244359,55332914,88555,9,3,5,0,0,0,0,2420,1,1
788,0,0,4,788,55347564,55376621,29057,2,1,0,0,0,0,0,2420,1,1
789,0,0,4,789,55391271,55436723,45452,4,2,1,0,0,0,0,2420,1,1
790,0,0,0,790,55451373,55472975,21602,1,0,0,0,0,0,0,2420,1,1
791,0,0,0,791,55487633,55509231,21598,1,0,0,0,0,0,0,2420,1,1
792,0,0,3,792,55523893,55584263,60370,6,4,1,0,0,0,0,2420,1,1
793,0,0,1,793,55598913,55671332,72419,7,3,2,0,1,0,0,2420,1,1
794,0,0,3,794,55685994,55723968,37974,3,1,1,0,0,0,0,2420,1,1
795,0,0,1,795,55738618,55767692,29074,2,1,0,0,0,0,0,2420,1,1
796,0,0,2,796,55782350,55803937,21587,1,0,0,0,0,0,0,2420,1,1
797,0,0,2,797,55818587,55928034,109447,12,7,4,0,0,0,0,2420,1,1
798,0,0,4,798,55942687,55964274,21587,1,0,0,0,0,0,0,2420,1,1
799,0,0,0,799,55978923,56000522,21599,1,0,0,0,0,0,0,2420,1,1
800,0,0,3,800,56015185,56044250,29065,2,1,0,0,0,0,0,2420,1,1
801,0,0,0,801,56058900,56087971,29071,2,1,0,0,0,0,0,2420,1,1
802,0,0,4,802,56102629,56124215,21586,1,0,0,0,0,0,0,2420,1,1
803,0,0,4,803,56138866,56160448,21582,1,0,0,0,0,0,0,2420,1,1
804,0,0,0,804,56175102,56196701,21599,1,0,0,0,0,0,0,2420,1,1
805,0,0,2,805,56211359,56256772,45413,4,2,1,0,0,0,0,2420,1,1
806,0,0,2,806,56271422,56333299,61877,6,3,2,0,0,0,0,2420,1,1
807,0,0,3,807,56347949,56378444,30495,2,0,1,0,0,0,0,2420,1,1
808,0,0,4,808,56393098,56504025,110927,12,6,5,0,0,0,0,2420,1,1
809,0,0,4,809,56518678,56540261,21583,1,0,0,0,0,0,0,2420,1,1
810,0,0,2,810,56554915,56609258,54343,5,2,2,0,0,0,0,2420,1,1
811,0,0,2,811,56623913,56697506,73593,7,1,5,0,0,0,0,2420,1,1
812,0,0,3,812,56712157,56742658,30501,2,0,1,0,0,0,0,2420,1,1
813,0,0,3,813,56757312,56793807,36495,3,2,0,0,0,0,0,2420,1,1
814,0,0,2,814,56808457,56830040,21583,1,0,0,0,0,0,0,2420,1,1
815,0,0,1,815,56844694,56912492,67798,7,5,1,0,0,0,0,2420,1,1
816,0,0,2,816,56927153,56965140,37987,3,1,1,0,0,0,0,2420,1,1
817,0,0,4,817,56979790,57008828,29038,2,1,0,0,0,0,0,2420,1,1
818,0,0,1,818,57023482,57061465,37983,3,1,1,0,0,0,0,2420,1,1
819,0,0,2,819,57076127,57140811,64684,6,1,4,0,0,0,0,2420,1,1
820,0,0,2,820,57155465,57273854,118389,13,7,5,0,0,0,0,2420,1,1
821,0,0,1,821,57288506,57350344,61838,6,3,2,0,0,0,0,2420,1,1
822,0,0,3,822,57365006,57395507,30501,2,0,1,0,0,0,0,2420,1,1
823,0,0,4,823,57410157,57455579,45422,4,2,1,0,0,0,0,2420,1,1
824,0,0,0,824,57470230,57491829,21599,1,0,0,0,0,0,0,2420,1,1
825,0,0,1,825,57506491,57544491,38000,3,1,1,0,0,0,0,2420,1,1
826,0,0,0,826,57559149,57598563,39414,3,0,2,0,0,0,0,2420,1,1
827,0,0,0,827,57613225,57667624,54399,5,2,2,0,0,0,0,2420,1,1
828,0,0,4,828,57682284,57718791,36507,3,2,0,0,0,0,0,2420,1,1
829,0,0,4,829,57733444,57763933,30489,2,0,1,0,0,0,0,2420,1,1
830,0,0,0,830,57778584,57824028,45444,4,2,1,0,0,0,0,2420,1,1
831,0,0,2,831,57838686,57890139,51453,5,4,0,0,0,0,0,2420,1,1
832,0,0,4,832,57904793,57965133,60340,6,4,1,0,0,0,0,2420,1,1
833,0,0,2,833,57979783,58010270,30487,2,0,1,0,0,0,0,2420,1,1
834,0,0,3,834,58024923,58083862,58939,6,5,0,0,0,0,0,2420,1,1
835,0,0,3,835,58098512,58120094,21582,1,0,0,0,0,0,0,2420,1,1
836,0,0,4,836,58134749,58171236,36487,3,2,0,0,0,0,0,2420,1,1
837,0,0,0,837,58185890,58238820,52930,5,3,1,0,0,0,0,2420,1,1
838,0,0,3,838,58253481,58292930,39449,3,0,2,0,0,0,0,2420,1,1
839,0,0,2,839,58307580,58329163,21583,1,0,0,0,0,0,0,2420,1,1
840,0,0,3,840,58343822,58447402,103580,11,5,5,0,0,0,0,2420,1,1
841,0,0,3,841,58462055,58510361,48306,4,0,3,0,0,0,0,2420,1,1
842,0,0,1,842,58525016,58570467,45451,4,2,1,0,0,0,0,2420,1,1
843,0,0,3,843,58585129,58657305,72176,7,2,4,0,0,0,0,2420,1,1
844,0,0,0,844,58671955,58708482,36527,3,2,0,0,0,0,0,2420,1,1
845,0,0,1,845,58723144,58834128,110984,12,6,5,0,0,0,0,2420,1,1
846,0,0,0,846,58848790,58986473,137683,15,6,8,0,0,0,0,2420,1,1
847,0,0,0,847,59001135,59022733,21598,1,0,0,0,0,0,0,2420,1,1
848,0,0,1,848,59037395,59073936,36541,3,2,0,0,0,0,0,2420,1,1
849,0,0,0,849,59088594,59119111,30517,2,0,1,0,0,0,0,2420,1,1
850,0,0,0,850,59133772,59210500,76728,8,5,2,0,0,0,0,2420,1,1
851,0,0,2,851,59225163,59264559,39396,3,0,2,0,0,0,0,2420,1,1
852,0,0,1,852,59279209,59323221,44012,4,3,0,0,0,0,0,2420,1,1
853,0,0,4,853,59337879,59433944,96065,10,4,5,0,0,0,0,2420,1,1
854,0,0,0,854,59448596,59477648,29052,2,1,0,0,0,0,0,2420,1,1
855,0,0,3,855,59492307,59580900,88593,9,3,5,0,0,0,0,2420,1,1
856,0,0,0,856,59595554,59672272,76718,8,5,2,0,0,0,0,2420,1,1
857,0,0,3,857,59686934,59756196,69262,7,4,2,0,0,0,0,2420,1,1
858,0,0,4,858,59770846,59792429,21583,1,0,0,0,0,0,0,2420,1,1
859,0,0,3,859,59807083,59828663,21580,1,0,0,0,0,0,0,2420,1,1
860,0,0,2,860,59843317,59888724,45407,4,2,1,0,0,0,0,2420,1,1
861,0,0,3,861,59903378,59939857,36479,3,2,0,0,0,0,0,2420,1,1
862,0,0,1,862,59954512,59983558,29046,2,1,0,0,0,0,0,2420,1,1
863,0,0,4,863,59998216,60092868,94652,10,5,4,0,0,0,0,2420,1,1
864,0,0,3,864,60107520,60160414,52894,5,3,1,0,0,0,0,2420,1,1
865,0,0,1,865,60175069,60205590,30521,2,0,1,0,0,0,0,2420,1,1
866,0,0,4,866,60220248,60250733,30485,2,0,1,0,0,0,0,2420,1,1
867,0,0,4,867,60265386,60286968,21582,1,0,0,0,0,0,0,2420,1,1
868,0,0,0,868,60301618,60353135,51517,5,4,0,0,0,0,0,2420,1,1
869,0,0,0,869,60367793,60389392,21599,1,0,0,0,0,0,0,2420,1,1
870,0,0,2,870,60404054,60425636,21582,1,0,0,0,0,0,0,2420,1,1
871,0,0,1,871,60440286,60476824,36538,3,2,0,0,0,0,0,2420,1,1
872,0,0,2,872,60491486,60536923,45437,4,2,1,0,0,0,0,2420,1,1
873,0,0,4,873,60551576,60640346,88770,10,9,0,0,0,0,0,2420,1,1
874,0,0,3,874,60655005,60763113,108108,12,8,3,0,0,0,0,2420,1,1
875,0,0,2,875,60777770,60832109,54339,5,2,2,0,0,0,0,2420,1,1
876,0,0,1,876,60846766,60892211,45445,4,2,1,0,0,0,0,2420,1,1
877,0,0,4,877,60906877,60968711,61834,6,3,2,0,0,0,0,2420,1,1
878,0,0,3,878,60983369,61028831,45462,4,2,1,0,0,0,0,2420,1,1
879,0,0,1,879,61043489,61109694,66205,6,0,5,0,0,0,0,2420,1,1
880,0,0,0,880,61124360,61187631,63271,6,2,3,0,0,0,0,2420,1,1
881,0,0,1,881,61202293,61247772,45479,4,2,1,0,0,0,0,2420,1,1
882,0,0,3,882,61262434,61333172,70738,7,3,3,0,0,0,0,2420,1,1
883,0,0,3,883,61347826,61408192,60366,6,4,1,0,0,0,0,2420,1,1
884,0,0,4,884,61422847,61527781,104934,11,4,6,0,0,0,0,2420,1,1
885,0,0,4,885,61542438,61596748,54310,5,2,2,0,0,0,0,2420,1,1
886,0,0,2,886,61611402,61776134,164732,19,12,6,0,0,0,0,2420,1,1
887,0,0,0,887,61790793,61852602,61809,6,3,2,0,0,0,0,2420,1,1
888,0,0,0,888,61867268,61940967,73699,7,1,5,0,0,0,0,2420,1,1
889,0,0,1,889,61955634,62010009,54375,5,2,2,0,0,0,0,2420,1,1
890,0,0,4,890,62024674,62196757,172083,20,13,6,0,0,0,0,2420,1,1
891,0,0,4,891,62211416,62240479,29063,2,1,0,0,0,0,0,2420,1,1
892,0,0,1,892,62255137,62276743,21606,1,0,0,0,0,0,0,2420,1,1
893,0,0,3,893,62291406,62320444,29038,2,1,0,0,0,0,0,2420,1,1
894,0,0,4,894,62335102,62456487,121385,13,5,7,0,0,0,0,2420,1,1
895,0,0,1,895,62471144,62501654,30510,2,0,1,0,0,0,0,2420,1,1
896,0,0,4,896,62516320,62537910,21590,1,0,0,0,0,0,0,2420,1,1
897,0,0,3,897,62552564,62620345,67781,7,5,1,0,0,0,0,2420,1,1
898,0,0,0,898,62635003,62696860,61857,6,3,2,0,0,0,0,2420,1,1
899,0,0,2,899,62711521,62748041,36520,3,2,0,0,0,0,0,2420,1,1
900,0,0,0,900,62762696,62784307,21611,1,0,0,0,0,0,0,2420,1,1
901,0,0,3,901,62798968,62820558,21590,1,0,0,0,0,0,0,2420,1,1
902,0,0,0,902,62835215,62856821,21606,1,0,0,0,0,0,0,2420,1,1
903,0,0,4,903,62871484,62900557,29073,2,1,0,0,0,0,0,2420,1,1
904,0,0,4,904,62915216,62936806,21590,1,0,0,0,0,0,0,2420,1,1
905,0,0,2,905,62951461,62973055,21594,1,0,0,0,0,0,0,2420,1,1
906,0,0,1,906,62987709,63065913,78204,8,4,3,0,0,0,0,2420,1,1
907,0,0,2,907,63080575,63117099,36524,3,2,0,0,0,0,0,2420,1,1
908,0,0,4,908,63131752,63220342,88590,9,3,5,0,0,0,0,2420,1,1
909,0,0,4,909,63234999,63271511,36512,3,2,0,0,0,0,0,2420,1,1
910,0,0,4,910,63286170,63316697,30527,2,0,1,0,0,0,0,2420,1,1
911,0,0,0,911,63331351,63367894,36543,3,2,0,0,0,0,0,2420,1,1
912,0,0,0,912,63382556,63433997,51441,5,4,0,0,0,0,0,2420,1,1
913,0,0,3,913,63448658,63477718,29060,2,1,0,0,0,0,0,2420,1,1
914,0,0,0,914,63492372,63513983,21611,1,0,0,0,0,0,0,2420,1,1
915,0,0,2,915,63528645,63550236,21591,1,0,0,0,0,0,0,2420,1,1
916,0,0,3,916,63564895,63601392,36497,3,2,0,0,0,0,0,2420,1,1
917,0,0,1,917,63616050,63679339,63289,6,2,3,0,0,0,0,2420,1,1
918,0,0,2,918,63694005,63778206,84201,9,6,2,0,0,0,0,2420,1,1
919,0,0,4,919,63792865,63830808,37943,3,1,1,0,0,0,0,2420,1,1
920,0,0,0,920,63845466,63867072,21606,1,0,0,0,0,0,0,2420,1,1
921,0,0,2,921,63881734,63910774,29040,2,1,0,0,0,0,0,2420,1,1
922,0,0,0,922,63925432,63954512,29080,2,1,0,0,0,0,0,2420,1,1
923,0,0,0,923,63969174,63990780,21606,1,0,0,0,0,0,0,2420,1,1
924,0,0,3,924,64005446,64027037,21591,1,0,0,0,0,0,0,2420,1,1
925,0,0,0,925,64041691,64063302,21611,1,0,0,0,0,0,0,2420,1,1
926,0,0,1,926,64077964,64108472,30508,2,0,1,0,0,0,0,2420,1,1
927,0,0,1,927,64123135,64152206,29071,2,1,0,0,0,0,0,2420,1,1
928,0,0,0,928,64166872,64213776,46904,4,1,2,0,0,0,0,2420,1,1
929,0,0,2,929,64228438,64250029,21591,1,0,0,0,0,0,0,2420,1,1
930,0,0,3,930,64264687,64302631,37944,3,1,1,0,0,0,0,2420,1,1
931,0,0,1,931,64317289,64338895,21606,1,0,0,0,0,0,0,2420,1,1
932,0,0,2,932,64353561,64375152,21591,1,0,0,0,0,0,0,2420,1,1
933,0,0,1,933,64389806,64444191,54385,5,2,2,0,0,0,0,2420,1,1
934,0,0,2,934,64458853,64545969,87116,9,4,4,0,0,0,0,2420,1,1
935,0,0,0,935,64560623,64582229,21606,1,0,0,0,0,0,0,2420,1,1
936,0,0,1,936,64596895,64625950,29055,2,1,0,0,0,0,0,2420,1,1
937,0,0,1,937,64640612,64669687,29075,2,1,0,0,0,0,0,2420,1,1
938,0,0,1,938,64684353,64713408,29055,2,1,0,0,0,0,0,2420,1,1
939,0,0,3,939,64728070,64772025,43955,4,3,0,0,0,0,0,2420,1,1
940,0,0,4,940,64786683,64885865,99182,11,8,2,0,0,0,0,2420,1,1
941,0,0,2,941,64900521,64944552,44031,4,3,0,0,0,0,0,2420,1,1
942,0,0,3,942,64959206,65007564,48358,4,0,3,0,0,0,0,2420,1,1
943,0,0,3,943,65022219,65075122,52903,5,3,1,0,0,0,0,2420,1,1
944,0,0,2,944,65089776,65142656,52880,5,3,1,0,0,0,0,2420,1,1
945,0,0,1,945,65157314,65204238,46924,4,1,2,0,0,0,0,2420,1,1
946,0,0,0,946,65218900,65318033,99133,11,8,2,0,0,0,0,2420,1,1
947,0,0,1,947,65332697,65354307,21610,1,0,0,0,0,0,0,2420,1,1
948,0,0,2,948,65368969,65415876,46907,4,1,2,0,0,0,0,2420,1,1
949,0,0,2,949,65430530,65489408,58878,6,5,0,0,0,0,0,2420,1,1
950,0,0,0,950,65504066,65542034,37968,3,1,1,0,0,0,0,2420,1,1
951,0,0,1,951,65556700,65648417,91717,10,7,2,0,0,0,0,2420,1,1
952,0,0,1,952,65663081,65692154,29073,2,1,0,0,0,0,0,2420,1,1
953,0,0,0,953,65706820,65768638,61818,6,3,2,0,0,0,0,2420,1,1
954,0,0,3,954,65783304,65821263,37959,3,1,1,0,0,0,0,2420,1,1
955,0,0,1,955,65835922,65882839,46917,4,1,2,0,0,0,0,2420,1,1
956,0,0,1,956,65897500,65935464,37964,3,1,1,0,0,0,0,2420,1,1
957,0,0,0,957,65950127,65979204,29077,2,1,0,0,0,0,0,2420,1,1
958,0,0,2,958,65993870,66031869,37999,3,1,1,0,0,0,0,2420,1,1
959,0,0,0,959,66046527,66085973,39446,3,0,2,0,0,0,0,2420,1,1
960,0,0,3,960,66100635,66140050,39415,3,0,2,0,0,0,0,2420,1,1
961,0,0,4,961,66154708,66209030,54322,5,2,2,0,0,0,0,2420,1,1
962,0,0,1,962,66223688,66245294,21606,1,0,0,0,0,0,0,2420,1,1
963,0,0,3,963,66259957,66311445,51488,5,4,0,0,0,0,0,2420,1,1
964,0,0,0,964,66326104,66468602,142498,17,15,1,0,0,0,0,2420,1,1
965,0,0,0,965,66483274,66512326,29052,2,1,0,0,0,0,0,2420,1,1
966,0,0,1,966,66526992,66556058,29066,2,1,0,0,0,0,0,2420,1,1
967,0,0,2,967,66570720,66644390,73670,7,1,5,0,0,0,0,2420,1,1
968,0,0,0,968,66659044,66729785,70741,7,3,3,0,0,0,0,2420,1,1
969,0,0,0,969,66744451,66789887,45436,4,2,1,0,0,0,0,2420,1,1
970,0,0,0,970,66804553,66826159,21606,1,0,0,0,0,0,0,2420,1,1
971,0,0,3,971,66840822,66869886,29064,2,1,0,0,0,0,0,2420,1,1
972,0,0,0,972,66884545,66995549,111004,12,6,5,0,0,0,0,2420,1,1
973,0,0,0,973,67010214,67072039,61825,6,3,2,0,0,0,0,2420,1,1
974,0,0,0,974,67086705,67108311,21606,1,0,0,0,0,0,0,2420,1,1
975,0,0,0,975,67122975,67162416,39441,3,0,2,0,0,0,0,2420,1,1
976,0,0,3,976,67177083,67246341,69258,7,4,2,0,0,0,0,2420,1,1
977,0,0,4,977,67260995,67324278,63283,6,2,3,0,0,0,0,2420,1,1
978,0,0,4,978,67338932,67406750,67818,7,5,1,0,0,0,0,2420,1,1
979,0,0,3,979,67421403,67639498,218095,25,12,12,0,0,0,0,2420,1,1
980,0,0,4,980,67654162,67683224,29062,2,1,0,0,0,0,0,2420,1,1
981,0,0,1,981,67697878,67719484,21606,1,0,0,0,0,0,0,2420,1,1
982,0,0,1,982,67734151,67772121,37970,3,1,1,0,0,0,0,2420,1,1
983,0,0,0,983,67786786,67832248,45462,4,2,1,0,0,0,0,2420,1,1
984,0,0,1,984,67846915,67868521,21606,1,0,0,0,0,0,0,2420,1,1
985,0,0,2,985,67883187,67904777,21590,1,0,0,0,0,0,0,2420,1,1
986,0,0,1,986,67919431,67948492,29061,2,1,0,0,0,0,0,2420,1,1
987,0,0,4,987,67963158,68008565,45407,4,2,1,0,0,0,0,2420,1,1
988,0,0,4,988,68023223,68044814,21591,1,0,0,0,0,0,0,2420,1,1
989,0,0,4,989,68059468,68128719,69251,7,4,2,0,0,0,0,2420,1,1
990,0,0,2,990,68143377,68164968,21591,1,0,0,0,0,0,0,2420,1,1
991,0,0,4,991,68179622,68210138,30516,2,0,1,0,0,0,0,2420,1,1
992,0,0,1,992,68224796,68261349,36553,3,2,0,0,0,0,0,2420,1,1
993,0,0,0,993,68276016,68328925,52909,5,3,1,0,0,0,0,2420,1,1
994,0,0,4,994,68343591,68365182,21591,1,0,0,0,0,0,0,2420,1,1
995,0,0,1,995,68379836,68401442,21606,1,0,0,0,0,0,0,2420,1,1
996,0,0,0,996,68416108,68564360,148252,17,11,5,0,0,0,0,2420,1,1
997,0,0,2,997,68579027,68633348,54321,5,2,2,0,0,0,0,2420,1,1
998,0,0,4,998,68648002,68669592,21590,1,0,0,0,0,0,0,2420,1,1
999,0,0,4,999,68684250,68713317,29067,2,1,0,0,0,0,0,2420,1,1
1000,0,2,2,1000,68727971,68887078,159107,18,10,7,0,0,0,0,2420,1,1
1001,0,2,4,1001,68902091,68955153,53062,5,3,1,0,0,0,0,2420,1,1
1002,0,2,4,1002,68970003,69008142,38139,3,1,1,0,0,0,0,2420,1,1
1003,0,2,3,1003,69022969,69068548,45579,4,2,1,0,0,0,0,2420,1,1
1004,0,2,2,1004,69083371,69121499,38128,3,1,1,0,0,0,0,2420,1,1
1005,0,2,3,1005,69136326,69254936,118610,13,7,5,0,0,0,0,2420,1,1
1006,0,2,3,1006,69269778,69298979,29201,2,1,0,0,0,0,0,2420,1,1
1007,0,2,1,1007,69313822,69335570,21748,1,0,0,0,0,0,0,2420,1,1
1008,0,2,1,1008,69350400,69394541,44141,4,3,0,0,0,0,0,2420,1,1
1009,0,2,0,1009,69409353,69446017,36664,3,2,0,0,0,0,0,2420,1,1
1010,0,2,0,1010,69460832,69513909,53077,5,3,1,0,0,0,0,2420,1,1
1011,0,2,1,1011,69528712,69559367,30655,2,0,1,0,0,0,0,2420,1,1
1012,0,2,0,1012,69574185,69595949,21764,1,0,0,0,0,0,0,2420,1,1
1013,0,2,1,1013,69610753,69648898,38145,3,1,1,0,0,0,0,2420,1,1
1014,0,2,2,1014,69663717,69694372,30655,2,0,1,0,0,0,0,2420,1,1
1015,0,2,1,1015,69709179,69784596,75417,8,6,1,0,0,0,0,2420,1,1
1016,0,2,0,1016,69799430,69845078,45648,4,2,1,0,0,0,0,2420,1,1
1017,0,2,3,1017,69859881,69921825,61944,6,3,2,0,0,0,0,2420,1,1
1018,0,2,2,1018,69936648,69958396,21748,1,0,0,0,0,0,0,2420,1,1
1019,0,2,4,1019,69973223,70018804,45581,4,2,1,0,0,0,0,2420,1,1
1020,0,2,1,1020,70033659,70055415,21756,1,0,0,0,0,0,0,2420,1,1
1021,0,2,3,1021,70070218,70106910,36692,3,2,0,0,0,0,0,2420,1,1
1022,0,2,3,1022,70121729,70183695,61966,6,3,2,0,0,0,0,2420,1,1
1023,0,2,3,1023,70198533,70244092,45559,4,2,1,0,0,0,0,2420,1,1
1024,0,2,4,1024,70258942,70280694,21752,1,0,0,0,0,0,0,2420,1,1
1025,0,2,0,1025,70295536,70332228,36692,3,2,0,0,0,0,0,2420,1,1
1026,0,2,3,1026,70347047,70410442,63395,6,2,3,0,0,0,0,2420,1,1
1027,0,2,3,1027,70425254,70464786,39532,3,0,2,0,0,0,0,2420,1,1
1028,0,2,3,1028,70479637,70510299,30662,2,0,1,0,0,0,0,2420,1,1
1029,0,2,2,1029,70525142,70581068,55926,5,1,3,0,0,0,0,2420,1,1
1030,0,2,3,1030,70595907,70659492,63585,6,3,1,0,1,0,0,2420,1,1
1031,0,2,0,1031,70674323,70736288,61965,6,3,2,0,0,0,0,2420,1,1
1032,0,2,3,1032,70751119,70780340,29221,2,1,0,0,0,0,0,2420,1,1
1033,0,2,3,1033,70795147,70824352,29205,2,1,0,0,0,0,0,2420,1,1
1034,0,2,4,1034,70839202,70860958,21756,1,0,0,0,0,0,0,2420,1,1
1035,0,2,0,1035,70875797,70960180,84383,9,6,2,0,0,0,0,2420,1,1
1036,0,2,3,1036,70974999,71022035,47036,4,1,2,0,0,0,0,2420,1,1
1037,0,2,0,1037,71036842,71074973,38131,3,1,1,0,0,0,0,2420,1,1
1038,0,2,4,1038,71089804,71119016,29212,2,1,0,0,0,0,0,2420,1,1
1039,0,2,0,1039,71133838,71182350,48512,4,0,3,0,0,0,0,2420,1,1
1040,0,2,1,1040,71197169,71241328,44159,4,3,0,0,0,0,0,2420,1,1
1041,0,2,4,1041,71256132,71277879,21747,1,0,0,0,0,0,0,2420,1,1
1042,0,2,1,1042,71292713,71387499,94786,10,5,4,0,0,0,0,2420,1,1
1043,0,2,4,1043,71402300,71543239,140939,16,10,5,0,0,0,0,2420,1,1
1044,0,2,4,1044,71558079,71588746,30667,2,0,1,0,0,0,0,2420,1,1
1045,0,2,0,1045,71603568,71641713,38145,3,1,1,0,0,0,0,2420,1,1
1046,0,2,3,1046,71656532,71757298,100766,11,7,3,0,0,0,0,2420,1,1
1047,0,2,4,1047,71772104,71801303,29199,2,1,0,0,0,0,0,2420,1,1
1048,0,2,0,1048,71816158,71899045,82887,9,7,1,0,0,0,0,2420,1,1
1049,0,2,0,1049,71913847,71989073,75226,7,0,6,0,0,0,0,2420,1,1
1050,0,2,4,1050,72003891,72058395,54504,5,2,2,0,0,0,0,2420,1,1
1051,0,2,0,1051,72073219,72094980,21761,1,0,0,0,0,0,0,2420,1,1
1052,0,2,0,1052,72109794,72212001,102207,11,6,4,0,0,0,0,2420,1,1
1053,0,2,2,1053,72226806,72248547,21741,1,0,0,0,0,0,0,2420,1,1
1054,0,2,0,1054,72263366,72301517,38151,3,1,1,0,0,0,0,2420,1,1
1055,0,2,1,1055,72316336,72419964,103628,11,5,5,0,0,0,0,2420,1,1
1056,0,2,0,1056,72434786,72465476,30690,2,0,1,0,0,0,0,2420,1,1
1057,0,2,0,1057,72480276,72502027,21751,1,0,0,0,0,0,0,2420,1,1
1058,0,2,2,1058,72516845,72598150,81305,8,2,5,0,0,0,0,2420,1,1
1059,0,2,2,1059,72612953,72642138,29185,2,1,0,0,0,0,0,2420,1,1
1060,0,2,0,1060,72656992,72678764,21772,1,0,0,0,0,0,0,2420,1,1
1061,0,2,1,1061,72693583,72746654,53071,5,3,1,0,0,0,0,2420,1,1
1062,0,2,3,1062,72761469,72801038,39569,3,0,2,0,0,0,0,2420,1,1
1063,0,2,1,1063,72815846,72845066,29220,2,1,0,0,0,0,0,2420,1,1
1064,0,2,4,1064,72859896,73036820,176924,21,16,4,0,0,0,0,2420,1,1
1065,0,2,0,1065,73051647,73122736,71089,7,4,1,0,1,0,0,2420,1,1
1066,0,2,1,1066,73137553,73159301,21748,1,0,0,0,0,0,0,2420,1,1
1067,0,2,4,1067,73174108,73203306,29198,2,1,0,0,0,0,0,2420,1,1
1068,0,2,3,1068,73218140,73247367,29227,2,1,0,0,0,0,0,2420,1,1
1069,0,2,4,1069,73262175,73306317,44142,4,3,0,0,0,0,0,2420,1,1
1070,0,2,2,1070,73321167,73368185,47018,4,1,2,0,0,0,0,2420,1,1
1071,0,2,0,1071,73382991,73419663,36672,3,2,0,0,0,0,0,2420,1,1
1072,0,2,2,1072,73434498,73570959,136461,15,7,7,0,0,0,0,2420,1,1
1073,0,2,4,1073,73585770,73623893,38123,3,1,1,0,0,0,0,2420,1,1
1074,0,2,3,1074,73638743,73660495,21752,1,0,0,0,0,0,0,2420,1,1
1075,0,2,2,1075,73675306,73726916,51610,5,4,0,0,0,0,0,2420,1,1
1076,0,2,1,1076,73741750,73849941,108191,12,8,3,0,0,0,0,2420,1,1
1077,0,2,0,1077,73864771,73886527,21756,1,0,0,0,0,0,0,2420,1,1
1078,0,2,3,1078,73901341,73938035,36694,3,2,0,0,0,0,0,2420,1,1
1079,0,2,2,1079,73952846,73990972,38126,3,1,1,0,0,0,0,2420,1,1
1080,0,2,4,1080,74005811,74054487,48676,4,1,1,0,1,0,0,2420,1,1
1081,0,2,3,1081,74069324,74107469,38145,3,1,1,0,0,0,0,2420,1,1
1082,0,2,3,1082,74122288,74173918,51630,5,4,0,0,0,0,0,2420,1,1
1083,0,2,3,1083,74188756,74287983,99227,11,8,2,0,0,0,0,2420,1,1
1084,0,2,4,1084,74302837,74348482,45645,4,2,1,0,0,0,0,2420,1,1
1085,0,2,4,1085,74363325,74408916,45591,4,2,1,0,0,0,0,2420,1,1
1086,0,2,4,1086,74423754,74460435,36681,3,2,0,0,0,0,0,2420,1,1
1087,0,2,3,1087,74475262,74593866,118604,13,7,5,0,0,0,0,2420,1,1
1088,0,2,2,1088,74608687,74630435,21748,1,0,0,0,0,0,0,2420,1,1
1089,0,2,0,1089,74645261,74667021,21760,1,0,0,0,0,0,0,2420,1,1
1090,0,2,1,1090,74681851,74767741,85890,9,5,3,0,0,0,0,2420,1,1
1091,0,2,0,1091,74782544,74849017,66473,7,6,0,0,0,0,0,2420,1,1
1092,0,2,0,1092,74863835,74893066,29231,2,1,0,0,0,0,0,2420,1,1
1093,0,2,0,1093,74907869,74995163,87294,9,4,4,0,0,0,0,2420,1,1
1094,0,2,0,1094,75009978,75031734,21756,1,0,0,0,0,0,0,2420,1,1
1095,0,2,2,1095,75046541,75083224,36683,3,2,0,0,0,0,0,2420,1,1
1096,0,2,4,1096,75098039,75119803,21764,1,0,0,0,0,0,0,2420,1,1
1097,0,2,0,1097,75134646,75219039,84393,9,6,2,0,0,0,0,2420,1,1
1098,0,2,3,1098,75233857,75272018,38161,3,1,1,0,0,0,0,2420,1,1
1099,0,2,3,1099,75286829,75317475,30646,2,0,1,0,0,0,0,2420,1,1
1100,0,2,3,1100,75332325,75361549,29224,2,1,0,0,0,0,0,2420,1,1
1101,0,2,0,1101,75376390,75398154,21764,1,0,0,0,0,0,0,2420,1,1
1102,0,2,1,1102,75412988,75530160,117172,13,8,4,0,0,0,0,2420,1,1
1103,0,2,1,1103,75544970,75608391,63421,6,2,3,0,0,0,0,2420,1,1
1104,0,2,1,1104,75623218,75661355,38137,3,1,1,0,0,0,0,2420,1,1
1105,0,2,0,1105,75676171,75760537,84366,9,6,2,0,0,0,0,2420,1,1
1106,0,2,3,1106,75775355,75806029,30674,2,0,1,0,0,0,0,2420,1,1
1107,0,2,2,1107,75820836,75851505,30669,2,0,1,0,0,0,0,2420,1,1
1108,0,2,2,1108,75866344,75941772,75428,8,6,1,0,0,0,0,2420,1,1
1109,0,2,4,1109,75956614,75994763,38149,3,1,1,0,0,0,0,2420,1,1
1110,0,2,3,1110,76009613,76038834,29221,2,1,0,0,0,0,0,2420,1,1
1111,0,2,1,1111,76053644,76108149,54505,5,2,2,0,0,0,0,2420,1,1
1112,0,2,3,1112,76122983,76144743,21760,1,0,0,0,0,0,0,2420,1,1
1113,0,2,3,1113,76159550,76214054,54504,5,2,2,0,0,0,0,2420,1,1
1114,0,2,2,1114,76228904,76292354,63450,6,2,3,0,0,0,0,2420,1,1
1115,0,2,2,1115,76307181,76418255,111074,12,6,5,0,0,0,0,2420,1,1
1116,0,2,1,1116,76433111,76478723,45612,4,2,1,0,0,0,0,2420,1,1
1117,0,2,0,1117,76493550,76533164,39614,3,0,2,0,0,0,0,2420,1,1
1118,0,2,3,1118,76547979,76601082,53103,5,3,1,0,0,0,0,2420,1,1
1119,0,2,3,1119,76615893,76707731,91838,10,7,2,0,0,0,0,2420,1,1
1120,0,2,2,1120,76722583,76753270,30687,2,0,1,0,0,0,0,2420,1,1
1121,0,2,0,1121,76768093,76822632,54539,5,2,2,0,0,0,0,2420,1,1
1122,0,2,4,1122,76837466,76866683,29217,2,1,0,0,0,0,0,2420,1,1
1123,0,2,0,1123,76881506,77026802,145296,16,7,8,0,0,0,0,2420,1,1
1124,0,2,2,1124,77041619,77072285,30666,2,0,1,0,0,0,0,2420,1,1
1125,0,2,1,1125,77087092,77171478,84386,9,6,2,0,0,0,0,2420,1,1
1126,0,2,3,1126,77186317,77208077,21760,1,0,0,0,0,0,0,2420,1,1
1127,0,2,1,1127,77222888,77244644,21756,1,0,0,0,0,0,0,2420,1,1
1128,0,2,2,1128,77259475,77296169,36694,3,2,0,0,0,0,0,2420,1,1
1129,0,2,1,1129,77310976,77349123,38147,3,1,1,0,0,0,0,2420,1,1
1130,0,2,0,1130,77363961,77411001,47040,4,1,2,0,0,0,0,2420,1,1
1131,0,2,3,1131,77425808,77472827,47019,4,1,2,0,0,0,0,2420,1,1
1132,0,2,2,1132,77487645,77540731,53086,5,3,1,0,0,0,0,2420,1,1
1133,0,2,0,1133,77555557,77586227,30670,2,0,1,0,0,0,0,2420,1,1
1134,0,2,2,1134,77601057,77631723,30666,2,0,1,0,0,0,0,2420,1,1
1135,0,2,2,1135,77646530,77677173,30643,2,0,1,0,0,0,0,2420,1,1
1136,0,2,1,1136,77692023,77713792,21769,1,0,0,0,0,0,0,2420,1,1
1137,0,2,3,1137,77728615,77757825,29210,2,1,0,0,0,0,0,2420,1,1
1138,0,2,2,1138,77772643,77803332,30689,2,0,1,0,0,0,0,2420,1,1
1139,0,2,2,1139,77818154,77839891,21737,1,0,0,0,0,0,0,2420,1,1
1140,0,2,2,1140,77854745,77916708,61963,6,3,2,0,0,0,0,2420,1,1
1141,0,2,1,1141,77931546,78047230,115684,13,9,3,0,0,0,0,2420,1,1
1142,0,2,3,1142,78062068,78122549,60481,6,4,1,0,0,0,0,2420,1,1
1143,0,2,0,1143,78137361,78197920,60559,6,4,1,0,0,0,0,2420,1,1
1144,0,2,2,1144,78212751,78234508,21757,1,0,0,0,0,0,0,2420,1,1
1145,0,2,1,1145,78249310,78280004,30694,2,0,1,0,0,0,0,2420,1,1
1146,0,2,3,1146,78294843,78324057,29214,2,1,0,0,0,0,0,2420,1,1
1147,0,2,2,1147,78338864,78523151,184287,21,12,7,0,1,0,0,2420,1,1
1148,0,2,4,1148,78537990,78711812,173822,20,12,7,0,0,0,0,2420,1,1
1149,0,2,3,1149,78726659,78748411,21752,1,0,0,0,0,0,0,2420,1,1
1150,0,2,3,1150,78763234,78793903,30669,2,0,1,0,0,0,0,2420,1,1
1151,0,2,2,1151,78808741,78837970,29229,2,1,0,0,0,0,0,2420,1,1
1152,0,2,1,1152,78852808,78890933,38125,3,1,1,0,0,0,0,2420,1,1
1153,0,2,1,1153,78905759,78978113,72354,7,2,4,0,0,0,0,2420,1,1
1154,0,2,2,1154,78992937,79014694,21757,1,0,0,0,0,0,0,2420,1,1
1155,0,2,3,1155,79029501,79069078,39577,3,0,2,0,0,0,0,2420,1,1
1156,0,2,2,1156,79083920,79113152,29232,2,1,0,0,0,0,0,2420,1,1
1157,0,2,4,1157,79127975,79213814,85839,9,5,3,0,0,0,0,2420,1,1
1158,0,2,4,1158,79228664,79266813,38149,3,1,1,0,0,0,0,2420,1,1
1159,0,2,0,1159,79281635,79343608,61973,6,3,2,0,0,0,0,2420,1,1
1160,0,2,2,1160,79358423,79387626,29203,2,1,0,0,0,0,0,2420,1,1
1161,0,2,1,1161,79402429,79507689,105260,12,10,1,0,0,0,0,2420,1,1
1162,0,2,0,1162,79522528,79553194,30666,2,0,1,0,0,0,0,2420,1,1
1163,0,2,2,1163,79567997,79671598,103601,11,5,5,0,0,0,0,2420,1,1
1164,0,2,1,1164,79686420,79708176,21756,1,0,0,0,0,0,0,2420,1,1
1165,0,2,1,1165,79723001,79807345,84344,9,6,2,0,0,0,0,2420,1,1
1166,0,2,2,1166,79822168,79851378,29210,2,1,0,0,0,0,0,2420,1,1
1167,0,2,1,1167,79866190,79887938,21748,1,0,0,0,0,0,0,2420,1,1
1168,0,2,4,1168,79902776,79924529,21753,1,0,0,0,0,0,0,2420,1,1
1169,0,2,4,1169,79939352,80002761,63409,6,2,3,0,0,0,0,2420,1,1
1170,0,2,0,1170,80017596,80178000,160404,18,9,8,0,0,0,0,2420,1,1
1171,0,2,0,1171,80192810,80214559,21749,1,0,0,0,0,0,0,2420,1,1
1172,0,2,2,1172,80229374,80266063,36689,3,2,0,0,0,0,0,2420,1,1
1173,0,2,4,1173,80280866,80344306,63440,6,2,3,0,0,0,0,2420,1,1
1174,0,2,4,1174,80359155,80388376,29221,2,1,0,0,0,0,0,2420,1,1
1175,0,2,4,1175,80403202,80424947,21745,1,0,0,0,0,0,0,2420,1,1
1176,0,2,4,1176,80439782,80461534,21752,1,0,0,0,0,0,0,2420,1,1
1177,0,2,0,1177,80476361,80514487,38126,3,1,1,0,0,0,0,2420,1,1
1178,0,2,3,1178,80529302,80631522,102220,11,6,4,0,0,0,0,2420,1,1
1179,0,2,4,1179,80646336,80693410,47074,4,1,2,0,0,0,0,2420,1,1
1180,0,2,3,1180,80708260,80746389,38129,3,1,1,0,0,0,0,2420,1,1
1181,0,2,4,1181,80761195,80812812,51617,5,4,0,0,0,0,0,2420,1,1
1182,0,2,2,1182,80827663,80937324,109661,12,7,4,0,0,0,0,2420,1,1
1183,0,2,1,1183,80952130,80990273,38143,3,1,1,0,0,0,0,2420,1,1
1184,0,2,0,1184,81005111,81034327,29216,2,1,0,0,0,0,0,2420,1,1
1185,0,2,3,1185,81049130,81103629,54499,5,2,2,0,0,0,0,2420,1,1
1186,0,2,0,1186,81118448,81204335,85887,9,5,3,0,0,0,0,2420,1,1
1187,0,2,2,1187,81219154,81264747,45593,4,2,1,0,0,0,0,2420,1,1
1188,0,2,1,1188,81279561,81357941,78380,8,4,3,0,0,0,0,2420,1,1
1189,0,2,4,1189,81372767,81410875,38108,3,1,1,0,0,0,0,2420,1,1
1190,0,2,2,1190,81425715,81478781,53066,5,3,1,0,0,0,0,2420,1,1
1191,0,2,0,1191,81493587,81598710,105123,11,4,6,0,0,0,0,2420,1,1
1192,0,2,1,1192,81613547,81635295,21748,1,0,0,0,0,0,0,2420,1,1
1193,0,2,2,1193,81650098,81735932,85834,9,5,3,0,0,0,0,2420,1,1
1194,0,2,2,1194,81750751,81796343,45592,4,2,1,0,0,0,0,2420,1,1
1195,0,2,1,1195,81811181,81883512,72331,7,2,4,0,0,0,0,2420,1,1
1196,0,2,1,1196,81898347,81960331,61984,6,3,2,0,0,0,0,2420,1,1
1197,0,2,3,1197,81975147,82013259,38112,3,1,1,0,0,0,0,2420,1,1
1198,0,2,2,1198,82028078,82082567,54489,5,2,2,0,0,0,0,2420,1,1
1199,0,2,1,1199,82097394,82126613,29219,2,1,0,0,0,0,0,2420,1,1
1200,0,2,2,1200,82141448,82261469,120021,13,6,6,0,0,0,0,2420,1,1
1201,0,2,1,1201,82276283,82375373,99090,10,2,7,0,0,0,0,2420,1,1
1202,0,2,1,1202,82390209,82435793,45584,4,2,1,0,0,0,0,2420,1,1
1203,0,2,3,1203,82450604,82472348,21744,1,0,0,0,0,0,0,2420,1,1
1204,0,2,2,1204,82487171,82611510,124339,13,3,9,0,0,0,0,2420,1,1
1205,0,2,2,1205,82626339,82648068,21729,1,0,0,0,0,0,0,2420,1,1
1206,0,2,3,1206,82662921,82684674,21753,1,0,0,0,0,0,0,2420,1,1
1207,0,2,4,1207,82699500,82736168,36668,3,2,0,0,0,0,0,2420,1,1
1208,0,2,4,1208,82751017,82772773,21756,1,0,0,0,0,0,0,2420,1,1
1209,0,2,3,1209,82787591,82879397,91806,10,7,2,0,0,0,0,2420,1,1
1210,0,2,2,1210,82894221,82915969,21748,1,0,0,0,0,0,0,2420,1,1
1211,0,2,1,1211,82930791,83037549,106758,12,9,2,0,0,0,0,2420,1,1
1212,0,2,2,1212,83052386,83112866,60480,6,4,1,0,0,0,0,2420,1,1
1213,0,2,4,1213,83127673,83165826,38153,3,1,1,0,0,0,0,2420,1,1
1214,0,2,3,1214,83180676,83235172,54496,5,2,2,0,0,0,0,2420,1,1
1215,0,2,4,1215,83249979,83271724,21745,1,0,0,0,0,0,0,2420,1,1
1216,0,2,1,1216,83286578,83348517,61939,6,3,2,0,0,0,0,2420,1,1
1217,0,2,0,1217,83363324,83394002,30678,2,0,1,0,0,0,0,2420,1,1
1218,0,2,1,1218,83408817,83454421,45604,4,2,1,0,0,0,0,2420,1,1
1219,0,2,4,1219,83469224,83540106,70882,7,3,3,0,0,0,0,2420,1,1
1220,0,2,4,1220,83554945,83576697,21752,1,0,0,0,0,0,0,2420,1,1
1221,0,2,0,1221,83591520,83644569,53049,5,3,1,0,0,0,0,2420,1,1
1222,0,2,3,1222,83659383,83681127,21744,1,0,0,0,0,0,0,2420,1,1
1223,0,2,0,1223,83695938,83725169,29231,2,1,0,0,0,0,0,2420,1,1
1224,0,2,0,1224,83740000,83796000,56000,5,1,3,0,0,0,0,2420,1,1
1225,0,2,2,1225,83810803,83832547,21744,1,0,0,0,0,0,0,2420,1,1
1226,0,2,4,1226,83847365,83901916,54551,5,2,2,0,0,0,0,2420,1,1
1227,0,2,2,1227,83916758,83947413,30655,2,0,1,0,0,0,0,2420,1,1
1228,0,2,2,1228,83962228,84013848,51620,5,4,0,0,0,0,0,2420,1,1
1229,0,2,3,1229,84028687,84107053,78366,8,4,3,0,0,0,0,2420,1,1
1230,0,2,1,1230,84121892,84152573,30681,2,0,1,0,0,0,0,2420,1,1
1231,0,2,0,1231,84167396,84189160,21764,1,0,0,0,0,0,0,2420,1,1
1232,0,2,0,1232,84203979,84242136,38157,3,1,1,0,0,0,0,2420,1,1
1233,0,2,0,1233,84256943,84301088,44145,4,3,0,0,0,0,0,2420,1,1
1234,0,2,2,1234,84315906,84337658,21752,1,0,0,0,0,0,0,2420,1,1
1235,0,2,0,1235,84352461,84396623,44162,4,3,0,0,0,0,0,2420,1,1
1236,0,2,3,1236,84411454,84449588,38134,3,1,1,0,0,0,0,2420,1,1
1237,0,2,0,1237,84464399,84502546,38147,3,1,1,0,0,0,0,2420,1,1
1238,0,2,1,1238,84517380,84554071,36691,3,2,0,0,0,0,0,2420,1,1
1239,0,2,0,1239,84568874,84623370,54496,5,2,2,0,0,0,0,2420,1,1
1240,0,2,0,1240,84638185,84683784,45599,4,2,1,0,0,0,0,2420,1,1
1241,0,2,3,1241,84698586,84744214,45628,4,2,1,0,0,0,0,2420,1,1
1242,0,2,3,1242,84759032,84847775,88743,9,3,5,0,0,0,0,2420,1,1
1243,0,2,0,1243,84862613,84934959,72346,7,2,4,0,0,0,0,2420,1,1
1244,0,2,1,1244,84949789,84987916,38127,3,1,1,0,0,0,0,2420,1,1
1245,0,2,1,1245,85002719,85031942,29223,2,1,0,0,0,0,0,2420,1,1
1246,0,2,1,1246,85046769,85077440,30671,2,0,1,0,0,0,0,2420,1,1
1247,0,2,1,1247,85092251,85176642,84391,9,6,2,0,0,0,0,2420,1,1
1248,0,2,1,1248,85191466,85235638,44172,4,3,0,0,0,0,0,2420,1,1
1249,0,2,3,1249,85250449,85327364,76915,8,5,2,0,0,0,0,2420,1,1
1250,0,2,4,1250,85342183,85442977,100794,11,7,3,0,0,0,0,2420,1,1
1251,0,2,4,1251,85457818,85479570,21752,1,0,0,0,0,0,0,2420,1,1
1252,0,2,0,1252,85494408,85516181,21773,1,0,0,0,0,0,0,2420,1,1
1253,0,2,2,1253,85530984,85560181,29197,2,1,0,0,0,0,0,2420,1,1
1254,0,2,1,1254,85575000,85596764,21764,1,0,0,0,0,0,0,2420,1,1
1255,0,2,0,1255,85611587,85640820,29233,2,1,0,0,0,0,0,2420,1,1
1256,0,2,1,1256,85655638,85677386,21748,1,0,0,0,0,0,0,2420,1,1
1257,0,2,4,1257,85692188,85713938,21750,1,0,0,0,0,0,0,2420,1,1
1258,0,2,1,1258,85728772,85750528,21756,1,0,0,0,0,0,0,2420,1,1
1259,0,2,3,1259,85765334,85787079,21745,1,0,0,0,0,0,0,2420,1,1
1260,0,2,2,1260,85801897,85847525,45628,4,2,1,0,0,0,0,2420,1,1
1261,0,2,3,1261,85862346,85891542,29196,2,1,0,0,0,0,0,2420,1,1
1262,0,2,2,1262,85906384,85960917,54533,5,2,2,0,0,0,0,2420,1,1
1263,0,2,2,1263,85975743,86006376,30633,2,0,1,0,0,0,0,2420,1,1
1264,0,2,0,1264,86021226,86050451,29225,2,1,0,0,0,0,0,2420,1,1
1265,0,2,2,1265,86065275,86119793,54518,5,2,2,0,0,0,0,2420,1,1
1266,0,2,3,1266,86134613,86156365,21752,1,0,0,0,0,0,0,2420,1,1
1267,0,2,2,1267,86171191,86242059,70868,7,3,3,0,0,0,0,2420,1,1
1268,0,2,0,1268,86256898,86287571,30673,2,0,1,0,0,0,0,2420,1,1
1269,0,2,2,1269,86302390,86331587,29197,2,1,0,0,0,0,0,2420,1,1
1270,0,2,2,1270,86346405,86384526,38121,3,1,1,0,0,0,0,2420,1,1
1271,0,2,4,1271,86399363,86437491,38128,3,1,1,0,0,0,0,2420,1,1
1272,0,2,3,1272,86452342,86563436,111094,12,6,5,0,0,0,0,2420,1,1
1273,0,2,1,1273,86578246,86625289,47043,4,1,2,0,0,0,0,2420,1,1
1274,0,2,4,1274,86640119,86661872,21753,1,0,0,0,0,0,0,2420,1,1
1275,0,2,4,1275,86676697,86698441,21744,1,0,0,0,0,0,0,2420,1,1
1276,0,2,3,1276,86713278,86735030,21752,1,0,0,0,0,0,0,2420,1,1
1277,0,2,2,1277,86749837,86780502,30665,2,0,1,0,0,0,0,2420,1,1
1278,0,2,4,1278,86795341,86817097,21756,1,0,0,0,0,0,0,2420,1,1
1279,0,2,3,1279,86831934,87018910,186976,21,9,11,0,0,0,0,2420,1,1
1280,0,2,2,1280,87033738,87079312,45574,4,2,1,0,0,0,0,2420,1,1
1281,0,2,3,1281,87094139,87138275,44136,4,3,0,0,0,0,0,2420,1,1
1282,0,2,0,1282,87153117,87248027,94910,10,6,2,0,1,0,0,2420,1,1
1283,0,2,1,1283,87262852,87342653,79801,8,3,4,0,0,0,0,2420,1,1
1284,0,2,2,1284,87357471,87379219,21748,1,0,0,0,0,0,0,2420,1,1
1285,0,2,2,1285,87394030,87433585,39555,3,0,2,0,0,0,0,2420,1,1
1286,0,2,0,1286,87448435,87477668,29233,2,1,0,0,0,0,0,2420,1,1
1287,0,2,1,1287,87492486,87588666,96180,10,4,5,0,0,0,0,2420,1,1
1288,0,2,0,1288,87603486,87641618,38132,3,1,1,0,0,0,0,2420,1,1
1289,0,2,1,1289,87656421,87685615,29194,2,1,0,0,0,0,0,2420,1,1
1290,0,2,1,1290,87700429,87789119,88690,9,3,5,0,0,0,0,2420,1,1
1291,0,2,2,1291,87803934,87825675,21741,1,0,0,0,0,0,0,2420,1,1
1292,0,2,4,1292,87840494,87893548,53054,5,3,1,0,0,0,0,2420,1,1
1293,0,2,0,1293,87908387,87952517,44130,4,3,0,0,0,0,0,2420,1,1
1294,0,2,4,1294,87967336,88026384,59048,6,5,0,0,0,0,0,2420,1,1
1295,0,2,2,1295,88041206,88071886,30680,2,0,1,0,0,0,0,2420,1,1
1296,0,2,4,1296,88086704,88115937,29233,2,1,0,0,0,0,0,2420,1,1
1297,0,2,4,1297,88130775,88152519,21744,1,0,0,0,0,0,0,2420,1,1
1298,0,2,2,1298,88167357,88229329,61972,6,3,2,0,0,0,0,2420,1,1
1299,0,2,4,1299,88244136,88391099,146963,17,12,4,0,0,0,0,2420,1,1
1300,0,2,2,1300,88405958,88442620,36662,3,2,0,0,0,0,0,2420,1,1
1301,0,2,0,1301,88457427,88479186,21759,1,0,0,0,0,0,0,2420,1,1
1302,0,2,4,1302,88494020,88530694,36674,3,2,0,0,0,0,0,2420,1,1
1303,0,2,0,1303,88545521,88627011,81490,9,8,0,0,0,0,0,2420,1,1
1304,0,2,0,1304,88641826,88714196,72370,7,2,4,0,0,0,0,2420,1,1
1305,0,2,2,1305,88728998,88767086,38088,3,1,1,0,0,0,0,2420,1,1
1306,0,2,4,1306,88781901,88820036,38135,3,1,1,0,0,0,0,2420,1,1
1307,0,2,0,1307,88834879,88896830,61951,6,3,2,0,0,0,0,2420,1,1
1308,0,2,3,1308,88911645,89064476,152831,17,8,8,0,0,0,0,2420,1,1
1309,0,2,4,1309,89079286,89117423,38137,3,1,1,0,0,0,0,2420,1,1
1310,0,2,1,1310,89132274,89170394,38120,3,1,1,0,0,0,0,2420,1,1
1311,0,2,1,1311,89185200,89206941,21741,1,0,0,0,0,0,0,2420,1,1
1312,0,2,1,1312,89221763,89243516,21753,1,0,0,0,0,0,0,2420,1,1
1313,0,2,0,1313,89258326,89378425,120099,13,6,6,0,0,0,0,2420,1,1
1314,0,2,2,1314,89393247,89431392,38145,3,1,1,0,0,0,0,2420,1,1
1315,0,2,2,1315,89446199,89484326,38127,3,1,1,0,0,0,0,2420,1,1
1316,0,2,0,1316,89499175,89544831,45656,4,2,1,0,0,0,0,2420,1,1
1317,0,2,0,1317,89559649,89606683,47034,4,1,2,0,0,0,0,2420,1,1
1318,0,2,1,1318,89621497,89643250,21753,1,0,0,0,0,0,0,2420,1,1
1319,0,2,1,1319,89658053,89687245,29192,2,1,0,0,0,0,0,2420,1,1
1320,0,2,2,1320,89702067,89771512,69445,7,4,2,0,0,0,0,2420,1,1
1321,0,2,0,1321,89786323,89808091,21768,1,0,0,0,0,0,0,2420,1,1
1322,0,2,2,1322,89822922,89853596,30674,2,0,1,0,0,0,0,2420,1,1
1323,0,2,0,1323,89868399,89897640,29241,2,1,0,0,0,0,0,2420,1,1
1324,0,2,0,1324,89912471,89941703,29232,2,1,0,0,0,0,0,2420,1,1
1325,0,2,4,1325,89956509,90064635,108126,12,8,3,0,0,0,0,2420,1,1
1326,0,2,4,1326,90079473,90116160,36687,3,2,0,0,0,0,0,2420,1,1
1327,0,2,2,1327,90130982,90179489,48507,4,0,3,0,0,0,0,2420,1,1
1328,0,2,3,1328,90194308,90224994,30686,2,0,1,0,0,0,0,2420,1,1
1329,0,2,3,1329,90239821,90285409,45588,4,2,1,0,0,0,0,2420,1,1
1330,0,2,3,1330,90300259,90389032,88773,9,3,5,0,0,0,0,2420,1,1
1331,0,2,1,1331,90403875,90492586,88711,9,3,5,0,0,0,0,2420,1,1
1332,0,2,1,1332,90507420,90546986,39566,3,0,2,0,0,0,0,2420,1,1
1333,0,2,4,1333,90561796,90607410,45614,4,2,1,0,0,0,0,2420,1,1
1334,0,2,2,1334,90622244,90651464,29220,2,1,0,0,0,0,0,2420,1,1
1335,0,2,4,1335,90666271,90688028,21757,1,0,0,0,0,0,0,2420,1,1
1336,0,2,0,1336,90702877,90788677,85800,9,5,3,0,0,0,0,2420,1,1
1337,0,2,3,1337,90803484,90868367,64883,6,1,4,0,0,0,0,2420,1,1
1338,0,2,3,1338,90883188,90954105,70917,7,3,3,0,0,0,0,2420,1,1
1339,0,2,4,1339,90968943,90990695,21752,1,0,0,0,0,0,0,2420,1,1
1340,0,2,0,1340,91005550,91042244,36694,3,2,0,0,0,0,0,2420,1,1
1341,0,2,4,1341,91057050,91087719,30669,2,0,1,0,0,0,0,2420,1,1
1342,0,2,0,1342,91102554,91140736,38182,3,1,1,0,0,0,0,2420,1,1
1343,0,2,1,1343,91155543,91184776,29233,2,1,0,0,0,0,0,2420,1,1
1344,0,2,4,1344,91199590,91273376,73786,7,1,5,0,0,0,0,2420,1,1
1345,0,2,2,1345,91288199,91362218,74019,8,7,0,0,0,0,0,2420,1,1
1346,0,2,2,1346,91377037,91406233,29196,2,1,0,0,0,0,0,2420,1,1
1347,0,2,4,1347,91421071,91475559,54488,5,2,2,0,0,0,0,2420,1,1
1348,0,2,4,1348,91490409,91544957,54548,5,2,2,0,0,0,0,2420,1,1
1349,0,2,2,1349,91559780,91647071,87291,9,4,4,0,0,0,0,2420,1,1
1350,0,2,2,1350,91661886,91698577,36691,3,2,0,0,0,0,0,2420,1,1
1351,0,2,4,1351,91713420,91735176,21756,1,0,0,0,0,0,0,2420,1,1
1352,0,2,2,1352,91750026,91771786,21760,1,0,0,0,0,0,0,2420,1,1
1353,0,2,3,1353,91786593,91839662,53069,5,3,1,0,0,0,0,2420,1,1
1354,0,2,0,1354,91854504,91876276,21772,1,0,0,0,0,0,0,2420,1,1
1355,0,2,0,1355,91891095,91912856,21761,1,0,0,0,0,0,0,2420,1,1
1356,0,2,4,1356,91927670,91974744,47074,4,1,2,0,0,0,0,2420,1,1
1357,0,2,3,1357,91989567,92011319,21752,1,0,0,0,0,0,0,2420,1,1
1358,0,2,1,1358,92026142,92064278,38136,3,1,1,0,0,0,0,2420,1,1
1359,0,2,4,1359,92079097,92100849,21752,1,0,0,0,0,0,0,2420,1,1
1360,0,2,4,1360,92115687,92219316,103629,11,5,5,0,0,0,0,2420,1,1
1361,0,2,4,1361,92234146,92329058,94912,10,6,2,0,1,0,0,2420,1,1
1362,0,2,1,1362,92343898,92365662,21764,1,0,0,0,0,0,0,2420,1,1
1363,0,2,1,1363,92380465,92443852,63387,6,2,3,0,0,0,0,2420,1,1
1364,0,2,3,1364,92458675,92505725,47050,4,1,2,0,0,0,0,2420,1,1
1365,0,2,1,1365,92520531,92637728,117197,13,8,4,0,0,0,0,2420,1,1
1366,0,2,4,1366,92652561,92674326,21765,1,0,0,0,0,0,0,2420,1,1
1367,0,2,1,1367,92689148,92710904,21756,1,0,0,0,0,0,0,2420,1,1
1368,0,2,4,1368,92725723,92796630,70907,7,3,3,0,0,0,0,2420,1,1
1369,0,2,0,1369,92811453,92849588,38135,3,1,1,0,0,0,0,2420,1,1
1370,0,2,2,1370,92864407,92945674,81267,8,2,5,0,0,0,0,2420,1,1
1371,0,2,0,1371,92960477,93037405,76928,8,5,2,0,0,0,0,2420,1,1
1372,0,2,2,1372,93052235,93108215,55980,5,1,3,0,0,0,0,2420,1,1
1373,0,2,4,1373,93123021,93210319,87298,9,4,4,0,0,0,0,2420,1,1
1374,0,2,1,1374,93225174,93287147,61973,6,3,2,0,0,0,0,2420,1,1
1375,0,2,2,1375,93301949,93371375,69426,7,4,2,0,0,0,0,2420,1,1
1376,0,2,2,1376,93386197,93479503,93306,10,6,3,0,0,0,0,2420,1,1
1377,0,2,4,1377,93494347,93516100,21753,1,0,0,0,0,0,0,2420,1,1
1378,0,2,1,1378,93530949,93627153,96204,10,4,5,0,0,0,0,2420,1,1
1379,0,2,4,1379,93641957,93663713,21756,1,0,0,0,0,0,0,2420,1,1
1380,0,2,0,1380,93678548,93733071,54523,5,2,2,0,0,0,0,2420,1,1
1381,0,2,2,1381,93747874,93900665,152791,17,8,8,0,0,0,0,2420,1,1
1382,0,2,0,1382,93915487,93998235,82748,8,1,6,0,0,0,0,2420,1,1
1383,0,2,1,1383,94013057,94034805,21748,1,0,0,0,0,0,0,2420,1,1
1384,0,2,1,1384,94049620,94087776,38156,3,1,1,0,0,0,0,2420,1,1
1385,0,2,3,1385,94102587,94140707,38120,3,1,1,0,0,0,0,2420,1,1
1386,0,2,1,1386,94155529,94177293,21764,1,0,0,0,0,0,0,2420,1,1
1387,0,2,2,1387,94192112,94237714,45602,4,2,1,0,0,0,0,2420,1,1
1388,0,2,1,1388,94252532,94274300,21768,1,0,0,0,0,0,0,2420,1,1
1389,0,2,0,1389,94289123,94327268,38145,3,1,1,0,0,0,0,2420,1,1
1390,0,2,3,1390,94342082,94413000,70918,7,3,3,0,0,0,0,2420,1,1
1391,0,2,2,1391,94427806,94523987,96181,10,4,5,0,0,0,0,2420,1,1
1392,0,2,4,1392,94538823,94608319,69496,7,4,2,0,0,0,0,2420,1,1
1393,0,2,4,1393,94623160,94644913,21753,1,0,0,0,0,0,0,2420,1,1
1394,0,2,0,1394,94659747,94705361,45614,4,2,1,0,0,0,0,2420,1,1
1395,0,2,0,1395,94720164,94749382,29218,2,1,0,0,0,0,0,2420,1,1
1396,0,2,4,1396,94764200,94793415,29215,2,1,0,0,0,0,0,2420,1,1
1397,0,2,4,1397,94808238,94837460,29222,2,1,0,0,0,0,0,2420,1,1
1398,0,2,1,1398,94852296,94942494,90198,9,2,6,0,0,0,0,2420,1,1
1399,0,2,2,1399,94957300,94995434,38134,3,1,1,0,0,0,0,2420,1,1
1400,0,2,0,1400,95010253,95032029,21776,1,0,0,0,0,0,0,2420,1,1
1401,0,2,1,1401,95046851,95116309,69458,7,4,2,0,0,0,0,2420,1,1
1402,0,2,2,1402,95131123,95191626,60503,6,4,1,0,0,0,0,2420,1,1
1403,0,2,1,1403,95206437,95258021,51584,5,4,0,0,0,0,0,2420,1,1
1404,0,2,2,1404,95272860,95318455,45595,4,2,1,0,0,0,0,2420,1,1
1405,0,2,3,1405,95333265,95363928,30663,2,0,1,0,0,0,0,2420,1,1
1406,0,2,1,1406,95378766,95400530,21764,1,0,0,0,0,0,0,2420,1,1
1407,0,2,3,1407,95415352,95477340,61988,6,3,2,0,0,0,0,2420,1,1
1408,0,2,4,1408,95492159,95513919,21760,1,0,0,0,0,0,0,2420,1,1
1409,0,2,4,1409,95528757,95583292,54535,5,2,2,0,0,0,0,2420,1,1
1410,0,2,3,1410,95598127,95619888,21761,1,0,0,0,0,0,0,2420,1,1
1411,0,2,2,1411,95634698,95695254,60556,6,4,1,0,0,0,0,2420,1,1
1412,0,2,3,1412,95710088,95731848,21760,1,0,0,0,0,0,0,2420,1,1
1413,0,2,3,1413,95746678,95828066,81388,9,8,0,0,0,0,0,2420,1,1
1414,0,2,1,1414,95842920,95887081,44161,4,3,0,0,0,0,0,2420,1,1
1415,0,2,4,1415,95901900,95955002,53102,5,3,1,0,0,0,0,2420,1,1
1416,0,2,2,1416,95969837,96046916,77079,8,6,0,0,1,0,0,2420,1,1
1417,0,2,0,1417,96061719,96132613,70894,7,3,3,0,0,0,0,2420,1,1
1418,0,2,2,1418,96147448,96201986,54538,5,2,2,0,0,0,0,2420,1,1
1419,0,2,2,1419,96216792,96247448,30656,2,0,1,0,0,0,0,2420,1,1
1420,0,2,0,1420,96262298,96364557,102259,11,6,4,0,0,0,0,2420,1,1
1421,0,2,1,1421,96379378,96497926,118548,13,7,5,0,0,0,0,2420,1,1
1422,0,2,2,1422,96512744,96550867,38123,3,1,1,0,0,0,0,2420,1,1
1423,0,2,3,1423,96565678,96587430,21752,1,0,0,0,0,0,0,2420,1,1
1424,0,2,0,1424,96602269,96650824,48555,4,0,3,0,0,0,0,2420,1,1
1425,0,2,4,1425,96665646,96717293,51647,5,4,0,0,0,0,0,2420,1,1
1426,0,2,2,1426,96732127,96776269,44142,4,3,0,0,0,0,0,2420,1,1
1427,0,2,0,1427,96791072,96820301,29229,2,1,0,0,0,0,0,2420,1,1
1428,0,2,1,1428,96835136,96889655,54519,5,2,2,0,0,0,0,2420,1,1
1429,0,2,2,1429,96904462,96941151,36689,3,2,0,0,0,0,0,2420,1,1
1430,0,2,4,1430,96955974,96994109,38135,3,1,1,0,0,0,0,2420,1,1
1431,0,2,2,1431,97008947,97030699,21752,1,0,0,0,0,0,0,2420,1,1
1432,0,2,1,1432,97045518,97067282,21764,1,0,0,0,0,0,0,2420,1,1
1433,0,2,1,1433,97082105,97103857,21752,1,0,0,0,0,0,0,2420,1,1
1434,0,2,3,1434,97118679,97150973,32294,2,0,0,0,1,0,0,2420,1,1
1435,0,2,2,1435,97165784,97203897,38113,3,1,1,0,0,0,0,2420,1,1
1436,0,2,4,1436,97218732,97291084,72352,7,2,4,0,0,0,0,2420,1,1
1437,0,2,3,1437,97305926,97360467,54541,5,2,2,0,0,0,0,2420,1,1
1438,0,2,0,1438,97375290,97404514,29224,2,1,0,0,0,0,0,2420,1,1
1439,0,2,1,1439,97419334,97478413,59079,6,5,0,0,0,0,0,2420,1,1
1440,0,2,4,1440,97493233,97541758,48525,4,0,3,0,0,0,0,2420,1,1
1441,0,2,1,1441,97556585,97596151,39566,3,0,2,0,0,0,0,2420,1,1
1442,0,2,2,1442,97610966,97640186,29220,2,1,0,0,0,0,0,2420,1,1
1443,0,2,1,1443,97654997,97691690,36693,3,2,0,0,0,0,0,2420,1,1
1444,0,2,3,1444,97706528,97737210,30682,2,0,1,0,0,0,0,2420,1,1
1445,0,2,1,1445,97752017,97799093,47076,4,1,2,0,0,0,0,2420,1,1
1446,0,2,3,1446,97813927,97934015,120088,13,6,6,0,0,0,0,2420,1,1
1447,0,2,2,1447,97948824,97988422,39598,3,0,2,0,0,0,0,2420,1,1
1448,0,2,3,1448,98003260,98025020,21760,1,0,0,0,0,0,0,2420,1,1
1449,0,2,4,1449,98039847,98077979,38132,3,1,1,0,0,0,0,2420,1,1
1450,0,2,3,1450,98092833,98114593,21760,1,0,0,0,0,0,0,2420,1,1
1451,0,2,2,1451,98129400,98181012,51612,5,4,0,0,0,0,0,2420,1,1
1452,0,2,1,1452,98195850,98217615,21765,1,0,0,0,0,0,0,2420,1,1
1453,0,2,3,1453,98232437,98269130,36693,3,2,0,0,0,0,0,2420,1,1
1454,0,2,0,1454,98283953,98305725,21772,1,0,0,0,0,0,0,2420,1,1
1455,0,2,4,1455,98320544,98351217,30673,2,0,1,0,0,0,0,2420,1,1
1456,0,2,4,1456,98366055,98428049,61994,6,3,2,0,0,0,0,2420,1,1
1457,0,2,1,1457,98442876,98634471,191595,22,12,9,0,0,0,0,2420,1,1
1458,0,2,4,1458,98649290,98687417,38127,3,1,1,0,0,0,0,2420,1,1
1459,0,2,4,1459,98702238,98732907,30669,2,0,1,0,0,0,0,2420,1,1
1460,0,2,1,1460,98747742,98784445,36703,3,2,0,0,0,0,0,2420,1,1
1461,0,2,0,1461,98799248,98821012,21764,1,0,0,0,0,0,0,2420,1,1
1462,0,2,4,1462,98835832,98857583,21751,1,0,0,0,0,0,0,2420,1,1
1463,0,2,4,1463,98872406,98973170,100764,11,7,3,0,0,0,0,2420,1,1
1464,0,2,4,1464,98988008,99017220,29212,2,1,0,0,0,0,0,2420,1,1
1465,0,2,1,1465,99032042,99053803,21761,1,0,0,0,0,0,0,2420,1,1
1466,0,2,4,1466,99068617,99097832,29215,2,1,0,0,0,0,0,2420,1,1
1467,0,2,4,1467,99112655,99143320,30665,2,0,1,0,0,0,0,2420,1,1
1468,0,2,4,1468,99158155,99187381,29226,2,1,0,0,0,0,0,2420,1,1
1469,0,2,2,1469,99202203,99240340,38137,3,1,1,0,0,0,0,2420,1,1
1470,0,2,3,1470,99255158,99276918,21760,1,0,0,0,0,0,0,2420,1,1
1471,0,2,2,1471,99291745,99377586,85841,9,5,3,0,0,0,0,2420,1,1
1472,0,2,4,1472,99392421,99414189,21768,1,0,0,0,0,0,0,2420,1,1
1473,0,2,1,1473,99429028,99482092,53064,5,3,1,0,0,0,0,2420,1,1
1474,0,2,0,1474,99496910,99541079,44169,4,3,0,0,0,0,0,2420,1,1
1475,0,2,0,1475,99555886,99577642,21756,1,0,0,0,0,0,0,2420,1,1
1476,0,2,0,1476,99592457,99687231,94774,10,5,4,0,0,0,0,2420,1,1
1477,0,2,0,1477,99702036,99753683,51647,5,4,0,0,0,0,0,2420,1,1
1478,0,2,2,1478,99768498,99790250,21752,1,0,0,0,0,0,0,2420,1,1
1479,0,2,0,1479,99805057,99841731,36674,3,2,0,0,0,0,0,2420,1,1
1480,0,2,0,1480,99856566,99878330,21764,1,0,0,0,0,0,0,2420,1,1
1481,0,2,2,1481,99893132,99914877,21745,1,0,0,0,0,0,0,2420,1,1
1482,0,2,1,1482,99929692,99999209,69517,7,4,2,0,0,0,0,2420,1,1
1483,0,2,2,1483,100014035,100059613,45578,4,2,1,0,0,0,0,2420,1,1
1484,0,2,4,1484,100074437,100121527,47090,4,1,2,0,0,0,0,2420,1,1
1485,0,2,2,1485,100136372,100205786,69414,7,4,2,0,0,0,0,2420,1,1
1486,0,2,2,1486,100220603,100288609,68006,7,5,1,0,0,0,0,2420,1,1
1487,0,2,1,1487,100303453,100325210,21757,1,0,0,0,0,0,0,2420,1,1
1488,0,2,4,1488,100340046,100409532,69486,7,4,2,0,0,0,0,2420,1,1
1489,0,2,3,1489,100424361,100446113,21752,1,0,0,0,0,0,0,2420,1,1
1490,0,2,1,1490,100460934,100521446,60512,6,4,1,0,0,0,0,2420,1,1
1491,0,2,4,1491,100536271,100558023,21752,1,0,0,0,0,0,0,2420,1,1
1492,0,2,1,1492,100572864,100645224,72360,7,2,4,0,0,0,0,2420,1,1
1493,0,2,1,1493,100660029,100689260,29231,2,1,0,0,0,0,0,2420,1,1
1494,0,2,1,1494,100704090,100757142,53052,5,3,1,0,0,0,0,2420,1,1
1495,0,2,4,1495,100771955,100820500,48545,4,0,3,0,0,0,0,2420,1,1
1496,0,2,1,1496,100835341,100915148,79807,8,3,4,0,0,0,0,2420,1,1
1497,0,2,0,1497,100929953,101015748,85795,9,5,3,0,0,0,0,2420,1,1
1498,0,2,3,1498,101030565,101052317,21752,1,0,0,0,0,0,0,2420,1,1
1499,0,2,2,1499,101067130,101112720,45590,4,2,1,0,0,0,0,2420,1,1
1500,0,2,4,1500,101127561,101156806,29245,2,1,0,0,0,0,0,2420,1,1
1501,0,2,3,1501,101171646,101200866,29220,2,1,0,0,0,0,0,2420,1,1
1502,0,2,0,1502,101215692,101268779,53087,5,3,1,0,0,0,0,2420,1,1
1503,0,2,3,1503,101283604,101369369,85765,9,5,3,0,0,0,0,2420,1,1
1504,0,2,4,1504,101384193,101504292,120099,13,6,6,0,0,0,0,2420,1,1
1505,0,2,4,1505,101519136,101591512,72376,7,2,4,0,0,0,0,2420,1,1
1506,0,2,1,1506,101606353,101668316,61963,6,3,2,0,0,0,0,2420,1,1
1507,0,2,4,1507,101683122,101704875,21753,1,0,0,0,0,0,0,2420,1,1
1508,0,2,0,1508,101719711,101787704,67993,7,5,1,0,0,0,0,2420,1,1
1509,0,2,2,1509,101802508,101831705,29197,2,1,0,0,0,0,0,2420,1,1
1510,0,2,4,1510,101846526,101899571,53045,5,3,1,0,0,0,0,2420,1,1
1511,0,2,2,1511,101914416,101991334,76918,8,5,2,0,0,0,0,2420,1,1
1512,0,2,1,1512,102006155,102042836,36681,3,2,0,0,0,0,0,2420,1,1
1513,0,2,1,1513,102057660,102118162,60502,6,4,1,0,0,0,0,2420,1,1
1514,0,2,4,1514,102132990,102193558,60568,6,4,1,0,0,0,0,2420,1,1
1515,0,2,2,1515,102208383,102237590,29207,2,1,0,0,0,0,0,2420,1,1
1516,0,2,2,1516,102252407,102283067,30660,2,0,1,0,0,0,0,2420,1,1
1517,0,2,0,1517,102297908,102328591,30683,2,0,1,0,0,0,0,2420,1,1
1518,0,2,1,1518,102343428,102389055,45627,4,2,1,0,0,0,0,2420,1,1
1519,0,2,3,1519,102403864,102433088,29224,2,1,0,0,0,0,0,2420,1,1
1520,0,2,2,1520,102447908,102571040,123132,14,10,3,0,0,0,0,2420,1,1
1521,0,2,1,1521,102585873,102615098,29225,2,1,0,0,0,0,0,2420,1,1
1522,0,2,3,1522,102629935,102660627,30692,2,0,1,0,0,0,0,2420,1,1
1523,0,2,0,1523,102675440,102740360,64920,6,1,4,0,0,0,0,2420,1,1
1524,0,2,3,1524,102755197,102784412,29215,2,1,0,0,0,0,0,2420,1,1
1525,0,2,3,1525,102799220,102855200,55980,5,1,3,0,0,0,0,2420,1,1
1526,0,2,4,1526,102870052,102973654,103602,11,5,5,0,0,0,0,2420,1,1
1527,0,2,2,1527,102988497,103056490,67993,7,5,1,0,0,0,0,2420,1,1
1528,0,2,3,1528,103071306,103093070,21764,1,0,0,0,0,0,0,2420,1,1
1529,0,2,2,1529,103107899,103152049,44150,4,3,0,0,0,0,0,2420,1,1
1530,0,2,2,1530,103166890,103188634,21744,1,0,0,0,0,0,0,2420,1,1
1531,0,2,3,1531,103203478,103225230,21752,1,0,0,0,0,0,0,2420,1,1
1532,0,2,3,1532,103240071,103389922,149851,17,10,6,0,0,0,0,2420,1,1
1533,0,2,4,1533,103404771,103435449,30678,2,0,1,0,0,0,0,2420,1,1
1534,0,2,1,1534,103450302,103481002,30700,2,0,1,0,0,0,0,2420,1,1
1535,0,2,3,1535,103495811,103526500,30689,2,0,1,0,0,0,0,2420,1,1
1536,0,2,1,1536,103541321,103610822,69501,7,4,2,0,0,0,0,2420,1,1
1537,0,2,3,1537,103625646,103671263,45617,4,2,1,0,0,0,0,2420,1,1
1538,0,2,0,1538,103686089,103739198,53109,5,3,1,0,0,0,0,2420,1,1
1539,0,2,4,1539,103754022,103783226,29204,2,1,0,0,0,0,0,2420,1,1
1540,0,2,4,1540,103798063,103834757,36694,3,2,0,0,0,0,0,2420,1,1
1541,0,2,0,1541,103849582,103878831,29249,2,1,0,0,0,0,0,2420,1,1
1542,0,2,3,1542,103893652,103922880,29228,2,1,0,0,0,0,0,2420,1,1
1543,0,2,0,1543,103937689,104007173,69484,7,4,2,0,0,0,0,2420,1,1
1544,0,2,4,1544,104022005,104075041,53036,5,3,1,0,0,0,0,2420,1,1
1545,0,2,2,1545,104089866,104129464,39598,3,0,2,0,0,0,0,2420,1,1
1546,0,2,4,1546,104144285,104166047,21762,1,0,0,0,0,0,0,2420,1,1
1547,0,2,3,1547,104180887,104211570,30683,2,0,1,0,0,0,0,2420,1,1
1548,0,2,2,1548,104226394,104280932,54538,5,2,2,0,0,0,0,2420,1,1
1549,0,2,4,1549,104295761,104333911,38150,3,1,1,0,0,0,0,2420,1,1
1550,0,2,3,1550,104348763,104431460,82697,8,1,6,0,0,0,0,2420,1,1
1551,0,2,1,1551,104446274,104491901,45627,4,2,1,0,0,0,0,2420,1,1
1552,0,2,2,1552,104506738,104567277,60539,6,4,1,0,0,0,0,2420,1,1
1553,0,2,1,1553,104582086,104611302,29216,2,1,0,0,0,0,0,2420,1,1
1554,0,2,1,1554,104626142,104655349,29207,2,1,0,0,0,0,0,2420,1,1
1555,0,2,3,1555,104670162,104691914,21752,1,0,0,0,0,0,0,2420,1,1
1556,0,2,3,1556,104706739,104847783,141044,16,10,5,0,0,0,0,2420,1,1
1557,0,2,1,1557,104862628,104952974,90346,10,8,1,0,0,0,0,2420,1,1
1558,0,2,1,1558,104967807,105013376,45569,4,2,1,0,0,0,0,2420,1,1
1559,0,2,0,1559,105028189,105118386,90197,9,2,6,0,0,0,0,2420,1,1
1560,0,2,2,1560,105133208,105178783,45575,4,2,1,0,0,0,0,2420,1,1
1561,0,2,3,1561,105193593,105263044,69451,7,4,2,0,0,0,0,2420,1,1
1562,0,2,2,1562,105277884,105307089,29205,2,1,0,0,0,0,0,2420,1,1
1563,0,2,1,1563,105321914,105343675,21761,1,0,0,0,0,0,0,2420,1,1
1564,0,2,4,1564,105358511,105380271,21760,1,0,0,0,0,0,0,2420,1,1
1565,0,2,3,1565,105395100,105425757,30657,2,0,1,0,0,0,0,2420,1,1
1566,0,2,0,1566,105440578,105471287,30709,2,0,1,0,0,0,0,2420,1,1
1567,0,2,1,1567,105486113,105507861,21748,1,0,0,0,0,0,0,2420,1,1
1568,0,2,0,1568,105522678,105577220,54542,5,2,2,0,0,0,0,2420,1,1
1569,0,2,0,1569,105592025,105640524,48499,4,0,3,0,0,0,0,2420,1,1
1570,0,2,3,1570,105655345,105803831,148486,17,11,5,0,0,0,0,2420,1,1
1571,0,2,4,1571,105818644,105864257,45613,4,2,1,0,0,0,0,2420,1,1
1572,0,2,1,1572,105879110,105926166,47056,4,1,2,0,0,0,0,2420,1,1
1573,0,2,0,1573,105940971,105986617,45646,4,2,1,0,0,0,0,2420,1,1
1574,0,2,4,1574,106001433,106039582,38149,3,1,1,0,0,0,0,2420,1,1
1575,0,2,0,1575,106054411,106076175,21764,1,0,0,0,0,0,0,2420,1,1
1576,0,2,3,1576,106090992,106121664,30672,2,0,1,0,0,0,0,2420,1,1
1577,0,2,4,1577,106136477,106180648,44171,4,3,0,0,0,0,0,2420,1,1
1578,0,2,0,1578,106195504,106276831,81327,8,2,5,0,0,0,0,2420,1,1
1579,0,2,3,1579,106291635,106337218,45583,4,2,1,0,0,0,0,2420,1,1
1580,0,2,4,1580,106352039,106415458,63419,6,2,3,0,0,0,0,2420,1,1
1581,0,2,3,1581,106430299,106484826,54527,5,2,2,0,0,0,0,2420,1,1
1582,0,2,2,1582,106499647,106536348,36701,3,2,0,0,0,0,0,2420,1,1
1583,0,2,1,1583,106551173,106619159,67986,7,5,1,0,0,0,0,2420,1,1
1584,0,2,1,1584,106633999,106655755,21756,1,0,0,0,0,0,0,2420,1,1
1585,0,2,0,1585,106670568,106723647,53079,5,3,1,0,0,0,0,2420,1,1
1586,0,2,2,1586,106738463,106767689,29226,2,1,0,0,0,0,0,2420,1,1
1587,0,2,3,1587,106782494,106841578,59084,6,5,0,0,0,0,0,2420,1,1
1588,0,2,0,1588,106856423,106964663,108240,12,8,3,0,0,0,0,2420,1,1
1589,0,2,0,1589,106979487,107001243,21756,1,0,0,0,0,0,0,2420,1,1
1590,0,2,3,1590,107016064,107101908,85844,9,5,3,0,0,0,0,2420,1,1
1591,0,2,3,1591,107116721,107163740,47019,4,1,2,0,0,0,0,2420,1,1
1592,0,2,2,1592,107178592,107200348,21756,1,0,0,0,0,0,0,2420,1,1
1593,0,2,4,1593,107215177,107254791,39614,3,0,2,0,0,0,0,2420,1,1
1594,0,2,1,1594,107269643,107300315,30672,2,0,1,0,0,0,0,2420,1,1
1595,0,2,1,1595,107315125,107484479,169354,20,15,4,0,0,0,0,2420,1,1
1596,0,2,3,1596,107499308,107601527,102219,11,6,4,0,0,0,0,2420,1,1
1597,0,2,2,1597,107616343,107673946,57603,5,1,2,0,1,0,0,2420,1,1
1598,0,2,1,1598,107688783,107741858,53075,5,3,1,0,0,0,0,2420,1,1
1599,0,2,4,1599,107756686,107853050,96364,10,5,3,0,1,0,0,2420,1,1
1600,0,2,0,1600,107867889,107889661,21772,1,0,0,0,0,0,0,2420,1,1
1601,0,2,1,1601,107904470,107970988,66518,6,1,3,0,1,0,0,2420,1,1
1602,0,2,1,1602,107985810,108025415,39605,3,0,2,0,0,0,0,2420,1,1
1603,0,2,2,1603,108040228,108078353,38125,3,1,1,0,0,0,0,2420,1,1
1604,0,2,2,1604,108093174,108172944,79770,8,3,4,0,0,0,0,2420,1,1
1605,0,2,3,1605,108187784,108209537,21753,1,0,0,0,0,0,0,2420,1,1
1606,0,2,0,1606,108224382,108255072,30690,2,0,1,0,0,0,0,2420,1,1
1607,0,2,0,1607,108269893,108291648,21755,1,0,0,0,0,0,0,2420,1,1
1608,0,2,1,1608,108306470,108363895,57425,5,0,4,0,0,0,0,2420,1,1
1609,0,2,4,1609,108378700,108463064,84364,9,6,2,0,0,0,0,2420,1,1
1610,0,2,0,1610,108477901,108548854,70953,7,3,3,0,0,0,0,2420,1,1
1611,0,2,1,1611,108563663,108609263,45600,4,2,1,0,0,0,0,2420,1,1
1612,0,2,0,1612,108624086,108645850,21764,1,0,0,0,0,0,0,2420,1,1
1613,0,2,2,1613,108660655,108716568,55913,5,1,3,0,0,0,0,2420,1,1
1614,0,2,0,1614,108731384,108768096,36712,3,2,0,0,0,0,0,2420,1,1
1615,0,2,0,1615,108782921,108804670,21749,1,0,0,0,0,0,0,2420,1,1
1616,0,2,0,1616,108819487,108882910,63423,6,2,3,0,0,0,0,2420,1,1
1617,0,2,0,1617,108897715,108926926,29211,2,1,0,0,0,0,0,2420,1,1
1618,0,2,1,1618,108941742,108963495,21753,1,0,0,0,0,0,0,2420,1,1
1619,0,2,2,1619,108978300,109093948,115648,13,9,3,0,0,0,0,2420,1,1
1620,0,2,3,1620,109108772,109188554,79782,8,3,4,0,0,0,0,2420,1,1
1621,0,2,1,1621,109203387,109225135,21748,1,0,0,0,0,0,0,2420,1,1
1622,0,2,3,1622,109239967,109293033,53066,5,3,1,0,0,0,0,2420,1,1
1623,0,2,0,1623,109307842,109337052,29210,2,1,0,0,0,0,0,2420,1,1
1624,0,2,3,1624,109351884,109430232,78348,8,4,3,0,0,0,0,2420,1,1
1625,0,2,2,1625,109445046,109514499,69453,7,4,2,0,0,0,0,2420,1,1
1626,0,2,3,1626,109529335,109582351,53016,5,3,1,0,0,0,0,2420,1,1
1627,0,2,1,1627,109597183,109674076,76893,8,5,2,0,0,0,0,2420,1,1
1628,0,2,2,1628,109688909,109710657,21748,1,0,0,0,0,0,0,2420,1,1
1629,0,2,3,1629,109725470,109756118,30648,2,0,1,0,0,0,0,2420,1,1
1630,0,2,3,1630,109770959,109807637,36678,3,2,0,0,0,0,0,2420,1,1
1631,0,2,2,1631,109822478,109875542,53064,5,3,1,0,0,0,0,2420,1,1
1632,0,2,2,1632,109890378,109912115,21737,1,0,0,0,0,0,0,2420,1,1
1633,0,2,4,1633,109926959,110023162,96203,10,4,5,0,0,0,0,2420,1,1
1634,0,2,1,1634,110038016,110128229,90213,9,2,6,0,0,0,0,2420,1,1
1635,0,2,4,1635,110143034,110164779,21745,1,0,0,0,0,0,0,2420,1,1
1636,0,2,0,1636,110179615,110304190,124575,14,9,4,0,0,0,0,2420,1,1
1637,0,2,1,1637,110318998,110372064,53066,5,3,1,0,0,0,0,2420,1,1
1638,0,2,0,1638,110386885,110408649,21764,1,0,0,0,0,0,0,2420,1,1
1639,0,2,4,1639,110423458,110445194,21736,1,0,0,0,0,0,0,2420,1,1
1640,0,2,4,1640,110460031,110481783,21752,1,0,0,0,0,0,0,2420,1,1
1641,0,2,0,1641,110496611,110525820,29209,2,1,0,0,0,0,0,2420,1,1
1642,0,2,1,1642,110540636,110562384,21748,1,0,0,0,0,0,0,2420,1,1
1643,0,2,3,1643,110577194,110615319,38125,3,1,1,0,0,0,0,2420,1,1
1644,0,2,2,1644,110630139,110660801,30662,2,0,1,0,0,0,0,2420,1,1
1645,0,2,1,1645,110675629,110721227,45598,4,2,1,0,0,0,0,2420,1,1
1646,0,2,3,1646,110736068,110757820,21752,1,0,0,0,0,0,0,2420,1,1
1647,0,2,0,1647,110772628,110809334,36706,3,2,0,0,0,0,0,2420,1,1
1648,0,2,4,1648,110824169,110853369,29200,2,1,0,0,0,0,0,2420,1,1
1649,0,2,0,1649,110868194,110962946,94752,10,5,4,0,0,0,0,2420,1,1
1650,0,2,2,1650,110977765,111024792,47027,4,1,2,0,0,0,0,2420,1,1
1651,0,2,4,1651,111039596,111061344,21748,1,0,0,0,0,0,0,2420,1,1
1652,0,2,1,1652,111076201,111097957,21756,1,0,0,0,0,0,0,2420,1,1
1653,0,2,0,1653,111112766,111134522,21756,1,0,0,0,0,0,0,2420,1,1
1654,0,2,3,1654,111149339,111171083,21744,1,0,0,0,0,0,0,2420,1,1
1655,0,2,2,1655,111185896,111326901,141005,16,10,5,0,0,0,0,2420,1,1
1656,0,2,3,1656,111341742,111388790,47048,4,1,2,0,0,0,0,2420,1,1
1657,0,2,4,1657,111403623,111432840,29217,2,1,0,0,0,0,0,2420,1,1
1658,0,2,0,1658,111447693,111478366,30673,2,0,1,0,0,0,0,2420,1,1
1659,0,2,4,1659,111493171,111531291,38120,3,1,1,0,0,0,0,2420,1,1
1660,0,2,2,1660,111546131,111600630,54499,5,2,2,0,0,0,0,2420,1,1
1661,0,2,4,1661,111615438,111646117,30679,2,0,1,0,0,0,0,2420,1,1
1662,0,2,3,1662,111660970,111705104,44134,4,3,0,0,0,0,0,2420,1,1
1663,0,2,3,1663,111719913,111750552,30639,2,0,1,0,0,0,0,2420,1,1
1664,0,2,3,1664,111765409,111787146,21737,1,0,0,0,0,0,0,2420,1,1
1665,0,2,1,1665,111801987,111838666,36679,3,2,0,0,0,0,0,2420,1,1
1666,0,2,1,1666,111853503,111891644,38141,3,1,1,0,0,0,0,2420,1,1
1667,0,2,2,1667,111906462,111975912,69450,7,4,2,0,0,0,0,2420,1,1
1668,0,2,2,1668,111990732,112043775,53043,5,3,1,0,0,0,0,2420,1,1
1669,0,2,4,1669,112058616,112095299,36683,3,2,0,0,0,0,0,2420,1,1
1670,0,2,2,1670,112110151,112179606,69455,7,4,2,0,0,0,0,2420,1,1
1671,0,2,4,1671,112194415,112242921,48506,4,0,3,0,0,0,0,2420,1,1
1672,0,2,3,1672,112257773,112286979,29206,2,1,0,0,0,0,0,2420,1,1
1673,0,2,4,1673,112301788,112330987,29199,2,1,0,0,0,0,0,2420,1,1
1674,0,2,3,1674,112345844,112406342,60498,6,4,1,0,0,0,0,2420,1,1
1675,0,2,1,1675,112421151,112515859,94708,10,5,4,0,0,0,0,2420,1,1
1676,0,2,4,1676,112530694,112567397,36703,3,2,0,0,0,0,0,2420,1,1
1677,0,2,2,1677,112582222,112620319,38097,3,1,1,0,0,0,0,2420,1,1
1678,0,2,1,1678,112635140,112688245,53105,5,3,1,0,0,0,0,2420,1,1
1679,0,2,4,1679,112703071,112759019,55948,5,1,3,0,0,0,0,2420,1,1
1680,0,2,4,1680,112773859,112813448,39589,3,0,2,0,0,0,0,2420,1,1
1681,0,2,0,1681,112828273,112857494,29221,2,1,0,0,0,0,0,2420,1,1
1682,0,2,2,1682,112872311,112910459,38148,3,1,1,0,0,0,0,2420,1,1
1683,0,2,0,1683,112925268,113012616,87348,9,4,4,0,0,0,0,2420,1,1
1684,0,2,4,1684,113027452,113049197,21745,1,0,0,0,0,0,0,2420,1,1
1685,0,2,0,1685,113064025,113094703,30678,2,0,1,0,0,0,0,2420,1,1
1686,0,2,3,1686,113109520,113131264,21744,1,0,0,0,0,0,0,2420,1,1
1687,0,2,0,1687,113146077,113211014,64937,6,1,4,0,0,0,0,2420,1,1
1688,0,2,0,1688,113225851,113255087,29236,2,1,0,0,0,0,0,2420,1,1
1689,0,2,4,1689,113269893,113291629,21736,1,0,0,0,0,0,0,2420,1,1
1690,0,2,0,1690,113306469,113335685,29216,2,1,0,0,0,0,0,2420,1,1
1691,0,2,1,1691,113350489,113388651,38162,3,1,1,0,0,0,0,2420,1,1
1692,0,2,2,1692,113403471,113449057,45586,4,2,1,0,0,0,0,2420,1,1
1693,0,2,0,1693,113463870,113493113,29243,2,1,0,0,0,0,0,2420,1,1
1694,0,2,3,1694,113507946,113561005,53059,5,3,1,0,0,0,0,2420,1,1
1695,0,2,0,1695,113575819,113597575,21756,1,0,0,0,0,0,0,2420,1,1
1696,0,2,4,1696,113612407,113675790,63383,6,2,3,0,0,0,0,2420,1,1
1697,0,2,4,1697,113690615,113719842,29227,2,1,0,0,0,0,0,2420,1,1
1698,0,2,1,1698,113734683,113763899,29216,2,1,0,0,0,0,0,2420,1,1
1699,0,2,3,1699,113778704,113807916,29212,2,1,0,0,0,0,0,2420,1,1
1700,0,2,4,1700,113822736,113860876,38140,3,1,1,0,0,0,0,2420,1,1
1701,0,2,0,1701,113875721,113897477,21756,1,0,0,0,0,0,0,2420,1,1
1702,0,2,1,1702,113912296,114002540,90244,9,2,6,0,0,0,0,2420,1,1
1703,0,2,3,1703,114017350,114039094,21744,1,0,0,0,0,0,0,2420,1,1
1704,0,2,4,1704,114053918,114075671,21753,1,0,0,0,0,0,0,2420,1,1
1705,0,2,3,1705,114090512,114161347,70835,7,3,3,0,0,0,0,2420,1,1
1706,0,2,2,1706,114176172,114214330,38158,3,1,1,0,0,0,0,2420,1,1
1707,0,2,2,1707,114229155,114282194,53039,5,3,1,0,0,0,0,2420,1,1
1708,0,2,3,1708,114297050,114452900,155850,18,12,5,0,0,0,0,2420,1,1
1709,0,2,2,1709,114467734,114541731,73997,8,7,0,0,0,0,0,2420,1,1
1710,0,2,3,1710,114556572,114611085,54513,5,2,2,0,0,0,0,2420,1,1
1711,0,2,4,1711,114625918,114647662,21744,1,0,0,0,0,0,0,2420,1,1
1712,0,2,1,1712,114662514,114684272,21758,1,0,0,0,0,0,0,2420,1,1
1713,0,2,4,1713,114699077,114720821,21744,1,0,0,0,0,0,0,2420,1,1
1714,0,2,3,1714,114735660,114781256,45596,4,2,1,0,0,0,0,2420,1,1
1715,0,2,3,1715,114796070,114826706,30636,2,0,1,0,0,0,0,2420,1,1
1716,0,2,3,1716,114841559,114937690,96131,10,4,5,0,0,0,0,2420,1,1
1717,0,2,4,1717,114952532,114989208,36676,3,2,0,0,0,0,0,2420,1,1
1718,0,2,2,1718,115004063,115082411,78348,8,4,3,0,0,0,0,2420,1,1
1719,0,2,4,1719,115097220,115135355,38135,3,1,1,0,0,0,0,2420,1,1
1720,0,2,3,1720,115150208,115188336,38128,3,1,1,0,0,0,0,2420,1,1
1721,0,2,2,1721,115203146,115274068,70922,7,3,3,0,0,0,0,2420,1,1
1722,0,2,2,1722,115288905,115310641,21736,1,0,0,0,0,0,0,2420,1,1
1723,0,2,2,1723,115325486,115347214,21728,1,0,0,0,0,0,0,2420,1,1
1724,0,2,4,1724,115362066,115409139,47073,4,1,2,0,0,0,0,2420,1,1
1725,0,2,4,1725,115423984,115445729,21745,1,0,0,0,0,0,0,2420,1,1
1726,0,2,1,1726,115460566,115489805,29239,2,1,0,0,0,0,0,2420,1,1
1727,0,2,0,1727,115504614,115526370,21756,1,0,0,0,0,0,0,2420,1,1
1728,0,2,3,1728,115541186,115562934,21748,1,0,0,0,0,0,0,2420,1,1
1729,0,2,4,1729,115577743,115630804,53061,5,3,1,0,0,0,0,2420,1,1
1730,0,2,1,1730,115645661,115761325,115664,13,9,3,0,0,0,0,2420,1,1
1731,0,2,2,1731,115776138,115797878,21740,1,0,0,0,0,0,0,2420,1,1
1732,0,2,0,1732,115812698,115841919,29221,2,1,0,0,0,0,0,2420,1,1
1733,0,2,0,1733,115856744,115878493,21749,1,0,0,0,0,0,0,2420,1,1
1734,0,2,1,1734,115893313,115938872,45559,4,2,1,0,0,0,0,2420,1,1
1735,0,2,3,1735,115953681,116070845,117164,13,8,4,0,0,0,0,2420,1,1
1736,0,2,4,1736,116085673,116156562,70889,7,3,3,0,0,0,0,2420,1,1
1737,0,2,2,1737,116171403,116208062,36659,3,2,0,0,0,0,0,2420,1,1
1738,0,2,4,1738,116222881,116261017,38136,3,1,1,0,0,0,0,2420,1,1
1739,0,2,0,1739,116275861,116320001,44140,4,3,0,0,0,0,0,2420,1,1
1740,0,2,4,1740,116334822,116356566,21744,1,0,0,0,0,0,0,2420,1,1
1741,0,2,1,1741,116371391,116393143,21752,1,0,0,0,0,0,0,2420,1,1
1742,0,2,2,1742,116407960,116438621,30661,2,0,1,0,0,0,0,2420,1,1
1743,0,2,0,1743,116453433,116475194,21761,1,0,0,0,0,0,0,2420,1,1
1744,0,2,4,1744,116490027,116511771,21744,1,0,0,0,0,0,0,2420,1,1
1745,0,2,2,1745,116526600,116610968,84368,9,6,2,0,0,0,0,2420,1,1
1746,0,2,1,1746,116625789,116681729,55940,5,1,3,0,0,0,0,2420,1,1
1747,0,2,2,1747,116696558,116830072,133514,15,9,5,0,0,0,0,2420,1,1
1748,0,2,2,1748,116844900,116875543,30643,2,0,1,0,0,0,0,2420,1,1
1749,0,2,1,1749,116890383,116927083,36700,3,2,0,0,0,0,0,2420,1,1
1750,0,2,1,1750,116941919,117018821,76902,8,5,2,0,0,0,0,2420,1,1
1751,0,2,1,1751,117033638,117071762,38124,3,1,1,0,0,0,0,2420,1,1
1752,0,2,0,1752,117086591,117147141,60550,6,4,1,0,0,0,0,2420,1,1
1753,0,2,1,1753,117161946,117200099,38153,3,1,1,0,0,0,0,2420,1,1
1754,0,2,4,1754,117214920,117244145,29225,2,1,0,0,0,0,0,2420,1,1
1755,0,2,2,1755,117258969,117280713,21744,1,0,0,0,0,0,0,2420,1,1
1756,0,2,1,1756,117295534,117324762,29228,2,1,0,0,0,0,0,2420,1,1
1757,0,2,0,1757,117339587,117379177,39590,3,0,2,0,0,0,0,2420,1,1
1758,0,2,4,1758,117393998,117456004,62006,6,3,2,0,0,0,0,2420,1,1
1759,0,2,4,1759,117470828,117492572,21744,1,0,0,0,0,0,0,2420,1,1
1760,0,2,1,1760,117507413,117536655,29242,2,1,0,0,0,0,0,2420,1,1
1761,0,2,0,1761,117551460,117644738,93278,10,6,3,0,0,0,0,2420,1,1
1762,0,2,2,1762,117659556,117733586,74030,8,7,0,0,0,0,0,2420,1,1
1763,0,2,2,1763,117748392,117779036,30644,2,0,1,0,0,0,0,2420,1,1
1764,0,2,3,1764,117793892,117824570,30678,2,0,1,0,0,0,0,2420,1,1
1765,0,2,4,1765,117839399,117868593,29194,2,1,0,0,0,0,0,2420,1,1
1766,0,2,1,1766,117883450,117937960,54510,5,2,2,0,0,0,0,2420,1,1
1767,0,2,1,1767,117952769,117981965,29196,2,1,0,0,0,0,0,2420,1,1
1768,0,2,3,1768,117996794,118026002,29208,2,1,0,0,0,0,0,2420,1,1
1769,0,2,3,1769,118040811,118104255,63444,6,2,3,0,0,0,0,2420,1,1
1770,0,2,0,1770,118119108,118181114,62006,6,3,2,0,0,0,0,2420,1,1
1771,0,2,1,1771,118195939,118225139,29200,2,1,0,0,0,0,0,2420,1,1
1772,0,2,1,1772,118239955,118261703,21748,1,0,0,0,0,0,0,2420,1,1
1773,0,2,1,1773,118276520,118314635,38115,3,1,1,0,0,0,0,2420,1,1
1774,0,2,0,1774,118329460,118391434,61974,6,3,2,0,0,0,0,2420,1,1
1775,0,2,1,1775,118406244,118436898,30654,2,0,1,0,0,0,0,2420,1,1
1776,0,2,4,1776,118451715,118489840,38125,3,1,1,0,0,0,0,2420,1,1
1777,0,2,1,1777,118504669,118630722,126053,14,8,5,0,0,0,0,2420,1,1
1778,0,2,2,1778,118645546,118700034,54488,5,2,2,0,0,0,0,2420,1,1
1779,0,2,1,1779,118714847,118736596,21749,1,0,0,0,0,0,0,2420,1,1
1780,0,2,4,1780,118751433,118797046,45613,4,2,1,0,0,0,0,2420,1,1
1781,0,2,0,1781,118811871,118857462,45591,4,2,1,0,0,0,0,2420,1,1
1782,0,2,1,1782,118872280,118894032,21752,1,0,0,0,0,0,0,2420,1,1
1783,0,2,1,1783,118908837,118963363,54526,5,2,2,0,0,0,0,2420,1,1
1784,0,2,1,1784,118978188,118999935,21747,1,0,0,0,0,0,0,2420,1,1
1785,0,2,0,1785,119014752,119051431,36679,3,2,0,0,0,0,0,2420,1,1
1786,0,2,3,1786,119066252,119087996,21744,1,0,0,0,0,0,0,2420,1,1
1787,0,2,3,1787,119102809,119131995,29186,2,1,0,0,0,0,0,2420,1,1
1788,0,2,1,1788,119146851,119183548,36697,3,2,0,0,0,0,0,2420,1,1
1789,0,2,4,1789,119198369,119227566,29197,2,1,0,0,0,0,0,2420,1,1
1790,0,2,0,1790,119242402,119280527,38125,3,1,1,0,0,0,0,2420,1,1
1791,0,2,1,1791,119295336,119324547,29211,2,1,0,0,0,0,0,2420,1,1
1792,0,2,2,1792,119339364,119392409,53045,5,3,1,0,0,0,0,2420,1,1
1793,0,2,0,1793,119407222,119428982,21760,1,0,0,0,0,0,0,2420,1,1
1794,0,2,2,1794,119443819,119507275,63456,6,2,3,0,0,0,0,2420,1,1
1795,0,2,2,1795,119522080,119552723,30643,2,0,1,0,0,0,0,2420,1,1
1796,0,2,1,1796,119567579,119630976,63397,6,2,3,0,0,0,0,2420,1,1
1797,0,2,2,1797,119645805,119675012,29207,2,1,0,0,0,0,0,2420,1,1
1798,0,2,3,1798,119689833,119735406,45573,4,2,1,0,0,0,0,2420,1,1
1799,0,2,4,1799,119750235,119780914,30679,2,0,1,0,0,0,0,2420,1,1
1800,0,2,2,1800,119795770,119874112,78342,8,4,3,0,0,0,0,2420,1,1
1801,0,2,2,1801,119888918,119953761,64843,6,1,4,0,0,0,0,2420,1,1
1802,0,2,2,1802,119968613,119999256,30643,2,0,1,0,0,0,0,2420,1,1
1803,0,2,4,1803,120014100,120080686,66586,7,6,0,0,0,0,0,2420,1,1
1804,0,2,0,1804,120095542,120117306,21764,1,0,0,0,0,0,0,2420,1,1
1805,0,2,4,1805,120132110,120153851,21741,1,0,0,0,0,0,0,2420,1,1
1806,0,2,4,1806,120168687,120230700,62013,6,3,2,0,0,0,0,2420,1,1
1807,0,2,4,1807,120245529,120285102,39573,3,0,2,0,0,0,0,2420,1,1
1808,0,2,2,1808,120299939,120330597,30658,2,0,1,0,0,0,0,2420,1,1
1809,0,2,0,1809,120345406,120374627,29221,2,1,0,0,0,0,0,2420,1,1
1810,0,2,0,1810,120389460,120411216,21756,1,0,0,0,0,0,0,2420,1,1
1811,0,2,4,1811,120426026,120447762,21736,1,0,0,0,0,0,0,2420,1,1
1812,0,2,4,1812,120462598,120500707,38109,3,1,1,0,0,0,0,2420,1,1
1813,0,2,1,1813,120515536,120570054,54518,5,2,2,0,0,0,0,2420,1,1
1814,0,2,4,1814,120584875,120624471,39596,3,0,2,0,0,0,0,2420,1,1
1815,0,2,3,1815,120639296,120677403,38107,3,1,1,0,0,0,0,2420,1,1
1816,0,2,0,1816,120692224,120745308,53084,5,3,1,0,0,0,0,2420,1,1
1817,0,2,0,1817,120760128,120790789,30661,2,0,1,0,0,0,0,2420,1,1
1818,0,2,3,1818,120805610,120875071,69461,7,4,2,0,0,0,0,2420,1,1
1819,0,2,1,1819,120889880,120927985,38105,3,1,1,0,0,0,0,2420,1,1
1820,0,2,3,1820,120942822,121006236,63414,6,2,3,0,0,0,0,2420,1,1
1821,0,2,1,1821,121021045,121081553,60508,6,4,1,0,0,0,0,2420,1,1
1822,0,2,1,1822,121096389,121118137,21748,1,0,0,0,0,0,0,2420,1,1
1823,0,2,4,1823,121132953,121178545,45592,4,2,1,0,0,0,0,2420,1,1
1824,0,2,3,1824,121193386,121231533,38147,3,1,1,0,0,0,0,2420,1,1
1825,0,2,3,1825,121246346,121268075,21729,1,0,0,0,0,0,0,2420,1,1
1826,0,2,3,1826,121282931,121440277,157346,18,11,6,0,0,0,0,2420,1,1
1827,0,2,1,1827,121455126,121491793,36667,3,2,0,0,0,0,0,2420,1,1
1828,0,2,0,1828,121506629,121528393,21764,1,0,0,0,0,0,0,2420,1,1
1829,0,2,3,1829,121543202,121579869,36667,3,2,0,0,0,0,0,2420,1,1
1830,0,2,4,1830,121594694,121623916,29222,2,1,0,0,0,0,0,2420,1,1
1831,0,2,2,1831,121638757,121675434,36677,3,2,0,0,0,0,0,2420,1,1
1832,0,2,3,1832,121690251,121712002,21751,1,0,0,0,0,0,0,2420,1,1
1833,0,2,1,1833,121726835,121781321,54486,5,2,2,0,0,0,0,2420,1,1
1834,0,2,1,1834,121796158,121817906,21748,1,0,0,0,0,0,0,2420,1,1
1835,0,2,2,1835,121832718,121854463,21745,1,0,0,0,0,0,0,2420,1,1
1836,0,2,2,1836,121869283,121908855,39572,3,0,2,0,0,0,0,2420,1,1
1837,0,2,4,1837,121923700,121978169,54469,5,2,2,0,0,0,0,2420,1,1
1838,0,2,4,1838,121993023,122040060,47037,4,1,2,0,0,0,0,2420,1,1
1839,0,2,3,1839,122054888,122094441,39553,3,0,2,0,0,0,0,2420,1,1
1840,0,2,0,1840,122109262,122131026,21764,1,0,0,0,0,0,0,2420,1,1
1841,0,2,2,1841,122145851,122222776,76925,8,5,2,0,0,0,0,2420,1,1
1842,0,2,3,1842,122237593,122277188,39595,3,0,2,0,0,0,0,2420,1,1
1843,0,2,3,1843,122292017,122322649,30632,2,0,1,0,0,0,0,2420,1,1
1844,0,2,1,1844,122337506,122389106,51600,5,4,0,0,0,0,0,2420,1,1
1845,0,2,0,1845,122403931,122434614,30683,2,0,1,0,0,0,0,2420,1,1
1846,0,2,0,1846,122449431,122618634,169203,19,9,9,0,0,0,0,2420,1,1
1847,0,2,3,1847,122633446,122662640,29194,2,1,0,0,0,0,0,2420,1,1
1848,0,2,0,1848,122677464,122699228,21764,1,0,0,0,0,0,0,2420,1,1
1849,0,2,2,1849,122714054,122744707,30653,2,0,1,0,0,0,0,2420,1,1
1850,0,2,3,1850,122759525,122805120,45595,4,2,1,0,0,0,0,2420,1,1
1851,0,2,4,1851,122819948,122899782,79834,8,3,4,0,0,0,0,2420,1,1
1852,0,2,3,1852,122914638,122978104,63466,6,2,3,0,0,0,0,2420,1,1
1853,0,2,4,1853,122992916,123014661,21745,1,0,0,0,0,0,0,2420,1,1
1854,0,2,3,1854,123029513,123115321,85808,9,5,3,0,0,0,0,2420,1,1
1855,0,2,3,1855,123130130,123159334,29204,2,1,0,0,0,0,0,2420,1,1
1856,0,2,1,1856,123174191,123230156,55965,5,1,3,0,0,0,0,2420,1,1
1857,0,2,0,1857,123244981,123266737,21756,1,0,0,0,0,0,0,2420,1,1
1858,0,2,3,1858,123281554,123327145,45591,4,2,1,0,0,0,0,2420,1,1
1859,0,2,3,1859,123341953,123405386,63433,6,2,3,0,0,0,0,2420,1,1
1860,0,2,3,1860,123420238,123458334,38096,3,1,1,0,0,0,0,2420,1,1
1861,0,2,0,1861,123473178,123511303,38125,3,1,1,0,0,0,0,2420,1,1
1862,0,2,0,1862,123526140,123595635,69495,7,4,2,0,0,0,0,2420,1,1
1863,0,2,2,1863,123610440,123681336,70896,7,3,3,0,0,0,0,2420,1,1
1864,0,2,2,1864,123696157,123817658,121501,13,5,7,0,0,0,0,2420,1,1
1865,0,2,2,1865,123832502,123870598,38096,3,1,1,0,0,0,0,2420,1,1
1866,0,2,2,1866,123885454,123971243,85789,9,5,3,0,0,0,0,2420,1,1
1867,0,2,2,1867,123986088,124042050,55962,5,1,3,0,0,0,0,2420,1,1
1868,0,2,2,1868,124056907,124103959,47052,4,1,2,0,0,0,0,2420,1,1
1869,0,2,0,1869,124118800,124140560,21760,1,0,0,0,0,0,0,2420,1,1
1870,0,2,1,1870,124155396,124192060,36664,3,2,0,0,0,0,0,2420,1,1
1871,0,2,3,1871,124206868,124276352,69484,7,4,2,0,0,0,0,2420,1,1
1872,0,2,4,1872,124291173,124371005,79832,8,3,4,0,0,0,0,2420,1,1
1873,0,2,0,1873,124385850,124432900,47050,4,1,2,0,0,0,0,2420,1,1
1874,0,2,3,1874,124447717,124493306,45589,4,2,1,0,0,0,0,2420,1,1
1875,0,2,1,1875,124508115,124529863,21748,1,0,0,0,0,0,0,2420,1,1
1876,0,2,1,1876,124544700,124615578,70878,7,3,3,0,0,0,0,2420,1,1
1877,0,2,2,1877,124630391,124652131,21740,1,0,0,0,0,0,0,2420,1,1
1878,0,2,3,1878,124666955,124711140,44185,4,3,0,0,0,0,0,2420,1,1
1879,0,2,0,1879,124725973,124785081,59108,6,5,0,0,0,0,0,2420,1,1
1880,0,2,3,1880,124799914,124830562,30648,2,0,1,0,0,0,0,2420,1,1
1881,0,2,0,1881,124845375,124953537,108162,12,8,3,0,0,0,0,2420,1,1
1882,0,2,1,1882,124968372,125006504,38132,3,1,1,0,0,0,0,2420,1,1
1883,0,2,1,1883,125021310,125043054,21744,1,0,0,0,0,0,0,2420,1,1
1884,0,2,0,1884,125057879,125113838,55959,5,1,3,0,0,0,0,2420,1,1
1885,0,2,3,1885,125128643,125150379,21736,1,0,0,0,0,0,0,2420,1,1
1886,0,2,2,1886,125165204,125195863,30659,2,0,1,0,0,0,0,2420,1,1
1887,0,2,1,1887,125210687,125232435,21748,1,0,0,0,0,0,0,2420,1,1
1888,0,2,2,1888,125247276,125283946,36670,3,2,0,0,0,0,0,2420,1,1
1889,0,2,3,1889,125298755,125354730,55975,5,1,3,0,0,0,0,2420,1,1
1890,0,2,2,1890,125369570,125407705,38135,3,1,1,0,0,0,0,2420,1,1
1891,0,2,0,1891,125422530,125459229,36699,3,2,0,0,0,0,0,2420,1,1
1892,0,2,3,1892,125474066,125510742,36676,3,2,0,0,0,0,0,2420,1,1
1893,0,2,3,1893,125525556,125563697,38141,3,1,1,0,0,0,0,2420,1,1
1894,0,2,0,1894,125578549,125640602,62053,6,3,2,0,0,0,0,2420,1,1
1895,0,2,1,1895,125655427,125706986,51559,5,4,0,0,0,0,0,2420,1,1
1896,0,2,0,1896,125721804,125752483,30679,2,0,1,0,0,0,0,2420,1,1
1897,0,2,4,1897,125767291,125844218,76927,8,5,2,0,0,0,0,2420,1,1
1898,0,2,4,1898,125859055,125907545,48490,4,0,3,0,0,0,0,2420,1,1
1899,0,2,3,1899,125922370,125960478,38108,3,1,1,0,0,0,0,2420,1,1
1900,0,2,4,1900,125975302,126088046,112744,13,11,1,0,0,0,0,2420,1,1
1901,0,2,1,1901,126102895,126124644,21749,1,0,0,0,0,0,0,2420,1,1
1902,0,2,4,1902,126139461,126161213,21752,1,0,0,0,0,0,0,2420,1,1
1903,0,2,3,1903,126176042,126197786,21744,1,0,0,0,0,0,0,2420,1,1
1904,0,2,2,1904,126212607,126265652,53045,5,3,1,0,0,0,0,2420,1,1
1905,0,2,4,1905,126280477,126364848,84371,9,6,2,0,0,0,0,2420,1,1
1906,0,2,3,1906,126379700,126401452,21752,1,0,0,0,0,0,0,2420,1,1
1907,0,2,3,1907,126416265,126437994,21729,1,0,0,0,0,0,0,2420,1,1
1908,0,2,3,1908,126452847,126520792,67945,7,5,1,0,0,0,0,2420,1,1
1909,0,2,0,1909,126535636,126573769,38133,3,1,1,0,0,0,0,2420,1,1
1910,0,2,4,1910,126588601,126635662,47061,4,1,2,0,0,0,0,2420,1,1
1911,0,2,1,1911,126650487,126672235,21748,1,0,0,0,0,0,0,2420,1,1
1912,0,2,0,1912,126687055,126708819,21764,1,0,0,0,0,0,0,2420,1,1
1913,0,2,3,1913,126723628,126799042,75414,8,6,1,0,0,0,0,2420,1,1
1914,0,2,0,1914,126813867,126868382,54515,5,2,2,0,0,0,0,2420,1,1
1915,0,2,0,1915,126883207,126913882,30675,2,0,1,0,0,0,0,2420,1,1
1916,0,2,1,1916,126928699,126950447,21748,1,0,0,0,0,0,0,2420,1,1
1917,0,2,0,1917,126965256,127034703,69447,7,4,2,0,0,0,0,2420,1,1
1918,0,2,0,1918,127049520,127071276,21756,1,0,0,0,0,0,0,2420,1,1
1919,0,2,2,1919,127086085,127107822,21737,1,0,0,0,0,0,0,2420,1,1
1920,0,2,4,1920,127122639,127166813,44174,4,3,0,0,0,0,0,2420,1,1
1921,0,2,4,1921,127181653,127307750,126097,14,8,5,0,0,0,0,2420,1,1
1922,0,2,0,1922,127322589,127351829,29240,2,1,0,0,0,0,0,2420,1,1
1923,0,2,4,1923,127366637,127388373,21736,1,0,0,0,0,0,0,2420,1,1
1924,0,2,3,1924,127403214,127424966,21752,1,0,0,0,0,0,0,2420,1,1
1925,0,2,2,1925,127439775,127503228,63453,6,2,3,0,0,0,0,2420,1,1
1926,0,2,1,1926,127518065,127547270,29205,2,1,0,0,0,0,0,2420,1,1
1927,0,2,4,1927,127562094,127591300,29206,2,1,0,0,0,0,0,2420,1,1
1928,0,2,4,1928,127606140,127744026,137886,15,6,8,0,0,0,0,2420,1,1
1929,0,2,3,1929,127758854,127780598,21744,1,0,0,0,0,0,0,2420,1,1
1930,0,2,0,1930,127795422,127848486,53064,5,3,1,0,0,0,0,2420,1,1
1931,0,2,2,1931,127863311,127911796,48485,4,0,3,0,0,0,0,2420,1,1
1932,0,2,3,1932,127926617,128106466,179849,21,14,6,0,0,0,0,2420,1,1
1933,0,2,0,1933,128121299,128177281,55982,5,1,3,0,0,0,0,2420,1,1
1934,0,2,4,1934,128192113,128312299,120186,13,7,4,0,1,0,0,2420,1,1
1935,0,2,0,1935,128327131,128374214,47083,4,1,2,0,0,0,0,2420,1,1
1936,0,2,3,1936,128389030,128462965,73935,7,2,3,0,1,0,0,2420,1,1
1937,0,2,3,1937,128477774,128508407,30633,2,0,1,0,0,0,0,2420,1,1
1938,0,2,4,1938,128523263,128601567,78304,8,4,3,0,0,0,0,2420,1,1
1939,0,2,2,1939,128616412,128645615,29203,2,1,0,0,0,0,0,2420,1,1
1940,0,2,4,1940,128660432,128738780,78348,8,4,3,0,0,0,0,2420,1,1
1941,0,2,1,1941,128753624,128799238,45614,4,2,1,0,0,0,0,2420,1,1
1942,0,2,3,1942,128814059,128843261,29202,2,1,0,0,0,0,0,2420,1,1
1943,0,2,3,1943,128858071,128934924,76853,8,5,2,0,0,0,0,2420,1,1
1944,0,2,1,1944,128949776,128978993,29217,2,1,0,0,0,0,0,2420,1,1
1945,0,2,3,1945,128993818,129031954,38136,3,1,1,0,0,0,0,2420,1,1
1946,0,2,4,1946,129046778,129084887,38109,3,1,1,0,0,0,0,2420,1,1
1947,0,2,2,1947,129099728,129154237,54509,5,2,2,0,0,0,0,2420,1,1
1948,0,2,4,1948,129169054,129190810,21756,1,0,0,0,0,0,0,2420,1,1
1949,0,2,4,1949,129205651,129242316,36665,3,2,0,0,0,0,0,2420,1,1
1950,0,2,1,1950,129257156,129304209,47053,4,1,2,0,0,0,0,2420,1,1
1951,0,2,1,1951,129319013,129380998,61985,6,3,2,0,0,0,0,2420,1,1
1952,0,2,1,1952,129395827,129417575,21748,1,0,0,0,0,0,0,2420,1,1
1953,0,2,1,1953,129432388,129485463,53075,5,3,1,0,0,0,0,2420,1,1
1954,0,2,3,1954,129500288,129522039,21751,1,0,0,0,0,0,0,2420,1,1
1955,0,2,0,1955,129536852,129624090,87238,9,4,4,0,0,0,0,2420,1,1
1956,0,2,2,1956,129638923,129660668,21745,1,0,0,0,0,0,0,2420,1,1
1957,0,2,3,1957,129675476,129712166,36690,3,2,0,0,0,0,0,2420,1,1
1958,0,2,1,1958,129727011,129812861,85850,9,5,3,0,0,0,0,2420,1,1
1959,0,2,0,1959,129827682,129953841,126159,14,8,5,0,0,0,0,2420,1,1
1960,0,2,3,1960,129968665,130014258,45593,4,2,1,0,0,0,0,2420,1,1
1961,0,2,3,1961,130029070,130099924,70854,7,3,3,0,0,0,0,2420,1,1
1962,0,2,2,1962,130114785,130144005,29220,2,1,0,0,0,0,0,2420,1,1
1963,0,2,1,1963,130158833,130188057,29224,2,1,0,0,0,0,0,2420,1,1
1964,0,2,4,1964,130202902,130266356,63454,6,2,3,0,0,0,0,2420,1,1
1965,0,2,3,1965,130281186,130376041,94855,10,6,2,0,1,0,0,2420,1,1
1966,0,2,0,1966,130390868,130420120,29252,2,1,0,0,0,0,0,2420,1,1
1967,0,2,0,1967,130434949,130473091,38142,3,1,1,0,0,0,0,2420,1,1
1968,0,2,1,1968,130487912,130527509,39597,3,0,2,0,0,0,0,2420,1,1
1969,0,2,0,1969,130542320,130571542,29222,2,1,0,0,0,0,0,2420,1,1
1970,0,2,4,1970,130586367,130608116,21749,1,0,0,0,0,0,0,2420,1,1
1971,0,2,0,1971,130622948,130766849,143901,16,8,7,0,0,0,0,2420,1,1
1972,0,2,1,1972,130781673,130834750,53077,5,3,1,0,0,0,0,2420,1,1
1973,0,2,0,1973,130849560,130871320,21760,1,0,0,0,0,0,0,2420,1,1
1974,0,2,1,1974,130886145,130924280,38135,3,1,1,0,0,0,0,2420,1,1
1975,0,2,0,1975,130939089,130968304,29215,2,1,0,0,0,0,0,2420,1,1
1976,0,2,3,1976,130983126,131004874,21748,1,0,0,0,0,0,0,2420,1,1
1977,0,2,0,1977,131019687,131071276,51589,5,4,0,0,0,0,0,2420,1,1
1978,0,2,2,1978,131086116,131124255,38139,3,1,1,0,0,0,0,2420,1,1
1979,0,2,2,1979,131139064,131208467,69403,7,4,2,0,0,0,0,2420,1,1
1980,0,2,2,1980,131223327,131310620,87293,9,4,4,0,0,0,0,2420,1,1
1981,0,2,4,1981,131325469,131510875,185406,20,4,15,0,0,0,0,2420,1,1
1982,0,2,3,1982,131525740,131562403,36663,3,2,0,0,0,0,0,2420,1,1
1983,0,2,2,1983,131577219,131598964,21745,1,0,0,0,0,0,0,2420,1,1
1984,0,2,3,1984,131613808,131651955,38147,3,1,1,0,0,0,0,2420,1,1
1985,0,2,4,1985,131666792,131695989,29197,2,1,0,0,0,0,0,2420,1,1
1986,0,2,2,1986,131710846,131732602,21756,1,0,0,0,0,0,0,2420,1,1
1987,0,2,1,1987,131747415,131769167,21752,1,0,0,0,0,0,0,2420,1,1
1988,0,2,2,1988,131784012,131813212,29200,2,1,0,0,0,0,0,2420,1,1
1989,0,2,4,1989,131828026,131849778,21752,1,0,0,0,0,0,0,2420,1,1
1990,0,2,2,1990,131864639,131926631,61992,6,3,2,0,0,0,0,2420,1,1
1991,0,2,3,1991,131941439,132036163,94724,10,5,4,0,0,0,0,2420,1,1
1992,0,2,0,1992,132051010,132072782,21772,1,0,0,0,0,0,0,2420,1,1
1993,0,2,1,1993,132087606,132124265,36659,3,2,0,0,0,0,0,2420,1,1
1994,0,2,1,1994,132139086,132178657,39571,3,0,2,0,0,0,0,2420,1,1
1995,0,2,4,1995,132193477,132249421,55944,5,1,3,0,0,0,0,2420,1,1
1996,0,2,2,1996,132264265,132373891,109626,12,7,4,0,0,0,0,2420,1,1
1997,0,2,0,1997,132388703,132458128,69425,7,4,2,0,0,0,0,2420,1,1
1998,0,2,3,1998,132472969,132509651,36682,3,2,0,0,0,0,0,2420,1,1
1999,0,2,0,1999,132524469,132585005,60536,6,4,1,0,0,0,0,2420,1,1
2000,0,8,1,2000,132599842,132654639,54797,5,2,2,0,0,0,0,2420,1,1
2001,0,8,0,2001,132669610,132741925,72315,7,2,4,0,0,0,0,2420,1,1
2002,0,8,4,2002,132756750,132794853,38103,3,1,1,0,0,0,0,2420,1,1
2003,0,8,0,2003,132809674,132838868,29194,2,1,0,0,0,0,0,2420,1,1
2004,0,8,0,2004,132853712,132890384,36672,3,2,0,0,0,0,0,2420,1,1
2005,0,8,4,2005,132905208,132977691,72483,7,3,2,0,1,0,0,2420,1,1
2006,0,8,0,2006,132992512,133038076,45564,4,2,1,0,0,0,0,2420,1,1
2007,0,8,4,2007,133052920,133168576,115656,13,9,3,0,0,0,0,2420,1,1
2008,0,8,4,2008,133183404,133337756,154352,18,13,4,0,0,0,0,2420,1,1
2009,0,8,3,2009,133352601,133420577,67976,7,5,1,0,0,0,0,2420,1,1
2010,0,8,4,2010,133435418,133492806,57388,5,0,4,0,0,0,0,2420,1,1
2011,0,8,4,2011,133507631,133554661,47030,4,1,2,0,0,0,0,2420,1,1
2012,0,8,1,2012,133569498,133631423,61925,6,3,2,0,0,0,0,2420,1,1
2013,0,8,4,2013,133646251,133691807,45556,4,2,1,0,0,0,0,2420,1,1
2014,0,8,1,2014,133706632,133744774,38142,3,1,1,0,0,0,0,2420,1,1
2015,0,8,2,2015,133759615,133790276,30661,2,0,1,0,0,0,0,2420,1,1
2016,0,8,4,2016,133805118,133844684,39566,3,0,2,0,0,0,0,2420,1,1
2017,0,8,3,2017,133859506,133899246,39740,3,1,0,0,1,0,0,2420,1,1
2018,0,8,1,2018,133914106,133935847,21741,1,0,0,0,0,0,0,2420,1,1
2019,0,8,1,2019,133950668,133979883,29215,2,1,0,0,0,0,0,2420,1,1
2020,0,8,2,2020,133994708,134073043,78335,8,4,3,0,0,0,0,2420,1,1
2021,0,8,3,2021,134087880,134109611,21731,1,0,0,0,0,0,0,2420,1,1
2022,0,8,4,2022,134124452,134146181,21729,1,0,0,0,0,0,0,2420,1,1
2023,0,8,1,2023,134161006,134182746,21740,1,0,0,0,0,0,0,2420,1,1
2024,0,8,0,2024,134197586,134219323,21737,1,0,0,0,0,0,0,2420,1,1
2025,0,8,0,2025,134234148,134264800,30652,2,0,1,0,0,0,0,2420,1,1
2026,0,8,1,2026,134279621,134510158,230537,27,17,8,0,1,0,0,2420,1,1
2027,0,8,2,2027,134524988,134546716,21728,1,0,0,0,0,0,0,2420,1,1
2028,0,8,0,2028,134561552,134583301,21749,1,0,0,0,0,0,0,2420,1,1
2029,0,8,2,2029,134598121,134667547,69426,7,4,2,0,0,0,0,2420,1,1
2030,0,8,3,2030,134682383,134735387,53004,5,3,1,0,0,0,0,2420,1,1
2031,0,8,2,2031,134750224,134789795,39571,3,0,2,0,0,0,0,2420,1,1
2032,0,8,0,2032,134804639,134835316,30677,2,0,1,0,0,0,0,2420,1,1
2033,0,8,1,2033,134850138,134901750,51612,5,4,0,0,0,0,0,2420,1,1
2034,0,8,0,2034,134916575,134945793,29218,2,1,0,0,0,0,0,2420,1,1
2035,0,8,4,2035,134960613,134989787,29174,2,1,0,0,0,0,0,2420,1,1
2036,0,8,4,2036,135004612,135035239,30627,2,0,1,0,0,0,0,2420,1,1
2037,0,8,3,2037,135050080,135098558,48478,4,0,3,0,0,0,0,2420,1,1
2038,0,8,0,2038,135113398,135142587,29189,2,1,0,0,0,0,0,2420,1,1
2039,0,8,4,2039,135157416,135188049,30633,2,0,1,0,0,0,0,2420,1,1
2040,0,8,3,2040,135202874,135311103,108229,12,8,3,0,0,0,0,2420,1,1
2041,0,8,2,2041,135325967,135355149,29182,2,1,0,0,0,0,0,2420,1,1
2042,0,8,3,2042,135369985,135451203,81218,8,2,5,0,0,0,0,2420,1,1
2043,0,8,1,2043,135466044,135487788,21744,1,0,0,0,0,0,0,2420,1,1
2044,0,8,1,2044,135502612,135613911,111299,12,7,3,0,1,0,0,2420,1,1
2045,0,8,2,2045,135628734,135709972,81238,8,2,5,0,0,0,0,2420,1,1
2046,0,8,1,2046,135724813,135746557,21744,1,0,0,0,0,0,0,2420,1,1
2047,0,8,3,2047,135761378,135783106,21728,1,0,0,0,0,0,0,2420,1,1
2048,0,8,1,2048,135797942,135843515,45573,4,2,1,0,0,0,0,2420,1,1
2049,0,8,0,2049,135858340,135887531,29191,2,1,0,0,0,0,0,2420,1,1
2050,0,8,2,2050,135902352,135940453,38101,3,1,1,0,0,0,0,2420,1,1
2051,0,8,1,2051,135955295,135991982,36687,3,2,0,0,0,0,0,2420,1,1
2052,0,8,2,2052,136006807,136028533,21726,1,0,0,0,0,0,0,2420,1,1
2053,0,8,4,2053,136043373,136072557,29184,2,1,0,0,0,0,0,2420,1,1
2054,0,8,2,2054,136087381,136118020,30639,2,0,1,0,0,0,0,2420,1,1
2055,0,8,1,2055,136132881,136269306,136425,15,7,7,0,0,0,0,2420,1,1
2056,0,8,0,2056,136284134,136323714,39580,3,0,2,0,0,0,0,2420,1,1
2057,0,8,2,2057,136338535,136369193,30658,2,0,1,0,0,0,0,2420,1,1
2058,0,8,4,2058,136384034,136420693,36659,3,2,0,0,0,0,0,2420,1,1
2059,0,8,2,2059,136435518,136464705,29187,2,1,0,0,0,0,0,2420,1,1
2060,0,8,1,2060,136479561,136526588,47027,4,1,2,0,0,0,0,2420,1,1
2061,0,8,2,2061,136541408,136579509,38101,3,1,1,0,0,0,0,2420,1,1
2062,0,8,2,2062,136594350,136651708,57358,5,0,4,0,0,0,0,2420,1,1
2063,0,8,4,2063,136666549,136695742,29193,2,1,0,0,0,0,0,2420,1,1
2064,0,8,3,2064,136710563,136739753,29190,2,1,0,0,0,0,0,2420,1,1
2065,0,8,2,2065,136754614,136830031,75417,8,6,1,0,0,0,0,2420,1,1
2066,0,8,3,2066,136844873,136896456,51583,5,4,0,0,0,0,0,2420,1,1
2067,0,8,3,2067,136911293,136940481,29188,2,1,0,0,0,0,0,2420,1,1
2068,0,8,1,2068,136955325,136984521,29196,2,1,0,0,0,0,0,2420,1,1
2069,0,8,2,2069,136999341,137037476,38135,3,1,1,0,0,0,0,2420,1,1
2070,0,8,3,2070,137052313,137074050,21737,1,0,0,0,0,0,0,2420,1,1
2071,0,8,2,2071,137088886,137110622,21736,1,0,0,0,0,0,0,2420,1,1
2072,0,8,3,2072,137125467,137154663,29196,2,1,0,0,0,0,0,2420,1,1
2073,0,8,1,2073,137169499,137206176,36677,3,2,0,0,0,0,0,2420,1,1
2074,0,8,2,2074,137221001,137259105,38104,3,1,1,0,0,0,0,2420,1,1
2075,0,8,1,2075,137273945,137295690,21745,1,0,0,0,0,0,0,2420,1,1
2076,0,8,0,2076,137310510,137363531,53021,5,3,1,0,0,0,0,2420,1,1
2077,0,8,2,2077,137378353,137415030,36677,3,2,0,0,0,0,0,2420,1,1
2078,0,8,3,2078,137429867,137467978,38111,3,1,1,0,0,0,0,2420,1,1
2079,0,8,4,2079,137482820,137504548,21728,1,0,0,0,0,0,0,2420,1,1
2080,0,8,2,2080,137519374,137548560,29186,2,1,0,0,0,0,0,2420,1,1
2081,0,8,3,2081,137563416,137622483,59067,6,5,0,0,0,0,0,2420,1,1
2082,0,8,2,2082,137637323,137666529,29206,2,1,0,0,0,0,0,2420,1,1
2083,0,8,4,2083,137681370,137710551,29181,2,1,0,0,0,0,0,2420,1,1
2084,0,8,4,2084,137725376,137754546,29170,2,1,0,0,0,0,0,2420,1,1
2085,0,8,4,2085,137769387,137806061,36674,3,2,0,0,0,0,0,2420,1,1
2086,0,8,2,2086,137820882,137951503,130621,14,6,6,0,1,0,0,2420,1,1
2087,0,8,0,2087,137966366,137988110,21744,1,0,0,0,0,0,0,2420,1,1
2088,0,8,3,2088,138002931,138024656,21725,1,0,0,0,0,0,0,2420,1,1
2089,0,8,4,2089,138039492,138070160,30668,2,0,1,0,0,0,0,2420,1,1
2090,0,8,0,2090,138084989,138121629,36640,3,2,0,0,0,0,0,2420,1,1
2091,0,8,3,2091,138136470,138213310,76840,8,5,2,0,0,0,0,2420,1,1
2092,0,8,3,2092,138228146,138357048,128902,14,6,7,0,0,0,0,2420,1,1
2093,0,8,2,2093,138371891,138439871,67980,7,5,1,0,0,0,0,2420,1,1
2094,0,8,3,2094,138454711,138524134,69423,7,4,2,0,0,0,0,2420,1,1
2095,0,8,3,2095,138538971,138577096,38125,3,1,1,0,0,0,0,2420,1,1
2096,0,8,0,2096,138591936,138640399,48463,4,0,3,0,0,0,0,2420,1,1
2097,0,8,2,2097,138655225,138676953,21728,1,0,0,0,0,0,0,2420,1,1
2098,0,8,3,2098,138691789,138728450,36661,3,2,0,0,0,0,0,2420,1,1
2099,0,8,2,2099,138743290,138772477,29187,2,1,0,0,0,0,0,2420,1,1
2100,0,8,3,2100,138787322,138817984,30662,2,0,1,0,0,0,0,2420,1,1
2101,0,8,0,2101,138832825,138870944,38119,3,1,1,0,0,0,0,2420,1,1
2102,0,8,0,2102,138885772,138922430,36658,3,2,0,0,0,0,0,2420,1,1
2103,0,8,3,2103,138937254,139023047,85793,9,5,3,0,0,0,0,2420,1,1
2104,0,8,0,2104,139037884,139084941,47057,4,1,2,0,0,0,0,2420,1,1
2105,0,8,2,2105,139099766,139130398,30632,2,0,1,0,0,0,0,2420,1,1
2106,0,8,1,2106,139145238,139199763,54525,5,2,2,0,0,0,0,2420,1,1
2107,0,8,4,2107,139214589,139252712,38123,3,1,1,0,0,0,0,2420,1,1
2108,0,8,1,2108,139267537,139289281,21744,1,0,0,0,0,0,0,2420,1,1
2109,0,8,2,2109,139304126,139349709,45583,4,2,1,0,0,0,0,2420,1,1
2110,0,8,0,2110,139364550,139395202,30652,2,0,1,0,0,0,0,2420,1,1
2111,0,8,1,2111,139410022,139463043,53021,5,3,1,0,0,0,0,2420,1,1
2112,0,8,2,2112,139477864,139499592,21728,1,0,0,0,0,0,0,2420,1,1
2113,0,8,4,2113,139514433,139561476,47043,4,1,2,0,0,0,0,2420,1,1
2114,0,8,2,2114,139576301,139598037,21736,1,0,0,0,0,0,0,2420,1,1
2115,0,8,1,2115,139612898,139634638,21740,1,0,0,0,0,0,0,2420,1,1
2116,0,8,4,2116,139649458,139671183,21725,1,0,0,0,0,0,0,2420,1,1
2117,0,8,1,2117,139686007,139715205,29198,2,1,0,0,0,0,0,2420,1,1
2118,0,8,3,2118,139730045,139799470,69425,7,4,2,0,0,0,0,2420,1,1
2119,0,8,3,2119,139814311,139836037,21726,1,0,0,0,0,0,0,2420,1,1
2120,0,8,1,2120,139850874,139881534,30660,2,0,1,0,0,0,0,2420,1,1
2121,0,8,4,2121,139896351,139918071,21720,1,0,0,0,0,0,0,2420,1,1
2122,0,8,4,2122,139932885,139954594,21709,1,0,0,0,0,0,0,2420,1,1
2123,0,8,1,2123,139969427,139991147,21720,1,0,0,0,0,0,0,2420,1,1
2124,0,8,1,2124,140005964,140044075,38111,3,1,1,0,0,0,0,2420,1,1
2125,0,8,1,2125,140058888,140080620,21732,1,0,0,0,0,0,0,2420,1,1
2126,0,8,2,2126,140095436,140132067,36631,3,2,0,0,0,0,0,2420,1,1
2127,0,8,0,2127,140146899,140185019,38120,3,1,1,0,0,0,0,2420,1,1
2128,0,8,0,2128,140199832,140237936,38104,3,1,1,0,0,0,0,2420,1,1
2129,0,8,1,2129,140252749,140366910,114161,12,5,5,0,1,0,0,2420,1,1
2130,0,8,2,2130,140381726,140434765,53039,5,3,1,0,0,0,0,2420,1,1
2131,0,8,0,2131,140449594,140471334,21740,1,0,0,0,0,0,0,2420,1,1
2132,0,8,1,2132,140486150,140507882,21732,1,0,0,0,0,0,0,2420,1,1
2133,0,8,4,2133,140522695,140577147,54452,5,2,2,0,0,0,0,2420,1,1
2134,0,8,1,2134,140591961,140613705,21744,1,0,0,0,0,0,0,2420,1,1
2135,0,8,0,2135,140628538,140683016,54478,5,2,2,0,0,0,0,2420,1,1
2136,0,8,0,2136,140697829,140761239,63410,6,2,3,0,0,0,0,2420,1,1
2137,0,8,2,2137,140776057,140797781,21724,1,0,0,0,0,0,0,2420,1,1
2138,0,8,4,2138,140812610,140834342,21732,1,0,0,0,0,0,0,2420,1,1
2139,0,8,3,2139,140849155,140870880,21725,1,0,0,0,0,0,0,2420,1,1
2140,0,8,2,2140,140885732,140907460,21728,1,0,0,0,0,0,0,2420,1,1
2141,0,8,0,2141,140922292,141011008,88716,9,3,5,0,0,0,0,2420,1,1
2142,0,8,0,2142,141025826,141098185,72359,7,2,4,0,0,0,0,2420,1,1
2143,0,8,1,2143,141113001,141134734,21733,1,0,0,0,0,0,0,2420,1,1
2144,0,8,3,2144,141149547,141178742,29195,2,1,0,0,0,0,0,2420,1,1
2145,0,8,1,2145,141193575,141224222,30647,2,0,1,0,0,0,0,2420,1,1
2146,0,8,3,2146,141239039,141260760,21721,1,0,0,0,0,0,0,2420,1,1
2147,0,8,3,2147,141275592,141297316,21724,1,0,0,0,0,0,0,2420,1,1
2148,0,8,3,2148,141312150,141333876,21726,1,0,0,0,0,0,0,2420,1,1
2149,0,8,4,2149,141348704,141379350,30646,2,0,1,0,0,0,0,2420,1,1
2150,0,8,4,2150,141394171,141415879,21708,1,0,0,0,0,0,0,2420,1,1
2151,0,8,1,2151,141430707,141461335,30628,2,0,1,0,0,0,0,2420,1,1
2152,0,8,2,2152,141476160,141506788,30628,2,0,1,0,0,0,0,2420,1,1
2153,0,8,2,2153,141521617,141552285,30668,2,0,1,0,0,0,0,2420,1,1
2154,0,8,0,2154,141567118,141603805,36687,3,2,0,0,0,0,0,2420,1,1
2155,0,8,3,2155,141618618,141673111,54493,5,2,2,0,0,0,0,2420,1,1
2156,0,8,4,2156,141687940,141760271,72331,7,2,4,0,0,0,0,2420,1,1
2157,0,8,2,2157,141775092,141804270,29178,2,1,0,0,0,0,0,2420,1,1
2158,0,8,0,2158,141819114,141909478,90364,10,8,1,0,0,0,0,2420,1,1
2159,0,8,3,2159,141924296,141946015,21719,1,0,0,0,0,0,0,2420,1,1
2160,0,8,0,2160,141960843,141982584,21741,1,0,0,0,0,0,0,2420,1,1
2161,0,8,3,2161,141997404,142019125,21721,1,0,0,0,0,0,0,2420,1,1
2162,0,8,4,2162,142033958,142092994,59036,6,5,0,0,0,0,0,2420,1,1
2163,0,8,3,2163,142107810,142138442,30632,2,0,1,0,0,0,0,2420,1,1
2164,0,8,3,2164,142153289,142191369,38080,3,1,1,0,0,0,0,2420,1,1
2165,0,8,2,2165,142206206,142317246,111040,12,6,5,0,0,0,0,2420,1,1
2166,0,8,1,2166,142332078,142370172,38094,3,1,1,0,0,0,0,2420,1,1
2167,0,8,3,2167,142384989,142455893,70904,7,3,3,0,0,0,0,2420,1,1
2168,0,8,3,2168,142470722,142537030,66308,6,0,5,0,0,0,0,2420,1,1
2169,0,8,3,2169,142551863,142581037,29174,2,1,0,0,0,0,0,2420,1,1
2170,0,8,1,2170,142595870,142617610,21740,1,0,0,0,0,0,0,2420,1,1
2171,0,8,0,2171,142632427,142663072,30645,2,0,1,0,0,0,0,2420,1,1
2172,0,8,1,2172,142677884,142716006,38122,3,1,1,0,0,0,0,2420,1,1
2173,0,8,4,2173,142730819,142761456,30637,2,0,1,0,0,0,0,2420,1,1
2174,0,8,1,2174,142776274,142814400,38126,3,1,1,0,0,0,0,2420,1,1
2175,0,8,1,2175,142829233,142874777,45544,4,2,1,0,0,0,0,2420,1,1
2176,0,8,0,2176,142889589,142927731,38142,3,1,1,0,0,0,0,2420,1,1
2177,0,8,1,2177,142942544,142964280,21736,1,0,0,0,0,0,0,2420,1,1
2178,0,8,0,2178,142979093,143000825,21732,1,0,0,0,0,0,0,2420,1,1
2179,0,8,3,2179,143015642,143052301,36659,3,2,0,0,0,0,0,2420,1,1
2180,0,8,3,2180,143067134,143123077,55943,5,1,3,0,0,0,0,2420,1,1
2181,0,8,1,2181,143137910,143177470,39560,3,0,2,0,0,0,0,2420,1,1
2182,0,8,3,2182,143192284,143236430,44146,4,3,0,0,0,0,0,2420,1,1
2183,0,8,4,2183,143251260,143272988,21728,1,0,0,0,0,0,0,2420,1,1
2184,0,8,3,2184,143287809,143324462,36653,3,2,0,0,0,0,0,2420,1,1
2185,0,8,2,2185,143339306,143408735,69429,7,4,2,0,0,0,0,2420,1,1
2186,0,8,2,2186,143423571,143452770,29199,2,1,0,0,0,0,0,2420,1,1
2187,0,8,2,2187,143467598,143489330,21732,1,0,0,0,0,0,0,2420,1,1
2188,0,8,4,2188,143504163,143542285,38122,3,1,1,0,0,0,0,2420,1,1
2189,0,8,1,2189,143557102,143610142,53040,5,3,1,0,0,0,0,2420,1,1
2190,0,8,3,2190,143624979,143655633,30654,2,0,1,0,0,0,0,2420,1,1
2191,0,8,1,2191,143670462,143722085,51623,5,4,0,0,0,0,0,2420,1,1
2192,0,8,3,2192,143736906,143798839,61933,6,3,2,0,0,0,0,2420,1,1
2193,0,8,2,2193,143813671,143866694,53023,5,3,1,0,0,0,0,2420,1,1
2194,0,8,2,2194,143881527,143903264,21737,1,0,0,0,0,0,0,2420,1,1
2195,0,8,2,2195,143918092,143974018,55926,5,1,3,0,0,0,0,2420,1,1
2196,0,8,0,2196,143988847,144056805,67958,7,5,1,0,0,0,0,2420,1,1
2197,0,8,0,2197,144071619,144139605,67986,7,5,1,0,0,0,0,2420,1,1
2198,0,8,2,2198,144154423,144264087,109664,12,7,4,0,0,0,0,2420,1,1
2199,0,8,2,2199,144278918,144309554,30636,2,0,1,0,0,0,0,2420,1,1
2200,0,8,3,2200,144324387,144346112,21725,1,0,0,0,0,0,0,2420,1,1
2201,0,8,4,2201,144360941,144382665,21724,1,0,0,0,0,0,0,2420,1,1
2202,0,8,1,2202,144397484,144435591,38107,3,1,1,0,0,0,0,2420,1,1
2203,0,8,1,2203,144450420,144542284,91864,10,7,2,0,0,0,0,2420,1,1
2204,0,8,3,2204,144557103,144578824,21721,1,0,0,0,0,0,0,2420,1,1
2205,0,8,0,2205,144593657,144615397,21740,1,0,0,0,0,0,0,2420,1,1
2206,0,8,4,2206,144630213,144721982,91769,10,7,2,0,0,0,0,2420,1,1
2207,0,8,2,2207,144736801,144782388,45587,4,2,1,0,0,0,0,2420,1,1
2208,0,8,3,2208,144797240,144818968,21728,1,0,0,0,0,0,0,2420,1,1
2209,0,8,3,2209,144833801,144871896,38095,3,1,1,0,0,0,0,2420,1,1
2210,0,8,2,2210,144886732,144915920,29188,2,1,0,0,0,0,0,2420,1,1
2211,0,8,0,2211,144930749,144952489,21740,1,0,0,0,0,0,0,2420,1,1
2212,0,8,1,2212,144967305,145100926,133621,15,9,5,0,0,0,0,2420,1,1
2213,0,8,1,2213,145115745,145217917,102172,11,6,4,0,0,0,0,2420,1,1
2214,0,8,2,2214,145232732,145270872,38140,3,1,1,0,0,0,0,2420,1,1
2215,0,8,4,2215,145285705,145323787,38082,3,1,1,0,0,0,0,2420,1,1
2216,0,8,3,2216,145338604,145403452,64848,6,1,4,0,0,0,0,2420,1,1
2217,0,8,1,2217,145418300,145440036,21736,1,0,0,0,0,0,0,2420,1,1
2218,0,8,0,2218,145454854,145594353,139499,16,11,4,0,0,0,0,2420,1,1
2219,0,8,0,2219,145609171,145654723,45552,4,2,1,0,0,0,0,2420,1,1
2220,0,8,0,2220,145669535,145698733,29198,2,1,0,0,0,0,0,2420,1,1
2221,0,8,1,2221,145713551,145735283,21732,1,0,0,0,0,0,0,2420,1,1
2222,0,8,3,2222,145750096,145822409,72313,7,2,4,0,0,0,0,2420,1,1
2223,0,8,1,2223,145837241,145867895,30654,2,0,1,0,0,0,0,2420,1,1
2224,0,8,2,2224,145882711,145999760,117049,13,8,4,0,0,0,0,2420,1,1
2225,0,8,4,2225,146014596,146113851,99255,11,8,2,0,0,0,0,2420,1,1
2226,0,8,0,2226,146128665,146150406,21741,1,0,0,0,0,0,0,2420,1,1
2227,0,8,1,2227,146165242,146283864,118622,13,7,5,0,0,0,0,2420,1,1
2228,0,8,2,2228,146298679,146320404,21725,1,0,0,0,0,0,0,2420,1,1
2229,0,8,2,2229,146335237,146397224,61987,6,3,2,0,0,0,0,2420,1,1
2230,0,8,3,2230,146412053,146484398,72345,7,2,4,0,0,0,0,2420,1,1
2231,0,8,4,2231,146499226,146650614,151388,17,9,7,0,0,0,0,2420,1,1
2232,0,8,0,2232,146665439,146687175,21736,1,0,0,0,0,0,0,2420,1,1
2233,0,8,1,2233,146702003,146731189,29186,2,1,0,0,0,0,0,2420,1,1
2234,0,8,2,2234,146746006,146775192,29186,2,1,0,0,0,0,0,2420,1,1
2235,0,8,2,2235,146790021,146819221,29200,2,1,0,0,0,0,0,2420,1,1
2236,0,8,0,2236,146834054,146872194,38140,3,1,1,0,0,0,0,2420,1,1
2237,0,8,4,2237,146887010,146908731,21721,1,0,0,0,0,0,0,2420,1,1
2238,0,8,3,2238,146923548,147024327,100779,11,7,3,0,0,0,0,2420,1,1
2239,0,8,0,2239,147039178,147075823,36645,3,2,0,0,0,0,0,2420,1,1
2240,0,8,3,2240,147090635,147112356,21721,1,0,0,0,0,0,0,2420,1,1
2241,0,8,0,2241,147127188,147148929,21741,1,0,0,0,0,0,0,2420,1,1
2242,0,8,2,2242,147163749,147207885,44136,4,3,0,0,0,0,0,2420,1,1
2243,0,8,3,2243,147222714,147244444,21730,1,0,0,0,0,0,0,2420,1,1
2244,0,8,2,2244,147259273,147328718,69445,7,4,2,0,0,0,0,2420,1,1
2245,0,8,1,2245,147343555,147503891,160336,18,9,8,0,0,0,0,2420,1,1
2246,0,8,3,2246,147518707,147547910,29203,2,1,0,0,0,0,0,2420,1,1
2247,0,8,3,2247,147562738,147593390,30652,2,0,1,0,0,0,0,2420,1,1
2248,0,8,3,2248,147608227,147644890,36663,3,2,0,0,0,0,0,2420,1,1
2249,0,8,2,2249,147659718,147708198,48480,4,0,3,0,0,0,0,2420,1,1
2250,0,8,2,2250,147723034,147791035,68001,7,5,1,0,0,0,0,2420,1,1
2251,0,8,4,2251,147805869,147879808,73939,7,2,3,0,1,0,0,2420,1,1
2252,0,8,1,2252,147894624,147916364,21740,1,0,0,0,0,0,0,2420,1,1
2253,0,8,2,2253,147931197,148005163,73966,8,7,0,0,0,0,0,2420,1,1
2254,0,8,1,2254,148019991,148056678,36687,3,2,0,0,0,0,0,2420,1,1
2255,0,8,4,2255,148071492,148124534,53042,5,3,1,0,0,0,0,2420,1,1
2256,0,8,4,2256,148139348,148223693,84345,9,6,2,0,0,0,0,2420,1,1
2257,0,8,4,2257,148238526,148267717,29191,2,1,0,0,0,0,0,2420,1,1
2258,0,8,1,2258,148282530,148304275,21745,1,0,0,0,0,0,0,2420,1,1
2259,0,8,1,2259,148319107,148348316,29209,2,1,0,0,0,0,0,2420,1,1
2260,0,8,0,2260,148363131,148422188,59057,6,5,0,0,0,0,0,2420,1,1
2261,0,8,2,2261,148437005,148476541,39536,3,0,2,0,0,0,0,2420,1,1
2262,0,8,1,2262,148491369,148513113,21744,1,0,0,0,0,0,0,2420,1,1
2263,0,8,1,2263,148527927,148601843,73916,7,2,3,0,1,0,0,2420,1,1
2264,0,8,4,2264,148616660,148653303,36643,3,2,0,0,0,0,0,2420,1,1
2265,0,8,1,2265,148668116,148706246,38130,3,1,1,0,0,0,0,2420,1,1
2266,0,8,3,2266,148721079,148811237,90158,9,2,6,0,0,0,0,2420,1,1
2267,0,8,2,2267,148826069,148871639,45570,4,2,1,0,0,0,0,2420,1,1
2268,0,8,1,2268,148886476,148951327,64851,6,1,4,0,0,0,0,2420,1,1
2269,0,8,4,2269,148966143,149035536,69393,7,4,2,0,0,0,0,2420,1,1
2270,0,8,2,2270,149050349,149079565,29216,2,1,0,0,0,0,0,2420,1,1
2271,0,8,0,2271,149094418,149165332,70914,7,3,3,0,0,0,0,2420,1,1
2272,0,8,0,2272,149180145,149251023,70878,7,3,3,0,0,0,0,2420,1,1
2273,0,8,2,2273,149265840,149287564,21724,1,0,0,0,0,0,0,2420,1,1
2274,0,8,0,2274,149302393,149331587,29194,2,1,0,0,0,0,0,2420,1,1
2275,0,8,1,2275,149346405,149497672,151267,17,9,7,0,0,0,0,2420,1,1
2276,0,8,2,2276,149512488,149534217,21729,1,0,0,0,0,0,0,2420,1,1
2277,0,8,4,2277,149549045,149587171,38126,3,1,1,0,0,0,0,2420,1,1
2278,0,8,1,2278,149601984,149623728,21744,1,0,0,0,0,0,0,2420,1,1
2279,0,8,2,2279,149638561,149693038,54477,5,2,2,0,0,0,0,2420,1,1
2280,0,8,0,2280,149707871,149762331,54460,5,2,2,0,0,0,0,2420,1,1
2281,0,8,3,2281,149777148,149798868,21720,1,0,0,0,0,0,0,2420,1,1
2282,0,8,4,2282,149813700,149883061,69361,7,4,2,0,0,0,0,2420,1,1
2283,0,8,4,2283,149897878,149962700,64822,6,1,4,0,0,0,0,2420,1,1
2284,0,8,1,2284,149977532,150170801,193269,22,13,6,0,2,0,0,2420,1,1
2285,0,8,2,2285,150185627,150207351,21724,1,0,0,0,0,0,0,2420,1,1
2286,0,8,1,2286,150222180,150303445,81265,8,2,5,0,0,0,0,2420,1,1
2287,0,8,4,2287,150318258,150362381,44123,4,3,0,0,0,0,0,2420,1,1
2288,0,8,3,2288,150377197,150407829,30632,2,0,1,0,0,0,0,2420,1,1
2289,0,8,4,2289,150422677,150444406,21729,1,0,0,0,0,0,0,2420,1,1
2290,0,8,0,2290,150459220,150489875,30655,2,0,1,0,0,0,0,2420,1,1
2291,0,8,2,2291,150504712,150678453,173741,20,12,7,0,0,0,0,2420,1,1
2292,0,8,3,2292,150693291,150764133,70842,7,3,3,0,0,0,0,2420,1,1
2293,0,8,0,2293,150778961,150809636,30675,2,0,1,0,0,0,0,2420,1,1
2294,0,8,4,2294,150824456,150950502,126046,14,8,5,0,0,0,0,2420,1,1
2295,0,8,2,2295,150965322,151051141,85819,9,5,3,0,0,0,0,2420,1,1
2296,0,8,0,2296,151065994,151087735,21741,1,0,0,0,0,0,0,2420,1,1
2297,0,8,4,2297,151102547,151131739,29192,2,1,0,0,0,0,0,2420,1,1
2298,0,8,2,2298,151146556,151168288,21732,1,0,0,0,0,0,0,2420,1,1
2299,0,8,1,2299,151183139,151213794,30655,2,0,1,0,0,0,0,2420,1,1
2300,0,8,4,2300,151228607,151268168,39561,3,0,2,0,0,0,0,2420,1,1
2301,0,8,0,2301,151282985,151321085,38100,3,1,1,0,0,0,0,2420,1,1
2302,0,8,4,2302,151335923,151357643,21720,1,0,0,0,0,0,0,2420,1,1
2303,0,8,2,2303,151372455,151394192,21737,1,0,0,0,0,0,0,2420,1,1
2304,0,8,1,2304,151409040,151482906,73866,7,1,5,0,0,0,0,2420,1,1
2305,0,8,2,2305,151497719,151541809,44090,4,3,0,0,0,0,0,2420,1,1
2306,0,8,1,2306,151556642,151593315,36673,3,2,0,0,0,0,0,2420,1,1
2307,0,8,3,2307,151608128,151677711,69583,7,5,0,0,1,0,0,2420,1,1
2308,0,8,3,2308,151692540,151770878,78338,8,4,3,0,0,0,0,2420,1,1
2309,0,8,3,2309,151785715,151831281,45566,4,2,1,0,0,0,0,2420,1,1
2310,0,8,3,2310,151846114,151867838,21724,1,0,0,0,0,0,0,2420,1,1
2311,0,8,2,2311,151882670,152029406,146736,16,6,9,0,0,0,0,2420,1,1
2312,0,8,0,2312,152044245,152074888,30643,2,0,1,0,0,0,0,2420,1,1
2313,0,8,1,2313,152089700,152126352,36652,3,2,0,0,0,0,0,2420,1,1
2314,0,8,4,2314,152141164,152195633,54469,5,2,2,0,0,0,0,2420,1,1
2315,0,8,4,2315,152210445,152278377,67932,7,5,1,0,0,0,0,2420,1,1
2316,0,8,2,2316,152293210,152331308,38098,3,1,1,0,0,0,0,2420,1,1
2317,0,8,4,2317,152346141,152367869,21728,1,0,0,0,0,0,0,2420,1,1
2318,0,8,0,2318,152382682,152413341,30659,2,0,1,0,0,0,0,2420,1,1
2319,0,8,1,2319,152428174,152488653,60479,6,4,1,0,0,0,0,2420,1,1
2320,0,8,3,2320,152503469,152541557,38088,3,1,1,0,0,0,0,2420,1,1
2321,0,8,4,2321,152556390,152578114,21724,1,0,0,0,0,0,0,2420,1,1
2322,0,8,1,2322,152592934,152671236,78302,8,4,3,0,0,0,0,2420,1,1
2323,0,8,2,2323,152686070,152737642,51572,5,4,0,0,0,0,0,2420,1,1
2324,0,8,3,2324,152752470,152798035,45565,4,2,1,0,0,0,0,2420,1,1
2325,0,8,3,2325,152812867,152834591,21724,1,0,0,0,0,0,0,2420,1,1
2326,0,8,2,2326,152849424,152871153,21729,1,0,0,0,0,0,0,2420,1,1
2327,0,8,2,2327,152885985,152934458,48473,4,0,3,0,0,0,0,2420,1,1
2328,0,8,3,2328,152949287,152971015,21728,1,0,0,0,0,0,0,2420,1,1
2329,0,8,1,2329,152985847,153016494,30647,2,0,1,0,0,0,0,2420,1,1
2330,0,8,3,2330,153031311,153060490,29179,2,1,0,0,0,0,0,2420,1,1
2331,0,8,4,2331,153075323,153111957,36634,3,2,0,0,0,0,0,2420,1,1
2332,0,8,0,2332,153126777,153148513,21736,1,0,0,0,0,0,0,2420,1,1
2333,0,8,2,2333,153163346,153194002,30656,2,0,1,0,0,0,0,2420,1,1
2334,0,8,1,2334,153208830,153297576,88746,9,3,5,0,0,0,0,2420,1,1
2335,0,8,2,2335,153312389,153422005,109616,12,7,4,0,0,0,0,2420,1,1
2336,0,8,3,2336,153436842,153501722,64880,6,1,4,0,0,0,0,2420,1,1
2337,0,8,2,2337,153516555,153636592,120037,13,6,6,0,0,0,0,2420,1,1
2338,0,8,4,2338,153651428,153689546,38118,3,1,1,0,0,0,0,2420,1,1
2339,0,8,2,2339,153704363,153748513,44150,4,3,0,0,0,0,0,2420,1,1
2340,0,8,2,2340,153763366,153792549,29183,2,1,0,0,0,0,0,2420,1,1
2341,0,8,1,2341,153807381,153836589,29208,2,1,0,0,0,0,0,2420,1,1
2342,0,8,3,2342,153851402,154087825,236423,28,18,9,0,0,0,0,2420,1,1
2343,0,8,4,2343,154102658,154142187,39529,3,0,2,0,0,0,0,2420,1,1
2344,0,8,0,2344,154157012,154202576,45564,4,2,1,0,0,0,0,2420,1,1
2345,0,8,0,2345,154217409,154248074,30665,2,0,1,0,0,0,0,2420,1,1
2346,0,8,4,2346,154262891,154390397,127506,14,7,6,0,0,0,0,2420,1,1
2347,0,8,4,2347,154405217,154459666,54449,5,2,2,0,0,0,0,2420,1,1
2348,0,8,0,2348,154474503,154512596,38093,3,1,1,0,0,0,0,2420,1,1
2349,0,8,1,2349,154527412,154556593,29181,2,1,0,0,0,0,0,2420,1,1
2350,0,8,0,2350,154571406,154600614,29208,2,1,0,0,0,0,0,2420,1,1
2351,0,8,1,2351,154615431,154637163,21732,1,0,0,0,0,0,0,2420,1,1
2352,0,8,2,2352,154651976,154682625,30649,2,0,1,0,0,0,0,2420,1,1
2353,0,8,0,2353,154697458,154735583,38125,3,1,1,0,0,0,0,2420,1,1
2354,0,8,0,2354,154750396,154787082,36686,3,2,0,0,0,0,0,2420,1,1
2355,0,8,0,2355,154801894,154832541,30647,2,0,1,0,0,0,0,2420,1,1
2356,0,8,1,2356,154847358,154869090,21732,1,0,0,0,0,0,0,2420,1,1
2357,0,8,2,2357,154883907,154914535,30628,2,0,1,0,0,0,0,2420,1,1
2358,0,8,0,2358,154929364,155007687,78323,8,4,3,0,0,0,0,2420,1,1
2359,0,8,3,2359,155022500,155044224,21724,1,0,0,0,0,0,0,2420,1,1
2360,0,8,0,2360,155059053,155106095,47042,4,1,2,0,0,0,0,2420,1,1
2361,0,8,3,2361,155120913,155142633,21720,1,0,0,0,0,0,0,2420,1,1
2362,0,8,1,2362,155157465,155179206,21741,1,0,0,0,0,0,0,2420,1,1
2363,0,8,1,2363,155194027,155327514,133487,15,9,5,0,0,0,0,2420,1,1
2364,0,8,0,2364,155342331,155371517,29186,2,1,0,0,0,0,0,2420,1,1
2365,0,8,1,2365,155386334,155408067,21733,1,0,0,0,0,0,0,2420,1,1
2366,0,8,1,2366,155422881,155461011,38130,3,1,1,0,0,0,0,2420,1,1
2367,0,8,3,2367,155475828,155582289,106461,11,3,7,0,0,0,0,2420,1,1
2368,0,8,0,2368,155597124,155618864,21740,1,0,0,0,0,0,0,2420,1,1
2369,0,8,4,2369,155633685,155710506,76821,8,5,2,0,0,0,0,2420,1,1
2370,0,8,2,2370,155725323,155823148,97825,11,9,1,0,0,0,0,2420,1,1
2371,0,8,2,2371,155837998,155885040,47042,4,1,2,0,0,0,0,2420,1,1
2372,0,8,1,2372,155899869,155946923,47054,4,1,2,0,0,0,0,2420,1,1
2373,0,8,3,2373,155961737,156038620,76883,8,5,2,0,0,0,0,2420,1,1
2374,0,8,0,2374,156053452,156114009,60557,6,4,1,0,0,0,0,2420,1,1
2375,0,8,1,2375,156128826,156159485,30659,2,0,1,0,0,0,0,2420,1,1
2376,0,8,3,2376,156174306,156210952,36646,3,2,0,0,0,0,0,2420,1,1
2377,0,8,0,2377,156225784,156262439,36655,3,2,0,0,0,0,0,2420,1,1
2378,0,8,0,2378,156277260,156364502,87242,9,4,4,0,0,0,0,2420,1,1
2379,0,8,1,2379,156379316,156415974,36658,3,2,0,0,0,0,0,2420,1,1
2380,0,8,4,2380,156430788,156452508,21720,1,0,0,0,0,0,0,2420,1,1
2381,0,8,3,2381,156467325,156538243,70918,7,3,3,0,0,0,0,2420,1,1
2382,0,8,0,2382,156553095,156597219,44124,4,3,0,0,0,0,0,2420,1,1
2383,0,8,3,2383,156612032,156642671,30639,2,0,1,0,0,0,0,2420,1,1
2384,0,8,1,2384,156657501,156694196,36695,3,2,0,0,0,0,0,2420,1,1
2385,0,8,1,2385,156709012,156764992,55980,5,1,3,0,0,0,0,2420,1,1
2386,0,8,2,2386,156779805,156917629,137824,15,6,8,0,0,0,0,2420,1,1
2387,0,8,4,2387,156932461,156961667,29206,2,1,0,0,0,0,0,2420,1,1
2388,0,8,2,2388,156976483,157016067,39584,3,0,2,0,0,0,0,2420,1,1
2389,0,8,4,2389,157030915,157052643,21728,1,0,0,0,0,0,0,2420,1,1
2390,0,8,2,2390,157067460,157098125,30665,2,0,1,0,0,0,0,2420,1,1
2391,0,8,0,2391,157112977,157134717,21740,1,0,0,0,0,0,0,2420,1,1
2392,0,8,3,2392,157149530,157187642,38112,3,1,1,0,0,0,0,2420,1,1
2393,0,8,4,2393,157202471,157271901,69430,7,4,2,0,0,0,0,2420,1,1
2394,0,8,3,2394,157286722,157317350,30628,2,0,1,0,0,0,0,2420,1,1
2395,0,8,0,2395,157332195,157377778,45583,4,2,1,0,0,0,0,2420,1,1
2396,0,8,4,2396,157392596,157453111,60515,6,4,1,0,0,0,0,2420,1,1
2397,0,8,2,2397,157467924,157489656,21732,1,0,0,0,0,0,0,2420,1,1
2398,0,8,0,2398,157504508,157541173,36665,3,2,0,0,0,0,0,2420,1,1
2399,0,8,0,2399,157555990,157577723,21733,1,0,0,0,0,0,0,2420,1,1
2400,0,8,0,2400,157592536,157670865,78329,8,4,3,0,0,0,0,2420,1,1
2401,0,8,4,2401,157685682,157714866,29184,2,1,0,0,0,0,0,2420,1,1
2402,0,8,1,2402,157729679,157846809,117130,13,8,4,0,0,0,0,2420,1,1
2403,0,8,0,2403,157861644,158017558,155914,18,12,5,0,0,0,0,2420,1,1
2404,0,8,0,2404,158032376,158063038,30662,2,0,1,0,0,0,0,2420,1,1
2405,0,8,4,2405,158077851,158138345,60494,6,4,1,0,0,0,0,2420,1,1
2406,0,8,1,2406,158153161,158241865,88704,9,3,5,0,0,0,0,2420,1,1
2407,0,8,0,2407,158256701,158278433,21732,1,0,0,0,0,0,0,2420,1,1
2408,0,8,0,2408,158293255,158314988,21733,1,0,0,0,0,0,0,2420,1,1
2409,0,8,2,2409,158329800,158375377,45577,4,2,1,0,0,0,0,2420,1,1
2410,0,8,0,2410,158390207,158470006,79799,8,3,4,0,0,0,0,2420,1,1
2411,0,8,4,2411,158484824,158540751,55927,5,1,3,0,0,0,0,2420,1,1
2412,0,8,2,2412,158555568,158595139,39571,3,0,2,0,0,0,0,2420,1,1
2413,0,8,1,2413,158609988,158663057,53069,5,3,1,0,0,0,0,2420,1,1
2414,0,8,3,2414,158677871,158732370,54499,5,2,2,0,0,0,0,2420,1,1
2415,0,8,0,2415,158747203,158791312,44109,4,3,0,0,0,0,0,2420,1,1
2416,0,8,4,2416,158806133,158853121,46988,4,1,2,0,0,0,0,2420,1,1
2417,0,8,3,2417,158867935,158898587,30652,2,0,1,0,0,0,0,2420,1,1
2418,0,8,4,2418,158913440,158951527,38087,3,1,1,0,0,0,0,2420,1,1
2419,0,8,0,2419,158966345,158988085,21740,1,0,0,0,0,0,0,2420,1,1
2420,0,8,4,2420,159002921,159057440,54519,5,2,2,0,0,0,0,2420,1,1
2421,0,8,3,2421,159072253,159093981,21728,1,0,0,0,0,0,0,2420,1,1
2422,0,8,2,2422,159108829,159130557,21728,1,0,0,0,0,0,0,2420,1,1
2423,0,8,4,2423,159145390,159174589,29199,2,1,0,0,0,0,0,2420,1,1
2424,0,8,2,2424,159189402,159234998,45596,4,2,1,0,0,0,0,2420,1,1
2425,0,8,3,2425,159249847,159271575,21728,1,0,0,0,0,0,0,2420,1,1
2426,0,8,2,2426,159286404,159308136,21732,1,0,0,0,0,0,0,2420,1,1
2427,0,8,2,2427,159322972,159344705,21733,1,0,0,0,0,0,0,2420,1,1
2428,0,8,0,2428,159359533,159397669,38136,3,1,1,0,0,0,0,2420,1,1
2429,0,8,0,2429,159412482,159475863,63381,6,2,3,0,0,0,0,2420,1,1
2430,0,8,1,2430,159490675,159552625,61950,6,3,2,0,0,0,0,2420,1,1
2431,0,8,4,2431,159567441,159598067,30626,2,0,1,0,0,0,0,2420,1,1
2432,0,8,4,2432,159612881,159634590,21709,1,0,0,0,0,0,0,2420,1,1
2433,0,8,0,2433,159649423,159701000,51577,5,4,0,0,0,0,0,2420,1,1
2434,0,8,3,2434,159715817,159768851,53034,5,3,1,0,0,0,0,2420,1,1
2435,0,8,4,2435,159783684,159823424,39740,3,1,0,0,1,0,0,2420,1,1
2436,0,8,0,2436,159838241,159915149,76908,8,5,2,0,0,0,0,2420,1,1
2437,0,8,0,2437,159929978,159968096,38118,3,1,1,0,0,0,0,2420,1,1
2438,0,8,3,2438,159982913,160004630,21717,1,0,0,0,0,0,0,2420,1,1
2439,0,8,4,2439,160019459,160041183,21724,1,0,0,0,0,0,0,2420,1,1
2440,0,8,0,2440,160056008,160094112,38104,3,1,1,0,0,0,0,2420,1,1
2441,0,8,2,2441,160108940,160197653,88713,9,3,5,0,0,0,0,2420,1,1
2442,0,8,2,2442,160212481,160265517,53036,5,3,1,0,0,0,0,2420,1,1
2443,0,8,1,2443,160280346,160317023,36677,3,2,0,0,0,0,0,2420,1,1
2444,0,8,2,2444,160331836,160353565,21729,1,0,0,0,0,0,0,2420,1,1
2445,0,8,2,2445,160368393,160442148,73755,7,1,5,0,0,0,0,2420,1,1
2446,0,8,2,2446,160456981,160510040,53059,5,3,1,0,0,0,0,2420,1,1
2447,0,8,3,2447,160524873,160546601,21728,1,0,0,0,0,0,0,2420,1,1
2448,0,8,0,2448,160561430,160626329,64899,6,1,4,0,0,0,0,2420,1,1
2449,0,8,2,2449,160641146,160726956,85810,9,5,3,0,0,0,0,2420,1,1
2450,0,8,0,2450,160741785,160763529,21744,1,0,0,0,0,0,0,2420,1,1
2451,0,8,0,2451,160778342,160825342,47000,4,1,2,0,0,0,0,2420,1,1
2452,0,8,3,2452,160840155,160876806,36651,3,2,0,0,0,0,0,2420,1,1
2453,0,8,0,2453,160891634,160920834,29200,2,1,0,0,0,0,0,2420,1,1
2454,0,8,4,2454,160935656,160957377,21721,1,0,0,0,0,0,0,2420,1,1
2455,0,8,0,2455,160972190,161025254,53064,5,3,1,0,0,0,0,2420,1,1
2456,0,8,1,2456,161040086,161109492,69406,7,4,2,0,0,0,0,2420,1,1
2457,0,8,4,2457,161124309,161171306,46997,4,1,2,0,0,0,0,2420,1,1
2458,0,8,3,2458,161186123,161207847,21724,1,0,0,0,0,0,0,2420,1,1
2459,0,8,4,2459,161222696,161266826,44130,4,3,0,0,0,0,0,2420,1,1
2460,0,8,3,2460,161281639,161303368,21729,1,0,0,0,0,0,0,2420,1,1
2461,0,8,0,2461,161318216,161339953,21737,1,0,0,0,0,0,0,2420,1,1
2462,0,8,4,2462,161354770,161391418,36648,3,2,0,0,0,0,0,2420,1,1
2463,0,8,2,2463,161406235,161445801,39566,3,0,2,0,0,0,0,2420,1,1
2464,0,8,3,2464,161460649,161513688,53039,5,3,1,0,0,0,0,2420,1,1
2465,0,8,0,2465,161528516,161583015,54499,5,2,2,0,0,0,0,2420,1,1
2466,0,8,3,2466,161597831,161637384,39553,3,0,2,0,0,0,0,2420,1,1
2467,0,8,3,2467,161652213,161741049,88836,9,4,3,0,1,0,0,2420,1,1
2468,0,8,0,2468,161755886,161808952,53066,5,3,1,0,0,0,0,2420,1,1
2469,0,8,1,2469,161823769,161861888,38119,3,1,1,0,0,0,0,2420,1,1
2470,0,8,0,2470,161876704,161923715,47011,4,1,2,0,0,0,0,2420,1,1
2471,0,8,1,2471,161938528,161967719,29191,2,1,0,0,0,0,0,2420,1,1
2472,0,8,0,2472,161982536,162004273,21737,1,0,0,0,0,0,0,2420,1,1
2473,0,8,4,2473,162019086,162040806,21720,1,0,0,0,0,0,0,2420,1,1
2474,0,8,0,2474,162055623,162237036,181413,22,19,2,0,0,0,0,2420,1,1
2475,0,8,3,2475,162251873,162273598,21725,1,0,0,0,0,0,0,2420,1,1
2476,0,8,0,2476,162288427,162344428,56001,5,1,3,0,0,0,0,2420,1,1
2477,0,8,0,2477,162359244,162395912,36668,3,2,0,0,0,0,0,2420,1,1
2478,0,8,2,2478,162410724,162432449,21725,1,0,0,0,0,0,0,2420,1,1
2479,0,8,2,2479,162447281,162477928,30647,2,0,1,0,0,0,0,2420,1,1
2480,0,8,4,2480,162492760,162514489,21729,1,0,0,0,0,0,0,2420,1,1
2481,0,8,0,2481,162529302,162746343,217041,25,14,9,0,1,0,0,2420,1,1
2482,0,8,4,2482,162761181,162809651,48470,4,0,3,0,0,0,0,2420,1,1
2483,0,8,4,2483,162824468,162953360,128892,14,6,7,0,0,0,0,2420,1,1
2484,0,8,0,2484,162968196,163030173,61977,6,3,2,0,0,0,0,2420,1,1
2485,0,8,4,2485,163044990,163120488,75498,8,6,1,0,0,0,0,2420,1,1
2486,0,8,2,2486,163135305,163207798,72493,7,3,2,0,1,0,0,2420,1,1
2487,0,8,4,2487,163222646,163284606,61960,6,3,2,0,0,0,0,2420,1,1
2488,0,8,0,2488,163299419,163377775,78356,8,4,3,0,0,0,0,2420,1,1
2489,0,8,2,2489,163392608,163447133,54525,5,2,2,0,0,0,0,2420,1,1
2490,0,8,2,2490,163461961,163507551,45590,4,2,1,0,0,0,0,2420,1,1
2491,0,8,3,2491,163522379,163544112,21733,1,0,0,0,0,0,0,2420,1,1
2492,0,8,2,2492,163558940,163588123,29183,2,1,0,0,0,0,0,2420,1,1
2493,0,8,3,2493,163602959,163624688,21729,1,0,0,0,0,0,0,2420,1,1
2494,0,8,0,2494,163639516,163661256,21740,1,0,0,0,0,0,0,2420,1,1
2495,0,8,4,2495,163676077,163727673,51596,5,4,0,0,0,0,0,2420,1,1
2496,0,8,4,2496,163742486,163795533,53047,5,3,1,0,0,0,0,2420,1,1
2497,0,8,3,2497,163810365,163870852,60487,6,4,1,0,0,0,0,2420,1,1
2498,0,8,1,2498,163885685,163923807,38122,3,1,1,0,0,0,0,2420,1,1
2499,0,8,3,2499,163938623,164003464,64841,6,1,4,0,0,0,0,2420,1,1
2500,0,8,0,2500,164018293,164047504,29211,2,1,0,0,0,0,0,2420,1,1
2501,0,8,0,2501,164062322,164084059,21737,1,0,0,0,0,0,0,2420,1,1
2502,0,8,4,2502,164098872,164120592,21720,1,0,0,0,0,0,0,2420,1,1
2503,0,8,0,2503,164135409,164166079,30670,2,0,1,0,0,0,0,2420,1,1
2504,0,8,1,2504,164180915,164217574,36659,3,2,0,0,0,0,0,2420,1,1
2505,0,8,4,2505,164232387,164343419,111032,12,6,5,0,0,0,0,2420,1,1
2506,0,8,1,2506,164358235,164403791,45556,4,2,1,0,0,0,0,2420,1,1
2507,0,8,0,2507,164418623,164498404,79781,8,3,4,0,0,0,0,2420,1,1
2508,0,8,3,2508,164513218,164534939,21721,1,0,0,0,0,0,0,2420,1,1
2509,0,8,1,2509,164549768,164578995,29227,2,1,0,0,0,0,0,2420,1,1
2510,0,8,4,2510,164593816,164692862,99046,10,2,7,0,0,0,0,2420,1,1
2511,0,8,0,2511,164707676,164762172,54496,5,2,2,0,0,0,0,2420,1,1
2512,0,8,4,2512,164777008,164828577,51569,5,4,0,0,0,0,0,2420,1,1
2513,0,8,1,2513,164843393,164865134,21741,1,0,0,0,0,0,0,2420,1,1
2514,0,8,1,2514,164879966,164901698,21732,1,0,0,0,0,0,0,2420,1,1
2515,0,8,1,2515,164916516,164977050,60534,6,4,1,0,0,0,0,2420,1,1
2516,0,8,0,2516,164991863,165056750,64887,6,1,4,0,0,0,0,2420,1,1
2517,0,8,1,2517,165071563,165100781,29218,2,1,0,0,0,0,0,2420,1,1
2518,0,8,1,2518,165115598,165168634,53036,5,3,1,0,0,0,0,2420,1,1
2519,0,8,3,2519,165183451,165212634,29183,2,1,0,0,0,0,0,2420,1,1
2520,0,8,4,2520,165227467,165280504,53037,5,3,1,0,0,0,0,2420,1,1
2521,0,8,4,2521,165295324,165317033,21709,1,0,0,0,0,0,0,2420,1,1
2522,0,8,3,2522,165331861,165353574,21713,1,0,0,0,0,0,0,2420,1,1
2523,0,8,2,2523,165368406,165421459,53053,5,3,1,0,0,0,0,2420,1,1
2524,0,8,1,2524,165436292,165458032,21740,1,0,0,0,0,0,0,2420,1,1
2525,0,8,2,2525,165472847,165494571,21724,1,0,0,0,0,0,0,2420,1,1
2526,0,8,4,2526,165509400,165569875,60475,6,4,1,0,0,0,0,2420,1,1
2527,0,8,1,2527,165584692,165606432,21740,1,0,0,0,0,0,0,2420,1,1
2528,0,8,3,2528,165621265,165659346,38081,3,1,1,0,0,0,0,2420,1,1
2529,0,8,1,2529,165674179,165712300,38121,3,1,1,0,0,0,0,2420,1,1
2530,0,8,4,2530,165727120,165748841,21721,1,0,0,0,0,0,0,2420,1,1
2531,0,8,2,2531,165763658,165834515,70857,7,3,3,0,0,0,0,2420,1,1
2532,0,8,0,2532,165849363,165920220,70857,7,3,3,0,0,0,0,2420,1,1
2533,0,8,4,2533,165935037,165994049,59012,6,5,0,0,0,0,0,2420,1,1
2534,0,8,2,2534,166008862,166030594,21732,1,0,0,0,0,0,0,2420,1,1
2535,0,8,1,2535,166045447,166098483,53036,5,3,1,0,0,0,0,2420,1,1
2536,0,8,4,2536,166113304,166143926,30622,2,0,1,0,0,0,0,2420,1,1
2537,0,8,2,2537,166158739,166241695,82956,9,7,1,0,0,0,0,2420,1,1
2538,0,8,4,2538,166256547,166287189,30642,2,0,1,0,0,0,0,2420,1,1
2539,0,8,0,2539,166302001,166338693,36692,3,2,0,0,0,0,0,2420,1,1
2540,0,8,0,2540,166353530,166414047,60517,6,4,1,0,0,0,0,2420,1,1
2541,0,8,2,2541,166428860,166450584,21724,1,0,0,0,0,0,0,2420,1,1
2542,0,8,2,2542,166465417,166496066,30649,2,0,1,0,0,0,0,2420,1,1
2543,0,8,0,2543,166510895,166532635,21740,1,0,0,0,0,0,0,2420,1,1
2544,0,8,1,2544,166547452,166569184,21732,1,0,0,0,0,0,0,2420,1,1
2545,0,8,4,2545,166584001,166678678,94677,10,5,4,0,0,0,0,2420,1,1
2546,0,8,4,2546,166693497,166731592,38095,3,1,1,0,0,0,0,2420,1,1
2547,0,8,3,2547,166746428,166806930,60502,6,4,1,0,0,0,0,2420,1,1
2548,0,8,3,2548,166821758,166850969,29211,2,1,0,0,0,0,0,2420,1,1
2549,0,8,1,2549,166865806,166887542,21736,1,0,0,0,0,0,0,2420,1,1
2550,0,8,3,2550,166902355,167056739,154384,17,8,7,0,1,0,0,2420,1,1
2551,0,8,2,2551,167071570,167136377,64807,6,1,4,0,0,0,0,2420,1,1
2552,0,8,1,2552,167151209,167195331,44122,4,3,0,0,0,0,0,2420,1,1
2553,0,8,2,2553,167210144,167288445,78301,8,4,3,0,0,0,0,2420,1,1
2554,0,8,3,2554,167303278,167325007,21729,1,0,0,0,0,0,0,2420,1,1
2555,0,8,4,2555,167339836,167413637,73801,7,1,5,0,0,0,0,2420,1,1
2556,0,8,4,2556,167428454,167450162,21708,1,0,0,0,0,0,0,2420,1,1
2557,0,8,4,2557,167464995,167526959,61964,6,3,2,0,0,0,0,2420,1,1
2558,0,8,0,2558,167541776,167572437,30661,2,0,1,0,0,0,0,2420,1,1
2559,0,8,4,2559,167587270,167634313,47043,4,1,2,0,0,0,0,2420,1,1
2560,0,8,4,2560,167649126,167694699,45573,4,2,1,0,0,0,0,2420,1,1
2561,0,8,3,2561,167709531,167747608,38077,3,1,1,0,0,0,0,2420,1,1
2562,0,8,1,2562,167762437,167809473,47036,4,1,2,0,0,0,0,2420,1,1
2563,0,8,3,2563,167824294,167954672,130378,14,5,8,0,0,0,0,2420,1,1
2564,0,8,2,2564,167969503,168077708,108205,12,8,3,0,0,0,0,2420,1,1
2565,0,8,4,2565,168092544,168172309,79765,8,3,4,0,0,0,0,2420,1,1
2566,0,8,0,2566,168187126,168326662,139536,16,11,4,0,0,0,0,2420,1,1
2567,0,8,0,2567,168341499,168381067,39568,3,0,2,0,0,0,0,2420,1,1
2568,0,8,3,2568,168395888,168432544,36656,3,2,0,0,0,0,0,2420,1,1
2569,0,8,4,2569,168447376,168494409,47033,4,1,2,0,0,0,0,2420,1,1
2570,0,8,2,2570,168509226,168538427,29201,2,1,0,0,0,0,0,2420,1,1
2571,0,8,3,2571,168553275,168575004,21729,1,0,0,0,0,0,0,2420,1,1
2572,0,8,0,2572,168589833,168611573,21740,1,0,0,0,0,0,0,2420,1,1
2573,0,8,4,2573,168626394,168657036,30642,2,0,1,0,0,0,0,2420,1,1
2574,0,8,4,2574,168671849,168735268,63419,6,2,3,0,0,0,0,2420,1,1
2575,0,8,2,2575,168750100,168779278,29178,2,1,0,0,0,0,0,2420,1,1
2576,0,8,0,2576,168794111,168833684,39573,3,0,2,0,0,0,0,2420,1,1
2577,0,8,3,2577,168848498,168870218,21720,1,0,0,0,0,0,0,2420,1,1
2578,0,8,2,2578,168885052,169070646,185594,21,10,10,0,0,0,0,2420,1,1
2579,0,8,2,2579,169085489,169107221,21732,1,0,0,0,0,0,0,2420,1,1
2580,0,8,0,2580,169122049,169191461,69412,7,4,2,0,0,0,0,2420,1,1
2581,0,8,1,2581,169206279,169260747,54468,5,2,2,0,0,0,0,2420,1,1
2582,0,8,4,2582,169275565,169313689,38124,3,1,1,0,0,0,0,2420,1,1
2583,0,8,2,2583,169328502,169393401,64899,6,1,4,0,0,0,0,2420,1,1
2584,0,8,0,2584,169408250,169429990,21740,1,0,0,0,0,0,0,2420,1,1
2585,0,8,2,2585,169444807,169475466,30659,2,0,1,0,0,0,0,2420,1,1
2586,0,8,4,2586,169490294,169553661,63367,6,2,3,0,0,0,0,2420,1,1
2587,0,8,3,2587,169568474,169590198,21724,1,0,0,0,0,0,0,2420,1,1
2588,0,8,1,2588,169605051,169698337,93286,10,6,3,0,0,0,0,2420,1,1
2589,0,8,4,2589,169713153,169775072,61919,6,3,2,0,0,0,0,2420,1,1
2590,0,8,3,2590,169789885,169836892,47007,4,1,2,0,0,0,0,2420,1,1
2591,0,8,2,2591,169851742,169882409,30667,2,0,1,0,0,0,0,2420,1,1
2592,0,8,1,2592,169897242,169942814,45572,4,2,1,0,0,0,0,2420,1,1
2593,0,8,1,2593,169957627,170044966,87339,9,4,4,0,0,0,0,2420,1,1
2594,0,8,2,2594,170059779,170211112,151333,17,9,7,0,0,0,0,2420,1,1
2595,0,8,3,2595,170225948,170287876,61928,6,3,2,0,0,0,0,2420,1,1
2596,0,8,4,2596,170302705,170366087,63382,6,2,3,0,0,0,0,2420,1,1
2597,0,8,1,2597,170380903,170411563,30660,2,0,1,0,0,0,0,2420,1,1
2598,0,8,1,2598,170426395,170518194,91799,10,7,2,0,0,0,0,2420,1,1
2599,0,8,3,2599,170533012,170554733,21721,1,0,0,0,0,0,0,2420,1,1
2600,0,8,3,2600,170569569,170591293,21724,1,0,0,0,0,0,0,2420,1,1
2601,0,8,0,2601,170606131,170683022,76891,8,5,2,0,0,0,0,2420,1,1
2602,0,8,3,2602,170697835,170741954,44119,4,3,0,0,0,0,0,2420,1,1
2603,0,8,1,2603,170756786,170796359,39573,3,0,2,0,0,0,0,2420,1,1
2604,0,8,1,2604,170811175,170849293,38118,3,1,1,0,0,0,0,2420,1,1
2605,0,8,0,2605,170864110,170893310,29200,2,1,0,0,0,0,0,2420,1,1
2606,0,8,2,2606,170908123,170955145,47022,4,1,2,0,0,0,0,2420,1,1
2607,0,8,3,2607,170969973,171009525,39552,3,0,2,0,0,0,0,2420,1,1
2608,0,8,2,2608,171024358,171102744,78386,8,4,3,0,0,0,0,2420,1,1
2609,0,8,1,2609,171117580,171209433,91853,10,7,2,0,0,0,0,2420,1,1
2610,0,8,3,2610,171224252,171253456,29204,2,1,0,0,0,0,0,2420,1,1
2611,0,8,0,2611,171268285,171316756,48471,4,0,3,0,0,0,0,2420,1,1
2612,0,8,4,2612,171331573,171362212,30639,2,0,1,0,0,0,0,2420,1,1
2613,0,8,4,2613,171377029,171398737,21708,1,0,0,0,0,0,0,2420,1,1
2614,0,8,4,2614,171413574,171533595,120021,13,6,6,0,0,0,0,2420,1,1
2615,0,8,4,2615,171548411,171659508,111097,12,6,5,0,0,0,0,2420,1,1
2616,0,8,4,2616,171674348,171713903,39555,3,0,2,0,0,0,0,2420,1,1
2617,0,8,1,2617,171728716,171813099,84383,9,6,2,0,0,0,0,2420,1,1
2618,0,8,3,2618,171827932,171858558,30626,2,0,1,0,0,0,0,2420,1,1
2619,0,8,0,2619,171873391,171966675,93284,10,6,3,0,0,0,0,2420,1,1
2620,0,8,2,2620,171981494,172003222,21728,1,0,0,0,0,0,0,2420,1,1
2621,0,8,0,2621,172018051,172054739,36688,3,2,0,0,0,0,0,2420,1,1
2622,0,8,0,2622,172069552,172115131,45579,4,2,1,0,0,0,0,2420,1,1
2623,0,8,0,2623,172129944,172181552,51608,5,4,0,0,0,0,0,2420,1,1
2624,0,8,4,2624,172196369,172233022,36653,3,2,0,0,0,0,0,2420,1,1
2625,0,8,3,2625,172247835,172291979,44144,4,3,0,0,0,0,0,2420,1,1
2626,0,8,0,2626,172306832,172368785,61953,6,3,2,0,0,0,0,2420,1,1
2627,0,8,4,2627,172383601,172506685,123084,14,10,3,0,0,0,0,2420,1,1
2628,0,8,3,2628,172521502,172550707,29205,2,1,0,0,0,0,0,2420,1,1
2629,0,8,1,2629,172565560,172596216,30656,2,0,1,0,0,0,0,2420,1,1
2630,0,8,4,2630,172611029,172781675,170646,19,8,10,0,0,0,0,2420,1,1
2631,0,8,4,2631,172796496,172825656,29160,2,1,0,0,0,0,0,2420,1,1
2632,0,8,3,2632,172840496,172871128,30632,2,0,1,0,0,0,0,2420,1,1
2633,0,8,3,2633,172885961,172915146,29185,2,1,0,0,0,0,0,2420,1,1
2634,0,8,0,2634,172929978,172951714,21736,1,0,0,0,0,0,0,2420,1,1
2635,0,8,4,2635,172966531,173053842,87311,9,4,4,0,0,0,0,2420,1,1
2636,0,8,1,2636,173068655,173106774,38119,3,1,1,0,0,0,0,2420,1,1
2637,0,8,4,2637,173121606,173208879,87273,9,4,4,0,0,0,0,2420,1,1
2638,0,8,1,2638,173223697,173245437,21740,1,0,0,0,0,0,0,2420,1,1
2639,0,8,4,2639,173260270,173411537,151267,17,9,7,0,0,0,0,2420,1,1
2640,0,8,4,2640,173426357,173448066,21709,1,0,0,0,0,0,0,2420,1,1
2641,0,8,0,2641,173462899,173499554,36655,3,2,0,0,0,0,0,2420,1,1
2642,0,8,2,2642,173514371,173635813,121442,13,5,7,0,0,0,0,2420,1,1
2643,0,8,4,2643,173650645,173705134,54489,5,2,2,0,0,0,0,2420,1,1
2644,0,8,1,2644,173719947,173789403,69456,7,4,2,0,0,0,0,2420,1,1
2645,0,8,3,2645,173804239,173881116,76877,8,5,2,0,0,0,0,2420,1,1
2646,0,8,1,2646,173895949,173917689,21740,1,0,0,0,0,0,0,2420,1,1
2647,0,8,0,2647,173932506,173995858,63352,6,2,3,0,0,0,0,2420,1,1
2648,0,8,0,2648,174010670,174139613,128943,14,6,7,0,0,0,0,2420,1,1
2649,0,8,4,2649,174154434,174185076,30642,2,0,1,0,0,0,0,2420,1,1
2650,0,8,3,2650,174199889,174221613,21724,1,0,0,0,0,0,0,2420,1,1
2651,0,8,2,2651,174236465,174281998,45533,4,2,1,0,0,0,0,2420,1,1
2652,0,8,4,2652,174296830,174327480,30650,2,0,1,0,0,0,0,2420,1,1
2653,0,8,3,2653,174342296,174413199,70903,7,3,3,0,0,0,0,2420,1,1
2654,0,8,1,2654,174428047,174475071,47024,4,1,2,0,0,0,0,2420,1,1
2655,0,8,2,2655,174489884,174520522,30638,2,0,1,0,0,0,0,2420,1,1
2656,0,8,4,2656,174535355,174589847,54492,5,2,2,0,0,0,0,2420,1,1
2657,0,8,3,2657,174604664,174642788,38124,3,1,1,0,0,0,0,2420,1,1
2658,0,8,1,2658,174657637,174759801,102164,11,6,4,0,0,0,0,2420,1,1
2659,0,8,3,2659,174774621,174818719,44098,4,3,0,0,0,0,0,2420,1,1
2660,0,8,4,2660,174833551,174855276,21725,1,0,0,0,0,0,0,2420,1,1
2661,0,8,0,2661,174870093,174891829,21736,1,0,0,0,0,0,0,2420,1,1
2662,0,8,4,2662,174906661,175022324,115663,13,9,3,0,0,0,0,2420,1,1
2663,0,8,2,2663,175037144,175082723,45579,4,2,1,0,0,0,0,2420,1,1
2664,0,8,2,2664,175097583,175246013,148430,17,11,5,0,0,0,0,2420,1,1
2665,0,8,0,2665,175260847,175291506,30659,2,0,1,0,0,0,0,2420,1,1
2666,0,8,3,2666,175306323,175345862,39539,3,0,2,0,0,0,0,2420,1,1
2667,0,8,4,2667,175360691,175446449,85758,9,5,3,0,0,0,0,2420,1,1
2668,0,8,3,2668,175461267,175491913,30646,2,0,1,0,0,0,0,2420,1,1
2669,0,8,4,2669,175506761,175553778,47017,4,1,2,0,0,0,0,2420,1,1
2670,0,8,0,2670,175568595,175682579,113984,12,4,7,0,0,0,0,2420,1,1
2671,0,8,0,2671,175697414,175735528,38114,3,1,1,0,0,0,0,2420,1,1
2672,0,8,0,2672,175750340,175788423,38083,3,1,1,0,0,0,0,2420,1,1
2673,0,8,3,2673,175803240,175839898,36658,3,2,0,0,0,0,0,2420,1,1
2674,0,8,2,2674,175854731,175876463,21732,1,0,0,0,0,0,0,2420,1,1
2675,0,8,4,2675,175891295,175936906,45611,4,2,1,0,0,0,0,2420,1,1
2676,0,8,0,2676,175951719,175980928,29209,2,1,0,0,0,0,0,2420,1,1
2677,0,8,3,2677,175995765,176017485,21720,1,0,0,0,0,0,0,2420,1,1
2678,0,8,1,2678,176032314,176076463,44149,4,3,0,0,0,0,0,2420,1,1
2679,0,8,4,2679,176091280,176138433,47153,4,2,0,0,1,0,0,2420,1,1
2680,0,8,1,2680,176153250,176247968,94718,10,5,4,0,0,0,0,2420,1,1
2681,0,8,1,2681,176262806,176291986,29180,2,1,0,0,0,0,0,2420,1,1
2682,0,8,3,2682,176306803,176337450,30647,2,0,1,0,0,0,0,2420,1,1
2683,0,8,3,2683,176352278,176381467,29189,2,1,0,0,0,0,0,2420,1,1
2684,0,8,3,2684,176396304,176432967,36663,3,2,0,0,0,0,0,2420,1,1
2685,0,8,2,2685,176447795,176484462,36667,3,2,0,0,0,0,0,2420,1,1
2686,0,8,2,2686,176499295,176543414,44119,4,3,0,0,0,0,0,2420,1,1
2687,0,8,4,2687,176558244,176588898,30654,2,0,1,0,0,0,0,2420,1,1
2688,0,8,4,2688,176603714,176656697,52983,5,3,1,0,0,0,0,2420,1,1
2689,0,8,0,2689,176671531,176755936,84405,9,6,2,0,0,0,0,2420,1,1
2690,0,8,1,2690,176770749,176902837,132088,15,10,4,0,0,0,0,2420,1,1
2691,0,8,0,2691,176917654,176969212,51558,5,4,0,0,0,0,0,2420,1,1
2692,0,8,3,2692,176984028,177053448,69420,7,4,2,0,0,0,0,2420,1,1
2693,0,8,2,2693,177068277,177090009,21732,1,0,0,0,0,0,0,2420,1,1
2694,0,8,1,2694,177104846,177126586,21740,1,0,0,0,0,0,0,2420,1,1
2695,0,8,3,2695,177141399,177163123,21724,1,0,0,0,0,0,0,2420,1,1
2696,0,8,3,2696,177177960,177207164,29204,2,1,0,0,0,0,0,2420,1,1
2697,0,8,1,2697,177221997,177243737,21740,1,0,0,0,0,0,0,2420,1,1
2698,0,8,4,2698,177258551,177280272,21721,1,0,0,0,0,0,0,2420,1,1
2699,0,8,1,2699,177295089,177342119,47030,4,1,2,0,0,0,0,2420,1,1
2700,0,8,3,2700,177356956,177396523,39567,3,0,2,0,0,0,0,2420,1,1
2701,0,8,3,2701,177411351,177538862,127511,14,7,6,0,0,0,0,2420,1,1
2702,0,8,2,2702,177553701,177599254,45553,4,2,1,0,0,0,0,2420,1,1
2703,0,8,2,2703,177614086,177635818,21732,1,0,0,0,0,0,0,2420,1,1
2704,0,8,1,2704,177650647,177731869,81222,8,2,5,0,0,0,0,2420,1,1
2705,0,8,1,2705,177746685,177799722,53037,5,3,1,0,0,0,0,2420,1,1
2706,0,8,1,2706,177814539,177860140,45601,4,2,1,0,0,0,0,2420,1,1
2707,0,8,2,2707,177874958,177913065,38107,3,1,1,0,0,0,0,2420,1,1
2708,0,8,1,2708,177927893,177971997,44104,4,3,0,0,0,0,0,2420,1,1
2709,0,8,0,2709,177986815,178033857,47042,4,1,2,0,0,0,0,2420,1,1
2710,0,8,2,2710,178048669,178110607,61938,6,3,2,0,0,0,0,2420,1,1
2711,0,8,3,2711,178125440,178162105,36665,3,2,0,0,0,0,0,2420,1,1
2712,0,8,3,2712,178176938,178206121,29183,2,1,0,0,0,0,0,2420,1,1
2713,0,8,3,2713,178220953,178259073,38120,3,1,1,0,0,0,0,2420,1,1
2714,0,8,0,2714,178273906,178365719,91813,10,7,2,0,0,0,0,2420,1,1
2715,0,8,3,2715,178380538,178426086,45548,4,2,1,0,0,0,0,2420,1,1
2716,0,8,4,2716,178440916,178479000,38084,3,1,1,0,0,0,0,2420,1,1
2717,0,8,2,2717,178493820,178540828,47008,4,1,2,0,0,0,0,2420,1,1
2718,0,8,1,2718,178555676,178577416,21740,1,0,0,0,0,0,0,2420,1,1
2719,0,8,1,2719,178592229,178636351,44122,4,3,0,0,0,0,0,2420,1,1
2720,0,8,4,2720,178651164,178692321,41157,3,0,1,0,1,0,0,2420,1,1
2721,0,8,3,2721,178707138,178755609,48471,4,0,3,0,0,0,0,2420,1,1
2722,0,8,4,2722,178770458,178893580,123122,14,10,3,0,0,0,0,2420,1,1
2723,0,8,2,2723,178908397,178930130,21733,1,0,0,0,0,0,0,2420,1,1
2724,0,8,2,2724,178944982,178966714,21732,1,0,0,0,0,0,0,2420,1,1
2725,0,8,3,2725,178981543,179028578,47035,4,1,2,0,0,0,0,2420,1,1
2726,0,8,2,2726,179043410,179072594,29184,2,1,0,0,0,0,0,2420,1,1
2727,0,8,0,2727,179087430,179140475,53045,5,3,1,0,0,0,0,2420,1,1
2728,0,8,3,2728,179155301,179224691,69390,7,4,2,0,0,0,0,2420,1,1
2729,0,8,2,2729,179239520,179310444,70924,7,3,3,0,0,0,0,2420,1,1
2730,0,8,4,2730,179325281,179397629,72348,7,2,4,0,0,0,0,2420,1,1
2731,0,8,1,2731,179412442,179441663,29221,2,1,0,0,0,0,0,2420,1,1
2732,0,8,1,2732,179456499,179502063,45564,4,2,1,0,0,0,0,2420,1,1
2733,0,8,3,2733,179516880,179546071,29191,2,1,0,0,0,0,0,2420,1,1
2734,0,8,2,2734,179560900,179607954,47054,4,1,2,0,0,0,0,2420,1,1
2735,0,8,4,2735,179622791,179660894,38103,3,1,1,0,0,0,0,2420,1,1
2736,0,8,0,2736,179675710,179704905,29195,2,1,0,0,0,0,0,2420,1,1
2737,0,8,4,2737,179719736,179757837,38101,3,1,1,0,0,0,0,2420,1,1
2738,0,8,1,2738,179772649,179794393,21744,1,0,0,0,0,0,0,2420,1,1
2739,0,8,3,2739,179809226,179841480,32254,2,0,0,0,1,0,0,2420,1,1
2740,0,8,1,2740,179856312,179919697,63385,6,2,3,0,0,0,0,2420,1,1
2741,0,8,1,2741,179934518,180012815,78297,8,4,3,0,0,0,0,2420,1,1
2742,0,8,4,2742,180027628,180074669,47041,4,1,2,0,0,0,0,2420,1,1
2743,0,8,3,2743,180089482,180143960,54478,5,2,2,0,0,0,0,2420,1,1
2744,0,8,3,2744,180158808,180187989,29181,2,1,0,0,0,0,0,2420,1,1
2745,0,8,0,2745,180202822,180282612,79790,8,3,4,0,0,0,0,2420,1,1
2746,0,8,1,2746,180297432,180319165,21733,1,0,0,0,0,0,0,2420,1,1
2747,0,8,1,2747,180333982,180378075,44093,4,3,0,0,0,0,0,2420,1,1
2748,0,8,0,2748,180392893,180431021,38128,3,1,1,0,0,0,0,2420,1,1
2749,0,8,2,2749,180445838,180475044,29206,2,1,0,0,0,0,0,2420,1,1
2750,0,8,4,2750,180489873,180533990,44117,4,3,0,0,0,0,0,2420,1,1
2751,0,8,1,2751,180548803,180570543,21740,1,0,0,0,0,0,0,2420,1,1
2752,0,8,4,2752,180585380,180629499,44119,4,3,0,0,0,0,0,2420,1,1
2753,0,8,3,2753,180644316,180666040,21724,1,0,0,0,0,0,0,2420,1,1
2754,0,8,4,2754,180680887,180702612,21725,1,0,0,0,0,0,0,2420,1,1
2755,0,8,3,2755,180717428,180818153,100725,11,7,3,0,0,0,0,2420,1,1
2756,0,8,3,2756,180833008,180854733,21725,1,0,0,0,0,0,0,2420,1,1
2757,0,8,4,2757,180869562,180953869,84307,9,6,2,0,0,0,0,2420,1,1
2758,0,8,2,2758,180968686,181109726,141040,16,10,5,0,0,0,0,2420,1,1
2759,0,8,1,2759,181124579,181155242,30663,2,0,1,0,0,0,0,2420,1,1
2760,0,8,3,2760,181170063,181199237,29174,2,1,0,0,0,0,0,2420,1,1
2761,0,8,2,2761,181214070,181274589,60519,6,4,1,0,0,0,0,2420,1,1
2762,0,8,4,2762,181289422,181342443,53021,5,3,1,0,0,0,0,2420,1,1
2763,0,8,4,2763,181357260,181386438,29178,2,1,0,0,0,0,0,2420,1,1
2764,0,8,2,2764,181401271,181422985,21714,1,0,0,0,0,0,0,2420,1,1
2765,0,8,4,2765,181437814,181467018,29204,2,1,0,0,0,0,0,2420,1,1
2766,0,8,3,2766,181481831,181511010,29179,2,1,0,0,0,0,0,2420,1,1
2767,0,8,1,2767,181525863,181555058,29195,2,1,0,0,0,0,0,2420,1,1
2768,0,8,4,2768,181569870,181616883,47013,4,1,2,0,0,0,0,2420,1,1
2769,0,8,1,2769,181631696,181669822,38126,3,1,1,0,0,0,0,2420,1,1
2770,0,8,0,2770,181684659,181715330,30671,2,0,1,0,0,0,0,2420,1,1
2771,0,8,4,2771,181730143,181751863,21720,1,0,0,0,0,0,0,2420,1,1
2772,0,8,4,2772,181766680,181788389,21709,1,0,0,0,0,0,0,2420,1,1
2773,0,8,0,2773,181803222,181856253,53031,5,3,1,0,0,0,0,2420,1,1
2774,0,8,0,2774,181871066,181900271,29205,2,1,0,0,0,0,0,2420,1,1
2775,0,8,4,2775,181915088,181953214,38126,3,1,1,0,0,0,0,2420,1,1
2776,0,8,0,2776,181968027,182006132,38105,3,1,1,0,0,0,0,2420,1,1
2777,0,8,3,2777,182020965,182059078,38113,3,1,1,0,0,0,0,2420,1,1
2778,0,8,0,2778,182073911,182095651,21740,1,0,0,0,0,0,0,2420,1,1
2779,0,8,4,2779,182110468,182148575,38107,3,1,1,0,0,0,0,2420,1,1
2780,0,8,4,2780,182163391,182185101,21710,1,0,0,0,0,0,0,2420,1,1
2781,0,8,4,2781,182199933,182238042,38109,3,1,1,0,0,0,0,2420,1,1
2782,0,8,1,2782,182252859,182274599,21740,1,0,0,0,0,0,0,2420,1,1
2783,0,8,1,2783,182289432,182320077,30645,2,0,1,0,0,0,0,2420,1,1
2784,0,8,4,2784,182334894,182486366,151472,17,10,5,0,1,0,0,2420,1,1
2785,0,8,1,2785,182501185,182531861,30676,2,0,1,0,0,0,0,2420,1,1
2786,0,8,2,2786,182546698,182568422,21724,1,0,0,0,0,0,0,2420,1,1
2787,0,8,1,2787,182583256,182613931,30675,2,0,1,0,0,0,0,2420,1,1
2788,0,8,4,2788,182628745,182714588,85843,9,5,3,0,0,0,0,2420,1,1
2789,0,8,0,2789,182729400,182751140,21740,1,0,0,0,0,0,0,2420,1,1
2790,0,8,3,2790,182765978,182796627,30649,2,0,1,0,0,0,0,2420,1,1
2791,0,8,3,2791,182811456,182970300,158844,18,10,7,0,0,0,0,2420,1,1
2792,0,8,0,2792,182985149,183006886,21737,1,0,0,0,0,0,0,2420,1,1
2793,0,8,0,2793,183021698,183043434,21736,1,0,0,0,0,0,0,2420,1,1
2794,0,8,4,2794,183058248,183079968,21720,1,0,0,0,0,0,0,2420,1,1
2795,0,8,0,2795,183094786,183176237,81451,8,3,3,0,1,0,0,2420,1,1
2796,0,8,2,2796,183191069,183244099,53030,5,3,1,0,0,0,0,2420,1,1
2797,0,8,4,2797,183258928,183288141,29213,2,1,0,0,0,0,0,2420,1,1
2798,0,8,3,2798,183302958,183324682,21724,1,0,0,0,0,0,0,2420,1,1
2799,0,8,1,2799,183339530,183361266,21736,1,0,0,0,0,0,0,2420,1,1
2800,0,8,2,2800,183376083,183429091,53008,5,3,1,0,0,0,0,2420,1,1
2801,0,8,3,2801,183443924,183505930,62006,6,3,2,0,0,0,0,2420,1,1
2802,0,8,1,2802,183520758,183645310,124552,13,4,7,0,1,0,0,2420,1,1
2803,0,8,0,2803,183660130,183681862,21732,1,0,0,0,0,0,0,2420,1,1
2804,0,8,1,2804,183696678,183751143,54465,5,2,2,0,0,0,0,2420,1,1
2805,0,8,4,2805,183765960,183787680,21720,1,0,0,0,0,0,0,2420,1,1
2806,0,8,1,2806,183802493,183824237,21744,1,0,0,0,0,0,0,2420,1,1
2807,0,8,0,2807,183839070,183860802,21732,1,0,0,0,0,0,0,2420,1,1
2808,0,8,4,2808,183875619,183897339,21720,1,0,0,0,0,0,0,2420,1,1
2809,0,8,1,2809,183912152,183941365,29213,2,1,0,0,0,0,0,2420,1,1
2810,0,8,1,2810,183956202,183977934,21732,1,0,0,0,0,0,0,2420,1,1
2811,0,8,0,2811,183992747,184014480,21733,1,0,0,0,0,0,0,2420,1,1
2812,0,8,1,2812,184029293,184115135,85842,9,5,3,0,0,0,0,2420,1,1
2813,0,8,2,2813,184129948,184290127,160179,18,9,8,0,0,0,0,2420,1,1
2814,0,8,1,2814,184304963,184352019,47056,4,1,2,0,0,0,0,2420,1,1
2815,0,8,0,2815,184366836,184428787,61951,6,3,2,0,0,0,0,2420,1,1
2816,0,8,0,2816,184443604,184465336,21732,1,0,0,0,0,0,0,2420,1,1
2817,0,8,3,2817,184480149,184501869,21720,1,0,0,0,0,0,0,2420,1,1
2818,0,8,0,2818,184516702,184545914,29212,2,1,0,0,0,0,0,2420,1,1
2819,0,8,1,2819,184560732,184591377,30645,2,0,1,0,0,0,0,2420,1,1
2820,0,8,2,2820,184606193,184660656,54463,5,2,2,0,0,0,0,2420,1,1
2821,0,8,3,2821,184675488,184713617,38129,3,1,1,0,0,0,0,2420,1,1
2822,0,8,1,2822,184728446,184759117,30671,2,0,1,0,0,0,0,2420,1,1
2823,0,8,0,2823,184773939,184804574,30635,2,0,1,0,0,0,0,2420,1,1
2824,0,8,2,2824,184819395,184841119,21724,1,0,0,0,0,0,0,2420,1,1
2825,0,8,2,2825,184855952,184886608,30656,2,0,1,0,0,0,0,2420,1,1
2826,0,8,2,2826,184901437,184923173,21736,1,0,0,0,0,0,0,2420,1,1
2827,0,8,1,2827,184938002,184967218,29216,2,1,0,0,0,0,0,2420,1,1
2828,0,8,4,2828,184982031,185012654,30623,2,0,1,0,0,0,0,2420,1,1
2829,0,8,3,2829,185027472,185169785,142313,16,9,6,0,0,0,0,2420,1,1
2830,0,8,4,2830,185184640,185231714,47074,4,1,2,0,0,0,0,2420,1,1
2831,0,8,3,2831,185246531,185283195,36664,3,2,0,0,0,0,0,2420,1,1
2832,0,8,1,2832,185298043,185319780,21737,1,0,0,0,0,0,0,2420,1,1
2833,0,8,0,2833,185334597,185363784,29187,2,1,0,0,0,0,0,2420,1,1
2834,0,8,2,2834,185378597,185407790,29193,2,1,0,0,0,0,0,2420,1,1
2835,0,8,2,2835,185422619,185486068,63449,6,2,3,0,0,0,0,2420,1,1
2836,0,8,1,2836,185500896,185539004,38108,3,1,1,0,0,0,0,2420,1,1
2837,0,8,4,2837,185553821,185575542,21721,1,0,0,0,0,0,0,2420,1,1
2838,0,8,2,2838,185590354,185629927,39573,3,0,2,0,0,0,0,2420,1,1
2839,0,8,3,2839,185644780,185711323,66543,7,6,0,0,0,0,0,2420,1,1
2840,0,8,2,2840,185726155,185747887,21732,1,0,0,0,0,0,0,2420,1,1
2841,0,8,2,2841,185762720,185784454,21734,1,0,0,0,0,0,0,2420,1,1
2842,0,8,2,2842,185799283,185821015,21732,1,0,0,0,0,0,0,2420,1,1
2843,0,8,1,2843,185835848,185865054,29206,2,1,0,0,0,0,0,2420,1,1
2844,0,8,2,2844,185879867,185919417,39550,3,0,2,0,0,0,0,2420,1,1
2845,0,8,4,2845,185934250,185994762,60512,6,4,1,0,0,0,0,2420,1,1
2846,0,8,4,2846,186009574,186038733,29159,2,1,0,0,0,0,0,2420,1,1
2847,0,8,1,2847,186053570,186114084,60514,6,4,1,0,0,0,0,2420,1,1
2848,0,8,2,2848,186128898,186165565,36667,3,2,0,0,0,0,0,2420,1,1
2849,0,8,2,2849,186180394,186209611,29217,2,1,0,0,0,0,0,2420,1,1
2850,0,8,0,2850,186224444,186302828,78384,8,4,3,0,0,0,0,2420,1,1
2851,0,8,2,2851,186317642,186364678,47036,4,1,2,0,0,0,0,2420,1,1
2852,0,8,1,2852,186379506,186401246,21740,1,0,0,0,0,0,0,2420,1,1
2853,0,8,0,2853,186416063,186501877,85814,9,5,3,0,0,0,0,2420,1,1
2854,0,8,2,2854,186516693,186545874,29181,2,1,0,0,0,0,0,2420,1,1
2855,0,8,4,2855,186560703,186607720,47017,4,1,2,0,0,0,0,2420,1,1
2856,0,8,3,2856,186622541,186651748,29207,2,1,0,0,0,0,0,2420,1,1
2857,0,8,4,2857,186666600,186740552,73952,7,2,3,0,1,0,0,2420,1,1
2858,0,8,3,2858,186755369,186784550,29181,2,1,0,0,0,0,0,2420,1,1
2859,0,8,0,2859,186799398,186821134,21736,1,0,0,0,0,0,0,2420,1,1
2860,0,8,3,2860,186835951,186929270,93319,10,6,3,0,0,0,0,2420,1,1
2861,0,8,1,2861,186944104,186974771,30667,2,0,1,0,0,0,0,2420,1,1
2862,0,8,3,2862,186989588,187018760,29172,2,1,0,0,0,0,0,2420,1,1
2863,0,8,3,2863,187033593,187079167,45574,4,2,1,0,0,0,0,2420,1,1
2864,0,8,4,2864,187094004,187130659,36655,3,2,0,0,0,0,0,2420,1,1
2865,0,8,0,2865,187145475,187192510,47035,4,1,2,0,0,0,0,2420,1,1
2866,0,8,3,2866,187207347,187316932,109585,12,7,4,0,0,0,0,2420,1,1
2867,0,8,4,2867,187331763,187414503,82740,8,1,6,0,0,0,0,2420,1,1
2868,0,8,3,2868,187429320,187483788,54468,5,2,2,0,0,0,0,2420,1,1
2869,0,8,2,2869,187498633,187535283,36650,3,2,0,0,0,0,0,2420,1,1
2870,0,8,4,2870,187550116,187629893,79777,8,3,4,0,0,0,0,2420,1,1
2871,0,8,3,2871,187644711,187681390,36679,3,2,0,0,0,0,0,2420,1,1
2872,0,8,1,2872,187696242,187741814,45572,4,2,1,0,0,0,0,2420,1,1
2873,0,8,2,2873,187756631,187794779,38148,3,1,1,0,0,0,0,2420,1,1
2874,0,8,4,2874,187809607,187831335,21728,1,0,0,0,0,0,0,2420,1,1
2875,0,8,0,2875,187846152,187884251,38099,3,1,1,0,0,0,0,2420,1,1
2876,0,8,4,2876,187899084,187938651,39567,3,0,2,0,0,0,0,2420,1,1
2877,0,8,2,2877,187953468,188006506,53038,5,3,1,0,0,0,0,2420,1,1
2878,0,8,2,2878,188021355,188149022,127667,14,8,4,0,1,0,0,2420,1,1
2879,0,8,2,2879,188163858,188185590,21732,1,0,0,0,0,0,0,2420,1,1
2880,0,8,3,2880,188200419,188238526,38107,3,1,1,0,0,0,0,2420,1,1
2881,0,8,3,2881,188253359,188337694,84335,9,6,2,0,0,0,0,2420,1,1
2882,0,8,3,2882,188352527,188399563,47036,4,1,2,0,0,0,0,2420,1,1
2883,0,8,4,2883,188414396,188436120,21724,1,0,0,0,0,0,0,2420,1,1
2884,0,8,2,2884,188450937,188562032,111095,12,6,5,0,0,0,0,2420,1,1
2885,0,8,1,2885,188576884,188613553,36669,3,2,0,0,0,0,0,2420,1,1
2886,0,8,2,2886,188628365,188650089,21724,1,0,0,0,0,0,0,2420,1,1
2887,0,8,2,2887,188664922,188686654,21732,1,0,0,0,0,0,0,2420,1,1
2888,0,8,2,2888,188701491,188763425,61934,6,3,2,0,0,0,0,2420,1,1
2889,0,8,4,2889,188778254,188841651,63397,6,2,3,0,0,0,0,2420,1,1
2890,0,8,3,2890,188856468,188966046,109578,12,7,4,0,0,0,0,2420,1,1
2891,0,8,0,2891,188980897,189010088,29191,2,1,0,0,0,0,0,2420,1,1
2892,0,8,1,2892,189024906,189054106,29200,2,1,0,0,0,0,0,2420,1,1
2893,0,8,0,2893,189068919,189090651,21732,1,0,0,0,0,0,0,2420,1,1
2894,0,8,4,2894,189105468,189197266,91798,10,7,2,0,0,0,0,2420,1,1
2895,0,8,4,2895,189212081,189241256,29175,2,1,0,0,0,0,0,2420,1,1
2896,0,8,1,2896,189256093,189307705,51612,5,4,0,0,0,0,0,2420,1,1
2897,0,8,1,2897,189322517,189402302,79785,8,3,4,0,0,0,0,2420,1,1
2898,0,8,0,2898,189417119,189470175,53056,5,3,1,0,0,0,0,2420,1,1
2899,0,8,3,2899,189484993,189506713,21720,1,0,0,0,0,0,0,2420,1,1
2900,0,8,0,2900,189521542,189567103,45561,4,2,1,0,0,0,0,2420,1,1
2901,0,8,2,2901,189581920,189652806,70886,7,3,3,0,0,0,0,2420,1,1
2902,0,8,0,2902,189667634,189784776,117142,13,8,4,0,0,0,0,2420,1,1
2903,0,8,3,2903,189799591,189845154,45563,4,2,1,0,0,0,0,2420,1,1
2904,0,8,3,2904,189859982,189898098,38116,3,1,1,0,0,0,0,2420,1,1
2905,0,8,2,2905,189912930,189958520,45590,4,2,1,0,0,0,0,2420,1,1
2906,0,8,1,2906,189973353,189995093,21740,1,0,0,0,0,0,0,2420,1,1
2907,0,8,2,2907,190009906,190082244,72338,7,2,4,0,0,0,0,2420,1,1
2908,0,8,1,2908,190097077,190118817,21740,1,0,0,0,0,0,0,2420,1,1
2909,0,8,2,2909,190133635,190162815,29180,2,1,0,0,0,0,0,2420,1,1
2910,0,8,4,2910,190177643,190199372,21729,1,0,0,0,0,0,0,2420,1,1
2911,0,8,0,2911,190214188,190244841,30653,2,0,1,0,0,0,0,2420,1,1
2912,0,8,3,2912,190259673,190281393,21720,1,0,0,0,0,0,0,2420,1,1
2913,0,8,3,2913,190296226,190326870,30644,2,0,1,0,0,0,0,2420,1,1
2914,0,8,1,2914,190341703,190363443,21740,1,0,0,0,0,0,0,2420,1,1
2915,0,8,3,2915,190378256,190407433,29177,2,1,0,0,0,0,0,2420,1,1
2916,0,8,2,2916,190422261,190443997,21736,1,0,0,0,0,0,0,2420,1,1
2917,0,8,0,2917,190458829,190598392,139563,16,11,4,0,0,0,0,2420,1,1
2918,0,8,3,2918,190613211,190642378,29167,2,1,0,0,0,0,0,2420,1,1
2919,0,8,3,2919,190657210,190738599,81389,8,3,3,0,1,0,0,2420,1,1
2920,0,8,2,2920,190753444,190797521,44077,4,3,0,0,0,0,0,2420,1,1
2921,0,8,1,2921,190812349,190834094,21745,1,0,0,0,0,0,0,2420,1,1
2922,0,8,2,2922,190848907,190870631,21724,1,0,0,0,0,0,0,2420,1,1
2923,0,8,0,2923,190885464,190959176,73712,7,1,5,0,0,0,0,2420,1,1
2924,0,8,3,2924,190973992,191003166,29174,2,1,0,0,0,0,0,2420,1,1
2925,0,8,4,2925,191017994,191039718,21724,1,0,0,0,0,0,0,2420,1,1
2926,0,8,2,2926,191054539,191198409,143870,16,8,7,0,0,0,0,2420,1,1
2927,0,8,1,2927,191213260,191243930,30670,2,0,1,0,0,0,0,2420,1,1
2928,0,8,3,2928,191258743,191296838,38095,3,1,1,0,0,0,0,2420,1,1
2929,0,8,1,2929,191311667,191400407,88740,9,3,5,0,0,0,0,2420,1,1
2930,0,8,2,2930,191415228,191436953,21725,1,0,0,0,0,0,0,2420,1,1
2931,0,8,1,2931,191451782,191488423,36641,3,2,0,0,0,0,0,2420,1,1
2932,0,8,0,2932,191503240,191532447,29207,2,1,0,0,0,0,0,2420,1,1
2933,0,8,2,2933,191547264,191601748,54484,5,2,2,0,0,0,0,2420,1,1
2934,0,8,0,2934,191616580,191645784,29204,2,1,0,0,0,0,0,2420,1,1
2935,0,8,0,2935,191660596,191689805,29209,2,1,0,0,0,0,0,2420,1,1
2936,0,8,3,2936,191704622,191733810,29188,2,1,0,0,0,0,0,2420,1,1
2937,0,8,1,2937,191748639,191818085,69446,7,4,2,0,0,0,0,2420,1,1
2938,0,8,0,2938,191832905,191871022,38117,3,1,1,0,0,0,0,2420,1,1
2939,0,8,0,2939,191885839,191931404,45565,4,2,1,0,0,0,0,2420,1,1
2940,0,8,0,2940,191946221,192023121,76900,8,5,2,0,0,0,0,2420,1,1
2941,0,8,0,2941,192037934,192107364,69430,7,4,2,0,0,0,0,2420,1,1
2942,0,8,3,2942,192122177,192167733,45556,4,2,1,0,0,0,0,2420,1,1
2943,0,8,4,2943,192182561,192245971,63410,6,2,3,0,0,0,0,2420,1,1
2944,0,8,4,2944,192260789,192313815,53026,5,3,1,0,0,0,0,2420,1,1
2945,0,8,4,2945,192328644,192408527,79883,8,4,2,0,1,0,0,2420,1,1
2946,0,8,1,2946,192423348,192510656,87308,9,4,4,0,0,0,0,2420,1,1
2947,0,8,4,2947,192525488,192554695,29207,2,1,0,0,0,0,0,2420,1,1
2948,0,8,2,2948,192569508,192591240,21732,1,0,0,0,0,0,0,2420,1,1
2949,0,8,1,2949,192606093,192653150,47057,4,1,2,0,0,0,0,2420,1,1
2950,0,8,2,2950,192667963,192756630,88667,9,3,5,0,0,0,0,2420,1,1
2951,0,8,2,2951,192771458,192903506,132048,14,5,7,0,1,0,0,2420,1,1
2952,0,8,1,2952,192918346,192949001,30655,2,0,1,0,0,0,0,2420,1,1
2953,0,8,4,2953,192963818,193001898,38080,3,1,1,0,0,0,0,2420,1,1
2954,0,8,0,2954,193016715,193038454,21739,1,0,0,0,0,0,0,2420,1,1
2955,0,8,3,2955,193053291,193082470,29179,2,1,0,0,0,0,0,2420,1,1
2956,0,8,0,2956,193097302,193393161,295859,35,20,14,0,0,0,0,2420,1,1
2957,0,8,4,2957,193407984,193444611,36627,3,2,0,0,0,0,0,2420,1,1
2958,0,8,3,2958,193459424,193481149,21725,1,0,0,0,0,0,0,2420,1,1
2959,0,8,1,2959,193496002,193517737,21735,1,0,0,0,0,0,0,2420,1,1
2960,0,8,2,2960,193532550,193639292,106742,12,9,2,0,0,0,0,2420,1,1
2961,0,8,2,2961,193654126,193675859,21733,1,0,0,0,0,0,0,2420,1,1
2962,0,8,0,2962,193690687,193727367,36680,3,2,0,0,0,0,0,2420,1,1
2963,0,8,4,2963,193742179,193787780,45601,4,2,1,0,0,0,0,2420,1,1
2964,0,8,3,2964,193802593,193870586,67993,7,5,1,0,0,0,0,2420,1,1
2965,0,8,0,2965,193885439,194024992,139553,16,11,4,0,0,0,0,2420,1,1
2966,0,8,3,2966,194039810,194076477,36667,3,2,0,0,0,0,0,2420,1,1
2967,0,8,1,2967,194091305,194145768,54463,5,2,2,0,0,0,0,2420,1,1
2968,0,8,2,2968,194160585,194219653,59068,6,5,0,0,0,0,0,2420,1,1
2969,0,8,4,2969,194234485,194256214,21729,1,0,0,0,0,0,0,2420,1,1
2970,0,8,1,2970,194271026,194326959,55933,5,1,3,0,0,0,0,2420,1,1
2971,0,8,2,2971,194341792,194396289,54497,5,2,2,0,0,0,0,2420,1,1
2972,0,8,1,2972,194411117,194432861,21744,1,0,0,0,0,0,0,2420,1,1
2973,0,8,3,2973,194447674,194469394,21720,1,0,0,0,0,0,0,2420,1,1
2974,0,8,2,2974,194484226,194528318,44092,4,3,0,0,0,0,0,2420,1,1
2975,0,8,1,2975,194543151,194573795,30644,2,0,1,0,0,0,0,2420,1,1
2976,0,8,1,2976,194588608,194617808,29200,2,1,0,0,0,0,0,2420,1,1
2977,0,8,0,2977,194632622,194709504,76882,8,5,2,0,0,0,0,2420,1,1
2978,0,8,1,2978,194724321,194746052,21731,1,0,0,0,0,0,0,2420,1,1
2979,0,8,4,2979,194760865,194815320,54455,5,2,2,0,0,0,0,2420,1,1
2980,0,8,3,2980,194830133,194895019,64886,6,1,4,0,0,0,0,2420,1,1
2981,0,8,2,2981,194909867,194979241,69374,7,4,2,0,0,0,0,2420,1,1
2982,0,8,0,2982,194994074,195015814,21740,1,0,0,0,0,0,0,2420,1,1
2983,0,8,2,2983,195030626,195059809,29183,2,1,0,0,0,0,0,2420,1,1
2984,0,8,1,2984,195074650,195096390,21740,1,0,0,0,0,0,0,2420,1,1
2985,0,8,1,2985,195111203,195210458,99255,11,8,2,0,0,0,0,2420,1,1
2986,0,8,1,2986,195225277,195320028,94751,10,5,4,0,0,0,0,2420,1,1
2987,0,8,0,2987,195334847,195396829,61982,6,3,2,0,0,0,0,2420,1,1
2988,0,8,0,2988,195411642,195473643,62001,6,3,2,0,0,0,0,2420,1,1
2989,0,8,3,2989,195488456,195510176,21720,1,0,0,0,0,0,0,2420,1,1
2990,0,8,4,2990,195525008,195546733,21725,1,0,0,0,0,0,0,2420,1,1
2991,0,8,0,2991,195561550,195616073,54523,5,2,2,0,0,0,0,2420,1,1
2992,0,8,0,2992,195630902,195652634,21732,1,0,0,0,0,0,0,2420,1,1
2993,0,8,0,2993,195667450,195713037,45587,4,2,1,0,0,0,0,2420,1,1
2994,0,8,1,2994,195727850,195758500,30650,2,0,1,0,0,0,0,2420,1,1
2995,0,8,0,2995,195773316,195795049,21733,1,0,0,0,0,0,0,2420,1,1
2996,0,8,1,2996,195809862,195839075,29213,2,1,0,0,0,0,0,2420,1,1
2997,0,8,2,2997,195853892,195939635,85743,9,5,3,0,0,0,0,2420,1,1
2998,0,8,3,2998,195954467,195983672,29205,2,1,0,0,0,0,0,2420,1,1
2999,0,8,0,2999,195998500,196027725,29225,2,1,0,0,0,0,0,2420,1,1
3000,0,7,4,3000,196042541,196089712,47171,4,1,2,0,0,0,0,2420,1,1
3001,0,7,0,3001,196104612,196152986,48374,4,0,3,0,0,0,0,2420,1,1
3002,0,7,1,3002,196167716,196205721,38005,3,1,1,0,0,0,0,2420,1,1
3003,0,7,4,3003,196220450,196313598,93148,10,6,3,0,0,0,0,2420,1,1
3004,0,7,3,3004,196328321,196349935,21614,1,0,0,0,0,0,0,2420,1,1
3005,0,7,4,3005,196364676,196465263,100587,11,7,3,0,0,0,0,2420,1,1
3006,0,7,4,3006,196479987,196516542,36555,3,2,0,0,0,0,0,2420,1,1
3007,0,7,3,3007,196531263,196576709,45446,4,2,1,0,0,0,0,2420,1,1
3008,0,7,1,3008,196591431,196635433,44002,4,3,0,0,0,0,0,2420,1,1
3009,0,7,4,3009,196650162,196671760,21598,1,0,0,0,0,0,0,2420,1,1
3010,0,7,3,3010,196686486,196708083,21597,1,0,0,0,0,0,0,2420,1,1
3011,0,7,2,3011,196722809,196786110,63301,6,2,3,0,0,0,0,2420,1,1
3012,0,7,1,3012,196800844,196822457,21613,1,0,0,0,0,0,0,2420,1,1
3013,0,7,3,3013,196837191,196867691,30500,2,0,1,0,0,0,0,2420,1,1
3014,0,7,4,3014,196882413,196911461,29048,2,1,0,0,0,0,0,2420,1,1
3015,0,7,4,3015,196926187,196947785,21598,1,0,0,0,0,0,0,2420,1,1
3016,0,7,2,3016,196962514,196991581,29067,2,1,0,0,0,0,0,2420,1,1
3017,0,7,0,3017,197006306,197042845,36539,3,2,0,0,0,0,0,2420,1,1
3018,0,7,0,3018,197057574,197125465,67891,7,5,1,0,0,0,0,2420,1,1
3019,0,7,1,3019,197140194,197243735,103541,11,5,5,0,0,0,0,2420,1,1
3020,0,7,3,3020,197258467,197280065,21598,1,0,0,0,0,0,0,2420,1,1
3021,0,7,4,3021,197294791,197350587,55796,5,1,3,0,0,0,0,2420,1,1
3022,0,7,4,3022,197365313,197403308,37995,3,1,1,0,0,0,0,2420,1,1
3023,0,7,0,3023,197418030,197448578,30548,2,0,1,0,0,0,0,2420,1,1
3024,0,7,3,3024,197463311,197492382,29071,2,1,0,0,0,0,0,2420,1,1
3025,0,7,1,3025,197507108,197545110,38002,3,1,1,0,0,0,0,2420,1,1
3026,0,7,1,3026,197559839,197648456,88617,9,3,5,0,0,0,0,2420,1,1
3027,0,7,4,3027,197663189,197684787,21598,1,0,0,0,0,0,0,2420,1,1
3028,0,7,4,3028,197699509,197752403,52894,5,3,1,0,0,0,0,2420,1,1
3029,0,7,2,3029,197767130,197828990,61860,6,3,2,0,0,0,0,2420,1,1
3030,0,7,1,3030,197843716,197881697,37981,3,1,1,0,0,0,0,2420,1,1
3031,0,7,3,3031,197896431,197952275,55844,5,1,3,0,0,0,0,2420,1,1
3032,0,7,1,3032,197967002,198003566,36564,3,2,0,0,0,0,0,2420,1,1
3033,0,7,4,3033,198018295,198086165,67870,7,5,1,0,0,0,0,2420,1,1
3034,0,7,4,3034,198100887,198138858,37971,3,1,1,0,0,0,0,2420,1,1
3035,0,7,1,3035,198153584,198175198,21614,1,0,0,0,0,0,0,2420,1,1
3036,0,7,1,3036,198189927,198235401,45474,4,2,1,0,0,0,0,2420,1,1
3037,0,7,1,3037,198250131,198271745,21614,1,0,0,0,0,0,0,2420,1,1
3038,0,7,2,3038,198286478,198308076,21598,1,0,0,0,0,0,0,2420,1,1
3039,0,7,3,3039,198322801,198375692,52891,5,3,1,0,0,0,0,2420,1,1
3040,0,7,0,3040,198390413,198446240,55827,5,1,3,0,0,0,0,2420,1,1
3041,0,7,3,3041,198460969,198482567,21598,1,0,0,0,0,0,0,2420,1,1
3042,0,7,1,3042,198497292,198594749,97457,10,3,6,0,0,0,0,2420,1,1
3043,0,7,1,3043,198609480,198631094,21614,1,0,0,0,0,0,0,2420,1,1
3044,0,7,2,3044,198645827,198667425,21598,1,0,0,0,0,0,0,2420,1,1
3045,0,7,3,3045,198682148,198721585,39437,3,0,2,0,0,0,0,2420,1,1
3046,0,7,0,3046,198736311,198772892,36581,3,2,0,0,0,0,0,2420,1,1
3047,0,7,3,3047,198787622,198862931,75309,8,6,1,0,0,0,0,2420,1,1
3048,0,7,2,3048,198877660,198917100,39440,3,0,2,0,0,0,0,2420,1,1
3049,0,7,2,3049,198931821,198995083,63262,6,2,3,0,0,0,0,2420,1,1
3050,0,7,3,3050,199009804,199038869,29065,2,1,0,0,0,0,0,2420,1,1
3051,0,7,3,3051,199053594,199109424,55830,5,1,3,0,0,0,0,2420,1,1
3052,0,7,0,3052,199124149,199178518,54369,5,2,2,0,0,0,0,2420,1,1
3053,0,7,4,3053,199193251,199214849,21598,1,0,0,0,0,0,0,2420,1,1
3054,0,7,4,3054,199229571,199307734,78163,8,4,3,0,0,0,0,2420,1,1
3055,0,7,0,3055,199322455,199376820,54365,5,2,2,0,0,0,0,2420,1,1
3056,0,7,4,3056,199391549,199468320,76771,8,5,2,0,0,0,0,2420,1,1
3057,0,7,3,3057,199483045,199512123,29078,2,1,0,0,0,0,0,2420,1,1
3058,0,7,0,3058,199526848,199548462,21614,1,0,0,0,0,0,0,2420,1,1
3059,0,7,4,3059,199563195,199601167,37972,3,1,1,0,0,0,0,2420,1,1
3060,0,7,0,3060,199615893,199644965,29072,2,1,0,0,0,0,0,2420,1,1
3061,0,7,1,3061,199659694,199745352,85658,9,5,3,0,0,0,0,2420,1,1
3062,0,7,1,3062,199760081,199781695,21614,1,0,0,0,0,0,0,2420,1,1
3063,0,7,0,3063,199796429,199916334,119905,13,6,6,0,0,0,0,2420,1,1
3064,0,7,4,3064,199931067,200140377,209310,24,12,11,0,0,0,0,2420,1,1
3065,0,7,4,3065,200155109,200199104,43995,4,3,0,0,0,0,0,2420,1,1
3066,0,7,1,3066,200213830,200235444,21614,1,0,0,0,0,0,0,2420,1,1
3067,0,7,2,3067,200250173,200271771,21598,1,0,0,0,0,0,0,2420,1,1
3068,0,7,2,3068,200286497,200315560,29063,2,1,0,0,0,0,0,2420,1,1
3069,0,7,2,3069,200330282,200394998,64716,6,1,4,0,0,0,0,2420,1,1
3070,0,7,3,3070,200409720,200438796,29076,2,1,0,0,0,0,0,2420,1,1
3071,0,7,2,3071,200453521,200500414,46893,4,1,2,0,0,0,0,2420,1,1
3072,0,7,4,3072,200515139,200626267,111128,13,12,0,0,0,0,0,2420,1,1
3073,0,7,1,3073,200640993,200728147,87154,9,4,4,0,0,0,0,2420,1,1
3074,0,7,0,3074,200742877,200780871,37994,3,1,1,0,0,0,0,2420,1,1
3075,0,7,0,3075,200795604,200858897,63293,6,2,3,0,0,0,0,2420,1,1
3076,0,7,1,3076,200873630,200934003,60373,6,4,1,0,0,0,0,2420,1,1
3077,0,7,0,3077,200948733,200985263,36530,3,2,0,0,0,0,0,2420,1,1
3078,0,7,3,3078,200999992,201052907,52915,5,3,1,0,0,0,0,2420,1,1
3079,0,7,3,3079,201067629,201144460,76831,8,5,2,0,0,0,0,2420,1,1
3080,0,7,3,3080,201159190,201188247,29057,2,1,0,0,0,0,0,2420,1,1
3081,0,7,4,3081,201202968,201233470,30502,2,0,1,0,0,0,0,2420,1,1
3082,0,7,3,3082,201248192,201269790,21598,1,0,0,0,0,0,0,2420,1,1
3083,0,7,4,3083,201284516,201374553,90037,9,2,6,0,0,0,0,2420,1,1
3084,0,7,4,3084,201389274,201427230,37956,3,1,1,0,0,0,0,2420,1,1
3085,0,7,3,3085,201441952,201564781,122829,13,4,8,0,0,0,0,2420,1,1
3086,0,7,4,3086,201579505,201708225,128720,14,6,7,0,0,0,0,2420,1,1
3087,0,7,2,3087,201722952,201786248,63296,6,2,3,0,0,0,0,2420,1,1
3088,0,7,3,3088,201800969,201822567,21598,1,0,0,0,0,0,0,2420,1,1
3089,0,7,2,3089,201837292,201887227,49935,4,0,2,0,1,0,0,2420,1,1
3090,0,7,0,3090,201901949,201923567,21618,1,0,0,0,0,0,0,2420,1,1
3091,0,7,4,3091,201938297,202022566,84269,9,6,2,0,0,0,0,2420,1,1
3092,0,7,0,3092,202037291,202075272,37981,3,1,1,0,0,0,0,2420,1,1
3093,0,7,4,3093,202090001,202127975,37974,3,1,1,0,0,0,0,2420,1,1
3094,0,7,1,3094,202142697,202173216,30519,2,0,1,0,0,0,0,2420,1,1
3095,0,7,2,3095,202187946,202242333,54387,5,2,2,0,0,0,0,2420,1,1
3096,0,7,3,3096,202257058,202354537,97479,10,3,6,0,0,0,0,2420,1,1
3097,0,7,3,3097,202369260,202390858,21598,1,0,0,0,0,0,0,2420,1,1
3098,0,7,2,3098,202405583,202461567,55984,5,2,1,0,1,0,0,2420,1,1
3099,0,7,0,3099,202476292,202555937,79645,8,3,4,0,0,0,0,2420,1,1
3100,0,7,3,3100,202570666,202592264,21598,1,0,0,0,0,0,0,2420,1,1
3101,0,7,4,3101,202606989,202677721,70732,7,3,3,0,0,0,0,2420,1,1
3102,0,7,2,3102,202692442,202714045,21603,1,0,0,0,0,0,0,2420,1,1
3103,0,7,3,3103,202728766,202798023,69257,7,4,2,0,0,0,0,2420,1,1
3104,0,7,3,3104,202812744,202843249,30505,2,0,1,0,0,0,0,2420,1,1
3105,0,7,2,3105,202857970,202894498,36528,3,2,0,0,0,0,0,2420,1,1
3106,0,7,0,3106,202909220,202930834,21614,1,0,0,0,0,0,0,2420,1,1
3107,0,7,1,3107,202945567,202967180,21613,1,0,0,0,0,0,0,2420,1,1
3108,0,7,3,3108,202981910,203052645,70735,7,3,3,0,0,0,0,2420,1,1
3109,0,7,2,3109,203067371,203121690,54319,5,2,2,0,0,0,0,2420,1,1
3110,0,7,1,3110,203136416,203180420,44004,4,3,0,0,0,0,0,2420,1,1
3111,0,7,1,3111,203195153,203224222,29069,2,1,0,0,0,0,0,2420,1,1
3112,0,7,4,3112,203238959,203269461,30502,2,0,1,0,0,0,0,2420,1,1
3113,0,7,0,3113,203284186,203328151,43965,4,3,0,0,0,0,0,2420,1,1
3114,0,7,2,3114,203342884,203379411,36527,3,2,0,0,0,0,0,2420,1,1
3115,0,7,3,3115,203394137,203415735,21598,1,0,0,0,0,0,0,2420,1,1
3116,0,7,2,3116,203430456,203504089,73633,7,1,5,0,0,0,0,2420,1,1
3117,0,7,2,3117,203518810,203681979,163169,19,13,5,0,0,0,0,2420,1,1
3118,0,7,0,3118,203696708,203773545,76837,8,5,2,0,0,0,0,2420,1,1
3119,0,7,0,3119,203788274,203824856,36582,3,2,0,0,0,0,0,2420,1,1
3120,0,7,3,3120,203839585,203861184,21599,1,0,0,0,0,0,0,2420,1,1
3121,0,7,4,3121,203875909,203913888,37979,3,1,1,0,0,0,0,2420,1,1
3122,0,7,1,3122,203928610,203950224,21614,1,0,0,0,0,0,0,2420,1,1
3123,0,7,2,3123,203964958,203986556,21598,1,0,0,0,0,0,0,2420,1,1
3124,0,7,2,3124,204001277,204030327,29050,2,1,0,0,0,0,0,2420,1,1
3125,0,7,1,3125,204045053,204075584,30531,2,0,1,0,0,0,0,2420,1,1
3126,0,7,4,3126,204090313,204135741,45428,4,2,1,0,0,0,0,2420,1,1
3127,0,7,1,3127,204150463,204204844,54381,5,2,2,0,0,0,0,2420,1,1
3128,0,7,3,3128,204219574,204256077,36503,3,2,0,0,0,0,0,2420,1,1
3129,0,7,0,3129,204270798,204299864,29066,2,1,0,0,0,0,0,2420,1,1
3130,0,7,2,3130,204314598,204406230,91632,10,7,2,0,0,0,0,2420,1,1
3131,0,7,0,3131,204420954,204442567,21613,1,0,0,0,0,0,0,2420,1,1
3132,0,7,0,3132,204457301,204510232,52931,5,3,1,0,0,0,0,2420,1,1
3133,0,7,1,3133,204524966,204615199,90233,10,8,1,0,0,0,0,2420,1,1
3134,0,7,0,3134,204629930,204773828,143898,17,14,2,0,0,0,0,2420,1,1
3135,0,7,1,3135,204788562,204810176,21614,1,0,0,0,0,0,0,2420,1,1
3136,0,7,1,3136,204824909,204846523,21614,1,0,0,0,0,0,0,2420,1,1
3137,0,7,1,3137,204861252,204882869,21617,1,0,0,0,0,0,0,2420,1,1
3138,0,7,3,3138,204897600,204934137,36537,3,2,0,0,0,0,0,2420,1,1
3139,0,7,2,3139,204948859,205046368,97509,10,3,6,0,0,0,0,2420,1,1
3140,0,7,0,3140,205061091,205090179,29088,2,1,0,0,0,0,0,2420,1,1
3141,0,7,3,3141,205104912,205133971,29059,2,1,0,0,0,0,0,2420,1,1
3142,0,7,0,3142,205148692,205170306,21614,1,0,0,0,0,0,0,2420,1,1
3143,0,7,4,3143,205185040,205239368,54328,5,2,2,0,0,0,0,2420,1,1
3144,0,7,1,3144,205254101,205307025,52924,5,3,1,0,0,0,0,2420,1,1
3145,0,7,2,3145,205321755,205425237,103482,11,5,5,0,0,0,0,2420,1,1
3146,0,7,3,3146,205439961,205477929,37968,3,1,1,0,0,0,0,2420,1,1
3147,0,7,3,3147,205492651,205532077,39426,3,0,2,0,0,0,0,2420,1,1
3148,0,7,2,3148,205546802,205592276,45474,4,2,1,0,0,0,0,2420,1,1
3149,0,7,1,3149,205607001,205670337,63336,6,2,3,0,0,0,0,2420,1,1
3150,0,7,0,3150,205685071,205723068,37997,3,1,1,0,0,0,0,2420,1,1
3151,0,7,2,3151,205737798,205775754,37956,3,1,1,0,0,0,0,2420,1,1
3152,0,7,2,3152,205790476,205812073,21597,1,0,0,0,0,0,0,2420,1,1
3153,0,7,2,3153,205826798,205848396,21598,1,0,0,0,0,0,0,2420,1,1
3154,0,7,2,3154,205863118,205893624,30506,2,0,1,0,0,0,0,2420,1,1
3155,0,7,1,3155,205908346,205929960,21614,1,0,0,0,0,0,0,2420,1,1
3156,0,7,4,3156,205944694,206109306,164612,19,12,6,0,0,0,0,2420,1,1
3157,0,7,4,3157,206124036,206224616,100580,11,7,3,0,0,0,0,2420,1,1
3158,0,7,2,3158,206239341,206284788,45447,4,2,1,0,0,0,0,2420,1,1
3159,0,7,4,3159,206299509,206321107,21598,1,0,0,0,0,0,0,2420,1,1
3160,0,7,3,3160,206335833,206357431,21598,1,0,0,0,0,0,0,2420,1,1
3161,0,7,3,3161,206372153,206433977,61824,6,3,2,0,0,0,0,2420,1,1
3162,0,7,4,3162,206448699,206500161,51462,5,4,0,0,0,0,0,2420,1,1
3163,0,7,1,3163,206514886,206552875,37989,3,1,1,0,0,0,0,2420,1,1
3164,0,7,0,3164,206567604,206589218,21614,1,0,0,0,0,0,0,2420,1,1
3165,0,7,0,3165,206603951,206625565,21614,1,0,0,0,0,0,0,2420,1,1
3166,0,7,1,3166,206640295,206737795,97500,10,3,6,0,0,0,0,2420,1,1
3167,0,7,2,3167,206752527,206790522,37995,3,1,1,0,0,0,0,2420,1,1
3168,0,7,1,3168,206805248,206841767,36519,3,2,0,0,0,0,0,2420,1,1
3169,0,7,1,3169,206856500,206885567,29067,2,1,0,0,0,0,0,2420,1,1
3170,0,7,3,3170,206900297,206921895,21598,1,0,0,0,0,0,0,2420,1,1
3171,0,7,4,3171,206936620,207023805,87185,9,4,4,0,0,0,0,2420,1,1
3172,0,7,1,3172,207038526,207149540,111014,12,6,5,0,0,0,0,2420,1,1
3173,0,7,4,3173,207164276,207243904,79628,8,3,4,0,0,0,0,2420,1,1
3174,0,7,1,3174,207258625,207280239,21614,1,0,0,0,0,0,0,2420,1,1
3175,0,7,0,3175,207294973,207325490,30517,2,0,1,0,0,0,0,2420,1,1
3176,0,7,4,3176,207340227,207379811,39584,3,1,0,0,1,0,0,2420,1,1
3177,0,7,2,3177,207394538,207507184,112646,13,11,1,0,0,0,0,2420,1,1
3178,0,7,3,3178,207521910,207589751,67841,7,5,1,0,0,0,0,2420,1,1
3179,0,7,3,3179,207604477,207658805,54328,5,2,2,0,0,0,0,2420,1,1
3180,0,7,4,3180,207673531,207718960,45429,4,2,1,0,0,0,0,2420,1,1
3181,0,7,0,3181,207733686,207852162,118476,13,7,5,0,0,0,0,2420,1,1
3182,0,7,0,3182,207866898,207897416,30518,2,0,1,0,0,0,0,2420,1,1
3183,0,7,4,3183,207912145,208152707,240562,28,15,12,0,0,0,0,2420,1,1
3184,0,7,1,3184,208167439,208189053,21614,1,0,0,0,0,0,0,2420,1,1
3185,0,7,3,3185,208203785,208256682,52897,5,3,1,0,0,0,0,2420,1,1
3186,0,7,2,3186,208271404,208293006,21602,1,0,0,0,0,0,0,2420,1,1
3187,0,7,0,3187,208307727,208338267,30540,2,0,1,0,0,0,0,2420,1,1
3188,0,7,2,3188,208353000,208374598,21598,1,0,0,0,0,0,0,2420,1,1
3189,0,7,3,3189,208389320,208449679,60359,6,4,1,0,0,0,0,2420,1,1
3190,0,7,1,3190,208464405,208486018,21613,1,0,0,0,0,0,0,2420,1,1
3191,0,7,3,3191,208500747,208546159,45412,4,2,1,0,0,0,0,2420,1,1
3192,0,7,0,3192,208560880,208646589,85709,9,5,3,0,0,0,0,2420,1,1
3193,0,7,4,3193,208661319,208682921,21602,1,0,0,0,0,0,0,2420,1,1
3194,0,7,4,3194,208697643,208769791,72148,7,2,4,0,0,0,0,2420,1,1
3195,0,7,0,3195,208784518,208838884,54366,5,2,2,0,0,0,0,2420,1,1
3196,0,7,2,3196,208853617,208909415,55798,5,1,3,0,0,0,0,2420,1,1
3197,0,7,2,3197,208924140,208945739,21599,1,0,0,0,0,0,0,2420,1,1
3198,0,7,2,3198,208960461,208998427,37966,3,1,1,0,0,0,0,2420,1,1
3199,0,7,3,3199,209013154,209034752,21598,1,0,0,0,0,0,0,2420,1,1
3200,0,7,2,3200,209049474,209115869,66395,7,6,0,0,0,0,0,2420,1,1
3201,0,7,1,3201,209130590,209159669,29079,2,1,0,0,0,0,0,2420,1,1
3202,0,7,0,3202,209174403,209228783,54380,5,2,2,0,0,0,0,2420,1,1
3203,0,7,4,3203,209243516,209373935,130419,15,11,3,0,0,0,0,2420,1,1
3204,0,7,4,3204,209388661,209432662,44001,4,3,0,0,0,0,0,2420,1,1
3205,0,7,4,3205,209447388,209485356,37968,3,1,1,0,0,0,0,2420,1,1
3206,0,7,3,3206,209500077,209545523,45446,4,2,1,0,0,0,0,2420,1,1
3207,0,7,1,3207,209560244,209596792,36548,3,2,0,0,0,0,0,2420,1,1
3208,0,7,2,3208,209611529,209633130,21601,1,0,0,0,0,0,0,2420,1,1
3209,0,7,1,3209,209647852,209693343,45491,4,2,1,0,0,0,0,2420,1,1
3210,0,7,0,3210,209708073,209778815,70742,7,3,3,0,0,0,0,2420,1,1
3211,0,7,0,3211,209793549,209824084,30535,2,0,1,0,0,0,0,2420,1,1
3212,0,7,1,3212,209838814,209906691,67877,7,5,1,0,0,0,0,2420,1,1
3213,0,7,4,3213,209921420,209951942,30522,2,0,1,0,0,0,0,2420,1,1
3214,0,7,1,3214,209966667,209997195,30528,2,0,1,0,0,0,0,2420,1,1
3215,0,7,1,3215,210011924,210041013,29089,2,1,0,0,0,0,0,2420,1,1
3216,0,7,2,3216,210055747,210077344,21597,1,0,0,0,0,0,0,2420,1,1
3217,0,7,0,3217,210092066,210138956,46890,4,1,2,0,0,0,0,2420,1,1
3218,0,7,4,3218,210153690,210182751,29061,2,1,0,0,0,0,0,2420,1,1
3219,0,7,1,3219,210197472,210226536,29064,2,1,0,0,0,0,0,2420,1,1
3220,0,7,2,3220,210241265,210313446,72181,7,2,4,0,0,0,0,2420,1,1
3221,0,7,0,3221,210328167,210358709,30542,2,0,1,0,0,0,0,2420,1,1
3222,0,7,3,3222,210373443,210418911,45468,4,2,1,0,0,0,0,2420,1,1
3223,0,7,3,3223,210433637,210479102,45465,4,2,1,0,0,0,0,2420,1,1
3224,0,7,0,3224,210493827,210557147,63320,6,2,3,0,0,0,0,2420,1,1
3225,0,7,0,3225,210571876,210624817,52941,5,3,1,0,0,0,0,2420,1,1
3226,0,7,0,3226,210639547,210676087,36540,3,2,0,0,0,0,0,2420,1,1
3227,0,7,2,3227,210690817,210721324,30507,2,0,1,0,0,0,0,2420,1,1
3228,0,7,3,3228,210736050,210791862,55812,5,1,3,0,0,0,0,2420,1,1
3229,0,7,1,3229,210806588,210828202,21614,1,0,0,0,0,0,0,2420,1,1
3230,0,7,0,3230,210842935,210952428,109493,12,7,4,0,0,0,0,2420,1,1
3231,0,7,0,3231,210967164,210988778,21614,1,0,0,0,0,0,0,2420,1,1
3232,0,7,4,3232,211003511,211032575,29064,2,1,0,0,0,0,0,2420,1,1
3233,0,7,3,3233,211047300,211083835,36535,3,2,0,0,0,0,0,2420,1,1
3234,0,7,0,3234,211098557,211129080,30523,2,0,1,0,0,0,0,2420,1,1
3235,0,7,1,3235,211143814,211165428,21614,1,0,0,0,0,0,0,2420,1,1
3236,0,7,2,3236,211180157,211261238,81081,8,2,5,0,0,0,0,2420,1,1
3237,0,7,2,3237,211275965,211297563,21598,1,0,0,0,0,0,0,2420,1,1
3238,0,7,1,3238,211312289,211365211,52922,5,3,1,0,0,0,0,2420,1,1
3239,0,7,4,3239,211379940,211401538,21598,1,0,0,0,0,0,0,2420,1,1
3240,0,7,2,3240,211416271,211461728,45457,4,2,1,0,0,0,0,2420,1,1
3241,0,7,0,3241,211476454,211544309,67855,7,5,1,0,0,0,0,2420,1,1
3242,0,7,2,3242,211559039,211580637,21598,1,0,0,0,0,0,0,2420,1,1
3243,0,7,4,3243,211595363,211625877,30514,2,0,1,0,0,0,0,2420,1,1
3244,0,7,1,3244,211640598,211669691,29093,2,1,0,0,0,0,0,2420,1,1
3245,0,7,1,3245,211684424,211720958,36534,3,2,0,0,0,0,0,2420,1,1
3246,0,7,3,3246,211735692,211757290,21598,1,0,0,0,0,0,0,2420,1,1
3247,0,7,1,3247,211772012,211827844,55832,5,1,3,0,0,0,0,2420,1,1
3248,0,7,4,3248,211842573,211864175,21602,1,0,0,0,0,0,0,2420,1,1
3249,0,7,3,3249,211878897,211909400,30503,2,0,1,0,0,0,0,2420,1,1
3250,0,7,0,3250,211924125,211977045,52920,5,3,1,0,0,0,0,2420,1,1
3251,0,7,1,3251,211991775,212020874,29099,2,1,0,0,0,0,0,2420,1,1
3252,0,7,1,3252,212035608,212064673,29065,2,1,0,0,0,0,0,2420,1,1
3253,0,7,0,3253,212079402,212115943,36541,3,2,0,0,0,0,0,2420,1,1
3254,0,7,3,3254,212130672,212202878,72206,7,2,4,0,0,0,0,2420,1,1
3255,0,7,1,3255,212217600,212246691,29091,2,1,0,0,0,0,0,2420,1,1
3256,0,7,2,3256,212261420,212283022,21602,1,0,0,0,0,0,0,2420,1,1
3257,0,7,4,3257,212297744,212319343,21599,1,0,0,0,0,0,0,2420,1,1
3258,0,7,2,3258,212334069,212389899,55830,5,1,3,0,0,0,0,2420,1,1
3259,0,7,0,3259,212404625,212441183,36558,3,2,0,0,0,0,0,2420,1,1
3260,0,7,2,3260,212455917,212543030,87113,9,4,4,0,0,0,0,2420,1,1
3261,0,7,2,3261,212557752,212588277,30525,2,0,1,0,0,0,0,2420,1,1
3262,0,7,4,3262,212603002,212646992,43990,4,3,0,0,0,0,0,2420,1,1
3263,0,7,1,3263,212661714,212683332,21618,1,0,0,0,0,0,0,2420,1,1
3264,0,7,4,3264,212698061,212753882,55821,5,1,3,0,0,0,0,2420,1,1
3265,0,7,4,3265,212768603,212858605,90002,9,2,6,0,0,0,0,2420,1,1
3266,0,7,3,3266,212873330,212942636,69306,7,4,2,0,0,0,0,2420,1,1
3267,0,7,2,3267,212957361,213092135,134774,15,8,6,0,0,0,0,2420,1,1
3268,0,7,3,3268,213106863,213159778,52915,5,3,1,0,0,0,0,2420,1,1
3269,0,7,1,3269,213174504,213248366,73862,8,7,0,0,0,0,0,2420,1,1
3270,0,7,4,3270,213263095,213299624,36529,3,2,0,0,0,0,0,2420,1,1
3271,0,7,4,3271,213314350,213353798,39448,3,0,2,0,0,0,0,2420,1,1
3272,0,7,2,3272,213368527,213504808,136281,15,7,7,0,0,0,0,2420,1,1
3273,0,7,2,3273,213519532,213556045,36513,3,2,0,0,0,0,0,2420,1,1
3274,0,7,1,3274,213570766,213592381,21615,1,0,0,0,0,0,0,2420,1,1
3275,0,7,0,3275,213607114,213637640,30526,2,0,1,0,0,0,0,2420,1,1
3276,0,7,1,3276,213652370,213752997,100627,11,7,3,0,0,0,0,2420,1,1
3277,0,7,0,3277,213767729,213902551,134822,15,8,6,0,0,0,0,2420,1,1
3278,0,7,0,3278,213917287,213961310,44023,4,3,0,0,0,0,0,2420,1,1
3279,0,7,0,3279,213976044,214036472,60428,6,4,1,0,0,0,0,2420,1,1
3280,0,7,4,3280,214051202,214160719,109517,12,7,4,0,0,0,0,2420,1,1
3281,0,7,1,3281,214175447,214197061,21614,1,0,0,0,0,0,0,2420,1,1
3282,0,7,3,3282,214211790,214272227,60437,6,4,1,0,0,0,0,2420,1,1
3283,0,7,2,3283,214286952,214341330,54378,5,2,2,0,0,0,0,2420,1,1
3284,0,7,1,3284,214356055,214407486,51431,5,4,0,0,0,0,0,2420,1,1
3285,0,7,0,3285,214422215,214443833,21618,1,0,0,0,0,0,0,2420,1,1
3286,0,7,2,3286,214458563,214480161,21598,1,0,0,0,0,0,0,2420,1,1
3287,0,7,3,3287,214494887,214538881,43994,4,3,0,0,0,0,0,2420,1,1
3288,0,7,3,3288,214553607,214593061,39454,3,0,2,0,0,0,0,2420,1,1
3289,0,7,3,3289,214607782,214645766,37984,3,1,1,0,0,0,0,2420,1,1
3290,0,7,2,3290,214660488,214810203,149715,17,10,6,0,0,0,0,2420,1,1
3291,0,7,3,3291,214824934,214909158,84224,9,6,2,0,0,0,0,2420,1,1
3292,0,7,0,3292,214923884,214952960,29076,2,1,0,0,0,0,0,2420,1,1
3293,0,7,1,3293,214967690,214996770,29080,2,1,0,0,0,0,0,2420,1,1
3294,0,7,3,3294,215011500,215083713,72213,7,2,4,0,0,0,0,2420,1,1
3295,0,7,2,3295,215098435,215120032,21597,1,0,0,0,0,0,0,2420,1,1
3296,0,7,1,3296,215134758,215195187,60429,6,4,1,0,0,0,0,2420,1,1
3297,0,7,2,3297,215209917,215256791,46874,4,1,2,0,0,0,0,2420,1,1
3298,0,7,2,3298,215271513,215293115,21602,1,0,0,0,0,0,0,2420,1,1
3299,0,7,1,3299,215307836,215338361,30525,2,0,1,0,0,0,0,2420,1,1
3300,0,7,2,3300,215353091,215392517,39426,3,0,2,0,0,0,0,2420,1,1
3301,0,7,1,3301,215407243,215428856,21613,1,0,0,0,0,0,0,2420,1,1
3302,0,7,2,3302,215443589,215472637,29048,2,1,0,0,0,0,0,2420,1,1
3303,0,7,0,3303,215487363,215508977,21614,1,0,0,0,0,0,0,2420,1,1
3304,0,7,3,3304,215523719,215569158,45439,4,2,1,0,0,0,0,2420,1,1
3305,0,7,0,3305,215583884,215612952,29068,2,1,0,0,0,0,0,2420,1,1
3306,0,7,3,3306,215627681,215702925,75244,8,6,1,0,0,0,0,2420,1,1
3307,0,7,3,3307,215717647,215755628,37981,3,1,1,0,0,0,0,2420,1,1
3308,0,7,0,3308,215770350,215806862,36512,3,2,0,0,0,0,0,2420,1,1
3309,0,7,2,3309,215821591,215867022,45431,4,2,1,0,0,0,0,2420,1,1
3310,0,7,1,3310,215881744,215918300,36556,3,2,0,0,0,0,0,2420,1,1
3311,0,7,4,3311,215933033,215994869,61836,6,3,2,0,0,0,0,2420,1,1
3312,0,7,4,3312,216009590,216077449,67859,7,5,1,0,0,0,0,2420,1,1
3313,0,7,1,3313,216092170,216258355,166185,19,11,7,0,0,0,0,2420,1,1
3314,0,7,1,3314,216273092,216294706,21614,1,0,0,0,0,0,0,2420,1,1
3315,0,7,1,3315,216309436,216338502,29066,2,1,0,0,0,0,0,2420,1,1
3316,0,7,4,3316,216353235,216438875,85640,9,5,3,0,0,0,0,2420,1,1
3317,0,7,4,3317,216453601,216475200,21599,1,0,0,0,0,0,0,2420,1,1
3318,0,7,0,3318,216489921,216565232,75311,8,6,1,0,0,0,0,2420,1,1
3319,0,7,2,3319,216579961,216661051,81090,8,2,5,0,0,0,0,2420,1,1
3320,0,7,0,3320,216675777,216721277,45500,4,2,1,0,0,0,0,2420,1,1
3321,0,7,4,3321,216736010,216827715,91705,10,7,2,0,0,0,0,2420,1,1
3322,0,7,2,3322,216842439,216948880,106441,11,3,7,0,0,0,0,2420,1,1
3323,0,7,2,3323,216963608,216992656,29048,2,1,0,0,0,0,0,2420,1,1
3324,0,7,1,3324,217007382,217028996,21614,1,0,0,0,0,0,0,2420,1,1
3325,0,7,4,3325,217043729,217083150,39421,3,0,2,0,0,0,0,2420,1,1
3326,0,7,4,3326,217097872,217152209,54337,5,2,2,0,0,0,0,2420,1,1
3327,0,7,3,3327,217166934,217188532,21598,1,0,0,0,0,0,0,2420,1,1
3328,0,7,0,3328,217203258,217266549,63291,6,2,3,0,0,0,0,2420,1,1
3329,0,7,2,3329,217281278,217311803,30525,2,0,1,0,0,0,0,2420,1,1
3330,0,7,2,3330,217326529,217419688,93159,10,6,3,0,0,0,0,2420,1,1
3331,0,7,3,3331,217434416,217463478,29062,2,1,0,0,0,0,0,2420,1,1
3332,0,7,0,3332,217478200,217499813,21613,1,0,0,0,0,0,0,2420,1,1
3333,0,7,4,3333,217514547,217536145,21598,1,0,0,0,0,0,0,2420,1,1
3334,0,7,3,3334,217550866,217638043,87177,9,4,4,0,0,0,0,2420,1,1
3335,0,7,0,3335,217652769,217674383,21614,1,0,0,0,0,0,0,2420,1,1
3336,0,7,2,3336,217689120,217727128,38008,3,1,1,0,0,0,0,2420,1,1
3337,0,7,0,3337,217741849,217763468,21619,1,0,0,0,0,0,0,2420,1,1
3338,0,7,3,3338,217778197,217807256,29059,2,1,0,0,0,0,0,2420,1,1
3339,0,7,1,3339,217821977,217868891,46914,4,1,2,0,0,0,0,2420,1,1
3340,0,7,0,3340,217883625,217905239,21614,1,0,0,0,0,0,0,2420,1,1
3341,0,7,4,3341,217919969,217950498,30529,2,0,1,0,0,0,0,2420,1,1
3342,0,7,1,3342,217965224,218144821,179597,21,14,6,0,0,0,0,2420,1,1
3343,0,7,4,3343,218159556,218228840,69284,7,4,2,0,0,0,0,2420,1,1
3344,0,7,0,3344,218243565,218272653,29088,2,1,0,0,0,0,0,2420,1,1
3345,0,7,1,3345,218287386,218325406,38020,3,1,1,0,0,0,0,2420,1,1
3346,0,7,2,3346,218340135,218419801,79666,8,3,4,0,0,0,0,2420,1,1
3347,0,7,3,3347,218434527,218481406,46879,4,1,2,0,0,0,0,2420,1,1
3348,0,7,2,3348,218496132,218550477,54345,5,2,2,0,0,0,0,2420,1,1
3349,0,7,3,3349,218565203,218586801,21598,1,0,0,0,0,0,0,2420,1,1
3350,0,7,3,3350,218601522,218638029,36507,3,2,0,0,0,0,0,2420,1,1
3351,0,7,4,3351,218652751,218696746,43995,4,3,0,0,0,0,0,2420,1,1
3352,0,7,1,3352,218711468,218798586,87118,9,4,4,0,0,0,0,2420,1,1
3353,0,7,2,3353,218813320,218834918,21598,1,0,0,0,0,0,0,2420,1,1
3354,0,7,3,3354,218849640,218878718,29078,2,1,0,0,0,0,0,2420,1,1
3355,0,7,0,3355,218893444,218923966,30522,2,0,1,0,0,0,0,2420,1,1
3356,0,7,1,3356,218938696,218994673,55977,5,2,1,0,1,0,0,2420,1,1
3357,0,7,1,3357,219009403,219047402,37999,3,1,1,0,0,0,0,2420,1,1
3358,0,7,0,3358,219062132,219091196,29064,2,1,0,0,0,0,0,2420,1,1
3359,0,7,2,3359,219105929,219181260,75331,8,6,1,0,0,0,0,2420,1,1
3360,0,7,1,3360,219195985,219277096,81111,8,2,5,0,0,0,0,2420,1,1
3361,0,7,2,3361,219291826,219322326,30500,2,0,1,0,0,0,0,2420,1,1
3362,0,7,0,3362,219337051,219358664,21613,1,0,0,0,0,0,0,2420,1,1
3363,0,7,1,3363,219373398,219403933,30535,2,0,1,0,0,0,0,2420,1,1
3364,0,7,2,3364,219418662,219449195,30533,2,0,1,0,0,0,0,2420,1,1
3365,0,7,3,3365,219463920,219542191,78271,8,4,3,0,0,0,0,2420,1,1
3366,0,7,1,3366,219556917,219593446,36529,3,2,0,0,0,0,0,2420,1,1
3367,0,7,0,3367,219608175,219629789,21614,1,0,0,0,0,0,0,2420,1,1
3368,0,7,3,3368,219644531,219673608,29077,2,1,0,0,0,0,0,2420,1,1
3369,0,7,0,3369,219688330,219724908,36578,3,2,0,0,0,0,0,2420,1,1
3370,0,7,1,3370,219739638,219783638,44000,4,3,0,0,0,0,0,2420,1,1
3371,0,7,3,3371,219798368,219819966,21598,1,0,0,0,0,0,0,2420,1,1
3372,0,7,2,3372,219834692,219878699,44007,4,3,0,0,0,0,0,2420,1,1
3373,0,7,4,3373,219893424,219915023,21599,1,0,0,0,0,0,0,2420,1,1
3374,0,7,4,3374,219929744,220000452,70708,7,3,3,0,0,0,0,2420,1,1
3375,0,7,0,3375,220015178,220062069,46891,4,1,2,0,0,0,0,2420,1,1
3376,0,7,0,3376,220076802,220190830,114028,13,10,2,0,0,0,0,2420,1,1
3377,0,7,0,3377,220205569,220234637,29068,2,1,0,0,0,0,0,2420,1,1
3378,0,7,3,3378,220249367,220279901,30534,2,0,1,0,0,0,0,2420,1,1
3379,0,7,2,3379,220294627,220346051,51424,5,4,0,0,0,0,0,2420,1,1
3380,0,7,4,3380,220360772,220391292,30520,2,0,1,0,0,0,0,2420,1,1
3381,0,7,4,3381,220406019,220435071,29052,2,1,0,0,0,0,0,2420,1,1
3382,0,7,4,3382,220449793,220560786,110993,12,6,5,0,0,0,0,2420,1,1
3383,0,7,2,3383,220575514,220597113,21599,1,0,0,0,0,0,0,2420,1,1
3384,0,7,4,3384,220611834,220649801,37967,3,1,1,0,0,0,0,2420,1,1
3385,0,7,0,3385,220664527,220718943,54416,5,2,2,0,0,0,0,2420,1,1
3386,0,7,2,3386,220733677,220779143,45466,4,2,1,0,0,0,0,2420,1,1
3387,0,7,4,3387,220793868,220824373,30505,2,0,1,0,0,0,0,2420,1,1
3388,0,7,4,3388,220839094,220886001,46907,4,1,2,0,0,0,0,2420,1,1
3389,0,7,3,3389,220900723,220931257,30534,2,0,1,0,0,0,0,2420,1,1
3390,0,7,0,3390,220945983,220967593,21610,1,0,0,0,0,0,0,2420,1,1
3391,0,7,2,3391,220982321,221003924,21603,1,0,0,0,0,0,0,2420,1,1
3392,0,7,1,3392,221018645,221119299,100654,11,7,3,0,0,0,0,2420,1,1
3393,0,7,0,3393,221134037,221163117,29080,2,1,0,0,0,0,0,2420,1,1
3394,0,7,2,3394,221177846,221208366,30520,2,0,1,0,0,0,0,2420,1,1
3395,0,7,1,3395,221223091,221326617,103526,11,5,5,0,0,0,0,2420,1,1
3396,0,7,3,3396,221341348,221394253,52905,5,3,1,0,0,0,0,2420,1,1
3397,0,7,0,3397,221408974,221438041,29067,2,1,0,0,0,0,0,2420,1,1
3398,0,7,3,3398,221452775,221513156,60381,6,4,1,0,0,0,0,2420,1,1
3399,0,7,1,3399,221527877,221615007,87130,9,4,4,0,0,0,0,2420,1,1
3400,0,7,0,3400,221629744,221722847,93103,10,6,3,0,0,0,0,2420,1,1
3401,0,7,3,3401,221737579,221766658,29079,2,1,0,0,0,0,0,2420,1,1
3402,0,7,1,3402,221781380,221810461,29081,2,1,0,0,0,0,0,2420,1,1
3403,0,7,4,3403,221825194,221854246,29052,2,1,0,0,0,0,0,2420,1,1
3404,0,7,1,3404,221868968,221899507,30539,2,0,1,0,0,0,0,2420,1,1
3405,0,7,3,3405,221914241,221950748,36507,3,2,0,0,0,0,0,2420,1,1
3406,0,7,1,3406,221965474,221995992,30518,2,0,1,0,0,0,0,2420,1,1
3407,0,7,0,3407,222010722,222081435,70713,7,3,3,0,0,0,0,2420,1,1
3408,0,7,0,3408,222096169,222186441,90272,10,8,1,0,0,0,0,2420,1,1
3409,0,7,0,3409,222201173,222239153,37980,3,1,1,0,0,0,0,2420,1,1
3410,0,7,3,3410,222253886,222308258,54372,5,2,2,0,0,0,0,2420,1,1
3411,0,7,0,3411,222322980,222344594,21614,1,0,0,0,0,0,0,2420,1,1
3412,0,7,1,3412,222359323,222403323,44000,4,3,0,0,0,0,0,2420,1,1
3413,0,7,3,3413,222418052,222470973,52921,5,3,1,0,0,0,0,2420,1,1
3414,0,7,0,3414,222485699,222514769,29070,2,1,0,0,0,0,0,2420,1,1
3415,0,7,3,3415,222529499,222560022,30523,2,0,1,0,0,0,0,2420,1,1
3416,0,7,3,3416,222574748,222605262,30514,2,0,1,0,0,0,0,2420,1,1
3417,0,7,2,3417,222619984,222736993,117009,13,8,4,0,0,0,0,2420,1,1
3418,0,7,2,3418,222751717,222800062,48345,4,0,3,0,0,0,0,2420,1,1
3419,0,7,1,3419,222814788,222851355,36567,3,2,0,0,0,0,0,2420,1,1
3420,0,7,3,3420,222866089,222887687,21598,1,0,0,0,0,0,0,2420,1,1
3421,0,7,1,3421,222902409,222932939,30530,2,0,1,0,0,0,0,2420,1,1
3422,0,7,4,3422,222947668,222993115,45447,4,2,1,0,0,0,0,2420,1,1
3423,0,7,3,3423,223007837,223080026,72189,7,2,4,0,0,0,0,2420,1,1
3424,0,7,2,3424,223094752,223125268,30516,2,0,1,0,0,0,0,2420,1,1
3425,0,7,4,3425,223139990,223359743,219753,26,17,8,0,0,0,0,2420,1,1
3426,0,7,0,3426,223374473,223427415,52942,5,3,1,0,0,0,0,2420,1,1
3427,0,7,1,3427,223442145,223463763,21618,1,0,0,0,0,0,0,2420,1,1
3428,0,7,2,3428,223478493,223500091,21598,1,0,0,0,0,0,0,2420,1,1
3429,0,7,4,3429,223514817,223551364,36547,3,2,0,0,0,0,0,2420,1,1
3430,0,7,1,3430,223566090,223635422,69332,7,4,2,0,0,0,0,2420,1,1
3431,0,7,4,3431,223650152,223764207,114055,12,5,5,0,1,0,0,2420,1,1
3432,0,7,1,3432,223778940,223800553,21613,1,0,0,0,0,0,0,2420,1,1
3433,0,7,3,3433,223815287,223914477,99190,11,8,2,0,0,0,0,2420,1,1
3434,0,7,4,3434,223929201,223958254,29053,2,1,0,0,0,0,0,2420,1,1
3435,0,7,0,3435,223972976,224045209,72233,7,2,4,0,0,0,0,2420,1,1
3436,0,7,2,3436,224059938,224193341,133403,15,9,5,0,0,0,0,2420,1,1
3437,0,7,0,3437,224208065,224313193,105128,11,5,4,0,1,0,0,2420,1,1
3438,0,7,3,3438,224327926,224349523,21597,1,0,0,0,0,0,0,2420,1,1
3439,0,7,1,3439,224364249,224464850,100601,11,7,3,0,0,0,0,2420,1,1
3440,0,7,2,3440,224479582,224572732,93150,10,6,3,0,0,0,0,2420,1,1
3441,0,7,3,3441,224587456,224609054,21598,1,0,0,0,0,0,0,2420,1,1
3442,0,7,0,3442,224623780,224661776,37996,3,1,1,0,0,0,0,2420,1,1
3443,0,7,4,3443,224676509,224713016,36507,3,2,0,0,0,0,0,2420,1,1
3444,0,7,0,3444,224727738,224779230,51492,5,4,0,0,0,0,0,2420,1,1
3445,0,7,0,3445,224793963,224837963,44000,4,3,0,0,0,0,0,2420,1,1
3446,0,7,4,3446,224852693,224924887,72194,7,2,4,0,0,0,0,2420,1,1
3447,0,7,1,3447,224939608,225047548,107940,11,2,8,0,0,0,0,2420,1,1
3448,0,7,0,3448,225062284,225092832,30548,2,0,1,0,0,0,0,2420,1,1
3449,0,7,3,3449,225107562,225200671,93109,10,6,3,0,0,0,0,2420,1,1
3450,0,7,1,3450,225215399,225253396,37997,3,1,1,0,0,0,0,2420,1,1
3451,0,7,4,3451,225268126,225289724,21598,1,0,0,0,0,0,0,2420,1,1
3452,0,7,3,3452,225304449,225334964,30515,2,0,1,0,0,0,0,2420,1,1
3453,0,7,1,3453,225349685,225408615,58930,6,5,0,0,0,0,0,2420,1,1
3454,0,7,3,3454,225423349,225535898,112549,12,6,4,0,1,0,0,2420,1,1
3455,0,7,0,3455,225550623,225581142,30519,2,0,1,0,0,0,0,2420,1,1
3456,0,7,2,3456,225595876,225632412,36536,3,2,0,0,0,0,0,2420,1,1
3457,0,7,0,3457,225647138,225668752,21614,1,0,0,0,0,0,0,2420,1,1
3458,0,7,1,3458,225683485,225721489,38004,3,1,1,0,0,0,0,2420,1,1
3459,0,7,2,3459,225736223,225757820,21597,1,0,0,0,0,0,0,2420,1,1
3460,0,7,2,3460,225772542,225794145,21603,1,0,0,0,0,0,0,2420,1,1
3461,0,7,2,3461,225808866,225872183,63317,6,2,3,0,0,0,0,2420,1,1
3462,0,7,4,3462,225886909,225923419,36510,3,2,0,0,0,0,0,2420,1,1
3463,0,7,0,3463,225938141,225983617,45476,4,2,1,0,0,0,0,2420,1,1
3464,0,7,3,3464,225998354,226090025,91671,10,7,2,0,0,0,0,2420,1,1
3465,0,7,1,3465,226104753,226184418,79665,8,3,4,0,0,0,0,2420,1,1
3466,0,7,3,3466,226199147,226237136,37989,3,1,1,0,0,0,0,2420,1,1
3467,0,7,0,3467,226251857,226280949,29092,2,1,0,0,0,0,0,2420,1,1
3468,0,7,1,3468,226295682,226433401,137719,15,6,8,0,0,0,0,2420,1,1
3469,0,7,1,3469,226448134,226469748,21614,1,0,0,0,0,0,0,2420,1,1
3470,0,7,1,3470,226484481,226549426,64945,6,2,2,0,1,0,0,2420,1,1
3471,0,7,0,3471,226564159,226633450,69291,7,4,2,0,0,0,0,2420,1,1
3472,0,7,4,3472,226648179,226717466,69287,7,4,2,0,0,0,0,2420,1,1
3473,0,7,4,3473,226732188,226761237,29049,2,1,0,0,0,0,0,2420,1,1
3474,0,7,1,3474,226775964,226812480,36516,3,2,0,0,0,0,0,2420,1,1
3475,0,7,0,3475,226827212,226848826,21614,1,0,0,0,0,0,0,2420,1,1
3476,0,7,4,3476,226863560,226900087,36527,3,2,0,0,0,0,0,2420,1,1
3477,0,7,1,3477,226914813,226960300,45487,4,2,1,0,0,0,0,2420,1,1
3478,0,7,1,3478,226975033,226996647,21614,1,0,0,0,0,0,0,2420,1,1
3479,0,7,1,3479,227011376,227058290,46914,4,1,2,0,0,0,0,2420,1,1
3480,0,7,3,3480,227073024,227109550,36526,3,2,0,0,0,0,0,2420,1,1
3481,0,7,0,3481,227124275,227186142,61867,6,3,2,0,0,0,0,2420,1,1
3482,0,7,1,3482,227200871,227238871,38000,3,1,1,0,0,0,0,2420,1,1
3483,0,7,2,3483,227253604,227275203,21599,1,0,0,0,0,0,0,2420,1,1
3484,0,7,0,3484,227289924,227344313,54389,5,2,2,0,0,0,0,2420,1,1
3485,0,7,4,3485,227359042,227413402,54360,5,2,2,0,0,0,0,2420,1,1
3486,0,7,1,3486,227428123,227473613,45490,4,2,1,0,0,0,0,2420,1,1
3487,0,7,0,3487,227488343,227517439,29096,2,1,0,0,0,0,0,2420,1,1
3488,0,7,3,3488,227532169,227602916,70747,7,3,3,0,0,0,0,2420,1,1
3489,0,7,3,3489,227617637,227710729,93092,10,6,3,0,0,0,0,2420,1,1
3490,0,7,3,3490,227725457,227755990,30533,2,0,1,0,0,0,0,2420,1,1
3491,0,7,0,3491,227770712,227792325,21613,1,0,0,0,0,0,0,2420,1,1
3492,0,7,2,3492,227807058,227837557,30499,2,0,1,0,0,0,0,2420,1,1
3493,0,7,3,3493,227852284,227873886,21602,1,0,0,0,0,0,0,2420,1,1
3494,0,7,2,3494,227888607,227917661,29054,2,1,0,0,0,0,0,2420,1,1
3495,0,7,3,3495,227932382,227970368,37986,3,1,1,0,0,0,0,2420,1,1
3496,0,7,0,3496,227985102,228030550,45448,4,2,1,0,0,0,0,2420,1,1
3497,0,7,1,3497,228045284,228139873,94589,10,5,4,0,0,0,0,2420,1,1
3498,0,7,1,3498,228154609,228208984,54375,5,2,2,0,0,0,0,2420,1,1
3499,0,7,2,3499,228223717,228245316,21599,1,0,0,0,0,0,0,2420,1,1
3500,0,7,0,3500,228260037,228281651,21614,1,0,0,0,0,0,0,2420,1,1
3501,0,7,0,3501,228296384,228334397,38013,3,1,1,0,0,0,0,2420,1,1
3502,0,7,3,3502,228349126,228379628,30502,2,0,1,0,0,0,0,2420,1,1
3503,0,7,2,3503,228394353,228415951,21598,1,0,0,0,0,0,0,2420,1,1
3504,0,7,2,3504,228430672,228452270,21598,1,0,0,0,0,0,0,2420,1,1
3505,0,7,1,3505,228466996,228504966,37970,3,1,1,0,0,0,0,2420,1,1
3506,0,7,2,3506,228519696,228595030,75334,8,6,1,0,0,0,0,2420,1,1
3507,0,7,2,3507,228609752,228665573,55821,5,1,3,0,0,0,0,2420,1,1
3508,0,7,2,3508,228680295,228774900,94605,10,5,4,0,0,0,0,2420,1,1
3509,0,7,2,3509,228789623,228833633,44010,4,3,0,0,0,0,0,2420,1,1
3510,0,7,0,3510,228848355,228895312,46957,4,1,2,0,0,0,0,2420,1,1
3511,0,7,2,3511,228910042,228953998,43956,4,3,0,0,0,0,0,2420,1,1
3512,0,7,1,3512,228968719,228997797,29078,2,1,0,0,0,0,0,2420,1,1
3513,0,7,3,3513,229012526,229075800,63274,6,2,3,0,0,0,0,2420,1,1
3514,0,7,4,3514,229090522,229119594,29072,2,1,0,0,0,0,0,2420,1,1
3515,0,7,0,3515,229134320,229202126,67806,7,5,1,0,0,0,0,2420,1,1
3516,0,7,4,3516,229216859,229263906,47047,4,2,0,0,1,0,0,2420,1,1
3517,0,7,0,3517,229278627,229338967,60340,6,4,1,0,0,0,0,2420,1,1
3518,0,7,0,3518,229353700,229375314,21614,1,0,0,0,0,0,0,2420,1,1
3519,0,7,3,3519,229390044,229428024,37980,3,1,1,0,0,0,0,2420,1,1
3520,0,7,2,3520,229442746,229486716,43970,4,3,0,0,0,0,0,2420,1,1
3521,0,7,2,3521,229501438,229523040,21602,1,0,0,0,0,0,0,2420,1,1
3522,0,7,2,3522,229537761,229608511,70750,7,3,3,0,0,0,0,2420,1,1
3523,0,7,0,3523,229623236,229652302,29066,2,1,0,0,0,0,0,2420,1,1
3524,0,7,4,3524,229667035,229770550,103515,11,5,5,0,0,0,0,2420,1,1
3525,0,7,2,3525,229785279,229832178,46899,4,1,2,0,0,0,0,2420,1,1
3526,0,7,1,3526,229846903,229883454,36551,3,2,0,0,0,0,0,2420,1,1
3527,0,7,2,3527,229898183,229958530,60347,6,4,1,0,0,0,0,2420,1,1
3528,0,7,0,3528,229973263,230002351,29088,2,1,0,0,0,0,0,2420,1,1
3529,0,7,0,3529,230017085,230047620,30535,2,0,1,0,0,0,0,2420,1,1
3530,0,7,4,3530,230062350,230083952,21602,1,0,0,0,0,0,0,2420,1,1
3531,0,7,4,3531,230098673,230127741,29068,2,1,0,0,0,0,0,2420,1,1
3532,0,7,0,3532,230142463,230195385,52922,5,3,1,0,0,0,0,2420,1,1
3533,0,7,0,3533,230210114,230231728,21614,1,0,0,0,0,0,0,2420,1,1
3534,0,7,4,3534,230246461,230284427,37966,3,1,1,0,0,0,0,2420,1,1
3535,0,7,1,3535,230299149,230371378,72229,7,2,4,0,0,0,0,2420,1,1
3536,0,7,4,3536,230386112,230465791,79679,8,3,4,0,0,0,0,2420,1,1
3537,0,7,4,3537,230480513,230502111,21598,1,0,0,0,0,0,0,2420,1,1
3538,0,7,2,3538,230516836,230545891,29055,2,1,0,0,0,0,0,2420,1,1
3539,0,7,1,3539,230560613,230606048,45435,4,2,1,0,0,0,0,2420,1,1
3540,0,7,2,3540,230620777,230705007,84230,9,6,2,0,0,0,0,2420,1,1
3541,0,7,4,3541,230719729,230741327,21598,1,0,0,0,0,0,0,2420,1,1
3542,0,7,0,3542,230756053,230777667,21614,1,0,0,0,0,0,0,2420,1,1
3543,0,7,1,3543,230792396,230846760,54364,5,2,2,0,0,0,0,2420,1,1
3544,0,7,1,3544,230861489,230921831,60342,6,4,1,0,0,0,0,2420,1,1
3545,0,7,3,3545,230936564,231019315,82751,9,7,1,0,0,0,0,2420,1,1
3546,0,7,4,3546,231034041,231070574,36533,3,2,0,0,0,0,0,2420,1,1
3547,0,7,2,3547,231085300,231169551,84251,9,6,2,0,0,0,0,2420,1,1
3548,0,7,4,3548,231184276,231402435,218159,25,12,12,0,0,0,0,2420,1,1
3549,0,7,0,3549,231417167,231462599,45432,4,2,1,0,0,0,0,2420,1,1
3550,0,7,0,3550,231477332,231506417,29085,2,1,0,0,0,0,0,2420,1,1
3551,0,7,3,3551,231521146,231559112,37966,3,1,1,0,0,0,0,2420,1,1
3552,0,7,2,3552,231573837,231602913,29076,2,1,0,0,0,0,0,2420,1,1
3553,0,7,1,3553,231617635,231837364,219729,25,11,13,0,0,0,0,2420,1,1
3554,0,7,4,3554,231852100,231873702,21602,1,0,0,0,0,0,0,2420,1,1
3555,0,7,4,3555,231888424,231953172,64748,6,1,4,0,0,0,0,2420,1,1
3556,0,7,3,3556,231967894,232038615,70721,7,3,3,0,0,0,0,2420,1,1
3557,0,7,0,3557,232053340,232106278,52938,5,3,1,0,0,0,0,2420,1,1
3558,0,7,2,3558,232121007,232227564,106557,11,4,5,0,1,0,0,2420,1,1
3559,0,7,0,3559,232242289,232340004,97715,11,9,1,0,0,0,0,2420,1,1
3560,0,7,2,3560,232354747,232403083,48336,4,0,3,0,0,0,0,2420,1,1
3561,0,7,4,3561,232417805,232510947,93142,10,6,3,0,0,0,0,2420,1,1
3562,0,7,4,3562,232525675,232596374,70699,7,3,3,0,0,0,0,2420,1,1
3563,0,7,0,3563,232611096,232672906,61810,6,3,2,0,0,0,0,2420,1,1
3564,0,7,4,3564,232687635,232743427,55792,5,1,3,0,0,0,0,2420,1,1
3565,0,7,1,3565,232758149,232803618,45469,4,2,1,0,0,0,0,2420,1,1
3566,0,7,1,3566,232818348,232927933,109585,12,7,4,0,0,0,0,2420,1,1
3567,0,7,0,3567,232942666,232995588,52922,5,3,1,0,0,0,0,2420,1,1
3568,0,7,1,3568,233010318,233055807,45489,4,2,1,0,0,0,0,2420,1,1
3569,0,7,4,3569,233070537,233092135,21598,1,0,0,0,0,0,0,2420,1,1
3570,0,7,4,3570,233106860,233128458,21598,1,0,0,0,0,0,0,2420,1,1
3571,0,7,4,3571,233143184,233190054,46870,4,1,2,0,0,0,0,2420,1,1
3572,0,7,1,3572,233204779,233256242,51463,5,4,0,0,0,0,0,2420,1,1
3573,0,7,1,3573,233270971,233431246,160275,18,10,6,0,1,0,0,2420,1,1
3574,0,7,3,3574,233445984,233492873,46889,4,1,2,0,0,0,0,2420,1,1
3575,0,7,4,3575,233507594,233608242,100648,11,7,3,0,0,0,0,2420,1,1
3576,0,7,0,3576,233622970,233668447,45477,4,2,1,0,0,0,0,2420,1,1
3577,0,7,4,3577,233683180,233704778,21598,1,0,0,0,0,0,0,2420,1,1
3578,0,7,1,3578,233719500,233748593,29093,2,1,0,0,0,0,0,2420,1,1
3579,0,7,2,3579,233763326,233868246,104920,11,4,6,0,0,0,0,2420,1,1
3580,0,7,0,3580,233882974,233919493,36519,3,2,0,0,0,0,0,2420,1,1
3581,0,7,0,3581,233934226,233955840,21614,1,0,0,0,0,0,0,2420,1,1
3582,0,7,3,3582,233970569,234041327,70758,7,3,3,0,0,0,0,2420,1,1
3583,0,7,2,3583,234056052,234077651,21599,1,0,0,0,0,0,0,2420,1,1
3584,0,7,0,3584,234092373,234113991,21618,1,0,0,0,0,0,0,2420,1,1
3585,0,7,1,3585,234128721,234150335,21614,1,0,0,0,0,0,0,2420,1,1
3586,0,7,2,3586,234165069,234203028,37959,3,1,1,0,0,0,0,2420,1,1
3587,0,7,2,3587,234217749,234246797,29048,2,1,0,0,0,0,0,2420,1,1
3588,0,7,4,3588,234261519,234283121,21602,1,0,0,0,0,0,0,2420,1,1
3589,0,7,1,3589,234297843,234328358,30515,2,0,1,0,0,0,0,2420,1,1
3590,0,7,1,3590,234343091,234364705,21614,1,0,0,0,0,0,0,2420,1,1
3591,0,7,4,3591,234379434,234409940,30506,2,0,1,0,0,0,0,2420,1,1
3592,0,7,4,3592,234424674,234461178,36504,3,2,0,0,0,0,0,2420,1,1
3593,0,7,0,3593,234475903,234521370,45467,4,2,1,0,0,0,0,2420,1,1
3594,0,7,0,3594,234536104,234583039,46935,4,1,2,0,0,0,0,2420,1,1
3595,0,7,1,3595,234597768,234637203,39435,3,0,2,0,0,0,0,2420,1,1
3596,0,7,1,3596,234651933,234689913,37980,3,1,1,0,0,0,0,2420,1,1
3597,0,7,4,3597,234704647,234758977,54330,5,2,2,0,0,0,0,2420,1,1
3598,0,7,3,3598,234773704,234832618,58914,6,5,0,0,0,0,0,2420,1,1
3599,0,7,3,3599,234847344,234877847,30503,2,0,1,0,0,0,0,2420,1,1
3600,0,7,3,3600,234892569,234914171,21602,1,0,0,0,0,0,0,2420,1,1
3601,0,7,1,3601,234928892,235031098,102206,11,7,2,0,1,0,0,2420,1,1
3602,0,7,0,3602,235045835,235144995,99160,11,8,2,0,0,0,0,2420,1,1
3603,0,7,1,3603,235159726,235311162,151436,18,15,2,0,0,0,0,2420,1,1
3604,0,7,3,3604,235325900,235363901,38001,3,1,1,0,0,0,0,2420,1,1
3605,0,7,4,3605,235378622,235439000,60378,6,4,1,0,0,0,0,2420,1,1
3606,0,7,4,3606,235453726,235475324,21598,1,0,0,0,0,0,0,2420,1,1
3607,0,7,1,3607,235490046,235520563,30517,2,0,1,0,0,0,0,2420,1,1
3608,0,7,4,3608,235535296,235556894,21598,1,0,0,0,0,0,0,2420,1,1
3609,0,7,3,3609,235571616,235640904,69288,7,4,2,0,0,0,0,2420,1,1
3610,0,7,3,3610,235655630,235677228,21598,1,0,0,0,0,0,0,2420,1,1
3611,0,7,2,3611,235691949,235800016,108067,12,8,3,0,0,0,0,2420,1,1
3612,0,7,4,3612,235814745,235843812,29067,2,1,0,0,0,0,0,2420,1,1
3613,0,7,3,3613,235858534,235887590,29056,2,1,0,0,0,0,0,2420,1,1
3614,0,7,4,3614,235902312,235940282,37970,3,1,1,0,0,0,0,2420,1,1
3615,0,7,1,3615,235955007,235976622,21615,1,0,0,0,0,0,0,2420,1,1
3616,0,7,1,3616,235991352,236051732,60380,6,4,1,0,0,0,0,2420,1,1
3617,0,7,3,3617,236066466,236088064,21598,1,0,0,0,0,0,0,2420,1,1
3618,0,7,1,3618,236102789,236148276,45487,4,2,1,0,0,0,0,2420,1,1
3619,0,7,3,3619,236163009,236184607,21598,1,0,0,0,0,0,0,2420,1,1
3620,0,7,2,3620,236199329,236287857,88528,9,3,5,0,0,0,0,2420,1,1
3621,0,7,2,3621,236302578,236339103,36525,3,2,0,0,0,0,0,2420,1,1
3622,0,7,4,3622,236353829,236384336,30507,2,0,1,0,0,0,0,2420,1,1
3623,0,7,3,3623,236399057,236420655,21598,1,0,0,0,0,0,0,2420,1,1
3624,0,7,2,3624,236435388,236471909,36521,3,2,0,0,0,0,0,2420,1,1
3625,0,7,0,3625,236486635,236515712,29077,2,1,0,0,0,0,0,2420,1,1
3626,0,7,2,3626,236530442,236604251,73809,7,2,3,0,1,0,0,2420,1,1
3627,0,7,1,3627,236618972,236648061,29089,2,1,0,0,0,0,0,2420,1,1
3628,0,7,3,3628,236662795,236684393,21598,1,0,0,0,0,0,0,2420,1,1
3629,0,7,3,3629,236699115,236825012,125897,14,8,5,0,0,0,0,2420,1,1
3630,0,7,2,3630,236839737,236876242,36505,3,2,0,0,0,0,0,2420,1,1
3631,0,7,4,3631,236890963,236912561,21598,1,0,0,0,0,0,0,2420,1,1
3632,0,7,3,3632,236927286,236972685,45399,4,2,1,0,0,0,0,2420,1,1
3633,0,7,4,3633,236987411,237056695,69284,7,4,2,0,0,0,0,2420,1,1
3634,0,7,3,3634,237071417,237165960,94543,10,5,4,0,0,0,0,2420,1,1
3635,0,7,2,3635,237180683,237202281,21598,1,0,0,0,0,0,0,2420,1,1
3636,0,7,3,3636,237217006,237238604,21598,1,0,0,0,0,0,0,2420,1,1
3637,0,7,4,3637,237253330,237274928,21598,1,0,0,0,0,0,0,2420,1,1
3638,0,7,3,3638,237289650,237311248,21598,1,0,0,0,0,0,0,2420,1,1
3639,0,7,1,3639,237325973,237355037,29064,2,1,0,0,0,0,0,2420,1,1
3640,0,7,0,3640,237369766,237413779,44013,4,3,0,0,0,0,0,2420,1,1
3641,0,7,2,3641,237428508,237466506,37998,3,1,1,0,0,0,0,2420,1,1
3642,0,7,0,3642,237481227,237568419,87192,9,4,4,0,0,0,0,2420,1,1
3643,0,7,2,3643,237583150,237612221,29071,2,1,0,0,0,0,0,2420,1,1
3644,0,7,3,3644,237626946,237648544,21598,1,0,0,0,0,0,0,2420,1,1
3645,0,7,2,3645,237663270,237684868,21598,1,0,0,0,0,0,0,2420,1,1
3646,0,7,0,3646,237699589,237745036,45447,4,2,1,0,0,0,0,2420,1,1
3647,0,7,3,3647,237759766,237781364,21598,1,0,0,0,0,0,0,2420,1,1
3648,0,7,2,3648,237796089,237832607,36518,3,2,0,0,0,0,0,2420,1,1
3649,0,7,3,3649,237847333,237940491,93158,10,6,3,0,0,0,0,2420,1,1
3650,0,7,0,3650,237955219,238018572,63353,6,2,3,0,0,0,0,2420,1,1
3651,0,7,2,3651,238033305,238054903,21598,1,0,0,0,0,0,0,2420,1,1
3652,0,7,0,3652,238069625,238091239,21614,1,0,0,0,0,0,0,2420,1,1
3653,0,7,0,3653,238105972,238161790,55818,5,1,3,0,0,0,0,2420,1,1
3654,0,7,4,3654,238176523,238269680,93157,10,6,3,0,0,0,0,2420,1,1
3655,0,7,4,3655,238284407,238374642,90235,9,3,4,0,1,0,0,2420,1,1
3656,0,7,3,3656,238389371,238463083,73712,7,1,5,0,0,0,0,2420,1,1
3657,0,7,0,3657,238477804,238539669,61865,6,3,2,0,0,0,0,2420,1,1
3658,0,7,4,3658,238554403,238623646,69243,7,4,2,0,0,0,0,2420,1,1
3659,0,7,1,3659,238638368,238715183,76815,8,5,2,0,0,0,0,2420,1,1
3660,0,7,1,3660,238729912,238751526,21614,1,0,0,0,0,0,0,2420,1,1
3661,0,7,1,3661,238766259,238844445,78186,8,4,3,0,0,0,0,2420,1,1
3662,0,7,3,3662,238859174,238889703,30529,2,0,1,0,0,0,0,2420,1,1
3663,0,7,4,3663,238904428,238926023,21595,1,0,0,0,0,0,0,2420,1,1
3664,0,7,3,3664,238940744,239002532,61788,6,3,2,0,0,0,0,2420,1,1
3665,0,7,4,3665,239017258,239095455,78197,8,4,3,0,0,0,0,2420,1,1
3666,0,7,0,3666,239110176,239131790,21614,1,0,0,0,0,0,0,2420,1,1
3667,0,7,2,3667,239146523,239168121,21598,1,0,0,0,0,0,0,2420,1,1
3668,0,7,0,3668,239182846,239213366,30520,2,0,1,0,0,0,0,2420,1,1
3669,0,7,0,3669,239228095,239272078,43983,4,3,0,0,0,0,0,2420,1,1
3670,0,7,4,3670,239286811,239348603,61792,6,3,2,0,0,0,0,2420,1,1
3671,0,7,0,3671,239363329,239384943,21614,1,0,0,0,0,0,0,2420,1,1
3672,0,7,1,3672,239399673,239443678,44005,4,3,0,0,0,0,0,2420,1,1
3673,0,7,2,3673,239458407,239497834,39427,3,0,2,0,0,0,0,2420,1,1
3674,0,7,2,3674,239512555,239534159,21604,1,0,0,0,0,0,0,2420,1,1
3675,0,7,2,3675,239548880,239618185,69305,7,4,2,0,0,0,0,2420,1,1
3676,0,7,3,3676,239632910,239679809,46899,4,1,2,0,0,0,0,2420,1,1
3677,0,7,3,3677,239694535,239836801,142266,16,9,6,0,0,0,0,2420,1,1
3678,0,7,2,3678,239851526,239888054,36528,3,2,0,0,0,0,0,2420,1,1
3679,0,7,3,3679,239902779,239948216,45437,4,2,1,0,0,0,0,2420,1,1
3680,0,7,0,3680,239962942,239993459,30517,2,0,1,0,0,0,0,2420,1,1
3681,0,7,4,3681,240008188,240029786,21598,1,0,0,0,0,0,0,2420,1,1
3682,0,7,0,3682,240044512,240091421,46909,4,1,2,0,0,0,0,2420,1,1
3683,0,7,2,3683,240106155,240135203,29048,2,1,0,0,0,0,0,2420,1,1
3684,0,7,4,3684,240149925,240171523,21598,1,0,0,0,0,0,0,2420,1,1
3685,0,7,0,3685,240186248,240338890,152642,17,8,8,0,0,0,0,2420,1,1
3686,0,7,4,3686,240353626,240409480,55854,5,1,3,0,0,0,0,2420,1,1
3687,0,7,4,3687,240424206,240454717,30511,2,0,1,0,0,0,0,2420,1,1
3688,0,7,0,3688,240469447,240507458,38011,3,1,1,0,0,0,0,2420,1,1
3689,0,7,4,3689,240522187,240582550,60363,6,4,1,0,0,0,0,2420,1,1
3690,0,7,2,3690,240597276,240629407,32131,2,0,0,0,1,0,0,2420,1,1
3691,0,7,1,3691,240644132,240665746,21614,1,0,0,0,0,0,0,2420,1,1
3692,0,7,1,3692,240680475,240718465,37990,3,1,1,0,0,0,0,2420,1,1
3693,0,7,4,3693,240733199,240805411,72212,7,2,4,0,0,0,0,2420,1,1
3694,0,7,4,3694,240820133,240873036,52903,5,3,1,0,0,0,0,2420,1,1
3695,0,7,2,3695,240887758,241039054,151296,17,9,7,0,0,0,0,2420,1,1
3696,0,7,3,3696,241053783,241082849,29066,2,1,0,0,0,0,0,2420,1,1
3697,0,7,2,3697,241097571,241134103,36532,3,2,0,0,0,0,0,2420,1,1
3698,0,7,3,3698,241148825,241239085,90260,10,8,1,0,0,0,0,2420,1,1
3699,0,7,1,3699,241253813,241323111,69298,7,4,2,0,0,0,0,2420,1,1
3700,0,7,1,3700,241337841,241359455,21614,1,0,0,0,0,0,0,2420,1,1
3701,0,7,0,3701,241374188,241418224,44036,4,3,0,0,0,0,0,2420,1,1
3702,0,7,1,3702,241432957,241454571,21614,1,0,0,0,0,0,0,2420,1,1
3703,0,7,4,3703,241469300,241490898,21598,1,0,0,0,0,0,0,2420,1,1
3704,0,7,2,3704,241505624,241660038,154414,18,14,2,0,1,0,0,2420,1,1
3705,0,7,2,3705,241674769,241729118,54349,5,2,2,0,0,0,0,2420,1,1
3706,0,7,2,3706,241743843,241790757,46914,4,1,2,0,0,0,0,2420,1,1
3707,0,7,4,3707,241805482,241852367,46885,4,1,2,0,0,0,0,2420,1,1
3708,0,7,0,3708,241867093,241937817,70724,7,3,3,0,0,0,0,2420,1,1
3709,0,7,4,3709,241952547,242012887,60340,6,4,1,0,0,0,0,2420,1,1
3710,0,7,1,3710,242027609,242080548,52939,5,3,1,0,0,0,0,2420,1,1
3711,0,7,4,3711,242095281,242134711,39430,3,0,2,0,0,0,0,2420,1,1
3712,0,7,2,3712,242149433,242203781,54348,5,2,2,0,0,0,0,2420,1,1
3713,0,7,1,3713,242218501,242256478,37977,3,1,1,0,0,0,0,2420,1,1
3714,0,7,2,3714,242271208,242292811,21603,1,0,0,0,0,0,0,2420,1,1
3715,0,7,1,3715,242307533,242329147,21614,1,0,0,0,0,0,0,2420,1,1
3716,0,7,4,3716,242343880,242445948,102068,11,6,4,0,0,0,0,2420,1,1
3717,0,7,2,3717,242460672,242525565,64893,6,2,2,0,1,0,0,2420,1,1
3718,0,7,0,3718,242540286,242664777,124491,14,9,4,0,0,0,0,2420,1,1
3719,0,7,3,3719,242679509,242739896,60387,6,4,1,0,0,0,0,2420,1,1
3720,0,7,4,3720,242754629,242794068,39439,3,0,2,0,0,0,0,2420,1,1
3721,0,7,4,3721,242808790,242973504,164714,19,12,6,0,0,0,0,2420,1,1
3722,0,7,1,3722,242988230,243009844,21614,1,0,0,0,0,0,0,2420,1,1
3723,0,7,0,3723,243024577,243070049,45472,4,2,1,0,0,0,0,2420,1,1
3724,0,7,3,3724,243084783,243154059,69276,7,4,2,0,0,0,0,2420,1,1
3725,0,7,4,3725,243168780,243215662,46882,4,1,2,0,0,0,0,2420,1,1
3726,0,7,4,3726,243230384,243260916,30532,2,0,1,0,0,0,0,2420,1,1
3727,0,7,4,3727,243275642,243358422,82780,9,7,1,0,0,0,0,2420,1,1
3728,0,7,0,3728,243373146,243409667,36521,3,2,0,0,0,0,0,2420,1,1
3729,0,7,1,3729,243424400,243454919,30519,2,0,1,0,0,0,0,2420,1,1
3730,0,7,4,3730,243469648,243491246,21598,1,0,0,0,0,0,0,2420,1,1
3731,0,7,0,3731,243505972,243658649,152677,17,8,8,0,0,0,0,2420,1,1
3732,0,7,2,3732,243673386,243702437,29051,2,1,0,0,0,0,0,2420,1,1
3733,0,7,3,3733,243717163,243778987,61824,6,3,2,0,0,0,0,2420,1,1
3734,0,7,2,3734,243793712,243840643,46931,4,1,2,0,0,0,0,2420,1,1
3735,0,7,3,3735,243855369,243891891,36522,3,2,0,0,0,0,0,2420,1,1
3736,0,7,3,3736,243906616,243928214,21598,1,0,0,0,0,0,0,2420,1,1
3737,0,7,4,3737,243942940,244013646,70706,7,3,3,0,0,0,0,2420,1,1
3738,0,7,2,3738,244028368,244064927,36559,3,2,0,0,0,0,0,2420,1,1
3739,0,7,1,3739,244079648,244101262,21614,1,0,0,0,0,0,0,2420,1,1
3740,0,7,1,3740,244115996,244161481,45485,4,2,1,0,0,0,0,2420,1,1
3741,0,7,3,3741,244176215,244232005,55790,5,1,3,0,0,0,0,2420,1,1
3742,0,7,0,3742,244246730,244268343,21613,1,0,0,0,0,0,0,2420,1,1
3743,0,7,1,3743,244283075,244322532,39457,3,0,2,0,0,0,0,2420,1,1
3744,0,7,3,3744,244337266,244358864,21598,1,0,0,0,0,0,0,2420,1,1
3745,0,7,3,3745,244373589,244395188,21599,1,0,0,0,0,0,0,2420,1,1
3746,0,7,3,3746,244409909,244455349,45440,4,2,1,0,0,0,0,2420,1,1
3747,0,7,3,3747,244470070,244534853,64783,6,1,4,0,0,0,0,2420,1,1
3748,0,7,2,3748,244549574,244571172,21598,1,0,0,0,0,0,0,2420,1,1
3749,0,7,0,3749,244585898,244631383,45485,4,2,1,0,0,0,0,2420,1,1
3750,0,7,0,3750,244646116,244675195,29079,2,1,0,0,0,0,0,2420,1,1
3751,0,7,4,3751,244689923,244718979,29056,2,1,0,0,0,0,0,2420,1,1
3752,0,7,4,3752,244733712,244755310,21598,1,0,0,0,0,0,0,2420,1,1
3753,0,7,4,3753,244770032,244815453,45421,4,2,1,0,0,0,0,2420,1,1
3754,0,7,1,3754,244830174,244923275,93101,10,6,3,0,0,0,0,2420,1,1
3755,0,7,4,3755,244938007,244974526,36519,3,2,0,0,0,0,0,2420,1,1
3756,0,7,0,3756,244989247,245033241,43994,4,3,0,0,0,0,0,2420,1,1
3757,0,7,4,3757,245047971,245069569,21598,1,0,0,0,0,0,0,2420,1,1
3758,0,7,1,3758,245084295,245140130,55835,5,1,3,0,0,0,0,2420,1,1
3759,0,7,2,3759,245154863,245222712,67849,7,5,1,0,0,0,0,2420,1,1
3760,0,7,4,3760,245237434,245275446,38012,3,1,1,0,0,0,0,2420,1,1
3761,0,7,0,3761,245290167,245311781,21614,1,0,0,0,0,0,0,2420,1,1
3762,0,7,3,3762,245326514,245526869,200355,23,12,10,0,0,0,0,2420,1,1
3763,0,7,1,3763,245541597,245578133,36536,3,2,0,0,0,0,0,2420,1,1
3764,0,7,0,3764,245592866,245614480,21614,1,0,0,0,0,0,0,2420,1,1
3765,0,7,3,3765,245629210,245705963,76753,8,5,2,0,0,0,0,2420,1,1
3766,0,7,1,3766,245720684,245751235,30551,2,0,1,0,0,0,0,2420,1,1
3767,0,7,4,3767,245765968,245859135,93167,10,6,3,0,0,0,0,2420,1,1
3768,0,7,1,3768,245873862,245975943,102081,11,6,4,0,0,0,0,2420,1,1
3769,0,7,2,3769,245990675,246012273,21598,1,0,0,0,0,0,0,2420,1,1
3770,0,7,1,3770,246026998,246048611,21613,1,0,0,0,0,0,0,2420,1,1
3771,0,7,1,3771,246063345,246144479,81134,8,2,5,0,0,0,0,2420,1,1
3772,0,7,1,3772,246159208,246253826,94618,10,5,4,0,0,0,0,2420,1,1
3773,0,7,2,3773,246268558,246299067,30509,2,0,1,0,0,0,0,2420,1,1
3774,0,7,4,3774,246313794,246335392,21598,1,0,0,0,0,0,0,2420,1,1
3775,0,7,2,3775,246350114,246380637,30523,2,0,1,0,0,0,0,2420,1,1
3776,0,7,4,3776,246395363,246425864,30501,2,0,1,0,0,0,0,2420,1,1
3777,0,7,0,3777,246440586,246533749,93163,10,6,3,0,0,0,0,2420,1,1
3778,0,7,0,3778,246548481,246613192,64711,6,1,4,0,0,0,0,2420,1,1
3779,0,7,4,3779,246627922,246706114,78192,8,4,3,0,0,0,0,2420,1,1
3780,0,7,2,3780,246720835,246806532,85697,9,5,3,0,0,0,0,2420,1,1
3781,0,7,2,3781,246821254,246892011,70757,7,3,3,0,0,0,0,2420,1,1
3782,0,7,1,3782,246906737,246928350,21613,1,0,0,0,0,0,0,2420,1,1
3783,0,7,2,3783,246943083,246964682,21599,1,0,0,0,0,0,0,2420,1,1
3784,0,7,0,3784,246979411,247017395,37984,3,1,1,0,0,0,0,2420,1,1
3785,0,7,4,3785,247032125,247099913,67788,7,5,1,0,0,0,0,2420,1,1
3786,0,7,4,3786,247114639,247194274,79635,8,3,4,0,0,0,0,2420,1,1
3787,0,7,0,3787,247208995,247273756,64761,6,1,4,0,0,0,0,2420,1,1
3788,0,7,2,3788,247288486,247317546,29060,2,1,0,0,0,0,0,2420,1,1
3789,0,7,3,3789,247332269,247362803,30534,2,0,1,0,0,0,0,2420,1,1
3790,0,7,2,3790,247377525,247455724,78199,8,4,3,0,0,0,0,2420,1,1
3791,0,7,0,3791,247470446,247492059,21613,1,0,0,0,0,0,0,2420,1,1
3792,0,7,1,3792,247506792,247579017,72225,7,2,4,0,0,0,0,2420,1,1
3793,0,7,0,3793,247593751,247622816,29065,2,1,0,0,0,0,0,2420,1,1
3794,0,7,0,3794,247637545,247675561,38016,3,1,1,0,0,0,0,2420,1,1
3795,0,7,0,3795,247690290,247720837,30547,2,0,1,0,0,0,0,2420,1,1
3796,0,7,1,3796,247735570,247773572,38002,3,1,1,0,0,0,0,2420,1,1
3797,0,7,2,3797,247788302,247826280,37978,3,1,1,0,0,0,0,2420,1,1
3798,0,7,4,3798,247841001,247892432,51431,5,4,0,0,0,0,0,2420,1,1
3799,0,7,2,3799,247907157,247928755,21598,1,0,0,0,0,0,0,2420,1,1
3800,0,7,1,3800,247943480,247965094,21614,1,0,0,0,0,0,0,2420,1,1
3801,0,7,3,3801,247979823,248001421,21598,1,0,0,0,0,0,0,2420,1,1
3802,0,7,1,3802,248016147,248055595,39448,3,0,2,0,0,0,0,2420,1,1
3803,0,7,1,3803,248070324,248117231,46907,4,1,2,0,0,0,0,2420,1,1
3804,0,7,2,3804,248131961,248208780,76819,8,5,2,0,0,0,0,2420,1,1
3805,0,7,0,3805,248223505,248254036,30531,2,0,1,0,0,0,0,2420,1,1
3806,0,7,0,3806,248268765,248290379,21614,1,0,0,0,0,0,0,2420,1,1
3807,0,7,3,3807,248305113,248451697,146584,16,6,9,0,0,0,0,2420,1,1
3808,0,7,1,3808,248466426,248601280,134854,15,8,6,0,0,0,0,2420,1,1
3809,0,7,3,3809,248616017,248637614,21597,1,0,0,0,0,0,0,2420,1,1
3810,0,7,4,3810,248652336,248730571,78235,8,4,3,0,0,0,0,2420,1,1
3811,0,7,4,3811,248745297,248874114,128817,14,6,7,0,0,0,0,2420,1,1
3812,0,7,2,3812,248888839,248919358,30519,2,0,1,0,0,0,0,2420,1,1
3813,0,7,4,3813,248934084,248963134,29050,2,1,0,0,0,0,0,2420,1,1
3814,0,7,4,3814,248977856,249056060,78204,8,4,3,0,0,0,0,2420,1,1
3815,0,7,0,3815,249070781,249092395,21614,1,0,0,0,0,0,0,2420,1,1
3816,0,7,0,3816,249107136,249152591,45455,4,2,1,0,0,0,0,2420,1,1
3817,0,7,0,3817,249167325,249188938,21613,1,0,0,0,0,0,0,2420,1,1
3818,0,7,2,3818,249203672,249265487,61815,6,3,2,0,0,0,0,2420,1,1
3819,0,7,3,3819,249280208,249388307,108099,12,8,3,0,0,0,0,2420,1,1
3820,0,7,1,3820,249403035,249455928,52893,5,3,1,0,0,0,0,2420,1,1
3821,0,7,3,3821,249470658,249499714,29056,2,1,0,0,0,0,0,2420,1,1
3822,0,7,3,3822,249514439,249559885,45446,4,2,1,0,0,0,0,2420,1,1
3823,0,7,2,3823,249574611,249596209,21598,1,0,0,0,0,0,0,2420,1,1
3824,0,7,4,3824,249610931,249639988,29057,2,1,0,0,0,0,0,2420,1,1
3825,0,7,3,3825,249654714,249700128,45414,4,2,1,0,0,0,0,2420,1,1
3826,0,7,3,3826,249714854,249791615,76761,8,5,2,0,0,0,0,2420,1,1
3827,0,7,3,3827,249806341,249886002,79661,8,3,4,0,0,0,0,2420,1,1
3828,0,7,4,3828,249900725,249922323,21598,1,0,0,0,0,0,0,2420,1,1
3829,0,7,4,3829,249937048,249958645,21597,1,0,0,0,0,0,0,2420,1,1
3830,0,7,4,3830,249973371,250009905,36534,3,2,0,0,0,0,0,2420,1,1
3831,0,7,3,3831,250024632,250081880,57248,5,0,4,0,0,0,0,2420,1,1
3832,0,7,0,3832,250096605,250118219,21614,1,0,0,0,0,0,0,2420,1,1
3833,0,7,0,3833,250132952,250220118,87166,9,4,4,0,0,0,0,2420,1,1
3834,0,7,3,3834,250234852,250272843,37991,3,1,1,0,0,0,0,2420,1,1
3835,0,7,0,3835,250287565,250309178,21613,1,0,0,0,0,0,0,2420,1,1
3836,0,7,2,3836,250323912,250354430,30518,2,0,1,0,0,0,0,2420,1,1
3837,0,7,3,3837,250369152,250484763,115611,13,9,3,0,0,0,0,2420,1,1
3838,0,7,4,3838,250499487,250536005,36518,3,2,0,0,0,0,0,2420,1,1
3839,0,7,3,3839,250550728,250621521,70793,7,3,3,0,0,0,0,2420,1,1
3840,0,7,2,3840,250636248,250690623,54375,5,2,2,0,0,0,0,2420,1,1
3841,0,7,4,3841,250705348,250735848,30500,2,0,1,0,0,0,0,2420,1,1
3842,0,7,2,3842,250750569,250779619,29050,2,1,0,0,0,0,0,2420,1,1
3843,0,7,3,3843,250794345,250874008,79663,8,3,4,0,0,0,0,2420,1,1
3844,0,7,3,3844,250888729,250910327,21598,1,0,0,0,0,0,0,2420,1,1
3845,0,7,3,3845,250925053,250963009,37956,3,1,1,0,0,0,0,2420,1,1
3846,0,7,3,3846,250977731,251024622,46891,4,1,2,0,0,0,0,2420,1,1
3847,0,7,1,3847,251039343,251102636,63293,6,2,3,0,0,0,0,2420,1,1
3848,0,7,1,3848,251117377,251162848,45471,4,2,1,0,0,0,0,2420,1,1
3849,0,7,0,3849,251177578,251199192,21614,1,0,0,0,0,0,0,2420,1,1
3850,0,7,4,3850,251213925,251235524,21599,1,0,0,0,0,0,0,2420,1,1
3851,0,7,4,3851,251250245,251279295,29050,2,1,0,0,0,0,0,2420,1,1
3852,0,7,3,3852,251294019,251370817,76798,8,5,2,0,0,0,0,2420,1,1
3853,0,7,2,3853,251385543,251416060,30517,2,0,1,0,0,0,0,2420,1,1
3854,0,7,0,3854,251430781,251459867,29086,2,1,0,0,0,0,0,2420,1,1
3855,0,7,1,3855,251474601,251496214,21613,1,0,0,0,0,0,0,2420,1,1
3856,0,7,2,3856,251510944,251596577,85633,9,5,3,0,0,0,0,2420,1,1
3857,0,7,2,3857,251611298,251632900,21602,1,0,0,0,0,0,0,2420,1,1
3858,0,7,4,3858,251647622,251710850,63228,6,2,3,0,0,0,0,2420,1,1
3859,0,7,1,3859,251725576,251782995,57419,5,1,2,0,1,0,0,2420,1,1
3860,0,7,1,3860,251797725,251867011,69286,7,4,2,0,0,0,0,2420,1,1
3861,0,7,2,3861,251881740,252037438,155698,18,12,5,0,0,0,0,2420,1,1
3862,0,7,1,3862,252052165,252091613,39448,3,0,2,0,0,0,0,2420,1,1
3863,0,7,2,3863,252106347,252263503,157156,18,11,6,0,0,0,0,2420,1,1
3864,0,7,3,3864,252278230,252436927,158697,18,10,7,0,0,0,0,2420,1,1
3865,0,7,4,3865,252451652,252497111,45459,4,2,1,0,0,0,0,2420,1,1
3866,0,7,1,3866,252511832,252588617,76785,8,5,2,0,0,0,0,2420,1,1
3867,0,7,3,3867,252603351,252624949,21598,1,0,0,0,0,0,0,2420,1,1
3868,0,7,2,3868,252639671,252677654,37983,3,1,1,0,0,0,0,2420,1,1
3869,0,7,4,3869,252692376,252713978,21602,1,0,0,0,0,0,0,2420,1,1
3870,0,7,3,3870,252728700,252800931,72231,7,2,4,0,0,0,0,2420,1,1
3871,0,7,2,3871,252815657,252966880,151223,17,9,7,0,0,0,0,2420,1,1
3872,0,7,3,3872,252981605,253043404,61799,6,3,2,0,0,0,0,2420,1,1
3873,0,7,2,3873,253058125,253097540,39415,3,0,2,0,0,0,0,2420,1,1
3874,0,7,2,3874,253112262,253141320,29058,2,1,0,0,0,0,0,2420,1,1
3875,0,7,0,3875,253156046,253194037,37991,3,1,1,0,0,0,0,2420,1,1
3876,0,7,0,3876,253208766,253230380,21614,1,0,0,0,0,0,0,2420,1,1
3877,0,7,4,3877,253245114,253266712,21598,1,0,0,0,0,0,0,2420,1,1
3878,0,7,1,3878,253281433,253303051,21618,1,0,0,0,0,0,0,2420,1,1
3879,0,7,1,3879,253317781,253348332,30551,2,0,1,0,0,0,0,2420,1,1
3880,0,7,2,3880,253363070,253384669,21599,1,0,0,0,0,0,0,2420,1,1
3881,0,7,2,3881,253399390,253428454,29064,2,1,0,0,0,0,0,2420,1,1
3882,0,7,3,3882,253443179,253481177,37998,3,1,1,0,0,0,0,2420,1,1
3883,0,7,3,3883,253495902,253542809,46907,4,1,2,0,0,0,0,2420,1,1
3884,0,7,4,3884,253557531,253604407,46876,4,1,2,0,0,0,0,2420,1,1
3885,0,7,4,3885,253619129,253692781,73652,7,1,5,0,0,0,0,2420,1,1
3886,0,7,1,3886,253707503,253785719,78216,8,4,3,0,0,0,0,2420,1,1
3887,0,7,3,3887,253800448,253853352,52904,5,3,1,0,0,0,0,2420,1,1
3888,0,7,4,3888,253868073,253970259,102186,11,7,2,0,1,0,0,2420,1,1
3889,0,7,3,3889,253984989,254029013,44024,4,3,0,0,0,0,0,2420,1,1
3890,0,7,3,3890,254043739,254065337,21598,1,0,0,0,0,0,0,2420,1,1
3891,0,7,2,3891,254080059,254109120,29061,2,1,0,0,0,0,0,2420,1,1
3892,0,7,4,3892,254123846,254161831,37985,3,1,1,0,0,0,0,2420,1,1
3893,0,7,2,3893,254176556,254207055,30499,2,0,1,0,0,0,0,2420,1,1
3894,0,7,4,3894,254221776,254268656,46880,4,1,2,0,0,0,0,2420,1,1
3895,0,7,2,3895,254283382,254328822,45440,4,2,1,0,0,0,0,2420,1,1
3896,0,7,3,3896,254343548,254388982,45434,4,2,1,0,0,0,0,2420,1,1
3897,0,7,3,3897,254403707,254456600,52893,5,3,1,0,0,0,0,2420,1,1
3898,0,7,3,3898,254471322,254492924,21602,1,0,0,0,0,0,0,2420,1,1
3899,0,7,3,3899,254507646,254547063,39417,3,0,2,0,0,0,0,2420,1,1
3900,0,7,4,3900,254561784,254583386,21602,1,0,0,0,0,0,0,2420,1,1
3901,0,7,1,3901,254598107,254651078,52971,5,3,1,0,0,0,0,2420,1,1
3902,0,7,1,3902,254665811,254718776,52965,5,3,1,0,0,0,0,2420,1,1
3903,0,7,2,3903,254733509,254764018,30509,2,0,1,0,0,0,0,2420,1,1
3904,0,7,4,3904,254778739,254825649,46910,4,1,2,0,0,0,0,2420,1,1
3905,0,7,3,3905,254840371,255013982,173611,20,12,7,0,0,0,0,2420,1,1
3906,0,7,1,3906,255028708,255059237,30529,2,0,1,0,0,0,0,2420,1,1
3907,0,7,3,3907,255073970,255103032,29062,2,1,0,0,0,0,0,2420,1,1
3908,0,7,4,3908,255117753,255163196,45443,4,2,1,0,0,0,0,2420,1,1
3909,0,7,1,3909,255177918,255215911,37993,3,1,1,0,0,0,0,2420,1,1
3910,0,7,3,3910,255230640,255259696,29056,2,1,0,0,0,0,0,2420,1,1
3911,0,7,0,3911,255274421,255422760,148339,17,11,5,0,0,0,0,2420,1,1
3912,0,7,4,3912,255437502,255488983,51481,5,4,0,0,0,0,0,2420,1,1
3913,0,7,2,3913,255503708,255525307,21599,1,0,0,0,0,0,0,2420,1,1
3914,0,7,0,3914,255540028,255570567,30539,2,0,1,0,0,0,0,2420,1,1
3915,0,7,2,3915,255585301,255623263,37962,3,1,1,0,0,0,0,2420,1,1
3916,0,7,4,3916,255637984,255677424,39440,3,0,2,0,0,0,0,2420,1,1
3917,0,7,2,3917,255692145,255728667,36522,3,2,0,0,0,0,0,2420,1,1
3918,0,7,0,3918,255743393,255773916,30523,2,0,1,0,0,0,0,2420,1,1
3919,0,7,0,3919,255788646,255898175,109529,12,7,4,0,0,0,0,2420,1,1
3920,0,7,3,3920,255912910,255934509,21599,1,0,0,0,0,0,0,2420,1,1
3921,0,7,0,3921,255949230,256024542,75312,8,6,1,0,0,0,0,2420,1,1
3922,0,7,1,3922,256039272,256086191,46919,4,1,2,0,0,0,0,2420,1,1
3923,0,7,0,3923,256100920,256179126,78206,8,4,3,0,0,0,0,2420,1,1
3924,0,7,4,3924,256193859,256366171,172312,20,14,4,0,1,0,0,2420,1,1
3925,0,7,1,3925,256380896,256420360,39464,3,0,2,0,0,0,0,2420,1,1
3926,0,7,0,3926,256435094,256495487,60393,6,4,1,0,0,0,0,2420,1,1
3927,0,7,3,3927,256510216,256539280,29064,2,1,0,0,0,0,0,2420,1,1
3928,0,7,2,3928,256554006,256599490,45484,4,2,1,0,0,0,0,2420,1,1
3929,0,7,3,3929,256614216,256667095,52879,5,3,1,0,0,0,0,2420,1,1
3930,0,7,4,3930,256681815,256748169,66354,6,1,3,0,1,0,0,2420,1,1
3931,0,7,1,3931,256762895,256832210,69315,7,4,2,0,0,0,0,2420,1,1
3932,0,7,4,3932,256846943,256868541,21598,1,0,0,0,0,0,0,2420,1,1
3933,0,7,0,3933,256883267,256934774,51507,5,4,0,0,0,0,0,2420,1,1
3934,0,7,2,3934,256949503,257002418,52915,5,3,1,0,0,0,0,2420,1,1
3935,0,7,3,3935,257017143,257046207,29064,2,1,0,0,0,0,0,2420,1,1
3936,0,7,4,3936,257060928,257133105,72177,7,2,4,0,0,0,0,2420,1,1
3937,0,7,1,3937,257147827,257200750,52923,5,3,1,0,0,0,0,2420,1,1
3938,0,7,3,3938,257215483,257237082,21599,1,0,0,0,0,0,0,2420,1,1
3939,0,7,2,3939,257251804,257298701,46897,4,1,2,0,0,0,0,2420,1,1
3940,0,7,2,3940,257313427,257376682,63255,6,2,3,0,0,0,0,2420,1,1
3941,0,7,0,3941,257391403,257413021,21618,1,0,0,0,0,0,0,2420,1,1
3942,0,7,2,3942,257427750,257471733,43983,4,3,0,0,0,0,0,2420,1,1
3943,0,7,3,3943,257486459,257557179,70720,7,3,3,0,0,0,0,2420,1,1
3944,0,7,2,3944,257571905,257593507,21602,1,0,0,0,0,0,0,2420,1,1
3945,0,7,4,3945,257608229,257629827,21598,1,0,0,0,0,0,0,2420,1,1
3946,0,7,3,3946,257644553,257689993,45440,4,2,1,0,0,0,0,2420,1,1
3947,0,7,1,3947,257704718,257726332,21614,1,0,0,0,0,0,0,2420,1,1
3948,0,7,3,3948,257741062,257762660,21598,1,0,0,0,0,0,0,2420,1,1
3949,0,7,0,3949,257777385,257807913,30528,2,0,1,0,0,0,0,2420,1,1
3950,0,7,0,3950,257822642,257868120,45478,4,2,1,0,0,0,0,2420,1,1
3951,0,7,1,3951,257882854,257980343,97489,10,3,6,0,0,0,0,2420,1,1
3952,0,7,2,3952,257995078,258024134,29056,2,1,0,0,0,0,0,2420,1,1
3953,0,7,0,3953,258038855,258075402,36547,3,2,0,0,0,0,0,2420,1,1
3954,0,7,3,3954,258090131,258120653,30522,2,0,1,0,0,0,0,2420,1,1
3955,0,7,2,3955,258135379,258194246,58867,6,5,0,0,0,0,0,2420,1,1
3956,0,7,2,3956,258208967,258239486,30519,2,0,1,0,0,0,0,2420,1,1
3957,0,7,2,3957,258254212,258275810,21598,1,0,0,0,0,0,0,2420,1,1
3958,0,7,1,3958,258290531,258312144,21613,1,0,0,0,0,0,0,2420,1,1
3959,0,7,0,3959,258326878,258396188,69310,7,4,2,0,0,0,0,2420,1,1
3960,0,7,4,3960,258410918,258432516,21598,1,0,0,0,0,0,0,2420,1,1
3961,0,7,1,3961,258447241,258468855,21614,1,0,0,0,0,0,0,2420,1,1
3962,0,7,0,3962,258483588,258539404,55816,5,1,3,0,0,0,0,2420,1,1
3963,0,7,0,3963,258554138,258575752,21614,1,0,0,0,0,0,0,2420,1,1
3964,0,7,0,3964,258590482,258634458,43976,4,3,0,0,0,0,0,2420,1,1
3965,0,7,3,3965,258649187,258704986,55799,5,1,3,0,0,0,0,2420,1,1
3966,0,7,1,3966,258719707,258756284,36577,3,2,0,0,0,0,0,2420,1,1
3967,0,7,2,3967,258771014,258816492,45478,4,2,1,0,0,0,0,2420,1,1
3968,0,7,1,3968,258831213,258852831,21618,1,0,0,0,0,0,0,2420,1,1
3969,0,7,0,3969,258867560,258920498,52938,5,3,1,0,0,0,0,2420,1,1
3970,0,7,4,3970,258935232,258956829,21597,1,0,0,0,0,0,0,2420,1,1
3971,0,7,3,3971,258971551,259034849,63298,6,2,3,0,0,0,0,2420,1,1
3972,0,7,0,3972,259049570,259071184,21614,1,0,0,0,0,0,0,2420,1,1
3973,0,7,3,3973,259085917,259114980,29063,2,1,0,0,0,0,0,2420,1,1
3974,0,7,2,3974,259129702,259158785,29083,2,1,0,0,0,0,0,2420,1,1
3975,0,7,3,3975,259173511,259222032,48521,4,1,1,0,1,0,0,2420,1,1
3976,0,7,2,3976,259236761,259265813,29052,2,1,0,0,0,0,0,2420,1,1
3977,0,7,1,3977,259280535,259342406,61871,6,3,2,0,0,0,0,2420,1,1
3978,0,7,0,3978,259357139,259444282,87143,9,4,4,0,0,0,0,2420,1,1
3979,0,7,3,3979,259459012,259497022,38010,3,1,1,0,0,0,0,2420,1,1
3980,0,7,3,3980,259511744,259581060,69316,7,4,2,0,0,0,0,2420,1,1
3981,0,7,4,3981,259595786,259617384,21598,1,0,0,0,0,0,0,2420,1,1
3982,0,7,0,3982,259632105,259653723,21618,1,0,0,0,0,0,0,2420,1,1
3983,0,7,1,3983,259668452,259746837,78385,8,5,1,0,1,0,0,2420,1,1
3984,0,7,1,3984,259761567,259790634,29067,2,1,0,0,0,0,0,2420,1,1
3985,0,7,3,3985,259805368,259874833,69465,7,5,0,0,1,0,0,2420,1,1
3986,0,7,0,3986,259889554,259911168,21614,1,0,0,0,0,0,0,2420,1,1
3987,0,7,3,3987,259925901,259963896,37995,3,1,1,0,0,0,0,2420,1,1
3988,0,7,4,3988,259978618,260073183,94565,10,5,4,0,0,0,0,2420,1,1
3989,0,7,2,3989,260087906,260127350,39444,3,0,2,0,0,0,0,2420,1,1
3990,0,7,3,3990,260142071,260171142,29071,2,1,0,0,0,0,0,2420,1,1
3991,0,7,3,3991,260185868,260216368,30500,2,0,1,0,0,0,0,2420,1,1
3992,0,7,2,3992,260231090,260252688,21598,1,0,0,0,0,0,0,2420,1,1
3993,0,7,1,3993,260267413,260315766,48353,4,0,3,0,0,0,0,2420,1,1
3994,0,7,0,3994,260330495,260359592,29097,2,1,0,0,0,0,0,2420,1,1
3995,0,7,4,3995,260374325,260395923,21598,1,0,0,0,0,0,0,2420,1,1
3996,0,7,1,3996,260410644,260432258,21614,1,0,0,0,0,0,0,2420,1,1
3997,0,7,0,3997,260446990,260477506,30516,2,0,1,0,0,0,0,2420,1,1
3998,0,7,1,3998,260492236,260545171,52935,5,3,1,0,0,0,0,2420,1,1
3999,0,7,4,3999,260559901,260581499,21598,1,0,0,0,0,0,0,2420,1,1
4000,0,4,3,4000,260596224,260618265,22041,1,0,0,0,0,0,0,2420,1,1
4001,0,4,0,4001,260633135,260663748,30613,2,0,1,0,0,0,0,2420,1,1
4002,0,4,2,4002,260678458,260700147,21689,1,0,0,0,0,0,0,2420,1,1
4003,0,4,0,4003,260714854,260736560,21706,1,0,0,0,0,0,0,2420,1,1
4004,0,4,1,4004,260751269,260811775,60506,6,4,1,0,0,0,0,2420,1,1
4005,0,4,1,4005,260826489,260848194,21705,1,0,0,0,0,0,0,2420,1,1
4006,0,4,0,4006,260862908,260924846,61938,6,3,2,0,0,0,0,2420,1,1
4007,0,4,3,4007,260939556,261000013,60457,6,4,1,0,0,0,0,2420,1,1
4008,0,4,3,4008,261014725,261084089,69364,7,4,2,0,0,0,0,2420,1,1
4009,0,4,3,4009,261098795,261138321,39526,3,0,2,0,0,0,0,2420,1,1
4010,0,4,1,4010,261153031,261182177,29146,2,1,0,0,0,0,0,2420,1,1
4011,0,4,2,4011,261196895,261218580,21685,1,0,0,0,0,0,0,2420,1,1
4012,0,4,3,4012,261233291,261301136,67845,7,5,1,0,0,0,0,2420,1,1
4013,0,4,2,4013,261315847,261337532,21685,1,0,0,0,0,0,0,2420,1,1
4014,0,4,3,4014,261352238,261397774,45536,4,2,1,0,0,0,0,2420,1,1
4015,0,4,4,4015,261412480,261492261,79781,8,3,4,0,0,0,0,2420,1,1
4016,0,4,4,4016,261506972,261536140,29168,2,1,0,0,0,0,0,2420,1,1
4017,0,4,1,4017,261550846,261572547,21701,1,0,0,0,0,0,0,2420,1,1
4018,0,4,3,4018,261587265,261608952,21687,1,0,0,0,0,0,0,2420,1,1
4019,0,4,2,4019,261623662,261654269,30607,2,0,1,0,0,0,0,2420,1,1
4020,0,4,1,4020,261668976,261698126,29150,2,1,0,0,0,0,0,2420,1,1
4021,0,4,1,4021,261712844,261742002,29158,2,1,0,0,0,0,0,2420,1,1
4022,0,4,2,4022,261756720,261802232,45512,4,2,1,0,0,0,0,2420,1,1
4023,0,4,2,4023,261816941,261884843,67902,7,5,1,0,0,0,0,2420,1,1
4024,0,4,4,4024,261899550,261930137,30587,2,0,1,0,0,0,0,2420,1,1
4025,0,4,3,4025,261944848,261973996,29148,2,1,0,0,0,0,0,2420,1,1
4026,0,4,3,4026,261988702,262017853,29151,2,1,0,0,0,0,0,2420,1,1
4027,0,4,1,4027,262032559,262079537,46978,4,1,2,0,0,0,0,2420,1,1
4028,0,4,0,4028,262094256,262115957,21701,1,0,0,0,0,0,0,2420,1,1
4029,0,4,1,4029,262130671,262170187,39516,3,0,2,0,0,0,0,2420,1,1
4030,0,4,1,4030,262184906,262223011,38105,3,1,1,0,0,0,0,2420,1,1
4031,0,4,3,4031,262237725,262301101,63376,6,2,3,0,0,0,0,2420,1,1
4032,0,4,4,4032,262315811,262386636,70825,7,3,3,0,0,0,0,2420,1,1
4033,0,4,0,4033,262401343,262497800,96457,10,6,1,0,2,0,0,2420,1,1
4034,0,4,2,4034,262512516,262534206,21690,1,0,0,0,0,0,0,2420,1,1
4035,0,4,2,4035,262548912,262595954,47042,4,1,2,0,0,0,0,2420,1,1
4036,0,4,4,4036,262610660,262632346,21686,1,0,0,0,0,0,0,2420,1,1
4037,0,4,4,4037,262647055,262676191,29136,2,1,0,0,0,0,0,2420,1,1
4038,0,4,4,4038,262690897,262712582,21685,1,0,0,0,0,0,0,2420,1,1
4039,0,4,4,4039,262727292,262748979,21687,1,0,0,0,0,0,0,2420,1,1
4040,0,4,2,4040,262763689,262819572,55883,5,1,3,0,0,0,0,2420,1,1
4041,0,4,0,4041,262834283,262855984,21701,1,0,0,0,0,0,0,2420,1,1
4042,0,4,0,4042,262870699,262899878,29179,2,1,0,0,0,0,0,2420,1,1
4043,0,4,3,4043,262914597,262936283,21686,1,0,0,0,0,0,0,2420,1,1
4044,0,4,2,4044,262950988,263030663,79675,8,3,4,0,0,0,0,2420,1,1
4045,0,4,3,4045,263045373,263082010,36637,3,2,0,0,0,0,0,2420,1,1
4046,0,4,3,4046,263096720,263142215,45495,4,2,1,0,0,0,0,2420,1,1
4047,0,4,0,4047,263156925,263209945,53020,5,3,1,0,0,0,0,2420,1,1
4048,0,4,4,4048,263224663,263270217,45554,4,2,1,0,0,0,0,2420,1,1
4049,0,4,0,4049,263284927,263306629,21702,1,0,0,0,0,0,0,2420,1,1
4050,0,4,3,4050,263321343,263393646,72303,7,2,4,0,0,0,0,2420,1,1
4051,0,4,2,4051,263408352,263430038,21686,1,0,0,0,0,0,0,2420,1,1
4052,0,4,4,4052,263444749,263499194,54445,5,2,2,0,0,0,0,2420,1,1
4053,0,4,4,4053,263513905,263550518,36613,3,2,0,0,0,0,0,2420,1,1
4054,0,4,4,4054,263565228,263642052,76824,8,5,2,0,0,0,0,2420,1,1
4055,0,4,4,4055,263656763,263729013,72250,7,2,4,0,0,0,0,2420,1,1
4056,0,4,4,4056,263743723,263765409,21686,1,0,0,0,0,0,0,2420,1,1
4057,0,4,1,4057,263780116,263848058,67942,7,5,1,0,0,0,0,2420,1,1
4058,0,4,3,4058,263862777,263942529,79752,8,3,4,0,0,0,0,2420,1,1
4059,0,4,4,4059,263957239,263978924,21685,1,0,0,0,0,0,0,2420,1,1
4060,0,4,4,4060,263993635,264031675,38040,3,1,1,0,0,0,0,2420,1,1
4061,0,4,3,4061,264046386,264068071,21685,1,0,0,0,0,0,0,2420,1,1
4062,0,4,3,4062,264082782,264137218,54436,5,2,2,0,0,0,0,2420,1,1
4063,0,4,2,4063,264151924,264189970,38046,3,1,1,0,0,0,0,2420,1,1
4064,0,4,4,4064,264204679,264259112,54433,5,2,2,0,0,0,0,2420,1,1
4065,0,4,2,4065,264273822,264328301,54479,5,2,2,0,0,0,0,2420,1,1
4066,0,4,0,4066,264343011,264404906,61895,6,3,2,0,0,0,0,2420,1,1
4067,0,4,4,4067,264419621,264527711,108090,12,8,3,0,0,0,0,2420,1,1
4068,0,4,0,4068,264542420,264586534,44114,4,3,0,0,0,0,0,2420,1,1
4069,0,4,4,4069,264601248,264630388,29140,2,1,0,0,0,0,0,2420,1,1
4070,0,4,0,4070,264645099,264829339,184240,22,17,4,0,0,0,0,2420,1,1
4071,0,4,3,4071,264844062,264892524,48462,4,0,3,0,0,0,0,2420,1,1
4072,0,4,3,4072,264907234,265018285,111051,12,6,5,0,0,0,0,2420,1,1
4073,0,4,0,4073,265032999,265054700,21701,1,0,0,0,0,0,0,2420,1,1
4074,0,4,3,4074,265069415,265100009,30594,2,0,1,0,0,0,0,2420,1,1
4075,0,4,1,4075,265114719,265170623,55904,5,1,3,0,0,0,0,2420,1,1
4076,0,4,3,4076,265185341,265223384,38043,3,1,1,0,0,0,0,2420,1,1
4077,0,4,0,4077,265238090,265283641,45551,4,2,1,0,0,0,0,2420,1,1
4078,0,4,0,4078,265298355,265382676,84321,9,6,2,0,0,0,0,2420,1,1
4079,0,4,0,4079,265397394,265426554,29160,2,1,0,0,0,0,0,2420,1,1
4080,0,4,1,4080,265441268,265477904,36636,3,2,0,0,0,0,0,2420,1,1
4081,0,4,4,4081,265492618,265514308,21690,1,0,0,0,0,0,0,2420,1,1
4082,0,4,1,4082,265529015,265550716,21701,1,0,0,0,0,0,0,2420,1,1
4083,0,4,4,4083,265565434,265594602,29168,2,1,0,0,0,0,0,2420,1,1
4084,0,4,0,4084,265609309,265662320,53011,5,3,1,0,0,0,0,2420,1,1
4085,0,4,3,4085,265677038,265765718,88680,9,3,5,0,0,0,0,2420,1,1
4086,0,4,3,4086,265780424,265819963,39539,3,0,2,0,0,0,0,2420,1,1
4087,0,4,2,4087,265834673,265871273,36600,3,2,0,0,0,0,0,2420,1,1
4088,0,4,1,4088,265885983,265931496,45513,4,2,1,0,0,0,0,2420,1,1
4089,0,4,3,4089,265946214,266009607,63393,6,2,3,0,0,0,0,2420,1,1
4090,0,4,0,4090,266024318,266046018,21700,1,0,0,0,0,0,0,2420,1,1
4091,0,4,1,4091,266060732,266115227,54495,5,2,2,0,0,0,0,2420,1,1
4092,0,4,3,4092,266129941,266159103,29162,2,1,0,0,0,0,0,2420,1,1
4093,0,4,1,4093,266173813,266202977,29164,2,1,0,0,0,0,0,2420,1,1
4094,0,4,2,4094,266217692,266254312,36620,3,2,0,0,0,0,0,2420,1,1
4095,0,4,0,4095,266269018,266298186,29168,2,1,0,0,0,0,0,2420,1,1
4096,0,4,1,4096,266312904,266334605,21701,1,0,0,0,0,0,0,2420,1,1
4097,0,4,2,4097,266349320,266402321,53001,5,3,1,0,0,0,0,2420,1,1
4098,0,4,3,4098,266417031,266447651,30620,2,0,1,0,0,0,0,2420,1,1
4099,0,4,4,4099,266462357,266500418,38061,3,1,1,0,0,0,0,2420,1,1
4100,0,4,0,4100,266515128,266603998,88870,9,4,3,0,1,0,0,2420,1,1
4101,0,4,3,4101,266618712,266649315,30603,2,0,1,0,0,0,0,2420,1,1
4102,0,4,1,4102,266664026,266685727,21701,1,0,0,0,0,0,0,2420,1,1
4103,0,4,0,4103,266700441,266738529,38088,3,1,1,0,0,0,0,2420,1,1
4104,0,4,0,4104,266753247,266774949,21702,1,0,0,0,0,0,0,2420,1,1
4105,0,4,3,4105,266789663,266842659,52996,5,3,1,0,0,0,0,2420,1,1
4106,0,4,3,4106,266857369,266902896,45527,4,2,1,0,0,0,0,2420,1,1
4107,0,4,1,4107,266917603,266948216,30613,2,0,1,0,0,0,0,2420,1,1
4108,0,4,4,4108,266962934,266984618,21684,1,0,0,0,0,0,0,2420,1,1
4109,0,4,2,4109,266999325,267035939,36614,3,2,0,0,0,0,0,2420,1,1
4110,0,4,1,4110,267050646,267079827,29181,2,1,0,0,0,0,0,2420,1,1
4111,0,4,3,4111,267094546,267150441,55895,5,1,3,0,0,0,0,2420,1,1
4112,0,4,2,4112,267165152,267225599,60447,6,4,1,0,0,0,0,2420,1,1
4113,0,4,1,4113,267240306,267262007,21701,1,0,0,0,0,0,0,2420,1,1
4114,0,4,4,4114,267276725,267298411,21686,1,0,0,0,0,0,0,2420,1,1
4115,0,4,2,4115,267313119,267376503,63384,6,2,3,0,0,0,0,2420,1,1
4116,0,4,3,4116,267391209,267427814,36605,3,2,0,0,0,0,0,2420,1,1
4117,0,4,3,4117,267442521,267480572,38051,3,1,1,0,0,0,0,2420,1,1
4118,0,4,1,4118,267495283,267563208,67925,7,5,1,0,0,0,0,2420,1,1
4119,0,4,2,4119,267577923,267608525,30602,2,0,1,0,0,0,0,2420,1,1
4120,0,4,3,4120,267623235,267644921,21686,1,0,0,0,0,0,0,2420,1,1
4121,0,4,1,4121,267659628,267706610,46982,4,1,2,0,0,0,0,2420,1,1
4122,0,4,3,4122,267721325,267743014,21689,1,0,0,0,0,0,0,2420,1,1
4123,0,4,1,4123,267757721,267795784,38063,3,1,1,0,0,0,0,2420,1,1
4124,0,4,4,4124,267810499,267882777,72278,7,2,4,0,0,0,0,2420,1,1
4125,0,4,0,4125,267897484,267928103,30619,2,0,1,0,0,0,0,2420,1,1
4126,0,4,3,4126,267942821,267989809,46988,4,1,2,0,0,0,0,2420,1,1
4127,0,4,1,4127,268004519,268084261,79742,8,3,4,0,0,0,0,2420,1,1
4128,0,4,3,4128,268098976,268187795,88819,10,9,0,0,0,0,0,2420,1,1
4129,0,4,1,4129,268202503,268231674,29171,2,1,0,0,0,0,0,2420,1,1
4130,0,4,4,4130,268246393,268276988,30595,2,0,1,0,0,0,0,2420,1,1
4131,0,4,0,4131,268291695,268328302,36607,3,2,0,0,0,0,0,2420,1,1
4132,0,4,4,4132,268343018,268397457,54439,5,2,2,0,0,0,0,2420,1,1
4133,0,4,3,4133,268412165,268441327,29162,2,1,0,0,0,0,0,2420,1,1
4134,0,4,3,4134,268456037,268494093,38056,3,1,1,0,0,0,0,2420,1,1
4135,0,4,0,4135,268508800,268664530,155730,17,6,10,0,0,0,0,2420,1,1
4136,0,4,1,4136,268679249,268724795,45546,4,2,1,0,0,0,0,2420,1,1
4137,0,4,4,4137,268739510,268826714,87204,9,4,4,0,0,0,0,2420,1,1
4138,0,4,0,4138,268841421,268872039,30618,2,0,1,0,0,0,0,2420,1,1
4139,0,4,4,4139,268886757,268932259,45502,4,2,1,0,0,0,0,2420,1,1
4140,0,4,2,4140,268946970,268977593,30623,2,0,1,0,0,0,0,2420,1,1
4141,0,4,4,4141,268992299,269021449,29150,2,1,0,0,0,0,0,2420,1,1
4142,0,4,1,4142,269036160,269066789,30629,2,0,1,0,0,0,0,2420,1,1
4143,0,4,1,4143,269081503,269121029,39526,3,0,2,0,0,0,0,2420,1,1
4144,0,4,4,4144,269135748,269164906,29158,2,1,0,0,0,0,0,2420,1,1
4145,0,4,1,4145,269179612,269208783,29171,2,1,0,0,0,0,0,2420,1,1
4146,0,4,4,4146,269223502,269245188,21686,1,0,0,0,0,0,0,2420,1,1
4147,0,4,0,4147,269259894,269305447,45553,4,2,1,0,0,0,0,2420,1,1
4148,0,4,3,4148,269320161,269341846,21685,1,0,0,0,0,0,0,2420,1,1
4149,0,4,0,4149,269356556,269387186,30630,2,0,1,0,0,0,0,2420,1,1
4150,0,4,2,4150,269401901,269506938,105037,11,4,6,0,0,0,0,2420,1,1
4151,0,4,1,4151,269521647,269611800,90153,9,2,6,0,0,0,0,2420,1,1
4152,0,4,0,4152,269626518,269648220,21702,1,0,0,0,0,0,0,2420,1,1
4153,0,4,1,4153,269662938,269692095,29157,2,1,0,0,0,0,0,2420,1,1
4154,0,4,3,4154,269706814,269744907,38093,3,1,1,0,0,0,0,2420,1,1
4155,0,4,3,4155,269759614,269790215,30601,2,0,1,0,0,0,0,2420,1,1
4156,0,4,0,4156,269804925,269868297,63372,6,2,3,0,0,0,0,2420,1,1
4157,0,4,0,4157,269883015,269944967,61952,6,3,2,0,0,0,0,2420,1,1
4158,0,4,0,4158,269959681,270027655,67974,7,5,1,0,0,0,0,2420,1,1
4159,0,4,1,4159,270042369,270111795,69426,7,4,2,0,0,0,0,2420,1,1
4160,0,4,1,4160,270126513,270210855,84342,9,6,2,0,0,0,0,2420,1,1
4161,0,4,0,4161,270225574,270320285,94711,10,5,4,0,0,0,0,2420,1,1
4162,0,4,0,4162,270335006,270364177,29171,2,1,0,0,0,0,0,2420,1,1
4163,0,4,4,4163,270378891,270409505,30614,2,0,1,0,0,0,0,2420,1,1
4164,0,4,0,4164,270424215,270454827,30612,2,0,1,0,0,0,0,2420,1,1
4165,0,4,3,4165,270469541,270506183,36642,3,2,0,0,0,0,0,2420,1,1
4166,0,4,1,4166,270520889,270550070,29181,2,1,0,0,0,0,0,2420,1,1
4167,0,4,1,4167,270564789,270631290,66501,7,6,0,0,0,0,0,2420,1,1
4168,0,4,4,4168,270646008,270675155,29147,2,1,0,0,0,0,0,2420,1,1
4169,0,4,1,4169,270689862,270719014,29152,2,1,0,0,0,0,0,2420,1,1
4170,0,4,0,4170,270733732,270762899,29167,2,1,0,0,0,0,0,2420,1,1
4171,0,4,3,4171,270777614,270879738,102124,11,6,4,0,0,0,0,2420,1,1
4172,0,4,0,4172,270894451,270986249,91798,10,7,2,0,0,0,0,2420,1,1
4173,0,4,2,4173,271000966,271022652,21686,1,0,0,0,0,0,0,2420,1,1
4174,0,4,4,4174,271037362,271059048,21686,1,0,0,0,0,0,0,2420,1,1
4175,0,4,2,4175,271073759,271110383,36624,3,2,0,0,0,0,0,2420,1,1
4176,0,4,1,4176,271125094,271146795,21701,1,0,0,0,0,0,0,2420,1,1
4177,0,4,3,4177,271161510,271208487,46977,4,1,2,0,0,0,0,2420,1,1
4178,0,4,1,4178,271223198,271285105,61907,6,3,2,0,0,0,0,2420,1,1
4179,0,4,1,4179,271299820,271379557,79737,8,3,4,0,0,0,0,2420,1,1
4180,0,4,2,4180,271394275,271424886,30611,2,0,1,0,0,0,0,2420,1,1
4181,0,4,3,4181,271439592,271517882,78290,8,4,3,0,0,0,0,2420,1,1
4182,0,4,4,4182,271532588,271554276,21688,1,0,0,0,0,0,0,2420,1,1
4183,0,4,0,4183,271568982,271614527,45545,4,2,1,0,0,0,0,2420,1,1
4184,0,4,2,4184,271629242,271658379,29137,2,1,0,0,0,0,0,2420,1,1
4185,0,4,2,4185,271673087,271702218,29131,2,1,0,0,0,0,0,2420,1,1
4186,0,4,4,4186,271716928,271746089,29161,2,1,0,0,0,0,0,2420,1,1
4187,0,4,3,4187,271760795,271959739,198944,23,13,9,0,0,0,0,2420,1,1
4188,0,4,2,4188,271974454,271996141,21687,1,0,0,0,0,0,0,2420,1,1
4189,0,4,0,4189,272010848,272047500,36652,3,2,0,0,0,0,0,2420,1,1
4190,0,4,4,4190,272062214,272198723,136509,15,8,5,0,1,0,0,2420,1,1
4191,0,4,3,4191,272213436,272258976,45540,4,2,1,0,0,0,0,2420,1,1
4192,0,4,4,4192,272273686,272319241,45555,4,2,1,0,0,0,0,2420,1,1
4193,0,4,4,4193,272333951,272372027,38076,3,1,1,0,0,0,0,2420,1,1
4194,0,4,3,4194,272386738,272439700,52962,5,3,1,0,0,0,0,2420,1,1
4195,0,4,2,4195,272454410,272492471,38061,3,1,1,0,0,0,0,2420,1,1
4196,0,4,1,4196,272507181,272653885,146704,16,6,9,0,0,0,0,2420,1,1
4197,0,4,0,4197,272668603,272705216,36613,3,2,0,0,0,0,0,2420,1,1
4198,0,4,3,4198,272719931,272768392,48461,4,0,3,0,0,0,0,2420,1,1
4199,0,4,4,4199,272783099,272837571,54472,5,2,2,0,0,0,0,2420,1,1
4200,0,4,1,4200,272852279,272882914,30635,2,0,1,0,0,0,0,2420,1,1
4201,0,4,4,4201,272897629,272974489,76860,8,5,2,0,0,0,0,2420,1,1
4202,0,4,2,4202,272989196,273019789,30593,2,0,1,0,0,0,0,2420,1,1
4203,0,4,3,4203,273034500,273080030,45530,4,2,1,0,0,0,0,2420,1,1
4204,0,4,4,4204,273094741,273165580,70839,7,3,3,0,0,0,0,2420,1,1
4205,0,4,2,4205,273180287,273231797,51510,5,4,0,0,0,0,0,2420,1,1
4206,0,4,2,4206,273246508,273335160,88652,9,3,5,0,0,0,0,2420,1,1
4207,0,4,4,4207,273349867,273434137,84270,9,6,2,0,0,0,0,2420,1,1
4208,0,4,4,4208,273448844,273492938,44094,4,3,0,0,0,0,0,2420,1,1
4209,0,4,3,4209,273507645,273529331,21686,1,0,0,0,0,0,0,2420,1,1
4210,0,4,2,4210,273544042,273582113,38071,3,1,1,0,0,0,0,2420,1,1
4211,0,4,2,4211,273596823,273670589,73766,7,1,5,0,0,0,0,2420,1,1
4212,0,4,4,4212,273685300,273739777,54477,5,2,2,0,0,0,0,2420,1,1
4213,0,4,0,4213,273754488,273776190,21702,1,0,0,0,0,0,0,2420,1,1
4214,0,4,3,4214,273790904,273837869,46965,4,1,2,0,0,0,0,2420,1,1
4215,0,4,0,4215,273852575,273874281,21706,1,0,0,0,0,0,0,2420,1,1
4216,0,4,2,4216,273888995,273944909,55914,5,1,3,0,0,0,0,2420,1,1
4217,0,4,1,4217,273959615,273996245,36630,3,2,0,0,0,0,0,2420,1,1
4218,0,4,0,4218,274010959,274072872,61913,6,3,2,0,0,0,0,2420,1,1
4219,0,4,4,4219,274087586,274207602,120016,13,6,6,0,0,0,0,2420,1,1
4220,0,4,4,4220,274222313,274276751,54438,5,2,2,0,0,0,0,2420,1,1
4221,0,4,0,4221,274291458,274313163,21705,1,0,0,0,0,0,0,2420,1,1
4222,0,4,0,4222,274327878,274349579,21701,1,0,0,0,0,0,0,2420,1,1
4223,0,4,3,4223,274364297,274435160,70863,7,3,3,0,0,0,0,2420,1,1
4224,0,4,1,4224,274449866,274471568,21702,1,0,0,0,0,0,0,2420,1,1
4225,0,4,4,4225,274486286,274531807,45521,4,2,1,0,0,0,0,2420,1,1
4226,0,4,0,4226,274546518,274575693,29175,2,1,0,0,0,0,0,2420,1,1
4227,0,4,2,4227,274590407,274698593,108186,12,8,3,0,0,0,0,2420,1,1
4228,0,4,1,4228,274713307,274735008,21701,1,0,0,0,0,0,0,2420,1,1
4229,0,4,1,4229,274749723,274825182,75459,8,6,1,0,0,0,0,2420,1,1
4230,0,4,0,4230,274839897,274861598,21701,1,0,0,0,0,0,0,2420,1,1
4231,0,4,3,4231,274876317,274898002,21685,1,0,0,0,0,0,0,2420,1,1
4232,0,4,3,4232,274912709,274950751,38042,3,1,1,0,0,0,0,2420,1,1
4233,0,4,2,4233,274965461,275043739,78278,8,4,3,0,0,0,0,2420,1,1
4234,0,4,2,4234,275058447,275118911,60464,6,4,1,0,0,0,0,2420,1,1
4235,0,4,4,4235,275133621,275196964,63343,6,2,3,0,0,0,0,2420,1,1
4236,0,4,3,4236,275211671,275249724,38053,3,1,1,0,0,0,0,2420,1,1
4237,0,4,1,4237,275264435,275286137,21702,1,0,0,0,0,0,0,2420,1,1
4238,0,4,0,4238,275300851,275322552,21701,1,0,0,0,0,0,0,2420,1,1
4239,0,4,3,4239,275337272,275366412,29140,2,1,0,0,0,0,0,2420,1,1
4240,0,4,2,4240,275381119,275437061,55942,5,1,3,0,0,0,0,2420,1,1
4241,0,4,2,4241,275451767,275519709,67942,7,5,1,0,0,0,0,2420,1,1
4242,0,4,4,4242,275534420,275579934,45514,4,2,1,0,0,0,0,2420,1,1
4243,0,4,3,4243,275594645,275632738,38093,3,1,1,0,0,0,0,2420,1,1
4244,0,4,2,4244,275647448,275774894,127446,14,7,6,0,0,0,0,2420,1,1
4245,0,4,0,4245,275789603,275820236,30633,2,0,1,0,0,0,0,2420,1,1
4246,0,4,2,4246,275834955,275920690,85735,9,5,3,0,0,0,0,2420,1,1
4247,0,4,0,4247,275935400,275980953,45553,4,2,1,0,0,0,0,2420,1,1
4248,0,4,2,4248,275995672,276024813,29141,2,1,0,0,0,0,0,2420,1,1
4249,0,4,4,4249,276039519,276061204,21685,1,0,0,0,0,0,0,2420,1,1
4250,0,4,4,4250,276075915,276097599,21684,1,0,0,0,0,0,0,2420,1,1
4251,0,4,0,4251,276112305,276134010,21705,1,0,0,0,0,0,0,2420,1,1
4252,0,4,2,4252,276148725,276170411,21686,1,0,0,0,0,0,0,2420,1,1
4253,0,4,3,4253,276185122,276221749,36627,3,2,0,0,0,0,0,2420,1,1
4254,0,4,2,4254,276236460,276274529,38069,3,1,1,0,0,0,0,2420,1,1
4255,0,4,3,4255,276289235,276342206,52971,5,3,1,0,0,0,0,2420,1,1
4256,0,4,2,4256,276356918,276378603,21685,1,0,0,0,0,0,0,2420,1,1
4257,0,4,3,4257,276393314,276415000,21686,1,0,0,0,0,0,0,2420,1,1
4258,0,4,3,4258,276429707,276512526,82819,9,7,1,0,0,0,0,2420,1,1
4259,0,4,4,4259,276527236,276563855,36619,3,2,0,0,0,0,0,2420,1,1
4260,0,4,0,4260,276578561,276622635,44074,4,3,0,0,0,0,0,2420,1,1
4261,0,4,1,4261,276637354,276813908,176554,20,10,9,0,0,0,0,2420,1,1
4262,0,4,3,4262,276828627,276866675,38048,3,1,1,0,0,0,0,2420,1,1
4263,0,4,0,4263,276881381,276918034,36653,3,2,0,0,0,0,0,2420,1,1
4264,0,4,4,4264,276932749,276961889,29140,2,1,0,0,0,0,0,2420,1,1
4265,0,4,3,4265,276976600,277029595,52995,5,3,1,0,0,0,0,2420,1,1
4266,0,4,2,4266,277044306,277065991,21685,1,0,0,0,0,0,0,2420,1,1
4267,0,4,1,4267,277080697,277109856,29159,2,1,0,0,0,0,0,2420,1,1
4268,0,4,1,4268,277124574,277153728,29154,2,1,0,0,0,0,0,2420,1,1
4269,0,4,1,4269,277168442,277206537,38095,3,1,1,0,0,0,0,2420,1,1
4270,0,4,3,4270,277221251,277250406,29155,2,1,0,0,0,0,0,2420,1,1
4271,0,4,0,4271,277265116,277334502,69386,7,4,2,0,0,0,0,2420,1,1
4272,0,4,0,4272,277349216,277370918,21702,1,0,0,0,0,0,0,2420,1,1
4273,0,4,0,4273,277385636,277431202,45566,4,2,1,0,0,0,0,2420,1,1
4274,0,4,2,4274,277445921,277467606,21685,1,0,0,0,0,0,0,2420,1,1
4275,0,4,3,4275,277482317,277521833,39516,3,0,2,0,0,0,0,2420,1,1
4276,0,4,4,4276,277536543,277558229,21686,1,0,0,0,0,0,0,2420,1,1
4277,0,4,1,4277,277572939,277691489,118550,13,7,5,0,0,0,0,2420,1,1
4278,0,4,1,4278,277706211,277735384,29173,2,1,0,0,0,0,0,2420,1,1
4279,0,4,2,4279,277750098,277771783,21685,1,0,0,0,0,0,0,2420,1,1
4280,0,4,2,4280,277786494,277994405,207911,24,13,10,0,0,0,0,2420,1,1
4281,0,4,1,4281,278009117,278030819,21702,1,0,0,0,0,0,0,2420,1,1
4282,0,4,2,4282,278045537,278149120,103583,11,5,5,0,0,0,0,2420,1,1
4283,0,4,1,4283,278163833,278246649,82816,9,7,1,0,0,0,0,2420,1,1
4284,0,4,4,4284,278261364,278283053,21689,1,0,0,0,0,0,0,2420,1,1
4285,0,4,2,4285,278297760,278404256,106496,11,3,7,0,0,0,0,2420,1,1
4286,0,4,3,4286,278418965,278477925,58960,6,5,0,0,0,0,0,2420,1,1
4287,0,4,3,4287,278492632,278541078,48446,4,0,3,0,0,0,0,2420,1,1
4288,0,4,3,4288,278555788,278657906,102118,11,6,4,0,0,0,0,2420,1,1
4289,0,4,1,4289,278672615,278718167,45552,4,2,1,0,0,0,0,2420,1,1
4290,0,4,2,4290,278732881,278851363,118482,13,7,5,0,0,0,0,2420,1,1
4291,0,4,0,4291,278866076,278930902,64826,6,1,4,0,0,0,0,2420,1,1
4292,0,4,1,4292,278945620,278967322,21702,1,0,0,0,0,0,0,2420,1,1
4293,0,4,2,4293,278982036,279027566,45530,4,2,1,0,0,0,0,2420,1,1
4294,0,4,3,4294,279042273,279071413,29140,2,1,0,0,0,0,0,2420,1,1
4295,0,4,4,4295,279086123,279134534,48411,4,0,3,0,0,0,0,2420,1,1
4296,0,4,2,4296,279149241,279211218,61977,6,3,2,0,0,0,0,2420,1,1
4297,0,4,0,4297,279225929,279264040,38111,3,1,1,0,0,0,0,2420,1,1
4298,0,4,4,4298,279278755,279316857,38102,3,1,1,0,0,0,0,2420,1,1
4299,0,4,0,4299,279331564,279369654,38090,3,1,1,0,0,0,0,2420,1,1
4300,0,4,3,4300,279384373,279505742,121369,13,5,7,0,0,0,0,2420,1,1
4301,0,4,4,4301,279520452,279542138,21686,1,0,0,0,0,0,0,2420,1,1
4302,0,4,1,4302,279556848,279611320,54472,5,2,2,0,0,0,0,2420,1,1
4303,0,4,2,4303,279626038,279656629,30591,2,0,1,0,0,0,0,2420,1,1
4304,0,4,4,4304,279671336,279701933,30597,2,0,1,0,0,0,0,2420,1,1
4305,0,4,0,4305,279716643,279772529,55886,5,1,3,0,0,0,0,2420,1,1
4306,0,4,0,4306,279787248,279808950,21702,1,0,0,0,0,0,0,2420,1,1
4307,0,4,2,4307,279823668,279873747,50079,4,0,2,0,1,0,0,2420,1,1
4308,0,4,2,4308,279888454,279917606,29152,2,1,0,0,0,0,0,2420,1,1
4309,0,4,2,4309,279932313,280025581,93268,10,6,3,0,0,0,0,2420,1,1
4310,0,4,0,4310,280040290,280069470,29180,2,1,0,0,0,0,0,2420,1,1
4311,0,4,1,4311,280084188,280105889,21701,1,0,0,0,0,0,0,2420,1,1
4312,0,4,0,4312,280120603,280151208,30605,2,0,1,0,0,0,0,2420,1,1
4313,0,4,3,4313,280165926,280195077,29151,2,1,0,0,0,0,0,2420,1,1
4314,0,4,0,4314,280209784,280262778,52994,5,3,1,0,0,0,0,2420,1,1
4315,0,4,3,4315,280277493,280339379,61886,6,3,2,0,0,0,0,2420,1,1
4316,0,4,4,4316,280354089,280390678,36589,3,2,0,0,0,0,0,2420,1,1
4317,0,4,0,4317,280405388,280488047,82659,8,1,6,0,0,0,0,2420,1,1
4318,0,4,3,4318,280502765,280531908,29143,2,1,0,0,0,0,0,2420,1,1
4319,0,4,4,4319,280546618,280607049,60431,6,4,1,0,0,0,0,2420,1,1
4320,0,4,1,4320,280621756,280685146,63390,6,2,3,0,0,0,0,2420,1,1
4321,0,4,4,4321,280699861,280737956,38095,3,1,1,0,0,0,0,2420,1,1
4322,0,4,1,4322,280752663,280798196,45533,4,2,1,0,0,0,0,2420,1,1
4323,0,4,1,4323,280812914,280834615,21701,1,0,0,0,0,0,0,2420,1,1
4324,0,4,4,4324,280849331,280878478,29147,2,1,0,0,0,0,0,2420,1,1
4325,0,4,1,4325,280893188,280931260,38072,3,1,1,0,0,0,0,2420,1,1
4326,0,4,2,4326,280945979,281074889,128910,14,6,7,0,0,0,0,2420,1,1
4327,0,4,2,4327,281089599,281111285,21686,1,0,0,0,0,0,0,2420,1,1
4328,0,4,3,4328,281125996,281199851,73855,7,2,3,0,1,0,0,2420,1,1
4329,0,4,4,4329,281214561,281260115,45554,4,2,1,0,0,0,0,2420,1,1
4330,0,4,1,4330,281274826,281296527,21701,1,0,0,0,0,0,0,2420,1,1
4331,0,4,0,4331,281311242,281332947,21705,1,0,0,0,0,0,0,2420,1,1
4332,0,4,4,4332,281347661,281369347,21686,1,0,0,0,0,0,0,2420,1,1
4333,0,4,0,4333,281384059,281437057,52998,5,3,1,0,0,0,0,2420,1,1
4334,0,4,3,4334,281451772,281488377,36605,3,2,0,0,0,0,0,2420,1,1
4335,0,4,3,4335,281503087,281571050,67963,7,5,1,0,0,0,0,2420,1,1
4336,0,4,4,4336,281585761,281647631,61870,6,3,2,0,0,0,0,2420,1,1
4337,0,4,2,4337,281662338,281706427,44089,4,3,0,0,0,0,0,2420,1,1
4338,0,4,0,4338,281721133,281777087,55954,5,1,3,0,0,0,0,2420,1,1
4339,0,4,1,4339,281791802,281844818,53016,5,3,1,0,0,0,0,2420,1,1
4340,0,4,0,4340,281859533,281906560,47027,4,1,2,0,0,0,0,2420,1,1
4341,0,4,3,4341,281921274,281942964,21690,1,0,0,0,0,0,0,2420,1,1
4342,0,4,4,4342,281957670,282015006,57336,5,0,4,0,0,0,0,2420,1,1
4343,0,4,2,4343,282029712,282051398,21686,1,0,0,0,0,0,0,2420,1,1
4344,0,4,4,4344,282066108,282087794,21686,1,0,0,0,0,0,0,2420,1,1
4345,0,4,0,4345,282102500,282124206,21706,1,0,0,0,0,0,0,2420,1,1
4346,0,4,4,4346,282138921,282226094,87173,9,4,4,0,0,0,0,2420,1,1
4347,0,4,0,4347,282240801,282323639,82838,9,7,1,0,0,0,0,2420,1,1
4348,0,4,0,4348,282338353,282368967,30614,2,0,1,0,0,0,0,2420,1,1
4349,0,4,4,4349,282383686,282405372,21686,1,0,0,0,0,0,0,2420,1,1
4350,0,4,3,4350,282420079,282499843,79764,8,3,4,0,0,0,0,2420,1,1
4351,0,4,1,4351,282514554,282551197,36643,3,2,0,0,0,0,0,2420,1,1
4352,0,4,2,4352,282565916,282587598,21682,1,0,0,0,0,0,0,2420,1,1
4353,0,4,4,4353,282602305,282623995,21690,1,0,0,0,0,0,0,2420,1,1
4354,0,4,4,4354,282638702,282669290,30588,2,0,1,0,0,0,0,2420,1,1
4355,0,4,0,4355,282684001,282713166,29165,2,1,0,0,0,0,0,2420,1,1
4356,0,4,4,4356,282727880,282830004,102124,11,6,4,0,0,0,0,2420,1,1
4357,0,4,0,4357,282844718,282866419,21701,1,0,0,0,0,0,0,2420,1,1
4358,0,4,1,4358,282881133,282926678,45545,4,2,1,0,0,0,0,2420,1,1
4359,0,4,4,4359,282941392,283003314,61922,6,3,2,0,0,0,0,2420,1,1
4360,0,4,1,4360,283018021,283065027,47006,4,1,2,0,0,0,0,2420,1,1
4361,0,4,0,4361,283079741,283101443,21702,1,0,0,0,0,0,0,2420,1,1
4362,0,4,1,4362,283116161,283170609,54448,5,2,2,0,0,0,0,2420,1,1
4363,0,4,3,4363,283185327,283241245,55918,5,1,3,0,0,0,0,2420,1,1
4364,0,4,1,4364,283255956,283277657,21701,1,0,0,0,0,0,0,2420,1,1
4365,0,4,2,4365,283292372,283314062,21690,1,0,0,0,0,0,0,2420,1,1
4366,0,4,4,4366,283328768,283450372,121604,14,11,2,0,0,0,0,2420,1,1
4367,0,4,2,4367,283465088,283532976,67888,7,5,1,0,0,0,0,2420,1,1
4368,0,4,2,4368,283547683,283609609,61926,6,3,2,0,0,0,0,2420,1,1
4369,0,4,4,4369,283624320,283646003,21683,1,0,0,0,0,0,0,2420,1,1
4370,0,4,2,4370,283660710,283770330,109620,12,7,4,0,0,0,0,2420,1,1
4371,0,4,0,4371,283785043,283814216,29173,2,1,0,0,0,0,0,2420,1,1
4372,0,4,2,4372,283828931,283883386,54455,5,2,2,0,0,0,0,2420,1,1
4373,0,4,3,4373,283898092,283974971,76879,8,5,2,0,0,0,0,2420,1,1
4374,0,4,1,4374,283989678,284011379,21701,1,0,0,0,0,0,0,2420,1,1
4375,0,4,0,4375,284026097,284047799,21702,1,0,0,0,0,0,0,2420,1,1
4376,0,4,0,4376,284062513,284100594,38081,3,1,1,0,0,0,0,2420,1,1
4377,0,4,2,4377,284115313,284247282,131969,15,10,4,0,0,0,0,2420,1,1
4378,0,4,3,4378,284261993,284308987,46994,4,1,2,0,0,0,0,2420,1,1
4379,0,4,1,4379,284323697,284363411,39714,3,1,0,0,1,0,0,2420,1,1
4380,0,4,3,4380,284378125,284446038,67913,7,5,1,0,0,0,0,2420,1,1
4381,0,4,0,4381,284460745,284491383,30638,2,0,1,0,0,0,0,2420,1,1
4382,0,4,3,4382,284506101,284536704,30603,2,0,1,0,0,0,0,2420,1,1
4383,0,4,4,4383,284551411,284663834,112423,12,5,6,0,0,0,0,2420,1,1
4384,0,4,4,4384,284678544,284771795,93251,10,6,3,0,0,0,0,2420,1,1
4385,0,4,0,4385,284786508,284815688,29180,2,1,0,0,0,0,0,2420,1,1
4386,0,4,3,4386,284830402,284859542,29140,2,1,0,0,0,0,0,2420,1,1
4387,0,4,0,4387,284874252,284964631,90379,10,8,1,0,0,0,0,2420,1,1
4388,0,4,1,4388,284979348,285009958,30610,2,0,1,0,0,0,0,2420,1,1
4389,0,4,2,4389,285024677,285046362,21685,1,0,0,0,0,0,0,2420,1,1
4390,0,4,1,4390,285061068,285082774,21706,1,0,0,0,0,0,0,2420,1,1
4391,0,4,1,4391,285097489,285198155,100666,11,7,3,0,0,0,0,2420,1,1
4392,0,4,0,4392,285212876,285234578,21702,1,0,0,0,0,0,0,2420,1,1
4393,0,4,2,4393,285249293,285285916,36623,3,2,0,0,0,0,0,2420,1,1
4394,0,4,4,4394,285300623,285347618,46995,4,1,2,0,0,0,0,2420,1,1
4395,0,4,3,4395,285362324,285422802,60478,6,4,1,0,0,0,0,2420,1,1
4396,0,4,0,4396,285437509,285466673,29164,2,1,0,0,0,0,0,2420,1,1
4397,0,4,4,4397,285481387,285526952,45565,4,2,1,0,0,0,0,2420,1,1
4398,0,4,1,4398,285541659,285579763,38104,3,1,1,0,0,0,0,2420,1,1
4399,0,4,4,4399,285594481,285616167,21686,1,0,0,0,0,0,0,2420,1,1
4400,0,4,1,4400,285630873,285721229,90356,10,8,1,0,0,0,0,2420,1,1
4401,0,4,2,4401,285735949,285772560,36611,3,2,0,0,0,0,0,2420,1,1
4402,0,4,3,4402,285787271,285841713,54442,5,2,2,0,0,0,0,2420,1,1
4403,0,4,3,4403,285856424,285933203,76779,8,5,2,0,0,0,0,2420,1,1
4404,0,4,3,4404,285947909,286035091,87182,9,4,4,0,0,0,0,2420,1,1
4405,0,4,2,4405,286049799,286113150,63351,6,2,3,0,0,0,0,2420,1,1
4406,0,4,2,4406,286127857,286149543,21686,1,0,0,0,0,0,0,2420,1,1
4407,0,4,1,4407,286164253,286257468,93215,10,6,3,0,0,0,0,2420,1,1
4408,0,4,1,4408,286272185,286341571,69386,7,4,2,0,0,0,0,2420,1,1
4409,0,4,3,4409,286356290,286400369,44079,4,3,0,0,0,0,0,2420,1,1
4410,0,4,1,4410,286415080,286436781,21701,1,0,0,0,0,0,0,2420,1,1
4411,0,4,1,4411,286451496,286514849,63353,6,2,3,0,0,0,0,2420,1,1
4412,0,4,2,4412,286529564,286558706,29142,2,1,0,0,0,0,0,2420,1,1
4413,0,4,1,4413,286573418,286611514,38096,3,1,1,0,0,0,0,2420,1,1
4414,0,4,1,4414,286626233,286686742,60509,6,4,1,0,0,0,0,2420,1,1
4415,0,4,3,4415,286701457,286723146,21689,1,0,0,0,0,0,0,2420,1,1
4416,0,4,0,4416,286737853,286822172,84319,9,6,2,0,0,0,0,2420,1,1
4417,0,4,3,4417,286836891,286874946,38055,3,1,1,0,0,0,0,2420,1,1
4418,0,4,1,4418,286889653,287000675,111022,12,6,5,0,0,0,0,2420,1,1
4419,0,4,2,4419,287015396,287138466,123070,14,10,3,0,0,0,0,2420,1,1
4420,0,4,1,4420,287153180,287183803,30623,2,0,1,0,0,0,0,2420,1,1
4421,0,4,1,4421,287198517,287258953,60436,6,4,1,0,0,0,0,2420,1,1
4422,0,4,4,4422,287273672,287313178,39506,3,0,2,0,0,0,0,2420,1,1
4423,0,4,3,4423,287327885,287357054,29169,2,1,0,0,0,0,0,2420,1,1
4424,0,4,1,4424,287371760,287433686,61926,6,3,2,0,0,0,0,2420,1,1
4425,0,4,3,4425,287448400,287485005,36605,3,2,0,0,0,0,0,2420,1,1
4426,0,4,4,4426,287499712,287537786,38074,3,1,1,0,0,0,0,2420,1,1
4427,0,4,2,4427,287552493,287574180,21687,1,0,0,0,0,0,0,2420,1,1
4428,0,4,0,4428,287588886,287683561,94675,10,5,4,0,0,0,0,2420,1,1
4429,0,4,4,4429,287698278,287743802,45524,4,2,1,0,0,0,0,2420,1,1
4430,0,4,4,4430,287758508,287787653,29145,2,1,0,0,0,0,0,2420,1,1
4431,0,4,4,4431,287802360,287838959,36599,3,2,0,0,0,0,0,2420,1,1
4432,0,4,1,4432,287853669,287891729,38060,3,1,1,0,0,0,0,2420,1,1
4433,0,4,0,4433,287906448,287944506,38058,3,1,1,0,0,0,0,2420,1,1
4434,0,4,1,4434,287959221,288006272,47051,4,1,2,0,0,0,0,2420,1,1
4435,0,4,1,4435,288020987,288042688,21701,1,0,0,0,0,0,0,2420,1,1
4436,0,4,1,4436,288057407,288095503,38096,3,1,1,0,0,0,0,2420,1,1
4437,0,4,3,4437,288110217,288131902,21685,1,0,0,0,0,0,0,2420,1,1
4438,0,4,1,4438,288146613,288168314,21701,1,0,0,0,0,0,0,2420,1,1
4439,0,4,0,4439,288183031,288221122,38091,3,1,1,0,0,0,0,2420,1,1
4440,0,4,0,4440,288235841,288257543,21702,1,0,0,0,0,0,0,2420,1,1
4441,0,4,0,4441,288272257,288310332,38075,3,1,1,0,0,0,0,2420,1,1
4442,0,4,2,4442,288325050,288421189,96139,10,4,5,0,0,0,0,2420,1,1
4443,0,4,2,4443,288435901,288491798,55897,5,1,3,0,0,0,0,2420,1,1
4444,0,4,4,4444,288506508,288565548,59040,6,5,0,0,0,0,0,2420,1,1
4445,0,4,4,4445,288580255,288642176,61921,6,3,2,0,0,0,0,2420,1,1
4446,0,4,2,4446,288656886,288693508,36622,3,2,0,0,0,0,0,2420,1,1
4447,0,4,1,4447,288708215,288752283,44068,4,3,0,0,0,0,0,2420,1,1
4448,0,4,0,4448,288767001,288788702,21701,1,0,0,0,0,0,0,2420,1,1
4449,0,4,1,4449,288803421,288825123,21702,1,0,0,0,0,0,0,2420,1,1
4450,0,4,4,4450,288839837,288861522,21685,1,0,0,0,0,0,0,2420,1,1
4451,0,4,3,4451,288876234,288933611,57377,5,0,4,0,0,0,0,2420,1,1
4452,0,4,3,4452,288948317,289017667,69350,7,4,2,0,0,0,0,2420,1,1
4453,0,4,1,4453,289032373,289189654,157281,18,11,6,0,0,0,0,2420,1,1
4454,0,4,2,4454,289204377,289249904,45527,4,2,1,0,0,0,0,2420,1,1
4455,0,4,0,4455,289264615,289293793,29178,2,1,0,0,0,0,0,2420,1,1
4456,0,4,0,4456,289308507,289330208,21701,1,0,0,0,0,0,0,2420,1,1
4457,0,4,2,4457,289344927,289405382,60455,6,4,1,0,0,0,0,2420,1,1
4458,0,4,0,4458,289420088,289541650,121562,13,6,5,0,1,0,0,2420,1,1
4459,0,4,3,4459,289556372,289610779,54407,5,2,2,0,0,0,0,2420,1,1
4460,0,4,0,4460,289625490,289688911,63421,6,2,3,0,0,0,0,2420,1,1
4461,0,4,1,4461,289703629,289740270,36641,3,2,0,0,0,0,0,2420,1,1
4462,0,4,4,4462,289754989,289784124,29135,2,1,0,0,0,0,0,2420,1,1
4463,0,4,3,4463,289798830,289829419,30589,2,0,1,0,0,0,0,2420,1,1
4464,0,4,3,4464,289844130,289907494,63364,6,2,3,0,0,0,0,2420,1,1
4465,0,4,2,4465,289922201,289975190,52989,5,3,1,0,0,0,0,2420,1,1
4466,0,4,1,4466,289989897,290027978,38081,3,1,1,0,0,0,0,2420,1,1
4467,0,4,2,4467,290042693,290071835,29142,2,1,0,0,0,0,0,2420,1,1
4468,0,4,4,4468,290086546,290115714,29168,2,1,0,0,0,0,0,2420,1,1
4469,0,4,1,4469,290130420,290207271,76851,8,5,2,0,0,0,0,2420,1,1
4470,0,4,2,4470,290221986,290252593,30607,2,0,1,0,0,0,0,2420,1,1
4471,0,4,3,4471,290267304,290330680,63376,6,2,3,0,0,0,0,2420,1,1
4472,0,4,0,4472,290345390,290399887,54497,5,2,2,0,0,0,0,2420,1,1
4473,0,4,4,4473,290414606,290512126,97520,10,3,6,0,0,0,0,2420,1,1
4474,0,4,3,4474,290526839,290624410,97571,10,3,6,0,0,0,0,2420,1,1
4475,0,4,1,4475,290639118,290748686,109568,12,7,4,0,0,0,0,2420,1,1
4476,0,4,2,4476,290763407,290785093,21686,1,0,0,0,0,0,0,2420,1,1
4477,0,4,1,4477,290799800,290821501,21701,1,0,0,0,0,0,0,2420,1,1
4478,0,4,3,4478,290836220,290875754,39534,3,0,2,0,0,0,0,2420,1,1
4479,0,4,0,4479,290890461,290919612,29151,2,1,0,0,0,0,0,2420,1,1
4480,0,4,2,4480,290934331,290978436,44105,4,3,0,0,0,0,0,2420,1,1
4481,0,4,3,4481,290993143,291047585,54442,5,2,2,0,0,0,0,2420,1,1
4482,0,4,4,4482,291062292,291101796,39504,3,0,2,0,0,0,0,2420,1,1
4483,0,4,2,4483,291116506,291267754,151248,17,9,7,0,0,0,0,2420,1,1
4484,0,4,2,4484,291282463,291393455,110992,12,6,5,0,0,0,0,2420,1,1
4485,0,4,0,4485,291408165,291510309,102144,11,6,4,0,0,0,0,2420,1,1
4486,0,4,3,4486,291525030,291569138,44108,4,3,0,0,0,0,0,2420,1,1
4487,0,4,1,4487,291583848,291632323,48475,4,0,3,0,0,0,0,2420,1,1
4488,0,4,0,4488,291647041,291676215,29174,2,1,0,0,0,0,0,2420,1,1
4489,0,4,4,4489,291690930,291739352,48422,4,0,3,0,0,0,0,2420,1,1
4490,0,4,2,4490,291754063,291808486,54423,5,2,2,0,0,0,0,2420,1,1
4491,0,4,2,4491,291823197,291844883,21686,1,0,0,0,0,0,0,2420,1,1
4492,0,4,0,4492,291859589,291957197,97608,10,3,6,0,0,0,0,2420,1,1
4493,0,4,1,4493,291971914,292002533,30619,2,0,1,0,0,0,0,2420,1,1
4494,0,4,2,4494,292017251,292038937,21686,1,0,0,0,0,0,0,2420,1,1
4495,0,4,4,4495,292053647,292111008,57361,5,0,4,0,0,0,0,2420,1,1
4496,0,4,2,4496,292125719,292165267,39548,3,0,2,0,0,0,0,2420,1,1
4497,0,4,4,4497,292179974,292218026,38052,3,1,1,0,0,0,0,2420,1,1
4498,0,4,2,4498,292232732,292269333,36601,3,2,0,0,0,0,0,2420,1,1
4499,0,4,2,4499,292284045,292305730,21685,1,0,0,0,0,0,0,2420,1,1
4500,0,4,0,4500,292320437,292374885,54448,5,2,2,0,0,0,0,2420,1,1
4501,0,4,2,4501,292389600,292591501,201901,23,11,11,0,0,0,0,2420,1,1
4502,0,4,3,4502,292606217,292627902,21685,1,0,0,0,0,0,0,2420,1,1
4503,0,4,4,4503,292642609,292698467,55858,5,1,3,0,0,0,0,2420,1,1
4504,0,4,3,4504,292713175,292742332,29157,2,1,0,0,0,0,0,2420,1,1
4505,0,4,0,4505,292757042,292787656,30614,2,0,1,0,0,0,0,2420,1,1
4506,0,4,2,4506,292802370,292856852,54482,5,2,2,0,0,0,0,2420,1,1
4507,0,4,4,4507,292871558,292924546,52988,5,3,1,0,0,0,0,2420,1,1
4508,0,4,0,4508,292939253,293035381,96128,10,4,5,0,0,0,0,2420,1,1
4509,0,4,2,4509,293050097,293110530,60433,6,4,1,0,0,0,0,2420,1,1
4510,0,4,1,4510,293125241,293170796,45555,4,2,1,0,0,0,0,2420,1,1
4511,0,4,1,4511,293185515,293207216,21701,1,0,0,0,0,0,0,2420,1,1
4512,0,4,4,4512,293221931,293267507,45576,4,2,1,0,0,0,0,2420,1,1
4513,0,4,2,4513,293282214,293344206,61992,6,3,2,0,0,0,0,2420,1,1
4514,0,4,0,4514,293358913,293380614,21701,1,0,0,0,0,0,0,2420,1,1
4515,0,4,3,4515,293395333,293417018,21685,1,0,0,0,0,0,0,2420,1,1
4516,0,4,1,4516,293431725,293453431,21706,1,0,0,0,0,0,0,2420,1,1
4517,0,4,4,4517,293468145,293538979,70834,7,3,3,0,0,0,0,2420,1,1
4518,0,4,4,4518,293553690,293575375,21685,1,0,0,0,0,0,0,2420,1,1
4519,0,4,1,4519,293590082,293768168,178086,20,9,10,0,0,0,0,2420,1,1
4520,0,4,3,4520,293782892,293877557,94665,10,5,4,0,0,0,0,2420,1,1
4521,0,4,3,4521,293892265,294010832,118567,13,7,5,0,0,0,0,2420,1,1
4522,0,4,0,4522,294025546,294054728,29182,2,1,0,0,0,0,0,2420,1,1
4523,0,4,4,4523,294069443,294106049,36606,3,2,0,0,0,0,0,2420,1,1
4524,0,4,1,4524,294120756,294173773,53017,5,3,1,0,0,0,0,2420,1,1
4525,0,4,0,4525,294188488,294228018,39530,3,0,2,0,0,0,0,2420,1,1
4526,0,4,4,4526,294242733,294294272,51539,5,4,0,0,0,0,0,2420,1,1
4527,0,4,4,4527,294308977,294330663,21686,1,0,0,0,0,0,0,2420,1,1
4528,0,4,3,4528,294345374,294367059,21685,1,0,0,0,0,0,0,2420,1,1
4529,0,4,3,4529,294381766,294403456,21690,1,0,0,0,0,0,0,2420,1,1
4530,0,4,3,4530,294418162,294472634,54472,5,2,2,0,0,0,0,2420,1,1
4531,0,4,3,4531,294487345,294534324,46979,4,1,2,0,0,0,0,2420,1,1
4532,0,4,3,4532,294549030,294688532,139502,16,11,4,0,0,0,0,2420,1,1
4533,0,4,3,4533,294703248,294775531,72283,7,2,4,0,0,0,0,2420,1,1
4534,0,4,2,4534,294790237,294837217,46980,4,1,2,0,0,0,0,2420,1,1
4535,0,4,4,4535,294851924,294873613,21689,1,0,0,0,0,0,0,2420,1,1
4536,0,4,1,4536,294888320,294926427,38107,3,1,1,0,0,0,0,2420,1,1
4537,0,4,3,4537,294941142,294985224,44082,4,3,0,0,0,0,0,2420,1,1
4538,0,4,0,4538,294999930,295114018,114088,12,4,7,0,0,0,0,2420,1,1
4539,0,4,3,4539,295128736,295215971,87235,9,4,4,0,0,0,0,2420,1,1
4540,0,4,1,4540,295230678,295282231,51553,5,4,0,0,0,0,0,2420,1,1
4541,0,4,1,4541,295296949,295393143,96194,10,4,5,0,0,0,0,2420,1,1
4542,0,4,4,4542,295407859,295454830,46971,4,1,2,0,0,0,0,2420,1,1
4543,0,4,0,4543,295469537,295540413,70876,7,3,3,0,0,0,0,2420,1,1
4544,0,4,4,4544,295555132,295585737,30605,2,0,1,0,0,0,0,2420,1,1
4545,0,4,4,4545,295600443,295622129,21686,1,0,0,0,0,0,0,2420,1,1
4546,0,4,1,4546,295636839,295658540,21701,1,0,0,0,0,0,0,2420,1,1
4547,0,4,0,4547,295673258,295748656,75398,8,6,1,0,0,0,0,2420,1,1
4548,0,4,3,4548,295763375,295850621,87246,9,4,4,0,0,0,0,2420,1,1
4549,0,4,0,4549,295865332,295887033,21701,1,0,0,0,0,0,0,2420,1,1
4550,0,4,2,4550,295901748,295954738,52990,5,3,1,0,0,0,0,2420,1,1
4551,0,4,2,4551,295969445,296014986,45541,4,2,1,0,0,0,0,2420,1,1
4552,0,4,4,4552,296029693,296066323,36630,3,2,0,0,0,0,0,2420,1,1
4553,0,4,0,4553,296081030,296120568,39538,3,0,2,0,0,0,0,2420,1,1
4554,0,4,0,4554,296135287,296182294,47007,4,1,2,0,0,0,0,2420,1,1
4555,0,4,4,4555,296197012,296235085,38073,3,1,1,0,0,0,0,2420,1,1
4556,0,4,0,4556,296249793,296293889,44096,4,3,0,0,0,0,0,2420,1,1
4557,0,4,4,4557,296308604,296339195,30591,2,0,1,0,0,0,0,2420,1,1
4558,0,4,1,4558,296353905,296383075,29170,2,1,0,0,0,0,0,2420,1,1
4559,0,4,0,4559,296397789,296459726,61937,6,3,2,0,0,0,0,2420,1,1
4560,0,4,3,4560,296474445,296527463,53018,5,3,1,0,0,0,0,2420,1,1
4561,0,4,0,4561,296542169,296563875,21706,1,0,0,0,0,0,0,2420,1,1
4562,0,4,0,4562,296578590,296609211,30621,2,0,1,0,0,0,0,2420,1,1
4563,0,4,4,4563,296623929,296645615,21686,1,0,0,0,0,0,0,2420,1,1
4564,0,4,0,4564,296660322,296682023,21701,1,0,0,0,0,0,0,2420,1,1
4565,0,4,1,4565,296696741,296733390,36649,3,2,0,0,0,0,0,2420,1,1
4566,0,4,2,4566,296748104,296792165,44061,4,3,0,0,0,0,0,2420,1,1
4567,0,4,3,4567,296806876,296828560,21684,1,0,0,0,0,0,0,2420,1,1
4568,0,4,2,4568,296843271,296873890,30619,2,0,1,0,0,0,0,2420,1,1
4569,0,4,4,4569,296888597,296978680,90083,9,2,6,0,0,0,0,2420,1,1
4570,0,4,3,4570,296993391,297046404,53013,5,3,1,0,0,0,0,2420,1,1
4571,0,4,3,4571,297061112,297124493,63381,6,2,3,0,0,0,0,2420,1,1
4572,0,4,0,4572,297139200,297169820,30620,2,0,1,0,0,0,0,2420,1,1
4573,0,4,2,4573,297184539,297213694,29155,2,1,0,0,0,0,0,2420,1,1
4574,0,4,2,4574,297228400,297267916,39516,3,0,2,0,0,0,0,2420,1,1
4575,0,4,0,4575,297282623,297319252,36629,3,2,0,0,0,0,0,2420,1,1
4576,0,4,0,4576,297333971,297363121,29150,2,1,0,0,0,0,0,2420,1,1
4577,0,4,1,4577,297377836,297439750,61914,6,3,2,0,0,0,0,2420,1,1
4578,0,4,4,4578,297454469,297550654,96185,10,4,5,0,0,0,0,2420,1,1
4579,0,4,4,4579,297565367,297601982,36615,3,2,0,0,0,0,0,2420,1,1
4580,0,4,4,4580,297616693,297638378,21685,1,0,0,0,0,0,0,2420,1,1
4581,0,4,3,4581,297653087,297767066,113979,12,4,7,0,0,0,0,2420,1,1
4582,0,4,1,4582,297781775,297858653,76878,8,5,2,0,0,0,0,2420,1,1
4583,0,4,3,4583,297873372,297903969,30597,2,0,1,0,0,0,0,2420,1,1
4584,0,4,2,4584,297918675,297940360,21685,1,0,0,0,0,0,0,2420,1,1
4585,0,4,4,4585,297955071,297985695,30624,2,0,1,0,0,0,0,2420,1,1
4586,0,4,1,4586,298000401,298029577,29176,2,1,0,0,0,0,0,2420,1,1
4587,0,4,3,4587,298044296,298080939,36643,3,2,0,0,0,0,0,2420,1,1
4588,0,4,4,4588,298095650,298124806,29156,2,1,0,0,0,0,0,2420,1,1
4589,0,4,2,4589,298139513,298210331,70818,7,3,3,0,0,0,0,2420,1,1
4590,0,4,2,4590,298225043,298255637,30594,2,0,1,0,0,0,0,2420,1,1
4591,0,4,4,4591,298270344,298348642,78298,8,4,3,0,0,0,0,2420,1,1
4592,0,4,2,4592,298363353,298435622,72269,7,2,4,0,0,0,0,2420,1,1
4593,0,4,3,4593,298450329,298510757,60428,6,4,1,0,0,0,0,2420,1,1
4594,0,4,3,4594,298525467,298547153,21686,1,0,0,0,0,0,0,2420,1,1
4595,0,4,1,4595,298561858,298613424,51566,5,4,0,0,0,0,0,2420,1,1
4596,0,4,2,4596,298628138,298657286,29148,2,1,0,0,0,0,0,2420,1,1
4597,0,4,1,4597,298671992,298702625,30633,2,0,1,0,0,0,0,2420,1,1
4598,0,4,0,4598,298717343,298756852,39509,3,0,2,0,0,0,0,2420,1,1
4599,0,4,0,4599,298771567,298820020,48453,4,0,3,0,0,0,0,2420,1,1
4600,0,4,1,4600,298834739,298856440,21701,1,0,0,0,0,0,0,2420,1,1
4601,0,4,4,4601,298871154,298962924,91770,10,7,2,0,0,0,0,2420,1,1
4602,0,4,2,4602,298977632,299039565,61933,6,3,2,0,0,0,0,2420,1,1
4603,0,4,2,4603,299054276,299092340,38064,3,1,1,0,0,0,0,2420,1,1
4604,0,4,0,4604,299107051,299128752,21701,1,0,0,0,0,0,0,2420,1,1
4605,0,4,0,4605,299143471,299250214,106743,12,9,2,0,0,0,0,2420,1,1
4606,0,4,1,4606,299264936,299294111,29175,2,1,0,0,0,0,0,2420,1,1
4607,0,4,4,4607,299308825,299346899,38074,3,1,1,0,0,0,0,2420,1,1
4608,0,4,0,4608,299361605,299399715,38110,3,1,1,0,0,0,0,2420,1,1
4609,0,4,3,4609,299414434,299445028,30594,2,0,1,0,0,0,0,2420,1,1
4610,0,4,1,4610,299459734,299481436,21702,1,0,0,0,0,0,0,2420,1,1
4611,0,4,3,4611,299496155,299583340,87185,9,4,4,0,0,0,0,2420,1,1
4612,0,4,3,4612,299598047,299619733,21686,1,0,0,0,0,0,0,2420,1,1
4613,0,4,4,4613,299634444,299672493,38049,3,1,1,0,0,0,0,2420,1,1
4614,0,4,0,4614,299687203,299717820,30617,2,0,1,0,0,0,0,2420,1,1
4615,0,4,4,4615,299732534,299769164,36630,3,2,0,0,0,0,0,2420,1,1
4616,0,4,2,4616,299783875,299805560,21685,1,0,0,0,0,0,0,2420,1,1
4617,0,4,4,4617,299820267,299947832,127565,15,13,1,0,0,0,0,2420,1,1
4618,0,4,1,4618,299962543,300019934,57391,5,0,4,0,0,0,0,2420,1,1
4619,0,4,0,4619,300034653,300065262,30609,2,0,1,0,0,0,0,2420,1,1
4620,0,4,4,4620,300079976,300177552,97576,10,3,6,0,0,0,0,2420,1,1
4621,0,4,0,4621,300192261,300213966,21705,1,0,0,0,0,0,0,2420,1,1
4622,0,4,2,4622,300228681,300250366,21685,1,0,0,0,0,0,0,2420,1,1
4623,0,4,2,4623,300265078,300286763,21685,1,0,0,0,0,0,0,2420,1,1
4624,0,4,4,4624,300301469,300345550,44081,4,3,0,0,0,0,0,2420,1,1
4625,0,4,2,4625,300360256,300381942,21686,1,0,0,0,0,0,0,2420,1,1
4626,0,4,2,4626,300396651,300427268,30617,2,0,1,0,0,0,0,2420,1,1
4627,0,4,2,4627,300441974,300463664,21690,1,0,0,0,0,0,0,2420,1,1
4628,0,4,2,4628,300478371,300516438,38067,3,1,1,0,0,0,0,2420,1,1
4629,0,4,0,4629,300531145,300552850,21705,1,0,0,0,0,0,0,2420,1,1
4630,0,4,4,4630,300567564,300613113,45549,4,2,1,0,0,0,0,2420,1,1
4631,0,4,0,4631,300627820,300686873,59053,6,5,0,0,0,0,0,2420,1,1
4632,0,4,2,4632,300701587,300723277,21690,1,0,0,0,0,0,0,2420,1,1
4633,0,4,0,4633,300737984,300782059,44075,4,3,0,0,0,0,0,2420,1,1
4634,0,4,2,4634,300796777,300818462,21685,1,0,0,0,0,0,0,2420,1,1
4635,0,4,2,4635,300833171,300886140,52969,5,3,1,0,0,0,0,2420,1,1
4636,0,4,0,4636,300900847,300947862,47015,4,1,2,0,0,0,0,2420,1,1
4637,0,4,4,4637,300962577,300984266,21689,1,0,0,0,0,0,0,2420,1,1
4638,0,4,2,4638,300998973,301029583,30610,2,0,1,0,0,0,0,2420,1,1
4639,0,4,2,4639,301044295,301065981,21686,1,0,0,0,0,0,0,2420,1,1
4640,0,4,4,4640,301080687,301126204,45517,4,2,1,0,0,0,0,2420,1,1
4641,0,4,1,4641,301140910,301171516,30606,2,0,1,0,0,0,0,2420,1,1
4642,0,4,1,4642,301186236,301216841,30605,2,0,1,0,0,0,0,2420,1,1
4643,0,4,0,4643,301231555,301271094,39539,3,0,2,0,0,0,0,2420,1,1
4644,0,4,1,4644,301285813,301356676,70863,7,3,3,0,0,0,0,2420,1,1
4645,0,4,3,4645,301371391,301476453,105062,11,4,6,0,0,0,0,2420,1,1
4646,0,4,1,4646,301491162,301570977,79815,8,3,4,0,0,0,0,2420,1,1
4647,0,4,0,4647,301585696,301711700,126004,14,8,5,0,0,0,0,2420,1,1
4648,0,4,1,4648,301726422,301757032,30610,2,0,1,0,0,0,0,2420,1,1
4649,0,4,1,4649,301771746,301802364,30618,2,0,1,0,0,0,0,2420,1,1
4650,0,4,0,4650,301817082,301856632,39550,3,0,2,0,0,0,0,2420,1,1
4651,0,4,4,4651,301871348,301967454,96106,10,4,5,0,0,0,0,2420,1,1
4652,0,4,0,4652,301982164,302042665,60501,6,4,1,0,0,0,0,2420,1,1
4653,0,4,1,4653,302057384,302095463,38079,3,1,1,0,0,0,0,2420,1,1
4654,0,4,4,4654,302110177,302140764,30587,2,0,1,0,0,0,0,2420,1,1
4655,0,4,3,4655,302155475,302248745,93270,10,6,3,0,0,0,0,2420,1,1
4656,0,4,0,4656,302263457,302329741,66284,6,0,5,0,0,0,0,2420,1,1
4657,0,4,3,4657,302344461,302439136,94675,10,5,4,0,0,0,0,2420,1,1
4658,0,4,4,4658,302453848,302639424,185576,22,16,5,0,0,0,0,2420,1,1
4659,0,4,1,4659,302654140,302690756,36616,3,2,0,0,0,0,0,2420,1,1
4660,0,4,4,4660,302705474,302771969,66495,7,6,0,0,0,0,0,2420,1,1
4661,0,4,0,4661,302786680,302833671,46991,4,1,2,0,0,0,0,2420,1,1
4662,0,4,1,4662,302848387,302911784,63397,6,2,3,0,0,0,0,2420,1,1
4663,0,4,1,4663,302926502,302972029,45527,4,2,1,0,0,0,0,2420,1,1
4664,0,4,4,4664,302986747,303042651,55904,5,1,3,0,0,0,0,2420,1,1
4665,0,4,4,4665,303057361,303086513,29152,2,1,0,0,0,0,0,2420,1,1
4666,0,4,0,4666,303101220,303122925,21705,1,0,0,0,0,0,0,2420,1,1
4667,0,4,0,4667,303137639,303177168,39529,3,0,2,0,0,0,0,2420,1,1
4668,0,4,1,4668,303191882,303221040,29158,2,1,0,0,0,0,0,2420,1,1
4669,0,4,2,4669,303235758,303279831,44073,4,3,0,0,0,0,0,2420,1,1
4670,0,4,2,4670,303294542,303332597,38055,3,1,1,0,0,0,0,2420,1,1
4671,0,4,0,4671,303347308,303392874,45566,4,2,1,0,0,0,0,2420,1,1
4672,0,4,0,4672,303407589,303478459,70870,7,3,3,0,0,0,0,2420,1,1
4673,0,4,2,4673,303493175,303577465,84290,9,6,2,0,0,0,0,2420,1,1
4674,0,4,2,4674,303592172,303613863,21691,1,0,0,0,0,0,0,2420,1,1
4675,0,4,3,4675,303628569,303712871,84302,9,6,2,0,0,0,0,2420,1,1
4676,0,4,4,4676,303727578,303765647,38069,3,1,1,0,0,0,0,2420,1,1
4677,0,4,0,4677,303780355,303810978,30623,2,0,1,0,0,0,0,2420,1,1
4678,0,4,2,4678,303825697,303910010,84313,9,6,2,0,0,0,0,2420,1,1
4679,0,4,4,4679,303924720,303970285,45565,4,2,1,0,0,0,0,2420,1,1
4680,0,4,4,4680,303984996,304078156,93160,10,6,3,0,0,0,0,2420,1,1
4681,0,4,2,4681,304092868,304123491,30623,2,0,1,0,0,0,0,2420,1,1
4682,0,4,2,4682,304138198,304232902,94704,10,5,4,0,0,0,0,2420,1,1
4683,0,4,3,4683,304247610,304318487,70877,7,3,3,0,0,0,0,2420,1,1
4684,0,4,1,4684,304333198,304401107,67909,7,5,1,0,0,0,0,2420,1,1
4685,0,4,3,4685,304415825,304479170,63345,6,2,3,0,0,0,0,2420,1,1
4686,0,4,2,4686,304493881,304554378,60497,6,4,1,0,0,0,0,2420,1,1
4687,0,4,2,4687,304569084,304623534,54450,5,2,2,0,0,0,0,2420,1,1
4688,0,4,3,4688,304638241,304659927,21686,1,0,0,0,0,0,0,2420,1,1
4689,0,4,3,4689,304674638,304735094,60456,6,4,1,0,0,0,0,2420,1,1
4690,0,4,3,4690,304749801,304845974,96173,10,4,5,0,0,0,0,2420,1,1
4691,0,4,4,4691,304860683,304915135,54452,5,2,2,0,0,0,0,2420,1,1
4692,0,4,1,4692,304929841,304951542,21701,1,0,0,0,0,0,0,2420,1,1
4693,0,4,3,4693,304966261,305028144,61883,6,3,2,0,0,0,0,2420,1,1
4694,0,4,2,4694,305042851,305098726,55875,5,1,3,0,0,0,0,2420,1,1
4695,0,4,4,4695,305113436,305135122,21686,1,0,0,0,0,0,0,2420,1,1
4696,0,4,4,4696,305149829,305211765,61936,6,3,2,0,0,0,0,2420,1,1
4697,0,4,2,4697,305226475,305280933,54458,5,2,2,0,0,0,0,2420,1,1
4698,0,4,0,4698,305295644,305357591,61947,6,3,2,0,0,0,0,2420,1,1
4699,0,4,4,4699,305372305,305401473,29168,2,1,0,0,0,0,0,2420,1,1
4700,0,4,3,4700,305416184,305461712,45528,4,2,1,0,0,0,0,2420,1,1
4701,0,4,2,4701,305476423,305563639,87216,9,4,4,0,0,0,0,2420,1,1
4702,0,4,0,4702,305578346,305625329,46983,4,1,2,0,0,0,0,2420,1,1
4703,0,4,4,4703,305640044,305724367,84323,9,6,2,0,0,0,0,2420,1,1
4704,0,4,3,4704,305739074,305799550,60476,6,4,1,0,0,0,0,2420,1,1
4705,0,4,2,4705,305814261,305843397,29136,2,1,0,0,0,0,0,2420,1,1
4706,0,4,3,4706,305858104,305879789,21685,1,0,0,0,0,0,0,2420,1,1
4707,0,4,4,4707,305894501,305925101,30600,2,0,1,0,0,0,0,2420,1,1
4708,0,4,4,4708,305939807,305970398,30591,2,0,1,0,0,0,0,2420,1,1
4709,0,4,0,4709,305985109,306006810,21701,1,0,0,0,0,0,0,2420,1,1
4710,0,4,1,4710,306021525,306169908,148383,17,11,5,0,0,0,0,2420,1,1
4711,0,4,2,4711,306184632,306237669,53037,5,3,1,0,0,0,0,2420,1,1
4712,0,4,2,4712,306252375,306274062,21687,1,0,0,0,0,0,0,2420,1,1
4713,0,4,1,4713,306288769,306405986,117217,13,9,2,0,1,0,0,2420,1,1
4714,0,4,0,4714,306420703,306497550,76847,8,5,2,0,0,0,0,2420,1,1
4715,0,4,2,4715,306512264,306550326,38062,3,1,1,0,0,0,0,2420,1,1
4716,0,4,1,4716,306565036,306643402,78366,8,4,3,0,0,0,0,2420,1,1
4717,0,4,4,4717,306658116,306694746,36630,3,2,0,0,0,0,0,2420,1,1
4718,0,4,2,4718,306709452,306777374,67922,7,5,1,0,0,0,0,2420,1,1
4719,0,4,4,4719,306792082,306813772,21690,1,0,0,0,0,0,0,2420,1,1
4720,0,4,2,4720,306828478,306912805,84327,9,6,2,0,0,0,0,2420,1,1
4721,0,4,2,4721,306927512,307005856,78344,8,4,3,0,0,0,0,2420,1,1
4722,0,4,0,4722,307020563,307042264,21701,1,0,0,0,0,0,0,2420,1,1
4723,0,4,4,4723,307056982,307101049,44067,4,3,0,0,0,0,0,2420,1,1
4724,0,4,4,4724,307115760,307152360,36600,3,2,0,0,0,0,0,2420,1,1
4725,0,4,1,4725,307167070,307188771,21701,1,0,0,0,0,0,0,2420,1,1
4726,0,4,0,4726,307203490,307327996,124506,14,9,4,0,0,0,0,2420,1,1
4727,0,4,1,4727,307342714,307509098,166384,20,17,2,0,0,0,0,2420,1,1
4728,0,4,2,4728,307523821,307707850,184029,21,11,9,0,0,0,0,2420,1,1
4729,0,4,3,4729,307722561,307753165,30604,2,0,1,0,0,0,0,2420,1,1
4730,0,4,4,4730,307767871,307789557,21686,1,0,0,0,0,0,0,2420,1,1
4731,0,4,2,4731,307804268,307857278,53010,5,3,1,0,0,0,0,2420,1,1
4732,0,4,1,4732,307871985,307936954,64969,6,2,2,0,1,0,0,2420,1,1
4733,0,4,0,4733,307951668,307973375,21707,1,0,0,0,0,0,0,2420,1,1
4734,0,4,1,4734,307988089,308009791,21702,1,0,0,0,0,0,0,2420,1,1
4735,0,4,4,4735,308024510,308053672,29162,2,1,0,0,0,0,0,2420,1,1
4736,0,4,1,4736,308068380,308090080,21700,1,0,0,0,0,0,0,2420,1,1
4737,0,4,0,4737,308104799,308135414,30615,2,0,1,0,0,0,0,2420,1,1
4738,0,4,0,4738,308150128,308219563,69435,7,4,2,0,0,0,0,2420,1,1
4739,0,4,4,4739,308234282,308282721,48439,4,0,3,0,0,0,0,2420,1,1
4740,0,4,2,4740,308297431,308375739,78308,8,4,3,0,0,0,0,2420,1,1
4741,0,4,1,4741,308390446,308427082,36636,3,2,0,0,0,0,0,2420,1,1
4742,0,4,2,4742,308441797,308485878,44081,4,3,0,0,0,0,0,2420,1,1
4743,0,4,1,4743,308500585,308538684,38099,3,1,1,0,0,0,0,2420,1,1
4744,0,4,4,4744,308553403,308640613,87210,9,4,4,0,0,0,0,2420,1,1
4745,0,4,1,4745,308655325,308694880,39555,3,0,2,0,0,0,0,2420,1,1
4746,0,4,4,4746,308709595,308834118,124523,14,9,4,0,0,0,0,2420,1,1
4747,0,4,2,4747,308848827,308894367,45540,4,2,1,0,0,0,0,2420,1,1
4748,0,4,1,4748,308909073,308948649,39576,3,0,2,0,0,0,0,2420,1,1
4749,0,4,0,4749,308963368,309014921,51553,5,4,0,0,0,0,0,2420,1,1
4750,0,4,2,4750,309029636,309060232,30596,2,0,1,0,0,0,0,2420,1,1
4751,0,4,3,4751,309074943,309096628,21685,1,0,0,0,0,0,0,2420,1,1
4752,0,4,4,4752,309111334,309133023,21689,1,0,0,0,0,0,0,2420,1,1
4753,0,4,4,4753,309147730,309169415,21685,1,0,0,0,0,0,0,2420,1,1
4754,0,4,1,4754,309184125,309253538,69413,7,4,2,0,0,0,0,2420,1,1
4755,0,4,4,4755,309268253,309289939,21686,1,0,0,0,0,0,0,2420,1,1
4756,0,4,3,4756,309304649,309348733,44084,4,3,0,0,0,0,0,2420,1,1
4757,0,4,2,4757,309363443,309441649,78206,8,4,3,0,0,0,0,2420,1,1
4758,0,4,4,4758,309456360,309486970,30610,2,0,1,0,0,0,0,2420,1,1
4759,0,4,2,4759,309501676,309523367,21691,1,0,0,0,0,0,0,2420,1,1
4760,0,4,1,4760,309538074,309583592,45518,4,2,1,0,0,0,0,2420,1,1
4761,0,4,4,4761,309598307,309619993,21686,1,0,0,0,0,0,0,2420,1,1
4762,0,4,4,4762,309634704,309656390,21686,1,0,0,0,0,0,0,2420,1,1
4763,0,4,1,4763,309671097,309700250,29153,2,1,0,0,0,0,0,2420,1,1
4764,0,4,4,4764,309714969,309760498,45529,4,2,1,0,0,0,0,2420,1,1
4765,0,4,0,4765,309775210,309847505,72295,7,2,4,0,0,0,0,2420,1,1
4766,0,4,2,4766,309862220,309934483,72263,7,2,4,0,0,0,0,2420,1,1
4767,0,4,1,4767,309949189,309978360,29171,2,1,0,0,0,0,0,2420,1,1
4768,0,4,2,4768,309993075,310040080,47005,4,1,2,0,0,0,0,2420,1,1
4769,0,4,4,4769,310054790,310085381,30591,2,0,1,0,0,0,0,2420,1,1
4770,0,4,1,4770,310100087,310263375,163288,19,13,5,0,0,0,0,2420,1,1
4771,0,4,3,4771,310278095,310323650,45555,4,2,1,0,0,0,0,2420,1,1
4772,0,4,1,4772,310338357,310360059,21702,1,0,0,0,0,0,0,2420,1,1
4773,0,4,3,4773,310374778,310464956,90178,9,2,6,0,0,0,0,2420,1,1
4774,0,4,4,4774,310479663,310525198,45535,4,2,1,0,0,0,0,2420,1,1
4775,0,4,3,4775,310539905,310615341,75436,8,6,1,0,0,0,0,2420,1,1
4776,0,4,4,4776,310630047,310702280,72233,7,2,4,0,0,0,0,2420,1,1
4777,0,4,3,4777,310716991,310746149,29158,2,1,0,0,0,0,0,2420,1,1
4778,0,4,0,4778,310760856,310798927,38071,3,1,1,0,0,0,0,2420,1,1
4779,0,4,1,4779,310813646,310844253,30607,2,0,1,0,0,0,0,2420,1,1
4780,0,4,1,4780,310858968,310880661,21693,1,0,0,0,0,0,0,2420,1,1
4781,0,4,2,4781,310895380,310964767,69387,7,4,2,0,0,0,0,2420,1,1
4782,0,4,1,4782,310979473,311016080,36607,3,2,0,0,0,0,0,2420,1,1
4783,0,4,3,4783,311030794,311052472,21678,1,0,0,0,0,0,0,2420,1,1
4784,0,4,0,4784,311067182,311105262,38080,3,1,1,0,0,0,0,2420,1,1
4785,0,4,0,4785,311119976,311166968,46992,4,1,2,0,0,0,0,2420,1,1
4786,0,4,1,4786,311181682,311210836,29154,2,1,0,0,0,0,0,2420,1,1
4787,0,4,0,4787,311225554,311294929,69375,7,4,2,0,0,0,0,2420,1,1
4788,0,4,2,4788,311309642,311331320,21678,1,0,0,0,0,0,0,2420,1,1
4789,0,4,3,4789,311346031,311391566,45535,4,2,1,0,0,0,0,2420,1,1
4790,0,4,1,4790,311406277,311427971,21694,1,0,0,0,0,0,0,2420,1,1
4791,0,4,2,4791,311442685,311497099,54414,5,2,2,0,0,0,0,2420,1,1
4792,0,4,0,4792,311511805,311533503,21698,1,0,0,0,0,0,0,2420,1,1
4793,0,4,3,4793,311548217,311593755,45538,4,2,1,0,0,0,0,2420,1,1
4794,0,4,0,4794,311608462,311677856,69394,7,4,2,0,0,0,0,2420,1,1
4795,0,4,2,4795,311692571,311761926,69355,7,4,2,0,0,0,0,2420,1,1
4796,0,4,2,4796,311776636,311847444,70808,7,3,3,0,0,0,0,2420,1,1
4797,0,4,2,4797,311862151,311909127,46976,4,1,2,0,0,0,0,2420,1,1
4798,0,4,1,4798,311923838,312064772,140934,16,10,5,0,0,0,0,2420,1,1
4799,0,4,3,4799,312079491,312108636,29145,2,1,0,0,0,0,0,2420,1,1
4800,0,4,2,4800,312123347,312231253,107906,11,2,8,0,0,0,0,2420,1,1
4801,0,4,4,4801,312245966,312275114,29148,2,1,0,0,0,0,0,2420,1,1
4802,0,4,0,4802,312289821,312336816,46995,4,1,2,0,0,0,0,2420,1,1
4803,0,4,0,4803,312351530,312373228,21698,1,0,0,0,0,0,0,2420,1,1
4804,0,4,3,4804,312387942,312451279,63337,6,2,3,0,0,0,0,2420,1,1
4805,0,4,3,4805,312465989,312495124,29135,2,1,0,0,0,0,0,2420,1,1
4806,0,4,2,4806,312509831,312571689,61858,6,3,2,0,0,0,0,2420,1,1
4807,0,4,3,4807,312586400,312624467,38067,3,1,1,0,0,0,0,2420,1,1
4808,0,4,0,4808,312639178,312724879,85701,9,5,3,0,0,0,0,2420,1,1
4809,0,4,3,4809,312739598,312785110,45512,4,2,1,0,0,0,0,2420,1,1
4810,0,4,4,4810,312799820,312851334,51514,5,4,0,0,0,0,0,2420,1,1
4811,0,4,3,4811,312866049,312895192,29143,2,1,0,0,0,0,0,2420,1,1
4812,0,4,2,4812,312909903,313032763,122860,13,4,8,0,0,0,0,2420,1,1
4813,0,4,0,4813,313047476,313078074,30598,2,0,1,0,0,0,0,2420,1,1
4814,0,4,0,4814,313092796,313123424,30628,2,0,1,0,0,0,0,2420,1,1
4815,0,4,4,4815,313138142,313210431,72289,7,2,4,0,0,0,0,2420,1,1
4816,0,4,0,4816,313225146,313246835,21689,1,0,0,0,0,0,0,2420,1,1
4817,0,4,3,4817,313261554,313316029,54475,5,2,2,0,0,0,0,2420,1,1
4818,0,4,1,4818,313330740,313394114,63374,6,2,3,0,0,0,0,2420,1,1
4819,0,4,3,4819,313408833,313430507,21674,1,0,0,0,0,0,0,2420,1,1
4820,0,4,1,4820,313445222,313475831,30609,2,0,1,0,0,0,0,2420,1,1
4821,0,4,2,4821,313490550,313557027,66477,7,6,0,0,0,0,0,2420,1,1
4822,0,4,0,4822,313571737,313609808,38071,3,1,1,0,0,0,0,2420,1,1
4823,0,4,3,4823,313624530,313646204,21674,1,0,0,0,0,0,0,2420,1,1
4824,0,4,1,4824,313660914,313722856,61942,6,3,2,0,0,0,0,2420,1,1
4825,0,4,4,4825,313737575,313784545,46970,4,1,2,0,0,0,0,2420,1,1
4826,0,4,4,4826,313799256,313828387,29131,2,1,0,0,0,0,0,2420,1,1
4827,0,4,3,4827,313843099,313864773,21674,1,0,0,0,0,0,0,2420,1,1
4828,0,4,3,4828,313879483,313901156,21673,1,0,0,0,0,0,0,2420,1,1
4829,0,4,1,4829,313915871,313962842,46971,4,1,2,0,0,0,0,2420,1,1
4830,0,4,2,4830,313977561,314006691,29130,2,1,0,0,0,0,0,2420,1,1
4831,0,4,1,4831,314021402,314050557,29155,2,1,0,0,0,0,0,2420,1,1
4832,0,4,1,4832,314065280,314186629,121349,13,5,7,0,0,0,0,2420,1,1
4833,0,4,1,4833,314201349,314239425,38076,3,1,1,0,0,0,0,2420,1,1
4834,0,4,2,4834,314254148,314308751,54603,5,3,0,0,1,0,0,2420,1,1
4835,0,4,0,4835,314323465,314360102,36637,3,2,0,0,0,0,0,2420,1,1
4836,0,4,4,4836,314374825,314405421,30596,2,0,1,0,0,0,0,2420,1,1
4837,0,4,2,4837,314420132,314458175,38043,3,1,1,0,0,0,0,2420,1,1
4838,0,4,0,4838,314472890,314518402,45512,4,2,1,0,0,0,0,2420,1,1
4839,0,4,1,4839,314533123,314602531,69408,7,4,2,0,0,0,0,2420,1,1
4840,0,4,0,4840,314617257,314646419,29162,2,1,0,0,0,0,0,2420,1,1
4841,0,4,1,4841,314661142,314691743,30601,2,0,1,0,0,0,0,2420,1,1
4842,0,4,1,4842,314706469,314728155,21686,1,0,0,0,0,0,0,2420,1,1
4843,0,4,0,4843,314742881,314789875,46994,4,1,2,0,0,0,0,2420,1,1
4844,0,4,0,4844,314804602,314826288,21686,1,0,0,0,0,0,0,2420,1,1
4845,0,4,1,4845,314841010,314871600,30590,2,0,1,0,0,0,0,2420,1,1
4846,0,4,0,4846,314886327,314908012,21685,1,0,0,0,0,0,0,2420,1,1
4847,0,4,3,4847,314922735,314999566,76831,8,5,2,0,0,0,0,2420,1,1
4848,0,4,3,4848,315014285,315043405,29120,2,1,0,0,0,0,0,2420,1,1
4849,0,4,1,4849,315058119,315145361,87242,9,4,4,0,0,0,0,2420,1,1
4850,0,4,3,4850,315160084,315223420,63336,6,2,3,0,0,0,0,2420,1,1
4851,0,4,2,4851,315238135,315276214,38079,3,1,1,0,0,0,0,2420,1,1
4852,0,4,0,4852,315290929,315329009,38080,3,1,1,0,0,0,0,2420,1,1
4853,0,4,3,4853,315343735,315404127,60392,6,4,1,0,0,0,0,2420,1,1
4854,0,4,3,4854,315418841,315449424,30583,2,0,1,0,0,0,0,2420,1,1
4855,0,4,2,4855,315464143,315494734,30591,2,0,1,0,0,0,0,2420,1,1
4856,0,4,0,4856,315509449,315568480,59031,6,5,0,0,0,0,0,2420,1,1
4857,0,4,3,4857,315583207,315661494,78287,8,4,3,0,0,0,0,2420,1,1
4858,0,4,0,4858,315676213,315754501,78288,8,4,3,0,0,0,0,2420,1,1
4859,0,4,3,4859,315769224,315854946,85722,9,5,3,0,0,0,0,2420,1,1
4860,0,4,4,4860,315869661,315907723,38062,3,1,1,0,0,0,0,2420,1,1
4861,0,4,1,4861,315922437,315944126,21689,1,0,0,0,0,0,0,2420,1,1
4862,0,4,0,4862,315958849,315980534,21685,1,0,0,0,0,0,0,2420,1,1
4863,0,4,1,4863,315995261,316042243,46982,4,1,2,0,0,0,0,2420,1,1
4864,0,4,3,4864,316056970,316078639,21669,1,0,0,0,0,0,0,2420,1,1
4865,0,4,3,4865,316093357,316122471,29114,2,1,0,0,0,0,0,2420,1,1
4866,0,4,3,4866,316137189,316181240,44051,4,3,0,0,0,0,0,2420,1,1
4867,0,4,4,4867,316195959,316225095,29136,2,1,0,0,0,0,0,2420,1,1
4868,0,4,0,4868,316239810,316261495,21685,1,0,0,0,0,0,0,2420,1,1
4869,0,4,1,4869,316276222,316321740,45518,4,2,1,0,0,0,0,2420,1,1
4870,0,4,1,4870,316336467,316384904,48437,4,0,3,0,0,0,0,2420,1,1
4871,0,4,4,4871,316399627,316500371,100744,11,7,3,0,0,0,0,2420,1,1
4872,0,4,4,4872,316515097,316545688,30591,2,0,1,0,0,0,0,2420,1,1
4873,0,4,3,4873,316560406,316607336,46930,4,1,2,0,0,0,0,2420,1,1
4874,0,4,3,4874,316622055,316685400,63345,6,2,3,0,0,0,0,2420,1,1
4875,0,4,2,4875,316700119,316729242,29123,2,1,0,0,0,0,0,2420,1,1
4876,0,4,0,4876,316743965,316795517,51552,5,4,0,0,0,0,0,2420,1,1
4877,0,4,2,4877,316810244,316839379,29135,2,1,0,0,0,0,0,2420,1,1
4878,0,4,2,4878,316854102,316908493,54391,5,2,2,0,0,0,0,2420,1,1
4879,0,4,4,4879,316923216,316953816,30600,2,0,1,0,0,0,0,2420,1,1
4880,0,4,1,4880,316968534,317006589,38055,3,1,1,0,0,0,0,2420,1,1
4881,0,4,0,4881,317021316,317075765,54449,5,2,2,0,0,0,0,2420,1,1
4882,0,4,1,4882,317090491,317152410,61919,6,3,2,0,0,0,0,2420,1,1
4883,0,4,0,4883,317167141,317196276,29135,2,1,0,0,0,0,0,2420,1,1
4884,0,4,4,4884,317211002,317240129,29127,2,1,0,0,0,0,0,2420,1,1
4885,0,4,4,4885,317254852,317276517,21665,1,0,0,0,0,0,0,2420,1,1
4886,0,4,1,4886,317291235,317362049,70814,7,3,3,0,0,0,0,2420,1,1
4887,0,4,0,4887,317376778,317450484,73706,7,1,5,0,0,0,0,2420,1,1
4888,0,4,2,4888,317465215,317501800,36585,3,2,0,0,0,0,0,2420,1,1
4889,0,4,3,4889,317516522,317547103,30581,2,0,1,0,0,0,0,2420,1,1
4890,0,4,1,4890,317561821,317671400,109579,12,7,4,0,0,0,0,2420,1,1
4891,0,4,3,4891,317686133,317707799,21666,1,0,0,0,0,0,0,2420,1,1
4892,0,4,0,4892,317722517,317769507,46990,4,1,2,0,0,0,0,2420,1,1
4893,0,4,1,4893,317784237,317846156,61919,6,3,2,0,0,0,0,2420,1,1
4894,0,4,1,4894,317860882,317890045,29163,2,1,0,0,0,0,0,2420,1,1
4895,0,4,2,4895,317904776,317942839,38063,3,1,1,0,0,0,0,2420,1,1
4896,0,4,2,4896,317957557,317986707,29150,2,1,0,0,0,0,0,2420,1,1
4897,0,4,2,4897,318001426,318023096,21670,1,0,0,0,0,0,0,2420,1,1
4898,0,4,3,4898,318037814,318066932,29118,2,1,0,0,0,0,0,2420,1,1
4899,0,4,2,4899,318081651,318128587,46936,4,1,2,0,0,0,0,2420,1,1
4900,0,4,4,4900,318143309,318164975,21666,1,0,0,0,0,0,0,2420,1,1
4901,0,4,1,4901,318179694,318223784,44090,4,3,0,0,0,0,0,2420,1,1
4902,0,4,2,4902,318238511,318331752,93241,10,6,3,0,0,0,0,2420,1,1
4903,0,4,2,4903,318346476,318390536,44060,4,3,0,0,0,0,0,2420,1,1
4904,0,4,2,4904,318405262,318444770,39508,3,0,2,0,0,0,0,2420,1,1
4905,0,4,1,4905,318459492,318519935,60443,6,4,1,0,0,0,0,2420,1,1
4906,0,4,2,4906,318534670,318572746,38076,3,1,1,0,0,0,0,2420,1,1
4907,0,4,0,4907,318587472,318616615,29143,2,1,0,0,0,0,0,2420,1,1
4908,0,4,4,4908,318631345,318723062,91717,10,7,2,0,0,0,0,2420,1,1
4909,0,4,3,4909,318737787,318804222,66435,6,1,3,0,1,0,0,2420,1,1
4910,0,4,1,4910,318818944,318840622,21678,1,0,0,0,0,0,0,2420,1,1
4911,0,4,0,4911,318855357,318891960,36603,3,2,0,0,0,0,0,2420,1,1
4912,0,4,1,4912,318906694,318961104,54410,5,2,2,0,0,0,0,2420,1,1
4913,0,4,4,4913,318975838,319012444,36606,3,2,0,0,0,0,0,2420,1,1
4914,0,4,2,4914,319027170,319105398,78228,8,4,3,0,0,0,0,2420,1,1
4915,0,4,2,4915,319120121,319165593,45472,4,2,1,0,0,0,0,2420,1,1
4916,0,4,4,4916,319180315,319225846,45531,4,2,1,0,0,0,0,2420,1,1
4917,0,4,1,4917,319240568,319312812,72244,7,2,4,0,0,0,0,2420,1,1
4918,0,4,1,4918,319327543,319358143,30600,2,0,1,0,0,0,0,2420,1,1
4919,0,4,3,4919,319372877,319431897,59020,6,5,0,0,0,0,0,2420,1,1
4920,0,4,0,4920,319446623,319527775,81152,8,2,5,0,0,0,0,2420,1,1
4921,0,4,4,4921,319542506,319602944,60438,6,4,1,0,0,0,0,2420,1,1
4922,0,4,3,4922,319617667,319664649,46982,4,1,2,0,0,0,0,2420,1,1
4923,0,4,2,4923,319679371,319812810,133439,15,9,5,0,0,0,0,2420,1,1
4924,0,4,2,4924,319827535,319890879,63344,6,2,3,0,0,0,0,2420,1,1
4925,0,4,3,4925,319905607,319958535,52928,5,3,1,0,0,0,0,2420,1,1
4926,0,4,0,4926,319973262,319994939,21677,1,0,0,0,0,0,0,2420,1,1
4927,0,4,3,4927,320009670,320031332,21662,1,0,0,0,0,0,0,2420,1,1
4928,0,4,1,4928,320046059,320076669,30610,2,0,1,0,0,0,0,2420,1,1
4929,0,4,1,4929,320091399,320113080,21681,1,0,0,0,0,0,0,2420,1,1
4930,0,4,1,4930,320127811,320171885,44074,4,3,0,0,0,0,0,2420,1,1
4931,0,4,2,4931,320186619,320223242,36623,3,2,0,0,0,0,0,2420,1,1
4932,0,4,3,4932,320237964,320274575,36611,3,2,0,0,0,0,0,2420,1,1
4933,0,4,4,4933,320289297,320319862,30565,2,0,1,0,0,0,0,2420,1,1
4934,0,4,2,4934,320334589,320356251,21662,1,0,0,0,0,0,0,2420,1,1
4935,0,4,4,4935,320370974,320456747,85773,9,5,3,0,0,0,0,2420,1,1
4936,0,4,2,4936,320471473,320517004,45531,4,2,1,0,0,0,0,2420,1,1
4937,0,4,0,4937,320531730,320553416,21686,1,0,0,0,0,0,0,2420,1,1
4938,0,4,1,4938,320568151,320676279,108128,12,8,3,0,0,0,0,2420,1,1
4939,0,4,0,4939,320691016,320720154,29138,2,1,0,0,0,0,0,2420,1,1
4940,0,4,0,4940,320734892,320790815,55923,5,1,3,0,0,0,0,2420,1,1
4941,0,4,2,4941,320805554,320861598,56044,5,2,1,0,1,0,0,2420,1,1
4942,0,4,3,4942,320876328,320957478,81150,8,2,5,0,0,0,0,2420,1,1
4943,0,4,2,4943,320972204,321001323,29119,2,1,0,0,0,0,0,2420,1,1
4944,0,4,3,4944,321016054,321079425,63371,6,2,3,0,0,0,0,2420,1,1
4945,0,4,4,4945,321094155,321138206,44051,4,3,0,0,0,0,0,2420,1,1
4946,0,4,2,4946,321152937,321220820,67883,7,5,1,0,0,0,0,2420,1,1
4947,0,4,4,4947,321235551,321328785,93234,10,6,3,0,0,0,0,2420,1,1
4948,0,4,0,4948,321343517,321424735,81218,8,2,5,0,0,0,0,2420,1,1
4949,0,4,4,4949,321439469,321522280,82811,9,7,1,0,0,0,0,2420,1,1
4950,0,4,3,4950,321537010,321604925,67915,7,5,1,0,0,0,0,2420,1,1
4951,0,4,2,4951,321619651,321650227,30576,2,0,1,0,0,0,0,2420,1,1
4952,0,4,0,4952,321664958,321686640,21682,1,0,0,0,0,0,0,2420,1,1
4953,0,4,0,4953,321701374,321723059,21685,1,0,0,0,0,0,0,2420,1,1
4954,0,4,1,4954,321737793,321781858,44065,4,3,0,0,0,0,0,2420,1,1
4955,0,4,3,4955,321796596,321818262,21666,1,0,0,0,0,0,0,2420,1,1
4956,0,4,1,4956,321832992,321879944,46952,4,1,2,0,0,0,0,2420,1,1
4957,0,4,2,4957,321894683,321932707,38024,3,1,1,0,0,0,0,2420,1,1
4958,0,4,0,4958,321947437,321969118,21681,1,0,0,0,0,0,0,2420,1,1
4959,0,4,0,4959,321983857,322014446,30589,2,0,1,0,0,0,0,2420,1,1
4960,0,4,2,4960,322029180,322159479,130299,14,5,8,0,0,0,0,2420,1,1
4961,0,4,2,4961,322174213,322295631,121418,13,5,7,0,0,0,0,2420,1,1
4962,0,4,1,4962,322310360,322332041,21681,1,0,0,0,0,0,0,2420,1,1
4963,0,4,0,4963,322346779,322377385,30606,2,0,1,0,0,0,0,2420,1,1
4964,0,4,0,4964,322392119,322430159,38040,3,1,1,0,0,0,0,2420,1,1
4965,0,4,3,4965,322444897,322506810,61913,6,3,2,0,0,0,0,2420,1,1
4966,0,4,4,4966,322521537,322583412,61875,6,3,2,0,0,0,0,2420,1,1
4967,0,4,3,4967,322598139,322642168,44029,4,3,0,0,0,0,0,2420,1,1
4968,0,4,4,4968,322656898,322678556,21658,1,0,0,0,0,0,0,2420,1,1
4969,0,4,1,4969,322693287,322738778,45491,4,2,1,0,0,0,0,2420,1,1
4970,0,4,0,4970,322753517,322816885,63368,6,2,3,0,0,0,0,2420,1,1
4971,0,4,4,4971,322831619,322860728,29109,2,1,0,0,0,0,0,2420,1,1
4972,0,4,2,4972,322875459,322904591,29132,2,1,0,0,0,0,0,2420,1,1
4973,0,4,3,4973,322919317,322970811,51494,5,4,0,0,0,0,0,2420,1,1
4974,0,4,0,4974,322985542,323022116,36574,3,2,0,0,0,0,0,2420,1,1
4975,0,4,0,4975,323036855,323073474,36619,3,2,0,0,0,0,0,2420,1,1
4976,0,4,3,4976,323088209,323133709,45500,4,2,1,0,0,0,0,2420,1,1
4977,0,4,4,4977,323148435,323208846,60411,6,4,1,0,0,0,0,2420,1,1
4978,0,4,2,4978,323223577,323291477,67900,7,5,1,0,0,0,0,2420,1,1
4979,0,4,3,4979,323306208,323342790,36582,3,2,0,0,0,0,0,2420,1,1
4980,0,4,3,4980,323357516,323394118,36602,3,2,0,0,0,0,0,2420,1,1
4981,0,4,3,4981,323408844,323430502,21658,1,0,0,0,0,0,0,2420,1,1
4982,0,4,4,4982,323445233,323474372,29139,2,1,0,0,0,0,0,2420,1,1
4983,0,4,1,4983,323489099,323582306,93207,10,6,3,0,0,0,0,2420,1,1
4984,0,4,0,4984,323597047,323660359,63312,6,2,3,0,0,0,0,2420,1,1
4985,0,4,4,4985,323675097,323801028,125931,14,8,5,0,0,0,0,2420,1,1
4986,0,4,4,4986,323815762,323846331,30569,2,0,1,0,0,0,0,2420,1,1
4987,0,4,1,4987,323861058,323890192,29134,2,1,0,0,0,0,0,2420,1,1
4988,0,4,3,4988,323904931,323926589,21658,1,0,0,0,0,0,0,2420,1,1
4989,0,4,4,4989,323941316,323962977,21661,1,0,0,0,0,0,0,2420,1,1
4990,0,4,4,4990,323977703,324024687,46984,4,1,2,0,0,0,0,2420,1,1
4991,0,4,3,4991,324039413,324108769,69356,7,4,2,0,0,0,0,2420,1,1
4992,0,4,3,4992,324123500,324203245,79745,8,3,4,0,0,0,0,2420,1,1
4993,0,4,1,4993,324217971,324247103,29132,2,1,0,0,0,0,0,2420,1,1
4994,0,4,1,4994,324261837,324283515,21678,1,0,0,0,0,0,0,2420,1,1
4995,0,4,4,4995,324298249,324336267,38018,3,1,1,0,0,0,0,2420,1,1
4996,0,4,2,4996,324350993,324381560,30567,2,0,1,0,0,0,0,2420,1,1
4997,0,4,2,4997,324396291,324514777,118486,13,7,5,0,0,0,0,2420,1,1
4998,0,4,4,4998,324529506,324583938,54432,5,2,2,0,0,0,0,2420,1,1
4999,0,4,1,4999,324598664,324636690,38026,3,1,1,0,0,0,0,2420,1,1
5000,0,5,0,5000,324651428,324673413,21985,1,0,0,0,0,0,0,2420,1,1
5001,0,5,2,5001,324688306,324724919,36613,3,2,0,0,0,0,0,2420,1,1
5002,0,5,1,5002,324739629,324761341,21712,1,0,0,0,0,0,0,2420,1,1
5003,0,5,4,5003,324776067,324812660,36593,3,2,0,0,0,0,0,2420,1,1
5004,0,5,4,5004,324827373,324945927,118554,13,7,5,0,0,0,0,2420,1,1
5005,0,5,4,5005,324960644,324989790,29146,2,1,0,0,0,0,0,2420,1,1
5006,0,5,1,5006,325004505,325050093,45588,4,2,1,0,0,0,0,2420,1,1
5007,0,5,3,5007,325064819,325102902,38083,3,1,1,0,0,0,0,2420,1,1
5008,0,5,1,5008,325117612,325148260,30648,2,0,1,0,0,0,0,2420,1,1
5009,0,5,0,5009,325162986,325232408,69422,7,4,2,0,0,0,0,2420,1,1
5010,0,5,0,5010,325247130,325276293,29163,2,1,0,0,0,0,0,2420,1,1
5011,0,5,4,5011,325291015,325376767,85752,9,5,3,0,0,0,0,2420,1,1
5012,0,5,0,5012,325391477,325453429,61952,6,3,2,0,0,0,0,2420,1,1
5013,0,5,0,5013,325468151,325513727,45576,4,2,1,0,0,0,0,2420,1,1
5014,0,5,1,5014,325528445,325557614,29169,2,1,0,0,0,0,0,2420,1,1
5015,0,5,2,5015,325572335,325638813,66478,7,6,0,0,0,0,0,2420,1,1
5016,0,5,0,5016,325653526,325691611,38085,3,1,1,0,0,0,0,2420,1,1
5017,0,5,4,5017,325706338,325768254,61916,6,3,2,0,0,0,0,2420,1,1
5018,0,5,4,5018,325782964,325847801,64837,6,1,4,0,0,0,0,2420,1,1
5019,0,5,3,5019,325862515,325916966,54451,5,2,2,0,0,0,0,2420,1,1
5020,0,5,0,5020,325931676,325968305,36629,3,2,0,0,0,0,0,2420,1,1
5021,0,5,3,5021,325983032,326004725,21693,1,0,0,0,0,0,0,2420,1,1
5022,0,5,4,5022,326019435,326048590,29155,2,1,0,0,0,0,0,2420,1,1
5023,0,5,1,5023,326063308,326092482,29174,2,1,0,0,0,0,0,2420,1,1
5024,0,5,0,5024,326107203,326137831,30628,2,0,1,0,0,0,0,2420,1,1
5025,0,5,0,5025,326152553,326282879,130326,14,5,8,0,0,0,0,2420,1,1
5026,0,5,3,5026,326297600,326350590,52990,5,3,1,0,0,0,0,2420,1,1
5027,0,5,0,5027,326365309,326387018,21709,1,0,0,0,0,0,0,2420,1,1
5028,0,5,4,5028,326401736,326438377,36641,3,2,0,0,0,0,0,2420,1,1
5029,0,5,0,5029,326453091,326531411,78320,8,4,3,0,0,0,0,2420,1,1
5030,0,5,2,5030,326546134,326576732,30598,2,0,1,0,0,0,0,2420,1,1
5031,0,5,3,5031,326591447,326636966,45519,4,2,1,0,0,0,0,2420,1,1
5032,0,5,1,5032,326651684,326788104,136420,15,7,7,0,0,0,0,2420,1,1
5033,0,5,4,5033,326802834,326851438,48604,4,1,1,0,1,0,0,2420,1,1
5034,0,5,0,5034,326866153,326974333,108180,12,8,3,0,0,0,0,2420,1,1
5035,0,5,1,5035,326989057,327039296,50239,4,1,0,0,2,0,0,2420,1,1
5036,0,5,4,5036,327054018,327135243,81225,8,2,5,0,0,0,0,2420,1,1
5037,0,5,0,5037,327149958,327259576,109618,12,7,4,0,0,0,0,2420,1,1
5038,0,5,2,5038,327274302,327295998,21696,1,0,0,0,0,0,0,2420,1,1
5039,0,5,0,5039,327310712,327332420,21708,1,0,0,0,0,0,0,2420,1,1
5040,0,5,0,5040,327347142,327392713,45571,4,2,1,0,0,0,0,2420,1,1
5041,0,5,3,5041,327407438,327503539,96101,10,4,5,0,0,0,0,2420,1,1
5042,0,5,3,5042,327518251,327557770,39519,3,0,2,0,0,0,0,2420,1,1
5043,0,5,3,5043,327572485,327594181,21696,1,0,0,0,0,0,0,2420,1,1
5044,0,5,2,5044,327608892,327638048,29156,2,1,0,0,0,0,0,2420,1,1
5045,0,5,4,5045,327652765,327739984,87219,9,4,4,0,0,0,0,2420,1,1
5046,0,5,1,5046,327754698,327803350,48652,4,1,1,0,1,0,0,2420,1,1
5047,0,5,0,5047,327818073,327878511,60438,6,4,1,0,0,0,0,2420,1,1
5048,0,5,0,5048,327893233,327938792,45559,4,2,1,0,0,0,0,2420,1,1
5049,0,5,1,5049,327953518,328058762,105244,11,5,4,0,1,0,0,2420,1,1
5050,0,5,1,5050,328073487,328159272,85785,9,5,3,0,0,0,0,2420,1,1
5051,0,5,2,5051,328173999,328229883,55884,5,1,3,0,0,0,0,2420,1,1
5052,0,5,3,5052,328244597,328322897,78300,8,4,3,0,0,0,0,2420,1,1
5053,0,5,4,5053,328337611,328359304,21693,1,0,0,0,0,0,0,2420,1,1
5054,0,5,3,5054,328374017,328403196,29179,2,1,0,0,0,0,0,2420,1,1
5055,0,5,1,5055,328417910,328494795,76885,8,5,2,0,0,0,0,2420,1,1
5056,0,5,1,5056,328509513,328681554,172041,19,7,11,0,0,0,0,2420,1,1
5057,0,5,3,5057,328696284,328750697,54413,5,2,2,0,0,0,0,2420,1,1
5058,0,5,1,5058,328765411,328787124,21713,1,0,0,0,0,0,0,2420,1,1
5059,0,5,0,5059,328801846,328911483,109637,12,7,4,0,0,0,0,2420,1,1
5060,0,5,2,5060,328926208,328947905,21697,1,0,0,0,0,0,0,2420,1,1
5061,0,5,3,5061,328962619,329000700,38081,3,1,1,0,0,0,0,2420,1,1
5062,0,5,0,5062,329015414,329037127,21713,1,0,0,0,0,0,0,2420,1,1
5063,0,5,0,5063,329051849,329073562,21713,1,0,0,0,0,0,0,2420,1,1
5064,0,5,0,5064,329088288,329110000,21712,1,0,0,0,0,0,0,2420,1,1
5065,0,5,1,5065,329124738,329168864,44126,4,3,0,0,0,0,0,2420,1,1
5066,0,5,2,5066,329183599,329212764,29165,2,1,0,0,0,0,0,2420,1,1
5067,0,5,1,5067,329227490,329249198,21708,1,0,0,0,0,0,0,2420,1,1
5068,0,5,0,5068,329263933,329293125,29192,2,1,0,0,0,0,0,2420,1,1
5069,0,5,0,5069,329307859,329337043,29184,2,1,0,0,0,0,0,2420,1,1
5070,0,5,1,5070,329351773,329380942,29169,2,1,0,0,0,0,0,2420,1,1
5071,0,5,1,5071,329395680,329442697,47017,4,1,2,0,0,0,0,2420,1,1
5072,0,5,3,5072,329457432,329575955,118523,13,7,5,0,0,0,0,2420,1,1
5073,0,5,4,5073,329590684,329612377,21693,1,0,0,0,0,0,0,2420,1,1
5074,0,5,4,5074,329627103,329657701,30598,2,0,1,0,0,0,0,2420,1,1
5075,0,5,4,5075,329672427,329694124,21697,1,0,0,0,0,0,0,2420,1,1
5076,0,5,4,5076,329708847,329755834,46987,4,1,2,0,0,0,0,2420,1,1
5077,0,5,0,5077,329770561,329865267,94706,10,5,4,0,0,0,0,2420,1,1
5078,0,5,0,5078,329879999,329925544,45545,4,2,1,0,0,0,0,2420,1,1
5079,0,5,3,5079,329940277,329984346,44069,4,3,0,0,0,0,0,2420,1,1
5080,0,5,2,5080,329999068,330020765,21697,1,0,0,0,0,0,0,2420,1,1
5081,0,5,4,5081,330035497,330152612,117115,13,8,4,0,0,0,0,2420,1,1
5082,0,5,4,5082,330167341,330189038,21697,1,0,0,0,0,0,0,2420,1,1
5083,0,5,3,5083,330203768,330282034,78266,8,4,3,0,0,0,0,2420,1,1
5084,0,5,2,5084,330296759,330325919,29160,2,1,0,0,0,0,0,2420,1,1
5085,0,5,1,5085,330340645,330411485,70840,7,3,3,0,0,0,0,2420,1,1
5086,0,5,4,5086,330426220,330447916,21696,1,0,0,0,0,0,0,2420,1,1
5087,0,5,4,5087,330462642,330517127,54485,5,2,2,0,0,0,0,2420,1,1
5088,0,5,2,5088,330531850,330650352,118502,13,7,5,0,0,0,0,2420,1,1
5089,0,5,3,5089,330665085,330686777,21692,1,0,0,0,0,0,0,2420,1,1
5090,0,5,2,5090,330701499,330820014,118515,13,7,5,0,0,0,0,2420,1,1
5091,0,5,1,5091,330834748,330880298,45550,4,2,1,0,0,0,0,2420,1,1
5092,0,5,2,5092,330895033,330925635,30602,2,0,1,0,0,0,0,2420,1,1
5093,0,5,1,5093,330940362,330962070,21708,1,0,0,0,0,0,0,2420,1,1
5094,0,5,2,5094,330976802,331014885,38083,3,1,1,0,0,0,0,2420,1,1
5095,0,5,4,5095,331029611,331106482,76871,8,5,2,0,0,0,0,2420,1,1
5096,0,5,0,5096,331121204,331253232,132028,15,10,4,0,0,0,0,2420,1,1
5097,0,5,2,5097,331267970,331298586,30616,2,0,1,0,0,0,0,2420,1,1
5098,0,5,4,5098,331313312,331405139,91827,10,7,2,0,0,0,0,2420,1,1
5099,0,5,0,5099,331419867,331474368,54501,5,2,2,0,0,0,0,2420,1,1
5100,0,5,2,5100,331489098,331563070,73972,8,7,0,0,0,0,0,2420,1,1
5101,0,5,1,5101,331577797,331654686,76889,8,5,2,0,0,0,0,2420,1,1
5102,0,5,1,5102,331669416,331691128,21712,1,0,0,0,0,0,0,2420,1,1
5103,0,5,0,5103,331705866,331775283,69417,7,4,2,0,0,0,0,2420,1,1
5104,0,5,3,5104,331790014,331811710,21696,1,0,0,0,0,0,0,2420,1,1
5105,0,5,1,5105,331826441,331871969,45528,4,2,1,0,0,0,0,2420,1,1
5106,0,5,4,5106,331886703,331917324,30621,2,0,1,0,0,0,0,2420,1,1
5107,0,5,4,5107,331932050,331961227,29177,2,1,0,0,0,0,0,2420,1,1
5108,0,5,1,5108,331975954,332005136,29182,2,1,0,0,0,0,0,2420,1,1
5109,0,5,1,5109,332019869,332057945,38076,3,1,1,0,0,0,0,2420,1,1
5110,0,5,2,5110,332072675,332125672,52997,5,3,1,0,0,0,0,2420,1,1
5111,0,5,3,5111,332140398,332169548,29150,2,1,0,0,0,0,0,2420,1,1
5112,0,5,1,5112,332184274,332246211,61937,6,3,2,0,0,0,0,2420,1,1
5113,0,5,0,5113,332260945,332282653,21708,1,0,0,0,0,0,0,2420,1,1
5114,0,5,2,5114,332297387,332369713,72326,7,2,4,0,0,0,0,2420,1,1
5115,0,5,3,5115,332384443,332459819,75376,8,6,1,0,0,0,0,2420,1,1
5116,0,5,0,5116,332474545,332496258,21713,1,0,0,0,0,0,0,2420,1,1
5117,0,5,4,5117,332510992,332605692,94700,10,5,4,0,0,0,0,2420,1,1
5118,0,5,4,5118,332620416,332642113,21697,1,0,0,0,0,0,0,2420,1,1
5119,0,5,1,5119,332656842,332718780,61938,6,3,2,0,0,0,0,2420,1,1
5120,0,5,3,5120,332733514,332771626,38112,3,1,1,0,0,0,0,2420,1,1
5121,0,5,2,5121,332786356,332839348,52992,5,3,1,0,0,0,0,2420,1,1
5122,0,5,2,5122,332854074,332901072,46998,4,1,2,0,0,0,0,2420,1,1
5123,0,5,1,5123,332915802,332944982,29180,2,1,0,0,0,0,0,2420,1,1
5124,0,5,4,5124,332959712,332981409,21697,1,0,0,0,0,0,0,2420,1,1
5125,0,5,2,5125,332996139,333017831,21692,1,0,0,0,0,0,0,2420,1,1
5126,0,5,1,5126,333032553,333069176,36623,3,2,0,0,0,0,0,2420,1,1
5127,0,5,3,5127,333083914,333105606,21692,1,0,0,0,0,0,0,2420,1,1
5128,0,5,3,5128,333120329,333150950,30621,2,0,1,0,0,0,0,2420,1,1
5129,0,5,4,5129,333165680,333211219,45539,4,2,1,0,0,0,0,2420,1,1
5130,0,5,1,5130,333225946,333271491,45545,4,2,1,0,0,0,0,2420,1,1
5131,0,5,4,5131,333286229,333386972,100743,11,7,3,0,0,0,0,2420,1,1
5132,0,5,3,5132,333401699,333432314,30615,2,0,1,0,0,0,0,2420,1,1
5133,0,5,1,5133,333447044,333483658,36614,3,2,0,0,0,0,0,2420,1,1
5134,0,5,3,5134,333498389,333520085,21696,1,0,0,0,0,0,0,2420,1,1
5135,0,5,3,5135,333534816,333556509,21693,1,0,0,0,0,0,0,2420,1,1
5136,0,5,4,5136,333571231,333600380,29149,2,1,0,0,0,0,0,2420,1,1
5137,0,5,0,5137,333615111,333636819,21708,1,0,0,0,0,0,0,2420,1,1
5138,0,5,3,5138,333651548,333720911,69363,7,4,2,0,0,0,0,2420,1,1
5139,0,5,3,5139,333735641,333757333,21692,1,0,0,0,0,0,0,2420,1,1
5140,0,5,0,5140,333772056,333819059,47003,4,1,2,0,0,0,0,2420,1,1
5141,0,5,1,5141,333833797,333864421,30624,2,0,1,0,0,0,0,2420,1,1
5142,0,5,0,5142,333879151,333908322,29171,2,1,0,0,0,0,0,2420,1,1
5143,0,5,0,5143,333923059,333976064,53005,5,3,1,0,0,0,0,2420,1,1
5144,0,5,2,5144,333990794,334034871,44077,4,3,0,0,0,0,0,2420,1,1
5145,0,5,3,5145,334049596,334078765,29169,2,1,0,0,0,0,0,2420,1,1
5146,0,5,3,5146,334093491,334122660,29169,2,1,0,0,0,0,0,2420,1,1
5147,0,5,2,5147,334137390,334166532,29142,2,1,0,0,0,0,0,2420,1,1
5148,0,5,0,5148,334181254,334249207,67953,7,5,1,0,0,0,0,2420,1,1
5149,0,5,0,5149,334263945,334285654,21709,1,0,0,0,0,0,0,2420,1,1
5150,0,5,3,5150,334300383,334322079,21696,1,0,0,0,0,0,0,2420,1,1
5151,0,5,4,5151,334336809,334392718,55909,5,1,3,0,0,0,0,2420,1,1
5152,0,5,3,5152,334407444,334429140,21696,1,0,0,0,0,0,0,2420,1,1
5153,0,5,4,5153,334443870,334465563,21693,1,0,0,0,0,0,0,2420,1,1
5154,0,5,0,5154,334480285,334510908,30623,2,0,1,0,0,0,0,2420,1,1
5155,0,5,1,5155,334525646,334572622,46976,4,1,2,0,0,0,0,2420,1,1
5156,0,5,2,5156,334587355,334634319,46964,4,1,2,0,0,0,0,2420,1,1
5157,0,5,3,5157,334649045,334703527,54482,5,2,2,0,0,0,0,2420,1,1
5158,0,5,2,5158,334718249,334739946,21697,1,0,0,0,0,0,0,2420,1,1
5159,0,5,0,5159,334754676,334831563,76887,8,5,2,0,0,0,0,2420,1,1
5160,0,5,2,5160,334846297,334867993,21696,1,0,0,0,0,0,0,2420,1,1
5161,0,5,4,5161,334882720,334920788,38068,3,1,1,0,0,0,0,2420,1,1
5162,0,5,1,5162,334935514,334964693,29179,2,1,0,0,0,0,0,2420,1,1
5163,0,5,4,5163,334979427,335001120,21693,1,0,0,0,0,0,0,2420,1,1
5164,0,5,1,5164,335015846,335103064,87218,9,4,4,0,0,0,0,2420,1,1
5165,0,5,3,5165,335117799,335139491,21692,1,0,0,0,0,0,0,2420,1,1
5166,0,5,3,5166,335154217,335207265,53048,5,3,1,0,0,0,0,2420,1,1
5167,0,5,2,5167,335221991,335275033,53042,5,3,1,0,0,0,0,2420,1,1
5168,0,5,0,5168,335289755,335350241,60486,6,4,1,0,0,0,0,2420,1,1
5169,0,5,4,5169,335364979,335394122,29143,2,1,0,0,0,0,0,2420,1,1
5170,0,5,2,5170,335408844,335438013,29169,2,1,0,0,0,0,0,2420,1,1
5171,0,5,3,5171,335452739,335489368,36629,3,2,0,0,0,0,0,2420,1,1
5172,0,5,4,5172,335504093,335613689,109596,12,7,4,0,0,0,0,2420,1,1
5173,0,5,1,5173,335628418,335650126,21708,1,0,0,0,0,0,0,2420,1,1
5174,0,5,1,5174,335664860,335732817,67957,7,5,1,0,0,0,0,2420,1,1
5175,0,5,4,5175,335747551,335831845,84294,9,6,2,0,0,0,0,2420,1,1
5176,0,5,2,5176,335846572,335909943,63371,6,2,3,0,0,0,0,2420,1,1
5177,0,5,3,5177,335924674,335955286,30612,2,0,1,0,0,0,0,2420,1,1
5178,0,5,4,5178,335970008,336015536,45528,4,2,1,0,0,0,0,2420,1,1
5179,0,5,2,5179,336030262,336051954,21692,1,0,0,0,0,0,0,2420,1,1
5180,0,5,1,5180,336066680,336095877,29197,2,1,0,0,0,0,0,2420,1,1
5181,0,5,0,5181,336110610,336139772,29162,2,1,0,0,0,0,0,2420,1,1
5182,0,5,0,5182,336154507,336192609,38102,3,1,1,0,0,0,0,2420,1,1
5183,0,5,2,5183,336207347,336245416,38069,3,1,1,0,0,0,0,2420,1,1
5184,0,5,1,5184,336260138,336290755,30617,2,0,1,0,0,0,0,2420,1,1
5185,0,5,0,5185,336305493,336359957,54464,5,2,2,0,0,0,0,2420,1,1
5186,0,5,2,5186,336374690,336442676,67986,7,5,1,0,0,0,0,2420,1,1
5187,0,5,0,5187,336457406,336502962,45556,4,2,1,0,0,0,0,2420,1,1
5188,0,5,3,5188,336517692,336566153,48461,4,0,3,0,0,0,0,2420,1,1
5189,0,5,3,5189,336580879,336617502,36623,3,2,0,0,0,0,0,2420,1,1
5190,0,5,0,5190,336632225,336653942,21717,1,0,0,0,0,0,0,2420,1,1
5191,0,5,2,5191,336668675,336714212,45537,4,2,1,0,0,0,0,2420,1,1
5192,0,5,4,5192,336728933,336826693,97760,11,9,1,0,0,0,0,2420,1,1
5193,0,5,4,5193,336841421,336863118,21697,1,0,0,0,0,0,0,2420,1,1
5194,0,5,0,5194,336877841,336923402,45561,4,2,1,0,0,0,0,2420,1,1
5195,0,5,4,5195,336938136,337013475,75339,7,1,4,0,1,0,0,2420,1,1
5196,0,5,2,5196,337028198,337064820,36622,3,2,0,0,0,0,0,2420,1,1
5197,0,5,2,5197,337079546,337101239,21693,1,0,0,0,0,0,0,2420,1,1
5198,0,5,1,5198,337115965,337145157,29192,2,1,0,0,0,0,0,2420,1,1
5199,0,5,0,5199,337159891,337223419,63528,6,3,1,0,1,0,0,2420,1,1
5200,0,5,3,5200,337238148,337276230,38082,3,1,1,0,0,0,0,2420,1,1
5201,0,5,0,5201,337290956,337320120,29164,2,1,0,0,0,0,0,2420,1,1
5202,0,5,2,5202,337334854,337381845,46991,4,1,2,0,0,0,0,2420,1,1
5203,0,5,2,5203,337396575,337450992,54417,5,2,2,0,0,0,0,2420,1,1
5204,0,5,2,5204,337465719,337496336,30617,2,0,1,0,0,0,0,2420,1,1
5205,0,5,3,5205,337511062,337555152,44090,4,3,0,0,0,0,0,2420,1,1
5206,0,5,0,5206,337569873,337606523,36650,3,2,0,0,0,0,0,2420,1,1
5207,0,5,2,5207,337621257,337642954,21697,1,0,0,0,0,0,0,2420,1,1
5208,0,5,2,5208,337657675,337725596,67921,7,5,1,0,0,0,0,2420,1,1
5209,0,5,2,5209,337740322,337769464,29142,2,1,0,0,0,0,0,2420,1,1
5210,0,5,2,5210,337784189,337805886,21697,1,0,0,0,0,0,0,2420,1,1
5211,0,5,0,5211,337820612,337849800,29188,2,1,0,0,0,0,0,2420,1,1
5212,0,5,4,5212,337864535,337945957,81422,8,3,3,0,1,0,0,2420,1,1
5213,0,5,2,5213,337960683,337982377,21694,1,0,0,0,0,0,0,2420,1,1
5214,0,5,0,5214,337997103,338036653,39550,3,0,2,0,0,0,0,2420,1,1
5215,0,5,1,5215,338051387,338080547,29160,2,1,0,0,0,0,0,2420,1,1
5216,0,5,0,5216,338095280,338148317,53037,5,3,1,0,0,0,0,2420,1,1
5217,0,5,2,5217,338163054,338192229,29175,2,1,0,0,0,0,0,2420,1,1
5218,0,5,4,5218,338206955,338228651,21696,1,0,0,0,0,0,0,2420,1,1
5219,0,5,2,5219,338243381,338311293,67912,7,5,1,0,0,0,0,2420,1,1
5220,0,5,4,5220,338326020,338364117,38097,3,1,1,0,0,0,0,2420,1,1
5221,0,5,1,5221,338378843,338485545,106702,12,9,2,0,0,0,0,2420,1,1
5222,0,5,1,5222,338500277,338538368,38091,3,1,1,0,0,0,0,2420,1,1
5223,0,5,1,5223,338553103,338622495,69392,7,4,2,0,0,0,0,2420,1,1
5224,0,5,4,5224,338637229,338746820,109591,12,7,4,0,0,0,0,2420,1,1
5225,0,5,4,5225,338761549,338805624,44075,4,3,0,0,0,0,0,2420,1,1
5226,0,5,1,5226,338820346,338876271,55925,5,1,3,0,0,0,0,2420,1,1
5227,0,5,1,5227,338891004,338976746,85742,9,5,3,0,0,0,0,2420,1,1
5228,0,5,4,5228,338991476,339022107,30631,2,0,1,0,0,0,0,2420,1,1
5229,0,5,3,5229,339036836,339092779,55943,5,1,3,0,0,0,0,2420,1,1
5230,0,5,2,5230,339107501,339138115,30614,2,0,1,0,0,0,0,2420,1,1
5231,0,5,2,5231,339152844,339205818,52974,5,3,1,0,0,0,0,2420,1,1
5232,0,5,3,5232,339220540,339242237,21697,1,0,0,0,0,0,0,2420,1,1
5233,0,5,1,5233,339256967,339302514,45547,4,2,1,0,0,0,0,2420,1,1
5234,0,5,4,5234,339317248,339418001,100753,11,7,3,0,0,0,0,2420,1,1
5235,0,5,4,5235,339432730,339517027,84297,9,6,2,0,0,0,0,2420,1,1
5236,0,5,4,5236,339531749,339553450,21701,1,0,0,0,0,0,0,2420,1,1
5237,0,5,4,5237,339568176,339638974,70798,7,3,3,0,0,0,0,2420,1,1
5238,0,5,0,5238,339653700,339699274,45574,4,2,1,0,0,0,0,2420,1,1
5239,0,5,3,5239,339714012,339784833,70821,7,3,3,0,0,0,0,2420,1,1
5240,0,5,2,5240,339799555,339837648,38093,3,1,1,0,0,0,0,2420,1,1
5241,0,5,0,5241,339852374,339914351,61977,6,3,2,0,0,0,0,2420,1,1
5242,0,5,4,5242,339929081,339958232,29151,2,1,0,0,0,0,0,2420,1,1
5243,0,5,3,5243,339972957,340002128,29171,2,1,0,0,0,0,0,2420,1,1
5244,0,5,0,5244,340016854,340151804,134950,15,8,6,0,0,0,0,2420,1,1
5245,0,5,4,5245,340166545,340212070,45525,4,2,1,0,0,0,0,2420,1,1
5246,0,5,4,5246,340226795,340294773,67978,7,5,1,0,0,0,0,2420,1,1
5247,0,5,1,5247,340309499,340331208,21709,1,0,0,0,0,0,0,2420,1,1
5248,0,5,1,5248,340345941,340367654,21713,1,0,0,0,0,0,0,2420,1,1
5249,0,5,1,5249,340382388,340442882,60494,6,4,1,0,0,0,0,2420,1,1
5250,0,5,2,5250,340457612,340479308,21696,1,0,0,0,0,0,0,2420,1,1
5251,0,5,0,5251,340494038,340524650,30612,2,0,1,0,0,0,0,2420,1,1
5252,0,5,4,5252,340539380,340577429,38049,3,1,1,0,0,0,0,2420,1,1
5253,0,5,2,5253,340592156,340655556,63400,6,2,3,0,0,0,0,2420,1,1
5254,0,5,1,5254,340670279,340691991,21712,1,0,0,0,0,0,0,2420,1,1
5255,0,5,3,5255,340706729,340728422,21693,1,0,0,0,0,0,0,2420,1,1
5256,0,5,2,5256,340743146,340787209,44063,4,3,0,0,0,0,0,2420,1,1
5257,0,5,1,5257,340801935,340848963,47028,4,1,2,0,0,0,0,2420,1,1
5258,0,5,4,5258,340863697,340885394,21697,1,0,0,0,0,0,0,2420,1,1
5259,0,5,3,5259,340900120,340976965,76845,8,5,2,0,0,0,0,2420,1,1
5260,0,5,4,5260,340991687,341067108,75421,8,6,1,0,0,0,0,2420,1,1
5261,0,5,0,5261,341081834,341167620,85786,9,5,3,0,0,0,0,2420,1,1
5262,0,5,3,5262,341182350,341244281,61931,6,3,2,0,0,0,0,2420,1,1
5263,0,5,1,5263,341259007,341377589,118582,13,7,5,0,0,0,0,2420,1,1
5264,0,5,3,5264,341392322,341446738,54416,5,2,2,0,0,0,0,2420,1,1
5265,0,5,4,5265,341461463,341483160,21697,1,0,0,0,0,0,0,2420,1,1
5266,0,5,1,5266,341497883,341576205,78322,8,4,3,0,0,0,0,2420,1,1
5267,0,5,2,5267,341590939,341669257,78318,8,4,3,0,0,0,0,2420,1,1
5268,0,5,4,5268,341683983,341705680,21697,1,0,0,0,0,0,0,2420,1,1
5269,0,5,3,5269,341720405,341742098,21693,1,0,0,0,0,0,0,2420,1,1
5270,0,5,2,5270,341756824,341827601,70777,7,3,3,0,0,0,0,2420,1,1
5271,0,5,0,5271,341842326,341941575,99249,11,8,2,0,0,0,0,2420,1,1
5272,0,5,2,5272,341956311,341995836,39525,3,0,2,0,0,0,0,2420,1,1
5273,0,5,0,5273,342010563,342056126,45563,4,2,1,0,0,0,0,2420,1,1
5274,0,5,3,5274,342070856,342122396,51540,5,4,0,0,0,0,0,2420,1,1
5275,0,5,4,5275,342137126,342197622,60496,6,4,1,0,0,0,0,2420,1,1
5276,0,5,2,5276,342212343,342241497,29154,2,1,0,0,0,0,0,2420,1,1
5277,0,5,3,5277,342256227,342359800,103573,11,5,5,0,0,0,0,2420,1,1
5278,0,5,2,5278,342374529,342461716,87187,9,4,4,0,0,0,0,2420,1,1
5279,0,5,0,5279,342476447,342562209,85762,9,5,3,0,0,0,0,2420,1,1
5280,0,5,2,5280,342576944,342598640,21696,1,0,0,0,0,0,0,2420,1,1
5281,0,5,2,5281,342613370,342658946,45576,4,2,1,0,0,0,0,2420,1,1
5282,0,5,4,5282,342673672,342726692,53020,5,3,1,0,0,0,0,2420,1,1
5283,0,5,3,5283,342741419,342804776,63357,6,2,3,0,0,0,0,2420,1,1
5284,0,5,0,5284,342819498,342841211,21713,1,0,0,0,0,0,0,2420,1,1
5285,0,5,2,5285,342855949,342885099,29150,2,1,0,0,0,0,0,2420,1,1
5286,0,5,3,5286,342899821,342936451,36630,3,2,0,0,0,0,0,2420,1,1
5287,0,5,2,5287,342951177,343014684,63507,6,3,1,0,1,0,0,2420,1,1
5288,0,5,2,5288,343029405,343125521,96116,10,4,5,0,0,0,0,2420,1,1
5289,0,5,2,5289,343140249,343206738,66489,7,6,0,0,0,0,0,2420,1,1
5290,0,5,3,5290,343221460,343243161,21701,1,0,0,0,0,0,0,2420,1,1
5291,0,5,0,5291,343257887,343287061,29174,2,1,0,0,0,0,0,2420,1,1
5292,0,5,4,5292,343301791,343323492,21701,1,0,0,0,0,0,0,2420,1,1
5293,0,5,3,5293,343338218,343382287,44069,4,3,0,0,0,0,0,2420,1,1
5294,0,5,2,5294,343397013,343426166,29153,2,1,0,0,0,0,0,2420,1,1
5295,0,5,2,5295,343440892,343462585,21693,1,0,0,0,0,0,0,2420,1,1
5296,0,5,0,5296,343477311,343499023,21712,1,0,0,0,0,0,0,2420,1,1
5297,0,5,2,5297,343513760,343602400,88640,9,3,5,0,0,0,0,2420,1,1
5298,0,5,4,5298,343617125,343638822,21697,1,0,0,0,0,0,0,2420,1,1
5299,0,5,1,5299,343653552,343684171,30619,2,0,1,0,0,0,0,2420,1,1
5300,0,5,1,5300,343698901,343753395,54494,5,2,2,0,0,0,0,2420,1,1
5301,0,5,2,5301,343768129,343806187,38058,3,1,1,0,0,0,0,2420,1,1
5302,0,5,2,5302,343820909,343865029,44120,4,3,0,0,0,0,0,2420,1,1
5303,0,5,2,5303,343879755,343932742,52987,5,3,1,0,0,0,0,2420,1,1
5304,0,5,0,5304,343947468,343969180,21712,1,0,0,0,0,0,0,2420,1,1
5305,0,5,0,5305,343983918,344038402,54484,5,2,2,0,0,0,0,2420,1,1
5306,0,5,3,5306,344053134,344098665,45531,4,2,1,0,0,0,0,2420,1,1
5307,0,5,0,5307,344113395,344135104,21709,1,0,0,0,0,0,0,2420,1,1
5308,0,5,1,5308,344149834,344179019,29185,2,1,0,0,0,0,0,2420,1,1
5309,0,5,4,5309,344193757,344272095,78338,8,4,3,0,0,0,0,2420,1,1
5310,0,5,2,5310,344286821,344317442,30621,2,0,1,0,0,0,0,2420,1,1
5311,0,5,1,5311,344332168,344395555,63387,6,2,3,0,0,0,0,2420,1,1
5312,0,5,0,5312,344410286,344583992,173706,20,12,7,0,0,0,0,2420,1,1
5313,0,5,3,5313,344598731,344644299,45568,4,2,1,0,0,0,0,2420,1,1
5314,0,5,3,5314,344659022,344704579,45557,4,2,1,0,0,0,0,2420,1,1
5315,0,5,3,5315,344719305,344740998,21693,1,0,0,0,0,0,0,2420,1,1
5316,0,5,1,5316,344755724,344777437,21713,1,0,0,0,0,0,0,2420,1,1
5317,0,5,0,5317,344792170,344830288,38118,3,1,1,0,0,0,0,2420,1,1
5318,0,5,1,5318,344845024,344875656,30632,2,0,1,0,0,0,0,2420,1,1
5319,0,5,4,5319,344890390,344985043,94653,10,5,4,0,0,0,0,2420,1,1
5320,0,5,2,5320,344999766,345061664,61898,6,3,2,0,0,0,0,2420,1,1
5321,0,5,2,5321,345076394,345098087,21693,1,0,0,0,0,0,0,2420,1,1
5322,0,5,1,5322,345112813,345158380,45567,4,2,1,0,0,0,0,2420,1,1
5323,0,5,2,5323,345173118,345263450,90332,10,8,1,0,0,0,0,2420,1,1
5324,0,5,1,5324,345278173,345307353,29180,2,1,0,0,0,0,0,2420,1,1
5325,0,5,4,5325,345322088,345343785,21697,1,0,0,0,0,0,0,2420,1,1
5326,0,5,0,5326,345358508,345398072,39564,3,0,2,0,0,0,0,2420,1,1
5327,0,5,4,5327,345412810,345476356,63546,6,3,1,0,1,0,0,2420,1,1
5328,0,5,2,5328,345491078,345520230,29152,2,1,0,0,0,0,0,2420,1,1
5329,0,5,0,5329,345534960,345619284,84324,9,6,2,0,0,0,0,2420,1,1
5330,0,5,2,5330,345634018,345672101,38083,3,1,1,0,0,0,0,2420,1,1
5331,0,5,3,5331,345686832,345733822,46990,4,1,2,0,0,0,0,2420,1,1
5332,0,5,1,5332,345748543,345801589,53046,5,3,1,0,0,0,0,2420,1,1
5333,0,5,4,5333,345816327,345838020,21693,1,0,0,0,0,0,0,2420,1,1
5334,0,5,2,5334,345852742,345963767,111025,12,6,5,0,0,0,0,2420,1,1
5335,0,5,1,5335,345978496,346000204,21708,1,0,0,0,0,0,0,2420,1,1
5336,0,5,1,5336,346014939,346036651,21712,1,0,0,0,0,0,0,2420,1,1
5337,0,5,3,5337,346051385,346105847,54462,5,2,2,0,0,0,0,2420,1,1
5338,0,5,3,5338,346120569,346228933,108364,12,9,1,0,1,0,0,2420,1,1
5339,0,5,2,5339,346243667,346272845,29178,2,1,0,0,0,0,0,2420,1,1
5340,0,5,0,5340,346287567,346336039,48472,4,0,3,0,0,0,0,2420,1,1
5341,0,5,3,5341,346350773,346411314,60541,6,4,1,0,0,0,0,2420,1,1
5342,0,5,1,5342,346426041,346607195,181154,20,8,10,0,1,0,0,2420,1,1
5343,0,5,1,5343,346621933,346660017,38084,3,1,1,0,0,0,0,2420,1,1
5344,0,5,2,5344,346674751,346705373,30622,2,0,1,0,0,0,0,2420,1,1
5345,0,5,0,5345,346720099,346741807,21708,1,0,0,0,0,0,0,2420,1,1
5346,0,5,4,5346,346756541,346825935,69394,7,4,2,0,0,0,0,2420,1,1
5347,0,5,0,5347,346840662,346901111,60449,6,4,1,0,0,0,0,2420,1,1
5348,0,5,0,5348,346915845,346945018,29173,2,1,0,0,0,0,0,2420,1,1
5349,0,5,3,5349,346959752,346981446,21694,1,0,0,0,0,0,0,2420,1,1
5350,0,5,0,5350,346996172,347017885,21713,1,0,0,0,0,0,0,2420,1,1
5351,0,5,4,5351,347032619,347061773,29154,2,1,0,0,0,0,0,2420,1,1
5352,0,5,2,5352,347076495,347147323,70828,7,3,3,0,0,0,0,2420,1,1
5353,0,5,3,5353,347162038,347198654,36616,3,2,0,0,0,0,0,2420,1,1
5354,0,5,4,5354,347213368,347242536,29168,2,1,0,0,0,0,0,2420,1,1
5355,0,5,2,5355,347257254,347345991,88737,9,3,5,0,0,0,0,2420,1,1
5356,0,5,2,5356,347360701,347413703,53002,5,3,1,0,0,0,0,2420,1,1
5357,0,5,0,5357,347428417,347467938,39521,3,0,2,0,0,0,0,2420,1,1
5358,0,5,0,5358,347482656,347511839,29183,2,1,0,0,0,0,0,2420,1,1
5359,0,5,4,5359,347526565,347588484,61919,6,3,2,0,0,0,0,2420,1,1
5360,0,5,1,5360,347603198,347668100,64902,6,1,4,0,0,0,0,2420,1,1
5361,0,5,2,5361,347682826,347729776,46950,4,1,2,0,0,0,0,2420,1,1
5362,0,5,4,5362,347744491,347766187,21696,1,0,0,0,0,0,0,2420,1,1
5363,0,5,0,5363,347780901,347906870,125969,14,8,5,0,0,0,0,2420,1,1
5364,0,5,4,5364,347921591,347959684,38093,3,1,1,0,0,0,0,2420,1,1
5365,0,5,1,5365,347974402,347996110,21708,1,0,0,0,0,0,0,2420,1,1
5366,0,5,2,5366,348010829,348032525,21696,1,0,0,0,0,0,0,2420,1,1
5367,0,5,4,5367,348047244,348103156,55912,5,1,3,0,0,0,0,2420,1,1
5368,0,5,2,5368,348117866,348148501,30635,2,0,1,0,0,0,0,2420,1,1
5369,0,5,0,5369,348163220,348226746,63526,6,3,1,0,1,0,0,2420,1,1
5370,0,5,4,5370,348241464,348286964,45500,4,2,1,0,0,0,0,2420,1,1
5371,0,5,0,5371,348301679,348323393,21714,1,0,0,0,0,0,0,2420,1,1
5372,0,5,4,5372,348338110,348376183,38073,3,1,1,0,0,0,0,2420,1,1
5373,0,5,4,5373,348390896,348412589,21693,1,0,0,0,0,0,0,2420,1,1
5374,0,5,1,5374,348427303,348480327,53024,5,3,1,0,0,0,0,2420,1,1
5375,0,5,4,5375,348495053,348524224,29171,2,1,0,0,0,0,0,2420,1,1
5376,0,5,4,5376,348538934,348585932,46998,4,1,2,0,0,0,0,2420,1,1
5377,0,5,2,5377,348600647,348622339,21692,1,0,0,0,0,0,0,2420,1,1
5378,0,5,2,5378,348637054,348667655,30601,2,0,1,0,0,0,0,2420,1,1
5379,0,5,3,5379,348682368,348704066,21698,1,0,0,0,0,0,0,2420,1,1
5380,0,5,4,5380,348718776,348756866,38090,3,1,1,0,0,0,0,2420,1,1
5381,0,5,4,5381,348771580,348802190,30610,2,0,1,0,0,0,0,2420,1,1
5382,0,5,0,5382,348816904,348863893,46989,4,1,2,0,0,0,0,2420,1,1
5383,0,5,2,5383,348878615,348927058,48443,4,0,3,0,0,0,0,2420,1,1
5384,0,5,3,5384,348941772,348963473,21701,1,0,0,0,0,0,0,2420,1,1
5385,0,5,4,5385,348978187,349056512,78325,8,4,3,0,0,0,0,2420,1,1
5386,0,5,0,5386,349071222,349161352,90130,9,2,6,0,0,0,0,2420,1,1
5387,0,5,4,5387,349176079,349221624,45545,4,2,1,0,0,0,0,2420,1,1
5388,0,5,0,5388,349236338,349320674,84336,9,6,2,0,0,0,0,2420,1,1
5389,0,5,2,5389,349335400,349374940,39540,3,0,2,0,0,0,0,2420,1,1
5390,0,5,2,5390,349389650,349435217,45567,4,2,1,0,0,0,0,2420,1,1
5391,0,5,3,5391,349449931,349487988,38057,3,1,1,0,0,0,0,2420,1,1
5392,0,5,1,5392,349502698,349557173,54475,5,2,2,0,0,0,0,2420,1,1
5393,0,5,4,5393,349571895,349611416,39521,3,0,2,0,0,0,0,2420,1,1
5394,0,5,4,5394,349626130,349711861,85731,9,5,3,0,0,0,0,2420,1,1
5395,0,5,0,5395,349726579,349775063,48484,4,0,3,0,0,0,0,2420,1,1
5396,0,5,1,5396,349789780,349827865,38085,3,1,1,0,0,0,0,2420,1,1
5397,0,5,1,5397,349842588,349889599,47011,4,1,2,0,0,0,0,2420,1,1
5398,0,5,4,5398,349904321,349960211,55890,5,1,3,0,0,0,0,2420,1,1
5399,0,5,3,5399,349974930,350029372,54442,5,2,2,0,0,0,0,2420,1,1
5400,0,5,1,5400,350044086,350091102,47016,4,1,2,0,0,0,0,2420,1,1
5401,0,5,3,5401,350105829,350152818,46989,4,1,2,0,0,0,0,2420,1,1
5402,0,5,1,5402,350167528,350189241,21713,1,0,0,0,0,0,0,2420,1,1
5403,0,5,1,5403,350203966,350234606,30640,2,0,1,0,0,0,0,2420,1,1
5404,0,5,2,5404,350249326,350278476,29150,2,1,0,0,0,0,0,2420,1,1
5405,0,5,0,5405,350293194,350362549,69355,7,4,2,0,0,0,0,2420,1,1
5406,0,5,0,5406,350377272,350406455,29183,2,1,0,0,0,0,0,2420,1,1
5407,0,5,4,5407,350421177,350451796,30619,2,0,1,0,0,0,0,2420,1,1
5408,0,5,0,5408,350466510,350535895,69385,7,4,2,0,0,0,0,2420,1,1
5409,0,5,2,5409,350550618,350639267,88649,9,3,5,0,0,0,0,2420,1,1
5410,0,5,4,5410,350653982,350699478,45496,4,2,1,0,0,0,0,2420,1,1
5411,0,5,4,5411,350714196,350743356,29160,2,1,0,0,0,0,0,2420,1,1
5412,0,5,0,5412,350758066,350788685,30619,2,0,1,0,0,0,0,2420,1,1
5413,0,5,0,5413,350803411,350825121,21710,1,0,0,0,0,0,0,2420,1,1
5414,0,5,0,5414,350839838,350861550,21712,1,0,0,0,0,0,0,2420,1,1
5415,0,5,2,5415,350876277,350905435,29158,2,1,0,0,0,0,0,2420,1,1
5416,0,5,4,5416,350920149,350941846,21697,1,0,0,0,0,0,0,2420,1,1
5417,0,5,3,5417,350956564,351009624,53060,5,3,1,0,0,0,0,2420,1,1
5418,0,5,3,5418,351024339,351046035,21696,1,0,0,0,0,0,0,2420,1,1
5419,0,5,4,5419,351060749,351137564,76815,8,5,2,0,0,0,0,2420,1,1
5420,0,5,3,5420,351152275,351173972,21697,1,0,0,0,0,0,0,2420,1,1
5421,0,5,3,5421,351188687,351244600,55913,5,1,3,0,0,0,0,2420,1,1
5422,0,5,3,5422,351259311,351281007,21696,1,0,0,0,0,0,0,2420,1,1
5423,0,5,1,5423,351295726,351317434,21708,1,0,0,0,0,0,0,2420,1,1
5424,0,5,4,5424,351332153,351361332,29179,2,1,0,0,0,0,0,2420,1,1
5425,0,5,3,5425,351376051,351430518,54467,5,2,2,0,0,0,0,2420,1,1
5426,0,5,1,5426,351445233,351466945,21712,1,0,0,0,0,0,0,2420,1,1
5427,0,5,3,5427,351481668,351558457,76789,8,5,2,0,0,0,0,2420,1,1
5428,0,5,2,5428,351573172,351603797,30625,2,0,1,0,0,0,0,2420,1,1
5429,0,5,4,5429,351618511,351656612,38101,3,1,1,0,0,0,0,2420,1,1
5430,0,5,2,5430,351671323,351693023,21700,1,0,0,0,0,0,0,2420,1,1
5431,0,5,0,5431,351707738,351748910,41172,3,0,1,0,1,0,0,2420,1,1
5432,0,5,3,5432,351763632,351785329,21697,1,0,0,0,0,0,0,2420,1,1
5433,0,5,2,5433,351800043,351885854,85811,9,5,3,0,0,0,0,2420,1,1
5434,0,5,4,5434,351900565,351922261,21696,1,0,0,0,0,0,0,2420,1,1
5435,0,5,0,5435,351936979,352065841,128862,14,6,7,0,0,0,0,2420,1,1
5436,0,5,1,5436,352080562,352117230,36668,3,2,0,0,0,0,0,2420,1,1
5437,0,5,1,5437,352131952,352168570,36618,3,2,0,0,0,0,0,2420,1,1
5438,0,5,0,5438,352183292,352205004,21712,1,0,0,0,0,0,0,2420,1,1
5439,0,5,4,5439,352219726,352241419,21693,1,0,0,0,0,0,0,2420,1,1
5440,0,5,2,5440,352256134,352312041,55907,5,1,3,0,0,0,0,2420,1,1
5441,0,5,4,5441,352326759,352348452,21693,1,0,0,0,0,0,0,2420,1,1
5442,0,5,0,5442,352363166,352435447,72281,7,2,4,0,0,0,0,2420,1,1
5443,0,5,0,5443,352450169,352510681,60512,6,4,1,0,0,0,0,2420,1,1
5444,0,5,4,5444,352525404,352648502,123098,14,10,3,0,0,0,0,2420,1,1
5445,0,5,0,5445,352663224,352684933,21709,1,0,0,0,0,0,0,2420,1,1
5446,0,5,4,5446,352699651,352819611,119960,13,6,6,0,0,0,0,2420,1,1
5447,0,5,0,5447,352834333,352864950,30617,2,0,1,0,0,0,0,2420,1,1
5448,0,5,3,5448,352879672,352925213,45541,4,2,1,0,0,0,0,2420,1,1
5449,0,5,1,5449,352939928,352986931,47003,4,1,2,0,0,0,0,2420,1,1
5450,0,5,3,5450,353001649,353030818,29169,2,1,0,0,0,0,0,2420,1,1
5451,0,5,4,5451,353045536,353132796,87260,9,4,4,0,0,0,0,2420,1,1
5452,0,5,2,5452,353147506,353169203,21697,1,0,0,0,0,0,0,2420,1,1
5453,0,5,2,5453,353183921,353368071,184150,21,11,9,0,0,0,0,2420,1,1
5454,0,5,1,5454,353382790,353452165,69375,7,4,2,0,0,0,0,2420,1,1
5455,0,5,0,5455,353466891,353531768,64877,6,1,4,0,0,0,0,2420,1,1
5456,0,5,4,5456,353546490,353618802,72312,7,2,4,0,0,0,0,2420,1,1
5457,0,5,4,5457,353633520,353655213,21693,1,0,0,0,0,0,0,2420,1,1
5458,0,5,2,5458,353669923,353691619,21696,1,0,0,0,0,0,0,2420,1,1
5459,0,5,4,5459,353706338,353812808,106470,11,3,7,0,0,0,0,2420,1,1
5460,0,5,2,5460,353827522,353871631,44109,4,3,0,0,0,0,0,2420,1,1
5461,0,5,2,5461,353886349,353908042,21693,1,0,0,0,0,0,0,2420,1,1
5462,0,5,3,5462,353922752,353962270,39518,3,0,2,0,0,0,0,2420,1,1
5463,0,5,3,5463,353976988,354055271,78283,8,4,3,0,0,0,0,2420,1,1
5464,0,5,3,5464,354069982,354106594,36612,3,2,0,0,0,0,0,2420,1,1
5465,0,5,1,5465,354121308,354143020,21712,1,0,0,0,0,0,0,2420,1,1
5466,0,5,2,5466,354157738,354213656,55918,5,1,3,0,0,0,0,2420,1,1
5467,0,5,2,5467,354228371,354314135,85764,9,5,3,0,0,0,0,2420,1,1
5468,0,5,1,5468,354328846,354372961,44115,4,3,0,0,0,0,0,2420,1,1
5469,0,5,0,5469,354387684,354433219,45535,4,2,1,0,0,0,0,2420,1,1
5470,0,5,2,5470,354447937,354508412,60475,6,4,1,0,0,0,0,2420,1,1
5471,0,5,1,5471,354523127,354544836,21709,1,0,0,0,0,0,0,2420,1,1
5472,0,5,3,5472,354559553,354590170,30617,2,0,1,0,0,0,0,2420,1,1
5473,0,5,1,5473,354604888,354666795,61907,6,3,2,0,0,0,0,2420,1,1
5474,0,5,3,5474,354681513,354728486,46973,4,1,2,0,0,0,0,2420,1,1
5475,0,5,1,5475,354743205,354764913,21708,1,0,0,0,0,0,0,2420,1,1
5476,0,5,0,5476,354779632,354847590,67958,7,5,1,0,0,0,0,2420,1,1
5477,0,5,2,5477,354862313,354922792,60479,6,4,1,0,0,0,0,2420,1,1
5478,0,5,2,5478,354937503,354975600,38097,3,1,1,0,0,0,0,2420,1,1
5479,0,5,0,5479,354990314,355035857,45543,4,2,1,0,0,0,0,2420,1,1
5480,0,5,4,5480,355050579,355072276,21697,1,0,0,0,0,0,0,2420,1,1
5481,0,5,3,5481,355086994,355156348,69354,7,4,2,0,0,0,0,2420,1,1
5482,0,5,3,5482,355171058,355200219,29161,2,1,0,0,0,0,0,2420,1,1
5483,0,5,0,5483,355214937,355260496,45559,4,2,1,0,0,0,0,2420,1,1
5484,0,5,2,5484,355275219,355296916,21697,1,0,0,0,0,0,0,2420,1,1
5485,0,5,1,5485,355311631,355342247,30616,2,0,1,0,0,0,0,2420,1,1
5486,0,5,4,5486,355356969,355439852,82883,9,7,1,0,0,0,0,2420,1,1
5487,0,5,3,5487,355454571,355506112,51541,5,4,0,0,0,0,0,2420,1,1
5488,0,5,0,5488,355520822,355606611,85789,9,5,3,0,0,0,0,2420,1,1
5489,0,5,4,5489,355621334,355668321,46987,4,1,2,0,0,0,0,2420,1,1
5490,0,5,3,5490,355683034,355737499,54465,5,2,2,0,0,0,0,2420,1,1
5491,0,5,2,5491,355752213,356046313,294100,33,10,21,0,1,0,0,2420,1,1
5492,0,5,0,5492,356061030,356082742,21712,1,0,0,0,0,0,0,2420,1,1
5493,0,5,0,5493,356097468,356119177,21709,1,0,0,0,0,0,0,2420,1,1
5494,0,5,1,5494,356133898,356163067,29169,2,1,0,0,0,0,0,2420,1,1
5495,0,5,0,5495,356177790,356199498,21708,1,0,0,0,0,0,0,2420,1,1
5496,0,5,2,5496,356214220,356243396,29176,2,1,0,0,0,0,0,2420,1,1
5497,0,5,4,5497,356258110,356305100,46990,4,1,2,0,0,0,0,2420,1,1
5498,0,5,2,5498,356319811,356366779,46968,4,1,2,0,0,0,0,2420,1,1
5499,0,5,1,5499,356381493,356403206,21713,1,0,0,0,0,0,0,2420,1,1
5500,0,5,2,5500,356417924,356448551,30627,2,0,1,0,0,0,0,2420,1,1
5501,0,5,0,5501,356463269,356525215,61946,6,3,2,0,0,0,0,2420,1,1
5502,0,5,2,5502,356539933,356642109,102176,11,6,4,0,0,0,0,2420,1,1
5503,0,5,1,5503,356656831,356742579,85748,9,5,3,0,0,0,0,2420,1,1
5504,0,5,4,5504,356757301,356778998,21697,1,0,0,0,0,0,0,2420,1,1
5505,0,5,1,5505,356793717,356830359,36642,3,2,0,0,0,0,0,2420,1,1
5506,0,5,4,5506,356845081,356875691,30610,2,0,1,0,0,0,0,2420,1,1
5507,0,5,4,5507,356890404,356929920,39516,3,0,2,0,0,0,0,2420,1,1
5508,0,5,2,5508,356944634,356966331,21697,1,0,0,0,0,0,0,2420,1,1
5509,0,5,3,5509,356981045,357010217,29172,2,1,0,0,0,0,0,2420,1,1
5510,0,5,2,5510,357024931,357149500,124569,13,4,7,0,1,0,0,2420,1,1
5511,0,5,2,5511,357164221,357200856,36635,3,2,0,0,0,0,0,2420,1,1
5512,0,5,3,5512,357215573,357237270,21697,1,0,0,0,0,0,0,2420,1,1
5513,0,5,4,5513,357251984,357273681,21697,1,0,0,0,0,0,0,2420,1,1
5514,0,5,2,5514,357288390,357350309,61919,6,3,2,0,0,0,0,2420,1,1
5515,0,5,2,5515,357365028,357386720,21692,1,0,0,0,0,0,0,2420,1,1
5516,0,5,3,5516,357401431,357441140,39709,3,1,0,0,1,0,0,2420,1,1
5517,0,5,2,5517,357455859,357507399,51540,5,4,0,0,0,0,0,2420,1,1
5518,0,5,2,5518,357522109,357715104,192995,22,11,10,0,0,0,0,2420,1,1
5519,0,5,3,5519,357729825,357775404,45579,4,2,1,0,0,0,0,2420,1,1
5520,0,5,1,5520,357790114,357855176,65062,6,2,2,0,1,0,0,2420,1,1
5521,0,5,1,5521,357869898,357899060,29162,2,1,0,0,0,0,0,2420,1,1
5522,0,5,2,5522,357913781,358014453,100672,11,7,3,0,0,0,0,2420,1,1
5523,0,5,1,5523,358029170,358074725,45555,4,2,1,0,0,0,0,2420,1,1
5524,0,5,1,5524,358089443,358118637,29194,2,1,0,0,0,0,0,2420,1,1
5525,0,5,3,5525,358133362,358178890,45528,4,2,1,0,0,0,0,2420,1,1
5526,0,5,2,5526,358193603,358215300,21697,1,0,0,0,0,0,0,2420,1,1
5527,0,5,3,5527,358230014,358260645,30631,2,0,1,0,0,0,0,2420,1,1
5528,0,5,1,5528,358275359,358297072,21713,1,0,0,0,0,0,0,2420,1,1
5529,0,5,3,5529,358311793,358333490,21697,1,0,0,0,0,0,0,2420,1,1
5530,0,5,3,5530,358348201,358378809,30608,2,0,1,0,0,0,0,2420,1,1
5531,0,5,3,5531,358393528,358440505,46977,4,1,2,0,0,0,0,2420,1,1
5532,0,5,4,5532,358455219,358494749,39530,3,0,2,0,0,0,0,2420,1,1
5533,0,5,4,5533,358509464,358531156,21692,1,0,0,0,0,0,0,2420,1,1
5534,0,5,3,5534,358545871,358606331,60460,6,4,1,0,0,0,0,2420,1,1
5535,0,5,2,5535,358621045,358733512,112467,12,5,6,0,0,0,0,2420,1,1
5536,0,5,4,5536,358748224,358778851,30627,2,0,1,0,0,0,0,2420,1,1
5537,0,5,4,5537,358793569,358830167,36598,3,2,0,0,0,0,0,2420,1,1
5538,0,5,2,5538,358844881,358923354,78473,8,5,1,0,1,0,0,2420,1,1
5539,0,5,0,5539,358938068,359140052,201984,23,11,11,0,0,0,0,2420,1,1
5540,0,5,3,5540,359154781,359176478,21697,1,0,0,0,0,0,0,2420,1,1
5541,0,5,1,5541,359191192,359235333,44141,4,3,0,0,0,0,0,2420,1,1
5542,0,5,1,5542,359250052,359286695,36643,3,2,0,0,0,0,0,2420,1,1
5543,0,5,0,5543,359301417,359338082,36665,3,2,0,0,0,0,0,2420,1,1
5544,0,5,3,5544,359352809,359422245,69436,7,4,2,0,0,0,0,2420,1,1
5545,0,5,2,5545,359436964,359458656,21692,1,0,0,0,0,0,0,2420,1,1
5546,0,5,3,5546,359473369,359511439,38070,3,1,1,0,0,0,0,2420,1,1
5547,0,5,3,5547,359526157,359588088,61931,6,3,2,0,0,0,0,2420,1,1
5548,0,5,3,5548,359602802,359673617,70815,7,3,3,0,0,0,0,2420,1,1
5549,0,5,2,5549,359688331,359710024,21693,1,0,0,0,0,0,0,2420,1,1
5550,0,5,4,5550,359724738,359809018,84280,9,6,2,0,0,0,0,2420,1,1
5551,0,5,0,5551,359823737,359885690,61953,6,3,2,0,0,0,0,2420,1,1
5552,0,5,4,5552,359900407,359944477,44070,4,3,0,0,0,0,0,2420,1,1
5553,0,5,2,5553,359959191,359980884,21693,1,0,0,0,0,0,0,2420,1,1
5554,0,5,1,5554,359995598,360035161,39563,3,0,2,0,0,0,0,2420,1,1
5555,0,5,0,5555,360049883,360162424,112541,12,5,6,0,0,0,0,2420,1,1
5556,0,5,1,5556,360177149,360198861,21712,1,0,0,0,0,0,0,2420,1,1
5557,0,5,4,5557,360213588,360282968,69380,7,4,2,0,0,0,0,2420,1,1
5558,0,5,1,5558,360297678,360334312,36634,3,2,0,0,0,0,0,2420,1,1
5559,0,5,3,5559,360349035,360385682,36647,3,2,0,0,0,0,0,2420,1,1
5560,0,5,1,5560,360400393,360422105,21712,1,0,0,0,0,0,0,2420,1,1
5561,0,5,1,5561,360436832,360467444,30612,2,0,1,0,0,0,0,2420,1,1
5562,0,5,4,5562,360482163,360535224,53061,5,3,1,0,0,0,0,2420,1,1
5563,0,5,3,5563,360549939,360611839,61900,6,3,2,0,0,0,0,2420,1,1
5564,0,5,4,5564,360626554,360648250,21696,1,0,0,0,0,0,0,2420,1,1
5565,0,5,4,5565,360662969,360699581,36612,3,2,0,0,0,0,0,2420,1,1
5566,0,5,0,5566,360714295,360744929,30634,2,0,1,0,0,0,0,2420,1,1
5567,0,5,0,5567,360759651,360781360,21709,1,0,0,0,0,0,0,2420,1,1
5568,0,5,3,5568,360796083,360825262,29179,2,1,0,0,0,0,0,2420,1,1
5569,0,5,1,5569,360839977,360878054,38077,3,1,1,0,0,0,0,2420,1,1
5570,0,5,3,5570,360892775,360921936,29161,2,1,0,0,0,0,0,2420,1,1
5571,0,5,1,5571,360936654,360965848,29194,2,1,0,0,0,0,0,2420,1,1
5572,0,5,4,5572,360980567,361052817,72250,7,2,4,0,0,0,0,2420,1,1
5573,0,5,1,5573,361067532,361089240,21708,1,0,0,0,0,0,0,2420,1,1
5574,0,5,3,5574,361103962,361168811,64849,6,1,4,0,0,0,0,2420,1,1
5575,0,5,2,5575,361183528,361215755,32227,2,0,0,0,1,0,0,2420,1,1
5576,0,5,2,5576,361230469,361261090,30621,2,0,1,0,0,0,0,2420,1,1
5577,0,5,3,5577,361275808,361297501,21693,1,0,0,0,0,0,0,2420,1,1
5578,0,5,1,5578,361312211,361359193,46982,4,1,2,0,0,0,0,2420,1,1
5579,0,5,0,5579,361373920,361483555,109635,12,7,4,0,0,0,0,2420,1,1
5580,0,5,0,5580,361498277,361519989,21712,1,0,0,0,0,0,0,2420,1,1
5581,0,5,3,5581,361534716,361580256,45540,4,2,1,0,0,0,0,2420,1,1
5582,0,5,2,5582,361594970,361631574,36604,3,2,0,0,0,0,0,2420,1,1
5583,0,5,3,5583,361646292,361943564,297272,35,19,15,0,0,0,0,2420,1,1
5584,0,5,4,5584,361958281,361988893,30612,2,0,1,0,0,0,0,2420,1,1
5585,0,5,1,5585,362003611,362025320,21709,1,0,0,0,0,0,0,2420,1,1
5586,0,5,0,5586,362040038,362069206,29168,2,1,0,0,0,0,0,2420,1,1
5587,0,5,2,5587,362083932,362105625,21693,1,0,0,0,0,0,0,2420,1,1
5588,0,5,0,5588,362120335,362158401,38066,3,1,1,0,0,0,0,2420,1,1
5589,0,5,4,5589,362173126,362218661,45535,4,2,1,0,0,0,0,2420,1,1
5590,0,5,0,5590,362233374,362271463,38089,3,1,1,0,0,0,0,2420,1,1
5591,0,5,2,5591,362286190,362322799,36609,3,2,0,0,0,0,0,2420,1,1
5592,0,5,3,5592,362337510,362359206,21696,1,0,0,0,0,0,0,2420,1,1
5593,0,5,2,5593,362373924,362404538,30614,2,0,1,0,0,0,0,2420,1,1
5594,0,5,2,5594,362419248,362457350,38102,3,1,1,0,0,0,0,2420,1,1
5595,0,5,3,5595,362472064,362501221,29157,2,1,0,0,0,0,0,2420,1,1
5596,0,5,2,5596,362515935,362561469,45534,4,2,1,0,0,0,0,2420,1,1
5597,0,5,1,5597,362576188,362663484,87296,9,4,4,0,0,0,0,2420,1,1
5598,0,5,4,5598,362678202,362699899,21697,1,0,0,0,0,0,0,2420,1,1
5599,0,5,1,5599,362714617,362736326,21709,1,0,0,0,0,0,0,2420,1,1
5600,0,5,1,5600,362751044,362799473,48429,4,0,3,0,0,0,0,2420,1,1
5601,0,5,3,5601,362814200,362843368,29168,2,1,0,0,0,0,0,2420,1,1
5602,0,5,1,5602,362858078,362943853,85775,9,5,3,0,0,0,0,2420,1,1
5603,0,5,1,5603,362958575,363041464,82889,9,7,1,0,0,0,0,2420,1,1
5604,0,5,1,5604,363056186,363185244,129058,15,12,2,0,0,0,0,2420,1,1
5605,0,5,2,5605,363199971,363330262,130291,14,5,8,0,0,0,0,2420,1,1
5606,0,5,3,5606,363344979,363381580,36601,3,2,0,0,0,0,0,2420,1,1
5607,0,5,4,5607,363396298,363417991,21693,1,0,0,0,0,0,0,2420,1,1
5608,0,5,2,5608,363432705,363469320,36615,3,2,0,0,0,0,0,2420,1,1
5609,0,5,1,5609,363484039,363543016,58977,6,5,0,0,0,0,0,2420,1,1
5610,0,5,0,5610,363557735,363579447,21712,1,0,0,0,0,0,0,2420,1,1
5611,0,5,0,5611,363594174,363624795,30621,2,0,1,0,0,0,0,2420,1,1
5612,0,5,4,5612,363639514,363677579,38065,3,1,1,0,0,0,0,2420,1,1
5613,0,5,4,5613,363692294,363722914,30620,2,0,1,0,0,0,0,2420,1,1
5614,0,5,2,5614,363737625,363759321,21696,1,0,0,0,0,0,0,2420,1,1
5615,0,5,3,5615,363774040,363835946,61906,6,3,2,0,0,0,0,2420,1,1
5616,0,5,3,5616,363850656,363890189,39533,3,0,2,0,0,0,0,2420,1,1
5617,0,5,4,5617,363904906,363992258,87352,9,5,2,0,1,0,0,2420,1,1
5618,0,5,2,5618,364006973,364059981,53008,5,3,1,0,0,0,0,2420,1,1
5619,0,5,1,5619,364074700,364096409,21709,1,0,0,0,0,0,0,2420,1,1
5620,0,5,3,5620,364111127,364165611,54484,5,2,2,0,0,0,0,2420,1,1
5621,0,5,3,5621,364180325,364218391,38066,3,1,1,0,0,0,0,2420,1,1
5622,0,5,3,5622,364233103,364262266,29163,2,1,0,0,0,0,0,2420,1,1
5623,0,5,1,5623,364276984,364306172,29188,2,1,0,0,0,0,0,2420,1,1
5624,0,5,1,5624,364320889,364381408,60519,6,4,1,0,0,0,0,2420,1,1
5625,0,5,1,5625,364396134,364450643,54509,5,2,2,0,0,0,0,2420,1,1
5626,0,5,2,5626,364465365,364534749,69384,7,4,2,0,0,0,0,2420,1,1
5627,0,5,4,5627,364549462,364602437,52975,5,3,1,0,0,0,0,2420,1,1
5628,0,5,1,5628,364617152,364638864,21712,1,0,0,0,0,0,0,2420,1,1
5629,0,5,3,5629,364653590,364675279,21689,1,0,0,0,0,0,0,2420,1,1
5630,0,5,3,5630,364689989,364769748,79759,8,3,4,0,0,0,0,2420,1,1
5631,0,5,0,5631,364784467,364815094,30627,2,0,1,0,0,0,0,2420,1,1
5632,0,5,0,5632,364829812,364893241,63429,6,2,3,0,0,0,0,2420,1,1
5633,0,5,0,5633,364907963,364968448,60485,6,4,1,0,0,0,0,2420,1,1
5634,0,5,0,5634,364983167,365028741,45574,4,2,1,0,0,0,0,2420,1,1
5635,0,5,2,5635,365043467,365087564,44097,4,3,0,0,0,0,0,2420,1,1
5636,0,5,3,5636,365102275,365162785,60510,6,4,1,0,0,0,0,2420,1,1
5637,0,5,4,5637,365177500,365215553,38053,3,1,1,0,0,0,0,2420,1,1
5638,0,5,0,5638,365230264,365295270,65006,6,2,2,0,1,0,0,2420,1,1
5639,0,5,4,5639,365309992,365422498,112506,12,5,6,0,0,0,0,2420,1,1
5640,0,5,4,5640,365437218,365478363,41145,3,0,1,0,1,0,0,2420,1,1
5641,0,5,0,5641,365493079,365544688,51609,5,4,0,0,0,0,0,2420,1,1
5642,0,5,0,5642,365559406,365598957,39551,3,0,2,0,0,0,0,2420,1,1
5643,0,5,0,5643,365613684,365705529,91845,10,7,2,0,0,0,0,2420,1,1
5644,0,5,0,5644,365720249,365768700,48451,4,0,3,0,0,0,0,2420,1,1
5645,0,5,2,5645,365783426,365821495,38069,3,1,1,0,0,0,0,2420,1,1
5646,0,5,1,5646,365836210,365972615,136405,15,7,7,0,0,0,0,2420,1,1
5647,0,5,3,5647,365987344,366016497,29153,2,1,0,0,0,0,0,2420,1,1
5648,0,5,1,5648,366031208,366052924,21716,1,0,0,0,0,0,0,2420,1,1
5649,0,5,2,5649,366067646,366137010,69364,7,4,2,0,0,0,0,2420,1,1
5650,0,5,4,5650,366151720,366198713,46993,4,1,2,0,0,0,0,2420,1,1
5651,0,5,4,5651,366213432,366260444,47012,4,1,2,0,0,0,0,2420,1,1
5652,0,5,1,5652,366275159,366378757,103598,11,5,5,0,0,0,0,2420,1,1
5653,0,5,0,5653,366393487,366440486,46999,4,1,2,0,0,0,0,2420,1,1
5654,0,5,1,5654,366455209,366503639,48430,4,0,3,0,0,0,0,2420,1,1
5655,0,5,3,5655,366518361,366608692,90331,10,8,1,0,0,0,0,2420,1,1
5656,0,5,4,5656,366623408,366645105,21697,1,0,0,0,0,0,0,2420,1,1
5657,0,5,1,5657,366659819,366697924,38105,3,1,1,0,0,0,0,2420,1,1
5658,0,5,0,5658,366712643,366743280,30637,2,0,1,0,0,0,0,2420,1,1
5659,0,5,3,5659,366758003,366836328,78325,8,4,3,0,0,0,0,2420,1,1
5660,0,5,3,5660,366851038,366896608,45570,4,2,1,0,0,0,0,2420,1,1
5661,0,5,0,5661,366911323,366958359,47036,4,1,2,0,0,0,0,2420,1,1
5662,0,5,2,5662,366973079,367002223,29144,2,1,0,0,0,0,0,2420,1,1
5663,0,5,1,5663,367016941,367069919,52978,5,3,1,0,0,0,0,2420,1,1
5664,0,5,4,5664,367084640,367131628,46988,4,1,2,0,0,0,0,2420,1,1
5665,0,5,4,5665,367146346,367220247,73901,8,7,0,0,0,0,0,2420,1,1
5666,0,5,3,5666,367234961,367301438,66477,7,6,0,0,0,0,0,2420,1,1
5667,0,5,3,5667,367316157,367384073,67916,7,5,1,0,0,0,0,2420,1,1
5668,0,5,2,5668,367398783,367420480,21697,1,0,0,0,0,0,0,2420,1,1
5669,0,5,3,5669,367435198,367482197,46999,4,1,2,0,0,0,0,2420,1,1
5670,0,5,4,5670,367496912,367552808,55896,5,1,3,0,0,0,0,2420,1,1
5671,0,5,3,5671,367567523,367589216,21693,1,0,0,0,0,0,0,2420,1,1
5672,0,5,2,5672,367603934,367634553,30619,2,0,1,0,0,0,0,2420,1,1
5673,0,5,4,5673,367649267,367688813,39546,3,0,2,0,0,0,0,2420,1,1
5674,0,5,0,5674,367703526,367795339,91813,9,2,5,0,1,0,0,2420,1,1
5675,0,5,2,5675,367810061,367879406,69345,7,4,2,0,0,0,0,2420,1,1
5676,0,5,3,5676,367894120,367915817,21697,1,0,0,0,0,0,0,2420,1,1
5677,0,5,2,5677,367930531,367959710,29179,2,1,0,0,0,0,0,2420,1,1
5678,0,5,3,5678,367974424,367996121,21697,1,0,0,0,0,0,0,2420,1,1
5679,0,5,3,5679,368010834,368039980,29146,2,1,0,0,0,0,0,2420,1,1
5680,0,5,0,5680,368054694,368091349,36655,3,2,0,0,0,0,0,2420,1,1
5681,0,5,0,5681,368106076,368208303,102227,11,6,4,0,0,0,0,2420,1,1
5682,0,5,4,5682,368223028,368345952,122924,13,4,8,0,0,0,0,2420,1,1
5683,0,5,1,5683,368360670,368397330,36660,3,2,0,0,0,0,0,2420,1,1
5684,0,5,3,5684,368412048,368433748,21700,1,0,0,0,0,0,0,2420,1,1
5685,0,5,4,5685,368448463,368485097,36634,3,2,0,0,0,0,0,2420,1,1
5686,0,5,3,5686,368499806,368561728,61922,6,3,2,0,0,0,0,2420,1,1
5687,0,5,3,5687,368576447,368598140,21693,1,0,0,0,0,0,0,2420,1,1
5688,0,5,3,5688,368612854,368708969,96115,10,4,5,0,0,0,0,2420,1,1
5689,0,5,1,5689,368723689,368745398,21709,1,0,0,0,0,0,0,2420,1,1
5690,0,5,0,5690,368760116,368781829,21713,1,0,0,0,0,0,0,2420,1,1
5691,0,5,0,5691,368796555,368849618,53063,5,3,1,0,0,0,0,2420,1,1
5692,0,5,1,5692,368864340,368902462,38122,3,1,1,0,0,0,0,2420,1,1
5693,0,5,3,5693,368917188,368938881,21693,1,0,0,0,0,0,0,2420,1,1
5694,0,5,4,5694,368953594,368975291,21697,1,0,0,0,0,0,0,2420,1,1
5695,0,5,0,5695,368990006,369029547,39541,3,0,2,0,0,0,0,2420,1,1
5696,0,5,3,5696,369044270,369082350,38080,3,1,1,0,0,0,0,2420,1,1
5697,0,5,4,5697,369097068,369118760,21692,1,0,0,0,0,0,0,2420,1,1
5698,0,5,0,5698,369133475,369187948,54473,5,2,2,0,0,0,0,2420,1,1
5699,0,5,0,5699,369202670,369233286,30616,2,0,1,0,0,0,0,2420,1,1
5700,0,5,4,5700,369248004,369284618,36614,3,2,0,0,0,0,0,2420,1,1
5701,0,5,1,5701,369299333,369321041,21708,1,0,0,0,0,0,0,2420,1,1
5702,0,5,4,5702,369335764,369357460,21696,1,0,0,0,0,0,0,2420,1,1
5703,0,5,0,5703,369372175,369428130,55955,5,1,3,0,0,0,0,2420,1,1
5704,0,5,1,5704,369442856,369464569,21713,1,0,0,0,0,0,0,2420,1,1
5705,0,5,1,5705,369479291,369518826,39535,3,0,2,0,0,0,0,2420,1,1
5706,0,5,4,5706,369533547,369677441,143894,16,8,7,0,0,0,0,2420,1,1
5707,0,5,4,5707,369692158,369760079,67921,7,5,1,0,0,0,0,2420,1,1
5708,0,5,4,5708,369774794,369796490,21696,1,0,0,0,0,0,0,2420,1,1
5709,0,5,0,5709,369811205,369840398,29193,2,1,0,0,0,0,0,2420,1,1
5710,0,5,3,5710,369855120,369884268,29148,2,1,0,0,0,0,0,2420,1,1
5711,0,5,4,5711,369898983,369945951,46968,4,1,2,0,0,0,0,2420,1,1
5712,0,5,2,5712,369960661,369998748,38087,3,1,1,0,0,0,0,2420,1,1
5713,0,5,2,5713,370013466,370081357,67891,7,5,1,0,0,0,0,2420,1,1
5714,0,5,3,5714,370096071,370156566,60495,6,4,1,0,0,0,0,2420,1,1
5715,0,5,4,5715,370171280,370209381,38101,3,1,1,0,0,0,0,2420,1,1
5716,0,5,0,5716,370224095,370347202,123107,14,10,3,0,0,0,0,2420,1,1
5717,0,5,1,5717,370361929,370453694,91765,10,7,2,0,0,0,0,2420,1,1
5718,0,5,1,5718,370468413,370557069,88656,9,3,5,0,0,0,0,2420,1,1
5719,0,5,4,5719,370571792,370638261,66469,7,6,0,0,0,0,0,2420,1,1
5720,0,5,0,5720,370652975,370674688,21713,1,0,0,0,0,0,0,2420,1,1
5721,0,5,0,5721,370689409,370718600,29191,2,1,0,0,0,0,0,2420,1,1
5722,0,5,2,5722,370733322,370821967,88645,9,3,5,0,0,0,0,2420,1,1
5723,0,5,3,5723,370836686,370883709,47023,4,1,2,0,0,0,0,2420,1,1
5724,0,5,3,5724,370898419,370936507,38088,3,1,1,0,0,0,0,2420,1,1
5725,0,5,1,5725,370951222,371193460,242238,28,14,13,0,0,0,0,2420,1,1
5726,0,5,4,5726,371208186,371244789,36603,3,2,0,0,0,0,0,2420,1,1
5727,0,5,4,5727,371259503,371297556,38053,3,1,1,0,0,0,0,2420,1,1
5728,0,5,2,5728,371312266,371391989,79723,8,3,4,0,0,0,0,2420,1,1
5729,0,5,2,5729,371406707,371453670,46963,4,1,2,0,0,0,0,2420,1,1
5730,0,5,3,5730,371468381,371497563,29182,2,1,0,0,0,0,0,2420,1,1
5731,0,5,1,5731,371512277,371583164,70887,7,3,3,0,0,0,0,2420,1,1
5732,0,5,3,5732,371597883,371673085,75202,7,0,6,0,0,0,0,2420,1,1
5733,0,5,2,5733,371687800,371725857,38057,3,1,1,0,0,0,0,2420,1,1
5734,0,5,3,5734,371740567,371792123,51556,5,4,0,0,0,0,0,2420,1,1
5735,0,5,2,5735,371806841,371828534,21693,1,0,0,0,0,0,0,2420,1,1
5736,0,5,3,5736,371843252,371888790,45538,4,2,1,0,0,0,0,2420,1,1
5737,0,5,1,5737,371903508,371932673,29165,2,1,0,0,0,0,0,2420,1,1
5738,0,5,1,5738,371947395,372033151,85756,9,5,3,0,0,0,0,2420,1,1
5739,0,5,4,5739,372047873,372069566,21693,1,0,0,0,0,0,0,2420,1,1
5740,0,5,0,5740,372084280,372152174,67894,7,5,1,0,0,0,0,2420,1,1
5741,0,5,1,5741,372166900,372206481,39581,3,0,2,0,0,0,0,2420,1,1
5742,0,5,2,5742,372221199,372259276,38077,3,1,1,0,0,0,0,2420,1,1
5743,0,5,4,5743,372273994,372353749,79755,8,3,4,0,0,0,0,2420,1,1
5744,0,5,1,5744,372368460,372531633,163173,18,7,10,0,0,0,0,2420,1,1
5745,0,5,0,5745,372546364,372600846,54482,5,2,2,0,0,0,0,2420,1,1
5746,0,5,0,5746,372615568,372646195,30627,2,0,1,0,0,0,0,2420,1,1
5747,0,5,1,5747,372660917,372737777,76860,8,5,2,0,0,0,0,2420,1,1
5748,0,5,1,5748,372752495,372774210,21715,1,0,0,0,0,0,0,2420,1,1
5749,0,5,3,5749,372788932,372810625,21693,1,0,0,0,0,0,0,2420,1,1
5750,0,5,4,5750,372825339,372855949,30610,2,0,1,0,0,0,0,2420,1,1
5751,0,5,1,5751,372870663,372892372,21709,1,0,0,0,0,0,0,2420,1,1
5752,0,5,2,5752,372907094,372928791,21697,1,0,0,0,0,0,0,2420,1,1
5753,0,5,3,5753,372943508,372981612,38104,3,1,1,0,0,0,0,2420,1,1
5754,0,5,0,5754,372996326,373034418,38092,3,1,1,0,0,0,0,2420,1,1
5755,0,5,3,5755,373049140,373070833,21693,1,0,0,0,0,0,0,2420,1,1
5756,0,5,2,5756,373085548,373107244,21696,1,0,0,0,0,0,0,2420,1,1
5757,0,5,1,5757,373121958,373209219,87261,9,4,4,0,0,0,0,2420,1,1
5758,0,5,0,5758,373223941,373245653,21712,1,0,0,0,0,0,0,2420,1,1
5759,0,5,4,5759,373260375,373337252,76877,8,5,2,0,0,0,0,2420,1,1
5760,0,5,1,5760,373351962,373451208,99246,11,8,2,0,0,0,0,2420,1,1
5761,0,5,3,5761,373465937,373487630,21693,1,0,0,0,0,0,0,2420,1,1
5762,0,5,4,5762,373502340,373531486,29146,2,1,0,0,0,0,0,2420,1,1
5763,0,5,1,5763,373546205,373575392,29187,2,1,0,0,0,0,0,2420,1,1
5764,0,5,1,5764,373590110,373626755,36645,3,2,0,0,0,0,0,2420,1,1
5765,0,5,0,5765,373641477,373679566,38089,3,1,1,0,0,0,0,2420,1,1
5766,0,5,1,5766,373694289,373802469,108180,12,8,3,0,0,0,0,2420,1,1
5767,0,5,0,5767,373817198,373838907,21709,1,0,0,0,0,0,0,2420,1,1
5768,0,5,2,5768,373853633,373875330,21697,1,0,0,0,0,0,0,2420,1,1
5769,0,5,2,5769,373890044,373911737,21693,1,0,0,0,0,0,0,2420,1,1
5770,0,5,0,5770,373926451,373985513,59062,6,5,0,0,0,0,0,2420,1,1
5771,0,5,2,5771,374000235,374045780,45545,4,2,1,0,0,0,0,2420,1,1
5772,0,5,3,5772,374060490,374168668,108178,12,8,3,0,0,0,0,2420,1,1
5773,0,5,2,5773,374183389,374205082,21693,1,0,0,0,0,0,0,2420,1,1
5774,0,5,4,5774,374219793,374280259,60466,6,4,1,0,0,0,0,2420,1,1
5775,0,5,1,5775,374294977,374316686,21709,1,0,0,0,0,0,0,2420,1,1
5776,0,5,1,5776,374331403,374434986,103583,11,5,5,0,0,0,0,2420,1,1
5777,0,5,4,5777,374449711,374486326,36615,3,2,0,0,0,0,0,2420,1,1
5778,0,5,0,5778,374501036,374522748,21712,1,0,0,0,0,0,0,2420,1,1
5779,0,5,3,5779,374537474,374599371,61897,6,3,2,0,0,0,0,2420,1,1
5780,0,5,0,5780,374614086,374698422,84336,9,6,2,0,0,0,0,2420,1,1
5781,0,5,0,5781,374713147,374800391,87244,9,4,4,0,0,0,0,2420,1,1
5782,0,5,0,5782,374815113,374869614,54501,5,2,2,0,0,0,0,2420,1,1
5783,0,5,0,5783,374884341,374920970,36629,3,2,0,0,0,0,0,2420,1,1
5784,0,5,1,5784,374935693,374990197,54504,5,2,2,0,0,0,0,2420,1,1
5785,0,5,3,5785,375004923,375081729,76806,8,5,2,0,0,0,0,2420,1,1
5786,0,5,1,5786,375096443,375133072,36629,3,2,0,0,0,0,0,2420,1,1
5787,0,5,0,5787,375147793,375176968,29175,2,1,0,0,0,0,0,2420,1,1
5788,0,5,0,5788,375191687,375272926,81239,8,2,5,0,0,0,0,2420,1,1
5789,0,5,3,5789,375287648,375358466,70818,7,3,3,0,0,0,0,2420,1,1
5790,0,5,1,5790,375373180,375503767,130587,15,11,3,0,0,0,0,2420,1,1
5791,0,5,2,5791,375518494,375590795,72301,7,2,4,0,0,0,0,2420,1,1
5792,0,5,2,5792,375605510,375634684,29174,2,1,0,0,0,0,0,2420,1,1
5793,0,5,2,5793,375649399,375766427,117028,13,8,4,0,0,0,0,2420,1,1
5794,0,5,2,5794,375781140,375868373,87233,9,4,4,0,0,0,0,2420,1,1
5795,0,5,1,5795,375883091,376080606,197515,23,14,8,0,0,0,0,2420,1,1
5796,0,5,2,5796,376095333,376181173,85840,9,5,3,0,0,0,0,2420,1,1
5797,0,5,3,5797,376195891,376348595,152704,17,8,8,0,0,0,0,2420,1,1
5798,0,5,1,5798,376363312,376385025,21713,1,0,0,0,0,0,0,2420,1,1
5799,0,5,2,5799,376399747,376481098,81351,8,3,3,0,1,0,0,2420,1,1
5800,0,5,3,5800,376495816,376542784,46968,4,1,2,0,0,0,0,2420,1,1
5801,0,5,1,5801,376557498,376579207,21709,1,0,0,0,0,0,0,2420,1,1
5802,0,5,2,5802,376593929,376623099,29170,2,1,0,0,0,0,0,2420,1,1
5803,0,5,3,5803,376637814,376668414,30600,2,0,1,0,0,0,0,2420,1,1
5804,0,5,3,5804,376683126,376785248,102122,11,6,4,0,0,0,0,2420,1,1
5805,0,5,0,5805,376799965,376855864,55899,5,1,3,0,0,0,0,2420,1,1
5806,0,5,1,5806,376870582,376901231,30649,2,0,1,0,0,0,0,2420,1,1
5807,0,5,0,5807,376915957,377021055,105098,11,4,6,0,0,0,0,2420,1,1
5808,0,5,2,5808,377035782,377057478,21696,1,0,0,0,0,0,0,2420,1,1
5809,0,5,0,5809,377072193,377093906,21713,1,0,0,0,0,0,0,2420,1,1
5810,0,5,2,5810,377108625,377130321,21696,1,0,0,0,0,0,0,2420,1,1
5811,0,5,2,5811,377145040,377183102,38062,3,1,1,0,0,0,0,2420,1,1
5812,0,5,1,5812,377197813,377276130,78317,8,4,3,0,0,0,0,2420,1,1
5813,0,5,2,5813,377290852,377320015,29163,2,1,0,0,0,0,0,2420,1,1
5814,0,5,3,5814,377334729,377402698,67969,7,5,1,0,0,0,0,2420,1,1
5815,0,5,0,5815,377417416,377501713,84297,9,6,2,0,0,0,0,2420,1,1
5816,0,5,2,5816,377516435,377562004,45569,4,2,1,0,0,0,0,2420,1,1
5817,0,5,3,5817,377576722,377613331,36609,3,2,0,0,0,0,0,2420,1,1
5818,0,5,0,5818,377628041,377689981,61940,6,3,2,0,0,0,0,2420,1,1
5819,0,5,3,5819,377704707,377735305,30598,2,0,1,0,0,0,0,2420,1,1
5820,0,5,0,5820,377750016,377804511,54495,5,2,2,0,0,0,0,2420,1,1
5821,0,5,3,5821,377819234,377863296,44062,4,3,0,0,0,0,0,2420,1,1
5822,0,5,2,5822,377878006,377963795,85789,9,5,3,0,0,0,0,2420,1,1
5823,0,5,4,5823,377978509,378000201,21692,1,0,0,0,0,0,0,2420,1,1
5824,0,5,1,5824,378014916,378036628,21712,1,0,0,0,0,0,0,2420,1,1
5825,0,5,0,5825,378051351,378089421,38070,3,1,1,0,0,0,0,2420,1,1
5826,0,5,2,5826,378104142,378183898,79756,8,3,4,0,0,0,0,2420,1,1
5827,0,5,1,5827,378198612,378274011,75399,8,6,1,0,0,0,0,2420,1,1
5828,0,5,3,5828,378288729,378332819,44090,4,3,0,0,0,0,0,2420,1,1
5829,0,5,1,5829,378347534,378409509,61975,6,3,2,0,0,0,0,2420,1,1
5830,0,5,1,5830,378424232,378460839,36607,3,2,0,0,0,0,0,2420,1,1
5831,0,5,0,5831,378475566,378504745,29179,2,1,0,0,0,0,0,2420,1,1
5832,0,5,4,5832,378519467,378541164,21697,1,0,0,0,0,0,0,2420,1,1
5833,0,5,2,5833,378555882,378608860,52978,5,3,1,0,0,0,0,2420,1,1
5834,0,5,1,5834,378623575,378676571,52996,5,3,1,0,0,0,0,2420,1,1
5835,0,5,4,5835,378691293,378750303,59010,6,5,0,0,0,0,0,2420,1,1
5836,0,5,4,5836,378765017,378810527,45510,4,2,1,0,0,0,0,2420,1,1
5837,0,5,1,5837,378825246,378846954,21708,1,0,0,0,0,0,0,2420,1,1
5838,0,5,3,5838,378861672,378950319,88647,9,3,5,0,0,0,0,2420,1,1
5839,0,5,2,5839,378965037,379009151,44114,4,3,0,0,0,0,0,2420,1,1
5840,0,5,1,5840,379023865,379069439,45574,4,2,1,0,0,0,0,2420,1,1
5841,0,5,1,5841,379084165,379198372,114207,13,10,2,0,0,0,0,2420,1,1
5842,0,5,3,5842,379213096,379261695,48599,4,1,1,0,1,0,0,2420,1,1
5843,0,5,4,5843,379276414,379329412,52998,5,3,1,0,0,0,0,2420,1,1
5844,0,5,1,5844,379344126,379365839,21713,1,0,0,0,0,0,0,2420,1,1
5845,0,5,0,5845,379380561,379439615,59054,6,5,0,0,0,0,0,2420,1,1
5846,0,5,1,5846,379454337,379483501,29164,2,1,0,0,0,0,0,2420,1,1
5847,0,5,3,5847,379498223,379610961,112738,13,11,1,0,0,0,0,2420,1,1
5848,0,5,4,5848,379625681,379647377,21696,1,0,0,0,0,0,0,2420,1,1
5849,0,5,0,5849,379662092,379724069,61977,6,3,2,0,0,0,0,2420,1,1
5850,0,5,3,5850,379738787,379760483,21696,1,0,0,0,0,0,0,2420,1,1
5851,0,5,0,5851,379775202,379838601,63399,6,2,3,0,0,0,0,2420,1,1
5852,0,5,3,5852,379853324,379875021,21697,1,0,0,0,0,0,0,2420,1,1
5853,0,5,0,5853,379889735,379926359,36624,3,2,0,0,0,0,0,2420,1,1
5854,0,5,1,5854,379941078,380035848,94770,10,5,4,0,0,0,0,2420,1,1
5855,0,5,2,5855,380050573,380072265,21692,1,0,0,0,0,0,0,2420,1,1
5856,0,5,4,5856,380086979,380220423,133444,15,9,5,0,0,0,0,2420,1,1
5857,0,5,2,5857,380235144,380271755,36611,3,2,0,0,0,0,0,2420,1,1
5858,0,5,0,5858,380286470,380308182,21712,1,0,0,0,0,0,0,2420,1,1
5859,0,5,1,5859,380322907,380344615,21708,1,0,0,0,0,0,0,2420,1,1
5860,0,5,2,5860,380359333,380403431,44098,4,3,0,0,0,0,0,2420,1,1
5861,0,5,1,5861,380418145,380439853,21708,1,0,0,0,0,0,0,2420,1,1
5862,0,5,2,5862,380454575,380492671,38096,3,1,1,0,0,0,0,2420,1,1
5863,0,5,0,5863,380507389,380545471,38082,3,1,1,0,0,0,0,2420,1,1
5864,0,5,3,5864,380560193,380598256,38063,3,1,1,0,0,0,0,2420,1,1
5865,0,5,2,5865,380612974,380673479,60505,6,4,1,0,0,0,0,2420,1,1
5866,0,5,3,5866,380688189,380709886,21697,1,0,0,0,0,0,0,2420,1,1
5867,0,5,4,5867,380724604,380816406,91802,10,7,2,0,0,0,0,2420,1,1
5868,0,5,4,5868,380831117,380852817,21700,1,0,0,0,0,0,0,2420,1,1
5869,0,5,2,5869,380867531,380913085,45554,4,2,1,0,0,0,0,2420,1,1
5870,0,5,3,5870,380927795,380965855,38060,3,1,1,0,0,0,0,2420,1,1
5871,0,5,1,5871,380980569,381002277,21708,1,0,0,0,0,0,0,2420,1,1
5872,0,5,3,5872,381016999,381038695,21696,1,0,0,0,0,0,0,2420,1,1
5873,0,5,2,5873,381053414,381128829,75415,8,6,1,0,0,0,0,2420,1,1
5874,0,5,1,5874,381143543,381165256,21713,1,0,0,0,0,0,0,2420,1,1
5875,0,5,3,5875,381179977,381201670,21693,1,0,0,0,0,0,0,2420,1,1
5876,0,5,1,5876,381216385,381238097,21712,1,0,0,0,0,0,0,2420,1,1
5877,0,5,1,5877,381252823,381289464,36641,3,2,0,0,0,0,0,2420,1,1
5878,0,5,1,5878,381304187,381372186,67999,7,5,1,0,0,0,0,2420,1,1
5879,0,5,1,5879,381386912,381408620,21708,1,0,0,0,0,0,0,2420,1,1
5880,0,5,1,5880,381423342,381492713,69371,7,4,2,0,0,0,0,2420,1,1
5881,0,5,4,5881,381507439,381569369,61930,6,3,2,0,0,0,0,2420,1,1
5882,0,5,2,5882,381584083,381614688,30605,2,0,1,0,0,0,0,2420,1,1
5883,0,5,1,5883,381629402,381667480,38078,3,1,1,0,0,0,0,2420,1,1
5884,0,5,3,5884,381682198,381735217,53019,5,3,1,0,0,0,0,2420,1,1
5885,0,5,0,5885,381749932,381779119,29187,2,1,0,0,0,0,0,2420,1,1
5886,0,5,3,5886,381793841,381830491,36650,3,2,0,0,0,0,0,2420,1,1
5887,0,5,3,5887,381845210,381874381,29171,2,1,0,0,0,0,0,2420,1,1
5888,0,5,0,5888,381889091,382017986,128895,14,6,7,0,0,0,0,2420,1,1
5889,0,5,3,5889,382032711,382076820,44109,4,3,0,0,0,0,0,2420,1,1
5890,0,5,2,5890,382091530,382143097,51567,5,4,0,0,0,0,0,2420,1,1
5891,0,5,3,5891,382157811,382212265,54454,5,2,2,0,0,0,0,2420,1,1
5892,0,5,3,5892,382226979,382345530,118551,13,7,5,0,0,0,0,2420,1,1
5893,0,5,4,5893,382360247,382390843,30596,2,0,1,0,0,0,0,2420,1,1
5894,0,5,1,5894,382405557,382427269,21712,1,0,0,0,0,0,0,2420,1,1
5895,0,5,1,5895,382441992,382611127,169135,19,9,9,0,0,0,0,2420,1,1
5896,0,5,0,5896,382625856,382671426,45570,4,2,1,0,0,0,0,2420,1,1
5897,0,5,4,5897,382686152,382707845,21693,1,0,0,0,0,0,0,2420,1,1
5898,0,5,0,5898,382722555,382744271,21716,1,0,0,0,0,0,0,2420,1,1
5899,0,5,1,5899,382758993,382780701,21708,1,0,0,0,0,0,0,2420,1,1
5900,0,5,0,5900,382795424,382826071,30647,2,0,1,0,0,0,0,2420,1,1
5901,0,5,4,5901,382840793,382927957,87164,9,4,4,0,0,0,0,2420,1,1
5902,0,5,4,5902,382942667,382988208,45541,4,2,1,0,0,0,0,2420,1,1
5903,0,5,1,5903,383002923,383091594,88671,9,3,5,0,0,0,0,2420,1,1
5904,0,5,4,5904,383106316,383128013,21697,1,0,0,0,0,0,0,2420,1,1
5905,0,5,3,5905,383142727,383171888,29161,2,1,0,0,0,0,0,2420,1,1
5906,0,5,3,5906,383186602,383257443,70841,7,3,3,0,0,0,0,2420,1,1
5907,0,5,1,5907,383272157,383293871,21714,1,0,0,0,0,0,0,2420,1,1
5908,0,5,4,5908,383308588,383346688,38100,3,1,1,0,0,0,0,2420,1,1
5909,0,5,4,5909,383361402,383383099,21697,1,0,0,0,0,0,0,2420,1,1
5910,0,5,0,5910,383397809,383419522,21713,1,0,0,0,0,0,0,2420,1,1
5911,0,5,1,5911,383434248,383534913,100665,11,7,3,0,0,0,0,2420,1,1
5912,0,5,0,5912,383549634,383619086,69452,7,4,2,0,0,0,0,2420,1,1
5913,0,5,2,5913,383633812,383723888,90076,9,2,6,0,0,0,0,2420,1,1
5914,0,5,3,5914,383738598,383760295,21697,1,0,0,0,0,0,0,2420,1,1
5915,0,5,4,5915,383775015,383822004,46989,4,1,2,0,0,0,0,2420,1,1
5916,0,5,4,5916,383836718,383874785,38067,3,1,1,0,0,0,0,2420,1,1
5917,0,5,3,5917,383889499,383927565,38066,3,1,1,0,0,0,0,2420,1,1
5918,0,5,1,5918,383942275,383963992,21717,1,0,0,0,0,0,0,2420,1,1
5919,0,5,3,5919,383978714,384009322,30608,2,0,1,0,0,0,0,2420,1,1
5920,0,5,0,5920,384024037,384100937,76900,8,5,2,0,0,0,0,2420,1,1
5921,0,5,2,5921,384115664,384153725,38061,3,1,1,0,0,0,0,2420,1,1
5922,0,5,4,5922,384168436,384199038,30602,2,0,1,0,0,0,0,2420,1,1
5923,0,5,1,5923,384213756,384251819,38063,3,1,1,0,0,0,0,2420,1,1
5924,0,5,2,5924,384266541,384313553,47012,4,1,2,0,0,0,0,2420,1,1
5925,0,5,0,5925,384328267,384357438,29171,2,1,0,0,0,0,0,2420,1,1
5926,0,5,3,5926,384372157,384393858,21701,1,0,0,0,0,0,0,2420,1,1
5927,0,5,1,5927,384408572,384485432,76860,8,5,2,0,0,0,0,2420,1,1
5928,0,5,3,5928,384500154,384529304,29150,2,1,0,0,0,0,0,2420,1,1
5929,0,5,0,5929,384544022,384620868,76846,8,5,2,0,0,0,0,2420,1,1
5930,0,5,4,5930,384635591,384688575,52984,5,3,1,0,0,0,0,2420,1,1
5931,0,5,4,5931,384703293,384757748,54455,5,2,2,0,0,0,0,2420,1,1
5932,0,5,4,5932,384772457,384809110,36653,3,2,0,0,0,0,0,2420,1,1
5933,0,5,0,5933,384823828,384845538,21710,1,0,0,0,0,0,0,2420,1,1
5934,0,5,2,5934,384860255,384905814,45559,4,2,1,0,0,0,0,2420,1,1
5935,0,5,4,5935,384920528,384942221,21693,1,0,0,0,0,0,0,2420,1,1
5936,0,5,4,5936,384956935,385033780,76845,8,5,2,0,0,0,0,2420,1,1
5937,0,5,3,5937,385048494,385096901,48407,4,0,3,0,0,0,0,2420,1,1
5938,0,5,4,5938,385111612,385286730,175118,20,11,8,0,0,0,0,2420,1,1
5939,0,5,3,5939,385301449,385340953,39504,3,0,2,0,0,0,0,2420,1,1
5940,0,5,4,5940,385355668,385459265,103597,11,5,5,0,0,0,0,2420,1,1
5941,0,5,1,5941,385473986,385519559,45573,4,2,1,0,0,0,0,2420,1,1
5942,0,5,0,5942,385534281,385555993,21712,1,0,0,0,0,0,0,2420,1,1
5943,0,5,1,5943,385570715,385601349,30634,2,0,1,0,0,0,0,2420,1,1
5944,0,5,4,5944,385616072,385695811,79739,8,3,4,0,0,0,0,2420,1,1
5945,0,5,0,5945,385710525,385741168,30643,2,0,1,0,0,0,0,2420,1,1
5946,0,5,4,5946,385755891,385793965,38074,3,1,1,0,0,0,0,2420,1,1
5947,0,5,1,5947,385808679,385869136,60457,6,4,1,0,0,0,0,2420,1,1
5948,0,5,2,5948,385883859,385923388,39529,3,0,2,0,0,0,0,2420,1,1
5949,0,5,2,5949,385938102,385959794,21692,1,0,0,0,0,0,0,2420,1,1
5950,0,5,3,5950,385974508,385996205,21697,1,0,0,0,0,0,0,2420,1,1
5951,0,5,3,5951,386010920,386233799,222879,26,15,10,0,0,0,0,2420,1,1
5952,0,5,0,5952,386248516,386279166,30650,2,0,1,0,0,0,0,2420,1,1
5953,0,5,2,5953,386293893,386382551,88658,9,3,5,0,0,0,0,2420,1,1
5954,0,5,0,5954,386397265,386433927,36662,3,2,0,0,0,0,0,2420,1,1
5955,0,5,1,5955,386448649,386477840,29191,2,1,0,0,0,0,0,2420,1,1
5956,0,5,4,5956,386492559,386514260,21701,1,0,0,0,0,0,0,2420,1,1
5957,0,5,3,5957,386528974,386581975,53001,5,3,1,0,0,0,0,2420,1,1
5958,0,5,4,5958,386596689,386642239,45550,4,2,1,0,0,0,0,2420,1,1
5959,0,5,0,5959,386656957,386721795,64838,6,1,4,0,0,0,0,2420,1,1
5960,0,5,2,5960,386736521,386758218,21697,1,0,0,0,0,0,0,2420,1,1
5961,0,5,0,5961,386772935,386860150,87215,9,4,4,0,0,0,0,2420,1,1
5962,0,5,2,5962,386874872,386896569,21697,1,0,0,0,0,0,0,2420,1,1
5963,0,5,4,5963,386911283,386940439,29156,2,1,0,0,0,0,0,2420,1,1
5964,0,5,2,5964,386955153,386985751,30598,2,0,1,0,0,0,0,2420,1,1
5965,0,5,4,5965,387000466,387029621,29155,2,1,0,0,0,0,0,2420,1,1
5966,0,5,1,5966,387044336,387106280,61944,6,3,2,0,0,0,0,2420,1,1
5967,0,5,1,5967,387121001,387248483,127482,14,7,6,0,0,0,0,2420,1,1
5968,0,5,2,5968,387263209,387292362,29153,2,1,0,0,0,0,0,2420,1,1
5969,0,5,4,5969,387307080,387345180,38100,3,1,1,0,0,0,0,2420,1,1
5970,0,5,1,5970,387359890,387390513,30623,2,0,1,0,0,0,0,2420,1,1
5971,0,5,0,5971,387405239,387461131,55892,5,1,3,0,0,0,0,2420,1,1
5972,0,5,0,5972,387475854,387519989,44135,4,3,0,0,0,0,0,2420,1,1
5973,0,5,1,5973,387534715,387587755,53040,5,3,1,0,0,0,0,2420,1,1
5974,0,5,0,5974,387602474,387649481,47007,4,1,2,0,0,0,0,2420,1,1
5975,0,5,0,5975,387664207,387685915,21708,1,0,0,0,0,0,0,2420,1,1
5976,0,5,3,5976,387700633,387777551,76918,8,5,2,0,0,0,0,2420,1,1
5977,0,5,0,5977,387792265,387845291,53026,5,3,1,0,0,0,0,2420,1,1
5978,0,5,3,5978,387860009,387896636,36627,3,2,0,0,0,0,0,2420,1,1
5979,0,5,3,5979,387911350,387956877,45527,4,2,1,0,0,0,0,2420,1,1
5980,0,5,2,5980,387971588,388017125,45537,4,2,1,0,0,0,0,2420,1,1
5981,0,5,1,5981,388031839,388069947,38108,3,1,1,0,0,0,0,2420,1,1
5982,0,5,4,5982,388084669,388106366,21697,1,0,0,0,0,0,0,2420,1,1
5983,0,5,2,5983,388121080,388199377,78297,8,4,3,0,0,0,0,2420,1,1
5984,0,5,0,5984,388214090,388258203,44113,4,3,0,0,0,0,0,2420,1,1
5985,0,5,0,5985,388272929,388312455,39526,3,0,2,0,0,0,0,2420,1,1
5986,0,5,4,5986,388327177,388392003,64826,6,1,4,0,0,0,0,2420,1,1
5987,0,5,4,5987,388406722,388501396,94674,10,5,4,0,0,0,0,2420,1,1
5988,0,5,1,5988,388516112,388567690,51578,5,4,0,0,0,0,0,2420,1,1
5989,0,5,1,5989,388582412,388604125,21713,1,0,0,0,0,0,0,2420,1,1
5990,0,5,2,5990,388618844,388649445,30601,2,0,1,0,0,0,0,2420,1,1
5991,0,5,3,5991,388664163,388685856,21693,1,0,0,0,0,0,0,2420,1,1
5992,0,5,2,5992,388700570,388787788,87218,9,4,4,0,0,0,0,2420,1,1
5993,0,5,4,5993,388802502,388824198,21696,1,0,0,0,0,0,0,2420,1,1
5994,0,5,3,5994,388838909,388860605,21696,1,0,0,0,0,0,0,2420,1,1
5995,0,5,0,5995,388875324,388905937,30613,2,0,1,0,0,0,0,2420,1,1
5996,0,5,0,5996,388920655,388958732,38077,3,1,1,0,0,0,0,2420,1,1
5997,0,5,3,5997,388973458,389010074,36616,3,2,0,0,0,0,0,2420,1,1
5998,0,5,4,5998,389024788,389046485,21697,1,0,0,0,0,0,0,2420,1,1
5999,0,5,0,5999,389061199,389163395,102196,11,6,4,0,0,0,0,2420,1,1
6000,0,1,2,6000,389178116,389200009,21893,1,0,0,0,0,0,0,2420,1,1
6001,0,1,3,6001,389215092,389268012,52920,5,3,1,0,0,0,0,2420,1,1
6002,0,1,3,6002,389282856,389382004,99148,11,8,2,0,0,0,0,2420,1,1
6003,0,1,4,6003,389396851,389433417,36566,3,2,0,0,0,0,0,2420,1,1
6004,0,1,3,6004,389448258,389510083,61825,6,3,2,0,0,0,0,2420,1,1
6005,0,1,2,6005,389524928,389618055,93127,10,6,3,0,0,0,0,2420,1,1
6006,0,1,2,6006,389632901,389706622,73721,7,1,5,0,0,0,0,2420,1,1
6007,0,1,3,6007,389721463,389750573,29110,2,1,0,0,0,0,0,2420,1,1
6008,0,1,0,6008,389765417,389794544,29127,2,1,0,0,0,0,0,2420,1,1
6009,0,1,1,6009,389809393,389881592,72199,7,2,4,0,0,0,0,2420,1,1
6010,0,1,4,6010,389896446,389974692,78246,8,4,3,0,0,0,0,2420,1,1
6011,0,1,4,6011,389989532,390011158,21626,1,0,0,0,0,0,0,2420,1,1
6012,0,1,3,6012,390026002,390110296,84294,9,6,2,0,0,0,0,2420,1,1
6013,0,1,2,6013,390125140,390163157,38017,3,1,1,0,0,0,0,2420,1,1
6014,0,1,1,6014,390177998,390214579,36581,3,2,0,0,0,0,0,2420,1,1
6015,0,1,0,6015,390229427,390282365,52938,5,3,1,0,0,0,0,2420,1,1
6016,0,1,0,6016,390297218,390326313,29095,2,1,0,0,0,0,0,2420,1,1
6017,0,1,4,6017,390341162,390370247,29085,2,1,0,0,0,0,0,2420,1,1
6018,0,1,2,6018,390385092,390423098,38006,3,1,1,0,0,0,0,2420,1,1
6019,0,1,1,6019,390437939,390459580,21641,1,0,0,0,0,0,0,2420,1,1
6020,0,1,1,6020,390474433,390522819,48386,4,0,3,0,0,0,0,2420,1,1
6021,0,1,2,6021,390537667,390559293,21626,1,0,0,0,0,0,0,2420,1,1
6022,0,1,3,6022,390574137,390595763,21626,1,0,0,0,0,0,0,2420,1,1
6023,0,1,3,6023,390610604,390632229,21625,1,0,0,0,0,0,0,2420,1,1
6024,0,1,4,6024,390647078,390668704,21626,1,0,0,0,0,0,0,2420,1,1
6025,0,1,3,6025,390683548,390730477,46929,4,1,2,0,0,0,0,2420,1,1
6026,0,1,2,6026,390745322,390766947,21625,1,0,0,0,0,0,0,2420,1,1
6027,0,1,1,6027,390781788,390812334,30546,2,0,1,0,0,0,0,2420,1,1
6028,0,1,1,6028,390827187,390872677,45490,4,2,1,0,0,0,0,2420,1,1
6029,0,1,4,6029,390887528,390909153,21625,1,0,0,0,0,0,0,2420,1,1
6030,0,1,1,6030,390923998,390991831,67833,7,5,1,0,0,0,0,2420,1,1
6031,0,1,3,6031,391006684,391052157,45473,4,2,1,0,0,0,0,2420,1,1
6032,0,1,3,6032,391067001,391088627,21626,1,0,0,0,0,0,0,2420,1,1
6033,0,1,2,6033,391103471,391140050,36579,3,2,0,0,0,0,0,2420,1,1
6034,0,1,2,6034,391154895,391228579,73684,7,1,5,0,0,0,0,2420,1,1
6035,0,1,0,6035,391243424,391273981,30557,2,0,1,0,0,0,0,2420,1,1
6036,0,1,0,6036,391288829,391334307,45478,4,2,1,0,0,0,0,2420,1,1
6037,0,1,4,6037,391349155,391400634,51479,5,4,0,0,0,0,0,2420,1,1
6038,0,1,0,6038,391415479,391453498,38019,3,1,1,0,0,0,0,2420,1,1
6039,0,1,2,6039,391468347,391489972,21625,1,0,0,0,0,0,0,2420,1,1
6040,0,1,0,6040,391504817,391526459,21642,1,0,0,0,0,0,0,2420,1,1
6041,0,1,3,6041,391541307,391571857,30550,2,0,1,0,0,0,0,2420,1,1
6042,0,1,2,6042,391586701,391718610,131909,15,10,4,0,0,0,0,2420,1,1
6043,0,1,3,6043,391733460,391762548,29088,2,1,0,0,0,0,0,2420,1,1
6044,0,1,3,6044,391777393,391807942,30549,2,0,1,0,0,0,0,2420,1,1
6045,0,1,4,6045,391822786,391892111,69325,7,4,2,0,0,0,0,2420,1,1
6046,0,1,4,6046,391906955,391928580,21625,1,0,0,0,0,0,0,2420,1,1
6047,0,1,0,6047,391943425,391965067,21642,1,0,0,0,0,0,0,2420,1,1
6048,0,1,0,6048,391979915,392026870,46955,4,1,2,0,0,0,0,2420,1,1
6049,0,1,4,6049,392041718,392063348,21630,1,0,0,0,0,0,0,2420,1,1
6050,0,1,0,6050,392078188,392183200,105012,11,4,6,0,0,0,0,2420,1,1
6051,0,1,2,6051,392198051,392251022,52971,5,3,1,0,0,0,0,2420,1,1
6052,0,1,3,6052,392265866,392320271,54405,5,2,2,0,0,0,0,2420,1,1
6053,0,1,1,6053,392335116,392449015,113899,12,4,7,0,0,0,0,2420,1,1
6054,0,1,4,6054,392463870,392485496,21626,1,0,0,0,0,0,0,2420,1,1
6055,0,1,0,6055,392500337,392521977,21640,1,0,0,0,0,0,0,2420,1,1
6056,0,1,2,6056,392536834,392652388,115554,13,9,3,0,0,0,0,2420,1,1
6057,0,1,1,6057,392667235,392712740,45505,4,2,1,0,0,0,0,2420,1,1
6058,0,1,0,6058,392727593,392788016,60423,6,4,1,0,0,0,0,2420,1,1
6059,0,1,1,6059,392802868,392824510,21642,1,0,0,0,0,0,0,2420,1,1
6060,0,1,1,6060,392839359,392899761,60402,6,4,1,0,0,0,0,2420,1,1
6061,0,1,0,6061,392914614,392936256,21642,1,0,0,0,0,0,0,2420,1,1
6062,0,1,2,6062,392951104,393048609,97505,10,3,6,0,0,0,0,2420,1,1
6063,0,1,4,6063,393063456,393131286,67830,7,5,1,0,0,0,0,2420,1,1
6064,0,1,2,6064,393146131,393190169,44038,4,3,0,0,0,0,0,2420,1,1
6065,0,1,4,6065,393205014,393256515,51501,5,4,0,0,0,0,0,2420,1,1
6066,0,1,0,6066,393271356,393293001,21645,1,0,0,0,0,0,0,2420,1,1
6067,0,1,2,6067,393307850,393344414,36564,3,2,0,0,0,0,0,2420,1,1
6068,0,1,3,6068,393359255,393380881,21626,1,0,0,0,0,0,0,2420,1,1
6069,0,1,4,6069,393395727,393441193,45466,4,2,1,0,0,0,0,2420,1,1
6070,0,1,4,6070,393456038,393485120,29082,2,1,0,0,0,0,0,2420,1,1
6071,0,1,3,6071,393499961,393521586,21625,1,0,0,0,0,0,0,2420,1,1
6072,0,1,1,6072,393536432,393558073,21641,1,0,0,0,0,0,0,2420,1,1
6073,0,1,0,6073,393572923,393745084,172161,20,13,6,0,0,0,0,2420,1,1
6074,0,1,0,6074,393759937,393815798,55861,5,1,3,0,0,0,0,2420,1,1
6075,0,1,1,6075,393830648,393859770,29122,2,1,0,0,0,0,0,2420,1,1
6076,0,1,2,6076,393874623,393903710,29087,2,1,0,0,0,0,0,2420,1,1
6077,0,1,1,6077,393918551,394020610,102059,11,6,4,0,0,0,0,2420,1,1
6078,0,1,1,6078,394035466,394104840,69374,7,4,2,0,0,0,0,2420,1,1
6079,0,1,3,6079,394119689,394272391,152702,17,8,8,0,0,0,0,2420,1,1
6080,0,1,4,6080,394287238,394347627,60389,6,4,1,0,0,0,0,2420,1,1
6081,0,1,4,6081,394362468,394422860,60392,6,4,1,0,0,0,0,2420,1,1
6082,0,1,4,6082,394437700,394475701,38001,3,1,1,0,0,0,0,2420,1,1
6083,0,1,3,6083,394490541,394527076,36535,3,2,0,0,0,0,0,2420,1,1
6084,0,1,3,6084,394541916,394578453,36537,3,2,0,0,0,0,0,2420,1,1
6085,0,1,4,6085,394593298,394647690,54392,5,2,2,0,0,0,0,2420,1,1
6086,0,1,4,6086,394662530,394708034,45504,4,2,1,0,0,0,0,2420,1,1
6087,0,1,4,6087,394722878,394793637,70759,7,3,3,0,0,0,0,2420,1,1
6088,0,1,2,6088,394808483,394855432,46949,4,1,2,0,0,0,0,2420,1,1
6089,0,1,2,6089,394870272,394908280,38008,3,1,1,0,0,0,0,2420,1,1
6090,0,1,3,6090,394923123,394961100,37977,3,1,1,0,0,0,0,2420,1,1
6091,0,1,1,6091,394975945,394997587,21642,1,0,0,0,0,0,0,2420,1,1
6092,0,1,3,6092,395012436,395060829,48393,4,0,3,0,0,0,0,2420,1,1
6093,0,1,3,6093,395075673,395153873,78200,8,4,3,0,0,0,0,2420,1,1
6094,0,1,1,6094,395168714,395197805,29091,2,1,0,0,0,0,0,2420,1,1
6095,0,1,2,6095,395212653,395259551,46898,4,1,2,0,0,0,0,2420,1,1
6096,0,1,1,6096,395274396,395388366,113970,12,4,7,0,0,0,0,2420,1,1
6097,0,1,3,6097,395403221,395433749,30528,2,0,1,0,0,0,0,2420,1,1
6098,0,1,4,6098,395448589,395605807,157218,18,11,6,0,0,0,0,2420,1,1
6099,0,1,2,6099,395620652,395704893,84241,9,6,2,0,0,0,0,2420,1,1
6100,0,1,0,6100,395719734,395847143,127409,14,7,6,0,0,0,0,2420,1,1
6101,0,1,2,6101,395861995,395900013,38018,3,1,1,0,0,0,0,2420,1,1
6102,0,1,4,6102,395914858,395943967,29109,2,1,0,0,0,0,0,2420,1,1
6103,0,1,2,6103,395958808,396022118,63310,6,2,3,0,0,0,0,2420,1,1
6104,0,1,1,6104,396036962,396074997,38035,3,1,1,0,0,0,0,2420,1,1
6105,0,1,2,6105,396089846,396111472,21626,1,0,0,0,0,0,0,2420,1,1
6106,0,1,4,6106,396126317,396204560,78243,8,4,3,0,0,0,0,2420,1,1
6107,0,1,1,6107,396219401,396311112,91711,10,7,2,0,0,0,0,2420,1,1
6108,0,1,3,6108,396325967,396355063,29096,2,1,0,0,0,0,0,2420,1,1
6109,0,1,2,6109,396369904,396409383,39479,3,0,2,0,0,0,0,2420,1,1
6110,0,1,1,6110,396424228,396445869,21641,1,0,0,0,0,0,0,2420,1,1
6111,0,1,0,6111,396460719,396552466,91747,10,7,2,0,0,0,0,2420,1,1
6112,0,1,3,6112,396567317,396606767,39450,3,0,2,0,0,0,0,2420,1,1
6113,0,1,3,6113,396621608,396752144,130536,15,11,3,0,0,0,0,2420,1,1
6114,0,1,2,6114,396766993,396867630,100637,11,7,3,0,0,0,0,2420,1,1
6115,0,1,0,6115,396882473,396984590,102117,11,6,4,0,0,0,0,2420,1,1
6116,0,1,4,6116,396999441,397144596,145155,16,7,8,0,0,0,0,2420,1,1
6117,0,1,2,6117,397159440,397260108,100668,11,7,3,0,0,0,0,2420,1,1
6118,0,1,1,6118,397274957,397353220,78263,8,4,3,0,0,0,0,2420,1,1
6119,0,1,1,6119,397368069,397429967,61898,6,3,2,0,0,0,0,2420,1,1
6120,0,1,0,6120,397444824,397554347,109523,12,7,4,0,0,0,0,2420,1,1
6121,0,1,4,6121,397569198,397622168,52970,5,3,1,0,0,0,0,2420,1,1
6122,0,1,3,6122,397637013,397713802,76789,8,5,2,0,0,0,0,2420,1,1
6123,0,1,0,6123,397728644,397791942,63298,6,2,3,0,0,0,0,2420,1,1
6124,0,1,3,6124,397806795,397871540,64745,6,1,4,0,0,0,0,2420,1,1
6125,0,1,1,6125,397886385,397922938,36553,3,2,0,0,0,0,0,2420,1,1
6126,0,1,4,6126,397937786,397959412,21626,1,0,0,0,0,0,0,2420,1,1
6127,0,1,0,6127,397974256,398010839,36583,3,2,0,0,0,0,0,2420,1,1
6128,0,1,0,6128,398025691,398096512,70821,7,3,3,0,0,0,0,2420,1,1
6129,0,1,4,6129,398111361,398158259,46898,4,1,2,0,0,0,0,2420,1,1
6130,0,1,4,6130,398173103,398202188,29085,2,1,0,0,0,0,0,2420,1,1
6131,0,1,0,6131,398217032,398280328,63296,6,2,3,0,0,0,0,2420,1,1
6132,0,1,4,6132,398295181,398325724,30543,2,0,1,0,0,0,0,2420,1,1
6133,0,1,1,6133,398340564,398380049,39485,3,0,2,0,0,0,0,2420,1,1
6134,0,1,3,6134,398394901,398455295,60394,6,4,1,0,0,0,0,2420,1,1
6135,0,1,0,6135,398470135,398491777,21642,1,0,0,0,0,0,0,2420,1,1
6136,0,1,0,6136,398506629,398544643,38014,3,1,1,0,0,0,0,2420,1,1
6137,0,1,2,6137,398559493,398621367,61874,6,3,2,0,0,0,0,2420,1,1
6138,0,1,4,6138,398636211,398698078,61867,6,3,2,0,0,0,0,2420,1,1
6139,0,1,2,6139,398712922,398844872,131950,15,10,4,0,0,0,0,2420,1,1
6140,0,1,0,6140,398859717,398930503,70786,7,3,3,0,0,0,0,2420,1,1
6141,0,1,3,6141,398945356,398990805,45449,4,2,1,0,0,0,0,2420,1,1
6142,0,1,3,6142,399005651,399043654,38003,3,1,1,0,0,0,0,2420,1,1
6143,0,1,1,6143,399058494,399096516,38022,3,1,1,0,0,0,0,2420,1,1
6144,0,1,1,6144,399111365,399133010,21645,1,0,0,0,0,0,0,2420,1,1
6145,0,1,3,6145,399147859,399208230,60371,6,4,1,0,0,0,0,2420,1,1
6146,0,1,2,6146,399223075,399259651,36576,3,2,0,0,0,0,0,2420,1,1
6147,0,1,1,6147,399274496,399296137,21641,1,0,0,0,0,0,0,2420,1,1
6148,0,1,2,6148,399310986,399332611,21625,1,0,0,0,0,0,0,2420,1,1
6149,0,1,1,6149,399347456,399376578,29122,2,1,0,0,0,0,0,2420,1,1
6150,0,1,2,6150,399391426,399512975,121549,13,6,5,0,1,0,0,2420,1,1
6151,0,1,2,6151,399527819,399628465,100646,11,7,3,0,0,0,0,2420,1,1
6152,0,1,2,6152,399643320,399681320,38000,3,1,1,0,0,0,0,2420,1,1
6153,0,1,4,6153,399696178,399828145,131967,15,10,4,0,0,0,0,2420,1,1
6154,0,1,0,6154,399843007,399962940,119933,13,6,6,0,0,0,0,2420,1,1
6155,0,1,4,6155,399977804,400008335,30531,2,0,1,0,0,0,0,2420,1,1
6156,0,1,4,6156,400023190,400059749,36559,3,2,0,0,0,0,0,2420,1,1
6157,0,1,2,6157,400074607,400096233,21626,1,0,0,0,0,0,0,2420,1,1
6158,0,1,2,6158,400111086,400180431,69345,7,4,2,0,0,0,0,2420,1,1
6159,0,1,3,6159,400195288,400281021,85733,9,5,3,0,0,0,0,2420,1,1
6160,0,1,2,6160,400295878,400317504,21626,1,0,0,0,0,0,0,2420,1,1
6161,0,1,3,6161,400332357,400371806,39449,3,0,2,0,0,0,0,2420,1,1
6162,0,1,3,6162,400386663,400442555,55892,5,1,3,0,0,0,0,2420,1,1
6163,0,1,2,6163,400457411,400479037,21626,1,0,0,0,0,0,0,2420,1,1
6164,0,1,0,6164,400493893,400515534,21641,1,0,0,0,0,0,0,2420,1,1
6165,0,1,0,6165,400530394,400552036,21642,1,0,0,0,0,0,0,2420,1,1
6166,0,1,4,6166,400566900,400588526,21626,1,0,0,0,0,0,0,2420,1,1
6167,0,1,2,6167,400603382,400671252,67870,7,5,1,0,0,0,0,2420,1,1
6168,0,1,2,6168,400686109,400707734,21625,1,0,0,0,0,0,0,2420,1,1
6169,0,1,0,6169,400722587,400744232,21645,1,0,0,0,0,0,0,2420,1,1
6170,0,1,2,6170,400759092,400804544,45452,4,2,1,0,0,0,0,2420,1,1
6171,0,1,0,6171,400819397,400855955,36558,3,2,0,0,0,0,0,2420,1,1
6172,0,1,3,6172,400870816,400964011,93195,10,6,3,0,0,0,0,2420,1,1
6173,0,1,1,6173,400978866,401000507,21641,1,0,0,0,0,0,0,2420,1,1
6174,0,1,0,6174,401015372,401045942,30570,2,0,1,0,0,0,0,2420,1,1
6175,0,1,4,6175,401060803,401098798,37995,3,1,1,0,0,0,0,2420,1,1
6176,0,1,4,6176,401113657,401178585,64928,6,2,2,0,1,0,0,2420,1,1
6177,0,1,1,6177,401193441,401215083,21642,1,0,0,0,0,0,0,2420,1,1
6178,0,1,0,6178,401229944,401260487,30543,2,0,1,0,0,0,0,2420,1,1
6179,0,1,0,6179,401275352,401296994,21642,1,0,0,0,0,0,0,2420,1,1
6180,0,1,2,6180,401311854,401333485,21631,1,0,0,0,0,0,0,2420,1,1
6181,0,1,1,6181,401348338,401369980,21642,1,0,0,0,0,0,0,2420,1,1
6182,0,1,4,6182,401384845,401406470,21625,1,0,0,0,0,0,0,2420,1,1
6183,0,1,0,6183,401421323,401533781,112458,12,5,6,0,0,0,0,2420,1,1
6184,0,1,1,6184,401548644,401570285,21641,1,0,0,0,0,0,0,2420,1,1
6185,0,1,0,6185,401585151,401629182,44031,4,3,0,0,0,0,0,2420,1,1
6186,0,1,1,6186,401644047,401697037,52990,5,3,1,0,0,0,0,2420,1,1
6187,0,1,0,6187,401711898,401749931,38033,3,1,1,0,0,0,0,2420,1,1
6188,0,1,1,6188,401764797,401826685,61888,6,3,2,0,0,0,0,2420,1,1
6189,0,1,2,6189,401841545,401940719,99174,11,8,2,0,0,0,0,2420,1,1
6190,0,1,1,6190,401955577,402003959,48382,4,0,3,0,0,0,0,2420,1,1
6191,0,1,4,6191,402018820,402040446,21626,1,0,0,0,0,0,0,2420,1,1
6192,0,1,1,6192,402055303,402076944,21641,1,0,0,0,0,0,0,2420,1,1
6193,0,1,4,6193,402091804,402113434,21630,1,0,0,0,0,0,0,2420,1,1
6194,0,1,3,6194,402128287,402224339,96052,10,4,5,0,0,0,0,2420,1,1
6195,0,1,3,6195,402239194,402268279,29085,2,1,0,0,0,0,0,2420,1,1
6196,0,1,0,6196,402283135,402336087,52952,5,3,1,0,0,0,0,2420,1,1
6197,0,1,0,6197,402350948,402467920,116972,13,8,4,0,0,0,0,2420,1,1
6198,0,1,4,6198,402482787,402666814,184027,21,11,9,0,0,0,0,2420,1,1
6199,0,1,4,6199,402681671,402703300,21629,1,0,0,0,0,0,0,2420,1,1
6200,0,1,0,6200,402718154,402781486,63332,6,2,3,0,0,0,0,2420,1,1
6201,0,1,1,6201,402796351,402849295,52944,5,3,1,0,0,0,0,2420,1,1
6202,0,1,0,6202,402864160,402948410,84250,9,6,2,0,0,0,0,2420,1,1
6203,0,1,4,6203,402963275,402993812,30537,2,0,1,0,0,0,0,2420,1,1
6204,0,1,1,6204,403008664,403030306,21642,1,0,0,0,0,0,0,2420,1,1
6205,0,1,4,6205,403045171,403092059,46888,4,1,2,0,0,0,0,2420,1,1
6206,0,1,2,6206,403106915,403128541,21626,1,0,0,0,0,0,0,2420,1,1
6207,0,1,3,6207,403143397,403223061,79664,8,3,4,0,0,0,0,2420,1,1
6208,0,1,0,6208,403237914,403365303,127389,14,7,6,0,0,0,0,2420,1,1
6209,0,1,0,6209,403380167,403401808,21641,1,0,0,0,0,0,0,2420,1,1
6210,0,1,2,6210,403416672,403454663,37991,3,1,1,0,0,0,0,2420,1,1
6211,0,1,1,6211,403469516,403567033,97517,10,3,6,0,0,0,0,2420,1,1
6212,0,1,0,6212,403581896,403618462,36566,3,2,0,0,0,0,0,2420,1,1
6213,0,1,0,6213,403633327,403654969,21642,1,0,0,0,0,0,0,2420,1,1
6214,0,1,0,6214,403669830,403691471,21641,1,0,0,0,0,0,0,2420,1,1
6215,0,1,3,6215,403706336,403736892,30556,2,0,1,0,0,0,0,2420,1,1
6216,0,1,4,6216,403751740,403780829,29089,2,1,0,0,0,0,0,2420,1,1
6217,0,1,4,6217,403795673,403826223,30550,2,0,1,0,0,0,0,2420,1,1
6218,0,1,4,6218,403841063,403862689,21626,1,0,0,0,0,0,0,2420,1,1
6219,0,1,0,6219,403877533,403969256,91723,10,7,2,0,0,0,0,2420,1,1
6220,0,1,0,6220,403984110,404005752,21642,1,0,0,0,0,0,0,2420,1,1
6221,0,1,0,6221,404020601,404067527,46926,4,1,2,0,0,0,0,2420,1,1
6222,0,1,3,6222,404082376,404120391,38015,3,1,1,0,0,0,0,2420,1,1
6223,0,1,2,6223,404135236,404192499,57263,5,0,4,0,0,0,0,2420,1,1
6224,0,1,2,6224,404207345,404252828,45483,4,2,1,0,0,0,0,2420,1,1
6225,0,1,1,6225,404267669,404314622,46953,4,1,2,0,0,0,0,2420,1,1
6226,0,1,0,6226,404329471,404406266,76795,8,5,2,0,0,0,0,2420,1,1
6227,0,1,3,6227,404421115,404450215,29100,2,1,0,0,0,0,0,2420,1,1
6228,0,1,4,6228,404465060,404503060,38000,3,1,1,0,0,0,0,2420,1,1
6229,0,1,0,6229,404517901,404572333,54432,5,2,2,0,0,0,0,2420,1,1
6230,0,1,0,6230,404587186,404617736,30550,2,0,1,0,0,0,0,2420,1,1
6231,0,1,3,6231,404632585,404661673,29088,2,1,0,0,0,0,0,2420,1,1
6232,0,1,1,6232,404676518,404750374,73856,8,7,0,0,0,0,0,2420,1,1
6233,0,1,3,6233,404765226,404809224,43998,4,3,0,0,0,0,0,2420,1,1
6234,0,1,2,6234,404824068,404845694,21626,1,0,0,0,0,0,0,2420,1,1
6235,0,1,2,6235,404860535,404882160,21625,1,0,0,0,0,0,0,2420,1,1
6236,0,1,4,6236,404897005,404942462,45457,4,2,1,0,0,0,0,2420,1,1
6237,0,1,3,6237,404957303,405035545,78242,8,4,3,0,0,0,0,2420,1,1
6238,0,1,2,6238,405050385,405113731,63346,6,2,3,0,0,0,0,2420,1,1
6239,0,1,1,6239,405128571,405150212,21641,1,0,0,0,0,0,0,2420,1,1
6240,0,1,2,6240,405165065,405218023,52958,5,3,1,0,0,0,0,2420,1,1
6241,0,1,3,6241,405232868,405254494,21626,1,0,0,0,0,0,0,2420,1,1
6242,0,1,2,6242,405269334,405301493,32159,2,0,0,0,1,0,0,2420,1,1
6243,0,1,4,6243,405316337,405373632,57295,5,0,4,0,0,0,0,2420,1,1
6244,0,1,3,6244,405388472,405410098,21626,1,0,0,0,0,0,0,2420,1,1
6245,0,1,3,6245,405424942,405480764,55822,5,1,3,0,0,0,0,2420,1,1
6246,0,1,0,6246,405495609,405517250,21641,1,0,0,0,0,0,0,2420,1,1
6247,0,1,3,6247,405532098,405553728,21630,1,0,0,0,0,0,0,2420,1,1
6248,0,1,2,6248,405568572,405590198,21626,1,0,0,0,0,0,0,2420,1,1
6249,0,1,2,6249,405605043,405634140,29097,2,1,0,0,0,0,0,2420,1,1
6250,0,1,2,6250,405648981,405695932,46951,4,1,2,0,0,0,0,2420,1,1
6251,0,1,1,6251,405710772,405756254,45482,4,2,1,0,0,0,0,2420,1,1
6252,0,1,2,6252,405771102,405953619,182517,21,12,8,0,0,0,0,2420,1,1
6253,0,1,2,6253,405968464,406037733,69269,7,4,2,0,0,0,0,2420,1,1
6254,0,1,1,6254,406052573,406106962,54389,5,2,2,0,0,0,0,2420,1,1
6255,0,1,0,6255,406121811,406165865,44054,4,3,0,0,0,0,0,2420,1,1
6256,0,1,4,6256,406180714,406211241,30527,2,0,1,0,0,0,0,2420,1,1
6257,0,1,1,6257,406226086,406280491,54405,5,2,2,0,0,0,0,2420,1,1
6258,0,1,3,6258,406295344,406358634,63290,6,2,3,0,0,0,0,2420,1,1
6259,0,1,3,6259,406373479,406453166,79687,8,3,4,0,0,0,0,2420,1,1
6260,0,1,1,6260,406468006,406522407,54401,5,2,2,0,0,0,0,2420,1,1
6261,0,1,2,6261,406537259,406575256,37997,3,1,1,0,0,0,0,2420,1,1
6262,0,1,1,6262,406590096,406620640,30544,2,0,1,0,0,0,0,2420,1,1
6263,0,1,4,6263,406635492,406682429,46937,4,1,2,0,0,0,0,2420,1,1
6264,0,1,3,6264,406697274,406727837,30563,2,0,1,0,0,0,0,2420,1,1
6265,0,1,3,6265,406742678,406764308,21630,1,0,0,0,0,0,0,2420,1,1
6266,0,1,1,6266,406779149,406808269,29120,2,1,0,0,0,0,0,2420,1,1
6267,0,1,2,6267,406823119,406859661,36542,3,2,0,0,0,0,0,2420,1,1
6268,0,1,4,6268,406874506,406896132,21626,1,0,0,0,0,0,0,2420,1,1
6269,0,1,0,6269,406910972,406941520,30548,2,0,1,0,0,0,0,2420,1,1
6270,0,1,1,6270,406956373,406992929,36556,3,2,0,0,0,0,0,2420,1,1
6271,0,1,0,6271,407007778,407045819,38041,3,1,1,0,0,0,0,2420,1,1
6272,0,1,4,6272,407060668,407082294,21626,1,0,0,0,0,0,0,2420,1,1
6273,0,1,3,6273,407097137,407133706,36569,3,2,0,0,0,0,0,2420,1,1
6274,0,1,3,6274,407148546,407217880,69334,7,4,2,0,0,0,0,2420,1,1
6275,0,1,4,6275,407232721,407278197,45476,4,2,1,0,0,0,0,2420,1,1
6276,0,1,1,6276,407293041,407314683,21642,1,0,0,0,0,0,0,2420,1,1
6277,0,1,3,6277,407329531,407400301,70770,7,3,3,0,0,0,0,2420,1,1
6278,0,1,4,6278,407415145,407436771,21626,1,0,0,0,0,0,0,2420,1,1
6279,0,1,2,6279,407451611,407473241,21630,1,0,0,0,0,0,0,2420,1,1
6280,0,1,3,6280,407488085,407553031,64946,6,2,2,0,1,0,0,2420,1,1
6281,0,1,0,6281,407567872,407589513,21641,1,0,0,0,0,0,0,2420,1,1
6282,0,1,3,6282,407604366,407625991,21625,1,0,0,0,0,0,0,2420,1,1
6283,0,1,2,6283,407640832,407662457,21625,1,0,0,0,0,0,0,2420,1,1
6284,0,1,0,6284,407677299,407771952,94653,10,5,4,0,0,0,0,2420,1,1
6285,0,1,3,6285,407786806,407900714,113908,12,4,7,0,0,0,0,2420,1,1
6286,0,1,0,6286,407915561,407937203,21642,1,0,0,0,0,0,0,2420,1,1
6287,0,1,2,6287,407952052,407973682,21630,1,0,0,0,0,0,0,2420,1,1
6288,0,1,1,6288,407988522,408010163,21641,1,0,0,0,0,0,0,2420,1,1
6289,0,1,1,6289,408025016,408159834,134818,15,8,6,0,0,0,0,2420,1,1
6290,0,1,4,6290,408174689,408255807,81118,8,2,5,0,0,0,0,2420,1,1
6291,0,1,3,6291,408270648,408301186,30538,2,0,1,0,0,0,0,2420,1,1
6292,0,1,4,6292,408316030,408394336,78306,8,4,3,0,0,0,0,2420,1,1
6293,0,1,2,6293,408409177,408465014,55837,5,1,3,0,0,0,0,2420,1,1
6294,0,1,3,6294,408479856,408508949,29093,2,1,0,0,0,0,0,2420,1,1
6295,0,1,0,6295,408523794,408587068,63274,6,2,3,0,0,0,0,2420,1,1
6296,0,1,4,6296,408601916,408623547,21631,1,0,0,0,0,0,0,2420,1,1
6297,0,1,4,6297,408638387,408660013,21626,1,0,0,0,0,0,0,2420,1,1
6298,0,1,3,6298,408674858,408705397,30539,2,0,1,0,0,0,0,2420,1,1
6299,0,1,0,6299,408720238,408756824,36586,3,2,0,0,0,0,0,2420,1,1
6300,0,1,1,6300,408771672,408808239,36567,3,2,0,0,0,0,0,2420,1,1
6301,0,1,1,6301,408823091,408852212,29121,2,1,0,0,0,0,0,2420,1,1
6302,0,1,3,6302,408867064,408913996,46932,4,1,2,0,0,0,0,2420,1,1
6303,0,1,3,6303,408928837,408966870,38033,3,1,1,0,0,0,0,2420,1,1
6304,0,1,0,6304,408981710,409045005,63295,6,2,3,0,0,0,0,2420,1,1
6305,0,1,3,6305,409059855,409081480,21625,1,0,0,0,0,0,0,2420,1,1
6306,0,1,2,6306,409096325,409152153,55828,5,1,3,0,0,0,0,2420,1,1
6307,0,1,2,6307,409166997,409221450,54453,5,2,2,0,0,0,0,2420,1,1
6308,0,1,4,6308,409236294,409266826,30532,2,0,1,0,0,0,0,2420,1,1
6309,0,1,2,6309,409281667,409318203,36536,3,2,0,0,0,0,0,2420,1,1
6310,0,1,4,6310,409333044,409393471,60427,6,4,1,0,0,0,0,2420,1,1
6311,0,1,2,6311,409408312,409453792,45480,4,2,1,0,0,0,0,2420,1,1
6312,0,1,3,6312,409468636,409505216,36580,3,2,0,0,0,0,0,2420,1,1
6313,0,1,3,6313,409520057,409572988,52931,5,3,1,0,0,0,0,2420,1,1
6314,0,1,1,6314,409587828,409666095,78267,8,4,3,0,0,0,0,2420,1,1
6315,0,1,4,6315,409680943,409710053,29110,2,1,0,0,0,0,0,2420,1,1
6316,0,1,0,6316,409724898,409776380,51482,5,4,0,0,0,0,0,2420,1,1
6317,0,1,3,6317,409791228,409853080,61852,6,3,2,0,0,0,0,2420,1,1
6318,0,1,2,6318,409867922,409897010,29088,2,1,0,0,0,0,0,2420,1,1
6319,0,1,3,6319,409911851,410027437,115586,13,9,3,0,0,0,0,2420,1,1
6320,0,1,2,6320,410042281,410063911,21630,1,0,0,0,0,0,0,2420,1,1
6321,0,1,1,6321,410078752,410167340,88588,9,3,5,0,0,0,0,2420,1,1
6322,0,1,0,6322,410182188,410212734,30546,2,0,1,0,0,0,0,2420,1,1
6323,0,1,2,6323,410227587,410296890,69303,7,4,2,0,0,0,0,2420,1,1
6324,0,1,0,6324,410311731,410340842,29111,2,1,0,0,0,0,0,2420,1,1
6325,0,1,0,6325,410355695,410426462,70767,7,3,3,0,0,0,0,2420,1,1
6326,0,1,3,6326,410441311,410489700,48389,4,0,3,0,0,0,0,2420,1,1
6327,0,1,4,6327,410504544,410569301,64757,6,1,4,0,0,0,0,2420,1,1
6328,0,1,2,6328,410584145,410620690,36545,3,2,0,0,0,0,0,2420,1,1
6329,0,1,3,6329,410635536,410664622,29086,2,1,0,0,0,0,0,2420,1,1
6330,0,1,4,6330,410679463,410735302,55839,5,1,3,0,0,0,0,2420,1,1
6331,0,1,2,6331,410750143,410789616,39473,3,0,2,0,0,0,0,2420,1,1
6332,0,1,4,6332,410804461,410826084,21623,1,0,0,0,0,0,0,2420,1,1
6333,0,1,2,6333,410840926,410878917,37991,3,1,1,0,0,0,0,2420,1,1
6334,0,1,0,6334,410893761,410931785,38024,3,1,1,0,0,0,0,2420,1,1
6335,0,1,2,6335,410946636,410968262,21626,1,0,0,0,0,0,0,2420,1,1
6336,0,1,3,6336,410983103,411108994,125891,14,8,5,0,0,0,0,2420,1,1
6337,0,1,2,6337,411123841,411152936,29095,2,1,0,0,0,0,0,2420,1,1
6338,0,1,1,6338,411167777,411250651,82874,9,7,1,0,0,0,0,2420,1,1
6339,0,1,2,6339,411265503,411373540,108037,12,8,3,0,0,0,0,2420,1,1
6340,0,1,4,6340,411388384,411418915,30531,2,0,1,0,0,0,0,2420,1,1
6341,0,1,0,6341,411433760,411497069,63309,6,2,3,0,0,0,0,2420,1,1
6342,0,1,2,6342,411511918,411607989,96071,10,4,5,0,0,0,0,2420,1,1
6343,0,1,0,6343,411622835,411707072,84237,9,6,2,0,0,0,0,2420,1,1
6344,0,1,4,6344,411721925,411776339,54414,5,2,2,0,0,0,0,2420,1,1
6345,0,1,3,6345,411791179,411812808,21629,1,0,0,0,0,0,0,2420,1,1
6346,0,1,2,6346,411827648,411849274,21626,1,0,0,0,0,0,0,2420,1,1
6347,0,1,3,6347,411864119,411912503,48384,4,0,3,0,0,0,0,2420,1,1
6348,0,1,4,6348,411927348,411956435,29087,2,1,0,0,0,0,0,2420,1,1
6349,0,1,3,6349,411971276,412000381,29105,2,1,0,0,0,0,0,2420,1,1
6350,0,1,4,6350,412015225,412060699,45474,4,2,1,0,0,0,0,2420,1,1
6351,0,1,0,6351,412075544,412097186,21642,1,0,0,0,0,0,0,2420,1,1
6352,0,1,3,6352,412112035,412164970,52935,5,3,1,0,0,0,0,2420,1,1
6353,0,1,4,6353,412179811,412210351,30540,2,0,1,0,0,0,0,2420,1,1
6354,0,1,1,6354,412225196,412304917,79721,8,3,4,0,0,0,0,2420,1,1
6355,0,1,0,6355,412319766,412357775,38009,3,1,1,0,0,0,0,2420,1,1
6356,0,1,0,6356,412372624,412425577,52953,5,3,1,0,0,0,0,2420,1,1
6357,0,1,3,6357,412440426,412469515,29089,2,1,0,0,0,0,0,2420,1,1
6358,0,1,0,6358,412484361,412529848,45487,4,2,1,0,0,0,0,2420,1,1
6359,0,1,3,6359,412544700,412581248,36548,3,2,0,0,0,0,0,2420,1,1
6360,0,1,0,6360,412596093,412626645,30552,2,0,1,0,0,0,0,2420,1,1
6361,0,1,2,6361,412641493,412672028,30535,2,0,1,0,0,0,0,2420,1,1
6362,0,1,3,6362,412686873,412741238,54365,5,2,2,0,0,0,0,2420,1,1
6363,0,1,4,6363,412756082,412823973,67891,7,5,1,0,0,0,0,2420,1,1
6364,0,1,4,6364,412838813,412875358,36545,3,2,0,0,0,0,0,2420,1,1
6365,0,1,2,6365,412890199,412934215,44016,4,3,0,0,0,0,0,2420,1,1
6366,0,1,4,6366,412949056,413034769,85713,9,5,3,0,0,0,0,2420,1,1
6367,0,1,3,6367,413049610,413151698,102088,11,6,4,0,0,0,0,2420,1,1
6368,0,1,0,6368,413166546,413210576,44030,4,3,0,0,0,0,0,2420,1,1
6369,0,1,3,6369,413225429,413247054,21625,1,0,0,0,0,0,0,2420,1,1
6370,0,1,3,6370,413261895,413311891,49996,4,0,2,0,1,0,0,2420,1,1
6371,0,1,1,6371,413326737,413372254,45517,4,2,1,0,0,0,0,2420,1,1
6372,0,1,2,6372,413387106,413432562,45456,4,2,1,0,0,0,0,2420,1,1
6373,0,1,0,6373,413447406,413477963,30557,2,0,1,0,0,0,0,2420,1,1
6374,0,1,1,6374,413492816,413588830,96014,10,4,5,0,0,0,0,2420,1,1
6375,0,1,1,6375,413603684,413650615,46931,4,1,2,0,0,0,0,2420,1,1
6376,0,1,2,6376,413665472,413687099,21627,1,0,0,0,0,0,0,2420,1,1
6377,0,1,3,6377,413701939,413741407,39468,3,0,2,0,0,0,0,2420,1,1
6378,0,1,2,6378,413756253,413777878,21625,1,0,0,0,0,0,0,2420,1,1
6379,0,1,2,6379,413792719,413856008,63289,6,2,3,0,0,0,0,2420,1,1
6380,0,1,1,6380,413870849,413892490,21641,1,0,0,0,0,0,0,2420,1,1
6381,0,1,2,6381,413907342,413969214,61872,6,3,2,0,0,0,0,2420,1,1
6382,0,1,2,6382,413984059,414029528,45469,4,2,1,0,0,0,0,2420,1,1
6383,0,1,1,6383,414044373,414073479,29106,2,1,0,0,0,0,0,2420,1,1
6384,0,1,1,6384,414088328,414139835,51507,5,4,0,0,0,0,0,2420,1,1
6385,0,1,4,6385,414154688,414176314,21626,1,0,0,0,0,0,0,2420,1,1
6386,0,1,0,6386,414191155,414244104,52949,5,3,1,0,0,0,0,2420,1,1
6387,0,1,2,6387,414258953,414289503,30550,2,0,1,0,0,0,0,2420,1,1
6388,0,1,2,6388,414304348,414425709,121361,13,5,7,0,0,0,0,2420,1,1
6389,0,1,4,6389,414440553,414462179,21626,1,0,0,0,0,0,0,2420,1,1
6390,0,1,0,6390,414477023,414531408,54385,5,2,2,0,0,0,0,2420,1,1
6391,0,1,4,6391,414546262,414575354,29092,2,1,0,0,0,0,0,2420,1,1
6392,0,1,2,6392,414590195,414611821,21626,1,0,0,0,0,0,0,2420,1,1
6393,0,1,2,6393,414626666,414648291,21625,1,0,0,0,0,0,0,2420,1,1
6394,0,1,4,6394,414663134,414745908,82774,8,2,4,0,1,0,0,2420,1,1
6395,0,1,4,6395,414760749,414824064,63315,6,2,3,0,0,0,0,2420,1,1
6396,0,1,4,6396,414838905,414860532,21627,1,0,0,0,0,0,0,2420,1,1
6397,0,1,0,6397,414875376,414964198,88822,9,4,3,0,1,0,0,2420,1,1
6398,0,1,3,6398,414979047,415000672,21625,1,0,0,0,0,0,0,2420,1,1
6399,0,1,2,6399,415015517,415098277,82760,9,7,1,0,0,0,0,2420,1,1
6400,0,1,3,6400,415113119,415134745,21626,1,0,0,0,0,0,0,2420,1,1
6401,0,1,4,6401,415149586,415189045,39459,3,0,2,0,0,0,0,2420,1,1
6402,0,1,1,6402,415203890,415225531,21641,1,0,0,0,0,0,0,2420,1,1
6403,0,1,1,6403,415240380,415269493,29113,2,1,0,0,0,0,0,2420,1,1
6404,0,1,4,6404,415284346,415346191,61845,6,3,2,0,0,0,0,2420,1,1
6405,0,1,1,6405,415361032,415424363,63331,6,2,3,0,0,0,0,2420,1,1
6406,0,1,1,6406,415439212,415477246,38034,3,1,1,0,0,0,0,2420,1,1
6407,0,1,3,6407,415492095,415543584,51489,5,4,0,0,0,0,0,2420,1,1
6408,0,1,1,6408,415558434,415587529,29095,2,1,0,0,0,0,0,2420,1,1
6409,0,1,2,6409,415602389,415741790,139401,16,11,4,0,0,0,0,2420,1,1
6410,0,1,2,6410,415756651,415802082,45431,4,2,1,0,0,0,0,2420,1,1
6411,0,1,1,6411,415816939,415889323,72384,7,3,2,0,1,0,0,2420,1,1
6412,0,1,1,6412,415904188,415943646,39458,3,0,2,0,0,0,0,2420,1,1
6413,0,1,1,6413,415958507,415987598,29091,2,1,0,0,0,0,0,2420,1,1
6414,0,1,0,6414,416002459,416024105,21646,1,0,0,0,0,0,0,2420,1,1
6415,0,1,1,6415,416038965,416075534,36569,3,2,0,0,0,0,0,2420,1,1
6416,0,1,3,6416,416090395,416129827,39432,3,0,2,0,0,0,0,2420,1,1
6417,0,1,2,6417,416144683,416240773,96090,10,4,5,0,0,0,0,2420,1,1
6418,0,1,4,6418,416255632,416284711,29079,2,1,0,0,0,0,0,2420,1,1
6419,0,1,4,6419,416299564,416367444,67880,7,5,1,0,0,0,0,2420,1,1
6420,0,1,4,6420,416382297,416403927,21630,1,0,0,0,0,0,0,2420,1,1
6421,0,1,4,6421,416418780,416447890,29110,2,1,0,0,0,0,0,2420,1,1
6422,0,1,0,6422,416462742,416484388,21646,1,0,0,0,0,0,0,2420,1,1
6423,0,1,3,6423,416499249,416529783,30534,2,0,1,0,0,0,0,2420,1,1
6424,0,1,0,6424,416544640,416566282,21642,1,0,0,0,0,0,0,2420,1,1
6425,0,1,0,6425,416581143,416611687,30544,2,0,1,0,0,0,0,2420,1,1
6426,0,1,1,6426,416626552,416716862,90310,10,8,1,0,0,0,0,2420,1,1
6427,0,1,4,6427,416731724,416924884,193160,22,12,8,0,1,0,0,2420,1,1
6428,0,1,4,6428,416939741,416968823,29082,2,1,0,0,0,0,0,2420,1,1
6429,0,1,2,6429,416983679,417029150,45471,4,2,1,0,0,0,0,2420,1,1
6430,0,1,0,6430,417044007,417089492,45485,4,2,1,0,0,0,0,2420,1,1
6431,0,1,1,6431,417104357,417149801,45444,4,2,1,0,0,0,0,2420,1,1
6432,0,1,0,6432,417164666,417186308,21642,1,0,0,0,0,0,0,2420,1,1
6433,0,1,2,6433,417201168,417255527,54359,5,2,2,0,0,0,0,2420,1,1
6434,0,1,2,6434,417270380,417292006,21626,1,0,0,0,0,0,0,2420,1,1
6435,0,1,4,6435,417306862,417335965,29103,2,1,0,0,0,0,0,2420,1,1
6436,0,1,3,6436,417350818,417388840,38022,3,1,1,0,0,0,0,2420,1,1
6437,0,1,1,6437,417403697,417425338,21641,1,0,0,0,0,0,0,2420,1,1
6438,0,1,1,6438,417440199,417461841,21642,1,0,0,0,0,0,0,2420,1,1
6439,0,1,3,6439,417476705,417531065,54360,5,2,2,0,0,0,0,2420,1,1
6440,0,1,0,6440,417545918,417613765,67847,7,5,1,0,0,0,0,2420,1,1
6441,0,1,1,6441,417628614,417732242,103628,11,5,5,0,0,0,0,2420,1,1
6442,0,1,4,6442,417747097,417825386,78289,8,4,3,0,0,0,0,2420,1,1
6443,0,1,0,6443,417840226,417876806,36580,3,2,0,0,0,0,0,2420,1,1
6444,0,1,1,6444,417891655,417929687,38032,3,1,1,0,0,0,0,2420,1,1
6445,0,1,1,6445,417944540,417966181,21641,1,0,0,0,0,0,0,2420,1,1
6446,0,1,4,6446,417981030,418002656,21626,1,0,0,0,0,0,0,2420,1,1
6447,0,1,4,6447,418017500,418048029,30529,2,0,1,0,0,0,0,2420,1,1
6448,0,1,2,6448,418062875,418187159,124284,13,3,9,0,0,0,0,2420,1,1
6449,0,1,1,6449,418202002,418240027,38025,3,1,1,0,0,0,0,2420,1,1
6450,0,1,1,6450,418254880,418285438,30558,2,0,1,0,0,0,0,2420,1,1
6451,0,1,1,6451,418300287,418345806,45519,4,2,1,0,0,0,0,2420,1,1
6452,0,1,1,6452,418360655,418421054,60399,6,4,1,0,0,0,0,2420,1,1
6453,0,1,4,6453,418435907,418473923,38016,3,1,1,0,0,0,0,2420,1,1
6454,0,1,2,6454,418488764,418510390,21626,1,0,0,0,0,0,0,2420,1,1
6455,0,1,1,6455,418525234,418555786,30552,2,0,1,0,0,0,0,2420,1,1
6456,0,1,0,6456,418570635,418592276,21641,1,0,0,0,0,0,0,2420,1,1
6457,0,1,4,6457,418607128,418628754,21626,1,0,0,0,0,0,0,2420,1,1
6458,0,1,3,6458,418643599,418790514,146915,17,12,4,0,0,0,0,2420,1,1
6459,0,1,1,6459,418805364,418827005,21641,1,0,0,0,0,0,0,2420,1,1
6460,0,1,1,6460,418841854,418863499,21645,1,0,0,0,0,0,0,2420,1,1
6461,0,1,3,6461,418878349,418950561,72212,7,2,4,0,0,0,0,2420,1,1
6462,0,1,3,6462,418965407,418987032,21625,1,0,0,0,0,0,0,2420,1,1
6463,0,1,1,6463,419001874,419047354,45480,4,2,1,0,0,0,0,2420,1,1
6464,0,1,3,6464,419062203,419106272,44069,4,3,0,0,0,0,0,2420,1,1
6465,0,1,0,6465,419121114,419166646,45532,4,2,1,0,0,0,0,2420,1,1
6466,0,1,4,6466,419181495,419203124,21629,1,0,0,0,0,0,0,2420,1,1
6467,0,1,2,6467,419217966,419239591,21625,1,0,0,0,0,0,0,2420,1,1
6468,0,1,3,6468,419254436,419276062,21626,1,0,0,0,0,0,0,2420,1,1
6469,0,1,4,6469,419290903,419312529,21626,1,0,0,0,0,0,0,2420,1,1
6470,0,1,3,6470,419327374,419349000,21626,1,0,0,0,0,0,0,2420,1,1
6471,0,1,2,6471,419363845,419385471,21626,1,0,0,0,0,0,0,2420,1,1
6472,0,1,2,6472,419400319,419436880,36561,3,2,0,0,0,0,0,2420,1,1
6473,0,1,3,6473,419451733,419473363,21630,1,0,0,0,0,0,0,2420,1,1
6474,0,1,3,6474,419488215,419518749,30534,2,0,1,0,0,0,0,2420,1,1
6475,0,1,3,6475,419533606,419555232,21626,1,0,0,0,0,0,0,2420,1,1
6476,0,1,1,6476,419570085,419652911,82826,9,7,1,0,0,0,0,2420,1,1
6477,0,1,3,6477,419667771,419696860,29089,2,1,0,0,0,0,0,2420,1,1
6478,0,1,1,6478,419711713,419748294,36581,3,2,0,0,0,0,0,2420,1,1
6479,0,1,0,6479,419763158,419823563,60405,6,4,1,0,0,0,0,2420,1,1
6480,0,1,1,6480,419838424,419910672,72248,7,2,4,0,0,0,0,2420,1,1
6481,0,1,3,6481,419925536,419978482,52946,5,3,1,0,0,0,0,2420,1,1
6482,0,1,1,6482,419993339,420023894,30555,2,0,1,0,0,0,0,2420,1,1
6483,0,1,0,6483,420038755,420060397,21642,1,0,0,0,0,0,0,2420,1,1
6484,0,1,3,6484,420075261,420220487,145226,16,7,8,0,0,0,0,2420,1,1
6485,0,1,3,6485,420235347,420256973,21626,1,0,0,0,0,0,0,2420,1,1
6486,0,1,3,6486,420271825,420293455,21630,1,0,0,0,0,0,0,2420,1,1
6487,0,1,4,6487,420308308,420387936,79628,8,3,4,0,0,0,0,2420,1,1
6488,0,1,4,6488,420402793,420431888,29095,2,1,0,0,0,0,0,2420,1,1
6489,0,1,3,6489,420446745,420475828,29083,2,1,0,0,0,0,0,2420,1,1
6490,0,1,0,6490,420490681,420536189,45508,4,2,1,0,0,0,0,2420,1,1
6491,0,1,1,6491,420551049,420572690,21641,1,0,0,0,0,0,0,2420,1,1
6492,0,1,4,6492,420587554,420618110,30556,2,0,1,0,0,0,0,2420,1,1
6493,0,1,0,6493,420632962,420663509,30547,2,0,1,0,0,0,0,2420,1,1
6494,0,1,3,6494,420678369,420699995,21626,1,0,0,0,0,0,0,2420,1,1
6495,0,1,4,6495,420714852,420754287,39435,3,0,2,0,0,0,0,2420,1,1
6496,0,1,3,6496,420769140,420799692,30552,2,0,1,0,0,0,0,2420,1,1
6497,0,1,3,6497,420814549,420883859,69310,7,4,2,0,0,0,0,2420,1,1
6498,0,1,2,6498,420898713,420920338,21625,1,0,0,0,0,0,0,2420,1,1
6499,0,1,3,6499,420935196,421059670,124474,14,9,4,0,0,0,0,2420,1,1
6500,0,1,4,6500,421074530,421096156,21626,1,0,0,0,0,0,0,2420,1,1
6501,0,1,3,6501,421111009,421132634,21625,1,0,0,0,0,0,0,2420,1,1
6502,0,1,3,6502,421147491,421169117,21626,1,0,0,0,0,0,0,2420,1,1
6503,0,1,0,6503,421183974,421265336,81362,9,8,0,0,0,0,0,2420,1,1
6504,0,1,1,6504,421280197,421334610,54413,5,2,2,0,0,0,0,2420,1,1
6505,0,1,3,6505,421349471,421421682,72211,7,2,4,0,0,0,0,2420,1,1
6506,0,1,0,6506,421436539,421538661,102122,11,6,4,0,0,0,0,2420,1,1
6507,0,1,0,6507,421553529,421590123,36594,3,2,0,0,0,0,0,2420,1,1
6508,0,1,2,6508,421604988,421626614,21626,1,0,0,0,0,0,0,2420,1,1
6509,0,1,2,6509,421641467,421688393,46926,4,1,2,0,0,0,0,2420,1,1
6510,0,1,1,6510,421703247,421739814,36567,3,2,0,0,0,0,0,2420,1,1
6511,0,1,3,6511,421754679,421776304,21625,1,0,0,0,0,0,0,2420,1,1
6512,0,1,0,6512,421791157,421844129,52972,5,3,1,0,0,0,0,2420,1,1
6513,0,1,1,6513,421858990,421880631,21641,1,0,0,0,0,0,0,2420,1,1
6514,0,1,3,6514,421895496,421917121,21625,1,0,0,0,0,0,0,2420,1,1
6515,0,1,4,6515,421931974,422036941,104967,11,4,6,0,0,0,0,2420,1,1
6516,0,1,2,6516,422051796,422080907,29111,2,1,0,0,0,0,0,2420,1,1
6517,0,1,3,6517,422095764,422124855,29091,2,1,0,0,0,0,0,2420,1,1
6518,0,1,1,6518,422139708,422161350,21642,1,0,0,0,0,0,0,2420,1,1
6519,0,1,2,6519,422176215,422197840,21625,1,0,0,0,0,0,0,2420,1,1
6520,0,1,3,6520,422212693,422241785,29092,2,1,0,0,0,0,0,2420,1,1
6521,0,1,1,6521,422256641,422330519,73878,8,7,0,0,0,0,0,2420,1,1
6522,0,1,1,6522,422345384,422367025,21641,1,0,0,0,0,0,0,2420,1,1
6523,0,1,3,6523,422381887,422418445,36558,3,2,0,0,0,0,0,2420,1,1
6524,0,1,4,6524,422433301,422478777,45476,4,2,1,0,0,0,0,2420,1,1
6525,0,1,1,6525,422493634,422561484,67850,7,5,1,0,0,0,0,2420,1,1
6526,0,1,0,6526,422576349,422662067,85718,9,5,3,0,0,0,0,2420,1,1
6527,0,1,2,6527,422676932,422698558,21626,1,0,0,0,0,0,0,2420,1,1
6528,0,1,2,6528,422713415,422742515,29100,2,1,0,0,0,0,0,2420,1,1
6529,0,1,1,6529,422757371,422874382,117011,13,8,4,0,0,0,0,2420,1,1
6530,0,1,3,6530,422889244,422910870,21626,1,0,0,0,0,0,0,2420,1,1
6531,0,1,3,6531,422925727,422978650,52923,5,3,1,0,0,0,0,2420,1,1
6532,0,1,0,6532,422993507,423015149,21642,1,0,0,0,0,0,0,2420,1,1
6533,0,1,2,6533,423030010,423074020,44010,4,3,0,0,0,0,0,2420,1,1
6534,0,1,4,6534,423088873,423143258,54385,5,2,2,0,0,0,0,2420,1,1
6535,0,1,0,6535,423158111,423179752,21641,1,0,0,0,0,0,0,2420,1,1
6536,0,1,1,6536,423194614,423240103,45489,4,2,1,0,0,0,0,2420,1,1
6537,0,1,0,6537,423254965,423301935,46970,4,1,2,0,0,0,0,2420,1,1
6538,0,1,4,6538,423316795,423448741,131946,15,10,4,0,0,0,0,2420,1,1
6539,0,1,4,6539,423463599,423485229,21630,1,0,0,0,0,0,0,2420,1,1
6540,0,1,4,6540,423500077,423521707,21630,1,0,0,0,0,0,0,2420,1,1
6541,0,1,2,6541,423536559,423668251,131692,14,4,9,0,0,0,0,2420,1,1
6542,0,1,1,6542,423683106,423704752,21646,1,0,0,0,0,0,0,2420,1,1
6543,0,1,1,6543,423719608,423782899,63291,6,2,3,0,0,0,0,2420,1,1
6544,0,1,1,6544,423797756,423858141,60385,6,4,1,0,0,0,0,2420,1,1
6545,0,1,4,6545,423873001,423951236,78235,8,4,3,0,0,0,0,2420,1,1
6546,0,1,1,6546,423966089,423987735,21646,1,0,0,0,0,0,0,2420,1,1
6547,0,1,0,6547,424002592,424049564,46972,4,1,2,0,0,0,0,2420,1,1
6548,0,1,2,6548,424064425,424133741,69316,7,4,2,0,0,0,0,2420,1,1
6549,0,1,4,6549,424148590,424170220,21630,1,0,0,0,0,0,0,2420,1,1
6550,0,1,0,6550,424185073,424206719,21646,1,0,0,0,0,0,0,2420,1,1
6551,0,1,1,6551,424221575,424332599,111024,12,6,5,0,0,0,0,2420,1,1
6552,0,1,4,6552,424347462,424446670,99208,11,8,2,0,0,0,0,2420,1,1
6553,0,1,4,6553,424461521,424483155,21634,1,0,0,0,0,0,0,2420,1,1
6554,0,1,0,6554,424498004,424519649,21645,1,0,0,0,0,0,0,2420,1,1
6555,0,1,3,6555,424534510,424578515,44005,4,3,0,0,0,0,0,2420,1,1
6556,0,1,0,6556,424593368,424615014,21646,1,0,0,0,0,0,0,2420,1,1
6557,0,1,4,6557,424629872,424706722,76850,8,5,2,0,0,0,0,2420,1,1
6558,0,1,2,6558,424721571,424743204,21633,1,0,0,0,0,0,0,2420,1,1
6559,0,1,1,6559,424758053,424779699,21646,1,0,0,0,0,0,0,2420,1,1
6560,0,1,0,6560,424794559,424816205,21646,1,0,0,0,0,0,0,2420,1,1
6561,0,1,0,6561,424831062,424883998,52936,5,3,1,0,0,0,0,2420,1,1
6562,0,1,0,6562,424898854,424929414,30560,2,0,1,0,0,0,0,2420,1,1
6563,0,1,0,6563,424944274,424973402,29128,2,1,0,0,0,0,0,2420,1,1
6564,0,1,4,6564,424988259,425103810,115551,13,9,3,0,0,0,0,2420,1,1
6565,0,1,2,6565,425118662,425140291,21629,1,0,0,0,0,0,0,2420,1,1
6566,0,1,4,6566,425155145,425200593,45448,4,2,1,0,0,0,0,2420,1,1
6567,0,1,4,6567,425215446,425350331,134885,15,8,6,0,0,0,0,2420,1,1
6568,0,1,3,6568,425365187,425410671,45484,4,2,1,0,0,0,0,2420,1,1
6569,0,1,1,6569,425425524,425511225,85701,9,5,3,0,0,0,0,2420,1,1
6570,0,1,2,6570,425526086,425547715,21629,1,0,0,0,0,0,0,2420,1,1
6571,0,1,1,6571,425562564,425584213,21649,1,0,0,0,0,0,0,2420,1,1
6572,0,1,0,6572,425599069,425629648,30579,2,0,1,0,0,0,0,2420,1,1
6573,0,1,1,6573,425644508,425737684,93176,10,6,3,0,0,0,0,2420,1,1
6574,0,1,2,6574,425752543,425847166,94623,10,5,4,0,0,0,0,2420,1,1
6575,0,1,4,6575,425862016,425883650,21634,1,0,0,0,0,0,0,2420,1,1
6576,0,1,2,6576,425898499,425920129,21630,1,0,0,0,0,0,0,2420,1,1
6577,0,1,3,6577,425934982,425987876,52894,5,3,1,0,0,0,0,2420,1,1
6578,0,1,0,6578,426002724,426078038,75314,8,6,1,0,0,0,0,2420,1,1
6579,0,1,4,6579,426092899,426138385,45486,4,2,1,0,0,0,0,2420,1,1
6580,0,1,0,6580,426153234,426174880,21646,1,0,0,0,0,0,0,2420,1,1
6581,0,1,3,6581,426189737,426211367,21630,1,0,0,0,0,0,0,2420,1,1
6582,0,1,4,6582,426226221,426247850,21629,1,0,0,0,0,0,0,2420,1,1
6583,0,1,4,6583,426262700,426515393,252693,30,19,10,0,0,0,0,2420,1,1
6584,0,1,2,6584,426530248,426593553,63305,6,2,3,0,0,0,0,2420,1,1
6585,0,1,3,6585,426608401,426630031,21630,1,0,0,0,0,0,0,2420,1,1
6586,0,1,3,6586,426644884,426666513,21629,1,0,0,0,0,0,0,2420,1,1
6587,0,1,2,6587,426681362,426738697,57335,5,0,4,0,0,0,0,2420,1,1
6588,0,1,0,6588,426753549,426791561,38012,3,1,1,0,0,0,0,2420,1,1
6589,0,1,1,6589,426806422,426895009,88587,9,3,5,0,0,0,0,2420,1,1
6590,0,1,3,6590,426909866,426931496,21630,1,0,0,0,0,0,0,2420,1,1
6591,0,1,4,6591,426946349,427054411,108062,12,8,3,0,0,0,0,2420,1,1
6592,0,1,0,6592,427069263,427090908,21645,1,0,0,0,0,0,0,2420,1,1
6593,0,1,0,6593,427105769,427158745,52976,5,3,1,0,0,0,0,2420,1,1
6594,0,1,1,6594,427173605,427195251,21646,1,0,0,0,0,0,0,2420,1,1
6595,0,1,1,6595,427210108,427239212,29104,2,1,0,0,0,0,0,2420,1,1
6596,0,1,2,6596,427254073,427290612,36539,3,2,0,0,0,0,0,2420,1,1
6597,0,1,4,6597,427305465,427361328,55863,5,1,3,0,0,0,0,2420,1,1
6598,0,1,4,6598,427376180,427397810,21630,1,0,0,0,0,0,0,2420,1,1
6599,0,1,0,6599,427412658,427441760,29102,2,1,0,0,0,0,0,2420,1,1
6600,0,1,0,6600,427456621,427478267,21646,1,0,0,0,0,0,0,2420,1,1
6601,0,1,3,6601,427493127,427514757,21630,1,0,0,0,0,0,0,2420,1,1
6602,0,1,1,6602,427529606,427560168,30562,2,0,1,0,0,0,0,2420,1,1
6603,0,1,3,6603,427575029,427604114,29085,2,1,0,0,0,0,0,2420,1,1
6604,0,1,1,6604,427618963,427691210,72247,7,2,4,0,0,0,0,2420,1,1
6605,0,1,3,6605,427706071,427736624,30553,2,0,1,0,0,0,0,2420,1,1
6606,0,1,4,6606,427751473,427780558,29085,2,1,0,0,0,0,0,2420,1,1
6607,0,1,4,6607,427795412,427817041,21629,1,0,0,0,0,0,0,2420,1,1
6608,0,1,3,6608,427831889,427962435,130546,15,11,3,0,0,0,0,2420,1,1
6609,0,1,0,6609,427977292,428022774,45482,4,2,1,0,0,0,0,2420,1,1
6610,0,1,0,6610,428037632,428108479,70847,7,3,3,0,0,0,0,2420,1,1
6611,0,1,3,6611,428123340,428144970,21630,1,0,0,0,0,0,0,2420,1,1
6612,0,1,2,6612,428159819,428278302,118483,13,7,5,0,0,0,0,2420,1,1
6613,0,1,1,6613,428293157,428314803,21646,1,0,0,0,0,0,0,2420,1,1
6614,0,1,3,6614,428329659,428351289,21630,1,0,0,0,0,0,0,2420,1,1
6615,0,1,4,6615,428366141,428426548,60407,6,4,1,0,0,0,0,2420,1,1
6616,0,1,1,6616,428441396,428509324,67928,7,5,1,0,0,0,0,2420,1,1
6617,0,1,0,6617,428524185,428586045,61860,6,3,2,0,0,0,0,2420,1,1
6618,0,1,1,6618,428600902,428630030,29128,2,1,0,0,0,0,0,2420,1,1
6619,0,1,2,6619,428644891,428693263,48372,4,0,3,0,0,0,0,2420,1,1
6620,0,1,3,6620,428708112,428752171,44059,4,3,0,0,0,0,0,2420,1,1
6621,0,1,2,6621,428767023,428828883,61860,6,3,2,0,0,0,0,2420,1,1
6622,0,1,1,6622,428843735,428905615,61880,6,3,2,0,0,0,0,2420,1,1
6623,0,1,1,6623,428920472,429050824,130352,14,5,8,0,0,0,0,2420,1,1
6624,0,1,3,6624,429065688,429136448,70760,7,3,3,0,0,0,0,2420,1,1
6625,0,1,1,6625,429151296,429189352,38056,3,1,1,0,0,0,0,2420,1,1
6626,0,1,0,6626,429204213,429274993,70780,7,3,3,0,0,0,0,2420,1,1
6627,0,1,1,6627,429289851,429327871,38020,3,1,1,0,0,0,0,2420,1,1
6628,0,1,1,6628,429342727,429364377,21650,1,0,0,0,0,0,0,2420,1,1
6629,0,1,4,6629,429379233,429400863,21630,1,0,0,0,0,0,0,2420,1,1
6630,0,1,2,6630,429415717,429470128,54411,5,2,2,0,0,0,0,2420,1,1
6631,0,1,0,6631,429484981,429523020,38039,3,1,1,0,0,0,0,2420,1,1
6632,0,1,1,6632,429537878,429632592,94714,10,5,4,0,0,0,0,2420,1,1
6633,0,1,0,6633,429647455,429684027,36572,3,2,0,0,0,0,0,2420,1,1
6634,0,1,0,6634,429698884,429735460,36576,3,2,0,0,0,0,0,2420,1,1
6635,0,1,2,6635,429750318,429771947,21629,1,0,0,0,0,0,0,2420,1,1
6636,0,1,3,6636,429786799,429817331,30532,2,0,1,0,0,0,0,2420,1,1
6637,0,1,0,6637,429832179,429914979,82800,9,7,1,0,0,0,0,2420,1,1
6638,0,1,2,6638,429929836,429958929,29093,2,1,0,0,0,0,0,2420,1,1
6639,0,1,2,6639,429973782,430011766,37984,3,1,1,0,0,0,0,2420,1,1
6640,0,1,3,6640,430026619,430089947,63328,6,2,3,0,0,0,0,2420,1,1
6641,0,1,3,6641,430104801,430141389,36588,3,2,0,0,0,0,0,2420,1,1
6642,0,1,2,6642,430156242,430177872,21630,1,0,0,0,0,0,0,2420,1,1
6643,0,1,1,6643,430192720,430269545,76825,8,5,2,0,0,0,0,2420,1,1
6644,0,1,0,6644,430284407,430337329,52922,5,3,1,0,0,0,0,2420,1,1
6645,0,1,4,6645,430352186,430427497,75311,8,6,1,0,0,0,0,2420,1,1
6646,0,1,1,6646,430442346,430520604,78258,8,4,3,0,0,0,0,2420,1,1
6647,0,1,3,6647,430535465,430564562,29097,2,1,0,0,0,0,0,2420,1,1
6648,0,1,4,6648,430579411,430639805,60394,6,4,1,0,0,0,0,2420,1,1
6649,0,1,4,6649,430654658,430701602,46944,4,1,2,0,0,0,0,2420,1,1
6650,0,1,2,6650,430716455,430753047,36592,3,2,0,0,0,0,0,2420,1,1
6651,0,1,0,6651,430767895,430910251,142356,16,9,6,0,0,0,0,2420,1,1
6652,0,1,1,6652,430925114,430986989,61875,6,3,2,0,0,0,0,2420,1,1
6653,0,1,1,6653,431001846,431074053,72207,7,2,4,0,0,0,0,2420,1,1
6654,0,1,2,6654,431088909,431110539,21630,1,0,0,0,0,0,0,2420,1,1
6655,0,1,0,6655,431125392,431147037,21645,1,0,0,0,0,0,0,2420,1,1
6656,0,1,3,6656,431161894,431293956,132062,15,10,4,0,0,0,0,2420,1,1
6657,0,1,1,6657,431308810,431330455,21645,1,0,0,0,0,0,0,2420,1,1
6658,0,1,1,6658,431345316,431366961,21645,1,0,0,0,0,0,0,2420,1,1
6659,0,1,0,6659,431381819,431449675,67856,7,5,1,0,0,0,0,2420,1,1
6660,0,1,1,6660,431464536,431486181,21645,1,0,0,0,0,0,0,2420,1,1
6661,0,1,3,6661,431501039,431625463,124424,14,9,4,0,0,0,0,2420,1,1
6662,0,1,2,6662,431640315,431661944,21629,1,0,0,0,0,0,0,2420,1,1
6663,0,1,0,6663,431676796,431698441,21645,1,0,0,0,0,0,0,2420,1,1
6664,0,1,0,6664,431713302,431743872,30570,2,0,1,0,0,0,0,2420,1,1
6665,0,1,1,6665,431758720,431789298,30578,2,0,1,0,0,0,0,2420,1,1
6666,0,1,4,6666,431804151,431834679,30528,2,0,1,0,0,0,0,2420,1,1
6667,0,1,0,6667,431849520,431886072,36552,3,2,0,0,0,0,0,2420,1,1
6668,0,1,0,6668,431900921,431922562,21641,1,0,0,0,0,0,0,2420,1,1
6669,0,1,4,6669,431937415,432015798,78383,8,5,1,0,1,0,0,2420,1,1
6670,0,1,1,6670,432030639,432077619,46980,4,1,2,0,0,0,0,2420,1,1
6671,0,1,1,6671,432092468,432121581,29113,2,1,0,0,0,0,0,2420,1,1
6672,0,1,0,6672,432136435,432193724,57289,5,0,4,0,0,0,0,2420,1,1
6673,0,1,3,6673,432208573,432230199,21626,1,0,0,0,0,0,0,2420,1,1
6674,0,1,4,6674,432245044,432275586,30542,2,0,1,0,0,0,0,2420,1,1
6675,0,1,4,6675,432290427,432344889,54462,5,2,2,0,0,0,0,2420,1,1
6676,0,1,2,6676,432359730,432381356,21626,1,0,0,0,0,0,0,2420,1,1
6677,0,1,0,6677,432396202,432425312,29110,2,1,0,0,0,0,0,2420,1,1
6678,0,1,2,6678,432440161,432470710,30549,2,0,1,0,0,0,0,2420,1,1
6679,0,1,1,6679,432485555,432523583,38028,3,1,1,0,0,0,0,2420,1,1
6680,0,1,3,6680,432538432,432659986,121554,13,6,5,0,1,0,0,2420,1,1
6681,0,1,0,6681,432674834,432712874,38040,3,1,1,0,0,0,0,2420,1,1
6682,0,1,2,6682,432727723,432749348,21625,1,0,0,0,0,0,0,2420,1,1
6683,0,1,3,6683,432764193,432794721,30528,2,0,1,0,0,0,0,2420,1,1
6684,0,1,4,6684,432809562,432831188,21626,1,0,0,0,0,0,0,2420,1,1
6685,0,1,2,6685,432846033,432919724,73691,7,1,5,0,0,0,0,2420,1,1
6686,0,1,3,6686,432934569,432956195,21626,1,0,0,0,0,0,0,2420,1,1
6687,0,1,4,6687,432971036,433164003,192967,22,11,10,0,0,0,0,2420,1,1
6688,0,1,2,6688,433178851,433200476,21625,1,0,0,0,0,0,0,2420,1,1
6689,0,1,4,6689,433215321,433305585,90264,10,8,1,0,0,0,0,2420,1,1
6690,0,1,1,6690,433320428,433342069,21641,1,0,0,0,0,0,0,2420,1,1
6691,0,1,2,6691,433356921,433409851,52930,5,3,1,0,0,0,0,2420,1,1
6692,0,1,3,6692,433424696,433487987,63291,6,2,3,0,0,0,0,2420,1,1
6693,0,1,2,6693,433502832,433524457,21625,1,0,0,0,0,0,0,2420,1,1
6694,0,1,3,6694,433539299,433593701,54402,5,2,2,0,0,0,0,2420,1,1
6695,0,1,3,6695,433608542,433677858,69316,7,4,2,0,0,0,0,2420,1,1
6696,0,1,0,6696,433692703,433741105,48402,4,0,3,0,0,0,0,2420,1,1
6697,0,1,4,6697,433755959,433777584,21625,1,0,0,0,0,0,0,2420,1,1
6698,0,1,3,6698,433792425,433830473,38048,3,1,1,0,0,0,0,2420,1,1
6699,0,1,1,6699,433845318,433899680,54362,5,2,2,0,0,0,0,2420,1,1
6700,0,1,0,6700,433914533,434000243,85710,9,5,3,0,0,0,0,2420,1,1
6701,0,1,4,6701,434015096,434097961,82865,9,7,1,0,0,0,0,2420,1,1
6702,0,1,1,6702,434112806,434134448,21642,1,0,0,0,0,0,0,2420,1,1
6703,0,1,2,6703,434149296,434187286,37990,3,1,1,0,0,0,0,2420,1,1
6704,0,1,0,6704,434202127,434280438,78311,8,4,3,0,0,0,0,2420,1,1
6705,0,1,2,6705,434295292,434333273,37981,3,1,1,0,0,0,0,2420,1,1
6706,0,1,2,6706,434348114,434432341,84227,9,6,2,0,0,0,0,2420,1,1
6707,0,1,4,6707,434447186,434468812,21626,1,0,0,0,0,0,0,2420,1,1
6708,0,1,0,6708,434483658,434505295,21637,1,0,0,0,0,0,0,2420,1,1
6709,0,1,0,6709,434520144,434550698,30554,2,0,1,0,0,0,0,2420,1,1
6710,0,1,4,6710,434565551,434594633,29082,2,1,0,0,0,0,0,2420,1,1
6711,0,1,4,6711,434609474,434638554,29080,2,1,0,0,0,0,0,2420,1,1
6712,0,1,1,6712,434653400,434722700,69300,7,4,2,0,0,0,0,2420,1,1
6713,0,1,4,6713,434737553,434829318,91765,10,7,2,0,0,0,0,2420,1,1
6714,0,1,1,6714,434844165,434865806,21641,1,0,0,0,0,0,0,2420,1,1
6715,0,1,0,6715,434880655,434951439,70784,7,3,3,0,0,0,0,2420,1,1
6716,0,1,2,6716,434966291,434987917,21626,1,0,0,0,0,0,0,2420,1,1
6717,0,1,1,6717,435002761,435057161,54400,5,2,2,0,0,0,0,2420,1,1
6718,0,1,2,6718,435072010,435136819,64809,6,1,4,0,0,0,0,2420,1,1
6719,0,1,3,6719,435151660,435206049,54389,5,2,2,0,0,0,0,2420,1,1
6720,0,1,3,6720,435220890,435242515,21625,1,0,0,0,0,0,0,2420,1,1
6721,0,1,4,6721,435257360,435278987,21627,1,0,0,0,0,0,0,2420,1,1
6722,0,1,0,6722,435293832,435322933,29101,2,1,0,0,0,0,0,2420,1,1
6723,0,1,2,6723,435337783,435423499,85716,9,5,3,0,0,0,0,2420,1,1
6724,0,1,0,6724,435438340,435467434,29094,2,1,0,0,0,0,0,2420,1,1
6725,0,1,2,6725,435482284,435512822,30538,2,0,1,0,0,0,0,2420,1,1
6726,0,1,0,6726,435527663,435556762,29099,2,1,0,0,0,0,0,2420,1,1
6727,0,1,3,6727,435571610,435636400,64790,6,1,4,0,0,0,0,2420,1,1
6728,0,1,0,6728,435651245,435681817,30572,2,0,1,0,0,0,0,2420,1,1
6729,0,1,1,6729,435696670,435742156,45486,4,2,1,0,0,0,0,2420,1,1
6730,0,1,0,6730,435757009,435778650,21641,1,0,0,0,0,0,0,2420,1,1
6731,0,1,2,6731,435793503,435815129,21626,1,0,0,0,0,0,0,2420,1,1
6732,0,1,3,6732,435829970,435915650,85680,9,5,3,0,0,0,0,2420,1,1
6733,0,1,3,6733,435930491,435974490,43999,4,3,0,0,0,0,0,2420,1,1
6734,0,1,1,6734,435989330,436010972,21642,1,0,0,0,0,0,0,2420,1,1
6735,0,1,1,6735,436025825,436095168,69343,7,4,2,0,0,0,0,2420,1,1
6736,0,1,3,6736,436110016,436139112,29096,2,1,0,0,0,0,0,2420,1,1
6737,0,1,0,6737,436153957,436233652,79695,8,3,4,0,0,0,0,2420,1,1
6738,0,1,2,6738,436248502,436293998,45496,4,2,1,0,0,0,0,2420,1,1
6739,0,1,0,6739,436308839,436337960,29121,2,1,0,0,0,0,0,2420,1,1
6740,0,1,1,6740,436352813,436374454,21641,1,0,0,0,0,0,0,2420,1,1
6741,0,1,4,6741,436389303,436452598,63295,6,2,3,0,0,0,0,2420,1,1
6742,0,1,2,6742,436467442,436489068,21626,1,0,0,0,0,0,0,2420,1,1
6743,0,1,4,6743,436503913,436543373,39460,3,0,2,0,0,0,0,2420,1,1
6744,0,1,1,6744,436558214,436642527,84313,9,6,2,0,0,0,0,2420,1,1
6745,0,1,2,6745,436657380,436702807,45427,4,2,1,0,0,0,0,2420,1,1
6746,0,1,3,6746,436717648,436779531,61883,6,3,2,0,0,0,0,2420,1,1
6747,0,1,0,6747,436794376,436823504,29128,2,1,0,0,0,0,0,2420,1,1
6748,0,1,3,6748,436838353,436859978,21625,1,0,0,0,0,0,0,2420,1,1
6749,0,1,2,6749,436874824,436944170,69346,7,4,2,0,0,0,0,2420,1,1
6750,0,1,0,6750,436959011,436989572,30561,2,0,1,0,0,0,0,2420,1,1
6751,0,1,3,6751,437004425,437033506,29081,2,1,0,0,0,0,0,2420,1,1
6752,0,1,4,6752,437048347,437114577,66230,6,0,5,0,0,0,0,2420,1,1
6753,0,1,3,6753,437129418,437167428,38010,3,1,1,0,0,0,0,2420,1,1
6754,0,1,2,6754,437182269,437211350,29081,2,1,0,0,0,0,0,2420,1,1
6755,0,1,4,6755,437226195,437262747,36552,3,2,0,0,0,0,0,2420,1,1
6756,0,1,0,6756,437277591,437314179,36588,3,2,0,0,0,0,0,2420,1,1
6757,0,1,1,6757,437329028,437375981,46953,4,1,2,0,0,0,0,2420,1,1
6758,0,1,4,6758,437390830,437483970,93140,10,6,3,0,0,0,0,2420,1,1
6759,0,1,1,6759,437498813,437527930,29117,2,1,0,0,0,0,0,2420,1,1
6760,0,1,3,6760,437542787,437601771,58984,6,5,0,0,0,0,0,2420,1,1
6761,0,1,4,6761,437616616,437647160,30544,2,0,1,0,0,0,0,2420,1,1
6762,0,1,0,6762,437662001,437683647,21646,1,0,0,0,0,0,0,2420,1,1
6763,0,1,0,6763,437698495,437727617,29122,2,1,0,0,0,0,0,2420,1,1
6764,0,1,4,6764,437742466,437764096,21630,1,0,0,0,0,0,0,2420,1,1
6765,0,1,4,6765,437778937,437825851,46914,4,1,2,0,0,0,0,2420,1,1
6766,0,1,4,6766,437840693,437862318,21625,1,0,0,0,0,0,0,2420,1,1
6767,0,1,0,6767,437877163,437943582,66419,7,6,0,0,0,0,0,2420,1,1
6768,0,1,3,6768,437958432,437994976,36544,3,2,0,0,0,0,0,2420,1,1
6769,0,1,4,6769,438009817,438080561,70744,7,3,3,0,0,0,0,2420,1,1
6770,0,1,3,6770,438095406,438124491,29085,2,1,0,0,0,0,0,2420,1,1
6771,0,1,4,6771,438139332,438183386,44054,4,3,0,0,0,0,0,2420,1,1
6772,0,1,0,6772,438198227,438219868,21641,1,0,0,0,0,0,0,2420,1,1
6773,0,1,0,6773,438234721,438278732,44011,4,3,0,0,0,0,0,2420,1,1
6774,0,1,4,6774,438293585,438315211,21626,1,0,0,0,0,0,0,2420,1,1
6775,0,1,4,6775,438330052,438382973,52921,5,3,1,0,0,0,0,2420,1,1
6776,0,1,0,6776,438397813,438444748,46935,4,1,2,0,0,0,0,2420,1,1
6777,0,1,4,6777,438459597,438497606,38009,3,1,1,0,0,0,0,2420,1,1
6778,0,1,4,6778,438512446,438534076,21630,1,0,0,0,0,0,0,2420,1,1
6779,0,1,2,6779,438548917,438570543,21626,1,0,0,0,0,0,0,2420,1,1
6780,0,1,2,6780,438585387,438614492,29105,2,1,0,0,0,0,0,2420,1,1
6781,0,1,0,6781,438629333,438650974,21641,1,0,0,0,0,0,0,2420,1,1
6782,0,1,0,6782,438665828,438712763,46935,4,1,2,0,0,0,0,2420,1,1
6783,0,1,3,6783,438727612,438749238,21626,1,0,0,0,0,0,0,2420,1,1
6784,0,1,3,6784,438764083,438802101,38018,3,1,1,0,0,0,0,2420,1,1
6785,0,1,2,6785,438816946,438854920,37974,3,1,1,0,0,0,0,2420,1,1
6786,0,1,3,6786,438869761,438931620,61859,6,3,2,0,0,0,0,2420,1,1
6787,0,1,0,6787,438946465,438968106,21641,1,0,0,0,0,0,0,2420,1,1
6788,0,1,1,6788,438982954,439020946,37992,3,1,1,0,0,0,0,2420,1,1
6789,0,1,2,6789,439035798,439090221,54423,5,2,2,0,0,0,0,2420,1,1
6790,0,1,1,6790,439105068,439175888,70820,7,3,3,0,0,0,0,2420,1,1
6791,0,1,1,6791,439190736,439236232,45496,4,2,1,0,0,0,0,2420,1,1
6792,0,1,4,6792,439251085,439303983,52898,5,3,1,0,0,0,0,2420,1,1
6793,0,1,4,6793,439318832,439388193,69361,7,4,2,0,0,0,0,2420,1,1
6794,0,1,4,6794,439403046,439457429,54383,5,2,2,0,0,0,0,2420,1,1
6795,0,1,2,6795,439472278,439525180,52902,5,3,1,0,0,0,0,2420,1,1
6796,0,1,2,6796,439540030,439625710,85680,9,5,3,0,0,0,0,2420,1,1
6797,0,1,1,6797,439640560,439662205,21645,1,0,0,0,0,0,0,2420,1,1
6798,0,1,2,6798,439677066,439706179,29113,2,1,0,0,0,0,0,2420,1,1
6799,0,1,2,6799,439721029,439760501,39472,3,0,2,0,0,0,0,2420,1,1
6800,0,1,3,6800,439775354,439844668,69314,7,4,2,0,0,0,0,2420,1,1
6801,0,1,3,6801,439859518,439881147,21629,1,0,0,0,0,0,0,2420,1,1
6802,0,1,2,6802,439896001,440047185,151184,17,9,7,0,0,0,0,2420,1,1
6803,0,1,1,6803,440062037,440100069,38032,3,1,1,0,0,0,0,2420,1,1
6804,0,1,1,6804,440114930,440175361,60431,6,4,1,0,0,0,0,2420,1,1
6805,0,1,1,6805,440190219,440226809,36590,3,2,0,0,0,0,0,2420,1,1
6806,0,1,2,6806,440241666,440310987,69321,7,4,2,0,0,0,0,2420,1,1
6807,0,1,1,6807,440325841,440356390,30549,2,0,1,0,0,0,0,2420,1,1
6808,0,1,3,6808,440371247,440392881,21634,1,0,0,0,0,0,0,2420,1,1
6809,0,1,1,6809,440407729,440436825,29096,2,1,0,0,0,0,0,2420,1,1
6810,0,1,2,6810,440451683,440507539,55856,5,1,3,0,0,0,0,2420,1,1
6811,0,1,0,6811,440522388,440551489,29101,2,1,0,0,0,0,0,2420,1,1
6812,0,1,1,6812,440566350,440614727,48377,4,0,3,0,0,0,0,2420,1,1
6813,0,1,1,6813,440629584,440685443,55859,5,1,3,0,0,0,0,2420,1,1
6814,0,1,1,6814,440700300,440738318,38018,3,1,1,0,0,0,0,2420,1,1
6815,0,1,0,6815,440753175,440774821,21646,1,0,0,0,0,0,0,2420,1,1
6816,0,1,3,6816,440789677,440835145,45468,4,2,1,0,0,0,0,2420,1,1
6817,0,1,2,6817,440849994,440888019,38025,3,1,1,0,0,0,0,2420,1,1
6818,0,1,0,6818,440902870,440924516,21646,1,0,0,0,0,0,0,2420,1,1
6819,0,1,0,6819,440939373,440984823,45450,4,2,1,0,0,0,0,2420,1,1
6820,0,1,4,6820,440999679,441039150,39471,3,0,2,0,0,0,0,2420,1,1
6821,0,1,2,6821,441054003,441084542,30539,2,0,1,0,0,0,0,2420,1,1
6822,0,1,0,6822,441099392,441137415,38023,3,1,1,0,0,0,0,2420,1,1
6823,0,1,4,6823,441152272,441190276,38004,3,1,1,0,0,0,0,2420,1,1
6824,0,1,2,6824,441205128,441275914,70786,7,3,3,0,0,0,0,2420,1,1
6825,0,1,4,6825,441290763,441319853,29090,2,1,0,0,0,0,0,2420,1,1
6826,0,1,4,6826,441334707,441395111,60404,6,4,1,0,0,0,0,2420,1,1
6827,0,1,0,6827,441409960,441431604,21644,1,0,0,0,0,0,0,2420,1,1
6828,0,1,4,6828,441446466,441468095,21629,1,0,0,0,0,0,0,2420,1,1
6829,0,1,1,6829,441482947,441504593,21646,1,0,0,0,0,0,0,2420,1,1
6830,0,1,1,6830,441519450,441572430,52980,5,3,1,0,0,0,0,2420,1,1
6831,0,1,3,6831,441587291,441608921,21630,1,0,0,0,0,0,0,2420,1,1
6832,0,1,1,6832,441623774,441645420,21646,1,0,0,0,0,0,0,2420,1,1
6833,0,1,0,6833,441660276,441737043,76767,8,5,2,0,0,0,0,2420,1,1
6834,0,1,3,6834,441751900,441879337,127437,14,7,6,0,0,0,0,2420,1,1
6835,0,1,4,6835,441894192,441915822,21630,1,0,0,0,0,0,0,2420,1,1
6836,0,1,0,6836,441930671,441977626,46955,4,1,2,0,0,0,0,2420,1,1
6837,0,1,1,6837,441992482,442046849,54367,5,2,2,0,0,0,0,2420,1,1
6838,0,1,2,6838,442061705,442123598,61893,6,3,2,0,0,0,0,2420,1,1
6839,0,1,1,6839,442138448,442191410,52962,5,3,1,0,0,0,0,2420,1,1
6840,0,1,2,6840,442206271,442284539,78268,8,4,3,0,0,0,0,2420,1,1
6841,0,1,3,6841,442299389,442359790,60401,6,4,1,0,0,0,0,2420,1,1
6842,0,1,2,6842,442374643,442412635,37992,3,1,1,0,0,0,0,2420,1,1
6843,0,1,3,6843,442427488,442456569,29081,2,1,0,0,0,0,0,2420,1,1
6844,0,1,4,6844,442471418,442493052,21634,1,0,0,0,0,0,0,2420,1,1
6845,0,1,3,6845,442507901,442537002,29101,2,1,0,0,0,0,0,2420,1,1
6846,0,1,3,6846,442551851,442606253,54402,5,2,2,0,0,0,0,2420,1,1
6847,0,1,1,6847,442621103,442657648,36545,3,2,0,0,0,0,0,2420,1,1
6848,0,1,2,6848,442672506,442804314,131808,14,4,9,0,0,0,0,2420,1,1
6849,0,1,2,6849,442819166,442840795,21629,1,0,0,0,0,0,0,2420,1,1
6850,0,1,2,6850,442855649,442918949,63300,6,2,3,0,0,0,0,2420,1,1
6851,0,1,3,6851,442933802,442955431,21629,1,0,0,0,0,0,0,2420,1,1
6852,0,1,2,6852,442970280,442991910,21630,1,0,0,0,0,0,0,2420,1,1
6853,0,1,2,6853,443006762,443046213,39451,3,0,2,0,0,0,0,2420,1,1
6854,0,1,2,6854,443061061,443107970,46909,4,1,2,0,0,0,0,2420,1,1
6855,0,1,0,6855,443122823,443174326,51503,5,4,0,0,0,0,0,2420,1,1
6856,0,1,0,6856,443189183,443210828,21645,1,0,0,0,0,0,0,2420,1,1
6857,0,1,4,6857,443225681,443347129,121448,13,5,7,0,0,0,0,2420,1,1
6858,0,1,2,6858,443361973,443423895,61922,6,3,2,0,0,0,0,2420,1,1
6859,0,1,2,6859,443438736,443500636,61900,6,3,2,0,0,0,0,2420,1,1
6860,0,1,3,6860,443515481,443601179,85698,9,5,3,0,0,0,0,2420,1,1
6861,0,1,1,6861,443616025,443637666,21641,1,0,0,0,0,0,0,2420,1,1
6862,0,1,1,6862,443652515,443674161,21646,1,0,0,0,0,0,0,2420,1,1
6863,0,1,2,6863,443689009,443710635,21626,1,0,0,0,0,0,0,2420,1,1
6864,0,1,0,6864,443725480,443747121,21641,1,0,0,0,0,0,0,2420,1,1
6865,0,1,0,6865,443761970,443850612,88642,9,3,5,0,0,0,0,2420,1,1
6866,0,1,1,6866,443865465,443894556,29091,2,1,0,0,0,0,0,2420,1,1
6867,0,1,0,6867,443909406,443931047,21641,1,0,0,0,0,0,0,2420,1,1
6868,0,1,3,6868,443945900,443991352,45452,4,2,1,0,0,0,0,2420,1,1
6869,0,1,3,6869,444006197,444149954,143757,16,8,7,0,0,0,0,2420,1,1
6870,0,1,2,6870,444164802,444208842,44040,4,3,0,0,0,0,0,2420,1,1
6871,0,1,1,6871,444223687,444261729,38042,3,1,1,0,0,0,0,2420,1,1
6872,0,1,2,6872,444276582,444307110,30528,2,0,1,0,0,0,0,2420,1,1
6873,0,1,3,6873,444321951,444352485,30534,2,0,1,0,0,0,0,2420,1,1
6874,0,1,2,6874,444367329,444388955,21626,1,0,0,0,0,0,0,2420,1,1
6875,0,1,1,6875,444403800,444473132,69332,7,4,2,0,0,0,0,2420,1,1
6876,0,1,1,6876,444487982,444509623,21641,1,0,0,0,0,0,0,2420,1,1
6877,0,1,3,6877,444524477,444555009,30532,2,0,1,0,0,0,0,2420,1,1
6878,0,1,2,6878,444569851,444606418,36567,3,2,0,0,0,0,0,2420,1,1
6879,0,1,0,6879,444621260,444668194,46934,4,1,2,0,0,0,0,2420,1,1
6880,0,1,4,6880,444683044,444712121,29077,2,1,0,0,0,0,0,2420,1,1
6881,0,1,1,6881,444726966,444781402,54436,5,2,2,0,0,0,0,2420,1,1
6882,0,1,4,6882,444796254,444835739,39485,3,0,2,0,0,0,0,2420,1,1
6883,0,1,4,6883,444850580,444904976,54396,5,2,2,0,0,0,0,2420,1,1
6884,0,1,4,6884,444919817,444941443,21626,1,0,0,0,0,0,0,2420,1,1
6885,0,1,3,6885,444956288,444986832,30544,2,0,1,0,0,0,0,2420,1,1
6886,0,1,1,6886,445001672,445032241,30569,2,0,1,0,0,0,0,2420,1,1
6887,0,1,1,6887,445047094,445126799,79705,8,3,4,0,0,0,0,2420,1,1
6888,0,1,0,6888,445141652,445179680,38028,3,1,1,0,0,0,0,2420,1,1
6889,0,1,4,6889,445194533,445248922,54389,5,2,2,0,0,0,0,2420,1,1
6890,0,1,0,6890,445263767,445479052,215285,25,14,10,0,0,0,0,2420,1,1
6891,0,1,1,6891,445493911,445624424,130513,15,11,3,0,0,0,0,2420,1,1
6892,0,1,2,6892,445639278,445668388,29110,2,1,0,0,0,0,0,2420,1,1
6893,0,1,4,6893,445683231,445743637,60406,6,4,1,0,0,0,0,2420,1,1
6894,0,1,4,6894,445758478,445882934,124456,14,9,4,0,0,0,0,2420,1,1
6895,0,1,2,6895,445897778,445946148,48370,4,0,3,0,0,0,0,2420,1,1
6896,0,1,1,6896,445960989,445990108,29119,2,1,0,0,0,0,0,2420,1,1
6897,0,1,2,6897,446004961,446050398,45437,4,2,1,0,0,0,0,2420,1,1
6898,0,1,1,6898,446065243,446118226,52983,5,3,1,0,0,0,0,2420,1,1
6899,0,1,1,6899,446133075,446218769,85694,9,5,3,0,0,0,0,2420,1,1
6900,0,1,0,6900,446233622,446271631,38009,3,1,1,0,0,0,0,2420,1,1
6901,0,1,1,6901,446286484,446308125,21641,1,0,0,0,0,0,0,2420,1,1
6902,0,1,0,6902,446322977,446386290,63313,6,2,3,0,0,0,0,2420,1,1
6903,0,1,3,6903,446401140,446422769,21629,1,0,0,0,0,0,0,2420,1,1
6904,0,1,0,6904,446437610,446475640,38030,3,1,1,0,0,0,0,2420,1,1
6905,0,1,4,6905,446490489,446576190,85701,9,5,3,0,0,0,0,2420,1,1
6906,0,1,2,6906,446591031,446629028,37997,3,1,1,0,0,0,0,2420,1,1
6907,0,1,4,6907,446643873,446665499,21626,1,0,0,0,0,0,0,2420,1,1
6908,0,1,0,6908,446680340,446742246,61906,6,3,2,0,0,0,0,2420,1,1
6909,0,1,0,6909,446757099,446812975,55876,5,1,3,0,0,0,0,2420,1,1
6910,0,1,2,6910,446827824,446871853,44029,4,3,0,0,0,0,0,2420,1,1
6911,0,1,3,6911,446886697,446924712,38015,3,1,1,0,0,0,0,2420,1,1
6912,0,1,0,6912,446939552,446995430,55878,5,1,3,0,0,0,0,2420,1,1
6913,0,1,1,6913,447010279,447039376,29097,2,1,0,0,0,0,0,2420,1,1
6914,0,1,0,6914,447054228,447125031,70803,7,3,3,0,0,0,0,2420,1,1
6915,0,1,4,6915,447139880,447161505,21625,1,0,0,0,0,0,0,2420,1,1
6916,0,1,2,6916,447176350,447197975,21625,1,0,0,0,0,0,0,2420,1,1
6917,0,1,1,6917,447212820,447250824,38004,3,1,1,0,0,0,0,2420,1,1
6918,0,1,2,6918,447265677,447378124,112447,12,5,6,0,0,0,0,2420,1,1
6919,0,1,0,6919,447392971,447414612,21641,1,0,0,0,0,0,0,2420,1,1
6920,0,1,4,6920,447429465,447451095,21630,1,0,0,0,0,0,0,2420,1,1
6921,0,1,0,6921,447465940,447503936,37996,3,1,1,0,0,0,0,2420,1,1
6922,0,1,3,6922,447518784,447558226,39442,3,0,2,0,0,0,0,2420,1,1
6923,0,1,4,6923,447573067,447609637,36570,3,2,0,0,0,0,0,2420,1,1
6924,0,1,2,6924,447624482,447646104,21622,1,0,0,0,0,0,0,2420,1,1
6925,0,1,1,6925,447660945,447690052,29107,2,1,0,0,0,0,0,2420,1,1
6926,0,1,4,6926,447704906,447775682,70776,7,3,3,0,0,0,0,2420,1,1
6927,0,1,1,6927,447790523,447821089,30566,2,0,1,0,0,0,0,2420,1,1
6928,0,1,3,6928,447835941,447857568,21627,1,0,0,0,0,0,0,2420,1,1
6929,0,1,0,6929,447872409,447919342,46933,4,1,2,0,0,0,0,2420,1,1
6930,0,1,3,6930,447934195,447981120,46925,4,1,2,0,0,0,0,2420,1,1
6931,0,1,0,6931,447995964,448017605,21641,1,0,0,0,0,0,0,2420,1,1
6932,0,1,4,6932,448032454,448070462,38008,3,1,1,0,0,0,0,2420,1,1
6933,0,1,3,6933,448085308,448121886,36578,3,2,0,0,0,0,0,2420,1,1
6934,0,1,2,6934,448136731,448191113,54382,5,2,2,0,0,0,0,2420,1,1
6935,0,1,1,6935,448205958,448282741,76783,8,5,2,0,0,0,0,2420,1,1
6936,0,1,3,6936,448297593,448319219,21626,1,0,0,0,0,0,0,2420,1,1
6937,0,1,3,6937,448334064,448370621,36557,3,2,0,0,0,0,0,2420,1,1
6938,0,1,2,6938,448385466,448414573,29107,2,1,0,0,0,0,0,2420,1,1
6939,0,1,1,6939,448429413,448546467,117054,13,8,4,0,0,0,0,2420,1,1
6940,0,1,3,6940,448561319,448648464,87145,9,4,4,0,0,0,0,2420,1,1
6941,0,1,4,6941,448663308,448708753,45445,4,2,1,0,0,0,0,2420,1,1
6942,0,1,4,6942,448723598,448754147,30549,2,0,1,0,0,0,0,2420,1,1
6943,0,1,1,6943,448768987,448839805,70818,7,3,3,0,0,0,0,2420,1,1
6944,0,1,2,6944,448854658,448883756,29098,2,1,0,0,0,0,0,2420,1,1
6945,0,1,2,6945,448898596,449060345,161749,18,9,7,0,1,0,0,2420,1,1
6946,0,1,1,6946,449075194,449105751,30557,2,0,1,0,0,0,0,2420,1,1
6947,0,1,0,6947,449120599,449142240,21641,1,0,0,0,0,0,0,2420,1,1
6948,0,1,4,6948,449157093,449233869,76776,8,5,2,0,0,0,0,2420,1,1
6949,0,1,0,6949,449248710,449270351,21641,1,0,0,0,0,0,0,2420,1,1
6950,0,1,0,6950,449285204,449349975,64771,6,1,4,0,0,0,0,2420,1,1
6951,0,1,3,6951,449364828,449402832,38004,3,1,1,0,0,0,0,2420,1,1
6952,0,1,2,6952,449417680,449528712,111032,12,6,5,0,0,0,0,2420,1,1
6953,0,1,2,6953,449543560,449580118,36558,3,2,0,0,0,0,0,2420,1,1
6954,0,1,4,6954,449594963,449624045,29082,2,1,0,0,0,0,0,2420,1,1
6955,0,1,2,6955,449638886,449745308,106422,11,3,7,0,0,0,0,2420,1,1
6956,0,1,0,6956,449760152,449832344,72192,7,2,4,0,0,0,0,2420,1,1
6957,0,1,3,6957,449847197,449868823,21626,1,0,0,0,0,0,0,2420,1,1
6958,0,1,1,6958,449883667,449936613,52946,5,3,1,0,0,0,0,2420,1,1
6959,0,1,2,6959,449951462,449973092,21630,1,0,0,0,0,0,0,2420,1,1
6960,0,1,4,6960,449987933,450024495,36562,3,2,0,0,0,0,0,2420,1,1
6961,0,1,0,6961,450039336,450068427,29091,2,1,0,0,0,0,0,2420,1,1
6962,0,1,1,6962,450083280,450206106,122826,13,4,8,0,0,0,0,2420,1,1
6963,0,1,3,6963,450220957,450251492,30535,2,0,1,0,0,0,0,2420,1,1
6964,0,1,1,6964,450266337,450362416,96079,10,4,5,0,0,0,0,2420,1,1
6965,0,1,0,6965,450377271,450430224,52953,5,3,1,0,0,0,0,2420,1,1
6966,0,1,3,6966,450445077,450466703,21626,1,0,0,0,0,0,0,2420,1,1
6967,0,1,1,6967,450481544,450503189,21645,1,0,0,0,0,0,0,2420,1,1
6968,0,1,4,6968,450518038,450539663,21625,1,0,0,0,0,0,0,2420,1,1
6969,0,1,0,6969,450554508,450608933,54425,5,2,2,0,0,0,0,2420,1,1
6970,0,1,0,6970,450623786,450678184,54398,5,2,2,0,0,0,0,2420,1,1
6971,0,1,3,6971,450693036,450714662,21626,1,0,0,0,0,0,0,2420,1,1
6972,0,1,4,6972,450729502,450795893,66391,7,6,0,0,0,0,0,2420,1,1
6973,0,1,4,6973,450810734,450848728,37994,3,1,1,0,0,0,0,2420,1,1
6974,0,1,4,6974,450863572,450892655,29083,2,1,0,0,0,0,0,2420,1,1
6975,0,1,0,6975,450907500,450936593,29093,2,1,0,0,0,0,0,2420,1,1
6976,0,1,3,6976,450951442,450980538,29096,2,1,0,0,0,0,0,2420,1,1
6977,0,1,0,6977,450995383,451024508,29125,2,1,0,0,0,0,0,2420,1,1
6978,0,1,4,6978,451039356,451075911,36555,3,2,0,0,0,0,0,2420,1,1
6979,0,1,1,6979,451090752,451145162,54410,5,2,2,0,0,0,0,2420,1,1
6980,0,1,4,6980,451160010,451181636,21626,1,0,0,0,0,0,0,2420,1,1
6981,0,1,3,6981,451196480,451225565,29085,2,1,0,0,0,0,0,2420,1,1
6982,0,1,1,6982,451240406,451288796,48390,4,0,3,0,0,0,0,2420,1,1
6983,0,1,4,6983,451303649,451398298,94649,10,5,4,0,0,0,0,2420,1,1
6984,0,1,1,6984,451413152,451442250,29098,2,1,0,0,0,0,0,2420,1,1
6985,0,1,1,6985,451457114,451520453,63339,6,2,3,0,0,0,0,2420,1,1
6986,0,1,4,6986,451535318,451573315,37997,3,1,1,0,0,0,0,2420,1,1
6987,0,1,0,6987,451588168,451635086,46918,4,1,2,0,0,0,0,2420,1,1
6988,0,1,4,6988,451649947,451679047,29100,2,1,0,0,0,0,0,2420,1,1
6989,0,1,4,6989,451693903,451740817,46914,4,1,2,0,0,0,0,2420,1,1
6990,0,1,4,6990,451755673,451832417,76744,8,5,2,0,0,0,0,2420,1,1
6991,0,1,3,6991,451847273,451891267,43994,4,3,0,0,0,0,0,2420,1,1
6992,0,1,2,6992,451906124,452006730,100606,11,7,3,0,0,0,0,2420,1,1
6993,0,1,2,6993,452021586,452093809,72223,7,2,4,0,0,0,0,2420,1,1
6994,0,1,1,6994,452108662,452188388,79726,8,3,4,0,0,0,0,2420,1,1
6995,0,1,3,6995,452203251,452250156,46905,4,1,2,0,0,0,0,2420,1,1
6996,0,1,3,6996,452265013,452364184,99171,11,8,2,0,0,0,0,2420,1,1
6997,0,1,4,6997,452379038,452418487,39449,3,0,2,0,0,0,0,2420,1,1
6998,0,1,2,6998,452433343,452454969,21626,1,0,0,0,0,0,0,2420,1,1
6999,0,1,1,6999,452469821,452515305,45484,4,2,1,0,0,0,0,2420,1,1
7000,0,6,1,7000,452530166,452608686,78520,8,4,3,0,0,0,0,2420,1,1
7001,0,6,0,7001,452623649,452661739,38090,3,1,1,0,0,0,0,2420,1,1
7002,0,6,1,7002,452676575,452707212,30637,2,0,1,0,0,0,0,2420,1,1
7003,0,6,0,7003,452722053,452751246,29193,2,1,0,0,0,0,0,2420,1,1
7004,0,6,3,7004,452766083,452860783,94700,10,5,4,0,0,0,0,2420,1,1
7005,0,6,2,7005,452875622,452904800,29178,2,1,0,0,0,0,0,2420,1,1
7006,0,6,1,7006,452919624,452983035,63411,6,2,3,0,0,0,0,2420,1,1
7007,0,6,4,7007,452997876,453043428,45552,4,2,1,0,0,0,0,2420,1,1
7008,0,6,0,7008,453058253,453114164,55911,5,1,3,0,0,0,0,2420,1,1
7009,0,6,2,7009,453129004,453150709,21705,1,0,0,0,0,0,0,2420,1,1
7010,0,6,3,7010,453165537,453220006,54469,5,2,2,0,0,0,0,2420,1,1
7011,0,6,1,7011,453234842,453256563,21721,1,0,0,0,0,0,0,2420,1,1
7012,0,6,3,7012,453271395,453309487,38092,3,1,1,0,0,0,0,2420,1,1
7013,0,6,1,7013,453324324,453346045,21721,1,0,0,0,0,0,0,2420,1,1
7014,0,6,0,7014,453360877,453407925,47048,4,1,2,0,0,0,0,2420,1,1
7015,0,6,0,7015,453422769,453451963,29194,2,1,0,0,0,0,0,2420,1,1
7016,0,6,0,7016,453466799,453512368,45569,4,2,1,0,0,0,0,2420,1,1
7017,0,6,0,7017,453527213,453548933,21720,1,0,0,0,0,0,0,2420,1,1
7018,0,6,2,7018,453563769,453639199,75430,8,6,1,0,0,0,0,2420,1,1
7019,0,6,4,7019,453654036,453701060,47024,4,1,2,0,0,0,0,2420,1,1
7020,0,6,2,7020,453715889,453761412,45523,4,2,1,0,0,0,0,2420,1,1
7021,0,6,4,7021,453776249,453850018,73769,7,1,5,0,0,0,0,2420,1,1
7022,0,6,0,7022,453864847,453901492,36645,3,2,0,0,0,0,0,2420,1,1
7023,0,6,2,7023,453916336,453946961,30625,2,0,1,0,0,0,0,2420,1,1
7024,0,6,2,7024,453961786,453998419,36633,3,2,0,0,0,0,0,2420,1,1
7025,0,6,2,7025,454013255,454034960,21705,1,0,0,0,0,0,0,2420,1,1
7026,0,6,4,7026,454049785,454128110,78325,8,4,3,0,0,0,0,2420,1,1
7027,0,6,1,7027,454142943,454204891,61948,6,3,2,0,0,0,0,2420,1,1
7028,0,6,1,7028,454219724,454256382,36658,3,2,0,0,0,0,0,2420,1,1
7029,0,6,4,7029,454271222,454388081,116859,12,2,9,0,0,0,0,2420,1,1
7030,0,6,0,7030,454402912,454494696,91784,10,7,2,0,0,0,0,2420,1,1
7031,0,6,4,7031,454509538,454555068,45530,4,2,1,0,0,0,0,2420,1,1
7032,0,6,4,7032,454569893,454666248,96355,10,5,3,0,1,0,0,2420,1,1
7033,0,6,2,7033,454681082,454720609,39527,3,0,2,0,0,0,0,2420,1,1
7034,0,6,2,7034,454735438,454788476,53038,5,3,1,0,0,0,0,2420,1,1
7035,0,6,2,7035,454803312,454825017,21705,1,0,0,0,0,0,0,2420,1,1
7036,0,6,0,7036,454839842,454861562,21720,1,0,0,0,0,0,0,2420,1,1
7037,0,6,1,7037,454876407,454914517,38110,3,1,1,0,0,0,0,2420,1,1
7038,0,6,1,7038,454929349,454982373,53024,5,3,1,0,0,0,0,2420,1,1
7039,0,6,4,7039,454997217,455066684,69467,7,4,2,0,0,0,0,2420,1,1
7040,0,6,1,7040,455081509,455167262,85753,9,5,3,0,0,0,0,2420,1,1
7041,0,6,4,7041,455182102,455203811,21709,1,0,0,0,0,0,0,2420,1,1
7042,0,6,3,7042,455218635,455258177,39542,3,0,2,0,0,0,0,2420,1,1
7043,0,6,4,7043,455273012,455294717,21705,1,0,0,0,0,0,0,2420,1,1
7044,0,6,2,7044,455309542,455378947,69405,7,4,2,0,0,0,0,2420,1,1
7045,0,6,1,7045,455393784,455487035,93251,10,6,3,0,0,0,0,2420,1,1
7046,0,6,4,7046,455501870,455545979,44109,4,3,0,0,0,0,0,2420,1,1
7047,0,6,2,7047,455560812,455591418,30606,2,0,1,0,0,0,0,2420,1,1
7048,0,6,2,7048,455606247,455692072,85825,9,5,3,0,0,0,0,2420,1,1
7049,0,6,3,7049,455706897,455809027,102130,11,6,4,0,0,0,0,2420,1,1
7050,0,6,2,7050,455823846,455867935,44089,4,3,0,0,0,0,0,2420,1,1
7051,0,6,1,7051,455882760,455968597,85837,9,5,3,0,0,0,0,2420,1,1
7052,0,6,1,7052,455983421,456005142,21721,1,0,0,0,0,0,0,2420,1,1
7053,0,6,0,7053,456019971,456041691,21720,1,0,0,0,0,0,0,2420,1,1
7054,0,6,4,7054,456056515,456110981,54466,5,2,2,0,0,0,0,2420,1,1
7055,0,6,0,7055,456125806,456235460,109654,12,7,4,0,0,0,0,2420,1,1
7056,0,6,4,7056,456250283,456306250,55967,5,1,3,0,0,0,0,2420,1,1
7057,0,6,3,7057,456321070,456412847,91777,10,7,2,0,0,0,0,2420,1,1
7058,0,6,3,7058,456427662,456449366,21704,1,0,0,0,0,0,0,2420,1,1
7059,0,6,1,7059,456464191,456485912,21721,1,0,0,0,0,0,0,2420,1,1
7060,0,6,0,7060,456500732,456522453,21721,1,0,0,0,0,0,0,2420,1,1
7061,0,6,1,7061,456537284,456559005,21721,1,0,0,0,0,0,0,2420,1,1
7062,0,6,2,7062,456573830,456602993,29163,2,1,0,0,0,0,0,2420,1,1
7063,0,6,1,7063,456617813,456639533,21720,1,0,0,0,0,0,0,2420,1,1
7064,0,6,1,7064,456654358,456676076,21718,1,0,0,0,0,0,0,2420,1,1
7065,0,6,2,7065,456690904,456804879,113975,12,4,7,0,0,0,0,2420,1,1
7066,0,6,2,7066,456819694,456914362,94668,10,5,4,0,0,0,0,2420,1,1
7067,0,6,0,7067,456929185,456950905,21720,1,0,0,0,0,0,0,2420,1,1
7068,0,6,0,7068,456965730,457052950,87220,9,4,4,0,0,0,0,2420,1,1
7069,0,6,0,7069,457067779,457140050,72271,7,2,4,0,0,0,0,2420,1,1
7070,0,6,4,7070,457154875,457191521,36646,3,2,0,0,0,0,0,2420,1,1
7071,0,6,1,7071,457206345,457251929,45584,4,2,1,0,0,0,0,2420,1,1
7072,0,6,2,7072,457266753,457337658,70905,7,3,3,0,0,0,0,2420,1,1
7073,0,6,0,7073,457352478,457408397,55919,5,1,3,0,0,0,0,2420,1,1
7074,0,6,4,7074,457423221,457461283,38062,3,1,1,0,0,0,0,2420,1,1
7075,0,6,1,7075,457476108,457608099,131991,15,10,4,0,0,0,0,2420,1,1
7076,0,6,0,7076,457622928,457644648,21720,1,0,0,0,0,0,0,2420,1,1
7077,0,6,0,7077,457659477,457681198,21721,1,0,0,0,0,0,0,2420,1,1
7078,0,6,0,7078,457696023,457732653,36630,3,2,0,0,0,0,0,2420,1,1
7079,0,6,0,7079,457747483,457794500,47017,4,1,2,0,0,0,0,2420,1,1
7080,0,6,1,7080,457809328,457831048,21720,1,0,0,0,0,0,0,2420,1,1
7081,0,6,1,7081,457845880,457867600,21720,1,0,0,0,0,0,0,2420,1,1
7082,0,6,3,7082,457882421,457919068,36647,3,2,0,0,0,0,0,2420,1,1
7083,0,6,1,7083,457933892,457955613,21721,1,0,0,0,0,0,0,2420,1,1
7084,0,6,0,7084,457970434,458008530,38096,3,1,1,0,0,0,0,2420,1,1
7085,0,6,1,7085,458023363,458045084,21721,1,0,0,0,0,0,0,2420,1,1
7086,0,6,2,7086,458059904,458135279,75375,8,6,1,0,0,0,0,2420,1,1
7087,0,6,2,7087,458150100,458197110,47010,4,1,2,0,0,0,0,2420,1,1
7088,0,6,3,7088,458211924,458233633,21709,1,0,0,0,0,0,0,2420,1,1
7089,0,6,2,7089,458248454,458320757,72303,7,2,4,0,0,0,0,2420,1,1
7090,0,6,2,7090,458335574,458357279,21705,1,0,0,0,0,0,0,2420,1,1
7091,0,6,3,7091,458372099,458393808,21709,1,0,0,0,0,0,0,2420,1,1
7092,0,6,3,7092,458408620,458480940,72320,7,2,4,0,0,0,0,2420,1,1
7093,0,6,1,7093,458495765,458528018,32253,2,0,0,0,1,0,0,2420,1,1
7094,0,6,2,7094,458542842,458571994,29152,2,1,0,0,0,0,0,2420,1,1
7095,0,6,0,7095,458586819,458694962,108143,12,8,3,0,0,0,0,2420,1,1
7096,0,6,0,7096,458709787,458731507,21720,1,0,0,0,0,0,0,2420,1,1
7097,0,6,2,7097,458746339,458815676,69337,7,4,2,0,0,0,0,2420,1,1
7098,0,6,3,7098,458830488,458859657,29169,2,1,0,0,0,0,0,2420,1,1
7099,0,6,0,7099,458874482,458921502,47020,4,1,2,0,0,0,0,2420,1,1
7100,0,6,4,7100,458936327,458965483,29156,2,1,0,0,0,0,0,2420,1,1
7101,0,6,3,7101,458980303,459002008,21705,1,0,0,0,0,0,0,2420,1,1
7102,0,6,0,7102,459016824,459065283,48459,4,0,3,0,0,0,0,2420,1,1
7103,0,6,1,7103,459080112,459109311,29199,2,1,0,0,0,0,0,2420,1,1
7104,0,6,0,7104,459124135,459215915,91780,10,7,2,0,0,0,0,2420,1,1
7105,0,6,3,7105,459230745,459252450,21705,1,0,0,0,0,0,0,2420,1,1
7106,0,6,3,7106,459267266,459296443,29177,2,1,0,0,0,0,0,2420,1,1
7107,0,6,3,7107,459311264,459340428,29164,2,1,0,0,0,0,0,2420,1,1
7108,0,6,4,7108,459355245,459384426,29181,2,1,0,0,0,0,0,2420,1,1
7109,0,6,4,7109,459399246,459443311,44065,4,3,0,0,0,0,0,2420,1,1
7110,0,6,0,7110,459458124,459479844,21720,1,0,0,0,0,0,0,2420,1,1
7111,0,6,1,7111,459494677,459570111,75434,8,6,1,0,0,0,0,2420,1,1
7112,0,6,0,7112,459584943,459606663,21720,1,0,0,0,0,0,0,2420,1,1
7113,0,6,1,7113,459621492,459661049,39557,3,0,2,0,0,0,0,2420,1,1
7114,0,6,3,7114,459675873,459721460,45587,4,2,1,0,0,0,0,2420,1,1
7115,0,6,4,7115,459736285,459757989,21704,1,0,0,0,0,0,0,2420,1,1
7116,0,6,4,7116,459772806,459794511,21705,1,0,0,0,0,0,0,2420,1,1
7117,0,6,0,7117,459809331,459838531,29200,2,1,0,0,0,0,0,2420,1,1
7118,0,6,2,7118,459853356,459882535,29179,2,1,0,0,0,0,0,2420,1,1
7119,0,6,0,7119,459897360,459919080,21720,1,0,0,0,0,0,0,2420,1,1
7120,0,6,0,7120,459933905,460003327,69422,7,4,2,0,0,0,0,2420,1,1
7121,0,6,2,7121,460018155,460088949,70794,7,3,3,0,0,0,0,2420,1,1
7122,0,6,4,7122,460103765,460173182,69417,7,4,2,0,0,0,0,2420,1,1
7123,0,6,0,7123,460188002,460217180,29178,2,1,0,0,0,0,0,2420,1,1
7124,0,6,0,7124,460232000,460253725,21725,1,0,0,0,0,0,0,2420,1,1
7125,0,6,2,7125,460268554,460290258,21704,1,0,0,0,0,0,0,2420,1,1
7126,0,6,1,7126,460305075,460404387,99312,11,8,2,0,0,0,0,2420,1,1
7127,0,6,1,7127,460419218,460543828,124610,14,9,4,0,0,0,0,2420,1,1
7128,0,6,4,7128,460558652,460580356,21704,1,0,0,0,0,0,0,2420,1,1
7129,0,6,0,7129,460595181,460664641,69460,7,4,2,0,0,0,0,2420,1,1
7130,0,6,4,7130,460679461,460701165,21704,1,0,0,0,0,0,0,2420,1,1
7131,0,6,3,7131,460715990,460779442,63452,6,2,3,0,0,0,0,2420,1,1
7132,0,6,0,7132,460794258,460903967,109709,12,7,4,0,0,0,0,2420,1,1
7133,0,6,2,7133,460918798,461013499,94701,10,5,4,0,0,0,0,2420,1,1
7134,0,6,3,7134,461028313,461057472,29159,2,1,0,0,0,0,0,2420,1,1
7135,0,6,4,7135,461072292,461116400,44108,4,3,0,0,0,0,0,2420,1,1
7136,0,6,3,7136,461131213,461152921,21708,1,0,0,0,0,0,0,2420,1,1
7137,0,6,2,7137,461167741,461259508,91767,10,7,2,0,0,0,0,2420,1,1
7138,0,6,4,7138,461274327,461330401,56074,5,2,1,0,1,0,0,2420,1,1
7139,0,6,1,7139,461345226,461375875,30649,2,0,1,0,0,0,0,2420,1,1
7140,0,6,4,7140,461390696,461419881,29185,2,1,0,0,0,0,0,2420,1,1
7141,0,6,1,7141,461434706,461463911,29205,2,1,0,0,0,0,0,2420,1,1
7142,0,6,1,7142,461478731,461507916,29185,2,1,0,0,0,0,0,2420,1,1
7143,0,6,2,7143,461522744,461568300,45556,4,2,1,0,0,0,0,2420,1,1
7144,0,6,3,7144,461583119,461712070,128951,14,6,7,0,0,0,0,2420,1,1
7145,0,6,3,7145,461726901,461796267,69366,7,4,2,0,0,0,0,2420,1,1
7146,0,6,0,7146,461811080,461887992,76912,8,5,2,0,0,0,0,2420,1,1
7147,0,6,4,7147,461902825,462012444,109619,12,7,4,0,0,0,0,2420,1,1
7148,0,6,0,7148,462027263,462078846,51583,5,4,0,0,0,0,0,2420,1,1
7149,0,6,4,7149,462093679,462198978,105299,12,10,1,0,0,0,0,2420,1,1
7150,0,6,1,7150,462213799,462244448,30649,2,0,1,0,0,0,0,2420,1,1
7151,0,6,4,7151,462259276,462280981,21705,1,0,0,0,0,0,0,2420,1,1
7152,0,6,4,7152,462295798,462324986,29188,2,1,0,0,0,0,0,2420,1,1
7153,0,6,1,7153,462339807,462410631,70824,7,3,3,0,0,0,0,2420,1,1
7154,0,6,1,7154,462425455,462454661,29206,2,1,0,0,0,0,0,2420,1,1
7155,0,6,1,7155,462469489,462506127,36638,3,2,0,0,0,0,0,2420,1,1
7156,0,6,0,7156,462520947,462567999,47052,4,1,2,0,0,0,0,2420,1,1
7157,0,6,4,7157,462582831,462604536,21705,1,0,0,0,0,0,0,2420,1,1
7158,0,6,1,7158,462619348,462673842,54494,5,2,2,0,0,0,0,2420,1,1
7159,0,6,4,7159,462688670,462719281,30611,2,0,1,0,0,0,0,2420,1,1
7160,0,6,0,7160,462734097,462796023,61926,6,3,2,0,0,0,0,2420,1,1
7161,0,6,1,7161,462810850,462865364,54514,5,2,2,0,0,0,0,2420,1,1
7162,0,6,1,7162,462880185,462937589,57404,5,0,4,0,0,0,0,2420,1,1
7163,0,6,4,7163,462952417,463005431,53014,5,3,1,0,0,0,0,2420,1,1
7164,0,6,0,7164,463020244,463088195,67951,7,5,1,0,0,0,0,2420,1,1
7165,0,6,3,7165,463103027,463229037,126010,14,8,5,0,0,0,0,2420,1,1
7166,0,6,0,7166,463243857,463290910,47053,4,1,2,0,0,0,0,2420,1,1
7167,0,6,1,7167,463305744,463327464,21720,1,0,0,0,0,0,0,2420,1,1
7168,0,6,3,7168,463342289,463471175,128886,14,6,7,0,0,0,0,2420,1,1
7169,0,6,0,7169,463486003,463554014,68011,7,5,1,0,0,0,0,2420,1,1
7170,0,6,4,7170,463568835,463630814,61979,6,3,2,0,0,0,0,2420,1,1
7171,0,6,2,7171,463645639,463710485,64846,6,1,4,0,0,0,0,2420,1,1
7172,0,6,1,7172,463725302,463754493,29191,2,1,0,0,0,0,0,2420,1,1
7173,0,6,3,7173,463769321,463814839,45518,4,2,1,0,0,0,0,2420,1,1
7174,0,6,3,7174,463829652,463875207,45555,4,2,1,0,0,0,0,2420,1,1
7175,0,6,2,7175,463890027,463919201,29174,2,1,0,0,0,0,0,2420,1,1
7176,0,6,0,7176,463934022,463972156,38134,3,1,1,0,0,0,0,2420,1,1
7177,0,6,2,7177,463986993,464066743,79750,8,3,4,0,0,0,0,2420,1,1
7178,0,6,4,7178,464081563,464125661,44098,4,3,0,0,0,0,0,2420,1,1
7179,0,6,0,7179,464140486,464192063,51577,5,4,0,0,0,0,0,2420,1,1
7180,0,6,0,7180,464206895,464243529,36634,3,2,0,0,0,0,0,2420,1,1
7181,0,6,3,7181,464258361,464280065,21704,1,0,0,0,0,0,0,2420,1,1
7182,0,6,3,7182,464294890,464332992,38102,3,1,1,0,0,0,0,2420,1,1
7183,0,6,2,7183,464347816,464376997,29181,2,1,0,0,0,0,0,2420,1,1
7184,0,6,3,7184,464391817,464428471,36654,3,2,0,0,0,0,0,2420,1,1
7185,0,6,1,7185,464443300,464472473,29173,2,1,0,0,0,0,0,2420,1,1
7186,0,6,2,7186,464487306,464523960,36654,3,2,0,0,0,0,0,2420,1,1
7187,0,6,0,7187,464538784,464624552,85768,9,5,3,0,0,0,0,2420,1,1
7188,0,6,0,7188,464639381,464670016,30635,2,0,1,0,0,0,0,2420,1,1
7189,0,6,2,7189,464684853,464739313,54460,5,2,2,0,0,0,0,2420,1,1
7190,0,6,1,7190,464754138,464775858,21720,1,0,0,0,0,0,0,2420,1,1
7191,0,6,2,7191,464790690,464828789,38099,3,1,1,0,0,0,0,2420,1,1
7192,0,6,4,7192,464843613,464898067,54454,5,2,2,0,0,0,0,2420,1,1
7193,0,6,2,7193,464912896,464958440,45544,4,2,1,0,0,0,0,2420,1,1
7194,0,6,0,7194,464973265,465023331,50066,4,0,2,0,1,0,0,2420,1,1
7195,0,6,4,7195,465038164,465101542,63378,6,2,3,0,0,0,0,2420,1,1
7196,0,6,1,7196,465116367,465138087,21720,1,0,0,0,0,0,0,2420,1,1
7197,0,6,0,7197,465152923,465182101,29178,2,1,0,0,0,0,0,2420,1,1
7198,0,6,1,7198,465196934,465227584,30650,2,0,1,0,0,0,0,2420,1,1
7199,0,6,4,7199,465242417,465305799,63382,6,2,3,0,0,0,0,2420,1,1
7200,0,6,4,7200,465320620,465342324,21704,1,0,0,0,0,0,0,2420,1,1
7201,0,6,4,7201,465357152,465402717,45565,4,2,1,0,0,0,0,2420,1,1
7202,0,6,2,7202,465417540,465446724,29184,2,1,0,0,0,0,0,2420,1,1
7203,0,6,2,7203,465461548,465523489,61941,6,3,2,0,0,0,0,2420,1,1
7204,0,6,4,7204,465538310,465589835,51525,5,4,0,0,0,0,0,2420,1,1
7205,0,6,4,7205,465604664,465635306,30642,2,0,1,0,0,0,0,2420,1,1
7206,0,6,3,7206,465650127,465679310,29183,2,1,0,0,0,0,0,2420,1,1
7207,0,6,1,7207,465694138,465715859,21721,1,0,0,0,0,0,0,2420,1,1
7208,0,6,2,7208,465730687,465752392,21705,1,0,0,0,0,0,0,2420,1,1
7209,0,6,3,7209,465767220,465788929,21709,1,0,0,0,0,0,0,2420,1,1
7210,0,6,3,7210,465803750,465873168,69418,7,4,2,0,0,0,0,2420,1,1
7211,0,6,3,7211,465887992,465909701,21709,1,0,0,0,0,0,0,2420,1,1
7212,0,6,0,7212,465924521,465971554,47033,4,1,2,0,0,0,0,2420,1,1
7213,0,6,0,7213,465986390,466040869,54479,5,2,2,0,0,0,0,2420,1,1
7214,0,6,4,7214,466055699,466187704,132005,15,10,4,0,0,0,0,2420,1,1
7215,0,6,2,7215,466202533,466231716,29183,2,1,0,0,0,0,0,2420,1,1
7216,0,6,1,7216,466246537,466299589,53052,5,3,1,0,0,0,0,2420,1,1
7217,0,6,3,7217,466314427,466353972,39545,3,0,2,0,0,0,0,2420,1,1
7218,0,6,4,7218,466368788,466390493,21705,1,0,0,0,0,0,0,2420,1,1
7219,0,6,0,7219,466405322,466427046,21724,1,0,0,0,0,0,0,2420,1,1
7220,0,6,4,7220,466441871,466502344,60473,6,4,1,0,0,0,0,2420,1,1
7221,0,6,0,7221,466517172,466562711,45539,4,2,1,0,0,0,0,2420,1,1
7222,0,6,3,7222,466577539,466599243,21704,1,0,0,0,0,0,0,2420,1,1
7223,0,6,3,7223,466614072,466658164,44092,4,3,0,0,0,0,0,2420,1,1
7224,0,6,2,7224,466672984,466702144,29160,2,1,0,0,0,0,0,2420,1,1
7225,0,6,3,7225,466716972,466762522,45550,4,2,1,0,0,0,0,2420,1,1
7226,0,6,3,7226,466777342,466813950,36608,3,2,0,0,0,0,0,2420,1,1
7227,0,6,3,7227,466828774,466913143,84369,9,6,2,0,0,0,0,2420,1,1
7228,0,6,3,7228,466927959,466986943,58984,6,5,0,0,0,0,0,2420,1,1
7229,0,6,4,7229,467001768,467078679,76911,8,5,2,0,0,0,0,2420,1,1
7230,0,6,0,7230,467093499,467211995,118496,13,7,5,0,0,0,0,2420,1,1
7231,0,6,0,7231,467226834,467324633,97799,10,4,4,0,1,0,0,2420,1,1
7232,0,6,2,7232,467339460,467411939,72479,7,3,2,0,1,0,0,2420,1,1
7233,0,6,2,7233,467426768,467448476,21708,1,0,0,0,0,0,0,2420,1,1
7234,0,6,4,7234,467463296,467492474,29178,2,1,0,0,0,0,0,2420,1,1
7235,0,6,3,7235,467507302,467552867,45565,4,2,1,0,0,0,0,2420,1,1
7236,0,6,3,7236,467567682,467589387,21705,1,0,0,0,0,0,0,2420,1,1
7237,0,6,4,7237,467604216,467678322,74106,7,3,1,0,2,0,0,2420,1,1
7238,0,6,4,7238,467693143,467714848,21705,1,0,0,0,0,0,0,2420,1,1
7239,0,6,1,7239,467729672,467751397,21725,1,0,0,0,0,0,0,2420,1,1
7240,0,6,3,7240,467766226,467817820,51594,5,4,0,0,0,0,0,2420,1,1
7241,0,6,4,7241,467832645,467942265,109620,12,7,4,0,0,0,0,2420,1,1
7242,0,6,3,7242,467957088,467978793,21705,1,0,0,0,0,0,0,2420,1,1
7243,0,6,2,7243,467993621,468022812,29191,2,1,0,0,0,0,0,2420,1,1
7244,0,6,4,7244,468037629,468059333,21704,1,0,0,0,0,0,0,2420,1,1
7245,0,6,4,7245,468074161,468119733,45572,4,2,1,0,0,0,0,2420,1,1
7246,0,6,0,7246,468134554,468156275,21721,1,0,0,0,0,0,0,2420,1,1
7247,0,6,1,7247,468171108,468201748,30640,2,0,1,0,0,0,0,2420,1,1
7248,0,6,4,7248,468216577,468303806,87229,9,4,4,0,0,0,0,2420,1,1
7249,0,6,0,7249,468318631,468340351,21720,1,0,0,0,0,0,0,2420,1,1
7250,0,6,3,7250,468355180,468432014,76834,8,5,2,0,0,0,0,2420,1,1
7251,0,6,4,7251,468446842,468492434,45592,4,2,1,0,0,0,0,2420,1,1
7252,0,6,4,7252,468507255,468536423,29168,2,1,0,0,0,0,0,2420,1,1
7253,0,6,0,7253,468551247,468572972,21725,1,0,0,0,0,0,0,2420,1,1
7254,0,6,1,7254,468587796,468631906,44110,4,3,0,0,0,0,0,2420,1,1
7255,0,6,4,7255,468646742,468684840,38098,3,1,1,0,0,0,0,2420,1,1
7256,0,6,4,7256,468699657,468728839,29182,2,1,0,0,0,0,0,2420,1,1
7257,0,6,3,7257,468743667,468820547,76880,8,5,2,0,0,0,0,2420,1,1
7258,0,6,4,7258,468835367,468873456,38089,3,1,1,0,0,0,0,2420,1,1
7259,0,6,3,7259,468888280,468909985,21705,1,0,0,0,0,0,0,2420,1,1
7260,0,6,3,7260,468924806,469062790,137984,15,7,6,0,1,0,0,2420,1,1
7261,0,6,1,7261,469077618,469099338,21720,1,0,0,0,0,0,0,2420,1,1
7262,0,6,3,7262,469114167,469178986,64819,6,1,4,0,0,0,0,2420,1,1
7263,0,6,4,7263,469193814,469233329,39515,3,0,2,0,0,0,0,2420,1,1
7264,0,6,1,7264,469248146,469277330,29184,2,1,0,0,0,0,0,2420,1,1
7265,0,6,0,7265,469292162,469373419,81257,8,2,5,0,0,0,0,2420,1,1
7266,0,6,4,7266,469388244,469417410,29166,2,1,0,0,0,0,0,2420,1,1
7267,0,6,4,7267,469432235,469461414,29179,2,1,0,0,0,0,0,2420,1,1
7268,0,6,1,7268,469476234,469566586,90352,10,8,1,0,0,0,0,2420,1,1
7269,0,6,0,7269,469581421,469627008,45587,4,2,1,0,0,0,0,2420,1,1
7270,0,6,1,7270,469641832,469678461,36629,3,2,0,0,0,0,0,2420,1,1
7271,0,6,1,7271,469693297,469747752,54455,5,2,2,0,0,0,0,2420,1,1
7272,0,6,2,7272,469762576,469811037,48461,4,0,3,0,0,0,0,2420,1,1
7273,0,6,1,7273,469825867,469855036,29169,2,1,0,0,0,0,0,2420,1,1
7274,0,6,0,7274,469869861,469940731,70870,7,3,3,0,0,0,0,2420,1,1
7275,0,6,3,7275,469955567,470016056,60489,6,4,1,0,0,0,0,2420,1,1
7276,0,6,0,7276,470030873,470052593,21720,1,0,0,0,0,0,0,2420,1,1
7277,0,6,3,7277,470067429,470105533,38104,3,1,1,0,0,0,0,2420,1,1
7278,0,6,1,7278,470120349,470142069,21720,1,0,0,0,0,0,0,2420,1,1
7279,0,6,1,7279,470156906,470254596,97690,10,3,6,0,0,0,0,2420,1,1
7280,0,6,4,7280,470269422,470328474,59052,6,5,0,0,0,0,0,2420,1,1
7281,0,6,4,7281,470343303,470381381,38078,3,1,1,0,0,0,0,2420,1,1
7282,0,6,0,7282,470396202,470440283,44081,4,3,0,0,0,0,0,2420,1,1
7283,0,6,2,7283,470455119,470476824,21705,1,0,0,0,0,0,0,2420,1,1
7284,0,6,3,7284,470491640,470563953,72313,7,2,4,0,0,0,0,2420,1,1
7285,0,6,3,7285,470578778,470600482,21704,1,0,0,0,0,0,0,2420,1,1
7286,0,6,2,7286,470615303,470644494,29191,2,1,0,0,0,0,0,2420,1,1
7287,0,6,0,7287,470659318,470713805,54487,5,2,2,0,0,0,0,2420,1,1
7288,0,6,4,7288,470728629,470796580,67951,7,5,1,0,0,0,0,2420,1,1
7289,0,6,2,7289,470811405,470840562,29157,2,1,0,0,0,0,0,2420,1,1
7290,0,6,4,7290,470855382,470900925,45543,4,2,1,0,0,0,0,2420,1,1
7291,0,6,1,7291,470915753,470967344,51591,5,4,0,0,0,0,0,2420,1,1
7292,0,6,3,7292,470982168,471029152,46984,4,1,2,0,0,0,0,2420,1,1
7293,0,6,4,7293,471043981,471065685,21704,1,0,0,0,0,0,0,2420,1,1
7294,0,6,4,7294,471080502,471118577,38075,3,1,1,0,0,0,0,2420,1,1
7295,0,6,0,7295,471133406,471177503,44097,4,3,0,0,0,0,0,2420,1,1
7296,0,6,1,7296,471192327,471214052,21725,1,0,0,0,0,0,0,2420,1,1
7297,0,6,1,7297,471228885,471275895,47010,4,1,2,0,0,0,0,2420,1,1
7298,0,6,0,7298,471290719,471392859,102140,11,6,4,0,0,0,0,2420,1,1
7299,0,6,2,7299,471407694,471453239,45545,4,2,1,0,0,0,0,2420,1,1
7300,0,6,0,7300,471468056,471504725,36669,3,2,0,0,0,0,0,2420,1,1
7301,0,6,1,7301,471519557,471556195,36638,3,2,0,0,0,0,0,2420,1,1
7302,0,6,2,7302,471571019,471609117,38098,3,1,1,0,0,0,0,2420,1,1
7303,0,6,0,7303,471623945,471709773,85828,9,5,3,0,0,0,0,2420,1,1
7304,0,6,0,7304,471724602,471785114,60512,6,4,1,0,0,0,0,2420,1,1
7305,0,6,3,7305,471799946,471866212,66266,6,0,5,0,0,0,0,2420,1,1
7306,0,6,2,7306,471881029,471911666,30637,2,0,1,0,0,0,0,2420,1,1
7307,0,6,3,7307,471926495,471973482,46987,4,1,2,0,0,0,0,2420,1,1
7308,0,6,2,7308,471988300,472010004,21704,1,0,0,0,0,0,0,2420,1,1
7309,0,6,0,7309,472024833,472046554,21721,1,0,0,0,0,0,0,2420,1,1
7310,0,6,2,7310,472061379,472114436,53057,5,3,1,0,0,0,0,2420,1,1
7311,0,6,2,7311,472129261,472167349,38088,3,1,1,0,0,0,0,2420,1,1
7312,0,6,3,7312,472182165,472311069,128904,14,6,7,0,0,0,0,2420,1,1
7313,0,6,1,7313,472325900,472355099,29199,2,1,0,0,0,0,0,2420,1,1
7314,0,6,1,7314,472369924,472406600,36676,3,2,0,0,0,0,0,2420,1,1
7315,0,6,1,7315,472421432,472450619,29187,2,1,0,0,0,0,0,2420,1,1
7316,0,6,2,7316,472465449,472528837,63388,6,2,3,0,0,0,0,2420,1,1
7317,0,6,3,7317,472543666,472574275,30609,2,0,1,0,0,0,0,2420,1,1
7318,0,6,3,7318,472589091,472679396,90305,10,8,1,0,0,0,0,2420,1,1
7319,0,6,4,7319,472694226,472715931,21705,1,0,0,0,0,0,0,2420,1,1
7320,0,6,1,7320,472730748,472752468,21720,1,0,0,0,0,0,0,2420,1,1
7321,0,6,0,7321,472767305,472789025,21720,1,0,0,0,0,0,0,2420,1,1
7322,0,6,1,7322,472803853,472833041,29188,2,1,0,0,0,0,0,2420,1,1
7323,0,6,4,7323,472847875,472869579,21704,1,0,0,0,0,0,0,2420,1,1
7324,0,6,4,7324,472884400,472906105,21705,1,0,0,0,0,0,0,2420,1,1
7325,0,6,0,7325,472920929,472975399,54470,5,2,2,0,0,0,0,2420,1,1
7326,0,6,3,7326,472990224,473011929,21705,1,0,0,0,0,0,0,2420,1,1
7327,0,6,0,7327,473026757,473097666,70909,7,3,3,0,0,0,0,2420,1,1
7328,0,6,0,7328,473112490,473141685,29195,2,1,0,0,0,0,0,2420,1,1
7329,0,6,4,7329,473156521,473210982,54461,5,2,2,0,0,0,0,2420,1,1
7330,0,6,3,7330,473225803,473247507,21704,1,0,0,0,0,0,0,2420,1,1
7331,0,6,2,7331,473262332,473300403,38071,3,1,1,0,0,0,0,2420,1,1
7332,0,6,4,7332,473315224,473345841,30617,2,0,1,0,0,0,0,2420,1,1
7333,0,6,1,7333,473360666,473391294,30628,2,0,1,0,0,0,0,2420,1,1
7334,0,6,3,7334,473406123,473450196,44073,4,3,0,0,0,0,0,2420,1,1
7335,0,6,4,7335,473465025,473486729,21704,1,0,0,0,0,0,0,2420,1,1
7336,0,6,3,7336,473501546,473523259,21713,1,0,0,0,0,0,0,2420,1,1
7337,0,6,3,7337,473538088,473567258,29170,2,1,0,0,0,0,0,2420,1,1
7338,0,6,2,7338,473582078,473620146,38068,3,1,1,0,0,0,0,2420,1,1
7339,0,6,3,7339,473634979,473705864,70885,7,3,3,0,0,0,0,2420,1,1
7340,0,6,4,7340,473720684,473742393,21709,1,0,0,0,0,0,0,2420,1,1
7341,0,6,2,7341,473757225,473787844,30619,2,0,1,0,0,0,0,2420,1,1
7342,0,6,0,7342,473802665,473839314,36649,3,2,0,0,0,0,0,2420,1,1
7343,0,6,1,7343,473854155,473966752,112597,12,5,6,0,0,0,0,2420,1,1
7344,0,6,2,7344,473981584,474019687,38103,3,1,1,0,0,0,0,2420,1,1
7345,0,6,1,7345,474034520,474096516,61996,6,3,2,0,0,0,0,2420,1,1
7346,0,6,4,7346,474111344,474155430,44086,4,3,0,0,0,0,0,2420,1,1
7347,0,6,0,7347,474170259,474239628,69369,7,4,2,0,0,0,0,2420,1,1
7348,0,6,4,7348,474254460,474291087,36627,3,2,0,0,0,0,0,2420,1,1
7349,0,6,4,7349,474305920,474361833,55913,5,1,3,0,0,0,0,2420,1,1
7350,0,6,1,7350,474376658,474398382,21724,1,0,0,0,0,0,0,2420,1,1
7351,0,6,2,7351,474413222,474449849,36627,3,2,0,0,0,0,0,2420,1,1
7352,0,6,1,7352,474464674,474526611,61937,6,3,2,0,0,0,0,2420,1,1
7353,0,6,3,7353,474541448,474588442,46994,4,1,2,0,0,0,0,2420,1,1
7354,0,6,1,7354,474603266,474639942,36676,3,2,0,0,0,0,0,2420,1,1
7355,0,6,1,7355,474654782,474692903,38121,3,1,1,0,0,0,0,2420,1,1
7356,0,6,4,7356,474707732,474763666,55934,5,1,3,0,0,0,0,2420,1,1
7357,0,6,0,7357,474778495,474840442,61947,6,3,2,0,0,0,0,2420,1,1
7358,0,6,2,7358,474855275,474884446,29171,2,1,0,0,0,0,0,2420,1,1
7359,0,6,3,7359,474899274,474944833,45559,4,2,1,0,0,0,0,2420,1,1
7360,0,6,0,7360,474959654,475026101,66447,7,6,0,0,0,0,0,2420,1,1
7361,0,6,1,7361,475040938,475062662,21724,1,0,0,0,0,0,0,2420,1,1
7362,0,6,1,7362,475077493,475164681,87188,9,4,4,0,0,0,0,2420,1,1
7363,0,6,0,7363,475179518,475315921,136403,15,7,7,0,0,0,0,2420,1,1
7364,0,6,0,7364,475330752,475394142,63390,6,2,3,0,0,0,0,2420,1,1
7365,0,6,1,7365,475408978,475438157,29179,2,1,0,0,0,0,0,2420,1,1
7366,0,6,0,7366,475452989,475483648,30659,2,0,1,0,0,0,0,2420,1,1
7367,0,6,1,7367,475498484,475520209,21725,1,0,0,0,0,0,0,2420,1,1
7368,0,6,2,7368,475535041,475565681,30640,2,0,1,0,0,0,0,2420,1,1
7369,0,6,1,7369,475580510,475688756,108246,12,8,3,0,0,0,0,2420,1,1
7370,0,6,3,7370,475703591,475732750,29159,2,1,0,0,0,0,0,2420,1,1
7371,0,6,3,7371,475747580,475769289,21709,1,0,0,0,0,0,0,2420,1,1
7372,0,6,2,7372,475784113,475813289,29176,2,1,0,0,0,0,0,2420,1,1
7373,0,6,4,7373,475828118,475858740,30622,2,0,1,0,0,0,0,2420,1,1
7374,0,6,0,7374,475873564,475930975,57411,5,0,4,0,0,0,0,2420,1,1
7375,0,6,2,7375,475945815,475967523,21708,1,0,0,0,0,0,0,2420,1,1
7376,0,6,0,7376,475982344,476018983,36639,3,2,0,0,0,0,0,2420,1,1
7377,0,6,1,7377,476033824,476070457,36633,3,2,0,0,0,0,0,2420,1,1
7378,0,6,2,7378,476085290,476214455,129165,15,12,2,0,0,0,0,2420,1,1
7379,0,6,0,7379,476229289,476298701,69412,7,4,2,0,0,0,0,2420,1,1
7380,0,6,3,7380,476313534,476448428,134894,15,8,6,0,0,0,0,2420,1,1
7381,0,6,0,7381,476463263,476526685,63422,6,2,3,0,0,0,0,2420,1,1
7382,0,6,4,7382,476541513,476619812,78299,8,4,3,0,0,0,0,2420,1,1
7383,0,6,4,7383,476634644,476663805,29161,2,1,0,0,0,0,0,2420,1,1
7384,0,6,1,7384,476678626,476707814,29188,2,1,0,0,0,0,0,2420,1,1
7385,0,6,1,7385,476722651,476766798,44147,4,3,0,0,0,0,0,2420,1,1
7386,0,6,1,7386,476781627,476803355,21728,1,0,0,0,0,0,0,2420,1,1
7387,0,6,0,7387,476818192,476871212,53020,5,3,1,0,0,0,0,2420,1,1
7388,0,6,2,7388,476886044,476907753,21709,1,0,0,0,0,0,0,2420,1,1
7389,0,6,0,7389,476922581,476944307,21726,1,0,0,0,0,0,0,2420,1,1
7390,0,6,2,7390,476959135,477012133,52998,5,3,1,0,0,0,0,2420,1,1
7391,0,6,1,7391,477026965,477065087,38122,3,1,1,0,0,0,0,2420,1,1
7392,0,6,0,7392,477079915,477101640,21725,1,0,0,0,0,0,0,2420,1,1
7393,0,6,2,7393,477116480,477145673,29193,2,1,0,0,0,0,0,2420,1,1
7394,0,6,1,7394,477160494,477286519,126025,14,8,5,0,0,0,0,2420,1,1
7395,0,6,1,7395,477301358,477323086,21728,1,0,0,0,0,0,0,2420,1,1
7396,0,6,3,7396,477337915,477377476,39561,3,0,2,0,0,0,0,2420,1,1
7397,0,6,1,7397,477392304,477414033,21729,1,0,0,0,0,0,0,2420,1,1
7398,0,6,2,7398,477428861,477507133,78272,8,4,3,0,0,0,0,2420,1,1
7399,0,6,3,7399,477521962,477607747,85785,9,5,3,0,0,0,0,2420,1,1
7400,0,6,1,7400,477622567,477686090,63523,6,3,1,0,1,0,0,2420,1,1
7401,0,6,1,7401,477700922,477762857,61935,6,3,2,0,0,0,0,2420,1,1
7402,0,6,2,7402,477777681,477818822,41141,3,0,1,0,1,0,0,2420,1,1
7403,0,6,2,7403,477833650,477897025,63375,6,2,3,0,0,0,0,2420,1,1
7404,0,6,1,7404,477911841,477982838,70997,7,4,1,0,1,0,0,2420,1,1
7405,0,6,1,7405,477997671,478041807,44136,4,3,0,0,0,0,0,2420,1,1
7406,0,6,2,7406,478056636,478085824,29188,2,1,0,0,0,0,0,2420,1,1
7407,0,6,4,7407,478100648,478144750,44102,4,3,0,0,0,0,0,2420,1,1
7408,0,6,1,7408,478159567,478197652,38085,3,1,1,0,0,0,0,2420,1,1
7409,0,6,2,7409,478212485,478259485,47000,4,1,2,0,0,0,0,2420,1,1
7410,0,6,0,7410,478274306,478296024,21718,1,0,0,0,0,0,0,2420,1,1
7411,0,6,2,7411,478310856,478392072,81216,8,2,5,0,0,0,0,2420,1,1
7412,0,6,3,7412,478406892,478444992,38100,3,1,1,0,0,0,0,2420,1,1
7413,0,6,2,7413,478459816,478488974,29158,2,1,0,0,0,0,0,2420,1,1
7414,0,6,3,7414,478503793,478550785,46992,4,1,2,0,0,0,0,2420,1,1
7415,0,6,0,7415,478565614,478605152,39538,3,0,2,0,0,0,0,2420,1,1
7416,0,6,0,7416,478619977,478681890,61913,6,3,2,0,0,0,0,2420,1,1
7417,0,6,3,7417,478696726,478742278,45552,4,2,1,0,0,0,0,2420,1,1
7418,0,6,3,7418,478757099,478786257,29158,2,1,0,0,0,0,0,2420,1,1
7419,0,6,0,7419,478801082,478855574,54492,5,2,2,0,0,0,0,2420,1,1
7420,0,6,3,7420,478870398,478917416,47018,4,1,2,0,0,0,0,2420,1,1
7421,0,6,2,7421,478932241,478970308,38067,3,1,1,0,0,0,0,2420,1,1
7422,0,6,2,7422,478985129,479029232,44103,4,3,0,0,0,0,0,2420,1,1
7423,0,6,4,7423,479044060,479065765,21705,1,0,0,0,0,0,0,2420,1,1
7424,0,6,3,7424,479080582,479141063,60481,6,4,1,0,0,0,0,2420,1,1
7425,0,6,4,7425,479155892,479225272,69380,7,4,2,0,0,0,0,2420,1,1
7426,0,6,3,7426,479240088,479291661,51573,5,4,0,0,0,0,0,2420,1,1
7427,0,6,1,7427,479306489,479352023,45534,4,2,1,0,0,0,0,2420,1,1
7428,0,6,2,7428,479366852,479412435,45583,4,2,1,0,0,0,0,2420,1,1
7429,0,6,1,7429,479427264,479530887,103623,11,5,5,0,0,0,0,2420,1,1
7430,0,6,2,7430,479545718,479567422,21704,1,0,0,0,0,0,0,2420,1,1
7431,0,6,4,7431,479582248,479612871,30623,2,0,1,0,0,0,0,2420,1,1
7432,0,6,3,7432,479627692,479665806,38114,3,1,1,0,0,0,0,2420,1,1
7433,0,6,4,7433,479680638,479711244,30606,2,0,1,0,0,0,0,2420,1,1
7434,0,6,2,7434,479726073,479801476,75403,8,6,1,0,0,0,0,2420,1,1
7435,0,6,2,7435,479816313,479838017,21704,1,0,0,0,0,0,0,2420,1,1
7436,0,6,2,7436,479852846,479874551,21705,1,0,0,0,0,0,0,2420,1,1
7437,0,6,2,7437,479889383,479926048,36665,3,2,0,0,0,0,0,2420,1,1
7438,0,6,2,7438,479940872,480002789,61917,6,3,2,0,0,0,0,2420,1,1
7439,0,6,1,7439,480017621,480070634,53013,5,3,1,0,0,0,0,2420,1,1
7440,0,6,0,7440,480085471,480107191,21720,1,0,0,0,0,0,0,2420,1,1
7441,0,6,4,7441,480122031,480143740,21709,1,0,0,0,0,0,0,2420,1,1
7442,0,6,2,7442,480158565,480195202,36637,3,2,0,0,0,0,0,2420,1,1
7443,0,6,0,7443,480210034,480248138,38104,3,1,1,0,0,0,0,2420,1,1
7444,0,6,1,7444,480262974,480284695,21721,1,0,0,0,0,0,0,2420,1,1
7445,0,6,4,7445,480299535,480416624,117089,13,8,4,0,0,0,0,2420,1,1
7446,0,6,3,7446,480431452,480460641,29189,2,1,0,0,0,0,0,2420,1,1
7447,0,6,2,7447,480475477,480512114,36637,3,2,0,0,0,0,0,2420,1,1
7448,0,6,2,7448,480526943,480548647,21704,1,0,0,0,0,0,0,2420,1,1
7449,0,6,4,7449,480563483,480632836,69353,7,4,2,0,0,0,0,2420,1,1
7450,0,6,3,7450,480647661,480669366,21705,1,0,0,0,0,0,0,2420,1,1
7451,0,6,3,7451,480684202,480723735,39533,3,0,2,0,0,0,0,2420,1,1
7452,0,6,4,7452,480738559,480845069,106510,11,3,7,0,0,0,0,2420,1,1
7453,0,6,3,7453,480859904,480889083,29179,2,1,0,0,0,0,0,2420,1,1
7454,0,6,4,7454,480903912,480925617,21705,1,0,0,0,0,0,0,2420,1,1
7455,0,6,1,7455,480940449,481005303,64854,6,1,4,0,0,0,0,2420,1,1
7456,0,6,4,7456,481020135,481058206,38071,3,1,1,0,0,0,0,2420,1,1
7457,0,6,3,7457,481073039,481151296,78257,8,4,3,0,0,0,0,2420,1,1
7458,0,6,1,7458,481166125,481256505,90380,10,8,1,0,0,0,0,2420,1,1
7459,0,6,4,7459,481271347,481307989,36642,3,2,0,0,0,0,0,2420,1,1
7460,0,6,0,7460,481322817,481386230,63413,6,2,3,0,0,0,0,2420,1,1
7461,0,6,2,7461,481401071,481430226,29155,2,1,0,0,0,0,0,2420,1,1
7462,0,6,3,7462,481445055,481475683,30628,2,0,1,0,0,0,0,2420,1,1
7463,0,6,4,7463,481490515,481519693,29178,2,1,0,0,0,0,0,2420,1,1
7464,0,6,3,7464,481534522,481571157,36635,3,2,0,0,0,0,0,2420,1,1
7465,0,6,2,7465,481585994,481624072,38078,3,1,1,0,0,0,0,2420,1,1
7466,0,6,1,7466,481638897,481678468,39571,3,0,2,0,0,0,0,2420,1,1
7467,0,6,4,7467,481693312,481770194,76882,8,5,2,0,0,0,0,2420,1,1
7468,0,6,4,7468,481785023,481832029,47006,4,1,2,0,0,0,0,2420,1,1
7469,0,6,2,7469,481846866,481876029,29163,2,1,0,0,0,0,0,2420,1,1
7470,0,6,3,7470,481890853,481945313,54460,5,2,2,0,0,0,0,2420,1,1
7471,0,6,2,7471,481960145,482005695,45550,4,2,1,0,0,0,0,2420,1,1
7472,0,6,2,7472,482020520,482042225,21705,1,0,0,0,0,0,0,2420,1,1
7473,0,6,3,7473,482057060,482095144,38084,3,1,1,0,0,0,0,2420,1,1
7474,0,6,4,7474,482109969,482148073,38104,3,1,1,0,0,0,0,2420,1,1
7475,0,6,0,7475,482162909,482218823,55914,5,1,3,0,0,0,0,2420,1,1
7476,0,6,0,7476,482233659,482279212,45553,4,2,1,0,0,0,0,2420,1,1
7477,0,6,0,7477,482294056,482315777,21721,1,0,0,0,0,0,0,2420,1,1
7478,0,6,0,7478,482330609,482374722,44113,4,3,0,0,0,0,0,2420,1,1
7479,0,6,2,7479,482389562,482420173,30611,2,0,1,0,0,0,0,2420,1,1
7480,0,6,0,7480,482435001,482496962,61961,6,3,2,0,0,0,0,2420,1,1
7481,0,6,3,7481,482511801,482579750,67949,7,5,1,0,0,0,0,2420,1,1
7482,0,6,2,7482,482594579,482689244,94665,10,5,4,0,0,0,0,2420,1,1
7483,0,6,1,7483,482704081,482749626,45545,4,2,1,0,0,0,0,2420,1,1
7484,0,6,1,7484,482764462,482786183,21721,1,0,0,0,0,0,0,2420,1,1
7485,0,6,1,7485,482801023,482895800,94777,10,5,4,0,0,0,0,2420,1,1
7486,0,6,0,7486,482910634,482939818,29184,2,1,0,0,0,0,0,2420,1,1
7487,0,6,1,7487,482954663,483007723,53060,5,3,1,0,0,0,0,2420,1,1
7488,0,6,2,7488,483022556,483077017,54461,5,2,2,0,0,0,0,2420,1,1
7489,0,6,0,7489,483091850,483255192,163342,18,8,8,0,1,0,0,2420,1,1
7490,0,6,0,7490,483270027,483317053,47026,4,1,2,0,0,0,0,2420,1,1
7491,0,6,3,7491,483331893,483368558,36665,3,2,0,0,0,0,0,2420,1,1
7492,0,6,3,7492,483383386,483412543,29157,2,1,0,0,0,0,0,2420,1,1
7493,0,6,0,7493,483427378,483449098,21720,1,0,0,0,0,0,0,2420,1,1
7494,0,6,4,7494,483463934,483502003,38069,3,1,1,0,0,0,0,2420,1,1
7495,0,6,0,7495,483516840,483538560,21720,1,0,0,0,0,0,0,2420,1,1
7496,0,6,3,7496,483553396,483657036,103640,11,5,5,0,0,0,0,2420,1,1
7497,0,6,2,7497,483671861,483701014,29153,2,1,0,0,0,0,0,2420,1,1
7498,0,6,1,7498,483715831,483745001,29170,2,1,0,0,0,0,0,2420,1,1
7499,0,6,4,7499,483759830,483805424,45594,4,2,1,0,0,0,0,2420,1,1
7500,0,6,4,7500,483820237,483849410,29173,2,1,0,0,0,0,0,2420,1,1
7501,0,6,2,7501,483864235,483957503,93268,10,6,3,0,0,0,0,2420,1,1
7502,0,6,2,7502,483972318,484001502,29184,2,1,0,0,0,0,0,2420,1,1
7503,0,6,3,7503,484016327,484096069,79742,8,3,4,0,0,0,0,2420,1,1
7504,0,6,4,7504,484110882,484140053,29171,2,1,0,0,0,0,0,2420,1,1
7505,0,6,4,7505,484154878,484218232,63354,6,2,3,0,0,0,0,2420,1,1
7506,0,6,3,7506,484233048,484254753,21705,1,0,0,0,0,0,0,2420,1,1
7507,0,6,3,7507,484269573,484298744,29171,2,1,0,0,0,0,0,2420,1,1
7508,0,6,2,7508,484313561,484384432,70871,7,3,3,0,0,0,0,2420,1,1
7509,0,6,2,7509,484399253,484476129,76876,8,5,2,0,0,0,0,2420,1,1
7510,0,6,4,7510,484490941,484561795,70854,7,3,3,0,0,0,0,2420,1,1
7511,0,6,0,7511,484576620,484622194,45574,4,2,1,0,0,0,0,2420,1,1
7512,0,6,0,7512,484637019,484690027,53008,5,3,1,0,0,0,0,2420,1,1
7513,0,6,3,7513,484704859,484768239,63380,6,2,3,0,0,0,0,2420,1,1
7514,0,6,3,7514,484783056,484813662,30606,2,0,1,0,0,0,0,2420,1,1
7515,0,6,1,7515,484828483,484866623,38140,3,1,1,0,0,0,0,2420,1,1
7516,0,6,0,7516,484881444,484903169,21725,1,0,0,0,0,0,0,2420,1,1
7517,0,6,2,7517,484917998,484939702,21704,1,0,0,0,0,0,0,2420,1,1
7518,0,6,4,7518,484954519,484992583,38064,3,1,1,0,0,0,0,2420,1,1
7519,0,6,1,7519,485007406,485054568,47162,4,2,0,0,1,0,0,2420,1,1
7520,0,6,2,7520,485069389,485098576,29187,2,1,0,0,0,0,0,2420,1,1
7521,0,6,1,7521,485113400,485142581,29181,2,1,0,0,0,0,0,2420,1,1
7522,0,6,4,7522,485157406,485220779,63373,6,2,3,0,0,0,0,2420,1,1
7523,0,6,4,7523,485235604,485300479,64875,6,1,4,0,0,0,0,2420,1,1
7524,0,6,2,7524,485315296,485456319,141023,16,10,5,0,0,0,0,2420,1,1
7525,0,6,1,7525,485471145,485591195,120050,13,6,6,0,0,0,0,2420,1,1
7526,0,6,0,7526,485606024,485644146,38122,3,1,1,0,0,0,0,2420,1,1
7527,0,6,2,7527,485658975,485707418,48443,4,0,3,0,0,0,0,2420,1,1
7528,0,6,4,7528,485722239,485760325,38086,3,1,1,0,0,0,0,2420,1,1
7529,0,6,1,7529,485775150,485796870,21720,1,0,0,0,0,0,0,2420,1,1
7530,0,6,3,7530,485811691,485858697,47006,4,1,2,0,0,0,0,2420,1,1
7531,0,6,3,7531,485873521,485902702,29181,2,1,0,0,0,0,0,2420,1,1
7532,0,6,4,7532,485917518,485970496,52978,5,3,1,0,0,0,0,2420,1,1
7533,0,6,2,7533,485985321,486030879,45558,4,2,1,0,0,0,0,2420,1,1
7534,0,6,3,7534,486045696,486113650,67954,7,5,1,0,0,0,0,2420,1,1
7535,0,6,3,7535,486128470,486168023,39553,3,0,2,0,0,0,0,2420,1,1
7536,0,6,3,7536,486182837,486252258,69421,7,4,2,0,0,0,0,2420,1,1
7537,0,6,1,7537,486267082,486321545,54463,5,2,2,0,0,0,0,2420,1,1
7538,0,6,3,7538,486336370,486448863,112493,12,5,6,0,0,0,0,2420,1,1
7539,0,6,0,7539,486463689,486485410,21721,1,0,0,0,0,0,0,2420,1,1
7540,0,6,1,7540,486500232,486530860,30628,2,0,1,0,0,0,0,2420,1,1
7541,0,6,4,7541,486545691,486576329,30638,2,0,1,0,0,0,0,2420,1,1
7542,0,6,4,7542,486591141,486612850,21709,1,0,0,0,0,0,0,2420,1,1
7543,0,6,4,7543,486627670,486692513,64843,6,1,4,0,0,0,0,2420,1,1
7544,0,6,1,7544,486707330,486761827,54497,5,2,2,0,0,0,0,2420,1,1
7545,0,6,2,7545,486776659,486798363,21704,1,0,0,0,0,0,0,2420,1,1
7546,0,6,4,7546,486813180,486842337,29157,2,1,0,0,0,0,0,2420,1,1
7547,0,6,2,7547,486857161,486887771,30610,2,0,1,0,0,0,0,2420,1,1
7548,0,6,4,7548,486902584,486948139,45555,4,2,1,0,0,0,0,2420,1,1
7549,0,6,3,7549,486962963,487108245,145282,16,7,8,0,0,0,0,2420,1,1
7550,0,6,1,7550,487123062,487199901,76839,8,5,2,0,0,0,0,2420,1,1
7551,0,6,1,7551,487214734,487251368,36634,3,2,0,0,0,0,0,2420,1,1
7552,0,6,3,7552,487266193,487305738,39545,3,0,2,0,0,0,0,2420,1,1
7553,0,6,3,7553,487320559,487383965,63406,6,2,3,0,0,0,0,2420,1,1
7554,0,6,3,7554,487398778,487469600,70822,7,3,3,0,0,0,0,2420,1,1
7555,0,6,2,7555,487484425,487522488,38063,3,1,1,0,0,0,0,2420,1,1
7556,0,6,4,7556,487537305,487573921,36616,3,2,0,0,0,0,0,2420,1,1
7557,0,6,0,7557,487588742,487610462,21720,1,0,0,0,0,0,0,2420,1,1
7558,0,6,4,7558,487625286,487696156,70870,7,3,3,0,0,0,0,2420,1,1
7559,0,6,0,7559,487710976,487741600,30624,2,0,1,0,0,0,0,2420,1,1
7560,0,6,4,7560,487756433,487785618,29185,2,1,0,0,0,0,0,2420,1,1
7561,0,6,3,7561,487800439,487822143,21704,1,0,0,0,0,0,0,2420,1,1
7562,0,6,3,7562,487836960,487858662,21702,1,0,0,0,0,0,0,2420,1,1
7563,0,6,1,7563,487873486,487895207,21721,1,0,0,0,0,0,0,2420,1,1
7564,0,6,0,7564,487910028,487948113,38085,3,1,1,0,0,0,0,2420,1,1
7565,0,6,0,7565,487962946,487984666,21720,1,0,0,0,0,0,0,2420,1,1
7566,0,6,3,7566,487999487,488045045,45558,4,2,1,0,0,0,0,2420,1,1
7567,0,6,0,7567,488059865,488156163,96298,10,5,3,0,1,0,0,2420,1,1
7568,0,6,1,7568,488170985,488218059,47074,4,1,2,0,0,0,0,2420,1,1
7569,0,6,4,7569,488232891,488263506,30615,2,0,1,0,0,0,0,2420,1,1
7570,0,6,0,7570,488278319,488323920,45601,4,2,1,0,0,0,0,2420,1,1
7571,0,6,1,7571,488338749,488406646,67897,7,5,1,0,0,0,0,2420,1,1
7572,0,6,3,7572,488421466,488443174,21708,1,0,0,0,0,0,0,2420,1,1
7573,0,6,3,7573,488457995,488479700,21705,1,0,0,0,0,0,0,2420,1,1
7574,0,6,2,7574,488494516,488532595,38079,3,1,1,0,0,0,0,2420,1,1
7575,0,6,4,7575,488547419,488585499,38080,3,1,1,0,0,0,0,2420,1,1
7576,0,6,1,7576,488600312,488636956,36644,3,2,0,0,0,0,0,2420,1,1
7577,0,6,2,7577,488651784,488682421,30637,2,0,1,0,0,0,0,2420,1,1
7578,0,6,1,7578,488697237,488726423,29186,2,1,0,0,0,0,0,2420,1,1
7579,0,6,4,7579,488741252,488762961,21709,1,0,0,0,0,0,0,2420,1,1
7580,0,6,3,7580,488777774,488806929,29155,2,1,0,0,0,0,0,2420,1,1
7581,0,6,4,7581,488821749,488876230,54481,5,2,2,0,0,0,0,2420,1,1
7582,0,6,0,7582,488891043,488912767,21724,1,0,0,0,0,0,0,2420,1,1
7583,0,6,0,7583,488927595,488998436,70841,7,3,3,0,0,0,0,2420,1,1
7584,0,6,1,7584,489013261,489049891,36630,3,2,0,0,0,0,0,2420,1,1
7585,0,6,4,7585,489064724,489149065,84341,9,6,2,0,0,0,0,2420,1,1
7586,0,6,4,7586,489163882,489185587,21705,1,0,0,0,0,0,0,2420,1,1
7587,0,6,4,7587,489200408,489272725,72317,7,2,4,0,0,0,0,2420,1,1
7588,0,6,3,7588,489287541,489333060,45519,4,2,1,0,0,0,0,2420,1,1
7589,0,6,2,7589,489347880,489402355,54475,5,2,2,0,0,0,0,2420,1,1
7590,0,6,1,7590,489417172,489455294,38122,3,1,1,0,0,0,0,2420,1,1
7591,0,6,3,7591,489470123,489499279,29156,2,1,0,0,0,0,0,2420,1,1
7592,0,6,2,7592,489514104,489570028,55924,5,1,3,0,0,0,0,2420,1,1
7593,0,6,1,7593,489584853,489614033,29180,2,1,0,0,0,0,0,2420,1,1
7594,0,6,2,7594,489628853,489650557,21704,1,0,0,0,0,0,0,2420,1,1
7595,0,6,2,7595,489665382,489696002,30620,2,0,1,0,0,0,0,2420,1,1
7596,0,6,4,7596,489710814,489747448,36634,3,2,0,0,0,0,0,2420,1,1
7597,0,6,2,7597,489762268,489783977,21709,1,0,0,0,0,0,0,2420,1,1
7598,0,6,2,7598,489798789,489853283,54494,5,2,2,0,0,0,0,2420,1,1
7599,0,6,4,7599,489868104,489964219,96115,10,4,5,0,0,0,0,2420,1,1
7600,0,6,1,7600,489979033,490009664,30631,2,0,1,0,0,0,0,2420,1,1
7601,0,6,4,7601,490024498,490078988,54490,5,2,2,0,0,0,0,2420,1,1
7602,0,6,2,7602,490093804,490124430,30626,2,0,1,0,0,0,0,2420,1,1
7603,0,6,0,7603,490139250,490160971,21721,1,0,0,0,0,0,0,2420,1,1
7604,0,6,3,7604,490175795,490212425,36630,3,2,0,0,0,0,0,2420,1,1
7605,0,6,2,7605,490227249,490298272,71023,7,4,1,0,1,0,0,2420,1,1
7606,0,6,4,7606,490313087,490342250,29163,2,1,0,0,0,0,0,2420,1,1
7607,0,6,1,7607,490357074,490435389,78315,8,4,3,0,0,0,0,2420,1,1
7608,0,6,4,7608,490450210,490488309,38099,3,1,1,0,0,0,0,2420,1,1
7609,0,6,1,7609,490503133,490532297,29164,2,1,0,0,0,0,0,2420,1,1
7610,0,6,4,7610,490547122,490609014,61892,6,3,2,0,0,0,0,2420,1,1
7611,0,6,0,7611,490623839,490645559,21720,1,0,0,0,0,0,0,2420,1,1
7612,0,6,1,7612,490660379,490764032,103653,11,5,5,0,0,0,0,2420,1,1
7613,0,6,4,7613,490778862,490800566,21704,1,0,0,0,0,0,0,2420,1,1
7614,0,6,4,7614,490815383,490871288,55905,5,1,3,0,0,0,0,2420,1,1
7615,0,6,3,7615,490886113,490949487,63374,6,2,3,0,0,0,0,2420,1,1
7616,0,6,4,7616,490964304,491017288,52984,5,3,1,0,0,0,0,2420,1,1
7617,0,6,0,7617,491032108,491083696,51588,5,4,0,0,0,0,0,2420,1,1
7618,0,6,3,7618,491098517,491120221,21704,1,0,0,0,0,0,0,2420,1,1
7619,0,6,2,7619,491135046,491164206,29160,2,1,0,0,0,0,0,2420,1,1
7620,0,6,0,7620,491179019,491209652,30633,2,0,1,0,0,0,0,2420,1,1
7621,0,6,2,7621,491224484,491278926,54442,5,2,2,0,0,0,0,2420,1,1
7622,0,6,4,7622,491293744,491315448,21704,1,0,0,0,0,0,0,2420,1,1
7623,0,6,0,7623,491330269,491375847,45578,4,2,1,0,0,0,0,2420,1,1
7624,0,6,3,7624,491390676,491412381,21705,1,0,0,0,0,0,0,2420,1,1
7625,0,6,1,7625,491427205,491448925,21720,1,0,0,0,0,0,0,2420,1,1
7626,0,6,2,7626,491463750,491616498,152748,17,8,8,0,0,0,0,2420,1,1
7627,0,6,1,7627,491631322,491667958,36636,3,2,0,0,0,0,0,2420,1,1
7628,0,6,1,7628,491682783,491713434,30651,2,0,1,0,0,0,0,2420,1,1
7629,0,6,2,7629,491728262,491749967,21705,1,0,0,0,0,0,0,2420,1,1
7630,0,6,0,7630,491764783,491793979,29196,2,1,0,0,0,0,0,2420,1,1
7631,0,6,4,7631,491808809,491839439,30630,2,0,1,0,0,0,0,2420,1,1
7632,0,6,2,7632,491854256,491892341,38085,3,1,1,0,0,0,0,2420,1,1
7633,0,6,0,7633,491907165,491961680,54515,5,2,2,0,0,0,0,2420,1,1
7634,0,6,4,7634,491976505,492016056,39551,3,0,2,0,0,0,0,2420,1,1
7635,0,6,2,7635,492030877,492076420,45543,4,2,1,0,0,0,0,2420,1,1
7636,0,6,1,7636,492091233,492194853,103620,11,5,5,0,0,0,0,2420,1,1
7637,0,6,0,7637,492209685,492238856,29171,2,1,0,0,0,0,0,2420,1,1
7638,0,6,4,7638,492253680,492321621,67941,7,5,1,0,0,0,0,2420,1,1
7639,0,6,2,7639,492336446,492358150,21704,1,0,0,0,0,0,0,2420,1,1
7640,0,6,3,7640,492372967,492402152,29185,2,1,0,0,0,0,0,2420,1,1
7641,0,6,0,7641,492416977,492480342,63365,6,2,3,0,0,0,0,2420,1,1
7642,0,6,2,7642,492495167,492533261,38094,3,1,1,0,0,0,0,2420,1,1
7643,0,6,0,7643,492548083,492569803,21720,1,0,0,0,0,0,0,2420,1,1
7644,0,6,0,7644,492584627,492697141,112514,12,5,6,0,0,0,0,2420,1,1
7645,0,6,3,7645,492711972,492756081,44109,4,3,0,0,0,0,0,2420,1,1
7646,0,6,4,7646,492770894,492871667,100773,11,7,3,0,0,0,0,2420,1,1
7647,0,6,2,7647,492886495,492915677,29182,2,1,0,0,0,0,0,2420,1,1
7648,0,6,1,7648,492930490,492995316,64826,6,1,4,0,0,0,0,2420,1,1
7649,0,6,0,7649,493010145,493094482,84337,9,6,2,0,0,0,0,2420,1,1
7650,0,6,0,7650,493109303,493162315,53012,5,3,1,0,0,0,0,2420,1,1
7651,0,6,4,7651,493177147,493239050,61903,6,3,2,0,0,0,0,2420,1,1
7652,0,6,4,7652,493253867,493330682,76815,8,5,2,0,0,0,0,2420,1,1
7653,0,6,2,7653,493345507,493391031,45524,4,2,1,0,0,0,0,2420,1,1
7654,0,6,0,7654,493405848,493458875,53027,5,3,1,0,0,0,0,2420,1,1
7655,0,6,4,7655,493473707,493502891,29184,2,1,0,0,0,0,0,2420,1,1
7656,0,6,2,7656,493517712,493554344,36632,3,2,0,0,0,0,0,2420,1,1
7657,0,6,0,7657,493569164,493613257,44093,4,3,0,0,0,0,0,2420,1,1
7658,0,6,2,7658,493628078,493697456,69378,7,4,2,0,0,0,0,2420,1,1
7659,0,6,1,7659,493712278,493793525,81247,8,2,5,0,0,0,0,2420,1,1
7660,0,6,3,7660,493808346,493855348,47002,4,1,2,0,0,0,0,2420,1,1
7661,0,6,2,7661,493870169,493908248,38079,3,1,1,0,0,0,0,2420,1,1
7662,0,6,4,7662,493923064,493944769,21705,1,0,0,0,0,0,0,2420,1,1
7663,0,6,3,7663,493959589,493988776,29187,2,1,0,0,0,0,0,2420,1,1
7664,0,6,1,7664,494003593,494050612,47019,4,1,2,0,0,0,0,2420,1,1
7665,0,6,2,7665,494065445,494103547,38102,3,1,1,0,0,0,0,2420,1,1
7666,0,6,3,7666,494118359,494181759,63400,6,2,3,0,0,0,0,2420,1,1
7667,0,6,1,7667,494196583,494225782,29199,2,1,0,0,0,0,0,2420,1,1
7668,0,6,3,7668,494240602,494262307,21705,1,0,0,0,0,0,0,2420,1,1
7669,0,6,2,7669,494277131,494306296,29165,2,1,0,0,0,0,0,2420,1,1
7670,0,6,1,7670,494321110,494342834,21724,1,0,0,0,0,0,0,2420,1,1
7671,0,6,1,7671,494357662,494386845,29183,2,1,0,0,0,0,0,2420,1,1
7672,0,6,2,7672,494401666,494423374,21708,1,0,0,0,0,0,0,2420,1,1
7673,0,6,1,7673,494438195,494532887,94692,10,5,4,0,0,0,0,2420,1,1
7674,0,6,0,7674,494547710,494611166,63456,6,2,3,0,0,0,0,2420,1,1
7675,0,6,3,7675,494625999,494655175,29176,2,1,0,0,0,0,0,2420,1,1
7676,0,6,3,7676,494669987,494691691,21704,1,0,0,0,0,0,0,2420,1,1
7677,0,6,4,7677,494706516,494820479,113963,12,4,7,0,0,0,0,2420,1,1
7678,0,6,2,7678,494835299,494864484,29185,2,1,0,0,0,0,0,2420,1,1
7679,0,6,2,7679,494879305,494918839,39534,3,0,2,0,0,0,0,2420,1,1
7680,0,6,3,7680,494933656,494955361,21705,1,0,0,0,0,0,0,2420,1,1
7681,0,6,0,7681,494970181,495023207,53026,5,3,1,0,0,0,0,2420,1,1
7682,0,6,2,7682,495038027,495143053,105026,11,4,6,0,0,0,0,2420,1,1
7683,0,6,1,7683,495157876,495209464,51588,5,4,0,0,0,0,0,2420,1,1
7684,0,6,2,7684,495224289,495245991,21702,1,0,0,0,0,0,0,2420,1,1
7685,0,6,2,7685,495260811,495339189,78378,8,4,3,0,0,0,0,2420,1,1
7686,0,6,1,7686,495354005,495384649,30644,2,0,1,0,0,0,0,2420,1,1
7687,0,6,3,7687,495399477,495436145,36668,3,2,0,0,0,0,0,2420,1,1
7688,0,6,1,7688,495450966,495562038,111072,12,6,5,0,0,0,0,2420,1,1
7689,0,6,4,7689,495576873,495616400,39527,3,0,2,0,0,0,0,2420,1,1
7690,0,6,3,7690,495631212,495679653,48441,4,0,3,0,0,0,0,2420,1,1
7691,0,6,4,7691,495694478,495750409,55931,5,1,3,0,0,0,0,2420,1,1
7692,0,6,1,7692,495765226,495795869,30643,2,0,1,0,0,0,0,2420,1,1
7693,0,6,0,7693,495810698,495832418,21720,1,0,0,0,0,0,0,2420,1,1
7694,0,6,1,7694,495847242,495892823,45581,4,2,1,0,0,0,0,2420,1,1
7695,0,6,2,7695,495907652,495960649,52997,5,3,1,0,0,0,0,2420,1,1
7696,0,6,1,7696,495975465,496006107,30642,2,0,1,0,0,0,0,2420,1,1
7697,0,6,1,7697,496020936,496072504,51568,5,4,0,0,0,0,0,2420,1,1
7698,0,6,1,7698,496087329,496156754,69425,7,4,2,0,0,0,0,2420,1,1
7699,0,6,3,7699,496171582,496232112,60530,6,4,1,0,0,0,0,2420,1,1
7700,0,6,2,7700,496246928,496373050,126122,14,8,5,0,0,0,0,2420,1,1
7701,0,6,2,7701,496387873,496409578,21705,1,0,0,0,0,0,0,2420,1,1
7702,0,6,4,7702,496424395,496510182,85787,9,5,3,0,0,0,0,2420,1,1
7703,0,6,3,7703,496525007,496603275,78268,8,4,3,0,0,0,0,2420,1,1
7704,0,6,4,7704,496618088,496697815,79727,8,3,4,0,0,0,0,2420,1,1
7705,0,6,0,7705,496712635,496743290,30655,2,0,1,0,0,0,0,2420,1,1
7706,0,6,3,7706,496758111,496779815,21704,1,0,0,0,0,0,0,2420,1,1
7707,0,6,2,7707,496794640,496816345,21705,1,0,0,0,0,0,0,2420,1,1
7708,0,6,0,7708,496831158,496852882,21724,1,0,0,0,0,0,0,2420,1,1
7709,0,6,2,7709,496867710,496946040,78330,8,4,3,0,0,0,0,2420,1,1
7710,0,6,1,7710,496960853,497021339,60486,6,4,1,0,0,0,0,2420,1,1
7711,0,6,3,7711,497036172,497080308,44136,4,3,0,0,0,0,0,2420,1,1
7712,0,6,1,7712,497095125,497133220,38095,3,1,1,0,0,0,0,2420,1,1
7713,0,6,3,7713,497148048,497238216,90168,9,2,6,0,0,0,0,2420,1,1
7714,0,6,0,7714,497253031,497298592,45561,4,2,1,0,0,0,0,2420,1,1
7715,0,6,1,7715,497313425,497335145,21720,1,0,0,0,0,0,0,2420,1,1
7716,0,6,0,7716,497349966,497371686,21720,1,0,0,0,0,0,0,2420,1,1
7717,0,6,2,7717,497386518,497408222,21704,1,0,0,0,0,0,0,2420,1,1
7718,0,6,2,7718,497423035,497483501,60466,6,4,1,0,0,0,0,2420,1,1
7719,0,6,3,7719,497498322,497520027,21705,1,0,0,0,0,0,0,2420,1,1
7720,0,6,2,7720,497534851,497657918,123067,14,10,3,0,0,0,0,2420,1,1
7721,0,6,3,7721,497672742,497694449,21707,1,0,0,0,0,0,0,2420,1,1
7722,0,6,0,7722,497709262,497739908,30646,2,0,1,0,0,0,0,2420,1,1
7723,0,6,3,7723,497754740,497807733,52993,5,3,1,0,0,0,0,2420,1,1
7724,0,6,0,7724,497822546,497844270,21724,1,0,0,0,0,0,0,2420,1,1
7725,0,6,2,7725,497859098,497880803,21705,1,0,0,0,0,0,0,2420,1,1
7726,0,6,1,7726,497895619,497942649,47030,4,1,2,0,0,0,0,2420,1,1
7727,0,6,3,7727,497957479,497988113,30634,2,0,1,0,0,0,0,2420,1,1
7728,0,6,1,7728,498002927,498096219,93292,10,6,3,0,0,0,0,2420,1,1
7729,0,6,0,7729,498111049,498149165,38116,3,1,1,0,0,0,0,2420,1,1
7730,0,6,3,7730,498163990,498193164,29174,2,1,0,0,0,0,0,2420,1,1
7731,0,6,4,7731,498207985,498229689,21704,1,0,0,0,0,0,0,2420,1,1
7732,0,6,3,7732,498244507,498282603,38096,3,1,1,0,0,0,0,2420,1,1
7733,0,6,2,7733,498297426,498319130,21704,1,0,0,0,0,0,0,2420,1,1
7734,0,6,4,7734,498333946,498355651,21705,1,0,0,0,0,0,0,2420,1,1
7735,0,6,1,7735,498370471,498392191,21720,1,0,0,0,0,0,0,2420,1,1
7736,0,6,1,7736,498407015,498455486,48471,4,0,3,0,0,0,0,2420,1,1
7737,0,6,0,7737,498470314,498492034,21720,1,0,0,0,0,0,0,2420,1,1
7738,0,6,2,7738,498506859,498544931,38072,3,1,1,0,0,0,0,2420,1,1
7739,0,6,4,7739,498559753,498588924,29171,2,1,0,0,0,0,0,2420,1,1
7740,0,6,0,7740,498603741,498680572,76831,8,5,2,0,0,0,0,2420,1,1
7741,0,6,0,7741,498695405,498726057,30652,2,0,1,0,0,0,0,2420,1,1
7742,0,6,0,7742,498740877,498811753,70876,7,3,3,0,0,0,0,2420,1,1
7743,0,6,1,7743,498826585,498855788,29203,2,1,0,0,0,0,0,2420,1,1
7744,0,6,1,7744,498870608,498892329,21721,1,0,0,0,0,0,0,2420,1,1
7745,0,6,1,7745,498907161,498951266,44105,4,3,0,0,0,0,0,2420,1,1
7746,0,6,3,7746,498966090,499005619,39529,3,0,2,0,0,0,0,2420,1,1
7747,0,6,3,7747,499020439,499106253,85814,9,5,3,0,0,0,0,2420,1,1
7748,0,6,3,7748,499121065,499166622,45557,4,2,1,0,0,0,0,2420,1,1
7749,0,6,1,7749,499181443,499256921,75478,8,6,1,0,0,0,0,2420,1,1
7750,0,6,0,7750,499271741,499351522,79781,8,3,4,0,0,0,0,2420,1,1
7751,0,6,1,7751,499366355,499396980,30625,2,0,1,0,0,0,0,2420,1,1
7752,0,6,4,7752,499411808,499525958,114150,12,5,5,0,1,0,0,2420,1,1
7753,0,6,3,7753,499540782,499586313,45531,4,2,1,0,0,0,0,2420,1,1
7754,0,6,3,7754,499601125,499639210,38085,3,1,1,0,0,0,0,2420,1,1
7755,0,6,0,7755,499654035,499692110,38075,3,1,1,0,0,0,0,2420,1,1
7756,0,6,3,7756,499706934,499728638,21704,1,0,0,0,0,0,0,2420,1,1
7757,0,6,4,7757,499743463,499811423,67960,7,5,1,0,0,0,0,2420,1,1
7758,0,6,1,7758,499826240,499847961,21721,1,0,0,0,0,0,0,2420,1,1
7759,0,6,0,7759,499862793,499884514,21721,1,0,0,0,0,0,0,2420,1,1
7760,0,6,0,7760,499899334,499953846,54512,5,2,2,0,0,0,0,2420,1,1
7761,0,6,0,7761,499968674,499990394,21720,1,0,0,0,0,0,0,2420,1,1
7762,0,6,3,7762,500005219,500059694,54475,5,2,2,0,0,0,0,2420,1,1
7763,0,6,2,7763,500074518,500178151,103633,11,5,5,0,0,0,0,2420,1,1
7764,0,6,2,7764,500192970,500214675,21705,1,0,0,0,0,0,0,2420,1,1
7765,0,6,3,7765,500229496,500266101,36605,3,2,0,0,0,0,0,2420,1,1
7766,0,6,1,7766,500280913,500310098,29185,2,1,0,0,0,0,0,2420,1,1
7767,0,6,2,7767,500324930,500361581,36651,3,2,0,0,0,0,0,2420,1,1
7768,0,6,3,7768,500376399,500447209,70810,7,3,3,0,0,0,0,2420,1,1
7769,0,6,2,7769,500462030,500483739,21709,1,0,0,0,0,0,0,2420,1,1
7770,0,6,3,7770,500498552,500520257,21705,1,0,0,0,0,0,0,2420,1,1
7771,0,6,3,7771,500535081,500556786,21705,1,0,0,0,0,0,0,2420,1,1
7772,0,6,0,7772,500571598,500593323,21725,1,0,0,0,0,0,0,2420,1,1
7773,0,6,2,7773,500608152,500656593,48441,4,0,3,0,0,0,0,2420,1,1
7774,0,6,2,7774,500671406,500693114,21708,1,0,0,0,0,0,0,2420,1,1
7775,0,6,1,7775,500707935,500737128,29193,2,1,0,0,0,0,0,2420,1,1
7776,0,6,4,7776,500751949,500791494,39545,3,0,2,0,0,0,0,2420,1,1
7777,0,6,2,7777,500806319,500844418,38099,3,1,1,0,0,0,0,2420,1,1
7778,0,6,4,7778,500859231,500931523,72292,7,2,4,0,0,0,0,2420,1,1
7779,0,6,0,7779,500946348,501000827,54479,5,2,2,0,0,0,0,2420,1,1
7780,0,6,3,7780,501015651,501044811,29160,2,1,0,0,0,0,0,2420,1,1
7781,0,6,1,7781,501059631,501239302,179671,20,9,9,0,1,0,0,2420,1,1
7782,0,6,2,7782,501254130,501283293,29163,2,1,0,0,0,0,0,2420,1,1
7783,0,6,0,7783,501298113,501319834,21721,1,0,0,0,0,0,0,2420,1,1
7784,0,6,0,7784,501334662,501380248,45586,4,2,1,0,0,0,0,2420,1,1
7785,0,6,1,7785,501395080,501424257,29177,2,1,0,0,0,0,0,2420,1,1
7786,0,6,4,7786,501439077,501460782,21705,1,0,0,0,0,0,0,2420,1,1
7787,0,6,1,7787,501475606,501534671,59065,6,5,0,0,0,0,0,2420,1,1
7788,0,6,2,7788,501549492,501681476,131984,15,10,4,0,0,0,0,2420,1,1
7789,0,6,0,7789,501696306,501752227,55921,5,1,3,0,0,0,0,2420,1,1
7790,0,6,4,7790,501767051,501815494,48443,4,0,3,0,0,0,0,2420,1,1
7791,0,6,0,7791,501830315,501852036,21721,1,0,0,0,0,0,0,2420,1,1
7792,0,6,1,7792,501866860,501913887,47027,4,1,2,0,0,0,0,2420,1,1
7793,0,6,1,7793,501928715,501966829,38114,3,1,1,0,0,0,0,2420,1,1
7794,0,6,2,7794,501981650,502027237,45587,4,2,1,0,0,0,0,2420,1,1
7795,0,6,1,7795,502042057,502112870,70813,7,3,3,0,0,0,0,2420,1,1
7796,0,6,2,7796,502127692,502195692,68000,7,5,1,0,0,0,0,2420,1,1
7797,0,6,3,7797,502210512,502296300,85788,9,5,3,0,0,0,0,2420,1,1
7798,0,6,1,7798,502311113,502349238,38125,3,1,1,0,0,0,0,2420,1,1
7799,0,6,2,7799,502364070,502440906,76836,8,5,2,0,0,0,0,2420,1,1
7800,0,6,2,7800,502455723,502519119,63396,6,2,3,0,0,0,0,2420,1,1
7801,0,6,0,7801,502533944,502604824,70880,7,3,3,0,0,0,0,2420,1,1
7802,0,6,4,7802,502619645,502695057,75412,8,6,1,0,0,0,0,2420,1,1
7803,0,6,1,7803,502709877,502774724,64847,6,1,4,0,0,0,0,2420,1,1
7804,0,6,1,7804,502789544,502811265,21721,1,0,0,0,0,0,0,2420,1,1
7805,0,6,0,7805,502826098,502864218,38120,3,1,1,0,0,0,0,2420,1,1
7806,0,6,3,7806,502879038,502924593,45555,4,2,1,0,0,0,0,2420,1,1
7807,0,6,0,7807,502939414,502992452,53038,5,3,1,0,0,0,0,2420,1,1
7808,0,6,4,7808,503007276,503036443,29167,2,1,0,0,0,0,0,2420,1,1
7809,0,6,1,7809,503051264,503081915,30651,2,0,1,0,0,0,0,2420,1,1
7810,0,6,2,7810,503096739,503125907,29168,2,1,0,0,0,0,0,2420,1,1
7811,0,6,0,7811,503140728,503169920,29192,2,1,0,0,0,0,0,2420,1,1
7812,0,6,3,7812,503184745,503249618,64873,6,1,4,0,0,0,0,2420,1,1
7813,0,6,3,7813,503264443,503286149,21706,1,0,0,0,0,0,0,2420,1,1
7814,0,6,0,7814,503300961,503330137,29176,2,1,0,0,0,0,0,2420,1,1
7815,0,6,2,7815,503344970,503383054,38084,3,1,1,0,0,0,0,2420,1,1
7816,0,6,1,7816,503397871,503532842,134971,15,8,6,0,0,0,0,2420,1,1
7817,0,6,0,7817,503547673,503569394,21721,1,0,0,0,0,0,0,2420,1,1
7818,0,6,0,7818,503584218,503613420,29202,2,1,0,0,0,0,0,2420,1,1
7819,0,6,3,7819,503628249,503675253,47004,4,1,2,0,0,0,0,2420,1,1
7820,0,6,0,7820,503690065,503719260,29195,2,1,0,0,0,0,0,2420,1,1
7821,0,6,2,7821,503734093,503772183,38090,3,1,1,0,0,0,0,2420,1,1
7822,0,6,3,7822,503787000,503840007,53007,5,3,1,0,0,0,0,2420,1,1
7823,0,6,4,7823,503854831,503900379,45548,4,2,1,0,0,0,0,2420,1,1
7824,0,6,2,7824,503915196,503951824,36628,3,2,0,0,0,0,0,2420,1,1
7825,0,6,4,7825,503966648,503988353,21705,1,0,0,0,0,0,0,2420,1,1
7826,0,6,0,7826,504003170,504063716,60546,6,4,1,0,0,0,0,2420,1,1
7827,0,6,4,7827,504078545,504100249,21704,1,0,0,0,0,0,0,2420,1,1
7828,0,6,4,7828,504115067,504275280,160213,18,9,8,0,0,0,0,2420,1,1
7829,0,6,0,7829,504290104,504352104,62000,6,3,2,0,0,0,0,2420,1,1
7830,0,6,0,7830,504366929,504495872,128943,14,6,7,0,0,0,0,2420,1,1
7831,0,6,4,7831,504510704,504569691,58987,6,5,0,0,0,0,0,2420,1,1
7832,0,6,2,7832,504584508,504977120,392612,47,27,19,0,0,0,0,2420,1,1
7833,0,6,4,7833,504991947,505030017,38070,3,1,1,0,0,0,0,2420,1,1
7834,0,6,1,7834,505044833,505123177,78344,8,4,3,0,0,0,0,2420,1,1
7835,0,6,4,7835,505138006,505167161,29155,2,1,0,0,0,0,0,2420,1,1
7836,0,6,2,7836,505181974,505218605,36631,3,2,0,0,0,0,0,2420,1,1
7837,0,6,0,7837,505233430,505270104,36674,3,2,0,0,0,0,0,2420,1,1
7838,0,6,4,7838,505284929,505306633,21704,1,0,0,0,0,0,0,2420,1,1
7839,0,6,4,7839,505321453,505350627,29174,2,1,0,0,0,0,0,2420,1,1
7840,0,6,2,7840,505365443,505402082,36639,3,2,0,0,0,0,0,2420,1,1
7841,0,6,1,7841,505416906,505487769,70863,7,3,3,0,0,0,0,2420,1,1
7842,0,6,4,7842,505502590,505628529,125939,14,8,5,0,0,0,0,2420,1,1
7843,0,6,3,7843,505643357,505736581,93224,10,6,3,0,0,0,0,2420,1,1
7844,0,6,1,7844,505751396,505789509,38113,3,1,1,0,0,0,0,2420,1,1
7845,0,6,3,7845,505804341,505826043,21702,1,0,0,0,0,0,0,2420,1,1
7846,0,6,4,7846,505840856,505887895,47039,4,1,2,0,0,0,0,2420,1,1
7847,0,6,0,7847,505902716,505931911,29195,2,1,0,0,0,0,0,2420,1,1
7848,0,6,3,7848,505946739,506017642,70903,7,3,3,0,0,0,0,2420,1,1
7849,0,6,1,7849,506032462,506061629,29167,2,1,0,0,0,0,0,2420,1,1
7850,0,6,0,7850,506076454,506130918,54464,5,2,2,0,0,0,0,2420,1,1
7851,0,6,2,7851,506145750,506231548,85798,9,5,3,0,0,0,0,2420,1,1
7852,0,6,1,7852,506246365,506306804,60439,6,4,1,0,0,0,0,2420,1,1
7853,0,6,3,7853,506321632,506370103,48471,4,0,3,0,0,0,0,2420,1,1
7854,0,6,3,7854,506384920,506414087,29167,2,1,0,0,0,0,0,2420,1,1
7855,0,6,1,7855,506428907,506490877,61970,6,3,2,0,0,0,0,2420,1,1
7856,0,6,0,7856,506505702,506648077,142375,16,9,6,0,0,0,0,2420,1,1
7857,0,6,2,7857,506662912,506733765,70853,7,3,3,0,0,0,0,2420,1,1
7858,0,6,0,7858,506748578,506785207,36629,3,2,0,0,0,0,0,2420,1,1
7859,0,6,2,7859,506800036,506853027,52991,5,3,1,0,0,0,0,2420,1,1
7860,0,6,4,7860,506867840,506913364,45524,4,2,1,0,0,0,0,2420,1,1
7861,0,6,3,7861,506928185,506966269,38084,3,1,1,0,0,0,0,2420,1,1
7862,0,6,4,7862,506981082,507019174,38092,3,1,1,0,0,0,0,2420,1,1
7863,0,6,2,7863,507033999,507063162,29163,2,1,0,0,0,0,0,2420,1,1
7864,0,6,2,7864,507077975,507156318,78343,8,4,3,0,0,0,0,2420,1,1
7865,0,6,0,7865,507171139,507209249,38110,3,1,1,0,0,0,0,2420,1,1
7866,0,6,0,7866,507224073,507296347,72274,7,2,4,0,0,0,0,2420,1,1
7867,0,6,4,7867,507311175,507382043,70868,7,3,3,0,0,0,0,2420,1,1
7868,0,6,4,7868,507396859,507434967,38108,3,1,1,0,0,0,0,2420,1,1
7869,0,6,2,7869,507449787,507478948,29161,2,1,0,0,0,0,0,2420,1,1
7870,0,6,3,7870,507493764,507552746,58982,6,5,0,0,0,0,0,2420,1,1
7871,0,6,0,7871,507567567,507589288,21721,1,0,0,0,0,0,0,2420,1,1
7872,0,6,4,7872,507604112,507667480,63368,6,2,3,0,0,0,0,2420,1,1
7873,0,6,0,7873,507682301,507727889,45588,4,2,1,0,0,0,0,2420,1,1
7874,0,6,4,7874,507742710,507771894,29184,2,1,0,0,0,0,0,2420,1,1
7875,0,6,4,7875,507786718,507817347,30629,2,0,1,0,0,0,0,2420,1,1
7876,0,6,2,7876,507832159,507870226,38067,3,1,1,0,0,0,0,2420,1,1
7877,0,6,4,7877,507885050,507961930,76880,8,5,2,0,0,0,0,2420,1,1
7878,0,6,4,7878,507976747,508005907,29160,2,1,0,0,0,0,0,2420,1,1
7879,0,6,2,7879,508020727,508042431,21704,1,0,0,0,0,0,0,2420,1,1
7880,0,6,1,7880,508057251,508111726,54475,5,2,2,0,0,0,0,2420,1,1
7881,0,6,3,7881,508126558,508206296,79738,8,3,4,0,0,0,0,2420,1,1
7882,0,6,4,7882,508221108,508257731,36623,3,2,0,0,0,0,0,2420,1,1
7883,0,6,3,7883,508272551,508304792,32241,2,0,0,0,1,0,0,2420,1,1
7884,0,6,1,7884,508319605,508390513,70908,7,3,3,0,0,0,0,2420,1,1
7885,0,6,4,7885,508405345,508427050,21705,1,0,0,0,0,0,0,2420,1,1
7886,0,6,1,7886,508441862,508463587,21725,1,0,0,0,0,0,0,2420,1,1
7887,0,6,2,7887,508478416,508538858,60442,6,4,1,0,0,0,0,2420,1,1
7888,0,6,2,7888,508553674,508575379,21705,1,0,0,0,0,0,0,2420,1,1
7889,0,6,0,7889,508590200,508626864,36664,3,2,0,0,0,0,0,2420,1,1
7890,0,6,2,7890,508641684,508685780,44096,4,3,0,0,0,0,0,2420,1,1
7891,0,6,2,7891,508700600,508827996,127396,14,7,6,0,0,0,0,2420,1,1
7892,0,6,2,7892,508842815,508928586,85771,9,5,3,0,0,0,0,2420,1,1
7893,0,6,0,7893,508943411,508982960,39549,3,0,2,0,0,0,0,2420,1,1
7894,0,6,3,7894,508997781,509026947,29166,2,1,0,0,0,0,0,2420,1,1
7895,0,6,3,7895,509041767,509191651,149884,17,10,6,0,0,0,0,2420,1,1
7896,0,6,3,7896,509206473,509228177,21704,1,0,0,0,0,0,0,2420,1,1
7897,0,6,4,7897,509243001,509281110,38109,3,1,1,0,0,0,0,2420,1,1
7898,0,6,1,7898,509295928,509347575,51647,5,4,0,0,0,0,0,2420,1,1
7899,0,6,0,7899,509362403,509449638,87235,9,4,4,0,0,0,0,2420,1,1
7900,0,6,1,7900,509464463,509493668,29205,2,1,0,0,0,0,0,2420,1,1
7901,0,6,2,7901,509508497,509548029,39532,3,0,2,0,0,0,0,2420,1,1
7902,0,6,1,7902,509562846,509635163,72317,7,2,4,0,0,0,0,2420,1,1
7903,0,6,2,7903,509649991,509680601,30610,2,0,1,0,0,0,0,2420,1,1
7904,0,6,1,7904,509695417,509733522,38105,3,1,1,0,0,0,0,2420,1,1
7905,0,6,3,7905,509748351,509793917,45566,4,2,1,0,0,0,0,2420,1,1
7906,0,6,2,7906,509808730,509866267,57537,5,1,2,0,1,0,0,2420,1,1
7907,0,6,0,7907,509881088,509943032,61944,6,3,2,0,0,0,0,2420,1,1
7908,0,6,4,7908,509957852,509995938,38086,3,1,1,0,0,0,0,2420,1,1
7909,0,6,0,7909,510010759,510057797,47038,4,1,2,0,0,0,0,2420,1,1
7910,0,6,0,7910,510072617,510103268,30651,2,0,1,0,0,0,0,2420,1,1
7911,0,6,4,7911,510118096,510157616,39520,3,0,2,0,0,0,0,2420,1,1
7912,0,6,3,7912,510172433,510194142,21709,1,0,0,0,0,0,0,2420,1,1
7913,0,6,2,7913,510208962,510261960,52998,5,3,1,0,0,0,0,2420,1,1
7914,0,6,1,7914,510276777,510313424,36647,3,2,0,0,0,0,0,2420,1,1
7915,0,6,0,7915,510328253,510375252,46999,4,1,2,0,0,0,0,2420,1,1
7916,0,6,4,7916,510390073,510437099,47026,4,1,2,0,0,0,0,2420,1,1
7917,0,6,2,7917,510451920,510481107,29187,2,1,0,0,0,0,0,2420,1,1
7918,0,6,0,7918,510495923,510562243,66320,6,0,5,0,0,0,0,2420,1,1
7919,0,6,4,7919,510577076,510606230,29154,2,1,0,0,0,0,0,2420,1,1
7920,0,6,1,7920,510621043,510651680,30637,2,0,1,0,0,0,0,2420,1,1
7921,0,6,2,7921,510666512,510695666,29154,2,1,0,0,0,0,0,2420,1,1
7922,0,6,3,7922,510710478,510732183,21705,1,0,0,0,0,0,0,2420,1,1
7923,0,6,3,7923,510747008,510840268,93260,10,6,3,0,0,0,0,2420,1,1
7924,0,6,4,7924,510855087,510876792,21705,1,0,0,0,0,0,0,2420,1,1
7925,0,6,3,7925,510891612,510913321,21709,1,0,0,0,0,0,0,2420,1,1
7926,0,6,4,7926,510928133,510958773,30640,2,0,1,0,0,0,0,2420,1,1
7927,0,6,4,7927,510973597,510995302,21705,1,0,0,0,0,0,0,2420,1,1
7928,0,6,3,7928,511010115,511073457,63342,6,2,3,0,0,0,0,2420,1,1
7929,0,6,2,7929,511088278,511109982,21704,1,0,0,0,0,0,0,2420,1,1
7930,0,6,3,7930,511124799,511188143,63344,6,2,3,0,0,0,0,2420,1,1
7931,0,6,1,7931,511202968,511282787,79819,8,3,4,0,0,0,0,2420,1,1
7932,0,6,3,7932,511297608,511378808,81200,8,2,5,0,0,0,0,2420,1,1
7933,0,6,0,7933,511393633,511454129,60496,6,4,1,0,0,0,0,2420,1,1
7934,0,6,0,7934,511468950,511490670,21720,1,0,0,0,0,0,0,2420,1,1
7935,0,6,1,7935,511505502,511542158,36656,3,2,0,0,0,0,0,2420,1,1
7936,0,6,3,7936,511556982,511595077,38095,3,1,1,0,0,0,0,2420,1,1
7937,0,6,2,7937,511609898,511655445,45547,4,2,1,0,0,0,0,2420,1,1
7938,0,6,3,7938,511670258,511715788,45530,4,2,1,0,0,0,0,2420,1,1
7939,0,6,4,7939,511730609,511768731,38122,3,1,1,0,0,0,0,2420,1,1
7940,0,6,4,7940,511783548,511827631,44083,4,3,0,0,0,0,0,2420,1,1
7941,0,6,1,7941,511842452,511880565,38113,3,1,1,0,0,0,0,2420,1,1
7942,0,6,4,7942,511895390,511981136,85746,9,5,3,0,0,0,0,2420,1,1
7943,0,6,1,7943,511995960,512025144,29184,2,1,0,0,0,0,0,2420,1,1
7944,0,6,0,7944,512039969,512095885,55916,5,1,3,0,0,0,0,2420,1,1
7945,0,6,3,7945,512110714,512139896,29182,2,1,0,0,0,0,0,2420,1,1
7946,0,6,1,7946,512154713,512183883,29170,2,1,0,0,0,0,0,2420,1,1
7947,0,6,3,7947,512198712,512235367,36655,3,2,0,0,0,0,0,2420,1,1
7948,0,6,1,7948,512250180,512271901,21721,1,0,0,0,0,0,0,2420,1,1
7949,0,6,1,7949,512286734,512317376,30642,2,0,1,0,0,0,0,2420,1,1
7950,0,6,0,7950,512332197,512361377,29180,2,1,0,0,0,0,0,2420,1,1
7951,0,6,1,7951,512376210,512454555,78345,8,4,3,0,0,0,0,2420,1,1
7952,0,6,3,7952,512469375,512604270,134895,15,8,6,0,0,0,0,2420,1,1
7953,0,6,2,7953,512619093,512640798,21705,1,0,0,0,0,0,0,2420,1,1
7954,0,6,4,7954,512655615,512751729,96114,10,4,5,0,0,0,0,2420,1,1
7955,0,6,4,7955,512766554,512803177,36623,3,2,0,0,0,0,0,2420,1,1
7956,0,6,2,7956,512817990,512863544,45554,4,2,1,0,0,0,0,2420,1,1
7957,0,6,0,7957,512878364,512996910,118546,13,7,5,0,0,0,0,2420,1,1
7958,0,6,0,7958,513011734,513051309,39575,3,0,2,0,0,0,0,2420,1,1
7959,0,6,2,7959,513066142,513104206,38064,3,1,1,0,0,0,0,2420,1,1
7960,0,6,1,7960,513119018,513140739,21721,1,0,0,0,0,0,0,2420,1,1
7961,0,6,3,7961,513155571,513186200,30629,2,0,1,0,0,0,0,2420,1,1
7962,0,6,0,7962,513201012,513288254,87242,9,4,4,0,0,0,0,2420,1,1
7963,0,6,1,7963,513303083,513356126,53043,5,3,1,0,0,0,0,2420,1,1
7964,0,6,0,7964,513370946,513401573,30627,2,0,1,0,0,0,0,2420,1,1
7965,0,6,4,7965,513416406,513453057,36651,3,2,0,0,0,0,0,2420,1,1
7966,0,6,3,7966,513467870,513504486,36616,3,2,0,0,0,0,0,2420,1,1
7967,0,6,0,7967,513519306,513541027,21721,1,0,0,0,0,0,0,2420,1,1
7968,0,6,2,7968,513555852,513577557,21705,1,0,0,0,0,0,0,2420,1,1
7969,0,6,4,7969,513592377,513637938,45561,4,2,1,0,0,0,0,2420,1,1
7970,0,6,3,7970,513652750,513674458,21708,1,0,0,0,0,0,0,2420,1,1
7971,0,6,3,7971,513689280,513764697,75417,8,6,1,0,0,0,0,2420,1,1
7972,0,6,3,7972,513779510,513838524,59014,6,5,0,0,0,0,0,2420,1,1
7973,0,6,3,7973,513853348,513875053,21705,1,0,0,0,0,0,0,2420,1,1
7974,0,6,2,7974,513889866,513926510,36644,3,2,0,0,0,0,0,2420,1,1
7975,0,6,4,7975,513941331,513977950,36619,3,2,0,0,0,0,0,2420,1,1
7976,0,6,3,7976,513992770,514032472,39702,3,1,0,0,1,0,0,2420,1,1
7977,0,6,1,7977,514047296,514092862,45566,4,2,1,0,0,0,0,2420,1,1
7978,0,6,4,7978,514107682,514138289,30607,2,0,1,0,0,0,0,2420,1,1
7979,0,6,1,7979,514153114,514182306,29192,2,1,0,0,0,0,0,2420,1,1
7980,0,6,2,7980,514197131,514218835,21704,1,0,0,0,0,0,0,2420,1,1
7981,0,6,3,7981,514233660,514305950,72290,7,2,4,0,0,0,0,2420,1,1
7982,0,6,1,7982,514320763,514342484,21721,1,0,0,0,0,0,0,2420,1,1
7983,0,6,0,7983,514357315,514386488,29173,2,1,0,0,0,0,0,2420,1,1
7984,0,6,3,7984,514401309,514423017,21708,1,0,0,0,0,0,0,2420,1,1
7985,0,6,1,7985,514437838,514467033,29195,2,1,0,0,0,0,0,2420,1,1
7986,0,6,3,7986,514481854,514536350,54496,5,2,2,0,0,0,0,2420,1,1
7987,0,6,3,7987,514551171,514692098,140927,16,10,5,0,0,0,0,2420,1,1
7988,0,6,3,7988,514706920,514736076,29156,2,1,0,0,0,0,0,2420,1,1
7989,0,6,2,7989,514750897,514876906,126009,14,8,5,0,0,0,0,2420,1,1
7990,0,6,4,7990,514891722,514913431,21709,1,0,0,0,0,0,0,2420,1,1
7991,0,6,3,7991,514928251,514958861,30610,2,0,1,0,0,0,0,2420,1,1
7992,0,6,4,7992,514973676,515035586,61910,6,3,2,0,0,0,0,2420,1,1
7993,0,6,4,7993,515050407,515087043,36636,3,2,0,0,0,0,0,2420,1,1
7994,0,6,0,7994,515101856,515147423,45567,4,2,1,0,0,0,0,2420,1,1
7995,0,6,4,7995,515162251,515191427,29176,2,1,0,0,0,0,0,2420,1,1
7996,0,6,3,7996,515206243,515272573,66330,6,0,5,0,0,0,0,2420,1,1
7997,0,6,0,7997,515287397,515309119,21722,1,0,0,0,0,0,0,2420,1,1
7998,0,6,3,7998,515323943,515376933,52990,5,3,1,0,0,0,0,2420,1,1
7999,0,6,0,7999,515391754,515413479,21725,1,0,0,0,0,0,0,2420,1,1
8000,0,9,2,8000,515428301,515450456,22155,1,0,0,0,0,0,0,2420,1,1
8001,0,9,4,8001,515465359,515520083,54724,5,2,2,0,0,0,0,2420,1,1
8002,0,9,1,8002,515534852,515628351,93499,10,6,3,0,0,0,0,2420,1,1
8003,0,9,2,8003,515643124,515672550,29426,2,1,0,0,0,0,0,2420,1,1
8004,0,9,1,8004,515687320,515709289,21969,1,0,0,0,0,0,0,2420,1,1
8005,0,9,1,8005,515724064,515808682,84618,9,6,2,0,0,0,0,2420,1,1
8006,0,9,1,8006,515823460,515861795,38335,3,1,1,0,0,0,0,2420,1,1
8007,0,9,3,8007,515876568,515907449,30881,2,0,1,0,0,0,0,2420,1,1
8008,0,9,1,8008,515922219,515968041,45822,4,2,1,0,0,0,0,2420,1,1
8009,0,9,3,8009,515982814,516030089,47275,4,1,2,0,0,0,0,2420,1,1
8010,0,9,1,8010,516044858,516083226,38368,3,1,1,0,0,0,0,2420,1,1
8011,0,9,1,8011,516097995,516119964,21969,1,0,0,0,0,0,0,2420,1,1
8012,0,9,3,8012,516134741,516156695,21954,1,0,0,0,0,0,0,2420,1,1
8013,0,9,2,8013,516171456,516315621,144165,16,8,7,0,0,0,0,2420,1,1
8014,0,9,2,8014,516330390,516368696,38306,3,1,1,0,0,0,0,2420,1,1
8015,0,9,4,8015,516383461,516414338,30877,2,0,1,0,0,0,0,2420,1,1
8016,0,9,4,8016,516429103,516459964,30861,2,0,1,0,0,0,0,2420,1,1
8017,0,9,4,8017,516474730,516536928,62198,6,3,2,0,0,0,0,2420,1,1
8018,0,9,2,8018,516551695,516604985,53290,5,3,1,0,0,0,0,2420,1,1
8019,0,9,1,8019,516619746,516656642,36896,3,2,0,0,0,0,0,2420,1,1
8020,0,9,0,8020,516671415,516717238,45823,4,2,1,0,0,0,0,2420,1,1
8021,0,9,4,8021,516732007,516810560,78553,8,4,3,0,0,0,0,2420,1,1
8022,0,9,2,8022,516825330,516869686,44356,4,3,0,0,0,0,0,2420,1,1
8023,0,9,0,8023,516884452,516948067,63615,6,2,3,0,0,0,0,2420,1,1
8024,0,9,1,8024,516962845,517001197,38352,3,1,1,0,0,0,0,2420,1,1
8025,0,9,3,8025,517015970,517072320,56350,5,2,1,0,1,0,0,2420,1,1
8026,0,9,2,8026,517087086,517134314,47228,4,1,2,0,0,0,0,2420,1,1
8027,0,9,0,8027,517149076,517171045,21969,1,0,0,0,0,0,0,2420,1,1
8028,0,9,0,8028,517185822,517207791,21969,1,0,0,0,0,0,0,2420,1,1
8029,0,9,4,8029,517222561,517260911,38350,3,1,1,0,0,0,0,2420,1,1
8030,0,9,2,8030,517275680,517393015,117335,13,8,4,0,0,0,0,2420,1,1
8031,0,9,3,8031,517407780,517438638,30858,2,0,1,0,0,0,0,2420,1,1
8032,0,9,4,8032,517453408,517491749,38341,3,1,1,0,0,0,0,2420,1,1
8033,0,9,3,8033,517506514,517586519,80005,8,3,4,0,0,0,0,2420,1,1
8034,0,9,1,8034,517601284,517681322,80038,8,3,4,0,0,0,0,2420,1,1
8035,0,9,2,8035,517696094,517725531,29437,2,1,0,0,0,0,0,2420,1,1
8036,0,9,2,8036,517740296,517780112,39816,3,0,2,0,0,0,0,2420,1,1
8037,0,9,1,8037,517794877,517816847,21970,1,0,0,0,0,0,0,2420,1,1
8038,0,9,1,8038,517831620,517868516,36896,3,2,0,0,0,0,0,2420,1,1
8039,0,9,3,8039,517883289,517905242,21953,1,0,0,0,0,0,0,2420,1,1
8040,0,9,3,8040,517920012,517979244,59232,6,5,0,0,0,0,0,2420,1,1
8041,0,9,3,8041,517994010,518041290,47280,4,1,2,0,0,0,0,2420,1,1
8042,0,9,0,8042,518056059,518094414,38355,3,1,1,0,0,0,0,2420,1,1
8043,0,9,0,8043,518109183,518146090,36907,3,2,0,0,0,0,0,2420,1,1
8044,0,9,4,8044,518160864,518182821,21957,1,0,0,0,0,0,0,2420,1,1
8045,0,9,4,8045,518197582,518261219,63637,6,2,3,0,0,0,0,2420,1,1
8046,0,9,1,8046,518275988,518305415,29427,2,1,0,0,0,0,0,2420,1,1
8047,0,9,2,8047,518320184,518342137,21953,1,0,0,0,0,0,0,2420,1,1
8048,0,9,0,8048,518356906,518404183,47277,4,1,2,0,0,0,0,2420,1,1
8049,0,9,2,8049,518418952,518609134,190182,21,7,13,0,0,0,0,2420,1,1
8050,0,9,4,8050,518623909,518687536,63627,6,2,3,0,0,0,0,2420,1,1
8051,0,9,3,8051,518702297,518770534,68237,7,5,1,0,0,0,0,2420,1,1
8052,0,9,4,8052,518785303,518878826,93523,10,6,3,0,0,0,0,2420,1,1
8053,0,9,0,8053,518893592,518931959,38367,3,1,1,0,0,0,0,2420,1,1
8054,0,9,0,8054,518946736,519025336,78600,8,4,3,0,0,0,0,2420,1,1
8055,0,9,4,8055,519040106,519069524,29418,2,1,0,0,0,0,0,2420,1,1
8056,0,9,1,8056,519084294,519130105,45811,4,2,1,0,0,0,0,2420,1,1
8057,0,9,0,8057,519144879,519190675,45796,4,2,1,0,0,0,0,2420,1,1
8058,0,9,1,8058,519205452,519252700,47248,4,1,2,0,0,0,0,2420,1,1
8059,0,9,2,8059,519267474,519322211,54737,5,2,2,0,0,0,0,2420,1,1
8060,0,9,0,8060,519336980,519399181,62201,6,3,2,0,0,0,0,2420,1,1
8061,0,9,4,8061,519413954,519459751,45797,4,2,1,0,0,0,0,2420,1,1
8062,0,9,4,8062,519474520,519496474,21954,1,0,0,0,0,0,0,2420,1,1
8063,0,9,0,8063,519511235,519555630,44395,4,3,0,0,0,0,0,2420,1,1
8064,0,9,2,8064,519570404,519632618,62214,6,3,2,0,0,0,0,2420,1,1
8065,0,9,2,8065,519647383,519709588,62205,6,3,2,0,0,0,0,2420,1,1
8066,0,9,4,8066,519724358,519777614,53256,5,3,1,0,0,0,0,2420,1,1
8067,0,9,3,8067,519792375,519841044,48669,4,0,3,0,0,0,0,2420,1,1
8068,0,9,3,8068,519855814,519941861,86047,9,5,3,0,0,0,0,2420,1,1
8069,0,9,2,8069,519956626,519994980,38354,3,1,1,0,0,0,0,2420,1,1
8070,0,9,3,8070,520009745,520048066,38321,3,1,1,0,0,0,0,2420,1,1
8071,0,9,2,8071,520062830,520129565,66735,6,1,3,0,1,0,0,2420,1,1
8072,0,9,1,8072,520144335,520166304,21969,1,0,0,0,0,0,0,2420,1,1
8073,0,9,0,8073,520181073,520228315,47242,4,1,2,0,0,0,0,2420,1,1
8074,0,9,1,8074,520243091,520273981,30890,2,0,1,0,0,0,0,2420,1,1
8075,0,9,2,8075,520288750,520402947,114197,12,4,7,0,0,0,0,2420,1,1
8076,0,9,4,8076,520417715,520448577,30862,2,0,1,0,0,0,0,2420,1,1
8077,0,9,3,8077,520463343,520485297,21954,1,0,0,0,0,0,0,2420,1,1
8078,0,9,2,8078,520500061,520588951,88890,9,3,5,0,0,0,0,2420,1,1
8079,0,9,3,8079,520603716,520625670,21954,1,0,0,0,0,0,0,2420,1,1
8080,0,9,2,8080,520640435,520677307,36872,3,2,0,0,0,0,0,2420,1,1
8081,0,9,3,8081,520692068,520769195,77127,8,5,2,0,0,0,0,2420,1,1
8082,0,9,1,8082,520783965,520805934,21969,1,0,0,0,0,0,0,2420,1,1
8083,0,9,0,8083,520820703,520851604,30901,2,0,1,0,0,0,0,2420,1,1
8084,0,9,0,8084,520866381,520983706,117325,13,8,4,0,0,0,0,2420,1,1
8085,0,9,1,8085,520998479,521069567,71088,7,3,3,0,0,0,0,2420,1,1
8086,0,9,0,8086,521084344,521154012,69668,7,4,2,0,0,0,0,2420,1,1
8087,0,9,3,8087,521168781,521213124,44343,4,3,0,0,0,0,0,2420,1,1
8088,0,9,0,8088,521227889,521249859,21970,1,0,0,0,0,0,0,2420,1,1
8089,0,9,3,8089,521264631,521294044,29413,2,1,0,0,0,0,0,2420,1,1
8090,0,9,3,8090,521308809,521347137,38328,3,1,1,0,0,0,0,2420,1,1
8091,0,9,2,8091,521361898,521430082,68184,7,5,1,0,0,0,0,2420,1,1
8092,0,9,4,8092,521444853,521490686,45833,4,2,1,0,0,0,0,2420,1,1
8093,0,9,3,8093,521505451,521612415,106964,12,9,2,0,0,0,0,2420,1,1
8094,0,9,0,8094,521627187,521795021,167834,19,10,8,0,0,0,0,2420,1,1
8095,0,9,2,8095,521809795,521898708,88913,9,3,5,0,0,0,0,2420,1,1
8096,0,9,3,8096,521913478,521935432,21954,1,0,0,0,0,0,0,2420,1,1
8097,0,9,1,8097,521950193,521972162,21969,1,0,0,0,0,0,0,2420,1,1
8098,0,9,2,8098,521986940,522031328,44388,4,3,0,0,0,0,0,2420,1,1
8099,0,9,3,8099,522046094,522091889,45795,4,2,1,0,0,0,0,2420,1,1
8100,0,9,3,8100,522106658,522145018,38360,3,1,1,0,0,0,0,2420,1,1
8101,0,9,3,8101,522159779,522189190,29411,2,1,0,0,0,0,0,2420,1,1
8102,0,9,2,8102,522203959,522225913,21954,1,0,0,0,0,0,0,2420,1,1
8103,0,9,3,8103,522240674,522301413,60739,6,4,1,0,0,0,0,2420,1,1
8104,0,9,2,8104,522316187,522345598,29411,2,1,0,0,0,0,0,2420,1,1
8105,0,9,0,8105,522360360,522391258,30898,2,0,1,0,0,0,0,2420,1,1
8106,0,9,3,8106,522406036,522436915,30879,2,0,1,0,0,0,0,2420,1,1
8107,0,9,3,8107,522451677,522496039,44362,4,3,0,0,0,0,0,2420,1,1
8108,0,9,3,8108,522510804,522532760,21956,1,0,0,0,0,0,0,2420,1,1
8109,0,9,1,8109,522547522,522576943,29421,2,1,0,0,0,0,0,2420,1,1
8110,0,9,1,8110,522591716,522662813,71097,7,3,3,0,0,0,0,2420,1,1
8111,0,9,2,8111,522677582,522699536,21954,1,0,0,0,0,0,0,2420,1,1
8112,0,9,2,8112,522714305,522776474,62169,6,3,2,0,0,0,0,2420,1,1
8113,0,9,0,8113,522791236,522854886,63650,6,2,3,0,0,0,0,2420,1,1
8114,0,9,2,8114,522869659,523003381,133722,15,9,5,0,0,0,0,2420,1,1
8115,0,9,2,8115,523018145,523092299,74154,8,7,0,0,0,0,0,2420,1,1
8116,0,9,4,8116,523107068,523161774,54706,5,2,2,0,0,0,0,2420,1,1
8117,0,9,4,8117,523176539,523198493,21954,1,0,0,0,0,0,0,2420,1,1
8118,0,9,2,8118,523213260,523294919,81659,8,3,3,0,1,0,0,2420,1,1
8119,0,9,4,8119,523309676,523348013,38337,3,1,1,0,0,0,0,2420,1,1
8120,0,9,0,8120,523362782,523411504,48722,4,0,3,0,0,0,0,2420,1,1
8121,0,9,2,8121,523426278,523609099,182821,21,12,8,0,0,0,0,2420,1,1
8122,0,9,2,8122,523623873,523690604,66731,7,6,0,0,0,0,0,2420,1,1
8123,0,9,2,8123,523705370,523727323,21953,1,0,0,0,0,0,0,2420,1,1
8124,0,9,4,8124,523742089,523780412,38323,3,1,1,0,0,0,0,2420,1,1
8125,0,9,1,8125,523795178,523817147,21969,1,0,0,0,0,0,0,2420,1,1
8126,0,9,4,8126,523831920,523941917,109997,12,7,4,0,0,0,0,2420,1,1
8127,0,9,1,8127,523956685,523978654,21969,1,0,0,0,0,0,0,2420,1,1
8128,0,9,1,8128,523993431,524143534,150103,17,10,6,0,0,0,0,2420,1,1
8129,0,9,4,8129,524158308,524204080,45772,4,2,1,0,0,0,0,2420,1,1
8130,0,9,1,8130,524218846,524281028,62182,6,3,2,0,0,0,0,2420,1,1
8131,0,9,1,8131,524295802,524334174,38372,3,1,1,0,0,0,0,2420,1,1
8132,0,9,2,8132,524348947,524378364,29417,2,1,0,0,0,0,0,2420,1,1
8133,0,9,3,8133,524393126,524422543,29417,2,1,0,0,0,0,0,2420,1,1
8134,0,9,4,8134,524437312,524489101,51789,5,4,0,0,0,0,0,2420,1,1
8135,0,9,1,8135,524503867,524603456,99589,11,8,2,0,0,0,0,2420,1,1
8136,0,9,3,8136,524618235,524662600,44365,4,3,0,0,0,0,0,2420,1,1
8137,0,9,0,8137,524677366,524715722,38356,3,1,1,0,0,0,0,2420,1,1
8138,0,9,0,8138,524730495,524783789,53294,5,3,1,0,0,0,0,2420,1,1
8139,0,9,4,8139,524798559,524908426,109867,12,7,4,0,0,0,0,2420,1,1
8140,0,9,4,8140,524923198,524974987,51789,5,4,0,0,0,0,0,2420,1,1
8141,0,9,2,8141,524989748,525020625,30877,2,0,1,0,0,0,0,2420,1,1
8142,0,9,4,8142,525035394,525073729,38335,3,1,1,0,0,0,0,2420,1,1
8143,0,9,4,8143,525088491,525216164,127673,14,7,6,0,0,0,0,2420,1,1
8144,0,9,1,8144,525230932,525315463,84531,9,6,2,0,0,0,0,2420,1,1
8145,0,9,0,8145,525330232,525359670,29438,2,1,0,0,0,0,0,2420,1,1
8146,0,9,1,8146,525374448,525396415,21967,1,0,0,0,0,0,0,2420,1,1
8147,0,9,1,8147,525411185,525433158,21973,1,0,0,0,0,0,0,2420,1,1
8148,0,9,2,8148,525447931,525499766,51835,5,4,0,0,0,0,0,2420,1,1
8149,0,9,1,8149,525514533,525576687,62154,6,3,2,0,0,0,0,2420,1,1
8150,0,9,4,8150,525591460,525620881,29421,2,1,0,0,0,0,0,2420,1,1
8151,0,9,3,8151,525635647,525657597,21950,1,0,0,0,0,0,0,2420,1,1
8152,0,9,3,8152,525672362,525710691,38329,3,1,1,0,0,0,0,2420,1,1
8153,0,9,4,8153,525725457,525818940,93483,10,6,3,0,0,0,0,2420,1,1
8154,0,9,1,8154,525833710,525880961,47251,4,1,2,0,0,0,0,2420,1,1
8155,0,9,0,8155,525895734,525934082,38348,3,1,1,0,0,0,0,2420,1,1
8156,0,9,3,8156,525948856,525970809,21953,1,0,0,0,0,0,0,2420,1,1
8157,0,9,4,8157,525985575,526022469,36894,3,2,0,0,0,0,0,2420,1,1
8158,0,9,3,8158,526037237,526066646,29409,2,1,0,0,0,0,0,2420,1,1
8159,0,9,4,8159,526081408,526103366,21958,1,0,0,0,0,0,0,2420,1,1
8160,0,9,1,8160,526118131,526147582,29451,2,1,0,0,0,0,0,2420,1,1
8161,0,9,2,8161,526162352,526194847,32495,2,0,0,0,1,0,0,2420,1,1
8162,0,9,0,8162,526209608,526239026,29418,2,1,0,0,0,0,0,2420,1,1
8163,0,9,4,8163,526253800,526275753,21953,1,0,0,0,0,0,0,2420,1,1
8164,0,9,0,8164,526290518,526345387,54869,5,3,0,0,1,0,0,2420,1,1
8165,0,9,1,8165,526360152,526404529,44377,4,3,0,0,0,0,0,2420,1,1
8166,0,9,3,8166,526419302,526456157,36855,3,2,0,0,0,0,0,2420,1,1
8167,0,9,4,8167,526470918,526501776,30858,2,0,1,0,0,0,0,2420,1,1
8168,0,9,2,8168,526516550,526642712,126162,14,8,5,0,0,0,0,2420,1,1
8169,0,9,3,8169,526657479,526695807,38328,3,1,1,0,0,0,0,2420,1,1
8170,0,9,1,8170,526710573,526732542,21969,1,0,0,0,0,0,0,2420,1,1
8171,0,9,4,8171,526747314,526769268,21954,1,0,0,0,0,0,0,2420,1,1
8172,0,9,0,8172,526784037,526806006,21969,1,0,0,0,0,0,0,2420,1,1
8173,0,9,4,8173,526820775,526850178,29403,2,1,0,0,0,0,0,2420,1,1
8174,0,9,0,8174,526864947,526927093,62146,6,3,2,0,0,0,0,2420,1,1
8175,0,9,3,8175,526941863,526987669,45806,4,2,1,0,0,0,0,2420,1,1
8176,0,9,3,8176,527002434,527131825,129391,15,12,2,0,0,0,0,2420,1,1
8177,0,9,3,8177,527146595,527176003,29408,2,1,0,0,0,0,0,2420,1,1
8178,0,9,0,8178,527190769,527212739,21970,1,0,0,0,0,0,0,2420,1,1
8179,0,9,1,8179,527227512,527258408,30896,2,0,1,0,0,0,0,2420,1,1
8180,0,9,4,8180,527273183,527295137,21954,1,0,0,0,0,0,0,2420,1,1
8181,0,9,1,8181,527309899,527348238,38339,3,1,1,0,0,0,0,2420,1,1
8182,0,9,0,8182,527363015,527393901,30886,2,0,1,0,0,0,0,2420,1,1
8183,0,9,0,8183,527408671,527430640,21969,1,0,0,0,0,0,0,2420,1,1
8184,0,9,0,8184,527445418,527485202,39784,3,0,2,0,0,0,0,2420,1,1
8185,0,9,3,8185,527499971,527551733,51762,5,4,0,0,0,0,0,2420,1,1
8186,0,9,3,8186,527566502,527604833,38331,3,1,1,0,0,0,0,2420,1,1
8187,0,9,3,8187,527619595,527641548,21953,1,0,0,0,0,0,0,2420,1,1
8188,0,9,4,8188,527656317,527685736,29419,2,1,0,0,0,0,0,2420,1,1
8189,0,9,3,8189,527700497,527746313,45816,4,2,1,0,0,0,0,2420,1,1
8190,0,9,0,8190,527761078,527790509,29431,2,1,0,0,0,0,0,2420,1,1
8191,0,9,0,8191,527805283,527845096,39813,3,0,2,0,0,0,0,2420,1,1
8192,0,9,0,8192,527859869,527881838,21969,1,0,0,0,0,0,0,2420,1,1
8193,0,9,2,8193,527896611,527933486,36875,3,2,0,0,0,0,0,2420,1,1
8194,0,9,1,8194,527948252,527970221,21969,1,0,0,0,0,0,0,2420,1,1
8195,0,9,0,8195,527984996,528015904,30908,2,0,1,0,0,0,0,2420,1,1
8196,0,9,0,8196,528030677,528083979,53302,5,3,1,0,0,0,0,2420,1,1
8197,0,9,3,8197,528098749,528153428,54679,5,2,2,0,0,0,0,2420,1,1
8198,0,9,3,8198,528168193,528190147,21954,1,0,0,0,0,0,0,2420,1,1
8199,0,9,1,8199,528204913,528287825,82912,8,1,6,0,0,0,0,2420,1,1
8200,0,9,2,8200,528302602,528324558,21956,1,0,0,0,0,0,0,2420,1,1
8201,0,9,0,8201,528339320,528437161,97841,10,3,6,0,0,0,0,2420,1,1
8202,0,9,1,8202,528451937,528552880,100943,11,7,3,0,0,0,0,2420,1,1
8203,0,9,4,8203,528567652,528607438,39786,3,0,2,0,0,0,0,2420,1,1
8204,0,9,3,8204,528622203,528651619,29416,2,1,0,0,0,0,0,2420,1,1
8205,0,9,0,8205,528666385,528695833,29448,2,1,0,0,0,0,0,2420,1,1
8206,0,9,1,8206,528710606,528774293,63687,6,2,3,0,0,0,0,2420,1,1
8207,0,9,4,8207,528789063,528811017,21954,1,0,0,0,0,0,0,2420,1,1
8208,0,9,3,8208,528825787,528855197,29410,2,1,0,0,0,0,0,2420,1,1
8209,0,9,4,8209,528869959,528891912,21953,1,0,0,0,0,0,0,2420,1,1
8210,0,9,0,8210,528906682,528967456,60774,6,4,1,0,0,0,0,2420,1,1
8211,0,9,2,8211,528982225,529057883,75658,8,6,1,0,0,0,0,2420,1,1
8212,0,9,3,8212,529072649,529124411,51762,5,4,0,0,0,0,0,2420,1,1
8213,0,9,0,8213,529139173,529249035,109862,12,7,4,0,0,0,0,2420,1,1
8214,0,9,2,8214,529263815,529294704,30889,2,0,1,0,0,0,0,2420,1,1
8215,0,9,3,8215,529309465,529346335,36870,3,2,0,0,0,0,0,2420,1,1
8216,0,9,0,8216,529361100,529456067,94967,10,5,4,0,0,0,0,2420,1,1
8217,0,9,3,8217,529470839,529507696,36857,3,2,0,0,0,0,0,2420,1,1
8218,0,9,2,8218,529522462,529553352,30890,2,0,1,0,0,0,0,2420,1,1
8219,0,9,3,8219,529568114,529613918,45804,4,2,1,0,0,0,0,2420,1,1
8220,0,9,1,8220,529628683,529659571,30888,2,0,1,0,0,0,0,2420,1,1
8221,0,9,3,8221,529674344,529750015,75671,8,6,1,0,0,0,0,2420,1,1
8222,0,9,4,8222,529764785,529809116,44331,4,3,0,0,0,0,0,2420,1,1
8223,0,9,1,8223,529823881,529862223,38342,3,1,1,0,0,0,0,2420,1,1
8224,0,9,4,8224,529877000,529906402,29402,2,1,0,0,0,0,0,2420,1,1
8225,0,9,0,8225,529921164,530124996,203832,23,11,10,0,1,0,0,2420,1,1
8226,0,9,1,8226,530139772,530194485,54713,5,2,2,0,0,0,0,2420,1,1
8227,0,9,4,8227,530209254,530231208,21954,1,0,0,0,0,0,0,2420,1,1
8228,0,9,1,8228,530245977,530276875,30898,2,0,1,0,0,0,0,2420,1,1
8229,0,9,2,8229,530291644,530338911,47267,4,1,2,0,0,0,0,2420,1,1
8230,0,9,1,8230,530353680,530398080,44400,4,3,0,0,0,0,0,2420,1,1
8231,0,9,1,8231,530412853,530443724,30871,2,0,1,0,0,0,0,2420,1,1
8232,0,9,0,8232,530458501,530487927,29426,2,1,0,0,0,0,0,2420,1,1
8233,0,9,2,8233,530502697,530532108,29411,2,1,0,0,0,0,0,2420,1,1
8234,0,9,0,8234,530546877,530600148,53271,5,3,1,0,0,0,0,2420,1,1
8235,0,9,2,8235,530614922,530645784,30862,2,0,1,0,0,0,0,2420,1,1
8236,0,9,4,8236,530660550,530682503,21953,1,0,0,0,0,0,0,2420,1,1
8237,0,9,4,8237,530697268,530737066,39798,3,0,2,0,0,0,0,2420,1,1
8238,0,9,3,8238,530751831,530781233,29402,2,1,0,0,0,0,0,2420,1,1
8239,0,9,1,8239,530795999,530874583,78584,8,4,3,0,0,0,0,2420,1,1
8240,0,9,0,8240,530889356,530951582,62226,6,3,2,0,0,0,0,2420,1,1
8241,0,9,2,8241,530966356,530995758,29402,2,1,0,0,0,0,0,2420,1,1
8242,0,9,2,8242,531010523,531083114,72591,7,2,4,0,0,0,0,2420,1,1
8243,0,9,1,8243,531097875,531145135,47260,4,1,2,0,0,0,0,2420,1,1
8244,0,9,1,8244,531159908,531231026,71118,7,3,3,0,0,0,0,2420,1,1
8245,0,9,4,8245,531245799,531285576,39777,3,0,2,0,0,0,0,2420,1,1
8246,0,9,0,8246,531300341,531365459,65118,6,1,4,0,0,0,0,2420,1,1
8247,0,9,0,8247,531380228,531475215,94987,10,5,4,0,0,0,0,2420,1,1
8248,0,9,2,8248,531489991,531544737,54746,5,2,2,0,0,0,0,2420,1,1
8249,0,9,2,8249,531559498,531581451,21953,1,0,0,0,0,0,0,2420,1,1
8250,0,9,4,8250,531596221,531650941,54720,5,2,2,0,0,0,0,2420,1,1
8251,0,9,3,8251,531665706,531687660,21954,1,0,0,0,0,0,0,2420,1,1
8252,0,9,2,8252,531702425,531733285,30860,2,0,1,0,0,0,0,2420,1,1
8253,0,9,0,8253,531748047,531862321,114274,12,4,7,0,0,0,0,2420,1,1
8254,0,9,3,8254,531877100,531955652,78552,8,4,3,0,0,0,0,2420,1,1
8255,0,9,2,8255,531970412,532113020,142608,16,9,6,0,0,0,0,2420,1,1
8256,0,9,0,8256,532127788,532158677,30889,2,0,1,0,0,0,0,2420,1,1
8257,0,9,0,8257,532173450,532304163,130713,14,6,6,0,1,0,0,2420,1,1
8258,0,9,2,8258,532318936,532340889,21953,1,0,0,0,0,0,0,2420,1,1
8259,0,9,0,8259,532355656,532487952,132296,15,10,4,0,0,0,0,2420,1,1
8260,0,9,4,8260,532502730,532548521,45791,4,2,1,0,0,0,0,2420,1,1
8261,0,9,2,8261,532563288,532601620,38332,3,1,1,0,0,0,0,2420,1,1
8262,0,9,1,8262,532616389,532645830,29441,2,1,0,0,0,0,0,2420,1,1
8263,0,9,0,8263,532660599,532690024,29425,2,1,0,0,0,0,0,2420,1,1
8264,0,9,4,8264,532704805,532734209,29404,2,1,0,0,0,0,0,2420,1,1
8265,0,9,1,8265,532748970,532830435,81465,8,2,5,0,0,0,0,2420,1,1
8266,0,9,4,8266,532845212,532867165,21953,1,0,0,0,0,0,0,2420,1,1
8267,0,9,2,8267,532881927,532920245,38318,3,1,1,0,0,0,0,2420,1,1
8268,0,9,4,8268,532935016,532989701,54685,5,2,2,0,0,0,0,2420,1,1
8269,0,9,4,8269,533004466,533048834,44368,4,3,0,0,0,0,0,2420,1,1
8270,0,9,0,8270,533063604,533085573,21969,1,0,0,0,0,0,0,2420,1,1
8271,0,9,1,8271,533100343,533155068,54725,5,2,2,0,0,0,0,2420,1,1
8272,0,9,3,8272,533169841,533240915,71074,7,3,3,0,0,0,0,2420,1,1
8273,0,9,4,8273,533255681,533292551,36870,3,2,0,0,0,0,0,2420,1,1
8274,0,9,2,8274,533307320,533360631,53311,5,3,1,0,0,0,0,2420,1,1
8275,0,9,2,8275,533375396,533415176,39780,3,0,2,0,0,0,0,2420,1,1
8276,0,9,3,8276,533429941,533451894,21953,1,0,0,0,0,0,0,2420,1,1
8277,0,9,3,8277,533466660,533519936,53276,5,3,1,0,0,0,0,2420,1,1
8278,0,9,1,8278,533534706,533579057,44351,4,3,0,0,0,0,0,2420,1,1
8279,0,9,0,8279,533593829,533615799,21970,1,0,0,0,0,0,0,2420,1,1
8280,0,9,3,8280,533630572,533652526,21954,1,0,0,0,0,0,0,2420,1,1
8281,0,9,1,8281,533667291,533736902,69611,7,4,2,0,0,0,0,2420,1,1
8282,0,9,3,8282,533751675,533812385,60710,6,4,1,0,0,0,0,2420,1,1
8283,0,9,1,8283,533827150,533864088,36938,3,2,0,0,0,0,0,2420,1,1
8284,0,9,4,8284,533878862,533909727,30865,2,0,1,0,0,0,0,2420,1,1
8285,0,9,2,8285,533924493,534040373,115880,13,9,3,0,0,0,0,2420,1,1
8286,0,9,3,8286,534055146,534157580,102434,11,6,4,0,0,0,0,2420,1,1
8287,0,9,0,8287,534172344,534203253,30909,2,0,1,0,0,0,0,2420,1,1
8288,0,9,3,8288,534218026,534281658,63632,6,2,3,0,0,0,0,2420,1,1
8289,0,9,0,8289,534296423,534334776,38353,3,1,1,0,0,0,0,2420,1,1
8290,0,9,0,8290,534349550,534396808,47258,4,1,2,0,0,0,0,2420,1,1
8291,0,9,3,8291,534411577,534448480,36903,3,2,0,0,0,0,0,2420,1,1
8292,0,9,1,8292,534463250,534501613,38363,3,1,1,0,0,0,0,2420,1,1
8293,0,9,3,8293,534516386,534538339,21953,1,0,0,0,0,0,0,2420,1,1
8294,0,9,2,8294,534553107,534589964,36857,3,2,0,0,0,0,0,2420,1,1
8295,0,9,3,8295,534604729,534657970,53241,5,3,1,0,0,0,0,2420,1,1
8296,0,9,4,8296,534672740,534719976,47236,4,1,2,0,0,0,0,2420,1,1
8297,0,9,0,8297,534734742,534771668,36926,3,2,0,0,0,0,0,2420,1,1
8298,0,9,3,8298,534786445,534850077,63632,6,2,3,0,0,0,0,2420,1,1
8299,0,9,4,8299,534864843,534919580,54737,5,2,2,0,0,0,0,2420,1,1
8300,0,9,2,8300,534934350,535060587,126237,14,8,5,0,0,0,0,2420,1,1
8301,0,9,4,8301,535075355,535097308,21953,1,0,0,0,0,0,0,2420,1,1
8302,0,9,1,8302,535112073,535134046,21973,1,0,0,0,0,0,0,2420,1,1
8303,0,9,4,8303,535148815,535212449,63634,6,2,3,0,0,0,0,2420,1,1
8304,0,9,2,8304,535227218,535249172,21954,1,0,0,0,0,0,0,2420,1,1
8305,0,9,2,8305,535263937,535351579,87642,9,5,2,0,1,0,0,2420,1,1
8306,0,9,3,8306,535366345,535565516,199171,23,13,9,0,0,0,0,2420,1,1
8307,0,9,4,8307,535580282,535624608,44326,4,3,0,0,0,0,0,2420,1,1
8308,0,9,0,8308,535639373,535668819,29446,2,1,0,0,0,0,0,2420,1,1
8309,0,9,1,8309,535683593,535753299,69706,7,4,2,0,0,0,0,2420,1,1
8310,0,9,2,8310,535768072,535790026,21954,1,0,0,0,0,0,0,2420,1,1
8311,0,9,4,8311,535804791,535880444,75653,8,6,1,0,0,0,0,2420,1,1
8312,0,9,1,8312,535895213,535926090,30877,2,0,1,0,0,0,0,2420,1,1
8313,0,9,3,8313,535940859,535962817,21958,1,0,0,0,0,0,0,2420,1,1
8314,0,9,4,8314,535977582,536015919,38337,3,1,1,0,0,0,0,2420,1,1
8315,0,9,3,8315,536030680,536091411,60731,6,4,1,0,0,0,0,2420,1,1
8316,0,9,1,8316,536106181,536168369,62188,6,3,2,0,0,0,0,2420,1,1
8317,0,9,4,8317,536183139,536220028,36889,3,2,0,0,0,0,0,2420,1,1
8318,0,9,2,8318,536234797,536301519,66722,6,1,3,0,1,0,0,2420,1,1
8319,0,9,1,8319,536316280,536370989,54709,5,2,2,0,0,0,0,2420,1,1
8320,0,9,3,8320,536385766,536504489,118723,13,7,5,0,0,0,0,2420,1,1
8321,0,9,4,8321,536519254,536629141,109887,12,7,4,0,0,0,0,2420,1,1
8322,0,9,3,8322,536643913,536665867,21954,1,0,0,0,0,0,0,2420,1,1
8323,0,9,0,8323,536680628,536753232,72604,7,2,4,0,0,0,0,2420,1,1
8324,0,9,0,8324,536768006,536789975,21969,1,0,0,0,0,0,0,2420,1,1
8325,0,9,0,8325,536804748,536834191,29443,2,1,0,0,0,0,0,2420,1,1
8326,0,9,2,8326,536848964,536878402,29438,2,1,0,0,0,0,0,2420,1,1
8327,0,9,1,8327,536893163,536915133,21970,1,0,0,0,0,0,0,2420,1,1
8328,0,9,2,8328,536929911,537024836,94925,10,5,4,0,0,0,0,2420,1,1
8329,0,9,4,8329,537039600,537061553,21953,1,0,0,0,0,0,0,2420,1,1
8330,0,9,0,8330,537076322,537178741,102419,11,6,4,0,0,0,0,2420,1,1
8331,0,9,1,8331,537193517,537239364,45847,4,2,1,0,0,0,0,2420,1,1
8332,0,9,2,8332,537254141,537307385,53244,5,3,1,0,0,0,0,2420,1,1
8333,0,9,4,8333,537322146,537351554,29408,2,1,0,0,0,0,0,2420,1,1
8334,0,9,0,8334,537366324,537413598,47274,4,1,2,0,0,0,0,2420,1,1
8335,0,9,0,8335,537428368,537481639,53271,5,3,1,0,0,0,0,2420,1,1
8336,0,9,0,8336,537496417,537518386,21969,1,0,0,0,0,0,0,2420,1,1
8337,0,9,1,8337,537533155,537555125,21970,1,0,0,0,0,0,0,2420,1,1
8338,0,9,0,8338,537569898,537624613,54715,5,2,2,0,0,0,0,2420,1,1
8339,0,9,2,8339,537639383,537661337,21954,1,0,0,0,0,0,0,2420,1,1
8340,0,9,3,8340,537676106,537706988,30882,2,0,1,0,0,0,0,2420,1,1
8341,0,9,0,8341,537721749,537767556,45807,4,2,1,0,0,0,0,2420,1,1
8342,0,9,1,8342,537782329,537896546,114217,12,4,7,0,0,0,0,2420,1,1
8343,0,9,3,8343,537911318,537973502,62184,6,3,2,0,0,0,0,2420,1,1
8344,0,9,3,8344,537988268,538010221,21953,1,0,0,0,0,0,0,2420,1,1
8345,0,9,1,8345,538024986,538072239,47253,4,1,2,0,0,0,0,2420,1,1
8346,0,9,4,8346,538087016,538173066,86050,9,5,3,0,0,0,0,2420,1,1
8347,0,9,0,8347,538187827,538209797,21970,1,0,0,0,0,0,0,2420,1,1
8348,0,9,3,8348,538224574,538246528,21954,1,0,0,0,0,0,0,2420,1,1
8349,0,9,4,8349,538261289,538345857,84568,9,6,2,0,0,0,0,2420,1,1
8350,0,9,0,8350,538360623,538382591,21968,1,0,0,0,0,0,0,2420,1,1
8351,0,9,4,8351,538397364,538419318,21954,1,0,0,0,0,0,0,2420,1,1
8352,0,9,0,8352,538434087,538479864,45777,4,2,1,0,0,0,0,2420,1,1
8353,0,9,3,8353,538494639,538564288,69649,7,4,2,0,0,0,0,2420,1,1
8354,0,9,4,8354,538579053,538601007,21954,1,0,0,0,0,0,0,2420,1,1
8355,0,9,2,8355,538615773,538679426,63653,6,2,3,0,0,0,0,2420,1,1
8356,0,9,1,8356,538694196,538731103,36907,3,2,0,0,0,0,0,2420,1,1
8357,0,9,1,8357,538745876,538824409,78533,8,4,3,0,0,0,0,2420,1,1
8358,0,9,2,8358,538839182,538892424,53242,5,3,1,0,0,0,0,2420,1,1
8359,0,9,3,8359,538907189,538954454,47265,4,1,2,0,0,0,0,2420,1,1
8360,0,9,4,8360,538969223,539031413,62190,6,3,2,0,0,0,0,2420,1,1
8361,0,9,4,8361,539046179,539068133,21954,1,0,0,0,0,0,0,2420,1,1
8362,0,9,2,8362,539082902,539112303,29401,2,1,0,0,0,0,0,2420,1,1
8363,0,9,0,8363,539127068,539171416,44348,4,3,0,0,0,0,0,2420,1,1
8364,0,9,3,8364,539186194,539281124,94930,10,5,4,0,0,0,0,2420,1,1
8365,0,9,3,8365,539295892,539380428,84536,9,6,2,0,0,0,0,2420,1,1
8366,0,9,4,8366,539395197,539432075,36878,3,2,0,0,0,0,0,2420,1,1
8367,0,9,3,8367,539446841,539528293,81452,8,2,5,0,0,0,0,2420,1,1
8368,0,9,2,8368,539543059,539565013,21954,1,0,0,0,0,0,0,2420,1,1
8369,0,9,2,8369,539579775,539618098,38323,3,1,1,0,0,0,0,2420,1,1
8370,0,9,0,8370,539632867,539662294,29427,2,1,0,0,0,0,0,2420,1,1
8371,0,9,3,8371,539677068,539794369,117301,13,8,4,0,0,0,0,2420,1,1
8372,0,9,3,8372,539809137,539871334,62197,6,3,2,0,0,0,0,2420,1,1
8373,0,9,4,8373,539886100,539923014,36914,3,2,0,0,0,0,0,2420,1,1
8374,0,9,4,8374,539937780,540041611,103831,11,5,5,0,0,0,0,2420,1,1
8375,0,9,0,8375,540056379,540085800,29421,2,1,0,0,0,0,0,2420,1,1
8376,0,9,1,8376,540100573,540170213,69640,7,4,2,0,0,0,0,2420,1,1
8377,0,9,2,8377,540184987,540206940,21953,1,0,0,0,0,0,0,2420,1,1
8378,0,9,3,8378,540221705,540243663,21958,1,0,0,0,0,0,0,2420,1,1
8379,0,9,4,8379,540258425,540280379,21954,1,0,0,0,0,0,0,2420,1,1
8380,0,9,1,8380,540295148,540333496,38348,3,1,1,0,0,0,0,2420,1,1
8381,0,9,2,8381,540348265,540394054,45789,4,2,1,0,0,0,0,2420,1,1
8382,0,9,4,8382,540408820,540430773,21953,1,0,0,0,0,0,0,2420,1,1
8383,0,9,2,8383,540445538,540501746,56208,5,1,3,0,0,0,0,2420,1,1
8384,0,9,3,8384,540516515,540612892,96377,10,4,5,0,0,0,0,2420,1,1
8385,0,9,3,8385,540627655,540657057,29402,2,1,0,0,0,0,0,2420,1,1
8386,0,9,3,8386,540671823,540708727,36904,3,2,0,0,0,0,0,2420,1,1
8387,0,9,0,8387,540723492,540752943,29451,2,1,0,0,0,0,0,2420,1,1
8388,0,9,1,8388,540767716,540901445,133729,15,9,5,0,0,0,0,2420,1,1
8389,0,9,4,8389,540916221,540938175,21954,1,0,0,0,0,0,0,2420,1,1
8390,0,9,4,8390,540952942,541089778,136836,16,13,2,0,0,0,0,2420,1,1
8391,0,9,3,8391,541104548,541192002,87454,9,4,4,0,0,0,0,2420,1,1
8392,0,9,4,8392,541206776,541246739,39963,3,1,0,0,1,0,0,2420,1,1
8393,0,9,0,8393,541261497,541299839,38342,3,1,1,0,0,0,0,2420,1,1
8394,0,9,0,8394,541314617,541344049,29432,2,1,0,0,0,0,0,2420,1,1
8395,0,9,1,8395,541358818,541406086,47268,4,1,2,0,0,0,0,2420,1,1
8396,0,9,2,8396,541420859,541475566,54707,5,2,2,0,0,0,0,2420,1,1
8397,0,9,3,8397,541490327,541512281,21954,1,0,0,0,0,0,0,2420,1,1
8398,0,9,2,8398,541527050,541549004,21954,1,0,0,0,0,0,0,2420,1,1
8399,0,9,2,8399,541563770,541625973,62203,6,3,2,0,0,0,0,2420,1,1
8400,0,9,4,8400,541640739,541670161,29422,2,1,0,0,0,0,0,2420,1,1
8401,0,9,3,8401,541684927,541706881,21954,1,0,0,0,0,0,0,2420,1,1
8402,0,9,0,8402,541721646,541785475,63829,6,3,1,0,1,0,0,2420,1,1
8403,0,9,0,8403,541800240,541837133,36893,3,2,0,0,0,0,0,2420,1,1
8404,0,9,4,8404,541851906,541873865,21959,1,0,0,0,0,0,0,2420,1,1
8405,0,9,1,8405,541888626,541953686,65060,6,1,4,0,0,0,0,2420,1,1
8406,0,9,0,8406,541968460,541990429,21969,1,0,0,0,0,0,0,2420,1,1
8407,0,9,1,8407,542005203,542043581,38378,3,1,1,0,0,0,0,2420,1,1
8408,0,9,2,8408,542058354,542096689,38335,3,1,1,0,0,0,0,2420,1,1
8409,0,9,2,8409,542111450,542181058,69608,7,4,2,0,0,0,0,2420,1,1
8410,0,9,0,8410,542195828,542217797,21969,1,0,0,0,0,0,0,2420,1,1
8411,0,9,1,8411,542232566,542254538,21972,1,0,0,0,0,0,0,2420,1,1
8412,0,9,1,8412,542269312,542395620,126308,14,8,5,0,0,0,0,2420,1,1
8413,0,9,3,8413,542410392,542450177,39785,3,0,2,0,0,0,0,2420,1,1
8414,0,9,4,8414,542464946,542494371,29425,2,1,0,0,0,0,0,2420,1,1
8415,0,9,3,8415,542509133,542531086,21953,1,0,0,0,0,0,0,2420,1,1
8416,0,9,4,8416,542545855,542774932,229077,27,17,9,0,0,0,0,2420,1,1
8417,0,9,0,8417,542789698,542835545,45847,4,2,1,0,0,0,0,2420,1,1
8418,0,9,2,8418,542850319,542872272,21953,1,0,0,0,0,0,0,2420,1,1
8419,0,9,1,8419,542887037,542943281,56244,5,1,3,0,0,0,0,2420,1,1
8420,0,9,4,8420,542958055,543002369,44314,4,3,0,0,0,0,0,2420,1,1
8421,0,9,3,8421,543017135,543071844,54709,5,2,2,0,0,0,0,2420,1,1
8422,0,9,2,8422,543086613,543157712,71099,7,3,3,0,0,0,0,2420,1,1
8423,0,9,0,8423,543172474,543242121,69647,7,4,2,0,0,0,0,2420,1,1
8424,0,9,0,8424,543256902,543310186,53284,5,3,1,0,0,0,0,2420,1,1
8425,0,9,2,8425,543324960,543381130,56170,5,1,3,0,0,0,0,2420,1,1
8426,0,9,3,8426,543395899,543468417,72518,7,2,4,0,0,0,0,2420,1,1
8427,0,9,1,8427,543483183,543546832,63649,6,2,3,0,0,0,0,2420,1,1
8428,0,9,4,8428,543561606,543592479,30873,2,0,1,0,0,0,0,2420,1,1
8429,0,9,0,8429,543607244,543662032,54788,5,2,2,0,0,0,0,2420,1,1
8430,0,9,3,8430,543676810,543715144,38334,3,1,1,0,0,0,0,2420,1,1
8431,0,9,0,8431,543729905,543760785,30880,2,0,1,0,0,0,0,2420,1,1
8432,0,9,2,8432,543775562,543806428,30866,2,0,1,0,0,0,0,2420,1,1
8433,0,9,2,8433,543821190,543843147,21957,1,0,0,0,0,0,0,2420,1,1
8434,0,9,0,8434,543857913,543879882,21969,1,0,0,0,0,0,0,2420,1,1
8435,0,9,3,8435,543894656,543916609,21953,1,0,0,0,0,0,0,2420,1,1
8436,0,9,4,8436,543931375,543953332,21957,1,0,0,0,0,0,0,2420,1,1
8437,0,9,2,8437,543968094,544127078,158984,18,10,7,0,0,0,0,2420,1,1
8438,0,9,2,8438,544141847,544206919,65072,6,1,4,0,0,0,0,2420,1,1
8439,0,9,0,8439,544221681,544349413,127732,14,7,6,0,0,0,0,2420,1,1
8440,0,9,4,8440,544364192,544402502,38310,3,1,1,0,0,0,0,2420,1,1
8441,0,9,2,8441,544417265,544439218,21953,1,0,0,0,0,0,0,2420,1,1
8442,0,9,4,8442,544453988,544514735,60747,6,4,1,0,0,0,0,2420,1,1
8443,0,9,0,8443,544529497,544551466,21969,1,0,0,0,0,0,0,2420,1,1
8444,0,9,2,8444,544566243,544620951,54708,5,2,2,0,0,0,0,2420,1,1
8445,0,9,1,8445,544635717,544705348,69631,7,4,2,0,0,0,0,2420,1,1
8446,0,9,1,8446,544720121,544751025,30904,2,0,1,0,0,0,0,2420,1,1
8447,0,9,3,8447,544765798,544814519,48721,4,0,3,0,0,0,0,2420,1,1
8448,0,9,2,8448,544829284,544851238,21954,1,0,0,0,0,0,0,2420,1,1
8449,0,9,0,8449,544866004,544953516,87512,9,4,4,0,0,0,0,2420,1,1
8450,0,9,2,8450,544968289,544999167,30878,2,0,1,0,0,0,0,2420,1,1
8451,0,9,2,8451,545013932,545044794,30862,2,0,1,0,0,0,0,2420,1,1
8452,0,9,4,8452,545059559,545105346,45787,4,2,1,0,0,0,0,2420,1,1
8453,0,9,4,8453,545120108,545174794,54686,5,2,2,0,0,0,0,2420,1,1
8454,0,9,1,8454,545189559,545268132,78573,8,4,3,0,0,0,0,2420,1,1
8455,0,9,0,8455,545282905,545321237,38332,3,1,1,0,0,0,0,2420,1,1
8456,0,9,3,8456,545336018,545402736,66718,7,6,0,0,0,0,0,2420,1,1
8457,0,9,2,8457,545417499,545485720,68221,7,5,1,0,0,0,0,2420,1,1
8458,0,9,2,8458,545500486,545562672,62186,6,3,2,0,0,0,0,2420,1,1
8459,0,9,4,8459,545577437,545632143,54706,5,2,2,0,0,0,0,2420,1,1
8460,0,9,1,8460,545646912,545677785,30873,2,0,1,0,0,0,0,2420,1,1
8461,0,9,2,8461,545692556,545714512,21956,1,0,0,0,0,0,0,2420,1,1
8462,0,9,1,8462,545729277,545751246,21969,1,0,0,0,0,0,0,2420,1,1
8463,0,9,0,8463,545766020,545948924,182904,21,12,8,0,0,0,0,2420,1,1
8464,0,9,2,8464,545963705,546002042,38337,3,1,1,0,0,0,0,2420,1,1
8465,0,9,2,8465,546016807,546114671,97864,10,3,6,0,0,0,0,2420,1,1
8466,0,9,3,8466,546129439,546158844,29405,2,1,0,0,0,0,0,2420,1,1
8467,0,9,4,8467,546173610,546228313,54703,5,2,2,0,0,0,0,2420,1,1
8468,0,9,3,8468,546243079,546317247,74168,8,7,0,0,0,0,0,2420,1,1
8469,0,9,1,8469,546332009,546353982,21973,1,0,0,0,0,0,0,2420,1,1
8470,0,9,0,8470,546368756,546399627,30871,2,0,1,0,0,0,0,2420,1,1
8471,0,9,2,8471,546414400,546445266,30866,2,0,1,0,0,0,0,2420,1,1
8472,0,9,3,8472,546460032,546481986,21954,1,0,0,0,0,0,0,2420,1,1
8473,0,9,0,8473,546496751,546591665,94914,10,5,4,0,0,0,0,2420,1,1
8474,0,9,4,8474,546606444,546628398,21954,1,0,0,0,0,0,0,2420,1,1
8475,0,9,2,8475,546643160,546674036,30876,2,0,1,0,0,0,0,2420,1,1
8476,0,9,2,8476,546688801,546710755,21954,1,0,0,0,0,0,0,2420,1,1
8477,0,9,0,8477,546725521,546778763,53242,5,3,1,0,0,0,0,2420,1,1
8478,0,9,2,8478,546793541,546831851,38310,3,1,1,0,0,0,0,2420,1,1
8479,0,9,3,8479,546846616,546922280,75664,8,6,1,0,0,0,0,2420,1,1
8480,0,9,3,8480,546937049,547030512,93463,10,6,3,0,0,0,0,2420,1,1
8481,0,9,4,8481,547045280,547100012,54732,5,2,2,0,0,0,0,2420,1,1
8482,0,9,0,8482,547114782,547153124,38342,3,1,1,0,0,0,0,2420,1,1
8483,0,9,3,8483,547167893,547209304,41411,3,0,1,0,1,0,0,2420,1,1
8484,0,9,1,8484,547224071,547246040,21969,1,0,0,0,0,0,0,2420,1,1
8485,0,9,1,8485,547260809,547282782,21973,1,0,0,0,0,0,0,2420,1,1
8486,0,9,2,8486,547297556,547319509,21953,1,0,0,0,0,0,0,2420,1,1
8487,0,9,0,8487,547334275,547356243,21968,1,0,0,0,0,0,0,2420,1,1
8488,0,9,1,8488,547371020,547401913,30893,2,0,1,0,0,0,0,2420,1,1
8489,0,9,1,8489,547416686,547438655,21969,1,0,0,0,0,0,0,2420,1,1
8490,0,9,3,8490,547453433,547475387,21954,1,0,0,0,0,0,0,2420,1,1
8491,0,9,2,8491,547490148,547552322,62174,6,3,2,0,0,0,0,2420,1,1
8492,0,9,1,8492,547567091,547606885,39794,3,0,2,0,0,0,0,2420,1,1
8493,0,9,4,8493,547621654,547716681,95027,10,5,4,0,0,0,0,2420,1,1
8494,0,9,1,8494,547731448,547753422,21974,1,0,0,0,0,0,0,2420,1,1
8495,0,9,2,8495,547768191,547837838,69647,7,4,2,0,0,0,0,2420,1,1
8496,0,9,1,8496,547852603,547883492,30889,2,0,1,0,0,0,0,2420,1,1
8497,0,9,0,8497,547898262,547960449,62187,6,3,2,0,0,0,0,2420,1,1
8498,0,9,0,8498,547975227,547997196,21969,1,0,0,0,0,0,0,2420,1,1
8499,0,9,3,8499,548011966,548074141,62175,6,3,2,0,0,0,0,2420,1,1
8500,0,9,0,8500,548088906,548201707,112801,12,5,6,0,0,0,0,2420,1,1
8501,0,9,1,8501,548216483,548269771,53288,5,3,1,0,0,0,0,2420,1,1
8502,0,9,4,8502,548284549,548322864,38315,3,1,1,0,0,0,0,2420,1,1
8503,0,9,2,8503,548337626,548374492,36866,3,2,0,0,0,0,0,2420,1,1
8504,0,9,4,8504,548389258,548436521,47263,4,1,2,0,0,0,0,2420,1,1
8505,0,9,1,8505,548451283,548505979,54696,5,2,2,0,0,0,0,2420,1,1
8506,0,9,4,8506,548520752,548542705,21953,1,0,0,0,0,0,0,2420,1,1
8507,0,9,3,8507,548557471,548627135,69664,7,4,2,0,0,0,0,2420,1,1
8508,0,9,3,8508,548641900,548663858,21958,1,0,0,0,0,0,0,2420,1,1
8509,0,9,4,8509,548678619,548700573,21954,1,0,0,0,0,0,0,2420,1,1
8510,0,9,4,8510,548715342,548772970,57628,5,0,4,0,0,0,0,2420,1,1
8511,0,9,2,8511,548787732,548817140,29408,2,1,0,0,0,0,0,2420,1,1
8512,0,9,2,8512,548831905,548917909,86004,9,5,3,0,0,0,0,2420,1,1
8513,0,9,1,8513,548932670,548954643,21973,1,0,0,0,0,0,0,2420,1,1
8514,0,9,0,8514,548969417,549040517,71100,7,3,3,0,0,0,0,2420,1,1
8515,0,9,4,8515,549055291,549095067,39776,3,0,2,0,0,0,0,2420,1,1
8516,0,9,1,8516,549109832,549219806,109974,12,7,4,0,0,0,0,2420,1,1
8517,0,9,0,8517,549234582,549264036,29454,2,1,0,0,0,0,0,2420,1,1
8518,0,9,3,8518,549278810,549300764,21954,1,0,0,0,0,0,0,2420,1,1
8519,0,9,3,8519,549315529,549385220,69691,7,4,2,0,0,0,0,2420,1,1
8520,0,9,2,8520,549399989,549421943,21954,1,0,0,0,0,0,0,2420,1,1
8521,0,9,0,8521,549436707,549458676,21969,1,0,0,0,0,0,0,2420,1,1
8522,0,9,0,8522,549473454,549504354,30900,2,0,1,0,0,0,0,2420,1,1
8523,0,9,3,8523,549519124,549564949,45825,4,2,1,0,0,0,0,2420,1,1
8524,0,9,3,8524,549579714,549668687,88973,9,3,5,0,0,0,0,2420,1,1
8525,0,9,1,8525,549683453,549730727,47274,4,1,2,0,0,0,0,2420,1,1
8526,0,9,3,8526,549745505,549818084,72579,7,2,4,0,0,0,0,2420,1,1
8527,0,9,0,8527,549832847,549854817,21970,1,0,0,0,0,0,0,2420,1,1
8528,0,9,1,8528,549869589,549972098,102509,11,6,4,0,0,0,0,2420,1,1
8529,0,9,0,8529,549986874,550008843,21969,1,0,0,0,0,0,0,2420,1,1
8530,0,9,1,8530,550023620,550130584,106964,12,9,2,0,0,0,0,2420,1,1
8531,0,9,4,8531,550145360,550167314,21954,1,0,0,0,0,0,0,2420,1,1
8532,0,9,3,8532,550182079,550257714,75635,8,6,1,0,0,0,0,2420,1,1
8533,0,9,2,8533,550272476,550294430,21954,1,0,0,0,0,0,0,2420,1,1
8534,0,9,2,8534,550309196,550365390,56194,5,1,3,0,0,0,0,2420,1,1
8535,0,9,1,8535,550380151,550409576,29425,2,1,0,0,0,0,0,2420,1,1
8536,0,9,0,8536,550424354,550446323,21969,1,0,0,0,0,0,0,2420,1,1
8537,0,9,2,8537,550461093,550568005,106912,11,4,5,0,1,0,0,2420,1,1
8538,0,9,4,8538,550582772,550637502,54730,5,2,2,0,0,0,0,2420,1,1
8539,0,9,2,8539,550652263,550674221,21958,1,0,0,0,0,0,0,2420,1,1
8540,0,9,1,8540,550688986,550710955,21969,1,0,0,0,0,0,0,2420,1,1
8541,0,9,2,8541,550725729,550814703,88974,9,3,5,0,0,0,0,2420,1,1
8542,0,9,3,8542,550829468,550851422,21954,1,0,0,0,0,0,0,2420,1,1
8543,0,9,3,8543,550866188,550983504,117316,13,8,4,0,0,0,0,2420,1,1
8544,0,9,3,8544,550998273,551176644,178371,20,9,10,0,0,0,0,2420,1,1
8545,0,9,4,8545,551191410,551220824,29414,2,1,0,0,0,0,0,2420,1,1
8546,0,9,0,8546,551235593,551275405,39812,3,0,2,0,0,0,0,2420,1,1
8547,0,9,2,8547,551290174,551328529,38355,3,1,1,0,0,0,0,2420,1,1
8548,0,9,2,8548,551343298,551424752,81454,8,2,5,0,0,0,0,2420,1,1
8549,0,9,2,8549,551439513,551531564,92051,10,7,2,0,0,0,0,2420,1,1
8550,0,9,3,8550,551546335,551568289,21954,1,0,0,0,0,0,0,2420,1,1
8551,0,9,3,8551,551583051,551643797,60746,6,4,1,0,0,0,0,2420,1,1
8552,0,9,2,8552,551658566,551702929,44363,4,3,0,0,0,0,0,2420,1,1
8553,0,9,4,8553,551717690,551811190,93500,10,6,3,0,0,0,0,2420,1,1
8554,0,9,4,8554,551825962,551856837,30875,2,0,1,0,0,0,0,2420,1,1
8555,0,9,4,8555,551871598,551935263,63665,6,2,3,0,0,0,0,2420,1,1
8556,0,9,0,8556,551950029,551980913,30884,2,0,1,0,0,0,0,2420,1,1
8557,0,9,2,8557,551995686,552148687,153001,17,8,8,0,0,0,0,2420,1,1
8558,0,9,2,8558,552163459,552210712,47253,4,1,2,0,0,0,0,2420,1,1
8559,0,9,3,8559,552225478,552290559,65081,6,1,4,0,0,0,0,2420,1,1
8560,0,9,1,8560,552305328,552373549,68221,7,5,1,0,0,0,0,2420,1,1
8561,0,9,1,8561,552388318,552410287,21969,1,0,0,0,0,0,0,2420,1,1
8562,0,9,3,8562,552425065,552487199,62134,6,3,2,0,0,0,0,2420,1,1
8563,0,9,1,8563,552501961,552555242,53281,5,3,1,0,0,0,0,2420,1,1
8564,0,9,2,8564,552570016,552606896,36880,3,2,0,0,0,0,0,2420,1,1
8565,0,9,0,8565,552621657,552651113,29456,2,1,0,0,0,0,0,2420,1,1
8566,0,9,4,8566,552665890,552687844,21954,1,0,0,0,0,0,0,2420,1,1
8567,0,9,0,8567,552702605,552749873,47268,4,1,2,0,0,0,0,2420,1,1
8568,0,9,4,8568,552764651,552896874,132223,15,10,4,0,0,0,0,2420,1,1
8569,0,9,2,8569,552911639,552949982,38343,3,1,1,0,0,0,0,2420,1,1
8570,0,9,2,8570,552964752,552986705,21953,1,0,0,0,0,0,0,2420,1,1
8571,0,9,3,8571,553001467,553030877,29410,2,1,0,0,0,0,0,2420,1,1
8572,0,9,3,8572,553045647,553094391,48744,4,0,3,0,0,0,0,2420,1,1
8573,0,9,3,8573,553109152,553131106,21954,1,0,0,0,0,0,0,2420,1,1
8574,0,9,4,8574,553145875,553216941,71066,7,3,3,0,0,0,0,2420,1,1
8575,0,9,0,8575,553231703,553261159,29456,2,1,0,0,0,0,0,2420,1,1
8576,0,9,0,8576,553275936,553353090,77154,8,5,2,0,0,0,0,2420,1,1
8577,0,9,3,8577,553367859,553397263,29404,2,1,0,0,0,0,0,2420,1,1
8578,0,9,1,8578,553412029,553441450,29421,2,1,0,0,0,0,0,2420,1,1
8579,0,9,2,8579,553456223,553502026,45803,4,2,1,0,0,0,0,2420,1,1
8580,0,9,2,8580,553516795,553555111,38316,3,1,1,0,0,0,0,2420,1,1
8581,0,9,1,8581,553569872,553591841,21969,1,0,0,0,0,0,0,2420,1,1
8582,0,9,2,8582,553606618,553694121,87503,9,4,4,0,0,0,0,2420,1,1
8583,0,9,2,8583,553708882,553738291,29409,2,1,0,0,0,0,0,2420,1,1
8584,0,9,0,8584,553753063,553827241,74178,7,2,3,0,1,0,0,2420,1,1
8585,0,9,2,8585,553842006,553929495,87489,9,4,4,0,0,0,0,2420,1,1
8586,0,9,4,8586,553944264,554006433,62169,6,3,2,0,0,0,0,2420,1,1
8587,0,9,4,8587,554021195,554060955,39760,3,0,2,0,0,0,0,2420,1,1
8588,0,9,1,8588,554075724,554097693,21969,1,0,0,0,0,0,0,2420,1,1
8589,0,9,3,8589,554112462,554167209,54747,5,2,2,0,0,0,0,2420,1,1
8590,0,9,0,8590,554181975,554220339,38364,3,1,1,0,0,0,0,2420,1,1
8591,0,9,0,8591,554235112,554264565,29453,2,1,0,0,0,0,0,2420,1,1
8592,0,9,2,8592,554279340,554325137,45797,4,2,1,0,0,0,0,2420,1,1
8593,0,9,0,8593,554339898,554378241,38343,3,1,1,0,0,0,0,2420,1,1
8594,0,9,3,8594,554393018,554429889,36871,3,2,0,0,0,0,0,2420,1,1
8595,0,9,0,8595,554444656,554542513,97857,10,3,6,0,0,0,0,2420,1,1
8596,0,9,4,8596,554557290,554579244,21954,1,0,0,0,0,0,0,2420,1,1
8597,0,9,3,8597,554594009,554615962,21953,1,0,0,0,0,0,0,2420,1,1
8598,0,9,1,8598,554630727,554652696,21969,1,0,0,0,0,0,0,2420,1,1
8599,0,9,4,8599,554667469,554713292,45823,4,2,1,0,0,0,0,2420,1,1
8600,0,9,2,8600,554728057,554757463,29406,2,1,0,0,0,0,0,2420,1,1
8601,0,9,2,8601,554772225,554801646,29421,2,1,0,0,0,0,0,2420,1,1
8602,0,9,3,8602,554816416,554854754,38338,3,1,1,0,0,0,0,2420,1,1
8603,0,9,1,8603,554869515,554939194,69679,7,4,2,0,0,0,0,2420,1,1
8604,0,9,2,8604,554953971,554999755,45784,4,2,1,0,0,0,0,2420,1,1
8605,0,9,0,8605,555014521,555043966,29445,2,1,0,0,0,0,0,2420,1,1
8606,0,9,0,8606,555058739,555088189,29450,2,1,0,0,0,0,0,2420,1,1
8607,0,9,2,8607,555102962,555141303,38341,3,1,1,0,0,0,0,2420,1,1
8608,0,9,2,8608,555156073,555194408,38335,3,1,1,0,0,0,0,2420,1,1
8609,0,9,4,8609,555209169,555248950,39781,3,0,2,0,0,0,0,2420,1,1
8610,0,9,1,8610,555263719,555285688,21969,1,0,0,0,0,0,0,2420,1,1
8611,0,9,1,8611,555300457,555338814,38357,3,1,1,0,0,0,0,2420,1,1
8612,0,9,3,8612,555353591,555382997,29406,2,1,0,0,0,0,0,2420,1,1
8613,0,9,3,8613,555397758,555442079,44321,4,3,0,0,0,0,0,2420,1,1
8614,0,9,4,8614,555456849,555511558,54709,5,2,2,0,0,0,0,2420,1,1
8615,0,9,4,8615,555526324,555563209,36885,3,2,0,0,0,0,0,2420,1,1
8616,0,9,4,8616,555577978,555623775,45797,4,2,1,0,0,0,0,2420,1,1
8617,0,9,1,8617,555638536,555717260,78724,8,5,1,0,1,0,0,2420,1,1
8618,0,9,1,8618,555732029,555865802,133773,15,9,5,0,0,0,0,2420,1,1
8619,0,9,4,8619,555880574,555942750,62176,6,3,2,0,0,0,0,2420,1,1
8620,0,9,4,8620,555957516,555979470,21954,1,0,0,0,0,0,0,2420,1,1
8621,0,9,0,8621,555994236,556031143,36907,3,2,0,0,0,0,0,2420,1,1
8622,0,9,1,8622,556045920,556067889,21969,1,0,0,0,0,0,0,2420,1,1
8623,0,9,2,8623,556082659,556113541,30882,2,0,1,0,0,0,0,2420,1,1
8624,0,9,0,8624,556128306,556183014,54708,5,2,2,0,0,0,0,2420,1,1
8625,0,9,4,8625,556197784,556251053,53269,5,3,1,0,0,0,0,2420,1,1
8626,0,9,0,8626,556265823,556287793,21970,1,0,0,0,0,0,0,2420,1,1
8627,0,9,3,8627,556302562,556366218,63656,6,2,3,0,0,0,0,2420,1,1
8628,0,9,2,8628,556380983,556434252,53269,5,3,1,0,0,0,0,2420,1,1
8629,0,9,2,8629,556449013,556511167,62154,6,3,2,0,0,0,0,2420,1,1
8630,0,9,2,8630,556525937,556547890,21953,1,0,0,0,0,0,0,2420,1,1
8631,0,9,2,8631,556562652,556600976,38324,3,1,1,0,0,0,0,2420,1,1
8632,0,9,1,8632,556615745,556652613,36868,3,2,0,0,0,0,0,2420,1,1
8633,0,9,4,8633,556667387,556689340,21953,1,0,0,0,0,0,0,2420,1,1
8634,0,9,1,8634,556704109,556751364,47255,4,1,2,0,0,0,0,2420,1,1
8635,0,9,3,8635,556766138,556788091,21953,1,0,0,0,0,0,0,2420,1,1
8636,0,9,3,8636,556802860,556856089,53229,5,3,1,0,0,0,0,2420,1,1
8637,0,9,4,8637,556870851,556918088,47237,4,1,2,0,0,0,0,2420,1,1
8638,0,9,1,8638,556932857,556954827,21970,1,0,0,0,0,0,0,2420,1,1
8639,0,9,0,8639,556969597,556991566,21969,1,0,0,0,0,0,0,2420,1,1
8640,0,9,1,8640,557006343,557068557,62214,6,3,2,0,0,0,0,2420,1,1
8641,0,9,4,8641,557083330,557105284,21954,1,0,0,0,0,0,0,2420,1,1
8642,0,9,3,8642,557120049,557142002,21953,1,0,0,0,0,0,0,2420,1,1
8643,0,9,1,8643,557156768,557178737,21969,1,0,0,0,0,0,0,2420,1,1
8644,0,9,0,8644,557193514,557222942,29428,2,1,0,0,0,0,0,2420,1,1
8645,0,9,1,8645,557237712,557268611,30899,2,0,1,0,0,0,0,2420,1,1
8646,0,9,3,8646,557283388,557327723,44335,4,3,0,0,0,0,0,2420,1,1
8647,0,9,0,8647,557342484,557371905,29421,2,1,0,0,0,0,0,2420,1,1
8648,0,9,3,8648,557386687,557408641,21954,1,0,0,0,0,0,0,2420,1,1
8649,0,9,4,8649,557423406,557461751,38345,3,1,1,0,0,0,0,2420,1,1
8650,0,9,4,8650,557476520,557516328,39808,3,0,2,0,0,0,0,2420,1,1
8651,0,9,2,8651,557531089,557593253,62164,6,3,2,0,0,0,0,2420,1,1
8652,0,9,0,8652,557608019,557668771,60752,6,4,1,0,0,0,0,2420,1,1
8653,0,9,4,8653,557683544,557712963,29419,2,1,0,0,0,0,0,2420,1,1
8654,0,9,3,8654,557727729,557795921,68192,7,5,1,0,0,0,0,2420,1,1
8655,0,9,1,8655,557810682,557856521,45839,4,2,1,0,0,0,0,2420,1,1
8656,0,9,4,8656,557871294,557902167,30873,2,0,1,0,0,0,0,2420,1,1
8657,0,9,4,8657,557916932,557947789,30857,2,0,1,0,0,0,0,2420,1,1
8658,0,9,3,8658,557962554,558041093,78539,8,4,3,0,0,0,0,2420,1,1
8659,0,9,4,8659,558055859,558077812,21953,1,0,0,0,0,0,0,2420,1,1
8660,0,9,0,8660,558092577,558114550,21973,1,0,0,0,0,0,0,2420,1,1
8661,0,9,1,8661,558129320,558190098,60778,6,4,1,0,0,0,0,2420,1,1
8662,0,9,2,8662,558204875,558289419,84544,9,6,2,0,0,0,0,2420,1,1
8663,0,9,0,8663,558304186,558343966,39780,3,0,2,0,0,0,0,2420,1,1
8664,0,9,0,8664,558358740,558395636,36896,3,2,0,0,0,0,0,2420,1,1
8665,0,9,1,8665,558410406,558432375,21969,1,0,0,0,0,0,0,2420,1,1
8666,0,9,3,8666,558447152,558540666,93514,10,6,3,0,0,0,0,2420,1,1
8667,0,9,2,8667,558555434,558592303,36869,3,2,0,0,0,0,0,2420,1,1
8668,0,9,4,8668,558607072,558694565,87493,9,4,4,0,0,0,0,2420,1,1
8669,0,9,1,8669,558709326,558762595,53269,5,3,1,0,0,0,0,2420,1,1
8670,0,9,2,8670,558777373,558799326,21953,1,0,0,0,0,0,0,2420,1,1
8671,0,9,1,8671,558814092,558868790,54698,5,2,2,0,0,0,0,2420,1,1
8672,0,9,3,8672,558883567,558920448,36881,3,2,0,0,0,0,0,2420,1,1
8673,0,9,1,8673,558935214,558981002,45788,4,2,1,0,0,0,0,2420,1,1
8674,0,9,2,8674,558995779,559035582,39803,3,0,2,0,0,0,0,2420,1,1
8675,0,9,4,8675,559050343,559113979,63636,6,2,3,0,0,0,0,2420,1,1
8676,0,9,1,8676,559128744,559150711,21967,1,0,0,0,0,0,0,2420,1,1
8677,0,9,1,8677,559165486,559196365,30879,2,0,1,0,0,0,0,2420,1,1
8678,0,9,3,8678,559211139,559240559,29420,2,1,0,0,0,0,0,2420,1,1
8679,0,9,1,8679,559255325,559277294,21969,1,0,0,0,0,0,0,2420,1,1
8680,0,9,0,8680,559292072,559314046,21974,1,0,0,0,0,0,0,2420,1,1
8681,0,9,3,8681,559328815,559359694,30879,2,0,1,0,0,0,0,2420,1,1
8682,0,9,3,8682,559374463,559427715,53252,5,3,1,0,0,0,0,2420,1,1
8683,0,9,2,8683,559442477,559480782,38305,3,1,1,0,0,0,0,2420,1,1
8684,0,9,2,8684,559495551,559593662,98111,11,9,1,0,0,0,0,2420,1,1
8685,0,9,1,8685,559608425,559655672,47247,4,1,2,0,0,0,0,2420,1,1
8686,0,9,0,8686,559670446,559692415,21969,1,0,0,0,0,0,0,2420,1,1
8687,0,9,0,8687,559707188,559729157,21969,1,0,0,0,0,0,0,2420,1,1
8688,0,9,1,8688,559743934,559809000,65066,6,1,4,0,0,0,0,2420,1,1
8689,0,9,4,8689,559823773,559845727,21954,1,0,0,0,0,0,0,2420,1,1
8690,0,9,2,8690,559860492,559954021,93529,10,6,3,0,0,0,0,2420,1,1
8691,0,9,1,8691,559968785,560007122,38337,3,1,1,0,0,0,0,2420,1,1
8692,0,9,2,8692,560021895,560058777,36882,3,2,0,0,0,0,0,2420,1,1
8693,0,9,0,8693,560073543,560153523,79980,8,3,4,0,0,0,0,2420,1,1
8694,0,9,0,8694,560168296,560231959,63663,6,2,3,0,0,0,0,2420,1,1
8695,0,9,3,8695,560246733,560268687,21954,1,0,0,0,0,0,0,2420,1,1
8696,0,9,0,8696,560283456,560314332,30876,2,0,1,0,0,0,0,2420,1,1
8697,0,9,1,8697,560329102,560367440,38338,3,1,1,0,0,0,0,2420,1,1
8698,0,9,3,8698,560382213,560515842,133629,14,4,8,0,1,0,0,2420,1,1
8699,0,9,2,8699,560530602,560600228,69626,7,4,2,0,0,0,0,2420,1,1
8700,0,9,2,8700,560614998,560644415,29417,2,1,0,0,0,0,0,2420,1,1
8701,0,9,3,8701,560659177,560696050,36873,3,2,0,0,0,0,0,2420,1,1
8702,0,9,2,8702,560710816,560764070,53254,5,3,1,0,0,0,0,2420,1,1
8703,0,9,0,8703,560778832,560922917,144085,16,8,7,0,0,0,0,2420,1,1
8704,0,9,1,8704,560937693,561087759,150066,17,10,6,0,0,0,0,2420,1,1
8705,0,9,0,8705,561102533,561124506,21973,1,0,0,0,0,0,0,2420,1,1
8706,0,9,1,8706,561139279,561269872,130593,14,5,8,0,0,0,0,2420,1,1
8707,0,9,2,8707,561284648,561315534,30886,2,0,1,0,0,0,0,2420,1,1
8708,0,9,3,8708,561330300,561352254,21954,1,0,0,0,0,0,0,2420,1,1
8709,0,9,2,8709,561367019,561420298,53279,5,3,1,0,0,0,0,2420,1,1
8710,0,9,3,8710,561435067,561562767,127700,14,7,6,0,0,0,0,2420,1,1
8711,0,9,4,8711,561577531,561647172,69641,7,4,2,0,0,0,0,2420,1,1
8712,0,9,1,8712,561661942,561724134,62192,6,3,2,0,0,0,0,2420,1,1
8713,0,9,4,8713,561738903,561768306,29403,2,1,0,0,0,0,0,2420,1,1
8714,0,9,4,8714,561783071,561837799,54728,5,2,2,0,0,0,0,2420,1,1
8715,0,9,2,8715,561852561,561881976,29415,2,1,0,0,0,0,0,2420,1,1
8716,0,9,4,8716,561896745,561926155,29410,2,1,0,0,0,0,0,2420,1,1
8717,0,9,1,8717,561940917,561962890,21973,1,0,0,0,0,0,0,2420,1,1
8718,0,9,4,8718,561977663,562039886,62223,6,3,2,0,0,0,0,2420,1,1
8719,0,9,1,8719,562054652,562113970,59318,6,5,0,0,0,0,0,2420,1,1
8720,0,9,4,8720,562128743,562183422,54679,5,2,2,0,0,0,0,2420,1,1
8721,0,9,0,8721,562198184,562227626,29442,2,1,0,0,0,0,0,2420,1,1
8722,0,9,0,8722,562242400,562306076,63676,6,2,3,0,0,0,0,2420,1,1
8723,0,9,1,8723,562320846,562357731,36885,3,2,0,0,0,0,0,2420,1,1
8724,0,9,3,8724,562372504,562412294,39790,3,0,2,0,0,0,0,2420,1,1
8725,0,9,1,8725,562427059,562472854,45795,4,2,1,0,0,0,0,2420,1,1
8726,0,9,1,8726,562487627,562606427,118800,13,7,5,0,0,0,0,2420,1,1
8727,0,9,1,8727,562621199,562643172,21973,1,0,0,0,0,0,0,2420,1,1
8728,0,9,2,8728,562657945,562679899,21954,1,0,0,0,0,0,0,2420,1,1
8729,0,9,4,8729,562694664,562740454,45790,4,2,1,0,0,0,0,2420,1,1
8730,0,9,2,8730,562755224,562801016,45792,4,2,1,0,0,0,0,2420,1,1
8731,0,9,3,8731,562815782,562861587,45805,4,2,1,0,0,0,0,2420,1,1
8732,0,9,1,8732,562876357,562898326,21969,1,0,0,0,0,0,0,2420,1,1
8733,0,9,2,8733,562913095,562966353,53258,5,3,1,0,0,0,0,2420,1,1
8734,0,9,2,8734,562981118,563011975,30857,2,0,1,0,0,0,0,2420,1,1
8735,0,9,0,8735,563026740,563063632,36892,3,2,0,0,0,0,0,2420,1,1
8736,0,9,4,8736,563078405,563100359,21954,1,0,0,0,0,0,0,2420,1,1
8737,0,9,4,8737,563115124,563257920,142796,16,10,4,0,1,0,0,2420,1,1
8738,0,9,4,8738,563272686,563309574,36888,3,2,0,0,0,0,0,2420,1,1
8739,0,9,1,8739,563324340,563380659,56319,5,2,1,0,1,0,0,2420,1,1
8740,0,9,3,8740,563395433,563459039,63606,6,2,3,0,0,0,0,2420,1,1
8741,0,9,4,8741,563473805,563592603,118798,13,7,5,0,0,0,0,2420,1,1
8742,0,9,3,8742,563607375,563638233,30858,2,0,1,0,0,0,0,2420,1,1
8743,0,9,3,8743,563652999,563716613,63614,6,2,3,0,0,0,0,2420,1,1
8744,0,9,4,8744,563731383,563753340,21957,1,0,0,0,0,0,0,2420,1,1
8745,0,9,4,8745,563768102,563815322,47220,4,1,2,0,0,0,0,2420,1,1
8746,0,9,3,8746,563830088,563852042,21954,1,0,0,0,0,0,0,2420,1,1
8747,0,9,3,8747,563866807,563906620,39813,3,0,2,0,0,0,0,2420,1,1
8748,0,9,4,8748,563921385,563943342,21957,1,0,0,0,0,0,0,2420,1,1
8749,0,9,4,8749,563958104,564021863,63759,6,3,1,0,1,0,0,2420,1,1
8750,0,9,2,8750,564036628,564066041,29413,2,1,0,0,0,0,0,2420,1,1
8751,0,9,1,8751,564080803,564200993,120190,13,6,6,0,0,0,0,2420,1,1
8752,0,9,0,8752,564215774,564237744,21970,1,0,0,0,0,0,0,2420,1,1
8753,0,9,2,8753,564252513,564281918,29405,2,1,0,0,0,0,0,2420,1,1
8754,0,9,3,8754,564296687,564352847,56160,5,1,3,0,0,0,0,2420,1,1
8755,0,9,4,8755,564367609,564397016,29407,2,1,0,0,0,0,0,2420,1,1
8756,0,9,4,8756,564411782,564433740,21958,1,0,0,0,0,0,0,2420,1,1
8757,0,9,3,8757,564448501,564489911,41410,3,0,1,0,1,0,0,2420,1,1
8758,0,9,4,8758,564504677,564535570,30893,2,0,1,0,0,0,0,2420,1,1
8759,0,9,2,8759,564550331,564703317,152986,17,8,8,0,0,0,0,2420,1,1
8760,0,9,0,8760,564718085,564756440,38355,3,1,1,0,0,0,0,2420,1,1
8761,0,9,0,8761,564771210,564809574,38364,3,1,1,0,0,0,0,2420,1,1
8762,0,9,2,8762,564824351,564870159,45808,4,2,1,0,0,0,0,2420,1,1
8763,0,9,3,8763,564884925,564914336,29411,2,1,0,0,0,0,0,2420,1,1
8764,0,9,2,8764,564929102,564967413,38311,3,1,1,0,0,0,0,2420,1,1
8765,0,9,1,8765,564982175,565112832,130657,14,5,8,0,0,0,0,2420,1,1
8766,0,9,2,8766,565127609,565157043,29434,2,1,0,0,0,0,0,2420,1,1
8767,0,9,3,8767,565171804,565225084,53280,5,3,1,0,0,0,0,2420,1,1
8768,0,9,4,8768,565239850,565284166,44316,4,3,0,0,0,0,0,2420,1,1
8769,0,9,1,8769,565298927,565320896,21969,1,0,0,0,0,0,0,2420,1,1
8770,0,9,2,8770,565335673,565357627,21954,1,0,0,0,0,0,0,2420,1,1
8771,0,9,4,8771,565372388,565427101,54713,5,2,2,0,0,0,0,2420,1,1
8772,0,9,3,8772,565441867,565472731,30864,2,0,1,0,0,0,0,2420,1,1
8773,0,9,1,8773,565487494,565592967,105473,12,10,1,0,0,0,0,2420,1,1
8774,0,9,1,8774,565607745,565638620,30875,2,0,1,0,0,0,0,2420,1,1
8775,0,9,0,8775,565653393,565755861,102468,11,6,4,0,0,0,0,2420,1,1
8776,0,9,2,8776,565770641,565841749,71108,7,3,3,0,0,0,0,2420,1,1
8777,0,9,3,8777,565856514,565878468,21954,1,0,0,0,0,0,0,2420,1,1
8778,0,9,2,8778,565893237,565937615,44378,4,3,0,0,0,0,0,2420,1,1
8779,0,9,1,8779,565952377,566019131,66754,7,6,0,0,0,0,0,2420,1,1
8780,0,9,1,8780,566033909,566104993,71084,7,3,3,0,0,0,0,2420,1,1
8781,0,9,3,8781,566119762,566141716,21954,1,0,0,0,0,0,0,2420,1,1
8782,0,9,4,8782,566156485,566178438,21953,1,0,0,0,0,0,0,2420,1,1
8783,0,9,0,8783,566193204,566298557,105353,11,4,6,0,0,0,0,2420,1,1
8784,0,9,0,8784,566313337,566335307,21970,1,0,0,0,0,0,0,2420,1,1
8785,0,9,4,8785,566350077,566372030,21953,1,0,0,0,0,0,0,2420,1,1
8786,0,9,4,8786,566386799,566416238,29439,2,1,0,0,0,0,0,2420,1,1
8787,0,9,3,8787,566431000,566539431,108431,12,8,3,0,0,0,0,2420,1,1
8788,0,9,0,8788,566554202,566640258,86056,9,5,3,0,0,0,0,2420,1,1
8789,0,9,3,8789,566655031,566685889,30858,2,0,1,0,0,0,0,2420,1,1
8790,0,9,0,8790,566700654,566730089,29435,2,1,0,0,0,0,0,2420,1,1
8791,0,9,0,8791,566744863,566822013,77150,8,5,2,0,0,0,0,2420,1,1
8792,0,9,2,8792,566836790,566875146,38356,3,1,1,0,0,0,0,2420,1,1
8793,0,9,2,8793,566889907,567068363,178456,21,15,5,0,0,0,0,2420,1,1
8794,0,9,0,8794,567083135,567114040,30905,2,0,1,0,0,0,0,2420,1,1
8795,0,9,4,8795,567128810,567220846,92036,10,7,2,0,0,0,0,2420,1,1
8796,0,9,2,8796,567235619,567257572,21953,1,0,0,0,0,0,0,2420,1,1
8797,0,9,3,8797,567272333,567301764,29431,2,1,0,0,0,0,0,2420,1,1
8798,0,9,0,8798,567316533,567387638,71105,7,3,3,0,0,0,0,2420,1,1
8799,0,9,2,8799,567402407,567461702,59295,6,5,0,0,0,0,0,2420,1,1
8800,0,9,2,8800,567476472,567535742,59270,6,5,0,0,0,0,0,2420,1,1
8801,0,9,1,8801,567550503,567627603,77100,8,5,2,0,0,0,0,2420,1,1
8802,0,9,0,8802,567642376,567720981,78605,8,4,3,0,0,0,0,2420,1,1
8803,0,9,4,8803,567735754,567815736,79982,8,3,4,0,0,0,0,2420,1,1
8804,0,9,3,8804,567830501,567852454,21953,1,0,0,0,0,0,0,2420,1,1
8805,0,9,2,8805,567867219,567889173,21954,1,0,0,0,0,0,0,2420,1,1
8806,0,9,2,8806,567903942,567925896,21954,1,0,0,0,0,0,0,2420,1,1
8807,0,9,3,8807,567940657,568035618,94961,10,5,4,0,0,0,0,2420,1,1
8808,0,9,0,8808,568050389,568081264,30875,2,0,1,0,0,0,0,2420,1,1
8809,0,9,1,8809,568096038,568125455,29417,2,1,0,0,0,0,0,2420,1,1
8810,0,9,1,8810,568140229,568199515,59286,6,5,0,0,0,0,0,2420,1,1
8811,0,9,3,8811,568214289,568276460,62171,6,3,2,0,0,0,0,2420,1,1
8812,0,9,2,8812,568291226,568313183,21957,1,0,0,0,0,0,0,2420,1,1
8813,0,9,4,8813,568327945,568349898,21953,1,0,0,0,0,0,0,2420,1,1
8814,0,9,1,8814,568364668,568425394,60726,6,4,1,0,0,0,0,2420,1,1
8815,0,9,3,8815,568440164,568509833,69669,7,4,2,0,0,0,0,2420,1,1
8816,0,9,3,8816,568524603,568561479,36876,3,2,0,0,0,0,0,2420,1,1
8817,0,9,0,8817,568576245,568605671,29426,2,1,0,0,0,0,0,2420,1,1
8818,0,9,1,8818,568620444,568642413,21969,1,0,0,0,0,0,0,2420,1,1
8819,0,9,0,8819,568657186,568679155,21969,1,0,0,0,0,0,0,2420,1,1
8820,0,9,1,8820,568693933,568730821,36888,3,2,0,0,0,0,0,2420,1,1
8821,0,9,2,8821,568745595,568767548,21953,1,0,0,0,0,0,0,2420,1,1
8822,0,9,1,8822,568782313,568804286,21973,1,0,0,0,0,0,0,2420,1,1
8823,0,9,4,8823,568819056,568849925,30869,2,0,1,0,0,0,0,2420,1,1
8824,0,9,2,8824,568864694,568895563,30869,2,0,1,0,0,0,0,2420,1,1
8825,0,9,4,8825,568910324,568972494,62170,6,3,2,0,0,0,0,2420,1,1
8826,0,9,3,8826,568987263,569016679,29416,2,1,0,0,0,0,0,2420,1,1
8827,0,9,4,8827,569031440,569099660,68220,7,5,1,0,0,0,0,2420,1,1
8828,0,9,4,8828,569114430,569216826,102396,11,6,4,0,0,0,0,2420,1,1
8829,0,9,2,8829,569231590,569277372,45782,4,2,1,0,0,0,0,2420,1,1
8830,0,9,1,8830,569292138,569364705,72567,7,2,4,0,0,0,0,2420,1,1
8831,0,9,0,8831,569379473,569417820,38347,3,1,1,0,0,0,0,2420,1,1
8832,0,9,3,8832,569432593,569454550,21957,1,0,0,0,0,0,0,2420,1,1
8833,0,9,2,8833,569469313,569537491,68178,7,5,1,0,0,0,0,2420,1,1
8834,0,9,2,8834,569552256,569574215,21959,1,0,0,0,0,0,0,2420,1,1
8835,0,9,0,8835,569588976,569691408,102432,11,6,4,0,0,0,0,2420,1,1
8836,0,9,1,8836,569706188,569735633,29445,2,1,0,0,0,0,0,2420,1,1
8837,0,9,4,8837,569750403,569788742,38339,3,1,1,0,0,0,0,2420,1,1
8838,0,9,3,8838,569803511,569840387,36876,3,2,0,0,0,0,0,2420,1,1
8839,0,9,4,8839,569855152,569918793,63641,6,2,3,0,0,0,0,2420,1,1
8840,0,9,2,8840,569933567,569988302,54735,5,2,2,0,0,0,0,2420,1,1
8841,0,9,0,8841,570003067,570095154,92087,10,7,2,0,0,0,0,2420,1,1
8842,0,9,1,8842,570109929,570158662,48733,4,0,3,0,0,0,0,2420,1,1
8843,0,9,1,8843,570173436,570210345,36909,3,2,0,0,0,0,0,2420,1,1
8844,0,9,3,8844,570225122,570264914,39792,3,0,2,0,0,0,0,2420,1,1
8845,0,9,0,8845,570279675,570318054,38379,3,1,1,0,0,0,0,2420,1,1
8846,0,9,4,8846,570332831,570362247,29416,2,1,0,0,0,0,0,2420,1,1
8847,0,9,0,8847,570377012,570415367,38355,3,1,1,0,0,0,0,2420,1,1
8848,0,9,3,8848,570430140,570467021,36881,3,2,0,0,0,0,0,2420,1,1
8849,0,9,4,8849,570481782,570503740,21958,1,0,0,0,0,0,0,2420,1,1
8850,0,9,1,8850,570518505,570540475,21970,1,0,0,0,0,0,0,2420,1,1
8851,0,9,0,8851,570555248,570624920,69672,7,4,2,0,0,0,0,2420,1,1
8852,0,9,3,8852,570639693,570709294,69601,7,4,2,0,0,0,0,2420,1,1
8853,0,9,1,8853,570724060,570762411,38351,3,1,1,0,0,0,0,2420,1,1
8854,0,9,2,8854,570777188,570839365,62177,6,3,2,0,0,0,0,2420,1,1
8855,0,9,2,8855,570854130,570949097,94967,10,5,4,0,0,0,0,2420,1,1
8856,0,9,3,8856,570963868,570985822,21954,1,0,0,0,0,0,0,2420,1,1
8857,0,9,1,8857,571000583,571049295,48712,4,0,3,0,0,0,0,2420,1,1
8858,0,9,4,8858,571064073,571086026,21953,1,0,0,0,0,0,0,2420,1,1
8859,0,9,2,8859,571100787,571137703,36916,3,2,0,0,0,0,0,2420,1,1
8860,0,9,4,8860,571152469,571174426,21957,1,0,0,0,0,0,0,2420,1,1
8861,0,9,2,8861,571189188,571211142,21954,1,0,0,0,0,0,0,2420,1,1
8862,0,9,2,8862,571225911,571282123,56212,5,1,3,0,0,0,0,2420,1,1
8863,0,9,0,8863,571296888,571344158,47270,4,1,2,0,0,0,0,2420,1,1
8864,0,9,0,8864,571358932,571388375,29443,2,1,0,0,0,0,0,2420,1,1
8865,0,9,2,8865,571403147,571434035,30888,2,0,1,0,0,0,0,2420,1,1
8866,0,9,1,8866,571448800,571494609,45809,4,2,1,0,0,0,0,2420,1,1
8867,0,9,3,8867,571509379,571531332,21953,1,0,0,0,0,0,0,2420,1,1
8868,0,9,2,8868,571546101,571582986,36885,3,2,0,0,0,0,0,2420,1,1
8869,0,9,2,8869,571597747,571658466,60719,6,4,1,0,0,0,0,2420,1,1
8870,0,9,0,8870,571673235,571695204,21969,1,0,0,0,0,0,0,2420,1,1
8871,0,9,1,8871,571709974,571770722,60748,6,4,1,0,0,0,0,2420,1,1
8872,0,9,0,8872,571785505,571814931,29426,2,1,0,0,0,0,0,2420,1,1
8873,0,9,1,8873,571829700,571860606,30906,2,0,1,0,0,0,0,2420,1,1
8874,0,9,4,8874,571875384,571915182,39798,3,0,2,0,0,0,0,2420,1,1
8875,0,9,0,8875,571929943,571984711,54768,5,2,2,0,0,0,0,2420,1,1
8876,0,9,0,8876,571999484,572021453,21969,1,0,0,0,0,0,0,2420,1,1
8877,0,9,4,8877,572036227,572058181,21954,1,0,0,0,0,0,0,2420,1,1
8878,0,9,2,8878,572072947,572094900,21953,1,0,0,0,0,0,0,2420,1,1
8879,0,9,3,8879,572109662,572139065,29403,2,1,0,0,0,0,0,2420,1,1
8880,0,9,1,8880,572153835,572232389,78554,8,4,3,0,0,0,0,2420,1,1
8881,0,9,3,8881,572247162,572278017,30855,2,0,1,0,0,0,0,2420,1,1
8882,0,9,1,8882,572292786,572322218,29432,2,1,0,0,0,0,0,2420,1,1
8883,0,9,1,8883,572336992,572382796,45804,4,2,1,0,0,0,0,2420,1,1
8884,0,9,3,8884,572397570,572450821,53251,5,3,1,0,0,0,0,2420,1,1
8885,0,9,2,8885,572465588,572520302,54714,5,2,2,0,0,0,0,2420,1,1
8886,0,9,2,8886,572535072,572564510,29438,2,1,0,0,0,0,0,2420,1,1
8887,0,9,4,8887,572579271,572601225,21954,1,0,0,0,0,0,0,2420,1,1
8888,0,9,1,8888,572615994,572685645,69651,7,4,2,0,0,0,0,2420,1,1
8889,0,9,4,8889,572700414,572722368,21954,1,0,0,0,0,0,0,2420,1,1
8890,0,9,1,8890,572737137,572774059,36922,3,2,0,0,0,0,0,2420,1,1
8891,0,9,1,8891,572788829,572836065,47236,4,1,2,0,0,0,0,2420,1,1
8892,0,9,3,8892,572850838,572880247,29409,2,1,0,0,0,0,0,2420,1,1
8893,0,9,1,8893,572895013,572975064,80051,8,3,4,0,0,0,0,2420,1,1
8894,0,9,1,8894,572989837,573011806,21969,1,0,0,0,0,0,0,2420,1,1
8895,0,9,0,8895,573026579,573193253,166674,19,12,5,0,1,0,0,2420,1,1
8896,0,9,2,8896,573208027,573229980,21953,1,0,0,0,0,0,0,2420,1,1
8897,0,9,1,8897,573244746,573289111,44365,4,3,0,0,0,0,0,2420,1,1
8898,0,9,2,8898,573303888,573404899,101011,11,7,3,0,0,0,0,2420,1,1
8899,0,9,3,8899,573419663,573465506,45843,4,2,1,0,0,0,0,2420,1,1
8900,0,9,1,8900,573480273,573573786,93513,10,6,3,0,0,0,0,2420,1,1
8901,0,9,3,8901,573588557,573610511,21954,1,0,0,0,0,0,0,2420,1,1
8902,0,9,4,8902,573625281,573647235,21954,1,0,0,0,0,0,0,2420,1,1
8903,0,9,4,8903,573661996,573692868,30872,2,0,1,0,0,0,0,2420,1,1
8904,0,9,4,8904,573707637,573796595,88958,9,3,5,0,0,0,0,2420,1,1
8905,0,9,0,8905,573811356,573833329,21973,1,0,0,0,0,0,0,2420,1,1
8906,0,9,3,8906,573848103,573870056,21953,1,0,0,0,0,0,0,2420,1,1
8907,0,9,4,8907,573884822,573945546,60724,6,4,1,0,0,0,0,2420,1,1
8908,0,9,1,8908,573960310,573998683,38373,3,1,1,0,0,0,0,2420,1,1
8909,0,9,4,8909,574013457,574068196,54739,5,2,2,0,0,0,0,2420,1,1
8910,0,9,4,8910,574082966,574104920,21954,1,0,0,0,0,0,0,2420,1,1
8911,0,9,4,8911,574119681,574141635,21954,1,0,0,0,0,0,0,2420,1,1
8912,0,9,4,8912,574156404,574193315,36911,3,2,0,0,0,0,0,2420,1,1
8913,0,9,3,8913,574208077,574238967,30890,2,0,1,0,0,0,0,2420,1,1
8914,0,9,4,8914,574253736,574283150,29414,2,1,0,0,0,0,0,2420,1,1
8915,0,9,4,8915,574297911,574328782,30871,2,0,1,0,0,0,0,2420,1,1
8916,0,9,3,8916,574343551,574404290,60739,6,4,1,0,0,0,0,2420,1,1
8917,0,9,3,8917,574419052,574441005,21953,1,0,0,0,0,0,0,2420,1,1
8918,0,9,0,8918,574455775,574535774,79999,8,3,4,0,0,0,0,2420,1,1
8919,0,9,4,8919,574550543,574588887,38344,3,1,1,0,0,0,0,2420,1,1
8920,0,9,2,8920,574603657,574633072,29415,2,1,0,0,0,0,0,2420,1,1
8921,0,9,4,8921,574647834,574677248,29414,2,1,0,0,0,0,0,2420,1,1
8922,0,9,4,8922,574692013,574728908,36895,3,2,0,0,0,0,0,2420,1,1
8923,0,9,0,8923,574743673,574765643,21970,1,0,0,0,0,0,0,2420,1,1
8924,0,9,0,8924,574780415,574827673,47258,4,1,2,0,0,0,0,2420,1,1
8925,0,9,0,8925,574842443,574864414,21971,1,0,0,0,0,0,0,2420,1,1
8926,0,9,4,8926,574879187,574941382,62195,6,3,2,0,0,0,0,2420,1,1
8927,0,9,3,8927,574956149,575088446,132297,15,10,4,0,0,0,0,2420,1,1
8928,0,9,0,8928,575103220,575141549,38329,3,1,1,0,0,0,0,2420,1,1
8929,0,9,1,8929,575156323,575178292,21969,1,0,0,0,0,0,0,2420,1,1
8930,0,9,0,8930,575193067,575302967,109900,12,7,4,0,0,0,0,2420,1,1
8931,0,9,0,8931,575317739,575400822,83083,9,7,1,0,0,0,0,2420,1,1
8932,0,9,1,8932,575415599,575445052,29453,2,1,0,0,0,0,0,2420,1,1
8933,0,9,0,8933,575459821,575481790,21969,1,0,0,0,0,0,0,2420,1,1
8934,0,9,3,8934,575496568,575518521,21953,1,0,0,0,0,0,0,2420,1,1
8935,0,9,1,8935,575533286,575586553,53267,5,3,1,0,0,0,0,2420,1,1
8936,0,9,0,8936,575601331,575681441,80110,8,3,4,0,0,0,0,2420,1,1
8937,0,9,4,8937,575696215,575725618,29403,2,1,0,0,0,0,0,2420,1,1
8938,0,9,3,8938,575740384,575841349,100965,11,7,3,0,0,0,0,2420,1,1
8939,0,9,1,8939,575856117,575885537,29420,2,1,0,0,0,0,0,2420,1,1
8940,0,9,1,8940,575900310,576093635,193325,22,11,10,0,0,0,0,2420,1,1
8941,0,9,4,8941,576108412,576137838,29426,2,1,0,0,0,0,0,2420,1,1
8942,0,9,3,8942,576152604,576205872,53268,5,3,1,0,0,0,0,2420,1,1
8943,0,9,1,8943,576220634,576250078,29444,2,1,0,0,0,0,0,2420,1,1
8944,0,9,0,8944,576264855,576318117,53262,5,3,1,0,0,0,0,2420,1,1
8945,0,9,4,8945,576332889,576396535,63646,6,2,3,0,0,0,0,2420,1,1
8946,0,9,0,8946,576411300,576516744,105444,11,5,4,0,1,0,0,2420,1,1
8947,0,9,3,8947,576531512,576575872,44360,4,3,0,0,0,0,0,2420,1,1
8948,0,9,4,8948,576590637,576627548,36911,3,2,0,0,0,0,0,2420,1,1
8949,0,9,0,8949,576642309,576689581,47272,4,1,2,0,0,0,0,2420,1,1
8950,0,9,0,8950,576704359,576765072,60713,6,4,1,0,0,0,0,2420,1,1
8951,0,9,1,8951,576779842,576944921,165079,19,12,6,0,0,0,0,2420,1,1
8952,0,9,4,8952,576959698,577004039,44341,4,3,0,0,0,0,0,2420,1,1
8953,0,9,0,8953,577018800,577055695,36895,3,2,0,0,0,0,0,2420,1,1
8954,0,9,3,8954,577070468,577092422,21954,1,0,0,0,0,0,0,2420,1,1
8955,0,9,0,8955,577107187,577178356,71169,7,3,3,0,0,0,0,2420,1,1
8956,0,9,4,8956,577193131,577215085,21954,1,0,0,0,0,0,0,2420,1,1
8957,0,9,3,8957,577229846,577275614,45768,4,2,1,0,0,0,0,2420,1,1
8958,0,9,1,8958,577290379,577321270,30891,2,0,1,0,0,0,0,2420,1,1
8959,0,9,0,8959,577336044,577375826,39782,3,0,2,0,0,0,0,2420,1,1
8960,0,9,1,8960,577390599,577427520,36921,3,2,0,0,0,0,0,2420,1,1
8961,0,9,1,8961,577442291,577520823,78532,8,4,3,0,0,0,0,2420,1,1
8962,0,9,2,8962,577535600,577605266,69666,7,4,2,0,0,0,0,2420,1,1
8963,0,9,1,8963,577620028,577664403,44375,4,3,0,0,0,0,0,2420,1,1
8964,0,9,0,8964,577679176,577733913,54737,5,2,2,0,0,0,0,2420,1,1
8965,0,9,1,8965,577748682,577794510,45828,4,2,1,0,0,0,0,2420,1,1
8966,0,9,4,8966,577809283,577960817,151534,17,9,7,0,0,0,0,2420,1,1
8967,0,9,4,8967,577975586,578057200,81614,8,3,3,0,1,0,0,2420,1,1
8968,0,9,4,8968,578071966,578134135,62169,6,3,2,0,0,0,0,2420,1,1
8969,0,9,3,8969,578148897,578179770,30873,2,0,1,0,0,0,0,2420,1,1
8970,0,9,0,8970,578194540,578241809,47269,4,1,2,0,0,0,0,2420,1,1
8971,0,9,4,8971,578256582,578335181,78599,8,4,3,0,0,0,0,2420,1,1
8972,0,9,0,8972,578349947,578388282,38335,3,1,1,0,0,0,0,2420,1,1
8973,0,9,1,8973,578403051,578457796,54745,5,2,2,0,0,0,0,2420,1,1
8974,0,9,0,8974,578472571,578510897,38326,3,1,1,0,0,0,0,2420,1,1
8975,0,9,2,8975,578525670,578586416,60746,6,4,1,0,0,0,0,2420,1,1
8976,0,9,3,8976,578601181,578630596,29415,2,1,0,0,0,0,0,2420,1,1
8977,0,9,1,8977,578645362,578723908,78546,8,4,3,0,0,0,0,2420,1,1
8978,0,9,1,8978,578738681,578809787,71106,7,3,3,0,0,0,0,2420,1,1
8979,0,9,3,8979,578824561,578886738,62177,6,3,2,0,0,0,0,2420,1,1
8980,0,9,1,8980,578901504,578930922,29418,2,1,0,0,0,0,0,2420,1,1
8981,0,9,3,8981,578945696,578985513,39817,3,0,2,0,0,0,0,2420,1,1
8982,0,9,1,8982,579000279,579087769,87490,9,4,4,0,0,0,0,2420,1,1
8983,0,9,0,8983,579102538,579124511,21973,1,0,0,0,0,0,0,2420,1,1
8984,0,9,0,8984,579139285,579249145,109860,12,7,4,0,0,0,0,2420,1,1
8985,0,9,0,8985,579263921,579309746,45825,4,2,1,0,0,0,0,2420,1,1
8986,0,9,3,8986,579324523,579346477,21954,1,0,0,0,0,0,0,2420,1,1
8987,0,9,0,8987,579361238,579398114,36876,3,2,0,0,0,0,0,2420,1,1
8988,0,9,0,8988,579412892,579464717,51825,5,4,0,0,0,0,0,2420,1,1
8989,0,9,4,8989,579479486,579501440,21954,1,0,0,0,0,0,0,2420,1,1
8990,0,9,2,8990,579516209,579547098,30889,2,0,1,0,0,0,0,2420,1,1
8991,0,9,1,8991,579561860,579583833,21973,1,0,0,0,0,0,0,2420,1,1
8992,0,9,1,8992,579598607,579653322,54715,5,2,2,0,0,0,0,2420,1,1
8993,0,9,0,8993,579668091,579690060,21969,1,0,0,0,0,0,0,2420,1,1
8994,0,9,4,8994,579704838,579799915,95077,10,6,2,0,1,0,0,2420,1,1
8995,0,9,1,8995,579814678,579844113,29435,2,1,0,0,0,0,0,2420,1,1
8996,0,9,0,8996,579858886,579880855,21969,1,0,0,0,0,0,0,2420,1,1
8997,0,9,2,8997,579895629,579941415,45786,4,2,1,0,0,0,0,2420,1,1
8998,0,9,0,8998,579956184,579995986,39802,3,0,2,0,0,0,0,2420,1,1
8999,0,9,2,8999,580010755,580032708,21953,1,0,0,0,0,0,0,2420,1,1
9000,0,3,2,9000,580047478,580115714,68236,7,5,1,0,0,0,0,2420,1,1
9001,0,3,4,9001,580130619,580194118,63499,6,2,3,0,0,0,0,2420,1,1
9002,0,3,3,9002,580208931,580270966,62035,6,3,2,0,0,0,0,2420,1,1
9003,0,3,2,9003,580285785,580330014,44229,4,3,0,0,0,0,0,2420,1,1
9004,0,3,2,9004,580344831,580383062,38231,3,1,1,0,0,0,0,2420,1,1
9005,0,3,1,9005,580397875,580428641,30766,2,0,1,0,0,0,0,2420,1,1
9006,0,3,4,9006,580443466,580496585,53119,5,3,1,0,0,0,0,2420,1,1
9007,0,3,2,9007,580511398,580533229,21831,1,0,0,0,0,0,0,2420,1,1
9008,0,3,0,9008,580548042,580617562,69520,7,4,2,0,0,0,0,2420,1,1
9009,0,3,4,9009,580632384,580661672,29288,2,1,0,0,0,0,0,2420,1,1
9010,0,3,0,9010,580676489,580698331,21842,1,0,0,0,0,0,0,2420,1,1
9011,0,3,3,9011,580713157,580742442,29285,2,1,0,0,0,0,0,2420,1,1
9012,0,3,3,9012,580757259,580802910,45651,4,2,1,0,0,0,0,2420,1,1
9013,0,3,0,9013,580817723,580839566,21843,1,0,0,0,0,0,0,2420,1,1
9014,0,3,2,9014,580854392,580916440,62048,6,3,2,0,0,0,0,2420,1,1
9015,0,3,4,9015,580931252,580968013,36761,3,2,0,0,0,0,0,2420,1,1
9016,0,3,0,9016,580982830,581080526,97696,10,3,6,0,0,0,0,2420,1,1
9017,0,3,0,9017,581095353,581215452,120099,13,6,6,0,0,0,0,2420,1,1
9018,0,3,1,9018,581230276,581268502,38226,3,1,1,0,0,0,0,2420,1,1
9019,0,3,1,9019,581283327,581305171,21844,1,0,0,0,0,0,0,2420,1,1
9020,0,3,4,9020,581319992,581413333,93341,10,6,3,0,0,0,0,2420,1,1
9021,0,3,1,9021,581428148,581449991,21843,1,0,0,0,0,0,0,2420,1,1
9022,0,3,2,9022,581464816,581535775,70959,7,3,3,0,0,0,0,2420,1,1
9023,0,3,2,9023,581550588,581572415,21827,1,0,0,0,0,0,0,2420,1,1
9024,0,3,1,9024,581587232,581631449,44217,4,3,0,0,0,0,0,2420,1,1
9025,0,3,2,9025,581646274,581763471,117197,13,8,4,0,0,0,0,2420,1,1
9026,0,3,0,9026,581778287,581817960,39673,3,0,2,0,0,0,0,2420,1,1
9027,0,3,0,9027,581832786,581862078,29292,2,1,0,0,0,0,0,2420,1,1
9028,0,3,2,9028,581876903,581930030,53127,5,3,1,0,0,0,0,2420,1,1
9029,0,3,4,9029,581944847,582036787,91940,10,7,2,0,0,0,0,2420,1,1
9030,0,3,2,9030,582051602,582118206,66604,7,6,0,0,0,0,0,2420,1,1
9031,0,3,4,9031,582133019,582162303,29284,2,1,0,0,0,0,0,2420,1,1
9032,0,3,1,9032,582177124,582198967,21843,1,0,0,0,0,0,0,2420,1,1
9033,0,3,1,9033,582213791,582235635,21844,1,0,0,0,0,0,0,2420,1,1
9034,0,3,3,9034,582250456,582279751,29295,2,1,0,0,0,0,0,2420,1,1
9035,0,3,4,9035,582294568,582331339,36771,3,2,0,0,0,0,0,2420,1,1
9036,0,3,1,9036,582346156,582382938,36782,3,2,0,0,0,0,0,2420,1,1
9037,0,3,2,9037,582397759,582427055,29296,2,1,0,0,0,0,0,2420,1,1
9038,0,3,3,9038,582441868,582494998,53130,5,3,1,0,0,0,0,2420,1,1
9039,0,3,4,9039,582509811,582531637,21826,1,0,0,0,0,0,0,2420,1,1
9040,0,3,0,9040,582546455,582583260,36805,3,2,0,0,0,0,0,2420,1,1
9041,0,3,1,9041,582598081,582709294,111213,12,6,5,0,0,0,0,2420,1,1
9042,0,3,2,9042,582724123,582786225,62102,6,3,2,0,0,0,0,2420,1,1
9043,0,3,2,9043,582801038,582837780,36742,3,2,0,0,0,0,0,2420,1,1
9044,0,3,3,9044,582852593,582881872,29279,2,1,0,0,0,0,0,2420,1,1
9045,0,3,4,9045,582896689,582926003,29314,2,1,0,0,0,0,0,2420,1,1
9046,0,3,4,9046,582940816,582986486,45670,4,2,1,0,0,0,0,2420,1,1
9047,0,3,0,9047,583001299,583023146,21847,1,0,0,0,0,0,0,2420,1,1
9048,0,3,3,9048,583037968,583110403,72435,7,2,4,0,0,0,0,2420,1,1
9049,0,3,0,9049,583125220,583176918,51698,5,4,0,0,0,0,0,2420,1,1
9050,0,3,3,9050,583191740,583237433,45693,4,2,1,0,0,0,0,2420,1,1
9051,0,3,2,9051,583252246,583306830,54584,5,2,2,0,0,0,0,2420,1,1
9052,0,3,2,9052,583321643,583382275,60632,6,4,1,0,0,0,0,2420,1,1
9053,0,3,2,9053,583397092,583441327,44235,4,3,0,0,0,0,0,2420,1,1
9054,0,3,1,9054,583456145,583485442,29297,2,1,0,0,0,0,0,2420,1,1
9055,0,3,0,9055,583500263,583522106,21843,1,0,0,0,0,0,0,2420,1,1
9056,0,3,1,9056,583536931,583631796,94865,10,5,4,0,0,0,0,2420,1,1
9057,0,3,4,9057,583646623,583684836,38213,3,1,1,0,0,0,0,2420,1,1
9058,0,3,0,9058,583699649,583721493,21844,1,0,0,0,0,0,0,2420,1,1
9059,0,3,3,9059,583736318,583801276,64958,6,1,4,0,0,0,0,2420,1,1
9060,0,3,0,9060,583816093,583887055,70962,7,3,3,0,0,0,0,2420,1,1
9061,0,3,4,9061,583901876,583949043,47167,4,1,2,0,0,0,0,2420,1,1
9062,0,3,4,9062,583963860,583985687,21827,1,0,0,0,0,0,0,2420,1,1
9063,0,3,4,9063,584000501,584053643,53142,5,3,1,0,0,0,0,2420,1,1
9064,0,3,3,9064,584068460,584121581,53121,5,3,1,0,0,0,0,2420,1,1
9065,0,3,3,9065,584136398,584241493,105095,11,4,6,0,0,0,0,2420,1,1
9066,0,3,0,9066,584256313,584278157,21844,1,0,0,0,0,0,0,2420,1,1
9067,0,3,1,9067,584292982,584362543,69561,7,4,2,0,0,0,0,2420,1,1
9068,0,3,2,9068,584377368,584433459,56091,5,1,3,0,0,0,0,2420,1,1
9069,0,3,0,9069,584448273,584615995,167722,19,10,8,0,0,0,0,2420,1,1
9070,0,3,3,9070,584630821,584733177,102356,11,6,4,0,0,0,0,2420,1,1
9071,0,3,2,9071,584747993,584769820,21827,1,0,0,0,0,0,0,2420,1,1
9072,0,3,1,9072,584784638,584833219,48581,4,0,3,0,0,0,0,2420,1,1
9073,0,3,4,9073,584848040,584869868,21828,1,0,0,0,0,0,0,2420,1,1
9074,0,3,2,9074,584884685,584906513,21828,1,0,0,0,0,0,0,2420,1,1
9075,0,3,3,9075,584921326,585001249,79923,8,3,4,0,0,0,0,2420,1,1
9076,0,3,3,9076,585016066,585118388,102322,11,6,4,0,0,0,0,2420,1,1
9077,0,3,1,9077,585133208,585210181,76973,8,5,2,0,0,0,0,2420,1,1
9078,0,3,4,9078,585225007,585270685,45678,4,2,1,0,0,0,0,2420,1,1
9079,0,3,2,9079,585285502,585340132,54630,5,2,2,0,0,0,0,2420,1,1
9080,0,3,1,9080,585354949,585433365,78416,8,4,3,0,0,0,0,2420,1,1
9081,0,3,2,9081,585448187,585569716,121529,13,5,7,0,0,0,0,2420,1,1
9082,0,3,0,9082,585584536,585633140,48604,4,0,3,0,0,0,0,2420,1,1
9083,0,3,1,9083,585647962,585716009,68047,7,5,1,0,0,0,0,2420,1,1
9084,0,3,0,9084,585730831,585752673,21842,1,0,0,0,0,0,0,2420,1,1
9085,0,3,2,9085,585767495,585823527,56032,5,1,3,0,0,0,0,2420,1,1
9086,0,3,0,9086,585838340,585860183,21843,1,0,0,0,0,0,0,2420,1,1
9087,0,3,4,9087,585875008,585904317,29309,2,1,0,0,0,0,0,2420,1,1
9088,0,3,3,9088,585919130,586106244,187114,21,9,11,0,0,0,0,2420,1,1
9089,0,3,0,9089,586121062,586166743,45681,4,2,1,0,0,0,0,2420,1,1
9090,0,3,0,9090,586181564,586210861,29297,2,1,0,0,0,0,0,2420,1,1
9091,0,3,0,9091,586225687,586247530,21843,1,0,0,0,0,0,0,2420,1,1
9092,0,3,0,9092,586262351,586333370,71019,7,3,3,0,0,0,0,2420,1,1
9093,0,3,3,9093,586348190,586453383,105193,11,4,6,0,0,0,0,2420,1,1
9094,0,3,3,9094,586468199,586507862,39663,3,0,2,0,0,0,0,2420,1,1
9095,0,3,2,9095,586522675,586553413,30738,2,0,1,0,0,0,0,2420,1,1
9096,0,3,1,9096,586568231,586590074,21843,1,0,0,0,0,0,0,2420,1,1
9097,0,3,4,9097,586604900,586626728,21828,1,0,0,0,0,0,0,2420,1,1
9098,0,3,2,9098,586641541,586699038,57497,5,0,4,0,0,0,0,2420,1,1
9099,0,3,1,9099,586713856,586735699,21843,1,0,0,0,0,0,0,2420,1,1
9100,0,3,3,9100,586750520,586846748,96228,10,4,5,0,0,0,0,2420,1,1
9101,0,3,3,9101,586861563,586892326,30763,2,0,1,0,0,0,0,2420,1,1
9102,0,3,0,9102,586907144,586928987,21843,1,0,0,0,0,0,0,2420,1,1
9103,0,3,4,9103,586943812,586965640,21828,1,0,0,0,0,0,0,2420,1,1
9104,0,3,2,9104,586980453,587002280,21827,1,0,0,0,0,0,0,2420,1,1
9105,0,3,3,9105,587017097,587038925,21828,1,0,0,0,0,0,0,2420,1,1
9106,0,3,1,9106,587053742,587075585,21843,1,0,0,0,0,0,0,2420,1,1
9107,0,3,1,9107,587090406,587112249,21843,1,0,0,0,0,0,0,2420,1,1
9108,0,3,0,9108,587127074,587157825,30751,2,0,1,0,0,0,0,2420,1,1
9109,0,3,0,9109,587172646,587267479,94833,10,5,4,0,0,0,0,2420,1,1
9110,0,3,3,9110,587282302,587342906,60604,6,4,1,0,0,0,0,2420,1,1
9111,0,3,3,9111,587357720,587387020,29300,2,1,0,0,0,0,0,2420,1,1
9112,0,3,2,9112,587401833,587489255,87422,9,4,4,0,0,0,0,2420,1,1
9113,0,3,1,9113,587504073,587609241,105168,11,4,6,0,0,0,0,2420,1,1
9114,0,3,0,9114,587624069,587668340,44271,4,3,0,0,0,0,0,2420,1,1
9115,0,3,4,9115,587683164,587721387,38223,3,1,1,0,0,0,0,2420,1,1
9116,0,3,0,9116,587736205,587796852,60647,6,4,1,0,0,0,0,2420,1,1
9117,0,3,1,9117,587811675,587842422,30747,2,0,1,0,0,0,0,2420,1,1
9118,0,3,1,9118,587857247,587888007,30760,2,0,1,0,0,0,0,2420,1,1
9119,0,3,3,9119,587902832,587924660,21828,1,0,0,0,0,0,0,2420,1,1
9120,0,3,2,9120,587939472,588010442,70970,7,3,3,0,0,0,0,2420,1,1
9121,0,3,0,9121,588025260,588096260,71000,7,3,3,0,0,0,0,2420,1,1
9122,0,3,1,9122,588111081,588156738,45657,4,2,1,0,0,0,0,2420,1,1
9123,0,3,2,9123,588171559,588263458,91899,10,7,2,0,0,0,0,2420,1,1
9124,0,3,2,9124,588278273,588322505,44232,4,3,0,0,0,0,0,2420,1,1
9125,0,3,4,9125,588337322,588374100,36778,3,2,0,0,0,0,0,2420,1,1
9126,0,3,0,9126,588388914,588425687,36773,3,2,0,0,0,0,0,2420,1,1
9127,0,3,4,9127,588440508,588502518,62010,6,3,2,0,0,0,0,2420,1,1
9128,0,3,4,9128,588517340,588546649,29309,2,1,0,0,0,0,0,2420,1,1
9129,0,3,2,9129,588561461,588599662,38201,3,1,1,0,0,0,0,2420,1,1
9130,0,3,2,9130,588614480,588651253,36773,3,2,0,0,0,0,0,2420,1,1
9131,0,3,1,9131,588666070,588702831,36761,3,2,0,0,0,0,0,2420,1,1
9132,0,3,4,9132,588717652,588739480,21828,1,0,0,0,0,0,0,2420,1,1
9133,0,3,0,9133,588754297,588791067,36770,3,2,0,0,0,0,0,2420,1,1
9134,0,3,3,9134,588805892,588885823,79931,8,3,4,0,0,0,0,2420,1,1
9135,0,3,2,9135,588900636,588931376,30740,2,0,1,0,0,0,0,2420,1,1
9136,0,3,3,9136,588946194,588999329,53135,5,3,1,0,0,0,0,2420,1,1
9137,0,3,4,9137,589014146,589158276,144130,17,14,2,0,0,0,0,2420,1,1
9138,0,3,3,9138,589173095,589211311,38216,3,1,1,0,0,0,0,2420,1,1
9139,0,3,4,9139,589226129,589340372,114243,13,10,2,0,0,0,0,2420,1,1
9140,0,3,4,9140,589355194,589377022,21828,1,0,0,0,0,0,0,2420,1,1
9141,0,3,3,9141,589391835,589413667,21832,1,0,0,0,0,0,0,2420,1,1
9142,0,3,0,9142,589428480,589459241,30761,2,0,1,0,0,0,0,2420,1,1
9143,0,3,3,9143,589474066,589495893,21827,1,0,0,0,0,0,0,2420,1,1
9144,0,3,0,9144,589510707,589532549,21842,1,0,0,0,0,0,0,2420,1,1
9145,0,3,1,9145,589547374,589601948,54574,5,2,2,0,0,0,0,2420,1,1
9146,0,3,1,9146,589616773,589653554,36781,3,2,0,0,0,0,0,2420,1,1
9147,0,3,2,9147,589668375,589705143,36768,3,2,0,0,0,0,0,2420,1,1
9148,0,3,1,9148,589719955,589750722,30767,2,0,1,0,0,0,0,2420,1,1
9149,0,3,0,9149,589765547,589794872,29325,2,1,0,0,0,0,0,2420,1,1
9150,0,3,4,9150,589809693,589877751,68058,7,5,1,0,0,0,0,2420,1,1
9151,0,3,3,9151,589892564,589923309,30745,2,0,1,0,0,0,0,2420,1,1
9152,0,3,3,9152,589938122,589968865,30743,2,0,1,0,0,0,0,2420,1,1
9153,0,3,2,9153,589983682,590029341,45659,4,2,1,0,0,0,0,2420,1,1
9154,0,3,1,9154,590044158,590098755,54597,5,2,2,0,0,0,0,2420,1,1
9155,0,3,0,9155,590113580,590181685,68105,7,5,1,0,0,0,0,2420,1,1
9156,0,3,1,9156,590196510,590227266,30756,2,0,1,0,0,0,0,2420,1,1
9157,0,3,4,9157,590242087,590356138,114051,12,4,7,0,0,0,0,2420,1,1
9158,0,3,0,9158,590370954,590409191,38237,3,1,1,0,0,0,0,2420,1,1
9159,0,3,3,9159,590424016,590454781,30765,2,0,1,0,0,0,0,2420,1,1
9160,0,3,1,9160,590469598,590559935,90337,9,2,6,0,0,0,0,2420,1,1
9161,0,3,0,9161,590574760,590604079,29319,2,1,0,0,0,0,0,2420,1,1
9162,0,3,3,9162,590618901,590663133,44232,4,3,0,0,0,0,0,2420,1,1
9163,0,3,3,9163,590677945,590742902,64957,6,1,4,0,0,0,0,2420,1,1
9164,0,3,2,9164,590757715,590788449,30734,2,0,1,0,0,0,0,2420,1,1
9165,0,3,2,9165,590803266,590883133,79867,8,3,4,0,0,0,0,2420,1,1
9166,0,3,1,9166,590897947,590967507,69560,7,4,2,0,0,0,0,2420,1,1
9167,0,3,0,9167,590982329,591013088,30759,2,0,1,0,0,0,0,2420,1,1
9168,0,3,1,9168,591027909,591081102,53193,5,3,1,0,0,0,0,2420,1,1
9169,0,3,3,9169,591095927,591132661,36734,3,2,0,0,0,0,0,2420,1,1
9170,0,3,4,9170,591147478,591237940,90462,10,8,1,0,0,0,0,2420,1,1
9171,0,3,1,9171,591252759,591274602,21843,1,0,0,0,0,0,0,2420,1,1
9172,0,3,3,9172,591289424,591311251,21827,1,0,0,0,0,0,0,2420,1,1
9173,0,3,1,9173,591326068,591355364,29296,2,1,0,0,0,0,0,2420,1,1
9174,0,3,3,9174,591370184,591462099,91915,10,7,2,0,0,0,0,2420,1,1
9175,0,3,1,9175,591476918,591547884,70966,7,3,3,0,0,0,0,2420,1,1
9176,0,3,4,9176,591562705,591584535,21830,1,0,0,0,0,0,0,2420,1,1
9177,0,3,2,9177,591599349,591709134,109785,12,7,4,0,0,0,0,2420,1,1
9178,0,3,3,9178,591723954,591771085,47131,4,1,2,0,0,0,0,2420,1,1
9179,0,3,3,9179,591785903,591807730,21827,1,0,0,0,0,0,0,2420,1,1
9180,0,3,1,9180,591822545,591851862,29317,2,1,0,0,0,0,0,2420,1,1
9181,0,3,2,9181,591866686,591897432,30746,2,0,1,0,0,0,0,2420,1,1
9182,0,3,4,9182,591912245,591948998,36753,3,2,0,0,0,0,0,2420,1,1
9183,0,3,3,9183,591963815,592036241,72426,7,2,4,0,0,0,0,2420,1,1
9184,0,3,1,9184,592051054,592098204,47150,4,1,2,0,0,0,0,2420,1,1
9185,0,3,0,9185,592113027,592169083,56056,5,1,3,0,0,0,0,2420,1,1
9186,0,3,3,9186,592183909,592277240,93331,10,6,3,0,0,0,0,2420,1,1
9187,0,3,0,9187,592292056,592337740,45684,4,2,1,0,0,0,0,2420,1,1
9188,0,3,1,9188,592352561,592398294,45733,4,2,1,0,0,0,0,2420,1,1
9189,0,3,3,9189,592413115,592491526,78411,8,4,3,0,0,0,0,2420,1,1
9190,0,3,4,9190,592506344,592528172,21828,1,0,0,0,0,0,0,2420,1,1
9191,0,3,4,9191,592542988,592613965,70977,7,3,3,0,0,0,0,2420,1,1
9192,0,3,2,9192,592628782,592668441,39659,3,0,2,0,0,0,0,2420,1,1
9193,0,3,2,9193,592683258,592705086,21828,1,0,0,0,0,0,0,2420,1,1
9194,0,3,1,9194,592719899,592749206,29307,2,1,0,0,0,0,0,2420,1,1
9195,0,3,0,9195,592764031,592802248,38217,3,1,1,0,0,0,0,2420,1,1
9196,0,3,3,9196,592817073,592855300,38227,3,1,1,0,0,0,0,2420,1,1
9197,0,3,4,9197,592870113,592899417,29304,2,1,0,0,0,0,0,2420,1,1
9198,0,3,3,9198,592914234,592952466,38232,3,1,1,0,0,0,0,2420,1,1
9199,0,3,4,9199,592967282,593072434,105152,11,4,6,0,0,0,0,2420,1,1
9200,0,3,1,9200,593087253,593116578,29325,2,1,0,0,0,0,0,2420,1,1
9201,0,3,3,9201,593131399,593214375,82976,9,7,1,0,0,0,0,2420,1,1
9202,0,3,1,9202,593229189,593337504,108315,12,8,3,0,0,0,0,2420,1,1
9203,0,3,1,9203,593352328,593389087,36759,3,2,0,0,0,0,0,2420,1,1
9204,0,3,3,9204,593403912,593434650,30738,2,0,1,0,0,0,0,2420,1,1
9205,0,3,2,9205,593449464,593471291,21827,1,0,0,0,0,0,0,2420,1,1
9206,0,3,2,9206,593486109,593531772,45663,4,2,1,0,0,0,0,2420,1,1
9207,0,3,3,9207,593546589,593568416,21827,1,0,0,0,0,0,0,2420,1,1
9208,0,3,1,9208,593583233,593628927,45694,4,2,1,0,0,0,0,2420,1,1
9209,0,3,1,9209,593643752,593762471,118719,13,7,5,0,0,0,0,2420,1,1
9210,0,3,1,9210,593777299,593806617,29318,2,1,0,0,0,0,0,2420,1,1
9211,0,3,4,9211,593821438,593882030,60592,6,4,1,0,0,0,0,2420,1,1
9212,0,3,0,9212,593896848,593918691,21843,1,0,0,0,0,0,0,2420,1,1
9213,0,3,2,9213,593933516,593955344,21828,1,0,0,0,0,0,0,2420,1,1
9214,0,3,3,9214,593970157,593991985,21828,1,0,0,0,0,0,0,2420,1,1
9215,0,3,3,9215,594006801,594046458,39657,3,0,2,0,0,0,0,2420,1,1
9216,0,3,3,9216,594061272,594099503,38231,3,1,1,0,0,0,0,2420,1,1
9217,0,3,2,9217,594114321,594167467,53146,5,3,1,0,0,0,0,2420,1,1
9218,0,3,0,9218,594182282,594254767,72485,7,2,4,0,0,0,0,2420,1,1
9219,0,3,3,9219,594269588,594300348,30760,2,0,1,0,0,0,0,2420,1,1
9220,0,3,3,9220,594315166,594410018,94852,10,5,4,0,0,0,0,2420,1,1
9221,0,3,4,9221,594424838,594461587,36749,3,2,0,0,0,0,0,2420,1,1
9222,0,3,3,9222,594476404,594523551,47147,4,1,2,0,0,0,0,2420,1,1
9223,0,3,2,9223,594538364,594560191,21827,1,0,0,0,0,0,0,2420,1,1
9224,0,3,4,9224,594575011,594604307,29296,2,1,0,0,0,0,0,2420,1,1
9225,0,3,4,9225,594619120,594657360,38240,3,1,1,0,0,0,0,2420,1,1
9226,0,3,3,9226,594672173,594723882,51709,5,4,0,0,0,0,0,2420,1,1
9227,0,3,1,9227,594738695,594775445,36750,3,2,0,0,0,0,0,2420,1,1
9228,0,3,4,9228,594790266,594821007,30741,2,0,1,0,0,0,0,2420,1,1
9229,0,3,0,9229,594835824,594991811,155987,18,12,5,0,0,0,0,2420,1,1
9230,0,3,3,9230,595006641,595028469,21828,1,0,0,0,0,0,0,2420,1,1
9231,0,3,0,9231,595043285,595072577,29292,2,1,0,0,0,0,0,2420,1,1
9232,0,3,1,9232,595087402,595116699,29297,2,1,0,0,0,0,0,2420,1,1
9233,0,3,4,9233,595131521,595153353,21832,1,0,0,0,0,0,0,2420,1,1
9234,0,3,1,9234,595168166,595198919,30753,2,0,1,0,0,0,0,2420,1,1
9235,0,3,3,9235,595213744,595266883,53139,5,3,1,0,0,0,0,2420,1,1
9236,0,3,1,9236,595281696,595311025,29329,2,1,0,0,0,0,0,2420,1,1
9237,0,3,1,9237,595325851,595356599,30748,2,0,1,0,0,0,0,2420,1,1
9238,0,3,0,9238,595371420,595400749,29329,2,1,0,0,0,0,0,2420,1,1
9239,0,3,1,9239,595415574,595437417,21843,1,0,0,0,0,0,0,2420,1,1
9240,0,3,2,9240,595452238,595474070,21832,1,0,0,0,0,0,0,2420,1,1
9241,0,3,2,9241,595488883,595574811,85928,9,5,3,0,0,0,0,2420,1,1
9242,0,3,2,9242,595589624,595611451,21827,1,0,0,0,0,0,0,2420,1,1
9243,0,3,3,9243,595626269,595648096,21827,1,0,0,0,0,0,0,2420,1,1
9244,0,3,0,9244,595662911,595692234,29323,2,1,0,0,0,0,0,2420,1,1
9245,0,3,3,9245,595707059,595728886,21827,1,0,0,0,0,0,0,2420,1,1
9246,0,3,1,9246,595743703,595801203,57500,5,0,4,0,0,0,0,2420,1,1
9247,0,3,4,9247,595816028,595837855,21827,1,0,0,0,0,0,0,2420,1,1
9248,0,3,0,9248,595852668,595890867,38199,3,1,1,0,0,0,0,2420,1,1
9249,0,3,2,9249,595905693,595934988,29295,2,1,0,0,0,0,0,2420,1,1
9250,0,3,3,9250,595949802,595971628,21826,1,0,0,0,0,0,0,2420,1,1
9251,0,3,2,9251,595986446,596039592,53146,5,3,1,0,0,0,0,2420,1,1
9252,0,3,1,9252,596054410,596122515,68105,7,5,1,0,0,0,0,2420,1,1
9253,0,3,0,9253,596137340,596166642,29302,2,1,0,0,0,0,0,2420,1,1
9254,0,3,0,9254,596181464,596237572,56108,5,1,3,0,0,0,0,2420,1,1
9255,0,3,1,9255,596252393,596298101,45708,4,2,1,0,0,0,0,2420,1,1
9256,0,3,1,9256,596312930,596410890,97960,11,9,1,0,0,0,0,2420,1,1
9257,0,3,0,9257,596425717,596447559,21842,1,0,0,0,0,0,0,2420,1,1
9258,0,3,3,9258,596462380,596491691,29311,2,1,0,0,0,0,0,2420,1,1
9259,0,3,4,9259,596506508,596550740,44232,4,3,0,0,0,0,0,2420,1,1
9260,0,3,0,9260,596565557,596609781,44224,4,3,0,0,0,0,0,2420,1,1
9261,0,3,3,9261,596624606,596662805,38199,3,1,1,0,0,0,0,2420,1,1
9262,0,3,2,9262,596677618,596738229,60611,6,4,1,0,0,0,0,2420,1,1
9263,0,3,4,9263,596753043,596782317,29274,2,1,0,0,0,0,0,2420,1,1
9264,0,3,1,9264,596797134,596835348,38214,3,1,1,0,0,0,0,2420,1,1
9265,0,3,0,9265,596850169,596872012,21843,1,0,0,0,0,0,0,2420,1,1
9266,0,3,1,9266,596886837,596908680,21843,1,0,0,0,0,0,0,2420,1,1
9267,0,3,0,9267,596923505,596995906,72401,7,2,4,0,0,0,0,2420,1,1
9268,0,3,3,9268,597010728,597040017,29289,2,1,0,0,0,0,0,2420,1,1
9269,0,3,2,9269,597054834,597085582,30748,2,0,1,0,0,0,0,2420,1,1
9270,0,3,1,9270,597100395,597122238,21843,1,0,0,0,0,0,0,2420,1,1
9271,0,3,3,9271,597137063,597214076,77013,8,5,2,0,0,0,0,2420,1,1
9272,0,3,2,9272,597228888,597250716,21828,1,0,0,0,0,0,0,2420,1,1
9273,0,3,1,9273,597265533,597287376,21843,1,0,0,0,0,0,0,2420,1,1
9274,0,3,1,9274,597302197,597340449,38252,3,1,1,0,0,0,0,2420,1,1
9275,0,3,3,9275,597355274,597377102,21828,1,0,0,0,0,0,0,2420,1,1
9276,0,3,3,9276,597391915,597470354,78439,8,4,3,0,0,0,0,2420,1,1
9277,0,3,3,9277,597485171,597550137,64966,6,1,4,0,0,0,0,2420,1,1
9278,0,3,0,9278,597564955,597656830,91875,10,7,2,0,0,0,0,2420,1,1
9279,0,3,0,9279,597671653,597771057,99404,11,8,2,0,0,0,0,2420,1,1
9280,0,3,0,9280,597785885,597815194,29309,2,1,0,0,0,0,0,2420,1,1
9281,0,3,0,9281,597830015,597851858,21843,1,0,0,0,0,0,0,2420,1,1
9282,0,3,1,9282,597866683,597895997,29314,2,1,0,0,0,0,0,2420,1,1
9283,0,3,4,9283,597910818,597949012,38194,3,1,1,0,0,0,0,2420,1,1
9284,0,3,2,9284,597963829,597985656,21827,1,0,0,0,0,0,0,2420,1,1
9285,0,3,1,9285,598000470,598029773,29303,2,1,0,0,0,0,0,2420,1,1
9286,0,3,1,9286,598044598,598146882,102284,11,6,4,0,0,0,0,2420,1,1
9287,0,3,3,9287,598161706,598191008,29302,2,1,0,0,0,0,0,2420,1,1
9288,0,3,0,9288,598205829,598236586,30757,2,0,1,0,0,0,0,2420,1,1
9289,0,3,2,9289,598251408,598288190,36782,3,2,0,0,0,0,0,2420,1,1
9290,0,3,1,9290,598303006,598339790,36784,3,2,0,0,0,0,0,2420,1,1
9291,0,3,4,9291,598354615,598416646,62031,6,3,2,0,0,0,0,2420,1,1
9292,0,3,0,9292,598431458,598469693,38235,3,1,1,0,0,0,0,2420,1,1
9293,0,3,0,9293,598484520,598530199,45679,4,2,1,0,0,0,0,2420,1,1
9294,0,3,0,9294,598545025,598645832,100807,11,7,3,0,0,0,0,2420,1,1
9295,0,3,2,9295,598660656,598682483,21827,1,0,0,0,0,0,0,2420,1,1
9296,0,3,2,9296,598697300,598789258,91958,10,7,2,0,0,0,0,2420,1,1
9297,0,3,2,9297,598804077,598989868,185791,22,16,5,0,0,0,0,2420,1,1
9298,0,3,1,9298,599004690,599026533,21843,1,0,0,0,0,0,0,2420,1,1
9299,0,3,4,9299,599041355,599079566,38211,3,1,1,0,0,0,0,2420,1,1
9300,0,3,0,9300,599094384,599116227,21843,1,0,0,0,0,0,0,2420,1,1
9301,0,3,0,9301,599131048,599191656,60608,6,4,1,0,0,0,0,2420,1,1
9302,0,3,3,9302,599206482,599237229,30747,2,0,1,0,0,0,0,2420,1,1
9303,0,3,4,9303,599252042,599291707,39665,3,0,2,0,0,0,0,2420,1,1
9304,0,3,0,9304,599306524,599361127,54603,5,2,2,0,0,0,0,2420,1,1
9305,0,3,0,9305,599375952,599397795,21843,1,0,0,0,0,0,0,2420,1,1
9306,0,3,3,9306,599412617,599471732,59115,5,0,3,0,1,0,0,2420,1,1
9307,0,3,1,9307,599486545,599517310,30765,2,0,1,0,0,0,0,2420,1,1
9308,0,3,1,9308,599532131,599568890,36759,3,2,0,0,0,0,0,2420,1,1
9309,0,3,4,9309,599583715,599647253,63538,6,2,3,0,0,0,0,2420,1,1
9310,0,3,0,9310,599662066,599683914,21848,1,0,0,0,0,0,0,2420,1,1
9311,0,3,3,9311,599698735,599728015,29280,2,1,0,0,0,0,0,2420,1,1
9312,0,3,3,9312,599742832,599810893,68061,7,5,1,0,0,0,0,2420,1,1
9313,0,3,0,9313,599825710,599855030,29320,2,1,0,0,0,0,0,2420,1,1
9314,0,3,0,9314,599869851,599899156,29305,2,1,0,0,0,0,0,2420,1,1
9315,0,3,1,9315,599913982,599935825,21843,1,0,0,0,0,0,0,2420,1,1
9316,0,3,0,9316,599950647,599997792,47145,4,1,2,0,0,0,0,2420,1,1
9317,0,3,4,9317,600012613,600034443,21830,1,0,0,0,0,0,0,2420,1,1
9318,0,3,2,9318,600049256,600071084,21828,1,0,0,0,0,0,0,2420,1,1
9319,0,3,0,9319,600085901,600156917,71016,7,3,3,0,0,0,0,2420,1,1
9320,0,3,2,9320,600171742,600193574,21832,1,0,0,0,0,0,0,2420,1,1
9321,0,3,1,9321,600208387,600350899,142512,16,9,6,0,0,0,0,2420,1,1
9322,0,3,1,9322,600365727,600402520,36793,3,2,0,0,0,0,0,2420,1,1
9323,0,3,4,9323,600417345,600495805,78460,8,4,3,0,0,0,0,2420,1,1
9324,0,3,2,9324,600510619,600532446,21827,1,0,0,0,0,0,0,2420,1,1
9325,0,3,0,9325,600547263,600643563,96300,10,4,5,0,0,0,0,2420,1,1
9326,0,3,3,9326,600658386,600844076,185690,21,10,10,0,0,0,0,2420,1,1
9327,0,3,1,9327,600858895,600898741,39846,3,1,0,0,1,0,0,2420,1,1
9328,0,3,3,9328,600913562,600935389,21827,1,0,0,0,0,0,0,2420,1,1
9329,0,3,0,9329,600950203,600980965,30762,2,0,1,0,0,0,0,2420,1,1
9330,0,3,4,9330,600995791,601017618,21827,1,0,0,0,0,0,0,2420,1,1
9331,0,3,3,9331,601032431,601127415,94984,10,6,2,0,1,0,0,2420,1,1
9332,0,3,0,9332,601142225,601207206,64981,6,1,4,0,0,0,0,2420,1,1
9333,0,3,4,9333,601222028,601243860,21832,1,0,0,0,0,0,0,2420,1,1
9334,0,3,0,9334,601258673,601280516,21843,1,0,0,0,0,0,0,2420,1,1
9335,0,3,2,9335,601295341,601324618,29277,2,1,0,0,0,0,0,2420,1,1
9336,0,3,1,9336,601339432,601406036,66604,7,6,0,0,0,0,0,2420,1,1
9337,0,3,2,9337,601420858,601450144,29286,2,1,0,0,0,0,0,2420,1,1
9338,0,3,1,9338,601464961,601518136,53175,5,3,1,0,0,0,0,2420,1,1
9339,0,3,3,9339,601532961,601577189,44228,4,3,0,0,0,0,0,2420,1,1
9340,0,3,2,9340,601592002,601652563,60561,6,4,1,0,0,0,0,2420,1,1
9341,0,3,3,9341,601667380,601713043,45663,4,2,1,0,0,0,0,2420,1,1
9342,0,3,4,9342,601727856,601766059,38203,3,1,1,0,0,0,0,2420,1,1
9343,0,3,3,9343,601780871,601929461,148590,17,11,5,0,0,0,0,2420,1,1
9344,0,3,3,9344,601944283,601973597,29314,2,1,0,0,0,0,0,2420,1,1
9345,0,3,2,9345,601988410,602010237,21827,1,0,0,0,0,0,0,2420,1,1
9346,0,3,0,9346,602025054,602079655,54601,5,2,2,0,0,0,0,2420,1,1
9347,0,3,2,9347,602094480,602162562,68082,7,5,1,0,0,0,0,2420,1,1
9348,0,3,2,9348,602177379,602234862,57483,5,0,4,0,0,0,0,2420,1,1
9349,0,3,3,9349,602249676,602271503,21827,1,0,0,0,0,0,0,2420,1,1
9350,0,3,2,9350,602286321,602317081,30760,2,0,1,0,0,0,0,2420,1,1
9351,0,3,3,9351,602331894,602362626,30732,2,0,1,0,0,0,0,2420,1,1
9352,0,3,3,9352,602377447,602399274,21827,1,0,0,0,0,0,0,2420,1,1
9353,0,3,0,9353,602414092,602444837,30745,2,0,1,0,0,0,0,2420,1,1
9354,0,3,4,9354,602459658,602481485,21827,1,0,0,0,0,0,0,2420,1,1
9355,0,3,0,9355,602496303,602533066,36763,3,2,0,0,0,0,0,2420,1,1
9356,0,3,0,9356,602547888,602603961,56073,5,1,3,0,0,0,0,2420,1,1
9357,0,3,4,9357,602618782,602640610,21828,1,0,0,0,0,0,0,2420,1,1
9358,0,3,0,9358,602655426,602726422,70996,7,3,3,0,0,0,0,2420,1,1
9359,0,3,3,9359,602741244,602806208,64964,6,1,4,0,0,0,0,2420,1,1
9360,0,3,1,9360,602821021,602915887,94866,10,5,4,0,0,0,0,2420,1,1
9361,0,3,0,9361,602930710,602960029,29319,2,1,0,0,0,0,0,2420,1,1
9362,0,3,3,9362,602974854,603005620,30766,2,0,1,0,0,0,0,2420,1,1
9363,0,3,0,9363,603020433,603089941,69508,7,4,2,0,0,0,0,2420,1,1
9364,0,3,2,9364,603104767,603148980,44213,4,3,0,0,0,0,0,2420,1,1
9365,0,3,2,9365,603163797,603222981,59184,6,5,0,0,0,0,0,2420,1,1
9366,0,3,0,9366,603237794,603259638,21844,1,0,0,0,0,0,0,2420,1,1
9367,0,3,4,9367,603274463,603312672,38209,3,1,1,0,0,0,0,2420,1,1
9368,0,3,4,9368,603327487,603349315,21828,1,0,0,0,0,0,0,2420,1,1
9369,0,3,0,9369,603364132,603418704,54572,5,2,2,0,0,0,0,2420,1,1
9370,0,3,2,9370,603433529,603488138,54609,5,2,2,0,0,0,0,2420,1,1
9371,0,3,1,9371,603502955,603548634,45679,4,2,1,0,0,0,0,2420,1,1
9372,0,3,1,9372,603563459,603585302,21843,1,0,0,0,0,0,0,2420,1,1
9373,0,3,3,9373,603600123,603700953,100830,11,7,3,0,0,0,0,2420,1,1
9374,0,3,0,9374,603715774,603760015,44241,4,3,0,0,0,0,0,2420,1,1
9375,0,3,0,9375,603774840,603848714,73874,7,1,5,0,0,0,0,2420,1,1
9376,0,3,2,9376,603863539,603943422,79883,8,3,4,0,0,0,0,2420,1,1
9377,0,3,4,9377,603958235,604020300,62065,6,3,2,0,0,0,0,2420,1,1
9378,0,3,4,9378,604035117,604064400,29283,2,1,0,0,0,0,0,2420,1,1
9379,0,3,0,9379,604079213,604174063,94850,10,5,4,0,0,0,0,2420,1,1
9380,0,3,0,9380,604188886,604252386,63500,6,2,3,0,0,0,0,2420,1,1
9381,0,3,2,9381,604267212,604360574,93362,10,6,3,0,0,0,0,2420,1,1
9382,0,3,2,9382,604375393,604440348,64955,6,1,4,0,0,0,0,2420,1,1
9383,0,3,0,9383,604455166,604477009,21843,1,0,0,0,0,0,0,2420,1,1
9384,0,3,4,9384,604491834,604513666,21832,1,0,0,0,0,0,0,2420,1,1
9385,0,3,2,9385,604528479,604557762,29283,2,1,0,0,0,0,0,2420,1,1
9386,0,3,2,9386,604572575,604633188,60613,6,4,1,0,0,0,0,2420,1,1
9387,0,3,4,9387,604648002,604777011,129009,14,6,7,0,0,0,0,2420,1,1
9388,0,3,1,9388,604791827,604861373,69546,7,4,2,0,0,0,0,2420,1,1
9389,0,3,2,9389,604876198,604898025,21827,1,0,0,0,0,0,0,2420,1,1
9390,0,3,1,9390,604912842,604982459,69617,7,4,2,0,0,0,0,2420,1,1
9391,0,3,4,9391,604997284,605026584,29300,2,1,0,0,0,0,0,2420,1,1
9392,0,3,1,9392,605041397,605063244,21847,1,0,0,0,0,0,0,2420,1,1
9393,0,3,3,9393,605078065,605114827,36762,3,2,0,0,0,0,0,2420,1,1
9394,0,3,1,9394,605129640,605151483,21843,1,0,0,0,0,0,0,2420,1,1
9395,0,3,0,9395,605166309,605188152,21843,1,0,0,0,0,0,0,2420,1,1
9396,0,3,3,9396,605202977,605300900,97923,11,9,1,0,0,0,0,2420,1,1
9397,0,3,4,9397,605315719,605397065,81346,8,2,5,0,0,0,0,2420,1,1
9398,0,3,3,9398,605411879,605457524,45645,4,2,1,0,0,0,0,2420,1,1
9399,0,3,4,9399,605472337,605518014,45677,4,2,1,0,0,0,0,2420,1,1
9400,0,3,4,9400,605532832,605585939,53107,5,3,1,0,0,0,0,2420,1,1
9401,0,3,3,9401,605600752,605638973,38221,3,1,1,0,0,0,0,2420,1,1
9402,0,3,4,9402,605653790,605717261,63471,6,2,3,0,0,0,0,2420,1,1
9403,0,3,3,9403,605732075,605770278,38203,3,1,1,0,0,0,0,2420,1,1
9404,0,3,3,9404,605785095,605862096,77001,8,5,2,0,0,0,0,2420,1,1
9405,0,3,2,9405,605876913,605924193,47280,4,2,0,0,1,0,0,2420,1,1
9406,0,3,3,9406,605939002,605996531,57529,5,0,4,0,0,0,0,2420,1,1
9407,0,3,0,9407,606011344,606033192,21848,1,0,0,0,0,0,0,2420,1,1
9408,0,3,2,9408,606048013,606069840,21827,1,0,0,0,0,0,0,2420,1,1
9409,0,3,1,9409,606084657,606122886,38229,3,1,1,0,0,0,0,2420,1,1
9410,0,3,4,9410,606137707,606168466,30759,2,0,1,0,0,0,0,2420,1,1
9411,0,3,4,9411,606183283,606234937,51654,5,4,0,0,0,0,0,2420,1,1
9412,0,3,0,9412,606249749,606350577,100828,11,7,3,0,0,0,0,2420,1,1
9413,0,3,4,9413,606365406,606434898,69492,7,4,2,0,0,0,0,2420,1,1
9414,0,3,4,9414,606449711,606581800,132089,15,10,4,0,0,0,0,2420,1,1
9415,0,3,4,9415,606596621,606643734,47113,4,1,2,0,0,0,0,2420,1,1
9416,0,3,0,9416,606658551,606713181,54630,5,2,2,0,0,0,0,2420,1,1
9417,0,3,3,9417,606728002,606807881,79879,8,3,4,0,0,0,0,2420,1,1
9418,0,3,0,9418,606822695,606844542,21847,1,0,0,0,0,0,0,2420,1,1
9419,0,3,0,9419,606859363,606888676,29313,2,1,0,0,0,0,0,2420,1,1
9420,0,3,4,9420,606903501,607029640,126139,14,8,5,0,0,0,0,2420,1,1
9421,0,3,0,9421,607044461,607076841,32380,2,0,0,0,1,0,0,2420,1,1
9422,0,3,4,9422,607091658,607129868,38210,3,1,1,0,0,0,0,2420,1,1
9423,0,3,4,9423,607144685,607221663,76978,8,5,2,0,0,0,0,2420,1,1
9424,0,3,4,9424,607236481,607258308,21827,1,0,0,0,0,0,0,2420,1,1
9425,0,3,1,9425,607273123,607333784,60661,6,4,1,0,0,0,0,2420,1,1
9426,0,3,0,9426,607348606,607385372,36766,3,2,0,0,0,0,0,2420,1,1
9427,0,3,1,9427,607400193,607436963,36770,3,2,0,0,0,0,0,2420,1,1
9428,0,3,2,9428,607451784,607481064,29280,2,1,0,0,0,0,0,2420,1,1
9429,0,3,4,9429,607495881,607526615,30734,2,0,1,0,0,0,0,2420,1,1
9430,0,3,0,9430,607541428,607585661,44233,4,3,0,0,0,0,0,2420,1,1
9431,0,3,2,9431,607600483,607638680,38197,3,1,1,0,0,0,0,2420,1,1
9432,0,3,3,9432,607653497,607700608,47111,4,1,2,0,0,0,0,2420,1,1
9433,0,3,1,9433,607715425,607753635,38210,3,1,1,0,0,0,0,2420,1,1
9434,0,3,4,9434,607768457,607799193,30736,2,0,1,0,0,0,0,2420,1,1
9435,0,3,3,9435,607814011,607868621,54610,5,2,2,0,0,0,0,2420,1,1
9436,0,3,1,9436,607883438,607905281,21843,1,0,0,0,0,0,0,2420,1,1
9437,0,3,2,9437,607920102,607949383,29281,2,1,0,0,0,0,0,2420,1,1
9438,0,3,0,9438,607964200,607986043,21843,1,0,0,0,0,0,0,2420,1,1
9439,0,3,4,9439,608000863,608045113,44250,4,3,0,0,0,0,0,2420,1,1
9440,0,3,1,9440,608059926,608217376,157450,18,11,6,0,0,0,0,2420,1,1
9441,0,3,2,9441,608232202,608254034,21832,1,0,0,0,0,0,0,2420,1,1
9442,0,3,1,9442,608268848,608299611,30763,2,0,1,0,0,0,0,2420,1,1
9443,0,3,3,9443,608314437,608336264,21827,1,0,0,0,0,0,0,2420,1,1
9444,0,3,0,9444,608351077,608372924,21847,1,0,0,0,0,0,0,2420,1,1
9445,0,3,3,9445,608387745,608446938,59193,6,5,0,0,0,0,0,2420,1,1
9446,0,3,0,9446,608461751,608483599,21848,1,0,0,0,0,0,0,2420,1,1
9447,0,3,2,9447,608498420,608535156,36736,3,2,0,0,0,0,0,2420,1,1
9448,0,3,3,9448,608549973,608588199,38226,3,1,1,0,0,0,0,2420,1,1
9449,0,3,2,9449,608603016,608663609,60593,6,4,1,0,0,0,0,2420,1,1
9450,0,3,4,9450,608678422,608707708,29286,2,1,0,0,0,0,0,2420,1,1
9451,0,3,0,9451,608722521,608751850,29329,2,1,0,0,0,0,0,2420,1,1
9452,0,3,0,9452,608766675,608810910,44235,4,3,0,0,0,0,0,2420,1,1
9453,0,3,3,9453,608825735,608872886,47151,4,1,2,0,0,0,0,2420,1,1
9454,0,3,2,9454,608887699,608954356,66657,7,6,0,0,0,0,0,2420,1,1
9455,0,3,0,9455,608969169,609005950,36781,3,2,0,0,0,0,0,2420,1,1
9456,0,3,2,9456,609020771,609082829,62058,6,3,2,0,0,0,0,2420,1,1
9457,0,3,0,9457,609097643,609152254,54611,5,2,2,0,0,0,0,2420,1,1
9458,0,3,1,9458,609167079,609252976,85897,9,5,3,0,0,0,0,2420,1,1
9459,0,3,4,9459,609267797,609346209,78412,8,4,3,0,0,0,0,2420,1,1
9460,0,3,1,9460,609361022,609476755,115733,13,9,3,0,0,0,0,2420,1,1
9461,0,3,2,9461,609491578,609513409,21831,1,0,0,0,0,0,0,2420,1,1
9462,0,3,3,9462,609528223,609550051,21828,1,0,0,0,0,0,0,2420,1,1
9463,0,3,1,9463,609564868,609604532,39664,3,0,2,0,0,0,0,2420,1,1
9464,0,3,2,9464,609619352,609739406,120054,13,6,6,0,0,0,0,2420,1,1
9465,0,3,4,9465,609754226,609799895,45669,4,2,1,0,0,0,0,2420,1,1
9466,0,3,2,9466,609814712,609878204,63492,6,2,3,0,0,0,0,2420,1,1
9467,0,3,4,9467,609893019,609922328,29309,2,1,0,0,0,0,0,2420,1,1
9468,0,3,2,9468,609937145,609958973,21828,1,0,0,0,0,0,0,2420,1,1
9469,0,3,2,9469,609973790,610046185,72395,7,2,4,0,0,0,0,2420,1,1
9470,0,3,0,9470,610060998,610199114,138116,16,12,3,0,0,0,0,2420,1,1
9471,0,3,0,9471,610213944,610313323,99379,11,8,2,0,0,0,0,2420,1,1
9472,0,3,3,9472,610328146,610387282,59136,6,5,0,0,0,0,0,2420,1,1
9473,0,3,3,9473,610402095,610440289,38194,3,1,1,0,0,0,0,2420,1,1
9474,0,3,0,9474,610455107,610494786,39679,3,0,2,0,0,0,0,2420,1,1
9475,0,3,2,9475,610509608,610547841,38233,3,1,1,0,0,0,0,2420,1,1
9476,0,3,3,9476,610562654,610584483,21829,1,0,0,0,0,0,0,2420,1,1
9477,0,3,2,9477,610599296,610621123,21827,1,0,0,0,0,0,0,2420,1,1
9478,0,3,3,9478,610635941,610674186,38245,3,1,1,0,0,0,0,2420,1,1
9479,0,3,1,9479,610689000,610783811,94811,10,5,4,0,0,0,0,2420,1,1
9480,0,3,3,9480,610798638,610869607,70969,7,3,3,0,0,0,0,2420,1,1
9481,0,3,4,9481,610884425,610915189,30764,2,0,1,0,0,0,0,2420,1,1
9482,0,3,4,9482,610930002,610959288,29286,2,1,0,0,0,0,0,2420,1,1
9483,0,3,3,9483,610974105,611004847,30742,2,0,1,0,0,0,0,2420,1,1
9484,0,3,3,9484,611019661,611041489,21828,1,0,0,0,0,0,0,2420,1,1
9485,0,3,3,9485,611056306,611127232,70926,7,3,3,0,0,0,0,2420,1,1
9486,0,3,2,9486,611142046,611254908,112862,12,6,4,0,1,0,0,2420,1,1
9487,0,3,3,9487,611269720,611321425,51705,5,4,0,0,0,0,0,2420,1,1
9488,0,3,4,9488,611336242,611446058,109816,12,7,4,0,0,0,0,2420,1,1
9489,0,3,2,9489,611460874,611564671,103797,11,5,5,0,0,0,0,2420,1,1
9490,0,3,3,9490,611579486,611601314,21828,1,0,0,0,0,0,0,2420,1,1
9491,0,3,0,9491,611616132,611645438,29306,2,1,0,0,0,0,0,2420,1,1
9492,0,3,3,9492,611660260,611682086,21826,1,0,0,0,0,0,0,2420,1,1
9493,0,3,4,9493,611696904,611741101,44197,4,3,0,0,0,0,0,2420,1,1
9494,0,3,1,9494,611755918,611777761,21843,1,0,0,0,0,0,0,2420,1,1
9495,0,3,0,9495,611792582,611821883,29301,2,1,0,0,0,0,0,2420,1,1
9496,0,3,3,9496,611836708,611866005,29297,2,1,0,0,0,0,0,2420,1,1
9497,0,3,4,9497,611880818,611911549,30731,2,0,1,0,0,0,0,2420,1,1
9498,0,3,2,9498,611926367,611948194,21827,1,0,0,0,0,0,0,2420,1,1
9499,0,3,2,9499,611963011,611984839,21828,1,0,0,0,0,0,0,2420,1,1
9500,0,3,1,9500,611999652,612021496,21844,1,0,0,0,0,0,0,2420,1,1
9501,0,3,2,9501,612036320,612082003,45683,4,2,1,0,0,0,0,2420,1,1
9502,0,3,3,9502,612096820,612126101,29281,2,1,0,0,0,0,0,2420,1,1
9503,0,3,0,9503,612140914,612186596,45682,4,2,1,0,0,0,0,2420,1,1
9504,0,3,2,9504,612201418,612232159,30741,2,0,1,0,0,0,0,2420,1,1
9505,0,3,4,9505,612246976,612307600,60624,6,4,1,0,0,0,0,2420,1,1
9506,0,3,2,9506,612322414,612351708,29294,2,1,0,0,0,0,0,2420,1,1
9507,0,3,2,9507,612366525,612397291,30766,2,0,1,0,0,0,0,2420,1,1
9508,0,3,0,9508,612412104,612442864,30760,2,0,1,0,0,0,0,2420,1,1
9509,0,3,2,9509,612457684,612707493,249809,29,15,13,0,0,0,0,2420,1,1
9510,0,3,4,9510,612722313,612751620,29307,2,1,0,0,0,0,0,2420,1,1
9511,0,3,4,9511,612766437,612846301,79864,8,3,4,0,0,0,0,2420,1,1
9512,0,3,3,9512,612861118,612900785,39667,3,0,2,0,0,0,0,2420,1,1
9513,0,3,4,9513,612915602,612979093,63491,6,2,3,0,0,0,0,2420,1,1
9514,0,3,2,9514,612993909,613015737,21828,1,0,0,0,0,0,0,2420,1,1
9515,0,3,1,9515,613030550,613059852,29302,2,1,0,0,0,0,0,2420,1,1
9516,0,3,1,9516,613074677,613103985,29308,2,1,0,0,0,0,0,2420,1,1
9517,0,3,4,9517,613118806,613140634,21828,1,0,0,0,0,0,0,2420,1,1
9518,0,3,0,9518,613155451,613211509,56058,5,1,3,0,0,0,0,2420,1,1
9519,0,3,1,9519,613226334,613341927,115593,12,3,8,0,0,0,0,2420,1,1
9520,0,3,2,9520,613356755,613378582,21827,1,0,0,0,0,0,0,2420,1,1
9521,0,3,4,9521,613393399,613430166,36767,3,2,0,0,0,0,0,2420,1,1
9522,0,3,2,9522,613444984,613481755,36771,3,2,0,0,0,0,0,2420,1,1
9523,0,3,2,9523,613496571,613592764,96193,10,4,5,0,0,0,0,2420,1,1
9524,0,3,3,9524,613607579,613660698,53119,5,3,1,0,0,0,0,2420,1,1
9525,0,3,4,9525,613675515,613712285,36770,3,2,0,0,0,0,0,2420,1,1
9526,0,3,3,9526,613727102,613756411,29309,2,1,0,0,0,0,0,2420,1,1
9527,0,3,2,9527,613771224,613793055,21831,1,0,0,0,0,0,0,2420,1,1
9528,0,3,2,9528,613807869,613829697,21828,1,0,0,0,0,0,0,2420,1,1
9529,0,3,3,9529,613844516,613866343,21827,1,0,0,0,0,0,0,2420,1,1
9530,0,3,2,9530,613881156,613971612,90456,10,8,1,0,0,0,0,2420,1,1
9531,0,3,3,9531,613986432,614015709,29277,2,1,0,0,0,0,0,2420,1,1
9532,0,3,1,9532,614030522,614052365,21843,1,0,0,0,0,0,0,2420,1,1
9533,0,3,1,9533,614067190,614105389,38199,3,1,1,0,0,0,0,2420,1,1
9534,0,3,3,9534,614120210,614274785,154575,18,13,4,0,0,0,0,2420,1,1
9535,0,3,2,9535,614289603,614318886,29283,2,1,0,0,0,0,0,2420,1,1
9536,0,3,4,9536,614333703,614379350,45647,4,2,1,0,0,0,0,2420,1,1
9537,0,3,0,9537,614394167,614441316,47149,4,1,2,0,0,0,0,2420,1,1
9538,0,3,2,9538,614456142,614494360,38218,3,1,1,0,0,0,0,2420,1,1
9539,0,3,1,9539,614509173,614539937,30764,2,0,1,0,0,0,0,2420,1,1
9540,0,3,0,9540,614554762,614576605,21843,1,0,0,0,0,0,0,2420,1,1
9541,0,3,3,9541,614591426,614628174,36748,3,2,0,0,0,0,0,2420,1,1
9542,0,3,3,9542,614642988,614664815,21827,1,0,0,0,0,0,0,2420,1,1
9543,0,3,4,9543,614679628,614708907,29279,2,1,0,0,0,0,0,2420,1,1
9544,0,3,1,9544,614723728,614745571,21843,1,0,0,0,0,0,0,2420,1,1
9545,0,3,2,9545,614760391,614837358,76967,8,5,2,0,0,0,0,2420,1,1
9546,0,3,4,9546,614852171,614874003,21832,1,0,0,0,0,0,0,2420,1,1
9547,0,3,0,9547,614888816,614918120,29304,2,1,0,0,0,0,0,2420,1,1
9548,0,3,3,9548,614932941,614962216,29275,2,1,0,0,0,0,0,2420,1,1
9549,0,3,4,9549,614977033,615007766,30733,2,0,1,0,0,0,0,2420,1,1
9550,0,3,1,9550,615022579,615051892,29313,2,1,0,0,0,0,0,2420,1,1
9551,0,3,0,9551,615066717,615103483,36766,3,2,0,0,0,0,0,2420,1,1
9552,0,3,3,9552,615118304,615226580,108276,12,8,3,0,0,0,0,2420,1,1
9553,0,3,4,9553,615241396,615263228,21832,1,0,0,0,0,0,0,2420,1,1
9554,0,3,2,9554,615278040,615308799,30759,2,0,1,0,0,0,0,2420,1,1
9555,0,3,0,9555,615323617,615390228,66611,6,1,3,0,1,0,0,2420,1,1
9556,0,3,4,9556,615405050,615450726,45676,4,2,1,0,0,0,0,2420,1,1
9557,0,3,0,9557,615465543,615487386,21843,1,0,0,0,0,0,0,2420,1,1
9558,0,3,2,9558,615502207,615532974,30767,2,0,1,0,0,0,0,2420,1,1
9559,0,3,4,9559,615547787,615569615,21828,1,0,0,0,0,0,0,2420,1,1
9560,0,3,3,9560,615584432,615606260,21828,1,0,0,0,0,0,0,2420,1,1
9561,0,3,1,9561,615621073,615687670,66597,7,6,0,0,0,0,0,2420,1,1
9562,0,3,2,9562,615702491,615837462,134971,15,8,6,0,0,0,0,2420,1,1
9563,0,3,0,9563,615852281,615906867,54586,5,2,2,0,0,0,0,2420,1,1
9564,0,3,2,9564,615921688,615943520,21832,1,0,0,0,0,0,0,2420,1,1
9565,0,3,4,9565,615958333,616069460,111127,12,6,5,0,0,0,0,2420,1,1
9566,0,3,3,9566,616084280,616113571,29291,2,1,0,0,0,0,0,2420,1,1
9567,0,3,1,9567,616128385,616150228,21843,1,0,0,0,0,0,0,2420,1,1
9568,0,3,0,9568,616165053,616195811,30758,2,0,1,0,0,0,0,2420,1,1
9569,0,3,1,9569,616210632,616239936,29304,2,1,0,0,0,0,0,2420,1,1
9570,0,3,2,9570,616254761,616299002,44241,4,3,0,0,0,0,0,2420,1,1
9571,0,3,0,9571,616313820,616358043,44223,4,3,0,0,0,0,0,2420,1,1
9572,0,3,1,9572,616372868,616424579,51711,5,4,0,0,0,0,0,2420,1,1
9573,0,3,4,9573,616439400,616461228,21828,1,0,0,0,0,0,0,2420,1,1
9574,0,3,1,9574,616476045,616512826,36781,3,2,0,0,0,0,0,2420,1,1
9575,0,3,3,9575,616527646,616565850,38204,3,1,1,0,0,0,0,2420,1,1
9576,0,3,1,9576,616580667,616602510,21843,1,0,0,0,0,0,0,2420,1,1
9577,0,3,0,9577,616617335,616664493,47158,4,1,2,0,0,0,0,2420,1,1
9578,0,3,1,9578,616679315,616741356,62041,6,3,2,0,0,0,0,2420,1,1
9579,0,3,1,9579,616756180,616792961,36781,3,2,0,0,0,0,0,2420,1,1
9580,0,3,4,9580,616807782,616878772,70990,7,3,3,0,0,0,0,2420,1,1
9581,0,3,4,9581,616893590,616973452,79862,8,3,4,0,0,0,0,2420,1,1
9582,0,3,1,9582,616988265,617041414,53149,5,3,1,0,0,0,0,2420,1,1
9583,0,3,1,9583,617056239,617093041,36802,3,2,0,0,0,0,0,2420,1,1
9584,0,3,3,9584,617107861,617153529,45668,4,2,1,0,0,0,0,2420,1,1
9585,0,3,2,9585,617168342,617270581,102239,11,6,4,0,0,0,0,2420,1,1
9586,0,3,4,9586,617285401,617323606,38205,3,1,1,0,0,0,0,2420,1,1
9587,0,3,1,9587,617338419,617360263,21844,1,0,0,0,0,0,0,2420,1,1
9588,0,3,1,9588,617375088,617396931,21843,1,0,0,0,0,0,0,2420,1,1
9589,0,3,3,9589,617411753,617441067,29314,2,1,0,0,0,0,0,2420,1,1
9590,0,3,1,9590,617455883,617485192,29309,2,1,0,0,0,0,0,2420,1,1
9591,0,3,4,9591,617500013,617569521,69508,7,4,2,0,0,0,0,2420,1,1
9592,0,3,2,9592,617584338,617606164,21826,1,0,0,0,0,0,0,2420,1,1
9593,0,3,2,9593,617620977,617668060,47083,4,1,2,0,0,0,0,2420,1,1
9594,0,3,1,9594,617682877,617746433,63556,6,2,3,0,0,0,0,2420,1,1
9595,0,3,4,9595,617761253,617805461,44208,4,3,0,0,0,0,0,2420,1,1
9596,0,3,2,9596,617820274,617874910,54636,5,2,2,0,0,0,0,2420,1,1
9597,0,3,4,9597,617889722,617950260,60538,6,4,1,0,0,0,0,2420,1,1
9598,0,3,3,9598,617965078,617986905,21827,1,0,0,0,0,0,0,2420,1,1
9599,0,3,2,9599,618001718,618032449,30731,2,0,1,0,0,0,0,2420,1,1
9600,0,3,0,9600,618047266,618121131,73865,7,1,5,0,0,0,0,2420,1,1
9601,0,3,2,9601,618135957,618166702,30745,2,0,1,0,0,0,0,2420,1,1
9602,0,3,3,9602,618181514,618212273,30759,2,0,1,0,0,0,0,2420,1,1
9603,0,3,4,9603,618227090,618289170,62080,6,3,2,0,0,0,0,2420,1,1
9604,0,3,1,9604,618303987,618325830,21843,1,0,0,0,0,0,0,2420,1,1
9605,0,3,1,9605,618340651,618402689,62038,6,3,2,0,0,0,0,2420,1,1
9606,0,3,1,9606,618417514,618454279,36765,3,2,0,0,0,0,0,2420,1,1
9607,0,3,0,9607,618469100,618532590,63490,6,2,3,0,0,0,0,2420,1,1
9608,0,3,4,9608,618547420,618584166,36746,3,2,0,0,0,0,0,2420,1,1
9609,0,3,1,9609,618598979,618769909,170930,20,14,5,0,0,0,0,2420,1,1
9610,0,3,0,9610,618784739,618814050,29311,2,1,0,0,0,0,0,2420,1,1
9611,0,3,0,9611,618828872,618874568,45696,4,2,1,0,0,0,0,2420,1,1
9612,0,3,2,9612,618889389,618911216,21827,1,0,0,0,0,0,0,2420,1,1
9613,0,3,2,9613,618926034,618947861,21827,1,0,0,0,0,0,0,2420,1,1
9614,0,3,0,9614,618962674,618984519,21845,1,0,0,0,0,0,0,2420,1,1
9615,0,3,2,9615,618999339,619037575,38236,3,1,1,0,0,0,0,2420,1,1
9616,0,3,3,9616,619052388,619074220,21832,1,0,0,0,0,0,0,2420,1,1
9617,0,3,4,9617,619089033,619136168,47135,4,1,2,0,0,0,0,2420,1,1
9618,0,3,0,9618,619150980,619181759,30779,2,0,1,0,0,0,0,2420,1,1
9619,0,3,1,9619,619196583,619316728,120145,13,6,6,0,0,0,0,2420,1,1
9620,0,3,2,9620,619331551,619397957,66406,6,0,5,0,0,0,0,2420,1,1
9621,0,3,3,9621,619412775,619434602,21827,1,0,0,0,0,0,0,2420,1,1
9622,0,3,1,9622,619449415,619471258,21843,1,0,0,0,0,0,0,2420,1,1
9623,0,3,2,9623,619486083,619545255,59172,6,5,0,0,0,0,0,2420,1,1
9624,0,3,3,9624,619560068,619589362,29294,2,1,0,0,0,0,0,2420,1,1
9625,0,3,2,9625,619604179,619626007,21828,1,0,0,0,0,0,0,2420,1,1
9626,0,3,1,9626,619640820,619719289,78469,8,4,3,0,0,0,0,2420,1,1
9627,0,3,4,9627,619734114,619948002,213888,24,9,14,0,0,0,0,2420,1,1
9628,0,3,1,9628,619962824,620001048,38224,3,1,1,0,0,0,0,2420,1,1
9629,0,3,2,9629,620015874,620037701,21827,1,0,0,0,0,0,0,2420,1,1
9630,0,3,3,9630,620052514,620089281,36767,3,2,0,0,0,0,0,2420,1,1
9631,0,3,2,9631,620104098,620148310,44212,4,3,0,0,0,0,0,2420,1,1
9632,0,3,0,9632,620163123,620192434,29311,2,1,0,0,0,0,0,2420,1,1
9633,0,3,4,9633,620207258,620267891,60633,6,4,1,0,0,0,0,2420,1,1
9634,0,3,4,9634,620282704,620334362,51658,5,4,0,0,0,0,0,2420,1,1
9635,0,3,3,9635,620349175,620371002,21827,1,0,0,0,0,0,0,2420,1,1
9636,0,3,3,9636,620385820,620424022,38202,3,1,1,0,0,0,0,2420,1,1
9637,0,3,4,9637,620438835,620584286,145451,16,7,8,0,0,0,0,2420,1,1
9638,0,3,2,9638,620599102,620661158,62056,6,3,2,0,0,0,0,2420,1,1
9639,0,3,3,9639,620675975,620721630,45655,4,2,1,0,0,0,0,2420,1,1
9640,0,3,4,9640,620736451,620780647,44196,4,3,0,0,0,0,0,2420,1,1
9641,0,3,4,9641,620795465,620824753,29288,2,1,0,0,0,0,0,2420,1,1
9642,0,3,0,9642,620839566,620919427,79861,8,3,4,0,0,0,0,2420,1,1
9643,0,3,1,9643,620934253,620964996,30743,2,0,1,0,0,0,0,2420,1,1
9644,0,3,4,9644,620979817,621019489,39672,3,0,2,0,0,0,0,2420,1,1
9645,0,3,3,9645,621034306,621056132,21826,1,0,0,0,0,0,0,2420,1,1
9646,0,3,2,9646,621070945,621170368,99423,11,8,2,0,0,0,0,2420,1,1
9647,0,3,1,9647,621185187,621214482,29295,2,1,0,0,0,0,0,2420,1,1
9648,0,3,2,9648,621229303,621251130,21827,1,0,0,0,0,0,0,2420,1,1
9649,0,3,0,9649,621265948,621287791,21843,1,0,0,0,0,0,0,2420,1,1
9650,0,3,1,9650,621302612,621340815,38203,3,1,1,0,0,0,0,2420,1,1
9651,0,3,1,9651,621355640,621416272,60632,6,4,1,0,0,0,0,2420,1,1
9652,0,3,0,9652,621431093,621460409,29316,2,1,0,0,0,0,0,2420,1,1
9653,0,3,1,9653,621475234,621497077,21843,1,0,0,0,0,0,0,2420,1,1
9654,0,3,2,9654,621511898,621533730,21832,1,0,0,0,0,0,0,2420,1,1
9655,0,3,0,9655,621548543,621595696,47153,4,1,2,0,0,0,0,2420,1,1
9656,0,3,3,9656,621610517,621632344,21827,1,0,0,0,0,0,0,2420,1,1
9657,0,3,4,9657,621647161,621677908,30747,2,0,1,0,0,0,0,2420,1,1
9658,0,3,4,9658,621692721,621762220,69499,7,4,2,0,0,0,0,2420,1,1
9659,0,3,2,9659,621777036,621815236,38200,3,1,1,0,0,0,0,2420,1,1
9660,0,3,0,9660,621830049,621859348,29299,2,1,0,0,0,0,0,2420,1,1
9661,0,3,1,9661,621874173,621896016,21843,1,0,0,0,0,0,0,2420,1,1
9662,0,3,2,9662,621910837,621996672,85835,9,5,3,0,0,0,0,2420,1,1
9663,0,3,1,9663,622011485,622073596,62111,6,3,2,0,0,0,0,2420,1,1
9664,0,3,2,9664,622088418,622117694,29276,2,1,0,0,0,0,0,2420,1,1
9665,0,3,4,9665,622132508,622191677,59169,6,5,0,0,0,0,0,2420,1,1
9666,0,3,0,9666,622206494,622341526,135032,15,8,6,0,0,0,0,2420,1,1
9667,0,3,2,9667,622356354,622378181,21827,1,0,0,0,0,0,0,2420,1,1
9668,0,3,2,9668,622392996,622496760,103764,11,5,5,0,0,0,0,2420,1,1
9669,0,3,4,9669,622511576,622549765,38189,3,1,1,0,0,0,0,2420,1,1
9670,0,3,0,9670,622564583,622593883,29300,2,1,0,0,0,0,0,2420,1,1
9671,0,3,1,9671,622608703,622630546,21843,1,0,0,0,0,0,0,2420,1,1
9672,0,3,0,9672,622645375,622719264,73889,7,1,5,0,0,0,0,2420,1,1
9673,0,3,1,9673,622734088,622796158,62070,6,3,2,0,0,0,0,2420,1,1
9674,0,3,2,9674,622810979,622856634,45655,4,2,1,0,0,0,0,2420,1,1
9675,0,3,2,9675,622871447,622893278,21831,1,0,0,0,0,0,0,2420,1,1
9676,0,3,0,9676,622908092,622937405,29313,2,1,0,0,0,0,0,2420,1,1
9677,0,3,1,9677,622952226,622982977,30751,2,0,1,0,0,0,0,2420,1,1
9678,0,3,4,9678,622997799,623050945,53146,5,3,1,0,0,0,0,2420,1,1
9679,0,3,4,9679,623065763,623111450,45687,4,2,1,0,0,0,0,2420,1,1
9680,0,3,2,9680,623126267,623213614,87347,9,4,4,0,0,0,0,2420,1,1
9681,0,3,3,9681,623228428,623259159,30731,2,0,1,0,0,0,0,2420,1,1
9682,0,3,2,9682,623273977,623303276,29299,2,1,0,0,0,0,0,2420,1,1
9683,0,3,1,9683,623318090,623339931,21841,1,0,0,0,0,0,0,2420,1,1
9684,0,3,1,9684,623354757,623384079,29322,2,1,0,0,0,0,0,2420,1,1
9685,0,3,3,9685,623398900,623428209,29309,2,1,0,0,0,0,0,2420,1,1
9686,0,3,3,9686,623443023,623543641,100618,10,1,8,0,0,0,0,2420,1,1
9687,0,3,0,9687,623558458,623580301,21843,1,0,0,0,0,0,0,2420,1,1
9688,0,3,0,9688,623595126,623616969,21843,1,0,0,0,0,0,0,2420,1,1
9689,0,3,3,9689,623631790,623699828,68038,7,5,1,0,0,0,0,2420,1,1
9690,0,3,3,9690,623714645,623736473,21828,1,0,0,0,0,0,0,2420,1,1
9691,0,3,3,9691,623751286,623825351,74065,8,7,0,0,0,0,0,2420,1,1
9692,0,3,3,9692,623840164,623878386,38222,3,1,1,0,0,0,0,2420,1,1
9693,0,3,3,9693,623893203,623915031,21828,1,0,0,0,0,0,0,2420,1,1
9694,0,3,4,9694,623929844,623975550,45706,4,2,1,0,0,0,0,2420,1,1
9695,0,3,2,9695,623990363,624012190,21827,1,0,0,0,0,0,0,2420,1,1
9696,0,3,4,9696,624027007,624099459,72452,7,2,4,0,0,0,0,2420,1,1
9697,0,3,1,9697,624114276,624159967,45691,4,2,1,0,0,0,0,2420,1,1
9698,0,3,3,9698,624174792,624221906,47114,4,1,2,0,0,0,0,2420,1,1
9699,0,3,2,9699,624236723,624267459,30736,2,0,1,0,0,0,0,2420,1,1
9700,0,3,3,9700,624282274,624336822,54548,5,2,2,0,0,0,0,2420,1,1
9701,0,3,4,9701,624351636,624406242,54606,5,2,2,0,0,0,0,2420,1,1
9702,0,3,3,9702,624421055,624442887,21832,1,0,0,0,0,0,0,2420,1,1
9703,0,3,4,9703,624457700,624479527,21827,1,0,0,0,0,0,0,2420,1,1
9704,0,3,3,9704,624494349,624626350,132001,14,5,7,0,1,0,0,2420,1,1
9705,0,3,0,9705,624641162,624719623,78461,8,4,3,0,0,0,0,2420,1,1
9706,0,3,1,9706,624734449,624763754,29305,2,1,0,0,0,0,0,2420,1,1
9707,0,3,2,9707,624778575,624816795,38220,3,1,1,0,0,0,0,2420,1,1
9708,0,3,4,9708,624831608,624862345,30737,2,0,1,0,0,0,0,2420,1,1
9709,0,3,1,9709,624877162,624933244,56082,5,1,3,0,0,0,0,2420,1,1
9710,0,3,0,9710,624948065,625010182,62117,6,3,2,0,0,0,0,2420,1,1
9711,0,3,1,9711,625025007,625093097,68090,7,5,1,0,0,0,0,2420,1,1
9712,0,3,1,9712,625107918,625163994,56076,5,1,3,0,0,0,0,2420,1,1
9713,0,3,3,9713,625178815,625200643,21828,1,0,0,0,0,0,0,2420,1,1
9714,0,3,1,9714,625215462,625244755,29293,2,1,0,0,0,0,0,2420,1,1
9715,0,3,3,9715,625259576,625303810,44234,4,3,0,0,0,0,0,2420,1,1
9716,0,3,3,9716,625318623,625407491,88868,9,3,5,0,0,0,0,2420,1,1
9717,0,3,3,9717,625422305,625444137,21832,1,0,0,0,0,0,0,2420,1,1
9718,0,3,0,9718,625458950,625480793,21843,1,0,0,0,0,0,0,2420,1,1
9719,0,3,0,9719,625495618,625544214,48596,4,0,3,0,0,0,0,2420,1,1
9720,0,3,3,9720,625559035,625618204,59169,6,5,0,0,0,0,0,2420,1,1
9721,0,3,4,9721,625633019,625705451,72432,7,2,4,0,0,0,0,2420,1,1
9722,0,3,3,9722,625720264,625783777,63513,6,2,3,0,0,0,0,2420,1,1
9723,0,3,2,9723,625798590,625884478,85888,9,5,3,0,0,0,0,2420,1,1
9724,0,3,4,9724,625899291,625944951,45660,4,2,1,0,0,0,0,2420,1,1
9725,0,3,1,9725,625959764,626029267,69503,7,4,2,0,0,0,0,2420,1,1
9726,0,3,1,9726,626044092,626149431,105339,11,5,4,0,1,0,0,2420,1,1
9727,0,3,4,9727,626164255,626232324,68069,7,5,1,0,0,0,0,2420,1,1
9728,0,3,1,9728,626247142,626365860,118718,13,7,5,0,0,0,0,2420,1,1
9729,0,3,0,9729,626380684,626402528,21844,1,0,0,0,0,0,0,2420,1,1
9730,0,3,4,9730,626417353,626448089,30736,2,0,1,0,0,0,0,2420,1,1
9731,0,3,1,9731,626462905,626484749,21844,1,0,0,0,0,0,0,2420,1,1
9732,0,3,0,9732,626499570,626530320,30750,2,0,1,0,0,0,0,2420,1,1
9733,0,3,0,9733,626545146,626622116,76970,8,5,2,0,0,0,0,2420,1,1
9734,0,3,3,9734,626636941,626658768,21827,1,0,0,0,0,0,0,2420,1,1
9735,0,3,4,9735,626673585,626719244,45659,4,2,1,0,0,0,0,2420,1,1
9736,0,3,0,9736,626734065,626813912,79847,8,3,4,0,0,0,0,2420,1,1
9737,0,3,4,9737,626828733,626858036,29303,2,1,0,0,0,0,0,2420,1,1
9738,0,3,3,9738,626872852,626911049,38197,3,1,1,0,0,0,0,2420,1,1
9739,0,3,4,9739,626925867,626965517,39650,3,0,2,0,0,0,0,2420,1,1
9740,0,3,4,9740,626980330,627025998,45668,4,2,1,0,0,0,0,2420,1,1
9741,0,3,3,9741,627040812,627093955,53143,5,3,1,0,0,0,0,2420,1,1
9742,0,3,2,9742,627108768,627146970,38202,3,1,1,0,0,0,0,2420,1,1
9743,0,3,1,9743,627161783,627183630,21847,1,0,0,0,0,0,0,2420,1,1
9744,0,3,2,9744,627198451,627259073,60622,6,4,1,0,0,0,0,2420,1,1
9745,0,3,0,9745,627273890,627322463,48573,4,0,3,0,0,0,0,2420,1,1
9746,0,3,1,9746,627337289,627384440,47151,4,1,2,0,0,0,0,2420,1,1
9747,0,3,4,9747,627399261,627459881,60620,6,4,1,0,0,0,0,2420,1,1
9748,0,3,1,9748,627474698,627520389,45691,4,2,1,0,0,0,0,2420,1,1
9749,0,3,4,9749,627535214,627583757,48543,4,0,3,0,0,0,0,2420,1,1
9750,0,3,3,9750,627598570,627620398,21828,1,0,0,0,0,0,0,2420,1,1
9751,0,3,3,9751,627635215,627689795,54580,5,2,2,0,0,0,0,2420,1,1
9752,0,3,1,9752,627704613,627742861,38248,3,1,1,0,0,0,0,2420,1,1
9753,0,3,3,9753,627757682,627779510,21828,1,0,0,0,0,0,0,2420,1,1
9754,0,3,2,9754,627794327,627833966,39639,3,0,2,0,0,0,0,2420,1,1
9755,0,3,4,9755,627848779,627895879,47100,4,1,2,0,0,0,0,2420,1,1
9756,0,3,4,9756,627910692,627971329,60637,6,4,1,0,0,0,0,2420,1,1
9757,0,3,3,9757,627986146,628066054,79908,8,3,4,0,0,0,0,2420,1,1
9758,0,3,3,9758,628080867,628187721,106854,12,9,2,0,0,0,0,2420,1,1
9759,0,3,0,9759,628202537,628231852,29315,2,1,0,0,0,0,0,2420,1,1
9760,0,3,0,9760,628246677,628275982,29305,2,1,0,0,0,0,0,2420,1,1
9761,0,3,4,9761,628290803,628320109,29306,2,1,0,0,0,0,0,2420,1,1
9762,0,3,0,9762,628334927,628483424,148497,17,11,5,0,0,0,0,2420,1,1
9763,0,3,1,9763,628498250,628596061,97811,10,3,6,0,0,0,0,2420,1,1
9764,0,3,3,9764,628610884,628641634,30750,2,0,1,0,0,0,0,2420,1,1
9765,0,3,0,9765,628656452,628687200,30748,2,0,1,0,0,0,0,2420,1,1
9766,0,3,2,9766,628702020,628829573,127553,14,7,6,0,0,0,0,2420,1,1
9767,0,3,3,9767,628844393,628873703,29310,2,1,0,0,0,0,0,2420,1,1
9768,0,3,2,9768,628888520,628925278,36758,3,2,0,0,0,0,0,2420,1,1
9769,0,3,4,9769,628940091,629026010,85919,9,5,3,0,0,0,0,2420,1,1
9770,0,3,1,9770,629040824,629144572,103748,11,5,5,0,0,0,0,2420,1,1
9771,0,3,3,9771,629159396,629190128,30732,2,0,1,0,0,0,0,2420,1,1
9772,0,3,2,9772,629204945,629266986,62041,6,3,2,0,0,0,0,2420,1,1
9773,0,3,4,9773,629281798,629303630,21832,1,0,0,0,0,0,0,2420,1,1
9774,0,3,1,9774,629318444,629405763,87319,9,4,4,0,0,0,0,2420,1,1
9775,0,3,4,9775,629420584,629475135,54551,5,2,2,0,0,0,0,2420,1,1
9776,0,3,1,9776,629489948,629520711,30763,2,0,1,0,0,0,0,2420,1,1
9777,0,3,4,9777,629535536,629557363,21827,1,0,0,0,0,0,0,2420,1,1
9778,0,3,2,9778,629572177,629608948,36771,3,2,0,0,0,0,0,2420,1,1
9779,0,3,4,9779,629623765,629749906,126141,14,8,5,0,0,0,0,2420,1,1
9780,0,3,1,9780,629764726,629802977,38251,3,1,1,0,0,0,0,2420,1,1
9781,0,3,3,9781,629817799,629839626,21827,1,0,0,0,0,0,0,2420,1,1
9782,0,3,4,9782,629854444,629885192,30748,2,0,1,0,0,0,0,2420,1,1
9783,0,3,2,9783,629900005,629959154,59149,6,5,0,0,0,0,0,2420,1,1
9784,0,3,4,9784,629973971,630065855,91884,10,7,2,0,0,0,0,2420,1,1
9785,0,3,2,9785,630080671,630139807,59136,6,5,0,0,0,0,0,2420,1,1
9786,0,3,2,9786,630154625,630176452,21827,1,0,0,0,0,0,0,2420,1,1
9787,0,3,2,9787,630191265,630213097,21832,1,0,0,0,0,0,0,2420,1,1
9788,0,3,4,9788,630227911,630377874,149963,17,10,6,0,0,0,0,2420,1,1
9789,0,3,0,9789,630392693,630523372,130679,15,11,3,0,0,0,0,2420,1,1
9790,0,3,4,9790,630538198,630560025,21827,1,0,0,0,0,0,0,2420,1,1
9791,0,3,3,9791,630574843,630619071,44228,4,3,0,0,0,0,0,2420,1,1
9792,0,3,4,9792,630633889,630694513,60624,6,4,1,0,0,0,0,2420,1,1
9793,0,3,4,9793,630709327,630746085,36758,3,2,0,0,0,0,0,2420,1,1
9794,0,3,2,9794,630760899,630791641,30742,2,0,1,0,0,0,0,2420,1,1
9795,0,3,1,9795,630806458,630917666,111208,12,6,5,0,0,0,0,2420,1,1
9796,0,3,1,9796,630932490,631033332,100842,11,7,3,0,0,0,0,2420,1,1
9797,0,3,1,9797,631048156,631069998,21842,1,0,0,0,0,0,0,2420,1,1
9798,0,3,4,9798,631084823,631169283,84460,9,6,2,0,0,0,0,2420,1,1
9799,0,3,4,9799,631184101,631262578,78477,8,4,3,0,0,0,0,2420,1,1
9800,0,3,3,9800,631277399,631315582,38183,3,1,1,0,0,0,0,2420,1,1
9801,0,3,1,9801,631330395,631359715,29320,2,1,0,0,0,0,0,2420,1,1
9802,0,3,1,9802,631374541,631421696,47155,4,1,2,0,0,0,0,2420,1,1
9803,0,3,0,9803,631436521,631467275,30754,2,0,1,0,0,0,0,2420,1,1
9804,0,3,2,9804,631482096,631581522,99426,11,8,2,0,0,0,0,2420,1,1
9805,0,3,1,9805,631596341,631667306,70965,7,3,3,0,0,0,0,2420,1,1
9806,0,3,4,9806,631682128,631769508,87380,9,4,4,0,0,0,0,2420,1,1
9807,0,3,0,9807,631784325,631830010,45685,4,2,1,0,0,0,0,2420,1,1
9808,0,3,0,9808,631844836,631914337,69501,7,4,2,0,0,0,0,2420,1,1
9809,0,3,0,9809,631929158,631967387,38229,3,1,1,0,0,0,0,2420,1,1
9810,0,3,4,9810,631982208,632069513,87305,9,4,4,0,0,0,0,2420,1,1
9811,0,3,1,9811,632084331,632153869,69538,7,4,2,0,0,0,0,2420,1,1
9812,0,3,1,9812,632168690,632205472,36782,3,2,0,0,0,0,0,2420,1,1
9813,0,3,0,9813,632220293,632312201,91908,10,7,2,0,0,0,0,2420,1,1
9814,0,3,2,9814,632327028,632356321,29293,2,1,0,0,0,0,0,2420,1,1
9815,0,3,3,9815,632371134,632392965,21831,1,0,0,0,0,0,0,2420,1,1
9816,0,3,1,9816,632407778,632429621,21843,1,0,0,0,0,0,0,2420,1,1
9817,0,3,2,9817,632444447,632466274,21827,1,0,0,0,0,0,0,2420,1,1
9818,0,3,0,9818,632481088,632526755,45667,4,2,1,0,0,0,0,2420,1,1
9819,0,3,1,9819,632541576,632570880,29304,2,1,0,0,0,0,0,2420,1,1
9820,0,3,4,9820,632585705,632622443,36738,3,2,0,0,0,0,0,2420,1,1
9821,0,3,0,9821,632637260,632688955,51695,5,4,0,0,0,0,0,2420,1,1
9822,0,3,1,9822,632703780,632742011,38231,3,1,1,0,0,0,0,2420,1,1
9823,0,3,0,9823,632756836,632827827,70991,7,3,3,0,0,0,0,2420,1,1
9824,0,3,2,9824,632842648,632895781,53133,5,3,1,0,0,0,0,2420,1,1
9825,0,3,1,9825,632910594,632948852,38258,3,1,1,0,0,0,0,2420,1,1
9826,0,3,4,9826,632963677,632994443,30766,2,0,1,0,0,0,0,2420,1,1
9827,0,3,1,9827,633009257,633063894,54637,5,2,2,0,0,0,0,2420,1,1
9828,0,3,1,9828,633078714,633116955,38241,3,1,1,0,0,0,0,2420,1,1
9829,0,3,1,9829,633131776,633186381,54605,5,2,2,0,0,0,0,2420,1,1
9830,0,3,4,9830,633201203,633237979,36776,3,2,0,0,0,0,0,2420,1,1
9831,0,3,1,9831,633252797,633290986,38189,3,1,1,0,0,0,0,2420,1,1
9832,0,3,3,9832,633305816,633366440,60624,6,4,1,0,0,0,0,2420,1,1
9833,0,3,0,9833,633381253,633425493,44240,4,3,0,0,0,0,0,2420,1,1
9834,0,3,2,9834,633440314,633542559,102245,11,6,4,0,0,0,0,2420,1,1
9835,0,3,0,9835,633557379,633619418,62039,6,3,2,0,0,0,0,2420,1,1
9836,0,3,3,9836,633634243,633720189,85946,9,5,3,0,0,0,0,2420,1,1
9837,0,3,2,9837,633735007,633774703,39696,3,0,2,0,0,0,0,2420,1,1
9838,0,3,4,9838,633789516,633811343,21827,1,0,0,0,0,0,0,2420,1,1
9839,0,3,3,9839,633826161,633864373,38212,3,1,1,0,0,0,0,2420,1,1
9840,0,3,0,9840,633879186,633981466,102280,11,6,4,0,0,0,0,2420,1,1
9841,0,3,3,9841,633996294,634018121,21827,1,0,0,0,0,0,0,2420,1,1
9842,0,3,4,9842,634032938,634077166,44228,4,3,0,0,0,0,0,2420,1,1
9843,0,3,4,9843,634091978,634113810,21832,1,0,0,0,0,0,0,2420,1,1
9844,0,3,0,9844,634128623,634207074,78451,8,4,3,0,0,0,0,2420,1,1
9845,0,3,1,9845,634221896,634251208,29312,2,1,0,0,0,0,0,2420,1,1
9846,0,3,1,9846,634266033,634287876,21843,1,0,0,0,0,0,0,2420,1,1
9847,0,3,2,9847,634302697,634363308,60611,6,4,1,0,0,0,0,2420,1,1
9848,0,3,4,9848,634378121,634399948,21827,1,0,0,0,0,0,0,2420,1,1
9849,0,3,1,9849,634414766,634436609,21843,1,0,0,0,0,0,0,2420,1,1
9850,0,3,2,9850,634451430,634473262,21832,1,0,0,0,0,0,0,2420,1,1
9851,0,3,0,9851,634488075,634585821,97746,10,3,6,0,0,0,0,2420,1,1
9852,0,3,0,9852,634600643,634629943,29300,2,1,0,0,0,0,0,2420,1,1
9853,0,3,1,9853,634644768,634690464,45696,4,2,1,0,0,0,0,2420,1,1
9854,0,3,0,9854,634705290,634749490,44200,4,3,0,0,0,0,0,2420,1,1
9855,0,3,4,9855,634764315,634786140,21825,1,0,0,0,0,0,0,2420,1,1
9856,0,3,2,9856,634800953,634831716,30763,2,0,1,0,0,0,0,2420,1,1
9857,0,3,2,9857,634846533,634868360,21827,1,0,0,0,0,0,0,2420,1,1
9858,0,3,0,9858,634883178,634912474,29296,2,1,0,0,0,0,0,2420,1,1
9859,0,3,0,9859,634927295,634956594,29299,2,1,0,0,0,0,0,2420,1,1
9860,0,3,3,9860,634971415,635098982,127567,14,7,6,0,0,0,0,2420,1,1
9861,0,3,0,9861,635113802,635135645,21843,1,0,0,0,0,0,0,2420,1,1
9862,0,3,3,9862,635150466,635211048,60582,6,4,1,0,0,0,0,2420,1,1
9863,0,3,0,9863,635225866,635295393,69527,7,4,2,0,0,0,0,2420,1,1
9864,0,3,1,9864,635310219,635341001,30782,2,0,1,0,0,0,0,2420,1,1
9865,0,3,0,9865,635355826,635400046,44220,4,3,0,0,0,0,0,2420,1,1
9866,0,3,2,9866,635414871,635476902,62031,6,3,2,0,0,0,0,2420,1,1
9867,0,3,0,9867,635491715,635522474,30759,2,0,1,0,0,0,0,2420,1,1
9868,0,3,1,9868,635537296,635608233,70937,7,3,3,0,0,0,0,2420,1,1
9869,0,3,0,9869,635623056,635667291,44235,4,3,0,0,0,0,0,2420,1,1
9870,0,3,0,9870,635682112,635815726,133614,15,9,5,0,0,0,0,2420,1,1
9871,0,3,1,9871,635830551,635867344,36793,3,2,0,0,0,0,0,2420,1,1
9872,0,3,4,9872,635882166,635903997,21831,1,0,0,0,0,0,0,2420,1,1
9873,0,3,0,9873,635918810,635965948,47138,4,1,2,0,0,0,0,2420,1,1
9874,0,3,3,9874,635980769,636011534,30765,2,0,1,0,0,0,0,2420,1,1
9875,0,3,2,9875,636026350,636072045,45695,4,2,1,0,0,0,0,2420,1,1
9876,0,3,1,9876,636086862,636116161,29299,2,1,0,0,0,0,0,2420,1,1
9877,0,3,3,9877,636130982,636152813,21831,1,0,0,0,0,0,0,2420,1,1
9878,0,3,3,9878,636167626,636214772,47146,4,1,2,0,0,0,0,2420,1,1
9879,0,3,4,9879,636229585,636260333,30748,2,0,1,0,0,0,0,2420,1,1
9880,0,3,3,9880,636275150,636335751,60601,6,4,1,0,0,0,0,2420,1,1
9881,0,3,3,9881,636350564,636379864,29300,2,1,0,0,0,0,0,2420,1,1
9882,0,3,0,9882,636394681,636425443,30762,2,0,1,0,0,0,0,2420,1,1
9883,0,3,2,9883,636440264,636536535,96271,10,4,5,0,0,0,0,2420,1,1
9884,0,3,3,9884,636551350,636588083,36733,3,2,0,0,0,0,0,2420,1,1
9885,0,3,3,9885,636602901,636624728,21827,1,0,0,0,0,0,0,2420,1,1
9886,0,3,3,9886,636639542,636685220,45678,4,2,1,0,0,0,0,2420,1,1
9887,0,3,3,9887,636700033,636721861,21828,1,0,0,0,0,0,0,2420,1,1
9888,0,3,2,9888,636736677,636774864,38187,3,1,1,0,0,0,0,2420,1,1
9889,0,3,2,9889,636789677,636811504,21827,1,0,0,0,0,0,0,2420,1,1
9890,0,3,2,9890,636826322,636848150,21828,1,0,0,0,0,0,0,2420,1,1
9891,0,3,0,9891,636862967,636893716,30749,2,0,1,0,0,0,0,2420,1,1
9892,0,3,4,9892,636908537,636930365,21828,1,0,0,0,0,0,0,2420,1,1
9893,0,3,3,9893,636945182,636984822,39640,3,0,2,0,0,0,0,2420,1,1
9894,0,3,4,9894,636999635,637030364,30729,2,0,1,0,0,0,0,2420,1,1
9895,0,3,1,9895,637045181,637067025,21844,1,0,0,0,0,0,0,2420,1,1
9896,0,3,4,9896,637081850,637103681,21831,1,0,0,0,0,0,0,2420,1,1
9897,0,3,0,9897,637118494,637162730,44236,4,3,0,0,0,0,0,2420,1,1
9898,0,3,4,9898,637177555,637206863,29308,2,1,0,0,0,0,0,2420,1,1
9899,0,3,0,9899,637221676,637273399,51723,5,4,0,0,0,0,0,2420,1,1
9900,0,3,2,9900,637288220,637310048,21828,1,0,0,0,0,0,0,2420,1,1
9901,0,3,4,9901,637324866,637363091,38225,3,1,1,0,0,0,0,2420,1,1
9902,0,3,0,9902,637377905,637423604,45699,4,2,1,0,0,0,0,2420,1,1
9903,0,3,1,9903,637438425,637548247,109822,12,7,4,0,0,0,0,2420,1,1
9904,0,3,4,9904,637563074,637668294,105220,11,4,6,0,0,0,0,2420,1,1
9905,0,3,2,9905,637683110,637764446,81336,8,2,5,0,0,0,0,2420,1,1
9906,0,3,2,9906,637779259,637824955,45696,4,2,1,0,0,0,0,2420,1,1
9907,0,3,2,9907,637839769,637876507,36738,3,2,0,0,0,0,0,2420,1,1
9908,0,3,0,9908,637891320,637920619,29299,2,1,0,0,0,0,0,2420,1,1
9909,0,3,0,9909,637935444,637964768,29324,2,1,0,0,0,0,0,2420,1,1
9910,0,3,1,9910,637979589,638050588,70999,7,3,3,0,0,0,0,2420,1,1
9911,0,3,1,9911,638065414,638087257,21843,1,0,0,0,0,0,0,2420,1,1
9912,0,3,2,9912,638102078,638131388,29310,2,1,0,0,0,0,0,2420,1,1
9913,0,3,4,9913,638146205,638184410,38205,3,1,1,0,0,0,0,2420,1,1
9914,0,3,1,9914,638199223,638349279,150056,17,10,6,0,0,0,0,2420,1,1
9915,0,3,4,9915,638364109,638385936,21827,1,0,0,0,0,0,0,2420,1,1
9916,0,3,1,9916,638400749,638491208,90459,10,8,1,0,0,0,0,2420,1,1
9917,0,3,4,9917,638506036,638527863,21827,1,0,0,0,0,0,0,2420,1,1
9918,0,3,3,9918,638542676,638580885,38209,3,1,1,0,0,0,0,2420,1,1
9919,0,3,1,9919,638595702,638625025,29323,2,1,0,0,0,0,0,2420,1,1
9920,0,3,2,9920,638639846,638693009,53163,5,3,1,0,0,0,0,2420,1,1
9921,0,3,0,9921,638707822,638793769,85947,9,5,3,0,0,0,0,2420,1,1
9922,0,3,1,9922,638808590,638845391,36801,3,2,0,0,0,0,0,2420,1,1
9923,0,3,1,9923,638860213,638914788,54575,5,2,2,0,0,0,0,2420,1,1
9924,0,3,2,9924,638929610,638967807,38197,3,1,1,0,0,0,0,2420,1,1
9925,0,3,2,9925,638982621,639004450,21829,1,0,0,0,0,0,0,2420,1,1
9926,0,3,0,9926,639019263,639072416,53153,5,3,1,0,0,0,0,2420,1,1
9927,0,3,2,9927,639087241,639132920,45679,4,2,1,0,0,0,0,2420,1,1
9928,0,3,3,9928,639147737,639185949,38212,3,1,1,0,0,0,0,2420,1,1
9929,0,3,0,9929,639200763,639288161,87398,9,4,4,0,0,0,0,2420,1,1
9930,0,3,1,9930,639302985,639324828,21843,1,0,0,0,0,0,0,2420,1,1
9931,0,3,2,9931,639339649,639370405,30756,2,0,1,0,0,0,0,2420,1,1
9932,0,3,3,9932,639385223,639423441,38218,3,1,1,0,0,0,0,2420,1,1
9933,0,3,3,9933,639438254,639467556,29302,2,1,0,0,0,0,0,2420,1,1
9934,0,3,3,9934,639482369,639513135,30766,2,0,1,0,0,0,0,2420,1,1
9935,0,3,0,9935,639527948,639591446,63498,6,2,3,0,0,0,0,2420,1,1
9936,0,3,4,9936,639606271,639644494,38223,3,1,1,0,0,0,0,2420,1,1
9937,0,3,1,9937,639659307,639681150,21843,1,0,0,0,0,0,0,2420,1,1
9938,0,3,0,9938,639695976,639717818,21842,1,0,0,0,0,0,0,2420,1,1
9939,0,3,0,9939,639732639,639796177,63538,6,2,3,0,0,0,0,2420,1,1
9940,0,3,3,9940,639810998,639840296,29298,2,1,0,0,0,0,0,2420,1,1
9941,0,3,4,9941,639855113,639957381,102268,11,6,4,0,0,0,0,2420,1,1
9942,0,3,1,9942,639972197,640105794,133597,15,9,5,0,0,0,0,2420,1,1
9943,0,3,1,9943,640120618,640212605,91987,10,7,2,0,0,0,0,2420,1,1
9944,0,3,1,9944,640227433,640290970,63537,6,2,3,0,0,0,0,2420,1,1
9945,0,3,4,9945,640305796,640364958,59162,6,5,0,0,0,0,0,2420,1,1
9946,0,3,3,9946,640379772,640425419,45647,4,2,1,0,0,0,0,2420,1,1
9947,0,3,2,9947,640440232,640469533,29301,2,1,0,0,0,0,0,2420,1,1
9948,0,3,1,9948,640484350,640515101,30751,2,0,1,0,0,0,0,2420,1,1
9949,0,3,3,9949,640529921,640575623,45702,4,2,1,0,0,0,0,2420,1,1
9950,0,3,0,9950,640590437,640612280,21843,1,0,0,0,0,0,0,2420,1,1
9951,0,3,1,9951,640627104,640704103,76999,8,5,2,0,0,0,0,2420,1,1
9952,0,3,4,9952,640718924,640740752,21828,1,0,0,0,0,0,0,2420,1,1
9953,0,3,0,9953,640755570,640777413,21843,1,0,0,0,0,0,0,2420,1,1
9954,0,3,3,9954,640792234,640829028,36794,3,2,0,0,0,0,0,2420,1,1
9955,0,3,2,9955,640843846,641035286,191440,21,6,14,0,0,0,0,2420,1,1
9956,0,3,4,9956,641050104,641143491,93387,10,6,3,0,0,0,0,2420,1,1
9957,0,3,4,9957,641158307,641180134,21827,1,0,0,0,0,0,0,2420,1,1
9958,0,3,1,9958,641194952,641224253,29301,2,1,0,0,0,0,0,2420,1,1
9959,0,3,0,9959,641239074,641308625,69551,7,4,2,0,0,0,0,2420,1,1
9960,0,3,0,9960,641323454,641354229,30775,2,0,1,0,0,0,0,2420,1,1
9961,0,3,0,9961,641369050,641416190,47140,4,1,2,0,0,0,0,2420,1,1
9962,0,3,1,9962,641431012,641493059,62047,6,3,2,0,0,0,0,2420,1,1
9963,0,3,2,9963,641507880,641529707,21827,1,0,0,0,0,0,0,2420,1,1
9964,0,3,0,9964,641544525,641679540,135015,15,8,6,0,0,0,0,2420,1,1
9965,0,3,2,9965,641694368,641716196,21828,1,0,0,0,0,0,0,2420,1,1
9966,0,3,3,9966,641731009,641769232,38223,3,1,1,0,0,0,0,2420,1,1
9967,0,3,4,9967,641784049,641887786,103737,11,5,5,0,0,0,0,2420,1,1
9968,0,3,0,9968,641902603,641924446,21843,1,0,0,0,0,0,0,2420,1,1
9969,0,3,2,9969,641939267,641978907,39640,3,0,2,0,0,0,0,2420,1,1
9970,0,3,4,9970,641993724,642055811,62087,6,3,2,0,0,0,0,2420,1,1
9971,0,3,2,9971,642070624,642146208,75584,8,6,1,0,0,0,0,2420,1,1
9972,0,3,4,9972,642161022,642282514,121492,13,5,7,0,0,0,0,2420,1,1
9973,0,3,4,9973,642297335,642336979,39644,3,0,2,0,0,0,0,2420,1,1
9974,0,3,2,9974,642351792,642391441,39649,3,0,2,0,0,0,0,2420,1,1
9975,0,3,4,9975,642406258,642435572,29314,2,1,0,0,0,0,0,2420,1,1
9976,0,3,1,9976,642450385,642504957,54572,5,2,2,0,0,0,0,2420,1,1
9977,0,3,4,9977,642519780,642565464,45684,4,2,1,0,0,0,0,2420,1,1
9978,0,3,4,9978,642580277,642633395,53118,5,3,1,0,0,0,0,2420,1,1
9979,0,3,3,9979,642648208,642670036,21828,1,0,0,0,0,0,0,2420,1,1
9980,0,3,2,9980,642684853,642733445,48592,4,0,3,0,0,0,0,2420,1,1
9981,0,3,4,9981,642748258,642793906,45648,4,2,1,0,0,0,0,2420,1,1
9982,0,3,4,9982,642808720,642830547,21827,1,0,0,0,0,0,0,2420,1,1
9983,0,3,4,9983,642845365,642883551,38186,3,1,1,0,0,0,0,2420,1,1
9984,0,3,4,9984,642898364,642920191,21827,1,0,0,0,0,0,0,2420,1,1
9985,0,3,2,9985,642935009,643007462,72453,7,2,4,0,0,0,0,2420,1,1
9986,0,3,3,9986,643022280,643118580,96300,10,4,5,0,0,0,0,2420,1,1
9987,0,3,2,9987,643133399,643162676,29277,2,1,0,0,0,0,0,2420,1,1
9988,0,3,3,9988,643177492,643199319,21827,1,0,0,0,0,0,0,2420,1,1
9989,0,3,2,9989,643214137,643244888,30751,2,0,1,0,0,0,0,2420,1,1
9990,0,3,4,9990,643259701,643296491,36790,3,2,0,0,0,0,0,2420,1,1
9991,0,3,4,9991,643311305,643349520,38215,3,1,1,0,0,0,0,2420,1,1
9992,0,3,1,9992,643364342,643401105,36763,3,2,0,0,0,0,0,2420,1,1
9993,0,3,4,9993,643415930,643446688,30758,2,0,1,0,0,0,0,2420,1,1
9994,0,3,0,9994,643461501,643498278,36777,3,2,0,0,0,0,0,2420,1,1
9995,0,3,2,9995,643513103,643534931,21828,1,0,0,0,0,0,0,2420,1,1
9996,0,3,0,9996,643549744,643601444,51700,5,4,0,0,0,0,0,2420,1,1
9997,0,3,2,9997,643616270,643791577,175307,20,11,8,0,0,0,0,2420,1,1
9998,0,3,3,9998,643806399,643835691,29292,2,1,0,0,0,0,0,2420,1,1
9999,0,3,1,9999,643850504,643879801,29297,2,1,0,0,0,0,0,2420,1,1
